elapsed_sec,pitch_accel,pitch_gyro,pitch_kalman,roll_accel,roll_gyro,roll_kalman
3.89,1.573,0.000,0.051,4.198,0.000,0.136
3.90,1.408,-0.002,0.133,4.305,0.001,0.393
3.91,1.688,-0.004,0.266,4.126,0.001,0.716
3.92,1.764,-0.002,0.427,3.914,0.002,1.060
3.93,1.636,-0.002,0.576,4.221,0.002,1.449
3.94,1.780,-0.005,0.737,4.218,0.003,1.825
3.95,1.698,-0.006,0.875,4.298,0.003,2.181
3.96,1.397,-0.005,0.954,4.253,0.005,2.496
3.97,1.643,-0.004,1.062,4.235,0.006,2.768
3.98,1.371,-0.004,1.111,3.924,0.006,2.951
3.99,1.599,-0.005,1.189,4.297,0.005,3.168
4.00,1.486,-0.004,1.238,4.291,0.006,3.351
4.01,1.507,-0.003,1.283,4.279,0.007,3.504
4.02,1.727,-0.002,1.357,4.136,0.008,3.609
4.03,1.595,-0.001,1.397,4.146,0.007,3.697
4.04,1.322,-0.001,1.384,4.360,0.005,3.806
4.05,1.710,-0.000,1.439,4.347,0.006,3.897
4.06,1.709,0.003,1.487,3.764,0.007,3.875
4.07,1.597,0.002,1.504,4.151,0.005,3.919
4.08,1.464,0.002,1.497,4.522,0.004,4.019
4.09,1.556,0.000,1.506,4.336,0.003,4.071
4.10,1.642,0.001,1.529,4.293,0.006,4.111
4.11,1.427,-0.001,1.511,4.246,0.006,4.133
4.12,1.452,-0.001,1.501,3.998,0.007,4.111
4.13,1.641,-0.000,1.525,4.112,0.007,4.112
4.14,1.468,0.002,1.517,4.286,0.007,4.141
4.15,1.776,0.002,1.561,4.026,0.007,4.121
4.16,1.746,0.001,1.591,4.400,0.007,4.168
4.17,1.433,0.002,1.565,4.259,0.006,4.183
4.18,1.493,0.002,1.553,4.100,0.008,4.170
4.19,1.379,-0.000,1.522,3.827,0.007,4.111
4.20,1.595,0.000,1.534,3.854,0.007,4.068
4.21,1.717,0.002,1.566,4.151,0.008,4.083
4.22,1.545,0.002,1.563,4.206,0.008,4.104
4.23,1.677,0.001,1.581,3.966,0.008,4.081
4.24,1.507,0.000,1.568,4.339,0.009,4.125
4.25,1.716,-0.001,1.592,4.303,0.008,4.154
4.26,1.454,-0.001,1.569,4.221,0.009,4.166
4.27,2.008,-0.002,1.641,4.215,0.009,4.174
4.28,1.524,-0.003,1.621,4.076,0.009,4.158
4.29,1.442,-0.003,1.591,4.369,0.008,4.192
4.30,1.817,-0.004,1.628,3.909,0.008,4.145
4.31,1.496,-0.004,1.606,4.425,0.009,4.192
4.32,1.432,-0.005,1.576,4.338,0.008,4.216
4.33,1.622,-0.006,1.583,4.184,0.010,4.212
4.34,1.619,-0.005,1.589,4.356,0.008,4.235
4.35,1.573,-0.005,1.587,3.910,0.008,4.181
4.36,1.777,-0.007,1.617,4.379,0.008,4.214
4.37,1.450,-0.007,1.589,4.096,0.009,4.195
4.38,1.470,-0.008,1.568,4.299,0.010,4.213
4.39,1.777,-0.008,1.603,4.029,0.009,4.181
4.40,1.592,-0.007,1.603,4.283,0.008,4.198
4.41,1.567,-0.008,1.596,4.157,0.009,4.192
4.42,1.622,-0.007,1.601,4.475,0.008,4.238
4.43,1.357,-0.008,1.560,4.193,0.007,4.230
4.44,2.017,-0.007,1.636,4.267,0.006,4.236
4.45,1.565,-0.007,1.624,4.176,0.007,4.226
4.46,1.528,-0.006,1.609,4.382,0.007,4.252
4.47,1.737,-0.006,1.631,4.210,0.007,4.246
4.48,1.325,-0.005,1.580,4.381,0.007,4.269
4.49,1.394,-0.007,1.548,4.220,0.007,4.260
4.50,1.293,-0.008,1.504,3.939,0.007,4.207
4.51,1.777,-0.010,1.548,4.027,0.007,4.177
4.52,1.730,-0.011,1.579,3.962,0.006,4.139
4.53,1.738,-0.010,1.606,4.394,0.006,4.183
4.54,1.670,-0.011,1.616,4.009,0.006,4.153
4.55,1.568,-0.011,1.608,4.271,0.005,4.172
4.56,1.698,-0.010,1.624,4.233,0.003,4.181
4.57,1.755,-0.011,1.644,4.266,0.004,4.196
4.58,1.612,-0.009,1.641,4.362,0.005,4.224
4.59,1.324,-0.009,1.588,4.149,0.005,4.212
4.60,1.330,-0.010,1.544,4.448,0.004,4.251
4.61,1.533,-0.010,1.543,4.403,0.004,4.276
4.62,1.737,-0.010,1.575,4.038,0.004,4.236
4.63,1.558,-0.013,1.570,4.307,0.003,4.248
4.64,1.790,-0.013,1.606,4.133,0.003,4.228
4.65,1.277,-0.014,1.551,4.242,0.004,4.231
4.66,2.048,-0.015,1.633,4.520,0.004,4.280
4.67,1.379,-0.015,1.590,4.190,0.006,4.266
4.68,1.632,-0.016,1.597,4.112,0.005,4.240
4.69,1.348,-0.018,1.553,4.064,0.004,4.210
4.70,1.719,-0.017,1.582,4.141,0.003,4.197
4.71,1.450,-0.020,1.557,4.371,0.003,4.226
4.72,1.465,-0.019,1.543,4.116,0.004,4.209
4.73,1.464,-0.020,1.528,4.173,0.001,4.201
4.74,1.875,-0.021,1.585,3.841,0.001,4.140
4.75,1.754,-0.021,1.614,4.372,0.000,4.179
4.76,1.769,-0.023,1.638,4.252,0.001,4.192
4.77,1.587,-0.024,1.629,4.267,0.001,4.204
4.78,1.648,-0.025,1.631,4.415,0.002,4.241
4.79,1.590,-0.027,1.623,4.369,0.003,4.263
4.80,1.641,-0.029,1.624,4.349,0.002,4.276
4.82,1.268,-0.027,1.566,4.213,0.003,4.266
4.82,1.745,-0.027,1.597,4.011,0.003,4.224
4.83,1.395,-0.026,1.564,4.110,0.002,4.204
4.84,1.853,-0.027,1.611,3.840,0.001,4.143
4.86,1.587,-0.028,1.606,4.160,0.002,4.146
4.86,1.735,-0.027,1.629,4.312,0.003,4.175
4.87,1.763,-0.027,1.651,4.163,0.005,4.175
4.89,1.790,-0.029,1.673,4.110,0.003,4.163
4.90,1.478,-0.028,1.641,4.076,0.003,4.148
4.90,1.577,-0.029,1.630,4.028,0.004,4.129
4.91,1.480,-0.030,1.604,4.199,0.003,4.140
4.92,1.879,-0.028,1.651,4.032,0.004,4.122
4.93,1.542,-0.027,1.634,4.291,0.004,4.151
4.95,1.638,-0.024,1.637,4.499,0.003,4.208
4.95,1.660,-0.025,1.640,4.179,0.004,4.204
4.96,1.619,-0.025,1.636,4.297,0.003,4.219
4.98,1.821,-0.025,1.667,4.090,0.002,4.197
4.99,1.488,-0.026,1.637,4.554,0.002,4.256
4.99,1.607,-0.027,1.631,4.210,0.002,4.249
5.00,1.854,-0.026,1.669,4.505,0.003,4.292
5.02,1.277,-0.027,1.603,4.445,0.001,4.317
5.03,1.647,-0.027,1.611,4.387,0.001,4.329
5.04,1.711,-0.025,1.629,4.390,0.003,4.340
5.05,1.581,-0.026,1.620,4.415,0.002,4.353
5.06,1.518,-0.023,1.605,4.160,0.002,4.320
5.07,1.589,-0.025,1.601,4.041,0.001,4.273
5.08,1.780,-0.023,1.633,3.975,0.002,4.223
5.09,1.525,-0.022,1.615,4.261,0.002,4.230
5.10,1.535,-0.021,1.603,4.130,0.002,4.213
5.11,1.746,-0.021,1.627,4.170,0.002,4.206
5.12,1.645,-0.021,1.630,4.230,0.002,4.210
5.13,1.410,-0.020,1.594,4.094,0.003,4.191
5.14,1.839,-0.020,1.635,4.359,0.003,4.220
5.15,1.860,-0.020,1.672,4.532,0.003,4.272
5.16,1.675,-0.021,1.672,4.082,0.004,4.241
5.17,1.670,-0.019,1.673,4.443,0.005,4.276
5.18,1.355,-0.018,1.621,4.449,0.005,4.304
5.19,1.616,-0.017,1.621,4.446,0.005,4.328
5.20,1.601,-0.019,1.616,4.713,0.006,4.393
5.21,1.660,-0.022,1.621,4.108,0.006,4.345
5.22,1.745,-0.023,1.641,4.352,0.007,4.347
5.23,1.322,-0.024,1.586,3.824,0.005,4.258
5.24,1.446,-0.024,1.563,4.301,0.006,4.266
5.25,1.400,-0.025,1.535,4.249,0.006,4.263
5.26,1.378,-0.024,1.510,4.406,0.007,4.288
5.27,1.650,-0.023,1.534,4.328,0.008,4.295
5.28,1.643,-0.024,1.552,4.209,0.008,4.282
5.29,1.574,-0.024,1.555,4.259,0.009,4.279
5.30,1.765,-0.022,1.592,4.183,0.008,4.262
5.31,1.518,-0.020,1.581,4.352,0.008,4.277
5.32,1.589,-0.020,1.583,4.441,0.008,4.304
5.33,1.471,-0.018,1.566,3.974,0.007,4.249
5.34,1.691,-0.017,1.587,4.477,0.006,4.286
5.35,1.648,-0.018,1.597,4.593,0.007,4.338
5.36,1.786,-0.017,1.629,4.327,0.007,4.336
5.37,1.472,-0.018,1.602,4.234,0.006,4.319
5.38,1.485,-0.017,1.583,4.423,0.007,4.337
5.39,1.496,-0.017,1.569,3.983,0.006,4.277
5.40,1.746,-0.015,1.600,4.062,0.006,4.241
5.41,1.501,-0.015,1.583,4.256,0.006,4.243
5.42,1.703,-0.017,1.602,4.202,0.004,4.235
5.43,1.874,-0.017,1.647,4.385,0.003,4.260
5.44,1.756,-0.020,1.663,4.318,0.004,4.270
5.45,1.494,-0.019,1.636,4.078,0.003,4.237
5.46,1.525,-0.018,1.618,3.946,0.003,4.189
5.47,1.515,-0.019,1.600,4.131,0.004,4.180
5.48,1.690,-0.022,1.613,4.022,0.004,4.153
5.49,1.241,-0.020,1.552,4.104,0.003,4.144
5.50,1.944,-0.019,1.619,4.282,0.002,4.167
5.51,1.498,-0.020,1.597,4.197,0.003,4.172
5.52,1.525,-0.019,1.586,4.330,0.003,4.199
5.53,1.623,-0.019,1.592,4.406,0.003,4.234
5.54,1.422,-0.021,1.562,4.126,0.003,4.216
5.55,1.363,-0.020,1.529,4.359,0.002,4.239
5.56,1.548,-0.021,1.531,4.466,0.002,4.277
5.57,1.363,-0.021,1.503,4.052,0.002,4.240
5.58,1.569,-0.019,1.516,4.313,0.001,4.251
5.59,1.595,-0.017,1.531,4.291,0.001,4.258
5.60,1.650,-0.019,1.549,4.387,0.002,4.280
5.61,1.281,-0.019,1.505,4.366,0.002,4.295
5.62,1.451,-0.020,1.495,4.429,0.003,4.318
5.63,1.740,-0.021,1.535,4.457,0.002,4.341
5.64,1.516,-0.022,1.530,4.338,0.001,4.339
5.65,1.801,-0.023,1.575,3.821,0.001,4.253
5.66,1.588,-0.023,1.577,4.019,0.002,4.214
5.67,1.582,-0.022,1.579,4.049,0.001,4.186
5.68,1.712,-0.020,1.603,4.426,-0.000,4.225
5.69,1.842,-0.019,1.644,4.031,0.000,4.193
5.70,1.677,-0.019,1.650,4.283,0.000,4.208
5.71,1.837,-0.017,1.682,4.389,-0.000,4.238
5.72,1.476,-0.018,1.646,4.136,-0.000,4.221
5.73,1.544,-0.018,1.629,4.040,-0.003,4.189
5.74,1.560,-0.021,1.615,4.179,-0.002,4.188
5.75,1.750,-0.021,1.638,3.959,-0.001,4.150
5.76,1.526,-0.019,1.621,4.330,0.000,4.181
5.77,2.031,-0.019,1.690,4.081,0.001,4.165
5.78,1.539,-0.019,1.664,4.232,-0.000,4.175
5.79,1.901,-0.020,1.704,4.236,0.001,4.186
5.80,1.256,-0.020,1.628,4.280,-0.001,4.201
5.81,1.528,-0.021,1.611,4.110,0.000,4.187
5.82,1.452,-0.021,1.584,4.320,0.000,4.209
5.83,1.725,-0.020,1.609,4.036,-0.000,4.180
5.84,1.706,-0.022,1.623,4.303,-0.002,4.199
5.85,1.636,-0.023,1.624,4.324,-0.001,4.221
5.86,1.458,-0.021,1.599,4.318,-0.000,4.237
5.87,1.305,-0.021,1.550,4.363,0.000,4.259
5.88,1.518,-0.021,1.544,4.185,0.001,4.248
5.89,1.456,-0.024,1.527,4.280,0.001,4.253
5.90,1.629,-0.024,1.544,3.970,0.000,4.205
5.91,1.575,-0.026,1.548,4.216,0.001,4.208
5.92,1.520,-0.024,1.544,3.922,0.001,4.160
5.93,1.529,-0.025,1.541,4.173,0.001,4.162
5.94,1.511,-0.025,1.536,4.397,0.001,4.202
5.95,1.359,-0.027,1.505,4.150,0.001,4.193
5.96,1.563,-0.028,1.514,4.172,0.001,4.189
5.97,1.782,-0.029,1.558,4.442,-0.001,4.230
5.98,1.603,-0.026,1.568,4.244,0.001,4.234
5.99,1.580,-0.027,1.569,4.250,0.002,4.238
6.00,1.360,-0.028,1.533,4.262,0.003,4.242
6.01,1.458,-0.027,1.522,4.427,0.003,4.274
6.02,1.461,-0.027,1.511,4.029,0.004,4.233
6.03,1.576,-0.028,1.521,4.231,0.005,4.234
6.04,1.788,-0.029,1.565,3.933,0.006,4.184
6.05,1.652,-0.028,1.580,4.391,0.006,4.219
6.06,1.540,-0.030,1.572,4.178,0.007,4.213
6.07,1.715,-0.032,1.595,4.336,0.007,4.234
6.08,1.621,-0.031,1.599,4.209,0.006,4.229
6.09,1.386,-0.031,1.564,4.106,0.006,4.208
6.10,1.443,-0.031,1.544,4.273,0.007,4.220
6.11,1.675,-0.031,1.566,4.203,0.008,4.218
6.12,1.856,-0.030,1.615,4.281,0.008,4.229
6.13,1.649,-0.030,1.621,3.850,0.007,4.165
6.14,1.497,-0.030,1.600,4.412,0.007,4.206
6.15,1.624,-0.029,1.605,4.324,0.007,4.226
6.16,1.673,-0.028,1.617,4.237,0.008,4.228
6.17,1.260,-0.029,1.557,4.581,0.007,4.287
6.18,1.590,-0.030,1.561,4.134,0.008,4.262
6.19,1.673,-0.030,1.581,4.282,0.007,4.265
6.20,1.622,-0.030,1.588,4.027,0.007,4.225
6.21,1.520,-0.031,1.575,4.070,0.007,4.199
6.22,2.012,-0.033,1.647,4.178,0.007,4.195
6.23,1.460,-0.032,1.616,4.094,0.006,4.178
6.24,1.588,-0.031,1.612,4.205,0.005,4.181
6.25,1.650,-0.030,1.619,4.398,0.007,4.219
6.27,1.425,-0.031,1.586,4.183,0.005,4.212
6.28,1.470,-0.032,1.565,3.985,0.006,4.174
6.29,1.550,-0.033,1.562,3.985,0.004,4.141
6.29,1.698,-0.032,1.586,4.357,0.006,4.179
6.31,1.624,-0.031,1.593,4.199,0.005,4.182
6.32,1.571,-0.032,1.589,4.515,0.006,4.238
6.33,1.872,-0.033,1.635,4.405,0.005,4.266
6.34,1.421,-0.035,1.598,4.044,0.004,4.228
6.34,1.621,-0.033,1.604,4.402,0.006,4.258
6.36,1.340,-0.034,1.558,4.111,0.004,4.233
6.36,1.741,-0.034,1.589,3.967,0.005,4.189
6.38,1.342,-0.033,1.549,4.169,0.005,4.186
6.39,1.600,-0.032,1.558,4.109,0.005,4.173
6.40,1.701,-0.035,1.580,4.207,0.004,4.177
6.40,1.752,-0.032,1.611,4.283,0.004,4.195
6.42,1.725,-0.033,1.629,4.545,0.002,4.252
6.43,1.312,-0.034,1.576,4.337,0.001,4.266
6.44,1.733,-0.034,1.601,4.599,0.001,4.322
6.45,1.574,-0.035,1.596,4.480,0.001,4.348
6.46,1.714,-0.033,1.617,4.080,-0.000,4.302
6.47,1.513,-0.033,1.600,4.363,0.001,4.314
6.48,1.710,-0.032,1.619,3.952,0.003,4.254
6.49,1.689,-0.032,1.631,4.337,0.002,4.268
6.50,1.316,-0.034,1.577,4.200,0.002,4.257
6.50,1.692,-0.034,1.596,4.258,0.003,4.258
6.52,1.574,-0.035,1.591,4.161,0.002,4.241
6.53,1.479,-0.033,1.575,4.366,0.003,4.263
6.54,1.297,-0.032,1.529,4.478,0.003,4.299
6.55,1.447,-0.031,1.516,4.181,0.003,4.279
6.56,1.854,-0.028,1.575,4.192,0.002,4.264
6.57,1.499,-0.029,1.562,4.090,0.001,4.233
6.58,1.610,-0.029,1.570,4.381,0.001,4.259
6.59,1.621,-0.030,1.578,4.316,0.001,4.269
6.60,1.597,-0.031,1.580,4.197,0.002,4.258
6.61,1.640,-0.030,1.591,3.927,0.001,4.201
6.62,1.568,-0.029,1.588,4.416,0.001,4.237
6.63,1.717,-0.029,1.609,4.558,0.002,4.292
6.64,1.728,-0.031,1.628,3.875,0.002,4.222
6.65,1.493,-0.032,1.604,4.088,0.002,4.199
6.66,1.363,-0.032,1.564,4.174,0.003,4.197
6.67,1.538,-0.035,1.557,3.895,0.004,4.146
6.68,1.660,-0.038,1.572,4.069,0.002,4.132
6.69,1.652,-0.039,1.584,4.231,0.001,4.147
6.70,1.651,-0.040,1.595,4.182,0.001,4.154
6.71,1.400,-0.040,1.562,4.069,0.002,4.140
6.72,1.433,-0.041,1.540,4.173,0.003,4.146
6.73,1.554,-0.042,1.542,4.070,0.002,4.133
6.74,1.377,-0.042,1.514,3.687,0.004,4.060
6.75,1.630,-0.040,1.535,4.290,0.001,4.097
6.76,1.529,-0.038,1.536,4.257,0.002,4.124
6.77,1.596,-0.038,1.546,4.234,0.004,4.144
6.78,1.559,-0.038,1.548,4.023,0.005,4.124
6.79,1.497,-0.038,1.540,4.250,0.005,4.146
6.80,1.189,-0.037,1.481,4.281,0.006,4.169
6.81,1.433,-0.036,1.474,4.158,0.006,4.167
6.82,1.563,-0.038,1.488,3.954,0.005,4.131
6.83,1.539,-0.037,1.497,4.342,0.004,4.166
6.84,1.827,-0.036,1.553,4.391,0.004,4.203
6.85,1.427,-0.037,1.531,4.118,0.004,4.189
6.86,1.561,-0.036,1.537,4.183,0.003,4.188
6.87,1.556,-0.036,1.540,4.496,0.002,4.238
6.88,1.514,-0.037,1.535,4.055,0.004,4.209
6.89,1.720,-0.036,1.567,4.362,0.004,4.235
6.90,1.640,-0.036,1.579,4.143,0.006,4.221
6.91,1.711,-0.036,1.601,4.146,0.007,4.209
6.92,1.433,-0.037,1.572,4.018,0.007,4.177
6.93,1.356,-0.036,1.536,4.067,0.007,4.159
6.94,1.660,-0.036,1.557,3.975,0.007,4.128
6.95,1.662,-0.036,1.575,4.184,0.008,4.138
6.96,1.540,-0.036,1.569,4.134,0.006,4.136
6.97,1.750,-0.038,1.598,4.179,0.006,4.143
6.98,1.805,-0.039,1.632,4.496,0.007,4.203
6.99,1.719,-0.039,1.646,3.913,0.006,4.154
7.00,1.649,-0.037,1.648,4.034,0.006,4.134
7.01,1.615,-0.038,1.643,4.022,0.005,4.115
7.02,1.515,-0.039,1.620,4.135,0.005,4.117
7.03,1.449,-0.041,1.590,4.419,0.005,4.168
7.04,1.711,-0.042,1.609,4.519,0.006,4.228
7.05,1.654,-0.043,1.616,4.298,0.006,4.239
7.06,1.320,-0.042,1.567,4.128,0.005,4.220
7.07,1.739,-0.042,1.596,4.407,0.005,4.251
7.08,1.624,-0.043,1.600,3.972,0.006,4.205
7.09,1.885,-0.044,1.648,4.449,0.005,4.246
7.10,1.995,-0.042,1.708,4.191,0.007,4.239
7.11,1.427,-0.041,1.662,4.122,0.006,4.218
7.12,1.100,-0.040,1.568,4.431,0.004,4.252
7.13,1.692,-0.040,1.589,4.184,0.004,4.241
7.14,1.855,-0.040,1.634,4.010,0.004,4.203
7.15,1.535,-0.041,1.616,4.275,0.004,4.215
7.16,1.655,-0.042,1.622,4.442,0.004,4.253
7.17,1.353,-0.044,1.576,3.783,0.004,4.174
7.18,1.789,-0.044,1.611,4.073,0.004,4.157
7.19,1.867,-0.042,1.656,4.300,0.005,4.181
7.20,1.380,-0.042,1.610,4.128,0.005,4.173
7.21,1.645,-0.040,1.617,4.023,0.005,4.148
7.22,1.519,-0.041,1.600,4.219,0.005,4.160
7.23,1.839,-0.041,1.640,4.250,0.006,4.176
7.24,1.555,-0.041,1.626,4.344,0.006,4.204
7.25,1.582,-0.041,1.619,4.271,0.005,4.214
7.26,1.684,-0.041,1.629,4.339,0.005,4.235
7.27,1.430,-0.042,1.595,4.139,0.005,4.219
7.28,1.612,-0.042,1.598,4.005,0.006,4.184
7.29,1.613,-0.042,1.600,4.548,0.006,4.245
7.30,1.601,-0.043,1.600,4.201,0.004,4.237
7.31,1.789,-0.042,1.633,4.316,0.005,4.251
7.32,1.566,-0.041,1.622,4.429,0.004,4.280
7.33,1.437,-0.041,1.592,4.254,0.003,4.275
7.34,1.566,-0.038,1.589,4.059,0.002,4.238
7.35,1.568,-0.039,1.585,4.091,0.003,4.214
7.36,1.674,-0.041,1.599,4.399,0.004,4.246
7.37,1.725,-0.041,1.620,3.895,0.004,4.187
7.38,1.503,-0.042,1.599,4.027,0.004,4.161
7.39,1.681,-0.041,1.614,4.472,0.005,4.213
7.40,1.583,-0.040,1.610,4.218,0.004,4.214
7.41,1.693,-0.040,1.623,4.200,0.005,4.212
7.42,1.685,-0.039,1.634,3.769,0.005,4.138
7.43,1.324,-0.038,1.584,4.274,0.004,4.160
7.44,1.272,-0.038,1.532,3.959,0.003,4.125
7.45,1.597,-0.040,1.541,4.253,0.003,4.146
7.46,1.923,-0.041,1.604,4.272,0.002,4.167
7.47,1.550,-0.043,1.593,4.151,0.002,4.164
7.48,1.257,-0.043,1.536,4.116,0.004,4.158
7.49,1.653,-0.043,1.557,4.091,0.005,4.147
7.50,1.652,-0.042,1.573,4.267,0.005,4.167
7.51,1.489,-0.043,1.558,3.980,0.005,4.137
7.52,1.427,-0.043,1.536,4.313,0.004,4.165
7.53,1.619,-0.042,1.551,4.237,0.005,4.178
7.54,1.405,-0.043,1.526,4.304,0.004,4.199
7.55,1.665,-0.046,1.547,4.252,0.004,4.207
7.56,1.574,-0.045,1.552,4.046,0.005,4.181
7.57,1.818,-0.044,1.597,3.899,0.004,4.133
7.58,1.765,-0.043,1.626,3.929,0.004,4.099
7.59,1.654,-0.043,1.631,4.321,0.005,4.136
7.60,1.639,-0.043,1.633,4.285,0.004,4.161
7.61,1.594,-0.043,1.626,4.436,0.003,4.207
7.62,1.523,-0.044,1.608,4.308,0.002,4.223
7.63,1.498,-0.043,1.590,4.248,0.001,4.227
7.64,1.482,-0.043,1.572,4.181,0.001,4.219
7.65,1.443,-0.043,1.551,4.213,0.001,4.218
7.66,1.644,-0.043,1.566,4.248,0.002,4.224
7.67,1.466,-0.043,1.549,4.277,0.001,4.232
7.68,1.601,-0.042,1.559,4.087,0.002,4.209
7.69,1.917,-0.041,1.620,4.503,0.003,4.258
7.70,1.802,-0.039,1.652,4.332,0.004,4.272
7.71,1.742,-0.040,1.667,4.007,0.002,4.226
7.72,1.524,-0.042,1.641,4.042,0.002,4.195
7.73,1.734,-0.041,1.657,4.043,0.001,4.169
7.74,1.568,-0.040,1.643,3.966,0.000,4.134
7.75,1.521,-0.041,1.622,3.998,0.002,4.113
7.76,1.616,-0.042,1.620,4.097,0.001,4.110
7.77,1.572,-0.041,1.613,4.002,0.002,4.092
7.79,1.894,-0.042,1.660,4.508,0.002,4.162
7.80,1.800,-0.043,1.683,4.157,0.002,4.161
7.81,1.409,-0.043,1.636,4.031,0.003,4.140
7.82,1.650,-0.043,1.639,4.169,0.002,4.144
7.83,1.637,-0.046,1.637,4.219,0.002,4.157
7.84,1.747,-0.045,1.655,4.365,0.003,4.193
7.85,1.467,-0.047,1.623,4.004,0.005,4.162
7.86,1.731,-0.048,1.640,4.495,0.004,4.218
7.86,1.614,-0.050,1.634,4.106,0.005,4.200
7.88,1.415,-0.049,1.598,4.203,0.006,4.201
7.88,1.186,-0.047,1.531,4.187,0.006,4.199
7.90,1.781,-0.048,1.572,3.979,0.006,4.162
7.91,1.787,-0.050,1.606,4.160,0.005,4.161
7.92,1.711,-0.049,1.625,4.232,0.005,4.173
7.93,1.551,-0.049,1.612,3.855,0.005,4.119
7.94,1.784,-0.047,1.643,3.986,0.005,4.098
7.95,1.524,-0.048,1.623,3.957,0.006,4.074
7.96,1.561,-0.048,1.612,3.939,0.005,4.051
7.97,1.502,-0.049,1.593,4.165,0.005,4.070
7.98,1.685,-0.048,1.609,4.329,0.004,4.113
7.99,1.363,-0.048,1.568,4.298,0.003,4.143
8.00,1.659,-0.050,1.582,4.460,0.003,4.195
8.01,1.639,-0.048,1.593,4.174,0.002,4.191
8.02,1.591,-0.050,1.590,4.422,0.000,4.228
8.03,1.602,-0.050,1.592,4.269,-0.001,4.234
8.04,1.714,-0.052,1.612,4.319,0.000,4.250
8.05,1.767,-0.052,1.637,4.138,0.000,4.231
8.06,1.553,-0.054,1.622,4.166,0.000,4.220
8.07,1.617,-0.056,1.620,3.856,0.001,4.160
8.08,1.421,-0.056,1.586,3.899,0.000,4.116
8.09,1.356,-0.055,1.548,4.201,-0.000,4.130
8.10,1.535,-0.054,1.547,4.430,0.001,4.181
8.11,1.437,-0.053,1.530,4.496,0.002,4.234
8.12,1.639,-0.053,1.548,4.189,0.003,4.227
8.13,1.344,-0.053,1.514,3.817,0.002,4.158
8.14,1.347,-0.054,1.484,4.174,0.003,4.161
8.15,1.600,-0.053,1.504,4.178,0.002,4.163
8.16,1.347,-0.054,1.478,3.899,0.001,4.118
8.17,1.449,-0.053,1.473,3.966,0.001,4.092
8.18,1.661,-0.053,1.505,4.316,0.000,4.129
8.19,1.445,-0.053,1.494,4.214,0.000,4.143
8.20,1.804,-0.053,1.546,4.361,-0.001,4.179
8.21,1.424,-0.055,1.524,3.990,-0.001,4.147
8.22,1.612,-0.057,1.537,4.121,-0.001,4.143
8.23,1.831,-0.057,1.587,4.160,0.000,4.147
8.24,1.573,-0.058,1.584,4.213,-0.001,4.157
8.25,1.595,-0.058,1.586,3.879,-0.001,4.110
8.26,1.712,-0.057,1.608,3.919,-0.001,4.079
8.27,1.470,-0.059,1.583,4.540,0.001,4.157
8.28,1.516,-0.060,1.571,3.897,0.000,4.113
8.29,1.839,-0.060,1.617,4.300,-0.000,4.144
8.30,1.650,-0.059,1.623,4.133,-0.001,4.142
8.31,2.017,-0.061,1.688,4.122,-0.001,4.139
8.32,1.447,-0.061,1.647,4.155,-0.000,4.142
8.33,1.648,-0.061,1.648,4.115,-0.001,4.137
8.34,1.713,-0.061,1.659,4.186,-0.002,4.144
8.35,1.744,-0.061,1.673,4.264,-0.002,4.164
8.36,1.237,-0.061,1.600,4.108,-0.002,4.155
8.37,1.674,-0.062,1.612,4.227,-0.001,4.167
8.38,1.448,-0.062,1.584,4.063,0.001,4.152
8.39,1.645,-0.061,1.595,4.012,0.002,4.129
8.40,1.491,-0.062,1.577,4.086,0.000,4.120
8.41,1.784,-0.060,1.613,4.070,-0.001,4.111
8.42,1.731,-0.061,1.633,4.402,0.000,4.161
8.43,1.554,-0.061,1.619,4.149,-0.001,4.158
8.44,1.677,-0.064,1.627,4.510,0.000,4.218
8.45,1.455,-0.064,1.598,4.140,0.000,4.205
8.46,1.456,-0.064,1.574,4.038,-0.001,4.176
8.47,1.637,-0.065,1.584,4.150,-0.000,4.172
8.48,1.536,-0.064,1.577,4.218,-0.000,4.180
8.49,1.451,-0.063,1.556,4.310,-0.000,4.202
8.50,1.361,-0.064,1.523,3.914,-0.002,4.152
8.51,1.879,-0.064,1.582,4.169,-0.002,4.155
8.52,1.654,-0.063,1.596,4.070,-0.002,4.141
8.53,1.645,-0.063,1.604,4.023,-0.001,4.121
8.54,1.661,-0.062,1.614,4.254,-0.002,4.143
8.55,1.636,-0.062,1.618,4.099,-0.002,4.136
8.56,1.432,-0.061,1.587,4.194,-0.002,4.145
8.57,1.780,-0.061,1.620,4.267,-0.003,4.165
8.58,1.688,-0.060,1.632,3.875,-0.004,4.116
8.59,1.845,-0.059,1.668,4.097,-0.004,4.112
8.60,1.484,-0.059,1.638,4.153,-0.003,4.119
8.61,1.609,-0.056,1.636,3.937,-0.004,4.088
8.62,1.448,-0.056,1.604,4.207,-0.004,4.108
8.63,1.490,-0.054,1.587,4.302,-0.004,4.142
8.64,1.845,-0.055,1.630,4.349,-0.004,4.176
8.65,1.734,-0.054,1.648,4.215,-0.005,4.182
8.66,1.652,-0.054,1.648,4.124,-0.005,4.172
8.67,1.598,-0.054,1.640,4.147,-0.005,4.168
8.68,1.539,-0.055,1.623,4.140,-0.006,4.162
8.69,1.619,-0.055,1.622,4.144,-0.003,4.162
8.70,1.743,-0.055,1.642,4.064,-0.004,4.145
8.71,1.501,-0.053,1.620,4.161,-0.002,4.149
8.72,1.641,-0.053,1.624,4.264,-0.004,4.167
8.73,1.736,-0.054,1.642,4.181,-0.005,4.168
8.74,1.511,-0.053,1.621,4.293,-0.005,4.189
8.75,1.801,-0.053,1.651,3.976,-0.005,4.153
8.76,1.635,-0.054,1.648,4.362,-0.004,4.189
8.77,1.585,-0.051,1.639,4.168,-0.005,4.185
8.78,1.794,-0.050,1.667,4.085,-0.004,4.169
8.79,1.732,-0.049,1.678,3.896,-0.004,4.124
8.80,1.626,-0.046,1.672,3.809,-0.004,4.069
8.81,1.742,-0.047,1.684,4.525,-0.006,4.145
8.82,1.647,-0.048,1.677,4.414,-0.007,4.190
8.83,1.836,-0.049,1.703,4.268,-0.006,4.204
8.84,1.640,-0.048,1.693,3.868,-0.006,4.147
8.85,1.508,-0.049,1.661,4.115,-0.006,4.142
8.86,1.607,-0.050,1.652,3.978,-0.006,4.114
8.87,1.646,-0.049,1.651,4.469,-0.007,4.173
8.88,1.271,-0.050,1.587,4.105,-0.006,4.163
8.89,1.715,-0.049,1.610,4.145,-0.006,4.160
8.90,1.566,-0.048,1.603,4.328,-0.006,4.188
8.91,1.507,-0.047,1.587,4.036,-0.007,4.162
8.92,1.790,-0.048,1.621,4.450,-0.006,4.210
8.93,1.570,-0.047,1.613,4.332,-0.006,4.231
8.94,1.795,-0.046,1.645,4.181,-0.006,4.223
8.95,1.436,-0.047,1.609,4.534,-0.006,4.275
8.96,1.336,-0.045,1.564,4.101,-0.004,4.247
8.97,1.555,-0.045,1.563,4.385,-0.004,4.271
8.98,1.457,-0.045,1.545,4.145,-0.002,4.251
8.99,1.459,-0.046,1.530,4.393,-0.000,4.277
9.00,1.549,-0.047,1.532,4.184,-0.001,4.261
9.01,1.547,-0.046,1.536,4.379,-0.001,4.281
9.02,1.507,-0.046,1.531,4.283,-0.001,4.281
9.03,1.450,-0.046,1.517,4.318,-0.000,4.288
9.04,1.510,-0.047,1.515,4.295,0.000,4.290
9.05,1.496,-0.048,1.511,4.568,0.000,4.337
9.06,1.647,-0.048,1.534,4.269,0.001,4.326
9.07,1.313,-0.048,1.496,4.038,0.002,4.279
9.08,1.549,-0.050,1.503,4.052,0.002,4.241
9.09,1.482,-0.050,1.500,4.180,0.001,4.230
9.10,1.761,-0.051,1.543,4.291,0.002,4.241
9.11,1.942,-0.049,1.611,4.255,0.002,4.244
9.12,1.603,-0.050,1.609,4.347,0.003,4.261
9.13,1.760,-0.051,1.634,3.890,0.003,4.200
9.14,1.532,-0.049,1.618,3.844,0.004,4.140
9.15,1.891,-0.050,1.664,4.260,0.004,4.160
9.16,1.617,-0.048,1.657,4.112,0.004,4.152
9.17,1.513,-0.046,1.635,4.079,0.006,4.141
9.18,1.418,-0.047,1.598,4.267,0.006,4.162
9.19,1.671,-0.046,1.611,3.976,0.005,4.131
9.20,1.251,-0.049,1.548,4.289,0.006,4.157
9.21,1.878,-0.049,1.604,4.249,0.006,4.173
9.22,1.781,-0.048,1.634,4.510,0.005,4.229
9.23,1.652,-0.047,1.638,4.283,0.005,4.238
9.24,1.805,-0.046,1.667,4.246,0.006,4.240
9.25,1.316,-0.047,1.607,4.302,0.006,4.251
9.26,1.889,-0.048,1.654,4.217,0.005,4.245
9.27,1.562,-0.048,1.638,4.549,0.005,4.295
9.28,1.621,-0.049,1.635,4.425,0.005,4.317
9.30,1.661,-0.049,1.640,4.038,0.004,4.270
9.30,1.665,-0.047,1.645,4.058,0.005,4.235
9.32,1.330,-0.047,1.592,4.347,0.006,4.255
9.33,1.451,-0.048,1.567,3.973,0.006,4.208
9.34,1.671,-0.048,1.585,4.125,0.007,4.194
9.35,1.766,-0.049,1.615,3.969,0.006,4.156
9.36,1.496,-0.049,1.595,4.074,0.007,4.143
9.37,1.528,-0.049,1.583,4.379,0.006,4.182
9.38,1.327,-0.049,1.540,4.234,0.006,4.191
9.39,1.481,-0.049,1.531,4.010,0.006,4.160
9.40,1.280,-0.046,1.491,4.205,0.007,4.168
9.41,1.458,-0.047,1.485,4.233,0.008,4.180
9.42,1.727,-0.050,1.523,4.198,0.008,4.183
9.43,1.685,-0.050,1.550,4.084,0.007,4.166
9.44,1.597,-0.051,1.557,4.145,0.007,4.163
9.45,1.748,-0.051,1.589,4.043,0.007,4.142
9.46,1.627,-0.050,1.596,3.980,0.007,4.115
9.47,1.609,-0.049,1.599,4.387,0.007,4.161
9.48,1.466,-0.047,1.578,4.360,0.008,4.195
9.49,1.813,-0.047,1.618,4.273,0.008,4.208
9.50,1.627,-0.046,1.620,4.402,0.008,4.241
9.51,1.671,-0.048,1.627,4.352,0.010,4.261
9.52,1.473,-0.046,1.603,4.069,0.010,4.229
9.53,1.549,-0.045,1.595,4.090,0.008,4.204
9.54,1.443,-0.045,1.570,4.351,0.008,4.229
9.55,1.729,-0.045,1.596,4.286,0.010,4.240
9.56,1.483,-0.043,1.579,4.338,0.010,4.256
9.57,1.380,-0.044,1.545,3.838,0.011,4.187
9.58,1.710,-0.044,1.573,4.328,0.011,4.211
9.59,1.455,-0.043,1.553,3.979,0.010,4.171
9.60,1.490,-0.044,1.542,4.201,0.011,4.177
9.61,1.642,-0.041,1.561,3.906,0.009,4.130
9.62,1.338,-0.042,1.523,4.362,0.009,4.169
9.63,1.362,-0.040,1.497,4.390,0.009,4.206
9.64,1.878,-0.042,1.560,4.054,0.009,4.180
9.65,1.435,-0.042,1.539,3.970,0.009,4.145
9.66,1.354,-0.042,1.507,4.145,0.008,4.144
9.67,1.478,-0.042,1.502,4.145,0.010,4.146
9.68,1.473,-0.042,1.497,4.475,0.010,4.201
9.69,1.271,-0.042,1.459,3.971,0.009,4.162
9.70,1.514,-0.043,1.468,4.320,0.010,4.189
9.71,1.735,-0.043,1.512,4.146,0.010,4.182
9.72,1.461,-0.041,1.505,4.341,0.010,4.209
9.73,1.357,-0.042,1.480,4.041,0.009,4.180
9.74,1.759,-0.042,1.526,4.000,0.009,4.150
9.75,1.566,-0.043,1.532,4.448,0.008,4.199
9.76,1.665,-0.043,1.554,4.253,0.009,4.209
9.77,1.630,-0.043,1.567,3.864,0.008,4.150
9.78,1.833,-0.041,1.613,4.153,0.007,4.150
9.79,1.664,-0.043,1.620,3.927,0.007,4.112
9.80,1.637,-0.043,1.623,4.337,0.007,4.150
9.81,1.792,-0.043,1.651,4.390,0.007,4.190
9.82,1.665,-0.042,1.654,4.179,0.007,4.188
9.83,1.344,-0.042,1.602,3.844,0.009,4.131
9.84,1.649,-0.040,1.612,4.225,0.009,4.148
9.85,1.632,-0.039,1.616,3.872,0.010,4.101
9.86,1.609,-0.040,1.614,4.177,0.011,4.115
9.87,1.650,-0.040,1.620,4.412,0.011,4.165
9.88,1.311,-0.039,1.569,4.106,0.012,4.156
9.89,1.379,-0.037,1.539,4.229,0.012,4.168
9.90,1.441,-0.036,1.524,4.123,0.012,4.161
9.91,1.654,-0.039,1.542,4.620,0.010,4.236
9.92,1.621,-0.042,1.553,3.880,0.009,4.176
9.93,1.704,-0.042,1.579,4.128,0.010,4.168
9.94,1.415,-0.039,1.553,4.095,0.011,4.157
9.95,1.574,-0.040,1.556,4.132,0.010,4.152
9.96,1.519,-0.040,1.550,4.237,0.012,4.168
9.97,1.451,-0.041,1.532,4.046,0.010,4.146
9.98,1.579,-0.039,1.542,4.321,0.011,4.175
9.99,1.543,-0.038,1.543,4.233,0.011,4.186
10.00,1.357,-0.036,1.513,4.237,0.011,4.194
10.01,1.440,-0.036,1.501,4.205,0.011,4.196
10.02,1.571,-0.037,1.511,4.149,0.011,4.188
10.03,1.775,-0.036,1.556,4.411,0.010,4.225
10.04,1.468,-0.035,1.542,4.067,0.010,4.198
10.05,1.341,-0.034,1.510,4.249,0.009,4.206
10.06,2.057,-0.033,1.602,4.588,0.009,4.270
10.07,1.620,-0.035,1.603,4.022,0.008,4.228
10.08,1.443,-0.036,1.576,4.168,0.007,4.217
10.09,1.449,-0.036,1.555,4.146,0.006,4.204
10.10,1.502,-0.034,1.547,4.417,0.006,4.240
10.11,1.587,-0.033,1.555,4.135,0.005,4.222
10.12,1.342,-0.032,1.519,3.937,0.005,4.174
10.13,1.791,-0.032,1.565,3.910,0.005,4.130
10.14,1.226,-0.034,1.506,4.365,0.005,4.169
10.15,1.648,-0.035,1.530,3.898,0.006,4.125
10.16,1.713,-0.034,1.561,4.142,0.004,4.126
10.17,1.885,-0.034,1.616,3.971,0.005,4.100
10.18,1.473,-0.034,1.592,4.103,0.005,4.101
10.19,1.503,-0.032,1.578,4.119,0.005,4.104
10.20,1.605,-0.034,1.582,4.706,0.006,4.205
10.21,1.604,-0.033,1.586,4.445,0.005,4.246
10.22,1.584,-0.031,1.587,4.271,0.004,4.249
10.23,1.662,-0.030,1.601,4.234,0.004,4.247
10.24,1.503,-0.029,1.585,4.268,0.007,4.252
10.25,1.523,-0.030,1.574,4.357,0.007,4.270
10.26,1.565,-0.029,1.573,4.035,0.007,4.231
10.27,1.343,-0.028,1.535,4.139,0.007,4.215
10.28,1.448,-0.029,1.520,3.990,0.007,4.178
10.29,1.503,-0.029,1.517,4.026,0.009,4.154
10.30,1.517,-0.028,1.518,4.365,0.009,4.190
10.31,1.459,-0.026,1.509,4.202,0.008,4.191
10.32,1.670,-0.027,1.536,4.132,0.008,4.181
10.33,1.458,-0.025,1.524,4.318,0.007,4.203
10.34,1.650,-0.024,1.546,4.012,0.008,4.171
10.35,1.973,-0.025,1.618,3.966,0.008,4.137
10.36,1.703,-0.024,1.633,4.311,0.008,4.166
10.37,1.536,-0.026,1.615,4.098,0.008,4.155
10.38,1.743,-0.026,1.637,4.478,0.008,4.209
10.39,1.704,-0.027,1.647,3.904,0.007,4.157
10.40,1.518,-0.027,1.626,4.186,0.007,4.161
10.41,1.511,-0.027,1.606,4.253,0.006,4.176
10.42,1.647,-0.026,1.614,3.919,0.006,4.133
10.43,1.568,-0.026,1.606,4.260,0.006,4.154
10.44,1.841,-0.027,1.646,3.931,0.006,4.117
10.45,1.449,-0.025,1.614,4.400,0.005,4.163
10.46,1.499,-0.025,1.595,4.123,0.004,4.156
10.47,1.558,-0.023,1.590,4.334,0.004,4.185
10.48,1.496,-0.023,1.574,3.889,0.004,4.136
10.49,1.593,-0.023,1.578,4.114,0.005,4.133
10.50,1.375,-0.020,1.546,3.970,0.006,4.106
10.51,1.620,-0.020,1.558,4.264,0.005,4.132
10.52,1.495,-0.021,1.547,4.246,0.005,4.151
10.53,1.679,-0.021,1.569,4.045,0.006,4.134
10.54,1.643,-0.021,1.581,4.294,0.005,4.160
10.55,1.405,-0.020,1.552,4.234,0.005,4.173
10.56,1.562,-0.021,1.554,4.042,0.006,4.151
10.57,1.516,-0.020,1.548,4.422,0.005,4.196
10.58,1.533,-0.020,1.545,4.256,0.003,4.204
10.59,1.710,-0.021,1.572,4.228,0.002,4.208
10.60,1.531,-0.020,1.566,4.200,0.003,4.207
10.61,1.567,-0.018,1.568,3.955,0.002,4.164
10.62,1.904,-0.018,1.625,4.188,0.002,4.168
10.63,1.798,-0.020,1.652,4.312,0.002,4.192
10.64,1.423,-0.019,1.614,4.207,0.003,4.195
10.65,1.587,-0.021,1.609,4.644,0.003,4.271
10.66,1.491,-0.022,1.588,4.095,0.003,4.241
10.67,1.838,-0.022,1.630,4.540,0.003,4.292
10.68,1.642,-0.022,1.632,4.434,0.002,4.315
10.69,1.470,-0.020,1.606,4.248,0.003,4.305
10.70,1.353,-0.021,1.563,4.211,0.003,4.289
10.71,1.379,-0.022,1.530,4.195,0.002,4.272
10.73,0.937,-0.022,1.430,4.247,0.002,4.269
10.73,1.630,-0.022,1.464,4.132,0.002,4.246
10.74,1.772,-0.022,1.516,4.209,0.001,4.239
10.75,1.536,-0.022,1.519,3.855,0.002,4.175
10.77,1.457,-0.020,1.510,4.328,0.002,4.201
10.77,1.591,-0.019,1.525,4.482,0.003,4.249
10.78,1.390,-0.019,1.501,4.158,0.004,4.235
10.80,1.581,-0.018,1.515,4.435,0.005,4.269
10.81,1.806,-0.018,1.565,4.189,0.006,4.256
10.81,1.857,-0.016,1.615,4.247,0.005,4.255
10.82,1.632,-0.016,1.618,4.197,0.006,4.246
10.83,1.651,-0.016,1.624,3.810,0.007,4.174
10.85,1.511,-0.015,1.606,4.048,0.008,4.153
10.86,1.603,-0.013,1.607,3.748,0.007,4.083
10.87,1.634,-0.012,1.612,4.154,0.008,4.096
10.88,1.531,-0.013,1.598,4.239,0.007,4.119
10.89,1.879,-0.014,1.644,4.229,0.007,4.138
10.90,1.604,-0.012,1.639,4.212,0.007,4.150
10.91,1.734,-0.010,1.657,4.433,0.007,4.198
10.92,1.590,-0.009,1.646,4.211,0.009,4.202
10.93,1.727,-0.008,1.661,4.442,0.010,4.243
10.94,1.484,-0.008,1.631,4.227,0.010,4.240
10.95,1.380,-0.007,1.590,4.129,0.011,4.222
10.96,1.696,-0.007,1.607,4.353,0.010,4.244
10.97,1.524,-0.008,1.593,4.342,0.010,4.260
10.98,1.575,-0.006,1.591,4.068,0.009,4.227
10.99,1.414,-0.006,1.562,4.431,0.008,4.261
11.00,1.527,-0.007,1.555,4.301,0.010,4.269
11.01,1.742,-0.006,1.587,4.220,0.010,4.261
11.02,1.698,-0.007,1.605,4.127,0.009,4.238
11.03,1.626,-0.007,1.608,4.098,0.009,4.214
11.04,1.225,-0.008,1.543,3.993,0.009,4.177
11.05,1.681,-0.009,1.566,4.159,0.008,4.173
11.06,1.549,-0.009,1.563,3.968,0.008,4.139
11.07,1.773,-0.007,1.599,4.079,0.007,4.128
11.08,1.655,-0.008,1.608,4.291,0.008,4.156
11.09,1.770,-0.010,1.634,4.220,0.008,4.167
11.10,1.329,-0.012,1.581,4.154,0.008,4.165
11.11,1.436,-0.012,1.556,4.217,0.008,4.173
11.12,1.455,-0.011,1.540,3.972,0.007,4.139
11.13,1.642,-0.011,1.557,4.331,0.008,4.172
11.14,1.531,-0.010,1.553,3.878,0.008,4.122
11.15,1.514,-0.009,1.548,4.173,0.008,4.131
11.16,1.618,-0.010,1.559,4.259,0.007,4.152
11.17,1.641,-0.011,1.571,4.329,0.008,4.182
11.18,1.654,-0.012,1.585,4.480,0.009,4.233
11.19,1.621,-0.016,1.588,4.316,0.009,4.247
11.20,1.372,-0.017,1.550,4.110,0.008,4.223
11.21,1.450,-0.016,1.534,3.902,0.009,4.169
11.22,1.486,-0.018,1.524,4.121,0.010,4.162
11.23,1.498,-0.017,1.520,4.137,0.010,4.158
11.24,1.422,-0.016,1.505,4.043,0.010,4.139
11.25,1.675,-0.016,1.533,3.962,0.010,4.108
11.26,1.440,-0.016,1.517,4.218,0.010,4.127
11.27,1.538,-0.018,1.519,4.416,0.012,4.177
11.28,1.273,-0.020,1.476,4.112,0.010,4.164
11.29,1.551,-0.019,1.489,4.231,0.009,4.175
11.30,1.543,-0.020,1.497,4.319,0.009,4.199
11.31,1.509,-0.020,1.499,4.153,0.009,4.192
11.32,1.653,-0.023,1.523,4.368,0.009,4.221
11.33,1.484,-0.022,1.517,4.268,0.009,4.229
11.34,1.688,-0.023,1.545,4.161,0.008,4.217
11.35,1.751,-0.022,1.580,4.138,0.007,4.203
11.36,1.427,-0.022,1.555,4.454,0.006,4.244
11.37,1.410,-0.024,1.528,4.013,0.006,4.205
11.38,1.400,-0.024,1.507,4.163,0.007,4.199
11.39,1.473,-0.025,1.500,4.213,0.007,4.202
11.40,1.599,-0.024,1.518,4.082,0.006,4.181
11.41,1.362,-0.023,1.492,4.194,0.006,4.182
11.42,1.469,-0.022,1.489,4.344,0.005,4.209
11.43,1.462,-0.021,1.485,4.180,0.006,4.205
11.44,1.608,-0.021,1.505,4.443,0.007,4.246
11.45,1.676,-0.021,1.534,4.579,0.006,4.301
11.46,1.490,-0.022,1.526,4.289,0.006,4.300
11.47,1.673,-0.021,1.551,4.140,0.006,4.272
11.48,1.660,-0.021,1.569,4.588,0.007,4.326
11.49,1.722,-0.020,1.595,3.910,0.007,4.257
11.50,1.474,-0.019,1.576,4.306,0.008,4.266
11.51,1.262,-0.018,1.524,4.034,0.008,4.227
11.52,1.405,-0.017,1.505,4.248,0.007,4.230
11.53,1.237,-0.017,1.460,4.092,0.007,4.207
11.54,1.426,-0.018,1.454,4.401,0.007,4.239
11.55,1.694,-0.017,1.494,4.224,0.005,4.235
11.56,1.625,-0.018,1.515,4.203,0.005,4.230
11.57,1.627,-0.016,1.535,4.426,0.006,4.264
11.58,1.563,-0.016,1.540,4.219,0.005,4.255
11.59,1.615,-0.015,1.553,4.217,0.005,4.250
11.60,1.405,-0.015,1.529,3.999,0.004,4.206
11.61,1.582,-0.014,1.539,4.004,0.004,4.172
11.62,1.681,-0.013,1.563,4.387,0.004,4.208
11.63,1.565,-0.012,1.564,4.202,0.003,4.207
11.64,1.382,-0.013,1.532,4.287,0.004,4.221
11.65,1.818,-0.014,1.579,4.310,0.004,4.236
11.66,1.606,-0.016,1.583,3.880,0.004,4.176
11.67,1.638,-0.017,1.591,4.103,0.005,4.164
11.68,1.316,-0.017,1.545,4.136,0.003,4.158
11.69,1.669,-0.017,1.566,4.242,0.004,4.173
11.70,1.524,-0.014,1.561,4.383,0.005,4.209
11.71,1.604,-0.015,1.568,4.432,0.007,4.249
11.72,1.700,-0.015,1.590,4.096,0.007,4.223
11.73,1.454,-0.015,1.567,4.138,0.007,4.209
11.74,1.596,-0.016,1.571,3.998,0.008,4.174
11.75,1.724,-0.016,1.597,4.215,0.008,4.181
11.76,1.577,-0.018,1.592,4.416,0.007,4.220
11.77,1.515,-0.018,1.579,4.176,0.007,4.213
11.78,1.696,-0.019,1.598,3.893,0.006,4.158
11.79,1.703,-0.020,1.615,4.187,0.007,4.163
11.80,1.491,-0.021,1.593,4.083,0.008,4.151
11.81,1.382,-0.021,1.558,4.412,0.009,4.196
11.82,1.626,-0.022,1.569,4.328,0.010,4.218
11.83,1.468,-0.022,1.551,4.016,0.010,4.184
11.84,1.677,-0.022,1.572,4.139,0.010,4.177
11.85,1.549,-0.023,1.568,4.436,0.010,4.220
11.86,1.451,-0.024,1.547,4.058,0.009,4.192
11.87,1.674,-0.022,1.570,4.069,0.009,4.172
11.88,1.428,-0.020,1.547,4.174,0.010,4.173
11.89,1.673,-0.018,1.570,4.208,0.009,4.178
11.90,1.444,-0.019,1.548,4.414,0.009,4.218
11.91,1.677,-0.016,1.572,4.005,0.009,4.182
11.92,1.584,-0.015,1.575,4.408,0.010,4.221
11.93,1.460,-0.014,1.556,4.229,0.010,4.223
11.94,1.620,-0.015,1.566,4.263,0.009,4.229
11.95,1.164,-0.014,1.500,4.113,0.008,4.208
11.96,1.425,-0.014,1.487,4.263,0.008,4.217
11.97,1.784,-0.011,1.539,4.019,0.009,4.185
11.98,1.384,-0.012,1.512,4.333,0.009,4.210
11.99,1.591,-0.013,1.525,4.121,0.008,4.194
12.00,1.504,-0.013,1.521,3.886,0.008,4.142
12.01,1.511,-0.014,1.519,3.929,0.007,4.106
12.02,1.429,-0.014,1.503,4.429,0.009,4.162
12.03,1.702,-0.014,1.537,4.208,0.010,4.170
12.04,1.480,-0.012,1.528,4.323,0.008,4.194
12.05,1.324,-0.011,1.495,3.943,0.009,4.153
12.06,1.519,-0.011,1.499,4.145,0.009,4.151
12.07,1.474,-0.011,1.495,4.315,0.010,4.179
12.08,1.589,-0.010,1.511,3.981,0.009,4.146
12.09,1.441,-0.010,1.499,4.179,0.009,4.151
12.10,1.402,-0.009,1.484,4.422,0.009,4.196
12.11,1.426,-0.007,1.476,4.404,0.009,4.232
12.12,1.489,-0.008,1.477,4.131,0.009,4.215
12.13,1.595,-0.008,1.496,4.509,0.011,4.266
12.14,1.642,-0.005,1.523,4.316,0.013,4.276
12.15,1.513,-0.005,1.521,4.188,0.014,4.262
12.16,1.656,-0.004,1.544,4.402,0.012,4.284
12.17,1.549,-0.005,1.545,4.056,0.012,4.246
12.18,1.501,-0.004,1.538,3.853,0.012,4.180
12.19,1.236,-0.005,1.486,4.223,0.012,4.187
12.20,1.458,-0.005,1.482,4.112,0.011,4.174
12.21,1.697,-0.004,1.518,4.462,0.011,4.222
12.22,1.597,-0.006,1.530,4.076,0.010,4.197
12.23,1.688,-0.006,1.557,4.016,0.010,4.166
12.25,1.587,-0.006,1.561,4.644,0.009,4.246
12.26,1.980,-0.007,1.632,4.331,0.009,4.260
12.27,1.457,-0.006,1.603,4.294,0.009,4.266
12.27,1.805,-0.006,1.637,4.245,0.008,4.262
12.29,1.827,-0.005,1.670,4.213,0.008,4.253
12.30,1.444,-0.005,1.632,3.911,0.005,4.194
12.31,1.646,-0.004,1.635,3.795,0.004,4.126
12.32,1.514,-0.005,1.614,4.005,0.004,4.106
12.33,1.643,-0.005,1.619,4.161,0.005,4.116
12.34,1.730,-0.007,1.636,4.058,0.006,4.106
12.35,1.706,-0.006,1.649,4.027,0.006,4.093
12.36,1.527,-0.006,1.629,4.041,0.007,4.085
12.37,1.487,-0.006,1.605,4.161,0.007,4.098
12.38,1.621,-0.006,1.607,4.074,0.007,4.094
12.39,1.611,-0.004,1.610,4.061,0.009,4.090
12.40,1.654,-0.006,1.616,4.162,0.008,4.102
12.41,1.595,-0.004,1.614,3.947,0.008,4.075
12.42,1.551,-0.006,1.602,4.141,0.007,4.085
12.43,1.776,-0.004,1.633,4.234,0.005,4.109
12.44,1.742,-0.003,1.652,4.066,0.006,4.102
12.45,1.661,-0.004,1.653,4.046,0.007,4.093
12.46,1.626,-0.004,1.648,3.868,0.007,4.055
12.47,1.713,-0.003,1.660,4.356,0.008,4.107
12.48,1.631,-0.002,1.656,4.253,0.007,4.130
12.49,1.608,-0.001,1.649,4.223,0.008,4.147
12.50,1.764,-0.001,1.668,4.409,0.009,4.192
12.51,1.617,-0.000,1.660,4.098,0.009,4.176
12.52,1.665,0.001,1.662,4.167,0.010,4.175
12.53,1.450,0.001,1.627,4.151,0.011,4.172
12.54,1.489,-0.000,1.603,4.030,0.012,4.149
12.55,1.572,-0.000,1.598,4.337,0.010,4.179
12.56,1.526,0.001,1.587,4.250,0.011,4.191
12.57,1.510,0.001,1.574,4.119,0.011,4.179
12.58,1.469,0.002,1.557,4.033,0.012,4.156
12.59,1.614,0.003,1.567,4.106,0.012,4.147
12.60,1.675,0.001,1.584,4.170,0.012,4.151
12.61,1.603,-0.000,1.586,4.210,0.011,4.160
12.62,1.574,-0.000,1.584,4.213,0.012,4.170
12.63,1.631,0.001,1.593,3.747,0.011,4.098
12.64,1.645,0.003,1.603,4.374,0.011,4.144
12.65,1.838,0.003,1.643,3.998,0.013,4.121
12.66,1.766,0.003,1.664,3.967,0.014,4.096
12.67,1.504,0.003,1.637,4.385,0.013,4.143
12.68,1.501,0.003,1.614,4.165,0.012,4.147
12.69,1.409,0.001,1.578,3.882,0.013,4.103
12.70,1.495,0.002,1.565,4.249,0.014,4.129
12.71,1.462,0.006,1.551,4.256,0.015,4.151
12.72,1.456,0.005,1.534,3.852,0.015,4.100
12.73,1.601,0.004,1.545,4.415,0.015,4.153
12.74,1.404,0.001,1.518,4.479,0.014,4.208
12.75,1.636,0.004,1.540,4.560,0.014,4.267
12.76,1.367,0.005,1.512,4.204,0.015,4.257
12.77,1.460,0.007,1.505,4.339,0.014,4.271
12.78,1.555,0.007,1.513,4.275,0.014,4.271
12.79,1.372,0.007,1.490,4.011,0.014,4.228
12.80,1.733,0.010,1.532,4.200,0.013,4.222
12.81,1.691,0.010,1.559,4.181,0.012,4.214
12.82,1.806,0.011,1.601,4.212,0.011,4.213
12.83,1.815,0.011,1.637,3.976,0.011,4.173
12.84,1.496,0.013,1.615,4.292,0.011,4.193
12.85,1.860,0.012,1.655,3.988,0.011,4.159
12.86,1.738,0.013,1.670,4.094,0.010,4.147
12.87,1.616,0.014,1.662,3.952,0.009,4.114
12.88,1.807,0.015,1.687,4.064,0.010,4.105
12.89,1.705,0.016,1.692,4.207,0.009,4.122
12.90,1.707,0.015,1.693,4.186,0.010,4.134
12.91,1.509,0.016,1.663,4.101,0.011,4.128
12.92,1.668,0.019,1.666,4.092,0.011,4.122
12.93,1.635,0.019,1.661,4.290,0.011,4.151
12.94,1.513,0.018,1.635,4.220,0.011,4.162
12.95,1.545,0.019,1.621,4.131,0.012,4.157
12.96,1.260,0.017,1.558,4.233,0.013,4.171
12.97,1.438,0.017,1.538,4.164,0.015,4.171
12.98,1.381,0.015,1.510,4.344,0.014,4.200
12.99,1.386,0.014,1.489,3.999,0.014,4.166
13.00,1.398,0.015,1.473,4.139,0.013,4.161
13.01,1.470,0.015,1.473,4.237,0.015,4.175
13.02,1.422,0.014,1.463,4.220,0.014,4.182
13.03,1.179,0.014,1.415,3.896,0.013,4.133
13.04,1.638,0.014,1.453,4.273,0.013,4.156
13.05,1.426,0.014,1.448,4.216,0.012,4.166
13.06,1.337,0.014,1.429,4.114,0.011,4.156
13.07,1.863,0.013,1.501,4.406,0.010,4.198
13.08,1.670,0.016,1.532,4.279,0.010,4.211
13.09,1.547,0.016,1.534,3.964,0.010,4.170
13.10,1.694,0.015,1.560,4.072,0.010,4.153
13.11,1.704,0.017,1.586,3.995,0.009,4.126
13.12,1.766,0.018,1.617,4.101,0.009,4.122
13.13,1.484,0.017,1.594,3.992,0.008,4.099
13.14,1.560,0.017,1.588,4.094,0.008,4.098
13.15,1.760,0.017,1.616,3.843,0.007,4.054
13.16,1.470,0.016,1.591,4.069,0.008,4.057
13.17,1.827,0.014,1.629,4.463,0.007,4.125
13.18,1.637,0.013,1.630,4.233,0.008,4.143
13.19,1.431,0.012,1.595,3.975,0.009,4.116
13.20,1.430,0.011,1.567,4.358,0.009,4.156
13.21,1.571,0.008,1.565,4.519,0.010,4.218
13.22,1.530,0.008,1.559,4.209,0.012,4.218
13.23,1.448,0.009,1.541,3.920,0.012,4.169
13.24,1.381,0.007,1.513,3.953,0.013,4.133
13.25,1.544,0.007,1.518,4.289,0.013,4.159
13.26,1.510,0.005,1.514,4.487,0.012,4.214
13.27,1.116,0.005,1.447,4.435,0.011,4.251
13.28,1.396,0.007,1.440,4.057,0.011,4.218
13.29,1.353,0.008,1.426,4.005,0.010,4.182
13.30,1.581,0.007,1.451,4.278,0.010,4.197
13.31,1.424,0.008,1.447,4.122,0.007,4.183
13.32,1.229,0.007,1.409,4.197,0.007,4.185
13.33,1.636,0.006,1.447,4.335,0.005,4.209
13.34,1.649,0.007,1.481,4.273,0.006,4.220
13.35,1.891,0.010,1.552,4.222,0.007,4.221
13.36,1.540,0.012,1.551,4.033,0.006,4.189
13.37,1.560,0.011,1.552,4.332,0.005,4.212
13.38,1.743,0.011,1.584,4.345,0.006,4.235
13.39,1.962,0.012,1.649,4.012,0.006,4.198
13.40,1.596,0.013,1.640,4.191,0.006,4.197
13.41,1.465,0.014,1.612,4.259,0.006,4.207
13.42,1.577,0.014,1.606,4.015,0.006,4.174
13.43,1.669,0.015,1.618,4.200,0.006,4.179
13.44,1.842,0.015,1.656,4.172,0.007,4.178
13.45,1.715,0.014,1.665,4.021,0.006,4.151
13.46,1.589,0.012,1.650,4.232,0.007,4.166
13.47,1.448,0.010,1.614,4.506,0.009,4.225
13.48,1.332,0.010,1.567,4.140,0.010,4.211
13.49,1.236,0.011,1.512,4.112,0.009,4.194
13.50,1.378,0.010,1.489,3.974,0.008,4.156
13.51,1.409,0.010,1.475,4.180,0.008,4.160
13.52,1.398,0.012,1.463,4.098,0.007,4.149
13.53,1.384,0.010,1.449,4.161,0.006,4.150
13.54,1.240,0.010,1.413,4.070,0.006,4.136
13.55,1.092,0.010,1.359,4.063,0.005,4.123
13.56,1.296,0.011,1.349,4.283,0.006,4.151
13.57,1.512,0.012,1.376,4.452,0.007,4.202
13.58,1.810,0.010,1.447,4.606,0.006,4.270
13.59,1.821,0.011,1.511,4.465,0.006,4.302
13.60,1.659,0.013,1.537,3.889,0.006,4.233
13.61,1.454,0.011,1.522,4.173,0.005,4.223
13.62,1.539,0.013,1.526,4.188,0.004,4.216
13.63,1.729,0.013,1.560,4.094,0.005,4.196
13.64,1.716,0.012,1.585,4.303,0.004,4.214
13.65,1.805,0.011,1.622,4.269,0.005,4.224
13.66,1.648,0.011,1.626,4.213,0.006,4.222
13.67,1.530,0.012,1.611,4.420,0.006,4.255
13.68,1.747,0.011,1.632,4.340,0.007,4.271
13.69,1.710,0.010,1.645,4.204,0.007,4.260
13.70,1.763,0.010,1.665,4.227,0.008,4.255
13.71,1.744,0.011,1.679,4.423,0.008,4.283
13.72,1.863,0.008,1.708,4.264,0.009,4.282
13.73,1.845,0.008,1.730,4.496,0.009,4.318
13.74,1.424,0.008,1.679,4.196,0.010,4.298
13.75,1.328,0.008,1.620,4.017,0.009,4.250
13.77,1.135,0.009,1.538,4.242,0.010,4.250
13.78,1.168,0.008,1.475,4.042,0.010,4.214
13.79,0.976,0.010,1.392,4.037,0.009,4.184
13.80,1.460,0.011,1.404,4.042,0.010,4.161
13.81,1.392,0.011,1.402,4.075,0.010,4.146
13.82,1.659,0.011,1.445,4.116,0.009,4.140
13.83,1.578,0.014,1.469,4.513,0.008,4.202
13.84,1.699,0.014,1.508,4.235,0.007,4.207
13.85,1.981,0.016,1.589,4.246,0.007,4.214
13.86,1.738,0.016,1.614,4.381,0.007,4.241
13.87,1.679,0.017,1.626,4.046,0.007,4.209
13.88,1.397,0.017,1.587,4.396,0.007,4.240
13.89,1.699,0.019,1.607,4.472,0.006,4.279
13.90,1.740,0.019,1.630,4.252,0.007,4.275
13.91,1.658,0.020,1.636,4.064,0.007,4.240
13.92,1.528,0.020,1.617,4.312,0.007,4.251
13.93,1.380,0.020,1.578,3.981,0.008,4.207
13.94,1.846,0.020,1.624,4.184,0.007,4.203
13.95,1.748,0.019,1.644,4.201,0.008,4.203
13.96,1.365,0.019,1.596,3.940,0.007,4.157
13.97,1.978,0.019,1.661,3.702,0.005,4.080
13.98,1.703,0.021,1.670,3.859,0.007,4.044
13.99,1.496,0.018,1.638,4.106,0.008,4.055
14.00,1.803,0.020,1.668,4.056,0.008,4.055
14.01,1.759,0.019,1.682,4.395,0.010,4.113
14.02,1.340,0.018,1.624,4.067,0.011,4.106
14.03,1.663,0.019,1.631,4.102,0.012,4.106
14.04,1.377,0.015,1.585,4.512,0.014,4.176
14.05,1.340,0.014,1.543,4.213,0.014,4.183
14.06,1.371,0.012,1.512,4.009,0.013,4.153
14.07,1.320,0.010,1.478,4.212,0.014,4.163
14.08,1.529,0.012,1.489,4.154,0.014,4.162
14.09,1.380,0.016,1.473,4.224,0.013,4.171
14.10,1.641,0.016,1.501,4.220,0.012,4.179
14.11,1.558,0.015,1.510,4.099,0.011,4.164
14.12,1.250,0.017,1.468,4.237,0.013,4.178
14.13,1.496,0.016,1.471,4.317,0.011,4.200
14.14,1.396,0.017,1.460,4.044,0.011,4.173
14.15,1.463,0.018,1.461,4.328,0.011,4.200
14.16,1.649,0.019,1.493,4.359,0.009,4.225
14.17,1.823,0.021,1.550,4.116,0.010,4.207
14.18,1.759,0.020,1.584,4.093,0.008,4.187
14.19,1.890,0.020,1.635,3.820,0.008,4.125
14.20,1.526,0.020,1.618,4.305,0.008,4.155
14.21,1.577,0.021,1.611,4.209,0.008,4.164
14.22,1.830,0.022,1.649,4.026,0.007,4.140
14.23,1.644,0.024,1.650,4.119,0.006,4.136
14.24,1.597,0.024,1.641,4.377,0.007,4.177
14.25,1.754,0.025,1.661,3.972,0.008,4.143
14.26,1.822,0.024,1.687,4.126,0.009,4.141
14.27,1.657,0.025,1.683,4.077,0.009,4.131
14.28,1.681,0.025,1.683,4.086,0.010,4.124
14.29,1.608,0.024,1.669,3.944,0.010,4.093
14.30,1.588,0.024,1.656,4.142,0.011,4.102
14.31,1.521,0.022,1.631,4.225,0.011,4.123
14.32,1.725,0.021,1.646,4.328,0.014,4.160
14.33,1.387,0.019,1.601,4.082,0.013,4.146
14.34,1.494,0.019,1.583,4.228,0.014,4.161
14.35,1.405,0.017,1.551,4.218,0.015,4.171
14.36,1.363,0.017,1.520,4.332,0.016,4.199
14.37,1.412,0.021,1.504,4.059,0.014,4.174
14.38,1.584,0.021,1.518,4.369,0.015,4.207
14.39,1.239,0.022,1.472,4.291,0.014,4.221
14.40,1.301,0.022,1.443,4.239,0.014,4.224
14.41,1.293,0.022,1.417,4.248,0.015,4.228
14.42,1.603,0.022,1.449,4.151,0.013,4.214
14.43,1.727,0.022,1.495,4.268,0.011,4.222
14.44,1.631,0.024,1.519,4.050,0.010,4.192
14.45,1.505,0.023,1.516,4.150,0.011,4.185
14.46,1.549,0.024,1.522,4.274,0.009,4.199
14.47,1.699,0.025,1.552,3.975,0.010,4.162
14.48,1.654,0.024,1.569,4.163,0.009,4.161
14.49,1.530,0.025,1.563,4.250,0.009,4.176
14.50,1.711,0.024,1.587,4.499,0.008,4.230
14.51,1.451,0.023,1.563,3.921,0.009,4.178
14.52,1.594,0.022,1.568,4.034,0.010,4.155
14.53,1.579,0.023,1.570,4.118,0.010,4.149
14.54,1.532,0.022,1.563,4.207,0.013,4.161
14.55,1.842,0.023,1.610,4.116,0.014,4.154
14.56,1.619,0.022,1.611,4.356,0.012,4.187
14.57,1.703,0.023,1.628,4.354,0.013,4.215
14.58,1.599,0.025,1.624,4.081,0.012,4.192
14.59,1.525,0.025,1.607,4.393,0.012,4.226
14.60,1.575,0.026,1.603,4.399,0.011,4.254
14.61,1.331,0.025,1.557,4.246,0.011,4.253
14.62,1.634,0.027,1.571,4.116,0.011,4.230
14.63,1.366,0.028,1.537,4.221,0.010,4.227
14.64,1.216,0.027,1.483,4.554,0.009,4.282
14.65,1.345,0.027,1.459,4.074,0.009,4.247
14.66,1.506,0.024,1.465,4.120,0.009,4.226
14.67,1.713,0.025,1.507,3.984,0.007,4.183
14.68,1.590,0.026,1.521,3.632,0.006,4.090
14.69,1.670,0.027,1.547,4.166,0.004,4.101
14.70,1.602,0.028,1.557,3.941,0.005,4.075
14.71,1.887,0.028,1.613,4.407,0.004,4.129
14.72,1.821,0.027,1.646,4.164,0.004,4.136
14.73,1.763,0.030,1.668,3.971,0.004,4.108
14.74,1.826,0.029,1.694,4.452,0.003,4.165
14.75,1.951,0.029,1.738,4.342,0.004,4.195
14.76,1.646,0.028,1.721,3.974,0.003,4.157
14.77,1.639,0.028,1.708,3.957,0.001,4.122
14.78,1.347,0.028,1.647,4.314,0.001,4.154
14.79,1.224,0.026,1.574,3.940,0.001,4.118
14.80,1.647,0.027,1.587,4.303,0.001,4.149
14.81,1.299,0.026,1.537,4.141,0.001,4.147
14.82,1.461,0.025,1.523,4.538,-0.000,4.213
14.83,1.563,0.024,1.530,4.163,-0.001,4.203
14.84,1.575,0.022,1.536,4.435,-0.001,4.243
14.85,1.836,0.023,1.586,4.259,-0.003,4.244
14.86,1.674,0.022,1.601,4.132,-0.002,4.226
14.87,1.286,0.021,1.547,3.863,-0.002,4.165
14.88,1.294,0.022,1.505,3.888,-0.001,4.119
14.89,1.326,0.022,1.475,4.157,-0.002,4.124
14.90,1.286,0.022,1.443,4.128,-0.003,4.124
14.91,1.512,0.025,1.457,4.152,-0.004,4.128
14.92,1.794,0.026,1.514,3.971,-0.004,4.102
14.93,1.871,0.028,1.576,3.847,-0.005,4.058
14.94,2.046,0.029,1.656,4.126,-0.007,4.068
14.95,1.493,0.030,1.629,4.391,-0.008,4.121
14.96,1.664,0.031,1.636,3.994,-0.008,4.099
14.97,1.715,0.033,1.651,4.363,-0.007,4.144
14.98,2.028,0.032,1.714,4.598,-0.008,4.221
14.99,1.580,0.034,1.694,4.167,-0.009,4.211
15.00,1.513,0.033,1.661,4.076,-0.009,4.188
15.01,1.379,0.032,1.613,4.219,-0.008,4.194
15.02,1.765,0.031,1.638,4.156,-0.009,4.187
15.03,1.683,0.032,1.647,3.947,-0.009,4.147
15.04,1.752,0.031,1.664,4.162,-0.008,4.150
15.05,1.647,0.031,1.661,4.463,-0.007,4.204
15.06,1.439,0.029,1.622,4.005,-0.006,4.171
15.07,1.198,0.029,1.551,3.859,-0.005,4.119
15.08,1.510,0.028,1.543,3.972,-0.005,4.095
15.09,1.486,0.028,1.533,4.558,-0.005,4.173
15.10,1.355,0.029,1.504,4.429,-0.005,4.215
15.11,1.321,0.030,1.474,4.344,-0.004,4.238
15.12,1.515,0.029,1.480,4.408,-0.004,4.266
15.13,1.456,0.028,1.475,4.301,-0.004,4.273
15.14,1.564,0.029,1.490,4.275,-0.004,4.273
15.15,1.271,0.028,1.453,4.105,-0.004,4.245
15.16,1.654,0.029,1.487,3.994,-0.003,4.204
15.18,1.307,0.028,1.456,4.006,-0.003,4.170
15.18,1.492,0.027,1.461,4.388,-0.005,4.206
15.19,1.400,0.028,1.451,3.995,-0.005,4.170
15.20,1.611,0.027,1.477,4.058,-0.007,4.150
15.22,1.445,0.030,1.474,4.463,-0.008,4.201
15.22,1.760,0.031,1.522,4.062,-0.009,4.177
15.23,1.617,0.031,1.538,4.415,-0.008,4.218
15.25,1.406,0.031,1.516,4.237,-0.010,4.220
15.26,1.513,0.032,1.517,4.599,-0.011,4.282
15.26,1.355,0.033,1.489,4.227,-0.011,4.273
15.27,1.481,0.035,1.490,4.262,-0.011,4.272
15.29,1.970,0.037,1.572,4.075,-0.011,4.238
15.30,1.607,0.039,1.579,4.210,-0.011,4.234
15.31,1.779,0.037,1.612,4.351,-0.013,4.253
15.32,2.049,0.036,1.685,4.034,-0.012,4.216
15.33,1.493,0.034,1.651,4.197,-0.012,4.214
15.34,1.798,0.033,1.675,4.162,-0.011,4.205
15.35,1.754,0.033,1.689,4.201,-0.011,4.205
15.36,1.767,0.032,1.701,4.089,-0.011,4.185
15.37,1.869,0.031,1.729,4.326,-0.011,4.209
15.38,1.601,0.030,1.706,4.366,-0.012,4.235
15.39,1.299,0.030,1.638,4.075,-0.011,4.209
15.40,1.562,0.029,1.625,4.658,-0.010,4.285
15.41,1.499,0.031,1.605,4.318,-0.011,4.290
15.42,1.530,0.032,1.593,3.790,-0.010,4.207
15.43,1.511,0.032,1.580,4.105,-0.009,4.191
15.44,1.409,0.033,1.552,4.117,-0.009,4.178
15.45,1.461,0.035,1.538,4.148,-0.010,4.172
15.46,1.709,0.037,1.568,4.260,-0.010,4.187
15.47,1.057,0.036,1.482,4.205,-0.009,4.191
15.48,1.457,0.037,1.478,4.175,-0.009,4.189
15.49,1.567,0.037,1.493,4.289,-0.010,4.205
15.50,1.301,0.039,1.462,4.181,-0.010,4.201
15.51,1.680,0.041,1.500,4.369,-0.011,4.228
15.52,1.697,0.043,1.535,3.887,-0.012,4.170
15.53,1.404,0.041,1.511,4.365,-0.012,4.203
15.54,1.734,0.040,1.548,4.023,-0.012,4.173
15.55,1.759,0.040,1.583,4.036,-0.012,4.150
15.56,1.694,0.039,1.601,3.794,-0.012,4.090
15.57,1.598,0.040,1.601,4.155,-0.013,4.100
15.58,1.415,0.042,1.571,3.850,-0.014,4.057
15.59,1.916,0.040,1.627,4.005,-0.013,4.049
15.60,1.588,0.041,1.622,4.170,-0.013,4.069
15.61,1.715,0.042,1.639,4.520,-0.014,4.144
15.62,1.466,0.043,1.611,4.096,-0.012,4.137
15.63,1.521,0.045,1.596,4.064,-0.013,4.124
15.64,1.289,0.042,1.543,4.260,-0.013,4.147
15.65,1.669,0.039,1.561,4.356,-0.014,4.182
15.66,1.620,0.038,1.570,4.230,-0.013,4.190
15.67,1.317,0.039,1.528,4.389,-0.015,4.222
15.68,1.396,0.041,1.507,4.250,-0.013,4.228
15.69,1.696,0.041,1.540,4.101,-0.013,4.208
15.70,1.561,0.041,1.543,3.925,-0.012,4.160
15.71,1.479,0.040,1.531,4.320,-0.013,4.187
15.72,1.380,0.040,1.506,3.863,-0.012,4.133
15.73,1.651,0.041,1.531,3.963,-0.012,4.104
15.74,1.381,0.043,1.507,4.141,-0.012,4.111
15.75,1.924,0.044,1.578,4.242,-0.011,4.133
15.76,1.522,0.047,1.571,4.224,-0.010,4.150
15.77,1.378,0.049,1.540,4.054,-0.010,4.133
15.78,1.458,0.048,1.525,4.014,-0.009,4.114
15.79,1.588,0.049,1.537,4.512,-0.010,4.180
15.80,1.908,0.049,1.598,4.213,-0.011,4.185
15.81,1.513,0.051,1.586,4.018,-0.012,4.156
15.82,1.747,0.053,1.615,4.365,-0.011,4.192
15.83,1.734,0.055,1.637,4.443,-0.010,4.236
15.84,1.553,0.056,1.623,3.918,-0.010,4.182
15.85,1.850,0.058,1.663,3.964,-0.009,4.146
15.86,1.524,0.060,1.641,4.260,-0.009,4.165
15.87,1.405,0.061,1.602,4.104,-0.009,4.155
15.88,1.657,0.062,1.613,4.172,-0.010,4.157
15.89,1.438,0.061,1.583,3.870,-0.010,4.109
15.90,1.460,0.062,1.563,4.371,-0.010,4.153
15.91,1.666,0.064,1.581,3.905,-0.009,4.112
15.92,1.689,0.064,1.599,4.080,-0.008,4.107
15.93,1.781,0.063,1.629,4.355,-0.007,4.150
15.94,1.320,0.064,1.578,4.146,-0.007,4.149
15.95,1.727,0.065,1.604,4.401,-0.007,4.192
15.96,1.590,0.064,1.600,4.437,-0.007,4.233
15.97,1.485,0.066,1.582,4.535,-0.007,4.284
15.98,1.482,0.067,1.566,4.256,-0.008,4.278
15.99,1.488,0.066,1.552,3.955,-0.006,4.225
16.00,1.528,0.066,1.548,4.352,-0.005,4.247
16.01,1.801,0.068,1.592,4.303,-0.007,4.256
16.02,1.383,0.069,1.558,4.242,-0.006,4.253
16.03,1.538,0.070,1.555,4.329,-0.007,4.266
16.04,1.542,0.070,1.553,4.339,-0.008,4.277
16.05,2.066,0.071,1.640,3.989,-0.009,4.228
16.06,1.665,0.071,1.644,4.146,-0.010,4.214
16.07,1.488,0.072,1.619,4.268,-0.011,4.222
16.08,1.733,0.071,1.637,4.334,-0.009,4.243
16.09,1.490,0.071,1.612,4.158,-0.012,4.226
16.10,1.770,0.071,1.639,4.244,-0.011,4.229
16.11,1.456,0.072,1.609,4.317,-0.012,4.244
16.12,1.714,0.071,1.626,4.109,-0.013,4.220
16.13,1.203,0.070,1.554,4.035,-0.011,4.191
16.14,1.311,0.071,1.513,4.542,-0.012,4.249
16.15,1.709,0.070,1.546,4.066,-0.012,4.219
16.16,1.592,0.068,1.552,3.921,-0.011,4.170
16.17,1.712,0.066,1.577,4.259,-0.011,4.184
16.18,1.533,0.066,1.569,4.101,-0.012,4.170
16.19,1.406,0.065,1.541,3.984,-0.013,4.138
16.20,1.738,0.065,1.574,4.067,-0.013,4.125
16.21,1.556,0.067,1.572,4.000,-0.013,4.105
16.22,1.533,0.067,1.566,4.457,-0.015,4.162
16.23,1.447,0.068,1.546,4.037,-0.013,4.142
16.24,1.434,0.067,1.527,4.356,-0.013,4.178
16.25,1.902,0.067,1.590,4.273,-0.013,4.194
16.26,1.433,0.067,1.563,4.198,-0.011,4.197
16.27,1.453,0.068,1.545,4.227,-0.012,4.201
16.28,1.488,0.069,1.536,3.666,-0.011,4.112
16.29,1.651,0.068,1.555,4.096,-0.010,4.110
16.30,1.453,0.071,1.539,4.194,-0.011,4.124
16.31,1.653,0.072,1.560,4.175,-0.011,4.132
16.32,1.806,0.072,1.601,4.138,-0.011,4.133
16.33,1.610,0.071,1.602,4.158,-0.011,4.137
16.34,1.676,0.070,1.614,4.003,-0.011,4.115
16.35,1.365,0.070,1.571,4.218,-0.010,4.132
16.36,1.863,0.069,1.619,4.311,-0.011,4.162
16.37,1.485,0.068,1.596,4.020,-0.011,4.138
16.38,1.957,0.068,1.656,4.355,-0.011,4.174
16.39,1.431,0.068,1.618,3.879,-0.011,4.125
16.40,1.426,0.067,1.586,3.587,-0.010,4.035
16.41,1.631,0.068,1.594,4.267,-0.011,4.073
16.42,1.387,0.068,1.559,4.194,-0.011,4.093
16.43,1.651,0.067,1.574,4.416,-0.010,4.148
16.44,1.476,0.067,1.557,4.257,-0.009,4.167
16.45,1.564,0.068,1.559,4.175,-0.010,4.168
16.46,1.797,0.068,1.599,4.270,-0.010,4.185
16.47,1.764,0.070,1.628,4.191,-0.009,4.187
16.48,1.458,0.069,1.599,4.243,-0.010,4.196
16.49,1.499,0.069,1.582,4.352,-0.010,4.222
16.50,1.723,0.071,1.608,4.115,-0.011,4.203
16.51,1.218,0.071,1.541,4.271,-0.012,4.214
16.52,1.574,0.070,1.546,4.057,-0.010,4.189
16.54,1.493,0.070,1.537,3.785,-0.010,4.121
16.54,1.576,0.068,1.542,4.308,-0.010,4.152
16.55,1.420,0.069,1.522,4.233,-0.011,4.165
16.56,1.582,0.070,1.533,4.321,-0.010,4.192
16.57,1.501,0.070,1.527,4.540,-0.011,4.250
16.59,1.747,0.068,1.563,3.956,-0.012,4.200
16.60,1.742,0.068,1.592,4.391,-0.013,4.231
16.60,1.495,0.068,1.576,4.215,-0.012,4.229
16.62,1.699,0.067,1.596,4.168,-0.013,4.218
16.63,1.493,0.067,1.578,4.018,-0.014,4.184
16.63,1.479,0.066,1.561,4.364,-0.014,4.215
16.64,1.406,0.066,1.535,4.171,-0.013,4.208
16.66,1.508,0.065,1.529,4.284,-0.013,4.220
16.67,1.792,0.066,1.574,4.475,-0.012,4.265
16.67,1.508,0.065,1.563,4.173,-0.012,4.249
16.68,1.722,0.066,1.590,4.149,-0.011,4.233
16.70,1.709,0.068,1.611,4.697,-0.012,4.311
16.70,1.807,0.067,1.643,4.199,-0.011,4.293
16.72,1.414,0.067,1.605,3.889,-0.010,4.226
16.72,1.650,0.068,1.613,4.420,-0.012,4.257
16.74,1.620,0.068,1.615,4.073,-0.012,4.226
16.75,1.436,0.068,1.584,4.726,-0.013,4.309
16.76,1.426,0.070,1.559,4.370,-0.011,4.321
16.76,1.393,0.070,1.531,4.029,-0.009,4.274
16.78,1.473,0.070,1.521,4.260,-0.011,4.270
16.79,1.528,0.072,1.524,4.262,-0.010,4.269
16.80,1.374,0.075,1.501,3.977,-0.009,4.222
16.80,1.523,0.073,1.503,3.955,-0.009,4.177
16.82,1.428,0.074,1.491,4.192,-0.009,4.179
16.82,1.784,0.074,1.540,3.921,-0.010,4.135
16.84,1.327,0.074,1.504,4.276,-0.010,4.159
16.85,1.506,0.075,1.505,4.009,-0.011,4.132
16.86,1.555,0.075,1.514,4.382,-0.012,4.174
16.87,1.807,0.075,1.562,4.234,-0.011,4.185
16.88,1.742,0.072,1.591,4.511,-0.014,4.238
16.89,1.757,0.071,1.618,4.164,-0.014,4.225
16.90,1.485,0.073,1.597,3.995,-0.013,4.187
16.91,1.238,0.072,1.536,4.059,-0.012,4.167
16.92,1.610,0.072,1.548,4.026,-0.012,4.143
16.93,1.675,0.071,1.569,4.134,-0.011,4.142
16.94,1.561,0.071,1.567,3.964,-0.012,4.112
16.95,1.311,0.069,1.522,4.176,-0.013,4.121
16.96,1.541,0.069,1.525,4.181,-0.013,4.131
16.97,1.498,0.067,1.519,3.920,-0.013,4.096
16.98,1.765,0.066,1.559,4.425,-0.015,4.149
16.99,1.240,0.067,1.507,4.093,-0.014,4.141
17.00,1.641,0.067,1.529,4.264,-0.014,4.161
17.01,1.856,0.068,1.584,3.980,-0.014,4.131
17.02,1.198,0.068,1.518,4.142,-0.014,4.133
17.03,1.555,0.069,1.525,4.276,-0.015,4.157
17.04,1.671,0.070,1.551,4.136,-0.013,4.154
17.05,1.775,0.072,1.590,3.991,-0.016,4.124
17.06,1.576,0.071,1.587,4.388,-0.017,4.168
17.07,1.580,0.072,1.587,4.298,-0.018,4.189
17.08,1.733,0.070,1.609,4.031,-0.017,4.164
17.09,1.517,0.070,1.594,4.257,-0.018,4.178
17.10,1.499,0.070,1.578,4.343,-0.019,4.205
17.11,1.621,0.070,1.585,4.514,-0.019,4.257
17.12,1.556,0.070,1.580,4.027,-0.018,4.220
17.13,1.830,0.072,1.624,4.229,-0.018,4.221
17.14,1.896,0.073,1.670,4.115,-0.018,4.204
17.15,1.582,0.072,1.655,4.087,-0.019,4.183
17.16,1.707,0.073,1.665,4.345,-0.018,4.211
17.17,1.684,0.075,1.669,4.192,-0.020,4.206
17.18,2.055,0.074,1.733,4.139,-0.021,4.195
17.19,1.788,0.073,1.742,4.529,-0.020,4.251
17.20,1.295,0.072,1.666,4.220,-0.022,4.244
17.21,1.487,0.072,1.636,3.989,-0.021,4.202
17.22,1.738,0.071,1.652,4.031,-0.020,4.174
17.23,1.735,0.071,1.666,4.087,-0.020,4.159
17.24,1.804,0.072,1.691,4.032,-0.020,4.138
17.25,1.647,0.072,1.683,4.255,-0.019,4.159
17.26,1.615,0.072,1.672,4.044,-0.019,4.139
17.27,1.626,0.073,1.665,4.355,-0.020,4.175
17.28,1.249,0.073,1.595,4.283,-0.019,4.194
17.29,1.611,0.074,1.598,4.266,-0.018,4.207
17.30,1.591,0.074,1.598,4.061,-0.019,4.181
17.31,1.479,0.073,1.577,4.247,-0.019,4.193
17.32,1.482,0.075,1.562,4.320,-0.018,4.215
17.33,1.571,0.076,1.564,4.148,-0.017,4.205
17.34,1.744,0.076,1.594,3.998,-0.016,4.171
17.35,1.502,0.075,1.578,3.941,-0.016,4.132
17.36,1.915,0.075,1.636,4.081,-0.017,4.123
17.37,1.680,0.074,1.642,3.964,-0.016,4.096
17.38,1.317,0.073,1.587,4.076,-0.017,4.092
17.39,1.621,0.074,1.593,4.342,-0.016,4.135
17.40,1.712,0.074,1.613,4.510,-0.015,4.199
17.41,1.409,0.075,1.579,4.072,-0.016,4.177
17.42,1.694,0.074,1.598,4.396,-0.016,4.214
17.43,1.700,0.074,1.615,4.387,-0.017,4.242
17.44,1.523,0.073,1.599,4.419,-0.016,4.273
17.45,1.345,0.072,1.555,4.019,-0.015,4.231
17.46,1.602,0.073,1.563,4.030,-0.016,4.197
17.47,1.890,0.071,1.617,4.182,-0.014,4.196
17.48,1.603,0.073,1.616,4.227,-0.014,4.201
17.49,1.423,0.073,1.584,4.108,-0.013,4.186
17.50,1.580,0.073,1.583,3.963,-0.013,4.149
17.51,1.412,0.072,1.554,4.293,-0.011,4.175
17.52,1.526,0.073,1.549,4.274,-0.011,4.191
17.53,1.611,0.074,1.561,4.133,-0.011,4.182
17.54,1.574,0.075,1.563,4.032,-0.010,4.157
17.55,1.593,0.073,1.567,3.898,-0.012,4.112
17.56,1.801,0.074,1.608,4.319,-0.012,4.146
17.57,1.681,0.074,1.620,4.387,-0.012,4.187
17.58,1.395,0.075,1.582,4.039,-0.012,4.162
17.59,1.512,0.076,1.571,4.291,-0.012,4.184
17.60,1.555,0.075,1.568,4.126,-0.011,4.175
17.61,1.688,0.076,1.589,4.165,-0.013,4.172
17.62,1.974,0.076,1.654,4.195,-0.012,4.177
17.63,1.704,0.074,1.661,4.213,-0.013,4.182
17.64,1.568,0.074,1.645,4.043,-0.012,4.159
17.65,1.543,0.077,1.630,4.065,-0.013,4.143
17.66,1.709,0.076,1.643,4.066,-0.013,4.130
17.67,1.452,0.076,1.611,4.278,-0.014,4.154
17.68,1.757,0.078,1.636,4.097,-0.013,4.145
17.69,1.514,0.077,1.615,4.080,-0.011,4.136
17.70,1.518,0.077,1.599,4.704,-0.012,4.231
17.71,1.258,0.078,1.542,4.253,-0.013,4.234
17.72,1.654,0.079,1.561,4.203,-0.013,4.228
17.73,1.738,0.079,1.591,4.052,-0.013,4.199
17.74,1.561,0.079,1.586,4.085,-0.013,4.180
17.75,1.484,0.081,1.570,4.342,-0.013,4.207
17.76,1.603,0.083,1.577,4.185,-0.013,4.203
17.77,1.524,0.084,1.569,4.391,-0.013,4.235
17.78,1.699,0.084,1.591,4.152,-0.012,4.222
17.79,1.350,0.086,1.552,4.325,-0.011,4.240
17.80,1.856,0.088,1.605,4.342,-0.011,4.257
17.81,1.435,0.088,1.576,4.356,-0.011,4.274
17.82,1.952,0.089,1.640,4.092,-0.011,4.244
17.83,1.723,0.089,1.654,4.125,-0.009,4.225
17.84,1.941,0.089,1.703,4.378,-0.008,4.252
17.85,1.333,0.087,1.639,4.240,-0.007,4.251
17.86,1.231,0.088,1.571,3.861,-0.007,4.186
17.87,1.743,0.088,1.600,4.139,-0.006,4.179
17.88,1.656,0.086,1.607,3.976,-0.006,4.144
17.89,1.642,0.088,1.615,4.244,-0.007,4.160
17.90,1.451,0.090,1.589,3.963,-0.007,4.127
17.91,1.689,0.087,1.604,4.143,-0.009,4.128
17.92,1.477,0.086,1.581,4.142,-0.010,4.129
17.93,1.470,0.085,1.562,3.986,-0.010,4.105
17.94,1.406,0.084,1.535,4.181,-0.008,4.119
17.95,1.423,0.084,1.515,4.228,-0.008,4.138
17.96,1.490,0.083,1.510,4.132,-0.009,4.136
17.97,1.371,0.082,1.486,4.057,-0.010,4.122
17.98,1.307,0.082,1.456,4.511,-0.010,4.187
17.99,1.410,0.078,1.444,4.142,-0.011,4.179
18.00,1.747,0.079,1.496,4.040,-0.010,4.156
18.01,1.591,0.081,1.513,4.174,-0.012,4.158
18.02,1.511,0.080,1.512,4.273,-0.014,4.175
18.03,1.597,0.080,1.526,4.296,-0.013,4.196
18.04,1.515,0.082,1.526,4.093,-0.014,4.178
18.05,1.494,0.081,1.519,4.430,-0.014,4.220
18.07,1.408,0.080,1.500,4.099,-0.015,4.199
18.08,1.573,0.079,1.511,4.320,-0.016,4.219
18.09,1.754,0.076,1.549,4.141,-0.017,4.205
18.09,1.492,0.076,1.539,4.255,-0.019,4.212
18.11,1.543,0.076,1.540,4.067,-0.018,4.188
18.11,1.548,0.077,1.542,4.213,-0.017,4.193
18.13,1.474,0.077,1.530,3.996,-0.017,4.160
18.13,1.381,0.077,1.505,4.034,-0.017,4.139
18.15,1.464,0.078,1.499,4.197,-0.018,4.148
18.16,1.290,0.078,1.464,4.073,-0.018,4.135
18.17,1.312,0.078,1.438,4.252,-0.018,4.155
18.17,1.515,0.078,1.451,4.225,-0.017,4.168
18.19,1.606,0.077,1.476,4.192,-0.017,4.172
18.20,1.729,0.077,1.518,4.373,-0.017,4.206
18.21,1.841,0.076,1.572,4.232,-0.015,4.212
18.22,1.393,0.077,1.542,4.322,-0.016,4.229
18.23,1.545,0.076,1.542,4.225,-0.015,4.230
18.24,1.604,0.078,1.553,4.031,-0.014,4.197
18.25,1.324,0.080,1.517,3.832,-0.014,4.136
18.26,1.269,0.078,1.473,4.099,-0.014,4.129
18.27,1.490,0.077,1.475,4.229,-0.013,4.147
18.28,1.550,0.079,1.489,4.287,-0.013,4.170
18.29,1.710,0.078,1.525,4.143,-0.013,4.165
18.30,1.929,0.078,1.593,4.087,-0.013,4.152
18.30,1.874,0.079,1.641,4.043,-0.014,4.133
18.32,1.487,0.079,1.615,4.192,-0.013,4.144
18.33,1.522,0.081,1.601,4.439,-0.013,4.194
18.34,1.702,0.082,1.619,4.210,-0.013,4.196
18.35,1.641,0.082,1.623,4.061,-0.012,4.175
18.36,1.707,0.081,1.635,4.004,-0.012,4.146
18.37,1.532,0.082,1.620,4.157,-0.011,4.149
18.38,1.493,0.082,1.598,4.470,-0.011,4.202
18.39,1.764,0.082,1.627,4.121,-0.012,4.188
18.40,1.533,0.084,1.612,3.966,-0.012,4.150
18.41,1.565,0.084,1.604,4.252,-0.013,4.166
18.42,1.270,0.083,1.547,4.076,-0.012,4.152
18.43,1.727,0.083,1.577,4.317,-0.013,4.179
18.44,1.638,0.081,1.585,4.197,-0.013,4.182
18.45,1.582,0.082,1.586,4.482,-0.012,4.233
18.46,1.737,0.082,1.611,4.209,-0.012,4.229
18.47,1.610,0.083,1.611,4.204,-0.011,4.226
18.48,1.491,0.082,1.590,4.000,-0.012,4.187
18.49,1.526,0.083,1.580,4.355,-0.013,4.215
18.50,1.131,0.084,1.506,4.444,-0.012,4.254
18.51,1.435,0.084,1.493,4.230,-0.012,4.250
18.52,1.403,0.084,1.478,4.477,-0.011,4.289
18.53,1.559,0.086,1.493,4.281,-0.013,4.286
18.54,1.760,0.087,1.538,4.473,-0.014,4.317
18.55,1.475,0.085,1.527,4.010,-0.013,4.267
18.56,1.661,0.085,1.549,4.111,-0.013,4.240
18.57,1.599,0.087,1.559,4.136,-0.014,4.222
18.58,1.828,0.086,1.604,4.224,-0.014,4.222
18.59,1.340,0.086,1.559,4.188,-0.014,4.216
18.60,1.847,0.088,1.609,3.961,-0.015,4.173
18.61,1.671,0.089,1.620,4.061,-0.016,4.153
18.62,1.448,0.088,1.590,4.106,-0.017,4.144
18.63,1.520,0.088,1.578,4.165,-0.017,4.147
18.64,1.784,0.087,1.612,4.046,-0.018,4.129
18.65,1.298,0.087,1.560,4.263,-0.017,4.153
18.66,1.991,0.088,1.632,4.140,-0.018,4.150
18.67,1.317,0.089,1.580,4.246,-0.018,4.166
18.68,1.696,0.090,1.600,4.075,-0.018,4.151
18.69,1.660,0.090,1.610,4.025,-0.019,4.129
18.70,1.878,0.090,1.655,4.391,-0.020,4.172
18.71,1.546,0.089,1.636,4.122,-0.019,4.164
18.72,1.665,0.090,1.642,4.349,-0.020,4.194
18.73,1.673,0.090,1.647,4.533,-0.020,4.251
18.74,1.567,0.090,1.633,4.256,-0.019,4.253
18.75,1.438,0.090,1.601,4.138,-0.018,4.235
18.76,1.639,0.090,1.607,4.042,-0.018,4.202
18.77,1.310,0.091,1.558,4.271,-0.018,4.214
18.78,1.618,0.092,1.569,4.460,-0.019,4.255
18.79,1.708,0.091,1.592,4.154,-0.019,4.238
18.80,1.706,0.093,1.612,4.228,-0.019,4.236
18.81,1.552,0.094,1.603,4.494,-0.019,4.280
18.82,1.510,0.095,1.588,4.190,-0.019,4.264
18.83,1.579,0.098,1.589,4.069,-0.019,4.232
18.84,1.523,0.100,1.579,4.373,-0.020,4.255
18.85,1.430,0.101,1.555,4.218,-0.019,4.249
18.86,1.781,0.100,1.592,4.221,-0.019,4.245
18.87,1.565,0.099,1.586,4.277,-0.020,4.250
18.88,1.382,0.098,1.551,4.169,-0.019,4.237
18.89,1.404,0.097,1.526,4.387,-0.018,4.263
18.90,1.558,0.098,1.532,4.334,-0.018,4.276
18.91,1.432,0.098,1.515,4.011,-0.018,4.231
18.92,1.724,0.098,1.550,4.128,-0.017,4.214
18.93,1.532,0.099,1.548,4.414,-0.017,4.248
18.94,1.497,0.098,1.538,4.336,-0.018,4.262
18.95,1.398,0.100,1.516,3.931,-0.018,4.207
18.96,1.508,0.099,1.514,4.182,-0.018,4.203
18.97,1.777,0.099,1.558,4.101,-0.019,4.185
18.98,1.503,0.099,1.549,3.928,-0.019,4.142
18.99,1.611,0.102,1.561,4.484,-0.018,4.200
19.00,1.719,0.103,1.588,4.139,-0.017,4.191
19.01,1.605,0.103,1.591,4.350,-0.017,4.217
19.02,1.246,0.104,1.534,4.233,-0.017,4.220
19.03,1.438,0.107,1.520,3.844,-0.016,4.158
19.04,1.153,0.108,1.459,4.545,-0.016,4.223
19.05,1.238,0.109,1.422,4.196,-0.017,4.218
19.06,1.542,0.109,1.443,4.568,-0.016,4.277
19.07,1.458,0.110,1.445,4.223,-0.016,4.268
19.08,1.702,0.110,1.488,4.618,-0.015,4.328
19.09,1.570,0.109,1.501,3.988,-0.016,4.270
19.10,1.372,0.110,1.480,4.025,-0.014,4.231
19.11,1.648,0.110,1.508,4.281,-0.014,4.239
19.12,1.577,0.111,1.521,4.790,-0.015,4.331
19.13,1.728,0.112,1.556,4.420,-0.015,4.347
19.14,1.407,0.110,1.529,4.012,-0.016,4.290
19.15,1.765,0.108,1.567,4.098,-0.014,4.259
19.16,1.682,0.109,1.587,4.245,-0.014,4.257
19.17,1.758,0.110,1.617,4.064,-0.014,4.225
19.18,1.654,0.111,1.624,3.946,-0.014,4.178
19.19,1.458,0.110,1.595,4.252,-0.014,4.191
19.20,1.518,0.110,1.582,4.194,-0.014,4.191
19.21,1.463,0.110,1.562,4.283,-0.014,4.206
19.22,1.843,0.109,1.608,4.385,-0.014,4.236
19.23,1.632,0.108,1.612,4.305,-0.014,4.248
19.24,1.571,0.109,1.605,4.243,-0.014,4.247
19.25,1.666,0.107,1.614,4.649,-0.013,4.316
19.26,1.787,0.106,1.642,4.011,-0.013,4.265
19.27,2.042,0.107,1.710,3.961,-0.015,4.212
19.28,1.292,0.107,1.640,4.470,-0.015,4.256
19.29,1.195,0.108,1.566,4.048,-0.014,4.222
19.30,1.882,0.110,1.621,4.013,-0.015,4.186
19.31,1.393,0.111,1.583,4.337,-0.014,4.212
19.32,1.433,0.111,1.558,4.125,-0.013,4.198
19.33,1.680,0.113,1.580,4.314,-0.013,4.218
19.34,1.485,0.110,1.562,4.042,-0.014,4.188
19.35,1.716,0.112,1.589,4.280,-0.013,4.204
19.36,1.388,0.111,1.554,4.197,-0.014,4.202
19.37,1.711,0.114,1.582,4.256,-0.012,4.212
19.38,1.657,0.114,1.595,4.295,-0.013,4.226
19.39,1.705,0.114,1.614,4.239,-0.013,4.228
19.40,1.632,0.117,1.619,4.304,-0.013,4.241
19.41,1.842,0.115,1.655,4.540,-0.011,4.293
19.42,1.698,0.114,1.662,4.056,-0.010,4.254
19.43,1.279,0.115,1.598,4.300,-0.011,4.261
19.44,1.580,0.114,1.594,4.071,-0.010,4.230
19.45,1.579,0.115,1.592,3.875,-0.010,4.171
19.46,1.423,0.116,1.565,4.451,-0.010,4.218
19.47,1.830,0.118,1.610,4.337,-0.009,4.238
19.48,1.471,0.116,1.586,4.048,-0.008,4.207
19.49,1.300,0.116,1.538,4.203,-0.009,4.206
19.50,1.407,0.116,1.515,4.387,-0.010,4.236
19.51,1.343,0.117,1.487,4.087,-0.010,4.211
19.52,1.413,0.119,1.476,4.356,-0.009,4.235
19.53,1.529,0.118,1.484,4.223,-0.008,4.234
19.54,1.533,0.121,1.495,4.392,-0.007,4.262
19.55,1.468,0.121,1.490,4.234,-0.008,4.256
19.56,1.376,0.123,1.472,4.270,-0.008,4.259
19.57,1.706,0.125,1.512,4.050,-0.008,4.224
19.58,1.517,0.125,1.513,4.222,-0.008,4.224
19.60,1.747,0.124,1.552,4.212,-0.008,4.221
19.61,1.514,0.123,1.545,4.214,-0.008,4.221
19.62,1.347,0.125,1.513,4.373,-0.007,4.247
19.63,1.679,0.126,1.541,4.247,-0.007,4.247
19.64,1.571,0.124,1.544,4.085,-0.008,4.219
19.65,1.454,0.125,1.530,4.167,-0.007,4.211
19.66,1.746,0.127,1.568,4.054,-0.006,4.186
19.67,1.571,0.127,1.568,4.033,-0.004,4.161
19.68,1.584,0.127,1.571,4.029,-0.004,4.140
19.69,1.475,0.127,1.555,4.374,-0.004,4.179
19.70,1.973,0.127,1.625,4.410,-0.003,4.218
19.71,1.392,0.127,1.586,4.490,-0.003,4.264
19.72,1.533,0.125,1.575,4.379,-0.003,4.284
19.73,1.663,0.126,1.590,4.006,-0.003,4.237
19.74,1.609,0.125,1.593,4.056,-0.004,4.206
19.75,1.493,0.125,1.575,4.207,-0.004,4.206
19.76,1.782,0.123,1.609,4.234,-0.003,4.211
19.77,1.388,0.125,1.573,4.163,-0.004,4.203
19.78,1.519,0.127,1.565,4.019,-0.004,4.172
19.79,1.677,0.126,1.583,4.183,-0.005,4.173
19.80,1.502,0.124,1.569,4.445,-0.005,4.218
19.81,1.827,0.125,1.612,4.237,-0.006,4.221
19.82,1.547,0.123,1.600,4.015,-0.006,4.186
19.83,1.484,0.124,1.581,4.558,-0.006,4.249
19.84,1.489,0.124,1.565,4.281,-0.005,4.255
19.85,1.764,0.125,1.599,4.507,-0.004,4.299
19.86,1.864,0.127,1.645,4.423,-0.004,4.320
19.87,1.907,0.128,1.690,4.012,-0.004,4.268
19.88,1.630,0.129,1.681,4.071,-0.004,4.235
19.89,1.694,0.129,1.683,4.298,-0.004,4.246
19.90,1.512,0.129,1.655,4.181,-0.004,4.235
19.91,1.565,0.132,1.642,4.084,-0.006,4.208
19.92,1.613,0.134,1.639,4.307,-0.005,4.226
19.93,1.563,0.134,1.626,4.020,-0.005,4.190
19.94,1.398,0.134,1.587,4.038,-0.006,4.164
19.95,1.818,0.134,1.626,4.326,-0.005,4.192
19.96,1.426,0.134,1.593,4.167,-0.005,4.188
19.97,1.692,0.134,1.609,4.091,-0.005,4.172
19.98,1.539,0.135,1.598,4.057,-0.005,4.152
19.99,1.503,0.135,1.582,4.027,-0.006,4.130
20.00,1.484,0.136,1.566,4.270,-0.007,4.153
20.01,1.578,0.137,1.569,4.210,-0.007,4.162
20.02,1.504,0.136,1.557,4.513,-0.007,4.222
20.03,1.607,0.135,1.565,4.086,-0.008,4.198
20.04,1.673,0.133,1.581,3.838,-0.008,4.138
20.05,1.482,0.134,1.565,4.291,-0.007,4.164
20.06,1.809,0.134,1.606,4.178,-0.007,4.166
20.07,1.539,0.134,1.595,4.117,-0.007,4.158
20.08,1.625,0.133,1.599,3.916,-0.008,4.117
20.09,1.427,0.133,1.570,4.141,-0.007,4.121
20.10,1.563,0.134,1.569,4.029,-0.009,4.104
20.11,1.611,0.133,1.576,4.218,-0.009,4.123
20.12,1.761,0.134,1.608,4.233,-0.010,4.141
20.13,1.651,0.133,1.614,3.962,-0.009,4.111
20.14,1.697,0.133,1.627,4.078,-0.008,4.107
20.15,1.764,0.134,1.652,4.036,-0.007,4.095
20.16,1.443,0.132,1.615,4.017,-0.007,4.081
20.17,1.683,0.132,1.626,4.149,-0.008,4.092
20.18,1.824,0.132,1.659,4.177,-0.006,4.108
20.19,1.693,0.132,1.665,4.334,-0.006,4.146
20.20,1.463,0.134,1.633,4.244,-0.006,4.163
20.21,1.573,0.136,1.624,3.811,-0.007,4.103
20.22,1.243,0.136,1.561,4.198,-0.006,4.119
20.23,1.463,0.136,1.544,4.220,-0.005,4.137
20.24,1.440,0.135,1.526,3.850,-0.005,4.088
20.25,1.622,0.136,1.542,4.235,-0.005,4.113
20.26,1.741,0.137,1.576,4.244,-0.006,4.134
20.27,1.558,0.134,1.571,4.074,-0.005,4.124
20.28,1.634,0.136,1.583,4.227,-0.004,4.142
20.29,1.296,0.136,1.535,4.106,-0.004,4.136
20.30,1.574,0.136,1.541,4.042,-0.004,4.120
20.31,1.672,0.134,1.562,4.126,-0.005,4.121
20.32,1.852,0.134,1.610,4.204,-0.006,4.134
20.33,1.482,0.137,1.591,4.390,-0.006,4.177
20.34,1.659,0.136,1.601,4.200,-0.006,4.181
20.35,1.545,0.138,1.593,4.164,-0.005,4.178
20.36,1.353,0.139,1.554,4.092,-0.005,4.164
20.37,1.226,0.141,1.500,4.003,-0.004,4.138
20.38,1.616,0.141,1.519,3.927,-0.005,4.101
20.39,1.886,0.140,1.580,4.262,-0.005,4.129
20.40,1.640,0.139,1.589,4.038,-0.004,4.114
20.41,1.640,0.139,1.598,4.365,-0.004,4.156
20.42,1.650,0.141,1.608,3.721,-0.006,4.081
20.43,1.578,0.141,1.602,4.245,-0.006,4.108
20.44,1.519,0.139,1.587,4.188,-0.006,4.122
20.45,1.471,0.137,1.566,4.268,-0.006,4.146
20.46,1.254,0.137,1.513,3.842,-0.006,4.095
20.47,1.502,0.138,1.512,4.258,-0.006,4.122
20.48,1.643,0.137,1.532,3.859,-0.010,4.075
20.49,1.496,0.136,1.526,4.275,-0.011,4.107
20.50,1.632,0.135,1.543,4.453,-0.010,4.166
20.51,1.390,0.136,1.517,4.143,-0.009,4.163
20.52,1.416,0.135,1.499,3.933,-0.009,4.124
20.53,1.490,0.136,1.498,4.199,-0.008,4.138
20.54,1.862,0.138,1.561,3.899,-0.009,4.097
20.55,1.547,0.137,1.557,4.446,-0.010,4.155
20.56,1.413,0.137,1.533,4.211,-0.010,4.164
20.57,1.566,0.137,1.538,4.111,-0.010,4.155
20.58,1.376,0.137,1.511,4.021,-0.011,4.132
20.59,1.920,0.138,1.580,3.919,-0.012,4.095
20.60,1.773,0.138,1.612,4.187,-0.013,4.110
20.61,1.596,0.138,1.610,4.000,-0.014,4.090
20.62,1.533,0.139,1.598,4.175,-0.013,4.105
20.63,1.754,0.139,1.624,4.205,-0.014,4.122
20.64,1.551,0.141,1.613,4.106,-0.013,4.119
20.65,1.679,0.141,1.624,4.180,-0.013,4.129
20.66,1.739,0.140,1.643,4.154,-0.013,4.134
20.67,1.830,0.139,1.674,4.302,-0.013,4.162
20.68,1.492,0.140,1.644,3.964,-0.012,4.130
20.69,1.481,0.140,1.616,3.851,-0.012,4.083
20.70,1.506,0.142,1.599,3.935,-0.013,4.057
20.71,1.601,0.142,1.599,4.366,-0.013,4.109
20.72,1.483,0.141,1.579,4.032,-0.014,4.094
20.73,1.738,0.142,1.606,4.430,-0.014,4.151
20.74,1.599,0.141,1.605,4.223,-0.014,4.163
20.75,1.747,0.141,1.628,3.769,-0.013,4.098
20.76,1.392,0.141,1.589,4.120,-0.012,4.102
20.77,1.182,0.142,1.521,4.182,-0.011,4.116
20.78,1.558,0.142,1.527,4.099,-0.011,4.114
20.79,1.313,0.144,1.492,4.111,-0.010,4.114
20.80,1.508,0.144,1.495,4.402,-0.009,4.163
20.81,1.591,0.145,1.511,4.022,-0.009,4.139
20.82,1.623,0.146,1.531,3.979,-0.009,4.113
20.83,1.606,0.146,1.544,4.232,-0.007,4.134
20.84,1.568,0.147,1.548,4.184,-0.007,4.143
20.85,1.612,0.147,1.559,4.110,-0.007,4.137
20.86,1.647,0.147,1.574,4.187,-0.007,4.145
20.87,1.630,0.147,1.583,4.314,-0.006,4.174
20.88,1.644,0.147,1.593,4.311,-0.005,4.198
20.89,1.873,0.147,1.640,4.203,-0.005,4.199
20.90,1.638,0.147,1.640,4.039,-0.006,4.172
20.91,1.562,0.146,1.625,4.160,-0.005,4.170
20.92,1.645,0.144,1.628,4.266,-0.005,4.187
20.93,1.347,0.145,1.581,4.145,-0.004,4.180
20.94,1.536,0.144,1.573,4.275,-0.004,4.196
20.95,1.658,0.145,1.588,4.088,-0.004,4.178
20.96,1.786,0.144,1.620,4.075,-0.005,4.159
20.97,1.715,0.145,1.637,4.182,-0.005,4.163
20.98,1.648,0.145,1.639,4.004,-0.005,4.137
21.00,1.639,0.145,1.639,4.576,-0.004,4.212
21.00,1.604,0.146,1.634,4.312,-0.004,4.228
21.01,1.588,0.145,1.626,4.407,-0.004,4.259
21.02,1.616,0.144,1.623,4.395,-0.004,4.282
21.04,1.464,0.145,1.597,4.259,-0.003,4.279
21.04,1.545,0.145,1.588,4.385,-0.003,4.297
21.06,1.681,0.144,1.603,4.293,-0.003,4.296
21.06,1.613,0.145,1.606,4.126,-0.003,4.268
21.08,1.759,0.146,1.632,4.242,-0.003,4.263
21.08,1.830,0.145,1.664,4.438,-0.004,4.292
21.09,1.340,0.147,1.612,4.129,-0.005,4.265
21.10,1.782,0.147,1.640,4.210,-0.005,4.255
21.12,1.371,0.146,1.594,4.421,-0.004,4.284
21.13,1.698,0.146,1.611,4.102,-0.002,4.255
21.14,1.501,0.146,1.593,4.248,-0.003,4.253
21.15,1.737,0.146,1.617,4.080,-0.001,4.225
21.16,1.630,0.145,1.618,4.045,-0.001,4.195
21.17,1.738,0.147,1.641,4.371,-0.001,4.224
21.18,1.692,0.146,1.648,4.218,-0.001,4.224
21.19,1.804,0.146,1.674,4.266,-0.001,4.231
21.20,1.475,0.145,1.640,4.363,-0.001,4.253
21.21,1.401,0.146,1.600,4.437,-0.002,4.283
21.22,1.574,0.146,1.596,3.933,-0.003,4.223
21.23,1.516,0.147,1.584,4.046,-0.002,4.195
21.24,1.587,0.149,1.585,4.569,-0.002,4.258
21.25,1.584,0.147,1.583,4.444,-0.002,4.289
21.26,1.522,0.146,1.573,4.195,-0.001,4.274
21.27,1.796,0.147,1.611,4.039,-0.001,4.235
21.28,1.664,0.147,1.620,4.143,-0.001,4.220
21.29,1.506,0.148,1.601,4.059,-0.001,4.193
21.30,1.713,0.149,1.620,4.514,-0.001,4.247
21.31,1.443,0.150,1.592,4.292,-0.001,4.254
21.32,1.665,0.150,1.604,4.148,-0.000,4.237
21.33,1.785,0.150,1.634,4.495,-0.001,4.280
21.34,1.680,0.151,1.643,4.191,-0.002,4.264
21.35,1.605,0.150,1.635,4.339,-0.002,4.277
21.36,1.519,0.151,1.617,4.327,-0.001,4.286
21.37,1.345,0.151,1.571,4.346,0.001,4.298
21.38,1.863,0.150,1.619,4.019,0.000,4.251
21.39,1.704,0.150,1.633,4.320,0.001,4.263
21.40,1.780,0.149,1.657,4.026,-0.000,4.223
21.41,1.621,0.150,1.652,4.226,-0.001,4.223
21.42,1.514,0.150,1.629,4.248,-0.001,4.226
21.43,1.374,0.152,1.587,4.161,-0.001,4.216
21.44,1.646,0.152,1.597,4.014,-0.000,4.182
21.45,1.696,0.152,1.613,4.330,-0.001,4.207
21.46,1.424,0.152,1.581,4.244,-0.001,4.213
21.47,1.468,0.153,1.563,4.075,-0.001,4.189
21.48,1.452,0.154,1.545,4.181,-0.001,4.188
21.49,1.679,0.153,1.567,4.213,0.001,4.194
21.50,1.625,0.154,1.577,4.153,0.000,4.186
21.51,1.444,0.154,1.555,4.230,0.001,4.194
21.52,1.631,0.153,1.566,4.209,0.001,4.197
21.53,1.528,0.154,1.560,3.952,-0.000,4.155
21.54,1.722,0.154,1.587,4.231,-0.001,4.167
21.55,1.485,0.155,1.571,4.263,-0.001,4.183
21.56,1.622,0.154,1.579,4.027,-0.001,4.156
21.57,1.699,0.155,1.600,3.948,-0.001,4.121
21.58,1.512,0.156,1.585,4.195,-0.001,4.134
21.59,1.628,0.156,1.592,4.101,0.001,4.130
21.60,1.638,0.157,1.601,3.968,0.000,4.102
21.61,1.747,0.156,1.624,4.448,-0.000,4.160
21.62,1.879,0.157,1.668,3.838,0.000,4.106
21.63,1.650,0.156,1.665,4.420,-0.000,4.159
21.64,1.715,0.155,1.672,4.373,0.001,4.196
21.65,1.613,0.154,1.661,4.271,0.000,4.208
21.66,1.656,0.153,1.660,4.109,0.000,4.191
21.67,1.730,0.153,1.672,4.217,0.001,4.196
21.68,1.750,0.151,1.683,4.196,0.000,4.195
21.69,1.608,0.150,1.669,4.065,-0.001,4.173
21.70,1.326,0.149,1.611,4.071,0.000,4.156
21.71,1.503,0.149,1.593,4.180,-0.002,4.159
21.72,1.551,0.150,1.586,4.365,-0.001,4.194
21.73,1.818,0.152,1.627,4.155,-0.000,4.188
21.74,1.661,0.154,1.634,4.438,0.000,4.230
21.75,1.660,0.154,1.638,4.336,-0.001,4.247
21.76,1.678,0.153,1.644,4.067,0.000,4.218
21.77,1.424,0.151,1.606,3.916,0.001,4.168
21.78,1.296,0.152,1.554,4.063,0.002,4.151
21.79,1.458,0.151,1.537,4.087,0.002,4.140
21.80,1.775,0.150,1.576,4.133,0.002,4.139
21.81,1.720,0.150,1.601,4.244,0.001,4.156
21.82,1.716,0.151,1.620,4.075,0.001,4.142
21.83,1.390,0.151,1.582,4.172,0.001,4.147
21.84,1.692,0.151,1.600,4.259,0.000,4.165
21.85,1.558,0.150,1.593,4.148,-0.001,4.162
21.86,1.596,0.151,1.593,4.244,-0.001,4.175
21.87,1.556,0.151,1.587,4.181,-0.002,4.175
21.88,1.242,0.152,1.530,4.182,-0.003,4.175
21.89,1.593,0.153,1.541,3.884,-0.002,4.127
21.90,1.556,0.152,1.542,4.311,-0.002,4.158
21.91,1.611,0.152,1.554,3.856,-0.002,4.107
21.92,1.288,0.154,1.511,4.012,-0.003,4.090
21.93,1.593,0.155,1.526,4.151,-0.002,4.101
21.94,1.564,0.154,1.531,4.296,-0.001,4.135
21.95,1.648,0.155,1.551,4.503,-0.000,4.197
21.96,1.544,0.156,1.551,4.055,0.000,4.174
21.97,1.774,0.157,1.589,4.204,-0.001,4.178
21.98,1.546,0.159,1.583,4.073,-0.002,4.159
21.99,1.555,0.158,1.578,4.091,-0.003,4.147
22.00,1.625,0.158,1.585,4.045,-0.002,4.130
22.01,1.491,0.158,1.569,4.256,-0.003,4.151
22.02,1.538,0.159,1.564,4.114,-0.003,4.144
22.03,1.572,0.158,1.565,4.210,-0.006,4.153
22.04,1.701,0.157,1.587,4.013,-0.004,4.131
22.05,1.431,0.157,1.561,4.361,-0.003,4.171
22.06,1.514,0.157,1.553,4.261,-0.004,4.185
22.07,1.514,0.158,1.547,4.197,-0.003,4.188
22.08,1.877,0.158,1.602,4.669,-0.002,4.270
22.09,1.552,0.159,1.595,4.086,-0.003,4.238
22.10,1.621,0.159,1.599,4.025,-0.004,4.202
22.11,1.455,0.159,1.575,3.914,-0.002,4.154
22.12,1.588,0.160,1.577,4.196,-0.002,4.162
22.13,1.659,0.160,1.591,4.362,-0.002,4.195
22.14,1.496,0.160,1.575,3.925,-0.003,4.149
22.15,1.432,0.159,1.550,4.004,-0.004,4.123
22.16,1.514,0.158,1.542,4.131,-0.002,4.126
22.17,1.553,0.159,1.545,4.066,-0.003,4.115
22.18,1.703,0.157,1.570,4.009,-0.003,4.097
22.19,1.486,0.155,1.554,4.074,-0.003,4.093
22.20,1.679,0.152,1.573,4.288,-0.003,4.126
22.21,1.496,0.153,1.560,4.298,-0.004,4.154
22.22,1.518,0.155,1.554,4.245,-0.005,4.169
22.23,1.573,0.156,1.558,4.053,-0.004,4.150
22.24,1.462,0.157,1.543,4.133,-0.003,4.147
22.25,1.755,0.157,1.578,4.013,-0.003,4.125
22.26,1.411,0.155,1.549,4.206,-0.002,4.140
22.27,1.317,0.157,1.511,4.093,-0.002,4.131
22.28,1.531,0.157,1.514,4.204,-0.003,4.143
22.29,1.761,0.155,1.554,4.207,-0.005,4.152
22.30,1.395,0.155,1.528,4.219,-0.004,4.163
22.31,1.736,0.153,1.561,4.098,-0.004,4.153
22.32,1.659,0.155,1.578,4.191,-0.003,4.160
22.33,1.846,0.156,1.624,4.308,-0.003,4.185
22.34,1.546,0.158,1.612,4.320,-0.005,4.206
22.35,1.453,0.159,1.586,4.246,-0.005,4.213
22.36,1.654,0.159,1.598,4.045,-0.005,4.185
22.37,1.568,0.160,1.594,4.064,-0.004,4.165
22.38,1.665,0.160,1.606,4.241,-0.005,4.177
22.39,1.633,0.158,1.608,4.406,-0.005,4.215
22.40,1.473,0.159,1.586,4.152,-0.005,4.205
22.41,1.748,0.159,1.614,4.082,-0.007,4.183
22.42,1.789,0.161,1.645,4.190,-0.006,4.184
22.43,1.613,0.162,1.640,4.212,-0.005,4.190
22.44,1.565,0.162,1.627,4.118,-0.006,4.177
22.45,1.389,0.161,1.586,4.215,-0.005,4.184
22.46,1.427,0.160,1.559,3.849,-0.005,4.128
22.47,2.088,0.162,1.649,3.950,-0.005,4.098
22.48,1.540,0.162,1.631,4.042,-0.005,4.089
22.49,1.710,0.161,1.643,4.237,-0.003,4.115
22.50,1.785,0.161,1.667,4.182,-0.002,4.128
22.51,1.605,0.161,1.657,3.936,-0.002,4.095
22.53,1.654,0.161,1.657,4.094,-0.001,4.096
22.54,1.670,0.163,1.660,4.450,-0.001,4.155
22.54,1.519,0.165,1.638,4.310,-0.000,4.182
22.55,1.423,0.167,1.604,3.940,-0.000,4.141
22.57,1.796,0.164,1.633,4.221,0.000,4.155
22.57,1.660,0.164,1.638,4.252,0.001,4.172
22.58,1.595,0.164,1.631,4.010,0.001,4.145
22.59,1.497,0.164,1.608,3.977,0.001,4.116
22.61,1.558,0.166,1.601,4.131,0.001,4.119
22.62,1.767,0.166,1.629,4.151,0.002,4.125
22.63,1.696,0.166,1.640,4.218,0.003,4.141
22.64,1.783,0.168,1.666,4.042,0.003,4.125
22.65,1.787,0.168,1.686,4.186,0.003,4.135
22.66,1.961,0.168,1.733,4.267,0.003,4.157
22.67,1.787,0.166,1.740,4.212,0.002,4.166
22.68,1.679,0.166,1.730,4.297,0.002,4.188
22.69,1.465,0.166,1.685,4.230,0.002,4.195
22.70,1.721,0.166,1.691,4.160,0.003,4.190
22.71,1.605,0.166,1.677,4.181,0.003,4.188
22.72,1.370,0.166,1.625,4.174,0.003,4.185
22.73,1.609,0.164,1.621,4.243,0.003,4.196
22.74,1.191,0.165,1.549,4.034,0.003,4.168
22.75,1.673,0.165,1.569,4.439,0.002,4.213
22.76,1.548,0.163,1.565,4.044,0.003,4.186
22.77,1.264,0.164,1.515,3.927,0.003,4.142
22.78,1.489,0.164,1.510,3.946,0.002,4.108
22.79,1.922,0.166,1.580,4.009,0.001,4.091
22.80,1.524,0.165,1.570,4.419,0.001,4.146
22.81,1.741,0.167,1.600,4.209,0.001,4.156
22.82,1.382,0.167,1.564,4.153,0.001,4.155
22.83,1.497,0.167,1.552,3.937,0.001,4.119
22.84,1.867,0.166,1.604,4.172,0.001,4.128
22.85,1.446,0.167,1.579,4.224,0.001,4.144
22.86,1.537,0.170,1.573,4.110,0.001,4.138
22.87,1.409,0.170,1.546,4.289,0.002,4.164
22.88,1.695,0.171,1.572,4.024,0.003,4.141
22.89,1.587,0.170,1.573,4.052,0.004,4.127
22.90,1.469,0.172,1.557,4.418,0.003,4.175
22.91,1.746,0.173,1.590,3.994,0.003,4.145
22.92,1.645,0.173,1.599,4.206,0.003,4.155
22.93,1.601,0.175,1.601,4.305,0.002,4.179
22.94,1.679,0.176,1.614,4.119,0.002,4.169
22.95,1.865,0.176,1.656,4.192,0.002,4.173
22.96,1.425,0.177,1.618,4.198,0.001,4.177
22.97,1.444,0.176,1.588,4.340,0.002,4.204
22.98,1.552,0.175,1.581,3.989,0.001,4.168
22.99,1.691,0.174,1.598,4.233,0.001,4.179
23.00,1.604,0.173,1.599,4.346,0.001,4.207
23.01,1.312,0.174,1.550,4.083,0.001,4.186
23.02,1.716,0.173,1.578,4.172,0.002,4.184
23.03,1.489,0.174,1.563,4.273,0.003,4.200
23.04,1.598,0.174,1.569,4.104,0.004,4.185
23.05,1.741,0.173,1.597,4.258,0.003,4.196
23.06,1.839,0.173,1.637,4.373,0.003,4.226
23.07,1.345,0.175,1.590,4.266,0.004,4.234
23.08,1.415,0.174,1.560,4.258,0.004,4.238
23.09,1.499,0.173,1.548,4.392,0.004,4.264
23.10,1.559,0.172,1.549,4.042,0.004,4.227
23.11,1.537,0.172,1.547,4.192,0.005,4.222
23.12,1.727,0.173,1.578,4.224,0.006,4.223
23.13,1.543,0.174,1.573,4.102,0.005,4.202
23.14,1.259,0.172,1.519,4.218,0.004,4.203
23.15,1.815,0.173,1.569,4.292,0.005,4.220
23.16,1.626,0.175,1.580,4.508,0.006,4.269
23.17,1.579,0.176,1.580,4.129,0.007,4.247
23.18,1.557,0.174,1.575,4.036,0.006,4.209
23.19,1.989,0.175,1.646,4.465,0.006,4.253
23.20,1.857,0.176,1.682,4.191,0.005,4.242
23.21,1.654,0.175,1.677,4.179,0.005,4.232
23.22,1.364,0.175,1.624,4.422,0.004,4.263
23.23,1.514,0.176,1.606,4.139,0.005,4.243
23.24,1.636,0.176,1.611,4.242,0.005,4.243
23.25,1.787,0.174,1.639,4.186,0.005,4.233
23.26,1.682,0.174,1.647,4.296,0.004,4.243
23.27,1.470,0.173,1.615,3.979,0.003,4.198
23.28,1.704,0.173,1.630,4.324,0.002,4.218
23.29,1.610,0.173,1.627,4.289,-0.000,4.229
23.30,1.593,0.172,1.621,4.076,-0.001,4.203
23.31,1.699,0.172,1.634,4.226,-0.001,4.206
23.32,1.343,0.172,1.585,4.324,0.001,4.227
23.33,1.600,0.172,1.587,4.195,0.001,4.222
23.34,1.262,0.173,1.534,4.166,-0.000,4.212
23.35,1.414,0.174,1.514,3.946,-0.002,4.166
23.36,1.427,0.175,1.500,4.186,-0.001,4.170
23.37,1.807,0.174,1.551,4.199,-0.001,4.175
23.38,1.762,0.174,1.586,4.115,-0.002,4.164
23.39,1.406,0.172,1.554,4.395,-0.000,4.204
23.40,1.767,0.169,1.587,4.113,0.000,4.190
23.41,1.378,0.169,1.552,4.019,0.002,4.162
23.42,1.927,0.168,1.614,4.441,0.002,4.209
23.43,1.223,0.167,1.547,4.152,0.001,4.199
23.44,1.782,0.169,1.588,4.041,0.001,4.172
23.45,1.909,0.166,1.640,4.033,-0.000,4.148
23.46,1.621,0.168,1.638,4.309,-0.001,4.175
23.47,1.473,0.170,1.612,4.287,0.000,4.194
23.48,1.592,0.169,1.608,4.112,-0.000,4.180
23.49,1.357,0.169,1.565,4.234,-0.001,4.188
23.50,1.781,0.170,1.603,4.161,-0.002,4.183
23.51,1.559,0.172,1.597,4.008,-0.001,4.154
23.52,1.687,0.174,1.614,4.396,-0.002,4.195
23.53,1.620,0.176,1.616,4.265,-0.001,4.207
23.54,1.583,0.177,1.611,3.981,-0.002,4.169
23.55,1.642,0.177,1.616,4.523,-0.002,4.228
23.56,1.600,0.179,1.615,4.025,-0.003,4.193
23.57,1.480,0.180,1.593,4.132,-0.002,4.183
23.58,1.716,0.179,1.613,4.352,-0.003,4.212
23.59,1.603,0.179,1.612,4.077,-0.002,4.190
23.60,1.664,0.179,1.620,4.324,-0.002,4.212
23.61,1.164,0.180,1.544,3.911,-0.001,4.162
23.62,1.323,0.182,1.509,4.374,-0.001,4.198
23.63,1.498,0.184,1.508,4.152,0.001,4.192
23.64,1.607,0.184,1.524,3.956,0.000,4.151
23.65,1.820,0.184,1.574,4.231,-0.001,4.164
23.66,1.931,0.184,1.634,4.126,-0.002,4.157
23.67,1.549,0.184,1.619,4.167,-0.003,4.157
23.68,1.536,0.183,1.605,4.149,-0.002,4.157
23.69,1.495,0.181,1.584,3.986,-0.002,4.128
23.70,1.836,0.179,1.625,3.935,-0.002,4.095
23.71,1.879,0.180,1.669,4.881,-0.004,4.226
23.72,1.360,0.179,1.616,3.784,-0.003,4.153
23.73,1.463,0.176,1.587,3.522,-0.000,4.048
23.74,1.506,0.177,1.574,4.111,-0.004,4.056
23.75,1.512,0.174,1.561,4.217,-0.003,4.084
23.76,1.588,0.175,1.567,3.664,-0.003,4.013
23.77,1.576,0.175,1.568,4.264,-0.002,4.055
23.78,1.176,0.173,1.500,4.448,0.001,4.124
23.79,1.194,0.174,1.449,4.224,-0.000,4.140
23.80,1.466,0.173,1.451,3.943,-0.001,4.106
23.81,1.216,0.175,1.413,4.188,-0.003,4.118
23.82,1.445,0.178,1.421,4.164,-0.004,4.125
23.83,1.650,0.178,1.459,4.110,-0.003,4.123
23.84,2.054,0.179,1.560,4.381,-0.007,4.163
23.85,1.972,0.181,1.630,4.513,-0.007,4.222
23.86,1.676,0.181,1.638,4.396,-0.006,4.252
23.87,1.895,0.183,1.683,4.230,-0.007,4.248
23.88,1.566,0.182,1.662,4.246,-0.005,4.249
23.89,1.612,0.180,1.652,4.245,-0.006,4.248
23.90,1.571,0.179,1.637,4.084,-0.005,4.221
23.91,1.539,0.180,1.622,3.980,-0.005,4.181
23.92,1.215,0.180,1.553,3.765,-0.004,4.112
23.93,1.415,0.182,1.532,3.291,-0.003,3.974
23.94,1.646,0.181,1.550,3.702,-0.002,3.929
23.95,1.916,0.180,1.611,4.199,-0.002,3.974
23.96,1.846,0.179,1.649,4.268,0.001,4.026
23.97,1.724,0.180,1.663,4.407,-0.000,4.089
23.98,1.849,0.181,1.695,5.112,0.000,4.261
23.99,1.853,0.181,1.721,4.349,0.002,4.277
24.00,1.866,0.179,1.744,4.343,0.004,4.290
24.01,1.610,0.177,1.720,4.488,0.005,4.325
24.02,1.613,0.179,1.704,4.076,0.006,4.284
24.04,1.100,0.176,1.599,4.130,0.007,4.259
24.04,1.263,0.177,1.542,4.411,0.008,4.285
24.06,1.161,0.175,1.476,4.172,0.006,4.265
24.07,1.339,0.176,1.454,4.116,0.005,4.239
24.08,1.448,0.176,1.452,4.204,0.005,4.233
24.09,1.567,0.178,1.473,4.138,0.006,4.217
24.10,1.900,0.179,1.545,4.248,0.005,4.222
24.11,1.341,0.181,1.512,4.359,0.003,4.243
24.12,1.279,0.181,1.473,4.080,0.002,4.215
24.13,1.244,0.184,1.437,4.168,0.001,4.207
24.14,1.652,0.183,1.472,3.880,0.000,4.151
24.15,1.896,0.187,1.546,4.114,-0.002,4.143
24.16,1.652,0.188,1.564,4.207,-0.003,4.152
24.17,1.583,0.190,1.569,4.406,-0.004,4.195
24.17,1.923,0.190,1.629,4.164,-0.004,4.190
24.19,2.176,0.189,1.720,4.287,-0.003,4.206
24.20,1.784,0.189,1.731,4.431,-0.004,4.243
24.21,1.636,0.189,1.714,4.418,-0.003,4.274
24.22,1.868,0.190,1.742,4.119,-0.002,4.249
24.23,1.847,0.190,1.760,4.235,-0.001,4.247
24.24,1.586,0.188,1.729,4.207,-0.000,4.241
24.25,1.653,0.187,1.715,3.910,-0.001,4.185
24.26,1.487,0.185,1.675,4.273,0.001,4.201
24.27,1.378,0.186,1.626,4.079,0.002,4.182
24.28,1.550,0.186,1.613,4.083,0.002,4.165
24.29,1.606,0.186,1.612,4.436,0.003,4.211
24.30,1.121,0.187,1.530,4.167,0.004,4.205
24.31,1.368,0.189,1.505,4.316,0.003,4.223
24.32,1.069,0.190,1.432,4.094,0.004,4.202
24.33,1.353,0.188,1.416,4.107,0.003,4.186
24.34,1.763,0.188,1.475,4.322,0.004,4.209
24.35,1.385,0.188,1.459,4.344,0.005,4.233
24.36,1.102,0.189,1.399,4.115,0.006,4.213
24.37,1.648,0.190,1.442,4.130,0.005,4.199
24.38,1.652,0.191,1.478,4.014,0.003,4.166
24.39,1.876,0.192,1.545,3.952,0.004,4.131
24.40,1.538,0.193,1.544,4.039,0.004,4.115
24.41,1.656,0.194,1.564,4.039,0.004,4.102
24.42,1.743,0.194,1.594,4.197,0.003,4.117
24.43,1.842,0.197,1.638,3.932,0.002,4.086
24.44,1.877,0.199,1.680,3.958,0.003,4.065
24.45,1.571,0.200,1.663,3.769,0.005,4.017
24.46,1.764,0.202,1.681,4.024,0.004,4.017
24.47,1.729,0.203,1.690,4.225,0.006,4.053
24.48,1.532,0.201,1.662,4.207,0.006,4.079
24.49,1.415,0.201,1.620,4.202,0.007,4.100
24.50,1.756,0.200,1.642,4.159,0.009,4.111
24.51,1.479,0.201,1.615,4.204,0.009,4.127
24.52,1.605,0.201,1.613,4.239,0.010,4.146
24.53,1.336,0.201,1.567,3.994,0.010,4.121
24.54,1.615,0.200,1.574,3.938,0.012,4.091
24.55,1.345,0.198,1.533,4.448,0.013,4.153
24.56,1.582,0.198,1.541,4.126,0.013,4.149
24.57,1.372,0.199,1.514,4.346,0.015,4.183
24.58,1.325,0.200,1.483,4.213,0.015,4.189
24.59,1.589,0.200,1.500,4.082,0.015,4.170
24.60,1.342,0.202,1.475,4.169,0.014,4.170
24.61,1.470,0.202,1.474,4.299,0.015,4.192
24.62,1.480,0.202,1.474,4.255,0.015,4.203
24.63,1.510,0.203,1.481,4.348,0.015,4.227
24.64,1.297,0.204,1.451,4.084,0.015,4.203
24.65,1.405,0.204,1.443,4.205,0.014,4.203
24.66,1.310,0.206,1.422,4.197,0.012,4.200
24.67,1.712,0.208,1.472,3.897,0.012,4.149
24.68,1.517,0.208,1.479,4.091,0.010,4.138
24.69,1.608,0.207,1.500,4.031,0.010,4.119
24.70,1.836,0.209,1.558,4.535,0.008,4.188
24.71,1.680,0.211,1.579,4.324,0.008,4.210
24.72,1.861,0.210,1.627,4.326,0.007,4.230
24.73,1.841,0.209,1.662,3.921,0.009,4.179
24.74,1.639,0.209,1.658,4.199,0.009,4.182
24.75,1.655,0.208,1.657,3.905,0.011,4.137
24.76,1.633,0.208,1.652,4.282,0.011,4.161
24.77,1.632,0.208,1.649,3.843,0.011,4.108
24.78,1.453,0.207,1.615,4.184,0.012,4.121
24.79,1.465,0.206,1.589,4.327,0.012,4.156
24.80,1.279,0.207,1.538,4.409,0.014,4.199
24.81,1.407,0.207,1.515,4.386,0.014,4.231
24.82,1.557,0.206,1.522,4.281,0.013,4.239
24.83,1.045,0.206,1.441,4.256,0.012,4.241
24.84,1.538,0.207,1.458,4.305,0.012,4.251
24.85,1.479,0.206,1.461,4.282,0.012,4.257
24.86,1.400,0.207,1.451,4.264,0.012,4.259
24.87,1.462,0.207,1.452,4.329,0.012,4.270
24.88,1.487,0.209,1.460,4.112,0.010,4.242
24.89,1.300,0.208,1.432,4.296,0.011,4.252
24.90,1.585,0.211,1.460,4.060,0.011,4.220
24.91,1.555,0.211,1.475,4.303,0.011,4.234
24.92,1.463,0.212,1.474,4.136,0.011,4.217
24.93,1.541,0.212,1.485,4.085,0.011,4.195
24.94,1.648,0.212,1.512,4.163,0.009,4.188
24.95,1.609,0.213,1.529,4.495,0.009,4.240
24.96,1.672,0.217,1.556,4.062,0.006,4.208
24.97,1.521,0.217,1.550,4.108,0.007,4.191
24.98,1.712,0.216,1.576,4.308,0.006,4.211
24.99,1.767,0.216,1.608,4.340,0.007,4.233
25.00,1.717,0.217,1.627,4.172,0.007,4.223
25.01,1.853,0.216,1.664,4.011,0.006,4.186
25.02,1.304,0.216,1.604,3.873,0.005,4.133
25.03,1.748,0.217,1.629,4.342,0.006,4.169
25.04,1.453,0.216,1.598,4.183,0.006,4.171
25.05,1.838,0.216,1.638,4.530,0.007,4.232
25.06,1.355,0.215,1.589,4.112,0.007,4.212
25.07,1.571,0.216,1.587,4.276,0.006,4.222
25.08,1.661,0.217,1.600,4.361,0.006,4.245
25.09,1.687,0.217,1.614,4.283,0.007,4.253
25.10,1.493,0.218,1.595,4.370,0.007,4.272
25.11,1.657,0.216,1.603,4.160,0.008,4.255
25.12,1.503,0.216,1.586,4.185,0.009,4.244
25.13,1.428,0.216,1.560,4.198,0.009,4.236
25.14,1.463,0.216,1.543,4.172,0.007,4.224
25.15,1.481,0.217,1.534,4.155,0.007,4.212
25.16,1.589,0.218,1.543,4.466,0.006,4.254
25.17,1.501,0.217,1.535,4.095,0.006,4.228
25.18,1.430,0.218,1.518,4.175,0.006,4.218
25.19,1.632,0.217,1.536,4.173,0.004,4.210
25.20,1.483,0.219,1.529,4.184,0.004,4.205
25.21,1.452,0.218,1.515,4.270,0.004,4.216
25.22,1.868,0.218,1.574,4.134,0.004,4.202
25.23,1.690,0.219,1.594,4.395,0.002,4.233
25.24,1.572,0.219,1.590,4.086,0.003,4.209
25.25,1.435,0.219,1.564,4.189,0.003,4.206
25.26,1.819,0.217,1.605,4.008,0.002,4.172
25.27,1.680,0.218,1.618,4.049,0.003,4.152
25.28,1.592,0.216,1.613,4.068,0.003,4.138
25.29,1.833,0.218,1.651,3.889,0.004,4.097
25.30,1.598,0.218,1.643,3.727,0.004,4.034
25.31,1.627,0.216,1.638,4.088,0.006,4.044
25.32,1.572,0.216,1.627,4.573,0.006,4.134
25.33,1.437,0.219,1.597,4.193,0.006,4.144
25.34,1.743,0.217,1.620,4.164,0.007,4.147
25.35,1.511,0.217,1.602,4.274,0.006,4.168
25.36,1.525,0.216,1.588,4.353,0.005,4.198
25.37,1.714,0.215,1.608,4.357,0.005,4.225
25.38,1.529,0.214,1.594,4.105,0.004,4.204
25.39,1.316,0.213,1.546,4.317,0.002,4.222
25.40,1.599,0.212,1.554,4.150,0.005,4.212
25.42,1.702,0.212,1.579,4.184,0.003,4.206
25.42,1.467,0.213,1.561,4.284,0.004,4.219
25.43,1.360,0.214,1.527,4.228,0.005,4.222
25.45,1.608,0.215,1.542,4.336,0.005,4.241
25.45,1.525,0.217,1.540,4.119,0.005,4.221
25.46,1.643,0.218,1.559,4.105,0.006,4.202
25.47,1.690,0.221,1.583,4.058,0.004,4.177
25.48,1.739,0.222,1.610,4.205,0.006,4.182
25.49,1.541,0.222,1.598,4.346,0.004,4.209
25.50,1.639,0.220,1.604,4.223,0.003,4.210
25.51,1.814,0.221,1.639,4.314,0.002,4.227
25.53,1.443,0.222,1.607,4.472,0.001,4.267
25.53,1.623,0.223,1.611,4.019,0.001,4.225
25.54,1.744,0.225,1.634,4.274,-0.001,4.233
25.55,1.652,0.224,1.636,4.280,-0.000,4.241
25.56,1.565,0.224,1.625,3.806,0.001,4.169
25.58,1.731,0.224,1.642,4.378,0.001,4.205
25.59,1.382,0.225,1.599,4.348,0.002,4.230
25.60,1.889,0.226,1.649,4.008,0.003,4.193
25.61,1.960,0.226,1.701,4.029,0.003,4.166
25.62,1.723,0.226,1.705,4.105,0.005,4.156
25.63,1.528,0.226,1.675,4.273,0.005,4.176
25.64,1.779,0.227,1.694,4.191,0.005,4.178
25.65,1.543,0.227,1.669,4.244,0.005,4.190
25.66,1.475,0.228,1.637,4.352,0.004,4.217
25.67,1.353,0.227,1.588,4.181,0.004,4.211
25.68,1.758,0.229,1.618,4.274,0.004,4.221
25.69,1.565,0.226,1.607,4.095,0.004,4.200
25.70,1.538,0.227,1.596,4.298,0.005,4.217
25.71,1.635,0.228,1.603,4.060,0.005,4.191
25.72,1.614,0.227,1.604,3.972,0.006,4.155
25.73,1.841,0.228,1.644,4.414,0.004,4.197
25.74,1.397,0.225,1.600,4.304,0.005,4.216
25.75,1.714,0.223,1.618,4.370,0.004,4.241
25.76,1.511,0.223,1.600,4.265,0.004,4.245
25.77,1.678,0.225,1.614,3.968,0.004,4.198
25.78,1.319,0.225,1.565,4.006,0.004,4.166
25.79,1.787,0.225,1.602,4.152,0.004,4.164
25.80,1.531,0.227,1.591,4.082,0.004,4.150
25.81,1.979,0.226,1.655,4.142,0.004,4.149
25.82,1.879,0.225,1.693,4.155,0.004,4.150
25.83,1.552,0.224,1.668,3.992,0.004,4.122
25.84,1.431,0.224,1.628,4.306,0.003,4.153
25.85,1.597,0.221,1.621,4.210,0.005,4.164
25.86,1.734,0.220,1.638,4.519,0.005,4.224
25.87,1.525,0.219,1.618,3.983,0.005,4.184
25.88,1.391,0.220,1.581,4.452,0.005,4.228
25.89,1.412,0.218,1.551,4.107,0.005,4.208
25.90,1.670,0.219,1.572,4.024,0.007,4.178
25.91,1.461,0.220,1.553,3.956,0.007,4.141
25.92,1.586,0.218,1.558,4.168,0.008,4.146
25.93,1.347,0.220,1.523,4.166,0.008,4.149
25.94,1.596,0.218,1.534,4.247,0.008,4.166
25.95,1.639,0.216,1.550,4.191,0.007,4.170
25.96,1.495,0.216,1.540,3.953,0.007,4.133
25.97,1.511,0.217,1.536,4.317,0.007,4.164
25.98,1.202,0.216,1.479,3.789,0.006,4.100
25.99,1.845,0.218,1.542,4.270,0.005,4.128
26.00,1.756,0.216,1.576,4.293,0.005,4.155
26.01,1.639,0.217,1.587,4.359,0.006,4.190
26.02,1.442,0.216,1.562,3.949,0.005,4.149
26.03,1.860,0.217,1.613,4.121,0.005,4.144
26.04,1.554,0.218,1.603,4.102,0.004,4.137
26.05,1.629,0.217,1.607,4.406,0.005,4.182
26.06,1.722,0.217,1.626,3.979,0.004,4.147
26.07,1.604,0.217,1.622,4.298,0.002,4.171
26.08,1.818,0.216,1.655,4.261,0.002,4.186
26.09,1.552,0.215,1.636,4.308,0.002,4.207
26.10,1.527,0.216,1.618,4.316,0.001,4.225
26.11,1.778,0.216,1.645,3.963,0.001,4.181
26.12,1.989,0.216,1.703,4.111,0.001,4.169
26.13,1.310,0.215,1.636,4.365,0.001,4.202
26.14,1.666,0.213,1.639,4.194,0.000,4.200
26.15,1.593,0.212,1.631,4.244,0.001,4.208
26.16,1.428,0.210,1.595,4.415,0.001,4.243
26.17,1.471,0.209,1.573,4.023,0.002,4.207
26.18,1.388,0.209,1.542,4.198,0.002,4.205
26.19,1.239,0.209,1.491,4.460,0.002,4.248
26.20,1.715,0.211,1.530,4.024,0.001,4.209
26.21,1.522,0.211,1.528,4.188,0.002,4.206
26.22,1.426,0.211,1.511,4.045,0.002,4.180
26.23,1.404,0.211,1.493,4.318,0.003,4.204
26.24,1.549,0.209,1.501,4.167,0.003,4.198
26.25,1.750,0.210,1.543,4.085,0.004,4.179
26.26,1.902,0.208,1.603,4.054,0.004,4.158
26.27,1.650,0.208,1.610,3.892,0.004,4.113
26.28,1.642,0.206,1.614,4.123,0.005,4.115
26.29,1.346,0.207,1.569,4.141,0.006,4.120
26.30,1.681,0.206,1.588,4.125,0.007,4.122
26.31,1.912,0.209,1.644,3.998,0.008,4.102
26.32,1.330,0.210,1.593,4.204,0.008,4.119
26.33,1.743,0.209,1.617,3.939,0.008,4.088
26.34,1.737,0.209,1.637,4.283,0.008,4.121
26.35,1.429,0.210,1.602,3.862,0.008,4.077
26.36,1.417,0.210,1.572,3.988,0.010,4.064
26.37,1.453,0.210,1.551,4.542,0.009,4.143
26.38,1.753,0.210,1.585,4.179,0.009,4.149
26.39,1.652,0.210,1.597,4.183,0.009,4.155
26.40,1.527,0.209,1.584,4.109,0.009,4.148
26.41,1.589,0.209,1.585,4.079,0.009,4.136
26.42,1.813,0.210,1.623,4.263,0.008,4.156
26.43,1.750,0.209,1.644,4.047,0.009,4.139
26.44,1.399,0.211,1.604,4.418,0.010,4.186
26.45,1.548,0.209,1.593,4.251,0.010,4.197
26.46,1.370,0.209,1.555,4.331,0.010,4.220
26.47,1.690,0.210,1.578,4.277,0.009,4.228
26.48,1.429,0.208,1.552,4.142,0.008,4.214
26.49,1.596,0.210,1.561,4.407,0.008,4.246
26.50,1.703,0.209,1.583,4.512,0.009,4.291
26.51,1.536,0.208,1.575,4.214,0.009,4.278
26.52,1.681,0.210,1.594,3.942,0.009,4.223
26.53,1.460,0.210,1.572,4.324,0.010,4.240
26.54,1.672,0.211,1.589,4.018,0.010,4.203
26.55,1.550,0.210,1.582,4.133,0.012,4.193
26.56,1.692,0.213,1.602,4.234,0.010,4.198
26.57,1.644,0.212,1.609,3.934,0.009,4.153
26.58,1.640,0.213,1.615,4.228,0.010,4.166
26.59,1.453,0.214,1.588,4.390,0.009,4.203
26.60,1.690,0.217,1.608,4.145,0.007,4.192
26.61,1.594,0.218,1.606,4.313,0.008,4.212
26.62,1.515,0.220,1.593,3.924,0.008,4.164
26.63,1.677,0.221,1.607,4.114,0.008,4.155
26.64,1.651,0.221,1.615,4.037,0.008,4.136
26.65,1.555,0.222,1.605,4.315,0.008,4.166
26.66,1.213,0.224,1.541,4.093,0.008,4.154
26.67,1.560,0.225,1.544,4.020,0.009,4.132
26.68,1.579,0.224,1.549,4.540,0.009,4.201
26.69,1.587,0.225,1.557,4.403,0.009,4.235
26.70,1.584,0.226,1.562,4.083,0.010,4.210
26.71,1.508,0.227,1.553,4.270,0.012,4.222
26.72,1.690,0.226,1.575,4.048,0.012,4.192
26.73,1.464,0.225,1.556,4.365,0.011,4.220
26.74,1.547,0.226,1.555,4.196,0.011,4.216
26.75,1.538,0.227,1.553,4.102,0.011,4.197
26.76,1.439,0.227,1.533,4.031,0.010,4.168
26.77,1.748,0.228,1.570,4.125,0.011,4.162
26.78,1.839,0.227,1.615,3.951,0.011,4.126
26.79,1.262,0.229,1.557,3.874,0.013,4.085
26.80,1.536,0.230,1.554,4.109,0.012,4.088
26.81,1.561,0.229,1.555,4.023,0.014,4.078
26.82,1.688,0.230,1.578,4.032,0.014,4.071
26.83,1.617,0.230,1.584,4.374,0.015,4.122
26.84,1.761,0.232,1.615,4.183,0.015,4.132
26.85,1.981,0.231,1.676,3.899,0.016,4.094
26.86,1.461,0.231,1.640,3.937,0.015,4.066
26.88,1.543,0.231,1.623,4.268,0.014,4.099
26.88,1.677,0.229,1.631,4.100,0.014,4.099
26.89,2.039,0.230,1.700,4.404,0.013,4.149
26.90,1.570,0.230,1.679,4.130,0.013,4.147
26.91,1.457,0.228,1.640,4.001,0.014,4.123
26.93,1.662,0.229,1.644,4.113,0.014,4.121
26.94,1.530,0.229,1.624,4.300,0.015,4.152
26.94,1.608,0.230,1.623,4.175,0.015,4.156
26.96,1.504,0.232,1.604,4.431,0.014,4.201
26.96,1.832,0.231,1.642,4.235,0.013,4.206
26.98,1.398,0.229,1.600,4.159,0.013,4.198
26.98,1.761,0.231,1.628,4.376,0.013,4.228
26.99,1.587,0.231,1.621,4.111,0.014,4.209
27.00,1.538,0.230,1.606,3.978,0.016,4.172
27.01,1.674,0.231,1.618,4.191,0.016,4.175
27.03,1.436,0.232,1.588,4.097,0.015,4.161
27.03,1.433,0.232,1.562,3.908,0.015,4.118
27.05,1.393,0.232,1.534,4.438,0.013,4.171
27.06,1.348,0.232,1.502,4.427,0.014,4.214
27.07,1.675,0.233,1.532,3.902,0.014,4.162
27.07,1.679,0.235,1.558,4.044,0.014,4.142
27.08,1.465,0.236,1.543,4.187,0.015,4.150
27.10,1.929,0.235,1.607,4.413,0.014,4.194
27.11,1.508,0.235,1.590,4.363,0.016,4.224
27.12,1.362,0.235,1.551,4.280,0.016,4.233
27.13,1.612,0.236,1.562,4.064,0.015,4.204
27.14,1.506,0.235,1.552,4.179,0.015,4.200
27.15,1.404,0.236,1.528,4.019,0.015,4.169
27.16,1.712,0.237,1.559,4.124,0.015,4.161
27.17,1.635,0.237,1.572,4.632,0.014,4.240
27.18,1.608,0.239,1.579,4.359,0.015,4.261
27.19,1.584,0.242,1.582,3.764,0.016,4.178
27.20,1.584,0.241,1.582,3.779,0.016,4.111
27.21,1.352,0.241,1.543,4.243,0.016,4.133
27.22,1.410,0.242,1.522,4.318,0.017,4.165
27.23,1.957,0.240,1.593,4.287,0.018,4.187
27.24,1.320,0.238,1.545,3.910,0.018,4.140
27.25,1.752,0.237,1.579,4.245,0.018,4.158
27.26,1.427,0.238,1.554,4.379,0.018,4.195
27.27,1.448,0.237,1.536,4.595,0.019,4.263
27.28,1.419,0.240,1.518,4.045,0.020,4.227
27.29,1.593,0.238,1.529,4.151,0.020,4.214
27.30,1.780,0.238,1.571,4.144,0.020,4.203
27.31,1.631,0.239,1.582,4.160,0.021,4.196
27.32,1.312,0.239,1.537,4.326,0.020,4.217
27.33,1.510,0.239,1.532,4.508,0.019,4.265
27.34,1.198,0.239,1.476,4.209,0.020,4.256
27.35,1.584,0.238,1.492,4.177,0.021,4.244
27.36,1.709,0.237,1.528,4.395,0.020,4.269
27.37,1.405,0.237,1.507,4.483,0.019,4.304
27.38,1.461,0.237,1.500,4.130,0.020,4.276
27.39,1.739,0.237,1.539,4.010,0.020,4.231
27.40,1.787,0.236,1.580,4.186,0.020,4.224
27.41,1.667,0.237,1.595,4.364,0.020,4.247
27.42,1.280,0.236,1.541,4.050,0.019,4.213
27.43,1.521,0.236,1.538,4.218,0.019,4.214
27.44,1.631,0.237,1.554,4.346,0.020,4.237
27.45,1.779,0.237,1.592,4.697,0.020,4.314
27.46,1.372,0.236,1.554,4.001,0.019,4.262
27.47,1.427,0.235,1.532,4.082,0.019,4.231
27.48,1.555,0.236,1.536,4.344,0.018,4.250
27.49,1.676,0.236,1.559,4.003,0.019,4.209
27.50,1.907,0.236,1.617,4.296,0.018,4.223
27.51,1.574,0.234,1.609,4.215,0.018,4.222
27.52,1.539,0.235,1.597,3.983,0.018,4.181
27.53,1.663,0.235,1.609,4.162,0.018,4.178
27.54,1.634,0.236,1.614,4.167,0.018,4.176
27.55,1.870,0.238,1.658,4.178,0.018,4.176
27.56,1.752,0.237,1.673,4.069,0.018,4.158
27.57,1.858,0.237,1.704,4.059,0.019,4.143
27.58,1.420,0.238,1.658,4.429,0.019,4.190
27.59,1.683,0.239,1.662,3.810,0.019,4.127
27.60,1.639,0.238,1.658,4.150,0.018,4.130
27.61,1.382,0.237,1.610,4.195,0.018,4.140
27.62,1.581,0.238,1.606,4.178,0.019,4.148
27.63,1.652,0.239,1.615,4.308,0.019,4.175
27.64,1.618,0.239,1.615,3.980,0.018,4.141
27.65,1.886,0.240,1.662,4.043,0.019,4.125
27.66,1.759,0.240,1.678,4.227,0.019,4.142
27.67,1.359,0.239,1.624,4.284,0.019,4.166
27.68,1.670,0.239,1.631,4.133,0.020,4.161
27.69,1.359,0.239,1.585,4.502,0.019,4.218
27.70,1.500,0.237,1.569,4.118,0.019,4.202
27.71,1.495,0.236,1.556,4.080,0.020,4.182
27.72,1.519,0.236,1.549,3.923,0.021,4.139
27.73,1.869,0.236,1.603,4.328,0.022,4.171
27.74,1.601,0.237,1.603,4.145,0.022,4.167
27.75,1.531,0.236,1.590,3.951,0.021,4.130
27.76,1.578,0.234,1.587,4.161,0.022,4.135
27.77,1.517,0.236,1.576,4.111,0.022,4.132
27.78,1.804,0.235,1.614,4.312,0.021,4.161
27.79,1.503,0.234,1.594,4.520,0.021,4.221
27.80,1.604,0.232,1.594,4.162,0.020,4.210
27.81,1.827,0.234,1.635,4.271,0.019,4.220
27.82,1.493,0.236,1.613,4.050,0.020,4.192
27.83,1.736,0.236,1.634,4.400,0.019,4.226
27.84,1.456,0.236,1.603,4.037,0.018,4.193
27.85,1.418,0.234,1.571,4.033,0.018,4.166
27.86,1.509,0.234,1.560,4.128,0.018,4.160
27.87,1.620,0.232,1.568,4.155,0.017,4.158
27.88,1.340,0.231,1.529,4.260,0.015,4.173
27.89,1.734,0.233,1.565,3.999,0.016,4.145
27.90,1.563,0.231,1.563,4.513,0.016,4.207
27.91,1.507,0.230,1.553,3.987,0.017,4.171
27.92,1.290,0.233,1.511,4.229,0.018,4.181
27.93,1.468,0.232,1.503,3.811,0.016,4.118
27.94,1.536,0.232,1.508,4.226,0.017,4.137
27.95,1.958,0.232,1.583,4.339,0.018,4.171
27.96,1.666,0.231,1.596,4.135,0.017,4.164
27.97,1.853,0.233,1.641,4.673,0.016,4.249
27.98,1.608,0.233,1.635,4.230,0.014,4.244
27.99,1.523,0.232,1.616,3.924,0.015,4.192
28.00,1.294,0.236,1.565,3.963,0.011,4.150
28.01,1.630,0.234,1.574,4.317,0.016,4.182
28.02,1.533,0.233,1.566,3.911,0.017,4.137
28.03,1.723,0.235,1.594,4.200,0.014,4.145
28.04,1.299,0.236,1.546,4.152,0.016,4.148
28.05,1.844,0.237,1.596,4.278,0.015,4.169
28.06,1.388,0.239,1.563,3.947,0.016,4.132
28.07,1.491,0.237,1.549,3.793,0.017,4.076
28.08,1.557,0.237,1.550,4.238,0.014,4.101
28.09,1.498,0.236,1.540,4.279,0.016,4.132
28.10,1.751,0.234,1.574,4.242,0.015,4.150
28.11,1.520,0.234,1.565,4.070,0.016,4.136
28.12,1.957,0.233,1.630,4.215,0.015,4.149
28.13,1.378,0.234,1.588,4.024,0.014,4.127
28.14,1.576,0.235,1.587,4.254,0.018,4.152
28.15,1.595,0.236,1.589,4.300,0.018,4.177
28.16,1.390,0.237,1.556,4.401,0.017,4.214
28.17,1.335,0.238,1.519,4.087,0.018,4.193
28.18,1.473,0.237,1.511,3.988,0.017,4.158
28.19,1.362,0.239,1.487,4.268,0.019,4.179
28.20,1.634,0.240,1.513,4.277,0.019,4.195
28.21,1.399,0.242,1.494,4.179,0.019,4.192
28.22,1.797,0.242,1.545,4.176,0.020,4.191
28.23,1.723,0.243,1.576,3.981,0.020,4.155
28.24,1.456,0.242,1.555,3.899,0.019,4.111
28.25,1.646,0.242,1.570,3.999,0.020,4.093
28.26,1.244,0.243,1.516,4.183,0.020,4.108
28.27,1.719,0.242,1.549,4.007,0.020,4.091
28.28,1.425,0.241,1.527,4.209,0.021,4.111
28.29,1.719,0.240,1.558,4.058,0.021,4.102
28.30,1.535,0.240,1.554,4.213,0.020,4.120
28.31,1.552,0.241,1.555,4.225,0.020,4.137
28.32,1.602,0.242,1.564,4.183,0.020,4.146
28.33,1.599,0.244,1.571,3.982,0.020,4.118
28.35,1.552,0.242,1.566,4.289,0.020,4.146
28.35,1.769,0.242,1.600,4.143,0.018,4.145
28.36,1.818,0.242,1.636,4.092,0.018,4.135
28.37,1.493,0.241,1.612,4.076,0.018,4.125
28.38,1.588,0.242,1.608,4.397,0.018,4.171
28.40,1.373,0.242,1.569,4.014,0.018,4.144
28.40,1.320,0.243,1.527,4.377,0.017,4.182
28.42,1.822,0.244,1.577,4.512,0.017,4.238
28.43,1.806,0.244,1.616,4.315,0.016,4.251
28.44,1.655,0.243,1.622,4.181,0.016,4.239
28.44,1.442,0.245,1.593,4.072,0.015,4.210
28.45,1.571,0.243,1.588,4.383,0.016,4.240
28.46,1.736,0.246,1.615,4.027,0.015,4.203
28.48,1.346,0.247,1.570,4.342,0.015,4.226
28.48,1.568,0.245,1.569,4.694,0.015,4.305
28.50,1.609,0.242,1.572,4.351,0.014,4.312
28.50,1.674,0.241,1.589,4.254,0.015,4.303
28.52,1.574,0.240,1.585,4.184,0.016,4.284
28.53,1.475,0.240,1.567,3.661,0.015,4.179
28.53,1.358,0.241,1.532,4.259,0.014,4.192
28.55,1.508,0.241,1.528,4.180,0.016,4.191
28.56,1.441,0.239,1.512,4.069,0.014,4.169
28.57,1.347,0.239,1.484,4.112,0.014,4.160
28.58,1.511,0.240,1.489,4.208,0.012,4.166
28.59,1.816,0.239,1.543,4.244,0.012,4.179
28.60,1.459,0.239,1.528,4.121,0.012,4.169
28.61,1.405,0.240,1.508,4.149,0.011,4.165
28.61,1.772,0.242,1.554,4.307,0.012,4.189
28.63,1.624,0.242,1.566,4.033,0.012,4.163
28.64,1.501,0.243,1.556,4.462,0.012,4.213
28.65,1.434,0.245,1.536,4.225,0.010,4.214
28.66,1.507,0.244,1.531,4.046,0.008,4.184
28.67,1.582,0.246,1.541,4.041,0.008,4.160
28.68,1.800,0.244,1.583,4.096,0.008,4.149
28.69,1.531,0.245,1.575,4.111,0.007,4.141
28.70,1.411,0.244,1.546,4.122,0.006,4.137
28.71,1.735,0.246,1.579,4.278,0.006,4.161
28.72,1.455,0.245,1.558,4.307,0.009,4.188
28.73,1.739,0.245,1.588,4.506,0.008,4.241
28.74,1.690,0.244,1.604,4.166,0.007,4.227
28.75,1.579,0.245,1.600,4.262,0.008,4.234
28.76,1.718,0.243,1.618,4.176,0.004,4.221
28.77,1.502,0.242,1.599,4.125,0.004,4.205
28.78,1.255,0.242,1.540,3.874,0.004,4.150
28.79,1.535,0.243,1.540,4.154,0.003,4.149
28.80,1.444,0.243,1.524,4.404,0.003,4.192
28.81,1.737,0.242,1.559,4.149,0.003,4.184
28.82,1.370,0.242,1.527,3.787,0.002,4.117
28.83,1.748,0.242,1.564,3.972,0.001,4.092
28.84,1.450,0.240,1.543,4.435,0.001,4.150
28.85,1.525,0.241,1.540,4.311,0.001,4.177
28.86,1.706,0.242,1.569,3.930,-0.001,4.134
28.87,1.569,0.241,1.569,4.153,-0.000,4.138
28.88,1.508,0.240,1.557,4.180,0.001,4.146
28.89,1.574,0.240,1.560,4.393,0.002,4.188
28.90,1.875,0.241,1.613,4.081,0.001,4.169
28.91,1.577,0.238,1.605,4.159,0.002,4.168
28.92,1.734,0.240,1.628,4.563,0.001,4.234
28.93,1.485,0.241,1.605,4.537,0.001,4.285
28.94,1.898,0.240,1.654,4.265,0.003,4.283
28.95,1.686,0.241,1.659,4.280,0.002,4.282
28.96,1.798,0.241,1.683,3.804,0.003,4.203
28.97,1.614,0.239,1.670,4.397,0.003,4.235
28.98,1.443,0.240,1.633,4.351,0.004,4.256
28.99,1.622,0.241,1.632,4.219,0.003,4.249
29.00,1.598,0.241,1.626,4.231,0.004,4.247
29.01,1.297,0.242,1.571,4.089,0.005,4.221
29.02,1.730,0.241,1.597,3.929,0.005,4.172
29.03,1.339,0.240,1.553,4.052,0.006,4.152
29.04,1.373,0.238,1.521,4.256,0.005,4.169
29.05,1.398,0.237,1.499,4.038,0.005,4.147
29.06,1.277,0.240,1.464,4.293,0.004,4.171
29.07,1.662,0.239,1.496,4.282,0.004,4.190
29.08,1.518,0.239,1.500,4.283,0.002,4.204
29.09,1.256,0.240,1.459,4.208,0.002,4.204
29.10,1.701,0.241,1.500,4.266,0.003,4.216
29.11,1.428,0.240,1.488,4.244,0.003,4.220
29.12,1.834,0.242,1.547,3.977,0.002,4.179
29.13,1.771,0.243,1.585,4.340,0.001,4.205
29.14,1.719,0.242,1.607,4.240,0.001,4.211
29.15,1.455,0.243,1.582,4.329,0.001,4.231
29.16,1.468,0.241,1.561,4.283,0.001,4.240
29.17,1.770,0.240,1.596,4.229,0.003,4.240
29.18,1.340,0.240,1.552,4.285,0.004,4.248
29.19,1.499,0.240,1.543,4.015,0.003,4.208
29.20,1.527,0.239,1.540,3.882,0.003,4.153
29.21,1.633,0.239,1.555,4.054,0.003,4.136
29.22,1.517,0.237,1.547,3.856,0.003,4.089
29.23,1.485,0.236,1.536,4.156,0.003,4.100
29.24,1.621,0.238,1.551,4.206,0.003,4.118
29.25,1.516,0.238,1.545,3.937,0.002,4.087
29.26,1.483,0.237,1.534,4.632,0.002,4.178
29.27,1.231,0.237,1.483,4.298,0.001,4.197
29.28,1.687,0.236,1.516,4.353,-0.000,4.222
29.29,1.514,0.238,1.517,4.130,-0.002,4.206
29.30,1.432,0.238,1.502,4.239,-0.003,4.210
29.31,1.529,0.239,1.508,3.950,-0.004,4.166
29.32,1.712,0.238,1.541,4.377,-0.004,4.201
29.33,1.563,0.237,1.543,4.101,-0.006,4.183
29.34,1.651,0.238,1.562,4.087,-0.005,4.167
29.35,1.541,0.238,1.559,4.094,-0.006,4.154
29.36,1.390,0.237,1.529,4.058,-0.006,4.137
29.37,1.327,0.236,1.495,4.016,-0.007,4.116
29.38,1.512,0.238,1.499,3.992,-0.007,4.096
29.39,1.776,0.241,1.547,4.412,-0.006,4.149
29.40,1.464,0.243,1.535,4.354,-0.008,4.182
29.41,1.595,0.242,1.545,4.431,-0.007,4.225
29.42,1.551,0.244,1.546,3.998,-0.007,4.187
29.43,1.659,0.242,1.564,4.081,-0.008,4.169
29.44,1.410,0.243,1.539,4.433,-0.008,4.213
29.45,1.331,0.243,1.504,4.037,-0.008,4.183
29.46,1.616,0.242,1.521,4.046,-0.007,4.161
29.47,1.508,0.243,1.520,4.200,-0.007,4.168
29.48,1.336,0.241,1.488,4.008,-0.004,4.143
29.49,1.626,0.241,1.510,4.398,-0.005,4.185
29.50,1.528,0.240,1.513,4.520,-0.005,4.242
29.51,1.603,0.241,1.528,4.077,-0.006,4.214
29.52,1.570,0.240,1.535,4.433,-0.006,4.250
29.53,1.640,0.241,1.553,4.093,-0.005,4.225
29.54,1.771,0.241,1.590,4.149,-0.005,4.212
29.55,1.857,0.240,1.633,4.115,-0.005,4.196
29.56,1.570,0.240,1.623,4.373,-0.006,4.225
29.57,1.507,0.241,1.604,4.328,-0.008,4.241
29.58,1.625,0.240,1.607,3.985,-0.006,4.200
29.59,1.589,0.241,1.604,4.258,-0.005,4.210
29.60,1.559,0.241,1.597,4.104,-0.005,4.192
29.61,1.255,0.241,1.539,4.202,-0.005,4.194
29.62,1.571,0.242,1.545,3.973,-0.006,4.156
29.63,1.278,0.243,1.501,4.054,-0.005,4.140
29.64,1.555,0.244,1.511,4.356,-0.006,4.176
29.65,1.331,0.244,1.480,4.183,-0.007,4.176
29.66,1.631,0.245,1.506,4.317,-0.008,4.199
29.67,1.561,0.246,1.516,4.293,-0.007,4.215
29.68,1.618,0.244,1.532,4.260,-0.006,4.224
29.69,1.563,0.245,1.538,4.121,-0.006,4.206
29.70,1.431,0.246,1.520,4.133,-0.004,4.196
29.71,1.826,0.247,1.572,4.116,-0.004,4.183
29.72,1.543,0.248,1.568,4.032,-0.004,4.157
29.73,1.705,0.247,1.591,4.147,-0.005,4.154
29.74,1.979,0.248,1.656,4.266,-0.006,4.172
29.75,1.517,0.246,1.631,3.870,-0.005,4.122
29.76,1.421,0.246,1.596,4.118,-0.005,4.121
29.77,1.473,0.247,1.576,4.103,-0.005,4.119
29.78,1.653,0.245,1.588,4.067,-0.005,4.110
29.79,1.865,0.245,1.634,4.061,-0.005,4.102
29.80,1.594,0.245,1.627,4.453,-0.004,4.161
29.81,1.476,0.243,1.600,3.902,-0.004,4.117
29.82,1.498,0.242,1.582,3.871,-0.006,4.075
29.83,1.471,0.241,1.563,3.883,-0.004,4.044
29.84,1.613,0.242,1.572,4.147,-0.004,4.061
29.85,1.356,0.243,1.536,4.226,-0.003,4.090
29.87,1.540,0.243,1.536,4.355,-0.005,4.133
29.88,1.650,0.241,1.553,4.529,-0.006,4.199
29.89,1.540,0.244,1.554,4.410,-0.005,4.236
29.90,1.514,0.244,1.547,4.131,-0.004,4.219
29.91,1.594,0.243,1.554,4.202,-0.003,4.217
29.92,2.012,0.242,1.630,4.159,-0.004,4.207
29.93,1.514,0.241,1.610,4.175,-0.004,4.201
29.94,1.666,0.242,1.620,4.289,-0.005,4.215
29.94,1.379,0.242,1.579,3.911,-0.005,4.164
29.96,1.872,0.242,1.629,4.369,-0.006,4.198
29.97,1.631,0.240,1.627,3.939,-0.007,4.153
29.98,1.747,0.241,1.648,4.081,-0.007,4.141
29.99,1.444,0.244,1.616,4.267,-0.006,4.163
30.00,1.788,0.244,1.645,4.068,-0.007,4.146
30.01,1.591,0.243,1.635,4.011,-0.007,4.124
30.02,1.725,0.241,1.649,4.458,-0.007,4.179
30.03,1.672,0.239,1.651,4.319,-0.008,4.203
30.03,1.669,0.238,1.653,4.105,-0.006,4.187
30.05,1.632,0.238,1.650,4.102,-0.008,4.171
30.06,1.621,0.238,1.645,4.035,-0.007,4.150
30.07,1.386,0.238,1.601,4.122,-0.007,4.145
30.08,1.597,0.239,1.602,4.195,-0.007,4.154
30.09,1.573,0.238,1.596,4.114,-0.008,4.146
30.10,1.498,0.237,1.579,4.198,-0.008,4.155
30.11,1.681,0.237,1.595,4.086,-0.007,4.144
30.11,1.533,0.238,1.586,3.942,-0.007,4.110
30.13,1.753,0.238,1.614,4.295,-0.007,4.141
30.14,1.483,0.239,1.593,4.140,-0.006,4.141
30.15,1.652,0.238,1.602,4.184,-0.006,4.149
30.16,1.472,0.237,1.580,4.244,-0.005,4.165
30.17,1.573,0.236,1.577,4.231,-0.005,4.176
30.18,1.558,0.235,1.573,4.258,-0.006,4.189
30.19,1.529,0.235,1.565,4.224,-0.006,4.195
30.20,2.030,0.235,1.644,4.299,-0.004,4.214
30.21,1.769,0.236,1.667,3.935,-0.004,4.167
30.22,1.565,0.235,1.649,4.034,-0.002,4.146
30.23,1.806,0.236,1.676,4.128,-0.001,4.143
30.24,1.473,0.235,1.641,4.441,-0.002,4.193
30.25,1.467,0.234,1.611,4.122,-0.001,4.182
30.26,1.569,0.234,1.604,4.372,-0.001,4.214
30.27,1.593,0.234,1.602,4.117,-0.001,4.198
30.28,1.817,0.233,1.638,4.451,-0.001,4.240
30.29,1.617,0.233,1.634,4.256,-0.000,4.243
30.30,1.622,0.231,1.630,3.954,-0.002,4.194
30.31,1.649,0.232,1.635,4.117,-0.001,4.181
30.32,1.387,0.233,1.593,4.214,-0.002,4.186
30.33,1.392,0.233,1.560,4.170,-0.001,4.185
30.34,1.363,0.235,1.528,4.365,-0.001,4.214
30.35,1.650,0.237,1.550,4.108,-0.002,4.196
30.36,1.605,0.237,1.559,4.216,-0.001,4.200
30.37,1.571,0.237,1.562,4.234,-0.001,4.206
30.38,1.637,0.237,1.574,4.211,-0.000,4.208
30.39,1.674,0.236,1.590,4.250,-0.001,4.214
30.40,1.838,0.237,1.632,4.081,0.000,4.193
30.41,1.624,0.237,1.631,4.118,0.001,4.181
30.42,1.525,0.238,1.614,4.351,0.001,4.209
30.43,1.604,0.238,1.612,4.297,0.001,4.224
30.44,1.832,0.237,1.648,4.334,0.001,4.242
30.45,1.585,0.239,1.640,4.290,-0.001,4.249
30.46,1.454,0.239,1.608,4.217,-0.002,4.243
30.47,1.428,0.240,1.579,4.293,-0.002,4.251
30.48,1.674,0.241,1.595,4.154,-0.002,4.235
30.49,1.564,0.242,1.591,4.189,-0.001,4.228
30.50,1.478,0.240,1.570,4.480,-0.002,4.270
30.51,1.621,0.240,1.579,4.073,-0.001,4.238
30.52,1.530,0.240,1.570,4.266,-0.001,4.242
30.53,1.686,0.239,1.589,4.111,-0.002,4.220
30.54,1.482,0.239,1.571,4.147,-0.001,4.208
30.55,1.640,0.241,1.584,4.118,-0.002,4.193
30.56,1.488,0.241,1.568,4.189,-0.002,4.192
30.57,1.527,0.242,1.562,4.056,-0.000,4.170
30.58,1.539,0.243,1.559,3.704,-0.000,4.092
30.59,1.486,0.242,1.546,3.988,-0.000,4.074
30.60,1.618,0.241,1.557,4.446,-0.003,4.135
30.61,1.578,0.240,1.560,4.273,-0.003,4.157
30.62,1.532,0.241,1.556,4.322,-0.003,4.185
30.63,1.672,0.243,1.577,4.437,-0.003,4.228
30.64,1.505,0.245,1.566,4.408,-0.003,4.258
30.65,1.704,0.244,1.589,4.441,-0.003,4.289
30.66,1.726,0.245,1.613,4.257,-0.002,4.284
30.67,1.180,0.247,1.541,4.018,-0.002,4.239
30.68,1.654,0.247,1.560,4.094,-0.004,4.214
30.69,1.988,0.247,1.632,4.000,-0.004,4.178
30.70,1.528,0.248,1.615,4.135,-0.003,4.171
30.71,1.674,0.247,1.624,4.427,-0.002,4.216
30.72,1.463,0.247,1.597,4.183,-0.002,4.210
30.73,1.228,0.246,1.534,4.386,-0.002,4.240
30.74,1.282,0.246,1.491,4.176,-0.001,4.230
30.75,1.589,0.247,1.508,4.234,-0.001,4.231
30.76,1.467,0.247,1.501,4.112,-0.001,4.211
30.77,1.574,0.247,1.513,4.249,-0.001,4.217
30.78,1.509,0.245,1.511,3.968,-0.000,4.176
30.79,1.622,0.246,1.530,4.003,0.001,4.149
30.80,1.778,0.246,1.572,4.096,0.001,4.139
30.81,1.936,0.246,1.633,4.179,0.000,4.145
30.82,1.163,0.246,1.554,4.493,0.000,4.204
30.83,1.748,0.245,1.585,4.031,0.001,4.176
30.84,1.683,0.245,1.602,4.248,0.001,4.188
30.85,1.540,0.244,1.591,4.368,0.000,4.217
30.86,1.690,0.243,1.606,4.023,-0.001,4.184
30.87,1.382,0.241,1.567,4.263,0.001,4.198
30.88,1.661,0.243,1.585,4.218,0.000,4.201
30.89,1.542,0.243,1.577,4.112,0.001,4.187
30.90,1.630,0.243,1.586,3.998,-0.001,4.153
30.91,1.405,0.244,1.556,4.352,-0.001,4.187
30.92,1.541,0.244,1.554,4.061,-0.001,4.166
30.93,1.706,0.243,1.578,4.243,-0.000,4.179
30.94,1.615,0.243,1.585,4.336,-0.000,4.206
30.95,1.729,0.244,1.609,4.205,-0.000,4.206
30.96,1.303,0.244,1.558,4.221,-0.000,4.208
30.97,1.532,0.242,1.552,4.277,-0.001,4.219
30.98,1.912,0.244,1.613,4.312,-0.002,4.234
30.99,1.479,0.243,1.590,4.274,-0.002,4.241
31.00,1.685,0.245,1.608,4.277,-0.003,4.246
31.01,1.819,0.244,1.642,4.076,-0.004,4.217
31.02,1.648,0.243,1.643,4.366,-0.004,4.242
31.03,1.495,0.244,1.619,4.081,-0.004,4.215
31.04,1.652,0.244,1.624,4.366,-0.005,4.240
31.05,1.658,0.244,1.630,3.969,-0.005,4.195
31.06,1.672,0.245,1.638,4.089,-0.005,4.177
31.07,1.643,0.245,1.639,3.919,-0.004,4.134
31.08,1.348,0.246,1.590,4.126,-0.004,4.133
31.09,1.238,0.248,1.533,4.432,-0.004,4.183
31.10,1.785,0.249,1.576,4.002,-0.005,4.152
31.11,1.867,0.248,1.624,4.431,-0.004,4.200
31.12,1.493,0.248,1.602,4.140,-0.003,4.190
31.13,1.601,0.247,1.601,4.121,-0.003,4.178
31.14,1.534,0.247,1.589,4.177,-0.003,4.179
31.15,1.554,0.247,1.584,4.035,-0.003,4.154
31.16,1.435,0.247,1.558,4.347,-0.002,4.187
31.17,1.436,0.247,1.538,4.232,-0.002,4.195
31.18,1.402,0.246,1.514,4.074,-0.002,4.174
31.19,1.675,0.248,1.543,4.302,-0.002,4.196
31.20,1.520,0.250,1.540,4.130,-0.003,4.184
31.21,1.761,0.251,1.578,4.183,-0.004,4.183
31.22,1.354,0.253,1.542,4.185,-0.003,4.185
31.23,1.529,0.252,1.538,3.921,-0.003,4.140
31.24,1.448,0.253,1.524,4.326,-0.002,4.172
31.25,1.432,0.253,1.508,4.087,-0.002,4.157
31.26,1.822,0.253,1.561,4.096,-0.003,4.147
31.27,1.567,0.252,1.561,4.148,-0.002,4.147
31.28,1.787,0.252,1.599,4.008,-0.004,4.122
31.29,1.600,0.252,1.599,3.926,-0.003,4.089
31.31,1.656,0.251,1.608,4.133,-0.006,4.095
31.31,1.590,0.254,1.607,4.068,-0.006,4.090
31.32,1.399,0.253,1.571,4.151,-0.007,4.099
31.33,1.584,0.255,1.576,4.152,-0.007,4.108
31.35,1.772,0.256,1.609,4.403,-0.007,4.158
31.35,1.513,0.257,1.593,4.036,-0.007,4.137
31.36,1.486,0.256,1.574,4.124,-0.008,4.134
31.37,1.446,0.254,1.551,4.093,-0.007,4.128
31.38,1.642,0.255,1.567,4.140,-0.008,4.129
31.40,1.397,0.256,1.539,4.155,-0.008,4.133
31.40,1.799,0.257,1.584,4.180,-0.007,4.142
31.42,1.660,0.258,1.598,4.036,-0.007,4.124
31.43,1.586,0.258,1.596,4.292,-0.006,4.153
31.44,1.564,0.259,1.591,4.202,-0.006,4.162
31.45,1.373,0.262,1.556,4.072,-0.005,4.147
31.46,1.654,0.262,1.573,4.055,-0.004,4.132
31.47,1.784,0.263,1.609,4.212,-0.003,4.147
31.48,1.429,0.261,1.577,4.081,-0.003,4.136
31.49,1.526,0.262,1.569,4.130,-0.003,4.135
31.50,1.662,0.263,1.585,4.195,-0.002,4.145
31.51,1.405,0.264,1.556,4.247,-0.001,4.163
31.52,1.495,0.263,1.545,4.104,-0.001,4.153
31.53,1.656,0.264,1.564,4.252,-0.000,4.170
31.54,1.476,0.265,1.550,3.987,-0.002,4.138
31.55,1.465,0.266,1.536,4.233,-0.002,4.154
31.56,1.230,0.267,1.485,4.019,-0.003,4.130
31.57,1.456,0.267,1.480,4.287,-0.004,4.156
31.58,1.583,0.267,1.498,4.135,-0.003,4.153
31.59,1.592,0.269,1.514,4.352,-0.004,4.185
31.60,1.374,0.268,1.490,4.234,-0.003,4.195
31.61,1.504,0.269,1.493,3.838,-0.004,4.134
31.62,1.622,0.268,1.514,4.271,-0.005,4.156
31.63,1.631,0.268,1.534,4.087,-0.004,4.145
31.64,1.381,0.268,1.507,3.974,-0.003,4.117
31.65,1.671,0.270,1.536,4.326,-0.004,4.151
31.66,1.615,0.270,1.550,4.094,-0.004,4.142
31.67,1.518,0.270,1.544,4.042,-0.004,4.125
31.68,1.657,0.270,1.563,4.402,-0.003,4.172
31.69,1.877,0.271,1.617,4.176,-0.003,4.172
31.70,1.667,0.270,1.624,4.161,-0.004,4.170
31.71,1.598,0.269,1.619,3.862,-0.003,4.119
31.72,1.532,0.267,1.602,3.967,-0.003,4.093
31.73,1.720,0.267,1.622,4.326,-0.002,4.133
31.74,1.805,0.267,1.654,4.159,-0.002,4.137
31.75,1.435,0.266,1.615,4.153,-0.003,4.140
31.76,1.404,0.264,1.578,4.270,-0.002,4.162
31.77,1.585,0.264,1.579,4.271,-0.002,4.180
31.78,1.371,0.264,1.544,4.082,-0.002,4.164
31.79,1.502,0.264,1.537,3.927,-0.003,4.123
31.80,1.547,0.264,1.538,3.942,-0.003,4.093
31.81,1.298,0.264,1.498,4.221,-0.003,4.114
31.82,1.702,0.265,1.533,4.092,-0.004,4.110
31.83,1.639,0.268,1.553,4.274,-0.004,4.137
31.84,1.335,0.268,1.516,4.211,-0.006,4.148
31.85,1.558,0.269,1.524,4.174,-0.004,4.154
31.86,1.459,0.268,1.512,4.309,-0.004,4.180
31.87,1.640,0.268,1.534,4.237,-0.005,4.189
31.88,1.559,0.267,1.536,3.993,-0.006,4.155
31.89,1.533,0.266,1.535,4.174,-0.006,4.158
31.90,1.324,0.266,1.499,4.007,-0.006,4.133
31.91,1.444,0.264,1.488,4.129,-0.007,4.131
31.92,1.337,0.264,1.462,4.201,-0.006,4.144
31.93,1.657,0.266,1.496,4.077,-0.005,4.133
31.94,1.635,0.266,1.520,4.275,-0.005,4.158
31.95,1.658,0.268,1.544,3.956,-0.005,4.123
31.96,1.310,0.268,1.505,3.885,-0.004,4.084
31.97,1.450,0.268,1.496,3.934,-0.006,4.057
31.98,1.533,0.267,1.500,4.141,-0.004,4.072
31.99,1.244,0.268,1.458,4.177,-0.008,4.086
32.00,1.607,0.266,1.481,4.315,-0.003,4.129
32.01,1.783,0.266,1.532,4.053,-0.004,4.116
32.02,1.722,0.265,1.563,4.148,-0.006,4.120
32.03,1.685,0.265,1.583,4.347,-0.005,4.158
32.04,1.580,0.268,1.585,4.215,-0.006,4.167
32.05,1.568,0.269,1.583,3.993,-0.006,4.138
32.06,1.498,0.268,1.568,4.236,-0.005,4.155
32.07,1.563,0.268,1.567,3.954,-0.005,4.121
32.08,1.710,0.268,1.591,4.110,-0.003,4.121
32.09,1.734,0.270,1.616,4.481,-0.003,4.181
32.10,1.586,0.269,1.611,4.467,-0.001,4.231
32.11,1.860,0.269,1.653,4.291,-0.001,4.241
32.12,1.465,0.271,1.622,3.914,-0.001,4.186
32.13,1.502,0.269,1.601,3.904,-0.002,4.138
32.14,1.465,0.271,1.579,3.889,-0.003,4.095
32.15,1.538,0.269,1.571,4.213,-0.004,4.114
32.16,1.578,0.269,1.572,4.228,-0.004,4.133
32.17,1.838,0.270,1.617,4.131,-0.005,4.132
32.18,1.700,0.268,1.629,4.035,-0.004,4.117
32.19,1.684,0.267,1.638,4.057,-0.004,4.106
32.20,1.719,0.266,1.651,4.241,-0.004,4.129
32.21,1.517,0.267,1.629,4.185,-0.004,4.138
32.22,1.405,0.266,1.590,4.024,-0.004,4.119
32.23,1.654,0.267,1.602,4.363,-0.005,4.159
32.24,1.543,0.265,1.590,4.233,-0.006,4.171
32.25,1.352,0.264,1.549,4.498,-0.006,4.227
32.26,1.449,0.265,1.533,4.282,-0.007,4.235
32.27,1.466,0.264,1.520,4.137,-0.007,4.219
32.28,1.230,0.263,1.471,3.891,-0.007,4.163
32.29,1.542,0.264,1.483,4.400,-0.006,4.204
32.30,1.667,0.263,1.513,4.297,-0.005,4.221
32.31,1.708,0.263,1.546,4.372,-0.006,4.245
32.32,1.324,0.265,1.509,4.244,-0.006,4.245
32.33,1.754,0.267,1.553,4.446,-0.005,4.280
32.34,1.858,0.267,1.604,4.409,-0.004,4.302
32.35,1.849,0.266,1.644,4.038,-0.005,4.258
32.36,1.715,0.267,1.656,3.989,-0.005,4.213
32.37,1.469,0.269,1.627,4.311,-0.006,4.228
32.38,1.611,0.267,1.623,4.266,-0.007,4.234
32.39,1.552,0.269,1.613,4.001,-0.010,4.192
32.40,1.450,0.268,1.585,4.180,-0.007,4.192
32.41,1.639,0.270,1.595,4.426,-0.012,4.228
32.42,1.618,0.271,1.600,4.252,-0.009,4.234
32.43,1.492,0.272,1.582,4.037,-0.011,4.200
32.44,1.560,0.274,1.580,3.985,-0.011,4.163
32.45,1.630,0.275,1.589,3.998,-0.010,4.136
32.46,1.995,0.277,1.659,4.219,-0.012,4.148
32.47,1.731,0.277,1.672,4.050,-0.011,4.132
32.48,1.481,0.278,1.641,4.336,-0.012,4.166
32.49,1.577,0.279,1.631,4.301,-0.012,4.188
32.50,1.313,0.279,1.577,4.330,-0.012,4.213
32.51,1.841,0.280,1.622,4.160,-0.013,4.203
32.52,1.708,0.279,1.635,4.392,-0.013,4.235
32.53,1.652,0.280,1.639,4.379,-0.013,4.260
32.54,1.380,0.279,1.595,4.090,-0.012,4.231
32.55,1.806,0.279,1.630,4.134,-0.012,4.215
32.56,1.672,0.279,1.637,4.308,-0.012,4.231
32.57,1.786,0.279,1.662,4.292,-0.012,4.241
32.58,1.654,0.278,1.660,4.297,-0.013,4.250
32.59,1.843,0.279,1.692,4.083,-0.013,4.222
32.60,1.659,0.279,1.686,4.157,-0.013,4.211
32.61,1.464,0.279,1.650,4.113,-0.014,4.194
32.62,1.695,0.280,1.658,4.191,-0.014,4.194
32.63,1.561,0.279,1.641,4.206,-0.013,4.197
32.64,1.603,0.281,1.636,4.262,-0.013,4.208
32.65,1.254,0.283,1.573,4.126,-0.013,4.194
32.66,1.698,0.285,1.596,4.224,-0.014,4.198
32.67,1.461,0.283,1.572,4.164,-0.013,4.193
32.68,1.921,0.284,1.631,4.354,-0.015,4.219
32.69,1.722,0.282,1.644,4.296,-0.015,4.232
32.70,1.260,0.283,1.581,3.946,-0.015,4.184
32.71,1.843,0.282,1.624,4.008,-0.014,4.156
32.72,1.432,0.282,1.591,4.437,-0.013,4.203
32.73,1.385,0.282,1.557,4.154,-0.015,4.194
32.74,1.945,0.284,1.623,4.119,-0.016,4.181
32.75,1.679,0.284,1.633,4.296,-0.016,4.200
32.76,1.208,0.284,1.561,4.404,-0.015,4.235
32.77,1.431,0.284,1.538,4.390,-0.016,4.261
32.78,1.708,0.283,1.566,4.105,-0.016,4.235
32.80,1.591,0.283,1.571,4.204,-0.015,4.231
32.80,1.550,0.282,1.566,4.194,-0.015,4.224
32.81,1.780,0.285,1.604,4.318,-0.015,4.240
32.83,1.882,0.285,1.651,4.225,-0.017,4.236
32.83,1.731,0.285,1.664,3.860,-0.016,4.174
32.84,1.591,0.288,1.655,4.086,-0.015,4.160
32.85,1.369,0.287,1.606,4.051,-0.014,4.143
32.87,1.693,0.289,1.622,4.236,-0.014,4.158
32.87,1.731,0.287,1.639,4.363,-0.014,4.192
32.88,1.649,0.288,1.641,4.202,-0.014,4.194
32.89,1.660,0.289,1.645,4.153,-0.013,4.189
32.91,1.600,0.289,1.637,4.205,-0.014,4.190
32.92,1.420,0.288,1.600,4.173,-0.012,4.189
32.93,1.503,0.286,1.583,4.279,-0.011,4.205
32.94,1.530,0.287,1.574,4.032,-0.011,4.176
32.95,1.508,0.286,1.562,4.125,-0.013,4.166
32.96,1.408,0.286,1.535,4.632,-0.011,4.246
32.97,1.407,0.285,1.513,4.314,-0.012,4.257
32.98,1.384,0.286,1.492,4.176,-0.013,4.243
32.99,1.554,0.287,1.503,3.922,-0.013,4.189
33.00,1.660,0.287,1.530,4.109,-0.012,4.176
33.01,1.463,0.288,1.519,4.194,-0.011,4.180
33.02,1.357,0.288,1.491,3.999,-0.011,4.149
33.03,1.519,0.286,1.495,3.776,-0.011,4.087
33.04,1.541,0.285,1.501,4.398,-0.011,4.139
33.05,1.678,0.287,1.532,4.161,-0.012,4.142
33.06,1.872,0.286,1.588,4.320,-0.012,4.172
33.07,1.692,0.286,1.605,4.255,-0.011,4.186
33.08,1.262,0.286,1.548,4.153,-0.011,4.180
33.09,1.859,0.286,1.600,3.962,-0.011,4.144
33.10,1.707,0.285,1.617,3.946,-0.011,4.111
33.11,1.713,0.286,1.634,4.117,-0.012,4.111
33.12,1.418,0.286,1.598,4.109,-0.011,4.111
33.13,1.659,0.285,1.607,4.200,-0.011,4.127
33.14,1.797,0.284,1.639,4.294,-0.011,4.154
33.15,1.582,0.284,1.629,3.967,-0.011,4.123
33.16,1.334,0.284,1.579,4.144,-0.011,4.127
33.17,1.569,0.284,1.577,4.163,-0.011,4.132
33.18,1.444,0.283,1.554,4.220,-0.013,4.146
33.19,1.712,0.282,1.580,4.342,-0.013,4.179
33.20,1.558,0.283,1.577,4.124,-0.014,4.169
33.21,1.614,0.282,1.582,4.067,-0.013,4.152
33.22,1.433,0.286,1.560,3.941,-0.014,4.116
33.23,1.976,0.287,1.631,3.952,-0.016,4.087
33.24,1.579,0.286,1.622,4.619,-0.016,4.176
33.25,1.540,0.287,1.609,3.973,-0.015,4.143
33.26,1.455,0.286,1.582,4.338,-0.016,4.175
33.27,1.415,0.287,1.554,4.050,-0.014,4.155
33.28,1.492,0.288,1.545,4.254,-0.013,4.173
33.29,1.531,0.288,1.542,4.036,-0.011,4.152
33.30,1.722,0.288,1.572,4.282,-0.011,4.174
33.31,1.470,0.289,1.555,4.189,-0.010,4.177
33.32,1.557,0.291,1.557,4.073,-0.010,4.159
33.33,1.533,0.292,1.554,3.873,-0.010,4.111
33.34,1.603,0.294,1.564,3.958,-0.010,4.085
33.35,1.650,0.294,1.579,4.371,-0.009,4.134
33.36,1.567,0.292,1.575,4.039,-0.010,4.117
33.37,1.448,0.292,1.553,4.609,-0.011,4.199
33.38,1.739,0.292,1.584,4.422,-0.011,4.237
33.39,1.577,0.292,1.583,4.242,-0.011,4.237
33.40,1.604,0.292,1.586,4.149,-0.009,4.224
33.41,1.571,0.292,1.584,4.194,-0.009,4.219
33.42,1.590,0.291,1.584,4.417,-0.010,4.252
33.43,1.552,0.293,1.580,4.223,-0.009,4.248
33.44,1.644,0.293,1.590,4.337,-0.009,4.263
33.45,1.548,0.294,1.584,4.089,-0.011,4.232
33.46,1.386,0.296,1.552,4.108,-0.010,4.212
33.47,1.572,0.294,1.554,4.210,-0.011,4.211
33.48,1.752,0.293,1.586,4.101,-0.009,4.194
33.49,1.350,0.294,1.547,4.213,-0.011,4.196
33.50,1.403,0.295,1.523,4.256,-0.011,4.205
33.51,1.619,0.297,1.541,4.288,-0.012,4.219
33.52,1.350,0.297,1.508,4.323,-0.013,4.235
33.53,1.644,0.296,1.531,4.465,-0.012,4.275
33.54,1.588,0.297,1.541,4.128,-0.011,4.252
33.55,1.639,0.299,1.559,4.607,-0.011,4.311
33.56,1.459,0.298,1.541,4.124,-0.011,4.280
33.57,1.421,0.300,1.522,4.010,-0.011,4.235
33.58,1.673,0.298,1.546,3.836,-0.012,4.167
33.59,1.555,0.296,1.546,4.125,-0.011,4.161
33.60,1.427,0.297,1.526,4.293,-0.012,4.182
33.61,1.884,0.298,1.587,4.184,-0.011,4.183
33.62,1.505,0.298,1.573,4.149,-0.010,4.178
33.63,1.576,0.297,1.573,4.375,-0.011,4.210
33.64,1.696,0.298,1.594,4.169,-0.010,4.205
33.65,1.631,0.299,1.601,4.023,-0.009,4.175
33.66,1.962,0.299,1.662,4.159,-0.009,4.172
33.67,1.516,0.300,1.638,4.470,-0.008,4.223
33.68,1.702,0.299,1.648,4.051,-0.009,4.193
33.69,1.622,0.299,1.644,4.076,-0.008,4.174
33.70,1.636,0.299,1.642,4.221,-0.009,4.182
33.71,1.463,0.300,1.613,4.152,-0.010,4.176
33.72,1.538,0.299,1.600,4.164,-0.008,4.176
33.73,1.501,0.298,1.582,4.240,-0.008,4.186
33.74,1.542,0.297,1.575,4.142,-0.008,4.179
33.75,1.866,0.297,1.623,4.017,-0.009,4.151
33.76,1.431,0.298,1.592,4.043,-0.010,4.132
33.77,1.718,0.297,1.612,4.114,-0.009,4.130
33.78,1.569,0.295,1.603,4.322,-0.008,4.163
33.79,1.442,0.294,1.574,3.998,-0.008,4.134
33.80,1.714,0.294,1.598,4.239,-0.007,4.153
33.81,1.641,0.295,1.606,4.133,-0.009,4.148
33.82,1.456,0.294,1.580,4.331,-0.009,4.179
33.83,1.609,0.293,1.584,4.262,-0.008,4.194
33.84,1.692,0.294,1.603,4.127,-0.009,4.181
33.85,1.799,0.294,1.636,4.213,-0.010,4.187
33.86,1.516,0.294,1.615,4.420,-0.009,4.227
33.87,1.342,0.293,1.569,3.782,-0.008,4.152
33.88,1.295,0.294,1.523,4.362,-0.007,4.188
33.89,1.556,0.294,1.529,4.196,-0.005,4.191
33.90,1.471,0.296,1.521,4.210,-0.006,4.194
33.91,1.676,0.296,1.547,3.988,-0.006,4.159
33.92,1.678,0.297,1.570,4.487,-0.005,4.215
33.93,1.616,0.296,1.576,4.037,-0.006,4.184
33.94,1.593,0.296,1.579,4.344,-0.006,4.211
33.95,1.534,0.294,1.570,4.259,-0.005,4.220
33.96,1.563,0.293,1.568,4.354,-0.006,4.242
33.97,1.514,0.293,1.558,4.299,-0.006,4.252
33.98,1.486,0.292,1.545,4.356,-0.006,4.270
33.99,1.698,0.291,1.570,4.116,-0.007,4.243
34.00,1.476,0.289,1.553,4.567,-0.008,4.297
34.01,1.382,0.288,1.522,4.259,-0.004,4.294
34.02,1.622,0.289,1.540,4.599,-0.008,4.342
34.03,1.572,0.288,1.544,4.077,-0.006,4.299
34.04,1.970,0.289,1.616,4.586,-0.008,4.346
34.05,1.642,0.287,1.619,4.024,-0.009,4.292
34.06,1.714,0.286,1.635,4.372,-0.005,4.308
34.07,1.661,0.287,1.640,4.002,-0.008,4.255
34.08,1.451,0.285,1.606,4.216,-0.009,4.248
34.09,1.475,0.284,1.583,4.326,-0.010,4.260
34.10,1.537,0.284,1.575,4.059,-0.009,4.227
34.11,1.675,0.283,1.591,4.119,-0.009,4.209
34.12,1.767,0.284,1.622,4.186,-0.008,4.207
34.13,1.671,0.283,1.629,4.244,-0.008,4.213
34.14,1.302,0.283,1.574,4.063,-0.009,4.186
34.15,1.592,0.283,1.577,4.292,-0.009,4.205
34.16,1.652,0.284,1.590,4.560,-0.007,4.266
34.17,1.338,0.283,1.547,4.199,-0.006,4.255
34.18,1.731,0.284,1.578,4.171,-0.007,4.240
34.19,1.421,0.284,1.552,4.276,-0.007,4.247
34.20,1.561,0.285,1.554,4.382,-0.007,4.270
34.21,1.498,0.286,1.546,3.884,-0.007,4.205
34.22,1.682,0.285,1.568,4.305,-0.007,4.222
34.23,1.568,0.285,1.567,4.115,-0.008,4.203
34.24,1.612,0.285,1.574,4.061,-0.007,4.180
34.25,1.733,0.286,1.603,3.971,-0.007,4.145
34.26,1.821,0.288,1.640,4.137,-0.007,4.143
34.27,1.425,0.289,1.606,4.205,-0.008,4.153
34.28,1.513,0.288,1.589,4.363,-0.007,4.188
34.29,1.721,0.288,1.611,3.978,-0.009,4.152
34.30,1.393,0.290,1.575,4.066,-0.008,4.138
34.32,1.706,0.289,1.596,4.219,-0.008,4.152
34.32,1.137,0.290,1.520,4.281,-0.008,4.173
34.34,1.525,0.291,1.521,4.329,-0.006,4.201
34.35,1.795,0.292,1.568,4.374,-0.006,4.230
34.35,1.563,0.293,1.568,4.246,-0.006,4.233
34.37,1.364,0.291,1.532,4.384,-0.004,4.260
34.37,1.381,0.293,1.508,4.334,-0.004,4.273
34.39,1.532,0.293,1.512,4.011,-0.005,4.228
34.40,1.771,0.293,1.555,3.921,-0.005,4.177
34.40,1.772,0.291,1.590,4.033,-0.007,4.151
34.42,1.408,0.290,1.559,4.105,-0.006,4.144
34.43,1.616,0.291,1.568,4.263,-0.006,4.164
34.44,1.678,0.291,1.587,4.187,-0.007,4.167
34.45,1.552,0.290,1.581,3.883,-0.007,4.119
34.46,1.847,0.291,1.626,4.167,-0.007,4.127
34.47,1.722,0.292,1.643,4.186,-0.010,4.135
34.48,1.815,0.291,1.671,4.243,-0.010,4.152
34.49,1.620,0.291,1.663,4.250,-0.012,4.168
34.50,1.831,0.290,1.690,4.221,-0.012,4.176
34.51,1.548,0.288,1.665,4.213,-0.014,4.181
34.52,1.623,0.288,1.658,4.243,-0.014,4.191
34.53,1.543,0.288,1.638,4.309,-0.014,4.212
34.54,1.518,0.287,1.618,4.160,-0.015,4.202
34.55,1.466,0.288,1.593,4.045,-0.016,4.175
34.56,1.587,0.287,1.591,4.308,-0.015,4.198
34.57,1.645,0.287,1.600,4.251,-0.014,4.208
34.58,1.468,0.287,1.578,4.121,-0.015,4.192
34.59,1.501,0.287,1.565,4.306,-0.015,4.211
34.60,1.663,0.287,1.581,4.125,-0.015,4.197
34.61,1.488,0.287,1.566,4.241,-0.015,4.205
34.62,1.660,0.288,1.582,4.448,-0.014,4.246
34.63,1.624,0.286,1.588,3.938,-0.014,4.194
34.64,1.521,0.288,1.577,4.097,-0.016,4.177
34.65,1.495,0.289,1.564,4.172,-0.015,4.177
34.66,1.650,0.291,1.581,3.914,-0.013,4.134
34.67,1.535,0.291,1.572,4.027,-0.014,4.115
34.68,1.714,0.290,1.596,4.119,-0.014,4.116
34.69,1.722,0.290,1.617,3.910,-0.014,4.081
34.70,1.508,0.289,1.598,4.352,-0.015,4.126
34.71,1.276,0.291,1.545,4.114,-0.016,4.123
34.72,1.433,0.293,1.527,4.207,-0.016,4.137
34.73,1.642,0.293,1.547,4.133,-0.018,4.134
34.74,1.524,0.293,1.543,4.147,-0.017,4.137
34.75,1.638,0.294,1.559,4.342,-0.017,4.172
34.76,1.810,0.294,1.602,4.172,-0.017,4.172
34.77,1.473,0.294,1.580,4.385,-0.017,4.207
34.78,1.498,0.295,1.567,4.433,-0.018,4.245
34.79,1.559,0.295,1.565,4.067,-0.018,4.215
34.80,1.465,0.295,1.548,4.362,-0.018,4.240
34.81,1.354,0.292,1.513,4.216,-0.018,4.236
34.82,1.453,0.291,1.502,4.407,-0.018,4.266
34.83,1.327,0.288,1.470,4.386,-0.018,4.285
34.84,1.425,0.287,1.461,4.034,-0.018,4.243
34.85,1.875,0.287,1.530,3.904,-0.019,4.185
34.86,1.456,0.290,1.520,4.208,-0.019,4.190
34.87,1.704,0.291,1.552,3.939,-0.018,4.148
34.88,1.519,0.292,1.547,4.146,-0.018,4.147
34.89,1.580,0.292,1.553,3.759,-0.017,4.083
34.90,1.578,0.293,1.558,4.288,-0.019,4.116
34.91,1.782,0.293,1.596,4.249,-0.020,4.137
34.92,1.665,0.292,1.607,3.953,-0.021,4.106
34.93,1.751,0.293,1.631,4.281,-0.019,4.136
34.94,1.564,0.293,1.620,4.403,-0.021,4.180
34.95,1.683,0.293,1.630,4.214,-0.021,4.186
34.96,1.693,0.293,1.641,4.020,-0.020,4.158
34.97,1.444,0.293,1.608,3.884,-0.021,4.112
34.98,1.511,0.293,1.592,4.383,-0.021,4.157
34.99,1.397,0.292,1.557,4.289,-0.021,4.179
35.00,1.419,0.291,1.534,4.170,-0.022,4.177
35.01,1.767,0.292,1.573,4.297,-0.023,4.196
35.02,1.603,0.293,1.579,4.067,-0.022,4.175
35.03,1.432,0.292,1.553,4.230,-0.023,4.184
35.04,1.668,0.292,1.573,4.487,-0.024,4.234
35.05,1.470,0.292,1.555,3.947,-0.024,4.186
35.06,1.522,0.293,1.551,4.129,-0.024,4.176
35.07,1.489,0.292,1.539,3.752,-0.023,4.106
35.08,1.486,0.291,1.529,4.276,-0.022,4.135
35.09,1.517,0.290,1.526,4.366,-0.022,4.174
35.10,1.539,0.290,1.528,4.360,-0.022,4.205
35.11,1.711,0.290,1.559,3.918,-0.023,4.156
35.12,1.556,0.291,1.559,4.196,-0.025,4.162
35.13,1.497,0.292,1.549,4.136,-0.024,4.158
35.14,1.916,0.293,1.612,4.091,-0.024,4.147
35.15,1.529,0.294,1.598,3.956,-0.024,4.114
35.16,1.378,0.295,1.562,4.089,-0.024,4.110
35.17,1.433,0.294,1.540,4.391,-0.026,4.156
35.18,1.622,0.295,1.554,4.003,-0.024,4.132
35.19,1.776,0.292,1.589,4.307,-0.024,4.161
35.20,1.664,0.293,1.603,4.750,-0.024,4.260
35.21,1.444,0.293,1.576,4.269,-0.025,4.261
35.22,1.598,0.293,1.579,3.934,-0.026,4.205
35.23,1.603,0.293,1.583,4.175,-0.026,4.200
35.24,1.349,0.294,1.545,4.238,-0.025,4.208
35.25,1.402,0.296,1.522,3.991,-0.025,4.171
35.26,1.356,0.296,1.495,4.081,-0.026,4.155
35.27,1.496,0.296,1.495,4.043,-0.025,4.137
35.28,1.557,0.296,1.504,4.169,-0.024,4.144
35.29,1.406,0.296,1.488,4.034,-0.024,4.125
35.30,1.608,0.296,1.508,4.272,-0.024,4.150
35.31,1.310,0.297,1.475,4.333,-0.025,4.179
35.32,1.503,0.296,1.479,4.354,-0.024,4.209
35.33,1.286,0.297,1.447,4.223,-0.024,4.212
35.34,1.439,0.298,1.445,4.131,-0.025,4.198
35.35,1.639,0.297,1.478,4.340,-0.024,4.222
35.36,1.710,0.298,1.517,4.095,-0.022,4.202
35.37,1.868,0.299,1.577,3.985,-0.023,4.166
35.38,1.872,0.299,1.627,4.164,-0.022,4.166
35.39,1.871,0.301,1.669,4.231,-0.019,4.179
35.40,1.605,0.301,1.659,4.128,-0.019,4.171
35.41,1.611,0.299,1.650,3.976,-0.019,4.138
35.42,1.590,0.298,1.638,3.984,-0.018,4.113
35.43,1.591,0.299,1.631,4.235,-0.017,4.134
35.44,1.480,0.299,1.606,4.039,-0.018,4.117
35.45,1.408,0.297,1.571,4.476,-0.019,4.177
35.46,1.521,0.297,1.562,3.935,-0.019,4.136
35.47,1.903,0.295,1.618,4.200,-0.019,4.147
35.48,1.504,0.295,1.599,4.096,-0.019,4.138
35.49,1.394,0.294,1.564,3.676,-0.020,4.060
35.50,1.484,0.294,1.550,4.285,-0.019,4.098
35.51,1.587,0.296,1.557,4.183,-0.020,4.112
35.52,1.580,0.294,1.560,4.324,-0.019,4.148
35.53,1.673,0.295,1.579,4.064,-0.020,4.133
35.54,1.378,0.294,1.545,4.349,-0.020,4.170
35.55,1.433,0.295,1.526,4.268,-0.020,4.187
35.56,1.574,0.295,1.534,4.129,-0.019,4.178
35.57,1.508,0.294,1.529,4.124,-0.018,4.170
35.58,1.735,0.295,1.564,4.230,-0.018,4.180
35.59,1.504,0.293,1.552,4.137,-0.020,4.171
35.60,1.623,0.293,1.564,4.257,-0.021,4.185
35.61,1.614,0.292,1.571,4.362,-0.022,4.214
35.62,1.638,0.290,1.581,4.222,-0.024,4.214
35.63,1.646,0.292,1.594,4.076,-0.025,4.190
35.64,1.810,0.293,1.631,4.170,-0.026,4.186
35.65,1.363,0.294,1.587,4.081,-0.026,4.168
35.66,1.648,0.294,1.597,4.189,-0.027,4.171
35.67,1.864,0.293,1.641,3.878,-0.027,4.121
35.68,1.764,0.295,1.663,4.240,-0.027,4.141
35.69,1.768,0.295,1.681,4.115,-0.028,4.136
35.70,1.503,0.295,1.651,4.354,-0.028,4.173
35.71,1.474,0.296,1.622,4.175,-0.028,4.173
35.72,1.585,0.296,1.615,4.356,-0.027,4.204
35.73,1.574,0.294,1.607,3.983,-0.029,4.166
35.74,1.543,0.292,1.595,4.110,-0.029,4.157
35.75,1.502,0.291,1.578,4.503,-0.029,4.214
35.76,1.647,0.293,1.592,4.404,-0.030,4.246
35.77,1.446,0.293,1.567,4.175,-0.032,4.233
35.78,1.449,0.294,1.548,4.599,-0.032,4.294
35.79,1.460,0.294,1.533,4.119,-0.032,4.265
35.80,1.721,0.293,1.564,4.341,-0.032,4.278
35.81,1.847,0.291,1.609,4.108,-0.032,4.250
35.82,1.461,0.291,1.585,4.148,-0.033,4.231
35.83,1.743,0.292,1.612,4.165,-0.034,4.220
35.85,1.781,0.291,1.640,4.231,-0.035,4.221
35.86,1.789,0.290,1.664,4.205,-0.033,4.220
35.87,1.528,0.290,1.642,3.775,-0.034,4.144
35.88,1.723,0.291,1.656,4.151,-0.035,4.145
35.89,1.566,0.292,1.642,3.986,-0.034,4.118
35.89,1.600,0.293,1.636,4.313,-0.034,4.151
35.91,1.516,0.293,1.615,4.222,-0.034,4.163
35.92,1.469,0.292,1.590,4.246,-0.032,4.178
35.93,1.634,0.293,1.598,4.287,-0.032,4.197
35.93,1.775,0.291,1.626,4.051,-0.031,4.173
35.95,1.845,0.292,1.664,4.253,-0.032,4.186
35.96,1.671,0.290,1.663,4.086,-0.033,4.168
35.97,1.725,0.289,1.673,4.155,-0.034,4.165
35.97,1.404,0.291,1.630,4.443,-0.033,4.213
35.99,1.627,0.291,1.629,4.281,-0.033,4.225
36.00,1.553,0.291,1.616,4.078,-0.033,4.200
36.01,1.662,0.293,1.625,4.065,-0.033,4.178
36.02,1.539,0.294,1.612,4.087,-0.034,4.161
36.03,1.773,0.293,1.638,4.251,-0.033,4.177
36.04,1.296,0.294,1.582,4.042,-0.035,4.153
36.05,1.645,0.296,1.594,4.098,-0.033,4.145
36.06,1.662,0.296,1.605,4.139,-0.032,4.144
36.07,1.574,0.296,1.600,4.407,-0.032,4.189
36.08,1.556,0.295,1.591,4.201,-0.032,4.191
36.09,1.597,0.296,1.593,3.953,-0.032,4.151
36.10,1.770,0.295,1.622,4.347,-0.032,4.184
36.11,1.359,0.294,1.577,4.268,-0.031,4.199
36.12,1.654,0.293,1.589,4.154,-0.029,4.193
36.13,1.438,0.291,1.562,4.061,-0.029,4.171
36.14,1.344,0.291,1.525,4.081,-0.030,4.155
36.15,1.756,0.291,1.564,4.085,-0.029,4.144
36.16,1.401,0.291,1.536,4.166,-0.031,4.146
36.17,1.665,0.291,1.557,4.215,-0.031,4.158
36.18,1.310,0.292,1.517,4.389,-0.031,4.197
36.19,1.662,0.294,1.543,4.015,-0.032,4.166
36.20,1.410,0.294,1.520,4.123,-0.033,4.157
36.21,1.572,0.294,1.529,4.268,-0.033,4.176
36.22,1.741,0.295,1.565,4.089,-0.031,4.163
36.23,1.697,0.296,1.588,4.282,-0.031,4.183
36.24,1.751,0.297,1.616,4.137,-0.030,4.176
36.25,1.636,0.297,1.620,4.292,-0.031,4.195
36.26,1.460,0.298,1.594,4.239,-0.032,4.202
36.27,1.435,0.297,1.566,4.492,-0.032,4.250
36.28,1.640,0.297,1.579,3.976,-0.033,4.204
36.29,1.549,0.297,1.574,3.982,-0.034,4.165
36.30,1.526,0.298,1.566,3.913,-0.036,4.122
36.31,1.594,0.296,1.569,4.286,-0.035,4.150
36.32,1.362,0.296,1.534,3.866,-0.035,4.103
36.33,1.538,0.297,1.535,4.248,-0.035,4.127
36.34,1.512,0.297,1.531,4.328,-0.037,4.158
36.35,1.699,0.297,1.559,4.311,-0.036,4.185
36.36,1.408,0.298,1.535,4.174,-0.035,4.184
36.37,1.568,0.298,1.540,4.065,-0.036,4.163
36.38,1.697,0.299,1.567,4.137,-0.036,4.158
36.39,1.698,0.299,1.589,3.956,-0.036,4.124
36.40,1.418,0.299,1.560,3.941,-0.036,4.094
36.41,1.579,0.300,1.564,4.154,-0.035,4.104
36.42,1.678,0.299,1.583,4.101,-0.035,4.104
36.43,1.488,0.300,1.567,4.363,-0.036,4.146
36.44,1.715,0.300,1.592,4.206,-0.037,4.156
36.45,1.568,0.301,1.589,4.332,-0.036,4.186
36.46,1.582,0.301,1.588,4.195,-0.037,4.187
36.47,1.600,0.299,1.588,4.277,-0.038,4.202
36.48,1.510,0.299,1.574,4.047,-0.039,4.174
36.49,1.503,0.297,1.561,4.053,-0.041,4.153
36.50,1.412,0.296,1.535,4.083,-0.039,4.142
36.51,1.802,0.297,1.580,4.608,-0.038,4.222
36.52,1.638,0.296,1.589,4.370,-0.038,4.246
36.53,1.758,0.296,1.618,4.284,-0.038,4.253
36.54,1.228,0.295,1.551,4.269,-0.038,4.256
36.55,1.574,0.296,1.555,4.258,-0.038,4.256
36.56,1.343,0.297,1.520,4.152,-0.038,4.239
36.57,1.426,0.298,1.505,4.241,-0.040,4.238
36.58,1.502,0.297,1.504,4.015,-0.040,4.200
36.59,1.185,0.298,1.450,4.229,-0.041,4.205
36.60,1.658,0.298,1.485,4.273,-0.042,4.216
36.61,1.413,0.296,1.471,4.346,-0.043,4.236
36.62,1.919,0.296,1.546,4.026,-0.044,4.200
36.63,1.924,0.296,1.610,4.157,-0.043,4.194
36.64,1.801,0.296,1.642,3.857,-0.043,4.138
36.65,1.754,0.295,1.660,4.248,-0.042,4.157
36.66,1.509,0.295,1.635,4.226,-0.042,4.169
36.67,1.736,0.293,1.650,4.315,-0.043,4.192
36.68,1.457,0.293,1.617,4.036,-0.044,4.166
36.69,1.576,0.292,1.610,4.070,-0.044,4.149
36.70,1.715,0.291,1.627,3.964,-0.045,4.118
36.71,1.773,0.289,1.649,4.103,-0.043,4.116
36.72,1.563,0.287,1.634,4.039,-0.042,4.104
36.73,1.408,0.289,1.597,4.281,-0.041,4.134
36.74,1.445,0.289,1.572,4.106,-0.042,4.129
36.75,1.676,0.290,1.590,4.063,-0.043,4.117
36.76,1.451,0.290,1.566,4.310,-0.042,4.150
36.77,1.521,0.290,1.559,4.259,-0.043,4.168
36.78,1.401,0.289,1.531,4.190,-0.043,4.172
36.79,1.505,0.291,1.529,4.193,-0.043,4.175
36.80,1.668,0.292,1.553,4.019,-0.044,4.148
36.81,1.466,0.291,1.537,4.061,-0.046,4.132
36.82,1.497,0.291,1.530,4.129,-0.046,4.132
36.83,1.569,0.291,1.537,4.187,-0.046,4.141
36.84,1.467,0.294,1.528,4.088,-0.045,4.132
36.85,1.790,0.292,1.570,3.973,-0.045,4.106
36.86,1.507,0.292,1.559,4.098,-0.044,4.105
36.87,1.779,0.293,1.597,3.778,-0.045,4.048
36.88,1.635,0.293,1.603,4.277,-0.045,4.087
36.89,1.632,0.294,1.609,3.942,-0.045,4.063
36.90,1.677,0.293,1.620,4.333,-0.045,4.108
36.91,1.606,0.293,1.618,4.376,-0.044,4.154
36.92,1.468,0.294,1.593,4.114,-0.044,4.148
36.93,1.784,0.293,1.624,3.938,-0.044,4.112
36.94,1.668,0.293,1.632,4.259,-0.043,4.137
36.95,1.246,0.292,1.566,3.955,-0.042,4.107
36.96,1.434,0.293,1.545,4.314,-0.042,4.143
36.97,1.302,0.296,1.506,4.025,-0.043,4.122
36.98,1.501,0.298,1.507,4.080,-0.043,4.115
36.99,1.702,0.297,1.539,4.208,-0.042,4.131
37.00,1.810,0.298,1.584,4.049,-0.043,4.116
37.01,1.635,0.301,1.595,4.032,-0.042,4.103
37.02,1.485,0.302,1.578,4.457,-0.042,4.163
37.03,1.679,0.300,1.593,4.153,-0.043,4.160
37.04,1.432,0.302,1.567,4.263,-0.041,4.180
37.05,1.469,0.301,1.550,4.185,-0.041,4.180
37.06,1.645,0.301,1.565,4.509,-0.040,4.237
37.07,1.642,0.300,1.578,4.267,-0.040,4.242
37.08,1.563,0.300,1.575,4.004,-0.039,4.203
37.09,1.788,0.299,1.611,4.336,-0.039,4.225
37.10,1.598,0.300,1.609,3.980,-0.040,4.184
37.11,1.537,0.298,1.595,4.518,-0.039,4.241
37.12,1.401,0.300,1.564,4.354,-0.040,4.259
37.13,1.739,0.301,1.594,4.055,-0.039,4.225
37.14,1.354,0.302,1.554,4.418,-0.041,4.257
37.15,1.582,0.299,1.557,4.180,-0.042,4.243
37.16,1.260,0.300,1.507,4.163,-0.040,4.231
37.17,1.562,0.302,1.518,4.405,-0.041,4.260
37.18,1.809,0.301,1.566,4.336,-0.040,4.273
37.19,1.609,0.302,1.574,4.200,-0.040,4.261
37.20,1.639,0.302,1.585,4.431,-0.042,4.289
37.21,1.673,0.301,1.598,4.080,-0.042,4.253
37.22,1.465,0.301,1.576,4.304,-0.043,4.262
37.23,1.480,0.301,1.560,4.092,-0.042,4.234
37.24,1.665,0.301,1.577,4.230,-0.042,4.234
37.26,1.542,0.301,1.572,4.182,-0.043,4.224
37.26,1.543,0.301,1.566,3.857,-0.042,4.163
37.27,1.723,0.302,1.594,4.283,-0.043,4.183
37.29,1.541,0.301,1.584,4.231,-0.043,4.191
37.29,1.526,0.301,1.574,3.989,-0.044,4.156
37.30,1.427,0.302,1.550,4.359,-0.043,4.191
37.32,1.702,0.300,1.574,3.981,-0.043,4.156
37.32,1.301,0.301,1.529,4.314,-0.043,4.182
37.34,1.462,0.302,1.518,4.191,-0.043,4.184
37.34,1.507,0.303,1.517,4.277,-0.043,4.199
37.35,1.330,0.305,1.487,4.279,-0.044,4.212
37.37,1.634,0.305,1.512,3.924,-0.043,4.164
37.38,1.607,0.305,1.528,3.979,-0.044,4.133
37.39,1.353,0.306,1.499,4.096,-0.042,4.128
37.40,1.814,0.305,1.551,3.778,-0.040,4.070
37.41,1.621,0.307,1.565,3.991,-0.040,4.057
37.42,1.456,0.310,1.548,4.370,-0.039,4.110
37.43,2.082,0.307,1.636,4.378,-0.039,4.155
37.43,1.732,0.308,1.653,4.246,-0.038,4.172
37.45,1.398,0.309,1.611,4.065,-0.037,4.155
37.46,1.446,0.309,1.583,3.998,-0.038,4.127
37.47,1.584,0.310,1.584,4.479,-0.039,4.185
37.48,1.464,0.312,1.565,4.197,-0.038,4.188
37.49,1.558,0.314,1.566,4.289,-0.039,4.204
37.50,1.629,0.314,1.576,4.143,-0.040,4.194
37.51,1.840,0.313,1.619,3.974,-0.039,4.157
37.52,1.722,0.311,1.635,4.377,-0.040,4.193
37.53,1.507,0.313,1.615,4.359,-0.039,4.222
37.54,1.587,0.313,1.610,4.040,-0.039,4.192
37.55,1.673,0.312,1.620,4.007,-0.040,4.160
37.56,1.643,0.312,1.624,4.527,-0.040,4.222
37.57,1.581,0.312,1.617,3.940,-0.039,4.175
37.58,1.880,0.312,1.661,4.277,-0.040,4.192
37.59,1.499,0.311,1.633,4.091,-0.041,4.174
37.60,1.787,0.311,1.659,4.141,-0.041,4.169
37.61,1.694,0.312,1.666,4.287,-0.042,4.188
37.62,1.671,0.312,1.667,4.109,-0.041,4.175
37.63,1.652,0.313,1.665,4.292,-0.042,4.195
37.64,1.680,0.314,1.668,4.022,-0.040,4.167
37.65,1.470,0.314,1.635,4.034,-0.040,4.145
37.66,1.738,0.314,1.653,4.406,-0.039,4.189
37.67,1.556,0.316,1.638,4.118,-0.039,4.177
37.68,1.574,0.318,1.629,4.200,-0.039,4.181
37.69,1.639,0.316,1.628,4.070,-0.040,4.162
37.70,1.785,0.313,1.653,3.989,-0.040,4.133
37.71,1.399,0.314,1.611,4.343,-0.039,4.169
37.72,1.351,0.314,1.567,3.904,-0.039,4.124
37.73,1.400,0.314,1.538,4.188,-0.039,4.135
37.74,1.514,0.314,1.534,3.894,-0.040,4.094
37.75,1.548,0.313,1.536,4.188,-0.040,4.110
37.76,1.488,0.313,1.528,4.076,-0.040,4.104
37.77,1.733,0.314,1.563,4.131,-0.041,4.107
37.78,1.689,0.312,1.582,4.337,-0.040,4.147
37.79,1.449,0.311,1.559,4.124,-0.041,4.143
37.80,1.688,0.309,1.579,4.091,-0.040,4.135
37.81,1.549,0.308,1.573,4.115,-0.042,4.130
37.82,1.598,0.310,1.579,4.255,-0.043,4.150
37.83,1.421,0.308,1.551,4.202,-0.042,4.159
37.84,1.639,0.309,1.566,4.092,-0.043,4.147
37.85,1.540,0.310,1.562,4.069,-0.044,4.133
37.86,1.564,0.308,1.561,4.190,-0.044,4.143
37.87,1.521,0.306,1.552,4.344,-0.043,4.177
37.88,1.625,0.305,1.564,4.314,-0.045,4.199
37.89,1.453,0.307,1.547,4.272,-0.044,4.212
37.90,1.690,0.308,1.572,4.013,-0.045,4.177
37.91,1.791,0.306,1.607,4.353,-0.046,4.206
37.92,1.596,0.306,1.605,4.350,-0.046,4.231
37.93,1.511,0.305,1.589,4.040,-0.046,4.199
37.94,1.591,0.306,1.590,4.204,-0.044,4.201
37.95,1.495,0.306,1.574,3.936,-0.045,4.156
37.96,1.443,0.305,1.551,4.316,-0.045,4.183
37.97,1.622,0.305,1.563,4.126,-0.045,4.173
37.98,1.564,0.307,1.565,4.416,-0.045,4.214
37.99,1.544,0.308,1.561,4.260,-0.046,4.222
38.00,1.586,0.308,1.566,3.989,-0.044,4.183
38.01,1.696,0.308,1.587,4.218,-0.044,4.190
38.02,1.845,0.307,1.630,4.072,-0.043,4.171
38.03,1.521,0.307,1.612,4.133,-0.044,4.164
38.04,1.607,0.306,1.610,4.087,-0.045,4.150
38.05,1.496,0.308,1.592,4.460,-0.045,4.202
38.06,1.765,0.306,1.620,3.670,-0.045,4.113
38.07,1.468,0.306,1.594,4.113,-0.046,4.112
38.08,1.634,0.306,1.601,4.287,-0.047,4.141
38.09,1.589,0.305,1.598,4.115,-0.047,4.136
38.10,1.470,0.306,1.576,4.248,-0.048,4.155
38.11,1.739,0.306,1.604,4.121,-0.047,4.150
38.12,1.411,0.304,1.570,4.082,-0.046,4.140
38.13,1.673,0.306,1.589,4.342,-0.048,4.171
38.14,1.504,0.305,1.574,3.886,-0.047,4.124
38.15,1.373,0.305,1.540,4.173,-0.046,4.134
38.16,1.673,0.304,1.561,4.185,-0.045,4.143
38.17,1.580,0.303,1.564,4.190,-0.044,4.151
38.18,1.506,0.304,1.555,3.999,-0.046,4.125
38.19,1.458,0.304,1.539,4.071,-0.046,4.116
38.20,1.593,0.305,1.548,3.907,-0.045,4.081
38.21,1.598,0.306,1.557,4.237,-0.046,4.106
38.22,1.797,0.306,1.597,4.175,-0.046,4.118
38.23,1.539,0.305,1.587,4.081,-0.047,4.111
38.24,1.419,0.305,1.558,4.004,-0.047,4.093
38.25,1.616,0.304,1.567,4.155,-0.046,4.104
38.26,1.673,0.307,1.587,4.367,-0.047,4.147
38.27,1.619,0.308,1.594,4.043,-0.048,4.129
38.28,1.738,0.308,1.618,4.203,-0.048,4.141
38.29,1.900,0.306,1.664,4.073,-0.048,4.130
38.30,1.588,0.307,1.652,4.231,-0.048,4.147
38.31,1.813,0.306,1.678,4.204,-0.047,4.157
38.32,1.466,0.306,1.643,4.202,-0.048,4.164
38.33,1.419,0.305,1.604,4.359,-0.050,4.195
38.34,1.160,0.305,1.530,4.167,-0.050,4.191
38.35,1.182,0.307,1.472,4.350,-0.050,4.217
38.36,1.829,0.307,1.532,4.461,-0.051,4.258
38.37,1.481,0.307,1.523,4.202,-0.051,4.248
38.38,1.550,0.307,1.528,4.314,-0.050,4.261
38.39,1.641,0.305,1.545,4.046,-0.049,4.225
38.40,1.609,0.305,1.556,4.133,-0.050,4.210
38.41,1.758,0.304,1.589,4.500,-0.050,4.259
38.42,1.355,0.306,1.551,3.786,-0.051,4.178
38.43,1.911,0.306,1.612,4.295,-0.052,4.197
38.44,1.650,0.308,1.620,4.301,-0.052,4.214
38.45,1.697,0.308,1.633,4.339,-0.053,4.235
38.46,1.549,0.310,1.620,4.008,-0.053,4.197
38.47,1.645,0.308,1.623,3.998,-0.053,4.163
38.48,1.560,0.308,1.612,3.730,-0.053,4.090
38.49,1.723,0.308,1.631,4.131,-0.054,4.097
38.50,1.728,0.307,1.647,4.186,-0.053,4.113
38.51,1.405,0.307,1.606,4.179,-0.053,4.124
38.52,1.579,0.308,1.602,4.297,-0.053,4.153
38.53,1.764,0.307,1.629,4.129,-0.054,4.148
38.54,1.621,0.307,1.627,4.124,-0.054,4.144
38.55,1.750,0.309,1.649,3.843,-0.054,4.093
38.56,1.400,0.311,1.609,4.338,-0.054,4.134
38.57,1.573,0.313,1.605,3.931,-0.054,4.100
38.58,1.484,0.314,1.585,4.143,-0.053,4.108
38.59,1.550,0.312,1.578,4.314,-0.054,4.142
38.60,1.524,0.312,1.568,4.116,-0.054,4.137
38.62,1.392,0.311,1.538,4.101,-0.054,4.132
38.63,1.656,0.310,1.557,4.184,-0.054,4.141
38.63,1.500,0.311,1.548,3.984,-0.056,4.113
38.64,1.657,0.311,1.566,4.088,-0.056,4.109
38.65,1.669,0.312,1.584,3.948,-0.055,4.082
38.67,1.643,0.312,1.594,4.294,-0.055,4.118
38.67,1.564,0.313,1.590,3.973,-0.055,4.093
38.68,1.631,0.312,1.596,3.966,-0.055,4.072
38.69,1.609,0.312,1.598,4.162,-0.056,4.086
38.71,1.604,0.314,1.601,4.286,-0.056,4.120
38.71,1.541,0.313,1.590,4.085,-0.055,4.115
38.72,1.561,0.313,1.585,3.988,-0.053,4.095
38.74,1.566,0.313,1.582,4.120,-0.053,4.099
38.74,1.532,0.312,1.573,4.308,-0.054,4.133
38.75,1.717,0.312,1.597,4.234,-0.054,4.150
38.76,1.493,0.314,1.580,4.208,-0.054,4.160
38.77,1.503,0.314,1.567,4.238,-0.054,4.173
38.79,1.531,0.314,1.561,4.490,-0.053,4.227
38.80,1.510,0.312,1.551,4.045,-0.055,4.195
38.80,1.625,0.314,1.565,3.985,-0.055,4.160
38.82,1.810,0.314,1.606,4.438,-0.055,4.206
38.83,1.577,0.315,1.602,4.400,-0.056,4.239
38.84,1.650,0.316,1.611,4.254,-0.057,4.241
38.84,1.850,0.315,1.651,4.042,-0.056,4.208
38.86,1.548,0.317,1.635,4.114,-0.056,4.192
38.87,1.613,0.317,1.631,4.225,-0.057,4.197
38.88,1.678,0.316,1.638,4.246,-0.057,4.205
38.89,1.600,0.314,1.630,4.153,-0.057,4.197
38.89,1.451,0.314,1.600,4.494,-0.057,4.247
38.91,1.592,0.312,1.597,4.264,-0.055,4.251
38.92,1.582,0.313,1.595,4.087,-0.055,4.224
38.93,1.525,0.313,1.583,4.336,-0.056,4.242
38.94,1.593,0.312,1.584,3.958,-0.056,4.194
38.95,1.739,0.312,1.610,4.071,-0.057,4.173
38.96,1.602,0.314,1.610,4.399,-0.058,4.210
38.97,1.641,0.314,1.615,3.871,-0.058,4.153
38.98,1.862,0.313,1.657,4.354,-0.059,4.186
38.99,1.562,0.313,1.641,4.194,-0.060,4.186
39.00,1.680,0.312,1.646,4.167,-0.061,4.183
39.01,1.687,0.311,1.652,4.369,-0.061,4.214
39.02,1.351,0.311,1.602,3.877,-0.063,4.156
39.03,1.600,0.311,1.601,4.143,-0.063,4.154
39.04,1.516,0.312,1.587,4.252,-0.063,4.170
39.05,1.688,0.310,1.603,4.285,-0.063,4.189
39.06,1.438,0.309,1.574,4.102,-0.064,4.175
39.07,1.830,0.309,1.617,4.243,-0.064,4.186
39.08,1.574,0.308,1.609,4.251,-0.064,4.197
39.09,1.561,0.307,1.600,4.232,-0.063,4.203
39.10,1.302,0.309,1.551,4.015,-0.063,4.171
39.11,1.623,0.308,1.562,4.054,-0.064,4.151
39.12,1.580,0.312,1.568,4.265,-0.063,4.171
39.13,1.618,0.312,1.576,3.834,-0.064,4.113
39.14,1.759,0.311,1.607,4.346,-0.064,4.152
39.15,1.603,0.314,1.609,4.174,-0.066,4.154
39.16,1.770,0.313,1.634,4.179,-0.064,4.160
39.17,1.716,0.315,1.650,4.387,-0.064,4.198
39.18,1.504,0.315,1.625,4.218,-0.064,4.202
39.19,1.912,0.313,1.672,4.274,-0.062,4.216
39.20,1.607,0.312,1.660,4.344,-0.063,4.237
39.21,1.561,0.313,1.644,4.159,-0.062,4.224
39.22,1.668,0.312,1.648,4.213,-0.063,4.222
39.23,1.548,0.312,1.631,4.015,-0.064,4.186
39.24,1.669,0.313,1.638,4.189,-0.064,4.187
39.25,1.641,0.315,1.640,4.415,-0.063,4.226
39.26,1.644,0.317,1.642,4.213,-0.064,4.223
39.27,1.572,0.318,1.632,3.908,-0.067,4.168
39.28,1.442,0.317,1.599,4.239,-0.068,4.179
39.29,1.793,0.317,1.631,4.176,-0.067,4.179
39.30,1.590,0.316,1.624,4.208,-0.069,4.183
39.31,1.751,0.317,1.646,4.399,-0.069,4.219
39.32,1.234,0.316,1.576,4.133,-0.068,4.206
39.33,1.686,0.316,1.595,3.989,-0.069,4.169
39.34,1.519,0.317,1.583,4.406,-0.070,4.208
39.35,1.326,0.317,1.539,4.131,-0.069,4.196
39.36,1.622,0.316,1.553,4.390,-0.069,4.228
39.37,1.590,0.317,1.559,4.418,-0.069,4.261
39.38,1.375,0.317,1.528,4.093,-0.068,4.233
39.39,1.744,0.315,1.563,4.398,-0.068,4.262
39.40,1.731,0.315,1.591,4.112,-0.066,4.238
39.41,1.283,0.314,1.539,4.297,-0.067,4.248
39.42,1.566,0.313,1.542,4.289,-0.066,4.255
39.43,1.699,0.314,1.569,4.192,-0.066,4.245
39.44,1.688,0.314,1.590,4.367,-0.067,4.265
39.45,1.682,0.314,1.605,4.463,-0.067,4.299
39.46,1.561,0.315,1.598,4.098,-0.067,4.265
39.47,1.662,0.316,1.610,4.400,-0.068,4.287
39.48,1.525,0.314,1.594,4.049,-0.069,4.247
39.49,1.664,0.314,1.606,4.190,-0.069,4.237
39.50,1.305,0.311,1.553,4.313,-0.071,4.249
39.51,1.891,0.310,1.609,4.082,-0.071,4.221
39.52,1.612,0.311,1.610,4.123,-0.071,4.205
39.53,1.673,0.312,1.621,4.355,-0.071,4.230
39.54,1.395,0.311,1.582,4.064,-0.072,4.201
39.55,1.851,0.311,1.627,4.149,-0.071,4.193
39.56,1.635,0.311,1.628,4.230,-0.069,4.201
39.57,1.542,0.311,1.614,3.783,-0.069,4.131
39.58,1.421,0.311,1.581,4.151,-0.069,4.134
39.59,1.552,0.311,1.576,4.468,-0.069,4.191
39.60,1.626,0.310,1.584,4.011,-0.069,4.161
39.61,1.451,0.311,1.562,4.335,-0.068,4.191
39.62,1.716,0.312,1.589,4.254,-0.066,4.203
39.63,1.701,0.313,1.609,4.183,-0.068,4.199
39.64,1.614,0.312,1.608,4.176,-0.067,4.195
39.65,1.572,0.311,1.602,4.184,-0.067,4.194
39.66,1.286,0.309,1.547,4.050,-0.067,4.170
39.67,1.545,0.311,1.548,4.249,-0.067,4.183
39.68,1.495,0.313,1.541,4.155,-0.066,4.179
39.69,1.724,0.312,1.571,4.020,-0.066,4.152
39.70,1.301,0.311,1.525,4.181,-0.067,4.157
39.71,1.788,0.312,1.569,4.227,-0.066,4.169
39.72,1.607,0.310,1.574,4.271,-0.066,4.186
39.73,1.421,0.310,1.548,4.326,-0.066,4.210
39.74,1.383,0.310,1.520,4.233,-0.067,4.213
39.75,1.670,0.311,1.547,4.190,-0.066,4.210
39.76,1.568,0.311,1.550,3.943,-0.064,4.167
39.77,1.591,0.309,1.555,4.254,-0.064,4.181
39.78,1.537,0.309,1.552,4.210,-0.062,4.188
39.79,1.679,0.309,1.573,4.238,-0.063,4.196
39.80,1.341,0.309,1.534,4.182,-0.063,4.194
39.81,1.476,0.309,1.524,4.178,-0.062,4.192
39.82,1.720,0.310,1.558,4.033,-0.062,4.165
39.83,1.381,0.311,1.528,3.815,-0.061,4.107
39.84,1.542,0.310,1.530,4.111,-0.063,4.106
39.85,1.720,0.310,1.562,4.134,-0.064,4.110
39.86,1.750,0.311,1.595,4.329,-0.063,4.148
39.87,1.376,0.313,1.559,4.386,-0.061,4.189
39.88,2.044,0.312,1.640,4.093,-0.062,4.172
39.89,1.818,0.313,1.670,4.000,-0.064,4.142
39.90,1.481,0.311,1.638,4.210,-0.065,4.153
39.91,1.824,0.311,1.668,4.272,-0.065,4.172
39.92,1.754,0.310,1.682,4.055,-0.066,4.152
39.93,1.365,0.310,1.629,4.134,-0.066,4.149
39.94,1.445,0.312,1.600,3.997,-0.066,4.123
39.95,1.471,0.314,1.579,4.466,-0.065,4.183
39.96,1.775,0.314,1.612,4.207,-0.066,4.186
39.97,1.516,0.315,1.597,4.005,-0.066,4.156
39.98,1.451,0.315,1.572,4.440,-0.064,4.205
39.99,1.376,0.316,1.540,4.138,-0.065,4.193
40.00,1.869,0.315,1.594,4.371,-0.065,4.223
40.01,1.407,0.313,1.562,4.254,-0.066,4.228
40.02,1.628,0.314,1.574,4.279,-0.065,4.237
40.03,1.630,0.316,1.585,4.166,-0.065,4.226
40.04,1.797,0.319,1.622,4.223,-0.064,4.225
40.05,1.627,0.319,1.624,3.966,-0.065,4.182
40.06,1.654,0.318,1.628,4.237,-0.064,4.192
40.07,1.361,0.320,1.585,4.348,-0.064,4.218
40.08,1.560,0.320,1.580,4.205,-0.065,4.215
40.09,1.504,0.322,1.569,4.380,-0.067,4.241
40.10,1.604,0.322,1.575,4.143,-0.067,4.225
40.11,1.605,0.324,1.581,4.333,-0.066,4.244
40.12,1.684,0.323,1.598,4.260,-0.067,4.246
40.13,1.349,0.324,1.557,4.151,-0.068,4.230
40.15,1.579,0.325,1.561,3.900,-0.068,4.174
40.16,1.667,0.324,1.578,4.219,-0.069,4.180
40.17,1.538,0.324,1.571,4.044,-0.068,4.159
40.18,1.693,0.322,1.591,4.080,-0.067,4.146
40.18,1.564,0.322,1.586,4.407,-0.067,4.190
40.19,1.308,0.325,1.542,4.298,-0.068,4.207
40.21,1.591,0.324,1.548,4.265,-0.069,4.216
40.21,1.487,0.327,1.540,4.211,-0.068,4.217
40.23,1.733,0.327,1.573,4.458,-0.068,4.257
40.24,1.938,0.328,1.635,4.419,-0.068,4.284
40.25,1.837,0.327,1.669,4.069,-0.068,4.248
40.26,1.674,0.327,1.669,4.200,-0.067,4.241
40.27,1.808,0.329,1.694,4.274,-0.067,4.247
40.28,1.604,0.329,1.679,4.229,-0.066,4.245
40.29,1.328,0.329,1.620,4.356,-0.068,4.262
40.29,1.693,0.330,1.633,4.162,-0.067,4.246
40.30,1.512,0.331,1.614,4.494,-0.067,4.288
40.32,1.963,0.332,1.673,4.025,-0.068,4.243
40.33,1.677,0.330,1.672,4.185,-0.068,4.234
40.34,1.635,0.331,1.667,4.216,-0.068,4.230
40.35,1.584,0.329,1.651,4.451,-0.068,4.268
40.36,1.710,0.329,1.661,4.180,-0.067,4.254
40.37,1.649,0.328,1.659,4.526,-0.068,4.299
40.38,1.657,0.326,1.656,4.126,-0.066,4.272
40.39,1.873,0.326,1.693,3.890,-0.066,4.207
40.40,1.473,0.325,1.655,4.495,-0.066,4.256
40.41,1.548,0.325,1.638,4.113,-0.066,4.233
40.42,1.739,0.326,1.655,4.109,-0.064,4.214
40.43,1.612,0.327,1.648,4.086,-0.063,4.193
40.44,1.824,0.324,1.675,4.279,-0.062,4.209
40.45,1.542,0.326,1.655,3.940,-0.063,4.163
40.46,1.440,0.325,1.619,4.175,-0.064,4.164
40.47,1.722,0.323,1.635,4.197,-0.064,4.169
40.48,1.620,0.324,1.632,4.155,-0.066,4.166
40.49,1.619,0.324,1.630,3.920,-0.065,4.125
40.50,1.660,0.321,1.633,4.279,-0.064,4.151
40.51,1.620,0.324,1.633,3.831,-0.063,4.098
40.52,1.684,0.325,1.643,3.973,-0.063,4.077
40.53,1.466,0.327,1.614,4.445,-0.064,4.138
40.54,1.658,0.326,1.621,4.198,-0.063,4.149
40.55,1.285,0.325,1.563,4.293,-0.065,4.172
40.56,1.643,0.323,1.575,4.369,-0.065,4.205
40.57,1.723,0.325,1.601,4.082,-0.064,4.185
40.58,1.452,0.325,1.576,3.739,-0.063,4.111
40.59,1.661,0.327,1.592,4.221,-0.065,4.128
40.60,1.720,0.327,1.614,4.387,-0.067,4.170
40.61,1.841,0.323,1.649,4.094,-0.068,4.156
40.62,1.483,0.321,1.619,4.304,-0.068,4.181
40.63,1.472,0.322,1.595,4.236,-0.068,4.190
40.64,1.663,0.321,1.606,3.814,-0.068,4.126
40.65,1.643,0.323,1.614,4.268,-0.068,4.150
40.66,1.576,0.324,1.608,4.121,-0.067,4.146
40.67,1.542,0.324,1.597,4.207,-0.066,4.157
40.68,1.572,0.324,1.593,4.018,-0.065,4.134
40.69,1.230,0.324,1.532,4.200,-0.065,4.145
40.70,1.735,0.324,1.566,4.278,-0.066,4.167
40.71,1.478,0.326,1.553,4.202,-0.067,4.172
40.72,1.738,0.326,1.584,4.261,-0.069,4.186
40.73,1.608,0.329,1.589,4.159,-0.068,4.182
40.74,1.693,0.328,1.606,4.235,-0.068,4.191
40.75,1.510,0.330,1.591,4.263,-0.068,4.203
40.76,1.529,0.329,1.580,3.898,-0.068,4.152
40.77,1.668,0.332,1.597,4.392,-0.069,4.191
40.78,1.759,0.333,1.625,4.395,-0.070,4.225
40.79,1.704,0.333,1.638,4.154,-0.070,4.213
40.80,1.399,0.334,1.599,4.391,-0.070,4.243
40.81,1.505,0.337,1.586,3.984,-0.069,4.200
40.82,1.584,0.336,1.585,4.093,-0.068,4.184
40.83,1.261,0.338,1.532,4.002,-0.067,4.154
40.84,1.177,0.338,1.472,4.065,-0.067,4.139
40.85,1.660,0.339,1.504,4.110,-0.067,4.134
40.86,1.595,0.338,1.518,4.420,-0.066,4.182
40.87,1.433,0.337,1.503,4.234,-0.067,4.190
40.88,1.567,0.337,1.514,4.073,-0.069,4.169
40.89,1.424,0.340,1.500,4.210,-0.068,4.177
40.90,1.749,0.341,1.543,3.926,-0.067,4.136
40.91,1.446,0.340,1.526,4.059,-0.066,4.123
40.92,1.580,0.341,1.536,4.096,-0.068,4.117
40.93,1.510,0.340,1.530,4.177,-0.066,4.129
40.94,1.263,0.339,1.485,3.905,-0.069,4.089
40.95,1.668,0.339,1.515,4.177,-0.068,4.105
40.96,1.562,0.338,1.522,4.430,-0.068,4.160
40.97,1.455,0.337,1.510,3.932,-0.068,4.121
40.98,1.340,0.337,1.480,4.205,-0.066,4.137
40.99,1.868,0.334,1.544,4.111,-0.066,4.132
41.00,1.734,0.334,1.576,4.301,-0.066,4.161
41.01,1.642,0.332,1.586,3.991,-0.068,4.131
41.02,1.526,0.330,1.574,4.213,-0.069,4.144
41.03,1.565,0.329,1.572,4.346,-0.068,4.178
41.04,1.753,0.331,1.603,4.228,-0.068,4.187
41.05,1.349,0.330,1.560,3.952,-0.069,4.146
41.06,1.456,0.330,1.542,4.499,-0.071,4.204
41.07,1.550,0.332,1.545,4.130,-0.071,4.192
41.08,1.802,0.333,1.589,4.345,-0.070,4.218
41.09,1.766,0.331,1.617,3.953,-0.071,4.174
41.10,1.739,0.332,1.639,4.359,-0.072,4.204
41.11,1.598,0.333,1.632,4.390,-0.071,4.236
41.12,1.373,0.335,1.591,3.940,-0.070,4.187
41.13,1.560,0.336,1.586,3.922,-0.070,4.143
41.14,1.654,0.336,1.598,4.372,-0.069,4.182
41.15,1.774,0.334,1.626,4.253,-0.068,4.195
41.16,1.465,0.334,1.599,4.250,-0.069,4.204
41.17,1.410,0.335,1.567,4.238,-0.070,4.209
41.18,1.399,0.335,1.539,3.932,-0.069,4.163
41.19,1.679,0.335,1.562,4.069,-0.070,4.147
41.20,1.521,0.335,1.555,4.326,-0.072,4.175
41.21,1.795,0.335,1.596,4.204,-0.071,4.180
41.22,1.692,0.334,1.611,3.978,-0.073,4.145
41.23,1.662,0.335,1.620,4.243,-0.073,4.161
41.24,1.360,0.335,1.577,4.053,-0.072,4.144
41.25,1.596,0.334,1.579,3.949,-0.070,4.113
41.26,1.723,0.332,1.601,4.285,-0.070,4.142
41.27,1.595,0.333,1.601,4.530,-0.070,4.207
41.28,1.579,0.333,1.597,4.070,-0.070,4.184
41.29,1.712,0.332,1.616,4.319,-0.072,4.206
41.30,1.738,0.334,1.638,3.969,-0.072,4.166
41.31,1.609,0.333,1.632,4.031,-0.071,4.144
41.32,1.582,0.333,1.623,4.185,-0.071,4.151
41.33,1.538,0.334,1.610,4.162,-0.071,4.153
41.34,1.720,0.334,1.629,4.095,-0.071,4.143
41.35,1.364,0.336,1.586,4.260,-0.070,4.163
41.36,1.535,0.335,1.577,4.290,-0.070,4.185
41.37,1.665,0.333,1.589,4.325,-0.071,4.208
41.38,1.719,0.335,1.613,4.048,-0.071,4.181
41.39,1.641,0.336,1.618,3.977,-0.070,4.147
41.40,1.555,0.335,1.607,4.377,-0.070,4.186
41.41,1.749,0.335,1.631,4.103,-0.070,4.172
41.42,1.568,0.337,1.621,4.007,-0.070,4.145
41.43,1.347,0.337,1.576,4.313,-0.069,4.174
41.44,1.369,0.340,1.543,4.186,-0.069,4.175
41.45,1.291,0.342,1.502,3.961,-0.069,4.140
41.46,1.624,0.344,1.525,4.275,-0.069,4.162
41.47,1.401,0.344,1.504,4.103,-0.069,4.152
41.48,1.379,0.345,1.483,4.087,-0.069,4.141
41.49,1.390,0.346,1.468,4.118,-0.069,4.137
41.50,1.449,0.347,1.466,4.211,-0.069,4.150
41.51,1.601,0.347,1.488,4.196,-0.070,4.156
41.52,1.586,0.348,1.505,4.096,-0.069,4.147
41.53,1.301,0.345,1.468,4.046,-0.069,4.130
41.54,1.498,0.347,1.474,4.356,-0.068,4.169
41.55,1.584,0.346,1.491,4.009,-0.068,4.142
41.56,1.401,0.347,1.477,4.231,-0.067,4.158
41.57,1.379,0.348,1.461,4.063,-0.068,4.141
41.58,1.409,0.348,1.453,4.101,-0.068,4.134
41.59,1.463,0.347,1.453,4.302,-0.068,4.163
41.60,1.453,0.348,1.454,4.223,-0.068,4.173
41.61,1.361,0.349,1.438,4.051,-0.070,4.150
41.62,1.576,0.345,1.458,4.009,-0.070,4.127
41.63,1.719,0.349,1.505,4.142,-0.072,4.128
41.64,1.723,0.351,1.543,4.430,-0.070,4.180
41.65,1.510,0.351,1.537,4.393,-0.070,4.216
41.67,1.899,0.350,1.598,4.106,-0.071,4.196
41.68,1.684,0.350,1.612,4.213,-0.069,4.201
41.69,1.770,0.349,1.638,4.389,-0.069,4.233
41.70,1.323,0.349,1.585,4.281,-0.070,4.241
41.70,1.556,0.349,1.580,4.313,-0.071,4.252
41.71,1.574,0.349,1.579,4.323,-0.071,4.264
41.73,1.181,0.349,1.512,4.262,-0.069,4.265
41.74,1.596,0.353,1.529,3.881,-0.068,4.201
41.75,1.559,0.351,1.532,3.876,-0.068,4.147
41.76,1.452,0.352,1.520,3.868,-0.069,4.099
41.77,1.602,0.353,1.534,4.145,-0.069,4.107
41.78,1.530,0.352,1.533,4.368,-0.066,4.153
41.79,1.693,0.353,1.561,4.359,-0.066,4.188
41.80,1.710,0.353,1.585,4.075,-0.067,4.169
41.80,1.490,0.353,1.569,4.252,-0.065,4.184
41.82,1.444,0.351,1.546,4.138,-0.065,4.176
41.83,1.442,0.350,1.528,4.274,-0.065,4.193
41.84,1.635,0.349,1.545,4.481,-0.065,4.242
41.85,1.455,0.348,1.529,4.235,-0.064,4.241
41.86,1.443,0.347,1.513,4.184,-0.065,4.231
41.87,1.448,0.349,1.504,4.233,-0.064,4.232
41.88,1.411,0.350,1.489,4.013,-0.065,4.195
41.89,1.677,0.350,1.520,3.958,-0.066,4.154
41.90,1.813,0.349,1.569,4.165,-0.066,4.156
41.91,1.632,0.351,1.581,4.218,-0.065,4.167
41.92,1.673,0.351,1.596,4.104,-0.066,4.156
41.93,1.574,0.349,1.591,4.446,-0.066,4.205
41.94,1.849,0.350,1.635,4.110,-0.067,4.188
41.95,1.638,0.349,1.634,4.272,-0.068,4.201
41.96,1.685,0.350,1.644,4.145,-0.067,4.193
41.97,1.626,0.348,1.639,4.171,-0.067,4.189
41.98,1.661,0.347,1.642,4.063,-0.067,4.168
41.99,1.430,0.346,1.606,4.115,-0.065,4.160
42.00,1.862,0.347,1.650,4.346,-0.065,4.191
42.01,1.547,0.347,1.632,4.281,-0.066,4.206
42.02,1.773,0.347,1.656,4.143,-0.066,4.195
42.03,1.487,0.348,1.628,4.099,-0.066,4.179
42.04,1.596,0.350,1.625,4.317,-0.065,4.204
42.05,1.814,0.348,1.655,4.041,-0.065,4.176
42.06,1.645,0.346,1.652,4.215,-0.065,4.183
42.07,1.727,0.347,1.665,4.535,-0.064,4.243
42.08,1.215,0.348,1.590,4.001,-0.063,4.204
42.09,1.382,0.348,1.555,4.040,-0.062,4.177
42.10,1.494,0.350,1.546,4.460,-0.061,4.225
42.11,1.531,0.349,1.543,4.134,-0.061,4.210
42.12,1.820,0.352,1.592,4.158,-0.061,4.201
42.13,1.424,0.352,1.564,4.237,-0.059,4.209
42.14,1.728,0.353,1.592,4.359,-0.061,4.233
42.15,1.457,0.350,1.567,4.164,-0.060,4.222
42.16,1.447,0.351,1.547,4.110,-0.059,4.204
42.17,1.495,0.348,1.536,4.113,-0.059,4.189
42.18,1.717,0.350,1.568,4.041,-0.059,4.164
42.19,1.454,0.348,1.547,4.413,-0.059,4.206
42.20,1.591,0.352,1.558,4.097,-0.057,4.189
42.21,1.857,0.350,1.606,4.140,-0.057,4.181
42.22,1.482,0.349,1.585,3.784,-0.057,4.114
42.23,1.794,0.350,1.620,4.544,-0.056,4.187
42.24,1.601,0.348,1.616,3.978,-0.057,4.151
42.25,1.257,0.349,1.556,3.932,-0.058,4.113
42.26,1.845,0.351,1.606,4.013,-0.058,4.097
42.27,1.598,0.350,1.604,4.172,-0.059,4.109
42.28,1.787,0.351,1.635,4.160,-0.058,4.118
42.29,1.737,0.349,1.651,4.391,-0.057,4.164
42.30,1.158,0.346,1.566,4.075,-0.057,4.149
42.31,1.408,0.346,1.539,4.198,-0.057,4.158
42.32,1.454,0.345,1.524,4.349,-0.057,4.190
42.33,1.682,0.345,1.550,3.738,-0.058,4.114
42.34,1.710,0.344,1.576,4.422,-0.057,4.166
42.35,1.669,0.343,1.591,4.225,-0.057,4.176
42.36,1.517,0.343,1.578,4.048,-0.057,4.154
42.37,1.448,0.344,1.557,4.281,-0.056,4.176
42.38,1.779,0.344,1.594,4.098,-0.057,4.163
42.39,1.698,0.347,1.614,4.455,-0.056,4.212
42.40,1.487,0.345,1.591,3.939,-0.057,4.166
42.41,1.414,0.347,1.563,4.115,-0.057,4.157
42.42,1.280,0.348,1.516,4.060,-0.059,4.139
42.43,1.570,0.349,1.525,3.888,-0.059,4.097
42.44,1.583,0.348,1.534,4.341,-0.059,4.138
42.45,1.494,0.348,1.527,4.237,-0.059,4.155
42.46,1.620,0.346,1.541,4.179,-0.059,4.159
42.47,1.648,0.346,1.559,3.873,-0.058,4.112
42.48,1.652,0.345,1.574,4.134,-0.058,4.115
42.49,1.487,0.345,1.559,4.241,-0.057,4.137
42.50,1.877,0.344,1.612,4.119,-0.056,4.134
42.51,1.691,0.345,1.626,4.173,-0.056,4.141
42.52,1.588,0.345,1.619,4.221,-0.057,4.154
42.53,1.313,0.344,1.567,4.331,-0.057,4.184
42.54,1.826,0.343,1.609,4.476,-0.058,4.233
42.55,1.564,0.343,1.602,4.323,-0.057,4.248
42.56,1.703,0.342,1.618,4.260,-0.058,4.250
42.57,1.931,0.343,1.671,4.208,-0.058,4.243
42.58,1.293,0.341,1.606,4.003,-0.059,4.202
42.59,1.506,0.340,1.589,4.016,-0.059,4.171
42.60,1.641,0.340,1.597,4.037,-0.059,4.149
42.61,1.703,0.340,1.615,4.272,-0.058,4.170
42.62,1.733,0.340,1.635,4.298,-0.058,4.192
42.63,1.443,0.339,1.602,3.947,-0.056,4.152
42.64,1.497,0.339,1.584,4.459,-0.055,4.204
42.65,1.429,0.339,1.558,4.141,-0.054,4.194
42.66,1.841,0.340,1.606,4.075,-0.053,4.175
42.67,1.525,0.342,1.594,4.270,-0.054,4.190
42.68,2.095,0.341,1.678,3.985,-0.053,4.156
42.69,1.575,0.342,1.661,4.370,-0.052,4.194
42.70,1.206,0.340,1.582,4.205,-0.052,4.196
42.71,1.585,0.342,1.584,3.999,-0.052,4.163
42.72,1.536,0.343,1.577,4.341,-0.052,4.192
42.73,1.340,0.342,1.536,4.028,-0.053,4.164
42.74,1.578,0.344,1.545,3.897,-0.053,4.119
42.75,1.800,0.345,1.588,4.064,-0.053,4.110
42.76,1.435,0.346,1.563,4.387,-0.053,4.157
42.77,1.586,0.346,1.567,4.315,-0.052,4.184
42.78,1.665,0.345,1.582,4.311,-0.053,4.204
42.79,1.565,0.343,1.578,4.109,-0.053,4.189
42.80,1.652,0.342,1.590,4.015,-0.054,4.158
42.81,1.286,0.341,1.537,4.222,-0.056,4.168
42.82,1.653,0.341,1.557,4.392,-0.056,4.205
42.83,1.345,0.340,1.521,4.240,-0.057,4.210
42.84,1.513,0.341,1.519,4.430,-0.058,4.247
42.85,1.590,0.341,1.531,4.298,-0.059,4.255
42.86,1.686,0.339,1.556,3.704,-0.059,4.162
42.87,1.500,0.338,1.545,4.312,-0.061,4.186
42.88,1.454,0.338,1.530,4.271,-0.061,4.200
42.89,1.676,0.338,1.554,4.377,-0.061,4.230
42.90,1.431,0.338,1.533,4.052,-0.061,4.200
42.91,1.690,0.338,1.560,4.216,-0.062,4.202
42.92,1.952,0.337,1.625,4.173,-0.061,4.197
42.93,1.640,0.338,1.628,4.069,-0.062,4.176
42.94,1.497,0.337,1.605,4.621,-0.062,4.250
42.95,1.674,0.337,1.617,4.166,-0.061,4.237
42.96,1.676,0.339,1.628,4.288,-0.062,4.245
42.97,1.805,0.338,1.657,4.286,-0.063,4.252
42.98,1.584,0.338,1.644,4.126,-0.063,4.231
42.99,1.552,0.337,1.629,4.346,-0.063,4.250
43.00,1.500,0.337,1.607,4.289,-0.063,4.257
43.01,1.644,0.337,1.613,4.187,-0.063,4.245
43.02,1.267,0.336,1.554,4.209,-0.063,4.239
43.03,1.752,0.337,1.589,4.185,-0.062,4.231
43.04,1.412,0.338,1.560,3.930,-0.062,4.180
43.05,1.855,0.341,1.611,4.101,-0.063,4.166
43.06,1.634,0.340,1.615,4.104,-0.061,4.157
43.07,1.565,0.342,1.608,4.032,-0.061,4.136
43.08,1.817,0.342,1.643,4.440,-0.062,4.186
43.09,1.329,0.342,1.590,4.155,-0.063,4.180
43.10,1.385,0.341,1.555,4.145,-0.061,4.176
43.11,1.586,0.342,1.561,4.266,-0.061,4.191
43.12,1.595,0.344,1.568,4.291,-0.060,4.208
43.13,1.302,0.344,1.524,4.312,-0.060,4.226
43.15,1.418,0.345,1.507,4.278,-0.061,4.234
43.15,1.475,0.345,1.501,3.992,-0.059,4.195
43.16,1.732,0.346,1.540,4.112,-0.059,4.181
43.17,1.874,0.345,1.596,4.267,-0.059,4.196
43.18,1.400,0.344,1.562,3.944,-0.060,4.153
43.19,1.590,0.344,1.566,4.259,-0.060,4.171
43.21,1.521,0.344,1.558,4.267,-0.058,4.188
43.22,1.546,0.345,1.557,4.261,-0.058,4.201
43.23,1.803,0.346,1.600,4.367,-0.059,4.228
43.24,1.456,0.347,1.576,4.231,-0.061,4.227
43.25,1.571,0.348,1.576,4.058,-0.062,4.198
43.26,1.796,0.348,1.613,4.207,-0.061,4.201
43.27,1.455,0.348,1.586,3.805,-0.059,4.135
43.28,1.692,0.349,1.605,4.126,-0.058,4.135
43.29,1.796,0.348,1.636,4.405,-0.059,4.179
43.30,1.790,0.349,1.663,4.124,-0.059,4.170
43.31,1.658,0.348,1.661,4.232,-0.058,4.181
43.32,1.476,0.351,1.632,4.136,-0.058,4.173
43.33,1.570,0.353,1.624,4.165,-0.058,4.172
43.34,1.437,0.353,1.592,4.220,-0.058,4.180
43.35,1.671,0.353,1.606,4.400,-0.058,4.217
43.36,1.642,0.353,1.611,4.381,-0.059,4.244
43.37,1.584,0.356,1.609,4.370,-0.059,4.265
43.38,1.631,0.357,1.614,4.100,-0.059,4.237
43.39,1.269,0.360,1.558,4.045,-0.060,4.205
43.40,1.425,0.361,1.537,3.861,-0.059,4.148
43.41,1.600,0.361,1.547,4.108,-0.059,4.141
43.42,1.821,0.361,1.593,4.460,-0.059,4.194
43.43,1.757,0.362,1.621,4.077,-0.059,4.175
43.44,1.580,0.363,1.615,4.081,-0.059,4.159
43.45,1.305,0.366,1.565,4.213,-0.058,4.169
43.46,1.737,0.368,1.596,3.840,-0.059,4.113
43.47,1.852,0.370,1.641,4.223,-0.059,4.131
43.48,1.737,0.370,1.657,3.966,-0.059,4.104
43.49,1.626,0.370,1.651,4.156,-0.058,4.113
43.50,1.665,0.368,1.652,4.110,-0.058,4.112
43.51,1.495,0.366,1.625,4.492,-0.059,4.176
43.52,1.653,0.366,1.629,4.176,-0.058,4.176
43.53,1.726,0.365,1.644,4.389,-0.058,4.212
43.54,1.492,0.364,1.618,4.348,-0.057,4.235
43.55,1.595,0.364,1.614,4.567,-0.057,4.292
43.56,1.448,0.365,1.587,4.332,-0.058,4.298
43.57,1.566,0.367,1.585,4.046,-0.058,4.256
43.58,1.532,0.369,1.577,4.265,-0.057,4.258
43.59,1.493,0.367,1.562,4.609,-0.057,4.318
43.60,1.569,0.367,1.563,3.816,-0.057,4.233
43.61,1.528,0.367,1.557,4.008,-0.057,4.196
43.62,1.642,0.365,1.569,4.208,-0.056,4.199
43.63,1.484,0.364,1.554,4.245,-0.055,4.208
43.64,1.689,0.364,1.577,4.143,-0.055,4.196
43.65,1.720,0.364,1.600,4.208,-0.056,4.198
43.66,1.647,0.363,1.608,4.330,-0.055,4.221
43.67,1.601,0.362,1.605,4.011,-0.055,4.185
43.68,1.627,0.362,1.609,4.100,-0.055,4.171
43.69,1.439,0.361,1.579,3.971,-0.055,4.137
43.70,1.636,0.360,1.588,4.000,-0.056,4.113
43.71,1.606,0.359,1.591,4.000,-0.056,4.094
43.72,1.451,0.360,1.567,3.973,-0.059,4.071
43.73,1.802,0.359,1.606,4.287,-0.058,4.108
43.74,1.636,0.360,1.612,3.833,-0.058,4.062
43.75,1.608,0.362,1.613,4.116,-0.058,4.071
43.76,1.653,0.362,1.620,4.244,-0.057,4.101
43.77,1.336,0.363,1.573,4.115,-0.058,4.102
43.78,1.550,0.364,1.569,4.008,-0.059,4.085
43.79,1.454,0.363,1.549,4.379,-0.060,4.134
43.80,1.846,0.365,1.600,3.922,-0.059,4.099
43.81,1.446,0.365,1.574,4.153,-0.058,4.109
43.82,1.484,0.366,1.560,3.750,-0.058,4.048
43.83,1.559,0.368,1.561,4.094,-0.058,4.056
43.84,1.783,0.367,1.598,3.966,-0.059,4.040
43.85,1.838,0.369,1.640,4.153,-0.060,4.057
43.86,1.585,0.368,1.630,4.213,-0.060,4.084
43.87,1.454,0.368,1.601,4.212,-0.061,4.104
43.88,1.538,0.369,1.591,4.339,-0.060,4.144
43.89,1.743,0.371,1.618,4.271,-0.061,4.165
43.90,1.497,0.374,1.600,4.270,-0.060,4.183
43.91,1.683,0.375,1.614,4.113,-0.060,4.172
43.92,1.831,0.375,1.651,4.256,-0.060,4.185
43.93,1.671,0.375,1.654,4.221,-0.060,4.192
43.94,1.838,0.376,1.686,4.164,-0.057,4.189
43.95,1.766,0.376,1.700,4.338,-0.058,4.213
43.96,1.873,0.377,1.729,4.226,-0.059,4.215
43.97,1.530,0.376,1.696,4.008,-0.058,4.181
43.98,1.565,0.375,1.672,4.548,-0.058,4.243
43.99,1.557,0.373,1.651,3.846,-0.059,4.175
44.00,1.596,0.374,1.643,4.060,-0.059,4.156
44.01,1.593,0.375,1.635,4.452,-0.059,4.206
44.02,1.575,0.378,1.627,3.985,-0.059,4.169
44.03,1.474,0.379,1.603,4.577,-0.059,4.237
44.04,1.350,0.378,1.559,3.994,-0.060,4.196
44.05,1.419,0.379,1.537,4.340,-0.061,4.219
44.06,1.762,0.381,1.576,4.282,-0.059,4.232
44.07,1.449,0.382,1.555,4.314,-0.059,4.246
44.08,1.650,0.382,1.571,4.371,-0.059,4.267
44.09,1.447,0.379,1.548,4.036,-0.058,4.228
44.10,1.395,0.378,1.521,3.912,-0.057,4.176
44.11,1.536,0.379,1.524,3.924,-0.058,4.133
44.12,1.318,0.380,1.490,4.027,-0.058,4.115
44.13,1.488,0.381,1.490,4.064,-0.058,4.106
44.14,1.354,0.381,1.467,4.244,-0.059,4.128
44.15,1.584,0.381,1.486,3.837,-0.059,4.079
44.16,1.531,0.382,1.494,3.876,-0.060,4.044
44.17,1.462,0.382,1.489,4.492,-0.060,4.120
44.18,1.705,0.383,1.526,4.275,-0.060,4.146
44.19,1.547,0.381,1.528,4.125,-0.059,4.142
44.20,1.775,0.383,1.570,4.058,-0.057,4.130
44.21,1.548,0.383,1.567,4.140,-0.058,4.131
44.22,1.426,0.384,1.544,4.361,-0.058,4.169
44.23,1.540,0.382,1.541,4.193,-0.058,4.174
44.24,1.760,0.384,1.580,4.205,-0.060,4.177
44.25,1.445,0.385,1.557,4.274,-0.062,4.192
44.26,1.718,0.384,1.583,3.934,-0.062,4.149
44.27,1.388,0.382,1.549,4.226,-0.064,4.160
44.28,1.788,0.383,1.590,4.297,-0.064,4.183
44.29,1.550,0.384,1.584,4.094,-0.066,4.167
44.30,1.460,0.382,1.561,4.381,-0.067,4.202
44.31,1.746,0.381,1.592,4.329,-0.067,4.223
44.32,1.560,0.379,1.585,4.054,-0.067,4.195
44.33,1.494,0.380,1.570,4.212,-0.066,4.199
44.34,1.392,0.380,1.540,4.358,-0.066,4.226
44.35,1.528,0.381,1.539,4.101,-0.066,4.205
44.36,1.697,0.381,1.565,4.088,-0.065,4.186
44.37,1.584,0.381,1.568,4.226,-0.064,4.193
44.38,1.576,0.381,1.570,4.086,-0.064,4.175
44.39,1.650,0.382,1.584,4.434,-0.064,4.219
44.40,1.554,0.380,1.577,4.105,-0.065,4.199
44.41,1.817,0.380,1.617,4.173,-0.064,4.195
44.42,1.657,0.380,1.623,3.976,-0.063,4.159
44.43,1.628,0.380,1.625,4.393,-0.065,4.198
44.44,1.503,0.381,1.605,4.319,-0.065,4.218
44.45,1.617,0.379,1.605,4.304,-0.066,4.231
44.46,1.618,0.379,1.607,4.224,-0.066,4.230
44.47,1.300,0.380,1.557,4.009,-0.066,4.193
44.48,1.510,0.380,1.548,4.383,-0.065,4.226
44.49,1.790,0.380,1.589,4.075,-0.065,4.201
44.50,1.719,0.379,1.610,4.406,-0.066,4.234
44.51,1.372,0.379,1.570,3.742,-0.067,4.151
44.52,1.734,0.380,1.598,4.580,-0.067,4.223
44.53,1.377,0.380,1.561,4.030,-0.067,4.191
44.54,1.565,0.382,1.563,4.176,-0.066,4.189
44.55,1.876,0.381,1.614,4.295,-0.066,4.207
44.56,1.335,0.382,1.568,4.147,-0.067,4.196
44.57,1.434,0.380,1.544,4.063,-0.071,4.170
44.58,1.496,0.381,1.536,4.379,-0.072,4.205
44.60,1.676,0.382,1.561,4.053,-0.075,4.177
44.61,1.388,0.381,1.531,4.289,-0.072,4.198
44.62,1.427,0.381,1.513,4.008,-0.073,4.165
44.62,1.633,0.383,1.535,4.554,-0.076,4.229
44.63,1.437,0.383,1.518,4.466,-0.074,4.270
44.65,1.893,0.383,1.581,4.133,-0.074,4.247
44.66,1.664,0.385,1.597,4.534,-0.074,4.296
44.67,1.665,0.386,1.608,3.910,-0.072,4.233
44.67,1.538,0.385,1.596,4.018,-0.074,4.195
44.69,1.757,0.385,1.623,4.147,-0.073,4.188
44.69,1.642,0.385,1.626,4.151,-0.073,4.181
44.71,1.614,0.386,1.625,4.339,-0.074,4.207
44.71,1.562,0.386,1.614,4.161,-0.075,4.198
44.73,1.629,0.385,1.616,4.018,-0.076,4.167
44.74,1.627,0.385,1.618,4.244,-0.074,4.182
44.75,1.469,0.386,1.593,4.231,-0.073,4.191
44.76,1.566,0.387,1.589,4.436,-0.075,4.231
44.77,1.702,0.387,1.609,4.135,-0.073,4.217
44.78,1.504,0.388,1.591,4.304,-0.072,4.232
44.79,1.553,0.391,1.587,4.043,-0.072,4.200
44.80,1.604,0.392,1.591,4.070,-0.071,4.180
44.81,1.486,0.391,1.572,4.119,-0.070,4.170
44.82,1.283,0.390,1.523,4.273,-0.070,4.187
44.83,1.648,0.391,1.544,4.282,-0.070,4.204
44.84,1.734,0.391,1.576,4.300,-0.068,4.221
44.85,1.385,0.391,1.544,4.143,-0.070,4.206
44.86,1.398,0.391,1.520,4.114,-0.072,4.190
44.87,1.776,0.392,1.563,3.983,-0.071,4.155
44.88,1.470,0.392,1.547,4.349,-0.071,4.188
44.89,1.758,0.392,1.582,4.091,-0.071,4.172
44.90,1.556,0.393,1.579,4.179,-0.073,4.172
44.91,1.545,0.393,1.573,4.155,-0.072,4.169
44.92,1.614,0.396,1.582,3.889,-0.072,4.122
44.93,1.458,0.397,1.562,4.169,-0.072,4.130
44.94,1.720,0.397,1.588,4.557,-0.072,4.202
44.95,1.497,0.395,1.571,4.186,-0.072,4.199
44.96,1.549,0.396,1.568,4.116,-0.072,4.186
44.97,1.405,0.396,1.540,4.039,-0.072,4.161
44.98,1.734,0.397,1.574,3.812,-0.073,4.102
44.99,1.599,0.399,1.579,3.923,-0.073,4.072
45.00,1.433,0.399,1.555,4.051,-0.072,4.068
45.01,1.480,0.402,1.545,4.197,-0.071,4.091
45.02,1.730,0.402,1.576,4.250,-0.072,4.116
45.03,1.881,0.402,1.627,4.221,-0.073,4.133
45.04,1.293,0.402,1.571,4.012,-0.073,4.113
45.05,1.332,0.405,1.533,4.056,-0.073,4.103
45.06,1.531,0.402,1.530,4.135,-0.074,4.108
45.07,1.560,0.401,1.534,4.145,-0.074,4.114
45.08,1.835,0.402,1.585,4.045,-0.074,4.103
45.09,1.483,0.401,1.566,4.462,-0.074,4.163
45.10,1.598,0.400,1.571,4.272,-0.074,4.182
45.11,1.541,0.401,1.567,3.843,-0.073,4.125
45.12,1.775,0.401,1.602,4.207,-0.073,4.139
45.13,1.492,0.401,1.583,4.156,-0.074,4.141
45.14,1.345,0.401,1.543,4.386,-0.073,4.183
45.15,1.755,0.398,1.576,3.990,-0.073,4.151
45.16,1.474,0.399,1.559,3.873,-0.074,4.103
45.17,1.735,0.399,1.589,4.110,-0.073,4.105
45.18,1.466,0.398,1.567,4.178,-0.073,4.117
45.19,1.463,0.399,1.550,4.036,-0.073,4.104
45.20,1.402,0.399,1.526,4.109,-0.072,4.105
45.21,1.330,0.401,1.494,4.436,-0.074,4.159
45.22,1.726,0.403,1.534,4.614,-0.074,4.236
45.23,1.309,0.405,1.498,4.318,-0.074,4.250
45.24,1.894,0.407,1.566,4.457,-0.075,4.284
45.25,1.388,0.407,1.536,4.127,-0.074,4.258
45.26,1.489,0.407,1.528,4.186,-0.074,4.246
45.27,1.643,0.408,1.547,4.352,-0.075,4.263
45.28,1.513,0.409,1.542,4.460,-0.075,4.296
45.29,1.320,0.408,1.504,4.295,-0.074,4.297
45.30,1.695,0.409,1.537,4.070,-0.075,4.259
45.31,1.620,0.407,1.549,4.250,-0.073,4.259
45.32,1.678,0.408,1.571,4.263,-0.072,4.261
45.33,1.474,0.409,1.556,4.200,-0.072,4.250
45.34,1.588,0.408,1.560,4.212,-0.071,4.245
45.35,1.879,0.410,1.615,4.108,-0.069,4.224
45.36,2.024,0.411,1.685,4.019,-0.070,4.188
45.37,1.515,0.410,1.655,4.482,-0.069,4.239
45.38,1.571,0.412,1.643,4.025,-0.070,4.202
45.39,1.451,0.412,1.611,3.947,-0.068,4.161
45.40,1.394,0.411,1.573,4.169,-0.069,4.162
45.41,1.510,0.411,1.562,4.205,-0.069,4.169
45.42,1.351,0.412,1.528,4.467,-0.069,4.219
45.43,1.543,0.413,1.531,3.967,-0.069,4.177
45.44,1.559,0.412,1.535,4.281,-0.068,4.195
45.45,1.664,0.410,1.555,4.180,-0.067,4.193
45.46,1.398,0.410,1.528,4.207,-0.067,4.196
45.47,1.448,0.412,1.516,4.365,-0.068,4.224
45.48,1.483,0.413,1.511,3.747,-0.067,4.144
45.49,1.471,0.414,1.505,4.133,-0.068,4.141
45.50,1.582,0.415,1.519,4.280,-0.068,4.165
45.51,1.727,0.418,1.555,4.160,-0.069,4.163
45.52,1.675,0.419,1.577,4.036,-0.068,4.142
45.53,1.617,0.420,1.584,4.122,-0.066,4.141
45.54,1.374,0.419,1.548,4.304,-0.065,4.169
45.55,1.485,0.420,1.538,4.359,-0.065,4.201
45.56,1.719,0.422,1.570,4.096,-0.065,4.184
45.57,1.499,0.423,1.558,4.567,-0.063,4.249
45.58,1.557,0.424,1.559,3.978,-0.063,4.204
45.59,1.247,0.422,1.505,4.394,-0.064,4.235
45.60,1.666,0.424,1.534,4.387,-0.064,4.261
45.61,1.742,0.423,1.568,4.320,-0.064,4.271
45.62,1.920,0.423,1.627,3.919,-0.064,4.212
45.63,1.655,0.423,1.632,4.156,-0.064,4.203
45.64,1.607,0.423,1.628,4.270,-0.064,4.213
45.65,1.838,0.423,1.663,4.373,-0.064,4.241
45.66,1.462,0.422,1.628,4.159,-0.062,4.229
45.67,1.506,0.421,1.607,3.626,-0.062,4.128
45.68,1.460,0.422,1.583,4.109,-0.062,4.124
45.69,1.596,0.423,1.586,4.149,-0.063,4.127
45.70,1.600,0.424,1.589,4.144,-0.063,4.130
45.71,1.810,0.424,1.626,4.231,-0.063,4.148
45.72,1.641,0.424,1.628,4.182,-0.063,4.153
45.73,1.435,0.423,1.596,4.112,-0.062,4.147
45.74,1.706,0.423,1.614,4.099,-0.062,4.139
45.75,1.633,0.424,1.618,4.258,-0.061,4.160
45.76,1.500,0.425,1.599,3.914,-0.063,4.117
45.77,1.464,0.426,1.576,3.948,-0.062,4.089
45.78,1.532,0.426,1.568,4.458,-0.062,4.152
45.79,1.599,0.428,1.575,3.970,-0.061,4.122
45.80,1.582,0.428,1.576,4.390,-0.061,4.166
45.81,1.686,0.428,1.595,3.953,-0.062,4.130
45.82,1.401,0.428,1.562,4.448,-0.062,4.183
45.83,1.630,0.429,1.574,4.167,-0.062,4.180
45.84,1.397,0.428,1.544,4.275,-0.061,4.197
45.85,1.577,0.429,1.549,4.137,-0.062,4.187
45.86,1.744,0.429,1.582,4.216,-0.063,4.191
45.87,1.494,0.430,1.568,4.054,-0.063,4.167
45.88,1.528,0.430,1.561,3.979,-0.063,4.136
45.89,1.573,0.430,1.564,4.321,-0.065,4.166
45.90,1.678,0.431,1.583,4.164,-0.064,4.166
45.91,1.526,0.432,1.574,3.962,-0.064,4.132
45.92,1.702,0.431,1.595,4.486,-0.064,4.192
45.93,1.221,0.431,1.532,4.097,-0.064,4.176
45.94,1.663,0.432,1.554,4.141,-0.064,4.170
45.95,1.580,0.432,1.559,4.460,-0.064,4.218
45.96,1.555,0.432,1.558,4.191,-0.065,4.213
45.97,1.718,0.431,1.584,4.104,-0.064,4.196
45.98,1.572,0.432,1.583,4.438,-0.063,4.237
45.99,1.465,0.432,1.562,3.899,-0.063,4.181
46.00,1.426,0.433,1.540,4.272,-0.062,4.196
46.01,1.766,0.431,1.577,4.124,-0.063,4.184
46.02,1.586,0.432,1.578,4.082,-0.063,4.167
46.03,1.386,0.433,1.547,3.947,-0.064,4.129
46.04,1.592,0.433,1.554,4.075,-0.065,4.119
46.05,1.425,0.432,1.532,4.188,-0.065,4.130
46.06,1.382,0.431,1.506,4.229,-0.067,4.146
46.07,1.489,0.430,1.502,4.557,-0.067,4.215
46.08,1.620,0.432,1.523,3.795,-0.067,4.144
46.09,1.500,0.434,1.520,4.228,-0.066,4.159
46.10,1.610,0.434,1.536,3.863,-0.066,4.109
46.11,1.571,0.434,1.541,4.362,-0.066,4.153
46.13,1.685,0.436,1.567,4.412,-0.066,4.196
46.14,1.518,0.437,1.559,4.240,-0.066,4.204
46.15,1.245,0.439,1.508,3.928,-0.066,4.157
46.16,1.442,0.440,1.497,4.258,-0.065,4.175
46.16,1.684,0.439,1.528,4.252,-0.065,4.188
46.18,1.483,0.438,1.520,4.259,-0.065,4.200
46.19,1.471,0.440,1.512,4.157,-0.065,4.193
46.20,1.842,0.440,1.568,4.256,-0.065,4.204
46.21,1.850,0.442,1.616,3.889,-0.065,4.151
46.22,1.747,0.442,1.638,4.404,-0.064,4.194
46.23,1.708,0.442,1.650,4.174,-0.064,4.191
46.24,1.685,0.443,1.657,4.109,-0.063,4.177
46.24,1.455,0.443,1.622,4.407,-0.064,4.215
46.26,1.595,0.445,1.619,4.130,-0.065,4.200
46.27,1.838,0.446,1.657,4.407,-0.064,4.236
46.28,1.512,0.446,1.633,4.270,-0.062,4.243
46.29,1.882,0.444,1.674,4.237,-0.064,4.240
46.30,1.428,0.444,1.632,4.187,-0.065,4.231
46.31,1.587,0.444,1.624,4.405,-0.065,4.260
46.32,1.562,0.445,1.614,4.050,-0.065,4.225
46.33,1.703,0.445,1.629,4.053,-0.066,4.196
46.34,1.852,0.446,1.667,4.080,-0.065,4.177
46.35,1.358,0.446,1.615,4.388,-0.064,4.213
46.36,1.500,0.447,1.596,4.204,-0.064,4.211
46.37,1.584,0.446,1.593,4.244,-0.065,4.217
46.38,1.391,0.447,1.560,4.152,-0.065,4.206
46.39,1.630,0.447,1.572,4.181,-0.065,4.201
46.40,1.670,0.447,1.588,4.241,-0.064,4.209
46.41,1.796,0.446,1.622,4.146,-0.064,4.198
46.42,1.383,0.445,1.581,4.014,-0.064,4.167
46.43,1.638,0.446,1.591,4.115,-0.065,4.158
46.44,1.552,0.448,1.586,4.401,-0.064,4.199
46.45,1.471,0.449,1.568,4.082,-0.065,4.179
46.46,1.500,0.450,1.557,4.093,-0.066,4.164
46.47,1.681,0.452,1.579,4.049,-0.065,4.145
46.48,1.378,0.453,1.547,4.084,-0.065,4.135
46.49,1.486,0.454,1.536,4.440,-0.065,4.187
46.50,1.597,0.453,1.546,4.171,-0.066,4.183
46.51,1.498,0.453,1.538,4.154,-0.065,4.179
46.52,1.419,0.453,1.518,4.102,-0.063,4.168
46.53,1.451,0.452,1.505,4.512,-0.065,4.224
46.54,1.904,0.452,1.572,3.953,-0.064,4.179
46.55,1.665,0.453,1.588,4.301,-0.064,4.200
46.56,1.249,0.454,1.532,3.896,-0.065,4.148
46.57,1.562,0.453,1.536,4.278,-0.063,4.171
46.58,1.509,0.454,1.532,4.100,-0.065,4.158
46.59,1.658,0.454,1.553,3.910,-0.063,4.118
46.60,1.695,0.455,1.577,4.268,-0.064,4.142
46.61,1.677,0.454,1.593,4.281,-0.063,4.166
46.62,1.328,0.455,1.549,4.346,-0.063,4.197
46.63,1.770,0.453,1.585,4.181,-0.062,4.195
46.64,1.351,0.454,1.546,4.083,-0.062,4.176
46.65,1.604,0.454,1.555,4.203,-0.062,4.181
46.66,1.577,0.455,1.560,4.183,-0.061,4.182
46.67,1.570,0.457,1.563,4.046,-0.059,4.160
46.68,1.693,0.455,1.584,4.130,-0.060,4.155
46.69,1.421,0.455,1.556,4.502,-0.061,4.212
46.70,1.574,0.459,1.562,4.300,-0.060,4.228
46.71,1.664,0.460,1.580,4.213,-0.060,4.225
46.72,1.585,0.463,1.583,4.163,-0.060,4.215
46.73,1.795,0.462,1.618,3.953,-0.061,4.170
46.74,1.711,0.461,1.632,4.230,-0.061,4.180
46.75,1.517,0.463,1.614,4.048,-0.061,4.158
46.76,1.626,0.466,1.619,4.253,-0.061,4.174
46.77,1.541,0.468,1.607,4.291,-0.061,4.194
46.78,1.582,0.467,1.602,4.087,-0.062,4.175
46.79,1.439,0.466,1.574,4.006,-0.062,4.147
46.80,1.514,0.467,1.564,4.602,-0.061,4.225
46.81,1.704,0.468,1.588,4.515,-0.061,4.274
46.82,1.595,0.468,1.589,4.048,-0.062,4.235
46.83,1.452,0.470,1.568,4.317,-0.062,4.249
46.84,1.433,0.468,1.543,4.049,-0.059,4.218
46.85,1.583,0.468,1.550,4.113,-0.060,4.200
46.86,1.400,0.468,1.524,4.205,-0.059,4.201
46.87,1.344,0.467,1.493,4.495,-0.058,4.251
46.88,1.498,0.466,1.492,3.834,-0.059,4.181
46.89,1.679,0.465,1.523,4.104,-0.060,4.167
46.90,1.574,0.465,1.531,4.224,-0.060,4.176
46.91,1.685,0.464,1.556,4.179,-0.061,4.176
46.92,1.553,0.465,1.556,4.294,-0.061,4.196
46.93,1.719,0.466,1.584,4.106,-0.061,4.181
46.94,1.773,0.467,1.617,4.446,-0.060,4.226
46.95,1.584,0.470,1.613,3.729,-0.059,4.143
46.96,1.551,0.470,1.603,4.425,-0.058,4.191
46.97,1.432,0.469,1.573,4.011,-0.058,4.161
46.98,1.265,0.470,1.522,4.311,-0.058,4.187
46.99,1.549,0.471,1.527,4.608,-0.060,4.256
47.00,1.444,0.472,1.514,4.280,-0.058,4.261
47.01,1.676,0.475,1.543,4.230,-0.057,4.257
47.02,1.563,0.476,1.547,4.163,-0.057,4.242
47.03,1.547,0.475,1.547,4.156,-0.057,4.227
47.04,2.017,0.476,1.626,4.455,-0.057,4.265
47.05,1.767,0.475,1.648,3.821,-0.057,4.191
47.06,1.552,0.476,1.633,3.944,-0.056,4.150
47.07,1.661,0.477,1.639,4.400,-0.056,4.193
47.08,1.579,0.478,1.629,4.222,-0.055,4.198
47.09,1.728,0.479,1.647,4.067,-0.055,4.176
47.10,1.616,0.480,1.642,4.387,-0.056,4.211
47.11,1.626,0.480,1.639,4.037,-0.054,4.183
47.12,1.636,0.479,1.638,4.136,-0.055,4.174
47.13,1.537,0.480,1.622,4.002,-0.056,4.145
47.14,1.585,0.479,1.615,4.287,-0.055,4.170
47.15,1.701,0.479,1.629,4.196,-0.054,4.175
47.16,1.411,0.480,1.592,3.805,-0.053,4.113
47.17,1.347,0.482,1.553,4.045,-0.053,4.101
47.18,1.796,0.482,1.594,4.148,-0.053,4.109
47.19,1.445,0.480,1.567,3.932,-0.054,4.078
47.20,1.540,0.479,1.561,4.227,-0.053,4.104
47.21,1.474,0.480,1.547,3.981,-0.054,4.082
47.22,1.515,0.480,1.542,4.530,-0.054,4.157
47.23,1.511,0.483,1.538,4.447,-0.054,4.206
47.24,1.484,0.482,1.528,4.118,-0.054,4.192
47.25,1.590,0.481,1.538,4.202,-0.053,4.194
47.26,1.341,0.482,1.505,4.242,-0.054,4.202
47.27,1.663,0.482,1.531,4.393,-0.053,4.234
47.28,1.666,0.482,1.554,4.098,-0.052,4.212
47.29,1.674,0.483,1.575,4.418,-0.052,4.247
47.30,1.458,0.482,1.554,4.332,-0.052,4.261
47.31,1.396,0.480,1.525,4.227,-0.053,4.255
47.32,1.442,0.478,1.510,4.141,-0.053,4.236
47.33,1.541,0.479,1.515,4.290,-0.053,4.245
47.34,1.562,0.478,1.522,4.076,-0.052,4.217
47.35,1.671,0.479,1.548,3.941,-0.052,4.171
47.36,1.558,0.479,1.550,4.282,-0.053,4.189
47.37,1.723,0.480,1.579,3.900,-0.053,4.140
47.38,1.404,0.480,1.550,4.219,-0.053,4.153
47.39,1.536,0.478,1.545,4.226,-0.054,4.165
47.40,1.536,0.479,1.544,3.988,-0.053,4.136
47.41,1.692,0.479,1.569,4.092,-0.053,4.129
47.42,1.557,0.478,1.566,4.332,-0.053,4.163
47.43,1.529,0.479,1.561,4.329,-0.053,4.190
47.44,1.519,0.482,1.556,4.176,-0.051,4.190
47.45,1.432,0.484,1.537,4.177,-0.052,4.187
47.46,1.644,0.485,1.555,4.056,-0.050,4.167
47.47,1.496,0.485,1.545,3.865,-0.050,4.115
47.48,1.472,0.485,1.533,4.546,-0.049,4.189
47.49,1.794,0.486,1.577,4.370,-0.048,4.220
47.50,1.044,0.484,1.486,4.262,-0.047,4.228
47.51,1.637,0.485,1.512,4.147,-0.047,4.215
47.52,1.339,0.487,1.484,4.403,-0.048,4.246
47.53,1.734,0.487,1.526,4.142,-0.047,4.229
47.54,1.508,0.490,1.525,4.067,-0.046,4.202
47.55,1.825,0.487,1.572,4.183,-0.046,4.200
47.57,1.582,0.488,1.575,4.133,-0.046,4.188
47.57,1.481,0.488,1.559,4.178,-0.046,4.187
47.58,1.606,0.491,1.569,3.963,-0.046,4.149
47.59,1.579,0.493,1.572,4.144,-0.045,4.149
47.60,1.505,0.492,1.560,4.058,-0.045,4.134
47.61,1.844,0.491,1.607,4.294,-0.045,4.160
47.62,1.562,0.492,1.600,4.242,-0.047,4.172
47.63,1.397,0.493,1.567,4.329,-0.048,4.198
47.65,1.644,0.496,1.582,4.311,-0.047,4.218
47.66,1.462,0.495,1.560,4.189,-0.047,4.213
47.67,1.484,0.495,1.548,4.219,-0.047,4.214
47.68,1.754,0.494,1.581,4.251,-0.046,4.221
47.69,1.661,0.496,1.596,4.013,-0.046,4.186
47.70,1.542,0.495,1.586,4.207,-0.046,4.190
47.71,1.564,0.494,1.582,4.105,-0.046,4.175
47.72,1.673,0.494,1.597,4.405,-0.046,4.214
47.73,1.568,0.495,1.592,4.510,-0.045,4.264
47.74,1.522,0.496,1.581,3.882,-0.045,4.201
47.75,1.584,0.493,1.579,4.435,-0.045,4.240
47.76,1.607,0.492,1.583,3.952,-0.043,4.193
47.77,1.534,0.493,1.575,4.420,-0.046,4.229
47.78,1.672,0.492,1.590,3.954,-0.046,4.182
47.79,1.852,0.490,1.633,4.404,-0.045,4.220
47.80,1.620,0.491,1.631,4.026,-0.046,4.187
47.81,1.498,0.489,1.607,4.180,-0.048,4.185
47.82,1.588,0.486,1.602,4.211,-0.046,4.190
47.83,1.627,0.487,1.607,4.267,-0.047,4.202
47.84,1.765,0.488,1.634,4.207,-0.047,4.204
47.85,1.657,0.489,1.638,4.187,-0.047,4.201
47.86,1.510,0.490,1.618,4.179,-0.048,4.196
47.87,1.715,0.491,1.635,4.108,-0.049,4.180
47.88,1.679,0.491,1.642,4.046,-0.048,4.158
47.89,1.652,0.494,1.646,4.268,-0.048,4.177
47.90,1.534,0.495,1.628,4.244,-0.049,4.187
47.91,1.769,0.495,1.652,4.349,-0.051,4.213
47.92,1.330,0.495,1.597,4.025,-0.052,4.181
47.93,1.649,0.495,1.606,4.165,-0.051,4.179
47.94,1.520,0.496,1.592,4.021,-0.050,4.153
47.95,1.521,0.496,1.580,4.303,-0.050,4.178
47.96,1.300,0.495,1.532,4.369,-0.050,4.210
47.97,1.662,0.494,1.553,4.307,-0.049,4.227
47.98,1.678,0.495,1.574,4.186,-0.050,4.220
47.99,1.594,0.493,1.576,4.329,-0.051,4.238
48.00,1.526,0.494,1.568,3.974,-0.050,4.194
48.01,1.475,0.494,1.552,4.291,-0.051,4.210
48.02,1.619,0.494,1.564,4.272,-0.050,4.221
48.03,1.519,0.495,1.556,4.018,-0.050,4.187
48.04,1.697,0.496,1.580,4.353,-0.051,4.214
48.05,1.414,0.496,1.553,4.156,-0.052,4.203
48.06,1.694,0.495,1.575,4.156,-0.052,4.195
48.07,1.594,0.497,1.579,4.153,-0.052,4.188
48.08,1.517,0.497,1.569,4.073,-0.050,4.170
48.09,1.498,0.499,1.559,4.470,-0.050,4.221
48.10,1.842,0.501,1.607,4.187,-0.048,4.217
48.11,1.676,0.502,1.620,4.048,-0.049,4.188
48.12,1.672,0.503,1.630,4.447,-0.049,4.231
48.13,1.753,0.503,1.650,4.227,-0.049,4.231
48.14,1.700,0.503,1.658,4.422,-0.049,4.263
48.15,1.666,0.503,1.659,4.169,-0.047,4.249
48.16,1.610,0.501,1.650,4.106,-0.046,4.226
48.17,1.510,0.499,1.624,4.064,-0.045,4.199
48.18,1.578,0.498,1.615,4.260,-0.045,4.210
48.19,1.577,0.499,1.609,4.333,-0.045,4.230
48.20,1.797,0.498,1.640,4.318,-0.045,4.245
48.21,1.629,0.500,1.640,3.791,-0.045,4.169
48.22,1.585,0.500,1.631,3.986,-0.044,4.138
48.23,1.579,0.500,1.621,4.174,-0.045,4.144
48.24,1.397,0.501,1.584,4.204,-0.045,4.154
48.25,1.653,0.501,1.596,3.908,-0.045,4.112
48.26,1.719,0.502,1.618,4.358,-0.044,4.154
48.27,1.602,0.504,1.617,4.103,-0.044,4.146
48.28,1.587,0.504,1.611,4.056,-0.044,4.131
48.29,1.475,0.504,1.589,4.235,-0.046,4.146
48.30,1.825,0.503,1.627,4.182,-0.047,4.152
48.31,1.439,0.505,1.597,4.214,-0.046,4.163
48.32,1.609,0.507,1.600,4.261,-0.047,4.179
48.33,1.654,0.506,1.608,4.035,-0.046,4.155
48.34,1.375,0.505,1.568,3.825,-0.046,4.099
48.35,1.606,0.506,1.575,4.259,-0.047,4.125
48.36,1.350,0.507,1.537,4.512,-0.045,4.192
48.37,1.568,0.507,1.542,4.427,-0.047,4.230
48.38,1.458,0.509,1.529,4.649,-0.048,4.300
48.39,1.692,0.507,1.555,4.246,-0.049,4.290
48.40,1.299,0.508,1.512,4.234,-0.049,4.281
48.41,1.485,0.509,1.508,4.096,-0.048,4.250
48.42,1.206,0.509,1.458,4.215,-0.049,4.244
48.43,1.785,0.510,1.513,4.374,-0.048,4.267
48.44,1.797,0.510,1.560,4.126,-0.048,4.243
48.45,1.495,0.509,1.548,4.298,-0.049,4.252
48.46,1.590,0.508,1.554,4.131,-0.049,4.231
48.47,1.406,0.510,1.531,4.306,-0.048,4.245
48.48,1.769,0.511,1.572,4.120,-0.045,4.226
48.49,1.980,0.513,1.642,4.128,-0.046,4.209
48.50,1.457,0.512,1.610,4.372,-0.046,4.237
48.51,1.455,0.512,1.583,4.338,-0.046,4.253
48.52,1.616,0.512,1.589,4.337,-0.047,4.267
48.53,1.465,0.513,1.569,4.007,-0.045,4.225
48.54,1.514,0.513,1.559,4.174,-0.047,4.215
48.55,1.542,0.514,1.557,4.197,-0.047,4.212
48.56,1.376,0.514,1.526,4.259,-0.047,4.220
48.57,1.889,0.514,1.587,3.991,-0.048,4.180
48.58,1.493,0.514,1.571,4.292,-0.047,4.200
48.59,1.391,0.516,1.542,4.176,-0.048,4.196
48.60,1.422,0.517,1.523,3.959,-0.047,4.156
48.61,1.778,0.515,1.564,4.189,-0.048,4.161
48.62,1.350,0.514,1.527,3.991,-0.049,4.131
48.63,1.703,0.516,1.557,4.020,-0.049,4.112
48.64,1.509,0.516,1.549,4.378,-0.049,4.157
48.65,1.738,0.515,1.580,4.321,-0.049,4.185
48.66,1.787,0.517,1.616,4.067,-0.048,4.166
48.67,1.534,0.516,1.602,4.337,-0.047,4.195
48.68,1.624,0.515,1.604,4.215,-0.048,4.198
48.69,1.434,0.515,1.575,3.994,-0.048,4.163
48.70,1.552,0.515,1.572,4.335,-0.048,4.192
48.71,1.268,0.514,1.519,4.054,-0.049,4.168
48.72,1.780,0.513,1.562,3.949,-0.049,4.131
48.73,1.673,0.513,1.580,4.021,-0.048,4.113
48.74,1.628,0.514,1.589,3.957,-0.049,4.086
48.75,1.667,0.515,1.603,4.374,-0.050,4.134
48.76,1.649,0.516,1.612,4.325,-0.049,4.166
48.77,1.588,0.517,1.608,3.955,-0.049,4.131
48.78,1.691,0.517,1.622,4.215,-0.050,4.145
48.79,1.521,0.516,1.604,4.232,-0.049,4.160
48.80,1.594,0.519,1.604,4.202,-0.050,4.166
48.81,1.543,0.520,1.595,4.160,-0.051,4.164
48.82,1.657,0.519,1.604,4.363,-0.050,4.198
48.83,1.754,0.519,1.630,4.037,-0.051,4.170
48.84,1.558,0.517,1.616,4.157,-0.051,4.168
48.85,1.402,0.516,1.579,4.002,-0.049,4.141
48.86,1.468,0.516,1.559,4.148,-0.049,4.142
48.87,1.524,0.517,1.553,4.292,-0.049,4.168
48.88,1.698,0.517,1.578,4.115,-0.048,4.160
48.89,1.557,0.518,1.575,4.331,-0.046,4.190
48.90,1.930,0.516,1.633,4.048,-0.046,4.166
48.91,1.418,0.515,1.596,4.362,-0.046,4.199
48.92,1.481,0.514,1.576,4.032,-0.046,4.171
48.93,1.471,0.511,1.555,3.998,-0.046,4.142
48.94,1.497,0.509,1.544,4.554,-0.046,4.211
48.95,1.728,0.509,1.575,3.775,-0.046,4.138
48.96,1.539,0.510,1.569,4.026,-0.045,4.119
48.97,1.774,0.511,1.604,4.180,-0.045,4.130
48.98,1.347,0.510,1.560,3.977,-0.045,4.104
48.99,1.734,0.509,1.588,4.044,-0.046,4.093
49.00,1.581,0.510,1.588,4.208,-0.046,4.112
49.01,1.744,0.510,1.614,4.190,-0.046,4.125
49.02,1.663,0.509,1.621,4.356,-0.046,4.164
49.03,1.647,0.508,1.625,4.270,-0.046,4.182
49.04,1.760,0.506,1.646,4.063,-0.045,4.162
49.05,1.510,0.507,1.624,4.247,-0.045,4.176
49.07,1.293,0.509,1.569,3.918,-0.046,4.132
49.07,1.396,0.508,1.540,4.108,-0.045,4.129
49.08,1.712,0.509,1.569,4.016,-0.044,4.110
49.10,1.628,0.509,1.578,4.141,-0.045,4.115
49.11,1.752,0.509,1.608,4.041,-0.045,4.103
49.11,1.509,0.509,1.591,4.286,-0.046,4.132
49.13,1.555,0.511,1.586,4.261,-0.045,4.155
49.13,1.589,0.511,1.587,4.424,-0.045,4.200
49.15,1.626,0.511,1.594,3.952,-0.046,4.157
49.15,1.526,0.510,1.581,4.366,-0.047,4.192
49.16,1.605,0.509,1.584,4.022,-0.046,4.164
49.18,1.624,0.510,1.591,4.249,-0.046,4.178
49.19,1.457,0.511,1.569,3.965,-0.045,4.143
49.20,1.465,0.512,1.552,4.231,-0.045,4.158
49.21,1.777,0.512,1.590,4.171,-0.045,4.160
49.22,1.520,0.514,1.580,3.995,-0.045,4.132
49.23,1.521,0.513,1.569,4.147,-0.045,4.134
49.24,1.559,0.513,1.567,4.212,-0.046,4.147
49.25,1.839,0.514,1.613,4.091,-0.046,4.138
49.26,1.570,0.514,1.606,4.080,-0.046,4.127
49.27,1.540,0.515,1.596,4.068,-0.047,4.117
49.28,1.540,0.514,1.586,4.364,-0.047,4.158
49.29,1.891,0.516,1.638,3.987,-0.046,4.131
49.30,1.484,0.516,1.612,3.913,-0.047,4.093
49.31,1.759,0.516,1.637,4.142,-0.046,4.102
49.32,1.414,0.518,1.601,4.310,-0.047,4.136
49.33,1.534,0.520,1.591,4.092,-0.045,4.130
49.34,1.723,0.522,1.615,4.054,-0.045,4.117
49.35,1.379,0.522,1.575,4.170,-0.045,4.126
49.36,1.646,0.521,1.586,4.427,-0.046,4.176
49.37,1.664,0.522,1.600,4.205,-0.047,4.179
49.38,1.809,0.523,1.636,4.025,-0.048,4.152
49.39,1.353,0.521,1.586,4.391,-0.047,4.193
49.40,1.537,0.523,1.579,4.242,-0.047,4.202
49.41,1.611,0.524,1.586,4.457,-0.048,4.244
49.42,1.568,0.524,1.583,4.141,-0.048,4.226
49.43,1.726,0.526,1.608,4.218,-0.047,4.226
49.44,1.419,0.528,1.578,4.301,-0.047,4.239
49.45,1.493,0.527,1.563,4.090,-0.047,4.214
49.46,1.570,0.527,1.564,4.036,-0.048,4.184
49.47,1.798,0.525,1.601,4.144,-0.048,4.177
49.48,1.405,0.525,1.568,4.133,-0.047,4.170
49.49,1.591,0.527,1.573,4.146,-0.047,4.166
49.50,1.472,0.527,1.556,4.169,-0.047,4.167
49.51,1.312,0.528,1.516,4.277,-0.048,4.184
49.52,1.422,0.529,1.500,3.938,-0.047,4.144
49.53,1.512,0.530,1.503,4.492,-0.048,4.201
49.54,1.763,0.530,1.547,4.152,-0.047,4.194
49.55,1.605,0.532,1.557,4.148,-0.047,4.186
49.56,1.599,0.531,1.564,4.310,-0.046,4.207
49.57,1.760,0.532,1.597,3.841,-0.046,4.146
49.58,1.503,0.532,1.582,4.456,-0.046,4.198
49.59,1.679,0.533,1.598,4.072,-0.045,4.177
49.60,1.691,0.535,1.615,4.207,-0.046,4.182
49.61,1.661,0.536,1.624,4.137,-0.047,4.174
49.62,1.731,0.537,1.643,4.102,-0.047,4.161
49.63,1.674,0.539,1.650,4.058,-0.048,4.143
49.64,1.540,0.542,1.633,4.285,-0.048,4.167
49.65,1.339,0.542,1.584,4.233,-0.049,4.177
49.66,1.656,0.543,1.597,4.048,-0.048,4.156
49.67,1.504,0.544,1.582,4.129,-0.049,4.151
49.68,1.462,0.546,1.563,4.121,-0.048,4.146
49.69,1.749,0.547,1.595,4.494,-0.048,4.205
49.70,1.668,0.546,1.606,4.114,-0.049,4.189
49.71,1.457,0.548,1.582,4.427,-0.047,4.231
49.72,1.576,0.549,1.581,4.194,-0.046,4.226
49.73,1.528,0.548,1.572,4.462,-0.046,4.266
49.74,1.654,0.550,1.587,3.983,-0.047,4.218
49.75,1.517,0.550,1.575,3.895,-0.046,4.164
49.76,1.360,0.549,1.538,4.068,-0.046,4.148
49.77,1.694,0.549,1.563,3.957,-0.047,4.115
49.78,1.742,0.549,1.593,4.077,-0.046,4.109
49.79,1.450,0.549,1.570,4.093,-0.046,4.106
49.80,1.565,0.551,1.570,4.178,-0.048,4.117
49.81,1.204,0.551,1.508,4.388,-0.049,4.161
49.82,1.447,0.552,1.498,4.222,-0.050,4.171
49.83,1.739,0.553,1.539,4.337,-0.051,4.198
49.84,1.647,0.551,1.556,4.170,-0.053,4.192
49.85,1.627,0.553,1.569,4.198,-0.053,4.193
49.86,1.524,0.553,1.561,4.101,-0.052,4.178
49.87,1.659,0.554,1.578,4.349,-0.053,4.206
49.88,1.493,0.554,1.564,3.920,-0.053,4.157
49.89,1.765,0.554,1.598,4.461,-0.053,4.209
49.90,1.697,0.554,1.614,4.112,-0.053,4.193
49.91,1.846,0.554,1.653,4.333,-0.053,4.216
49.92,1.348,0.555,1.603,4.254,-0.054,4.222
49.93,1.463,0.553,1.577,4.089,-0.054,4.200
49.94,1.443,0.555,1.556,3.867,-0.053,4.144
49.95,1.703,0.555,1.580,4.058,-0.053,4.130
49.96,1.833,0.555,1.623,4.202,-0.053,4.142
49.97,1.579,0.554,1.615,3.984,-0.053,4.115
49.98,1.704,0.555,1.630,4.412,-0.053,4.166
49.99,1.720,0.554,1.645,4.276,-0.054,4.183
50.00,1.718,0.553,1.655,4.137,-0.054,4.175
50.01,1.755,0.554,1.673,4.182,-0.054,4.176
50.02,1.720,0.551,1.679,3.950,-0.054,4.138
50.03,1.262,0.552,1.609,3.943,-0.053,4.106
50.04,1.704,0.551,1.625,4.205,-0.052,4.123
50.05,1.533,0.552,1.610,4.185,-0.052,4.134
50.06,1.722,0.553,1.629,4.282,-0.051,4.159
50.07,1.488,0.554,1.606,4.306,-0.051,4.185
50.08,1.512,0.553,1.589,4.133,-0.051,4.175
50.09,1.533,0.553,1.580,4.293,-0.052,4.195
50.10,1.615,0.554,1.586,4.035,-0.051,4.169
50.11,1.617,0.554,1.591,3.873,-0.052,4.118
50.12,1.754,0.554,1.619,4.164,-0.052,4.126
50.13,1.551,0.555,1.608,4.166,-0.051,4.133
50.14,1.584,0.555,1.603,4.349,-0.051,4.169
50.15,1.716,0.555,1.622,4.234,-0.051,4.180
50.16,1.781,0.556,1.650,3.943,-0.051,4.140
50.17,1.615,0.556,1.643,3.925,-0.051,4.104
50.18,1.574,0.557,1.632,3.764,-0.052,4.046
50.19,1.828,0.557,1.666,4.055,-0.051,4.048
50.20,1.920,0.557,1.708,4.007,-0.051,4.041
50.21,1.596,0.557,1.689,4.158,-0.050,4.061
50.22,1.638,0.559,1.682,4.627,-0.049,4.158
50.23,1.655,0.560,1.678,4.216,-0.049,4.168
50.24,1.430,0.561,1.637,4.190,-0.047,4.173
50.25,1.729,0.561,1.652,3.944,-0.048,4.134
50.26,1.507,0.562,1.628,4.349,-0.049,4.170
50.27,1.704,0.561,1.641,4.046,-0.048,4.149
50.28,1.376,0.560,1.595,4.206,-0.048,4.159
50.29,1.703,0.563,1.615,4.419,-0.048,4.202
50.30,1.707,0.564,1.632,3.979,-0.048,4.165
50.31,1.494,0.563,1.608,4.287,-0.047,4.186
50.32,1.354,0.563,1.565,4.253,-0.046,4.199
50.33,1.638,0.564,1.577,4.231,-0.045,4.204
50.34,1.580,0.565,1.578,3.962,-0.046,4.163
50.35,1.551,0.564,1.573,4.097,-0.047,4.152
50.36,1.671,0.563,1.588,3.749,-0.048,4.082
50.37,1.655,0.567,1.602,4.460,-0.049,4.145
50.38,1.373,0.566,1.563,3.989,-0.051,4.117
50.39,1.574,0.568,1.566,4.203,-0.050,4.133
50.40,1.536,0.570,1.562,4.157,-0.050,4.137
50.41,1.518,0.569,1.554,4.451,-0.049,4.190
50.43,1.497,0.570,1.545,4.102,-0.051,4.174
50.44,1.616,0.570,1.557,4.302,-0.049,4.197
50.44,1.687,0.571,1.579,4.183,-0.047,4.196
50.45,1.591,0.573,1.582,4.193,-0.048,4.195
50.46,1.709,0.573,1.604,4.347,-0.050,4.219
50.48,1.752,0.572,1.628,3.919,-0.050,4.169
50.48,1.476,0.572,1.601,4.390,-0.049,4.207
50.49,1.529,0.573,1.590,4.054,-0.048,4.182
50.51,1.475,0.572,1.570,4.259,-0.049,4.194
50.52,1.772,0.573,1.604,4.052,-0.050,4.169
50.52,1.378,0.573,1.566,3.860,-0.050,4.117
50.54,1.607,0.574,1.574,4.108,-0.048,4.117
50.54,1.848,0.573,1.619,4.145,-0.049,4.121
50.56,1.708,0.573,1.634,4.130,-0.049,4.123
50.56,1.783,0.572,1.658,4.127,-0.049,4.123
50.57,1.663,0.572,1.658,4.309,-0.049,4.155
50.59,1.620,0.572,1.652,4.023,-0.050,4.132
50.60,1.710,0.574,1.664,4.145,-0.048,4.135
50.61,1.882,0.575,1.701,4.192,-0.050,4.143
50.61,1.151,0.577,1.610,4.086,-0.051,4.133
50.62,1.634,0.577,1.614,4.271,-0.051,4.156
50.64,1.623,0.577,1.615,4.414,-0.051,4.199
50.65,1.830,0.577,1.651,4.268,-0.052,4.210
50.66,1.539,0.577,1.632,4.175,-0.053,4.204
50.67,1.309,0.578,1.579,4.026,-0.054,4.173
50.68,1.478,0.579,1.562,4.075,-0.054,4.156
50.69,1.455,0.578,1.543,4.022,-0.054,4.133
50.69,1.662,0.578,1.563,3.906,-0.055,4.095
50.71,1.810,0.579,1.605,4.082,-0.055,4.093
50.72,1.761,0.577,1.630,4.139,-0.054,4.101
50.73,1.335,0.579,1.582,4.289,-0.056,4.131
50.74,1.556,0.579,1.577,3.988,-0.058,4.105
50.75,1.518,0.581,1.569,3.983,-0.058,4.084
50.76,1.636,0.582,1.580,4.084,-0.059,4.083
50.77,1.664,0.581,1.594,4.083,-0.059,4.083
50.78,1.559,0.584,1.590,4.382,-0.061,4.132
50.79,1.537,0.586,1.582,4.099,-0.060,4.127
50.80,1.590,0.585,1.583,4.094,-0.061,4.120
50.81,1.946,0.585,1.644,3.913,-0.063,4.084
50.82,1.867,0.585,1.681,4.237,-0.063,4.109
50.83,1.725,0.584,1.688,4.181,-0.063,4.122
50.84,1.603,0.584,1.674,4.284,-0.063,4.148
50.85,1.766,0.584,1.689,4.338,-0.062,4.181
50.86,1.576,0.583,1.669,4.207,-0.062,4.186
50.87,1.567,0.582,1.651,4.474,-0.064,4.233
50.88,1.530,0.583,1.631,3.959,-0.064,4.187
50.89,1.526,0.584,1.614,4.058,-0.064,4.165
50.90,1.583,0.582,1.608,4.041,-0.064,4.144
50.91,1.824,0.583,1.645,4.039,-0.064,4.126
50.92,1.416,0.584,1.606,4.246,-0.066,4.145
50.93,1.553,0.583,1.597,3.993,-0.067,4.119
50.94,1.787,0.583,1.628,4.053,-0.067,4.107
50.95,1.854,0.581,1.665,4.400,-0.067,4.157
50.96,1.489,0.580,1.635,4.105,-0.068,4.147
50.97,1.260,0.579,1.571,4.052,-0.068,4.131
50.98,1.460,0.580,1.552,4.215,-0.068,4.145
50.99,1.328,0.580,1.514,4.102,-0.069,4.137
51.00,1.644,0.578,1.534,3.766,-0.070,4.074
51.01,1.407,0.577,1.512,4.085,-0.069,4.076
51.02,1.781,0.577,1.556,4.087,-0.070,4.077
51.03,1.592,0.575,1.561,4.474,-0.069,4.144
51.04,1.715,0.573,1.585,4.004,-0.070,4.120
51.05,1.536,0.573,1.576,4.183,-0.069,4.131
51.06,1.745,0.573,1.604,4.100,-0.070,4.126
51.07,1.784,0.572,1.633,4.310,-0.070,4.156
51.08,1.805,0.573,1.663,4.034,-0.070,4.136
51.09,1.484,0.571,1.631,4.283,-0.070,4.160
51.10,1.458,0.570,1.601,4.158,-0.070,4.160
51.11,1.632,0.572,1.608,4.216,-0.070,4.170
51.12,1.734,0.573,1.630,4.092,-0.071,4.156
51.13,1.360,0.572,1.584,4.098,-0.071,4.146
51.14,1.650,0.573,1.595,4.069,-0.072,4.133
51.15,1.588,0.571,1.592,4.339,-0.071,4.168
51.16,1.522,0.572,1.581,4.202,-0.072,4.173
51.17,1.737,0.573,1.608,4.139,-0.073,4.166
51.18,1.243,0.572,1.546,3.886,-0.072,4.120
51.19,1.354,0.573,1.514,4.349,-0.071,4.159
51.20,1.688,0.572,1.542,4.067,-0.070,4.144
51.21,1.710,0.574,1.572,4.216,-0.070,4.157
51.22,1.733,0.573,1.598,4.297,-0.071,4.180
51.23,1.369,0.574,1.560,4.435,-0.070,4.223
51.24,1.499,0.575,1.550,4.125,-0.072,4.205
51.25,1.448,0.573,1.531,4.499,-0.072,4.255
51.26,1.545,0.571,1.531,3.971,-0.071,4.208
51.27,1.570,0.572,1.538,4.145,-0.070,4.198
51.28,1.517,0.572,1.534,4.265,-0.071,4.209
51.29,1.529,0.571,1.532,4.056,-0.070,4.184
51.30,1.726,0.570,1.564,4.148,-0.069,4.179
51.31,1.715,0.570,1.589,4.231,-0.069,4.188
51.32,1.586,0.570,1.589,4.167,-0.068,4.185
51.33,1.360,0.571,1.551,3.855,-0.066,4.131
51.34,1.741,0.569,1.581,4.556,-0.066,4.202
51.35,1.663,0.570,1.596,4.202,-0.068,4.201
51.36,1.805,0.570,1.631,4.134,-0.069,4.190
51.37,1.582,0.571,1.623,4.303,-0.068,4.209
51.38,1.509,0.571,1.604,4.075,-0.069,4.186
51.39,1.728,0.571,1.625,4.009,-0.069,4.156
51.40,1.360,0.572,1.580,3.927,-0.069,4.118
51.41,1.565,0.572,1.578,4.397,-0.069,4.165
51.42,1.495,0.574,1.565,4.164,-0.068,4.165
51.43,1.455,0.574,1.547,4.421,-0.070,4.207
51.44,1.488,0.574,1.536,4.052,-0.070,4.180
51.45,1.217,0.574,1.482,4.182,-0.070,4.181
51.46,1.657,0.574,1.511,4.002,-0.071,4.150
51.47,1.706,0.574,1.544,4.159,-0.069,4.153
51.48,1.505,0.575,1.538,4.367,-0.070,4.188
51.49,1.424,0.574,1.517,4.354,-0.071,4.216
51.50,1.296,0.574,1.480,4.224,-0.070,4.218
51.51,1.664,0.573,1.510,4.070,-0.070,4.193
51.52,1.746,0.573,1.550,4.127,-0.070,4.182
51.53,1.295,0.573,1.506,3.979,-0.072,4.146
51.54,1.767,0.573,1.550,4.044,-0.072,4.129
51.55,1.732,0.574,1.581,4.162,-0.072,4.135
51.56,1.887,0.574,1.632,4.219,-0.074,4.147
51.57,1.733,0.574,1.649,4.065,-0.073,4.134
51.58,1.600,0.576,1.642,4.193,-0.073,4.144
51.59,1.639,0.576,1.642,4.383,-0.073,4.184
51.60,1.743,0.576,1.659,4.214,-0.074,4.188
51.61,1.527,0.576,1.636,4.424,-0.074,4.228
51.62,1.623,0.576,1.635,3.981,-0.073,4.187
51.63,1.277,0.575,1.573,4.254,-0.073,4.199
51.64,1.639,0.574,1.583,4.008,-0.072,4.167
51.65,1.552,0.575,1.579,4.597,-0.072,4.240
51.66,1.660,0.575,1.592,4.009,-0.072,4.201
51.67,1.472,0.573,1.570,4.211,-0.074,4.201
51.68,1.378,0.575,1.539,4.357,-0.072,4.229
51.69,1.321,0.575,1.502,4.246,-0.073,4.231
51.70,1.360,0.576,1.479,4.388,-0.071,4.259
51.71,1.416,0.574,1.466,4.181,-0.071,4.246
51.72,1.750,0.574,1.514,4.374,-0.073,4.266
51.73,1.724,0.576,1.550,3.949,-0.073,4.213
51.74,1.674,0.578,1.573,4.008,-0.074,4.178
51.75,1.380,0.579,1.541,3.976,-0.073,4.145
51.76,1.539,0.579,1.541,4.224,-0.073,4.158
51.77,1.511,0.580,1.536,4.313,-0.074,4.184
51.78,1.596,0.578,1.545,4.023,-0.074,4.156
51.79,1.660,0.578,1.563,4.069,-0.074,4.142
51.80,1.667,0.579,1.582,4.220,-0.073,4.156
51.81,1.649,0.579,1.592,4.152,-0.073,4.155
51.82,1.641,0.579,1.601,4.439,-0.073,4.203
51.83,1.616,0.580,1.604,4.204,-0.075,4.202
51.84,1.473,0.578,1.581,4.279,-0.075,4.214
51.85,1.644,0.579,1.591,4.153,-0.075,4.205
51.86,1.659,0.580,1.604,4.225,-0.075,4.208
51.87,1.663,0.581,1.614,4.270,-0.074,4.219
51.88,1.301,0.581,1.562,4.073,-0.073,4.195
51.89,1.571,0.582,1.563,4.192,-0.073,4.195
51.90,1.791,0.583,1.602,4.244,-0.074,4.203
51.91,1.514,0.583,1.588,4.175,-0.075,4.197
51.92,1.720,0.584,1.610,4.352,-0.075,4.223
51.93,1.615,0.584,1.611,4.177,-0.075,4.216
51.95,1.684,0.584,1.623,4.299,-0.076,4.229
51.96,1.508,0.583,1.603,4.174,-0.076,4.219
51.97,1.877,0.584,1.650,4.321,-0.076,4.237
51.98,1.779,0.584,1.671,4.025,-0.075,4.202
51.98,1.733,0.587,1.684,4.174,-0.075,4.197
52.00,1.620,0.588,1.674,4.081,-0.074,4.179
52.01,1.753,0.589,1.688,4.034,-0.073,4.155
52.02,1.462,0.589,1.650,4.548,-0.074,4.220
52.02,1.859,0.590,1.686,4.448,-0.073,4.259
52.04,1.489,0.591,1.654,4.251,-0.072,4.259
52.05,1.863,0.592,1.689,4.514,-0.072,4.302
52.06,1.386,0.592,1.638,4.037,-0.073,4.257
52.06,1.929,0.593,1.689,4.207,-0.074,4.248
52.08,1.523,0.593,1.660,4.440,-0.074,4.280
52.09,1.999,0.590,1.715,4.496,-0.074,4.317
52.10,1.618,0.590,1.698,4.066,-0.073,4.276
52.11,1.731,0.589,1.703,4.353,-0.073,4.289
52.12,1.513,0.589,1.671,4.160,-0.072,4.268
52.13,1.825,0.588,1.696,4.256,-0.072,4.266
52.14,1.612,0.589,1.683,4.120,-0.071,4.242
52.15,1.839,0.587,1.707,4.289,-0.072,4.250
52.15,1.764,0.589,1.718,4.431,-0.072,4.281
52.17,1.582,0.588,1.695,4.574,-0.071,4.331
52.18,1.570,0.588,1.674,4.274,-0.070,4.323
52.19,1.441,0.588,1.635,4.188,-0.069,4.300
52.20,1.463,0.586,1.604,4.166,-0.068,4.279
52.21,1.550,0.588,1.596,4.327,-0.068,4.288
52.22,1.661,0.587,1.606,3.938,-0.067,4.229
52.23,1.681,0.589,1.620,4.183,-0.068,4.221
52.24,1.318,0.589,1.569,4.064,-0.068,4.195
52.25,1.686,0.590,1.589,3.895,-0.068,4.144
52.26,1.575,0.587,1.585,4.504,-0.068,4.205
52.27,1.377,0.585,1.548,4.165,-0.068,4.198
52.28,1.642,0.586,1.564,4.224,-0.067,4.203
52.29,1.519,0.586,1.556,4.409,-0.067,4.239
52.30,1.421,0.587,1.534,4.274,-0.067,4.244
52.31,1.248,0.588,1.486,4.171,-0.068,4.232
52.32,1.570,0.587,1.499,3.951,-0.067,4.185
52.33,1.747,0.588,1.542,4.124,-0.066,4.176
52.34,1.763,0.588,1.579,4.094,-0.066,4.162
52.35,1.232,0.588,1.520,4.124,-0.065,4.156
52.36,1.687,0.590,1.549,4.075,-0.065,4.143
52.37,1.506,0.593,1.544,3.975,-0.065,4.114
52.38,1.453,0.595,1.530,4.004,-0.064,4.097
52.39,1.633,0.597,1.549,4.309,-0.064,4.132
52.40,1.559,0.596,1.550,4.153,-0.064,4.136
52.41,1.604,0.598,1.560,4.203,-0.064,4.147
52.42,1.556,0.597,1.559,4.146,-0.066,4.145
52.43,1.400,0.598,1.532,4.187,-0.067,4.151
52.44,1.727,0.598,1.565,3.907,-0.066,4.111
52.45,1.706,0.598,1.589,4.169,-0.066,4.121
52.46,1.447,0.597,1.564,4.304,-0.065,4.153
52.47,1.654,0.599,1.581,4.287,-0.063,4.177
52.48,1.736,0.599,1.607,4.197,-0.063,4.181
52.49,1.601,0.599,1.605,3.963,-0.063,4.143
52.50,1.544,0.599,1.595,4.103,-0.064,4.136
52.51,1.639,0.600,1.603,4.299,-0.063,4.164
52.52,1.566,0.601,1.598,4.061,-0.063,4.146
52.53,1.625,0.601,1.602,4.095,-0.064,4.137
52.54,1.453,0.601,1.577,4.380,-0.063,4.179
52.55,1.663,0.603,1.593,3.948,-0.062,4.140
52.56,1.533,0.602,1.582,4.234,-0.063,4.155
52.57,1.224,0.602,1.521,4.375,-0.064,4.192
52.58,1.967,0.601,1.595,4.235,-0.065,4.199
52.59,1.711,0.602,1.615,4.185,-0.064,4.197
52.60,1.607,0.601,1.613,4.015,-0.064,4.166
52.61,1.645,0.601,1.618,4.216,-0.065,4.174
52.62,1.657,0.600,1.624,4.523,-0.065,4.232
52.63,1.517,0.599,1.605,4.498,-0.065,4.277
52.64,1.602,0.599,1.604,4.145,-0.065,4.255
52.65,1.671,0.598,1.614,4.000,-0.065,4.212
52.66,1.431,0.598,1.583,4.043,-0.065,4.184
52.67,1.503,0.597,1.569,4.171,-0.064,4.182
52.68,1.533,0.596,1.562,4.074,-0.066,4.163
52.69,1.598,0.597,1.568,4.089,-0.066,4.151
52.70,1.299,0.596,1.523,4.083,-0.065,4.140
52.71,1.420,0.596,1.505,4.183,-0.064,4.148
52.72,1.455,0.597,1.497,4.277,-0.064,4.169
52.73,1.651,0.601,1.526,4.112,-0.065,4.159
52.74,1.592,0.600,1.536,3.882,-0.066,4.112
52.75,1.891,0.600,1.595,4.549,-0.067,4.184
52.76,1.397,0.598,1.560,4.279,-0.068,4.199
52.77,1.674,0.598,1.580,4.068,-0.069,4.176
52.78,1.362,0.597,1.542,3.881,-0.069,4.127
52.79,1.507,0.598,1.537,3.989,-0.069,4.104
52.80,1.404,0.601,1.516,4.214,-0.067,4.123
52.81,1.623,0.602,1.535,4.149,-0.068,4.127
52.82,1.733,0.603,1.569,4.042,-0.067,4.113
52.83,1.787,0.603,1.606,4.234,-0.067,4.133
52.84,1.591,0.604,1.604,4.070,-0.068,4.122
52.85,1.636,0.604,1.609,4.074,-0.069,4.113
52.86,1.724,0.602,1.627,4.444,-0.069,4.169
52.87,1.613,0.604,1.626,4.469,-0.069,4.219
52.88,1.629,0.604,1.626,4.125,-0.069,4.203
52.89,1.355,0.603,1.580,3.875,-0.071,4.147
52.90,1.394,0.603,1.548,4.376,-0.070,4.186
52.91,1.320,0.605,1.511,4.147,-0.071,4.179
52.92,1.555,0.604,1.518,3.998,-0.071,4.149
52.93,1.427,0.605,1.503,3.907,-0.071,4.108
52.94,1.328,0.605,1.473,4.282,-0.071,4.137
52.95,1.435,0.603,1.465,4.119,-0.071,4.134
52.96,1.556,0.604,1.481,3.929,-0.072,4.098
52.97,1.496,0.604,1.483,4.015,-0.073,4.083
52.98,1.365,0.605,1.464,4.227,-0.074,4.107
52.99,1.461,0.605,1.463,4.420,-0.074,4.160
53.00,1.402,0.605,1.453,4.169,-0.074,4.161
53.01,1.592,0.606,1.476,4.098,-0.074,4.150
53.02,1.780,0.607,1.528,4.125,-0.074,4.147
53.03,1.582,0.605,1.535,4.313,-0.075,4.174
53.04,1.829,0.606,1.585,4.183,-0.075,4.175
53.05,1.849,0.607,1.630,4.433,-0.075,4.218
53.06,1.651,0.605,1.632,4.256,-0.076,4.224
53.07,1.674,0.607,1.641,4.093,-0.076,4.202
53.08,1.606,0.607,1.635,3.906,-0.077,4.152
53.09,1.473,0.609,1.610,3.810,-0.077,4.094
53.10,1.460,0.610,1.585,4.240,-0.075,4.120
53.11,1.747,0.610,1.612,4.088,-0.074,4.115
53.12,1.370,0.611,1.572,4.235,-0.074,4.136
53.13,1.781,0.612,1.608,4.172,-0.074,4.142
53.14,1.578,0.612,1.603,4.127,-0.073,4.140
53.15,1.541,0.613,1.593,4.346,-0.074,4.174
53.16,1.455,0.612,1.569,4.203,-0.073,4.180
53.17,1.393,0.612,1.539,3.663,-0.072,4.093
53.18,1.752,0.611,1.574,4.050,-0.073,4.085
53.19,1.720,0.610,1.598,4.099,-0.073,4.088
53.20,1.542,0.610,1.588,3.988,-0.073,4.071
53.21,1.634,0.611,1.596,4.300,-0.075,4.108
53.22,1.623,0.611,1.600,4.213,-0.075,4.125
53.23,1.617,0.610,1.602,4.457,-0.075,4.181
53.24,1.422,0.611,1.573,4.136,-0.075,4.173
53.25,1.512,0.610,1.562,4.423,-0.074,4.216
53.26,1.592,0.610,1.566,4.459,-0.075,4.256
53.27,1.658,0.612,1.583,4.114,-0.075,4.233
53.28,1.609,0.613,1.589,4.227,-0.074,4.232
53.29,1.750,0.614,1.616,4.046,-0.075,4.201
53.30,1.530,0.613,1.601,4.080,-0.075,4.180
53.31,1.567,0.613,1.594,4.140,-0.075,4.173
53.32,1.818,0.615,1.634,4.058,-0.076,4.153
53.33,1.643,0.613,1.634,3.994,-0.076,4.125
53.34,1.479,0.613,1.607,4.242,-0.078,4.144
53.35,1.862,0.612,1.650,4.024,-0.079,4.123
53.36,1.407,0.612,1.608,4.338,-0.079,4.159
53.37,1.255,0.612,1.549,4.093,-0.078,4.149
53.38,1.564,0.610,1.549,3.922,-0.077,4.111
53.39,1.690,0.611,1.574,4.505,-0.077,4.177
53.40,1.467,0.610,1.555,4.194,-0.078,4.180
53.41,1.600,0.609,1.562,4.439,-0.077,4.224
53.42,1.353,0.611,1.527,4.153,-0.079,4.210
53.43,1.506,0.609,1.522,4.109,-0.079,4.194
53.44,1.532,0.608,1.523,4.097,-0.078,4.178
53.45,1.509,0.608,1.520,4.234,-0.080,4.186
53.46,1.565,0.608,1.527,4.245,-0.080,4.196
53.47,1.669,0.607,1.551,4.094,-0.080,4.179
53.49,1.621,0.608,1.563,4.075,-0.080,4.161
53.50,1.308,0.608,1.520,4.212,-0.081,4.169
53.51,1.619,0.610,1.538,4.094,-0.080,4.157
53.52,1.605,0.609,1.549,4.191,-0.079,4.164
53.53,1.454,0.610,1.533,4.284,-0.079,4.184
53.54,1.513,0.608,1.528,4.048,-0.079,4.161
53.55,1.406,0.609,1.508,3.963,-0.079,4.128
53.56,1.481,0.608,1.502,4.179,-0.077,4.138
53.57,1.584,0.610,1.517,3.828,-0.078,4.085
53.58,1.539,0.611,1.522,4.092,-0.077,4.087
53.59,1.822,0.610,1.571,4.307,-0.078,4.123
53.60,1.583,0.610,1.573,4.005,-0.078,4.103
53.61,1.415,0.612,1.548,4.320,-0.077,4.140
53.62,1.516,0.611,1.541,4.045,-0.077,4.124
53.63,1.662,0.610,1.560,4.268,-0.078,4.148
53.64,1.662,0.610,1.577,4.234,-0.077,4.163
53.65,1.831,0.610,1.620,4.187,-0.078,4.166
53.66,1.783,0.611,1.648,4.177,-0.077,4.169
53.67,1.636,0.610,1.645,4.147,-0.077,4.165
53.68,1.740,0.609,1.660,4.215,-0.077,4.174
53.69,1.484,0.608,1.630,4.344,-0.077,4.202
53.70,1.697,0.607,1.640,4.221,-0.080,4.203
53.71,1.745,0.607,1.658,4.134,-0.079,4.192
53.72,1.711,0.609,1.668,4.072,-0.079,4.172
53.73,1.480,0.609,1.636,3.963,-0.080,4.136
53.74,1.463,0.611,1.609,4.212,-0.080,4.149
53.75,1.509,0.611,1.592,4.297,-0.080,4.174
53.76,1.793,0.609,1.624,4.299,-0.079,4.196
53.77,1.507,0.609,1.604,4.059,-0.082,4.171
53.78,1.510,0.610,1.589,3.987,-0.081,4.140
53.79,1.880,0.610,1.638,4.118,-0.080,4.137
53.80,1.600,0.611,1.632,4.276,-0.081,4.160
53.81,1.427,0.612,1.599,4.112,-0.079,4.154
53.82,1.905,0.612,1.651,4.484,-0.079,4.209
53.83,1.774,0.612,1.672,4.288,-0.080,4.223
53.84,1.795,0.614,1.694,4.279,-0.079,4.233
53.85,1.575,0.616,1.676,4.280,-0.079,4.240
53.86,1.549,0.617,1.655,3.996,-0.078,4.200
53.87,1.580,0.618,1.643,3.936,-0.078,4.156
53.88,1.366,0.618,1.596,4.068,-0.078,4.141
53.89,1.786,0.617,1.627,4.114,-0.078,4.137
53.90,1.498,0.619,1.607,4.197,-0.076,4.148
53.91,1.627,0.620,1.611,4.351,-0.076,4.182
53.92,1.640,0.621,1.617,4.328,-0.077,4.206
53.93,1.692,0.621,1.629,4.256,-0.079,4.213
53.94,1.249,0.621,1.565,4.125,-0.079,4.198
53.95,1.502,0.620,1.553,4.562,-0.078,4.261
53.96,1.442,0.619,1.533,3.999,-0.078,4.216
53.97,1.356,0.620,1.504,4.306,-0.077,4.232
53.98,1.507,0.621,1.506,4.196,-0.077,4.227
53.99,1.631,0.619,1.525,4.159,-0.077,4.215
54.00,1.569,0.621,1.534,4.203,-0.078,4.212
54.01,1.573,0.621,1.540,4.258,-0.077,4.221
54.02,1.526,0.622,1.538,4.422,-0.077,4.255
54.03,1.531,0.621,1.536,4.456,-0.077,4.289
54.04,1.676,0.622,1.560,4.350,-0.076,4.300
54.05,1.678,0.623,1.581,4.403,-0.075,4.318
54.06,1.654,0.622,1.592,4.094,-0.075,4.281
54.07,1.466,0.622,1.571,3.901,-0.075,4.217
54.08,1.739,0.620,1.597,4.055,-0.076,4.189
54.09,1.575,0.621,1.594,4.435,-0.076,4.231
54.10,1.654,0.620,1.603,4.529,-0.076,4.281
54.11,1.810,0.621,1.638,4.098,-0.076,4.250
54.12,1.518,0.620,1.617,4.017,-0.076,4.211
54.13,1.610,0.620,1.616,4.134,-0.076,4.198
54.14,1.748,0.623,1.640,4.165,-0.077,4.192
54.15,1.495,0.624,1.617,4.243,-0.076,4.202
54.16,1.683,0.624,1.628,4.493,-0.078,4.249
54.17,1.552,0.624,1.616,3.675,-0.078,4.152
54.18,1.557,0.626,1.607,4.281,-0.078,4.174
54.19,1.646,0.627,1.614,4.025,-0.078,4.149
54.20,1.468,0.628,1.591,4.198,-0.078,4.157
54.21,1.730,0.627,1.613,4.448,-0.079,4.205
54.22,1.386,0.627,1.575,3.949,-0.080,4.161
54.23,1.507,0.630,1.566,4.264,-0.079,4.179
54.24,1.454,0.631,1.547,4.274,-0.079,4.196
54.25,1.549,0.631,1.547,4.369,-0.080,4.224
54.26,1.653,0.631,1.564,3.834,-0.080,4.159
54.27,1.637,0.630,1.576,4.318,-0.078,4.187
54.28,1.747,0.629,1.603,4.038,-0.079,4.161
54.29,1.301,0.630,1.553,4.340,-0.078,4.192
54.30,1.598,0.630,1.561,4.138,-0.078,4.183
54.31,1.349,0.632,1.526,3.834,-0.080,4.123
54.32,1.645,0.631,1.545,4.216,-0.080,4.138
54.33,1.291,0.632,1.503,4.096,-0.079,4.131
54.34,1.936,0.631,1.575,4.237,-0.080,4.148
54.35,1.843,0.633,1.622,4.214,-0.080,4.160
54.36,1.663,0.632,1.628,4.141,-0.080,4.156
54.37,1.630,0.634,1.630,4.291,-0.080,4.179
54.38,1.433,0.633,1.596,4.209,-0.079,4.185
54.39,1.792,0.635,1.630,3.987,-0.080,4.151
54.40,1.725,0.636,1.647,4.241,-0.081,4.166
54.41,1.855,0.637,1.682,4.268,-0.080,4.183
54.42,1.646,0.637,1.676,4.184,-0.081,4.183
54.43,1.514,0.637,1.649,4.104,-0.080,4.171
54.44,1.752,0.637,1.666,4.200,-0.080,4.175
54.45,1.623,0.638,1.660,4.298,-0.080,4.196
54.46,1.357,0.638,1.609,4.360,-0.080,4.224
54.47,1.687,0.640,1.624,4.234,-0.080,4.225
54.48,1.204,0.640,1.553,4.149,-0.080,4.212
54.49,1.603,0.640,1.561,4.170,-0.080,4.205
54.50,1.533,0.640,1.556,4.023,-0.081,4.174
54.51,1.623,0.640,1.567,4.391,-0.083,4.209
54.52,1.418,0.639,1.541,3.942,-0.083,4.164
54.53,1.669,0.639,1.563,4.479,-0.083,4.218
54.54,1.737,0.641,1.593,3.933,-0.082,4.170
54.55,1.552,0.642,1.587,3.917,-0.081,4.129
54.56,1.376,0.645,1.553,4.234,-0.081,4.146
54.57,1.611,0.645,1.564,4.316,-0.082,4.174
54.58,1.428,0.647,1.542,4.061,-0.083,4.154
54.59,1.483,0.646,1.531,4.057,-0.083,4.138
54.60,1.699,0.644,1.558,4.203,-0.086,4.147
54.61,1.506,0.643,1.547,3.924,-0.085,4.110
54.62,1.571,0.642,1.551,4.290,-0.085,4.140
54.63,1.852,0.643,1.602,3.895,-0.087,4.097
54.64,1.483,0.644,1.583,4.140,-0.088,4.103
54.65,1.577,0.643,1.581,4.351,-0.088,4.145
54.66,1.635,0.641,1.588,3.999,-0.088,4.120
54.67,1.405,0.643,1.558,4.005,-0.086,4.103
54.68,1.234,0.642,1.503,4.239,-0.085,4.127
54.69,1.586,0.640,1.515,4.097,-0.086,4.121
54.70,1.563,0.638,1.521,3.911,-0.087,4.085
54.71,1.457,0.639,1.511,4.121,-0.087,4.091
54.72,1.792,0.640,1.558,4.465,-0.087,4.153
54.73,1.701,0.639,1.581,4.281,-0.087,4.175
54.74,1.836,0.638,1.623,4.123,-0.086,4.167
54.75,1.585,0.639,1.617,4.488,-0.086,4.221
54.76,1.485,0.639,1.595,3.777,-0.085,4.147
54.77,1.770,0.638,1.624,4.290,-0.085,4.171
54.78,1.382,0.638,1.583,3.876,-0.085,4.122
54.79,1.323,0.637,1.538,4.254,-0.085,4.143
54.80,1.480,0.638,1.529,4.394,-0.084,4.187
54.81,1.624,0.638,1.545,3.957,-0.083,4.149
54.82,1.677,0.637,1.566,4.208,-0.084,4.158
54.83,1.528,0.638,1.560,3.930,-0.084,4.120
54.84,1.339,0.640,1.524,4.032,-0.082,4.106
54.85,1.711,0.643,1.558,4.197,-0.083,4.121
54.86,1.761,0.643,1.592,4.414,-0.083,4.171
54.88,1.342,0.642,1.549,3.984,-0.084,4.138
54.89,1.351,0.642,1.515,4.462,-0.086,4.191
54.89,1.600,0.642,1.530,4.213,-0.086,4.195
54.91,1.664,0.641,1.551,3.884,-0.087,4.142
54.91,1.683,0.643,1.574,4.223,-0.086,4.156
54.93,1.449,0.642,1.552,4.236,-0.087,4.169
54.93,1.493,0.643,1.543,4.138,-0.086,4.165
54.94,1.522,0.640,1.537,4.070,-0.086,4.148
54.95,1.601,0.640,1.548,4.037,-0.084,4.131
54.97,1.456,0.643,1.534,4.087,-0.083,4.125
54.97,1.312,0.643,1.496,4.059,-0.084,4.113
54.99,1.542,0.642,1.503,4.419,-0.085,4.164
54.99,1.688,0.641,1.533,4.091,-0.085,4.152
55.01,1.641,0.639,1.550,3.870,-0.086,4.103
55.02,1.675,0.641,1.572,3.917,-0.085,4.072
55.03,1.438,0.641,1.550,4.248,-0.085,4.102
55.04,1.703,0.643,1.577,3.957,-0.087,4.076
55.05,1.434,0.643,1.553,4.042,-0.086,4.071
55.06,1.466,0.642,1.537,4.305,-0.087,4.110
55.07,1.440,0.641,1.519,4.414,-0.087,4.160
55.08,1.583,0.641,1.530,4.208,-0.087,4.169
55.09,1.616,0.640,1.544,4.013,-0.088,4.142
55.10,1.772,0.641,1.583,4.101,-0.086,4.136
55.11,1.797,0.641,1.618,3.979,-0.086,4.110
55.12,1.482,0.642,1.596,4.135,-0.086,4.114
55.13,1.687,0.642,1.611,4.148,-0.085,4.121
55.14,1.534,0.644,1.600,3.969,-0.084,4.096
55.15,1.535,0.643,1.588,4.094,-0.082,4.097
55.16,1.575,0.644,1.587,4.253,-0.083,4.123
55.17,1.675,0.645,1.602,3.985,-0.082,4.100
55.18,1.650,0.644,1.609,4.303,-0.081,4.135
55.19,1.397,0.646,1.574,4.059,-0.082,4.122
55.20,1.605,0.648,1.581,4.457,-0.081,4.178
55.21,1.657,0.648,1.594,3.944,-0.082,4.139
55.22,1.701,0.649,1.613,4.331,-0.082,4.171
55.23,1.607,0.648,1.611,4.321,-0.082,4.196
55.24,1.699,0.648,1.626,4.326,-0.081,4.219
55.25,1.697,0.647,1.637,4.365,-0.081,4.244
55.26,1.457,0.648,1.607,4.061,-0.082,4.212
55.27,1.482,0.645,1.584,4.129,-0.082,4.198
55.28,1.663,0.647,1.598,3.966,-0.081,4.160
55.29,1.595,0.650,1.600,4.057,-0.082,4.142
55.30,1.428,0.650,1.571,4.085,-0.081,4.133
55.31,1.818,0.652,1.614,4.056,-0.083,4.119
55.32,1.604,0.653,1.613,4.044,-0.084,4.105
55.33,1.333,0.652,1.565,4.240,-0.084,4.128
55.34,1.503,0.652,1.554,4.295,-0.084,4.156
55.35,1.558,0.651,1.554,4.283,-0.083,4.177
55.36,1.687,0.650,1.576,4.330,-0.083,4.204
55.37,1.540,0.651,1.570,4.201,-0.084,4.203
55.38,1.711,0.653,1.595,4.162,-0.085,4.195
55.39,1.316,0.653,1.548,4.114,-0.085,4.181
55.40,1.592,0.653,1.555,4.257,-0.086,4.193
55.41,1.571,0.652,1.557,4.147,-0.085,4.187
55.42,1.779,0.652,1.594,4.481,-0.084,4.237
55.43,1.423,0.651,1.564,3.928,-0.084,4.185
55.44,1.505,0.652,1.555,4.236,-0.086,4.192
55.45,1.402,0.650,1.528,4.031,-0.086,4.165
55.46,1.514,0.650,1.525,4.081,-0.085,4.151
55.47,1.634,0.653,1.546,3.947,-0.085,4.117
55.48,1.426,0.651,1.523,4.146,-0.085,4.122
55.49,1.552,0.649,1.526,4.336,-0.086,4.157
55.50,1.674,0.649,1.551,4.132,-0.084,4.154
55.51,1.854,0.652,1.604,4.108,-0.083,4.148
55.52,1.686,0.653,1.619,4.350,-0.082,4.183
55.53,1.448,0.654,1.590,4.138,-0.083,4.174
55.54,1.612,0.654,1.594,4.486,-0.082,4.228
55.55,1.457,0.653,1.570,4.194,-0.081,4.223
55.56,1.528,0.656,1.565,3.943,-0.081,4.176
55.57,1.516,0.657,1.557,4.203,-0.081,4.180
55.58,1.791,0.656,1.596,4.084,-0.081,4.164
55.59,1.345,0.658,1.555,4.222,-0.081,4.174
55.60,1.753,0.659,1.589,4.371,-0.081,4.207
55.61,1.638,0.659,1.596,4.078,-0.081,4.186
55.62,1.703,0.658,1.614,4.151,-0.081,4.180
55.63,1.777,0.658,1.641,4.029,-0.081,4.155
55.64,1.743,0.657,1.657,4.164,-0.082,4.156
55.65,1.539,0.655,1.636,4.080,-0.083,4.142
55.66,1.728,0.655,1.652,4.393,-0.084,4.183
55.67,1.642,0.653,1.648,4.279,-0.084,4.199
55.68,1.864,0.653,1.684,4.292,-0.083,4.216
55.69,1.324,0.654,1.624,3.956,-0.080,4.174
55.70,1.601,0.654,1.620,4.037,-0.081,4.151
55.71,1.556,0.655,1.610,4.346,-0.081,4.184
55.72,1.466,0.653,1.584,4.395,-0.081,4.219
55.73,1.706,0.653,1.605,4.445,-0.082,4.257
55.74,1.243,0.654,1.544,4.162,-0.082,4.241
55.75,1.894,0.653,1.602,4.312,-0.082,4.253
55.76,1.286,0.651,1.547,4.455,-0.084,4.286
55.77,1.703,0.650,1.572,4.069,-0.083,4.250
55.78,1.438,0.652,1.551,4.271,-0.083,4.254
55.79,1.657,0.652,1.569,4.054,-0.082,4.221
55.80,1.678,0.652,1.587,3.944,-0.083,4.174
55.81,1.509,0.653,1.574,4.124,-0.082,4.166
55.82,1.612,0.652,1.580,4.063,-0.082,4.149
55.83,1.587,0.651,1.580,4.308,-0.081,4.176
55.84,1.543,0.651,1.574,4.185,-0.080,4.179
55.85,1.347,0.652,1.536,3.986,-0.079,4.147
55.86,1.679,0.653,1.561,3.985,-0.079,4.120
55.87,1.399,0.653,1.533,4.260,-0.080,4.143
55.88,1.654,0.652,1.552,4.119,-0.082,4.137
55.89,1.345,0.651,1.517,4.080,-0.082,4.127
55.90,1.689,0.650,1.544,4.229,-0.082,4.145
55.91,1.574,0.651,1.550,4.041,-0.082,4.127
55.92,1.431,0.649,1.528,4.073,-0.082,4.118
55.93,1.395,0.648,1.505,4.039,-0.083,4.104
55.94,1.836,0.648,1.560,4.342,-0.082,4.145
55.95,1.755,0.648,1.593,4.184,-0.082,4.151
55.96,1.365,0.648,1.555,4.108,-0.083,4.144
55.97,1.655,0.648,1.571,4.120,-0.083,4.140
55.98,1.484,0.647,1.556,4.042,-0.081,4.124
55.99,1.604,0.650,1.566,4.078,-0.081,4.117
56.00,1.534,0.647,1.558,4.558,-0.082,4.190
56.01,1.738,0.647,1.588,3.836,-0.082,4.131
56.02,1.427,0.646,1.560,4.213,-0.082,4.144
56.03,1.648,0.648,1.576,4.307,-0.083,4.171
56.04,1.390,0.646,1.542,4.438,-0.083,4.216
56.05,1.278,0.643,1.495,4.257,-0.084,4.223
56.06,1.762,0.643,1.540,4.160,-0.084,4.212
56.07,1.647,0.644,1.559,4.387,-0.084,4.242
56.08,1.627,0.645,1.571,4.208,-0.086,4.235
56.09,1.712,0.643,1.593,4.342,-0.085,4.253
56.10,1.645,0.646,1.604,4.190,-0.085,4.243
56.11,1.447,0.646,1.578,4.423,-0.084,4.275
56.12,1.315,0.647,1.534,4.278,-0.085,4.274
56.13,1.572,0.646,1.540,4.336,-0.084,4.286
56.14,1.610,0.649,1.553,4.141,-0.083,4.262
56.15,1.965,0.646,1.620,4.429,-0.083,4.291
56.16,1.463,0.645,1.593,3.979,-0.084,4.238
56.17,1.587,0.644,1.591,4.183,-0.083,4.229
56.18,1.595,0.648,1.594,4.139,-0.086,4.212
56.19,1.332,0.647,1.550,4.117,-0.086,4.196
56.20,1.460,0.646,1.533,4.248,-0.087,4.204
56.21,1.360,0.648,1.506,4.497,-0.088,4.253
56.22,1.422,0.648,1.492,4.154,-0.088,4.236
56.23,1.711,0.649,1.529,4.246,-0.089,4.237
56.24,1.528,0.650,1.530,4.147,-0.090,4.221
56.25,1.646,0.652,1.550,4.194,-0.091,4.216
56.26,1.378,0.653,1.522,4.267,-0.090,4.225
56.27,1.447,0.654,1.510,4.388,-0.091,4.252
56.28,1.694,0.652,1.539,3.973,-0.092,4.204
56.29,1.809,0.652,1.584,4.069,-0.091,4.183
56.30,1.639,0.650,1.591,4.299,-0.090,4.203
56.31,1.380,0.648,1.555,4.120,-0.091,4.189
56.32,1.466,0.648,1.540,3.961,-0.091,4.150
56.33,1.827,0.649,1.589,4.354,-0.091,4.184
56.34,1.566,0.648,1.584,4.181,-0.092,4.183
56.35,1.267,0.648,1.530,4.292,-0.090,4.203
56.36,1.766,0.647,1.569,4.278,-0.091,4.214
56.37,1.481,0.649,1.556,4.288,-0.092,4.226
56.38,1.623,0.651,1.568,4.524,-0.092,4.277
56.40,1.789,0.651,1.606,4.423,-0.092,4.302
56.41,1.730,0.649,1.625,4.400,-0.093,4.318
56.42,1.191,0.647,1.550,4.121,-0.093,4.285
56.43,1.792,0.647,1.590,4.112,-0.094,4.256
56.43,1.676,0.646,1.604,4.207,-0.093,4.248
56.44,1.568,0.646,1.598,4.379,-0.093,4.270
56.46,1.596,0.647,1.599,3.965,-0.093,4.219
56.47,1.494,0.648,1.582,4.369,-0.093,4.244
56.47,1.601,0.648,1.584,4.205,-0.095,4.236
56.49,1.709,0.648,1.606,4.395,-0.094,4.264
56.50,1.701,0.648,1.622,3.543,-0.095,4.142
56.51,1.297,0.649,1.568,4.152,-0.098,4.141
56.52,1.270,0.648,1.517,4.280,-0.097,4.166
56.53,1.239,0.649,1.471,4.231,-0.095,4.178
56.54,1.373,0.650,1.454,4.207,-0.095,4.183
56.55,1.646,0.649,1.486,4.036,-0.095,4.158
56.56,1.683,0.649,1.519,4.224,-0.094,4.170
56.57,1.542,0.651,1.524,4.062,-0.095,4.151
56.58,1.878,0.651,1.584,4.564,-0.094,4.222
56.59,1.436,0.653,1.560,4.267,-0.094,4.229
56.60,1.600,0.654,1.568,4.394,-0.093,4.258
56.61,1.640,0.655,1.581,4.386,-0.092,4.280
56.62,1.281,0.654,1.529,4.280,-0.091,4.282
56.63,1.514,0.655,1.527,4.150,-0.090,4.260
56.64,1.488,0.657,1.522,4.431,-0.091,4.289
56.65,1.407,0.658,1.503,3.986,-0.091,4.238
56.66,1.478,0.657,1.498,4.269,-0.090,4.244
56.67,1.726,0.657,1.536,4.039,-0.090,4.210
56.68,1.425,0.658,1.518,3.995,-0.091,4.173
56.69,1.540,0.660,1.523,4.310,-0.090,4.196
56.70,1.739,0.661,1.560,4.190,-0.089,4.196
56.71,1.459,0.660,1.543,4.183,-0.091,4.193
56.72,1.561,0.663,1.547,4.190,-0.091,4.193
56.73,1.645,0.664,1.565,4.205,-0.090,4.195
56.74,1.542,0.666,1.562,4.318,-0.089,4.217
56.75,1.843,0.665,1.608,4.384,-0.089,4.245
56.76,1.559,0.664,1.599,3.828,-0.090,4.175
56.77,1.657,0.665,1.610,4.028,-0.090,4.150
56.78,1.780,0.666,1.639,4.012,-0.089,4.127
56.79,1.774,0.666,1.662,4.121,-0.090,4.125
56.80,1.610,0.666,1.653,4.186,-0.090,4.136
56.81,1.596,0.666,1.644,4.293,-0.089,4.163
56.82,1.631,0.666,1.641,3.895,-0.088,4.119
56.83,1.315,0.664,1.585,4.295,-0.088,4.148
56.84,1.646,0.663,1.594,4.143,-0.087,4.148
56.85,1.620,0.664,1.599,4.440,-0.087,4.197
56.86,1.671,0.663,1.610,4.450,-0.087,4.240
56.87,1.363,0.664,1.569,4.405,-0.087,4.268
56.88,1.369,0.663,1.535,4.316,-0.087,4.276
56.89,1.633,0.663,1.551,4.359,-0.086,4.291
56.90,1.293,0.664,1.507,4.113,-0.086,4.261
56.91,1.643,0.664,1.530,4.354,-0.085,4.277
56.92,1.599,0.665,1.543,4.041,-0.086,4.237
56.93,1.576,0.666,1.549,4.205,-0.085,4.232
56.94,1.622,0.667,1.562,4.146,-0.086,4.217
56.95,1.563,0.667,1.562,4.173,-0.086,4.210
56.96,1.648,0.668,1.577,4.079,-0.086,4.188
56.97,1.382,0.668,1.544,3.792,-0.086,4.121
56.98,1.284,0.669,1.501,4.098,-0.085,4.118
56.99,1.480,0.671,1.499,3.874,-0.085,4.077
57.00,1.422,0.669,1.484,4.062,-0.085,4.074
57.01,1.574,0.669,1.499,3.872,-0.085,4.040
57.02,1.589,0.669,1.514,4.042,-0.085,4.040
57.03,1.574,0.671,1.525,3.996,-0.085,4.032
57.04,1.520,0.673,1.526,4.271,-0.085,4.073
57.05,1.538,0.672,1.527,4.137,-0.082,4.086
57.06,1.562,0.672,1.532,4.135,-0.083,4.093
57.07,1.746,0.673,1.569,4.390,-0.083,4.143
57.08,1.696,0.672,1.590,3.987,-0.083,4.117
57.09,1.590,0.671,1.589,4.083,-0.083,4.111
57.10,1.387,0.672,1.555,4.184,-0.081,4.125
57.11,1.459,0.671,1.538,4.454,-0.080,4.181
57.12,1.634,0.671,1.554,4.132,-0.080,4.173
57.13,1.529,0.672,1.551,4.324,-0.081,4.198
57.14,1.919,0.672,1.613,4.388,-0.080,4.231
57.15,1.345,0.671,1.566,4.264,-0.080,4.236
57.16,1.728,0.672,1.594,4.070,-0.082,4.207
57.17,1.455,0.673,1.572,4.218,-0.082,4.209
57.18,1.247,0.674,1.518,4.489,-0.083,4.255
57.19,1.678,0.675,1.545,4.294,-0.084,4.261
57.20,1.235,0.675,1.493,4.277,-0.084,4.263
57.21,1.598,0.675,1.510,4.307,-0.085,4.270
57.22,1.343,0.675,1.482,4.356,-0.085,4.285
57.23,1.863,0.675,1.545,3.926,-0.084,4.226
57.24,1.660,0.674,1.564,3.826,-0.085,4.158
57.25,1.646,0.675,1.579,4.050,-0.086,4.139
57.26,1.774,0.676,1.612,4.324,-0.086,4.170
57.27,1.818,0.674,1.645,4.214,-0.085,4.178
57.28,1.547,0.677,1.630,4.278,-0.085,4.195
57.29,1.921,0.677,1.680,3.973,-0.085,4.157
57.30,1.372,0.678,1.629,4.277,-0.086,4.177
57.31,1.480,0.679,1.604,4.166,-0.085,4.176
57.32,1.864,0.678,1.647,4.180,-0.084,4.178
57.33,1.744,0.678,1.663,4.167,-0.084,4.176
57.34,1.599,0.678,1.653,4.031,-0.084,4.151
57.35,1.517,0.679,1.630,4.375,-0.085,4.188
57.36,1.555,0.678,1.617,4.243,-0.086,4.196
57.37,1.668,0.678,1.626,3.970,-0.087,4.158
57.38,1.705,0.679,1.640,4.038,-0.088,4.136
57.39,1.619,0.682,1.639,4.128,-0.088,4.135
57.40,1.710,0.680,1.648,4.111,-0.088,4.131
57.41,1.498,0.683,1.626,3.935,-0.089,4.097
57.42,1.595,0.682,1.620,4.037,-0.091,4.085
57.43,1.659,0.681,1.625,4.226,-0.089,4.110
57.44,1.680,0.681,1.635,4.074,-0.089,4.105
57.45,1.637,0.682,1.636,4.037,-0.090,4.092
57.46,1.700,0.681,1.645,4.263,-0.090,4.120
57.47,1.437,0.681,1.610,4.319,-0.090,4.154
57.48,1.839,0.682,1.650,4.144,-0.091,4.152
57.49,1.771,0.682,1.670,4.241,-0.090,4.167
57.50,1.533,0.680,1.645,4.233,-0.089,4.179
57.51,1.665,0.681,1.650,4.216,-0.088,4.186
57.52,1.330,0.682,1.596,4.240,-0.088,4.196
57.53,1.523,0.682,1.584,4.380,-0.087,4.228
57.54,1.412,0.680,1.553,4.191,-0.088,4.221
57.55,1.511,0.680,1.546,3.831,-0.087,4.156
57.56,1.645,0.680,1.563,4.167,-0.087,4.158
57.57,1.507,0.679,1.552,4.230,-0.086,4.171
57.58,1.719,0.679,1.580,4.011,-0.087,4.143
57.59,1.533,0.679,1.572,4.115,-0.087,4.138
57.60,1.653,0.679,1.586,4.345,-0.087,4.173
57.61,1.354,0.680,1.547,4.090,-0.085,4.160
57.62,1.479,0.678,1.534,4.030,-0.085,4.139
57.63,1.370,0.680,1.507,4.429,-0.084,4.188
57.64,1.613,0.680,1.525,4.223,-0.084,4.194
57.65,1.782,0.681,1.569,3.998,-0.085,4.161
57.66,1.437,0.680,1.546,4.304,-0.086,4.184
57.67,1.715,0.680,1.574,4.251,-0.085,4.196
57.68,1.791,0.681,1.611,4.521,-0.084,4.251
57.69,1.458,0.681,1.585,4.298,-0.085,4.259
57.70,1.809,0.682,1.623,4.336,-0.084,4.272
57.71,1.312,0.683,1.572,4.059,-0.084,4.237
57.72,1.379,0.683,1.540,3.992,-0.083,4.197
57.73,1.758,0.682,1.575,4.104,-0.083,4.181
57.74,1.535,0.684,1.570,4.189,-0.082,4.183
57.75,1.383,0.683,1.538,4.507,-0.081,4.238
57.76,1.979,0.683,1.611,4.242,-0.081,4.239
57.77,1.652,0.683,1.618,4.333,-0.082,4.254
57.78,1.533,0.682,1.603,4.122,-0.082,4.232
57.79,1.780,0.684,1.634,4.001,-0.082,4.194
57.80,1.356,0.684,1.587,4.325,-0.080,4.217
57.81,1.599,0.685,1.590,4.235,-0.080,4.220
57.82,1.459,0.683,1.567,4.081,-0.081,4.196
57.83,1.496,0.686,1.557,4.231,-0.080,4.203
57.84,1.568,0.687,1.560,4.243,-0.080,4.210
57.85,1.710,0.687,1.584,4.241,-0.080,4.215
57.86,1.799,0.686,1.620,4.155,-0.081,4.204
57.87,1.646,0.688,1.626,3.990,-0.078,4.170
57.88,1.432,0.688,1.593,4.288,-0.078,4.190
57.89,1.661,0.689,1.605,4.162,-0.078,4.186
57.90,1.540,0.689,1.594,4.157,-0.077,4.181
57.91,1.717,0.688,1.614,3.933,-0.077,4.140
57.93,1.758,0.690,1.640,3.618,-0.077,4.051
57.94,1.644,0.688,1.639,4.213,-0.075,4.080
57.95,1.627,0.689,1.637,4.016,-0.075,4.069
57.95,1.511,0.687,1.615,4.398,-0.074,4.125
57.97,1.465,0.687,1.589,4.409,-0.073,4.174
57.98,1.378,0.687,1.554,4.218,-0.075,4.180
57.99,1.779,0.687,1.591,4.251,-0.074,4.192
58.00,1.427,0.685,1.562,4.380,-0.073,4.225
58.01,1.471,0.686,1.547,3.819,-0.073,4.156
58.02,1.211,0.685,1.490,3.887,-0.074,4.111
58.03,1.562,0.685,1.502,4.144,-0.073,4.117
58.04,1.425,0.688,1.491,4.066,-0.073,4.108
58.05,1.776,0.689,1.539,4.329,-0.073,4.145
58.06,1.459,0.690,1.527,4.356,-0.074,4.180
58.07,1.514,0.691,1.525,4.251,-0.074,4.192
58.08,1.665,0.691,1.548,4.166,-0.073,4.188
58.09,1.623,0.690,1.560,4.153,-0.073,4.182
58.10,1.572,0.689,1.561,3.976,-0.074,4.146
58.11,1.452,0.690,1.543,4.275,-0.074,4.168
58.12,1.848,0.690,1.594,4.444,-0.075,4.214
58.13,1.620,0.688,1.597,4.313,-0.075,4.231
58.14,1.411,0.686,1.564,4.157,-0.074,4.219
58.15,1.744,0.687,1.595,4.082,-0.075,4.195
58.16,1.839,0.687,1.636,4.252,-0.074,4.206
58.17,1.482,0.686,1.609,4.071,-0.075,4.183
58.18,1.532,0.687,1.597,4.336,-0.075,4.208
58.19,1.877,0.687,1.644,4.392,-0.075,4.239
58.20,1.796,0.686,1.668,4.114,-0.074,4.219
58.21,1.740,0.686,1.681,4.315,-0.075,4.235
58.22,1.500,0.686,1.650,4.245,-0.076,4.236
58.23,1.470,0.687,1.621,4.144,-0.076,4.220
58.24,1.693,0.687,1.633,4.357,-0.075,4.244
58.25,1.536,0.686,1.616,4.058,-0.074,4.213
58.26,1.680,0.686,1.627,4.182,-0.075,4.207
58.27,1.611,0.688,1.625,4.024,-0.074,4.177
58.28,1.687,0.689,1.637,4.006,-0.075,4.148
58.29,1.621,0.689,1.634,4.183,-0.075,4.154
58.30,1.563,0.690,1.623,4.537,-0.075,4.218
58.31,1.780,0.691,1.650,4.059,-0.074,4.192
58.32,1.366,0.691,1.602,4.366,-0.074,4.221
58.33,1.669,0.694,1.615,4.107,-0.074,4.202
58.34,1.801,0.693,1.646,4.437,-0.073,4.242
58.35,1.573,0.694,1.634,4.079,-0.074,4.215
58.36,1.415,0.694,1.597,4.133,-0.073,4.201
58.37,1.553,0.695,1.591,4.330,-0.074,4.222
58.38,1.802,0.695,1.626,4.077,-0.074,4.198
58.39,1.598,0.695,1.622,3.994,-0.075,4.163
58.40,1.887,0.694,1.665,4.153,-0.075,4.161
58.41,1.639,0.694,1.660,4.175,-0.076,4.162
58.42,1.434,0.693,1.622,4.236,-0.076,4.175
58.43,1.428,0.694,1.590,4.271,-0.076,4.191
58.44,1.816,0.694,1.628,4.278,-0.077,4.205
58.45,1.536,0.694,1.612,4.024,-0.077,4.174
58.46,1.707,0.694,1.628,4.147,-0.077,4.170
58.47,1.467,0.693,1.600,4.087,-0.077,4.156
58.48,1.929,0.694,1.656,3.946,-0.076,4.121
58.49,1.770,0.695,1.676,4.086,-0.075,4.116
58.50,1.312,0.695,1.615,4.239,-0.075,4.137
58.51,1.467,0.695,1.590,3.869,-0.073,4.093
58.52,1.735,0.694,1.614,4.087,-0.074,4.091
58.53,1.245,0.693,1.551,4.615,-0.073,4.180
58.54,1.671,0.694,1.572,4.183,-0.073,4.181
58.55,1.659,0.694,1.586,4.201,-0.070,4.186
58.56,1.581,0.696,1.586,3.877,-0.070,4.135
58.57,1.639,0.696,1.595,4.168,-0.069,4.141
58.58,1.566,0.695,1.589,4.546,-0.068,4.210
58.59,1.345,0.695,1.548,4.026,-0.068,4.179
58.60,1.580,0.693,1.552,4.165,-0.068,4.176
58.61,1.746,0.692,1.584,4.086,-0.068,4.161
58.62,1.557,0.694,1.580,4.264,-0.068,4.179
58.63,1.554,0.693,1.575,3.980,-0.068,4.145
58.64,1.885,0.694,1.628,3.940,-0.069,4.110
58.65,1.771,0.695,1.653,4.246,-0.068,4.134
58.66,1.624,0.694,1.648,4.056,-0.068,4.120
58.67,1.579,0.694,1.636,4.144,-0.069,4.123
58.68,1.668,0.693,1.641,4.284,-0.069,4.150
58.69,1.627,0.693,1.638,4.144,-0.069,4.149
58.70,1.415,0.694,1.601,4.011,-0.070,4.125
58.71,1.726,0.696,1.624,4.234,-0.069,4.144
58.72,1.626,0.696,1.624,4.063,-0.070,4.130
58.73,1.566,0.696,1.614,4.145,-0.068,4.134
58.74,1.812,0.696,1.647,4.268,-0.069,4.156
58.75,1.818,0.695,1.675,3.996,-0.068,4.130
58.76,1.544,0.695,1.653,4.176,-0.066,4.139
58.77,1.330,0.694,1.598,4.049,-0.065,4.124
58.78,1.716,0.697,1.620,4.412,-0.067,4.171
58.79,1.683,0.695,1.629,3.954,-0.067,4.134
58.80,1.470,0.692,1.599,4.040,-0.067,4.118
58.81,1.632,0.691,1.604,4.256,-0.067,4.142
58.82,1.640,0.692,1.610,4.276,-0.067,4.164
58.83,1.747,0.690,1.632,4.113,-0.067,4.156
58.84,1.393,0.690,1.592,4.033,-0.066,4.136
58.85,1.509,0.691,1.578,4.455,-0.066,4.189
58.86,1.809,0.691,1.617,4.228,-0.068,4.194
58.87,1.581,0.692,1.612,4.059,-0.067,4.173
58.88,1.359,0.693,1.570,4.309,-0.067,4.196
58.89,1.568,0.692,1.569,4.041,-0.068,4.169
58.90,1.579,0.693,1.571,4.164,-0.066,4.169
58.91,1.418,0.694,1.547,4.213,-0.066,4.177
58.92,1.427,0.694,1.526,4.023,-0.066,4.151
58.93,1.558,0.694,1.531,4.160,-0.066,4.152
58.94,1.768,0.695,1.572,3.973,-0.067,4.121
58.95,1.428,0.695,1.547,4.004,-0.067,4.101
58.96,1.670,0.695,1.568,4.081,-0.067,4.098
58.97,1.224,0.697,1.511,3.915,-0.067,4.067
58.98,1.791,0.696,1.557,4.050,-0.068,4.063
58.99,1.557,0.698,1.559,4.232,-0.068,4.091
59.00,1.806,0.701,1.602,4.147,-0.068,4.100
59.01,1.629,0.701,1.607,4.262,-0.068,4.128
59.02,1.637,0.699,1.611,4.259,-0.067,4.151
59.03,1.643,0.699,1.615,4.175,-0.069,4.153
59.04,1.485,0.698,1.593,4.300,-0.069,4.178
59.05,1.540,0.697,1.583,4.106,-0.069,4.166
59.06,1.600,0.699,1.587,3.975,-0.069,4.134
59.07,1.529,0.700,1.578,4.392,-0.068,4.177
59.08,1.535,0.701,1.572,3.901,-0.071,4.129
59.09,1.578,0.703,1.574,4.224,-0.072,4.144
59.10,1.395,0.703,1.544,4.197,-0.071,4.154
59.11,1.817,0.704,1.590,4.223,-0.072,4.164
59.12,1.480,0.703,1.571,4.560,-0.072,4.232
59.13,1.533,0.703,1.564,4.097,-0.073,4.209
59.14,1.810,0.705,1.607,3.965,-0.073,4.167
59.15,1.471,0.702,1.582,4.109,-0.073,4.157
59.16,1.527,0.703,1.573,4.248,-0.076,4.170
59.17,1.403,0.703,1.544,4.191,-0.075,4.175
59.18,1.514,0.701,1.537,4.334,-0.075,4.201
59.19,1.645,0.702,1.556,4.358,-0.075,4.228
59.20,1.815,0.702,1.599,3.950,-0.076,4.181
59.21,1.363,0.701,1.559,4.087,-0.075,4.165
59.22,1.431,0.704,1.539,4.359,-0.075,4.198
59.23,1.744,0.702,1.572,4.275,-0.076,4.211
59.24,1.312,0.702,1.528,4.336,-0.075,4.232
59.25,1.513,0.703,1.526,4.491,-0.076,4.275
59.26,1.550,0.703,1.530,3.997,-0.077,4.228
59.27,1.540,0.706,1.534,4.151,-0.077,4.214
59.28,1.812,0.706,1.580,4.379,-0.079,4.241
59.29,1.840,0.705,1.623,4.293,-0.078,4.250
59.30,1.313,0.705,1.571,4.137,-0.078,4.232
59.31,1.733,0.704,1.597,4.198,-0.076,4.227
59.33,1.856,0.706,1.642,4.306,-0.076,4.241
59.34,1.624,0.708,1.641,4.150,-0.075,4.227
59.34,1.275,0.707,1.578,4.262,-0.073,4.234
59.35,1.544,0.708,1.573,4.034,-0.073,4.200
59.37,1.545,0.709,1.569,3.947,-0.075,4.157
59.38,1.791,0.710,1.607,4.149,-0.075,4.155
59.38,1.649,0.710,1.614,4.176,-0.075,4.158
59.39,1.654,0.710,1.620,4.009,-0.076,4.132
59.40,1.603,0.709,1.616,4.067,-0.078,4.120
59.41,1.533,0.708,1.602,4.088,-0.076,4.117
59.42,1.518,0.706,1.586,4.118,-0.076,4.116
59.43,1.723,0.707,1.610,4.115,-0.078,4.115
59.45,1.746,0.706,1.631,4.036,-0.077,4.102
59.46,1.495,0.706,1.609,4.145,-0.077,4.109
59.47,1.662,0.705,1.617,4.308,-0.077,4.143
59.48,1.405,0.708,1.583,3.980,-0.077,4.115
59.49,1.746,0.707,1.610,3.917,-0.077,4.082
59.50,1.838,0.707,1.648,4.163,-0.078,4.094
59.51,1.564,0.707,1.634,4.259,-0.077,4.123
59.52,1.744,0.707,1.652,4.604,-0.077,4.203
59.53,1.444,0.709,1.619,4.061,-0.078,4.179
59.54,1.550,0.710,1.608,4.262,-0.079,4.192
59.55,1.389,0.712,1.572,3.978,-0.077,4.158
59.56,1.683,0.714,1.593,4.153,-0.078,4.156
59.57,1.652,0.714,1.602,4.147,-0.079,4.154
59.58,1.663,0.714,1.613,3.899,-0.079,4.111
59.59,1.469,0.714,1.588,4.271,-0.078,4.139
59.60,1.471,0.713,1.567,4.412,-0.077,4.185
59.61,1.597,0.713,1.573,3.894,-0.078,4.135
59.62,1.676,0.715,1.592,4.330,-0.078,4.168
59.63,1.490,0.717,1.576,4.481,-0.079,4.220
59.64,1.527,0.717,1.567,4.143,-0.078,4.208
59.65,1.755,0.714,1.597,3.860,-0.078,4.149
59.66,1.597,0.714,1.596,4.062,-0.079,4.134
59.67,1.694,0.714,1.613,4.250,-0.079,4.153
59.68,1.615,0.713,1.613,4.350,-0.079,4.186
59.69,1.773,0.713,1.639,4.128,-0.079,4.176
59.70,1.663,0.714,1.644,4.336,-0.080,4.203
59.71,1.691,0.713,1.651,4.050,-0.080,4.177
59.72,1.555,0.713,1.635,4.142,-0.080,4.171
59.73,1.602,0.715,1.631,4.523,-0.079,4.231
59.74,1.652,0.716,1.635,4.307,-0.077,4.245
59.75,1.607,0.716,1.630,4.041,-0.077,4.212
59.76,1.650,0.716,1.633,4.328,-0.077,4.231
59.77,1.650,0.717,1.637,3.941,-0.075,4.184
59.78,1.558,0.716,1.623,3.932,-0.075,4.142
59.79,1.603,0.717,1.621,4.042,-0.076,4.124
59.80,1.777,0.716,1.646,4.135,-0.077,4.125
59.81,1.414,0.719,1.609,4.215,-0.077,4.140
59.82,1.240,0.717,1.545,4.320,-0.077,4.170
59.83,1.541,0.715,1.542,3.853,-0.078,4.116
59.84,1.530,0.712,1.538,3.981,-0.078,4.094
59.85,1.456,0.714,1.525,4.236,-0.079,4.117
59.86,1.437,0.714,1.511,4.243,-0.080,4.137
59.87,1.670,0.716,1.538,4.309,-0.078,4.167
59.88,1.750,0.718,1.576,4.122,-0.080,4.158
59.89,1.631,0.716,1.583,4.441,-0.080,4.206
59.90,1.718,0.717,1.606,4.198,-0.079,4.205
59.91,1.556,0.718,1.598,4.219,-0.082,4.205
59.92,1.528,0.718,1.587,4.196,-0.081,4.204
59.93,1.753,0.721,1.617,4.228,-0.082,4.208
59.94,1.510,0.721,1.599,3.902,-0.082,4.156
59.95,1.425,0.720,1.568,4.233,-0.083,4.169
59.96,1.573,0.720,1.570,4.390,-0.084,4.205
59.97,1.604,0.721,1.575,4.213,-0.083,4.207
59.98,1.478,0.722,1.560,4.152,-0.083,4.197
59.99,1.217,0.722,1.501,4.108,-0.085,4.181
60.00,1.750,0.722,1.544,4.349,-0.084,4.210
60.01,1.783,0.721,1.583,4.131,-0.084,4.197
60.02,1.463,0.721,1.563,4.193,-0.084,4.196
60.03,1.760,0.722,1.596,4.169,-0.083,4.192
60.04,1.390,0.722,1.561,4.254,-0.084,4.202
60.05,1.536,0.722,1.557,4.374,-0.085,4.230
60.06,1.699,0.722,1.581,4.118,-0.087,4.210
60.07,1.772,0.719,1.611,4.116,-0.086,4.195
60.08,1.721,0.721,1.630,4.390,-0.087,4.227
60.09,1.878,0.719,1.671,4.252,-0.087,4.232
60.10,1.463,0.720,1.636,4.248,-0.085,4.236
60.11,1.304,0.720,1.580,3.826,-0.084,4.167
60.12,1.600,0.720,1.583,4.177,-0.084,4.169
60.13,1.463,0.722,1.565,4.244,-0.082,4.183
60.14,1.396,0.721,1.535,4.069,-0.081,4.165
60.15,1.497,0.722,1.529,4.222,-0.083,4.173
60.16,1.455,0.723,1.517,4.120,-0.083,4.164
60.17,1.417,0.722,1.500,4.081,-0.084,4.150
60.18,1.815,0.722,1.552,3.929,-0.084,4.112
60.19,1.552,0.722,1.552,3.951,-0.085,4.084
60.20,1.618,0.723,1.564,4.101,-0.084,4.088
60.21,1.504,0.724,1.554,4.353,-0.084,4.132
60.22,1.844,0.724,1.603,4.201,-0.086,4.142
60.23,1.570,0.726,1.599,4.205,-0.087,4.152
60.24,1.487,0.728,1.581,4.240,-0.087,4.167
60.25,1.544,0.729,1.576,3.729,-0.086,4.094
60.26,1.770,0.729,1.608,4.388,-0.086,4.143
60.27,1.518,0.730,1.594,4.200,-0.087,4.152
60.28,1.647,0.731,1.604,4.052,-0.088,4.134
60.29,1.536,0.731,1.592,4.122,-0.089,4.132
60.30,1.640,0.733,1.602,4.194,-0.090,4.141
60.31,1.731,0.733,1.624,4.229,-0.093,4.153
60.32,1.682,0.734,1.634,4.365,-0.093,4.189
60.33,1.719,0.734,1.648,4.200,-0.092,4.192
60.34,1.483,0.734,1.620,4.170,-0.091,4.189
60.35,1.636,0.735,1.623,4.124,-0.092,4.178
60.36,1.829,0.734,1.657,3.948,-0.091,4.140
60.37,1.458,0.734,1.624,4.244,-0.091,4.157
60.38,1.552,0.734,1.611,4.244,-0.089,4.173
60.39,1.568,0.733,1.603,4.133,-0.090,4.166
60.40,1.326,0.732,1.556,4.291,-0.090,4.187
60.41,1.539,0.733,1.554,4.090,-0.089,4.171
60.42,1.579,0.734,1.558,4.230,-0.089,4.181
60.43,1.709,0.735,1.584,4.361,-0.090,4.211
60.44,1.606,0.735,1.588,3.988,-0.089,4.174
60.45,1.394,0.734,1.555,4.156,-0.089,4.171
60.46,1.872,0.735,1.608,4.310,-0.089,4.195
60.47,1.353,0.732,1.563,4.048,-0.089,4.170
60.48,1.622,0.731,1.572,4.339,-0.089,4.198
60.49,1.467,0.732,1.554,4.194,-0.088,4.198
60.50,1.640,0.731,1.568,3.925,-0.088,4.152
60.51,1.345,0.732,1.531,4.334,-0.088,4.183
60.52,1.507,0.731,1.526,4.153,-0.088,4.178
60.53,1.534,0.732,1.528,4.510,-0.088,4.234
60.54,1.510,0.732,1.525,4.146,-0.088,4.219
60.55,1.722,0.732,1.558,4.555,-0.087,4.276
60.56,1.491,0.734,1.548,3.878,-0.088,4.209
60.57,1.568,0.736,1.553,4.277,-0.090,4.218
60.58,1.730,0.735,1.582,4.042,-0.091,4.189
60.59,1.604,0.737,1.586,4.022,-0.090,4.161
60.60,1.732,0.737,1.611,4.268,-0.089,4.180
60.61,1.527,0.738,1.597,4.107,-0.089,4.168
60.62,1.718,0.737,1.617,4.403,-0.092,4.205
60.63,1.485,0.736,1.594,4.195,-0.092,4.203
60.64,1.414,0.736,1.563,4.270,-0.091,4.215
60.65,1.739,0.737,1.594,3.946,-0.092,4.169
60.66,1.617,0.737,1.598,3.956,-0.092,4.133
60.67,1.589,0.738,1.597,4.175,-0.095,4.138
60.68,1.447,0.737,1.570,4.192,-0.093,4.148
60.69,1.864,0.737,1.620,4.250,-0.095,4.164
60.71,1.922,0.737,1.671,4.164,-0.096,4.163
60.71,1.627,0.735,1.662,4.158,-0.095,4.163
60.72,1.644,0.735,1.659,4.070,-0.095,4.147
60.74,1.501,0.735,1.632,4.357,-0.094,4.184
60.75,1.858,0.735,1.670,3.786,-0.093,4.117
60.75,1.408,0.735,1.626,4.221,-0.094,4.134
60.76,1.372,0.736,1.583,3.863,-0.094,4.089
60.77,1.418,0.736,1.556,4.268,-0.093,4.119
60.79,1.387,0.735,1.527,4.141,-0.093,4.123
60.79,1.511,0.737,1.525,4.182,-0.093,4.133
60.80,1.673,0.739,1.551,4.197,-0.094,4.143
60.81,1.320,0.736,1.510,4.054,-0.093,4.128
60.83,1.505,0.738,1.511,4.175,-0.093,4.136
60.83,1.982,0.736,1.588,4.292,-0.093,4.163
60.84,1.522,0.736,1.576,4.319,-0.092,4.190
60.86,1.765,0.735,1.607,4.386,-0.093,4.222
60.87,1.498,0.736,1.590,4.195,-0.093,4.217
60.88,1.311,0.736,1.542,4.282,-0.092,4.229
60.88,1.443,0.736,1.526,4.008,-0.092,4.192
60.90,1.501,0.736,1.521,4.011,-0.094,4.160
60.91,1.797,0.737,1.568,4.190,-0.095,4.165
60.92,1.521,0.736,1.559,4.387,-0.094,4.203
60.92,1.607,0.737,1.568,4.063,-0.091,4.181
60.94,1.523,0.738,1.561,3.775,-0.092,4.113
60.95,1.696,0.738,1.584,4.256,-0.093,4.136
60.96,1.592,0.738,1.585,4.183,-0.092,4.144
60.96,1.834,0.739,1.627,4.110,-0.093,4.138
60.97,1.602,0.741,1.624,4.061,-0.091,4.126
60.98,1.731,0.742,1.643,4.352,-0.091,4.165
61.00,1.504,0.743,1.620,4.444,-0.090,4.212
61.01,1.530,0.743,1.605,4.250,-0.089,4.220
61.02,1.348,0.740,1.559,4.121,-0.087,4.204
61.03,1.351,0.740,1.523,3.968,-0.087,4.165
61.04,1.504,0.741,1.521,4.164,-0.087,4.164
61.05,1.453,0.741,1.509,4.155,-0.086,4.164
61.06,1.471,0.740,1.502,4.208,-0.084,4.173
61.07,1.525,0.740,1.506,4.158,-0.085,4.170
61.08,1.529,0.742,1.511,4.296,-0.085,4.191
61.09,1.727,0.742,1.547,4.114,-0.085,4.178
61.10,1.623,0.744,1.561,4.214,-0.085,4.184
61.11,1.486,0.744,1.548,4.124,-0.085,4.174
61.12,1.663,0.743,1.566,4.227,-0.085,4.183
61.13,1.633,0.742,1.577,4.283,-0.086,4.199
61.14,1.871,0.742,1.627,4.051,-0.082,4.177
61.15,1.449,0.741,1.596,4.257,-0.083,4.190
61.16,1.348,0.742,1.554,4.064,-0.084,4.168
61.17,1.519,0.743,1.549,4.295,-0.084,4.190
61.18,1.538,0.743,1.547,4.365,-0.083,4.220
61.19,1.558,0.743,1.549,4.307,-0.081,4.236
61.20,1.473,0.747,1.539,4.182,-0.081,4.227
61.21,1.597,0.746,1.548,4.208,-0.081,4.224
61.22,1.463,0.748,1.535,4.062,-0.082,4.196
61.23,1.789,0.750,1.579,4.276,-0.087,4.205
61.24,1.409,0.749,1.549,4.388,-0.082,4.240
61.25,1.400,0.752,1.527,4.165,-0.090,4.221
61.26,1.378,0.751,1.501,4.390,-0.084,4.254
61.27,1.737,0.754,1.543,4.116,-0.088,4.228
61.28,1.635,0.755,1.559,4.181,-0.088,4.220
61.29,1.431,0.757,1.539,3.936,-0.087,4.174
61.30,1.637,0.759,1.557,4.086,-0.086,4.159
61.31,1.550,0.760,1.556,4.327,-0.084,4.189
61.32,1.478,0.760,1.543,3.784,-0.086,4.120
61.33,1.524,0.760,1.540,4.191,-0.089,4.129
61.34,1.568,0.762,1.546,3.835,-0.087,4.081
61.35,1.530,0.763,1.544,4.451,-0.088,4.143
61.36,1.792,0.763,1.585,4.414,-0.088,4.188
61.37,1.604,0.762,1.587,3.899,-0.089,4.138
61.38,1.451,0.762,1.564,4.111,-0.090,4.134
61.39,1.431,0.761,1.541,4.256,-0.089,4.155
61.40,1.597,0.762,1.551,4.144,-0.089,4.152
61.41,1.753,0.764,1.586,4.078,-0.088,4.141
61.42,1.508,0.764,1.572,4.500,-0.087,4.202
61.43,1.557,0.764,1.570,4.169,-0.088,4.196
61.44,1.601,0.763,1.574,4.400,-0.087,4.231
61.45,1.417,0.764,1.548,4.199,-0.088,4.225
61.46,1.432,0.763,1.528,4.095,-0.087,4.204
61.47,1.540,0.762,1.529,4.008,-0.085,4.172
61.48,1.520,0.763,1.527,3.995,-0.084,4.144
61.49,1.627,0.761,1.543,4.294,-0.084,4.169
61.50,1.754,0.762,1.579,4.592,-0.085,4.240
61.51,1.559,0.762,1.575,4.637,-0.085,4.306
61.52,1.622,0.762,1.583,4.111,-0.084,4.274
61.53,1.739,0.762,1.609,4.071,-0.085,4.239
61.54,1.848,0.761,1.649,3.924,-0.084,4.186
61.55,1.475,0.761,1.619,4.361,-0.086,4.214
61.56,1.595,0.759,1.613,4.262,-0.085,4.223
61.57,1.685,0.759,1.625,4.001,-0.085,4.186
61.58,1.972,0.759,1.683,4.356,-0.085,4.214
61.59,1.832,0.759,1.709,4.224,-0.086,4.215
61.60,1.566,0.760,1.686,4.239,-0.088,4.218
61.61,1.759,0.761,1.698,4.261,-0.087,4.226
61.62,1.634,0.759,1.686,4.260,-0.088,4.231
61.63,1.733,0.760,1.695,4.154,-0.087,4.219
61.64,1.646,0.760,1.686,3.975,-0.089,4.177
61.65,1.625,0.760,1.676,4.119,-0.090,4.166
61.66,1.684,0.759,1.677,4.241,-0.090,4.179
61.67,1.614,0.759,1.666,4.130,-0.090,4.171
61.68,1.473,0.759,1.634,4.257,-0.090,4.185
61.69,1.733,0.756,1.648,4.214,-0.091,4.189
61.70,1.632,0.757,1.646,4.440,-0.091,4.232
61.71,1.409,0.758,1.607,4.442,-0.091,4.267
61.72,1.606,0.758,1.606,4.074,-0.091,4.235
61.73,1.565,0.759,1.600,3.851,-0.092,4.169
61.74,1.594,0.760,1.600,4.312,-0.093,4.193
61.75,1.596,0.760,1.599,3.881,-0.094,4.139
61.76,1.546,0.760,1.590,4.667,-0.094,4.228
61.77,1.449,0.760,1.566,4.270,-0.094,4.235
61.78,1.489,0.763,1.555,4.256,-0.096,4.238
61.79,1.577,0.763,1.559,4.397,-0.095,4.265
61.80,1.471,0.764,1.545,4.147,-0.095,4.245
61.81,1.644,0.765,1.562,3.875,-0.096,4.183
61.82,1.808,0.764,1.602,4.192,-0.098,4.182
61.83,1.452,0.763,1.576,4.344,-0.100,4.208
61.84,1.974,0.763,1.643,4.403,-0.101,4.240
61.85,1.598,0.763,1.635,4.079,-0.101,4.213
61.86,1.558,0.764,1.623,4.091,-0.102,4.192
61.87,1.630,0.762,1.622,4.177,-0.102,4.190
61.88,1.430,0.763,1.591,3.897,-0.100,4.142
61.89,1.753,0.764,1.619,4.154,-0.101,4.143
61.90,1.482,0.764,1.596,4.086,-0.102,4.132
61.91,1.796,0.764,1.629,4.281,-0.102,4.157
61.92,1.432,0.764,1.596,4.263,-0.102,4.175
61.93,1.539,0.766,1.587,3.837,-0.102,4.119
61.94,1.484,0.766,1.570,4.015,-0.102,4.101
61.95,1.588,0.767,1.574,4.214,-0.100,4.121
61.96,1.368,0.769,1.540,4.559,-0.102,4.193
61.97,1.648,0.768,1.558,4.251,-0.102,4.204
61.98,1.366,0.768,1.525,4.376,-0.103,4.232
61.99,1.356,0.767,1.496,4.012,-0.103,4.195
62.00,1.520,0.768,1.500,4.250,-0.103,4.204
62.01,1.562,0.768,1.511,4.037,-0.104,4.175
62.02,1.571,0.767,1.519,4.024,-0.103,4.151
62.03,1.714,0.768,1.553,4.167,-0.105,4.152
62.04,1.464,0.767,1.537,4.459,-0.103,4.205
62.05,1.389,0.767,1.512,4.165,-0.103,4.199
62.06,1.804,0.767,1.561,4.276,-0.103,4.212
62.07,1.447,0.768,1.542,4.000,-0.102,4.177
62.08,1.690,0.768,1.567,4.192,-0.103,4.179
62.09,1.643,0.767,1.579,4.234,-0.101,4.190
62.10,1.574,0.767,1.578,4.140,-0.100,4.182
62.11,1.508,0.769,1.568,3.895,-0.100,4.134
62.12,1.506,0.770,1.558,4.000,-0.102,4.110
62.13,1.390,0.772,1.531,4.401,-0.104,4.157
62.14,1.354,0.772,1.501,4.116,-0.103,4.151
62.15,1.490,0.774,1.501,4.386,-0.103,4.190
62.16,1.519,0.776,1.505,4.545,-0.103,4.250
62.17,1.614,0.776,1.523,4.141,-0.106,4.230
62.18,1.516,0.778,1.523,4.006,-0.107,4.191
62.19,1.390,0.777,1.500,4.303,-0.108,4.210
62.20,1.272,0.778,1.462,4.064,-0.108,4.185
62.22,1.703,0.780,1.504,4.237,-0.108,4.194
62.22,1.631,0.780,1.525,4.232,-0.108,4.200
62.24,1.490,0.779,1.518,4.106,-0.108,4.184
62.25,1.596,0.780,1.532,4.350,-0.108,4.212
62.25,1.788,0.779,1.574,4.143,-0.107,4.201
62.27,1.381,0.777,1.540,4.217,-0.108,4.204
62.28,1.829,0.776,1.587,4.302,-0.109,4.219
62.29,1.432,0.779,1.564,3.793,-0.109,4.148
62.30,1.664,0.779,1.580,4.203,-0.109,4.157
62.31,1.660,0.780,1.594,4.252,-0.109,4.173
62.32,1.765,0.778,1.621,4.303,-0.108,4.196
62.33,1.761,0.776,1.643,4.524,-0.108,4.251
62.34,1.580,0.778,1.634,4.071,-0.108,4.221
62.35,1.402,0.779,1.595,4.156,-0.108,4.210
62.36,1.863,0.779,1.640,4.263,-0.111,4.217
62.37,1.313,0.780,1.586,4.550,-0.109,4.274
62.38,1.671,0.781,1.601,4.209,-0.111,4.262
62.39,1.737,0.780,1.623,4.503,-0.113,4.301
62.40,1.407,0.782,1.588,4.312,-0.112,4.303
62.41,1.516,0.783,1.577,4.366,-0.111,4.315
62.42,1.483,0.783,1.561,4.264,-0.111,4.307
62.43,1.698,0.783,1.584,4.090,-0.111,4.271
62.44,1.445,0.784,1.561,4.278,-0.112,4.271
62.45,1.449,0.785,1.543,4.379,-0.114,4.288
62.46,1.508,0.788,1.539,3.823,-0.113,4.210
62.47,1.456,0.788,1.525,4.043,-0.113,4.182
62.48,1.659,0.789,1.548,3.804,-0.113,4.119
62.49,1.343,0.790,1.514,4.216,-0.113,4.135
62.50,1.564,0.791,1.523,4.333,-0.111,4.170
62.51,1.771,0.789,1.563,3.980,-0.110,4.139
62.52,1.577,0.792,1.568,4.157,-0.110,4.142
62.53,1.581,0.793,1.570,4.173,-0.109,4.148
62.54,1.482,0.794,1.556,4.146,-0.109,4.148
62.55,1.842,0.796,1.606,4.309,-0.111,4.173
62.56,1.532,0.794,1.592,3.939,-0.111,4.134
62.57,1.677,0.795,1.607,4.219,-0.110,4.149
62.58,1.534,0.794,1.594,4.077,-0.110,4.137
62.59,1.587,0.794,1.592,4.257,-0.108,4.158
62.60,1.560,0.794,1.587,4.285,-0.109,4.179
62.61,1.659,0.793,1.598,4.032,-0.108,4.156
62.62,1.248,0.793,1.539,4.381,-0.109,4.193
62.63,1.380,0.793,1.512,4.060,-0.109,4.170
62.64,1.759,0.793,1.553,4.133,-0.111,4.163
62.65,1.362,0.795,1.522,3.940,-0.110,4.125
62.66,1.360,0.796,1.495,4.212,-0.111,4.140
62.67,1.744,0.797,1.538,3.974,-0.111,4.111
62.68,1.631,0.797,1.553,4.317,-0.111,4.146
62.69,1.466,0.799,1.540,4.228,-0.111,4.160
62.70,1.906,0.797,1.600,4.090,-0.113,4.147
62.71,1.678,0.799,1.614,4.405,-0.113,4.190
62.72,1.595,0.799,1.611,4.129,-0.113,4.180
62.73,1.412,0.800,1.577,4.362,-0.113,4.210
62.74,1.746,0.800,1.606,4.101,-0.114,4.192
62.75,1.640,0.801,1.612,4.168,-0.114,4.188
62.76,1.742,0.803,1.636,4.234,-0.113,4.196
62.77,1.765,0.803,1.658,4.218,-0.113,4.199
62.78,1.566,0.802,1.641,4.111,-0.113,4.184
62.79,1.812,0.803,1.670,4.333,-0.113,4.210
62.80,1.696,0.803,1.675,4.026,-0.113,4.179
62.81,1.565,0.805,1.657,4.190,-0.114,4.180
62.82,1.538,0.803,1.636,4.246,-0.116,4.190
62.83,1.464,0.803,1.607,4.055,-0.116,4.168
62.84,1.790,0.804,1.638,4.244,-0.115,4.181
62.85,1.362,0.804,1.592,4.272,-0.115,4.196
62.86,1.714,0.802,1.611,4.153,-0.116,4.188
62.87,1.511,0.803,1.595,4.362,-0.116,4.218
62.88,1.693,0.804,1.612,4.045,-0.117,4.188
62.89,1.839,0.803,1.649,4.250,-0.117,4.198
62.90,1.397,0.803,1.606,4.116,-0.116,4.186
62.91,1.745,0.804,1.630,4.001,-0.115,4.155
62.92,1.756,0.803,1.651,4.002,-0.116,4.129
62.93,1.572,0.803,1.638,4.268,-0.116,4.152
62.94,1.489,0.803,1.613,4.299,-0.116,4.177
62.95,1.717,0.804,1.631,4.281,-0.115,4.196
62.96,1.585,0.806,1.624,4.120,-0.114,4.183
62.97,1.645,0.809,1.631,4.205,-0.114,4.187
62.98,1.464,0.809,1.602,4.032,-0.114,4.162
62.99,1.642,0.809,1.609,3.932,-0.114,4.123
63.00,1.580,0.808,1.603,4.182,-0.115,4.132
63.01,1.537,0.807,1.591,4.390,-0.115,4.175
63.02,1.465,0.808,1.571,4.105,-0.115,4.163
63.03,1.629,0.810,1.582,4.513,-0.115,4.222
63.04,1.788,0.811,1.617,4.187,-0.115,4.216
63.05,1.415,0.811,1.583,4.135,-0.115,4.203
63.06,1.672,0.812,1.599,4.231,-0.115,4.208
63.07,1.583,0.812,1.596,4.079,-0.116,4.185
63.08,1.465,0.812,1.574,4.372,-0.116,4.216
63.09,1.769,0.813,1.607,3.841,-0.116,4.153
63.10,1.620,0.812,1.608,4.229,-0.117,4.165
63.11,1.721,0.810,1.626,4.245,-0.118,4.178
63.12,1.599,0.811,1.622,4.332,-0.118,4.204
63.13,1.640,0.812,1.626,4.204,-0.118,4.204
63.14,1.654,0.813,1.631,4.120,-0.118,4.190
63.15,1.269,0.815,1.572,4.134,-0.118,4.181
63.16,1.164,0.813,1.502,4.113,-0.119,4.169
63.17,1.660,0.812,1.527,4.328,-0.117,4.197
63.18,1.551,0.812,1.531,4.122,-0.118,4.184
63.19,1.502,0.812,1.526,4.025,-0.117,4.158
63.20,1.683,0.813,1.553,4.079,-0.118,4.143
63.21,1.635,0.812,1.565,4.032,-0.118,4.125
63.22,1.623,0.812,1.575,4.104,-0.117,4.122
63.23,1.707,0.812,1.597,4.430,-0.118,4.174
63.24,1.654,0.813,1.607,4.203,-0.118,4.179
63.25,1.295,0.813,1.554,4.184,-0.119,4.179
63.26,1.457,0.815,1.539,4.240,-0.119,4.189
63.27,1.574,0.816,1.545,4.130,-0.119,4.180
63.28,1.459,0.815,1.530,4.124,-0.119,4.170
63.29,1.712,0.814,1.560,4.284,-0.118,4.190
63.30,1.740,0.812,1.588,4.301,-0.119,4.208
63.31,1.448,0.812,1.564,4.169,-0.120,4.201
63.32,1.684,0.812,1.584,4.153,-0.120,4.193
63.33,1.741,0.811,1.610,4.278,-0.119,4.208
63.34,1.722,0.812,1.629,4.173,-0.120,4.201
63.35,1.748,0.812,1.649,3.933,-0.119,4.157
63.36,1.610,0.812,1.643,4.108,-0.119,4.149
63.37,1.733,0.811,1.657,4.273,-0.119,4.170
63.38,1.437,0.811,1.620,4.461,-0.119,4.219
63.39,1.649,0.813,1.626,4.241,-0.118,4.223
63.40,1.613,0.814,1.624,4.151,-0.118,4.212
63.41,1.507,0.813,1.604,3.871,-0.117,4.155
63.42,1.339,0.814,1.560,4.090,-0.117,4.144
63.43,1.321,0.814,1.520,4.417,-0.117,4.190
63.44,1.578,0.813,1.528,4.436,-0.118,4.231
63.45,1.763,0.812,1.567,4.186,-0.117,4.224
63.46,1.421,0.817,1.546,4.080,-0.117,4.200
63.47,1.313,0.816,1.506,4.137,-0.118,4.189
63.48,1.978,0.815,1.584,4.326,-0.118,4.212
63.49,1.481,0.815,1.566,4.391,-0.117,4.243
63.50,1.647,0.815,1.580,4.061,-0.118,4.211
63.51,1.763,0.813,1.609,4.322,-0.118,4.230
63.52,1.653,0.813,1.616,4.067,-0.118,4.203
63.53,1.353,0.815,1.573,4.490,-0.118,4.252
63.54,1.796,0.815,1.610,4.485,-0.117,4.292
63.55,1.650,0.815,1.617,4.172,-0.117,4.272
63.56,1.652,0.815,1.623,4.232,-0.118,4.265
63.57,1.533,0.813,1.606,4.317,-0.117,4.274
63.58,1.703,0.811,1.621,4.029,-0.117,4.233
63.59,1.720,0.809,1.636,4.328,-0.117,4.249
63.60,1.542,0.810,1.620,4.222,-0.117,4.245
63.61,1.354,0.809,1.575,4.015,-0.117,4.206
63.62,1.705,0.812,1.598,4.374,-0.117,4.235
63.63,1.479,0.812,1.579,4.078,-0.115,4.210
63.64,1.565,0.812,1.576,4.383,-0.116,4.239
63.65,1.681,0.812,1.593,4.136,-0.118,4.220
63.66,1.421,0.812,1.565,3.975,-0.117,4.179
63.67,1.451,0.812,1.545,4.381,-0.116,4.214
63.68,1.891,0.814,1.605,3.922,-0.117,4.165
63.69,1.521,0.815,1.591,4.301,-0.118,4.186
63.70,1.456,0.817,1.570,4.601,-0.117,4.257
63.71,1.241,0.818,1.516,4.323,-0.117,4.268
63.72,1.489,0.818,1.511,4.171,-0.117,4.252
63.73,1.655,0.818,1.534,4.020,-0.118,4.213
63.75,1.691,0.817,1.560,4.089,-0.118,4.192
63.75,1.758,0.818,1.594,4.094,-0.117,4.176
63.77,1.558,0.818,1.587,4.256,-0.116,4.190
63.78,1.557,0.817,1.581,4.179,-0.117,4.188
63.79,1.728,0.818,1.607,3.961,-0.117,4.149
63.80,1.465,0.820,1.585,4.353,-0.118,4.183
63.81,1.453,0.820,1.563,4.159,-0.118,4.179
63.82,1.649,0.821,1.578,4.300,-0.117,4.200
63.83,1.193,0.821,1.513,3.977,-0.118,4.162
63.84,1.889,0.820,1.574,4.242,-0.119,4.175
63.85,1.525,0.819,1.565,4.236,-0.119,4.185
63.86,1.425,0.818,1.541,4.336,-0.118,4.211
63.87,1.337,0.818,1.506,4.553,-0.118,4.269
63.88,1.319,0.819,1.475,4.099,-0.116,4.242
63.89,1.247,0.818,1.436,4.217,-0.117,4.237
63.90,1.716,0.818,1.482,4.209,-0.118,4.231
63.91,1.776,0.818,1.531,4.042,-0.119,4.199
63.92,1.463,0.818,1.520,3.978,-0.119,4.162
63.93,1.665,0.820,1.545,4.048,-0.119,4.143
63.94,1.361,0.819,1.514,4.276,-0.118,4.166
63.95,1.461,0.817,1.503,3.854,-0.117,4.114
63.96,1.559,0.819,1.514,4.322,-0.118,4.149
63.97,1.433,0.819,1.500,4.199,-0.117,4.158
63.98,1.955,0.818,1.575,4.256,-0.117,4.174
63.99,1.539,0.821,1.571,4.149,-0.117,4.170
64.00,1.489,0.821,1.557,4.170,-0.117,4.170
64.01,1.560,0.819,1.556,4.312,-0.117,4.194
64.02,1.475,0.821,1.543,3.939,-0.115,4.153
64.03,1.490,0.821,1.535,4.176,-0.114,4.157
64.04,1.683,0.821,1.559,4.540,-0.114,4.222
64.05,1.322,0.819,1.518,4.133,-0.113,4.208
64.06,1.541,0.820,1.522,3.936,-0.112,4.163
64.07,1.591,0.821,1.534,4.280,-0.112,4.183
64.08,1.651,0.820,1.553,4.304,-0.111,4.204
64.09,1.659,0.821,1.571,3.913,-0.111,4.154
64.10,1.782,0.822,1.608,4.188,-0.112,4.159
64.11,1.756,0.821,1.631,4.125,-0.113,4.153
64.12,1.706,0.822,1.645,4.436,-0.114,4.200
64.13,1.547,0.821,1.628,4.087,-0.115,4.180
64.14,1.588,0.821,1.621,4.389,-0.113,4.216
64.15,1.445,0.821,1.591,4.080,-0.112,4.195
64.16,1.654,0.820,1.601,4.214,-0.110,4.199
64.17,1.526,0.821,1.588,4.138,-0.111,4.188
64.18,1.371,0.818,1.549,4.274,-0.110,4.203
64.19,1.544,0.817,1.547,4.078,-0.110,4.183
64.20,1.448,0.815,1.529,4.004,-0.110,4.153
64.21,1.573,0.818,1.539,4.128,-0.110,4.148
64.22,1.634,0.819,1.555,4.056,-0.111,4.132
64.23,1.834,0.817,1.600,4.147,-0.111,4.135
64.24,1.530,0.818,1.589,4.424,-0.111,4.183
64.25,1.532,0.819,1.580,4.182,-0.111,4.183
64.26,1.658,0.819,1.593,4.272,-0.112,4.197
64.27,1.667,0.820,1.607,4.183,-0.112,4.195
64.28,1.558,0.821,1.599,4.158,-0.114,4.187
64.29,1.482,0.821,1.579,4.012,-0.115,4.157
64.30,1.762,0.819,1.608,4.125,-0.113,4.153
64.31,1.485,0.821,1.588,4.378,-0.113,4.191
64.32,1.678,0.820,1.603,4.141,-0.113,4.183
64.33,1.614,0.820,1.604,4.081,-0.112,4.166
64.34,1.653,0.820,1.612,4.067,-0.113,4.149
64.35,1.675,0.824,1.626,4.213,-0.111,4.161
64.36,1.568,0.824,1.616,4.143,-0.111,4.158
64.37,1.598,0.823,1.613,4.249,-0.111,4.173
64.38,1.696,0.825,1.628,4.253,-0.111,4.187
64.39,1.565,0.824,1.617,4.106,-0.110,4.174
64.40,1.512,0.823,1.598,4.160,-0.109,4.173
64.41,1.661,0.824,1.609,4.242,-0.108,4.185
64.42,1.579,0.826,1.606,4.336,-0.107,4.211
64.43,1.464,0.826,1.582,4.300,-0.108,4.225
64.44,1.432,0.828,1.558,4.012,-0.108,4.190
64.45,1.025,0.829,1.469,4.142,-0.109,4.181
64.46,1.718,0.829,1.510,4.213,-0.109,4.186
64.47,1.678,0.828,1.538,4.319,-0.109,4.208
64.48,1.630,0.830,1.554,4.106,-0.109,4.192
64.49,1.505,0.830,1.546,4.284,-0.109,4.208
64.50,1.715,0.829,1.573,4.133,-0.110,4.194
64.51,1.249,0.831,1.520,4.244,-0.110,4.202
64.52,1.454,0.830,1.508,4.538,-0.111,4.258
64.53,1.532,0.830,1.512,4.301,-0.112,4.265
64.54,1.880,0.830,1.573,4.137,-0.112,4.243
64.55,1.652,0.833,1.589,4.398,-0.110,4.271
64.56,1.511,0.833,1.576,4.013,-0.110,4.228
64.57,1.783,0.833,1.610,4.299,-0.110,4.240
64.58,1.510,0.835,1.595,3.911,-0.110,4.184
64.59,1.729,0.838,1.619,4.225,-0.112,4.190
64.60,1.654,0.836,1.624,4.070,-0.110,4.171
64.61,1.608,0.836,1.621,4.456,-0.110,4.219
64.62,1.800,0.834,1.650,4.073,-0.111,4.194
64.63,1.405,0.834,1.608,4.313,-0.111,4.214
64.64,1.747,0.833,1.630,4.281,-0.112,4.225
64.65,1.475,0.831,1.603,4.093,-0.112,4.202
64.66,1.902,0.831,1.653,4.175,-0.114,4.197
64.67,1.837,0.829,1.682,4.443,-0.112,4.240
64.68,1.386,0.831,1.633,4.206,-0.112,4.234
64.69,1.465,0.831,1.605,3.996,-0.112,4.194
64.70,1.773,0.831,1.633,4.394,-0.113,4.227
64.71,1.641,0.829,1.633,3.938,-0.113,4.178
64.72,1.065,0.829,1.537,4.019,-0.112,4.152
64.73,1.566,0.830,1.543,4.036,-0.113,4.132
64.74,1.879,0.830,1.599,4.177,-0.113,4.139
64.75,1.518,0.830,1.585,4.333,-0.114,4.172
64.76,1.376,0.833,1.552,4.103,-0.115,4.159
64.77,1.514,0.832,1.545,4.439,-0.116,4.205
64.78,1.608,0.834,1.556,3.894,-0.118,4.151
64.79,1.243,0.834,1.503,4.213,-0.117,4.162
64.80,1.818,0.833,1.555,4.274,-0.116,4.182
64.81,1.641,0.833,1.570,4.014,-0.117,4.153
64.82,1.623,0.832,1.578,4.188,-0.118,4.158
64.83,1.539,0.832,1.571,4.031,-0.119,4.136
64.84,1.560,0.832,1.569,4.404,-0.117,4.182
64.85,1.647,0.832,1.582,3.930,-0.119,4.139
64.86,1.453,0.831,1.559,4.575,-0.118,4.213
64.87,1.537,0.831,1.555,4.125,-0.117,4.199
64.88,1.634,0.831,1.568,4.573,-0.117,4.262
64.89,1.839,0.830,1.613,4.359,-0.117,4.278
64.90,1.489,0.829,1.591,3.821,-0.117,4.201
64.91,1.812,0.828,1.627,4.442,-0.117,4.242
64.92,1.477,0.828,1.602,4.398,-0.118,4.267
64.93,1.484,0.825,1.580,4.356,-0.117,4.283
64.94,1.295,0.825,1.531,4.001,-0.117,4.236
64.95,1.575,0.823,1.537,4.364,-0.118,4.257
64.96,1.343,0.822,1.504,4.506,-0.119,4.298
64.97,1.578,0.824,1.517,4.102,-0.119,4.265
64.98,1.843,0.825,1.573,4.395,-0.119,4.287
64.99,1.212,0.826,1.512,4.165,-0.118,4.268
65.00,1.495,0.826,1.510,4.240,-0.119,4.263
65.01,1.675,0.826,1.537,3.926,-0.119,4.205
65.02,1.521,0.825,1.533,4.385,-0.120,4.235
65.03,1.461,0.826,1.521,4.020,-0.121,4.198
65.04,1.436,0.825,1.506,4.156,-0.119,4.193
65.05,1.455,0.827,1.499,3.873,-0.118,4.140
65.06,1.576,0.827,1.512,3.869,-0.119,4.094
65.07,1.780,0.827,1.556,4.227,-0.118,4.116
65.08,1.506,0.828,1.548,4.135,-0.118,4.119
65.09,1.237,0.828,1.497,4.165,-0.120,4.126
65.10,1.448,0.826,1.486,4.312,-0.119,4.157
65.11,1.575,0.826,1.501,4.228,-0.120,4.169
65.12,1.595,0.825,1.516,4.071,-0.121,4.152
65.13,1.723,0.827,1.552,4.199,-0.121,4.159
65.14,1.720,0.825,1.579,4.337,-0.122,4.189
65.15,1.470,0.827,1.562,4.104,-0.121,4.175
65.16,1.528,0.828,1.556,3.819,-0.122,4.115
65.17,1.609,0.828,1.565,4.418,-0.121,4.167
65.19,1.512,0.829,1.557,4.562,-0.120,4.234
65.20,1.902,0.827,1.613,4.142,-0.121,4.218
65.20,1.521,0.829,1.599,4.118,-0.119,4.202
65.21,1.900,0.826,1.647,4.279,-0.121,4.214
65.22,1.570,0.826,1.634,4.056,-0.121,4.187
65.23,1.625,0.828,1.634,4.253,-0.121,4.198
65.24,1.731,0.828,1.651,4.209,-0.120,4.201
65.25,1.456,0.828,1.617,4.285,-0.121,4.214
65.26,1.722,0.828,1.635,4.040,-0.119,4.186
65.28,1.699,0.827,1.645,4.108,-0.118,4.174
65.29,1.432,0.827,1.608,4.062,-0.120,4.154
65.30,1.491,0.829,1.590,4.133,-0.118,4.152
65.31,1.405,0.829,1.559,3.947,-0.118,4.117
65.32,1.506,0.829,1.550,4.286,-0.120,4.144
65.33,1.744,0.832,1.585,4.630,-0.120,4.226
65.34,1.574,0.833,1.583,4.359,-0.118,4.250
65.35,1.474,0.831,1.563,4.369,-0.119,4.270
65.36,1.448,0.830,1.542,4.259,-0.118,4.268
65.37,1.812,0.830,1.588,4.127,-0.119,4.244
65.38,1.855,0.831,1.634,4.243,-0.120,4.243
65.39,1.603,0.831,1.628,4.116,-0.118,4.223
65.40,1.562,0.832,1.618,4.017,-0.118,4.189
65.41,1.696,0.831,1.630,4.267,-0.119,4.201
65.42,1.636,0.830,1.631,4.099,-0.120,4.183
65.43,1.553,0.832,1.618,4.244,-0.120,4.194
65.44,1.211,0.830,1.549,3.942,-0.121,4.151
65.45,1.608,0.830,1.559,4.105,-0.121,4.143
65.46,1.499,0.831,1.549,4.135,-0.121,4.142
65.47,1.557,0.832,1.551,4.088,-0.121,4.132
65.48,1.528,0.834,1.549,4.162,-0.121,4.137
65.49,1.717,0.835,1.577,4.042,-0.121,4.121
65.50,1.725,0.833,1.601,4.046,-0.122,4.108
65.51,1.506,0.832,1.584,4.613,-0.123,4.192
65.52,1.690,0.832,1.602,4.265,-0.122,4.205
65.53,1.507,0.832,1.585,3.962,-0.124,4.163
65.54,1.643,0.831,1.594,4.142,-0.123,4.160
65.55,1.303,0.829,1.544,4.153,-0.123,4.158
65.56,1.578,0.829,1.549,4.489,-0.124,4.214
65.57,1.652,0.829,1.566,4.100,-0.124,4.195
65.58,1.617,0.830,1.575,4.099,-0.124,4.179
65.59,1.771,0.827,1.606,4.231,-0.123,4.189
65.60,1.485,0.826,1.585,3.997,-0.123,4.156
65.61,1.469,0.825,1.564,4.583,-0.123,4.228
65.62,1.601,0.823,1.569,4.012,-0.125,4.190
65.63,1.643,0.823,1.581,4.368,-0.125,4.220
65.64,1.692,0.824,1.601,4.053,-0.124,4.193
65.65,1.494,0.823,1.581,4.054,-0.124,4.169
65.66,1.467,0.824,1.563,4.085,-0.125,4.155
65.67,1.734,0.825,1.592,4.178,-0.125,4.159
65.68,1.437,0.825,1.566,4.511,-0.124,4.219
65.69,1.179,0.827,1.502,4.398,-0.125,4.249
65.70,1.722,0.827,1.539,4.113,-0.123,4.227
65.71,1.883,0.827,1.597,4.094,-0.123,4.205
65.72,1.617,0.827,1.600,4.088,-0.124,4.185
65.73,1.767,0.827,1.628,3.918,-0.124,4.140
65.74,1.649,0.827,1.631,4.383,-0.124,4.181
65.75,1.560,0.828,1.620,4.285,-0.122,4.200
65.76,1.750,0.829,1.642,4.397,-0.123,4.232
65.77,1.790,0.827,1.665,4.233,-0.123,4.232
65.78,1.418,0.825,1.623,4.202,-0.123,4.228
65.79,1.272,0.823,1.562,4.395,-0.124,4.255
65.80,1.334,0.826,1.526,4.111,-0.124,4.230
65.81,1.267,0.827,1.482,4.193,-0.123,4.225
65.82,1.595,0.827,1.501,4.070,-0.124,4.198
65.83,1.612,0.827,1.519,3.919,-0.124,4.151
65.84,1.569,0.828,1.528,4.310,-0.124,4.178
65.85,1.968,0.828,1.602,4.253,-0.124,4.191
65.86,1.525,0.829,1.591,4.237,-0.124,4.198
65.87,1.544,0.829,1.582,4.222,-0.123,4.204
65.88,1.543,0.830,1.576,4.252,-0.122,4.213
65.89,1.484,0.830,1.561,4.005,-0.122,4.178
65.90,1.302,0.829,1.516,4.149,-0.121,4.174
65.91,1.580,0.829,1.526,4.301,-0.121,4.195
65.92,1.512,0.827,1.522,4.059,-0.122,4.172
65.93,1.806,0.828,1.571,4.331,-0.122,4.198
65.94,1.837,0.828,1.615,3.953,-0.122,4.157
65.95,1.974,0.829,1.676,4.385,-0.119,4.198
65.96,1.427,0.829,1.634,4.149,-0.120,4.189
65.97,1.655,0.827,1.636,3.905,-0.121,4.140
65.98,1.774,0.827,1.659,3.972,-0.120,4.113
65.99,1.163,0.828,1.577,4.229,-0.120,4.133
66.00,1.698,0.826,1.596,4.140,-0.121,4.133
66.01,1.708,0.828,1.616,3.919,-0.121,4.097
66.02,1.872,0.828,1.659,4.238,-0.120,4.121
66.03,1.299,0.829,1.599,4.428,-0.119,4.173
66.04,1.432,0.829,1.571,4.165,-0.120,4.171
66.05,1.550,0.829,1.567,4.068,-0.122,4.153
66.06,1.540,0.830,1.563,4.082,-0.122,4.141
66.07,1.494,0.828,1.550,4.371,-0.121,4.181
66.08,1.527,0.825,1.544,4.483,-0.122,4.230
66.09,1.552,0.822,1.543,4.417,-0.123,4.261
66.10,1.735,0.823,1.575,4.110,-0.124,4.235
66.11,1.859,0.822,1.622,4.157,-0.123,4.223
66.12,1.677,0.822,1.631,4.182,-0.124,4.215
66.13,1.683,0.819,1.638,4.516,-0.123,4.266
66.14,1.718,0.818,1.651,4.262,-0.124,4.266
66.15,1.562,0.820,1.637,4.146,-0.123,4.246
66.16,1.557,0.819,1.623,4.237,-0.123,4.245
66.17,1.740,0.817,1.641,4.156,-0.123,4.229
66.18,1.436,0.816,1.605,4.041,-0.123,4.198
66.19,1.668,0.819,1.618,4.176,-0.123,4.194
66.20,1.905,0.818,1.666,4.499,-0.125,4.244
66.21,1.515,0.817,1.640,4.353,-0.125,4.263
66.22,1.742,0.818,1.658,4.654,-0.123,4.331
66.23,1.481,0.817,1.627,4.326,-0.124,4.329
66.24,1.501,0.816,1.605,4.205,-0.125,4.308
66.25,1.386,0.815,1.568,4.699,-0.125,4.374
66.26,1.866,0.816,1.618,4.006,-0.123,4.313
66.27,1.489,0.818,1.598,4.446,-0.124,4.335
66.28,1.738,0.819,1.623,4.119,-0.124,4.299
66.29,1.633,0.820,1.625,4.244,-0.124,4.290
66.30,1.559,0.820,1.614,4.143,-0.124,4.265
66.31,1.682,0.817,1.624,4.341,-0.124,4.278
66.32,1.691,0.818,1.636,4.014,-0.124,4.234
66.33,1.694,0.819,1.646,4.012,-0.123,4.197
66.34,1.834,0.818,1.677,4.653,-0.124,4.273
66.35,1.628,0.819,1.669,4.210,-0.125,4.262
66.36,1.455,0.820,1.634,4.031,-0.125,4.223
66.37,1.411,0.818,1.595,4.146,-0.124,4.211
66.38,1.465,0.821,1.575,4.151,-0.125,4.200
66.39,1.608,0.820,1.580,4.375,-0.126,4.229
66.40,1.802,0.819,1.617,4.562,-0.127,4.284
66.41,1.530,0.818,1.601,4.191,-0.127,4.268
66.42,1.582,0.819,1.598,3.967,-0.127,4.218
66.43,1.465,0.820,1.577,4.118,-0.127,4.202
66.44,1.576,0.821,1.577,3.987,-0.127,4.166
66.45,1.688,0.820,1.595,4.151,-0.126,4.164
66.46,1.457,0.821,1.572,4.349,-0.126,4.195
66.47,1.361,0.821,1.537,4.251,-0.126,4.204
66.48,1.560,0.820,1.540,4.287,-0.125,4.219
66.49,1.711,0.820,1.569,4.315,-0.125,4.235
66.50,1.502,0.821,1.558,4.098,-0.125,4.212
66.51,1.445,0.822,1.539,4.540,-0.126,4.267
66.52,1.706,0.822,1.567,4.017,-0.124,4.226
66.53,1.758,0.821,1.599,4.165,-0.124,4.216
66.54,1.367,0.823,1.561,4.031,-0.124,4.185
66.55,1.232,0.822,1.505,4.316,-0.124,4.208
66.56,1.373,0.824,1.484,3.880,-0.124,4.152
66.57,1.624,0.823,1.507,3.806,-0.124,4.094
66.58,1.485,0.823,1.503,4.094,-0.125,4.093
66.59,1.724,0.823,1.540,4.345,-0.125,4.135
66.60,1.685,0.823,1.564,4.326,-0.125,4.168
66.61,1.531,0.822,1.558,4.369,-0.125,4.201
66.62,1.612,0.822,1.567,4.164,-0.126,4.194
66.63,1.562,0.822,1.565,3.941,-0.126,4.152
66.64,1.174,0.823,1.500,4.262,-0.127,4.170
66.65,1.764,0.821,1.544,4.047,-0.126,4.149
66.66,1.640,0.820,1.559,4.337,-0.125,4.182
66.67,1.533,0.820,1.554,4.015,-0.126,4.153
66.68,1.590,0.818,1.558,4.082,-0.124,4.143
66.70,1.649,0.818,1.574,4.046,-0.125,4.126
66.70,1.620,0.818,1.581,4.300,-0.125,4.155
66.71,1.697,0.817,1.599,4.139,-0.127,4.151
66.73,1.650,0.816,1.608,4.134,-0.125,4.149
66.74,1.544,0.816,1.596,4.186,-0.125,4.155
66.74,1.716,0.816,1.617,4.412,-0.125,4.198
66.75,1.448,0.818,1.590,4.330,-0.125,4.221
66.77,1.791,0.817,1.623,4.295,-0.127,4.232
66.78,1.654,0.817,1.628,3.987,-0.128,4.190
66.79,1.747,0.817,1.648,4.341,-0.128,4.215
66.79,1.659,0.819,1.652,4.284,-0.129,4.226
66.81,1.629,0.818,1.647,4.286,-0.130,4.236
66.82,1.808,0.820,1.675,4.118,-0.129,4.216
66.83,1.621,0.821,1.667,4.060,-0.129,4.190
66.84,1.482,0.822,1.636,4.067,-0.129,4.169
66.85,1.492,0.822,1.612,4.229,-0.128,4.180
66.86,1.398,0.822,1.575,4.050,-0.128,4.158
66.87,1.704,0.822,1.598,4.045,-0.127,4.140
66.88,1.592,0.822,1.596,4.205,-0.129,4.150
66.89,1.422,0.822,1.567,3.877,-0.130,4.103
66.90,1.638,0.821,1.578,4.370,-0.129,4.148
66.91,1.708,0.823,1.601,3.970,-0.130,4.118
66.92,1.519,0.822,1.587,4.181,-0.129,4.129
66.93,1.607,0.820,1.589,4.170,-0.130,4.135
66.94,1.700,0.821,1.607,4.205,-0.129,4.147
66.95,1.249,0.821,1.547,4.198,-0.127,4.157
66.96,1.647,0.821,1.564,4.185,-0.127,4.162
66.97,1.313,0.823,1.524,4.498,-0.128,4.218
66.98,1.643,0.823,1.543,4.142,-0.129,4.204
66.99,1.562,0.824,1.547,4.209,-0.129,4.205
67.00,1.562,0.824,1.550,3.992,-0.129,4.170
67.01,1.435,0.824,1.530,4.128,-0.128,4.163
67.02,1.490,0.824,1.523,3.974,-0.130,4.130
67.03,1.575,0.824,1.531,4.192,-0.129,4.141
67.04,1.626,0.823,1.547,4.265,-0.129,4.162
67.05,1.369,0.824,1.517,4.220,-0.129,4.172
67.06,2.006,0.826,1.601,4.563,-0.129,4.238
67.07,1.576,0.828,1.598,4.229,-0.130,4.235
67.08,1.659,0.829,1.609,4.452,-0.129,4.272
67.09,1.737,0.829,1.631,3.967,-0.130,4.221
67.10,1.564,0.829,1.620,4.041,-0.129,4.191
67.11,1.581,0.828,1.612,4.303,-0.130,4.210
67.12,1.646,0.826,1.616,4.001,-0.129,4.175
67.13,1.782,0.826,1.644,4.308,-0.130,4.197
67.14,1.508,0.826,1.621,4.201,-0.130,4.197
67.15,1.526,0.827,1.606,4.239,-0.130,4.204
67.16,1.488,0.827,1.586,4.195,-0.131,4.202
67.17,1.492,0.828,1.571,4.280,-0.132,4.215
67.18,1.806,0.828,1.610,4.039,-0.132,4.185
67.19,1.821,0.828,1.646,4.242,-0.133,4.194
67.20,1.719,0.829,1.659,4.048,-0.132,4.170
67.21,1.497,0.830,1.632,4.118,-0.132,4.161
67.22,1.512,0.829,1.611,4.112,-0.133,4.152
67.23,1.752,0.828,1.634,4.329,-0.133,4.181
67.24,1.560,0.826,1.620,4.320,-0.132,4.206
67.25,1.570,0.825,1.611,4.190,-0.132,4.203
67.26,1.344,0.828,1.568,4.002,-0.132,4.170
67.27,1.561,0.829,1.568,4.142,-0.132,4.165
67.28,1.508,0.831,1.560,3.956,-0.132,4.130
67.29,1.527,0.831,1.554,4.001,-0.131,4.109
67.30,1.593,0.831,1.560,4.473,-0.130,4.171
67.31,1.746,0.830,1.590,4.184,-0.128,4.175
67.32,1.510,0.831,1.577,4.354,-0.128,4.205
67.33,1.577,0.829,1.576,3.894,-0.128,4.152
67.34,1.397,0.831,1.547,4.069,-0.128,4.139
67.35,1.578,0.831,1.552,4.334,-0.127,4.173
67.36,1.573,0.830,1.555,4.439,-0.127,4.218
67.37,1.610,0.832,1.565,4.438,-0.128,4.254
67.38,1.457,0.832,1.547,3.918,-0.127,4.199
67.39,1.605,0.831,1.556,3.928,-0.127,4.153
67.40,1.790,0.830,1.594,4.209,-0.126,4.163
67.41,1.297,0.830,1.544,4.261,-0.126,4.180
67.42,1.716,0.828,1.571,4.402,-0.125,4.217
67.43,1.615,0.828,1.578,4.118,-0.125,4.202
67.44,1.568,0.826,1.575,4.270,-0.123,4.214
67.45,1.914,0.826,1.632,4.423,-0.123,4.249
67.46,1.811,0.827,1.663,3.822,-0.123,4.178
67.47,1.511,0.827,1.638,4.225,-0.123,4.186
67.48,1.747,0.828,1.656,4.101,-0.123,4.172
67.49,1.538,0.827,1.636,4.624,-0.122,4.248
67.50,1.710,0.826,1.648,4.134,-0.124,4.228
67.51,1.802,0.827,1.674,4.306,-0.124,4.241
67.52,1.754,0.827,1.688,4.080,-0.123,4.214
67.53,1.581,0.828,1.671,3.869,-0.123,4.156
67.54,1.818,0.828,1.695,4.031,-0.124,4.135
67.55,1.391,0.829,1.645,4.306,-0.124,4.163
67.56,1.920,0.828,1.690,4.101,-0.124,4.153
67.57,1.817,0.827,1.711,4.164,-0.123,4.156
67.58,1.640,0.828,1.700,4.095,-0.123,4.145
67.59,1.606,0.826,1.682,4.327,-0.124,4.175
67.60,1.976,0.828,1.733,4.087,-0.124,4.160
67.61,1.605,0.828,1.712,3.976,-0.126,4.128
67.62,1.604,0.828,1.694,4.420,-0.124,4.178
67.63,1.678,0.829,1.692,4.245,-0.123,4.190
67.64,1.733,0.827,1.698,4.079,-0.122,4.173
67.65,1.516,0.828,1.668,3.951,-0.123,4.135
67.66,1.888,0.827,1.704,4.611,-0.123,4.214
67.67,1.618,0.828,1.690,4.007,-0.123,4.179
67.68,1.652,0.830,1.685,4.416,-0.124,4.219
67.69,1.604,0.830,1.672,4.143,-0.125,4.206
67.70,1.339,0.830,1.615,4.319,-0.124,4.226
67.71,1.295,0.830,1.561,4.184,-0.126,4.217
67.72,1.524,0.830,1.555,4.628,-0.125,4.287
67.73,1.581,0.830,1.559,4.111,-0.124,4.259
67.74,1.660,0.831,1.577,4.108,-0.124,4.234
67.75,1.462,0.830,1.557,4.424,-0.124,4.265
67.76,1.151,0.832,1.490,4.414,-0.124,4.290
67.77,1.663,0.833,1.520,4.116,-0.124,4.262
67.78,1.453,0.834,1.509,4.296,-0.124,4.267
67.79,1.799,0.832,1.556,4.240,-0.124,4.263
67.80,1.693,0.831,1.578,4.310,-0.125,4.271
67.81,1.650,0.831,1.590,4.061,-0.126,4.235
67.82,1.533,0.830,1.580,4.309,-0.125,4.248
67.83,1.490,0.829,1.564,4.259,-0.124,4.251
67.84,1.485,0.829,1.550,4.181,-0.123,4.240
67.85,1.488,0.829,1.539,4.221,-0.122,4.237
67.86,1.687,0.829,1.564,4.041,-0.124,4.203
67.87,1.630,0.829,1.576,4.239,-0.124,4.209
67.88,1.759,0.830,1.607,4.286,-0.125,4.221
67.89,1.612,0.833,1.610,4.063,-0.125,4.195
67.90,1.567,0.833,1.603,4.357,-0.125,4.222
67.91,1.542,0.832,1.592,4.367,-0.125,4.246
67.92,1.551,0.832,1.585,4.037,-0.125,4.211
67.93,1.467,0.831,1.564,4.481,-0.126,4.256
67.94,1.553,0.831,1.562,4.245,-0.128,4.253
67.95,1.719,0.831,1.588,4.107,-0.127,4.229
67.96,1.642,0.831,1.597,3.788,-0.129,4.153
67.97,1.390,0.832,1.563,3.798,-0.127,4.095
67.98,1.873,0.836,1.619,4.216,-0.127,4.116
67.99,1.779,0.836,1.645,4.072,-0.127,4.108
68.00,1.763,0.836,1.665,4.119,-0.129,4.108
68.01,1.647,0.837,1.663,4.017,-0.129,4.092
68.02,1.573,0.835,1.646,4.138,-0.128,4.101
68.03,1.446,0.834,1.612,4.226,-0.129,4.121
68.04,1.817,0.835,1.647,4.163,-0.129,4.128
68.05,1.843,0.835,1.680,4.043,-0.129,4.114
68.06,1.692,0.834,1.681,4.390,-0.129,4.160
68.07,1.353,0.834,1.626,4.305,-0.130,4.184
68.08,1.519,0.833,1.607,4.420,-0.129,4.224
68.09,1.633,0.833,1.612,4.092,-0.129,4.202
68.10,1.603,0.835,1.612,4.175,-0.129,4.197
68.11,1.664,0.836,1.622,4.249,-0.129,4.206
68.12,1.612,0.837,1.621,4.280,-0.129,4.219
68.13,1.513,0.838,1.603,4.255,-0.129,4.225
68.14,1.507,0.838,1.587,3.820,-0.129,4.157
68.15,1.548,0.837,1.579,4.340,-0.128,4.188
68.16,1.694,0.837,1.598,4.287,-0.129,4.204
68.17,1.379,0.835,1.560,4.295,-0.130,4.219
68.18,1.701,0.836,1.584,4.292,-0.130,4.231
68.19,1.625,0.838,1.593,3.975,-0.131,4.187
68.21,1.792,0.839,1.627,4.357,-0.132,4.215
68.22,1.508,0.839,1.607,4.502,-0.134,4.262
68.23,1.535,0.838,1.594,4.106,-0.135,4.235
68.24,1.865,0.838,1.640,4.361,-0.137,4.255
68.25,1.336,0.839,1.589,4.431,-0.138,4.284
68.26,1.783,0.839,1.622,4.151,-0.138,4.261
68.27,1.732,0.840,1.641,4.088,-0.140,4.231
68.28,1.421,0.837,1.602,3.998,-0.139,4.192
68.29,1.656,0.839,1.612,4.291,-0.140,4.208
68.30,1.482,0.839,1.590,4.145,-0.141,4.197
68.31,1.664,0.840,1.604,4.264,-0.141,4.209
68.32,1.563,0.842,1.598,4.218,-0.140,4.211
68.32,1.532,0.843,1.588,4.265,-0.140,4.220
68.34,1.600,0.845,1.591,4.202,-0.140,4.217
68.35,1.540,0.843,1.581,4.083,-0.141,4.194
68.36,1.826,0.844,1.623,4.152,-0.141,4.187
68.37,1.858,0.845,1.664,4.034,-0.141,4.161
68.38,1.715,0.844,1.672,4.277,-0.141,4.180
68.39,1.456,0.846,1.637,4.250,-0.141,4.193
68.40,1.828,0.847,1.670,4.432,-0.140,4.233
68.41,1.590,0.849,1.658,4.133,-0.141,4.216
68.42,1.476,0.849,1.627,4.213,-0.140,4.216
68.43,1.544,0.848,1.613,4.380,-0.140,4.244
68.44,1.669,0.846,1.621,4.420,-0.139,4.274
68.45,1.398,0.845,1.582,4.139,-0.140,4.251
68.46,1.542,0.846,1.576,4.364,-0.140,4.270
68.47,1.861,0.844,1.622,4.318,-0.141,4.278
68.48,1.694,0.842,1.633,4.155,-0.142,4.257
68.49,1.784,0.842,1.658,3.851,-0.142,4.188
68.50,1.462,0.841,1.624,4.098,-0.142,4.173
68.51,1.728,0.840,1.641,4.079,-0.141,4.158
68.52,1.458,0.838,1.608,4.139,-0.142,4.155
68.53,1.628,0.837,1.610,4.185,-0.143,4.159
68.54,1.724,0.837,1.630,4.345,-0.142,4.191
68.55,1.744,0.836,1.648,4.240,-0.141,4.200
68.56,1.766,0.835,1.667,4.229,-0.141,4.205
68.57,1.518,0.836,1.643,4.101,-0.141,4.188
68.58,1.509,0.837,1.621,4.007,-0.141,4.157
68.59,1.557,0.835,1.608,4.302,-0.141,4.182
68.60,1.428,0.835,1.578,4.495,-0.141,4.234
68.61,1.774,0.833,1.610,4.239,-0.143,4.234
68.62,1.290,0.832,1.555,3.822,-0.142,4.165
68.63,1.610,0.833,1.565,4.060,-0.143,4.147
68.64,1.657,0.833,1.580,4.221,-0.143,4.159
68.65,1.555,0.833,1.576,4.227,-0.143,4.171
68.66,1.439,0.833,1.553,4.099,-0.143,4.158
68.67,1.439,0.836,1.536,4.241,-0.143,4.172
68.68,1.533,0.837,1.536,4.325,-0.143,4.198
68.69,1.396,0.836,1.512,4.280,-0.144,4.212
68.70,1.710,0.838,1.546,4.289,-0.144,4.224
68.71,1.443,0.840,1.531,4.143,-0.144,4.211
68.72,1.627,0.843,1.549,4.039,-0.143,4.182
68.73,1.454,0.842,1.532,4.201,-0.143,4.185
68.74,1.558,0.841,1.535,4.441,-0.144,4.228
68.75,1.558,0.842,1.540,3.943,-0.145,4.179
68.76,1.537,0.844,1.541,4.209,-0.145,4.184
68.77,1.465,0.844,1.528,4.273,-0.143,4.201
68.78,1.498,0.841,1.521,3.994,-0.143,4.166
68.79,1.551,0.840,1.525,4.012,-0.143,4.140
68.80,1.466,0.842,1.516,4.386,-0.143,4.182
68.81,1.660,0.842,1.540,4.179,-0.143,4.181
68.82,1.427,0.843,1.522,4.211,-0.145,4.185
68.83,1.545,0.842,1.524,4.011,-0.144,4.156
68.84,1.621,0.841,1.540,4.169,-0.144,4.158
68.85,1.543,0.842,1.541,4.354,-0.144,4.191
68.86,1.606,0.840,1.550,3.991,-0.144,4.158
68.87,1.549,0.840,1.549,4.190,-0.145,4.162
68.88,1.479,0.838,1.536,3.979,-0.145,4.131
68.89,1.514,0.838,1.532,4.390,-0.146,4.174
68.90,1.584,0.837,1.540,4.469,-0.146,4.224
68.91,1.697,0.839,1.567,4.308,-0.146,4.238
68.92,1.688,0.838,1.587,4.162,-0.146,4.226
68.93,1.455,0.837,1.564,4.006,-0.146,4.189
68.94,1.432,0.838,1.542,4.240,-0.146,4.197
68.95,1.641,0.837,1.558,4.170,-0.146,4.193
68.96,1.780,0.838,1.596,4.036,-0.146,4.166
68.97,1.587,0.839,1.595,4.134,-0.146,4.161
68.98,1.493,0.838,1.577,4.192,-0.146,4.166
68.99,1.365,0.838,1.542,3.873,-0.146,4.117
69.00,1.890,0.839,1.600,4.223,-0.147,4.134
69.01,1.590,0.838,1.598,4.044,-0.147,4.119
69.02,1.437,0.837,1.570,4.319,-0.148,4.152
69.03,1.552,0.837,1.567,4.060,-0.148,4.136
69.04,1.924,0.836,1.626,4.229,-0.148,4.152
69.05,1.245,0.835,1.561,4.168,-0.148,4.154
69.06,1.679,0.836,1.582,3.973,-0.149,4.123
69.07,1.860,0.836,1.628,4.291,-0.149,4.151
69.08,1.231,0.838,1.563,4.315,-0.150,4.178
69.09,1.868,0.838,1.615,3.851,-0.148,4.124
69.10,1.722,0.840,1.634,4.333,-0.148,4.159
69.11,1.339,0.839,1.583,4.203,-0.147,4.168
69.12,1.442,0.839,1.560,4.115,-0.148,4.158
69.13,1.536,0.837,1.554,4.250,-0.149,4.173
69.14,1.817,0.837,1.598,4.391,-0.150,4.209
69.15,1.460,0.836,1.574,4.228,-0.150,4.212
69.16,1.228,0.837,1.517,4.136,-0.149,4.200
69.17,1.646,0.836,1.538,3.881,-0.149,4.147
69.18,1.597,0.836,1.547,4.076,-0.149,4.135
69.19,1.408,0.834,1.522,3.958,-0.150,4.104
69.20,1.482,0.834,1.515,4.273,-0.152,4.131
69.21,1.531,0.834,1.517,4.203,-0.152,4.143
69.22,1.514,0.834,1.517,4.175,-0.152,4.149
69.23,1.785,0.833,1.561,4.114,-0.151,4.143
69.24,1.653,0.833,1.576,4.225,-0.152,4.157
69.25,1.479,0.832,1.559,4.223,-0.153,4.167
69.26,1.794,0.832,1.599,4.022,-0.154,4.142
69.27,1.321,0.831,1.551,3.864,-0.153,4.095
69.28,1.575,0.830,1.554,4.276,-0.154,4.125
69.29,1.451,0.827,1.535,4.237,-0.152,4.146
69.30,1.393,0.827,1.511,4.188,-0.154,4.151
69.31,1.539,0.827,1.515,4.040,-0.154,4.132
69.32,1.542,0.827,1.519,4.181,-0.155,4.140
69.33,1.498,0.826,1.514,4.123,-0.156,4.136
69.34,1.470,0.826,1.507,4.288,-0.158,4.160
69.35,1.542,0.827,1.514,4.284,-0.156,4.182
69.36,1.702,0.831,1.548,4.243,-0.158,4.191
69.37,1.705,0.833,1.576,4.275,-0.159,4.204
69.38,1.437,0.835,1.554,4.246,-0.160,4.211
69.39,1.730,0.836,1.585,4.277,-0.160,4.222
69.40,1.672,0.835,1.599,4.136,-0.160,4.208
69.41,1.537,0.836,1.589,4.151,-0.161,4.197
69.42,1.635,0.836,1.597,4.115,-0.161,4.183
69.43,1.671,0.835,1.608,4.228,-0.162,4.191
69.44,1.498,0.833,1.589,3.811,-0.162,4.126
69.45,1.528,0.834,1.579,3.928,-0.163,4.092
69.46,1.663,0.834,1.593,4.117,-0.163,4.096
69.47,1.896,0.836,1.645,4.234,-0.164,4.118
69.48,1.679,0.835,1.651,4.346,-0.164,4.156
69.49,1.774,0.835,1.671,4.274,-0.163,4.178
69.50,1.440,0.834,1.631,3.943,-0.162,4.139
69.51,1.243,0.832,1.565,4.173,-0.163,4.144
69.52,1.655,0.832,1.580,4.147,-0.164,4.144
69.53,1.515,0.831,1.568,4.151,-0.163,4.145
69.54,1.450,0.830,1.547,4.119,-0.163,4.141
69.55,1.472,0.829,1.534,4.070,-0.163,4.129
69.56,1.676,0.830,1.558,4.278,-0.163,4.154
69.57,1.720,0.830,1.585,4.374,-0.162,4.192
69.58,1.820,0.830,1.624,4.521,-0.161,4.248
69.59,1.811,0.828,1.654,4.198,-0.160,4.241
69.60,1.697,0.829,1.662,4.283,-0.160,4.248
69.61,1.511,0.829,1.637,4.147,-0.159,4.231
69.62,1.651,0.829,1.639,3.918,-0.160,4.178
69.63,1.670,0.831,1.646,4.287,-0.161,4.196
69.64,1.599,0.831,1.639,4.371,-0.161,4.225
69.65,1.542,0.832,1.623,4.039,-0.162,4.193
69.66,1.732,0.832,1.641,4.077,-0.161,4.174
69.67,1.701,0.832,1.651,4.088,-0.161,4.161
69.68,1.670,0.833,1.655,3.999,-0.160,4.134
69.69,1.644,0.834,1.654,3.924,-0.160,4.099
69.70,1.320,0.833,1.597,4.104,-0.160,4.100
69.71,1.307,0.833,1.548,4.259,-0.159,4.127
69.73,1.639,0.834,1.564,4.082,-0.159,4.120
69.74,1.619,0.836,1.575,4.103,-0.160,4.116
69.75,1.710,0.837,1.599,4.398,-0.161,4.163
69.76,1.891,0.837,1.648,4.104,-0.161,4.153
69.77,1.637,0.837,1.646,4.368,-0.162,4.189
69.78,1.667,0.837,1.649,3.908,-0.162,4.141
69.79,1.514,0.835,1.625,4.459,-0.161,4.196
69.80,1.707,0.834,1.638,4.126,-0.160,4.184
69.81,1.426,0.834,1.602,3.939,-0.160,4.144
69.82,1.402,0.834,1.569,4.213,-0.158,4.157
69.83,1.784,0.835,1.606,4.018,-0.156,4.135
69.84,1.572,0.837,1.601,4.356,-0.157,4.171
69.85,1.488,0.837,1.582,4.412,-0.157,4.212
69.86,1.542,0.836,1.575,3.945,-0.158,4.166
69.87,1.689,0.835,1.593,4.272,-0.159,4.183
69.88,1.627,0.836,1.599,4.114,-0.161,4.170
69.89,1.533,0.834,1.587,4.160,-0.162,4.168
69.90,1.710,0.834,1.608,4.050,-0.162,4.148
69.91,1.687,0.833,1.620,4.344,-0.162,4.181
69.92,1.490,0.832,1.597,4.083,-0.162,4.165
69.93,1.639,0.831,1.603,4.150,-0.162,4.162
69.94,1.625,0.830,1.606,4.069,-0.163,4.145
69.95,1.715,0.831,1.625,4.087,-0.163,4.136
69.96,1.625,0.832,1.626,3.999,-0.163,4.113
69.97,1.550,0.832,1.613,4.277,-0.161,4.142
69.98,1.797,0.833,1.645,4.552,-0.161,4.211
69.99,1.504,0.836,1.623,4.223,-0.161,4.214
70.00,1.685,0.837,1.635,4.361,-0.160,4.239
70.01,1.737,0.839,1.654,4.101,-0.160,4.216
70.02,1.404,0.839,1.612,3.982,-0.160,4.177
70.03,1.612,0.841,1.613,4.145,-0.160,4.171
70.04,1.585,0.844,1.611,4.045,-0.161,4.149
70.05,1.429,0.844,1.580,4.303,-0.161,4.176
70.06,1.615,0.845,1.587,4.251,-0.160,4.189
70.07,1.754,0.844,1.614,3.998,-0.159,4.158
70.08,1.532,0.845,1.601,4.547,-0.159,4.223
70.09,1.563,0.846,1.596,4.114,-0.158,4.206
70.10,1.674,0.846,1.609,4.202,-0.157,4.206
70.11,1.470,0.848,1.587,3.997,-0.156,4.172
70.12,1.541,0.847,1.578,4.221,-0.157,4.179
70.13,1.573,0.849,1.579,3.846,-0.158,4.122
70.14,1.572,0.849,1.578,4.052,-0.158,4.111
70.15,1.568,0.849,1.576,4.284,-0.158,4.140
70.16,1.805,0.848,1.614,3.991,-0.158,4.115
70.17,1.547,0.848,1.603,4.162,-0.158,4.122
70.18,1.397,0.849,1.568,4.446,-0.157,4.178
70.19,1.681,0.849,1.587,4.512,-0.159,4.233
70.20,1.456,0.848,1.564,4.059,-0.158,4.204
70.21,1.705,0.849,1.589,4.449,-0.158,4.246
70.22,1.121,0.850,1.511,4.144,-0.158,4.228
70.23,1.636,0.851,1.532,4.172,-0.159,4.219
70.24,1.617,0.850,1.546,4.198,-0.158,4.216
70.25,1.407,0.851,1.522,4.229,-0.157,4.219
70.26,1.543,0.849,1.524,4.367,-0.158,4.243
70.27,1.661,0.847,1.546,3.894,-0.158,4.184
70.28,1.463,0.847,1.531,4.138,-0.157,4.177
70.29,1.654,0.848,1.553,4.046,-0.158,4.155
70.30,1.512,0.849,1.547,3.915,-0.157,4.115
70.31,1.841,0.849,1.596,4.280,-0.158,4.142
70.32,1.680,0.850,1.611,4.435,-0.157,4.192
70.33,1.379,0.850,1.571,4.220,-0.158,4.196
70.34,1.550,0.849,1.567,4.322,-0.159,4.217
70.35,1.584,0.849,1.570,4.006,-0.159,4.181
70.36,1.372,0.849,1.537,4.256,-0.160,4.193
70.37,1.841,0.850,1.588,3.858,-0.159,4.138
70.38,1.688,0.850,1.605,4.430,-0.159,4.187
70.39,1.717,0.850,1.624,4.256,-0.158,4.199
70.40,1.565,0.849,1.613,4.250,-0.160,4.206
70.41,1.585,0.851,1.610,4.011,-0.161,4.172
70.42,1.912,0.851,1.662,4.023,-0.161,4.147
70.43,1.607,0.850,1.652,4.242,-0.161,4.163
70.44,1.507,0.849,1.626,4.121,-0.160,4.157
70.45,1.757,0.849,1.648,4.222,-0.161,4.167
70.46,1.493,0.849,1.622,4.391,-0.161,4.205
70.47,1.592,0.847,1.615,4.510,-0.161,4.257
70.48,1.660,0.847,1.623,4.396,-0.161,4.280
70.49,1.462,0.846,1.594,4.183,-0.162,4.263
70.50,1.342,0.844,1.551,4.188,-0.161,4.252
70.51,1.491,0.845,1.541,4.303,-0.159,4.262
70.52,1.448,0.846,1.526,4.147,-0.157,4.244
70.53,1.633,0.846,1.544,4.155,-0.159,4.228
70.54,1.690,0.848,1.570,4.365,-0.160,4.250
70.55,1.571,0.847,1.570,4.192,-0.159,4.242
70.56,1.612,0.846,1.575,4.248,-0.159,4.243
70.57,1.650,0.845,1.587,4.346,-0.159,4.260
70.58,1.691,0.845,1.604,4.063,-0.159,4.227
70.59,1.651,0.845,1.612,4.241,-0.157,4.231
70.60,1.573,0.844,1.605,4.137,-0.157,4.216
70.61,1.583,0.843,1.600,4.323,-0.158,4.233
70.62,1.695,0.844,1.617,4.134,-0.157,4.217
70.63,1.370,0.843,1.575,4.328,-0.157,4.236
70.64,1.571,0.844,1.575,4.293,-0.158,4.245
70.65,1.540,0.844,1.569,4.023,-0.157,4.209
70.66,1.614,0.844,1.576,4.168,-0.156,4.202
70.67,1.542,0.845,1.571,4.173,-0.157,4.197
70.68,1.452,0.845,1.551,4.040,-0.158,4.170
70.69,2.106,0.845,1.644,4.623,-0.159,4.245
70.70,1.479,0.842,1.614,4.162,-0.159,4.231
70.71,1.510,0.842,1.596,4.205,-0.160,4.227
70.72,1.621,0.842,1.601,4.276,-0.159,4.235
70.73,1.411,0.841,1.568,4.207,-0.160,4.230
70.74,1.584,0.840,1.570,3.983,-0.159,4.189
70.75,1.907,0.840,1.627,4.370,-0.159,4.219
70.76,1.736,0.838,1.644,3.943,-0.160,4.172
70.77,1.963,0.837,1.697,4.357,-0.161,4.203
70.78,1.369,0.837,1.641,4.229,-0.161,4.207
70.79,1.698,0.835,1.649,4.175,-0.161,4.201
70.80,1.859,0.835,1.685,4.197,-0.162,4.200
70.81,1.743,0.837,1.696,3.969,-0.163,4.161
70.82,1.426,0.837,1.651,4.052,-0.163,4.142
70.83,1.763,0.839,1.672,4.321,-0.163,4.172
70.84,1.380,0.840,1.623,4.238,-0.161,4.185
70.85,1.694,0.839,1.635,4.547,-0.162,4.245
70.86,1.735,0.840,1.652,4.027,-0.162,4.209
70.87,1.716,0.840,1.663,4.257,-0.162,4.216
70.88,1.855,0.841,1.696,4.229,-0.162,4.219
70.89,1.788,0.840,1.711,4.063,-0.161,4.193
70.90,1.806,0.840,1.727,4.231,-0.162,4.200
70.91,1.613,0.837,1.705,4.148,-0.161,4.191
70.92,1.661,0.837,1.698,4.290,-0.162,4.208
70.93,1.737,0.835,1.703,4.066,-0.162,4.183
70.94,1.506,0.835,1.670,3.891,-0.162,4.134
70.95,1.722,0.834,1.678,4.427,-0.164,4.182
70.96,1.857,0.833,1.708,4.176,-0.164,4.181
70.97,1.559,0.832,1.682,3.899,-0.163,4.135
70.98,1.728,0.832,1.690,4.034,-0.160,4.119
70.99,1.685,0.832,1.689,4.194,-0.160,4.132
71.00,1.571,0.834,1.670,4.667,-0.159,4.223
71.01,1.551,0.833,1.649,4.316,-0.159,4.239
71.02,1.573,0.833,1.637,4.138,-0.158,4.223
71.03,1.625,0.834,1.636,4.049,-0.158,4.194
71.04,1.661,0.834,1.640,4.266,-0.158,4.206
71.05,1.465,0.834,1.611,4.225,-0.157,4.210
71.06,1.552,0.832,1.600,4.285,-0.158,4.222
71.07,1.303,0.832,1.550,4.172,-0.159,4.212
71.08,1.637,0.831,1.563,3.954,-0.160,4.169
71.09,1.656,0.830,1.577,3.966,-0.161,4.134
71.10,1.475,0.832,1.562,4.264,-0.161,4.156
71.11,1.452,0.832,1.543,4.368,-0.160,4.192
71.12,1.623,0.834,1.559,4.332,-0.163,4.213
71.13,1.510,0.834,1.550,3.970,-0.163,4.172
71.14,1.485,0.831,1.537,4.324,-0.164,4.197
71.15,1.534,0.830,1.535,3.933,-0.163,4.154
71.17,1.412,0.829,1.514,4.280,-0.164,4.174
71.18,1.411,0.831,1.498,4.206,-0.164,4.179
71.19,1.660,0.834,1.527,4.228,-0.163,4.188
71.19,1.625,0.834,1.544,4.108,-0.163,4.175
71.20,1.693,0.836,1.570,4.117,-0.163,4.165
71.22,1.629,0.837,1.581,4.228,-0.165,4.174
71.23,1.705,0.838,1.602,3.989,-0.166,4.143
71.23,1.382,0.838,1.565,4.264,-0.164,4.165
71.24,1.532,0.838,1.559,4.098,-0.163,4.154
71.26,1.399,0.836,1.531,4.052,-0.164,4.136
71.27,1.446,0.836,1.516,3.961,-0.165,4.106
71.28,1.771,0.837,1.561,4.183,-0.164,4.120
71.29,1.592,0.836,1.565,4.182,-0.164,4.130
71.30,1.713,0.836,1.590,4.092,-0.163,4.124
71.31,1.518,0.835,1.577,4.234,-0.164,4.142
71.32,1.773,0.835,1.610,4.092,-0.164,4.133
71.33,1.544,0.835,1.599,4.296,-0.163,4.162
71.34,1.670,0.835,1.611,4.191,-0.163,4.167
71.35,1.605,0.833,1.608,4.352,-0.164,4.197
71.36,1.535,0.834,1.597,4.250,-0.164,4.206
71.37,1.274,0.833,1.541,4.400,-0.166,4.237
71.38,1.700,0.833,1.568,4.372,-0.167,4.259
71.39,1.664,0.834,1.585,4.347,-0.167,4.274
71.40,1.541,0.837,1.580,4.179,-0.169,4.257
71.41,1.840,0.838,1.625,4.629,-0.169,4.319
71.42,1.520,0.837,1.606,4.124,-0.168,4.287
71.43,1.627,0.835,1.608,4.417,-0.168,4.310
71.44,1.787,0.836,1.639,4.161,-0.168,4.285
71.45,1.781,0.835,1.663,4.221,-0.169,4.273
71.46,1.515,0.838,1.640,4.143,-0.169,4.252
71.47,1.675,0.839,1.647,4.155,-0.168,4.236
71.48,1.671,0.839,1.651,4.326,-0.168,4.252
71.49,1.574,0.837,1.636,4.217,-0.168,4.246
71.50,1.707,0.837,1.648,4.089,-0.168,4.219
71.51,1.271,0.837,1.584,4.183,-0.169,4.213
71.52,1.697,0.835,1.602,4.234,-0.168,4.217
71.53,1.446,0.835,1.576,4.203,-0.169,4.214
71.54,1.524,0.836,1.567,3.933,-0.169,4.167
71.55,1.720,0.836,1.593,4.349,-0.168,4.198
71.56,1.364,0.838,1.557,3.922,-0.169,4.151
71.57,2.212,0.838,1.667,3.802,-0.170,4.092
71.58,1.398,0.838,1.621,4.375,-0.170,4.139
71.59,1.417,0.839,1.587,4.552,-0.169,4.209
71.60,1.426,0.839,1.560,4.206,-0.168,4.210
71.61,1.619,0.839,1.571,4.094,-0.168,4.190
71.62,1.512,0.840,1.561,4.087,-0.169,4.172
71.63,1.558,0.841,1.561,4.349,-0.170,4.201
71.64,1.721,0.844,1.590,4.170,-0.170,4.196
71.65,1.391,0.844,1.557,4.559,-0.171,4.256
71.66,1.522,0.841,1.549,3.758,-0.171,4.173
71.67,1.711,0.842,1.577,3.919,-0.171,4.131
71.68,1.684,0.842,1.595,4.502,-0.171,4.192
71.69,1.638,0.843,1.602,4.079,-0.171,4.173
71.70,1.698,0.841,1.617,4.357,-0.171,4.204
71.71,1.697,0.842,1.631,4.257,-0.171,4.213
71.72,1.760,0.845,1.655,4.451,-0.170,4.254
71.73,1.639,0.846,1.654,4.045,-0.170,4.220
71.74,1.400,0.846,1.611,4.124,-0.171,4.203
71.75,1.950,0.844,1.666,3.821,-0.170,4.139
71.76,1.359,0.845,1.615,4.259,-0.170,4.159
71.77,1.774,0.845,1.642,4.264,-0.169,4.177
71.78,1.426,0.844,1.605,4.186,-0.169,4.179
71.79,1.572,0.844,1.599,4.099,-0.169,4.166
71.80,1.466,0.842,1.575,4.377,-0.171,4.200
71.81,1.376,0.841,1.541,4.275,-0.170,4.213
71.82,1.544,0.843,1.542,3.943,-0.168,4.169
71.83,1.634,0.843,1.557,4.152,-0.166,4.168
71.84,1.670,0.843,1.576,4.229,-0.166,4.178
71.85,1.671,0.842,1.592,4.377,-0.167,4.212
71.86,1.397,0.840,1.557,4.046,-0.166,4.184
71.87,1.072,0.839,1.475,4.207,-0.166,4.189
71.88,1.704,0.840,1.514,4.347,-0.166,4.215
71.89,1.379,0.841,1.492,4.130,-0.165,4.201
71.90,1.526,0.840,1.497,3.952,-0.166,4.159
71.91,1.683,0.843,1.530,4.299,-0.167,4.182
71.92,1.714,0.845,1.563,4.070,-0.166,4.163
71.93,1.607,0.847,1.571,4.197,-0.165,4.170
71.94,1.781,0.849,1.608,4.171,-0.168,4.168
71.95,1.572,0.847,1.600,4.352,-0.166,4.200
71.96,1.584,0.846,1.597,3.938,-0.167,4.155
71.97,1.632,0.847,1.604,4.223,-0.167,4.167
71.98,1.692,0.849,1.621,4.321,-0.167,4.193
71.99,1.687,0.848,1.631,4.417,-0.166,4.231
72.00,1.586,0.847,1.622,4.266,-0.167,4.237
72.01,1.546,0.847,1.610,4.451,-0.167,4.273
72.02,1.586,0.848,1.607,4.166,-0.167,4.255
72.03,1.647,0.849,1.613,4.513,-0.167,4.298
72.04,1.819,0.850,1.649,4.277,-0.168,4.294
72.05,1.622,0.850,1.644,4.281,-0.169,4.291
72.06,1.457,0.854,1.616,3.919,-0.169,4.229
72.07,1.577,0.856,1.611,4.063,-0.170,4.200
72.08,1.751,0.857,1.636,4.207,-0.171,4.201
72.09,1.529,0.858,1.618,4.130,-0.171,4.189
72.10,1.730,0.857,1.636,4.192,-0.171,4.189
72.11,1.433,0.857,1.602,4.331,-0.170,4.214
72.12,1.691,0.857,1.617,4.488,-0.170,4.260
72.13,1.480,0.857,1.594,4.082,-0.170,4.231
72.14,1.755,0.857,1.621,4.267,-0.170,4.236
72.15,1.681,0.857,1.631,4.086,-0.171,4.211
72.16,1.533,0.858,1.615,4.243,-0.171,4.216
72.17,1.719,0.858,1.633,4.201,-0.171,4.214
72.18,1.744,0.856,1.650,4.073,-0.172,4.189
72.19,1.607,0.856,1.643,3.992,-0.172,4.156
72.20,1.511,0.859,1.623,4.038,-0.172,4.136
72.21,1.539,0.860,1.610,4.163,-0.172,4.141
72.22,1.486,0.858,1.587,4.022,-0.171,4.122
72.23,1.489,0.861,1.573,3.886,-0.171,4.082
72.24,1.536,0.861,1.567,4.265,-0.171,4.112
72.25,1.436,0.862,1.546,4.252,-0.171,4.136
72.26,1.723,0.862,1.575,4.131,-0.172,4.134
72.27,1.517,0.861,1.564,4.390,-0.171,4.178
72.28,1.519,0.861,1.557,4.195,-0.171,4.181
72.29,1.605,0.861,1.565,4.447,-0.170,4.227
72.30,1.460,0.862,1.547,4.184,-0.169,4.221
72.31,1.634,0.862,1.563,4.022,-0.171,4.186
72.32,1.586,0.864,1.568,3.964,-0.171,4.147
72.33,1.647,0.866,1.583,4.320,-0.171,4.176
72.34,1.381,0.867,1.549,4.093,-0.171,4.163
72.35,1.599,0.867,1.558,4.273,-0.171,4.182
72.36,1.715,0.868,1.584,4.071,-0.171,4.163
72.37,1.793,0.868,1.620,4.057,-0.171,4.145
72.38,1.820,0.869,1.654,4.087,-0.171,4.135
72.39,1.670,0.869,1.657,3.985,-0.172,4.109
72.40,1.540,0.870,1.638,4.345,-0.172,4.149
72.41,1.659,0.872,1.643,3.847,-0.172,4.099
72.42,1.753,0.872,1.661,4.396,-0.171,4.149
72.43,1.705,0.872,1.669,4.217,-0.172,4.159
72.44,1.491,0.873,1.640,4.410,-0.172,4.201
72.45,1.513,0.874,1.619,4.103,-0.171,4.186
72.46,1.512,0.873,1.601,4.315,-0.172,4.207
72.47,1.372,0.874,1.562,4.422,-0.172,4.244
72.48,1.586,0.874,1.566,4.215,-0.172,4.239
72.49,1.485,0.875,1.553,4.221,-0.173,4.235
72.50,1.874,0.875,1.607,4.244,-0.172,4.237
72.52,1.925,0.877,1.662,4.246,-0.172,4.239
72.52,1.411,0.878,1.620,4.022,-0.173,4.201
72.53,1.604,0.878,1.618,4.263,-0.173,4.212
72.55,1.431,0.876,1.585,4.035,-0.174,4.182
72.56,1.503,0.876,1.571,4.091,-0.172,4.168
72.56,1.403,0.878,1.544,4.242,-0.172,4.180
72.57,1.424,0.877,1.523,4.353,-0.172,4.210
72.58,1.361,0.877,1.496,4.190,-0.170,4.208
72.60,1.617,0.879,1.518,4.102,-0.169,4.191
72.60,1.265,0.880,1.476,4.345,-0.170,4.217
72.61,1.676,0.878,1.507,4.330,-0.171,4.235
72.63,1.610,0.879,1.525,4.131,-0.171,4.218
72.64,1.716,0.879,1.557,4.428,-0.171,4.253
72.64,1.349,0.880,1.523,4.344,-0.172,4.267
72.65,1.749,0.882,1.562,4.166,-0.172,4.250
72.67,1.552,0.883,1.561,4.058,-0.173,4.217
72.68,1.706,0.884,1.586,4.229,-0.172,4.221
72.69,1.533,0.884,1.577,4.428,-0.171,4.256
72.69,1.395,0.885,1.548,4.307,-0.170,4.266
72.71,1.631,0.885,1.561,4.242,-0.170,4.262
72.72,1.517,0.885,1.553,4.173,-0.171,4.247
72.73,1.647,0.886,1.570,4.658,-0.171,4.316
72.73,1.540,0.887,1.565,4.287,-0.171,4.311
72.74,1.668,0.887,1.582,4.197,-0.170,4.293
72.76,1.657,0.885,1.594,3.777,-0.169,4.207
72.77,1.408,0.886,1.563,3.941,-0.170,4.162
72.77,1.734,0.887,1.593,3.999,-0.169,4.135
72.79,1.812,0.886,1.628,3.939,-0.170,4.102
72.80,1.516,0.885,1.609,4.111,-0.170,4.103
72.81,1.585,0.885,1.604,3.878,-0.170,4.065
72.82,1.809,0.885,1.640,4.262,-0.170,4.098
72.83,1.551,0.885,1.624,4.048,-0.170,4.090
72.84,1.657,0.885,1.629,4.379,-0.172,4.136
72.85,1.689,0.883,1.638,3.985,-0.173,4.110
72.86,1.377,0.882,1.593,4.234,-0.174,4.131
72.87,1.775,0.880,1.623,4.366,-0.172,4.171
72.88,1.360,0.879,1.577,4.381,-0.173,4.206
72.89,1.570,0.879,1.576,4.071,-0.173,4.183
72.90,1.655,0.878,1.588,4.057,-0.173,4.162
72.91,1.625,0.879,1.595,4.518,-0.173,4.222
72.92,1.663,0.881,1.608,4.009,-0.174,4.186
72.93,1.472,0.880,1.584,4.170,-0.175,4.182
72.94,1.445,0.880,1.561,4.189,-0.177,4.182
72.95,1.423,0.878,1.536,4.059,-0.177,4.162
72.96,1.528,0.879,1.535,4.026,-0.179,4.137
72.97,1.433,0.878,1.517,3.964,-0.179,4.108
72.98,1.487,0.880,1.513,4.404,-0.179,4.158
72.99,1.496,0.879,1.509,4.149,-0.178,4.156
73.00,1.521,0.878,1.510,4.098,-0.179,4.146
73.01,1.638,0.878,1.531,3.812,-0.180,4.089
73.02,1.701,0.880,1.562,4.171,-0.180,4.103
73.03,1.470,0.882,1.547,4.178,-0.179,4.116
73.04,1.578,0.881,1.552,4.102,-0.179,4.114
73.05,1.725,0.881,1.581,4.629,-0.179,4.200
73.06,1.556,0.879,1.575,4.146,-0.180,4.190
73.07,1.705,0.877,1.595,3.780,-0.179,4.122
73.08,1.984,0.875,1.659,4.399,-0.180,4.168
73.09,1.695,0.875,1.665,4.059,-0.179,4.151
73.10,1.695,0.877,1.672,4.422,-0.178,4.197
73.11,1.711,0.878,1.679,4.098,-0.179,4.179
73.12,1.623,0.878,1.669,4.064,-0.179,4.160
73.13,1.365,0.880,1.620,3.941,-0.181,4.122
73.14,1.418,0.879,1.585,4.435,-0.181,4.174
73.15,1.734,0.881,1.612,3.916,-0.181,4.131
73.16,1.494,0.880,1.591,4.017,-0.180,4.112
73.17,1.690,0.882,1.610,4.510,-0.179,4.180
73.18,1.730,0.882,1.629,4.241,-0.179,4.190
73.19,1.458,0.883,1.601,4.293,-0.180,4.207
73.20,1.434,0.883,1.573,4.296,-0.180,4.222
73.21,1.705,0.884,1.596,4.374,-0.181,4.247
73.22,1.657,0.884,1.606,4.403,-0.181,4.273
73.23,1.535,0.884,1.594,4.145,-0.181,4.252
73.24,1.632,0.884,1.601,4.113,-0.182,4.228
73.25,1.809,0.884,1.635,4.179,-0.182,4.220
73.26,1.658,0.883,1.638,4.257,-0.182,4.226
73.27,1.851,0.882,1.673,4.092,-0.181,4.204
73.28,1.590,0.883,1.660,4.309,-0.181,4.222
73.29,1.416,0.882,1.619,3.957,-0.181,4.177
73.30,1.529,0.882,1.604,4.273,-0.180,4.194
73.31,1.569,0.884,1.599,4.176,-0.181,4.191
73.32,1.479,0.883,1.578,4.170,-0.181,4.188
73.33,1.618,0.882,1.584,4.401,-0.179,4.226
73.34,1.630,0.883,1.592,4.628,-0.179,4.294
73.35,1.826,0.885,1.633,3.900,-0.179,4.228
73.36,1.490,0.886,1.610,4.438,-0.178,4.264
73.37,1.455,0.887,1.585,4.249,-0.178,4.262
73.38,1.707,0.886,1.604,4.270,-0.177,4.264
73.39,1.582,0.885,1.600,4.385,-0.177,4.285
73.40,1.679,0.886,1.614,3.973,-0.176,4.233
73.41,1.669,0.887,1.624,4.031,-0.176,4.199
73.42,1.543,0.887,1.610,4.040,-0.176,4.172
73.43,1.135,0.887,1.530,4.097,-0.176,4.160
73.44,1.742,0.888,1.566,4.211,-0.176,4.168
73.45,1.806,0.888,1.607,4.079,-0.175,4.155
73.46,1.532,0.888,1.594,4.156,-0.174,4.155
73.47,1.526,0.888,1.583,4.164,-0.173,4.157
73.48,1.572,0.889,1.581,3.977,-0.174,4.127
73.49,1.573,0.887,1.578,4.054,-0.174,4.114
73.50,1.599,0.888,1.583,4.116,-0.174,4.115
73.51,1.775,0.888,1.615,4.217,-0.174,4.132
73.52,1.831,0.888,1.651,4.537,-0.174,4.200
73.53,1.494,0.889,1.625,4.042,-0.174,4.174
73.54,1.542,0.889,1.612,4.240,-0.172,4.187
73.55,1.662,0.890,1.621,4.041,-0.171,4.163
73.56,1.331,0.888,1.571,4.038,-0.173,4.141
73.57,1.678,0.889,1.589,3.923,-0.175,4.102
73.58,1.531,0.891,1.581,4.306,-0.175,4.136
73.59,1.555,0.892,1.577,4.173,-0.175,4.142
73.60,1.638,0.891,1.587,4.320,-0.175,4.172
73.61,1.764,0.890,1.616,4.164,-0.174,4.172
73.62,1.763,0.891,1.641,4.337,-0.174,4.200
73.63,1.559,0.890,1.626,4.018,-0.172,4.170
73.64,1.645,0.888,1.628,4.358,-0.172,4.202
73.65,1.422,0.889,1.594,4.116,-0.172,4.187
73.66,1.575,0.888,1.590,4.435,-0.173,4.229
73.67,1.714,0.889,1.611,4.446,-0.175,4.264
73.68,1.649,0.891,1.620,4.083,-0.176,4.233
73.69,1.726,0.892,1.638,4.218,-0.175,4.231
73.70,1.512,0.891,1.616,3.974,-0.176,4.187
73.71,1.505,0.892,1.598,4.413,-0.177,4.225
73.72,1.556,0.894,1.593,4.196,-0.177,4.220
73.73,1.598,0.894,1.593,4.197,-0.176,4.216
73.74,1.568,0.897,1.592,4.184,-0.177,4.211
73.75,1.491,0.897,1.575,4.061,-0.178,4.185
73.76,1.997,0.896,1.645,4.029,-0.177,4.159
73.77,1.459,0.897,1.614,4.201,-0.176,4.167
73.78,1.709,0.899,1.631,4.107,-0.176,4.157
73.79,1.263,0.899,1.570,4.002,-0.177,4.130
73.80,1.586,0.899,1.572,4.000,-0.177,4.108
73.81,1.577,0.901,1.575,3.872,-0.176,4.069
73.82,1.519,0.903,1.567,4.226,-0.176,4.096
73.83,1.738,0.903,1.595,4.237,-0.176,4.119
73.84,1.706,0.902,1.613,4.170,-0.176,4.128
73.85,1.487,0.903,1.592,4.240,-0.175,4.147
73.86,1.628,0.903,1.598,4.151,-0.175,4.148
73.87,1.613,0.901,1.599,4.020,-0.174,4.127
73.88,1.578,0.901,1.596,4.211,-0.174,4.141
73.89,1.427,0.904,1.569,3.975,-0.174,4.113
73.90,1.902,0.903,1.624,4.105,-0.173,4.112
73.91,1.564,0.903,1.614,4.156,-0.174,4.119
73.92,1.486,0.904,1.594,4.521,-0.175,4.186
73.93,1.616,0.904,1.597,4.436,-0.175,4.228
73.94,1.526,0.905,1.586,4.072,-0.176,4.201
73.95,1.652,0.906,1.598,4.223,-0.176,4.205
73.96,1.680,0.907,1.612,4.148,-0.175,4.196
73.97,1.592,0.906,1.608,4.283,-0.175,4.210
73.98,1.321,0.906,1.560,4.273,-0.175,4.222
73.99,1.429,0.906,1.538,4.005,-0.175,4.185
74.00,1.529,0.905,1.535,3.922,-0.175,4.141
74.01,1.605,0.905,1.547,4.146,-0.175,4.142
74.02,1.504,0.905,1.539,4.256,-0.175,4.161
74.03,1.340,0.906,1.506,3.943,-0.175,4.124
74.05,1.595,0.904,1.519,4.165,-0.174,4.132
74.06,1.616,0.904,1.535,4.313,-0.175,4.161
74.06,1.693,0.904,1.562,4.274,-0.175,4.181
74.08,1.435,0.903,1.540,4.324,-0.174,4.206
74.09,1.712,0.904,1.569,4.343,-0.173,4.229
74.10,1.782,0.904,1.605,4.189,-0.173,4.223
74.11,1.517,0.902,1.588,4.207,-0.175,4.218
74.12,1.555,0.903,1.583,4.252,-0.175,4.224
74.13,1.327,0.903,1.540,4.472,-0.173,4.267
74.14,1.510,0.904,1.536,4.453,-0.174,4.298
74.14,1.687,0.904,1.561,4.124,-0.174,4.269
74.16,1.326,0.902,1.520,4.051,-0.175,4.232
74.17,1.758,0.903,1.561,3.741,-0.175,4.149
74.18,1.263,0.900,1.508,4.061,-0.175,4.134
74.19,1.631,0.901,1.529,4.645,-0.176,4.219
74.20,1.878,0.902,1.589,4.156,-0.176,4.208
74.21,1.420,0.901,1.559,4.139,-0.176,4.197
74.22,1.492,0.899,1.546,4.157,-0.175,4.191
74.23,1.876,0.899,1.602,3.911,-0.175,4.144
74.24,1.459,0.901,1.579,4.247,-0.175,4.161
74.25,1.711,0.903,1.602,4.063,-0.176,4.144
74.26,1.585,0.903,1.600,4.454,-0.177,4.195
74.27,1.453,0.902,1.574,3.834,-0.177,4.135
74.27,1.646,0.903,1.587,4.182,-0.177,4.142
74.29,1.474,0.902,1.567,4.518,-0.178,4.204
74.30,1.443,0.903,1.547,4.567,-0.178,4.265
74.31,1.453,0.904,1.532,3.689,-0.179,4.168
74.32,1.884,0.902,1.589,3.888,-0.180,4.121
74.33,1.432,0.904,1.564,4.175,-0.180,4.130
74.34,1.436,0.905,1.543,4.024,-0.180,4.111
74.35,1.657,0.905,1.563,4.270,-0.180,4.138
74.36,1.895,0.906,1.619,4.220,-0.181,4.151
74.37,1.576,0.905,1.611,4.349,-0.182,4.184
74.38,1.653,0.905,1.618,3.966,-0.181,4.148
74.39,1.702,0.907,1.634,3.959,-0.180,4.117
74.40,1.611,0.908,1.631,4.423,-0.181,4.168
74.41,1.633,0.908,1.631,3.996,-0.180,4.140
74.42,1.651,0.908,1.635,4.181,-0.180,4.146
74.43,1.699,0.908,1.645,4.320,-0.181,4.175
74.44,1.844,0.911,1.682,4.279,-0.182,4.192
74.45,1.526,0.911,1.655,3.923,-0.181,4.147
74.46,1.484,0.914,1.629,3.968,-0.182,4.116
74.47,1.478,0.913,1.602,4.001,-0.181,4.097
74.48,1.051,0.915,1.511,4.183,-0.183,4.111
74.49,1.705,0.915,1.544,4.204,-0.183,4.126
74.50,1.785,0.915,1.584,4.171,-0.183,4.133
74.51,1.733,0.915,1.609,4.248,-0.184,4.152
74.52,1.425,0.915,1.578,4.018,-0.184,4.129
74.53,1.562,0.916,1.576,4.109,-0.183,4.126
74.54,1.530,0.919,1.571,4.286,-0.184,4.153
74.55,1.300,0.918,1.524,3.875,-0.186,4.104
74.56,1.640,0.919,1.544,4.495,-0.186,4.170
74.57,1.397,0.918,1.518,4.654,-0.187,4.251
74.58,1.516,0.919,1.518,4.279,-0.187,4.256
74.59,1.860,0.920,1.577,4.233,-0.187,4.252
74.60,1.394,0.921,1.547,4.211,-0.188,4.245
74.61,1.607,0.923,1.558,4.197,-0.188,4.237
74.62,1.571,0.923,1.560,4.301,-0.190,4.246
74.63,1.582,0.924,1.565,4.470,-0.190,4.283
74.64,1.380,0.926,1.535,4.080,-0.190,4.250
74.65,1.864,0.930,1.593,4.037,-0.189,4.215
74.66,1.668,0.932,1.607,4.274,-0.189,4.225
74.67,1.818,0.932,1.643,4.177,-0.189,4.217
74.68,1.609,0.932,1.638,3.938,-0.189,4.170
74.69,1.637,0.932,1.637,4.526,-0.189,4.230
74.70,1.648,0.931,1.638,4.369,-0.189,4.253
74.71,1.894,0.930,1.680,4.264,-0.189,4.256
74.72,1.451,0.931,1.643,3.946,-0.189,4.203
74.73,1.531,0.932,1.625,4.118,-0.190,4.188
74.74,1.731,0.932,1.642,4.184,-0.190,4.188
74.75,1.513,0.931,1.619,4.476,-0.190,4.236
74.76,1.592,0.931,1.615,4.146,-0.190,4.221
74.77,1.464,0.932,1.590,4.321,-0.190,4.238
74.78,1.967,0.933,1.655,4.610,-0.189,4.301
74.79,1.350,0.936,1.605,4.240,-0.188,4.292
74.80,1.654,0.936,1.614,3.960,-0.188,4.237
74.81,1.368,0.938,1.574,4.142,-0.189,4.220
74.82,1.422,0.938,1.548,4.145,-0.187,4.209
74.83,1.466,0.938,1.534,4.225,-0.187,4.212
74.84,1.381,0.939,1.509,3.914,-0.187,4.162
74.85,1.555,0.939,1.517,4.267,-0.186,4.181
74.86,1.787,0.940,1.562,4.065,-0.186,4.161
74.87,1.588,0.939,1.566,3.931,-0.186,4.122
74.88,1.497,0.937,1.552,4.334,-0.187,4.157
74.89,1.413,0.937,1.529,4.246,-0.186,4.173
74.90,1.597,0.935,1.538,4.196,-0.186,4.177
74.91,1.599,0.936,1.549,4.006,-0.186,4.148
74.92,1.857,0.935,1.600,4.367,-0.187,4.185
74.93,1.572,0.936,1.596,4.302,-0.187,4.204
74.94,1.652,0.940,1.608,4.268,-0.188,4.214
74.95,1.645,0.939,1.613,4.205,-0.189,4.212
74.96,1.663,0.939,1.622,3.994,-0.189,4.175
74.97,1.442,0.940,1.592,4.166,-0.190,4.173
74.98,1.571,0.941,1.589,4.216,-0.191,4.180
74.99,1.667,0.942,1.603,4.099,-0.191,4.166
75.00,1.558,0.941,1.595,4.258,-0.191,4.182
75.01,1.507,0.942,1.581,4.064,-0.190,4.162
75.02,1.820,0.943,1.622,4.496,-0.191,4.218
75.03,1.703,0.943,1.635,4.226,-0.190,4.220
75.04,1.459,0.943,1.605,4.371,-0.192,4.244
75.05,1.511,0.941,1.588,4.225,-0.192,4.241
75.06,1.516,0.942,1.576,4.398,-0.194,4.266
75.07,1.427,0.944,1.553,4.449,-0.195,4.296
75.08,1.660,0.946,1.572,4.183,-0.193,4.279
75.09,1.522,0.949,1.565,4.438,-0.193,4.306
75.10,1.749,0.950,1.597,4.044,-0.193,4.262
75.11,1.193,0.951,1.530,4.236,-0.196,4.255
75.12,1.545,0.951,1.533,4.290,-0.196,4.261
75.13,1.741,0.953,1.569,4.367,-0.197,4.278
75.14,1.559,0.951,1.565,4.263,-0.199,4.275
75.15,1.528,0.953,1.560,4.295,-0.199,4.278
75.16,1.718,0.954,1.588,4.248,-0.198,4.274
75.17,1.574,0.957,1.588,4.342,-0.199,4.285
75.18,1.410,0.956,1.557,4.093,-0.200,4.253
75.19,1.248,0.956,1.505,4.204,-0.200,4.244
75.20,1.649,0.956,1.529,4.132,-0.201,4.225
75.21,1.335,0.960,1.499,4.255,-0.200,4.231
75.22,1.471,0.959,1.493,4.218,-0.199,4.230
75.23,1.381,0.960,1.475,4.042,-0.197,4.199
75.24,1.542,0.960,1.486,4.123,-0.198,4.186
75.25,1.635,0.959,1.510,3.960,-0.198,4.148
75.26,1.381,0.961,1.489,4.190,-0.197,4.156
75.27,1.627,0.961,1.512,4.183,-0.196,4.162
75.28,1.472,0.962,1.506,4.128,-0.197,4.155
75.29,1.236,0.961,1.460,4.281,-0.197,4.177
75.30,1.673,0.963,1.497,4.039,-0.197,4.153
75.31,1.750,0.964,1.539,3.937,-0.197,4.116
75.32,1.644,0.964,1.557,4.322,-0.197,4.151
75.33,1.451,0.966,1.541,4.464,-0.198,4.203
75.34,1.458,0.969,1.529,4.113,-0.200,4.186
75.35,1.565,0.968,1.534,4.119,-0.198,4.176
75.36,1.758,0.970,1.573,4.250,-0.196,4.191
75.37,1.855,0.972,1.622,4.070,-0.197,4.169
75.38,1.462,0.972,1.594,3.951,-0.197,4.132
75.39,1.508,0.972,1.580,3.943,-0.196,4.101
75.40,1.502,0.972,1.566,4.084,-0.194,4.099
75.41,1.448,0.972,1.546,4.308,-0.194,4.135
75.42,1.561,0.971,1.548,4.142,-0.195,4.135
75.43,1.711,0.972,1.576,4.063,-0.197,4.122
75.44,1.479,0.975,1.562,4.088,-0.198,4.115
75.45,1.799,0.978,1.604,4.279,-0.198,4.143
75.46,1.766,0.978,1.631,4.209,-0.198,4.154
75.47,1.527,0.978,1.614,4.250,-0.200,4.169
75.48,1.670,0.976,1.621,4.564,-0.201,4.234
75.49,1.321,0.978,1.572,4.189,-0.202,4.226
75.50,1.396,0.979,1.543,4.382,-0.199,4.255
75.51,1.393,0.979,1.518,4.128,-0.200,4.233
75.52,1.650,0.979,1.540,4.337,-0.200,4.251
75.53,1.540,0.979,1.539,4.008,-0.200,4.210
75.54,1.666,0.979,1.561,4.243,-0.201,4.215
75.56,1.741,0.976,1.589,4.208,-0.203,4.212
75.57,1.625,0.975,1.594,4.177,-0.203,4.206
75.58,1.641,0.975,1.601,4.350,-0.204,4.230
75.59,1.230,0.975,1.538,4.001,-0.203,4.192
75.60,1.647,0.973,1.555,4.029,-0.204,4.164
75.60,1.775,0.975,1.594,4.301,-0.201,4.189
75.62,1.494,0.975,1.577,4.226,-0.201,4.196
75.63,1.623,0.974,1.584,4.281,-0.200,4.211
75.64,1.589,0.975,1.585,4.200,-0.200,4.209
75.65,1.405,0.975,1.555,4.089,-0.201,4.188
75.66,1.928,0.977,1.619,4.134,-0.202,4.178
75.67,1.244,0.977,1.555,4.165,-0.202,4.176
75.68,1.553,0.977,1.555,4.239,-0.201,4.187
75.69,1.530,0.977,1.550,4.321,-0.201,4.210
75.70,1.665,0.977,1.570,4.559,-0.200,4.270
75.71,1.573,0.978,1.571,4.223,-0.199,4.263
75.72,1.729,0.979,1.598,4.314,-0.200,4.271
75.73,1.737,0.980,1.622,4.149,-0.201,4.249
75.74,1.496,0.979,1.601,4.728,-0.201,4.330
75.75,1.399,0.978,1.565,4.052,-0.201,4.284
75.76,1.455,0.980,1.548,4.113,-0.202,4.255
75.77,1.697,0.981,1.574,4.054,-0.203,4.220
75.78,1.256,0.980,1.520,4.063,-0.203,4.194
75.79,1.745,0.981,1.558,4.276,-0.203,4.208
75.80,1.626,0.982,1.570,3.895,-0.204,4.155
75.81,1.576,0.983,1.571,3.903,-0.205,4.111
75.82,1.646,0.983,1.584,4.253,-0.206,4.134
75.83,1.671,0.981,1.597,4.076,-0.206,4.124
75.84,1.503,0.984,1.583,4.244,-0.205,4.145
75.85,1.753,0.984,1.612,4.162,-0.205,4.148
75.86,1.658,0.985,1.621,3.913,-0.205,4.109
75.87,1.566,0.984,1.610,4.253,-0.203,4.135
75.88,1.556,0.986,1.602,4.144,-0.204,4.136
75.89,1.626,0.988,1.608,4.171,-0.204,4.141
75.90,1.863,0.987,1.650,4.599,-0.204,4.219
75.91,1.471,0.988,1.621,4.377,-0.204,4.246
75.92,1.756,0.989,1.645,4.196,-0.204,4.238
75.93,1.597,0.991,1.638,4.411,-0.204,4.267
75.94,1.532,0.993,1.621,4.424,-0.205,4.293
75.95,1.345,0.990,1.573,4.372,-0.202,4.309
75.96,1.456,0.991,1.554,4.417,-0.203,4.327
75.97,1.604,0.992,1.562,4.274,-0.203,4.317
75.98,1.763,0.993,1.597,4.053,-0.203,4.273
75.99,1.622,0.993,1.601,4.147,-0.203,4.252
76.00,1.781,0.993,1.631,4.316,-0.203,4.263
76.01,1.470,0.993,1.604,3.928,-0.204,4.207
76.02,1.296,0.994,1.553,4.427,-0.204,4.243
76.03,1.663,0.997,1.573,4.212,-0.204,4.239
76.04,1.467,0.997,1.555,4.182,-0.205,4.228
76.05,1.518,0.996,1.548,4.396,-0.205,4.256
76.06,1.604,0.998,1.559,4.203,-0.205,4.248
76.07,1.062,0.998,1.474,3.838,-0.203,4.179
76.08,1.518,0.997,1.480,4.076,-0.203,4.162
76.09,1.636,1.000,1.509,4.123,-0.201,4.157
76.10,1.678,0.999,1.536,4.053,-0.200,4.141
76.11,1.523,0.999,1.533,4.207,-0.201,4.151
76.12,1.603,0.999,1.546,4.101,-0.201,4.142
76.13,1.706,1.001,1.574,4.292,-0.201,4.167
76.14,1.388,1.001,1.543,3.928,-0.201,4.128
76.15,1.688,1.001,1.566,4.371,-0.200,4.169
76.16,1.677,1.002,1.586,3.976,-0.200,4.136
76.17,1.607,1.005,1.591,4.364,-0.201,4.174
76.18,1.528,1.004,1.580,4.101,-0.201,4.162
76.19,1.477,1.007,1.564,4.207,-0.201,4.170
76.20,1.456,1.008,1.547,3.865,-0.201,4.118
76.21,1.320,1.006,1.507,3.889,-0.202,4.079
76.22,1.706,1.006,1.540,4.336,-0.201,4.123
76.23,1.516,1.006,1.536,4.204,-0.200,4.137
76.24,1.877,1.005,1.592,4.187,-0.200,4.146
76.25,1.693,1.004,1.608,4.261,-0.201,4.165
76.26,1.514,1.006,1.594,4.212,-0.201,4.172
76.27,1.430,1.007,1.567,4.085,-0.200,4.158
76.28,1.493,1.007,1.554,4.076,-0.200,4.145
76.29,1.673,1.006,1.573,3.754,-0.198,4.080
76.30,1.203,1.005,1.509,4.347,-0.198,4.125
76.31,1.544,1.003,1.514,4.237,-0.198,4.144
76.32,1.500,1.004,1.512,4.262,-0.198,4.164
76.33,1.838,1.005,1.567,4.372,-0.198,4.199
76.34,1.848,1.004,1.613,4.104,-0.198,4.183
76.35,1.495,1.004,1.593,4.104,-0.198,4.170
76.36,1.661,1.003,1.604,4.221,-0.197,4.179
76.37,1.659,1.003,1.613,3.887,-0.197,4.130
76.38,1.639,1.005,1.619,4.230,-0.198,4.147
76.39,1.559,1.005,1.609,4.128,-0.198,4.143
76.40,1.628,1.007,1.613,4.033,-0.198,4.124
76.41,1.256,1.008,1.553,3.927,-0.200,4.090
76.42,1.401,1.008,1.527,4.167,-0.200,4.102
76.43,1.668,1.008,1.550,4.374,-0.200,4.148
76.44,1.600,1.009,1.559,4.385,-0.200,4.188
76.45,1.549,1.010,1.558,4.327,-0.201,4.211
76.46,1.596,1.012,1.566,4.156,-0.201,4.202
76.47,1.726,1.011,1.592,4.049,-0.201,4.176
76.48,1.422,1.014,1.566,4.329,-0.203,4.201
76.49,1.445,1.012,1.544,4.344,-0.201,4.226
76.50,1.550,1.011,1.543,4.120,-0.201,4.208
76.51,1.785,1.012,1.585,4.156,-0.201,4.199
76.52,1.524,1.013,1.575,4.041,-0.201,4.173
76.53,1.700,1.012,1.595,4.229,-0.200,4.183
76.54,1.641,1.012,1.602,4.278,-0.201,4.199
76.55,1.599,1.011,1.601,4.285,-0.200,4.214
76.56,1.566,1.009,1.594,4.278,-0.201,4.224
76.57,1.512,1.011,1.581,4.170,-0.201,4.215
76.58,1.562,1.011,1.577,4.279,-0.202,4.226
76.59,1.398,1.009,1.545,3.979,-0.202,4.184
76.60,1.886,1.010,1.604,4.293,-0.200,4.204
76.61,1.644,1.010,1.610,4.031,-0.200,4.175
76.62,1.507,1.011,1.594,3.988,-0.200,4.143
76.63,1.810,1.012,1.630,4.220,-0.200,4.156
76.64,1.627,1.009,1.627,4.174,-0.201,4.158
76.65,1.635,1.011,1.630,4.461,-0.201,4.209
76.66,1.766,1.011,1.653,4.244,-0.202,4.215
76.67,1.499,1.013,1.629,3.982,-0.200,4.177
76.68,1.774,1.014,1.654,4.057,-0.199,4.157
76.69,1.510,1.012,1.628,4.154,-0.199,4.157
76.70,1.663,1.013,1.634,4.117,-0.199,4.150
76.71,1.552,1.013,1.620,4.594,-0.200,4.224
76.72,1.378,1.015,1.581,4.392,-0.200,4.252
76.73,1.261,1.017,1.529,4.128,-0.199,4.233
76.74,1.520,1.017,1.527,4.064,-0.199,4.205
76.75,1.380,1.017,1.502,4.169,-0.199,4.199
76.76,1.260,1.015,1.459,3.859,-0.198,4.142
76.77,1.789,1.016,1.515,3.855,-0.196,4.096
76.78,1.525,1.015,1.516,4.118,-0.194,4.101
76.79,1.685,1.018,1.546,4.446,-0.193,4.159
76.80,1.732,1.017,1.576,4.172,-0.193,4.162
76.81,1.536,1.014,1.567,4.288,-0.193,4.183
76.82,1.471,1.013,1.550,4.169,-0.193,4.181
76.83,1.813,1.016,1.596,4.213,-0.191,4.188
76.84,1.635,1.016,1.603,3.924,-0.191,4.144
76.85,1.727,1.016,1.623,4.308,-0.190,4.172
76.86,1.619,1.017,1.623,4.331,-0.190,4.199
76.87,1.706,1.016,1.637,4.303,-0.192,4.215
76.88,1.476,1.015,1.609,4.427,-0.193,4.250
76.89,1.976,1.015,1.670,4.189,-0.194,4.239
76.90,1.652,1.016,1.667,4.014,-0.193,4.202
76.91,1.575,1.017,1.653,4.134,-0.193,4.191
76.92,1.639,1.017,1.650,4.214,-0.195,4.193
76.93,1.533,1.017,1.631,4.232,-0.198,4.197
76.94,1.494,1.017,1.607,4.371,-0.198,4.227
76.95,1.395,1.018,1.572,4.214,-0.197,4.225
76.96,1.400,1.019,1.544,4.414,-0.197,4.257
76.97,1.740,1.019,1.577,3.955,-0.196,4.207
76.98,1.399,1.018,1.546,4.092,-0.197,4.187
76.99,1.649,1.018,1.562,4.175,-0.197,4.185
77.00,1.408,1.018,1.536,4.292,-0.198,4.203
77.01,1.650,1.017,1.554,4.448,-0.198,4.244
77.02,1.291,1.017,1.510,4.035,-0.198,4.209
77.03,1.704,1.016,1.542,4.356,-0.198,4.234
77.04,1.700,1.018,1.570,4.204,-0.197,4.229
77.05,1.550,1.020,1.568,4.202,-0.198,4.225
77.06,1.867,1.021,1.618,4.381,-0.198,4.251
77.07,1.503,1.022,1.600,3.942,-0.197,4.200
77.09,1.886,1.025,1.650,3.817,-0.197,4.136
77.10,1.703,1.024,1.658,4.561,-0.195,4.209
77.11,1.440,1.026,1.623,3.976,-0.196,4.169
77.12,1.684,1.024,1.632,4.192,-0.196,4.173
77.13,1.413,1.025,1.595,4.012,-0.196,4.146
77.14,1.410,1.026,1.564,4.286,-0.195,4.170
77.15,1.793,1.028,1.605,4.369,-0.196,4.203
77.16,1.500,1.028,1.586,4.277,-0.195,4.217
77.17,1.427,1.029,1.561,4.352,-0.196,4.238
77.18,1.592,1.026,1.563,3.940,-0.195,4.189
77.19,1.658,1.028,1.580,4.115,-0.193,4.178
77.20,1.296,1.027,1.532,3.924,-0.192,4.137
77.21,1.670,1.026,1.554,4.169,-0.192,4.141
77.22,1.499,1.028,1.546,4.325,-0.193,4.172
77.23,1.534,1.028,1.544,4.260,-0.191,4.188
77.24,1.401,1.030,1.521,4.081,-0.192,4.170
77.25,1.557,1.030,1.527,4.387,-0.193,4.205
77.26,1.576,1.031,1.535,4.375,-0.192,4.235
77.27,1.705,1.032,1.564,4.047,-0.192,4.203
77.28,1.646,1.030,1.577,4.452,-0.192,4.245
77.29,1.493,1.031,1.563,4.100,-0.193,4.220
77.30,1.567,1.032,1.564,4.411,-0.192,4.253
77.31,1.574,1.031,1.565,3.981,-0.192,4.208
77.32,1.658,1.032,1.581,4.115,-0.191,4.193
77.33,1.717,1.032,1.603,4.002,-0.191,4.161
77.34,1.624,1.031,1.606,3.973,-0.190,4.130
77.35,1.457,1.031,1.581,4.236,-0.191,4.147
77.36,1.670,1.030,1.595,3.915,-0.191,4.108
77.37,1.536,1.032,1.586,4.385,-0.190,4.155
77.38,1.537,1.031,1.577,4.051,-0.191,4.137
77.39,1.450,1.030,1.555,4.105,-0.192,4.131
77.40,1.585,1.032,1.561,4.238,-0.192,4.149
77.41,1.370,1.032,1.529,4.079,-0.190,4.138
77.42,1.347,1.033,1.499,4.036,-0.191,4.121
77.43,1.747,1.032,1.540,4.054,-0.192,4.109
77.44,1.741,1.034,1.575,4.293,-0.190,4.141
77.45,1.650,1.034,1.587,4.277,-0.189,4.165
77.46,1.793,1.033,1.621,4.348,-0.189,4.196
77.47,1.580,1.033,1.614,4.037,-0.189,4.169
77.48,1.449,1.033,1.586,3.879,-0.191,4.119
77.49,1.758,1.033,1.615,4.022,-0.192,4.101
77.50,1.149,1.034,1.537,4.236,-0.192,4.124
77.51,1.370,1.035,1.510,4.582,-0.191,4.202
77.52,1.571,1.035,1.520,3.924,-0.190,4.156
77.53,1.507,1.034,1.516,3.855,-0.189,4.106
77.54,1.634,1.034,1.536,4.008,-0.189,4.089
77.55,1.356,1.034,1.505,4.023,-0.189,4.078
77.56,1.596,1.034,1.520,4.412,-0.190,4.133
77.57,1.914,1.034,1.586,4.099,-0.189,4.129
77.58,1.712,1.035,1.608,4.247,-0.189,4.148
77.59,1.788,1.035,1.638,4.237,-0.188,4.164
77.60,1.708,1.034,1.649,4.141,-0.188,4.161
77.61,1.789,1.035,1.673,4.467,-0.188,4.213
77.62,1.487,1.036,1.643,4.048,-0.189,4.184
77.63,1.589,1.034,1.632,4.120,-0.188,4.174
77.64,1.341,1.034,1.583,4.290,-0.188,4.194
77.65,1.496,1.036,1.569,4.276,-0.188,4.208
77.66,1.690,1.035,1.589,4.229,-0.189,4.210
77.67,1.571,1.036,1.586,4.058,-0.190,4.184
77.68,1.459,1.037,1.566,3.885,-0.191,4.132
77.69,1.437,1.039,1.545,4.002,-0.191,4.111
77.70,1.591,1.040,1.553,4.049,-0.193,4.098
77.71,1.479,1.039,1.540,3.968,-0.190,4.079
77.72,1.520,1.042,1.539,4.341,-0.191,4.122
77.73,1.426,1.041,1.519,4.295,-0.189,4.152
77.74,1.883,1.040,1.579,4.091,-0.191,4.141
77.75,1.450,1.040,1.557,4.249,-0.192,4.158
77.76,1.489,1.042,1.547,4.188,-0.190,4.164
77.77,1.799,1.041,1.589,4.011,-0.191,4.138
77.78,1.425,1.043,1.562,4.162,-0.192,4.141
77.79,1.537,1.045,1.559,4.110,-0.194,4.134
77.80,1.557,1.048,1.561,4.260,-0.194,4.155
77.81,1.484,1.048,1.548,4.182,-0.195,4.160
77.82,1.408,1.050,1.526,4.262,-0.197,4.175
77.83,1.399,1.049,1.504,4.234,-0.197,4.185
77.84,1.617,1.047,1.520,4.064,-0.194,4.167
77.85,1.516,1.047,1.520,4.245,-0.193,4.181
77.86,1.782,1.047,1.563,4.098,-0.192,4.168
77.87,1.844,1.046,1.609,4.252,-0.192,4.182
77.88,1.566,1.045,1.601,4.552,-0.193,4.243
77.89,1.357,1.047,1.562,4.380,-0.192,4.267
77.90,1.616,1.046,1.569,4.219,-0.193,4.258
77.91,1.806,1.045,1.608,4.146,-0.192,4.241
77.92,1.973,1.047,1.671,4.338,-0.193,4.256
77.93,1.510,1.048,1.644,3.985,-0.193,4.210
77.94,1.330,1.044,1.588,4.229,-0.193,4.214
77.95,1.668,1.043,1.601,4.601,-0.192,4.281
77.96,1.233,1.042,1.537,4.004,-0.193,4.233
77.97,1.717,1.043,1.568,4.245,-0.193,4.235
77.98,1.338,1.043,1.529,4.197,-0.194,4.228
77.99,1.555,1.043,1.534,3.900,-0.193,4.174
78.00,1.547,1.043,1.536,3.932,-0.192,4.134
78.01,1.607,1.042,1.546,3.967,-0.192,4.106
78.02,1.370,1.043,1.517,4.123,-0.193,4.108
78.03,1.542,1.045,1.522,4.111,-0.194,4.108
78.04,1.680,1.044,1.548,3.973,-0.195,4.084
78.05,1.628,1.042,1.560,4.235,-0.195,4.109
78.06,1.710,1.044,1.586,4.398,-0.195,4.158
78.07,1.434,1.044,1.560,4.118,-0.195,4.151
78.08,1.683,1.044,1.581,4.115,-0.195,4.145
78.09,1.236,1.046,1.524,4.080,-0.195,4.134
78.10,1.587,1.046,1.535,4.318,-0.196,4.164
78.11,1.488,1.048,1.529,4.062,-0.197,4.146
78.12,1.602,1.050,1.542,3.981,-0.197,4.118
78.13,1.589,1.051,1.551,4.080,-0.196,4.112
78.14,1.384,1.052,1.523,4.042,-0.198,4.099
78.15,1.574,1.052,1.531,3.823,-0.197,4.053
78.16,1.584,1.051,1.540,4.052,-0.198,4.052
78.17,1.642,1.052,1.557,4.090,-0.196,4.060
78.18,1.535,1.054,1.554,4.021,-0.196,4.053
78.19,1.413,1.054,1.531,4.357,-0.195,4.105
78.20,1.444,1.055,1.517,3.969,-0.196,4.081
78.21,1.410,1.057,1.500,4.623,-0.196,4.172
78.22,1.561,1.057,1.510,4.529,-0.198,4.230
78.23,1.434,1.054,1.494,4.213,-0.195,4.230
78.24,1.457,1.057,1.491,4.145,-0.197,4.214
78.25,1.700,1.056,1.524,4.313,-0.193,4.234
78.26,1.924,1.059,1.593,3.944,-0.195,4.184
78.27,1.752,1.058,1.620,4.043,-0.197,4.159
78.28,1.493,1.057,1.598,3.981,-0.195,4.131
78.29,1.851,1.059,1.641,4.016,-0.195,4.111
78.30,1.515,1.059,1.620,4.689,-0.195,4.208
78.31,2.014,1.057,1.684,4.337,-0.194,4.231
78.32,1.592,1.057,1.669,4.088,-0.196,4.205
78.33,1.690,1.058,1.673,4.146,-0.194,4.197
78.34,1.789,1.059,1.693,3.974,-0.194,4.159
78.35,1.415,1.060,1.647,4.133,-0.196,4.154
78.36,1.502,1.060,1.623,4.270,-0.198,4.172
78.37,1.752,1.062,1.646,4.403,-0.199,4.210
78.38,1.784,1.062,1.669,3.975,-0.198,4.171
78.39,1.591,1.063,1.657,4.196,-0.198,4.175
78.40,1.360,1.067,1.610,4.446,-0.200,4.219
78.41,1.824,1.067,1.646,4.447,-0.200,4.258
78.42,1.405,1.066,1.604,4.199,-0.201,4.247
78.43,1.717,1.065,1.622,4.126,-0.199,4.228
78.44,1.455,1.065,1.594,3.920,-0.200,4.176
78.45,1.627,1.068,1.602,4.040,-0.201,4.152
78.46,1.482,1.070,1.583,4.112,-0.202,4.145
78.47,1.484,1.072,1.568,4.200,-0.201,4.155
78.49,1.679,1.071,1.586,4.381,-0.200,4.194
78.50,1.449,1.073,1.564,4.171,-0.200,4.190
78.51,1.433,1.070,1.539,4.291,-0.200,4.207
78.51,1.399,1.070,1.515,4.453,-0.200,4.249
78.52,1.465,1.073,1.509,4.354,-0.199,4.267
78.54,1.389,1.071,1.487,4.384,-0.199,4.287
78.55,1.506,1.072,1.491,4.253,-0.201,4.280
78.55,1.561,1.072,1.502,4.290,-0.200,4.282
78.56,1.603,1.073,1.519,4.312,-0.200,4.287
78.57,1.443,1.073,1.506,4.387,-0.201,4.304
78.59,1.499,1.071,1.504,4.284,-0.201,4.301
78.59,1.574,1.068,1.513,3.958,-0.203,4.242
78.60,1.820,1.068,1.564,4.263,-0.203,4.245
78.62,1.338,1.068,1.525,4.175,-0.203,4.234
78.63,1.679,1.068,1.551,4.456,-0.203,4.271
78.64,1.917,1.071,1.615,4.260,-0.201,4.271
78.65,1.477,1.071,1.591,4.378,-0.202,4.288
78.66,1.416,1.070,1.561,4.266,-0.201,4.286
78.67,1.476,1.072,1.548,3.947,-0.201,4.229
78.68,1.558,1.072,1.550,4.377,-0.201,4.254
78.69,1.647,1.074,1.567,4.126,-0.199,4.234
78.70,1.352,1.073,1.530,3.931,-0.201,4.181
78.71,1.556,1.072,1.533,4.285,-0.201,4.199
78.72,1.716,1.071,1.563,4.293,-0.200,4.215
78.73,1.782,1.072,1.600,4.258,-0.203,4.220
78.74,1.499,1.070,1.581,4.291,-0.200,4.235
78.75,1.603,1.074,1.588,4.126,-0.201,4.216
78.76,1.537,1.074,1.580,4.351,-0.199,4.241
78.77,1.823,1.075,1.621,4.094,-0.199,4.216
78.78,1.664,1.075,1.628,4.211,-0.202,4.213
78.79,1.269,1.074,1.567,4.201,-0.199,4.213
78.80,1.754,1.076,1.599,4.374,-0.200,4.240
78.81,1.820,1.076,1.636,4.438,-0.199,4.274
78.82,1.565,1.074,1.622,4.279,-0.198,4.275
78.83,1.378,1.073,1.581,4.245,-0.200,4.269
78.84,1.502,1.072,1.567,4.345,-0.199,4.283
78.85,1.359,1.073,1.532,4.469,-0.199,4.315
78.86,1.461,1.073,1.520,4.347,-0.198,4.321
78.87,1.734,1.073,1.556,3.998,-0.198,4.267
78.88,1.678,1.075,1.578,4.140,-0.197,4.246
78.89,1.701,1.076,1.599,4.350,-0.197,4.264
78.90,1.692,1.077,1.615,4.076,-0.198,4.232
78.91,1.786,1.076,1.643,4.425,-0.197,4.265
78.92,1.801,1.075,1.669,4.352,-0.198,4.279
78.93,1.509,1.075,1.642,3.994,-0.198,4.232
78.94,1.661,1.078,1.647,4.484,-0.197,4.275
78.95,1.292,1.079,1.588,4.106,-0.197,4.247
78.96,1.325,1.081,1.545,4.190,-0.196,4.238
78.97,1.399,1.081,1.520,4.245,-0.196,4.239
78.98,1.655,1.081,1.543,4.467,-0.195,4.279
78.99,1.814,1.083,1.591,4.181,-0.195,4.263
79.00,1.418,1.083,1.561,4.362,-0.194,4.280
79.01,1.675,1.083,1.580,4.279,-0.195,4.279
79.02,1.544,1.085,1.576,4.186,-0.197,4.262
79.03,1.549,1.086,1.572,4.165,-0.197,4.246
79.04,1.657,1.088,1.587,4.197,-0.197,4.237
79.05,1.524,1.089,1.577,4.360,-0.198,4.258
79.06,1.638,1.088,1.587,4.019,-0.200,4.216
79.07,1.327,1.089,1.544,4.413,-0.200,4.249
79.08,1.955,1.090,1.613,4.448,-0.200,4.283
79.09,1.472,1.090,1.589,4.154,-0.199,4.262
79.10,1.324,1.090,1.544,4.174,-0.200,4.246
79.11,1.654,1.090,1.563,4.179,-0.200,4.235
79.12,1.609,1.092,1.572,3.877,-0.201,4.174
79.13,1.619,1.092,1.579,4.446,-0.200,4.221
79.14,1.493,1.091,1.564,4.058,-0.198,4.196
79.15,1.754,1.088,1.593,4.481,-0.198,4.244
79.16,1.772,1.087,1.623,4.392,-0.198,4.269
79.17,1.625,1.085,1.622,4.264,-0.198,4.269
79.18,1.380,1.086,1.582,4.054,-0.197,4.233
79.19,1.721,1.088,1.606,4.377,-0.197,4.257
79.20,1.383,1.087,1.568,4.072,-0.196,4.227
79.21,1.581,1.088,1.570,4.161,-0.197,4.215
79.22,1.661,1.090,1.587,4.160,-0.196,4.207
79.23,1.540,1.090,1.579,4.022,-0.197,4.175
79.24,1.687,1.090,1.596,4.387,-0.197,4.211
79.25,1.551,1.091,1.589,4.111,-0.197,4.194
79.26,1.463,1.089,1.567,3.969,-0.199,4.155
79.27,1.561,1.087,1.564,4.502,-0.199,4.213
79.28,1.888,1.088,1.619,4.248,-0.199,4.219
79.29,1.411,1.088,1.584,4.406,-0.199,4.250
79.30,1.711,1.089,1.606,4.088,-0.200,4.222
79.31,1.795,1.089,1.637,4.047,-0.202,4.191
79.32,1.740,1.088,1.654,4.372,-0.201,4.222
79.33,1.609,1.090,1.647,4.310,-0.200,4.238
79.34,1.849,1.087,1.679,4.190,-0.199,4.231
79.35,1.723,1.086,1.686,4.106,-0.200,4.210
79.36,1.520,1.088,1.659,4.032,-0.200,4.179
79.37,1.504,1.086,1.631,4.053,-0.200,4.159
79.38,1.671,1.085,1.637,4.427,-0.199,4.204
79.39,1.801,1.085,1.664,4.059,-0.199,4.180
79.40,1.638,1.083,1.658,4.167,-0.199,4.178
79.41,1.300,1.083,1.598,4.397,-0.199,4.215
79.42,1.484,1.081,1.577,4.374,-0.198,4.243
79.43,1.656,1.080,1.589,3.904,-0.197,4.186
79.44,1.598,1.081,1.591,4.282,-0.197,4.202
79.45,1.779,1.081,1.623,4.014,-0.198,4.170
79.46,1.821,1.081,1.656,4.055,-0.198,4.151
79.47,1.411,1.080,1.614,4.216,-0.197,4.163
79.48,1.553,1.080,1.603,4.305,-0.197,4.186
79.49,1.706,1.079,1.620,4.076,-0.197,4.167
79.50,1.494,1.078,1.597,4.126,-0.197,4.161
79.51,1.788,1.076,1.628,4.165,-0.197,4.162
79.52,1.486,1.075,1.603,4.097,-0.197,4.151
79.53,1.439,1.076,1.576,4.006,-0.198,4.125
79.54,1.718,1.078,1.601,4.273,-0.198,4.150
79.55,1.649,1.078,1.610,4.142,-0.198,4.148
79.56,1.504,1.078,1.591,4.004,-0.199,4.124
79.57,1.696,1.076,1.607,4.219,-0.198,4.140
79.58,1.892,1.075,1.654,4.208,-0.199,4.151
79.59,1.458,1.074,1.620,4.159,-0.199,4.152
79.60,1.481,1.075,1.597,4.370,-0.200,4.188
79.61,1.532,1.075,1.586,4.330,-0.199,4.213
79.62,1.457,1.074,1.564,4.135,-0.199,4.200
79.63,1.665,1.075,1.581,4.231,-0.198,4.206
79.64,1.402,1.075,1.551,4.135,-0.197,4.195
79.65,1.593,1.076,1.559,4.285,-0.198,4.209
79.66,1.508,1.077,1.550,4.330,-0.198,4.230
79.67,1.620,1.075,1.560,4.270,-0.196,4.238
79.68,1.430,1.075,1.538,4.042,-0.198,4.204
79.69,1.343,1.077,1.506,4.072,-0.197,4.182
79.70,1.599,1.076,1.521,4.406,-0.196,4.221
79.71,1.745,1.075,1.557,4.267,-0.197,4.228
79.72,1.740,1.074,1.588,4.231,-0.197,4.229
79.73,1.837,1.076,1.631,4.054,-0.197,4.199
79.74,1.675,1.078,1.639,4.311,-0.196,4.218
79.75,1.438,1.077,1.605,3.640,-0.197,4.121
79.76,1.669,1.076,1.615,4.141,-0.198,4.123
79.77,1.412,1.074,1.579,4.303,-0.199,4.153
79.78,1.333,1.075,1.538,4.324,-0.199,4.181
79.79,1.560,1.075,1.542,4.297,-0.197,4.202
79.80,1.552,1.076,1.544,4.377,-0.198,4.231
79.81,1.618,1.075,1.555,3.934,-0.199,4.181
79.82,1.859,1.074,1.605,4.256,-0.199,4.193
79.83,1.506,1.076,1.590,4.252,-0.197,4.205
79.84,1.605,1.077,1.593,4.128,-0.197,4.192
79.85,1.487,1.078,1.576,3.998,-0.196,4.160
79.86,1.687,1.077,1.594,3.941,-0.194,4.125
79.87,1.715,1.078,1.615,4.167,-0.193,4.133
79.88,1.772,1.078,1.641,4.142,-0.194,4.134
79.89,1.450,1.077,1.608,4.203,-0.194,4.145
79.90,1.894,1.076,1.655,3.734,-0.193,4.077
79.91,1.415,1.076,1.614,4.336,-0.194,4.120
79.92,1.520,1.077,1.599,4.146,-0.193,4.125
79.93,1.378,1.078,1.563,4.356,-0.193,4.163
79.94,1.365,1.079,1.530,3.932,-0.194,4.124
79.95,1.559,1.081,1.537,4.187,-0.193,4.135
79.96,1.782,1.081,1.578,4.105,-0.193,4.130
79.97,1.665,1.080,1.591,4.241,-0.195,4.147
79.98,1.417,1.080,1.562,4.141,-0.197,4.145
79.99,1.627,1.080,1.573,3.906,-0.197,4.104
80.00,1.435,1.081,1.550,4.381,-0.198,4.151
80.01,1.373,1.081,1.519,4.166,-0.198,4.153
80.03,1.530,1.081,1.521,4.166,-0.197,4.156
80.04,1.357,1.081,1.493,4.434,-0.198,4.203
80.05,1.539,1.080,1.499,4.213,-0.197,4.205
80.05,1.320,1.080,1.470,4.508,-0.196,4.257
80.07,1.592,1.081,1.490,3.761,-0.196,4.173
80.08,1.713,1.081,1.527,4.271,-0.195,4.191
80.09,1.525,1.081,1.527,4.217,-0.195,4.195
80.10,1.642,1.080,1.545,4.199,-0.197,4.195
80.11,1.677,1.082,1.569,4.270,-0.198,4.207
80.12,1.350,1.079,1.530,4.102,-0.199,4.188
80.13,1.364,1.080,1.502,4.370,-0.196,4.221
80.14,1.963,1.081,1.580,4.439,-0.197,4.257
80.14,1.513,1.080,1.567,4.008,-0.193,4.218
80.16,1.745,1.078,1.596,4.050,-0.197,4.187
80.17,1.407,1.077,1.563,4.078,-0.196,4.170
80.18,1.845,1.078,1.612,4.329,-0.194,4.198
80.19,1.822,1.080,1.649,4.116,-0.194,4.184
80.20,1.275,1.081,1.586,4.538,-0.194,4.245
80.21,1.461,1.081,1.565,4.157,-0.194,4.229
80.22,1.486,1.080,1.551,4.237,-0.194,4.231
80.23,1.648,1.082,1.569,4.393,-0.196,4.257
80.24,1.567,1.081,1.568,4.185,-0.197,4.244
80.25,1.643,1.082,1.581,4.101,-0.196,4.221
80.26,1.711,1.084,1.604,4.181,-0.196,4.214
80.27,1.265,1.084,1.547,4.167,-0.193,4.208
80.28,1.740,1.083,1.578,4.426,-0.193,4.245
80.29,1.492,1.082,1.563,4.096,-0.193,4.220
80.30,1.529,1.082,1.557,4.087,-0.193,4.198
80.31,1.566,1.082,1.558,3.842,-0.193,4.138
80.32,1.573,1.083,1.561,4.308,-0.192,4.168
80.33,1.575,1.083,1.563,4.034,-0.193,4.144
80.34,1.470,1.083,1.548,4.337,-0.194,4.176
80.35,1.740,1.083,1.579,4.241,-0.195,4.186
80.36,1.918,1.084,1.637,4.444,-0.195,4.229
80.37,1.748,1.084,1.655,4.008,-0.197,4.191
80.38,1.773,1.083,1.675,4.261,-0.198,4.202
80.39,1.682,1.083,1.676,4.440,-0.198,4.241
80.40,1.920,1.082,1.716,4.161,-0.198,4.228
80.41,1.984,1.084,1.763,4.318,-0.198,4.244
80.42,1.470,1.084,1.713,4.446,-0.198,4.278
80.43,1.358,1.083,1.653,4.349,-0.198,4.290
80.44,1.404,1.083,1.611,4.271,-0.198,4.286
80.45,1.565,1.080,1.601,4.252,-0.198,4.281
80.46,1.643,1.080,1.608,3.992,-0.199,4.232
80.47,1.432,1.081,1.578,4.005,-0.199,4.193
80.48,1.497,1.078,1.563,4.151,-0.200,4.186
80.49,1.568,1.078,1.563,4.185,-0.199,4.187
80.50,1.475,1.078,1.548,4.092,-0.197,4.172
80.51,1.401,1.078,1.524,3.963,-0.197,4.138
80.52,1.680,1.077,1.549,4.301,-0.197,4.165
80.53,1.407,1.079,1.526,4.179,-0.198,4.167
80.54,1.796,1.079,1.571,4.114,-0.198,4.158
80.55,1.544,1.080,1.568,4.196,-0.199,4.163
80.56,1.251,1.078,1.513,4.223,-0.200,4.173
80.57,1.617,1.079,1.530,4.297,-0.199,4.195
80.58,1.404,1.081,1.511,4.152,-0.199,4.187
80.59,1.842,1.084,1.569,4.491,-0.199,4.239
80.60,1.447,1.086,1.550,4.350,-0.200,4.256
80.61,1.583,1.088,1.557,3.983,-0.201,4.210
80.62,1.265,1.089,1.509,3.774,-0.201,4.137
80.63,1.616,1.089,1.526,4.255,-0.200,4.157
80.64,1.630,1.089,1.544,4.409,-0.200,4.199
80.65,1.584,1.087,1.548,3.958,-0.201,4.158
80.66,1.506,1.087,1.541,4.201,-0.201,4.165
80.67,1.433,1.087,1.523,4.362,-0.200,4.199
80.68,1.667,1.087,1.547,4.067,-0.201,4.177
80.69,1.710,1.085,1.573,4.144,-0.199,4.172
80.70,1.505,1.086,1.562,4.082,-0.200,4.156
80.71,1.360,1.089,1.530,3.793,-0.199,4.095
80.72,1.467,1.090,1.520,4.522,-0.199,4.168
80.73,1.787,1.089,1.564,4.076,-0.199,4.152
80.74,1.662,1.089,1.580,4.292,-0.198,4.176
80.75,1.455,1.089,1.559,4.195,-0.199,4.179
80.76,1.603,1.088,1.565,3.942,-0.197,4.141
80.77,1.736,1.087,1.593,4.221,-0.198,4.153
80.78,1.694,1.087,1.610,4.326,-0.199,4.182
80.79,1.346,1.087,1.566,3.968,-0.199,4.145
80.80,1.781,1.086,1.601,4.111,-0.200,4.139
80.81,1.630,1.085,1.605,4.532,-0.198,4.206
80.82,1.431,1.085,1.575,4.312,-0.198,4.224
80.83,1.622,1.083,1.581,3.977,-0.199,4.182
80.84,1.549,1.084,1.576,3.811,-0.198,4.121
80.85,1.342,1.083,1.536,4.237,-0.198,4.140
80.86,1.544,1.084,1.539,4.381,-0.200,4.179
80.87,1.650,1.084,1.557,4.303,-0.200,4.200
80.88,1.424,1.083,1.534,4.304,-0.201,4.216
80.89,1.751,1.082,1.569,4.088,-0.202,4.194
80.90,1.424,1.082,1.544,3.966,-0.202,4.156
80.91,1.563,1.083,1.549,4.211,-0.202,4.165
80.92,1.684,1.085,1.572,4.168,-0.202,4.166
80.93,1.565,1.087,1.572,4.049,-0.205,4.144
80.94,1.489,1.085,1.557,4.137,-0.204,4.143
80.95,1.541,1.086,1.555,4.510,-0.203,4.206
80.96,1.476,1.085,1.541,4.397,-0.202,4.238
80.97,1.592,1.086,1.550,4.258,-0.203,4.241
80.98,1.570,1.088,1.555,4.106,-0.203,4.219
80.99,1.734,1.088,1.585,4.336,-0.203,4.238
81.00,1.492,1.088,1.569,4.528,-0.205,4.286
81.01,1.514,1.089,1.560,4.015,-0.205,4.241
81.02,1.563,1.092,1.563,4.308,-0.206,4.251
81.03,1.500,1.091,1.552,4.316,-0.205,4.262
81.04,1.679,1.091,1.573,4.357,-0.205,4.279
81.05,1.485,1.093,1.559,4.106,-0.208,4.247
81.06,1.709,1.092,1.584,4.429,-0.207,4.279
81.07,1.618,1.093,1.590,4.234,-0.207,4.272
81.08,1.521,1.093,1.578,4.412,-0.207,4.295
81.09,1.658,1.091,1.590,4.154,-0.205,4.273
81.10,1.625,1.091,1.596,4.304,-0.205,4.278
81.11,1.499,1.093,1.581,4.300,-0.206,4.282
81.12,1.647,1.093,1.592,4.320,-0.207,4.288
81.13,1.317,1.095,1.547,4.221,-0.206,4.277
81.14,1.375,1.095,1.518,4.349,-0.205,4.290
81.15,1.634,1.094,1.536,4.129,-0.205,4.263
81.16,2.007,1.093,1.614,4.424,-0.207,4.289
81.17,1.871,1.095,1.659,4.377,-0.205,4.305
81.18,1.584,1.096,1.647,4.009,-0.207,4.255
81.19,1.349,1.096,1.597,4.283,-0.207,4.259
81.20,1.568,1.094,1.590,4.541,-0.206,4.308
81.21,1.668,1.095,1.605,4.079,-0.205,4.270
81.22,1.477,1.098,1.585,4.270,-0.205,4.270
81.23,1.580,1.098,1.584,4.180,-0.205,4.255
81.24,1.501,1.098,1.570,4.297,-0.206,4.262
81.25,1.990,1.098,1.641,4.243,-0.206,4.259
81.26,1.522,1.098,1.621,4.179,-0.204,4.247
81.27,1.431,1.099,1.589,4.420,-0.203,4.277
81.28,1.831,1.099,1.629,4.355,-0.204,4.290
81.29,1.506,1.099,1.608,4.277,-0.203,4.288
81.30,1.635,1.100,1.614,4.250,-0.202,4.282
81.31,1.737,1.102,1.636,4.245,-0.204,4.275
81.32,1.433,1.102,1.602,4.440,-0.204,4.303
81.33,1.601,1.105,1.604,4.332,-0.204,4.308
81.34,1.656,1.103,1.611,4.266,-0.204,4.301
81.35,1.598,1.106,1.611,4.255,-0.204,4.294
81.36,1.591,1.104,1.606,4.412,-0.205,4.312
81.37,1.578,1.104,1.601,4.092,-0.205,4.276
81.38,1.632,1.104,1.606,4.295,-0.206,4.279
81.39,1.545,1.103,1.595,4.146,-0.205,4.257
81.40,1.575,1.102,1.591,3.841,-0.204,4.188
81.41,1.676,1.102,1.605,4.073,-0.206,4.167
81.42,1.539,1.104,1.595,4.298,-0.205,4.190
81.43,1.780,1.102,1.625,4.035,-0.205,4.164
81.45,1.460,1.102,1.597,4.249,-0.206,4.177
81.45,1.427,1.101,1.567,3.866,-0.206,4.125
81.46,1.588,1.100,1.569,4.231,-0.206,4.142
81.47,1.608,1.100,1.576,4.516,-0.207,4.205
81.48,1.468,1.101,1.559,4.158,-0.206,4.197
81.50,1.545,1.102,1.557,3.996,-0.206,4.164
81.50,1.584,1.102,1.561,4.386,-0.207,4.200
81.51,1.708,1.102,1.585,4.130,-0.207,4.189
81.52,1.820,1.101,1.624,4.389,-0.207,4.222
81.53,1.821,1.100,1.656,4.297,-0.207,4.235
81.55,1.544,1.103,1.640,4.034,-0.209,4.199
81.56,1.801,1.101,1.665,4.293,-0.207,4.217
81.57,1.666,1.101,1.665,4.242,-0.207,4.221
81.58,1.714,1.100,1.673,4.483,-0.207,4.265
81.59,1.634,1.101,1.667,4.167,-0.207,4.249
81.60,1.896,1.100,1.705,3.907,-0.207,4.191
81.61,1.746,1.102,1.713,4.375,-0.208,4.222
81.62,1.462,1.104,1.673,4.134,-0.210,4.205
81.63,1.689,1.105,1.676,4.447,-0.211,4.245
81.64,1.579,1.107,1.662,4.070,-0.212,4.215
81.65,1.694,1.108,1.668,4.455,-0.213,4.254
81.66,1.369,1.107,1.616,4.112,-0.214,4.230
81.67,1.512,1.106,1.598,4.159,-0.213,4.219
81.68,1.447,1.105,1.571,4.003,-0.213,4.183
81.69,1.681,1.105,1.590,4.243,-0.212,4.194
81.70,1.468,1.106,1.570,4.298,-0.211,4.212
81.71,1.459,1.107,1.552,3.833,-0.211,4.149
81.72,1.485,1.107,1.540,3.994,-0.211,4.122
81.73,1.508,1.107,1.535,3.992,-0.211,4.100
81.74,1.188,1.106,1.475,4.167,-0.212,4.110
81.75,1.778,1.105,1.525,4.249,-0.212,4.134
81.76,1.726,1.106,1.560,4.375,-0.211,4.175
81.77,1.404,1.107,1.534,4.388,-0.210,4.212
81.78,1.707,1.108,1.564,4.078,-0.211,4.189
81.79,1.773,1.109,1.599,4.226,-0.211,4.195
81.80,1.513,1.107,1.583,4.390,-0.211,4.228
81.81,1.617,1.109,1.590,4.351,-0.210,4.249
81.82,1.577,1.109,1.588,4.342,-0.211,4.264
81.83,1.577,1.111,1.587,4.330,-0.210,4.276
81.84,1.520,1.108,1.574,4.317,-0.211,4.283
81.85,1.679,1.109,1.592,4.020,-0.212,4.238
81.86,1.666,1.108,1.603,4.264,-0.212,4.243
81.87,1.571,1.108,1.598,4.121,-0.212,4.222
81.88,1.442,1.107,1.571,4.058,-0.211,4.195
81.89,1.578,1.107,1.572,4.263,-0.211,4.207
81.90,1.452,1.106,1.551,3.890,-0.212,4.153
81.91,1.405,1.104,1.524,3.847,-0.214,4.100
81.92,1.709,1.104,1.555,4.202,-0.215,4.116
81.93,1.477,1.106,1.543,4.265,-0.213,4.142
81.94,1.445,1.104,1.525,4.077,-0.214,4.131
81.95,1.418,1.105,1.507,4.133,-0.215,4.130
81.96,1.325,1.105,1.477,4.247,-0.215,4.149
81.97,1.502,1.105,1.481,4.124,-0.218,4.143
81.98,1.855,1.105,1.544,4.354,-0.218,4.178
81.99,1.354,1.109,1.514,4.021,-0.219,4.151
82.00,1.686,1.110,1.544,4.391,-0.220,4.191
82.01,1.876,1.109,1.599,4.211,-0.220,4.194
82.02,1.360,1.109,1.559,4.173,-0.220,4.191
82.03,1.358,1.109,1.524,4.231,-0.220,4.197
82.04,1.463,1.110,1.515,4.044,-0.220,4.171
82.05,1.579,1.108,1.524,3.972,-0.220,4.139
82.06,1.553,1.111,1.531,4.255,-0.219,4.159
82.07,1.632,1.112,1.549,4.315,-0.220,4.185
82.08,1.555,1.113,1.550,4.261,-0.219,4.198
82.09,1.492,1.115,1.542,4.364,-0.219,4.226
82.10,1.421,1.114,1.520,4.434,-0.219,4.261
82.11,1.738,1.115,1.558,3.983,-0.220,4.214
82.12,1.418,1.114,1.534,4.411,-0.223,4.245
82.13,1.535,1.114,1.533,4.145,-0.223,4.229
82.14,1.802,1.114,1.579,3.937,-0.223,4.179
82.15,1.470,1.115,1.561,4.134,-0.222,4.172
82.16,1.695,1.114,1.583,4.119,-0.224,4.162
82.17,1.488,1.117,1.569,4.185,-0.225,4.165
82.18,1.555,1.116,1.566,4.082,-0.225,4.151
82.19,1.527,1.116,1.559,4.259,-0.224,4.170
82.20,1.783,1.120,1.599,4.235,-0.224,4.181
82.21,1.671,1.121,1.612,4.168,-0.224,4.179
82.22,1.785,1.120,1.640,4.036,-0.225,4.154
82.23,1.680,1.120,1.647,4.143,-0.225,4.152
82.24,1.482,1.120,1.619,4.275,-0.224,4.173
82.25,1.760,1.120,1.643,4.303,-0.224,4.195
82.26,1.497,1.122,1.620,4.212,-0.225,4.198
82.27,1.605,1.121,1.616,4.249,-0.225,4.207
82.28,1.485,1.120,1.593,4.284,-0.224,4.220
82.29,1.644,1.120,1.602,4.070,-0.224,4.195
82.30,1.442,1.122,1.576,3.989,-0.224,4.161
82.31,1.455,1.124,1.557,4.333,-0.224,4.190
82.32,1.760,1.124,1.592,4.220,-0.223,4.195
82.33,1.494,1.127,1.577,4.151,-0.225,4.187
82.34,1.570,1.128,1.576,4.479,-0.224,4.236
82.35,1.703,1.129,1.598,4.117,-0.224,4.216
82.36,1.841,1.131,1.641,4.147,-0.224,4.205
82.37,1.797,1.131,1.667,4.209,-0.222,4.207
82.38,1.693,1.132,1.672,4.334,-0.222,4.228
82.39,1.509,1.131,1.644,4.335,-0.223,4.246
82.40,1.583,1.130,1.633,3.884,-0.222,4.186
82.41,1.577,1.131,1.624,4.064,-0.220,4.167
82.42,1.541,1.129,1.609,4.415,-0.220,4.209
82.43,1.628,1.128,1.610,4.294,-0.220,4.223
82.44,1.504,1.126,1.591,4.320,-0.220,4.240
82.45,1.479,1.127,1.572,4.355,-0.221,4.259
82.46,1.598,1.126,1.576,4.196,-0.221,4.248
82.47,1.283,1.128,1.529,4.156,-0.221,4.233
82.48,1.401,1.130,1.508,4.511,-0.221,4.280
82.49,1.532,1.130,1.512,4.305,-0.221,4.284
82.50,1.431,1.131,1.499,4.197,-0.221,4.270
82.51,1.811,1.131,1.551,4.233,-0.221,4.264
82.52,1.516,1.131,1.545,4.239,-0.222,4.259
82.53,1.656,1.131,1.563,4.292,-0.223,4.264
82.54,1.554,1.131,1.562,3.955,-0.223,4.212
82.55,1.404,1.131,1.535,4.522,-0.223,4.264
82.56,1.447,1.132,1.521,4.111,-0.223,4.238
82.57,1.652,1.132,1.543,4.039,-0.223,4.205
82.58,1.734,1.132,1.575,4.201,-0.223,4.204
82.59,1.608,1.132,1.581,4.353,-0.223,4.229
82.60,1.604,1.131,1.583,4.228,-0.223,4.229
82.61,1.405,1.133,1.554,4.555,-0.223,4.284
82.62,1.599,1.132,1.561,4.366,-0.224,4.297
82.63,1.699,1.132,1.584,4.058,-0.223,4.258
82.64,1.714,1.135,1.608,4.228,-0.224,4.252
82.65,1.741,1.137,1.632,4.134,-0.224,4.232
82.66,1.592,1.137,1.625,4.291,-0.224,4.243
82.67,1.551,1.138,1.614,4.334,-0.223,4.259
82.68,1.606,1.139,1.613,3.950,-0.223,4.207
82.69,1.047,1.139,1.517,4.251,-0.223,4.214
82.70,1.497,1.140,1.515,4.095,-0.224,4.193
82.71,1.409,1.140,1.497,4.062,-0.225,4.170
82.72,1.431,1.141,1.486,4.129,-0.224,4.165
82.73,1.780,1.140,1.534,3.945,-0.225,4.127
82.74,1.466,1.139,1.522,4.093,-0.225,4.121
82.75,1.687,1.140,1.551,4.174,-0.224,4.131
82.76,1.618,1.141,1.562,3.874,-0.224,4.087
82.77,1.268,1.140,1.512,4.119,-0.226,4.091
82.78,1.445,1.141,1.501,4.334,-0.227,4.131
82.79,1.596,1.139,1.515,4.142,-0.227,4.133
82.80,1.568,1.139,1.524,4.052,-0.227,4.119
82.81,1.508,1.142,1.523,4.226,-0.227,4.137
82.82,1.526,1.141,1.523,4.122,-0.228,4.134
82.83,1.857,1.143,1.580,4.041,-0.227,4.119
82.84,1.494,1.143,1.565,4.284,-0.225,4.148
82.85,1.446,1.144,1.546,4.133,-0.227,4.144
82.86,1.576,1.144,1.551,4.278,-0.227,4.167
82.87,1.591,1.146,1.559,4.347,-0.226,4.198
82.88,1.749,1.146,1.591,4.311,-0.226,4.217
82.89,1.758,1.145,1.618,4.105,-0.228,4.196
82.90,1.720,1.145,1.635,4.335,-0.227,4.221
82.91,1.485,1.146,1.611,4.203,-0.227,4.218
82.92,1.799,1.147,1.642,4.508,-0.226,4.267
82.93,1.751,1.148,1.661,4.013,-0.226,4.225
82.95,1.427,1.147,1.622,4.214,-0.227,4.223
82.96,1.776,1.149,1.649,4.489,-0.226,4.268
82.97,1.625,1.147,1.643,4.410,-0.225,4.293
82.97,1.490,1.148,1.618,4.042,-0.223,4.252
82.99,1.403,1.147,1.581,4.173,-0.224,4.239
83.00,1.634,1.146,1.589,4.163,-0.224,4.226
83.00,1.752,1.145,1.615,4.223,-0.225,4.225
83.01,1.638,1.146,1.620,4.197,-0.224,4.221
83.02,1.764,1.146,1.644,4.373,-0.225,4.246
83.04,1.537,1.145,1.625,4.533,-0.224,4.295
83.04,1.857,1.146,1.664,4.150,-0.227,4.269
83.05,1.592,1.146,1.652,4.208,-0.228,4.257
83.06,1.635,1.146,1.649,4.157,-0.228,4.241
83.08,1.680,1.145,1.654,4.324,-0.227,4.256
83.09,1.565,1.144,1.638,3.741,-0.227,4.168
83.10,1.614,1.144,1.633,4.105,-0.227,4.157
83.11,1.756,1.143,1.654,4.280,-0.227,4.178
83.12,1.442,1.144,1.618,3.806,-0.227,4.115
83.13,1.270,1.141,1.557,4.103,-0.226,4.114
83.14,1.948,1.142,1.623,4.627,-0.226,4.200
83.15,1.702,1.142,1.637,4.140,-0.225,4.191
83.16,1.724,1.142,1.651,4.010,-0.225,4.160
83.17,1.651,1.143,1.652,4.172,-0.225,4.163
83.18,1.577,1.142,1.639,4.375,-0.225,4.198
83.19,1.722,1.142,1.653,4.330,-0.226,4.220
83.20,1.571,1.142,1.638,4.357,-0.225,4.244
83.21,1.898,1.141,1.681,4.287,-0.225,4.251
83.22,1.593,1.141,1.666,4.367,-0.227,4.269
83.23,1.657,1.141,1.665,4.330,-0.226,4.280
83.24,1.454,1.143,1.631,4.160,-0.226,4.260
83.25,1.685,1.142,1.639,4.363,-0.225,4.278
83.26,1.467,1.141,1.609,3.919,-0.225,4.218
83.27,1.556,1.142,1.601,3.953,-0.226,4.172
83.28,1.423,1.143,1.571,4.268,-0.226,4.188
83.29,1.611,1.145,1.579,4.509,-0.226,4.242
83.30,1.706,1.145,1.600,4.242,-0.226,4.243
83.31,1.829,1.146,1.639,4.216,-0.226,4.238
83.32,1.650,1.144,1.640,4.168,-0.226,4.227
83.33,1.474,1.142,1.610,4.155,-0.226,4.214
83.34,1.431,1.142,1.580,4.152,-0.225,4.205
83.35,1.366,1.143,1.544,4.160,-0.225,4.197
83.36,1.520,1.142,1.540,4.079,-0.226,4.177
83.37,1.363,1.144,1.511,4.236,-0.226,4.187
83.38,1.451,1.143,1.500,4.094,-0.224,4.173
83.39,1.444,1.143,1.490,4.222,-0.224,4.181
83.40,1.909,1.141,1.559,4.409,-0.223,4.220
83.41,1.502,1.142,1.550,4.234,-0.222,4.223
83.42,1.526,1.142,1.546,4.198,-0.223,4.218
83.43,1.474,1.143,1.534,4.338,-0.225,4.237
83.44,1.672,1.143,1.557,4.305,-0.226,4.248
83.45,1.764,1.140,1.589,3.880,-0.226,4.186
83.46,1.564,1.139,1.584,4.056,-0.226,4.164
83.47,1.626,1.139,1.591,3.929,-0.225,4.125
83.48,1.453,1.139,1.567,4.187,-0.226,4.135
83.49,1.397,1.139,1.538,4.091,-0.226,4.128
83.50,1.774,1.141,1.580,4.338,-0.227,4.162
83.51,1.492,1.141,1.565,4.063,-0.226,4.146
83.52,1.617,1.142,1.574,4.279,-0.225,4.170
83.53,1.609,1.144,1.582,3.985,-0.226,4.138
83.54,1.811,1.144,1.620,4.425,-0.225,4.186
83.55,1.820,1.144,1.653,4.178,-0.224,4.186
83.56,1.873,1.145,1.691,4.356,-0.225,4.214
83.57,1.515,1.144,1.661,4.384,-0.225,4.242
83.58,1.970,1.143,1.712,4.268,-0.224,4.248
83.59,1.808,1.142,1.727,4.275,-0.223,4.253
83.60,1.829,1.141,1.744,4.326,-0.223,4.266
83.61,1.566,1.142,1.715,3.962,-0.223,4.214
83.62,1.662,1.143,1.706,4.377,-0.223,4.242
83.63,1.427,1.141,1.657,4.165,-0.223,4.229
83.64,1.583,1.141,1.645,4.282,-0.223,4.238
83.65,1.651,1.143,1.647,4.112,-0.224,4.216
83.66,1.644,1.145,1.648,4.396,-0.223,4.247
83.67,1.438,1.143,1.611,4.282,-0.223,4.253
83.68,1.600,1.143,1.609,4.082,-0.223,4.225
83.69,1.840,1.141,1.646,4.051,-0.223,4.195
83.70,1.738,1.143,1.663,4.320,-0.222,4.217
83.71,1.517,1.143,1.639,4.374,-0.223,4.243
83.72,1.497,1.143,1.615,4.270,-0.222,4.248
83.73,1.592,1.144,1.611,4.484,-0.222,4.288
83.74,1.396,1.144,1.575,3.998,-0.223,4.239
83.75,1.698,1.145,1.597,4.342,-0.223,4.256
83.76,1.680,1.144,1.609,4.122,-0.224,4.233
83.77,1.485,1.145,1.589,4.248,-0.223,4.236
83.78,1.465,1.146,1.568,4.283,-0.223,4.244
83.79,1.670,1.145,1.585,4.334,-0.222,4.261
83.80,1.161,1.145,1.513,4.160,-0.222,4.243
83.81,1.571,1.145,1.523,4.050,-0.223,4.211
83.82,1.591,1.145,1.534,4.095,-0.223,4.191
83.83,1.657,1.147,1.556,4.099,-0.223,4.175
83.84,1.546,1.146,1.553,4.342,-0.224,4.203
83.85,1.720,1.146,1.581,4.083,-0.224,4.182
83.86,1.777,1.147,1.615,3.954,-0.223,4.145
83.87,1.883,1.147,1.660,4.405,-0.223,4.188
83.88,1.521,1.148,1.637,4.206,-0.223,4.191
83.89,1.239,1.149,1.571,4.536,-0.223,4.249
83.90,1.349,1.149,1.533,4.277,-0.222,4.255
83.91,1.534,1.149,1.534,4.103,-0.223,4.229
83.92,1.367,1.150,1.506,4.139,-0.224,4.213
83.93,1.432,1.149,1.493,4.159,-0.225,4.204
83.94,1.603,1.148,1.510,4.245,-0.225,4.210
83.95,1.426,1.146,1.494,4.166,-0.225,4.203
83.96,1.443,1.147,1.486,4.335,-0.225,4.225
83.97,1.697,1.146,1.520,4.197,-0.225,4.221
83.98,1.798,1.145,1.566,4.469,-0.225,4.262
83.99,1.429,1.145,1.543,4.300,-0.226,4.268
84.00,1.674,1.146,1.565,4.226,-0.227,4.260
84.01,1.287,1.145,1.518,4.454,-0.226,4.294
84.02,1.658,1.146,1.542,4.357,-0.228,4.303
84.03,1.437,1.147,1.525,3.959,-0.229,4.245
84.04,1.531,1.147,1.526,4.027,-0.230,4.208
84.05,1.774,1.148,1.568,3.884,-0.229,4.154
84.06,1.844,1.149,1.615,3.695,-0.229,4.077
84.07,1.566,1.151,1.608,4.155,-0.228,4.090
84.08,1.450,1.152,1.582,4.343,-0.229,4.132
84.09,1.603,1.151,1.585,4.007,-0.228,4.112
84.10,1.329,1.152,1.542,4.357,-0.227,4.153
84.11,1.544,1.151,1.542,3.945,-0.227,4.118
84.12,1.872,1.151,1.597,3.921,-0.227,4.085
84.13,1.731,1.151,1.620,4.112,-0.228,4.088
84.14,1.547,1.151,1.607,4.234,-0.228,4.113
84.15,1.562,1.151,1.600,4.075,-0.227,4.107
84.16,1.809,1.152,1.636,4.322,-0.228,4.142
84.17,1.835,1.154,1.671,4.122,-0.228,4.139
84.18,1.576,1.154,1.655,4.289,-0.227,4.165
84.19,1.816,1.155,1.683,4.234,-0.226,4.177
84.20,1.447,1.158,1.645,4.303,-0.226,4.199
84.21,1.803,1.158,1.672,4.382,-0.224,4.231
84.22,1.398,1.156,1.624,4.281,-0.224,4.239
84.23,1.704,1.154,1.636,4.189,-0.224,4.231
84.24,1.616,1.156,1.634,4.194,-0.224,4.225
84.25,1.757,1.157,1.656,4.196,-0.224,4.220
84.26,1.508,1.158,1.632,4.235,-0.225,4.222
84.27,1.632,1.158,1.632,4.173,-0.223,4.215
84.28,1.537,1.160,1.616,4.075,-0.222,4.192
84.29,1.578,1.159,1.610,4.150,-0.220,4.187
84.30,1.638,1.160,1.615,4.101,-0.222,4.171
84.31,1.292,1.160,1.560,4.022,-0.224,4.144
84.32,1.869,1.159,1.611,4.385,-0.224,4.185
84.33,1.654,1.159,1.618,3.984,-0.225,4.150
84.34,2.041,1.159,1.689,4.016,-0.226,4.127
84.35,1.396,1.160,1.641,3.731,-0.226,4.060
84.37,1.699,1.159,1.650,4.300,-0.227,4.099
84.37,1.536,1.161,1.632,4.233,-0.225,4.123
84.38,1.603,1.160,1.626,4.452,-0.226,4.178
84.39,1.556,1.160,1.614,4.111,-0.224,4.168
84.41,1.415,1.160,1.581,4.116,-0.224,4.160
84.41,1.309,1.160,1.535,4.244,-0.223,4.174
84.42,1.452,1.161,1.522,4.125,-0.222,4.167
84.43,1.738,1.161,1.558,4.639,-0.223,4.246
84.45,1.660,1.160,1.574,4.301,-0.223,4.255
84.45,1.672,1.161,1.591,3.968,-0.223,4.206
84.46,1.521,1.161,1.579,4.059,-0.224,4.181
84.47,1.511,1.161,1.567,4.630,-0.225,4.256
84.49,1.622,1.161,1.577,4.356,-0.225,4.272
84.50,1.418,1.162,1.551,3.952,-0.224,4.220
84.51,1.488,1.163,1.540,4.086,-0.224,4.198
84.52,1.654,1.164,1.560,3.985,-0.223,4.162
84.53,1.671,1.162,1.577,4.256,-0.223,4.178
84.54,1.700,1.164,1.599,4.263,-0.223,4.192
84.54,1.531,1.165,1.589,3.590,-0.222,4.092
84.55,1.346,1.167,1.549,4.106,-0.222,4.095
84.57,1.592,1.166,1.556,4.042,-0.223,4.085
84.58,1.814,1.167,1.600,4.350,-0.223,4.129
84.58,1.573,1.167,1.595,4.357,-0.223,4.168
84.60,1.403,1.167,1.562,4.074,-0.222,4.153
84.61,1.746,1.167,1.593,4.018,-0.222,4.130
84.62,1.848,1.167,1.636,4.356,-0.222,4.168
84.63,1.889,1.170,1.681,4.227,-0.221,4.179
84.64,1.629,1.170,1.672,4.094,-0.221,4.164
84.65,1.931,1.173,1.718,4.111,-0.220,4.156
84.66,1.582,1.173,1.696,4.002,-0.219,4.131
84.67,1.624,1.173,1.684,4.417,-0.220,4.178
84.68,1.603,1.175,1.671,4.225,-0.218,4.187
84.69,1.877,1.176,1.706,4.368,-0.218,4.218
84.70,1.595,1.176,1.688,4.167,-0.219,4.209
84.71,1.384,1.178,1.638,4.235,-0.217,4.214
84.72,1.463,1.176,1.607,4.189,-0.218,4.210
84.73,1.748,1.174,1.629,4.323,-0.216,4.230
84.74,1.610,1.173,1.625,4.337,-0.215,4.249
84.75,1.678,1.173,1.634,4.235,-0.216,4.246
84.76,1.547,1.173,1.619,4.071,-0.216,4.217
84.77,1.562,1.171,1.608,4.318,-0.216,4.234
84.78,1.693,1.170,1.621,4.140,-0.217,4.217
84.79,1.596,1.169,1.616,4.342,-0.217,4.239
84.80,1.456,1.170,1.589,4.117,-0.218,4.217
84.81,1.515,1.169,1.576,4.236,-0.218,4.220
84.82,1.537,1.168,1.568,4.015,-0.218,4.185
84.83,1.737,1.169,1.597,4.076,-0.218,4.167
84.84,1.686,1.168,1.612,4.280,-0.218,4.186
84.85,1.644,1.168,1.617,3.961,-0.218,4.148
84.86,1.408,1.167,1.581,4.354,-0.218,4.183
84.87,1.662,1.167,1.594,3.872,-0.218,4.131
84.88,1.454,1.166,1.570,4.433,-0.218,4.181
84.89,1.608,1.167,1.577,4.055,-0.218,4.160
84.90,1.626,1.166,1.584,4.365,-0.217,4.195
84.91,1.466,1.167,1.565,4.445,-0.217,4.237
84.92,1.608,1.166,1.571,4.239,-0.217,4.238
84.93,1.343,1.168,1.534,3.968,-0.217,4.193
84.94,1.307,1.169,1.496,4.417,-0.216,4.231
84.95,1.644,1.169,1.521,4.296,-0.216,4.242
84.96,1.537,1.169,1.523,4.062,-0.216,4.212
84.97,1.621,1.171,1.542,4.327,-0.219,4.229
84.98,1.317,1.170,1.503,4.103,-0.220,4.207
84.99,1.746,1.172,1.545,4.436,-0.220,4.246
85.00,1.533,1.172,1.543,4.552,-0.220,4.297
85.01,1.696,1.170,1.566,4.390,-0.221,4.312
85.02,1.654,1.169,1.580,3.936,-0.222,4.248
85.03,1.530,1.171,1.573,4.081,-0.222,4.220
85.04,1.525,1.173,1.566,4.196,-0.221,4.217
85.05,1.553,1.173,1.564,4.229,-0.221,4.219
85.06,1.705,1.173,1.588,4.014,-0.220,4.186
85.07,1.560,1.173,1.583,4.071,-0.219,4.167
85.08,1.646,1.172,1.592,4.209,-0.219,4.174
85.09,1.427,1.172,1.565,3.881,-0.218,4.125
85.10,1.327,1.170,1.523,3.965,-0.218,4.099
85.11,1.788,1.170,1.567,3.912,-0.218,4.067
85.12,1.474,1.172,1.553,4.256,-0.218,4.099
85.13,1.613,1.173,1.564,4.128,-0.216,4.105
85.14,1.662,1.174,1.580,4.090,-0.217,4.101
85.15,1.272,1.173,1.527,4.277,-0.219,4.130
85.16,1.882,1.175,1.589,4.445,-0.220,4.182
85.17,1.576,1.173,1.585,4.331,-0.221,4.206
85.18,1.470,1.173,1.565,4.274,-0.222,4.218
85.19,1.479,1.170,1.549,3.981,-0.220,4.179
85.20,1.668,1.171,1.569,4.188,-0.221,4.180
85.21,1.655,1.172,1.584,4.167,-0.221,4.177
85.22,1.650,1.171,1.594,4.083,-0.221,4.162
85.23,1.455,1.173,1.572,4.193,-0.222,4.166
85.24,1.753,1.173,1.602,4.052,-0.222,4.147
85.25,1.808,1.173,1.637,4.176,-0.221,4.152
85.26,1.363,1.175,1.592,4.077,-0.221,4.140
85.27,1.217,1.174,1.528,4.147,-0.220,4.142
85.28,1.287,1.174,1.487,4.260,-0.220,4.162
85.29,1.467,1.174,1.484,4.230,-0.219,4.174
85.30,1.457,1.175,1.479,4.241,-0.220,4.184
85.31,1.590,1.176,1.499,4.267,-0.220,4.199
85.32,1.808,1.175,1.550,4.562,-0.219,4.261
85.33,1.736,1.176,1.583,4.341,-0.220,4.274
85.34,1.873,1.177,1.632,4.551,-0.219,4.321
85.35,1.489,1.177,1.608,4.117,-0.221,4.286
85.36,1.603,1.177,1.607,4.052,-0.222,4.245
85.37,1.896,1.177,1.656,4.100,-0.222,4.221
85.38,1.336,1.179,1.603,4.234,-0.222,4.224
85.39,1.674,1.182,1.617,4.434,-0.221,4.260
85.40,1.747,1.183,1.640,4.164,-0.221,4.244
85.41,1.684,1.184,1.648,4.117,-0.219,4.224
85.42,1.565,1.184,1.634,4.478,-0.220,4.266
85.43,1.514,1.184,1.614,4.212,-0.218,4.258
85.44,1.449,1.186,1.588,4.266,-0.218,4.260
85.45,1.594,1.185,1.587,4.228,-0.218,4.255
85.46,1.541,1.185,1.580,4.037,-0.217,4.219
85.47,1.084,1.183,1.495,4.249,-0.217,4.224
85.48,1.650,1.184,1.521,4.252,-0.218,4.228
85.49,1.452,1.184,1.509,4.583,-0.217,4.289
85.50,1.575,1.186,1.522,4.133,-0.216,4.264
85.51,1.653,1.188,1.545,4.200,-0.216,4.253
85.52,1.549,1.186,1.544,4.043,-0.215,4.219
85.53,1.532,1.188,1.544,4.028,-0.214,4.187
85.54,1.456,1.187,1.527,4.068,-0.214,4.168
85.55,1.601,1.187,1.540,4.071,-0.215,4.150
85.56,1.422,1.188,1.521,4.249,-0.216,4.167
85.57,1.540,1.189,1.525,4.289,-0.216,4.187
85.58,1.465,1.190,1.515,4.253,-0.216,4.198
85.59,1.568,1.191,1.524,4.260,-0.216,4.208
85.60,1.323,1.191,1.490,4.398,-0.215,4.241
85.61,1.600,1.192,1.509,3.826,-0.215,4.172
85.62,1.620,1.192,1.527,4.032,-0.215,4.148
85.63,1.374,1.194,1.503,3.604,-0.215,4.056
85.64,1.622,1.193,1.522,4.594,-0.217,4.145
85.65,1.290,1.192,1.482,4.236,-0.218,4.160
85.66,1.547,1.192,1.492,4.027,-0.218,4.137
85.67,1.667,1.191,1.520,4.242,-0.218,4.154
85.68,1.378,1.193,1.498,4.226,-0.218,4.166
85.69,1.474,1.193,1.493,4.543,-0.219,4.229
85.70,1.567,1.193,1.506,4.242,-0.219,4.231
85.71,1.384,1.193,1.485,4.096,-0.221,4.207
85.72,1.620,1.191,1.506,4.072,-0.219,4.186
85.73,1.166,1.191,1.448,4.156,-0.219,4.181
85.74,1.592,1.193,1.474,4.377,-0.218,4.215
85.75,1.337,1.194,1.451,4.118,-0.218,4.199
85.76,1.315,1.193,1.427,3.910,-0.217,4.151
85.77,1.515,1.191,1.440,4.260,-0.218,4.169
85.78,1.651,1.188,1.473,4.027,-0.217,4.145
85.79,1.359,1.188,1.453,4.176,-0.217,4.151
85.80,1.850,1.187,1.519,4.182,-0.217,4.156
85.81,1.443,1.188,1.507,3.968,-0.217,4.124
85.82,1.473,1.190,1.502,3.978,-0.217,4.099
85.83,1.842,1.190,1.560,4.476,-0.217,4.163
85.85,1.568,1.190,1.561,4.235,-0.217,4.175
85.85,1.811,1.192,1.604,4.091,-0.216,4.162
85.87,1.718,1.192,1.623,4.129,-0.216,4.156
85.87,1.717,1.192,1.639,3.843,-0.218,4.102
85.89,1.507,1.192,1.616,4.109,-0.216,4.104
85.90,1.569,1.193,1.609,4.029,-0.216,4.091
85.91,2.018,1.194,1.679,4.124,-0.218,4.095
85.91,1.538,1.195,1.656,4.322,-0.218,4.133
85.93,1.353,1.196,1.606,4.081,-0.218,4.124
85.94,1.422,1.197,1.575,3.919,-0.218,4.090
85.95,1.909,1.197,1.631,4.073,-0.218,4.087
85.95,1.822,1.196,1.662,4.621,-0.218,4.177
85.96,1.759,1.195,1.678,3.985,-0.217,4.145
85.98,1.648,1.198,1.675,4.466,-0.217,4.199
85.99,1.321,1.198,1.616,4.037,-0.215,4.173
85.99,1.444,1.199,1.588,4.240,-0.215,4.185
86.01,1.362,1.198,1.549,4.049,-0.216,4.161
86.02,1.648,1.198,1.565,4.079,-0.216,4.147
86.03,1.469,1.197,1.548,4.142,-0.215,4.147
86.04,1.538,1.198,1.546,4.319,-0.214,4.177
86.05,1.402,1.198,1.522,4.268,-0.217,4.190
86.06,1.477,1.197,1.514,4.025,-0.215,4.163
86.07,1.508,1.196,1.511,4.393,-0.215,4.202
86.08,1.515,1.195,1.511,4.337,-0.214,4.225
86.09,1.816,1.195,1.562,4.363,-0.213,4.249
86.10,1.449,1.195,1.543,3.989,-0.213,4.206
86.11,1.546,1.195,1.543,4.243,-0.212,4.213
86.12,1.791,1.195,1.585,4.195,-0.214,4.208
86.13,1.562,1.197,1.582,4.326,-0.214,4.228
86.14,1.560,1.195,1.577,4.119,-0.212,4.212
86.15,1.882,1.195,1.628,4.259,-0.211,4.221
86.16,1.651,1.195,1.631,4.266,-0.211,4.228
86.17,1.563,1.193,1.618,4.391,-0.211,4.256
86.18,1.598,1.194,1.616,4.004,-0.211,4.213
86.19,1.636,1.192,1.617,4.306,-0.212,4.229
86.20,1.711,1.193,1.633,4.340,-0.212,4.247
86.21,1.449,1.195,1.604,4.068,-0.211,4.218
86.22,1.865,1.194,1.647,4.352,-0.210,4.241
86.23,1.537,1.194,1.628,3.966,-0.210,4.195
86.24,1.730,1.196,1.647,4.216,-0.209,4.199
86.25,1.707,1.196,1.657,4.147,-0.207,4.192
86.26,1.763,1.198,1.677,4.263,-0.208,4.204
86.27,1.703,1.199,1.682,4.355,-0.207,4.230
86.28,1.568,1.201,1.664,4.405,-0.207,4.259
86.29,1.540,1.199,1.641,4.200,-0.205,4.251
86.30,1.712,1.202,1.656,4.442,-0.206,4.283
86.31,1.597,1.203,1.646,4.211,-0.206,4.270
86.32,1.678,1.204,1.653,4.260,-0.205,4.270
86.33,1.519,1.207,1.633,4.424,-0.204,4.296
86.34,1.595,1.206,1.625,4.331,-0.205,4.302
86.35,1.604,1.207,1.622,4.356,-0.206,4.310
86.36,1.550,1.209,1.611,4.050,-0.205,4.268
86.37,1.590,1.209,1.608,4.454,-0.205,4.299
86.38,1.506,1.210,1.591,4.143,-0.204,4.274
86.39,1.572,1.210,1.588,3.968,-0.203,4.222
86.40,1.513,1.211,1.576,4.338,-0.204,4.242
86.41,1.836,1.212,1.620,4.223,-0.203,4.239
86.42,1.599,1.215,1.619,4.032,-0.203,4.204
86.43,1.607,1.214,1.617,4.197,-0.203,4.203
86.44,1.612,1.215,1.616,4.039,-0.205,4.174
86.45,1.758,1.216,1.640,4.418,-0.204,4.216
86.46,1.238,1.217,1.574,4.062,-0.204,4.190
86.47,1.547,1.215,1.568,4.363,-0.204,4.219
86.48,1.557,1.214,1.565,3.954,-0.203,4.175
86.49,1.243,1.213,1.510,4.285,-0.203,4.194
86.50,1.595,1.215,1.526,4.230,-0.203,4.200
86.51,1.379,1.215,1.501,4.091,-0.204,4.181
86.52,1.580,1.216,1.514,4.274,-0.204,4.196
86.53,1.760,1.218,1.557,4.290,-0.204,4.212
86.54,1.840,1.216,1.603,4.217,-0.204,4.213
86.55,1.609,1.216,1.604,4.727,-0.205,4.298
86.56,1.376,1.215,1.564,4.259,-0.204,4.293
86.57,1.642,1.216,1.578,4.377,-0.203,4.308
86.58,1.833,1.217,1.622,3.937,-0.204,4.245
86.59,1.235,1.215,1.555,4.170,-0.203,4.233
86.60,1.975,1.215,1.625,4.159,-0.205,4.220
86.61,1.748,1.214,1.645,4.058,-0.203,4.194
86.62,1.442,1.214,1.611,4.048,-0.202,4.170
86.63,1.624,1.213,1.612,4.394,-0.201,4.208
86.64,1.698,1.213,1.627,3.913,-0.201,4.158
86.65,1.664,1.214,1.633,4.201,-0.202,4.165
86.66,1.540,1.212,1.616,3.960,-0.201,4.131
86.67,1.712,1.214,1.634,4.090,-0.200,4.125
86.68,1.603,1.216,1.630,4.442,-0.199,4.179
86.69,1.481,1.216,1.604,3.792,-0.199,4.114
86.70,1.451,1.217,1.579,4.202,-0.199,4.129
86.71,2.042,1.217,1.657,4.094,-0.199,4.123
86.72,1.535,1.217,1.636,4.180,-0.198,4.133
86.73,1.236,1.217,1.569,4.307,-0.198,4.162
86.74,1.438,1.221,1.550,4.152,-0.198,4.160
86.75,1.707,1.218,1.574,4.413,-0.198,4.203
86.76,1.674,1.218,1.590,4.526,-0.198,4.258
86.77,1.517,1.219,1.578,3.920,-0.197,4.202
86.78,1.597,1.220,1.583,4.465,-0.195,4.247
86.79,1.775,1.220,1.615,4.157,-0.195,4.232
86.80,1.291,1.221,1.561,4.105,-0.195,4.211
86.81,1.591,1.221,1.566,4.011,-0.195,4.178
86.82,1.652,1.222,1.581,3.788,-0.196,4.111
86.83,1.504,1.219,1.566,4.366,-0.197,4.153
86.84,1.948,1.220,1.631,4.215,-0.198,4.162
86.85,1.339,1.220,1.580,3.942,-0.196,4.126
86.86,1.717,1.223,1.606,4.091,-0.197,4.120
86.87,1.542,1.222,1.594,4.596,-0.197,4.200
86.88,1.828,1.222,1.634,4.358,-0.197,4.227
86.89,1.484,1.223,1.609,4.207,-0.197,4.223
86.90,1.818,1.223,1.644,4.273,-0.198,4.231
86.91,1.453,1.223,1.611,4.027,-0.198,4.197
86.92,1.791,1.221,1.640,4.244,-0.198,4.205
86.93,1.568,1.222,1.629,4.090,-0.199,4.185
86.94,1.507,1.222,1.608,4.340,-0.199,4.210
86.95,1.409,1.224,1.576,4.309,-0.199,4.227
86.96,1.738,1.224,1.603,4.142,-0.198,4.214
86.97,1.615,1.225,1.606,4.387,-0.199,4.242
86.98,1.596,1.226,1.605,4.167,-0.198,4.230
86.99,1.608,1.226,1.605,3.701,-0.198,4.142
87.00,1.460,1.226,1.580,4.173,-0.196,4.148
87.01,1.642,1.227,1.592,3.981,-0.196,4.120
87.02,1.440,1.225,1.564,4.460,-0.196,4.177
87.03,1.666,1.224,1.581,4.125,-0.198,4.166
87.04,1.587,1.223,1.581,4.393,-0.200,4.203
87.05,1.709,1.224,1.603,4.157,-0.201,4.195
87.06,1.796,1.227,1.637,4.440,-0.201,4.236
87.07,1.509,1.226,1.615,4.018,-0.200,4.200
87.08,1.576,1.229,1.611,4.240,-0.200,4.207
87.09,1.371,1.229,1.570,3.925,-0.200,4.159
87.10,1.559,1.228,1.567,4.044,-0.200,4.140
87.11,1.460,1.228,1.549,4.128,-0.200,4.138
87.12,1.677,1.227,1.570,4.040,-0.201,4.120
87.13,1.770,1.229,1.605,4.228,-0.199,4.140
87.14,1.782,1.228,1.633,4.030,-0.199,4.122
87.15,1.437,1.227,1.600,4.471,-0.201,4.179
87.16,1.540,1.227,1.589,4.437,-0.201,4.221
87.17,1.366,1.227,1.551,4.116,-0.200,4.205
87.18,1.716,1.228,1.580,4.306,-0.200,4.222
87.19,1.729,1.230,1.607,3.974,-0.199,4.180
87.20,1.646,1.230,1.613,4.764,-0.199,4.280
87.21,1.603,1.231,1.612,4.121,-0.200,4.252
87.22,1.636,1.230,1.615,4.052,-0.200,4.219
87.23,1.283,1.229,1.558,4.078,-0.199,4.195
87.24,1.561,1.229,1.558,4.341,-0.200,4.219
87.25,1.432,1.230,1.538,4.313,-0.201,4.234
87.26,1.579,1.231,1.545,4.006,-0.203,4.194
87.27,1.483,1.227,1.531,4.401,-0.203,4.229
87.28,1.561,1.228,1.537,4.097,-0.202,4.208
87.29,1.535,1.229,1.537,4.095,-0.203,4.188
87.30,1.758,1.228,1.574,4.200,-0.203,4.190
87.31,1.471,1.229,1.557,4.151,-0.203,4.183
87.32,1.574,1.229,1.559,4.108,-0.202,4.171
87.33,1.358,1.228,1.524,4.173,-0.203,4.171
87.34,1.825,1.228,1.575,4.158,-0.203,4.169
87.35,1.423,1.230,1.551,4.315,-0.203,4.193
87.36,1.720,1.232,1.581,3.883,-0.202,4.141
87.38,1.482,1.231,1.563,4.135,-0.202,4.140
87.39,1.430,1.230,1.540,4.057,-0.203,4.125
87.40,1.565,1.234,1.547,4.069,-0.203,4.116
87.41,1.587,1.233,1.552,4.036,-0.203,4.102
87.42,1.496,1.233,1.543,4.402,-0.202,4.153
87.43,1.652,1.233,1.561,4.342,-0.202,4.185
87.44,1.266,1.231,1.510,4.316,-0.202,4.207
87.45,1.541,1.233,1.516,4.436,-0.202,4.245
87.46,1.599,1.231,1.529,4.082,-0.202,4.218
87.47,1.722,1.235,1.564,3.920,-0.203,4.167
87.48,1.566,1.233,1.563,4.304,-0.203,4.190
87.49,1.550,1.234,1.561,4.045,-0.204,4.165
87.50,1.788,1.231,1.596,4.119,-0.202,4.159
87.50,1.581,1.231,1.594,4.293,-0.202,4.182
87.52,1.639,1.232,1.602,4.576,-0.202,4.248
87.53,1.513,1.232,1.587,4.296,-0.202,4.256
87.54,1.832,1.234,1.629,4.392,-0.202,4.279
87.55,1.298,1.234,1.574,4.155,-0.202,4.258
87.56,1.697,1.233,1.594,4.064,-0.204,4.224
87.57,1.720,1.232,1.614,4.083,-0.204,4.200
87.58,1.601,1.232,1.612,4.425,-0.205,4.237
87.59,1.708,1.234,1.629,3.897,-0.204,4.181
87.60,1.533,1.234,1.613,4.159,-0.203,4.178
87.61,1.588,1.234,1.608,4.365,-0.202,4.211
87.62,1.760,1.232,1.633,4.216,-0.202,4.212
87.63,1.564,1.234,1.622,4.199,-0.202,4.209
87.64,1.502,1.232,1.600,4.316,-0.203,4.227
87.65,1.610,1.232,1.602,4.181,-0.201,4.221
87.66,1.655,1.230,1.609,4.249,-0.200,4.226
87.67,1.565,1.228,1.599,4.190,-0.200,4.220
87.68,1.477,1.228,1.579,3.807,-0.200,4.150
87.69,1.576,1.229,1.579,4.422,-0.201,4.195
87.70,1.416,1.229,1.552,4.317,-0.199,4.218
87.71,1.402,1.227,1.524,4.405,-0.198,4.250
87.72,1.737,1.229,1.562,4.257,-0.198,4.252
87.73,1.677,1.229,1.581,4.051,-0.198,4.217
87.74,1.428,1.228,1.554,4.356,-0.197,4.242
87.75,1.656,1.230,1.572,4.109,-0.197,4.219
87.76,1.590,1.230,1.576,4.168,-0.198,4.210
87.77,1.535,1.229,1.568,4.275,-0.197,4.222
87.78,1.429,1.229,1.544,4.444,-0.196,4.260
87.79,1.642,1.228,1.560,3.881,-0.196,4.196
87.80,1.629,1.227,1.570,4.163,-0.196,4.190
87.81,1.896,1.228,1.626,3.981,-0.195,4.156
87.82,1.633,1.228,1.627,3.970,-0.196,4.124
87.83,1.576,1.228,1.618,4.171,-0.196,4.132
87.84,1.813,1.226,1.649,4.212,-0.195,4.146
87.85,1.658,1.224,1.649,4.164,-0.197,4.147
87.86,1.467,1.224,1.618,4.454,-0.197,4.199
87.87,1.395,1.223,1.580,4.212,-0.198,4.200
87.88,1.344,1.223,1.539,4.225,-0.199,4.203
87.89,1.721,1.223,1.570,4.076,-0.201,4.181
87.90,1.348,1.223,1.532,4.088,-0.200,4.165
87.91,1.528,1.222,1.530,4.054,-0.200,4.147
87.92,1.459,1.222,1.519,4.374,-0.199,4.185
87.93,1.337,1.222,1.488,4.345,-0.198,4.213
87.94,1.626,1.224,1.512,4.397,-0.198,4.244
87.95,1.738,1.223,1.549,4.191,-0.198,4.235
87.96,1.595,1.220,1.554,4.447,-0.197,4.272
87.97,1.533,1.220,1.551,4.369,-0.198,4.288
87.98,1.469,1.221,1.537,4.319,-0.200,4.292
87.99,1.585,1.217,1.542,4.533,-0.200,4.332
88.00,1.798,1.218,1.585,4.116,-0.200,4.296
88.01,1.598,1.217,1.587,4.079,-0.200,4.260
88.02,1.680,1.218,1.603,4.516,-0.200,4.302
88.03,1.608,1.219,1.604,4.020,-0.201,4.255
88.04,1.672,1.217,1.614,3.700,-0.200,4.162
88.05,1.535,1.217,1.601,4.407,-0.202,4.202
88.06,1.729,1.218,1.623,4.297,-0.203,4.216
88.07,1.634,1.217,1.624,4.395,-0.203,4.247
88.08,1.704,1.218,1.638,4.153,-0.203,4.231
88.09,1.623,1.217,1.635,4.330,-0.203,4.248
88.10,1.573,1.217,1.624,3.969,-0.203,4.201
88.11,1.571,1.218,1.616,4.220,-0.202,4.205
88.12,1.754,1.217,1.639,4.228,-0.203,4.208
88.13,1.459,1.218,1.609,3.925,-0.204,4.160
88.14,1.699,1.218,1.624,4.131,-0.204,4.155
88.15,1.525,1.218,1.607,4.095,-0.204,4.144
88.16,1.530,1.219,1.595,3.950,-0.204,4.112
88.17,1.489,1.220,1.578,4.270,-0.204,4.139
88.18,1.474,1.223,1.562,4.276,-0.203,4.162
88.19,1.428,1.222,1.539,4.228,-0.204,4.172
88.20,1.790,1.224,1.582,4.144,-0.204,4.167
88.21,1.505,1.224,1.570,4.453,-0.205,4.215
88.22,1.659,1.223,1.584,3.983,-0.204,4.176
88.23,1.601,1.224,1.588,4.255,-0.206,4.188
88.24,1.658,1.226,1.601,3.762,-0.205,4.116
88.25,1.706,1.226,1.618,4.377,-0.207,4.159
88.26,1.712,1.227,1.635,4.333,-0.206,4.189
88.27,1.474,1.227,1.608,4.390,-0.205,4.224
88.28,1.703,1.225,1.622,3.946,-0.204,4.178
88.29,1.854,1.223,1.659,4.291,-0.204,4.197
88.30,1.710,1.224,1.669,3.960,-0.204,4.157
88.31,1.683,1.225,1.672,4.382,-0.204,4.194
88.32,1.472,1.226,1.639,4.196,-0.205,4.194
88.33,1.487,1.226,1.614,3.974,-0.206,4.157
88.34,1.446,1.228,1.587,4.372,-0.206,4.192
88.35,1.665,1.232,1.603,3.974,-0.205,4.157
88.36,1.526,1.232,1.590,4.196,-0.204,4.163
88.37,1.697,1.234,1.609,3.995,-0.207,4.133
88.38,1.453,1.231,1.581,4.174,-0.204,4.142
88.39,1.262,1.232,1.527,4.193,-0.207,4.149
88.40,1.537,1.232,1.529,4.513,-0.206,4.211
88.41,1.493,1.230,1.521,4.500,-0.208,4.258
88.42,1.586,1.228,1.530,4.191,-0.209,4.246
88.43,1.695,1.229,1.558,4.702,-0.208,4.324
88.44,1.832,1.230,1.605,4.233,-0.209,4.308
88.45,1.594,1.231,1.604,4.009,-0.209,4.258
88.46,1.601,1.230,1.602,4.305,-0.210,4.265
88.47,1.546,1.229,1.592,4.345,-0.210,4.279
88.48,1.694,1.229,1.609,4.157,-0.209,4.259
88.49,1.669,1.230,1.619,4.325,-0.208,4.271
88.50,1.784,1.230,1.647,4.276,-0.208,4.272
88.51,1.621,1.231,1.643,4.243,-0.208,4.267
88.52,1.396,1.232,1.603,4.495,-0.207,4.306
88.53,1.416,1.232,1.572,4.371,-0.207,4.318
88.54,1.872,1.232,1.622,4.262,-0.207,4.308
88.55,1.566,1.233,1.613,4.036,-0.207,4.263
88.56,1.684,1.231,1.623,4.082,-0.206,4.233
88.57,1.574,1.233,1.616,4.357,-0.206,4.254
88.58,1.494,1.231,1.594,4.435,-0.205,4.285
88.59,1.648,1.233,1.604,4.105,-0.205,4.255
88.60,1.363,1.234,1.565,4.103,-0.205,4.230
88.61,1.741,1.235,1.595,4.428,-0.205,4.263
88.62,1.526,1.234,1.583,4.380,-0.205,4.283
88.63,1.756,1.236,1.613,4.015,-0.206,4.237
88.64,1.574,1.236,1.607,4.131,-0.207,4.219
88.65,1.381,1.236,1.569,3.792,-0.207,4.147
88.66,1.989,1.236,1.639,4.591,-0.208,4.220
88.67,1.562,1.237,1.627,4.086,-0.209,4.197
88.68,1.344,1.238,1.580,4.140,-0.208,4.188
88.69,1.743,1.240,1.609,4.307,-0.207,4.209
88.70,1.448,1.238,1.580,3.895,-0.205,4.158
88.71,1.484,1.240,1.565,4.143,-0.206,4.154
88.72,1.584,1.242,1.570,4.349,-0.208,4.185
88.73,1.581,1.242,1.572,4.244,-0.208,4.195
88.74,1.577,1.242,1.572,4.074,-0.209,4.174
88.75,1.923,1.241,1.630,4.105,-0.210,4.161
88.76,1.481,1.240,1.604,4.202,-0.208,4.170
88.78,1.882,1.239,1.650,4.126,-0.207,4.163
88.78,1.674,1.239,1.654,4.369,-0.207,4.198
88.80,1.386,1.238,1.608,4.038,-0.207,4.171
88.80,1.701,1.238,1.624,4.088,-0.206,4.158
88.82,1.657,1.238,1.629,4.102,-0.206,4.149
88.82,1.645,1.238,1.632,3.927,-0.207,4.110
88.84,1.729,1.239,1.649,4.297,-0.208,4.141
88.84,1.498,1.239,1.623,4.147,-0.208,4.142
88.86,1.802,1.239,1.654,4.138,-0.208,4.141
88.86,1.519,1.241,1.633,4.187,-0.208,4.149
88.87,1.722,1.240,1.647,4.173,-0.209,4.152
88.88,1.354,1.240,1.597,4.022,-0.209,4.130
88.89,1.469,1.243,1.578,4.310,-0.210,4.160
88.91,1.695,1.243,1.598,4.531,-0.209,4.224
88.92,1.599,1.244,1.599,4.558,-0.209,4.280
88.93,1.510,1.245,1.584,4.190,-0.208,4.266
88.94,1.650,1.245,1.595,4.011,-0.208,4.223
88.95,2.058,1.247,1.675,3.866,-0.207,4.164
88.96,2.032,1.247,1.735,4.044,-0.209,4.142
88.97,1.455,1.249,1.690,3.997,-0.210,4.117
88.98,1.932,1.249,1.731,4.311,-0.208,4.151
88.99,1.540,1.250,1.699,4.134,-0.209,4.147
89.00,1.341,1.250,1.639,3.929,-0.207,4.111
89.01,1.727,1.252,1.655,4.525,-0.209,4.180
89.02,1.415,1.251,1.614,3.866,-0.209,4.127
89.03,1.626,1.251,1.616,4.350,-0.210,4.163
89.04,1.390,1.250,1.577,4.306,-0.211,4.186
89.05,1.288,1.251,1.529,4.051,-0.211,4.164
89.06,1.729,1.251,1.563,4.190,-0.211,4.168
89.07,1.685,1.251,1.583,4.035,-0.209,4.147
89.08,1.615,1.251,1.588,4.454,-0.210,4.198
89.09,1.596,1.252,1.590,4.208,-0.208,4.201
89.10,1.717,1.250,1.610,4.221,-0.208,4.205
89.11,1.428,1.252,1.581,4.318,-0.208,4.224
89.12,1.683,1.254,1.599,4.041,-0.207,4.193
89.13,1.381,1.256,1.565,4.182,-0.207,4.192
89.14,1.452,1.257,1.546,4.077,-0.208,4.172
89.15,1.740,1.257,1.579,4.073,-0.207,4.156
89.16,1.693,1.258,1.598,4.319,-0.208,4.182
89.17,1.510,1.259,1.585,4.071,-0.209,4.163
89.18,1.573,1.260,1.583,4.089,-0.208,4.151
89.19,1.685,1.261,1.601,4.135,-0.208,4.148
89.20,1.647,1.262,1.610,4.380,-0.209,4.186
89.21,1.640,1.262,1.615,3.861,-0.211,4.130
89.22,1.780,1.263,1.643,4.361,-0.211,4.169
89.23,1.431,1.263,1.607,4.326,-0.211,4.195
89.24,1.607,1.263,1.607,3.918,-0.211,4.149
89.25,1.598,1.263,1.606,4.274,-0.211,4.170
89.26,1.397,1.263,1.570,4.444,-0.211,4.216
89.27,1.655,1.265,1.586,4.407,-0.212,4.248
89.28,1.660,1.265,1.598,4.302,-0.212,4.257
89.29,1.413,1.264,1.566,4.258,-0.213,4.257
89.30,1.529,1.262,1.558,4.307,-0.213,4.265
89.31,1.551,1.265,1.559,3.962,-0.213,4.215
89.32,1.510,1.266,1.552,4.145,-0.212,4.203
89.33,1.633,1.269,1.567,3.994,-0.212,4.168
89.34,1.886,1.269,1.621,4.472,-0.212,4.219
89.35,1.849,1.269,1.659,4.022,-0.211,4.187
89.36,1.865,1.269,1.694,3.975,-0.211,4.151
89.37,1.465,1.271,1.656,4.140,-0.211,4.150
89.38,1.649,1.270,1.655,3.936,-0.210,4.114
89.39,1.568,1.270,1.640,3.943,-0.210,4.086
89.40,1.503,1.270,1.617,4.432,-0.209,4.144
89.41,1.571,1.270,1.609,4.022,-0.211,4.122
89.42,1.487,1.271,1.589,4.315,-0.209,4.156
89.43,1.670,1.272,1.603,4.274,-0.207,4.178
89.44,1.993,1.272,1.669,3.897,-0.209,4.129
89.45,1.786,1.271,1.688,4.279,-0.209,4.154
89.46,1.555,1.270,1.665,4.330,-0.210,4.183
89.47,1.406,1.271,1.622,4.197,-0.211,4.184
89.48,1.347,1.272,1.577,4.397,-0.210,4.221
89.49,1.644,1.271,1.587,4.445,-0.210,4.259
89.50,1.637,1.271,1.595,4.427,-0.211,4.286
89.51,1.618,1.271,1.599,3.899,-0.211,4.221
89.52,1.301,1.272,1.549,4.190,-0.212,4.215
89.53,1.425,1.274,1.530,4.104,-0.212,4.196
89.54,1.479,1.275,1.522,4.103,-0.212,4.181
89.55,1.587,1.278,1.535,4.229,-0.212,4.189
89.56,1.610,1.278,1.547,4.239,-0.212,4.197
89.57,1.659,1.278,1.566,3.889,-0.213,4.145
89.58,1.723,1.280,1.594,4.358,-0.213,4.181
89.59,1.461,1.278,1.570,4.223,-0.212,4.188
89.60,1.583,1.277,1.571,4.426,-0.213,4.228
89.61,1.423,1.278,1.547,4.049,-0.213,4.197
89.62,1.683,1.277,1.569,4.068,-0.215,4.175
89.63,1.922,1.278,1.629,4.247,-0.215,4.187
89.64,1.327,1.279,1.578,4.437,-0.213,4.230
89.65,1.638,1.280,1.589,4.415,-0.214,4.260
89.66,1.840,1.280,1.631,4.318,-0.215,4.269
89.67,1.483,1.280,1.607,4.115,-0.213,4.245
89.68,1.652,1.279,1.613,4.336,-0.212,4.261
89.69,1.262,1.280,1.555,3.983,-0.213,4.214
89.70,1.648,1.281,1.571,4.223,-0.213,4.215
89.71,1.692,1.283,1.593,3.933,-0.212,4.169
89.72,1.750,1.283,1.619,4.254,-0.213,4.183
89.73,1.731,1.283,1.637,4.364,-0.212,4.214
89.74,1.755,1.284,1.658,4.058,-0.211,4.188
89.75,1.481,1.282,1.627,4.001,-0.210,4.158
89.76,1.300,1.283,1.572,4.347,-0.210,4.190
89.77,1.380,1.282,1.538,4.381,-0.210,4.222
89.78,1.610,1.283,1.551,4.424,-0.210,4.256
89.79,1.227,1.286,1.498,4.182,-0.210,4.244
89.80,1.448,1.285,1.489,4.244,-0.211,4.244
89.81,1.540,1.286,1.499,4.133,-0.209,4.226
89.82,1.564,1.286,1.509,4.108,-0.209,4.207
89.83,1.770,1.287,1.553,4.092,-0.209,4.187
89.84,1.619,1.285,1.563,4.466,-0.208,4.235
89.85,1.583,1.287,1.567,4.054,-0.208,4.205
89.86,1.350,1.288,1.531,4.529,-0.207,4.260
89.87,1.439,1.289,1.517,4.242,-0.207,4.257
89.88,1.607,1.288,1.531,4.413,-0.207,4.284
89.89,1.708,1.288,1.560,4.105,-0.206,4.254
89.90,1.595,1.290,1.568,4.071,-0.207,4.223
89.91,1.214,1.290,1.508,4.258,-0.208,4.228
89.92,1.518,1.290,1.509,4.319,-0.208,4.243
89.93,1.818,1.291,1.562,3.976,-0.207,4.199
89.94,1.539,1.290,1.557,4.128,-0.209,4.185
89.95,1.577,1.292,1.562,4.360,-0.209,4.215
89.96,1.470,1.294,1.548,4.053,-0.211,4.186
89.97,1.559,1.294,1.550,3.969,-0.209,4.151
89.98,1.890,1.294,1.606,4.210,-0.210,4.160
89.99,1.645,1.295,1.614,3.905,-0.211,4.116
90.00,1.705,1.296,1.630,4.157,-0.211,4.123
90.01,1.510,1.297,1.611,4.233,-0.210,4.142
90.02,1.729,1.296,1.629,4.371,-0.212,4.179
90.03,1.653,1.298,1.635,4.428,-0.212,4.221
90.04,1.479,1.297,1.608,4.513,-0.212,4.270
90.05,1.703,1.298,1.624,4.019,-0.212,4.228
90.06,1.835,1.300,1.661,4.066,-0.213,4.200
90.07,1.697,1.300,1.667,4.147,-0.212,4.192
90.08,1.722,1.300,1.677,4.078,-0.212,4.173
90.09,1.545,1.301,1.655,4.165,-0.213,4.170
90.10,1.489,1.299,1.626,3.893,-0.212,4.125
90.11,1.564,1.300,1.615,4.225,-0.214,4.139
90.12,1.516,1.299,1.598,4.059,-0.214,4.127
90.13,1.692,1.300,1.614,4.319,-0.217,4.156
90.14,1.497,1.300,1.594,4.154,-0.217,4.155
90.15,1.554,1.299,1.587,3.789,-0.218,4.093
90.16,1.509,1.300,1.574,3.992,-0.219,4.075
90.17,1.474,1.299,1.556,4.577,-0.219,4.160
90.18,1.629,1.297,1.566,4.118,-0.219,4.152
90.19,1.569,1.298,1.567,4.103,-0.219,4.144
90.20,1.340,1.299,1.530,4.042,-0.220,4.126
90.21,1.466,1.301,1.521,4.401,-0.221,4.171
90.22,1.595,1.301,1.533,4.603,-0.222,4.243
90.23,1.521,1.301,1.531,3.990,-0.221,4.201
90.24,1.302,1.300,1.491,4.135,-0.221,4.190
90.25,1.604,1.302,1.511,4.264,-0.221,4.203
90.26,1.679,1.303,1.540,4.031,-0.222,4.173
90.28,1.332,1.303,1.505,4.465,-0.221,4.223
90.28,1.709,1.305,1.540,3.880,-0.221,4.165
90.30,1.872,1.306,1.597,4.141,-0.221,4.161
90.31,1.783,1.307,1.629,4.236,-0.222,4.173
90.31,1.474,1.309,1.604,4.306,-0.223,4.195
90.32,1.536,1.309,1.593,4.373,-0.225,4.223
90.34,1.898,1.309,1.644,3.905,-0.225,4.169
90.34,1.448,1.310,1.611,4.497,-0.223,4.226
90.36,1.186,1.310,1.540,4.321,-0.224,4.241
90.37,1.512,1.310,1.535,3.926,-0.223,4.189
90.37,1.699,1.310,1.562,4.009,-0.222,4.160
90.39,1.386,1.308,1.531,4.277,-0.223,4.179
90.40,1.622,1.308,1.546,4.145,-0.222,4.174
90.40,1.590,1.308,1.553,4.286,-0.222,4.193
90.42,1.442,1.310,1.535,4.121,-0.222,4.180
90.43,1.540,1.309,1.536,3.959,-0.223,4.142
90.44,1.381,1.310,1.510,4.356,-0.224,4.177
90.45,1.800,1.309,1.558,4.435,-0.223,4.222
90.46,1.716,1.309,1.585,4.487,-0.224,4.266
90.47,1.489,1.309,1.568,4.246,-0.225,4.263
90.48,1.524,1.308,1.559,4.306,-0.224,4.271
90.49,1.435,1.306,1.537,4.120,-0.224,4.246
90.50,1.839,1.307,1.588,3.947,-0.223,4.196
90.51,1.627,1.303,1.592,4.434,-0.223,4.236
90.52,1.556,1.303,1.585,4.168,-0.222,4.226
90.53,1.758,1.303,1.614,4.418,-0.222,4.258
90.54,1.320,1.303,1.564,3.950,-0.222,4.207
90.55,1.554,1.302,1.561,4.031,-0.221,4.177
90.56,1.388,1.300,1.531,4.064,-0.222,4.158
90.57,1.657,1.299,1.551,4.405,-0.221,4.200
90.58,1.577,1.301,1.556,4.484,-0.220,4.248
90.59,1.794,1.302,1.597,4.070,-0.222,4.218
90.60,1.603,1.302,1.598,4.313,-0.220,4.235
90.61,1.473,1.301,1.576,4.263,-0.222,4.238
90.62,1.443,1.301,1.553,4.183,-0.222,4.229
90.63,1.437,1.300,1.532,4.374,-0.222,4.253
90.64,1.499,1.299,1.526,4.066,-0.222,4.222
90.65,1.636,1.298,1.543,4.061,-0.223,4.194
90.66,1.418,1.299,1.523,4.271,-0.223,4.207
90.67,1.574,1.299,1.531,4.251,-0.224,4.214
90.68,1.347,1.299,1.500,4.336,-0.223,4.235
90.69,1.763,1.298,1.543,4.202,-0.223,4.230
90.70,1.540,1.298,1.542,4.353,-0.224,4.250
90.71,1.450,1.299,1.527,4.260,-0.225,4.250
90.72,1.462,1.298,1.516,3.998,-0.224,4.209
90.73,1.782,1.300,1.561,3.728,-0.225,4.127
90.74,1.572,1.301,1.564,3.991,-0.224,4.105
90.75,1.754,1.300,1.595,4.275,-0.225,4.133
90.76,1.457,1.301,1.572,4.239,-0.227,4.149
90.77,1.568,1.301,1.571,4.207,-0.225,4.160
90.78,1.377,1.302,1.539,4.178,-0.226,4.162
90.79,1.800,1.299,1.581,4.276,-0.227,4.181
90.80,1.305,1.298,1.533,4.312,-0.225,4.205
90.81,1.426,1.300,1.516,3.600,-0.225,4.103
90.82,1.368,1.303,1.493,4.166,-0.224,4.114
90.83,1.245,1.305,1.453,4.052,-0.223,4.104
90.84,1.584,1.304,1.474,4.259,-0.223,4.131
90.85,1.560,1.302,1.486,4.010,-0.223,4.110
90.86,1.524,1.302,1.492,4.136,-0.224,4.114
90.87,1.454,1.301,1.485,4.272,-0.223,4.141
90.88,1.517,1.301,1.490,4.280,-0.223,4.164
90.89,1.440,1.301,1.481,4.126,-0.223,4.157
90.90,1.445,1.300,1.474,4.123,-0.223,4.151
90.91,1.845,1.301,1.537,4.264,-0.222,4.171
90.92,1.470,1.300,1.524,4.153,-0.222,4.169
90.93,1.421,1.298,1.505,3.873,-0.222,4.119
90.94,1.605,1.299,1.522,4.468,-0.223,4.177
90.95,1.607,1.298,1.536,4.220,-0.223,4.183
90.96,1.478,1.297,1.525,4.142,-0.223,4.177
90.97,1.420,1.298,1.508,4.328,-0.224,4.202
90.98,1.839,1.297,1.563,4.075,-0.224,4.180
90.99,1.485,1.296,1.549,4.186,-0.225,4.180
91.00,1.486,1.298,1.539,4.370,-0.223,4.214
91.01,1.778,1.299,1.580,4.283,-0.222,4.226
91.02,1.435,1.298,1.554,4.228,-0.221,4.228
91.03,1.525,1.298,1.549,4.079,-0.221,4.203
91.04,1.367,1.298,1.518,4.213,-0.220,4.205
91.05,1.519,1.297,1.517,4.296,-0.220,4.221
91.06,1.575,1.297,1.527,4.144,-0.220,4.208
91.07,1.442,1.296,1.512,4.215,-0.220,4.209
91.08,1.641,1.296,1.533,4.182,-0.220,4.204
91.09,1.527,1.296,1.532,4.040,-0.219,4.177
91.10,1.941,1.294,1.599,4.072,-0.219,4.160
91.11,1.360,1.295,1.559,3.818,-0.218,4.103
91.12,1.766,1.293,1.592,3.928,-0.216,4.075
91.13,1.618,1.293,1.596,4.067,-0.216,4.073
91.14,1.446,1.292,1.570,4.058,-0.217,4.070
91.15,1.467,1.294,1.554,4.270,-0.216,4.104
91.16,1.652,1.295,1.571,4.332,-0.218,4.141
91.17,1.827,1.294,1.613,4.310,-0.218,4.169
91.18,1.626,1.295,1.616,4.156,-0.218,4.167
91.19,1.755,1.294,1.639,3.886,-0.219,4.119
91.20,1.675,1.295,1.645,4.061,-0.219,4.109
91.21,1.630,1.292,1.641,4.019,-0.220,4.093
91.22,2.051,1.296,1.712,4.342,-0.220,4.135
91.23,1.670,1.296,1.705,4.279,-0.221,4.158
91.24,1.614,1.298,1.692,4.180,-0.222,4.161
91.25,1.383,1.298,1.640,4.197,-0.222,4.167
91.26,1.454,1.298,1.609,4.354,-0.222,4.199
91.27,1.876,1.298,1.654,4.257,-0.222,4.208
91.28,1.317,1.298,1.597,3.861,-0.224,4.149
91.29,1.433,1.299,1.569,4.139,-0.225,4.146
91.30,1.456,1.299,1.550,4.143,-0.228,4.143
91.31,1.353,1.298,1.516,4.357,-0.228,4.179
91.32,1.378,1.298,1.492,4.574,-0.228,4.246
91.33,1.721,1.301,1.533,4.209,-0.230,4.238
91.34,1.719,1.301,1.564,4.155,-0.231,4.224
91.35,1.664,1.303,1.583,4.056,-0.231,4.195
91.36,1.501,1.301,1.567,3.905,-0.231,4.146
91.37,1.549,1.299,1.562,4.028,-0.228,4.129
91.38,1.437,1.300,1.542,4.268,-0.226,4.153
91.39,1.658,1.300,1.561,4.418,-0.227,4.198
91.40,1.625,1.299,1.571,4.168,-0.229,4.191
91.41,1.472,1.300,1.555,4.599,-0.230,4.258
91.42,1.630,1.301,1.568,4.190,-0.231,4.247
91.43,1.578,1.300,1.569,4.486,-0.231,4.287
91.44,1.831,1.302,1.614,4.112,-0.230,4.258
91.45,1.775,1.302,1.641,4.192,-0.230,4.247
91.46,1.852,1.302,1.677,4.191,-0.231,4.237
91.47,1.651,1.304,1.673,3.878,-0.231,4.176
91.48,1.432,1.303,1.632,3.700,-0.231,4.095
91.49,1.679,1.302,1.639,4.264,-0.231,4.124
91.50,1.634,1.304,1.640,4.021,-0.229,4.108
91.51,1.534,1.304,1.622,4.514,-0.231,4.175
91.52,1.468,1.304,1.596,4.223,-0.230,4.184
91.53,1.759,1.306,1.624,4.010,-0.232,4.153
91.54,1.430,1.305,1.591,4.082,-0.232,4.141
91.55,1.619,1.306,1.597,4.204,-0.232,4.151
91.56,1.577,1.307,1.594,3.980,-0.234,4.121
91.57,1.587,1.305,1.591,4.223,-0.235,4.137
91.58,1.676,1.305,1.605,4.112,-0.235,4.133
91.59,1.442,1.304,1.577,4.461,-0.235,4.188
91.60,1.651,1.306,1.591,4.036,-0.233,4.164
91.61,1.652,1.306,1.601,4.268,-0.232,4.182
91.62,1.612,1.305,1.601,4.115,-0.231,4.172
91.63,1.743,1.306,1.626,4.223,-0.233,4.179
91.64,1.795,1.308,1.656,3.763,-0.232,4.110
91.65,1.422,1.308,1.617,4.224,-0.234,4.127
91.66,1.778,1.308,1.643,4.298,-0.234,4.156
91.67,1.602,1.306,1.635,4.330,-0.235,4.185
91.68,1.556,1.306,1.622,4.246,-0.235,4.195
91.69,1.465,1.307,1.596,4.397,-0.235,4.229
91.70,1.184,1.308,1.528,4.122,-0.236,4.210
91.71,1.720,1.310,1.561,4.339,-0.237,4.231
91.72,1.460,1.309,1.543,4.384,-0.237,4.257
91.73,1.418,1.309,1.522,4.217,-0.236,4.251
91.74,1.428,1.308,1.505,4.198,-0.236,4.242
91.75,1.608,1.308,1.522,4.347,-0.236,4.260
91.76,1.449,1.309,1.511,4.345,-0.236,4.274
91.77,1.634,1.308,1.530,4.380,-0.235,4.293
91.78,1.438,1.308,1.514,4.088,-0.236,4.258
91.79,1.506,1.309,1.513,4.191,-0.236,4.247
91.81,1.820,1.308,1.564,4.203,-0.237,4.239
91.81,1.789,1.308,1.602,4.215,-0.236,4.236
91.83,1.620,1.308,1.605,4.096,-0.237,4.212
91.84,1.692,1.307,1.619,4.343,-0.238,4.233
91.85,1.357,1.306,1.574,4.427,-0.237,4.266
91.86,1.574,1.307,1.574,4.040,-0.237,4.228
91.87,1.422,1.306,1.547,4.308,-0.238,4.241
91.88,1.629,1.307,1.562,4.093,-0.238,4.216
91.89,2.010,1.306,1.636,4.232,-0.237,4.220
91.90,1.694,1.307,1.647,4.247,-0.235,4.226
91.90,1.602,1.306,1.638,4.048,-0.233,4.198
91.92,1.514,1.306,1.618,4.175,-0.233,4.194
91.93,1.765,1.306,1.642,3.966,-0.233,4.156
91.94,1.834,1.308,1.676,4.116,-0.232,4.150
91.95,1.597,1.308,1.663,4.246,-0.231,4.167
91.96,1.572,1.309,1.648,4.461,-0.230,4.217
91.97,1.983,1.310,1.705,4.380,-0.230,4.245
91.98,1.754,1.313,1.715,3.998,-0.230,4.203
91.99,1.742,1.313,1.720,4.077,-0.230,4.182
92.00,1.751,1.314,1.726,3.954,-0.231,4.142
92.01,1.645,1.312,1.711,4.096,-0.231,4.134
92.02,1.765,1.312,1.720,4.376,-0.229,4.176
92.03,1.513,1.313,1.686,4.125,-0.229,4.168
92.04,1.653,1.315,1.682,3.919,-0.228,4.127
92.05,1.459,1.316,1.645,4.346,-0.226,4.166
92.06,1.461,1.317,1.615,4.341,-0.225,4.196
92.07,1.617,1.319,1.617,4.582,-0.225,4.261
92.08,1.670,1.319,1.626,4.072,-0.224,4.230
92.09,1.558,1.320,1.615,3.812,-0.223,4.161
92.10,1.277,1.321,1.559,4.217,-0.224,4.170
92.11,1.755,1.321,1.591,4.217,-0.223,4.178
92.12,1.379,1.320,1.555,4.268,-0.223,4.193
92.13,1.510,1.318,1.546,4.044,-0.223,4.168
92.14,1.339,1.319,1.511,4.213,-0.225,4.174
92.15,1.510,1.319,1.510,4.338,-0.224,4.202
92.16,1.575,1.316,1.519,4.203,-0.225,4.202
92.17,1.414,1.314,1.499,4.388,-0.226,4.233
92.18,1.767,1.314,1.544,4.188,-0.226,4.225
92.19,1.247,1.314,1.494,4.132,-0.225,4.210
92.20,1.655,1.316,1.522,4.058,-0.226,4.184
92.21,1.783,1.315,1.566,3.864,-0.226,4.130
92.22,1.660,1.316,1.582,4.109,-0.224,4.128
92.23,1.486,1.318,1.567,4.020,-0.224,4.110
92.24,1.647,1.318,1.580,4.221,-0.225,4.128
92.25,1.460,1.320,1.562,4.230,-0.224,4.146
92.26,1.812,1.319,1.603,4.129,-0.224,4.143
92.27,1.578,1.318,1.598,4.127,-0.224,4.140
92.28,1.627,1.317,1.602,4.065,-0.225,4.127
92.29,1.708,1.317,1.620,4.237,-0.225,4.145
92.30,1.405,1.316,1.582,4.278,-0.225,4.168
92.31,1.250,1.317,1.527,4.187,-0.224,4.171
92.32,1.725,1.318,1.561,4.111,-0.224,4.161
92.33,1.559,1.320,1.562,4.235,-0.225,4.173
92.34,1.230,1.322,1.508,3.877,-0.225,4.123
92.35,1.633,1.321,1.527,4.594,-0.224,4.204
92.36,1.723,1.320,1.560,4.033,-0.223,4.175
92.37,1.638,1.320,1.572,4.054,-0.223,4.155
92.38,1.544,1.319,1.567,4.271,-0.222,4.175
92.39,1.569,1.320,1.568,4.504,-0.222,4.230
92.40,1.614,1.319,1.574,4.452,-0.222,4.268
92.41,1.672,1.319,1.590,4.447,-0.220,4.299
92.42,1.711,1.320,1.612,3.919,-0.223,4.234
92.43,1.622,1.318,1.612,4.214,-0.221,4.232
92.44,1.535,1.320,1.600,4.104,-0.223,4.209
92.45,1.900,1.319,1.650,4.334,-0.220,4.233
92.46,1.719,1.322,1.664,4.226,-0.223,4.229
92.47,1.770,1.322,1.681,4.254,-0.222,4.234
92.48,1.591,1.320,1.664,3.759,-0.220,4.156
92.49,1.624,1.322,1.659,4.078,-0.222,4.141
92.50,1.507,1.322,1.633,4.302,-0.223,4.168
92.51,1.502,1.322,1.611,4.132,-0.223,4.162
92.52,1.431,1.323,1.581,4.158,-0.223,4.161
92.53,1.543,1.322,1.574,4.334,-0.223,4.190
92.54,1.490,1.324,1.561,4.308,-0.225,4.208
92.55,1.740,1.324,1.591,3.989,-0.226,4.171
92.56,1.703,1.323,1.609,4.335,-0.225,4.199
92.57,1.457,1.324,1.584,4.038,-0.226,4.171
92.58,1.628,1.324,1.591,4.211,-0.224,4.179
92.59,1.649,1.324,1.601,4.215,-0.226,4.184
92.60,1.762,1.324,1.628,3.930,-0.226,4.141
92.61,1.686,1.326,1.639,4.365,-0.225,4.180
92.62,1.422,1.327,1.604,4.482,-0.225,4.231
92.63,1.696,1.328,1.619,4.277,-0.223,4.240
92.64,1.464,1.327,1.593,4.173,-0.225,4.227
92.65,1.540,1.328,1.584,4.287,-0.226,4.236
92.66,1.718,1.328,1.606,4.080,-0.226,4.211
92.67,1.535,1.327,1.594,4.190,-0.225,4.208
92.68,1.665,1.327,1.606,3.929,-0.224,4.161
92.69,1.542,1.326,1.594,4.012,-0.224,4.137
92.70,1.606,1.328,1.597,4.411,-0.224,4.182
92.71,1.641,1.326,1.603,3.871,-0.225,4.130
92.72,1.407,1.326,1.570,4.144,-0.225,4.132
92.73,1.431,1.326,1.546,4.400,-0.225,4.176
92.74,1.670,1.326,1.567,3.774,-0.226,4.108
92.75,1.649,1.325,1.580,4.151,-0.226,4.116
92.76,1.418,1.324,1.551,3.962,-0.226,4.089
92.77,1.581,1.324,1.556,4.357,-0.226,4.134
92.78,1.623,1.325,1.568,4.128,-0.227,4.132
92.79,1.268,1.325,1.517,3.914,-0.227,4.095
92.80,1.421,1.325,1.501,4.311,-0.225,4.133
92.81,1.360,1.325,1.477,4.227,-0.226,4.148
92.82,1.433,1.326,1.470,3.882,-0.225,4.104
92.83,1.635,1.328,1.499,4.279,-0.225,4.133
92.84,1.602,1.328,1.516,4.305,-0.225,4.163
92.85,1.530,1.329,1.519,4.237,-0.225,4.175
92.86,1.594,1.327,1.530,4.069,-0.224,4.158
92.87,1.855,1.327,1.585,4.256,-0.224,4.175
92.88,1.401,1.328,1.555,4.108,-0.223,4.164
92.89,1.662,1.329,1.573,4.219,-0.224,4.173
92.90,1.711,1.329,1.596,4.425,-0.224,4.215
92.91,1.440,1.329,1.570,4.138,-0.225,4.202
92.92,1.667,1.328,1.585,4.232,-0.225,4.207
92.93,1.532,1.330,1.578,4.264,-0.226,4.216
92.94,1.254,1.330,1.523,4.527,-0.224,4.270
92.95,1.477,1.330,1.515,4.140,-0.222,4.249
92.96,1.699,1.332,1.547,4.339,-0.223,4.264
92.97,1.401,1.331,1.522,3.919,-0.223,4.206
92.98,1.404,1.331,1.502,4.231,-0.225,4.209
92.99,1.452,1.329,1.491,4.482,-0.225,4.255
93.00,1.514,1.330,1.496,4.246,-0.225,4.253
93.01,1.715,1.331,1.533,3.854,-0.227,4.184
93.02,1.639,1.333,1.553,4.285,-0.226,4.201
93.03,1.625,1.334,1.565,3.916,-0.227,4.152
93.04,1.549,1.336,1.565,4.042,-0.228,4.133
93.05,1.651,1.338,1.581,4.162,-0.228,4.137
93.06,1.378,1.341,1.548,4.064,-0.228,4.125
93.07,1.842,1.340,1.597,4.077,-0.229,4.117
93.08,1.696,1.341,1.615,4.243,-0.228,4.138
93.09,1.429,1.340,1.582,4.365,-0.229,4.176
93.10,1.639,1.340,1.591,4.041,-0.228,4.154
93.11,1.732,1.340,1.615,4.321,-0.227,4.182
93.12,1.623,1.341,1.617,4.449,-0.227,4.227
93.13,1.801,1.340,1.647,4.075,-0.228,4.201
93.14,1.656,1.340,1.648,4.243,-0.227,4.209
93.15,1.444,1.338,1.612,4.148,-0.227,4.199
93.16,1.658,1.337,1.619,4.199,-0.228,4.197
93.17,1.953,1.340,1.677,4.091,-0.228,4.180
93.18,1.624,1.339,1.668,4.066,-0.228,4.161
93.19,1.486,1.338,1.637,4.401,-0.229,4.201
93.20,1.373,1.339,1.593,4.291,-0.227,4.217
93.22,1.423,1.342,1.566,4.498,-0.228,4.264
93.22,1.344,1.340,1.527,3.887,-0.228,4.201
93.23,1.763,1.340,1.566,3.878,-0.229,4.146
93.24,1.512,1.338,1.556,3.991,-0.230,4.119
93.25,1.481,1.339,1.544,3.915,-0.229,4.086
93.26,1.792,1.340,1.586,4.357,-0.229,4.131
93.27,1.468,1.340,1.566,4.380,-0.230,4.172
93.28,1.437,1.340,1.544,4.233,-0.231,4.181
93.30,1.529,1.342,1.543,3.862,-0.232,4.127
93.30,1.689,1.343,1.568,3.877,-0.233,4.084
93.31,1.734,1.342,1.595,4.312,-0.232,4.123
93.32,1.343,1.342,1.552,4.131,-0.232,4.124
93.33,1.645,1.343,1.569,4.250,-0.232,4.145
93.35,1.475,1.342,1.552,4.461,-0.232,4.198
93.36,1.669,1.342,1.572,4.030,-0.234,4.168
93.37,1.617,1.341,1.578,4.038,-0.234,4.146
93.38,1.701,1.343,1.600,4.348,-0.234,4.180
93.39,1.456,1.343,1.576,4.176,-0.234,4.180
93.40,1.490,1.346,1.564,3.973,-0.234,4.145
93.41,1.631,1.344,1.573,4.663,-0.235,4.231
93.42,1.772,1.343,1.606,4.248,-0.235,4.234
93.43,1.451,1.343,1.579,4.271,-0.237,4.238
93.44,1.532,1.343,1.571,4.027,-0.237,4.203
93.45,1.828,1.343,1.615,3.883,-0.238,4.149
93.46,1.532,1.344,1.602,3.880,-0.238,4.104
93.47,1.791,1.345,1.634,4.049,-0.237,4.095
93.48,1.682,1.344,1.641,4.003,-0.238,4.079
93.49,1.683,1.344,1.648,4.081,-0.239,4.078
93.50,1.261,1.344,1.583,4.068,-0.237,4.078
93.51,1.672,1.346,1.599,4.582,-0.237,4.162
93.52,1.618,1.346,1.602,4.087,-0.236,4.151
93.53,1.553,1.345,1.593,4.170,-0.236,4.154
93.54,1.940,1.346,1.652,3.895,-0.238,4.108
93.55,1.330,1.344,1.597,4.425,-0.236,4.163
93.56,1.358,1.345,1.557,4.062,-0.236,4.146
93.57,1.675,1.344,1.576,4.010,-0.236,4.123
93.58,1.831,1.343,1.618,4.266,-0.235,4.148
93.59,1.606,1.341,1.614,4.352,-0.235,4.182
93.60,1.357,1.341,1.570,4.410,-0.235,4.221
93.61,1.525,1.340,1.562,4.254,-0.236,4.226
93.62,1.535,1.342,1.559,4.022,-0.237,4.191
93.63,1.668,1.342,1.577,4.164,-0.237,4.186
93.64,1.341,1.343,1.538,4.240,-0.240,4.193
93.65,1.603,1.343,1.549,4.352,-0.239,4.220
93.66,1.661,1.345,1.569,4.180,-0.241,4.212
93.67,1.425,1.343,1.543,4.184,-0.241,4.207
93.68,1.697,1.343,1.568,4.063,-0.240,4.184
93.69,1.765,1.342,1.601,3.967,-0.240,4.148
93.70,1.566,1.344,1.596,4.120,-0.240,4.143
93.71,1.569,1.343,1.591,4.169,-0.241,4.147
93.72,1.396,1.343,1.557,4.042,-0.243,4.127
93.73,1.408,1.342,1.531,4.261,-0.244,4.149
93.74,1.564,1.341,1.536,3.912,-0.244,4.109
93.75,1.233,1.342,1.485,3.997,-0.245,4.089
93.76,1.263,1.342,1.448,4.288,-0.245,4.122
93.77,1.624,1.341,1.476,4.175,-0.247,4.130
93.78,1.390,1.339,1.460,4.035,-0.247,4.113
93.79,1.626,1.338,1.487,4.507,-0.248,4.178
93.80,1.737,1.338,1.528,4.185,-0.248,4.180
93.81,1.597,1.340,1.541,4.498,-0.247,4.234
93.82,1.686,1.341,1.566,4.388,-0.246,4.261
93.83,1.524,1.341,1.559,4.160,-0.245,4.245
93.84,1.526,1.340,1.553,4.072,-0.245,4.216
93.85,1.640,1.339,1.566,4.397,-0.245,4.247
93.86,1.563,1.338,1.565,4.137,-0.244,4.229
93.87,1.655,1.340,1.581,3.878,-0.243,4.170
93.88,1.663,1.340,1.595,4.200,-0.244,4.175
93.89,1.766,1.339,1.623,4.318,-0.246,4.197
93.90,1.653,1.337,1.627,4.116,-0.245,4.184
93.91,1.817,1.338,1.659,4.291,-0.246,4.201
93.92,1.515,1.338,1.635,4.275,-0.247,4.213
93.93,1.430,1.337,1.600,4.010,-0.248,4.179
93.94,1.596,1.339,1.601,4.122,-0.248,4.168
93.95,1.730,1.338,1.621,4.144,-0.247,4.165
93.96,1.825,1.338,1.655,4.301,-0.247,4.188
93.97,1.502,1.339,1.630,4.099,-0.247,4.173
93.98,1.851,1.338,1.667,4.161,-0.247,4.171
93.99,1.613,1.338,1.658,4.054,-0.248,4.151
94.00,1.502,1.338,1.631,4.035,-0.247,4.132
94.01,1.342,1.339,1.583,3.996,-0.246,4.110
94.02,1.525,1.341,1.575,4.134,-0.246,4.114
94.03,1.410,1.342,1.548,4.431,-0.247,4.167
94.04,1.559,1.340,1.549,4.162,-0.247,4.165
94.05,1.276,1.341,1.503,3.903,-0.246,4.122
94.06,1.471,1.340,1.497,4.301,-0.246,4.152
94.07,1.325,1.341,1.468,4.274,-0.247,4.172
94.08,1.529,1.340,1.477,4.173,-0.246,4.173
94.09,1.535,1.340,1.487,3.960,-0.245,4.138
94.10,1.254,1.340,1.447,4.349,-0.244,4.174
94.11,1.705,1.342,1.492,4.408,-0.245,4.213
94.12,1.496,1.342,1.492,4.479,-0.244,4.258
94.13,1.731,1.341,1.531,4.062,-0.245,4.225
94.14,1.610,1.342,1.545,4.322,-0.243,4.242
94.15,1.659,1.342,1.564,4.132,-0.242,4.225
94.16,1.445,1.342,1.544,4.376,-0.243,4.250
94.17,1.628,1.341,1.557,4.260,-0.242,4.253
94.18,1.600,1.342,1.565,4.261,-0.242,4.254
94.19,1.694,1.343,1.587,3.880,-0.241,4.192
94.20,1.596,1.344,1.589,4.194,-0.240,4.193
94.21,1.507,1.344,1.576,4.111,-0.240,4.180
94.22,1.555,1.344,1.572,4.237,-0.241,4.188
94.23,1.525,1.344,1.564,3.984,-0.240,4.155
94.24,1.636,1.342,1.574,4.494,-0.242,4.210
94.25,1.633,1.342,1.583,4.054,-0.242,4.184
94.26,1.488,1.341,1.566,4.467,-0.243,4.230
94.27,1.802,1.340,1.606,4.069,-0.242,4.205
94.28,1.370,1.342,1.567,4.109,-0.240,4.190
94.29,1.650,1.341,1.580,4.387,-0.241,4.223
94.30,1.536,1.342,1.573,4.387,-0.241,4.250
94.31,1.639,1.343,1.585,4.140,-0.242,4.231
94.32,1.640,1.344,1.595,4.133,-0.242,4.214
94.33,1.358,1.345,1.556,4.212,-0.244,4.213
94.34,1.543,1.343,1.552,4.133,-0.243,4.200
94.35,1.192,1.345,1.493,3.931,-0.247,4.152
94.36,1.791,1.343,1.541,4.730,-0.245,4.250
94.37,1.637,1.345,1.559,4.461,-0.247,4.284
94.38,1.635,1.343,1.570,4.289,-0.246,4.286
94.39,1.473,1.341,1.552,4.169,-0.245,4.268
94.40,1.767,1.340,1.587,4.223,-0.246,4.259
94.41,1.579,1.339,1.585,3.985,-0.245,4.214
94.42,1.437,1.338,1.559,4.151,-0.245,4.203
94.43,1.429,1.339,1.538,4.054,-0.245,4.178
94.44,1.489,1.341,1.531,4.503,-0.245,4.232
94.45,1.446,1.344,1.519,4.236,-0.247,4.232
94.46,1.600,1.344,1.532,4.178,-0.246,4.224
94.47,1.820,1.343,1.579,4.438,-0.247,4.259
94.48,1.663,1.342,1.593,4.371,-0.247,4.278
94.49,1.316,1.342,1.546,4.384,-0.247,4.296
94.50,1.787,1.341,1.585,4.225,-0.246,4.285
94.51,1.419,1.340,1.557,4.231,-0.246,4.276
94.52,1.409,1.342,1.534,4.100,-0.247,4.245
94.53,1.784,1.340,1.573,4.454,-0.247,4.281
94.54,1.533,1.341,1.568,4.151,-0.249,4.258
94.55,1.650,1.340,1.581,4.219,-0.250,4.250
94.56,1.562,1.340,1.577,4.229,-0.250,4.247
94.57,1.437,1.340,1.553,4.049,-0.251,4.213
94.58,1.587,1.340,1.559,4.170,-0.250,4.206
94.60,1.638,1.340,1.572,4.172,-0.250,4.201
94.60,1.520,1.340,1.563,3.934,-0.250,4.155
94.61,1.329,1.340,1.524,4.467,-0.250,4.208
94.63,1.675,1.342,1.550,4.228,-0.252,4.210
94.64,1.564,1.342,1.552,4.080,-0.250,4.190
94.64,1.713,1.343,1.580,3.981,-0.250,4.155
94.65,1.584,1.344,1.581,4.175,-0.250,4.158
94.67,1.702,1.344,1.602,4.501,-0.248,4.217
94.67,1.596,1.343,1.600,4.254,-0.248,4.224
94.68,1.542,1.342,1.589,4.197,-0.248,4.219
94.70,1.722,1.343,1.612,4.078,-0.249,4.194
94.70,1.764,1.343,1.637,4.324,-0.249,4.216
94.72,1.506,1.342,1.615,4.204,-0.249,4.214
94.72,1.500,1.344,1.597,4.034,-0.251,4.183
94.73,1.463,1.344,1.574,4.391,-0.251,4.218
94.75,1.488,1.343,1.559,3.800,-0.251,4.147
94.76,1.509,1.343,1.550,4.142,-0.252,4.146
94.77,1.754,1.343,1.585,4.204,-0.251,4.156
94.77,1.259,1.342,1.529,4.001,-0.251,4.130
94.79,1.696,1.342,1.557,4.401,-0.251,4.175
94.80,1.383,1.341,1.526,3.894,-0.250,4.129
94.81,1.802,1.341,1.572,4.270,-0.250,4.152
94.82,1.562,1.339,1.569,4.059,-0.251,4.136
94.82,1.510,1.340,1.560,3.962,-0.251,4.106
94.84,1.346,1.341,1.524,4.257,-0.252,4.131
94.85,1.479,1.342,1.517,4.666,-0.252,4.221
94.86,1.375,1.342,1.493,3.991,-0.253,4.181
94.86,1.537,1.343,1.501,4.015,-0.254,4.153
94.88,1.803,1.342,1.551,4.155,-0.255,4.152
94.89,1.925,1.341,1.613,3.979,-0.256,4.122
94.90,1.886,1.341,1.659,4.276,-0.257,4.148
94.91,1.777,1.342,1.680,4.019,-0.256,4.127
94.92,1.556,1.343,1.660,4.479,-0.253,4.188
94.93,1.656,1.344,1.660,4.060,-0.252,4.168
94.94,1.457,1.345,1.627,3.894,-0.252,4.122
94.95,1.621,1.345,1.625,4.315,-0.253,4.154
94.96,1.446,1.343,1.594,4.493,-0.252,4.211
94.97,1.550,1.344,1.586,4.262,-0.254,4.218
94.98,1.535,1.343,1.577,4.273,-0.254,4.228
94.99,1.647,1.342,1.588,4.078,-0.254,4.202
95.00,1.469,1.342,1.568,4.102,-0.255,4.184
95.01,1.502,1.343,1.558,4.334,-0.256,4.209
95.02,1.545,1.341,1.553,4.337,-0.257,4.230
95.03,1.412,1.341,1.530,4.595,-0.257,4.291
95.04,1.863,1.341,1.585,4.082,-0.258,4.256
95.05,1.558,1.341,1.580,4.284,-0.257,4.261
95.06,1.518,1.342,1.571,4.159,-0.258,4.244
95.07,1.652,1.344,1.586,4.209,-0.257,4.238
95.08,1.493,1.342,1.568,4.183,-0.259,4.228
95.09,1.418,1.342,1.543,4.076,-0.258,4.203
95.10,1.503,1.343,1.537,4.274,-0.260,4.213
95.11,1.618,1.343,1.551,4.201,-0.259,4.213
95.12,1.773,1.345,1.590,4.446,-0.261,4.250
95.13,1.416,1.349,1.563,4.403,-0.261,4.276
95.14,1.647,1.350,1.578,4.127,-0.261,4.251
95.15,1.462,1.351,1.559,4.303,-0.263,4.258
95.16,1.682,1.351,1.579,4.389,-0.262,4.281
95.17,1.571,1.354,1.580,3.998,-0.263,4.233
95.18,1.567,1.357,1.580,4.072,-0.265,4.205
95.19,1.655,1.358,1.594,4.191,-0.265,4.202
95.20,1.402,1.357,1.561,4.530,-0.265,4.257
95.21,1.413,1.357,1.536,4.112,-0.264,4.234
95.22,1.468,1.358,1.525,3.940,-0.266,4.183
95.23,1.646,1.357,1.544,3.927,-0.265,4.141
95.24,1.464,1.359,1.532,4.243,-0.266,4.157
95.25,1.627,1.358,1.547,4.402,-0.267,4.198
95.26,1.523,1.355,1.540,3.822,-0.267,4.134
95.27,1.706,1.355,1.568,4.061,-0.268,4.121
95.28,1.546,1.356,1.565,4.147,-0.268,4.126
95.29,1.367,1.356,1.532,4.335,-0.268,4.160
95.30,1.566,1.357,1.538,4.397,-0.268,4.200
95.31,1.387,1.357,1.512,4.149,-0.269,4.191
95.32,1.439,1.358,1.500,3.872,-0.270,4.136
95.33,1.526,1.359,1.506,4.384,-0.269,4.179
95.34,1.295,1.359,1.470,4.422,-0.269,4.220
95.35,1.500,1.361,1.476,3.936,-0.270,4.171
95.36,1.315,1.362,1.450,4.043,-0.268,4.151
95.37,1.732,1.363,1.498,4.112,-0.267,4.145
95.38,1.607,1.362,1.515,4.490,-0.266,4.205
95.39,1.985,1.362,1.594,3.836,-0.265,4.144
95.40,1.654,1.362,1.603,3.887,-0.266,4.100
95.41,1.575,1.362,1.599,4.356,-0.265,4.144
95.42,1.710,1.362,1.617,4.159,-0.266,4.146
95.43,1.517,1.362,1.600,4.573,-0.264,4.219
95.44,1.586,1.361,1.597,4.262,-0.263,4.228
95.45,1.698,1.361,1.614,4.141,-0.264,4.212
95.46,1.605,1.363,1.614,4.467,-0.266,4.254
95.47,1.498,1.363,1.594,3.714,-0.264,4.165
95.48,1.535,1.362,1.584,4.339,-0.265,4.193
95.49,1.773,1.363,1.616,3.992,-0.263,4.161
95.50,1.714,1.364,1.633,4.119,-0.262,4.155
95.51,1.514,1.366,1.615,4.370,-0.265,4.189
95.52,1.680,1.365,1.625,4.167,-0.263,4.186
95.53,1.657,1.367,1.631,4.152,-0.263,4.180
95.54,1.569,1.366,1.620,4.286,-0.265,4.196
95.55,1.504,1.365,1.600,4.137,-0.266,4.186
95.56,1.445,1.366,1.574,4.040,-0.267,4.161
95.57,1.946,1.366,1.637,3.932,-0.265,4.124
95.58,1.543,1.366,1.621,4.447,-0.264,4.180
95.59,1.648,1.366,1.625,4.197,-0.265,4.182
95.60,1.836,1.366,1.661,4.316,-0.264,4.206
95.61,1.623,1.366,1.654,4.349,-0.264,4.229
95.62,1.461,1.365,1.621,4.038,-0.265,4.197
95.63,1.697,1.363,1.632,4.149,-0.265,4.189
95.64,1.361,1.363,1.587,4.196,-0.266,4.189
95.65,1.683,1.366,1.605,4.079,-0.265,4.172
95.66,1.647,1.363,1.610,4.127,-0.266,4.163
95.67,1.660,1.365,1.619,4.328,-0.264,4.192
95.68,1.424,1.365,1.586,3.923,-0.265,4.146
95.69,1.534,1.366,1.578,4.136,-0.265,4.144
95.70,1.594,1.365,1.580,4.247,-0.264,4.162
95.71,1.614,1.365,1.586,4.033,-0.265,4.140
95.72,1.375,1.365,1.550,4.350,-0.264,4.176
95.73,1.899,1.367,1.610,4.205,-0.264,4.181
95.74,1.405,1.367,1.575,4.331,-0.264,4.206
95.75,1.826,1.365,1.616,4.159,-0.264,4.198
95.76,2.001,1.365,1.680,4.266,-0.265,4.209
95.77,1.544,1.365,1.657,4.444,-0.265,4.249
95.78,1.692,1.365,1.663,4.305,-0.266,4.257
95.79,1.572,1.363,1.646,4.145,-0.266,4.238
95.80,1.493,1.363,1.621,4.426,-0.266,4.270
95.81,1.532,1.363,1.606,3.869,-0.267,4.202
95.82,1.390,1.364,1.570,4.328,-0.266,4.224
95.83,1.834,1.364,1.614,4.061,-0.266,4.197
95.84,1.681,1.365,1.627,4.136,-0.266,4.187
95.85,1.460,1.367,1.600,4.079,-0.266,4.169
95.86,1.388,1.369,1.566,4.104,-0.266,4.157
95.87,1.387,1.371,1.537,3.950,-0.266,4.123
95.88,1.331,1.371,1.503,4.440,-0.266,4.177
95.89,1.618,1.373,1.523,4.101,-0.266,4.163
95.90,1.530,1.372,1.524,4.141,-0.266,4.160
95.91,1.546,1.371,1.526,3.989,-0.265,4.132
95.92,1.745,1.370,1.563,4.208,-0.264,4.146
95.93,1.678,1.371,1.583,4.220,-0.262,4.159
95.94,1.564,1.371,1.579,4.108,-0.263,4.150
95.95,1.681,1.372,1.597,4.110,-0.263,4.143
95.96,1.821,1.372,1.635,3.847,-0.262,4.094
95.97,1.346,1.372,1.586,3.764,-0.264,4.037
95.98,1.730,1.372,1.610,4.473,-0.262,4.111
95.99,1.396,1.372,1.574,4.504,-0.264,4.177
96.00,1.512,1.374,1.565,4.161,-0.264,4.174
96.01,1.480,1.374,1.550,4.176,-0.265,4.173
96.02,1.459,1.374,1.535,4.099,-0.264,4.162
96.03,1.581,1.373,1.542,4.328,-0.264,4.189
96.04,1.516,1.373,1.537,4.069,-0.265,4.169
96.05,1.579,1.371,1.542,4.212,-0.265,4.176
96.06,1.526,1.371,1.540,4.082,-0.265,4.160
96.07,1.809,1.373,1.586,4.026,-0.263,4.139
96.08,1.784,1.374,1.620,4.328,-0.264,4.170
96.09,1.578,1.374,1.613,4.091,-0.265,4.156
96.10,1.764,1.374,1.639,4.047,-0.264,4.138
96.11,1.901,1.374,1.683,4.021,-0.262,4.120
96.13,1.707,1.373,1.686,4.429,-0.262,4.172
96.13,1.783,1.370,1.700,4.250,-0.262,4.185
96.15,1.744,1.369,1.707,4.264,-0.262,4.198
96.16,1.818,1.370,1.726,4.105,-0.262,4.183
96.16,1.541,1.370,1.695,4.239,-0.262,4.192
96.18,1.571,1.371,1.675,4.023,-0.262,4.164
96.19,1.533,1.371,1.651,4.208,-0.263,4.171
96.19,1.507,1.369,1.625,4.264,-0.262,4.187
96.21,1.679,1.368,1.633,4.247,-0.262,4.197
96.21,1.546,1.368,1.619,4.360,-0.262,4.225
96.22,1.611,1.369,1.618,4.217,-0.262,4.224
96.24,1.561,1.368,1.608,4.157,-0.262,4.213
96.24,1.783,1.368,1.637,3.795,-0.261,4.143
96.26,1.583,1.368,1.628,4.213,-0.262,4.154
96.27,1.738,1.367,1.645,4.211,-0.262,4.164
96.28,1.481,1.367,1.618,4.301,-0.261,4.188
96.29,1.399,1.366,1.580,4.562,-0.261,4.250
96.30,1.446,1.368,1.559,4.311,-0.260,4.261
96.31,1.493,1.366,1.546,4.243,-0.262,4.257
96.32,1.603,1.366,1.556,4.260,-0.261,4.258
96.33,1.336,1.366,1.519,4.141,-0.261,4.239
96.34,1.474,1.369,1.513,4.090,-0.263,4.213
96.35,1.544,1.368,1.517,4.144,-0.262,4.201
96.36,1.603,1.367,1.531,4.101,-0.262,4.185
96.37,1.477,1.366,1.521,4.379,-0.262,4.217
96.38,1.548,1.366,1.526,4.206,-0.261,4.216
96.39,1.454,1.365,1.512,4.175,-0.261,4.210
96.40,1.850,1.365,1.568,4.276,-0.261,4.221
96.41,1.460,1.365,1.550,4.205,-0.260,4.219
96.42,1.529,1.364,1.546,4.070,-0.261,4.194
96.43,1.642,1.366,1.563,4.315,-0.259,4.215
96.44,1.497,1.370,1.555,3.746,-0.260,4.135
96.45,1.512,1.370,1.547,4.098,-0.259,4.129
96.46,1.692,1.369,1.571,4.306,-0.260,4.158
96.47,1.728,1.369,1.598,4.201,-0.260,4.166
96.48,1.319,1.369,1.550,3.873,-0.260,4.116
96.49,1.608,1.370,1.560,4.223,-0.259,4.135
96.50,1.680,1.370,1.581,4.122,-0.258,4.133
96.51,1.658,1.371,1.594,4.466,-0.259,4.189
96.52,1.609,1.372,1.598,4.420,-0.259,4.228
96.53,1.402,1.372,1.565,4.287,-0.258,4.239
96.54,1.440,1.373,1.544,4.033,-0.259,4.203
96.55,1.712,1.375,1.574,4.342,-0.259,4.226
96.56,1.624,1.376,1.583,4.434,-0.259,4.261
96.57,1.542,1.375,1.575,4.331,-0.257,4.275
96.58,1.704,1.375,1.597,4.131,-0.257,4.251
96.59,1.531,1.375,1.585,4.334,-0.258,4.264
96.60,1.433,1.373,1.559,4.392,-0.260,4.285
96.61,1.564,1.375,1.560,4.174,-0.258,4.267
96.62,1.508,1.376,1.552,4.197,-0.258,4.255
96.63,1.708,1.377,1.580,4.116,-0.258,4.232
96.64,1.536,1.377,1.572,4.349,-0.257,4.253
96.65,1.597,1.379,1.578,3.951,-0.257,4.202
96.66,1.460,1.380,1.559,4.190,-0.257,4.200
96.67,1.521,1.380,1.552,4.295,-0.257,4.217
96.68,1.870,1.381,1.606,4.059,-0.256,4.191
96.69,1.767,1.380,1.632,4.113,-0.256,4.177
96.70,1.556,1.381,1.621,4.145,-0.257,4.171
96.71,1.575,1.382,1.614,4.311,-0.257,4.195
96.72,1.561,1.384,1.606,4.149,-0.257,4.188
96.73,1.637,1.383,1.611,4.211,-0.256,4.192
96.74,1.407,1.385,1.578,4.343,-0.256,4.217
96.75,1.569,1.386,1.577,4.143,-0.256,4.205
96.76,1.733,1.385,1.602,4.391,-0.256,4.237
96.77,1.792,1.386,1.635,4.148,-0.255,4.223
96.78,1.432,1.386,1.601,4.388,-0.254,4.251
96.79,1.515,1.389,1.588,4.226,-0.255,4.246
96.80,1.523,1.388,1.577,4.457,-0.255,4.282
96.81,1.727,1.389,1.603,4.125,-0.255,4.255
96.82,1.317,1.388,1.554,4.024,-0.256,4.216
96.83,1.570,1.390,1.558,4.081,-0.256,4.193
96.84,1.892,1.390,1.614,4.420,-0.255,4.232
96.85,1.934,1.390,1.667,3.972,-0.256,4.188
96.86,1.454,1.389,1.631,4.271,-0.258,4.200
96.87,1.307,1.388,1.575,4.309,-0.258,4.219
96.88,1.639,1.386,1.584,4.284,-0.257,4.230
96.89,1.663,1.386,1.597,4.270,-0.256,4.238
96.90,1.788,1.386,1.629,4.034,-0.257,4.203
96.91,1.482,1.387,1.605,4.156,-0.258,4.195
96.92,1.577,1.387,1.600,4.183,-0.257,4.193
96.93,1.776,1.386,1.629,3.940,-0.257,4.151
96.94,1.681,1.385,1.637,4.025,-0.257,4.130
96.95,1.644,1.386,1.639,4.163,-0.258,4.134
96.96,1.299,1.385,1.580,4.082,-0.256,4.127
96.97,1.523,1.387,1.572,4.113,-0.257,4.124
96.98,1.596,1.388,1.576,4.417,-0.257,4.174
96.99,1.711,1.389,1.600,4.390,-0.259,4.208
97.00,1.494,1.390,1.583,4.307,-0.259,4.225
97.01,1.503,1.392,1.571,4.220,-0.258,4.225
97.02,1.403,1.389,1.541,4.292,-0.257,4.237
97.03,1.944,1.388,1.607,4.181,-0.257,4.228
97.04,1.618,1.389,1.610,4.342,-0.257,4.247
97.05,1.685,1.389,1.622,4.200,-0.255,4.241
97.06,1.714,1.387,1.636,4.068,-0.255,4.212
97.07,1.555,1.387,1.622,3.865,-0.254,4.155
97.08,1.494,1.387,1.600,4.018,-0.254,4.131
97.09,1.618,1.386,1.602,4.066,-0.255,4.119
97.10,1.724,1.386,1.623,4.394,-0.255,4.166
97.11,1.540,1.386,1.609,3.986,-0.254,4.136
97.12,1.443,1.389,1.583,4.002,-0.255,4.113
97.13,1.438,1.390,1.559,3.993,-0.254,4.093
97.14,1.479,1.393,1.548,4.319,-0.254,4.131
97.15,1.459,1.392,1.531,4.336,-0.252,4.167
97.16,1.450,1.393,1.519,4.155,-0.253,4.164
97.17,1.719,1.393,1.552,4.021,-0.253,4.140
97.18,1.580,1.395,1.558,4.211,-0.254,4.152
97.19,1.639,1.395,1.572,4.408,-0.253,4.195
97.20,1.710,1.396,1.596,4.243,-0.254,4.202
97.21,1.651,1.397,1.606,3.955,-0.256,4.159
97.22,1.560,1.398,1.599,4.120,-0.257,4.151
97.23,1.651,1.398,1.607,4.304,-0.256,4.178
97.24,1.728,1.398,1.628,4.201,-0.257,4.181
97.25,1.294,1.398,1.571,4.250,-0.257,4.193
97.26,1.585,1.396,1.572,3.988,-0.257,4.158
97.27,1.487,1.394,1.556,4.265,-0.257,4.177
97.28,1.792,1.394,1.595,4.212,-0.256,4.183
97.29,1.538,1.396,1.587,4.231,-0.256,4.192
97.30,1.619,1.397,1.593,4.118,-0.254,4.180
97.31,1.561,1.400,1.590,4.012,-0.255,4.151
97.32,1.533,1.400,1.580,4.114,-0.256,4.144
97.33,1.576,1.400,1.579,4.291,-0.258,4.168
97.34,1.699,1.402,1.601,3.948,-0.258,4.131
97.35,1.829,1.405,1.641,4.225,-0.258,4.147
97.36,1.584,1.406,1.633,4.021,-0.259,4.125
97.37,1.419,1.407,1.597,4.187,-0.257,4.136
97.38,1.467,1.408,1.576,4.328,-0.258,4.168
97.39,1.701,1.408,1.597,4.037,-0.259,4.145
97.40,1.691,1.410,1.615,4.522,-0.260,4.207
97.41,1.581,1.410,1.609,4.100,-0.259,4.190
97.42,1.749,1.410,1.633,4.134,-0.260,4.180
97.43,1.435,1.413,1.601,4.203,-0.260,4.183
97.44,1.317,1.411,1.552,3.970,-0.261,4.147
97.45,1.479,1.413,1.541,4.243,-0.262,4.163
97.46,1.613,1.413,1.553,4.142,-0.263,4.158
97.47,1.298,1.413,1.509,4.322,-0.264,4.185
97.48,1.747,1.412,1.549,4.394,-0.265,4.219
97.49,1.555,1.412,1.549,3.983,-0.266,4.179
97.50,1.617,1.411,1.560,4.048,-0.266,4.157
97.51,1.520,1.411,1.553,4.240,-0.266,4.171
97.52,1.676,1.410,1.573,4.289,-0.267,4.190
97.53,1.444,1.411,1.551,4.229,-0.267,4.197
97.54,1.348,1.412,1.518,4.047,-0.267,4.171
97.55,1.457,1.415,1.510,4.472,-0.268,4.221
97.56,1.468,1.416,1.503,4.243,-0.267,4.226
97.57,1.706,1.417,1.538,4.267,-0.267,4.233
97.58,1.541,1.418,1.539,3.903,-0.268,4.176
97.59,1.405,1.416,1.515,4.105,-0.268,4.165
97.60,1.368,1.416,1.490,4.092,-0.269,4.152
97.61,1.483,1.416,1.488,4.031,-0.268,4.132
97.62,1.723,1.413,1.525,4.347,-0.269,4.168
97.63,1.467,1.414,1.516,4.180,-0.269,4.169
97.64,1.494,1.414,1.511,4.537,-0.269,4.232
97.66,1.486,1.412,1.505,4.023,-0.269,4.197
97.67,1.202,1.411,1.453,4.226,-0.269,4.201
97.68,1.650,1.411,1.486,4.301,-0.269,4.219
97.69,1.868,1.410,1.549,4.226,-0.268,4.220
97.70,1.631,1.409,1.562,4.254,-0.268,4.226
97.71,1.380,1.412,1.533,4.449,-0.268,4.264
97.72,1.612,1.410,1.545,4.267,-0.270,4.263
97.73,1.396,1.410,1.520,3.840,-0.269,4.193
97.73,1.259,1.411,1.476,4.357,-0.269,4.221
97.75,1.459,1.412,1.474,4.311,-0.270,4.235
97.76,1.670,1.414,1.508,4.352,-0.268,4.256
97.77,1.597,1.414,1.523,4.061,-0.268,4.223
97.78,1.738,1.412,1.557,4.210,-0.268,4.221
97.79,1.613,1.413,1.567,4.320,-0.269,4.237
97.80,1.654,1.413,1.582,4.322,-0.270,4.251
97.81,1.871,1.413,1.630,4.224,-0.271,4.246
97.82,1.433,1.412,1.596,4.183,-0.271,4.235
97.83,1.469,1.413,1.576,4.311,-0.271,4.248
97.84,1.593,1.414,1.579,3.907,-0.271,4.191
97.85,1.547,1.414,1.574,4.277,-0.271,4.205
97.86,1.451,1.414,1.553,4.341,-0.272,4.228
97.87,1.637,1.414,1.567,4.233,-0.273,4.227
97.88,1.433,1.412,1.542,4.191,-0.271,4.224
97.89,1.904,1.415,1.605,4.118,-0.274,4.203
97.90,1.820,1.414,1.640,4.496,-0.270,4.255
97.91,1.610,1.415,1.636,4.253,-0.273,4.253
97.92,1.495,1.414,1.612,4.124,-0.273,4.231
97.93,1.319,1.416,1.564,4.526,-0.272,4.282
97.94,1.730,1.416,1.591,4.292,-0.272,4.284
97.95,1.645,1.414,1.598,3.795,-0.271,4.202
97.96,1.534,1.415,1.589,4.151,-0.273,4.192
97.97,1.533,1.416,1.580,4.085,-0.274,4.173
97.98,1.541,1.418,1.575,4.135,-0.272,4.168
97.99,2.068,1.418,1.658,4.289,-0.273,4.189
98.00,1.556,1.419,1.642,4.066,-0.271,4.169
98.01,1.627,1.419,1.639,4.031,-0.272,4.145
98.02,1.499,1.420,1.616,4.135,-0.272,4.143
98.03,1.491,1.416,1.592,4.311,-0.270,4.173
98.04,1.542,1.416,1.584,4.429,-0.271,4.216
98.05,1.495,1.416,1.569,3.964,-0.271,4.173
98.06,1.438,1.417,1.547,4.348,-0.271,4.202
98.07,1.454,1.418,1.532,4.187,-0.271,4.200
98.08,1.696,1.419,1.560,4.425,-0.270,4.238
98.09,1.360,1.418,1.525,4.515,-0.271,4.284
98.10,1.533,1.418,1.527,4.217,-0.272,4.272
98.11,1.533,1.419,1.529,4.257,-0.272,4.270
98.12,1.442,1.420,1.514,4.142,-0.272,4.249
98.13,1.620,1.419,1.531,3.972,-0.271,4.203
98.14,1.509,1.420,1.528,3.706,-0.270,4.120
98.15,1.837,1.421,1.581,4.189,-0.270,4.132
98.16,1.752,1.422,1.611,3.943,-0.269,4.100
98.17,1.679,1.422,1.622,4.119,-0.270,4.103
98.18,1.717,1.424,1.640,4.280,-0.271,4.132
98.19,1.525,1.424,1.620,4.160,-0.271,4.136
98.20,1.679,1.423,1.630,4.094,-0.272,4.128
98.21,1.594,1.424,1.624,4.143,-0.271,4.131
98.22,1.777,1.423,1.649,4.256,-0.272,4.151
98.23,1.573,1.426,1.638,3.969,-0.273,4.120
98.24,1.396,1.427,1.599,3.981,-0.274,4.096
98.25,1.554,1.428,1.592,4.390,-0.275,4.144
98.26,1.653,1.429,1.603,4.161,-0.275,4.147
98.27,1.564,1.428,1.595,4.130,-0.277,4.143
98.28,1.688,1.428,1.611,4.143,-0.277,4.143
98.29,1.334,1.429,1.565,3.867,-0.277,4.097
98.30,1.879,1.430,1.618,4.274,-0.278,4.125
98.31,1.570,1.430,1.611,4.190,-0.278,4.136
98.32,1.490,1.430,1.589,4.388,-0.277,4.179
98.33,1.408,1.426,1.556,4.147,-0.278,4.173
98.34,1.467,1.426,1.540,4.145,-0.278,4.168
98.35,1.515,1.426,1.536,4.250,-0.278,4.182
98.36,1.828,1.425,1.584,4.033,-0.276,4.159
98.37,1.463,1.427,1.565,4.402,-0.275,4.201
98.38,1.741,1.426,1.594,4.280,-0.275,4.214
98.39,1.685,1.428,1.611,3.892,-0.274,4.161
98.40,1.368,1.430,1.571,4.154,-0.274,4.159
98.41,1.731,1.430,1.599,4.437,-0.274,4.207
98.42,1.707,1.430,1.616,4.306,-0.274,4.223
98.43,1.396,1.429,1.579,4.370,-0.274,4.248
98.44,1.640,1.431,1.591,4.046,-0.275,4.213
98.45,1.615,1.431,1.594,4.119,-0.275,4.197
98.46,1.732,1.432,1.619,4.673,-0.274,4.278
98.47,1.733,1.433,1.638,4.408,-0.275,4.300
98.48,1.730,1.433,1.653,3.999,-0.275,4.249
98.49,1.353,1.435,1.604,4.167,-0.276,4.235
98.50,1.675,1.434,1.615,4.239,-0.275,4.236
98.51,1.582,1.434,1.609,4.138,-0.275,4.219
98.52,1.574,1.433,1.602,4.150,-0.276,4.207
98.53,1.361,1.432,1.561,3.988,-0.277,4.170
98.54,1.684,1.432,1.581,4.409,-0.280,4.208
98.55,1.521,1.431,1.570,4.000,-0.278,4.174
98.56,1.694,1.434,1.593,4.395,-0.278,4.211
98.57,2.039,1.433,1.667,3.965,-0.277,4.171
98.58,1.792,1.432,1.687,4.188,-0.278,4.173
98.59,1.840,1.433,1.714,4.303,-0.277,4.195
98.60,1.597,1.434,1.695,4.336,-0.276,4.220
98.61,1.323,1.434,1.633,3.870,-0.276,4.161
98.62,1.402,1.434,1.594,3.976,-0.277,4.129
98.63,1.341,1.433,1.550,3.973,-0.277,4.103
98.64,1.574,1.434,1.555,4.309,-0.278,4.137
98.65,1.658,1.435,1.573,4.298,-0.276,4.165
98.66,1.691,1.435,1.593,4.133,-0.276,4.160
98.67,1.320,1.435,1.546,3.871,-0.276,4.111
98.68,1.456,1.434,1.530,4.246,-0.275,4.134
98.69,1.665,1.434,1.553,4.071,-0.278,4.121
98.70,1.623,1.436,1.566,4.355,-0.276,4.162
98.71,1.739,1.435,1.594,4.130,-0.278,4.155
98.72,1.593,1.435,1.594,4.351,-0.279,4.188
98.73,1.733,1.436,1.618,4.040,-0.279,4.163
98.74,1.561,1.437,1.608,4.453,-0.278,4.212
98.75,1.784,1.436,1.637,3.953,-0.277,4.169
98.76,1.387,1.437,1.596,4.597,-0.278,4.241
98.77,1.251,1.436,1.537,3.856,-0.280,4.175
98.78,1.482,1.437,1.529,4.195,-0.280,4.178
98.79,1.825,1.437,1.578,4.374,-0.280,4.211
98.80,1.402,1.435,1.547,3.794,-0.281,4.140
98.81,1.835,1.437,1.596,4.414,-0.279,4.187
98.82,1.759,1.437,1.624,4.346,-0.279,4.214
98.83,1.573,1.438,1.615,4.147,-0.277,4.205
98.84,1.579,1.439,1.610,4.380,-0.278,4.234
98.85,1.812,1.437,1.643,4.209,-0.279,4.229
98.86,1.566,1.437,1.629,3.819,-0.278,4.161
98.87,1.542,1.435,1.613,4.183,-0.278,4.164
98.88,1.750,1.435,1.636,4.011,-0.277,4.139
98.89,1.626,1.434,1.634,3.684,-0.277,4.063
98.90,1.513,1.432,1.611,4.212,-0.276,4.089
98.91,1.560,1.432,1.602,4.212,-0.277,4.108
98.92,1.538,1.433,1.593,4.221,-0.278,4.127
98.93,1.470,1.433,1.572,4.230,-0.277,4.144
98.94,1.429,1.434,1.549,4.102,-0.278,4.137
98.95,1.725,1.436,1.579,4.347,-0.280,4.171
98.96,1.551,1.436,1.575,4.156,-0.278,4.170
98.97,1.565,1.436,1.573,4.202,-0.278,4.175
98.98,1.571,1.435,1.572,4.544,-0.279,4.237
98.99,1.453,1.435,1.551,4.099,-0.279,4.214
99.00,1.621,1.435,1.563,4.135,-0.280,4.199
99.01,1.419,1.434,1.538,4.563,-0.280,4.261
99.02,1.789,1.435,1.580,4.324,-0.279,4.272
99.03,1.449,1.433,1.557,4.185,-0.280,4.257
99.04,1.515,1.435,1.551,4.260,-0.280,4.258
99.05,1.447,1.435,1.533,4.068,-0.280,4.226
99.06,1.536,1.436,1.534,4.241,-0.280,4.229
99.07,1.788,1.437,1.578,4.237,-0.280,4.230
99.09,1.498,1.437,1.564,4.181,-0.279,4.223
99.09,1.629,1.437,1.575,4.262,-0.279,4.230
99.10,1.306,1.435,1.528,4.268,-0.278,4.237
99.11,1.662,1.435,1.550,4.268,-0.278,4.242
99.13,1.509,1.434,1.542,4.054,-0.278,4.211
99.13,1.602,1.437,1.554,4.089,-0.278,4.190
99.14,1.520,1.438,1.549,3.962,-0.278,4.152
99.15,1.515,1.438,1.544,4.117,-0.279,4.146
99.16,1.402,1.440,1.521,4.164,-0.279,4.149
99.18,1.540,1.439,1.523,4.083,-0.277,4.139
99.18,1.582,1.440,1.534,4.196,-0.277,4.149
99.20,1.365,1.442,1.506,4.328,-0.277,4.178
99.21,1.423,1.443,1.493,4.029,-0.278,4.153
99.22,1.568,1.444,1.506,4.142,-0.279,4.150
99.23,1.519,1.445,1.509,4.311,-0.278,4.178
99.24,1.682,1.445,1.538,4.188,-0.279,4.179
99.25,1.270,1.448,1.495,4.338,-0.278,4.206
99.26,1.578,1.449,1.510,4.224,-0.279,4.209
99.27,1.640,1.450,1.532,4.370,-0.280,4.235
99.28,1.367,1.449,1.503,4.029,-0.281,4.200
99.29,1.866,1.448,1.563,4.125,-0.281,4.187
99.30,1.780,1.449,1.600,4.287,-0.283,4.203
99.31,1.512,1.450,1.586,4.332,-0.280,4.227
99.32,1.799,1.450,1.622,4.018,-0.282,4.190
99.33,1.626,1.450,1.622,4.220,-0.281,4.196
99.34,1.730,1.450,1.640,4.132,-0.282,4.185
99.35,1.526,1.449,1.620,4.070,-0.283,4.165
99.36,1.638,1.449,1.623,4.415,-0.281,4.208
99.37,1.915,1.449,1.672,4.112,-0.281,4.192
99.38,1.539,1.448,1.649,4.489,-0.281,4.242
99.39,1.719,1.445,1.658,4.239,-0.282,4.240
99.40,1.618,1.447,1.653,4.114,-0.284,4.218
99.41,1.400,1.445,1.609,4.348,-0.284,4.240
99.42,1.467,1.444,1.584,4.098,-0.285,4.216
99.43,1.360,1.445,1.547,4.080,-0.284,4.193
99.44,1.426,1.446,1.527,4.202,-0.283,4.196
99.45,1.718,1.449,1.561,4.561,-0.284,4.256
99.46,1.735,1.450,1.592,4.412,-0.282,4.284
99.47,1.406,1.452,1.562,4.266,-0.282,4.281
99.48,1.485,1.452,1.549,4.396,-0.282,4.301
99.49,1.527,1.453,1.546,4.124,-0.281,4.272
99.50,1.392,1.454,1.520,4.225,-0.280,4.265
99.51,1.181,1.453,1.463,4.272,-0.280,4.266
99.52,1.775,1.452,1.514,4.180,-0.283,4.250
99.53,1.519,1.453,1.516,4.286,-0.284,4.255
99.54,1.197,1.453,1.461,4.579,-0.285,4.309
99.55,1.604,1.452,1.484,4.055,-0.285,4.267
99.56,1.593,1.451,1.502,4.374,-0.285,4.284
99.57,1.574,1.452,1.514,4.132,-0.284,4.260
99.58,1.647,1.451,1.535,4.305,-0.284,4.267
99.59,1.578,1.451,1.542,3.942,-0.284,4.213
99.60,1.701,1.450,1.568,4.098,-0.285,4.193
99.61,1.563,1.448,1.566,4.064,-0.285,4.172
99.62,1.912,1.449,1.624,4.122,-0.286,4.162
99.63,1.695,1.447,1.635,4.655,-0.287,4.244
99.64,1.481,1.446,1.608,4.288,-0.286,4.253
99.65,1.761,1.447,1.635,4.207,-0.284,4.247
99.66,1.744,1.445,1.651,4.373,-0.283,4.269
99.67,1.041,1.445,1.549,3.926,-0.282,4.212
99.68,1.524,1.446,1.545,4.470,-0.283,4.255
99.69,1.568,1.447,1.550,4.209,-0.282,4.248
99.70,1.801,1.447,1.592,4.303,-0.282,4.258
99.71,1.522,1.446,1.579,4.085,-0.283,4.228
99.72,1.537,1.448,1.574,4.168,-0.283,4.217
99.73,1.516,1.451,1.566,4.347,-0.285,4.238
99.74,1.702,1.451,1.589,4.160,-0.286,4.224
99.75,1.399,1.451,1.557,3.847,-0.286,4.160
99.76,1.496,1.453,1.548,4.048,-0.286,4.142
99.77,1.294,1.453,1.505,4.085,-0.285,4.133
99.78,1.602,1.451,1.519,3.930,-0.284,4.100
99.79,1.498,1.451,1.516,4.273,-0.286,4.127
99.80,1.847,1.451,1.571,4.127,-0.286,4.127
99.81,1.597,1.450,1.575,4.195,-0.285,4.139
99.82,1.471,1.452,1.558,3.988,-0.286,4.113
99.83,1.647,1.452,1.574,4.295,-0.285,4.144
99.84,1.413,1.452,1.546,4.003,-0.284,4.121
99.85,1.618,1.452,1.558,3.968,-0.283,4.096
99.86,1.519,1.452,1.551,4.203,-0.283,4.114
99.87,1.719,1.451,1.579,3.757,-0.283,4.054
99.88,1.764,1.450,1.609,4.334,-0.284,4.100
99.89,1.469,1.450,1.585,4.445,-0.284,4.158
99.90,1.404,1.449,1.554,4.596,-0.284,4.232
99.91,1.719,1.450,1.582,3.947,-0.285,4.183
99.92,1.807,1.451,1.621,4.098,-0.286,4.168
99.93,1.609,1.451,1.618,3.972,-0.286,4.134
99.94,1.752,1.450,1.640,4.151,-0.286,4.138
99.95,1.243,1.453,1.575,4.077,-0.287,4.127
99.96,1.700,1.454,1.598,4.155,-0.287,4.131
99.97,1.464,1.455,1.575,4.271,-0.287,4.155
99.98,1.772,1.455,1.608,4.403,-0.287,4.196
99.99,1.481,1.456,1.588,4.360,-0.289,4.222
100.00,1.758,1.456,1.616,4.299,-0.287,4.237
100.01,1.559,1.455,1.605,4.490,-0.288,4.279
100.02,1.651,1.457,1.615,4.012,-0.289,4.234
100.03,1.615,1.458,1.615,3.975,-0.289,4.190
100.04,1.489,1.458,1.594,4.104,-0.289,4.175
100.05,1.657,1.459,1.605,4.220,-0.290,4.182
100.06,1.560,1.460,1.598,4.056,-0.291,4.160
100.07,1.700,1.458,1.614,4.436,-0.291,4.206
100.08,1.714,1.459,1.632,4.153,-0.290,4.198
100.09,1.489,1.459,1.608,4.355,-0.290,4.225
100.10,1.751,1.459,1.631,4.318,-0.291,4.239
100.11,1.358,1.460,1.586,4.037,-0.292,4.205
100.12,1.392,1.460,1.553,4.299,-0.293,4.220
100.13,1.521,1.461,1.548,4.485,-0.292,4.265
100.14,1.636,1.460,1.562,4.137,-0.292,4.244
100.15,1.700,1.460,1.585,4.241,-0.291,4.245
100.16,1.643,1.458,1.593,4.141,-0.290,4.228
100.17,1.840,1.459,1.635,4.325,-0.288,4.246
100.18,1.846,1.458,1.670,3.817,-0.288,4.174
100.19,1.589,1.458,1.656,4.307,-0.290,4.195
100.20,1.390,1.459,1.612,4.391,-0.289,4.229
100.21,1.639,1.460,1.617,4.364,-0.288,4.253
100.22,1.490,1.460,1.595,4.151,-0.289,4.235
100.23,1.717,1.461,1.617,4.052,-0.288,4.205
100.24,1.637,1.463,1.621,3.904,-0.289,4.153
100.25,1.528,1.462,1.605,4.412,-0.290,4.196
100.26,1.549,1.464,1.597,4.150,-0.293,4.186
100.27,1.638,1.464,1.604,4.523,-0.293,4.243
100.28,1.736,1.462,1.624,4.231,-0.293,4.241
100.29,1.571,1.461,1.614,4.275,-0.294,4.246
100.30,1.422,1.462,1.582,4.275,-0.293,4.252
100.31,1.594,1.464,1.586,4.118,-0.292,4.230
100.32,1.303,1.465,1.539,4.455,-0.291,4.269
100.33,1.718,1.464,1.568,4.237,-0.292,4.263
100.34,1.522,1.462,1.559,4.498,-0.292,4.302
100.35,1.625,1.466,1.573,4.373,-0.293,4.314
100.36,1.667,1.468,1.590,4.356,-0.292,4.322
100.37,1.650,1.468,1.600,4.287,-0.291,4.317
100.38,1.291,1.468,1.548,4.374,-0.291,4.327
100.39,1.664,1.468,1.568,4.532,-0.291,4.361
100.40,1.504,1.468,1.556,4.381,-0.292,4.365
100.41,1.650,1.468,1.572,4.263,-0.292,4.348
100.42,1.294,1.465,1.523,4.133,-0.292,4.312
100.43,1.665,1.466,1.547,4.226,-0.292,4.298
100.44,1.673,1.466,1.568,4.041,-0.291,4.256
100.45,1.538,1.465,1.562,4.162,-0.291,4.240
100.46,1.489,1.464,1.549,3.861,-0.291,4.176
100.47,1.435,1.463,1.528,4.076,-0.291,4.159
100.48,1.629,1.463,1.545,4.119,-0.292,4.152
100.49,1.792,1.463,1.586,4.341,-0.292,4.183
100.50,1.537,1.464,1.579,4.110,-0.293,4.171
100.51,1.656,1.464,1.592,4.145,-0.294,4.165
100.52,1.645,1.465,1.601,4.291,-0.295,4.186
100.53,1.770,1.464,1.629,4.053,-0.293,4.165
100.54,1.410,1.465,1.592,4.013,-0.295,4.138
100.56,1.538,1.466,1.583,4.271,-0.295,4.160
100.56,1.501,1.470,1.573,4.266,-0.294,4.179
100.58,1.755,1.469,1.603,4.147,-0.295,4.172
100.58,1.587,1.468,1.599,4.001,-0.296,4.143
100.60,1.737,1.468,1.622,4.030,-0.297,4.123
100.61,1.769,1.469,1.647,4.359,-0.298,4.162
100.61,1.658,1.468,1.649,4.165,-0.297,4.163
100.63,1.767,1.470,1.670,3.910,-0.298,4.120
100.63,1.412,1.470,1.627,4.245,-0.297,4.142
100.65,1.688,1.470,1.637,4.262,-0.296,4.163
100.65,1.838,1.471,1.671,3.603,-0.297,4.067
100.67,1.568,1.472,1.655,4.270,-0.297,4.102
100.67,1.287,1.469,1.591,4.345,-0.297,4.143
100.69,1.923,1.470,1.647,4.094,-0.296,4.135
100.69,1.451,1.470,1.614,4.241,-0.297,4.152
100.71,1.568,1.470,1.606,4.259,-0.298,4.169
100.72,1.641,1.470,1.612,4.449,-0.297,4.218
100.73,1.379,1.470,1.572,4.427,-0.298,4.253
100.74,1.357,1.471,1.537,4.326,-0.298,4.265
100.75,1.544,1.471,1.537,4.236,-0.297,4.261
100.76,1.369,1.472,1.510,3.927,-0.298,4.204
100.77,1.860,1.471,1.567,4.157,-0.297,4.197
100.78,1.305,1.471,1.523,4.254,-0.297,4.206
100.79,1.635,1.472,1.543,4.181,-0.298,4.202
100.80,1.533,1.473,1.542,4.268,-0.298,4.213
100.81,1.509,1.474,1.537,4.094,-0.299,4.192
100.82,1.514,1.474,1.532,3.848,-0.298,4.135
100.83,1.422,1.474,1.514,3.851,-0.299,4.086
100.84,1.405,1.474,1.495,4.070,-0.299,4.083
100.85,1.844,1.474,1.554,4.025,-0.300,4.073
100.86,1.802,1.474,1.596,4.236,-0.300,4.100
100.87,1.600,1.476,1.597,4.422,-0.300,4.154
100.88,1.591,1.475,1.595,3.735,-0.300,4.084
100.89,1.295,1.473,1.543,4.387,-0.298,4.136
100.90,1.568,1.472,1.547,4.198,-0.300,4.145
100.91,1.861,1.472,1.599,4.214,-0.299,4.157
100.92,1.777,1.474,1.630,4.285,-0.299,4.179
100.93,1.490,1.475,1.607,4.202,-0.300,4.182
100.94,1.948,1.474,1.664,4.215,-0.300,4.188
100.95,1.732,1.475,1.676,4.187,-0.300,4.188
100.96,1.270,1.475,1.608,3.861,-0.300,4.132
100.97,1.493,1.474,1.587,4.226,-0.299,4.149
100.98,1.592,1.474,1.589,4.441,-0.298,4.199
100.99,1.506,1.474,1.574,4.200,-0.298,4.199
101.00,1.231,1.475,1.517,4.448,-0.298,4.242
101.01,1.793,1.475,1.563,4.458,-0.299,4.277
101.02,1.645,1.473,1.576,3.972,-0.299,4.225
101.03,1.719,1.472,1.599,4.023,-0.300,4.191
101.04,1.661,1.471,1.608,4.585,-0.299,4.258
101.05,1.482,1.470,1.586,4.207,-0.299,4.249
101.06,1.422,1.473,1.560,4.290,-0.299,4.256
101.07,1.655,1.472,1.576,4.365,-0.298,4.276
101.08,1.532,1.475,1.570,4.351,-0.299,4.288
101.09,1.501,1.474,1.557,4.188,-0.299,4.272
101.10,1.377,1.473,1.527,4.280,-0.299,4.273
101.11,1.522,1.471,1.524,4.112,-0.300,4.245
101.12,1.608,1.471,1.538,4.019,-0.298,4.208
101.13,1.269,1.471,1.492,4.226,-0.297,4.212
101.14,1.523,1.471,1.497,4.166,-0.296,4.206
101.15,1.851,1.472,1.558,4.151,-0.297,4.196
101.16,1.433,1.471,1.535,4.099,-0.298,4.179
101.17,1.744,1.472,1.571,4.072,-0.298,4.161
101.18,1.581,1.472,1.572,4.605,-0.299,4.235
101.19,1.676,1.472,1.590,4.255,-0.299,4.238
101.20,1.786,1.473,1.623,4.017,-0.299,4.201
101.21,1.422,1.473,1.590,3.818,-0.299,4.137
101.22,1.620,1.473,1.595,4.530,-0.298,4.203
101.23,1.550,1.475,1.588,3.891,-0.299,4.149
101.24,1.584,1.473,1.586,4.295,-0.299,4.174
101.25,1.522,1.473,1.575,4.211,-0.298,4.181
101.26,1.178,1.473,1.508,4.094,-0.299,4.166
101.27,1.646,1.475,1.533,4.059,-0.299,4.148
101.28,1.631,1.475,1.549,4.156,-0.299,4.149
101.29,1.492,1.475,1.539,4.340,-0.300,4.181
101.30,1.257,1.474,1.491,4.515,-0.302,4.235
101.31,1.588,1.474,1.507,4.405,-0.301,4.265
101.32,1.562,1.474,1.516,4.049,-0.301,4.228
101.33,1.930,1.474,1.586,4.113,-0.300,4.210
101.34,1.554,1.475,1.581,4.247,-0.301,4.215
101.35,1.471,1.476,1.563,3.964,-0.301,4.173
101.36,1.816,1.475,1.605,4.404,-0.301,4.212
101.37,1.575,1.475,1.600,4.640,-0.301,4.284
101.38,2.018,1.475,1.670,4.091,-0.300,4.253
101.39,1.459,1.474,1.633,4.118,-0.299,4.231
101.40,1.793,1.473,1.659,4.368,-0.299,4.254
101.41,1.558,1.472,1.642,3.933,-0.301,4.199
101.42,1.830,1.474,1.675,4.100,-0.303,4.181
101.43,1.822,1.473,1.699,4.333,-0.303,4.206
101.44,1.649,1.474,1.691,4.201,-0.303,4.206
101.45,1.621,1.474,1.679,4.025,-0.302,4.176
101.46,1.388,1.476,1.632,4.028,-0.301,4.152
101.47,1.635,1.478,1.634,4.069,-0.300,4.138
101.48,1.458,1.479,1.605,4.183,-0.300,4.146
101.49,1.797,1.479,1.637,4.318,-0.300,4.175
101.50,1.565,1.480,1.626,4.109,-0.300,4.164
101.51,1.601,1.478,1.620,3.819,-0.301,4.105
101.52,1.538,1.479,1.607,4.537,-0.302,4.177
101.53,1.779,1.479,1.636,4.359,-0.301,4.208
101.54,1.708,1.479,1.648,4.259,-0.301,4.217
101.55,1.676,1.481,1.655,4.183,-0.301,4.211
101.56,1.305,1.481,1.596,4.371,-0.302,4.238
101.57,1.556,1.480,1.588,4.240,-0.301,4.239
101.58,1.870,1.479,1.635,4.138,-0.302,4.221
101.59,1.766,1.481,1.658,4.193,-0.301,4.217
101.60,1.554,1.481,1.641,4.449,-0.302,4.256
101.61,1.673,1.482,1.647,3.947,-0.303,4.203
101.62,1.323,1.483,1.593,4.170,-0.303,4.198
101.63,1.546,1.483,1.586,4.040,-0.305,4.170
101.64,1.406,1.486,1.557,4.067,-0.305,4.152
101.65,1.661,1.485,1.574,4.221,-0.306,4.163
101.66,1.450,1.485,1.553,4.009,-0.307,4.136
101.67,1.526,1.487,1.550,4.225,-0.307,4.152
101.68,1.461,1.489,1.536,3.879,-0.307,4.106
101.69,1.514,1.489,1.532,4.730,-0.306,4.211
101.70,1.636,1.489,1.550,4.510,-0.306,4.261
101.71,1.323,1.489,1.511,4.036,-0.305,4.224
101.72,1.664,1.488,1.536,4.263,-0.306,4.231
101.73,1.755,1.487,1.571,4.494,-0.306,4.275
101.74,1.802,1.489,1.613,4.101,-0.304,4.247
101.75,1.535,1.492,1.602,4.020,-0.303,4.210
101.76,1.790,1.493,1.634,3.963,-0.304,4.167
101.77,1.485,1.491,1.608,3.709,-0.305,4.089
101.78,1.777,1.491,1.636,4.270,-0.305,4.119
101.79,1.602,1.490,1.629,4.075,-0.305,4.112
101.80,1.380,1.488,1.585,4.357,-0.304,4.154
101.81,1.697,1.490,1.606,4.089,-0.304,4.143
101.82,1.482,1.489,1.584,4.230,-0.303,4.158
101.83,1.821,1.489,1.624,4.207,-0.303,4.167
101.84,1.565,1.489,1.614,4.107,-0.302,4.157
101.85,1.859,1.491,1.656,3.856,-0.302,4.106
101.86,1.499,1.490,1.629,4.216,-0.302,4.125
101.87,1.517,1.491,1.611,4.091,-0.303,4.118
101.88,1.688,1.491,1.624,3.968,-0.304,4.092
101.89,1.508,1.491,1.605,3.991,-0.305,4.075
101.90,1.531,1.492,1.593,3.986,-0.306,4.058
101.91,1.918,1.492,1.647,4.177,-0.304,4.080
101.92,1.595,1.492,1.639,4.324,-0.303,4.122
101.93,1.714,1.492,1.651,4.104,-0.304,4.118
101.94,1.527,1.492,1.630,4.234,-0.305,4.136
101.95,1.634,1.492,1.631,3.789,-0.307,4.077
101.96,1.816,1.492,1.661,4.187,-0.306,4.096
101.97,1.439,1.492,1.624,4.299,-0.305,4.131
101.98,1.485,1.494,1.602,4.356,-0.306,4.168
101.99,1.582,1.494,1.598,3.980,-0.305,4.137
102.00,1.628,1.495,1.605,4.207,-0.305,4.149
102.01,1.310,1.496,1.555,4.439,-0.305,4.198
102.02,1.449,1.496,1.538,4.506,-0.304,4.251
102.03,1.376,1.498,1.512,4.251,-0.304,4.251
102.04,1.639,1.499,1.534,4.236,-0.305,4.247
102.05,1.518,1.501,1.533,4.223,-0.304,4.244
102.06,1.659,1.502,1.554,4.325,-0.304,4.258
102.08,1.767,1.502,1.590,4.030,-0.306,4.218
102.09,1.450,1.503,1.566,4.347,-0.306,4.240
102.10,1.526,1.505,1.561,4.167,-0.304,4.229
102.11,1.702,1.505,1.585,4.243,-0.304,4.232
102.12,1.318,1.503,1.538,4.216,-0.304,4.229
102.13,1.673,1.502,1.560,4.223,-0.304,4.228
102.13,1.705,1.502,1.584,4.628,-0.305,4.295
102.15,1.642,1.503,1.594,4.024,-0.305,4.250
102.16,1.486,1.503,1.576,4.435,-0.306,4.280
102.17,1.547,1.502,1.570,4.427,-0.305,4.306
102.18,1.644,1.504,1.584,4.407,-0.304,4.324
102.18,1.896,1.504,1.636,4.311,-0.304,4.322
102.20,1.421,1.504,1.600,4.034,-0.304,4.274
102.21,1.551,1.505,1.593,4.098,-0.303,4.245
102.22,1.777,1.503,1.622,4.346,-0.303,4.262
102.22,1.593,1.503,1.617,4.661,-0.304,4.329
102.24,1.711,1.505,1.634,4.074,-0.303,4.287
102.25,1.651,1.506,1.638,4.398,-0.302,4.307
102.26,1.855,1.505,1.674,4.482,-0.301,4.337
102.27,1.578,1.504,1.657,4.246,-0.299,4.324
102.28,1.492,1.505,1.630,3.988,-0.299,4.267
102.29,1.537,1.505,1.614,4.343,-0.299,4.280
102.30,1.469,1.505,1.590,4.127,-0.300,4.254
102.31,1.643,1.504,1.597,4.416,-0.300,4.281
102.32,1.601,1.504,1.597,4.253,-0.300,4.277
102.33,1.867,1.505,1.644,4.299,-0.300,4.280
102.34,1.317,1.505,1.589,4.244,-0.300,4.275
102.35,1.394,1.507,1.557,4.605,-0.300,4.330
102.36,1.278,1.509,1.512,4.195,-0.300,4.308
102.37,1.486,1.510,1.508,4.169,-0.302,4.283
102.38,1.846,1.507,1.562,4.293,-0.301,4.285
102.39,1.549,1.508,1.561,4.132,-0.302,4.259
102.40,1.283,1.510,1.515,3.947,-0.304,4.205
102.41,1.405,1.508,1.495,4.382,-0.305,4.234
102.42,1.765,1.509,1.541,4.384,-0.306,4.258
102.43,1.605,1.510,1.552,4.226,-0.305,4.254
102.44,1.381,1.512,1.525,3.952,-0.304,4.204
102.45,1.618,1.511,1.540,4.369,-0.304,4.232
102.46,1.670,1.512,1.562,3.662,-0.303,4.137
102.47,1.468,1.512,1.546,4.462,-0.303,4.192
102.48,1.663,1.513,1.566,4.430,-0.302,4.232
102.49,1.367,1.514,1.534,4.429,-0.302,4.266
102.50,1.361,1.516,1.506,4.425,-0.302,4.292
102.51,1.458,1.519,1.500,4.322,-0.303,4.297
102.52,1.562,1.519,1.510,4.324,-0.302,4.302
102.53,1.619,1.517,1.527,3.911,-0.304,4.236
102.54,1.738,1.517,1.562,4.430,-0.304,4.268
102.55,1.747,1.516,1.592,4.029,-0.304,4.228
102.56,1.503,1.516,1.577,4.145,-0.303,4.215
102.57,1.716,1.517,1.601,4.050,-0.303,4.187
102.58,1.481,1.516,1.579,4.133,-0.304,4.178
102.59,1.491,1.517,1.566,4.051,-0.305,4.155
102.60,1.541,1.520,1.563,4.347,-0.304,4.189
102.61,1.688,1.521,1.585,4.102,-0.303,4.175
102.62,1.399,1.522,1.555,3.968,-0.302,4.141
102.63,1.831,1.522,1.601,3.995,-0.300,4.118
102.64,1.752,1.523,1.627,4.068,-0.302,4.108
102.65,1.794,1.524,1.655,4.008,-0.303,4.090
102.66,1.632,1.524,1.652,4.064,-0.304,4.084
102.67,1.628,1.524,1.647,4.101,-0.305,4.086
102.68,1.539,1.526,1.631,4.197,-0.306,4.105
102.69,1.548,1.526,1.616,4.113,-0.306,4.105
102.70,1.533,1.527,1.603,3.872,-0.309,4.064
102.71,1.616,1.526,1.605,4.219,-0.308,4.091
102.72,1.632,1.526,1.609,4.356,-0.307,4.136
102.73,1.859,1.526,1.651,4.346,-0.307,4.171
102.74,1.526,1.524,1.628,4.206,-0.307,4.177
102.75,1.438,1.524,1.596,4.127,-0.310,4.167
102.76,1.577,1.524,1.593,4.030,-0.309,4.144
102.77,1.390,1.525,1.559,4.108,-0.310,4.137
102.78,1.714,1.528,1.588,3.960,-0.309,4.108
102.79,1.676,1.529,1.603,4.455,-0.309,4.166
102.80,1.714,1.529,1.621,4.314,-0.307,4.193
102.81,1.268,1.528,1.561,4.488,-0.307,4.243
102.82,1.730,1.526,1.587,4.022,-0.307,4.206
102.83,1.411,1.526,1.558,4.292,-0.310,4.218
102.84,1.532,1.526,1.553,4.027,-0.310,4.186
102.85,1.636,1.526,1.567,4.256,-0.311,4.197
102.86,1.759,1.525,1.598,4.287,-0.312,4.212
102.87,1.631,1.525,1.603,3.830,-0.313,4.147
102.88,1.574,1.525,1.598,4.200,-0.312,4.156
102.89,1.660,1.525,1.608,4.218,-0.312,4.167
102.90,1.643,1.523,1.613,4.175,-0.313,4.168
102.91,1.404,1.521,1.576,4.363,-0.313,4.200
102.92,1.422,1.523,1.551,4.349,-0.312,4.226
102.93,1.536,1.523,1.548,4.000,-0.312,4.188
102.94,1.316,1.524,1.510,4.106,-0.311,4.175
102.95,1.555,1.526,1.519,4.493,-0.309,4.230
102.96,1.681,1.528,1.548,4.136,-0.310,4.213
102.97,1.253,1.529,1.499,4.016,-0.310,4.181
102.98,1.452,1.528,1.490,4.077,-0.310,4.164
102.99,1.588,1.526,1.505,4.341,-0.309,4.194
103.00,1.900,1.528,1.572,4.029,-0.310,4.165
103.01,1.363,1.527,1.536,4.357,-0.310,4.198
103.02,1.656,1.526,1.556,4.243,-0.309,4.206
103.03,1.455,1.527,1.539,4.055,-0.308,4.181
103.04,1.544,1.528,1.540,4.465,-0.309,4.229
103.05,1.516,1.530,1.538,4.086,-0.310,4.204
103.06,1.449,1.532,1.524,4.379,-0.310,4.233
103.07,1.383,1.533,1.501,4.291,-0.311,4.243
103.08,1.523,1.531,1.503,4.431,-0.312,4.274
103.09,1.337,1.531,1.474,4.277,-0.314,4.273
103.10,1.762,1.532,1.523,4.318,-0.313,4.281
103.11,1.409,1.532,1.503,3.992,-0.313,4.232
103.12,1.583,1.531,1.516,4.209,-0.314,4.228
103.13,1.437,1.532,1.503,4.471,-0.314,4.269
103.14,1.458,1.532,1.495,4.198,-0.316,4.255
103.15,1.686,1.531,1.527,4.122,-0.316,4.234
103.16,1.400,1.531,1.505,4.103,-0.315,4.212
103.17,1.527,1.529,1.506,4.109,-0.315,4.195
103.18,1.453,1.531,1.499,4.322,-0.315,4.217
103.19,1.639,1.531,1.522,3.984,-0.315,4.177
103.20,1.697,1.531,1.551,4.039,-0.315,4.154
103.21,1.562,1.533,1.554,4.217,-0.315,4.164
103.22,1.401,1.533,1.529,4.493,-0.315,4.220
103.23,1.753,1.533,1.566,3.860,-0.316,4.159
103.24,1.550,1.535,1.564,4.330,-0.315,4.188
103.25,1.730,1.535,1.593,4.182,-0.316,4.187
103.26,1.500,1.537,1.578,4.083,-0.317,4.168
103.27,1.600,1.537,1.581,4.344,-0.317,4.198
103.28,1.574,1.537,1.580,4.215,-0.318,4.200
103.29,1.437,1.538,1.556,4.196,-0.316,4.201
103.30,1.522,1.539,1.551,4.280,-0.317,4.213
103.31,1.565,1.539,1.553,4.250,-0.318,4.219
103.32,1.515,1.540,1.548,4.117,-0.318,4.202
103.33,1.507,1.541,1.541,4.136,-0.319,4.190
103.34,1.495,1.542,1.534,4.096,-0.320,4.173
103.35,1.580,1.542,1.542,4.058,-0.320,4.154
103.36,1.297,1.544,1.502,4.059,-0.321,4.138
103.37,1.727,1.546,1.541,4.029,-0.321,4.119
103.38,1.401,1.546,1.517,4.385,-0.320,4.164
103.39,1.850,1.545,1.573,4.206,-0.320,4.171
103.40,1.660,1.545,1.587,4.362,-0.321,4.203
103.41,1.717,1.545,1.609,4.127,-0.321,4.190
103.42,1.597,1.544,1.606,4.255,-0.321,4.201
103.43,1.531,1.543,1.592,4.219,-0.322,4.203
103.44,1.550,1.544,1.586,4.070,-0.323,4.180
103.45,1.706,1.545,1.607,4.553,-0.325,4.241
103.46,1.622,1.546,1.610,4.076,-0.325,4.214
103.47,1.827,1.545,1.645,4.055,-0.325,4.187
103.48,1.647,1.544,1.645,4.002,-0.324,4.156
103.49,1.756,1.546,1.665,4.412,-0.323,4.200
103.50,1.483,1.547,1.635,4.391,-0.321,4.234
103.51,1.688,1.546,1.643,4.150,-0.321,4.220
103.53,1.688,1.546,1.651,4.091,-0.322,4.198
103.53,1.318,1.546,1.595,4.056,-0.321,4.175
103.54,1.384,1.545,1.558,4.211,-0.321,4.181
103.55,1.793,1.544,1.597,4.223,-0.321,4.188
103.56,1.461,1.543,1.573,4.246,-0.322,4.197
103.57,1.594,1.543,1.576,4.480,-0.322,4.245
103.58,1.481,1.542,1.559,4.237,-0.322,4.243
103.59,1.762,1.539,1.591,4.368,-0.322,4.265
103.61,1.579,1.541,1.590,4.341,-0.322,4.278
103.61,1.420,1.543,1.563,4.437,-0.322,4.305
103.63,1.476,1.543,1.548,4.224,-0.321,4.292
103.64,1.732,1.542,1.578,4.088,-0.322,4.257
103.65,1.458,1.540,1.556,4.341,-0.323,4.270
103.66,1.627,1.541,1.568,4.088,-0.324,4.239
103.67,1.762,1.540,1.600,4.257,-0.325,4.241
103.68,1.535,1.538,1.587,4.420,-0.324,4.272
103.69,1.554,1.538,1.581,4.367,-0.324,4.288
103.70,1.495,1.537,1.566,4.458,-0.325,4.316
103.71,1.614,1.537,1.574,4.070,-0.326,4.274
103.72,1.606,1.537,1.579,4.292,-0.326,4.277
103.73,1.793,1.536,1.614,4.408,-0.325,4.301
103.74,1.576,1.537,1.608,4.026,-0.325,4.255
103.75,1.737,1.536,1.629,4.401,-0.325,4.279
103.76,1.534,1.536,1.613,4.142,-0.326,4.256
103.77,1.540,1.538,1.602,4.092,-0.325,4.229
103.78,1.638,1.540,1.610,4.065,-0.325,4.202
103.79,1.651,1.538,1.615,4.205,-0.325,4.202
103.80,1.783,1.538,1.643,4.689,-0.325,4.285
103.81,1.648,1.539,1.645,4.148,-0.325,4.262
103.82,1.796,1.541,1.672,4.184,-0.325,4.249
103.83,1.708,1.542,1.678,4.154,-0.325,4.233
103.84,1.529,1.541,1.653,4.140,-0.325,4.217
103.85,1.478,1.539,1.622,4.318,-0.326,4.234
103.86,1.264,1.539,1.561,4.450,-0.326,4.270
103.87,1.326,1.540,1.523,4.073,-0.326,4.237
103.88,1.669,1.541,1.548,3.688,-0.326,4.145
103.89,1.802,1.541,1.590,4.370,-0.326,4.183
103.90,1.372,1.542,1.554,4.218,-0.326,4.189
103.91,1.626,1.544,1.568,4.304,-0.326,4.208
103.92,1.443,1.546,1.548,4.193,-0.327,4.205
103.93,1.511,1.546,1.541,4.223,-0.326,4.209
103.94,1.657,1.547,1.561,4.306,-0.327,4.224
103.95,1.347,1.548,1.526,4.228,-0.329,4.223
103.96,1.621,1.549,1.542,4.317,-0.329,4.239
103.97,1.471,1.549,1.531,3.879,-0.331,4.178
103.98,1.687,1.549,1.556,3.897,-0.331,4.130
103.99,1.683,1.548,1.577,4.248,-0.331,4.150
104.00,1.572,1.547,1.575,4.212,-0.330,4.161
104.01,1.663,1.548,1.591,4.565,-0.330,4.229
104.02,1.543,1.550,1.584,4.372,-0.329,4.254
104.03,1.361,1.550,1.546,3.963,-0.330,4.204
104.04,1.407,1.550,1.523,4.229,-0.330,4.209
104.05,1.403,1.550,1.502,4.295,-0.329,4.224
104.06,1.645,1.550,1.526,4.314,-0.330,4.239
104.07,1.793,1.550,1.571,4.393,-0.329,4.266
104.08,1.424,1.549,1.545,4.115,-0.329,4.240
104.09,1.861,1.550,1.599,4.501,-0.329,4.284
104.10,1.581,1.549,1.595,4.451,-0.330,4.311
104.11,1.374,1.550,1.558,4.263,-0.332,4.302
104.12,1.476,1.551,1.545,4.341,-0.334,4.307
104.13,1.747,1.551,1.578,4.306,-0.334,4.307
104.14,1.947,1.551,1.641,4.042,-0.334,4.262
104.15,1.423,1.553,1.606,4.048,-0.334,4.227
104.16,1.607,1.552,1.605,3.859,-0.333,4.165
104.17,1.604,1.554,1.606,4.311,-0.333,4.190
104.18,1.660,1.553,1.615,4.531,-0.332,4.248
104.19,1.895,1.553,1.661,4.281,-0.331,4.254
104.20,1.607,1.554,1.653,4.024,-0.331,4.216
104.21,1.392,1.553,1.609,4.258,-0.332,4.222
104.22,1.664,1.555,1.619,4.309,-0.332,4.237
104.23,1.898,1.556,1.667,4.226,-0.332,4.235
104.24,1.444,1.555,1.628,4.062,-0.333,4.205
104.25,1.414,1.555,1.592,4.023,-0.333,4.175
104.26,1.576,1.554,1.589,4.279,-0.333,4.192
104.27,1.666,1.554,1.601,4.100,-0.332,4.177
104.28,1.450,1.554,1.576,4.070,-0.334,4.158
104.29,1.655,1.552,1.588,4.374,-0.333,4.195
104.30,1.642,1.554,1.598,3.872,-0.333,4.141
104.31,1.701,1.556,1.617,4.290,-0.333,4.166
104.32,1.758,1.557,1.642,4.058,-0.334,4.147
104.33,1.601,1.557,1.635,4.446,-0.333,4.198
104.34,1.449,1.557,1.603,4.393,-0.334,4.231
104.35,1.503,1.558,1.587,4.470,-0.332,4.273
104.36,1.451,1.558,1.564,4.301,-0.332,4.277
104.37,1.570,1.560,1.566,4.139,-0.332,4.255
104.38,1.481,1.561,1.552,4.253,-0.332,4.254
104.39,1.539,1.562,1.551,3.837,-0.332,4.184
104.40,1.707,1.561,1.576,4.389,-0.332,4.219
104.41,1.735,1.562,1.603,4.289,-0.332,4.231
104.42,1.836,1.564,1.644,4.126,-0.332,4.213
104.43,1.688,1.564,1.651,4.200,-0.333,4.210
104.44,1.368,1.565,1.605,4.152,-0.334,4.200
104.45,1.422,1.567,1.575,4.189,-0.333,4.199
104.46,1.684,1.567,1.594,4.227,-0.331,4.205
104.47,1.596,1.568,1.594,4.122,-0.331,4.191
104.48,1.580,1.566,1.590,3.947,-0.330,4.152
104.49,1.647,1.568,1.602,4.112,-0.329,4.146
104.50,1.443,1.569,1.576,4.026,-0.328,4.126
104.51,1.600,1.572,1.581,3.985,-0.327,4.103
104.52,1.569,1.575,1.582,4.093,-0.329,4.100
104.53,1.760,1.576,1.612,4.229,-0.329,4.122
104.54,1.625,1.577,1.616,4.353,-0.328,4.161
104.55,1.403,1.576,1.579,4.256,-0.328,4.177
104.56,1.776,1.577,1.612,4.306,-0.329,4.198
104.57,1.537,1.576,1.598,4.472,-0.329,4.244
104.58,1.703,1.575,1.615,4.141,-0.329,4.226
104.59,1.401,1.576,1.580,4.493,-0.331,4.270
104.60,1.348,1.577,1.541,3.948,-0.331,4.216
104.61,1.705,1.577,1.568,4.315,-0.331,4.233
104.62,1.572,1.576,1.568,4.410,-0.331,4.263
104.63,1.714,1.579,1.595,4.165,-0.333,4.245
104.64,1.671,1.581,1.609,4.099,-0.333,4.221
104.65,1.608,1.581,1.609,4.128,-0.334,4.204
104.66,1.553,1.580,1.598,4.295,-0.332,4.221
104.67,1.860,1.582,1.644,4.125,-0.333,4.204
104.68,1.657,1.582,1.646,4.147,-0.333,4.195
104.69,1.603,1.581,1.638,4.560,-0.335,4.255
104.70,1.655,1.580,1.640,4.400,-0.336,4.279
104.71,1.585,1.578,1.629,4.163,-0.335,4.260
104.72,1.512,1.580,1.611,4.219,-0.335,4.253
104.73,1.695,1.579,1.624,4.533,-0.337,4.299
104.74,1.603,1.580,1.621,4.270,-0.336,4.295
104.75,1.578,1.579,1.613,4.185,-0.338,4.275
104.76,1.210,1.580,1.546,4.316,-0.338,4.282
104.77,1.565,1.579,1.548,4.131,-0.339,4.256
104.78,1.577,1.580,1.553,4.401,-0.339,4.281
104.79,1.560,1.579,1.553,4.264,-0.338,4.279
104.80,1.508,1.580,1.547,4.037,-0.337,4.239
104.81,1.786,1.583,1.588,4.439,-0.336,4.273
104.82,1.418,1.585,1.561,3.993,-0.337,4.225
104.83,1.598,1.585,1.567,4.282,-0.335,4.237
104.84,1.709,1.586,1.592,4.034,-0.336,4.202
104.85,1.547,1.587,1.585,4.025,-0.334,4.173
104.87,1.864,1.588,1.632,4.468,-0.334,4.223
104.87,1.857,1.586,1.669,4.255,-0.333,4.229
104.88,1.491,1.588,1.640,3.985,-0.335,4.187
104.89,1.396,1.587,1.598,4.034,-0.336,4.161
104.90,1.506,1.586,1.582,4.134,-0.338,4.154
104.91,1.683,1.589,1.601,4.103,-0.339,4.145
104.92,1.516,1.589,1.586,4.326,-0.339,4.175
104.93,1.468,1.590,1.567,4.375,-0.338,4.210
104.95,1.595,1.589,1.571,4.380,-0.338,4.239
104.95,1.463,1.589,1.553,4.328,-0.339,4.253
104.96,1.640,1.591,1.568,3.999,-0.339,4.211
104.97,1.566,1.592,1.569,4.275,-0.338,4.222
104.98,1.491,1.592,1.555,4.288,-0.338,4.233
104.99,1.555,1.592,1.555,4.166,-0.338,4.222
105.00,1.678,1.591,1.575,4.093,-0.339,4.200
105.01,1.623,1.593,1.584,4.079,-0.340,4.179
105.02,1.449,1.594,1.563,4.256,-0.340,4.191
105.03,1.570,1.595,1.564,4.021,-0.341,4.162
105.04,1.453,1.594,1.544,4.183,-0.341,4.166
105.06,1.558,1.594,1.546,4.309,-0.340,4.191
105.07,1.541,1.594,1.545,4.326,-0.340,4.213
105.08,1.681,1.594,1.568,4.193,-0.339,4.211
105.08,1.816,1.595,1.610,4.148,-0.338,4.202
105.10,1.653,1.594,1.616,4.428,-0.336,4.241
105.10,1.377,1.594,1.576,4.160,-0.337,4.227
105.12,1.593,1.595,1.579,3.983,-0.337,4.186
105.12,1.559,1.595,1.576,4.144,-0.337,4.179
105.14,1.692,1.595,1.595,4.234,-0.337,4.188
105.14,1.774,1.596,1.626,4.154,-0.338,4.182
105.16,1.673,1.596,1.634,4.341,-0.338,4.208
105.17,1.533,1.594,1.615,4.125,-0.339,4.194
105.18,1.851,1.593,1.653,4.116,-0.338,4.181
105.19,1.652,1.591,1.652,3.857,-0.339,4.125
105.20,1.705,1.592,1.661,4.121,-0.340,4.124
105.21,1.411,1.596,1.623,4.361,-0.339,4.165
105.22,1.508,1.594,1.602,4.088,-0.340,4.151
105.23,1.458,1.595,1.578,4.016,-0.341,4.127
105.24,1.630,1.594,1.586,4.021,-0.341,4.109
105.25,1.607,1.594,1.589,4.127,-0.340,4.113
105.26,1.523,1.593,1.577,4.398,-0.339,4.162
105.27,1.581,1.594,1.578,4.109,-0.339,4.153
105.28,1.694,1.595,1.598,4.179,-0.339,4.157
105.29,1.644,1.596,1.607,4.153,-0.340,4.156
105.30,1.685,1.595,1.619,4.289,-0.341,4.178
105.31,1.638,1.595,1.622,4.004,-0.340,4.149
105.32,1.283,1.596,1.565,4.156,-0.339,4.152
105.33,1.553,1.593,1.561,4.170,-0.339,4.154
105.34,1.389,1.592,1.531,3.963,-0.339,4.121
105.35,1.555,1.592,1.534,4.009,-0.339,4.103
105.36,1.736,1.590,1.567,4.291,-0.340,4.134
105.37,1.715,1.591,1.592,4.359,-0.340,4.172
105.38,1.589,1.594,1.594,4.082,-0.340,4.156
105.39,1.895,1.594,1.645,3.880,-0.340,4.110
105.40,1.497,1.596,1.621,4.463,-0.340,4.169
105.41,1.456,1.597,1.594,4.232,-0.339,4.181
105.42,1.665,1.597,1.605,4.577,-0.338,4.248
105.43,1.429,1.595,1.574,4.489,-0.338,4.289
105.44,1.512,1.595,1.564,4.167,-0.339,4.268
105.45,1.565,1.594,1.563,4.000,-0.339,4.223
105.46,1.490,1.591,1.548,4.218,-0.338,4.223
105.47,1.465,1.592,1.534,3.815,-0.338,4.154
105.48,1.622,1.591,1.548,4.303,-0.339,4.179
105.49,1.595,1.591,1.555,4.290,-0.338,4.198
105.50,1.332,1.590,1.517,4.120,-0.339,4.184
105.51,1.587,1.591,1.530,4.228,-0.340,4.191
105.52,1.691,1.592,1.557,4.024,-0.341,4.162
105.53,1.422,1.593,1.535,4.265,-0.342,4.179
105.54,1.553,1.591,1.536,4.038,-0.343,4.154
105.55,1.644,1.591,1.554,4.043,-0.345,4.134
105.56,1.509,1.595,1.549,4.076,-0.344,4.125
105.57,1.447,1.596,1.533,4.046,-0.345,4.111
105.58,1.502,1.597,1.528,4.267,-0.346,4.136
105.59,1.437,1.598,1.514,3.866,-0.346,4.091
105.60,1.646,1.598,1.536,4.401,-0.347,4.142
105.61,1.749,1.597,1.571,4.153,-0.347,4.144
105.62,1.599,1.595,1.573,4.307,-0.346,4.172
105.63,1.433,1.595,1.549,4.112,-0.346,4.162
105.64,1.567,1.593,1.550,4.172,-0.346,4.164
105.65,1.634,1.591,1.563,4.104,-0.347,4.153
105.66,1.544,1.592,1.560,4.322,-0.347,4.182
105.67,1.734,1.590,1.587,4.468,-0.347,4.229
105.68,1.455,1.591,1.565,4.041,-0.345,4.199
105.69,1.606,1.591,1.572,4.412,-0.346,4.235
105.70,1.443,1.592,1.551,4.360,-0.347,4.255
105.71,1.572,1.591,1.553,4.294,-0.346,4.262
105.72,1.403,1.590,1.527,4.334,-0.348,4.274
105.73,1.655,1.592,1.550,4.216,-0.347,4.265
105.74,1.569,1.593,1.554,4.310,-0.349,4.271
105.75,1.601,1.593,1.561,4.481,-0.350,4.305
105.76,1.546,1.591,1.557,4.493,-0.350,4.337
105.77,1.798,1.592,1.599,4.118,-0.350,4.301
105.78,1.730,1.592,1.620,4.122,-0.350,4.271
105.79,1.521,1.594,1.605,4.426,-0.349,4.298
105.80,1.460,1.594,1.581,3.983,-0.349,4.245
105.81,1.593,1.596,1.584,4.376,-0.348,4.268
105.82,1.543,1.597,1.578,4.159,-0.349,4.249
105.83,1.621,1.596,1.584,4.207,-0.348,4.243
105.84,1.662,1.595,1.596,4.293,-0.348,4.252
105.85,1.592,1.594,1.594,4.281,-0.347,4.258
105.86,1.527,1.595,1.583,4.292,-0.347,4.264
105.87,1.539,1.595,1.576,4.322,-0.347,4.273
105.88,1.772,1.596,1.609,4.209,-0.348,4.262
105.89,1.463,1.597,1.585,4.219,-0.349,4.254
105.90,1.350,1.597,1.546,4.193,-0.348,4.245
105.91,1.594,1.596,1.553,4.069,-0.348,4.215
105.92,1.723,1.596,1.581,4.258,-0.348,4.223
105.93,1.340,1.595,1.540,3.931,-0.348,4.174
105.94,1.581,1.594,1.545,4.159,-0.348,4.171
105.95,1.712,1.593,1.572,4.426,-0.348,4.214
105.96,1.719,1.593,1.597,4.031,-0.349,4.183
105.97,1.849,1.593,1.639,4.229,-0.348,4.191
105.98,1.742,1.594,1.657,4.260,-0.349,4.202
105.99,1.710,1.592,1.665,4.025,-0.350,4.171
106.00,1.684,1.593,1.668,4.312,-0.352,4.193
106.01,1.528,1.593,1.645,4.268,-0.352,4.206
106.02,1.599,1.592,1.636,4.226,-0.352,4.210
106.03,1.748,1.592,1.655,4.299,-0.351,4.225
106.04,1.732,1.593,1.668,4.414,-0.351,4.258
106.05,1.413,1.594,1.626,4.127,-0.351,4.236
106.06,1.758,1.596,1.650,4.114,-0.352,4.215
106.07,1.581,1.596,1.639,4.150,-0.353,4.203
106.08,1.702,1.597,1.650,4.244,-0.355,4.208
106.09,1.598,1.597,1.641,4.239,-0.355,4.213
106.10,1.567,1.600,1.632,4.323,-0.356,4.231
106.11,1.561,1.601,1.620,4.289,-0.356,4.241
106.12,1.649,1.602,1.626,4.107,-0.355,4.219
106.13,1.729,1.600,1.641,4.381,-0.354,4.248
106.14,1.741,1.600,1.658,4.083,-0.355,4.220
106.15,1.523,1.601,1.636,4.323,-0.354,4.238
106.16,1.861,1.603,1.675,4.190,-0.354,4.230
106.17,1.447,1.603,1.637,4.156,-0.354,4.218
106.18,1.687,1.605,1.647,4.115,-0.354,4.200
106.19,1.601,1.606,1.640,4.146,-0.355,4.191
106.20,1.427,1.607,1.605,4.521,-0.355,4.247
106.21,1.527,1.608,1.592,4.358,-0.355,4.265
106.22,1.624,1.609,1.598,4.107,-0.355,4.239
106.23,1.665,1.609,1.610,4.217,-0.357,4.234
106.24,1.332,1.610,1.563,4.250,-0.357,4.237
106.25,1.844,1.611,1.611,4.036,-0.357,4.203
106.26,1.682,1.612,1.624,4.053,-0.356,4.179
106.27,1.710,1.616,1.641,4.134,-0.356,4.171
106.28,1.555,1.615,1.626,4.368,-0.355,4.205
106.29,1.706,1.616,1.640,4.338,-0.356,4.226
106.30,1.727,1.615,1.654,4.416,-0.357,4.258
106.31,1.767,1.615,1.673,4.213,-0.358,4.250
106.32,1.795,1.615,1.693,4.388,-0.357,4.274
106.33,1.553,1.614,1.668,4.447,-0.358,4.302
106.34,1.565,1.614,1.651,4.233,-0.358,4.291
106.35,1.471,1.615,1.622,4.208,-0.358,4.277
106.36,1.691,1.615,1.633,4.084,-0.357,4.245
106.37,1.576,1.616,1.624,4.072,-0.358,4.215
106.38,1.340,1.615,1.575,4.236,-0.358,4.219
106.39,1.788,1.617,1.612,4.079,-0.356,4.197
106.40,1.762,1.616,1.637,4.201,-0.356,4.198
106.41,1.874,1.616,1.676,4.492,-0.355,4.248
106.43,1.405,1.615,1.630,3.816,-0.355,4.175
106.44,1.506,1.616,1.610,4.294,-0.357,4.194
106.44,1.479,1.615,1.587,4.197,-0.357,4.195
106.45,1.317,1.618,1.544,4.195,-0.357,4.194
106.47,1.598,1.617,1.552,4.102,-0.357,4.179
106.48,1.302,1.616,1.509,4.218,-0.356,4.186
106.49,1.590,1.615,1.521,4.236,-0.358,4.194
106.49,1.857,1.614,1.577,4.429,-0.357,4.234
106.51,1.574,1.613,1.575,4.141,-0.357,4.218
106.52,1.624,1.612,1.582,4.240,-0.358,4.222
106.52,1.624,1.613,1.590,4.309,-0.358,4.236
106.53,1.686,1.612,1.606,4.121,-0.357,4.218
106.55,1.392,1.613,1.570,4.233,-0.357,4.220
106.55,2.037,1.614,1.649,4.575,-0.356,4.281
106.57,1.606,1.614,1.641,3.820,-0.358,4.202
106.58,1.429,1.615,1.607,4.112,-0.358,4.187
106.59,1.767,1.615,1.634,3.930,-0.358,4.144
106.60,1.722,1.615,1.649,4.173,-0.357,4.150
106.61,1.591,1.618,1.641,4.239,-0.357,4.164
106.62,1.697,1.618,1.650,4.039,-0.357,4.144
106.63,1.484,1.620,1.624,4.177,-0.357,4.149
106.64,1.524,1.619,1.607,4.445,-0.356,4.199
106.65,1.585,1.618,1.602,4.075,-0.357,4.178
106.66,1.891,1.622,1.653,4.332,-0.356,4.205
106.66,1.321,1.622,1.598,4.087,-0.355,4.186
106.68,1.580,1.624,1.596,4.199,-0.355,4.188
106.69,1.370,1.625,1.559,4.083,-0.354,4.171
106.70,1.602,1.625,1.566,4.399,-0.356,4.208
106.71,1.655,1.627,1.582,4.081,-0.355,4.187
106.72,1.537,1.628,1.575,4.135,-0.355,4.179
106.73,1.428,1.628,1.550,4.218,-0.354,4.186
106.74,1.494,1.627,1.539,4.272,-0.354,4.201
106.75,1.462,1.627,1.526,4.219,-0.352,4.205
106.76,1.747,1.627,1.563,4.088,-0.353,4.185
106.77,1.507,1.628,1.554,3.955,-0.353,4.146
106.78,1.593,1.627,1.560,4.067,-0.353,4.133
106.79,1.495,1.628,1.550,4.492,-0.353,4.193
106.80,1.641,1.629,1.565,3.939,-0.353,4.151
106.81,1.437,1.627,1.542,3.977,-0.353,4.121
106.82,1.704,1.628,1.570,4.013,-0.353,4.103
106.83,1.431,1.628,1.547,4.192,-0.354,4.117
106.84,1.536,1.629,1.545,4.165,-0.353,4.126
106.85,1.784,1.628,1.585,4.481,-0.353,4.185
106.86,1.450,1.629,1.562,4.054,-0.353,4.163
106.87,1.497,1.631,1.553,4.253,-0.354,4.178
106.88,1.244,1.630,1.499,4.314,-0.352,4.203
106.89,1.344,1.629,1.472,4.190,-0.352,4.201
106.90,1.605,1.631,1.496,4.385,-0.352,4.232
106.91,1.663,1.632,1.524,4.092,-0.351,4.209
106.92,1.578,1.633,1.534,4.442,-0.350,4.249
106.93,1.639,1.634,1.552,4.364,-0.350,4.269
106.94,1.764,1.635,1.588,3.937,-0.351,4.213
106.95,1.589,1.635,1.588,4.148,-0.350,4.202
106.96,1.747,1.633,1.614,4.442,-0.350,4.243
106.97,1.383,1.633,1.574,4.146,-0.350,4.227
106.98,1.806,1.632,1.612,4.146,-0.350,4.213
106.99,1.794,1.633,1.643,4.058,-0.350,4.187
107.00,1.581,1.632,1.632,3.928,-0.350,4.144
107.01,1.403,1.633,1.594,4.028,-0.350,4.124
107.02,1.285,1.634,1.542,3.978,-0.350,4.099
107.03,1.644,1.632,1.558,3.995,-0.351,4.081
107.04,1.668,1.632,1.576,4.212,-0.350,4.103
107.05,1.652,1.632,1.589,4.184,-0.350,4.117
107.06,1.669,1.633,1.603,4.067,-0.350,4.109
107.07,1.682,1.633,1.616,4.137,-0.349,4.114
107.08,1.546,1.632,1.603,4.342,-0.349,4.152
107.09,1.383,1.631,1.565,4.181,-0.347,4.159
107.10,1.483,1.629,1.550,4.156,-0.345,4.160
107.11,1.904,1.628,1.608,4.111,-0.345,4.152
107.12,1.312,1.625,1.556,4.168,-0.345,4.154
107.13,1.415,1.626,1.533,4.532,-0.345,4.218
107.14,1.371,1.626,1.505,4.076,-0.345,4.194
107.15,1.623,1.628,1.526,4.063,-0.344,4.173
107.16,1.488,1.628,1.519,4.079,-0.345,4.156
107.17,1.513,1.630,1.520,4.103,-0.344,4.148
107.18,1.685,1.628,1.546,4.397,-0.344,4.190
107.19,1.823,1.629,1.593,4.455,-0.343,4.235
107.20,1.799,1.629,1.627,4.121,-0.343,4.216
107.21,1.304,1.631,1.574,4.058,-0.342,4.190
107.22,1.472,1.631,1.557,4.210,-0.343,4.194
107.23,1.681,1.632,1.579,4.134,-0.343,4.183
107.24,1.562,1.632,1.575,3.906,-0.342,4.137
107.25,1.523,1.633,1.567,4.128,-0.341,4.136
107.26,1.591,1.634,1.572,3.953,-0.341,4.105
107.27,1.794,1.635,1.610,4.143,-0.341,4.112
107.28,1.539,1.635,1.598,4.408,-0.340,4.162
107.29,1.597,1.634,1.597,4.136,-0.339,4.159
107.30,1.459,1.635,1.574,4.246,-0.340,4.173
107.31,1.585,1.635,1.576,3.961,-0.338,4.139
107.32,1.594,1.634,1.577,4.019,-0.337,4.120
107.33,1.700,1.634,1.598,4.312,-0.337,4.152
107.34,1.321,1.635,1.552,4.344,-0.339,4.183
107.35,1.518,1.635,1.546,4.125,-0.339,4.172
107.36,1.466,1.636,1.533,4.196,-0.339,4.176
107.37,1.483,1.634,1.522,4.351,-0.339,4.206
107.38,1.657,1.632,1.543,4.126,-0.339,4.192
107.39,1.550,1.633,1.545,4.666,-0.340,4.273
107.40,1.569,1.633,1.549,4.530,-0.340,4.317
107.41,1.541,1.635,1.549,4.253,-0.339,4.306
107.42,1.641,1.634,1.564,4.315,-0.339,4.308
107.43,1.326,1.634,1.523,4.205,-0.341,4.290
107.44,1.473,1.635,1.515,4.179,-0.340,4.272
107.45,1.600,1.634,1.528,4.082,-0.340,4.240
107.46,1.760,1.634,1.567,4.169,-0.340,4.228
107.47,1.510,1.633,1.557,4.356,-0.341,4.249
107.48,1.626,1.633,1.568,4.072,-0.341,4.219
107.49,1.401,1.631,1.538,4.392,-0.339,4.250
107.50,1.421,1.631,1.518,4.454,-0.339,4.284
107.51,1.698,1.634,1.551,4.067,-0.339,4.249
107.52,1.743,1.634,1.583,4.456,-0.338,4.284
107.53,1.477,1.634,1.564,3.797,-0.339,4.201
107.54,1.551,1.635,1.563,4.107,-0.339,4.185
107.55,1.421,1.637,1.540,4.312,-0.340,4.206
107.56,1.655,1.638,1.561,4.206,-0.340,4.206
107.57,1.532,1.638,1.555,4.181,-0.340,4.202
107.58,1.543,1.638,1.553,4.345,-0.339,4.227
107.59,1.630,1.638,1.566,4.508,-0.339,4.274
107.60,1.612,1.637,1.573,4.183,-0.340,4.259
107.61,1.382,1.639,1.542,4.135,-0.342,4.236
107.62,1.628,1.640,1.557,4.260,-0.342,4.241
107.63,1.351,1.640,1.522,4.011,-0.343,4.201
107.64,1.558,1.642,1.529,4.550,-0.342,4.261
107.65,1.913,1.643,1.595,4.259,-0.343,4.260
107.66,1.695,1.643,1.611,4.074,-0.343,4.228
107.67,1.683,1.646,1.625,4.239,-0.342,4.231
107.68,1.796,1.647,1.655,4.197,-0.343,4.225
107.69,1.479,1.647,1.625,4.053,-0.345,4.194
107.70,1.578,1.647,1.618,4.171,-0.346,4.190
107.71,1.758,1.647,1.641,4.092,-0.346,4.173
107.72,1.641,1.647,1.640,3.689,-0.345,4.093
107.73,1.510,1.645,1.617,4.070,-0.344,4.090
107.74,1.576,1.646,1.611,4.027,-0.344,4.078
107.75,1.594,1.645,1.607,3.995,-0.344,4.064
107.76,1.728,1.644,1.626,4.271,-0.344,4.099
107.77,1.587,1.642,1.618,4.085,-0.343,4.097
107.78,1.451,1.642,1.590,3.903,-0.344,4.064
107.79,1.594,1.644,1.592,4.093,-0.344,4.068
107.80,1.537,1.644,1.582,4.086,-0.345,4.071
107.81,1.684,1.642,1.598,4.151,-0.345,4.084
107.82,1.999,1.640,1.664,4.192,-0.345,4.102
107.83,1.728,1.641,1.675,4.429,-0.344,4.157
107.84,1.906,1.641,1.714,4.514,-0.344,4.218
107.85,1.945,1.643,1.754,4.071,-0.344,4.193
107.86,1.426,1.643,1.699,3.985,-0.345,4.158
107.87,1.660,1.644,1.693,4.346,-0.346,4.188
107.88,1.632,1.645,1.684,4.136,-0.346,4.179
107.89,1.658,1.645,1.679,4.198,-0.347,4.182
107.91,1.562,1.645,1.659,4.184,-0.347,4.182
107.91,1.664,1.645,1.660,4.200,-0.347,4.185
107.93,1.539,1.648,1.642,4.405,-0.347,4.222
107.94,1.646,1.647,1.642,4.059,-0.346,4.196
107.95,1.673,1.648,1.648,4.148,-0.346,4.188
107.96,1.651,1.645,1.646,4.364,-0.346,4.217
107.97,1.568,1.646,1.633,4.091,-0.346,4.196
107.98,1.781,1.646,1.658,3.886,-0.346,4.145
107.99,1.539,1.646,1.638,4.132,-0.345,4.143
108.00,1.567,1.646,1.626,4.004,-0.345,4.119
108.00,1.774,1.646,1.651,3.937,-0.345,4.089
108.01,1.647,1.645,1.649,4.101,-0.345,4.091
108.03,1.725,1.647,1.663,4.388,-0.344,4.141
108.04,1.730,1.645,1.672,4.158,-0.345,4.143
108.05,1.412,1.645,1.629,3.906,-0.346,4.103
108.06,1.366,1.644,1.584,4.176,-0.346,4.115
108.07,1.376,1.645,1.549,4.160,-0.346,4.123
108.07,1.347,1.645,1.515,4.109,-0.345,4.121
108.09,1.808,1.643,1.562,4.360,-0.347,4.159
108.10,1.270,1.643,1.513,4.052,-0.346,4.142
108.11,1.798,1.644,1.561,4.203,-0.346,4.152
108.12,1.593,1.645,1.567,4.234,-0.346,4.166
108.13,1.402,1.644,1.539,4.412,-0.345,4.208
108.14,1.508,1.644,1.533,4.170,-0.346,4.201
108.15,1.707,1.644,1.562,3.955,-0.345,4.160
108.16,1.569,1.644,1.564,4.213,-0.344,4.170
108.17,1.407,1.642,1.535,4.136,-0.344,4.165
108.18,1.754,1.640,1.570,4.493,-0.342,4.222
108.19,1.445,1.641,1.550,3.848,-0.342,4.159
108.20,1.642,1.641,1.564,4.090,-0.341,4.148
108.21,1.781,1.642,1.602,4.017,-0.341,4.126
108.22,1.789,1.642,1.633,4.156,-0.340,4.132
108.23,1.502,1.643,1.612,4.144,-0.339,4.134
108.24,1.447,1.644,1.585,3.988,-0.339,4.110
108.25,1.503,1.644,1.571,4.427,-0.340,4.163
108.26,1.466,1.642,1.551,4.584,-0.340,4.234
108.27,1.753,1.642,1.585,4.297,-0.340,4.246
108.28,1.614,1.643,1.591,4.224,-0.341,4.241
108.29,1.256,1.643,1.534,4.425,-0.343,4.271
108.30,1.637,1.644,1.552,3.980,-0.342,4.223
108.31,1.743,1.644,1.584,4.154,-0.342,4.211
108.32,1.430,1.645,1.559,4.250,-0.341,4.219
108.33,1.635,1.644,1.571,4.073,-0.340,4.195
108.34,1.191,1.645,1.507,4.011,-0.340,4.164
108.35,1.432,1.646,1.495,4.135,-0.340,4.159
108.36,1.664,1.645,1.523,4.119,-0.340,4.152
108.37,1.500,1.645,1.518,4.608,-0.341,4.228
108.38,1.646,1.644,1.539,4.267,-0.340,4.235
108.39,1.522,1.642,1.534,4.278,-0.339,4.243
108.40,1.747,1.641,1.569,4.139,-0.338,4.227
108.41,1.685,1.642,1.589,4.389,-0.337,4.255
108.42,1.511,1.640,1.574,4.360,-0.339,4.272
108.43,1.509,1.641,1.563,3.970,-0.340,4.220
108.44,1.426,1.640,1.539,4.093,-0.338,4.200
108.45,1.475,1.642,1.530,4.254,-0.339,4.208
108.46,1.620,1.643,1.546,4.289,-0.338,4.223
108.47,1.783,1.642,1.584,3.981,-0.338,4.182
108.48,1.632,1.643,1.594,4.042,-0.338,4.158
108.49,1.733,1.643,1.616,4.344,-0.337,4.190
108.50,1.435,1.643,1.586,4.406,-0.337,4.227
108.51,1.555,1.645,1.582,4.177,-0.338,4.218
108.52,1.698,1.646,1.602,4.186,-0.338,4.213
108.53,1.398,1.646,1.568,4.484,-0.339,4.257
108.54,1.602,1.646,1.573,4.233,-0.339,4.253
108.55,1.793,1.647,1.611,3.862,-0.339,4.188
108.56,1.620,1.646,1.611,4.274,-0.340,4.202
108.57,1.557,1.643,1.600,4.281,-0.339,4.215
108.58,1.697,1.646,1.618,3.946,-0.341,4.168
108.59,1.727,1.647,1.638,4.161,-0.342,4.167
108.60,1.541,1.645,1.620,4.412,-0.343,4.207
108.61,1.628,1.645,1.621,4.127,-0.343,4.193
108.62,1.571,1.645,1.612,4.075,-0.343,4.174
108.63,1.645,1.647,1.619,4.381,-0.342,4.209
108.64,1.608,1.645,1.616,3.958,-0.342,4.167
108.65,1.842,1.645,1.654,4.224,-0.343,4.176
108.66,1.524,1.644,1.631,4.239,-0.343,4.187
108.67,1.486,1.645,1.608,4.046,-0.342,4.163
108.68,1.688,1.648,1.623,4.092,-0.343,4.151
108.69,1.664,1.648,1.630,4.273,-0.343,4.171
108.70,1.382,1.647,1.587,4.308,-0.342,4.195
108.71,1.646,1.648,1.598,4.202,-0.341,4.197
108.72,1.027,1.649,1.502,4.337,-0.339,4.222
108.73,1.441,1.648,1.491,4.261,-0.339,4.229
108.74,1.647,1.648,1.517,4.473,-0.337,4.271
108.75,1.415,1.648,1.500,3.949,-0.337,4.217
108.76,1.504,1.646,1.498,4.282,-0.338,4.228
108.77,1.584,1.647,1.513,3.921,-0.336,4.177
108.78,1.568,1.647,1.522,4.127,-0.336,4.169
108.79,1.449,1.648,1.511,4.262,-0.336,4.184
108.80,1.591,1.649,1.525,4.213,-0.337,4.189
108.81,1.535,1.649,1.527,4.297,-0.335,4.209
108.82,1.675,1.650,1.552,4.252,-0.336,4.215
108.83,1.782,1.653,1.593,4.113,-0.336,4.198
108.84,1.317,1.652,1.545,4.319,-0.335,4.219
108.85,1.485,1.651,1.535,4.131,-0.335,4.205
108.86,1.974,1.650,1.607,4.132,-0.334,4.193
108.87,1.767,1.650,1.634,3.836,-0.334,4.133
108.88,1.622,1.651,1.633,4.077,-0.335,4.123
108.89,1.680,1.652,1.641,4.166,-0.334,4.131
108.90,1.670,1.651,1.646,4.340,-0.335,4.165
108.91,1.599,1.651,1.638,4.149,-0.333,4.164
108.92,1.609,1.651,1.633,4.216,-0.335,4.172
108.93,1.580,1.650,1.623,4.344,-0.334,4.202
108.94,1.374,1.649,1.580,4.161,-0.335,4.194
108.95,1.509,1.649,1.568,4.161,-0.336,4.188
108.96,1.535,1.651,1.563,3.913,-0.335,4.142
108.97,1.492,1.650,1.551,4.112,-0.337,4.135
108.98,1.558,1.650,1.551,4.400,-0.338,4.179
108.99,1.497,1.649,1.541,4.110,-0.338,4.167
109.00,1.437,1.650,1.524,4.177,-0.339,4.168
109.01,1.719,1.649,1.556,4.205,-0.337,4.175
109.02,1.889,1.649,1.612,4.100,-0.338,4.162
109.03,1.500,1.648,1.592,4.187,-0.338,4.166
109.04,1.706,1.649,1.612,4.191,-0.338,4.171
109.05,1.609,1.649,1.612,4.163,-0.337,4.171
109.06,1.281,1.648,1.555,4.217,-0.336,4.179
109.07,1.433,1.648,1.534,4.030,-0.336,4.154
109.08,1.495,1.646,1.526,4.164,-0.336,4.155
109.09,1.769,1.647,1.567,4.275,-0.337,4.175
109.10,1.747,1.647,1.598,4.273,-0.337,4.191
109.11,1.859,1.646,1.640,4.045,-0.338,4.166
109.12,1.372,1.646,1.595,4.205,-0.338,4.173
109.13,1.463,1.647,1.574,4.431,-0.336,4.217
109.14,1.446,1.649,1.554,4.201,-0.336,4.215
109.15,1.474,1.650,1.541,4.088,-0.337,4.193
109.16,1.535,1.650,1.539,3.996,-0.336,4.160
109.17,1.730,1.650,1.571,4.267,-0.335,4.179
109.18,1.710,1.649,1.593,4.346,-0.335,4.207
109.19,1.428,1.648,1.565,4.124,-0.336,4.192
109.20,1.554,1.647,1.562,4.031,-0.337,4.164
109.21,1.541,1.648,1.559,3.937,-0.337,4.127
109.22,1.471,1.649,1.545,3.781,-0.338,4.068
109.23,1.266,1.648,1.497,4.048,-0.336,4.066
109.24,1.394,1.649,1.480,4.470,-0.337,4.133
109.25,1.449,1.648,1.474,4.319,-0.337,4.164
109.26,1.350,1.647,1.452,4.262,-0.337,4.180
109.27,1.452,1.647,1.452,4.246,-0.337,4.191
109.28,1.591,1.648,1.476,4.145,-0.337,4.184
109.29,1.636,1.648,1.502,3.891,-0.337,4.134
109.30,1.539,1.649,1.509,4.460,-0.337,4.189
109.31,1.644,1.650,1.533,4.177,-0.337,4.187
109.32,1.424,1.650,1.514,3.940,-0.337,4.146
109.33,1.811,1.650,1.564,4.139,-0.339,4.143
109.34,1.838,1.651,1.611,4.163,-0.338,4.147
109.35,1.469,1.651,1.587,4.264,-0.338,4.167
109.36,1.705,1.651,1.607,4.385,-0.336,4.205
109.37,1.722,1.651,1.626,4.223,-0.335,4.209
109.38,1.660,1.650,1.631,4.238,-0.334,4.215
109.40,1.577,1.652,1.624,4.140,-0.333,4.203
109.40,1.399,1.654,1.587,4.048,-0.334,4.176
109.41,1.520,1.654,1.576,3.983,-0.333,4.144
109.42,1.433,1.655,1.552,4.441,-0.333,4.194
109.43,1.421,1.654,1.529,4.452,-0.333,4.238
109.45,1.433,1.655,1.514,4.049,-0.333,4.206
109.46,1.701,1.654,1.544,3.895,-0.332,4.154
109.47,1.725,1.653,1.574,4.230,-0.332,4.167
109.48,1.621,1.653,1.582,4.052,-0.332,4.147
109.49,1.516,1.653,1.570,4.094,-0.331,4.139
109.50,1.679,1.653,1.589,4.228,-0.332,4.154
109.51,1.494,1.653,1.572,4.339,-0.332,4.185
109.52,1.642,1.651,1.582,4.232,-0.331,4.193
109.53,1.672,1.652,1.598,3.989,-0.332,4.158
109.54,1.672,1.651,1.610,4.229,-0.332,4.170
109.55,1.543,1.652,1.599,4.174,-0.332,4.170
109.56,1.748,1.652,1.624,4.130,-0.331,4.164
109.57,1.490,1.653,1.602,4.199,-0.331,4.171
109.58,1.663,1.653,1.612,4.311,-0.331,4.194
109.59,1.551,1.652,1.601,4.482,-0.330,4.243
109.60,1.535,1.653,1.591,4.096,-0.331,4.218
109.61,1.596,1.652,1.591,4.579,-0.332,4.277
109.62,1.652,1.653,1.602,4.257,-0.332,4.274
109.63,1.577,1.654,1.598,3.964,-0.335,4.220
109.64,1.636,1.653,1.604,4.124,-0.334,4.204
109.65,1.740,1.652,1.626,4.038,-0.334,4.177
109.66,1.286,1.652,1.569,4.282,-0.333,4.195
109.66,1.349,1.652,1.531,4.149,-0.332,4.188
109.68,1.821,1.652,1.579,3.962,-0.334,4.149
109.69,1.590,1.650,1.580,4.452,-0.334,4.200
109.70,1.684,1.650,1.597,4.133,-0.333,4.189
109.71,1.503,1.648,1.579,4.219,-0.333,4.194
109.72,1.665,1.648,1.594,4.386,-0.333,4.226
109.73,1.501,1.649,1.578,4.421,-0.334,4.259
109.74,1.411,1.649,1.550,4.341,-0.334,4.272
109.75,1.660,1.648,1.568,4.168,-0.335,4.254
109.76,1.490,1.648,1.555,4.324,-0.335,4.266
109.77,1.500,1.648,1.545,3.875,-0.335,4.201
109.78,1.588,1.649,1.553,4.063,-0.334,4.178
109.79,1.741,1.649,1.585,4.125,-0.333,4.170
109.80,1.622,1.650,1.592,4.512,-0.333,4.228
109.81,1.241,1.651,1.533,4.249,-0.330,4.234
109.82,1.809,1.651,1.579,4.217,-0.330,4.231
109.83,1.699,1.651,1.599,4.010,-0.330,4.195
109.84,1.486,1.651,1.580,4.147,-0.331,4.185
109.85,1.592,1.651,1.583,4.367,-0.332,4.215
109.86,1.869,1.651,1.630,4.180,-0.331,4.210
109.87,1.620,1.652,1.630,4.081,-0.332,4.187
109.88,1.659,1.652,1.634,3.874,-0.334,4.133
109.89,1.550,1.652,1.620,4.430,-0.334,4.183
109.90,1.697,1.653,1.634,4.257,-0.335,4.195
109.91,1.538,1.652,1.617,4.273,-0.334,4.208
109.92,1.542,1.653,1.605,4.039,-0.336,4.179
109.93,1.339,1.653,1.560,4.353,-0.334,4.209
109.94,1.545,1.653,1.558,3.962,-0.334,4.168
109.95,1.505,1.651,1.547,4.451,-0.333,4.216
109.96,1.537,1.653,1.546,3.976,-0.335,4.174
109.97,1.989,1.655,1.623,3.938,-0.336,4.133
109.98,1.740,1.655,1.643,4.304,-0.335,4.163
109.99,1.772,1.656,1.665,4.379,-0.335,4.199
110.00,1.656,1.657,1.664,4.351,-0.335,4.225
110.01,1.774,1.660,1.685,4.298,-0.335,4.237
110.02,1.520,1.661,1.658,4.239,-0.336,4.237
110.03,1.291,1.659,1.595,4.057,-0.335,4.207
110.04,1.706,1.661,1.615,4.144,-0.335,4.197
110.05,1.683,1.660,1.625,4.475,-0.334,4.244
110.06,1.335,1.662,1.578,4.421,-0.336,4.273
110.07,1.430,1.662,1.553,4.152,-0.335,4.253
110.08,1.308,1.664,1.513,4.214,-0.336,4.246
110.09,1.833,1.662,1.565,4.143,-0.337,4.228
110.10,1.712,1.662,1.590,4.148,-0.337,4.214
110.11,1.787,1.662,1.622,4.353,-0.338,4.237
110.12,1.623,1.662,1.623,4.100,-0.337,4.215
110.13,1.851,1.664,1.663,4.100,-0.336,4.197
110.14,1.867,1.663,1.696,4.150,-0.335,4.189
110.15,1.759,1.662,1.706,4.047,-0.336,4.165
110.16,1.325,1.661,1.641,3.851,-0.338,4.110
110.17,1.468,1.662,1.613,4.016,-0.336,4.096
110.18,1.715,1.660,1.628,4.267,-0.336,4.125
110.19,1.596,1.660,1.622,4.343,-0.335,4.162
110.20,1.620,1.658,1.621,4.371,-0.336,4.196
110.21,1.517,1.661,1.605,4.423,-0.337,4.234
110.22,1.611,1.662,1.607,4.119,-0.336,4.215
110.23,1.572,1.661,1.600,4.347,-0.336,4.237
110.24,1.638,1.663,1.608,4.117,-0.338,4.216
110.25,1.371,1.666,1.571,3.975,-0.339,4.174
110.26,1.486,1.667,1.557,4.461,-0.340,4.222
110.27,1.571,1.667,1.559,4.048,-0.341,4.192
110.28,1.683,1.667,1.580,3.814,-0.340,4.129
110.29,1.464,1.667,1.561,4.142,-0.340,4.131
110.30,1.466,1.669,1.546,4.326,-0.341,4.163
110.31,1.395,1.671,1.521,4.148,-0.341,4.161
110.32,1.481,1.670,1.514,3.923,-0.342,4.120
110.33,1.880,1.672,1.576,4.219,-0.344,4.135
110.34,1.621,1.673,1.585,4.157,-0.343,4.139
110.35,1.703,1.670,1.602,4.186,-0.342,4.148
110.36,1.473,1.669,1.580,4.020,-0.344,4.125
110.37,1.656,1.670,1.593,4.485,-0.343,4.186
110.38,1.663,1.669,1.604,4.162,-0.343,4.182
110.39,1.760,1.670,1.631,4.108,-0.343,4.169
110.40,1.472,1.669,1.603,4.437,-0.344,4.214
110.41,1.696,1.669,1.618,4.316,-0.345,4.231
110.42,1.908,1.669,1.667,4.263,-0.345,4.236
110.43,1.510,1.670,1.641,4.139,-0.345,4.220
110.44,1.580,1.671,1.632,4.071,-0.345,4.195
110.45,1.596,1.670,1.625,4.075,-0.344,4.176
110.46,1.618,1.670,1.624,3.992,-0.343,4.146
110.47,1.455,1.670,1.595,4.067,-0.342,4.133
110.48,1.494,1.670,1.578,4.175,-0.342,4.140
110.49,1.494,1.672,1.565,4.052,-0.341,4.125
110.50,1.456,1.673,1.547,4.136,-0.342,4.127
110.51,1.433,1.674,1.529,4.367,-0.342,4.167
110.52,1.704,1.674,1.558,4.181,-0.341,4.170
110.53,1.583,1.675,1.563,4.175,-0.342,4.170
110.54,1.442,1.675,1.542,4.334,-0.340,4.199
110.55,1.758,1.676,1.579,4.092,-0.341,4.181
110.56,1.598,1.679,1.585,4.297,-0.341,4.200
110.57,1.380,1.681,1.552,4.199,-0.341,4.200
110.58,1.458,1.681,1.536,3.977,-0.341,4.163
110.59,1.598,1.682,1.547,4.186,-0.341,4.167
110.60,1.607,1.683,1.558,4.457,-0.340,4.216
110.61,1.662,1.683,1.575,4.089,-0.339,4.195
110.62,1.671,1.683,1.591,4.336,-0.338,4.220
110.63,1.449,1.681,1.565,4.270,-0.338,4.229
110.64,1.461,1.681,1.548,4.325,-0.338,4.245
110.65,1.650,1.683,1.566,4.346,-0.338,4.262
110.66,1.323,1.681,1.524,4.221,-0.339,4.255
110.67,1.565,1.681,1.530,4.289,-0.339,4.260
110.68,1.792,1.680,1.573,4.081,-0.338,4.231
110.69,1.599,1.681,1.578,4.214,-0.338,4.228
110.70,1.702,1.682,1.600,4.233,-0.339,4.229
110.71,1.373,1.684,1.563,4.449,-0.336,4.268
110.72,1.574,1.683,1.564,4.225,-0.336,4.261
110.73,1.392,1.682,1.534,4.072,-0.337,4.228
110.74,1.525,1.683,1.533,4.169,-0.337,4.218
110.75,1.455,1.684,1.520,4.303,-0.338,4.232
110.76,1.768,1.684,1.562,4.041,-0.338,4.200
110.77,1.668,1.684,1.580,3.908,-0.339,4.150
110.78,1.628,1.685,1.589,4.185,-0.338,4.157
110.79,1.653,1.685,1.599,4.151,-0.336,4.158
110.80,1.727,1.685,1.621,4.244,-0.336,4.172
110.81,1.496,1.687,1.600,4.192,-0.336,4.175
110.82,1.587,1.686,1.597,4.326,-0.336,4.201
110.84,1.571,1.685,1.592,3.865,-0.336,4.144
110.85,1.440,1.686,1.567,4.175,-0.336,4.149
110.86,1.502,1.686,1.556,4.041,-0.336,4.131
110.86,1.678,1.686,1.576,4.380,-0.337,4.172
110.87,1.589,1.685,1.578,4.392,-0.337,4.209
110.88,1.742,1.686,1.606,4.270,-0.338,4.219
110.89,1.565,1.685,1.598,4.118,-0.339,4.201
110.90,1.671,1.686,1.611,4.316,-0.338,4.221
110.91,1.535,1.688,1.600,4.094,-0.339,4.199
110.92,1.283,1.688,1.546,4.273,-0.336,4.214
110.94,1.467,1.688,1.533,4.231,-0.337,4.216
110.94,1.457,1.687,1.520,4.291,-0.337,4.228
110.95,1.391,1.687,1.497,4.331,-0.337,4.246
110.97,1.517,1.686,1.499,4.081,-0.338,4.218
110.98,1.464,1.688,1.495,4.414,-0.338,4.250
110.99,1.559,1.686,1.504,3.985,-0.336,4.207
111.00,1.643,1.686,1.527,3.959,-0.336,4.165
111.01,1.530,1.685,1.526,4.250,-0.336,4.179
111.02,1.670,1.686,1.551,4.313,-0.338,4.201
111.03,1.912,1.688,1.614,4.198,-0.337,4.200
111.04,1.704,1.688,1.629,4.314,-0.337,4.220
111.05,1.565,1.689,1.619,3.999,-0.338,4.182
111.06,1.539,1.690,1.606,4.418,-0.338,4.222
111.07,1.608,1.689,1.606,4.348,-0.337,4.244
111.08,1.701,1.689,1.621,4.073,-0.338,4.214
111.09,1.456,1.689,1.594,4.058,-0.338,4.188
111.10,1.532,1.691,1.585,4.257,-0.339,4.199
111.11,1.596,1.692,1.588,4.033,-0.340,4.170
111.12,1.505,1.692,1.573,4.280,-0.338,4.190
111.13,1.658,1.693,1.588,4.031,-0.338,4.164
111.14,1.383,1.694,1.554,4.147,-0.338,4.160
111.15,1.708,1.693,1.579,4.021,-0.339,4.137
111.16,1.794,1.693,1.615,4.239,-0.339,4.154
111.17,1.495,1.693,1.595,4.555,-0.340,4.220
111.18,1.721,1.694,1.617,3.942,-0.339,4.174
111.19,1.715,1.694,1.633,3.989,-0.339,4.143
111.20,1.435,1.695,1.600,4.189,-0.339,4.150
111.21,1.323,1.695,1.553,4.281,-0.339,4.173
111.22,1.618,1.695,1.564,3.991,-0.337,4.144
111.23,1.432,1.695,1.542,4.446,-0.338,4.194
111.24,1.344,1.696,1.509,4.007,-0.339,4.162
111.25,1.571,1.696,1.519,3.924,-0.340,4.121
111.26,1.764,1.696,1.560,4.018,-0.339,4.104
111.27,1.549,1.698,1.559,4.418,-0.341,4.156
111.28,1.667,1.698,1.578,4.017,-0.341,4.132
111.29,1.558,1.699,1.575,4.306,-0.341,4.161
111.30,1.598,1.698,1.578,4.089,-0.341,4.149
111.31,1.572,1.699,1.578,4.220,-0.340,4.162
111.32,1.531,1.698,1.569,4.111,-0.341,4.153
111.33,1.710,1.697,1.592,4.144,-0.341,4.150
111.34,1.652,1.698,1.602,4.242,-0.342,4.166
111.35,1.738,1.698,1.626,4.312,-0.342,4.190
111.36,1.445,1.699,1.596,4.274,-0.341,4.205
111.37,1.287,1.701,1.545,4.460,-0.342,4.247
111.38,1.600,1.701,1.554,4.228,-0.342,4.244
111.39,1.563,1.700,1.555,4.078,-0.341,4.217
111.40,1.803,1.699,1.595,4.032,-0.341,4.186
111.41,1.289,1.701,1.546,4.318,-0.339,4.210
111.42,1.569,1.703,1.551,4.144,-0.340,4.198
111.43,1.634,1.704,1.565,4.271,-0.341,4.210
111.44,1.565,1.706,1.567,4.423,-0.339,4.247
111.45,1.672,1.707,1.585,4.147,-0.340,4.230
111.46,1.450,1.708,1.563,4.093,-0.341,4.206
111.47,1.320,1.708,1.522,4.279,-0.340,4.219
111.48,1.341,1.708,1.491,3.885,-0.341,4.162
111.49,1.549,1.709,1.502,4.185,-0.343,4.164
111.50,1.301,1.708,1.467,3.937,-0.344,4.125
111.51,1.908,1.709,1.542,4.150,-0.344,4.129
111.52,1.844,1.709,1.593,3.945,-0.345,4.097
111.53,1.805,1.709,1.629,4.463,-0.345,4.159
111.54,1.675,1.711,1.637,4.109,-0.344,4.151
111.55,1.599,1.711,1.631,4.215,-0.344,4.162
111.56,1.737,1.712,1.650,4.233,-0.345,4.173
111.57,1.475,1.713,1.621,3.886,-0.345,4.125
111.58,1.432,1.713,1.589,4.547,-0.344,4.196
111.59,1.761,1.712,1.617,4.291,-0.344,4.212
111.60,1.666,1.711,1.624,4.193,-0.344,4.209
111.61,1.538,1.710,1.608,4.187,-0.343,4.206
111.62,1.405,1.709,1.573,4.213,-0.344,4.207
111.63,1.527,1.706,1.563,4.257,-0.345,4.215
111.64,1.621,1.706,1.572,4.495,-0.345,4.261
111.65,1.594,1.706,1.576,4.505,-0.347,4.301
111.66,1.601,1.708,1.582,3.999,-0.346,4.251
111.67,1.694,1.707,1.599,4.464,-0.347,4.286
111.68,1.485,1.707,1.580,4.080,-0.347,4.251
111.69,1.517,1.706,1.569,3.963,-0.346,4.204
111.70,1.727,1.707,1.596,4.436,-0.346,4.243
111.71,1.634,1.708,1.603,4.067,-0.346,4.214
111.72,1.436,1.709,1.576,4.469,-0.345,4.258
111.73,1.959,1.710,1.640,4.359,-0.344,4.276
111.74,1.661,1.710,1.644,4.448,-0.343,4.305
111.75,1.650,1.709,1.644,3.926,-0.343,4.242
111.76,1.550,1.710,1.629,4.054,-0.344,4.209
111.77,1.704,1.710,1.641,4.555,-0.344,4.268
111.78,1.745,1.712,1.660,4.070,-0.342,4.236
111.79,1.516,1.713,1.637,4.108,-0.344,4.213
111.80,1.881,1.711,1.676,4.570,-0.345,4.272
111.81,1.772,1.711,1.692,4.226,-0.346,4.264
111.82,1.845,1.712,1.718,4.087,-0.346,4.234
111.83,1.545,1.712,1.689,4.313,-0.346,4.247
111.84,1.549,1.708,1.662,4.435,-0.347,4.278
111.85,1.551,1.709,1.644,4.181,-0.348,4.261
111.86,1.607,1.709,1.638,3.953,-0.348,4.210
111.87,1.598,1.709,1.631,4.004,-0.348,4.175
111.88,1.626,1.709,1.630,4.155,-0.347,4.172
111.89,1.455,1.707,1.599,4.150,-0.347,4.169
111.90,1.780,1.708,1.630,4.312,-0.347,4.192
111.91,1.556,1.706,1.616,4.482,-0.346,4.242
111.92,1.656,1.706,1.622,4.025,-0.347,4.205
111.93,1.353,1.706,1.577,4.074,-0.348,4.182
111.94,1.570,1.707,1.576,4.359,-0.347,4.213
111.95,1.304,1.705,1.529,4.285,-0.347,4.225
111.96,1.684,1.705,1.555,4.168,-0.347,4.215
111.97,1.633,1.705,1.568,4.079,-0.346,4.194
111.98,1.547,1.706,1.565,4.162,-0.346,4.188
111.99,1.673,1.706,1.583,4.429,-0.348,4.227
112.00,1.590,1.705,1.583,4.433,-0.348,4.262
112.01,1.701,1.706,1.604,4.197,-0.346,4.253
112.02,1.575,1.707,1.599,4.326,-0.346,4.265
112.03,1.561,1.707,1.593,4.206,-0.347,4.254
112.04,1.617,1.707,1.597,3.979,-0.346,4.208
112.05,1.516,1.706,1.582,3.830,-0.348,4.143
112.06,1.867,1.707,1.631,4.113,-0.348,4.138
112.07,1.372,1.707,1.587,4.326,-0.347,4.171
112.08,1.566,1.708,1.584,4.136,-0.348,4.164
112.09,1.675,1.707,1.599,4.205,-0.348,4.171
112.10,1.289,1.709,1.548,4.090,-0.347,4.158
112.11,1.786,1.710,1.588,4.028,-0.348,4.135
112.12,1.500,1.710,1.574,4.505,-0.349,4.197
112.13,1.457,1.708,1.552,4.313,-0.348,4.217
112.14,1.664,1.710,1.572,4.337,-0.347,4.238
112.15,1.558,1.710,1.570,4.443,-0.346,4.273
112.16,1.529,1.709,1.562,4.247,-0.346,4.269
112.17,1.565,1.708,1.561,4.109,-0.347,4.242
112.18,1.727,1.709,1.590,4.052,-0.346,4.211
112.19,1.552,1.710,1.584,4.435,-0.346,4.248
112.20,1.376,1.708,1.548,4.326,-0.347,4.261
112.21,1.728,1.708,1.578,4.201,-0.347,4.251
112.22,1.709,1.708,1.600,4.143,-0.346,4.233
112.23,1.630,1.710,1.606,4.344,-0.347,4.251
112.24,1.455,1.710,1.580,4.481,-0.346,4.291
112.25,1.645,1.710,1.591,3.987,-0.346,4.240
112.26,1.130,1.709,1.513,4.160,-0.347,4.226
112.27,1.561,1.708,1.520,4.316,-0.347,4.241
112.28,1.820,1.711,1.572,3.900,-0.347,4.183
112.29,1.818,1.712,1.614,4.468,-0.348,4.231
112.30,1.832,1.711,1.650,4.127,-0.349,4.213
112.31,1.376,1.710,1.603,4.469,-0.349,4.256
112.32,1.559,1.712,1.597,4.019,-0.348,4.217
112.33,1.597,1.712,1.597,4.052,-0.347,4.190
112.34,1.644,1.712,1.605,4.226,-0.349,4.195
112.35,1.478,1.711,1.582,4.277,-0.351,4.207
112.36,1.454,1.710,1.559,4.201,-0.351,4.206
112.37,1.749,1.710,1.592,4.203,-0.351,4.206
112.38,1.721,1.712,1.615,4.086,-0.352,4.185
112.40,1.504,1.710,1.594,4.149,-0.352,4.178
112.41,1.465,1.711,1.573,4.312,-0.352,4.201
112.42,1.613,1.713,1.582,4.360,-0.353,4.227
112.43,1.601,1.714,1.585,4.388,-0.353,4.254
112.44,1.527,1.713,1.574,4.452,-0.351,4.289
112.44,1.459,1.712,1.555,4.506,-0.353,4.324
112.45,1.718,1.712,1.581,4.223,-0.353,4.308
112.47,1.630,1.713,1.590,4.021,-0.354,4.259
112.48,1.671,1.714,1.605,4.209,-0.354,4.251
112.49,1.365,1.714,1.564,3.840,-0.354,4.181
112.50,1.499,1.716,1.554,4.200,-0.354,4.185
112.51,1.625,1.718,1.568,4.141,-0.354,4.177
112.52,1.249,1.717,1.514,4.158,-0.353,4.174
112.53,1.373,1.717,1.489,4.331,-0.354,4.201
112.54,1.637,1.717,1.514,4.363,-0.355,4.227
112.55,1.659,1.716,1.538,4.083,-0.357,4.202
112.56,1.273,1.718,1.494,4.337,-0.357,4.224
112.57,1.712,1.720,1.532,4.526,-0.356,4.276
112.58,1.841,1.720,1.584,4.414,-0.356,4.299
112.59,1.682,1.721,1.601,4.112,-0.356,4.269
112.60,1.734,1.721,1.624,4.201,-0.356,4.257
112.61,1.627,1.722,1.625,4.444,-0.358,4.287
112.62,1.603,1.721,1.620,4.056,-0.358,4.248
112.63,1.506,1.722,1.601,4.261,-0.358,4.250
112.64,1.728,1.722,1.623,3.996,-0.358,4.208
112.65,1.567,1.723,1.614,4.256,-0.358,4.216
112.66,1.372,1.722,1.573,4.036,-0.357,4.186
112.67,1.684,1.724,1.593,4.167,-0.357,4.184
112.68,1.791,1.725,1.627,4.135,-0.356,4.176
112.69,1.594,1.726,1.622,4.271,-0.356,4.192
112.70,1.365,1.726,1.578,4.227,-0.356,4.198
112.71,1.521,1.724,1.567,4.301,-0.357,4.215
112.72,1.781,1.725,1.604,4.388,-0.357,4.244
112.73,1.587,1.725,1.601,4.410,-0.356,4.273
112.74,1.398,1.725,1.566,4.157,-0.356,4.253
112.75,1.485,1.725,1.552,4.237,-0.356,4.250
112.76,1.538,1.724,1.549,4.305,-0.357,4.259
112.77,1.614,1.726,1.561,4.224,-0.358,4.253
112.78,1.464,1.724,1.543,4.020,-0.358,4.213
112.79,1.588,1.726,1.552,4.247,-0.356,4.221
112.80,1.434,1.726,1.532,4.161,-0.356,4.211
112.81,1.514,1.728,1.530,4.297,-0.355,4.226
112.82,1.525,1.729,1.530,4.477,-0.356,4.268
112.83,1.733,1.729,1.564,4.155,-0.356,4.249
112.84,1.517,1.729,1.556,4.191,-0.358,4.238
112.85,1.610,1.730,1.566,4.179,-0.358,4.228
112.86,1.496,1.731,1.554,4.382,-0.359,4.253
112.87,1.705,1.730,1.580,3.963,-0.360,4.203
112.88,1.599,1.729,1.582,4.129,-0.358,4.192
112.89,1.720,1.730,1.606,4.276,-0.359,4.206
112.90,1.721,1.732,1.626,4.330,-0.359,4.227
112.91,1.393,1.732,1.587,4.018,-0.359,4.192
112.92,1.648,1.732,1.597,4.174,-0.360,4.188
112.93,1.634,1.732,1.604,4.246,-0.361,4.197
112.94,1.761,1.734,1.631,4.051,-0.360,4.173
112.95,1.716,1.735,1.646,4.123,-0.361,4.164
112.96,1.601,1.737,1.640,4.348,-0.361,4.195
112.97,1.636,1.737,1.640,4.416,-0.360,4.233
112.98,1.797,1.737,1.666,4.076,-0.359,4.207
112.99,1.590,1.738,1.654,4.153,-0.360,4.198
113.00,1.421,1.740,1.616,4.053,-0.361,4.172
113.01,1.652,1.740,1.623,4.244,-0.361,4.184
113.02,1.305,1.740,1.569,4.227,-0.361,4.191
113.03,1.351,1.739,1.531,4.167,-0.362,4.187
113.04,1.585,1.740,1.541,4.154,-0.361,4.182
113.05,1.470,1.739,1.528,4.015,-0.361,4.153
113.06,1.828,1.737,1.576,3.811,-0.361,4.095
113.07,1.441,1.739,1.555,4.428,-0.361,4.151
113.08,1.758,1.738,1.589,4.044,-0.361,4.134
113.09,1.477,1.740,1.571,4.033,-0.361,4.117
113.10,1.407,1.739,1.542,4.076,-0.362,4.109
113.11,1.643,1.740,1.560,4.209,-0.362,4.125
113.12,1.729,1.739,1.588,4.189,-0.361,4.137
113.13,1.367,1.738,1.549,4.187,-0.362,4.144
113.14,1.401,1.739,1.524,3.877,-0.363,4.099
113.15,1.488,1.739,1.519,4.318,-0.363,4.135
113.16,1.447,1.740,1.507,4.194,-0.363,4.145
113.17,1.565,1.740,1.516,3.867,-0.363,4.098
113.18,1.387,1.740,1.495,4.327,-0.362,4.138
113.19,1.461,1.741,1.489,4.118,-0.362,4.135
113.20,1.296,1.741,1.456,4.390,-0.360,4.179
113.21,1.548,1.739,1.470,4.030,-0.361,4.153
113.22,1.422,1.739,1.462,4.290,-0.363,4.175
113.23,1.768,1.740,1.513,4.151,-0.363,4.170
113.24,1.560,1.740,1.521,3.962,-0.364,4.135
113.25,1.741,1.737,1.555,4.242,-0.364,4.153
113.26,1.754,1.736,1.588,4.441,-0.364,4.201
113.27,1.537,1.738,1.581,4.002,-0.363,4.169
113.28,1.649,1.736,1.590,4.227,-0.362,4.179
113.29,1.538,1.737,1.582,4.129,-0.362,4.171
113.30,1.614,1.735,1.586,4.041,-0.362,4.149
113.31,1.468,1.735,1.566,4.342,-0.361,4.182
113.32,1.496,1.736,1.555,4.510,-0.362,4.237
113.33,1.518,1.736,1.548,4.268,-0.363,4.241
113.34,1.577,1.734,1.551,4.183,-0.362,4.232
113.35,1.529,1.736,1.549,4.188,-0.361,4.226
113.36,1.359,1.736,1.517,4.417,-0.360,4.259
113.37,1.561,1.737,1.525,4.132,-0.359,4.238
113.38,1.586,1.737,1.535,4.252,-0.361,4.239
113.39,1.650,1.741,1.557,4.287,-0.359,4.249
113.40,1.555,1.740,1.556,4.282,-0.359,4.255
113.41,1.544,1.742,1.556,4.102,-0.360,4.228
113.42,1.454,1.743,1.539,4.104,-0.359,4.208
113.43,1.735,1.742,1.571,3.952,-0.360,4.164
113.44,1.226,1.742,1.513,3.813,-0.360,4.105
113.45,1.470,1.743,1.506,4.038,-0.359,4.094
113.46,1.544,1.745,1.514,4.044,-0.359,4.085
113.47,1.575,1.747,1.525,4.346,-0.359,4.130
113.48,1.590,1.747,1.536,4.153,-0.358,4.135
113.49,1.849,1.747,1.588,4.433,-0.357,4.185
113.50,1.535,1.746,1.579,4.298,-0.358,4.203
113.51,1.441,1.746,1.555,4.273,-0.360,4.213
113.52,1.855,1.747,1.606,4.329,-0.361,4.232
113.53,1.494,1.749,1.589,4.320,-0.360,4.248
113.54,1.943,1.748,1.647,4.122,-0.360,4.227
113.55,1.831,1.748,1.679,4.138,-0.361,4.211
113.56,1.519,1.748,1.652,3.885,-0.360,4.156
113.57,1.614,1.747,1.644,4.418,-0.360,4.201
113.58,1.235,1.749,1.577,3.977,-0.361,4.162
113.59,1.684,1.750,1.596,4.143,-0.360,4.160
113.60,1.761,1.753,1.626,3.941,-0.360,4.123
113.61,1.715,1.753,1.641,4.373,-0.359,4.166
113.62,1.509,1.754,1.620,4.404,-0.360,4.205
113.63,1.448,1.753,1.590,4.005,-0.360,4.171
113.64,1.359,1.754,1.551,4.151,-0.360,4.168
113.65,1.758,1.753,1.585,4.273,-0.361,4.185
113.66,1.574,1.754,1.584,4.552,-0.360,4.247
113.67,1.770,1.755,1.616,4.279,-0.359,4.253
113.68,1.580,1.755,1.610,4.190,-0.360,4.242
113.69,1.481,1.755,1.588,4.302,-0.361,4.252
113.70,1.424,1.756,1.561,4.142,-0.360,4.234
113.71,1.601,1.756,1.568,3.976,-0.362,4.189
113.72,1.536,1.756,1.562,4.251,-0.361,4.201
113.73,1.555,1.753,1.558,4.360,-0.360,4.228
113.74,1.671,1.752,1.576,4.305,-0.362,4.240
113.75,1.448,1.756,1.557,4.390,-0.363,4.264
113.76,1.540,1.755,1.554,4.167,-0.363,4.248
113.77,1.586,1.757,1.561,4.000,-0.363,4.206
113.78,1.547,1.758,1.559,4.271,-0.362,4.218
113.79,1.379,1.760,1.530,4.219,-0.362,4.219
113.80,1.601,1.762,1.543,4.229,-0.362,4.220
113.81,1.945,1.762,1.611,4.221,-0.362,4.220
113.82,1.894,1.761,1.657,4.002,-0.362,4.184
113.83,1.770,1.762,1.677,4.179,-0.363,4.182
113.84,1.545,1.761,1.653,4.175,-0.363,4.181
113.85,1.590,1.760,1.642,4.045,-0.363,4.158
113.86,1.771,1.758,1.662,4.206,-0.362,4.167
113.87,1.793,1.757,1.683,4.308,-0.362,4.191
113.89,1.707,1.758,1.688,4.212,-0.362,4.194
113.90,1.441,1.758,1.646,3.900,-0.361,4.145
113.90,1.512,1.757,1.622,4.058,-0.361,4.130
113.92,1.392,1.756,1.582,4.288,-0.362,4.156
113.93,1.714,1.757,1.605,4.001,-0.361,4.131
113.94,1.692,1.756,1.619,4.211,-0.361,4.144
113.95,1.512,1.756,1.600,4.142,-0.361,4.144
113.96,1.531,1.754,1.587,4.429,-0.361,4.192
113.97,1.721,1.754,1.609,4.160,-0.361,4.187
113.98,1.735,1.754,1.631,4.220,-0.360,4.193
113.99,1.637,1.754,1.632,4.394,-0.362,4.225
114.00,1.528,1.753,1.613,3.922,-0.362,4.174
114.01,1.468,1.753,1.588,4.232,-0.363,4.183
114.02,1.872,1.754,1.637,4.095,-0.362,4.169
114.03,1.299,1.753,1.579,4.441,-0.362,4.215
114.04,1.533,1.754,1.572,4.421,-0.362,4.249
114.04,1.428,1.756,1.549,4.160,-0.362,4.235
114.06,1.487,1.757,1.539,4.015,-0.363,4.197
114.07,1.284,1.756,1.495,4.049,-0.363,4.172
114.08,1.521,1.756,1.499,4.425,-0.362,4.215
114.09,1.452,1.757,1.491,4.293,-0.362,4.229
114.10,1.722,1.756,1.530,4.330,-0.362,4.246
114.11,1.389,1.758,1.507,4.081,-0.362,4.219
114.12,1.575,1.760,1.519,4.226,-0.361,4.221
114.13,1.510,1.759,1.517,4.229,-0.360,4.223
114.14,1.489,1.760,1.513,4.021,-0.361,4.188
114.15,1.482,1.764,1.511,4.582,-0.361,4.254
114.16,1.436,1.765,1.499,4.572,-0.362,4.307
114.17,1.608,1.766,1.518,3.800,-0.362,4.222
114.18,1.545,1.765,1.522,3.986,-0.362,4.183
114.19,1.451,1.765,1.509,4.190,-0.361,4.185
114.20,1.470,1.766,1.503,3.878,-0.361,4.133
114.21,1.671,1.766,1.531,4.145,-0.362,4.134
114.22,1.436,1.766,1.515,4.206,-0.362,4.147
114.23,1.609,1.769,1.533,4.310,-0.361,4.174
114.24,1.747,1.769,1.569,3.846,-0.360,4.120
114.25,1.494,1.773,1.559,4.009,-0.361,4.101
114.26,1.361,1.772,1.525,4.301,-0.361,4.134
114.27,1.705,1.771,1.554,4.241,-0.362,4.151
114.28,1.525,1.771,1.549,4.302,-0.363,4.176
114.29,1.663,1.770,1.567,4.345,-0.363,4.204
114.30,1.628,1.770,1.577,4.443,-0.362,4.245
114.31,1.487,1.770,1.561,4.275,-0.362,4.250
114.32,1.514,1.769,1.552,4.200,-0.361,4.243
114.33,1.539,1.771,1.552,4.189,-0.361,4.234
114.34,1.550,1.769,1.550,4.178,-0.360,4.225
114.35,1.407,1.771,1.527,4.055,-0.361,4.196
114.36,1.610,1.773,1.543,4.070,-0.362,4.174
114.37,1.708,1.773,1.570,4.307,-0.363,4.195
114.38,1.508,1.774,1.560,4.174,-0.364,4.191
114.39,1.899,1.775,1.618,4.156,-0.365,4.184
114.40,1.621,1.779,1.621,4.060,-0.365,4.164
114.41,1.838,1.780,1.659,4.250,-0.363,4.180
114.42,1.585,1.780,1.646,4.339,-0.364,4.206
114.43,1.629,1.778,1.642,4.336,-0.364,4.228
114.44,1.597,1.781,1.636,4.161,-0.364,4.217
114.45,1.514,1.782,1.617,4.389,-0.364,4.246
114.46,1.660,1.784,1.625,4.372,-0.363,4.268
114.47,1.145,1.786,1.546,4.192,-0.364,4.255
114.48,1.520,1.785,1.541,4.164,-0.364,4.240
114.49,1.574,1.786,1.547,4.324,-0.362,4.255
114.50,1.717,1.786,1.575,4.195,-0.363,4.244
114.51,1.792,1.788,1.613,4.417,-0.364,4.273
114.52,1.557,1.788,1.603,3.964,-0.364,4.221
114.53,1.337,1.789,1.560,4.044,-0.365,4.190
114.54,1.767,1.789,1.594,4.439,-0.367,4.230
114.55,1.697,1.790,1.612,4.365,-0.366,4.254
114.56,1.842,1.789,1.650,4.297,-0.366,4.261
114.57,1.697,1.790,1.659,4.163,-0.367,4.244
114.58,1.584,1.789,1.645,4.175,-0.368,4.232
114.59,1.797,1.788,1.670,4.088,-0.368,4.207
114.60,1.723,1.791,1.681,4.152,-0.369,4.198
114.61,1.805,1.792,1.703,4.218,-0.369,4.201
114.62,1.440,1.793,1.659,4.085,-0.369,4.181
114.63,1.588,1.792,1.646,4.128,-0.370,4.172
114.64,1.428,1.793,1.610,4.322,-0.370,4.197
114.65,1.623,1.793,1.612,4.006,-0.370,4.165
114.66,1.640,1.793,1.617,4.105,-0.369,4.156
114.67,1.652,1.792,1.622,4.115,-0.369,4.149
114.68,1.544,1.793,1.610,4.356,-0.370,4.183
114.69,1.491,1.795,1.591,4.370,-0.370,4.215
114.70,1.711,1.794,1.610,4.330,-0.370,4.234
114.71,1.682,1.793,1.621,4.160,-0.370,4.221
114.72,1.516,1.791,1.602,4.153,-0.369,4.210
114.73,1.332,1.790,1.555,4.094,-0.369,4.191
114.74,1.539,1.790,1.553,4.079,-0.370,4.172
114.75,1.815,1.791,1.597,4.259,-0.371,4.186
114.76,1.468,1.790,1.574,3.981,-0.370,4.152
114.77,1.549,1.790,1.570,4.126,-0.371,4.147
114.78,1.727,1.789,1.596,4.139,-0.371,4.145
114.79,1.639,1.791,1.604,4.339,-0.373,4.176
114.80,1.459,1.790,1.578,4.211,-0.373,4.182
114.81,1.616,1.789,1.584,4.060,-0.375,4.160
114.82,1.571,1.788,1.581,3.964,-0.375,4.127
114.83,1.629,1.788,1.588,4.203,-0.375,4.140
114.84,1.419,1.788,1.560,4.171,-0.376,4.144
114.85,1.673,1.789,1.579,3.863,-0.376,4.097
114.86,1.373,1.788,1.544,4.197,-0.376,4.114
114.87,1.810,1.790,1.590,4.171,-0.376,4.123
114.88,1.645,1.791,1.600,4.141,-0.376,4.126
114.89,1.501,1.789,1.582,4.206,-0.376,4.140
114.90,1.427,1.788,1.554,4.427,-0.377,4.187
114.91,1.922,1.789,1.617,4.465,-0.378,4.233
114.92,1.416,1.788,1.581,4.231,-0.377,4.234
114.93,1.554,1.788,1.577,4.140,-0.375,4.219
114.94,1.612,1.789,1.584,4.244,-0.375,4.224
114.95,1.653,1.789,1.595,4.512,-0.376,4.272
114.96,1.511,1.790,1.581,3.964,-0.375,4.221
114.97,1.660,1.790,1.594,4.328,-0.374,4.239
114.98,1.580,1.793,1.594,4.274,-0.375,4.245
114.99,1.592,1.793,1.594,4.315,-0.375,4.256
115.00,1.559,1.793,1.588,4.199,-0.376,4.247
115.01,1.605,1.794,1.591,4.250,-0.375,4.247
115.02,1.587,1.796,1.592,4.075,-0.376,4.218
115.03,1.505,1.795,1.576,4.200,-0.376,4.215
115.04,1.713,1.796,1.600,4.355,-0.375,4.239
115.05,1.584,1.796,1.598,4.108,-0.376,4.217
115.06,1.571,1.800,1.596,4.143,-0.375,4.205
115.07,1.402,1.801,1.564,3.881,-0.375,4.151
115.08,1.473,1.802,1.549,3.723,-0.373,4.080
115.09,1.330,1.802,1.512,3.791,-0.373,4.031
115.10,1.488,1.804,1.509,4.052,-0.374,4.034
115.11,1.710,1.804,1.543,3.961,-0.373,4.022
115.12,1.763,1.803,1.579,4.164,-0.373,4.045
115.13,1.872,1.802,1.628,4.116,-0.374,4.057
115.14,1.467,1.803,1.601,4.254,-0.375,4.089
115.15,1.646,1.804,1.609,4.025,-0.375,4.078
115.16,1.743,1.804,1.632,4.308,-0.375,4.116
115.17,1.424,1.806,1.598,4.234,-0.375,4.137
115.18,1.530,1.806,1.586,4.769,-0.376,4.242
115.19,1.489,1.806,1.570,3.971,-0.377,4.196
115.20,1.432,1.807,1.547,4.689,-0.377,4.278
115.22,1.697,1.807,1.572,4.138,-0.377,4.255
115.22,1.398,1.806,1.542,4.207,-0.376,4.248
115.23,1.568,1.807,1.547,4.064,-0.377,4.217
115.24,1.493,1.808,1.538,4.159,-0.376,4.207
115.25,1.403,1.809,1.516,4.414,-0.376,4.243
115.26,1.795,1.809,1.563,4.329,-0.377,4.256
115.27,1.489,1.807,1.549,4.297,-0.377,4.263
115.28,1.656,1.806,1.566,4.182,-0.377,4.250
115.29,1.448,1.808,1.547,4.387,-0.376,4.274
115.31,1.531,1.809,1.544,4.302,-0.377,4.278
115.31,1.596,1.811,1.555,3.882,-0.379,4.210
115.32,1.463,1.810,1.539,4.422,-0.379,4.246
115.33,1.494,1.810,1.531,4.212,-0.378,4.241
115.35,1.569,1.812,1.538,4.163,-0.379,4.227
115.35,1.347,1.811,1.505,4.309,-0.378,4.241
115.36,1.596,1.810,1.520,4.290,-0.376,4.251
115.37,1.673,1.810,1.545,4.138,-0.377,4.232
115.39,1.537,1.810,1.543,4.125,-0.377,4.214
115.39,1.470,1.810,1.530,4.239,-0.377,4.219
115.40,1.920,1.808,1.594,4.508,-0.377,4.267
115.42,1.518,1.808,1.582,4.283,-0.377,4.270
115.42,1.538,1.809,1.574,4.170,-0.377,4.253
115.44,1.723,1.810,1.600,4.033,-0.376,4.217
115.45,1.522,1.810,1.587,4.002,-0.377,4.179
115.46,1.433,1.810,1.561,4.184,-0.378,4.179
115.47,1.688,1.810,1.582,4.149,-0.378,4.174
115.48,1.690,1.810,1.600,4.252,-0.378,4.187
115.49,1.430,1.812,1.573,4.108,-0.379,4.173
115.50,1.630,1.814,1.584,4.205,-0.379,4.179
115.51,1.583,1.815,1.584,4.213,-0.381,4.183
115.52,1.658,1.814,1.596,3.944,-0.379,4.144
115.53,1.648,1.813,1.603,4.080,-0.380,4.133
115.54,1.459,1.814,1.580,4.200,-0.380,4.144
115.55,1.499,1.813,1.565,4.283,-0.378,4.169
115.56,1.639,1.812,1.577,4.166,-0.379,4.168
115.57,1.554,1.812,1.573,4.367,-0.380,4.200
115.58,1.612,1.812,1.579,4.294,-0.381,4.215
115.59,1.733,1.812,1.605,4.382,-0.381,4.244
115.60,1.528,1.812,1.592,4.536,-0.381,4.293
115.61,1.575,1.813,1.590,4.326,-0.382,4.298
115.62,1.466,1.814,1.569,4.227,-0.383,4.285
115.63,1.698,1.814,1.590,4.139,-0.383,4.261
115.64,1.829,1.814,1.631,4.287,-0.382,4.266
115.65,1.503,1.815,1.610,4.101,-0.381,4.240
115.66,1.595,1.816,1.608,4.241,-0.380,4.241
115.67,1.471,1.816,1.585,4.316,-0.381,4.252
115.68,1.535,1.814,1.575,4.188,-0.381,4.241
115.69,1.646,1.815,1.587,4.208,-0.382,4.236
115.70,1.554,1.815,1.582,4.188,-0.382,4.228
115.71,1.401,1.816,1.551,4.301,-0.383,4.239
115.72,1.615,1.818,1.564,4.361,-0.384,4.259
115.73,1.333,1.818,1.525,4.141,-0.384,4.239
115.74,1.463,1.819,1.515,4.391,-0.383,4.266
115.75,1.259,1.821,1.473,4.224,-0.382,4.260
115.76,1.401,1.823,1.463,3.969,-0.382,4.211
115.77,1.699,1.822,1.501,4.168,-0.382,4.204
115.78,1.929,1.822,1.572,4.086,-0.382,4.184
115.79,1.576,1.823,1.574,4.278,-0.382,4.200
115.80,1.586,1.821,1.574,4.433,-0.382,4.239
115.81,1.625,1.822,1.583,3.961,-0.383,4.192
115.82,1.678,1.823,1.599,3.900,-0.383,4.142
115.83,1.674,1.825,1.614,3.843,-0.383,4.092
115.84,1.466,1.827,1.590,3.915,-0.383,4.062
115.85,1.502,1.828,1.576,4.326,-0.385,4.105
115.86,1.660,1.828,1.591,4.119,-0.386,4.107
115.87,1.518,1.828,1.578,4.086,-0.386,4.103
115.88,1.699,1.829,1.599,4.008,-0.385,4.088
115.89,1.448,1.829,1.573,4.233,-0.385,4.112
115.90,1.567,1.830,1.573,4.146,-0.384,4.118
115.91,1.632,1.832,1.584,4.018,-0.384,4.102
115.92,1.280,1.832,1.533,4.159,-0.383,4.112
115.93,1.412,1.834,1.514,4.245,-0.382,4.135
115.94,1.583,1.836,1.527,3.942,-0.382,4.102
115.95,1.652,1.836,1.548,4.222,-0.382,4.123
115.96,1.676,1.836,1.570,4.400,-0.383,4.169
115.97,1.557,1.839,1.570,4.331,-0.382,4.197
115.98,1.164,1.837,1.500,4.072,-0.383,4.175
115.99,1.509,1.840,1.503,3.982,-0.384,4.142
116.00,1.588,1.840,1.517,4.091,-0.384,4.134
116.01,1.572,1.840,1.525,4.185,-0.385,4.141
116.02,1.440,1.839,1.510,4.093,-0.385,4.133
116.03,1.561,1.841,1.520,4.243,-0.384,4.152
116.04,1.447,1.840,1.507,4.085,-0.384,4.141
116.05,1.734,1.840,1.545,4.287,-0.385,4.165
116.06,1.551,1.840,1.546,4.048,-0.384,4.146
116.07,1.317,1.840,1.507,4.182,-0.384,4.152
116.08,1.332,1.843,1.479,4.530,-0.385,4.215
116.09,1.599,1.843,1.499,4.199,-0.386,4.212
116.10,1.482,1.844,1.497,3.869,-0.386,4.154
116.11,1.496,1.843,1.496,4.361,-0.386,4.189
116.12,1.613,1.844,1.516,3.955,-0.386,4.149
116.13,1.591,1.844,1.529,4.145,-0.387,4.148
116.14,1.919,1.843,1.594,4.265,-0.386,4.168
116.15,1.648,1.844,1.603,4.390,-0.387,4.205
116.16,1.656,1.844,1.612,4.317,-0.386,4.225
116.17,1.516,1.845,1.597,4.397,-0.386,4.254
116.18,1.658,1.847,1.608,4.079,-0.387,4.224
116.19,1.946,1.847,1.665,4.224,-0.389,4.222
116.20,1.701,1.847,1.671,4.399,-0.389,4.252
116.21,1.764,1.848,1.687,4.179,-0.389,4.240
116.22,1.751,1.847,1.697,4.549,-0.389,4.292
116.23,1.276,1.848,1.627,4.359,-0.391,4.302
116.24,1.631,1.849,1.628,4.346,-0.392,4.308
116.25,1.331,1.848,1.578,4.077,-0.392,4.270
116.26,1.590,1.849,1.580,4.192,-0.393,4.256
116.27,1.589,1.850,1.582,4.368,-0.393,4.275
116.28,1.602,1.851,1.586,4.074,-0.393,4.241
116.29,1.561,1.850,1.581,4.081,-0.391,4.216
116.30,1.723,1.850,1.604,4.090,-0.391,4.195
116.31,1.881,1.849,1.650,4.005,-0.391,4.163
116.32,1.724,1.849,1.662,4.085,-0.392,4.149
116.33,1.573,1.848,1.647,4.467,-0.393,4.202
116.34,1.611,1.849,1.641,4.001,-0.393,4.168
116.35,1.398,1.850,1.601,4.075,-0.394,4.152
116.36,1.892,1.851,1.650,3.944,-0.394,4.117
116.37,1.539,1.849,1.630,4.065,-0.395,4.108
116.38,1.694,1.850,1.641,4.459,-0.394,4.167
116.39,1.421,1.851,1.605,4.260,-0.396,4.181
116.40,1.690,1.853,1.620,4.215,-0.395,4.188
116.41,1.462,1.852,1.593,3.796,-0.396,4.121
116.42,1.393,1.854,1.561,3.906,-0.396,4.085
116.43,1.701,1.855,1.585,4.256,-0.394,4.115
116.44,1.450,1.856,1.563,4.272,-0.394,4.142
116.45,1.803,1.855,1.602,4.120,-0.394,4.138
116.46,1.665,1.854,1.612,4.277,-0.392,4.164
116.47,1.648,1.852,1.616,4.030,-0.392,4.141
116.48,1.528,1.851,1.600,4.088,-0.392,4.132
116.49,1.682,1.851,1.614,4.077,-0.392,4.123
116.50,1.780,1.852,1.642,4.219,-0.391,4.139
116.51,1.444,1.853,1.610,3.936,-0.391,4.105
116.52,1.653,1.852,1.616,4.126,-0.391,4.109
116.53,1.599,1.853,1.614,4.467,-0.391,4.169
116.54,1.593,1.852,1.610,4.140,-0.392,4.164
116.55,1.565,1.853,1.602,4.058,-0.392,4.145
116.56,1.544,1.856,1.595,4.019,-0.393,4.124
116.57,1.452,1.857,1.571,3.840,-0.394,4.075
116.58,1.489,1.855,1.556,4.284,-0.394,4.110
116.59,1.719,1.855,1.583,3.998,-0.394,4.091
116.60,1.461,1.855,1.562,4.459,-0.392,4.154
116.61,1.604,1.855,1.569,4.347,-0.393,4.186
116.62,1.525,1.856,1.562,4.310,-0.394,4.206
116.63,1.281,1.858,1.516,4.231,-0.394,4.211
116.64,1.511,1.857,1.514,4.192,-0.394,4.208
116.65,1.358,1.856,1.486,4.157,-0.394,4.199
116.66,1.570,1.853,1.498,4.420,-0.394,4.236
116.68,1.456,1.854,1.491,3.985,-0.395,4.193
116.68,1.543,1.854,1.500,4.283,-0.395,4.208
116.69,1.576,1.855,1.513,4.047,-0.395,4.181
116.71,1.401,1.853,1.492,3.919,-0.395,4.137
116.71,1.641,1.856,1.519,4.130,-0.395,4.136
116.72,1.623,1.858,1.538,4.090,-0.396,4.128
116.74,1.618,1.858,1.551,4.510,-0.398,4.190
116.74,1.516,1.858,1.545,4.095,-0.398,4.174
116.76,1.343,1.857,1.510,4.089,-0.397,4.160
116.76,1.510,1.857,1.510,4.359,-0.397,4.194
116.78,1.722,1.856,1.544,4.187,-0.396,4.193
116.78,1.764,1.857,1.582,4.154,-0.397,4.187
116.80,1.462,1.859,1.563,3.951,-0.398,4.146
116.80,1.580,1.861,1.567,4.266,-0.398,4.166
116.81,1.652,1.863,1.583,4.525,-0.399,4.226
116.83,1.492,1.864,1.568,4.180,-0.398,4.219
116.84,1.509,1.865,1.559,4.184,-0.398,4.213
116.85,1.561,1.866,1.560,4.109,-0.398,4.196
116.85,1.832,1.866,1.605,4.199,-0.398,4.197
116.87,1.750,1.866,1.630,4.372,-0.400,4.225
116.88,1.526,1.866,1.612,4.440,-0.402,4.259
116.89,1.263,1.866,1.553,4.030,-0.402,4.221
116.90,1.582,1.864,1.556,4.623,-0.401,4.289
116.91,1.562,1.865,1.557,4.027,-0.400,4.246
116.91,1.606,1.863,1.564,4.014,-0.400,4.207
116.93,1.632,1.863,1.575,4.247,-0.400,4.214
116.93,1.737,1.865,1.604,4.200,-0.399,4.212
116.94,1.703,1.868,1.623,4.093,-0.399,4.192
116.96,1.520,1.867,1.605,4.349,-0.400,4.218
116.97,1.432,1.869,1.577,3.893,-0.401,4.162
116.98,1.632,1.870,1.587,4.026,-0.400,4.140
116.99,1.217,1.870,1.524,4.268,-0.400,4.162
117.00,1.516,1.870,1.522,4.228,-0.400,4.173
117.01,1.739,1.869,1.558,4.385,-0.400,4.209
117.02,1.653,1.867,1.572,3.993,-0.401,4.172
117.03,1.516,1.867,1.562,4.289,-0.401,4.192
117.04,1.397,1.867,1.534,4.333,-0.401,4.215
117.05,1.652,1.868,1.555,4.507,-0.401,4.264
117.06,1.688,1.869,1.578,4.596,-0.402,4.320
117.07,1.851,1.870,1.624,4.269,-0.402,4.311
117.08,1.501,1.871,1.604,4.156,-0.402,4.286
117.09,1.566,1.872,1.599,4.012,-0.401,4.241
117.10,1.827,1.872,1.637,4.306,-0.401,4.252
117.11,1.495,1.873,1.613,4.145,-0.401,4.234
117.12,1.586,1.873,1.609,4.297,-0.401,4.244
117.13,1.633,1.873,1.613,4.354,-0.403,4.261
117.14,1.490,1.876,1.594,4.205,-0.402,4.253
117.15,1.667,1.876,1.606,4.066,-0.403,4.220
117.16,1.568,1.876,1.599,4.098,-0.403,4.200
117.17,1.668,1.875,1.610,4.117,-0.403,4.186
117.18,1.719,1.875,1.629,4.312,-0.404,4.206
117.19,1.544,1.875,1.614,4.335,-0.403,4.229
117.20,1.573,1.873,1.606,4.148,-0.404,4.215
117.21,1.738,1.874,1.628,4.211,-0.404,4.214
117.22,1.520,1.875,1.611,4.347,-0.404,4.236
117.23,1.611,1.877,1.612,4.450,-0.402,4.274
117.24,1.656,1.877,1.620,4.363,-0.401,4.290
117.25,1.727,1.877,1.637,4.354,-0.401,4.301
117.26,1.451,1.876,1.605,4.139,-0.401,4.274
117.27,1.340,1.875,1.560,3.823,-0.402,4.198
117.28,1.546,1.875,1.557,3.842,-0.402,4.138
117.29,1.270,1.873,1.507,4.231,-0.402,4.153
117.30,1.792,1.874,1.555,4.021,-0.404,4.130
117.31,1.486,1.873,1.542,4.157,-0.403,4.135
117.32,1.518,1.874,1.539,4.393,-0.404,4.178
117.33,1.657,1.873,1.558,4.295,-0.403,4.198
117.34,1.678,1.875,1.579,4.093,-0.404,4.180
117.35,1.603,1.876,1.585,3.967,-0.403,4.145
117.36,1.725,1.877,1.609,4.179,-0.402,4.151
117.37,1.494,1.878,1.590,4.068,-0.402,4.137
117.38,1.498,1.876,1.573,3.968,-0.401,4.110
117.39,1.658,1.876,1.586,3.787,-0.401,4.056
117.40,1.662,1.874,1.598,4.115,-0.401,4.066
117.41,1.554,1.875,1.590,3.897,-0.400,4.038
117.42,1.391,1.873,1.555,4.187,-0.399,4.064
117.43,1.451,1.874,1.538,4.356,-0.398,4.113
117.44,1.221,1.873,1.484,4.012,-0.397,4.097
117.45,1.464,1.874,1.481,4.163,-0.396,4.108
117.46,1.460,1.875,1.478,4.188,-0.397,4.122
117.47,1.797,1.872,1.529,4.090,-0.396,4.116
117.48,1.700,1.875,1.559,3.817,-0.396,4.066
117.49,1.482,1.875,1.547,4.412,-0.396,4.125
117.50,1.326,1.877,1.510,4.239,-0.397,4.144
117.51,1.263,1.878,1.469,4.219,-0.398,4.156
117.52,1.655,1.879,1.500,4.597,-0.397,4.231
117.53,1.511,1.879,1.503,4.215,-0.398,4.228
117.54,1.603,1.877,1.517,4.502,-0.399,4.273
117.55,1.334,1.879,1.487,4.190,-0.400,4.259
117.56,1.575,1.877,1.500,4.253,-0.401,4.257
117.57,1.596,1.878,1.517,4.386,-0.401,4.279
117.58,1.564,1.877,1.524,4.104,-0.403,4.247
117.59,1.589,1.878,1.535,4.383,-0.404,4.270
117.60,1.507,1.878,1.530,4.196,-0.403,4.258
117.61,1.599,1.878,1.542,4.067,-0.403,4.226
117.62,1.592,1.878,1.550,4.088,-0.403,4.203
117.63,1.552,1.878,1.550,4.026,-0.403,4.174
117.64,1.795,1.880,1.592,3.868,-0.403,4.122
117.65,1.245,1.880,1.534,4.052,-0.403,4.110
117.66,1.492,1.880,1.527,4.037,-0.404,4.097
117.67,1.616,1.879,1.541,4.072,-0.405,4.092
117.68,1.553,1.879,1.542,3.994,-0.405,4.075
117.69,1.447,1.878,1.525,4.111,-0.406,4.081
117.70,1.799,1.879,1.572,3.856,-0.406,4.042
117.71,1.775,1.879,1.606,4.113,-0.407,4.054
117.72,1.408,1.879,1.572,3.980,-0.407,4.040
117.73,1.526,1.878,1.564,4.206,-0.407,4.069
117.74,1.660,1.878,1.580,4.026,-0.407,4.061
117.75,1.514,1.878,1.569,4.249,-0.405,4.094
117.76,1.715,1.879,1.594,4.291,-0.405,4.127
117.77,1.552,1.881,1.588,4.233,-0.405,4.145
117.78,1.533,1.882,1.579,4.210,-0.405,4.156
117.79,1.377,1.881,1.544,4.159,-0.406,4.155
117.80,1.345,1.880,1.510,4.246,-0.406,4.171
117.81,1.422,1.880,1.495,4.194,-0.405,4.176
117.82,1.557,1.881,1.505,4.400,-0.405,4.213
117.83,1.755,1.881,1.548,4.351,-0.405,4.236
117.84,1.654,1.881,1.565,4.312,-0.406,4.249
117.85,1.559,1.880,1.563,4.209,-0.407,4.242
117.86,1.669,1.882,1.582,4.287,-0.407,4.250
117.87,1.397,1.882,1.551,4.175,-0.407,4.237
117.88,1.349,1.882,1.517,4.239,-0.407,4.237
117.89,1.662,1.882,1.541,4.283,-0.406,4.246
117.90,1.584,1.883,1.548,3.803,-0.406,4.172
117.91,1.606,1.885,1.560,4.195,-0.405,4.176
117.92,1.363,1.887,1.528,4.491,-0.405,4.229
117.93,1.536,1.885,1.528,4.098,-0.405,4.207
117.94,1.542,1.884,1.529,4.164,-0.405,4.200
117.95,1.777,1.882,1.569,4.295,-0.405,4.216
117.96,1.485,1.885,1.557,4.347,-0.406,4.238
117.97,1.880,1.887,1.613,4.183,-0.406,4.228
117.98,1.765,1.888,1.639,4.109,-0.405,4.209
117.99,1.727,1.888,1.654,4.443,-0.405,4.248
118.00,1.440,1.889,1.618,3.919,-0.406,4.192
118.01,1.784,1.890,1.646,3.767,-0.406,4.120
118.02,1.704,1.890,1.656,4.106,-0.405,4.118
118.03,1.745,1.890,1.671,3.831,-0.406,4.069
118.04,1.661,1.889,1.668,4.289,-0.406,4.106
118.05,1.543,1.890,1.648,4.259,-0.407,4.131
118.06,1.600,1.892,1.641,4.176,-0.406,4.139
118.07,1.643,1.892,1.641,4.367,-0.409,4.175
118.08,1.643,1.892,1.642,4.260,-0.409,4.189
118.09,1.528,1.892,1.623,4.004,-0.409,4.158
118.10,1.724,1.892,1.639,4.044,-0.409,4.139
118.11,1.571,1.892,1.628,4.359,-0.409,4.176
118.12,1.360,1.892,1.583,4.228,-0.409,4.185
118.13,1.525,1.893,1.574,4.271,-0.409,4.200
118.14,1.664,1.892,1.587,4.238,-0.408,4.207
118.15,1.349,1.892,1.548,4.419,-0.410,4.241
118.16,1.704,1.894,1.575,4.298,-0.410,4.251
118.17,1.726,1.893,1.600,4.026,-0.412,4.211
118.18,1.637,1.894,1.607,4.318,-0.410,4.231
118.19,1.731,1.894,1.627,4.304,-0.411,4.242
118.21,1.736,1.891,1.643,4.331,-0.411,4.257
118.22,1.712,1.890,1.654,4.560,-0.412,4.308
118.22,1.377,1.892,1.609,4.204,-0.414,4.289
118.23,1.580,1.893,1.605,4.374,-0.415,4.303
118.25,1.752,1.893,1.630,4.016,-0.416,4.254
118.26,1.676,1.895,1.639,4.182,-0.416,4.242
118.27,1.568,1.896,1.628,3.991,-0.415,4.200
118.28,1.620,1.897,1.627,4.289,-0.416,4.215
118.29,1.519,1.897,1.609,4.067,-0.416,4.190
118.30,1.459,1.898,1.584,4.173,-0.414,4.189
118.30,1.575,1.897,1.581,4.276,-0.413,4.204
118.31,1.404,1.897,1.552,4.201,-0.415,4.203
118.32,1.596,1.897,1.558,4.072,-0.414,4.181
118.33,1.612,1.896,1.567,4.051,-0.413,4.160
118.34,1.366,1.896,1.533,4.183,-0.414,4.163
118.35,1.693,1.898,1.561,4.367,-0.414,4.197
118.37,1.490,1.897,1.548,4.033,-0.413,4.171
118.38,1.669,1.897,1.568,4.384,-0.413,4.207
118.39,1.617,1.897,1.576,4.441,-0.411,4.248
118.40,1.300,1.896,1.529,3.995,-0.411,4.205
118.41,1.733,1.897,1.564,3.934,-0.411,4.160
118.42,1.353,1.895,1.526,4.003,-0.411,4.134
118.43,1.643,1.896,1.546,3.900,-0.410,4.095
118.44,1.450,1.894,1.528,4.391,-0.409,4.145
118.45,1.614,1.894,1.542,4.132,-0.409,4.144
118.46,1.533,1.895,1.541,4.209,-0.409,4.154
118.47,1.559,1.895,1.544,4.287,-0.410,4.176
118.47,1.346,1.895,1.511,4.250,-0.408,4.190
118.49,1.522,1.895,1.512,4.487,-0.407,4.241
118.50,1.536,1.896,1.516,4.141,-0.409,4.223
118.51,1.631,1.896,1.536,4.436,-0.407,4.260
118.52,1.409,1.897,1.515,4.049,-0.408,4.224
118.53,1.507,1.896,1.512,3.919,-0.409,4.172
118.54,1.748,1.897,1.553,4.325,-0.409,4.197
118.55,1.466,1.896,1.537,4.544,-0.409,4.256
118.56,1.695,1.896,1.563,4.399,-0.410,4.279
118.57,1.710,1.898,1.589,4.229,-0.410,4.271
118.58,1.209,1.896,1.524,4.045,-0.411,4.232
118.59,1.700,1.898,1.555,4.061,-0.411,4.203
118.60,1.558,1.896,1.553,3.941,-0.411,4.160
118.61,1.470,1.895,1.538,3.936,-0.412,4.121
118.62,1.676,1.896,1.562,4.257,-0.414,4.143
118.63,1.479,1.896,1.548,3.871,-0.413,4.098
118.64,1.552,1.895,1.547,4.004,-0.412,4.082
118.65,1.715,1.895,1.576,4.215,-0.411,4.105
118.66,1.387,1.895,1.544,4.086,-0.411,4.102
118.67,1.492,1.896,1.536,4.088,-0.410,4.101
118.68,1.619,1.898,1.551,4.228,-0.411,4.121
118.69,1.597,1.898,1.559,4.475,-0.411,4.182
118.70,1.567,1.899,1.561,4.399,-0.411,4.219
118.71,1.519,1.899,1.553,4.201,-0.409,4.217
118.72,1.748,1.900,1.587,4.151,-0.409,4.206
118.73,1.633,1.901,1.595,4.114,-0.409,4.190
118.74,1.713,1.900,1.614,4.356,-0.409,4.218
118.75,1.582,1.898,1.607,4.063,-0.409,4.192
118.76,1.722,1.900,1.628,4.295,-0.410,4.209
118.77,1.754,1.901,1.650,4.120,-0.409,4.195
118.78,1.593,1.901,1.640,4.075,-0.409,4.175
118.79,1.584,1.900,1.630,4.065,-0.409,4.156
118.80,1.629,1.900,1.630,4.406,-0.408,4.199
118.81,1.677,1.901,1.638,3.992,-0.408,4.164
118.82,1.645,1.900,1.638,4.338,-0.408,4.194
118.83,1.749,1.900,1.656,4.492,-0.407,4.245
118.84,1.464,1.900,1.624,4.175,-0.408,4.232
118.85,1.580,1.899,1.616,4.230,-0.408,4.232
118.86,1.535,1.899,1.602,4.265,-0.407,4.239
118.87,1.494,1.900,1.585,4.286,-0.409,4.245
118.88,1.757,1.900,1.614,4.450,-0.409,4.279
118.89,1.496,1.901,1.594,4.049,-0.410,4.241
118.90,1.708,1.901,1.613,4.130,-0.411,4.222
118.91,1.635,1.902,1.618,4.155,-0.410,4.211
118.92,1.641,1.902,1.621,3.854,-0.410,4.151
118.93,1.454,1.903,1.594,4.157,-0.411,4.152
118.94,1.731,1.902,1.616,4.254,-0.412,4.168
118.95,1.445,1.904,1.589,4.174,-0.413,4.168
118.96,1.480,1.903,1.569,4.342,-0.412,4.198
118.97,1.589,1.905,1.574,4.070,-0.412,4.177
118.98,1.557,1.904,1.571,4.375,-0.411,4.211
118.99,1.435,1.903,1.547,4.288,-0.409,4.225
119.00,1.771,1.904,1.585,4.281,-0.409,4.235
119.01,1.574,1.905,1.584,4.091,-0.409,4.211
119.02,1.728,1.906,1.608,3.825,-0.409,4.147
119.03,1.700,1.906,1.624,3.985,-0.409,4.119
119.04,1.620,1.907,1.624,4.265,-0.411,4.142
119.05,1.373,1.907,1.581,4.340,-0.411,4.175
119.06,1.588,1.908,1.583,4.017,-0.413,4.147
119.07,1.524,1.908,1.573,4.269,-0.411,4.169
119.08,1.530,1.908,1.565,4.168,-0.411,4.169
119.09,1.594,1.909,1.571,4.235,-0.410,4.181
119.10,1.752,1.910,1.602,3.872,-0.407,4.131
119.11,1.587,1.910,1.599,4.219,-0.408,4.145
119.12,1.579,1.909,1.595,4.019,-0.409,4.123
119.13,1.452,1.909,1.571,4.486,-0.409,4.184
119.14,1.514,1.909,1.561,4.445,-0.408,4.229
119.15,1.489,1.909,1.549,4.173,-0.408,4.219
119.16,1.660,1.910,1.568,4.144,-0.409,4.206
119.17,1.386,1.909,1.536,4.145,-0.409,4.196
119.18,1.681,1.910,1.561,4.075,-0.409,4.175
119.19,1.325,1.909,1.520,4.247,-0.409,4.188
119.20,1.540,1.908,1.523,4.334,-0.408,4.213
119.21,1.870,1.909,1.582,4.126,-0.408,4.199
119.22,1.613,1.908,1.586,4.113,-0.408,4.184
119.23,1.699,1.907,1.604,4.334,-0.409,4.209
119.24,1.778,1.908,1.634,4.273,-0.409,4.220
119.25,1.793,1.908,1.661,4.104,-0.410,4.200
119.26,1.571,1.910,1.647,4.074,-0.410,4.178
119.27,1.603,1.911,1.640,4.125,-0.412,4.168
119.28,1.409,1.912,1.602,4.076,-0.410,4.154
119.29,1.524,1.910,1.587,4.042,-0.411,4.134
119.30,1.753,1.909,1.614,4.178,-0.412,4.141
119.31,1.648,1.909,1.620,3.886,-0.411,4.099
119.32,1.575,1.908,1.612,4.093,-0.411,4.098
119.33,1.620,1.911,1.615,4.266,-0.411,4.126
119.34,1.532,1.913,1.603,4.121,-0.409,4.127
119.35,1.680,1.914,1.616,4.265,-0.410,4.149
119.36,1.617,1.912,1.614,4.174,-0.411,4.153
119.37,1.430,1.909,1.581,4.583,-0.411,4.224
119.38,1.575,1.910,1.581,3.935,-0.412,4.176
119.39,1.757,1.911,1.610,4.295,-0.411,4.196
119.40,1.620,1.914,1.615,4.096,-0.411,4.180
119.41,1.387,1.913,1.575,4.294,-0.411,4.199
119.42,1.673,1.913,1.592,4.449,-0.411,4.241
119.43,1.620,1.912,1.595,4.011,-0.412,4.201
119.44,1.427,1.911,1.566,4.512,-0.414,4.253
119.45,1.399,1.911,1.537,4.209,-0.414,4.245
119.46,1.701,1.909,1.563,4.374,-0.414,4.267
119.47,1.381,1.909,1.532,4.260,-0.415,4.265
119.48,1.788,1.910,1.575,4.371,-0.413,4.284
119.49,1.664,1.910,1.591,4.095,-0.413,4.253
119.50,1.485,1.911,1.573,4.269,-0.412,4.256
119.51,1.514,1.909,1.562,4.066,-0.413,4.224
119.52,1.762,1.911,1.596,4.185,-0.411,4.219
119.53,1.731,1.909,1.618,4.220,-0.411,4.219
119.54,1.531,1.909,1.603,4.296,-0.411,4.233
119.55,1.401,1.911,1.570,4.245,-0.409,4.236
119.56,1.529,1.911,1.563,4.173,-0.410,4.225
119.57,1.586,1.912,1.567,3.998,-0.409,4.187
119.58,1.638,1.911,1.579,4.421,-0.410,4.226
119.59,1.616,1.911,1.584,4.629,-0.410,4.294
119.60,1.589,1.912,1.585,4.214,-0.411,4.280
119.61,1.604,1.912,1.589,4.337,-0.410,4.290
119.62,1.382,1.911,1.553,4.369,-0.409,4.305
119.63,1.419,1.910,1.529,4.324,-0.408,4.309
119.64,1.745,1.911,1.566,3.690,-0.408,4.205
119.65,1.681,1.910,1.585,3.856,-0.409,4.146
119.66,1.650,1.911,1.596,3.986,-0.408,4.120
119.67,1.469,1.911,1.575,4.186,-0.407,4.131
119.68,1.475,1.910,1.557,4.353,-0.408,4.168
119.69,1.642,1.911,1.572,4.024,-0.409,4.143
119.70,1.492,1.911,1.558,4.329,-0.408,4.175
119.72,1.461,1.912,1.542,3.865,-0.408,4.122
119.73,1.297,1.914,1.502,3.817,-0.409,4.070
119.74,1.697,1.915,1.536,4.388,-0.409,4.123
119.75,1.359,1.915,1.506,3.941,-0.409,4.093
119.76,1.612,1.916,1.524,4.121,-0.407,4.099
119.77,1.469,1.915,1.513,4.153,-0.407,4.108
119.78,1.514,1.916,1.515,4.106,-0.407,4.107
119.79,1.745,1.916,1.552,4.602,-0.406,4.191
119.80,1.660,1.914,1.569,4.361,-0.406,4.220
119.81,1.760,1.914,1.601,4.328,-0.406,4.238
119.82,1.637,1.914,1.607,4.280,-0.405,4.246
119.83,1.706,1.916,1.624,4.099,-0.405,4.221
119.84,1.470,1.915,1.598,4.155,-0.405,4.211
119.85,1.436,1.914,1.570,4.206,-0.404,4.211
119.86,1.454,1.915,1.551,4.188,-0.404,4.207
119.87,1.621,1.914,1.562,4.074,-0.403,4.185
119.88,1.255,1.912,1.509,4.179,-0.403,4.184
119.89,1.697,1.913,1.540,4.245,-0.403,4.194
119.90,1.579,1.913,1.547,3.994,-0.404,4.160
119.91,1.408,1.913,1.523,4.040,-0.403,4.141
119.92,1.495,1.914,1.519,4.358,-0.403,4.177
119.93,1.609,1.916,1.536,4.114,-0.404,4.166
119.94,1.466,1.917,1.524,4.301,-0.405,4.188
119.95,1.603,1.917,1.537,3.966,-0.404,4.151
119.96,1.706,1.919,1.567,4.144,-0.403,4.150
119.97,1.808,1.919,1.607,3.987,-0.402,4.124
119.98,1.600,1.920,1.607,3.999,-0.402,4.103
119.99,1.741,1.920,1.630,4.304,-0.401,4.138
120.00,1.499,1.921,1.608,4.193,-0.402,4.146
120.01,1.694,1.919,1.621,4.297,-0.401,4.173
120.02,1.655,1.920,1.628,3.973,-0.401,4.139
120.03,1.439,1.918,1.594,4.172,-0.400,4.145
120.04,1.586,1.919,1.593,3.951,-0.401,4.111
120.05,1.468,1.919,1.572,4.184,-0.401,4.124
120.06,1.649,1.921,1.587,3.909,-0.401,4.087
120.07,1.657,1.921,1.599,4.339,-0.402,4.129
120.08,1.553,1.922,1.591,4.522,-0.402,4.195
120.09,1.410,1.922,1.561,3.995,-0.403,4.161
120.10,1.307,1.923,1.518,4.268,-0.402,4.180
120.11,1.541,1.924,1.522,4.264,-0.402,4.194
120.12,1.572,1.925,1.532,4.305,-0.403,4.212
120.13,1.382,1.924,1.505,4.312,-0.403,4.229
120.14,1.556,1.922,1.512,3.941,-0.404,4.179
120.15,1.605,1.923,1.528,4.385,-0.404,4.214
120.16,1.490,1.921,1.520,4.176,-0.405,4.207
120.17,1.614,1.922,1.536,4.199,-0.406,4.205
120.18,1.465,1.923,1.525,3.924,-0.407,4.157
120.19,1.825,1.921,1.573,4.075,-0.406,4.144
120.20,1.509,1.920,1.562,4.262,-0.406,4.164
120.21,1.785,1.922,1.600,4.230,-0.406,4.175
120.22,1.399,1.922,1.567,4.151,-0.406,4.171
120.23,1.706,1.920,1.589,4.025,-0.405,4.146
120.24,1.713,1.920,1.609,4.272,-0.406,4.167
120.25,1.649,1.921,1.617,4.092,-0.406,4.154
120.26,1.577,1.922,1.611,4.088,-0.406,4.144
120.27,1.786,1.923,1.641,3.942,-0.406,4.110
120.28,1.488,1.924,1.616,4.114,-0.407,4.109
120.29,1.516,1.924,1.599,4.278,-0.406,4.139
120.30,1.879,1.925,1.647,4.396,-0.406,4.182
120.31,1.873,1.925,1.685,4.455,-0.407,4.227
120.32,1.442,1.926,1.645,4.023,-0.407,4.193
120.33,1.577,1.928,1.635,4.148,-0.406,4.186
120.34,1.345,1.928,1.586,4.115,-0.407,4.173
120.35,1.543,1.927,1.578,4.006,-0.407,4.145
120.36,1.463,1.928,1.560,3.918,-0.408,4.106
120.37,1.520,1.929,1.553,4.342,-0.409,4.145
120.38,1.418,1.929,1.531,4.135,-0.408,4.144
120.39,1.485,1.929,1.523,3.970,-0.408,4.114
120.40,1.509,1.927,1.519,4.119,-0.407,4.116
120.41,1.538,1.928,1.522,3.895,-0.406,4.080
120.42,1.639,1.927,1.541,4.274,-0.408,4.111
120.43,1.571,1.926,1.544,4.048,-0.408,4.100
120.44,1.530,1.925,1.541,4.225,-0.407,4.122
120.45,1.362,1.925,1.511,4.085,-0.407,4.116
120.46,1.341,1.924,1.481,4.365,-0.407,4.157
120.47,1.374,1.922,1.461,3.814,-0.407,4.100
120.48,1.721,1.923,1.505,4.086,-0.405,4.099
120.49,1.807,1.923,1.556,4.056,-0.405,4.092
120.50,1.606,1.922,1.563,4.149,-0.406,4.100
120.51,1.538,1.921,1.558,3.884,-0.406,4.064
120.52,1.530,1.923,1.555,4.174,-0.405,4.083
120.53,1.480,1.926,1.544,4.214,-0.405,4.105
120.54,1.649,1.926,1.561,3.755,-0.405,4.046
120.55,1.403,1.926,1.535,4.367,-0.406,4.099
120.56,1.507,1.926,1.530,3.920,-0.406,4.069
120.57,1.571,1.927,1.538,4.323,-0.404,4.114
120.58,1.437,1.927,1.520,3.941,-0.403,4.085
120.59,1.455,1.927,1.508,4.199,-0.403,4.104
120.60,1.749,1.927,1.549,4.228,-0.404,4.124
120.61,1.581,1.928,1.555,4.387,-0.404,4.169
120.62,1.639,1.929,1.569,3.913,-0.404,4.125
120.63,1.763,1.928,1.601,4.270,-0.405,4.149
120.64,1.862,1.927,1.644,4.428,-0.404,4.197
120.65,1.506,1.930,1.623,3.892,-0.404,4.145
120.66,1.558,1.932,1.614,3.999,-0.406,4.119
120.67,1.463,1.934,1.590,4.297,-0.406,4.149
120.68,1.654,1.934,1.600,4.296,-0.406,4.174
120.69,1.251,1.935,1.542,4.273,-0.406,4.190
120.70,1.571,1.935,1.547,4.038,-0.406,4.165
120.71,1.455,1.936,1.532,3.863,-0.406,4.114
120.72,1.338,1.935,1.498,4.365,-0.406,4.156
120.73,1.895,1.939,1.568,4.316,-0.406,4.183
120.74,1.746,1.941,1.599,4.209,-0.407,4.187
120.75,1.462,1.942,1.577,4.234,-0.407,4.195
120.76,1.743,1.941,1.605,4.383,-0.407,4.226
120.77,1.534,1.942,1.592,4.077,-0.408,4.201
120.78,1.519,1.944,1.582,4.237,-0.406,4.209
120.79,1.564,1.944,1.578,4.231,-0.405,4.213
120.80,1.342,1.942,1.537,4.193,-0.405,4.210
120.81,1.593,1.942,1.547,3.982,-0.405,4.171
120.82,1.390,1.942,1.520,4.194,-0.406,4.174
120.83,1.502,1.942,1.516,4.233,-0.406,4.185
120.84,1.269,1.943,1.475,4.492,-0.407,4.236
120.85,1.416,1.943,1.465,4.292,-0.406,4.245
120.86,1.547,1.943,1.479,4.043,-0.406,4.212
120.87,1.563,1.944,1.493,4.173,-0.406,4.205
120.88,1.630,1.946,1.518,3.972,-0.407,4.165
120.89,1.654,1.945,1.539,3.985,-0.408,4.134
120.90,1.715,1.945,1.569,4.166,-0.407,4.140
120.91,1.700,1.947,1.592,4.229,-0.407,4.155
120.92,1.571,1.946,1.587,4.216,-0.407,4.166
120.93,1.559,1.946,1.582,4.525,-0.406,4.226
120.94,1.864,1.946,1.629,4.057,-0.407,4.197
120.95,1.345,1.946,1.582,4.129,-0.407,4.186
120.96,1.820,1.946,1.622,4.155,-0.406,4.181
120.97,1.535,1.949,1.609,4.093,-0.407,4.166
120.98,1.689,1.949,1.622,4.298,-0.407,4.189
120.99,1.538,1.950,1.609,4.018,-0.407,4.159
121.00,1.845,1.950,1.648,4.339,-0.407,4.189
121.01,1.550,1.951,1.632,4.351,-0.406,4.218
121.02,1.517,1.950,1.612,4.280,-0.406,4.229
121.03,1.606,1.949,1.610,4.085,-0.405,4.205
121.04,1.626,1.950,1.613,3.986,-0.405,4.168
121.05,1.474,1.953,1.592,4.349,-0.404,4.199
121.06,1.631,1.952,1.597,4.025,-0.405,4.170
121.07,1.465,1.952,1.575,4.067,-0.405,4.153
121.08,1.505,1.952,1.563,4.298,-0.405,4.177
121.09,1.378,1.951,1.530,4.320,-0.404,4.202
121.10,1.432,1.951,1.513,4.265,-0.403,4.214
121.12,1.823,1.953,1.567,4.109,-0.404,4.196
121.12,1.471,1.953,1.551,4.059,-0.404,4.172
121.13,1.812,1.952,1.594,3.996,-0.404,4.143
121.14,1.656,1.951,1.603,3.916,-0.404,4.105
121.15,1.718,1.950,1.622,4.104,-0.405,4.104
121.16,1.451,1.952,1.594,4.251,-0.405,4.128
121.17,1.917,1.953,1.649,4.344,-0.406,4.164
121.18,1.405,1.953,1.608,3.981,-0.406,4.133
121.19,1.604,1.954,1.608,4.262,-0.407,4.154
121.21,1.402,1.953,1.573,4.069,-0.407,4.139
121.21,1.568,1.953,1.572,4.267,-0.406,4.162
121.22,1.616,1.954,1.579,4.372,-0.405,4.198
121.23,1.841,1.955,1.625,4.270,-0.405,4.210
121.25,1.398,1.956,1.587,4.332,-0.406,4.230
121.26,1.642,1.956,1.596,4.343,-0.404,4.251
121.27,1.726,1.956,1.618,4.182,-0.405,4.239
121.28,1.490,1.958,1.598,4.194,-0.405,4.231
121.29,1.946,1.958,1.657,4.209,-0.405,4.228
121.30,1.759,1.959,1.674,4.334,-0.406,4.245
121.31,1.363,1.961,1.624,4.102,-0.407,4.220
121.32,1.615,1.962,1.623,4.420,-0.407,4.254
121.33,1.847,1.962,1.661,3.986,-0.407,4.209
121.34,1.548,1.964,1.643,4.064,-0.406,4.185
121.35,1.528,1.963,1.623,4.414,-0.406,4.223
121.36,1.630,1.964,1.625,4.400,-0.407,4.252
121.37,1.628,1.962,1.623,4.285,-0.407,4.259
121.38,1.677,1.961,1.632,4.441,-0.406,4.290
121.39,1.530,1.960,1.614,3.973,-0.408,4.235
121.40,1.726,1.961,1.633,4.267,-0.408,4.241
121.41,1.239,1.962,1.567,4.073,-0.407,4.213
121.42,1.458,1.961,1.548,4.207,-0.408,4.212
121.43,1.168,1.961,1.484,4.028,-0.408,4.181
121.44,1.782,1.960,1.533,4.308,-0.407,4.203
121.45,1.699,1.959,1.560,3.891,-0.407,4.151
121.46,1.473,1.963,1.548,4.162,-0.406,4.153
121.47,1.359,1.964,1.517,4.184,-0.407,4.158
121.48,1.574,1.966,1.528,4.081,-0.408,4.143
121.49,1.717,1.966,1.559,3.859,-0.409,4.095
121.50,1.337,1.966,1.522,4.059,-0.410,4.088
121.51,1.421,1.967,1.505,4.287,-0.411,4.121
121.52,1.762,1.966,1.547,4.308,-0.411,4.152
121.53,1.596,1.967,1.556,4.122,-0.412,4.147
121.54,1.694,1.966,1.578,4.371,-0.411,4.185
121.55,1.466,1.968,1.561,4.302,-0.410,4.205
121.56,1.630,1.968,1.572,4.316,-0.410,4.224
121.57,1.619,1.968,1.580,4.322,-0.410,4.241
121.58,1.295,1.970,1.533,4.111,-0.409,4.220
121.59,1.510,1.971,1.530,4.296,-0.409,4.233
121.60,1.548,1.972,1.534,4.029,-0.410,4.197
121.61,1.382,1.971,1.507,4.012,-0.408,4.167
121.62,1.700,1.974,1.541,4.155,-0.410,4.164
121.63,1.628,1.973,1.555,4.261,-0.409,4.181
121.64,1.466,1.973,1.540,4.133,-0.409,4.173
121.65,1.627,1.975,1.556,4.158,-0.410,4.170
121.66,1.841,1.974,1.603,4.172,-0.410,4.170
121.67,1.598,1.975,1.603,4.224,-0.410,4.179
121.68,1.623,1.975,1.606,4.154,-0.412,4.173
121.69,1.357,1.976,1.564,3.962,-0.412,4.137
121.70,1.650,1.973,1.577,4.313,-0.412,4.167
121.71,1.461,1.973,1.557,4.152,-0.411,4.166
121.72,1.377,1.973,1.526,4.030,-0.410,4.143
121.73,1.621,1.975,1.543,4.167,-0.411,4.147
121.74,1.442,1.975,1.526,4.270,-0.410,4.168
121.75,1.356,1.974,1.496,4.307,-0.411,4.190
121.76,1.542,1.974,1.504,3.930,-0.411,4.147
121.77,1.576,1.976,1.518,4.289,-0.410,4.172
121.78,1.351,1.977,1.489,4.071,-0.410,4.155
121.79,1.599,1.977,1.508,4.225,-0.408,4.168
121.80,1.571,1.976,1.517,4.443,-0.408,4.215
121.81,1.502,1.975,1.514,4.308,-0.408,4.230
121.82,1.669,1.974,1.539,3.814,-0.409,4.160
121.83,1.415,1.975,1.518,4.178,-0.408,4.163
121.84,1.724,1.975,1.553,4.396,-0.408,4.203
121.85,1.680,1.977,1.575,4.181,-0.410,4.198
121.86,1.604,1.978,1.581,4.465,-0.408,4.244
121.87,1.517,1.977,1.569,4.305,-0.408,4.255
121.88,1.515,1.976,1.559,4.134,-0.409,4.233
121.89,1.543,1.974,1.555,3.897,-0.408,4.178
121.90,1.605,1.976,1.564,3.972,-0.409,4.143
121.91,1.544,1.977,1.561,4.078,-0.409,4.132
121.92,1.539,1.978,1.558,4.273,-0.407,4.157
121.93,1.562,1.977,1.558,3.808,-0.408,4.097
121.94,1.625,1.978,1.569,4.069,-0.411,4.090
121.95,1.658,1.977,1.584,4.163,-0.411,4.102
121.96,1.602,1.978,1.587,4.319,-0.412,4.138
121.97,1.786,1.979,1.621,4.065,-0.411,4.126
121.98,1.573,1.980,1.614,4.197,-0.410,4.139
121.99,1.662,1.981,1.623,4.244,-0.411,4.156
122.00,1.573,1.981,1.614,4.438,-0.412,4.202
122.01,1.515,1.981,1.598,4.264,-0.413,4.212
122.02,1.454,1.981,1.573,3.930,-0.414,4.164
122.03,1.604,1.982,1.579,4.148,-0.413,4.162
122.04,1.561,1.982,1.575,4.191,-0.413,4.167
122.05,1.596,1.981,1.578,4.265,-0.412,4.184
122.06,1.584,1.977,1.575,4.410,-0.413,4.221
122.07,1.423,1.978,1.551,3.966,-0.414,4.178
122.08,1.674,1.979,1.571,4.200,-0.412,4.183
122.09,1.673,1.980,1.590,3.921,-0.413,4.138
122.10,1.585,1.979,1.588,4.134,-0.413,4.137
122.11,1.465,1.978,1.565,4.202,-0.414,4.148
122.12,1.435,1.977,1.543,4.035,-0.414,4.129
122.13,1.723,1.977,1.572,4.042,-0.413,4.115
122.14,1.534,1.976,1.565,3.933,-0.413,4.084
122.15,1.625,1.974,1.574,4.169,-0.414,4.098
122.16,1.571,1.976,1.574,4.169,-0.414,4.109
122.17,1.586,1.976,1.576,3.942,-0.414,4.081
122.18,1.541,1.975,1.569,3.867,-0.414,4.045
122.19,1.597,1.974,1.573,4.389,-0.414,4.102
122.20,1.159,1.974,1.504,4.032,-0.415,4.090
122.21,1.443,1.975,1.493,4.077,-0.415,4.087
122.22,1.618,1.975,1.514,4.426,-0.415,4.145
122.23,1.578,1.975,1.525,4.142,-0.414,4.145
122.24,1.421,1.975,1.507,3.983,-0.415,4.117
122.25,1.460,1.974,1.498,4.120,-0.415,4.118
122.26,1.482,1.975,1.496,3.987,-0.413,4.097
122.27,1.741,1.973,1.535,4.269,-0.414,4.125
122.28,1.404,1.973,1.513,4.271,-0.415,4.149
122.29,1.453,1.971,1.501,4.336,-0.416,4.180
122.30,1.614,1.971,1.519,4.175,-0.417,4.178
122.31,1.512,1.973,1.519,4.083,-0.416,4.163
122.32,1.530,1.972,1.520,4.107,-0.416,4.154
122.33,1.573,1.971,1.528,4.038,-0.416,4.134
122.34,1.558,1.969,1.531,4.339,-0.415,4.169
122.35,1.558,1.970,1.536,4.197,-0.413,4.176
122.36,1.714,1.970,1.566,4.120,-0.414,4.166
122.37,1.593,1.970,1.570,3.983,-0.413,4.136
122.38,1.521,1.971,1.563,4.109,-0.414,4.131
122.39,1.755,1.970,1.594,4.316,-0.414,4.162
122.40,1.439,1.971,1.568,4.214,-0.413,4.171
122.41,1.460,1.970,1.550,4.011,-0.413,4.145
122.42,1.511,1.970,1.542,4.265,-0.412,4.165
122.43,1.671,1.971,1.565,4.168,-0.412,4.166
122.44,1.619,1.972,1.574,4.163,-0.412,4.165
122.45,1.580,1.970,1.573,3.778,-0.411,4.101
122.46,1.624,1.972,1.584,4.240,-0.410,4.125
122.47,1.772,1.971,1.615,4.106,-0.410,4.122
122.48,1.689,1.971,1.627,4.096,-0.410,4.118
122.49,1.261,1.973,1.567,4.320,-0.411,4.151
122.50,1.487,1.975,1.554,4.168,-0.411,4.153
122.51,1.665,1.976,1.574,3.904,-0.410,4.112
122.52,1.211,1.975,1.512,4.255,-0.410,4.137
122.53,1.502,1.974,1.509,4.024,-0.409,4.118
122.54,1.770,1.973,1.552,4.220,-0.410,4.135
122.55,1.406,1.973,1.528,3.979,-0.411,4.107
122.56,1.852,1.973,1.581,4.198,-0.411,4.123
122.57,1.545,1.974,1.577,4.289,-0.412,4.150
122.58,1.509,1.976,1.566,4.213,-0.411,4.161
122.59,1.366,1.973,1.530,4.029,-0.411,4.139
122.60,1.304,1.975,1.493,4.036,-0.410,4.122
122.61,1.323,1.975,1.464,4.073,-0.411,4.113
122.62,1.798,1.976,1.522,3.994,-0.410,4.094
122.63,1.556,1.977,1.529,4.036,-0.409,4.085
122.65,1.425,1.977,1.511,4.450,-0.408,4.147
122.66,1.270,1.979,1.471,4.085,-0.408,4.136
122.67,1.404,1.979,1.459,4.200,-0.409,4.146
122.67,1.752,1.980,1.510,4.150,-0.410,4.146
122.68,1.731,1.981,1.547,4.060,-0.410,4.132
122.70,1.465,1.982,1.534,4.176,-0.411,4.138
122.71,1.522,1.982,1.532,4.161,-0.411,4.142
122.72,1.489,1.982,1.524,4.128,-0.412,4.139
122.73,1.538,1.983,1.527,4.431,-0.410,4.189
122.73,1.485,1.984,1.521,4.259,-0.410,4.202
122.75,1.618,1.986,1.538,4.244,-0.409,4.209
122.75,1.633,1.988,1.555,4.080,-0.409,4.188
122.76,1.580,1.989,1.561,4.167,-0.409,4.184
122.78,1.608,1.989,1.569,4.031,-0.408,4.159
122.79,1.732,1.990,1.596,4.231,-0.408,4.171
122.80,1.623,1.989,1.600,4.349,-0.409,4.201
122.81,1.395,1.989,1.566,4.091,-0.410,4.181
122.82,1.657,1.989,1.580,4.254,-0.410,4.193
122.83,1.501,1.991,1.568,4.313,-0.410,4.214
122.84,1.429,1.990,1.544,4.088,-0.412,4.191
122.85,1.657,1.992,1.564,4.354,-0.409,4.221
122.86,1.834,1.991,1.609,4.305,-0.410,4.234
122.87,1.854,1.990,1.649,4.144,-0.411,4.219
122.88,1.719,1.993,1.663,4.407,-0.412,4.250
122.89,1.574,1.993,1.649,4.249,-0.412,4.249
122.90,1.961,1.995,1.702,4.160,-0.412,4.235
122.91,1.517,1.996,1.672,4.049,-0.412,4.204
122.92,1.641,1.997,1.668,4.254,-0.410,4.213
122.93,1.697,1.997,1.673,4.315,-0.410,4.231
122.94,1.345,1.996,1.616,4.095,-0.410,4.208
122.95,1.707,1.995,1.631,4.127,-0.412,4.193
122.96,1.536,1.995,1.615,4.374,-0.411,4.224
122.97,1.704,1.995,1.630,4.164,-0.412,4.214
122.98,1.663,1.997,1.637,4.116,-0.410,4.198
122.99,1.660,1.997,1.640,4.178,-0.411,4.195
123.00,1.778,1.996,1.663,4.115,-0.410,4.182
123.01,1.541,1.997,1.643,4.094,-0.410,4.167
123.02,1.877,1.998,1.683,4.382,-0.411,4.203
123.03,1.671,1.997,1.680,4.207,-0.412,4.203
123.04,1.540,1.998,1.657,4.043,-0.411,4.176
123.05,1.580,1.997,1.644,4.266,-0.411,4.191
123.06,1.639,1.997,1.642,4.042,-0.411,4.166
123.07,1.517,1.998,1.622,4.147,-0.412,4.162
123.08,1.736,1.996,1.639,4.088,-0.413,4.149
123.09,1.752,1.996,1.658,4.283,-0.413,4.172
123.10,1.423,1.994,1.617,4.035,-0.414,4.148
123.11,1.445,1.994,1.588,4.249,-0.414,4.165
123.12,1.279,1.993,1.535,3.936,-0.415,4.126
123.13,1.654,1.991,1.553,4.588,-0.414,4.204
123.14,1.662,1.993,1.573,4.208,-0.413,4.205
123.15,1.544,1.993,1.568,4.419,-0.413,4.242
123.16,1.625,1.992,1.577,4.532,-0.414,4.290
123.17,1.587,1.994,1.579,4.293,-0.413,4.292
123.18,1.580,1.994,1.580,4.264,-0.413,4.287
123.19,1.763,1.995,1.611,4.178,-0.413,4.269
123.20,1.594,1.997,1.610,4.372,-0.413,4.287
123.21,1.507,1.998,1.593,3.940,-0.413,4.229
123.22,1.492,1.999,1.577,4.121,-0.412,4.211
123.23,1.360,1.998,1.539,4.312,-0.413,4.227
123.24,1.540,1.997,1.538,4.370,-0.412,4.252
123.25,1.621,1.998,1.553,3.931,-0.413,4.198
123.26,1.457,2.000,1.538,4.255,-0.411,4.209
123.27,1.643,2.001,1.557,4.211,-0.411,4.209
123.28,1.742,2.002,1.588,4.418,-0.411,4.244
123.29,1.431,2.000,1.560,4.376,-0.411,4.266
123.30,1.712,2.000,1.586,4.139,-0.412,4.244
123.31,1.611,1.998,1.588,4.241,-0.413,4.244
123.32,1.561,2.000,1.585,4.232,-0.412,4.242
123.33,1.597,2.000,1.586,4.430,-0.413,4.273
123.34,1.538,1.999,1.577,4.003,-0.413,4.228
123.35,1.506,2.000,1.566,4.177,-0.413,4.219
123.36,1.600,2.002,1.573,4.085,-0.414,4.196
123.37,1.634,2.002,1.583,4.133,-0.413,4.186
123.38,1.460,2.003,1.563,4.081,-0.412,4.169
123.39,1.281,2.000,1.513,4.149,-0.410,4.168
123.40,1.406,1.997,1.493,4.092,-0.410,4.155
123.41,1.457,1.998,1.487,4.253,-0.409,4.172
123.42,1.511,1.997,1.490,4.097,-0.409,4.159
123.43,1.491,1.998,1.490,4.203,-0.407,4.169
123.44,1.433,1.997,1.480,4.266,-0.407,4.185
123.45,1.471,1.999,1.479,4.107,-0.408,4.171
123.46,1.754,1.999,1.525,4.300,-0.407,4.193
123.47,1.771,1.998,1.565,4.414,-0.406,4.231
123.48,1.485,1.997,1.551,4.028,-0.407,4.197
123.49,1.679,1.997,1.572,4.264,-0.407,4.208
123.50,1.429,1.997,1.548,4.274,-0.406,4.220
123.51,1.741,1.993,1.577,4.463,-0.405,4.262
123.52,1.407,1.994,1.549,4.111,-0.405,4.237
123.53,1.711,1.994,1.576,4.003,-0.406,4.197
123.54,1.691,1.996,1.597,4.169,-0.406,4.192
123.55,1.574,1.997,1.593,4.252,-0.406,4.202
123.56,1.461,1.997,1.572,4.252,-0.405,4.211
123.57,1.793,1.998,1.609,4.225,-0.407,4.212
123.58,1.752,1.997,1.632,4.244,-0.406,4.218
123.59,1.547,1.997,1.618,4.246,-0.406,4.223
123.60,1.451,2.001,1.593,4.013,-0.405,4.188
123.61,1.605,2.002,1.596,4.056,-0.405,4.166
123.62,1.802,2.004,1.632,4.279,-0.406,4.184
123.63,1.623,2.004,1.630,4.029,-0.407,4.158
123.64,1.375,2.005,1.588,4.187,-0.406,4.163
123.65,1.600,2.004,1.589,4.338,-0.405,4.194
123.66,1.652,2.003,1.599,4.015,-0.404,4.164
123.67,1.266,2.002,1.541,4.124,-0.404,4.158
123.68,1.659,2.001,1.560,4.066,-0.403,4.143
123.69,1.658,2.000,1.576,4.281,-0.402,4.167
123.70,1.522,2.000,1.566,4.294,-0.402,4.189
123.71,1.631,2.001,1.578,4.000,-0.402,4.157
123.72,1.858,2.001,1.624,4.108,-0.402,4.149
123.73,1.825,2.002,1.659,4.266,-0.402,4.168
123.74,1.437,2.001,1.621,4.318,-0.405,4.191
123.75,1.679,2.002,1.631,3.861,-0.405,4.135
123.76,1.560,2.002,1.619,3.877,-0.406,4.092
123.77,1.651,2.000,1.623,4.013,-0.405,4.079
123.78,1.506,2.001,1.604,4.360,-0.406,4.126
123.79,1.825,2.000,1.640,4.157,-0.405,4.131
123.80,1.410,2.000,1.602,4.489,-0.405,4.191
123.81,1.614,2.002,1.605,4.152,-0.406,4.184
123.82,1.735,2.002,1.627,4.220,-0.407,4.190
123.83,1.694,2.003,1.639,4.223,-0.407,4.195
123.84,1.436,2.002,1.604,3.949,-0.407,4.153
123.85,1.647,2.003,1.612,4.112,-0.408,4.146
123.86,1.526,2.003,1.597,4.204,-0.407,4.156
123.87,1.400,2.002,1.563,4.356,-0.408,4.189
123.88,1.704,2.001,1.586,4.442,-0.408,4.232
123.89,1.413,2.001,1.557,4.247,-0.407,4.235
123.90,1.432,2.002,1.536,4.220,-0.407,4.233
123.91,1.598,2.001,1.546,4.005,-0.407,4.194
123.92,1.613,2.002,1.557,4.148,-0.407,4.187
123.93,1.588,2.002,1.562,4.362,-0.407,4.216
123.94,1.620,2.002,1.572,4.165,-0.407,4.208
123.95,1.454,2.001,1.551,4.005,-0.408,4.173
123.96,1.352,2.002,1.518,4.303,-0.406,4.196
123.97,1.464,2.002,1.509,4.334,-0.406,4.219
123.98,1.419,2.001,1.493,4.054,-0.407,4.191
123.99,1.533,2.003,1.501,4.140,-0.409,4.181
124.00,1.694,2.002,1.532,4.370,-0.408,4.213
124.01,1.705,2.003,1.562,3.948,-0.409,4.168
124.02,1.751,2.006,1.596,4.231,-0.410,4.178
124.03,1.544,2.006,1.587,4.347,-0.411,4.206
124.04,1.616,2.007,1.593,4.388,-0.410,4.237
124.05,1.661,2.007,1.604,4.291,-0.411,4.245
124.06,1.478,2.005,1.581,4.025,-0.412,4.207
124.07,1.560,2.006,1.578,4.105,-0.411,4.191
124.08,1.571,2.007,1.578,4.291,-0.412,4.208
124.09,1.433,2.007,1.553,4.016,-0.411,4.176
124.10,1.681,2.006,1.574,4.318,-0.411,4.200
124.11,1.600,2.005,1.577,4.069,-0.411,4.178
124.12,1.641,2.005,1.587,4.197,-0.410,4.182
124.13,1.822,2.003,1.625,4.118,-0.409,4.172
124.14,1.463,2.003,1.598,4.306,-0.409,4.194
124.15,1.716,2.006,1.620,4.268,-0.409,4.207
124.16,1.571,2.006,1.611,4.217,-0.409,4.209
124.18,1.400,2.005,1.574,4.043,-0.408,4.182
124.19,1.510,2.003,1.562,4.137,-0.407,4.175
124.19,1.436,2.004,1.542,4.301,-0.406,4.197
124.21,1.493,2.004,1.533,4.331,-0.407,4.219
124.22,1.890,2.004,1.593,4.134,-0.407,4.205
124.22,1.533,2.004,1.583,4.260,-0.406,4.215
124.24,1.388,2.005,1.551,4.019,-0.406,4.182
124.25,1.670,2.005,1.571,4.279,-0.408,4.197
124.26,1.744,2.004,1.598,4.492,-0.408,4.246
124.27,1.796,2.004,1.631,4.064,-0.410,4.214
124.28,1.351,2.005,1.585,4.022,-0.408,4.183
124.28,1.564,2.005,1.582,4.105,-0.408,4.170
124.29,1.564,2.006,1.579,4.200,-0.409,4.174
124.30,1.291,2.004,1.529,4.197,-0.409,4.178
124.32,1.512,2.005,1.526,4.050,-0.408,4.157
124.33,1.636,2.003,1.543,3.942,-0.408,4.121
124.34,1.382,2.004,1.516,4.120,-0.407,4.122
124.35,1.664,2.004,1.541,4.515,-0.407,4.189
124.36,1.547,2.003,1.541,4.405,-0.407,4.225
124.37,1.429,2.002,1.521,4.355,-0.407,4.247
124.38,1.487,2.002,1.515,4.435,-0.406,4.280
124.39,1.743,2.003,1.554,4.104,-0.405,4.251
124.40,1.653,2.003,1.571,4.185,-0.406,4.239
124.41,1.376,2.004,1.538,3.970,-0.407,4.193
124.42,1.673,2.005,1.562,4.233,-0.408,4.199
124.43,1.711,2.005,1.587,4.291,-0.407,4.216
124.44,1.345,2.006,1.547,4.058,-0.407,4.189
124.45,1.371,2.006,1.517,4.392,-0.408,4.222
124.46,1.537,2.007,1.521,4.015,-0.409,4.187
124.47,1.725,2.007,1.555,4.062,-0.408,4.167
124.48,1.622,2.009,1.568,4.330,-0.408,4.194
124.49,1.409,2.010,1.541,4.098,-0.408,4.178
124.50,1.251,2.008,1.491,4.433,-0.408,4.221
124.51,1.376,2.007,1.471,4.192,-0.408,4.216
124.52,1.532,2.008,1.481,3.937,-0.407,4.170
124.53,1.497,2.010,1.485,4.179,-0.409,4.170
124.54,1.512,2.010,1.489,4.267,-0.409,4.186
124.55,1.671,2.008,1.518,4.266,-0.408,4.201
124.56,1.826,2.008,1.570,4.221,-0.407,4.205
124.57,1.753,2.008,1.601,4.574,-0.407,4.267
124.58,1.662,2.008,1.611,4.197,-0.407,4.255
124.59,1.709,2.010,1.629,4.260,-0.408,4.256
124.60,1.480,2.009,1.603,4.191,-0.407,4.246
124.61,1.613,2.011,1.606,3.968,-0.408,4.198
124.62,1.661,2.010,1.615,4.156,-0.409,4.190
124.63,1.505,2.011,1.597,3.972,-0.409,4.153
124.64,1.624,2.011,1.601,4.431,-0.409,4.200
124.65,1.509,2.010,1.585,4.028,-0.408,4.172
124.66,1.506,2.011,1.572,4.337,-0.408,4.200
124.67,1.558,2.010,1.569,4.352,-0.408,4.226
124.68,1.578,2.009,1.569,4.235,-0.407,4.228
124.69,1.846,2.008,1.615,4.375,-0.409,4.252
124.70,1.779,2.008,1.642,4.181,-0.408,4.240
124.71,1.590,2.009,1.635,3.985,-0.406,4.199
124.72,1.607,2.009,1.630,4.232,-0.406,4.205
124.73,1.700,2.011,1.644,4.412,-0.407,4.239
124.74,1.685,2.012,1.651,4.119,-0.407,4.218
124.75,1.649,2.014,1.653,4.157,-0.408,4.208
124.76,1.607,2.014,1.644,4.346,-0.409,4.230
124.77,1.536,2.013,1.625,4.141,-0.410,4.215
124.78,1.473,2.013,1.600,4.213,-0.409,4.215
124.79,1.495,2.012,1.581,4.289,-0.409,4.227
124.80,1.634,2.010,1.588,4.045,-0.409,4.197
124.81,1.418,2.012,1.561,4.076,-0.410,4.176
124.82,1.729,2.011,1.588,4.624,-0.410,4.251
124.83,1.584,2.013,1.589,4.090,-0.410,4.224
124.84,1.508,2.014,1.577,4.040,-0.411,4.192
124.85,1.536,2.014,1.569,3.925,-0.412,4.147
124.86,1.522,2.013,1.561,4.404,-0.411,4.191
124.87,1.282,2.013,1.513,4.004,-0.410,4.160
124.88,1.559,2.014,1.521,4.310,-0.410,4.185
124.89,1.618,2.015,1.538,4.236,-0.410,4.194
124.90,1.442,2.015,1.522,4.239,-0.410,4.201
124.91,1.648,2.016,1.544,4.030,-0.410,4.172
124.92,1.448,2.018,1.529,3.872,-0.409,4.123
124.93,1.610,2.016,1.541,4.353,-0.408,4.162
124.94,1.768,2.015,1.578,4.105,-0.408,4.153
124.95,1.314,2.012,1.531,4.233,-0.409,4.166
124.96,1.382,2.013,1.506,4.036,-0.410,4.143
124.97,1.602,2.014,1.523,4.029,-0.410,4.123
124.98,1.550,2.012,1.526,4.279,-0.410,4.149
124.99,1.867,2.012,1.583,4.273,-0.410,4.170
125.00,1.610,2.009,1.585,4.144,-0.410,4.167
125.01,1.510,2.009,1.572,4.105,-0.410,4.156
125.02,1.459,2.009,1.553,4.428,-0.408,4.203
125.03,1.691,2.008,1.575,4.158,-0.408,4.196
125.04,1.331,2.008,1.534,4.124,-0.409,4.183
125.05,1.579,2.007,1.540,4.094,-0.409,4.168
125.06,1.586,2.006,1.548,4.335,-0.408,4.197
125.07,1.547,2.006,1.547,4.454,-0.409,4.240
125.08,1.457,2.009,1.534,4.261,-0.408,4.244
125.09,1.203,2.011,1.480,3.893,-0.408,4.185
125.10,1.686,2.011,1.514,3.918,-0.409,4.140
125.11,1.535,2.011,1.518,4.384,-0.408,4.181
125.12,1.626,2.010,1.535,4.155,-0.408,4.177
125.13,1.399,2.011,1.512,4.392,-0.407,4.213
125.14,1.464,2.010,1.503,4.249,-0.407,4.220
125.15,1.619,2.009,1.522,4.311,-0.407,4.235
125.16,1.581,2.010,1.532,3.865,-0.407,4.173
125.17,1.518,2.011,1.531,4.200,-0.407,4.178
125.18,1.530,2.010,1.529,4.237,-0.406,4.188
125.19,1.571,2.010,1.537,4.351,-0.407,4.215
125.20,1.392,2.010,1.511,3.855,-0.407,4.154
125.21,1.484,2.008,1.505,4.128,-0.407,4.150
125.22,1.491,2.009,1.503,3.877,-0.407,4.104
125.23,1.649,2.008,1.527,4.175,-0.408,4.115
125.24,1.508,2.008,1.523,4.113,-0.408,4.114
125.25,1.679,2.007,1.548,4.213,-0.408,4.131
125.26,1.674,2.008,1.570,4.370,-0.408,4.171
125.27,1.679,2.009,1.589,4.205,-0.408,4.176
125.28,1.648,2.009,1.599,3.889,-0.409,4.128
125.29,1.523,2.011,1.588,4.098,-0.408,4.124
125.30,1.729,2.012,1.612,4.046,-0.406,4.112
125.31,1.432,2.012,1.582,3.893,-0.405,4.076
125.32,1.658,2.012,1.595,4.441,-0.407,4.136
125.33,1.825,2.010,1.632,4.107,-0.407,4.131
125.34,1.293,2.012,1.576,4.210,-0.407,4.144
125.35,1.452,2.014,1.557,4.414,-0.406,4.190
125.36,1.336,2.014,1.519,3.824,-0.404,4.129
125.37,1.729,2.015,1.555,4.215,-0.403,4.144
125.38,1.686,2.016,1.578,4.181,-0.402,4.151
125.39,1.480,2.015,1.561,4.367,-0.402,4.188
125.40,1.433,2.017,1.541,4.258,-0.402,4.200
125.41,1.464,2.018,1.528,3.752,-0.403,4.124
125.42,1.613,2.015,1.540,4.019,-0.402,4.107
125.43,1.352,2.014,1.507,4.070,-0.402,4.101
125.44,1.725,2.013,1.543,4.179,-0.402,4.114
125.45,1.456,2.015,1.529,4.237,-0.402,4.135
125.46,1.472,2.015,1.519,4.427,-0.402,4.183
125.47,1.540,2.015,1.523,3.825,-0.401,4.124
125.48,1.835,2.013,1.574,4.197,-0.402,4.136
125.49,1.402,2.013,1.545,4.032,-0.402,4.118
125.50,1.394,2.014,1.520,4.245,-0.401,4.140
125.51,1.709,2.014,1.552,4.156,-0.400,4.143
125.52,1.594,2.016,1.560,4.227,-0.400,4.157
125.53,1.933,2.016,1.623,4.408,-0.402,4.198
125.54,1.571,2.017,1.615,3.924,-0.403,4.151
125.55,1.489,2.019,1.595,3.886,-0.402,4.107
125.57,1.833,2.018,1.634,4.227,-0.402,4.127
125.58,1.564,2.019,1.623,3.971,-0.403,4.101
125.58,1.510,2.019,1.604,4.139,-0.402,4.107
125.59,1.497,2.019,1.586,4.036,-0.402,4.095
125.60,1.359,2.020,1.549,4.245,-0.402,4.120
125.62,1.567,2.020,1.551,4.114,-0.403,4.119
125.62,1.547,2.021,1.551,4.023,-0.403,4.102
125.63,1.759,2.024,1.589,4.177,-0.404,4.114
125.64,1.377,2.025,1.553,4.154,-0.404,4.120
125.66,1.455,2.024,1.536,4.357,-0.404,4.160
125.66,1.550,2.025,1.539,3.587,-0.404,4.064
125.67,1.768,2.025,1.577,4.007,-0.404,4.054
125.68,1.686,2.026,1.597,3.930,-0.404,4.033
125.70,1.652,2.026,1.606,4.159,-0.404,4.054
125.70,1.655,2.024,1.612,4.081,-0.403,4.059
125.72,1.729,2.024,1.632,4.179,-0.402,4.080
125.73,1.596,2.024,1.626,4.184,-0.402,4.098
125.74,1.477,2.025,1.602,4.141,-0.402,4.105
125.75,1.457,2.025,1.576,4.155,-0.402,4.113
125.76,1.622,2.024,1.584,4.303,-0.403,4.144
125.77,1.494,2.024,1.568,4.245,-0.403,4.161
125.78,1.317,2.025,1.527,4.111,-0.404,4.152
125.79,1.440,2.024,1.511,4.205,-0.403,4.162
125.80,1.571,2.023,1.520,3.940,-0.403,4.124
125.81,1.856,2.025,1.578,4.341,-0.404,4.159
125.82,1.643,2.025,1.589,4.225,-0.404,4.171
125.83,1.725,2.026,1.612,4.279,-0.405,4.188
125.84,1.634,2.025,1.615,4.380,-0.405,4.220
125.85,1.460,2.027,1.591,4.119,-0.405,4.203
125.86,1.677,2.028,1.606,4.560,-0.406,4.263
125.87,1.642,2.030,1.614,4.267,-0.406,4.263
125.88,1.465,2.030,1.588,4.081,-0.407,4.232
125.89,1.545,2.032,1.582,4.098,-0.407,4.209
125.90,1.667,2.032,1.596,4.392,-0.406,4.241
125.91,1.686,2.032,1.612,4.207,-0.406,4.235
125.92,1.477,2.030,1.587,3.989,-0.408,4.192
125.93,1.655,2.028,1.597,4.166,-0.409,4.187
125.94,1.658,2.030,1.608,3.971,-0.407,4.152
125.95,1.889,2.029,1.655,3.942,-0.408,4.116
125.96,1.553,2.030,1.639,3.886,-0.408,4.077
125.97,1.747,2.032,1.658,4.332,-0.408,4.120
125.98,1.435,2.032,1.621,4.174,-0.410,4.127
125.99,1.484,2.032,1.598,4.245,-0.411,4.146
126.00,1.552,2.032,1.590,4.302,-0.412,4.171
126.01,1.318,2.032,1.544,4.215,-0.412,4.179
126.02,1.668,2.035,1.568,4.021,-0.412,4.152
126.03,1.694,2.034,1.588,4.360,-0.412,4.187
126.04,1.645,2.037,1.599,4.288,-0.412,4.205
126.05,1.648,2.038,1.608,4.214,-0.411,4.207
126.06,1.928,2.036,1.660,4.168,-0.412,4.200
126.07,1.533,2.037,1.640,4.392,-0.412,4.232
126.08,1.587,2.040,1.633,4.269,-0.412,4.238
126.09,1.640,2.039,1.633,4.350,-0.412,4.257
126.10,1.506,2.039,1.612,4.150,-0.413,4.239
126.11,1.719,2.039,1.630,4.336,-0.413,4.255
126.12,1.680,2.039,1.638,4.326,-0.414,4.266
126.13,1.571,2.037,1.625,4.481,-0.413,4.304
126.14,1.460,2.037,1.597,3.986,-0.412,4.251
126.15,1.632,2.038,1.604,4.271,-0.411,4.256
126.16,1.540,2.039,1.594,4.082,-0.411,4.226
126.17,1.625,2.038,1.598,4.374,-0.409,4.253
126.18,1.509,2.038,1.583,4.328,-0.408,4.266
126.19,1.672,2.037,1.597,4.402,-0.409,4.289
126.20,1.616,2.035,1.599,3.904,-0.408,4.225
126.21,1.599,2.036,1.599,3.789,-0.407,4.152
126.22,1.516,2.037,1.586,4.169,-0.407,4.155
126.23,1.515,2.039,1.575,4.389,-0.408,4.195
126.24,1.420,2.039,1.549,3.993,-0.407,4.161
126.25,1.495,2.041,1.541,3.997,-0.407,4.133
126.26,1.605,2.041,1.552,4.325,-0.406,4.166
126.27,1.385,2.043,1.525,4.263,-0.405,4.183
126.28,1.707,2.042,1.555,4.245,-0.404,4.195
126.29,1.411,2.041,1.530,4.167,-0.405,4.189
126.30,1.864,2.042,1.586,4.292,-0.404,4.208
126.31,1.395,2.042,1.554,4.305,-0.404,4.224
126.32,1.307,2.043,1.513,4.014,-0.404,4.189
126.33,1.545,2.044,1.519,4.228,-0.403,4.196
126.34,1.452,2.042,1.506,4.318,-0.403,4.216
126.35,1.447,2.042,1.495,4.195,-0.403,4.213
126.36,1.701,2.043,1.530,4.111,-0.403,4.196
126.37,1.654,2.043,1.551,4.128,-0.403,4.185
126.38,1.645,2.044,1.568,4.324,-0.404,4.208
126.39,1.211,2.045,1.508,4.306,-0.404,4.224
126.40,1.621,2.044,1.525,4.471,-0.406,4.265
126.41,1.451,2.043,1.512,4.223,-0.405,4.258
126.42,1.337,2.043,1.482,3.962,-0.405,4.208
126.43,1.563,2.044,1.497,3.955,-0.405,4.166
126.44,1.683,2.044,1.527,4.153,-0.405,4.164
126.45,1.529,2.044,1.528,4.283,-0.405,4.184
126.46,1.504,2.044,1.523,4.106,-0.407,4.169
126.47,1.572,2.045,1.532,4.136,-0.407,4.163
126.48,1.397,2.045,1.509,4.084,-0.407,4.150
126.49,1.666,2.043,1.533,4.244,-0.408,4.165
126.50,1.680,2.042,1.557,4.376,-0.409,4.200
126.51,1.661,2.042,1.574,4.348,-0.408,4.225
126.52,1.610,2.044,1.582,4.240,-0.408,4.228
126.53,1.519,2.043,1.570,4.237,-0.408,4.230
126.54,1.580,2.042,1.571,4.182,-0.409,4.221
126.55,1.223,2.042,1.512,4.177,-0.408,4.214
126.56,1.743,2.043,1.552,4.046,-0.407,4.187
126.57,1.590,2.045,1.559,4.108,-0.408,4.173
126.58,1.671,2.043,1.577,4.360,-0.408,4.204
126.59,1.377,2.044,1.544,4.406,-0.410,4.237
126.60,1.383,2.041,1.514,4.532,-0.409,4.287
126.61,1.571,2.042,1.524,3.974,-0.409,4.235
126.62,1.571,2.043,1.533,4.023,-0.410,4.198
126.63,1.674,2.042,1.555,4.226,-0.411,4.202
126.64,1.465,2.041,1.539,4.264,-0.410,4.213
126.65,1.447,2.043,1.525,4.225,-0.411,4.215
126.66,1.515,2.044,1.524,3.998,-0.410,4.179
126.67,1.633,2.045,1.542,4.268,-0.410,4.194
126.68,1.451,2.046,1.528,4.267,-0.409,4.207
126.69,1.499,2.048,1.524,4.266,-0.409,4.217
126.70,1.572,2.048,1.532,4.218,-0.409,4.218
126.71,1.794,2.047,1.575,4.009,-0.409,4.183
126.72,1.506,2.046,1.562,3.929,-0.410,4.139
126.73,1.445,2.045,1.541,4.273,-0.409,4.162
126.74,1.622,2.046,1.555,4.027,-0.409,4.140
126.75,1.629,2.046,1.568,4.505,-0.410,4.200
126.76,1.681,2.046,1.587,4.149,-0.411,4.191
126.77,1.871,2.045,1.634,3.932,-0.411,4.147
126.78,1.607,2.048,1.631,4.112,-0.411,4.141
126.79,1.278,2.048,1.572,4.026,-0.411,4.122
126.80,1.401,2.049,1.544,4.351,-0.411,4.160
126.81,1.603,2.048,1.553,4.152,-0.411,4.159
126.82,1.617,2.049,1.564,4.291,-0.412,4.181
126.83,1.670,2.049,1.582,4.463,-0.412,4.228
126.84,1.518,2.050,1.572,4.160,-0.412,4.216
126.85,1.587,2.049,1.574,4.259,-0.413,4.223
126.86,1.743,2.049,1.602,4.380,-0.413,4.249
126.87,1.761,2.049,1.629,4.037,-0.414,4.213
126.88,1.651,2.049,1.632,4.023,-0.413,4.182
126.89,1.315,2.049,1.579,4.516,-0.413,4.238
126.90,1.660,2.049,1.592,3.782,-0.412,4.161
126.91,1.876,2.048,1.639,4.345,-0.413,4.191
126.92,1.541,2.048,1.623,4.355,-0.413,4.219
126.93,1.796,2.050,1.653,4.005,-0.413,4.183
126.94,1.449,2.051,1.620,4.210,-0.413,4.188
126.95,1.368,2.050,1.577,4.181,-0.414,4.186
126.96,1.270,2.048,1.523,4.085,-0.415,4.168
126.97,1.398,2.049,1.503,4.231,-0.415,4.179
126.98,1.706,2.047,1.535,4.318,-0.415,4.203
126.99,1.441,2.047,1.519,4.285,-0.415,4.216
127.00,1.580,2.047,1.529,4.205,-0.414,4.215
127.02,1.457,2.048,1.517,3.892,-0.415,4.160
127.03,1.581,2.049,1.529,4.217,-0.415,4.169
127.03,1.421,2.049,1.511,4.043,-0.416,4.147
127.04,1.851,2.050,1.569,4.177,-0.415,4.153
127.05,1.459,2.051,1.551,4.346,-0.414,4.186
127.07,1.529,2.051,1.547,4.188,-0.413,4.187
127.07,1.405,2.051,1.522,4.287,-0.414,4.203
127.08,1.443,2.053,1.510,4.133,-0.413,4.192
127.09,1.530,2.052,1.513,4.106,-0.412,4.179
127.10,1.657,2.050,1.535,3.954,-0.412,4.141
127.12,1.372,2.050,1.508,3.885,-0.414,4.097
127.12,1.601,2.051,1.524,4.373,-0.413,4.143
127.14,1.955,2.053,1.597,4.042,-0.414,4.126
127.15,1.717,2.052,1.617,4.003,-0.414,4.105
127.16,1.422,2.052,1.584,4.239,-0.415,4.127
127.16,1.605,2.051,1.587,3.997,-0.414,4.106
127.17,1.866,2.053,1.635,3.979,-0.415,4.084
127.19,1.491,2.053,1.611,4.326,-0.415,4.124
127.20,1.634,2.054,1.615,4.223,-0.416,4.139
127.20,1.601,2.054,1.613,4.278,-0.415,4.164
127.22,1.678,2.055,1.625,3.923,-0.414,4.124
127.22,1.459,2.054,1.596,4.216,-0.415,4.139
127.24,1.780,2.054,1.626,4.316,-0.414,4.169
127.25,1.461,2.056,1.600,4.044,-0.415,4.147
127.26,1.581,2.053,1.594,4.153,-0.416,4.147
127.27,1.570,2.055,1.591,3.878,-0.417,4.101
127.28,1.765,2.056,1.622,4.603,-0.416,4.186
127.29,1.696,2.055,1.633,4.184,-0.417,4.185
127.30,1.650,2.057,1.638,3.940,-0.416,4.145
127.31,1.652,2.057,1.640,4.460,-0.415,4.199
127.32,1.724,2.057,1.654,4.086,-0.416,4.179
127.33,1.842,2.057,1.686,4.366,-0.415,4.212
127.34,1.525,2.055,1.657,4.103,-0.414,4.193
127.35,1.565,2.056,1.642,4.326,-0.414,4.216
127.36,1.600,2.055,1.634,4.168,-0.416,4.207
127.37,1.840,2.056,1.670,4.605,-0.415,4.274
127.38,1.645,2.059,1.668,4.265,-0.416,4.272
127.39,1.311,2.060,1.609,4.057,-0.414,4.238
127.40,1.552,2.062,1.601,4.219,-0.414,4.235
127.41,1.479,2.064,1.582,4.096,-0.412,4.213
127.42,1.574,2.064,1.581,4.431,-0.413,4.250
127.43,1.490,2.066,1.566,4.224,-0.412,4.246
127.44,1.390,2.066,1.536,4.133,-0.412,4.227
127.45,1.494,2.065,1.528,3.923,-0.412,4.176
127.46,1.500,2.065,1.523,4.506,-0.412,4.231
127.47,1.561,2.065,1.529,4.169,-0.412,4.221
127.48,1.595,2.064,1.539,4.057,-0.412,4.193
127.49,1.592,2.065,1.549,3.966,-0.414,4.153
127.50,1.532,2.065,1.546,4.423,-0.415,4.198
127.51,1.677,2.062,1.565,4.223,-0.414,4.203
127.52,1.748,2.062,1.596,4.126,-0.414,4.190
127.53,1.371,2.062,1.558,4.218,-0.415,4.194
127.54,1.619,2.063,1.569,4.262,-0.415,4.206
127.55,1.762,2.063,1.601,4.661,-0.413,4.284
127.56,1.707,2.063,1.619,4.112,-0.414,4.255
127.57,1.645,2.065,1.624,3.904,-0.415,4.195
127.58,1.672,2.063,1.631,4.333,-0.416,4.217
127.59,1.540,2.063,1.615,4.108,-0.416,4.199
127.60,1.557,2.063,1.606,4.153,-0.416,4.191
127.61,1.380,2.063,1.567,4.382,-0.417,4.223
127.62,1.552,2.065,1.566,4.435,-0.418,4.257
127.63,1.843,2.064,1.612,4.392,-0.419,4.280
127.64,1.398,2.065,1.577,4.114,-0.420,4.251
127.65,1.634,2.067,1.588,4.370,-0.420,4.271
127.66,1.576,2.066,1.585,4.290,-0.419,4.275
127.67,1.882,2.065,1.634,4.346,-0.420,4.286
127.68,1.518,2.064,1.614,4.185,-0.420,4.269
127.69,1.716,2.066,1.633,4.351,-0.419,4.284
127.70,1.651,2.065,1.635,4.440,-0.419,4.310
127.71,1.538,2.065,1.618,4.196,-0.419,4.291
127.72,1.547,2.065,1.607,4.271,-0.419,4.289
127.73,1.235,2.066,1.545,4.301,-0.420,4.290
127.74,1.618,2.066,1.557,4.391,-0.420,4.307
127.75,1.575,2.067,1.561,4.010,-0.421,4.256
127.76,1.755,2.066,1.592,4.168,-0.421,4.242
127.77,1.535,2.065,1.582,3.986,-0.420,4.199
127.78,1.744,2.066,1.610,4.083,-0.420,4.180
127.79,1.404,2.067,1.576,4.349,-0.420,4.209
127.80,1.563,2.066,1.573,4.379,-0.419,4.238
127.81,1.302,2.068,1.529,4.045,-0.420,4.205
127.82,1.545,2.068,1.531,4.204,-0.422,4.203
127.83,1.407,2.069,1.511,4.208,-0.422,4.204
127.84,1.430,2.070,1.498,3.996,-0.421,4.170
127.85,1.495,2.069,1.497,3.928,-0.421,4.129
127.86,1.591,2.070,1.513,4.413,-0.421,4.177
127.87,1.441,2.072,1.502,4.221,-0.421,4.184
127.88,1.647,2.073,1.527,3.979,-0.421,4.150
127.89,1.520,2.074,1.527,4.300,-0.421,4.175
127.90,1.880,2.074,1.585,4.230,-0.421,4.184
127.91,1.574,2.072,1.582,4.021,-0.420,4.157
127.92,1.583,2.070,1.580,4.173,-0.421,4.159
127.93,1.527,2.071,1.572,4.114,-0.422,4.151
127.94,1.645,2.071,1.584,4.299,-0.422,4.176
127.95,1.576,2.070,1.582,4.230,-0.422,4.185
127.96,1.738,2.070,1.608,4.152,-0.422,4.180
127.97,1.457,2.071,1.584,4.208,-0.422,4.184
127.98,1.733,2.071,1.608,4.476,-0.422,4.233
127.99,1.460,2.073,1.585,3.937,-0.423,4.183
128.00,1.526,2.072,1.574,4.061,-0.424,4.161
128.01,1.751,2.072,1.604,3.929,-0.425,4.122
128.02,1.413,2.072,1.571,4.221,-0.425,4.138
128.03,1.357,2.071,1.535,4.085,-0.426,4.129
128.04,1.609,2.072,1.547,4.369,-0.426,4.169
128.05,1.720,2.071,1.576,3.895,-0.425,4.124
128.06,1.654,2.072,1.589,4.397,-0.425,4.170
128.07,1.727,2.073,1.613,4.293,-0.426,4.189
128.08,1.678,2.072,1.624,4.227,-0.426,4.195
128.09,1.785,2.072,1.651,4.183,-0.427,4.193
128.10,1.701,2.072,1.659,3.956,-0.427,4.153
128.11,1.665,2.071,1.659,4.122,-0.426,4.149
128.12,1.495,2.073,1.633,4.359,-0.426,4.184
128.13,1.634,2.074,1.634,4.459,-0.427,4.229
128.14,1.526,2.073,1.615,4.207,-0.426,4.227
128.15,1.916,2.072,1.665,4.130,-0.427,4.210
128.16,1.365,2.071,1.613,4.449,-0.427,4.249
128.17,1.629,2.074,1.619,4.103,-0.427,4.225
128.18,1.587,2.073,1.612,4.159,-0.427,4.214
128.19,1.446,2.074,1.585,4.118,-0.427,4.198
128.20,1.658,2.075,1.598,4.065,-0.429,4.174
128.21,1.800,2.076,1.633,4.005,-0.428,4.147
128.22,1.761,2.077,1.655,3.966,-0.428,4.116
128.23,1.650,2.077,1.654,4.237,-0.428,4.137
128.24,1.382,2.078,1.609,4.468,-0.428,4.192
128.25,1.557,2.077,1.599,4.277,-0.427,4.207
128.26,1.481,2.077,1.579,4.177,-0.427,4.202
128.27,1.329,2.077,1.536,4.467,-0.428,4.247
128.28,1.648,2.077,1.555,4.163,-0.428,4.233
128.29,1.616,2.076,1.565,4.180,-0.428,4.224
128.30,1.793,2.074,1.602,3.849,-0.429,4.160
128.31,1.461,2.074,1.578,4.014,-0.430,4.135
128.32,1.652,2.073,1.589,4.259,-0.430,4.155
128.33,1.486,2.074,1.573,4.080,-0.431,4.142
128.34,1.809,2.075,1.612,4.255,-0.432,4.160
128.35,1.480,2.075,1.591,4.334,-0.431,4.190
128.36,1.503,2.077,1.577,3.711,-0.431,4.109
128.37,1.528,2.080,1.571,4.279,-0.431,4.138
128.38,1.535,2.078,1.564,4.324,-0.431,4.170
128.39,1.501,2.078,1.553,4.212,-0.431,4.176
128.40,1.514,2.079,1.547,4.147,-0.432,4.171
128.41,1.652,2.079,1.564,4.233,-0.430,4.183
128.42,1.568,2.076,1.562,4.441,-0.430,4.226
128.43,1.513,2.075,1.553,4.255,-0.430,4.231
128.44,1.806,2.076,1.597,3.931,-0.430,4.180
128.45,1.681,2.076,1.611,4.544,-0.429,4.243
128.46,1.638,2.077,1.616,4.365,-0.429,4.264
128.47,1.570,2.077,1.608,4.163,-0.430,4.246
128.49,1.810,2.076,1.641,4.390,-0.429,4.271
128.49,1.452,2.076,1.610,4.226,-0.429,4.264
128.50,1.845,2.074,1.647,4.281,-0.430,4.266
128.52,1.649,2.072,1.646,4.108,-0.430,4.240
128.53,1.484,2.073,1.620,4.344,-0.429,4.258
128.53,1.534,2.076,1.608,4.079,-0.429,4.228
128.54,1.362,2.077,1.567,4.353,-0.429,4.249
128.55,1.683,2.078,1.587,4.342,-0.429,4.265
128.57,1.535,2.079,1.579,4.223,-0.429,4.258
128.57,1.701,2.080,1.600,4.181,-0.429,4.245
128.59,1.598,2.081,1.601,4.248,-0.429,4.245
128.59,1.654,2.082,1.610,4.381,-0.429,4.268
128.61,1.627,2.082,1.613,4.476,-0.429,4.303
128.61,1.357,2.082,1.570,4.012,-0.429,4.255
128.62,1.524,2.082,1.562,4.284,-0.429,4.260
128.63,1.482,2.084,1.550,4.154,-0.430,4.241
128.65,1.425,2.082,1.528,4.530,-0.429,4.291
128.66,1.384,2.083,1.504,4.245,-0.429,4.283
128.67,1.822,2.080,1.555,4.393,-0.430,4.301
128.67,1.611,2.081,1.564,4.242,-0.431,4.291
128.68,1.517,2.081,1.556,4.458,-0.432,4.318
128.70,1.824,2.080,1.601,4.289,-0.432,4.313
128.70,1.397,2.082,1.568,4.155,-0.433,4.286
128.71,1.644,2.083,1.581,4.163,-0.433,4.266
128.73,1.458,2.083,1.561,4.038,-0.435,4.226
128.74,1.418,2.082,1.536,4.520,-0.434,4.276
128.75,1.650,2.084,1.556,4.372,-0.435,4.292
128.75,1.761,2.085,1.591,4.007,-0.434,4.245
128.77,2.006,2.085,1.661,4.080,-0.433,4.218
128.78,1.636,2.085,1.657,4.484,-0.434,4.262
128.79,1.656,2.087,1.658,4.227,-0.434,4.257
128.80,1.420,2.086,1.617,4.563,-0.434,4.309
128.81,1.818,2.087,1.651,4.168,-0.433,4.285
128.82,1.469,2.088,1.621,4.315,-0.434,4.290
128.83,1.450,2.089,1.594,3.709,-0.434,4.192
128.84,1.654,2.088,1.603,4.118,-0.434,4.179
128.85,1.791,2.088,1.634,4.268,-0.434,4.195
128.86,1.535,2.090,1.619,4.247,-0.434,4.204
128.87,1.510,2.091,1.601,4.120,-0.434,4.189
128.88,1.723,2.092,1.622,4.200,-0.436,4.190
128.89,1.651,2.091,1.627,4.048,-0.438,4.164
128.90,1.494,2.091,1.604,3.826,-0.438,4.107
128.91,1.682,2.091,1.618,4.379,-0.439,4.152
128.92,1.454,2.092,1.591,4.320,-0.439,4.180
128.93,1.517,2.092,1.578,4.232,-0.439,4.189
128.94,1.353,2.093,1.541,4.168,-0.439,4.186
128.95,1.629,2.091,1.553,4.247,-0.440,4.195
128.96,1.726,2.091,1.583,4.413,-0.441,4.231
128.97,1.409,2.093,1.555,4.016,-0.442,4.194
128.98,1.631,2.095,1.569,4.254,-0.442,4.205
128.99,1.835,2.096,1.615,4.268,-0.442,4.215
129.00,1.562,2.094,1.604,4.050,-0.441,4.188
129.01,1.517,2.094,1.590,4.460,-0.440,4.235
129.02,1.574,2.094,1.587,4.248,-0.440,4.237
129.03,1.672,2.095,1.601,4.379,-0.440,4.261
129.04,1.588,2.094,1.599,4.226,-0.441,4.255
129.05,1.738,2.097,1.624,4.247,-0.441,4.254
129.06,1.474,2.098,1.599,4.080,-0.441,4.224
129.07,1.601,2.099,1.600,4.278,-0.442,4.233
129.08,1.260,2.098,1.543,4.294,-0.442,4.243
129.09,1.535,2.097,1.540,4.080,-0.442,4.215
129.10,1.467,2.096,1.527,4.089,-0.443,4.194
129.11,1.375,2.098,1.503,4.337,-0.442,4.219
129.12,1.583,2.097,1.515,4.258,-0.443,4.225
129.13,1.376,2.096,1.491,3.972,-0.442,4.183
129.14,1.534,2.094,1.496,4.259,-0.442,4.195
129.15,1.517,2.092,1.497,4.265,-0.443,4.207
129.16,1.349,2.094,1.474,4.302,-0.445,4.221
129.17,1.573,2.094,1.491,4.162,-0.444,4.212
129.18,1.607,2.096,1.511,4.027,-0.445,4.181
129.19,1.723,2.096,1.547,4.309,-0.444,4.202
129.20,1.470,2.096,1.533,4.188,-0.445,4.200
129.21,1.558,2.095,1.536,4.199,-0.444,4.201
129.22,1.424,2.095,1.518,4.294,-0.445,4.215
129.23,1.772,2.095,1.560,4.268,-0.444,4.225
129.24,1.472,2.095,1.545,4.027,-0.444,4.192
129.25,1.545,2.093,1.543,4.423,-0.444,4.231
129.26,1.516,2.093,1.539,4.036,-0.445,4.197
129.27,1.529,2.092,1.536,4.301,-0.444,4.215
129.28,1.580,2.094,1.544,4.147,-0.445,4.203
129.29,1.546,2.093,1.544,4.317,-0.444,4.223
129.30,1.722,2.093,1.574,4.053,-0.445,4.194
129.31,1.549,2.092,1.569,4.219,-0.445,4.198
129.32,1.697,2.092,1.590,4.404,-0.444,4.234
129.33,1.426,2.094,1.564,3.862,-0.444,4.171
129.34,1.524,2.094,1.557,4.021,-0.442,4.147
129.35,1.574,2.095,1.561,3.913,-0.444,4.107
129.36,1.415,2.095,1.536,3.765,-0.444,4.049
129.37,1.526,2.095,1.534,4.322,-0.445,4.094
129.38,1.499,2.094,1.527,4.475,-0.445,4.158
129.39,1.458,2.095,1.516,3.895,-0.444,4.114
129.40,1.447,2.096,1.505,4.011,-0.445,4.096
129.41,1.594,2.096,1.519,4.129,-0.446,4.101
129.42,1.365,2.096,1.494,4.396,-0.446,4.150
129.43,1.830,2.097,1.550,4.027,-0.446,4.130
129.44,1.508,2.100,1.546,3.981,-0.445,4.105
129.45,1.492,2.101,1.537,4.364,-0.446,4.148
129.46,1.655,2.101,1.557,4.299,-0.446,4.173
129.47,1.597,2.101,1.563,3.820,-0.446,4.113
129.48,1.380,2.102,1.533,4.234,-0.445,4.134
129.49,1.457,2.101,1.520,3.988,-0.445,4.110
129.50,1.667,2.102,1.545,4.414,-0.444,4.162
129.51,1.519,2.104,1.542,4.346,-0.444,4.192
129.52,1.676,2.102,1.563,4.458,-0.444,4.237
129.53,1.724,2.101,1.589,4.132,-0.444,4.220
129.54,1.764,2.101,1.618,3.928,-0.445,4.170
129.55,1.716,2.099,1.633,4.412,-0.444,4.211
129.56,1.767,2.100,1.656,4.389,-0.445,4.241
129.57,1.586,2.100,1.644,3.974,-0.443,4.197
129.58,1.512,2.100,1.622,4.318,-0.442,4.219
129.59,1.593,2.101,1.617,4.335,-0.443,4.238
129.60,1.544,2.102,1.606,4.176,-0.444,4.226
129.61,1.470,2.100,1.582,3.972,-0.445,4.183
129.62,1.751,2.100,1.610,4.172,-0.446,4.181
129.63,1.381,2.102,1.573,4.611,-0.445,4.253
129.64,1.648,2.101,1.584,4.139,-0.444,4.235
129.65,1.457,2.103,1.564,4.315,-0.443,4.250
129.66,1.534,2.104,1.560,3.982,-0.445,4.203
129.67,1.565,2.104,1.560,3.986,-0.444,4.167
129.68,1.486,2.104,1.548,4.149,-0.445,4.163
129.69,1.813,2.103,1.591,3.850,-0.446,4.110
129.70,1.684,2.102,1.607,4.022,-0.445,4.096
129.71,1.633,2.105,1.613,4.214,-0.445,4.116
129.72,1.883,2.103,1.657,4.010,-0.445,4.098
129.73,1.457,2.103,1.623,4.194,-0.445,4.114
129.74,1.788,2.103,1.650,4.204,-0.445,4.129
129.75,1.403,2.105,1.611,4.000,-0.446,4.107
129.76,1.573,2.105,1.604,4.173,-0.447,4.116
129.77,1.413,2.106,1.573,4.088,-0.448,4.112
129.78,1.563,2.106,1.571,4.127,-0.446,4.115
129.79,1.511,2.107,1.562,4.156,-0.444,4.123
129.80,1.795,2.109,1.602,4.205,-0.446,4.136
129.81,1.637,2.110,1.609,4.160,-0.446,4.140
129.82,1.462,2.110,1.584,4.058,-0.446,4.126
129.83,1.733,2.110,1.609,4.105,-0.445,4.123
129.84,1.408,2.110,1.575,4.515,-0.446,4.188
129.85,1.536,2.112,1.570,4.073,-0.446,4.169
129.86,1.507,2.111,1.559,4.157,-0.446,4.167
129.87,1.688,2.112,1.581,4.247,-0.445,4.181
129.88,1.840,2.115,1.627,4.124,-0.446,4.170
129.89,1.685,2.115,1.637,4.348,-0.445,4.201
129.90,1.649,2.117,1.640,4.006,-0.446,4.168
129.91,1.929,2.118,1.689,4.156,-0.447,4.165
129.92,1.706,2.118,1.692,4.244,-0.449,4.177
129.93,1.596,2.119,1.677,4.232,-0.449,4.186
129.94,1.607,2.120,1.666,4.098,-0.448,4.172
129.95,1.641,2.119,1.661,4.349,-0.448,4.202
129.96,1.469,2.121,1.630,4.334,-0.447,4.225
129.97,1.612,2.122,1.627,3.952,-0.447,4.179
129.98,1.396,2.121,1.587,4.176,-0.447,4.179
129.99,1.460,2.119,1.564,4.121,-0.448,4.169
130.01,1.482,2.119,1.550,4.004,-0.448,4.141
130.02,1.622,2.118,1.561,4.471,-0.446,4.198
130.03,1.805,2.118,1.602,3.884,-0.447,4.144
130.03,1.860,2.119,1.647,3.965,-0.446,4.114
130.04,1.654,2.119,1.648,3.901,-0.447,4.078
130.06,1.626,2.119,1.644,4.196,-0.446,4.098
130.07,1.513,2.120,1.623,4.403,-0.447,4.149
130.08,1.414,2.122,1.589,4.132,-0.447,4.146
130.09,1.426,2.122,1.561,4.029,-0.448,4.125
130.10,1.598,2.125,1.570,4.113,-0.448,4.123
130.11,1.673,2.124,1.586,3.971,-0.449,4.097
130.12,1.545,2.123,1.578,4.045,-0.450,4.087
130.13,1.621,2.124,1.586,4.520,-0.450,4.160
130.14,1.578,2.126,1.586,4.175,-0.449,4.163
130.15,1.370,2.126,1.550,4.119,-0.450,4.155
130.16,1.392,2.124,1.521,4.070,-0.449,4.141
130.17,1.563,2.123,1.527,4.221,-0.450,4.154
130.18,1.652,2.124,1.549,4.379,-0.451,4.191
130.19,1.759,2.124,1.584,4.250,-0.450,4.202
130.20,1.706,2.126,1.605,4.630,-0.450,4.274
130.21,1.897,2.126,1.654,4.445,-0.451,4.302
130.22,1.350,2.126,1.603,3.994,-0.450,4.251
130.23,1.524,2.126,1.590,4.032,-0.449,4.215
130.24,1.510,2.125,1.575,3.946,-0.448,4.171
130.24,1.591,2.124,1.577,4.318,-0.447,4.196
130.26,1.850,2.122,1.621,3.998,-0.447,4.163
130.27,1.707,2.121,1.635,4.329,-0.446,4.192
130.28,1.469,2.121,1.607,4.092,-0.445,4.176
130.29,1.688,2.120,1.619,4.200,-0.445,4.180
130.30,1.680,2.121,1.630,4.409,-0.446,4.218
130.31,1.453,2.122,1.601,4.253,-0.447,4.223
130.32,1.567,2.123,1.596,4.351,-0.447,4.245
130.33,1.442,2.125,1.571,4.199,-0.446,4.237
130.34,1.656,2.125,1.586,4.207,-0.448,4.231
130.35,1.666,2.124,1.598,3.966,-0.449,4.186
130.36,1.688,2.124,1.613,4.478,-0.448,4.236
130.37,1.794,2.124,1.643,4.153,-0.448,4.222
130.38,1.713,2.125,1.656,3.991,-0.447,4.184
130.39,1.576,2.128,1.645,4.051,-0.447,4.162
130.40,1.559,2.129,1.631,4.065,-0.447,4.146
130.41,1.567,2.129,1.621,4.330,-0.448,4.176
130.42,1.687,2.128,1.631,4.368,-0.447,4.209
130.43,1.733,2.128,1.647,4.224,-0.448,4.210
130.44,1.557,2.126,1.631,3.979,-0.449,4.171
130.45,1.690,2.127,1.641,4.314,-0.448,4.195
130.46,1.425,2.128,1.606,4.101,-0.449,4.179
130.47,1.449,2.129,1.580,4.067,-0.451,4.159
130.48,1.721,2.129,1.603,4.086,-0.451,4.147
130.49,1.431,2.129,1.574,4.326,-0.449,4.178
130.50,1.624,2.129,1.582,4.067,-0.450,4.158
130.51,1.465,2.130,1.564,3.982,-0.448,4.130
130.52,1.613,2.130,1.572,4.248,-0.448,4.150
130.53,1.444,2.130,1.550,4.078,-0.448,4.138
130.54,1.520,2.132,1.546,3.828,-0.449,4.085
130.55,1.872,2.133,1.602,4.487,-0.448,4.153
130.56,1.712,2.133,1.620,4.352,-0.450,4.186
130.57,1.434,2.132,1.588,4.319,-0.450,4.208
130.58,1.619,2.132,1.593,4.093,-0.449,4.189
130.59,1.703,2.132,1.611,4.321,-0.450,4.211
130.60,1.695,2.132,1.625,4.215,-0.449,4.212
130.61,1.829,2.133,1.660,4.157,-0.450,4.203
130.62,1.484,2.133,1.631,4.017,-0.451,4.170
130.63,1.409,2.135,1.595,4.429,-0.450,4.214
130.64,1.649,2.135,1.603,4.176,-0.451,4.208
130.65,1.746,2.136,1.629,3.768,-0.451,4.134
130.66,1.684,2.138,1.639,4.385,-0.452,4.175
130.67,1.521,2.140,1.621,4.201,-0.452,4.180
130.68,1.425,2.141,1.589,3.899,-0.452,4.132
130.69,1.670,2.145,1.605,4.205,-0.454,4.143
130.70,1.572,2.144,1.599,4.252,-0.454,4.161
130.71,1.652,2.147,1.610,3.991,-0.453,4.133
130.72,1.568,2.147,1.603,3.957,-0.454,4.103
130.73,1.566,2.147,1.597,4.136,-0.455,4.108
130.74,1.776,2.148,1.628,3.857,-0.456,4.064
130.75,1.401,2.147,1.589,4.230,-0.458,4.091
130.76,1.769,2.146,1.618,4.142,-0.458,4.100
130.77,1.647,2.145,1.622,4.256,-0.458,4.126
130.78,1.561,2.146,1.612,4.344,-0.458,4.163
130.79,1.384,2.146,1.573,4.100,-0.460,4.150
130.80,1.535,2.147,1.567,4.237,-0.460,4.165
130.81,1.512,2.146,1.558,3.833,-0.460,4.109
130.82,1.646,2.145,1.571,4.232,-0.459,4.131
130.83,1.503,2.144,1.558,4.195,-0.459,4.141
130.84,1.640,2.141,1.570,3.975,-0.457,4.114
130.85,1.643,2.141,1.582,3.992,-0.459,4.092
130.86,1.586,2.140,1.582,4.162,-0.459,4.104
130.87,1.619,2.142,1.589,4.030,-0.460,4.091
130.88,1.718,2.143,1.612,4.370,-0.459,4.139
130.89,1.597,2.144,1.610,4.269,-0.458,4.161
130.90,1.645,2.144,1.616,4.081,-0.459,4.147
130.91,1.671,2.145,1.625,4.291,-0.460,4.171
130.92,1.478,2.147,1.603,4.318,-0.459,4.196
130.93,1.842,2.148,1.644,4.065,-0.458,4.175
130.94,1.662,2.150,1.648,4.164,-0.458,4.173
130.95,1.530,2.149,1.628,4.226,-0.458,4.182
130.96,1.407,2.151,1.591,3.891,-0.459,4.133
130.97,1.600,2.151,1.593,4.326,-0.459,4.165
130.98,1.589,2.151,1.592,4.274,-0.457,4.185
130.99,1.362,2.153,1.555,4.135,-0.457,4.176
131.00,1.535,2.157,1.555,4.314,-0.457,4.199
131.01,1.721,2.155,1.581,3.987,-0.459,4.162
131.02,1.503,2.157,1.570,4.203,-0.459,4.169
131.03,1.783,2.158,1.606,3.933,-0.459,4.129
131.04,1.560,2.157,1.598,4.482,-0.460,4.188
131.05,1.710,2.157,1.616,3.961,-0.459,4.150
131.06,1.842,2.156,1.653,4.054,-0.460,4.133
131.07,1.659,2.156,1.654,4.370,-0.460,4.173
131.08,1.779,2.157,1.676,3.995,-0.459,4.144
131.09,1.467,2.158,1.641,4.015,-0.459,4.123
131.10,1.722,2.157,1.654,4.355,-0.459,4.162
131.11,1.586,2.154,1.640,4.168,-0.458,4.163
131.12,1.765,2.153,1.660,3.990,-0.457,4.135
131.13,1.525,2.152,1.637,4.438,-0.457,4.186
131.14,1.645,2.154,1.639,4.134,-0.457,4.177
131.15,1.713,2.156,1.653,4.381,-0.456,4.212
131.16,1.661,2.154,1.653,4.290,-0.456,4.225
131.17,1.640,2.154,1.650,3.987,-0.456,4.185
131.18,1.656,2.152,1.650,4.267,-0.455,4.200
131.19,1.357,2.153,1.601,3.935,-0.454,4.156
131.20,1.377,2.153,1.563,4.388,-0.453,4.196
131.21,1.375,2.153,1.532,4.133,-0.453,4.185
131.22,1.517,2.154,1.529,4.249,-0.453,4.197
131.23,1.314,2.154,1.494,4.233,-0.452,4.203
131.24,1.731,2.152,1.532,3.994,-0.452,4.169
131.25,1.353,2.154,1.503,4.023,-0.452,4.144
131.26,1.618,2.155,1.523,4.117,-0.451,4.140
131.27,1.407,2.156,1.504,4.111,-0.451,4.135
131.28,1.734,2.153,1.540,4.385,-0.451,4.177
131.29,1.595,2.152,1.548,4.265,-0.450,4.193
131.30,1.426,2.154,1.529,4.178,-0.451,4.189
131.31,1.588,2.154,1.539,4.173,-0.451,4.186
131.32,1.898,2.151,1.596,3.995,-0.452,4.154
131.33,1.484,2.152,1.578,4.015,-0.451,4.131
131.34,1.556,2.153,1.575,3.903,-0.450,4.093
131.35,1.629,2.154,1.585,4.054,-0.452,4.085
131.36,1.505,2.155,1.572,4.191,-0.452,4.103
131.37,1.498,2.155,1.559,4.306,-0.452,4.138
131.38,1.824,2.155,1.603,3.855,-0.452,4.090
131.39,1.599,2.153,1.601,4.057,-0.453,4.083
131.40,1.681,2.154,1.615,3.940,-0.454,4.058
131.41,1.554,2.154,1.605,4.105,-0.454,4.066
131.42,1.462,2.155,1.581,4.073,-0.454,4.067
131.43,1.600,2.155,1.585,4.095,-0.453,4.072
131.44,1.716,2.155,1.607,4.208,-0.451,4.097
131.45,1.513,2.155,1.590,4.402,-0.451,4.148
131.46,1.358,2.155,1.551,4.122,-0.451,4.143
131.47,1.397,2.155,1.525,4.146,-0.451,4.144
131.48,1.509,2.156,1.523,4.201,-0.452,4.153
131.49,1.663,2.157,1.547,4.091,-0.451,4.143
131.50,1.558,2.158,1.549,4.268,-0.451,4.165
131.51,1.624,2.158,1.561,3.947,-0.450,4.128
131.53,1.593,2.158,1.566,4.185,-0.451,4.137
131.54,1.373,2.157,1.533,4.197,-0.449,4.149
131.55,1.594,2.158,1.544,4.144,-0.449,4.148
131.56,1.563,2.158,1.547,4.278,-0.450,4.170
131.57,1.587,2.157,1.553,4.252,-0.449,4.184
131.57,1.592,2.159,1.560,4.098,-0.449,4.170
131.59,1.534,2.161,1.558,3.900,-0.448,4.125
131.60,1.762,2.160,1.591,4.162,-0.447,4.133
131.61,1.429,2.160,1.564,3.970,-0.447,4.105
131.62,1.467,2.161,1.548,4.095,-0.446,4.104
131.63,1.725,2.164,1.580,4.155,-0.445,4.113
131.64,1.593,2.165,1.582,4.345,-0.444,4.153
131.65,1.342,2.166,1.543,4.076,-0.444,4.140
131.66,1.635,2.165,1.558,4.107,-0.446,4.133
131.67,1.655,2.165,1.574,4.215,-0.445,4.147
131.68,1.710,2.166,1.597,4.194,-0.445,4.155
131.69,1.563,2.167,1.592,4.248,-0.446,4.170
131.70,1.457,2.167,1.569,4.224,-0.445,4.180
131.71,1.655,2.166,1.583,4.156,-0.446,4.175
131.72,1.764,2.165,1.612,4.131,-0.446,4.168
131.73,1.852,2.166,1.653,4.271,-0.448,4.183
131.74,1.498,2.167,1.628,4.387,-0.450,4.217
131.75,1.386,2.167,1.587,4.023,-0.449,4.185
131.76,1.616,2.167,1.592,4.372,-0.449,4.216
131.77,1.863,2.169,1.639,4.286,-0.450,4.228
131.78,1.746,2.171,1.658,4.303,-0.451,4.239
131.79,1.552,2.171,1.640,4.183,-0.451,4.230
131.80,1.635,2.173,1.640,4.248,-0.450,4.234
131.81,1.610,2.172,1.635,3.949,-0.449,4.187
131.82,1.601,2.173,1.630,4.180,-0.449,4.186
131.83,1.654,2.172,1.633,4.331,-0.448,4.211
131.84,1.521,2.171,1.613,4.058,-0.448,4.185
131.85,1.584,2.171,1.608,4.334,-0.448,4.210
131.86,1.610,2.172,1.609,4.313,-0.449,4.227
131.87,1.249,2.171,1.547,4.306,-0.449,4.240
131.88,1.659,2.171,1.565,4.067,-0.449,4.212
131.89,1.787,2.171,1.603,4.141,-0.447,4.201
131.90,1.605,2.173,1.604,4.206,-0.446,4.203
131.91,1.399,2.171,1.568,4.145,-0.447,4.193
131.92,1.508,2.170,1.557,4.113,-0.446,4.180
131.93,1.615,2.168,1.565,3.901,-0.447,4.132
131.94,1.347,2.168,1.528,4.195,-0.446,4.143
131.95,1.441,2.170,1.514,4.139,-0.446,4.142
131.96,1.525,2.171,1.517,4.497,-0.447,4.201
131.97,1.569,2.171,1.526,4.153,-0.448,4.193
131.98,1.607,2.170,1.538,4.365,-0.448,4.222
131.99,1.535,2.169,1.537,4.106,-0.447,4.203
132.00,1.519,2.170,1.534,4.312,-0.448,4.221
132.01,1.496,2.171,1.529,4.534,-0.448,4.273
132.02,1.760,2.174,1.570,4.220,-0.446,4.266
132.03,1.730,2.174,1.596,4.166,-0.446,4.249
132.04,1.733,2.178,1.623,4.478,-0.447,4.288
132.05,1.568,2.178,1.613,4.176,-0.446,4.270
132.06,1.594,2.177,1.609,4.313,-0.446,4.278
132.07,1.558,2.177,1.600,4.198,-0.445,4.265
132.08,1.807,2.179,1.637,3.997,-0.444,4.220
132.09,1.558,2.178,1.622,4.160,-0.444,4.211
132.10,1.628,2.177,1.622,4.345,-0.442,4.235
132.11,1.429,2.177,1.589,4.229,-0.442,4.234
132.12,1.716,2.178,1.612,4.293,-0.443,4.243
132.13,1.593,2.180,1.610,4.126,-0.442,4.224
132.14,1.575,2.180,1.604,4.069,-0.442,4.198
132.15,1.642,2.179,1.610,4.258,-0.442,4.209
132.16,1.628,2.180,1.613,4.033,-0.442,4.179
132.17,1.495,2.178,1.591,4.204,-0.441,4.184
132.18,1.631,2.178,1.598,4.328,-0.441,4.208
132.19,1.562,2.179,1.592,4.134,-0.441,4.196
132.20,1.638,2.178,1.600,4.129,-0.440,4.185
132.21,1.645,2.178,1.607,4.165,-0.440,4.182
132.22,1.460,2.178,1.582,3.970,-0.439,4.148
132.23,1.863,2.177,1.628,4.313,-0.438,4.176
132.24,1.387,2.178,1.588,4.151,-0.438,4.172
132.25,1.570,2.176,1.584,4.106,-0.439,4.160
132.26,1.718,2.178,1.607,4.297,-0.439,4.183
132.27,1.622,2.179,1.611,4.328,-0.438,4.208
132.28,1.503,2.181,1.594,4.253,-0.440,4.214
132.29,1.417,2.181,1.564,4.115,-0.441,4.197
132.30,1.590,2.182,1.569,4.277,-0.440,4.211
132.31,1.680,2.182,1.588,4.190,-0.441,4.207
132.32,1.490,2.183,1.572,3.864,-0.441,4.149
132.33,1.516,2.183,1.562,4.094,-0.442,4.139
132.34,1.658,2.185,1.579,3.982,-0.441,4.114
132.35,1.588,2.182,1.579,4.196,-0.441,4.127
132.36,1.501,2.183,1.566,3.878,-0.441,4.085
132.37,1.609,2.184,1.573,4.029,-0.441,4.076
132.38,1.743,2.185,1.603,4.309,-0.443,4.114
132.39,1.582,2.185,1.600,4.126,-0.444,4.115
132.40,1.600,2.185,1.599,3.959,-0.444,4.088
132.41,1.662,2.184,1.609,4.283,-0.443,4.122
132.42,1.596,2.183,1.606,4.244,-0.443,4.143
132.43,1.697,2.184,1.622,4.257,-0.442,4.162
132.44,1.602,2.185,1.620,4.025,-0.444,4.138
132.45,1.743,2.184,1.639,4.054,-0.444,4.124
132.46,1.587,2.184,1.630,4.015,-0.444,4.105
132.47,1.650,2.186,1.635,4.204,-0.444,4.122
132.48,1.563,2.185,1.622,4.019,-0.444,4.104
132.49,1.774,2.185,1.648,4.347,-0.444,4.145
132.50,1.601,2.188,1.641,3.987,-0.445,4.118
132.51,1.519,2.187,1.621,4.311,-0.446,4.149
132.52,1.700,2.187,1.634,4.155,-0.445,4.151
132.53,1.432,2.186,1.599,4.006,-0.445,4.127
132.54,1.574,2.186,1.594,4.224,-0.446,4.143
132.55,1.338,2.185,1.549,4.113,-0.447,4.137
132.56,1.628,2.184,1.562,4.305,-0.448,4.165
132.57,1.681,2.184,1.582,3.849,-0.448,4.111
132.58,1.163,2.185,1.512,4.288,-0.448,4.140
132.59,1.758,2.187,1.555,4.250,-0.447,4.160
132.60,1.359,2.187,1.522,4.393,-0.448,4.199
132.61,1.648,2.186,1.542,4.189,-0.447,4.198
132.62,1.775,2.187,1.581,3.948,-0.447,4.156
132.63,1.652,2.187,1.593,4.283,-0.448,4.177
132.64,1.317,2.186,1.546,4.269,-0.447,4.193
132.65,1.785,2.187,1.587,4.305,-0.449,4.210
132.66,1.819,2.187,1.625,4.387,-0.449,4.240
132.67,1.466,2.187,1.599,4.059,-0.448,4.210
132.68,1.779,2.188,1.630,3.732,-0.448,4.130
132.69,1.602,2.187,1.624,3.990,-0.447,4.107
132.70,1.701,2.190,1.639,4.182,-0.447,4.120
132.71,1.535,2.188,1.620,4.071,-0.447,4.111
132.72,1.378,2.187,1.579,3.968,-0.448,4.086
132.73,1.652,2.187,1.590,4.318,-0.448,4.126
132.74,1.690,2.186,1.606,4.193,-0.448,4.137
132.75,1.847,2.186,1.646,4.054,-0.448,4.122
132.76,1.370,2.187,1.600,4.222,-0.448,4.140
132.77,1.563,2.188,1.596,4.128,-0.446,4.139
132.78,1.803,2.189,1.631,3.998,-0.447,4.115
132.79,1.460,2.190,1.603,4.436,-0.446,4.169
132.80,1.715,2.191,1.622,4.205,-0.446,4.175
132.81,1.802,2.189,1.650,4.272,-0.446,4.192
132.82,1.629,2.191,1.649,4.298,-0.447,4.209
132.83,1.763,2.191,1.668,4.019,-0.446,4.178
132.84,1.465,2.191,1.633,4.308,-0.445,4.200
132.85,1.535,2.191,1.617,4.070,-0.445,4.179
132.86,1.464,2.192,1.592,4.331,-0.444,4.205
132.87,1.459,2.194,1.571,4.201,-0.443,4.205
132.88,1.598,2.195,1.576,4.221,-0.444,4.207
132.89,1.504,2.197,1.566,4.212,-0.443,4.208
132.90,1.675,2.198,1.584,4.145,-0.443,4.198
132.91,1.965,2.197,1.648,3.975,-0.444,4.159
132.92,1.593,2.199,1.641,3.801,-0.444,4.099
132.94,1.542,2.201,1.625,4.349,-0.445,4.140
132.94,1.665,2.201,1.632,4.359,-0.446,4.177
132.95,1.706,2.201,1.644,4.268,-0.445,4.193
132.96,1.680,2.202,1.651,4.143,-0.444,4.185
132.98,1.650,2.204,1.653,4.227,-0.445,4.191
132.98,1.689,2.205,1.659,4.202,-0.445,4.193
132.99,1.396,2.205,1.615,4.192,-0.446,4.192
133.00,1.770,2.205,1.641,4.120,-0.446,4.180
133.02,1.788,2.204,1.665,4.009,-0.445,4.152
133.02,1.501,2.204,1.637,4.057,-0.445,4.136
133.03,1.488,2.205,1.612,4.195,-0.447,4.144
133.04,1.609,2.206,1.613,3.730,-0.447,4.075
133.05,1.615,2.205,1.612,3.960,-0.447,4.055
133.07,1.559,2.206,1.603,4.336,-0.447,4.103
133.08,1.500,2.208,1.588,3.999,-0.447,4.086
133.09,1.453,2.208,1.565,3.953,-0.447,4.063
133.10,1.724,2.207,1.590,4.251,-0.446,4.095
133.11,1.588,2.205,1.588,4.257,-0.445,4.123
133.12,1.433,2.205,1.562,4.266,-0.445,4.147
133.13,1.436,2.206,1.541,3.981,-0.445,4.119
133.14,1.784,2.206,1.582,4.278,-0.445,4.146
133.15,1.404,2.206,1.551,4.031,-0.445,4.127
133.16,1.697,2.206,1.576,4.039,-0.445,4.112
133.17,1.366,2.204,1.539,4.093,-0.445,4.108
133.18,1.679,2.204,1.563,4.446,-0.443,4.167
133.19,1.503,2.205,1.553,4.269,-0.442,4.185
133.20,1.512,2.206,1.546,4.270,-0.444,4.197
133.21,1.514,2.205,1.540,4.005,-0.444,4.165
133.22,1.482,2.206,1.531,3.905,-0.444,4.122
133.23,1.246,2.206,1.483,4.139,-0.444,4.124
133.24,1.426,2.207,1.474,4.221,-0.444,4.140
133.25,1.480,2.205,1.473,4.130,-0.444,4.139
133.26,1.511,2.205,1.479,4.293,-0.443,4.166
133.27,1.617,2.206,1.502,4.123,-0.444,4.158
133.28,1.505,2.206,1.503,4.246,-0.443,4.173
133.29,1.625,2.207,1.524,3.866,-0.442,4.122
133.30,1.658,2.208,1.547,4.163,-0.444,4.128
133.31,1.545,2.208,1.546,4.710,-0.444,4.225
133.32,1.436,2.209,1.528,4.241,-0.445,4.227
133.33,1.776,2.209,1.569,4.304,-0.444,4.241
133.34,1.490,2.207,1.554,4.254,-0.443,4.244
133.35,1.678,2.209,1.576,4.379,-0.443,4.267
133.36,1.398,2.210,1.547,4.049,-0.444,4.230
133.37,1.497,2.210,1.539,4.027,-0.444,4.195
133.38,1.557,2.209,1.541,3.738,-0.444,4.119
133.39,1.469,2.210,1.529,4.344,-0.444,4.157
133.40,1.740,2.211,1.565,4.264,-0.443,4.175
133.41,1.568,2.209,1.564,4.219,-0.444,4.182
133.42,1.495,2.209,1.552,4.411,-0.444,4.221
133.43,1.639,2.208,1.565,4.130,-0.444,4.206
133.44,1.807,2.208,1.606,4.273,-0.441,4.220
133.45,1.644,2.208,1.612,3.959,-0.441,4.175
133.46,1.628,2.208,1.615,4.462,-0.443,4.222
133.47,1.730,2.209,1.635,4.218,-0.443,4.222
133.48,1.727,2.212,1.652,3.917,-0.442,4.171
133.49,1.584,2.213,1.642,4.227,-0.443,4.180
133.50,1.571,2.213,1.630,3.747,-0.443,4.107
133.51,1.537,2.216,1.616,4.234,-0.443,4.129
133.52,1.937,2.216,1.670,3.979,-0.443,4.103
133.53,1.783,2.213,1.687,4.001,-0.442,4.087
133.54,1.800,2.213,1.706,3.967,-0.441,4.067
133.55,1.410,2.213,1.656,4.164,-0.442,4.083
133.56,1.601,2.212,1.646,3.977,-0.442,4.064
133.57,1.828,2.211,1.675,4.198,-0.442,4.087
133.58,1.319,2.211,1.615,4.115,-0.443,4.091
133.59,1.223,2.210,1.547,4.092,-0.444,4.090
133.60,1.862,2.213,1.603,4.513,-0.445,4.161
133.61,1.519,2.213,1.588,4.286,-0.445,4.182
133.62,1.755,2.213,1.616,4.519,-0.446,4.238
133.63,1.357,2.213,1.572,4.470,-0.446,4.277
133.64,1.137,2.212,1.498,4.056,-0.445,4.241
133.65,1.546,2.213,1.507,4.594,-0.446,4.300
133.66,1.716,2.212,1.541,4.217,-0.447,4.285
133.67,1.647,2.211,1.557,4.053,-0.447,4.246
133.68,1.543,2.210,1.554,4.513,-0.447,4.291
133.69,1.536,2.209,1.550,4.398,-0.448,4.309
133.70,1.647,2.208,1.566,4.221,-0.449,4.293
133.71,1.642,2.208,1.578,4.217,-0.451,4.279
133.72,1.441,2.208,1.555,4.046,-0.449,4.241
133.73,1.579,2.209,1.559,4.188,-0.450,4.232
133.74,1.559,2.208,1.558,3.925,-0.450,4.180
133.75,1.637,2.209,1.573,4.210,-0.452,4.184
133.76,1.307,2.210,1.528,4.183,-0.452,4.184
133.77,1.858,2.210,1.584,3.791,-0.452,4.118
133.78,1.513,2.210,1.572,4.028,-0.451,4.103
133.79,1.659,2.208,1.584,4.250,-0.451,4.128
133.80,1.387,2.208,1.551,4.523,-0.452,4.194
133.81,1.887,2.209,1.608,3.894,-0.452,4.143
133.82,1.612,2.208,1.608,4.173,-0.452,4.149
133.83,1.448,2.206,1.579,4.367,-0.450,4.187
133.84,1.565,2.205,1.576,4.152,-0.448,4.182
133.85,1.502,2.206,1.564,4.014,-0.448,4.154
133.86,1.652,2.206,1.579,4.218,-0.450,4.164
133.87,1.649,2.202,1.587,4.022,-0.450,4.139
133.88,1.402,2.204,1.557,4.214,-0.450,4.152
133.89,1.629,2.203,1.568,4.228,-0.449,4.166
133.90,1.764,2.203,1.601,4.334,-0.450,4.193
133.91,1.965,2.202,1.661,3.931,-0.450,4.149
133.92,1.482,2.203,1.631,4.012,-0.448,4.127
133.93,1.427,2.204,1.597,4.233,-0.447,4.146
133.94,1.652,2.204,1.607,4.016,-0.446,4.125
133.95,1.415,2.203,1.574,4.376,-0.446,4.167
133.96,1.784,2.202,1.608,4.194,-0.447,4.171
133.97,1.399,2.203,1.573,4.291,-0.447,4.191
133.98,1.574,2.204,1.574,4.301,-0.445,4.211
133.99,1.730,2.205,1.601,4.484,-0.444,4.258
134.00,1.670,2.207,1.614,4.315,-0.445,4.267
134.01,1.555,2.208,1.605,4.092,-0.445,4.238
134.02,1.563,2.208,1.598,3.802,-0.446,4.163
134.03,1.701,2.209,1.616,4.181,-0.445,4.167
134.04,1.579,2.212,1.612,4.263,-0.445,4.184
134.05,1.694,2.210,1.624,4.021,-0.446,4.155
134.06,1.539,2.212,1.611,4.189,-0.447,4.160
134.07,1.578,2.210,1.604,4.077,-0.448,4.146
134.08,1.838,2.211,1.644,4.081,-0.448,4.134
134.09,1.919,2.212,1.691,4.474,-0.450,4.191
134.10,1.446,2.210,1.648,4.280,-0.449,4.206
134.11,1.533,2.209,1.628,4.139,-0.449,4.196
134.12,1.517,2.209,1.609,4.146,-0.449,4.187
134.13,1.483,2.209,1.587,4.291,-0.450,4.204
134.14,1.708,2.209,1.608,4.031,-0.448,4.176
134.15,1.514,2.208,1.591,4.409,-0.448,4.215
134.16,1.832,2.208,1.631,4.214,-0.448,4.216
134.17,1.698,2.208,1.642,4.307,-0.448,4.231
134.18,1.729,2.207,1.656,4.085,-0.447,4.207
134.19,1.716,2.207,1.666,4.233,-0.446,4.212
134.20,1.503,2.208,1.639,4.135,-0.445,4.201
134.21,1.653,2.208,1.642,4.226,-0.445,4.205
134.22,1.518,2.208,1.621,4.317,-0.446,4.223
134.23,1.465,2.209,1.595,4.250,-0.445,4.228
134.24,1.957,2.211,1.657,4.208,-0.445,4.225
134.25,1.496,2.210,1.630,3.999,-0.446,4.186
134.26,1.300,2.210,1.574,4.199,-0.445,4.190
134.27,1.914,2.211,1.632,4.471,-0.445,4.236
134.28,1.516,2.211,1.612,4.202,-0.445,4.231
134.29,1.692,2.211,1.626,4.233,-0.445,4.231
134.30,1.469,2.211,1.599,4.189,-0.446,4.223
134.31,1.595,2.209,1.596,4.047,-0.446,4.194
134.32,1.641,2.211,1.605,3.987,-0.446,4.159
134.33,1.593,2.213,1.605,4.161,-0.446,4.160
134.34,1.533,2.213,1.593,4.014,-0.445,4.136
134.35,1.444,2.214,1.568,4.254,-0.445,4.156
134.36,1.550,2.214,1.565,4.139,-0.445,4.153
134.37,1.546,2.211,1.559,4.301,-0.445,4.178
134.38,1.248,2.213,1.508,4.069,-0.446,4.159
134.39,1.663,2.212,1.534,4.362,-0.447,4.192
134.40,1.584,2.211,1.540,4.202,-0.449,4.192
134.41,1.396,2.210,1.515,4.284,-0.449,4.208
134.42,1.573,2.210,1.525,4.188,-0.449,4.204
134.43,1.635,2.209,1.543,4.033,-0.449,4.176
134.44,1.816,2.210,1.589,4.295,-0.452,4.194
134.45,1.710,2.209,1.609,3.903,-0.451,4.145
134.47,1.500,2.209,1.590,4.083,-0.452,4.134
134.47,1.725,2.208,1.612,3.904,-0.452,4.095
134.48,1.427,2.208,1.581,4.122,-0.452,4.099
134.49,1.540,2.209,1.575,4.191,-0.452,4.114
134.51,1.793,2.209,1.611,3.998,-0.453,4.095
134.52,1.871,2.209,1.655,4.609,-0.452,4.181
134.52,1.657,2.208,1.654,4.172,-0.453,4.179
134.54,1.736,2.210,1.669,3.762,-0.453,4.109
134.55,1.641,2.210,1.665,4.098,-0.454,4.106
134.56,1.766,2.211,1.683,3.967,-0.454,4.082
134.57,1.747,2.211,1.693,4.321,-0.455,4.122
134.58,1.495,2.212,1.661,4.190,-0.454,4.134
134.58,1.418,2.211,1.620,4.178,-0.453,4.142
134.60,1.447,2.210,1.590,4.797,-0.453,4.252
134.61,1.696,2.210,1.607,4.305,-0.453,4.261
134.62,1.487,2.209,1.586,4.266,-0.453,4.262
134.63,1.796,2.208,1.620,4.281,-0.453,4.265
134.64,1.696,2.208,1.633,4.134,-0.452,4.244
134.65,1.462,2.207,1.604,4.301,-0.450,4.256
134.66,1.661,2.210,1.615,4.120,-0.451,4.232
134.67,1.565,2.211,1.607,4.176,-0.450,4.224
134.68,1.412,2.209,1.573,4.254,-0.449,4.229
134.69,1.723,2.209,1.598,4.441,-0.448,4.266
134.70,1.310,2.211,1.551,4.197,-0.449,4.253
134.71,1.723,2.211,1.580,4.081,-0.450,4.224
134.72,1.832,2.210,1.621,4.054,-0.451,4.195
134.73,1.530,2.210,1.606,4.032,-0.451,4.167
134.74,1.868,2.211,1.650,4.033,-0.449,4.146
134.75,1.732,2.211,1.665,4.256,-0.449,4.165
134.76,1.590,2.213,1.653,4.018,-0.449,4.140
134.77,1.486,2.213,1.625,4.120,-0.448,4.137
134.78,1.510,2.213,1.606,4.037,-0.448,4.121
134.79,1.611,2.212,1.606,4.049,-0.448,4.108
134.80,1.700,2.212,1.621,4.372,-0.449,4.152
134.81,1.844,2.210,1.657,4.205,-0.448,4.161
134.82,1.519,2.210,1.634,4.247,-0.448,4.176
134.83,1.590,2.210,1.627,4.218,-0.449,4.182
134.84,1.843,2.210,1.663,3.941,-0.449,4.142
134.85,1.354,2.210,1.611,4.026,-0.449,4.122
134.86,1.768,2.210,1.637,4.372,-0.449,4.164
134.87,1.440,2.213,1.606,3.934,-0.450,4.125
134.88,1.590,2.213,1.604,4.383,-0.452,4.167
134.89,1.387,2.214,1.567,4.284,-0.453,4.185
134.90,1.928,2.213,1.627,4.168,-0.454,4.182
134.91,1.703,2.215,1.641,4.117,-0.454,4.171
134.92,1.621,2.216,1.638,3.950,-0.453,4.134
134.93,1.700,2.215,1.648,4.471,-0.453,4.191
134.94,1.650,2.215,1.649,4.373,-0.453,4.221
134.95,1.699,2.214,1.656,4.261,-0.452,4.229
134.96,1.493,2.216,1.630,4.222,-0.453,4.227
134.97,1.407,2.217,1.593,4.445,-0.456,4.262
134.98,1.355,2.215,1.551,4.398,-0.456,4.285
134.99,1.559,2.215,1.552,3.944,-0.455,4.228
135.00,1.520,2.216,1.547,4.466,-0.456,4.268
135.01,1.732,2.216,1.578,3.703,-0.455,4.173
135.02,1.628,2.215,1.585,4.102,-0.455,4.161
135.03,1.446,2.214,1.561,3.790,-0.457,4.098
135.04,1.645,2.214,1.575,4.381,-0.457,4.145
135.05,1.497,2.213,1.561,4.395,-0.457,4.187
135.06,1.814,2.213,1.604,4.096,-0.456,4.172
135.07,1.389,2.213,1.567,4.261,-0.455,4.188
135.08,1.511,2.213,1.557,4.095,-0.456,4.172
135.09,1.764,2.214,1.593,4.491,-0.455,4.226
135.10,1.598,2.213,1.593,4.393,-0.454,4.256
135.11,1.582,2.214,1.592,4.404,-0.454,4.280
135.12,1.437,2.217,1.567,4.126,-0.454,4.254
135.13,1.806,2.216,1.607,3.789,-0.455,4.175
135.14,1.515,2.217,1.592,4.413,-0.455,4.215
135.15,1.582,2.216,1.590,4.565,-0.456,4.274
135.16,1.461,2.215,1.567,3.970,-0.457,4.221
135.17,1.328,2.217,1.528,3.974,-0.456,4.181
135.18,1.562,2.218,1.535,4.318,-0.455,4.205
135.19,1.293,2.218,1.493,4.166,-0.455,4.199
135.20,1.500,2.218,1.495,3.803,-0.455,4.132
135.21,1.820,2.219,1.550,3.904,-0.456,4.093
135.22,1.307,2.219,1.508,3.920,-0.457,4.063
135.23,1.702,2.220,1.541,4.065,-0.456,4.063
135.24,1.465,2.218,1.527,4.141,-0.457,4.076
135.25,1.566,2.220,1.535,4.263,-0.456,4.108
135.26,1.686,2.220,1.560,4.657,-0.455,4.201
135.27,1.558,2.223,1.562,4.333,-0.454,4.224
135.28,1.454,2.221,1.542,4.217,-0.454,4.223
135.29,1.760,2.221,1.578,4.170,-0.452,4.216
135.30,1.470,2.221,1.560,4.164,-0.451,4.208
135.31,1.684,2.222,1.581,4.301,-0.450,4.224
135.32,1.606,2.223,1.586,4.395,-0.450,4.253
135.33,1.513,2.222,1.573,3.928,-0.450,4.199
135.34,1.551,2.222,1.569,4.072,-0.450,4.177
135.35,1.389,2.222,1.539,4.045,-0.451,4.154
135.36,1.733,2.221,1.570,4.307,-0.452,4.179
135.37,1.735,2.221,1.598,3.869,-0.453,4.126
135.38,1.537,2.219,1.586,4.293,-0.453,4.154
135.39,1.367,2.218,1.548,4.040,-0.454,4.134
135.40,1.582,2.217,1.553,4.112,-0.455,4.130
135.41,1.587,2.219,1.560,4.267,-0.454,4.153
135.42,1.678,2.218,1.578,3.933,-0.454,4.117
135.43,1.467,2.219,1.561,4.179,-0.452,4.128
135.44,1.683,2.219,1.581,4.104,-0.451,4.125
135.45,1.749,2.219,1.609,3.985,-0.450,4.102
135.46,1.458,2.220,1.584,4.348,-0.451,4.144
135.47,1.625,2.219,1.590,4.312,-0.451,4.172
135.48,1.387,2.219,1.556,4.106,-0.450,4.162
135.49,1.468,2.219,1.541,4.226,-0.449,4.173
135.50,1.432,2.219,1.522,4.165,-0.449,4.172
135.51,1.450,2.218,1.509,4.314,-0.448,4.197
135.52,1.869,2.218,1.569,4.302,-0.448,4.214
135.53,1.696,2.220,1.592,4.137,-0.448,4.201
135.54,1.432,2.218,1.564,4.087,-0.449,4.182
135.55,1.884,2.219,1.618,4.348,-0.450,4.209
135.56,1.596,2.220,1.615,4.470,-0.449,4.253
135.57,1.454,2.222,1.590,4.138,-0.449,4.234
135.58,1.620,2.222,1.594,4.324,-0.449,4.250
135.59,1.590,2.221,1.592,4.300,-0.449,4.258
135.60,1.750,2.221,1.619,4.413,-0.449,4.284
135.61,1.815,2.220,1.651,4.075,-0.449,4.249
135.62,1.457,2.220,1.618,4.172,-0.448,4.237
135.63,1.720,2.221,1.636,4.444,-0.447,4.273
135.64,1.541,2.221,1.621,4.246,-0.447,4.269
135.65,1.366,2.220,1.576,4.258,-0.447,4.267
135.66,1.780,2.219,1.610,4.125,-0.447,4.243
135.67,1.684,2.220,1.623,4.116,-0.447,4.222
135.68,1.807,2.222,1.655,4.091,-0.449,4.199
135.69,1.590,2.222,1.644,4.226,-0.448,4.203
135.70,1.569,2.221,1.631,4.262,-0.449,4.213
135.71,1.433,2.220,1.597,4.174,-0.449,4.206
135.72,1.536,2.222,1.588,4.206,-0.449,4.207
135.73,1.580,2.221,1.586,3.973,-0.449,4.167
135.74,1.780,2.224,1.621,4.462,-0.448,4.217
135.75,1.583,2.225,1.616,4.496,-0.448,4.264
135.76,1.762,2.226,1.640,4.173,-0.448,4.249
135.77,1.553,2.228,1.627,4.295,-0.448,4.257
135.78,1.641,2.227,1.629,4.205,-0.449,4.248
135.79,1.451,2.228,1.600,4.104,-0.448,4.224
135.80,1.676,2.228,1.613,4.112,-0.448,4.206
135.81,1.565,2.228,1.604,4.069,-0.448,4.182
135.82,1.562,2.226,1.596,4.212,-0.448,4.187
135.83,1.803,2.228,1.632,4.200,-0.449,4.189
135.84,1.641,2.228,1.633,4.397,-0.448,4.225
135.85,1.465,2.229,1.606,4.227,-0.448,4.225
135.86,1.574,2.228,1.600,4.324,-0.446,4.243
135.87,1.774,2.229,1.630,3.977,-0.446,4.199
135.88,1.364,2.232,1.587,4.240,-0.446,4.206
135.89,1.627,2.234,1.595,4.452,-0.447,4.247
135.90,1.743,2.232,1.618,4.466,-0.446,4.285
135.91,1.729,2.233,1.637,4.095,-0.446,4.252
135.92,1.680,2.233,1.644,3.879,-0.446,4.190
135.93,1.850,2.233,1.679,3.992,-0.445,4.158
135.94,1.502,2.233,1.649,4.138,-0.444,4.155
135.95,1.554,2.233,1.633,4.054,-0.445,4.137
135.96,1.514,2.235,1.615,3.981,-0.446,4.111
135.97,1.489,2.237,1.595,4.102,-0.445,4.110
135.98,1.540,2.240,1.588,4.085,-0.446,4.105
136.00,1.770,2.243,1.621,4.522,-0.446,4.175
136.01,1.626,2.243,1.621,4.011,-0.447,4.147
136.02,1.537,2.244,1.608,4.254,-0.448,4.164
136.02,1.518,2.245,1.594,4.243,-0.448,4.177
136.04,1.771,2.247,1.625,4.246,-0.447,4.190
136.05,1.444,2.249,1.596,4.291,-0.448,4.206
136.06,1.482,2.248,1.576,4.087,-0.448,4.186
136.07,1.645,2.246,1.586,4.166,-0.447,4.183
136.08,1.569,2.246,1.583,4.161,-0.445,4.181
136.09,1.631,2.248,1.592,4.120,-0.445,4.171
136.10,1.583,2.247,1.590,4.128,-0.445,4.164
136.11,1.919,2.249,1.646,4.062,-0.445,4.146
136.12,1.405,2.250,1.606,4.441,-0.444,4.196
136.12,1.640,2.250,1.612,4.119,-0.444,4.184
136.14,1.553,2.249,1.602,3.886,-0.444,4.134
136.15,1.684,2.250,1.616,4.444,-0.445,4.186
136.16,1.395,2.250,1.578,4.041,-0.446,4.161
136.17,1.555,2.251,1.575,4.067,-0.446,4.145
136.18,1.434,2.251,1.551,3.859,-0.445,4.097
136.19,1.839,2.251,1.600,4.359,-0.444,4.142
136.20,1.532,2.251,1.588,4.256,-0.446,4.160
136.21,1.682,2.254,1.606,4.137,-0.447,4.155
136.22,1.657,2.254,1.614,4.197,-0.447,4.162
136.23,1.940,2.256,1.671,4.188,-0.447,4.166
136.24,1.379,2.256,1.622,3.883,-0.448,4.118
136.25,1.668,2.255,1.629,4.138,-0.448,4.121
136.26,1.351,2.256,1.582,3.948,-0.448,4.092
136.27,1.743,2.257,1.610,3.870,-0.447,4.056
136.28,1.878,2.259,1.657,4.081,-0.448,4.059
136.29,1.571,2.259,1.643,4.058,-0.446,4.060
136.30,1.703,2.258,1.651,4.227,-0.446,4.088
136.31,1.804,2.256,1.676,4.226,-0.446,4.111
136.32,1.982,2.255,1.726,4.122,-0.447,4.112
136.33,1.809,2.256,1.740,4.370,-0.446,4.156
136.34,1.544,2.257,1.709,4.422,-0.445,4.202
136.35,1.610,2.256,1.691,4.056,-0.445,4.177
136.36,1.767,2.256,1.704,4.173,-0.446,4.175
136.37,1.562,2.257,1.681,4.185,-0.446,4.178
136.38,1.543,2.256,1.657,4.100,-0.445,4.165
136.39,1.704,2.254,1.663,4.189,-0.445,4.169
136.40,1.368,2.255,1.614,4.216,-0.444,4.177
136.41,1.617,2.256,1.615,4.256,-0.445,4.190
136.42,1.597,2.257,1.613,4.161,-0.444,4.186
136.43,1.414,2.257,1.579,4.309,-0.445,4.206
136.44,1.511,2.256,1.566,4.460,-0.444,4.249
136.45,1.714,2.255,1.591,4.289,-0.444,4.257
136.46,1.687,2.256,1.607,4.065,-0.443,4.225
136.47,1.676,2.255,1.618,4.330,-0.444,4.242
136.48,1.571,2.256,1.611,4.352,-0.443,4.261
136.49,1.456,2.257,1.585,4.286,-0.444,4.265
136.50,1.563,2.258,1.582,4.254,-0.445,4.262
136.51,1.456,2.256,1.559,4.234,-0.445,4.258
136.52,1.837,2.257,1.606,4.200,-0.445,4.248
136.53,1.564,2.255,1.598,4.197,-0.445,4.239
136.54,1.864,2.254,1.641,4.047,-0.447,4.206
136.55,1.477,2.255,1.614,4.394,-0.446,4.238
136.56,1.504,2.255,1.596,4.172,-0.445,4.228
136.57,1.616,2.256,1.600,4.171,-0.445,4.218
136.58,1.471,2.257,1.579,4.167,-0.445,4.210
136.59,1.608,2.256,1.583,4.284,-0.444,4.223
136.60,1.533,2.255,1.573,4.400,-0.444,4.253
136.61,1.679,2.257,1.592,4.383,-0.445,4.274
136.62,1.310,2.257,1.545,4.196,-0.446,4.260
136.63,1.474,2.258,1.533,3.827,-0.446,4.188
136.64,1.848,2.257,1.585,4.228,-0.446,4.195
136.65,1.574,2.256,1.583,3.958,-0.446,4.155
136.66,1.320,2.259,1.540,4.128,-0.445,4.151
136.67,1.546,2.259,1.541,3.868,-0.445,4.103
136.68,1.614,2.258,1.552,4.309,-0.445,4.138
136.69,1.680,2.257,1.573,4.156,-0.445,4.141
136.70,1.535,2.256,1.566,4.046,-0.444,4.126
136.71,1.598,2.257,1.571,4.321,-0.443,4.159
136.72,1.614,2.255,1.577,4.144,-0.443,4.157
136.73,1.532,2.255,1.569,4.087,-0.441,4.146
136.74,1.946,2.255,1.632,4.465,-0.441,4.200
136.75,1.702,2.256,1.645,4.459,-0.441,4.243
136.76,1.635,2.256,1.643,4.482,-0.440,4.284
136.77,1.540,2.256,1.626,4.166,-0.440,4.265
136.78,1.371,2.257,1.583,3.721,-0.439,4.174
136.79,1.430,2.259,1.559,4.035,-0.439,4.151
136.80,1.669,2.258,1.577,4.203,-0.440,4.159
136.81,1.741,2.256,1.602,4.328,-0.441,4.186
136.82,1.381,2.258,1.567,4.092,-0.440,4.171
136.83,1.648,2.260,1.581,4.079,-0.440,4.156
136.84,1.579,2.259,1.580,4.316,-0.441,4.182
136.85,1.487,2.259,1.565,4.351,-0.442,4.210
136.86,1.587,2.257,1.567,3.917,-0.443,4.160
136.87,1.370,2.258,1.534,4.147,-0.444,4.156
136.88,1.726,2.258,1.566,4.290,-0.445,4.178
136.89,1.514,2.256,1.555,4.301,-0.445,4.199
136.90,1.401,2.254,1.528,3.948,-0.445,4.157
136.91,1.506,2.254,1.523,3.985,-0.444,4.128
136.92,1.670,2.253,1.547,4.026,-0.445,4.111
136.93,1.386,2.253,1.520,4.355,-0.445,4.151
136.94,1.744,2.252,1.556,4.033,-0.446,4.131
136.95,1.562,2.253,1.558,4.201,-0.445,4.143
136.96,1.468,2.253,1.543,4.201,-0.444,4.154
136.97,1.455,2.254,1.528,4.081,-0.444,4.141
136.98,1.478,2.252,1.519,4.269,-0.446,4.161
136.99,1.501,2.255,1.517,4.129,-0.446,4.156
137.00,1.433,2.256,1.504,4.172,-0.445,4.159
137.01,1.641,2.257,1.527,4.197,-0.446,4.165
137.02,1.374,2.258,1.502,4.067,-0.445,4.149
137.03,1.648,2.257,1.526,4.222,-0.445,4.161
137.04,1.359,2.258,1.498,4.246,-0.445,4.176
137.05,1.713,2.257,1.534,4.247,-0.444,4.188
137.06,1.506,2.257,1.529,4.202,-0.446,4.189
137.07,1.510,2.257,1.525,4.260,-0.446,4.201
137.08,1.442,2.259,1.512,4.048,-0.446,4.175
137.09,1.695,2.258,1.542,4.423,-0.446,4.217
137.10,1.603,2.257,1.551,4.244,-0.448,4.220
137.11,1.664,2.257,1.570,4.204,-0.448,4.218
137.12,1.505,2.259,1.560,4.176,-0.447,4.211
137.13,1.445,2.260,1.542,4.049,-0.446,4.185
137.14,1.456,2.259,1.527,3.959,-0.445,4.148
137.15,1.494,2.260,1.521,4.144,-0.446,4.146
137.16,1.761,2.261,1.562,3.919,-0.446,4.108
137.17,1.729,2.260,1.590,4.436,-0.446,4.164
137.18,1.679,2.260,1.604,4.202,-0.444,4.172
137.19,1.779,2.262,1.635,3.889,-0.445,4.123
137.20,1.730,2.261,1.651,4.494,-0.445,4.185
137.21,1.549,2.262,1.634,4.174,-0.447,4.182
137.22,1.746,2.261,1.652,4.293,-0.447,4.201
137.23,1.611,2.261,1.646,4.226,-0.446,4.206
137.24,1.489,2.260,1.618,4.295,-0.445,4.221
137.25,1.745,2.260,1.639,4.143,-0.444,4.210
137.26,1.561,2.259,1.625,4.540,-0.444,4.265
137.27,1.568,2.258,1.615,4.306,-0.445,4.272
137.28,1.640,2.259,1.620,3.926,-0.445,4.214
137.29,1.455,2.258,1.591,4.203,-0.444,4.212
137.30,1.675,2.258,1.605,4.288,-0.445,4.224
137.31,1.201,2.260,1.538,4.079,-0.444,4.201
137.32,1.323,2.260,1.502,4.086,-0.443,4.183
137.33,1.306,2.260,1.469,3.854,-0.443,4.127
137.34,1.730,2.259,1.512,4.025,-0.442,4.110
137.35,1.695,2.260,1.543,3.964,-0.442,4.086
137.36,1.295,2.263,1.504,4.102,-0.444,4.087
137.37,1.653,2.264,1.529,3.922,-0.444,4.059
137.39,1.574,2.264,1.536,4.360,-0.444,4.109
137.39,1.602,2.263,1.547,4.538,-0.445,4.181
137.41,1.594,2.262,1.553,4.336,-0.445,4.207
137.41,1.420,2.262,1.531,3.853,-0.446,4.146
137.42,1.416,2.264,1.513,4.070,-0.446,4.133
137.43,1.741,2.267,1.553,4.074,-0.447,4.123
137.44,1.445,2.268,1.536,4.160,-0.447,4.129
137.45,1.492,2.268,1.528,3.938,-0.446,4.097
137.47,1.666,2.268,1.551,4.218,-0.448,4.116
137.47,1.403,2.269,1.527,4.676,-0.447,4.210
137.48,1.654,2.271,1.550,4.104,-0.447,4.193
137.49,1.609,2.274,1.561,4.066,-0.445,4.173
137.50,1.839,2.275,1.609,4.167,-0.443,4.174
137.52,1.710,2.276,1.627,4.326,-0.442,4.200
137.53,1.787,2.275,1.653,3.852,-0.443,4.141
137.54,1.374,2.277,1.607,4.142,-0.442,4.141
137.55,1.693,2.275,1.620,4.299,-0.443,4.167
137.56,1.405,2.277,1.586,4.055,-0.443,4.148
137.57,1.629,2.276,1.592,4.286,-0.443,4.171
137.58,1.472,2.276,1.572,4.459,-0.444,4.220
137.59,1.630,2.274,1.580,4.384,-0.445,4.246
137.60,1.529,2.275,1.572,3.957,-0.445,4.198
137.61,1.710,2.276,1.595,4.012,-0.445,4.166
137.62,1.464,2.277,1.574,4.019,-0.445,4.142
137.63,1.571,2.279,1.574,4.121,-0.445,4.138
137.64,1.646,2.280,1.587,4.123,-0.443,4.137
137.65,1.533,2.280,1.578,3.931,-0.443,4.103
137.66,1.658,2.279,1.590,4.324,-0.443,4.139
137.67,1.686,2.280,1.607,3.979,-0.445,4.111
137.68,1.797,2.280,1.639,4.042,-0.445,4.099
137.69,1.421,2.281,1.603,4.247,-0.445,4.124
137.70,1.818,2.281,1.640,4.274,-0.444,4.150
137.71,1.591,2.281,1.631,4.213,-0.445,4.160
137.72,1.595,2.281,1.625,4.287,-0.445,4.181
137.73,1.414,2.279,1.588,4.165,-0.445,4.179
137.74,1.574,2.279,1.585,4.233,-0.445,4.188
137.75,1.698,2.280,1.604,3.972,-0.444,4.153
137.76,1.489,2.282,1.586,3.812,-0.444,4.095
137.77,1.590,2.282,1.587,4.333,-0.443,4.135
137.78,1.603,2.281,1.589,4.405,-0.443,4.181
137.79,1.574,2.281,1.586,4.396,-0.443,4.217
137.80,1.722,2.280,1.608,4.171,-0.443,4.209
137.81,1.764,2.282,1.635,4.014,-0.443,4.177
137.82,1.549,2.283,1.622,4.349,-0.443,4.206
137.83,1.460,2.283,1.594,4.078,-0.443,4.184
137.84,1.771,2.280,1.621,4.207,-0.443,4.188
137.85,1.455,2.279,1.593,4.333,-0.444,4.212
137.86,1.576,2.280,1.590,4.240,-0.443,4.217
137.87,1.574,2.279,1.587,3.815,-0.443,4.149
137.88,1.733,2.280,1.612,3.848,-0.444,4.099
137.89,1.765,2.280,1.638,3.758,-0.446,4.039
137.90,1.692,2.280,1.647,4.149,-0.446,4.058
137.91,1.870,2.282,1.685,4.232,-0.446,4.087
137.92,1.396,2.279,1.635,4.200,-0.445,4.106
137.93,1.537,2.282,1.620,4.101,-0.444,4.106
137.94,1.468,2.284,1.596,4.257,-0.442,4.133
137.95,1.462,2.284,1.573,4.192,-0.442,4.143
137.96,1.696,2.285,1.595,4.144,-0.443,4.143
137.97,1.756,2.286,1.622,4.110,-0.444,4.136
137.98,1.254,2.286,1.560,4.067,-0.445,4.123
137.99,1.640,2.284,1.572,4.095,-0.445,4.119
138.00,1.825,2.286,1.616,4.278,-0.445,4.146
138.01,1.485,2.288,1.595,4.009,-0.442,4.125
138.02,1.449,2.287,1.570,4.124,-0.440,4.126
138.03,1.472,2.286,1.552,4.079,-0.442,4.117
138.04,1.556,2.284,1.551,4.084,-0.442,4.111
138.05,1.696,2.284,1.575,4.160,-0.441,4.120
138.06,1.787,2.286,1.612,4.259,-0.442,4.142
138.07,1.491,2.285,1.591,4.313,-0.443,4.171
138.08,1.671,2.286,1.606,4.086,-0.442,4.157
138.09,1.453,2.286,1.580,4.293,-0.442,4.180
138.10,1.349,2.287,1.541,4.203,-0.441,4.184
138.11,1.521,2.289,1.539,4.402,-0.442,4.220
138.12,1.758,2.288,1.575,4.190,-0.442,4.215
138.13,1.537,2.289,1.570,4.050,-0.442,4.187
138.14,1.542,2.289,1.564,4.316,-0.442,4.209
138.15,1.510,2.289,1.555,4.290,-0.442,4.223
138.16,1.927,2.288,1.617,4.346,-0.442,4.244
138.17,1.862,2.288,1.657,4.246,-0.443,4.243
138.18,1.737,2.288,1.671,4.245,-0.442,4.245
138.19,1.562,2.288,1.652,3.882,-0.442,4.183
138.20,1.425,2.287,1.613,4.338,-0.443,4.209
138.21,1.596,2.287,1.610,4.149,-0.443,4.199
138.22,1.607,2.289,1.611,4.407,-0.442,4.235
138.23,1.587,2.289,1.607,4.100,-0.443,4.212
138.24,1.634,2.290,1.612,4.202,-0.442,4.211
138.25,1.323,2.290,1.564,4.048,-0.443,4.183
138.26,1.826,2.291,1.608,4.255,-0.444,4.194
138.27,1.542,2.290,1.596,4.329,-0.444,4.217
138.28,1.463,2.291,1.574,4.189,-0.445,4.211
138.29,1.677,2.290,1.591,4.424,-0.446,4.246
138.30,1.775,2.290,1.621,4.215,-0.444,4.242
138.31,1.321,2.291,1.571,4.484,-0.444,4.283
138.32,1.454,2.292,1.553,4.384,-0.443,4.301
138.33,1.850,2.292,1.602,4.234,-0.443,4.290
138.34,1.603,2.293,1.603,4.244,-0.443,4.283
138.35,1.413,2.294,1.572,4.077,-0.442,4.249
138.36,1.840,2.295,1.617,4.232,-0.442,4.247
138.37,1.451,2.298,1.592,4.251,-0.442,4.248
138.38,1.727,2.296,1.613,4.294,-0.442,4.255
138.39,1.940,2.296,1.667,4.365,-0.445,4.272
138.40,1.679,2.296,1.670,4.272,-0.445,4.272
138.41,1.774,2.297,1.688,4.119,-0.445,4.246
138.42,1.528,2.297,1.660,4.086,-0.444,4.220
138.43,1.657,2.297,1.660,4.053,-0.445,4.191
138.44,1.678,2.298,1.664,4.335,-0.445,4.215
138.45,1.578,2.299,1.650,4.236,-0.445,4.219
138.46,1.899,2.299,1.692,4.275,-0.445,4.228
138.47,1.456,2.298,1.652,4.201,-0.446,4.223
138.48,1.504,2.297,1.626,4.054,-0.447,4.194
138.49,1.613,2.298,1.625,4.247,-0.448,4.202
138.50,1.718,2.298,1.640,4.273,-0.447,4.215
138.51,1.641,2.299,1.641,4.122,-0.447,4.199
138.52,1.369,2.302,1.598,4.037,-0.447,4.172
138.53,1.857,2.303,1.642,4.125,-0.446,4.165
138.54,1.514,2.303,1.620,3.981,-0.445,4.134
138.55,1.592,2.305,1.617,4.398,-0.445,4.179
138.56,1.548,2.304,1.604,4.217,-0.443,4.187
138.57,1.723,2.305,1.625,4.234,-0.443,4.195
138.58,1.457,2.307,1.598,3.986,-0.443,4.160
138.59,1.690,2.306,1.613,3.829,-0.442,4.105
138.60,1.297,2.305,1.559,4.093,-0.444,4.102
138.61,1.678,2.305,1.578,4.162,-0.443,4.112
138.62,1.761,2.304,1.608,4.375,-0.444,4.156
138.63,1.443,2.304,1.580,4.001,-0.444,4.130
138.64,1.505,2.306,1.569,4.163,-0.443,4.136
138.65,1.377,2.308,1.538,4.296,-0.443,4.163
138.66,1.427,2.307,1.519,4.112,-0.444,4.153
138.67,1.601,2.307,1.532,4.339,-0.445,4.184
138.68,1.634,2.306,1.548,4.139,-0.445,4.176
138.69,1.494,2.308,1.540,4.086,-0.446,4.161
138.70,1.484,2.310,1.533,4.374,-0.446,4.196
138.71,1.855,2.310,1.587,4.109,-0.445,4.182
138.72,1.524,2.308,1.574,4.384,-0.444,4.218
138.73,1.799,2.309,1.613,4.558,-0.443,4.276
138.74,1.573,2.313,1.609,4.257,-0.442,4.273
138.75,1.727,2.313,1.629,4.051,-0.443,4.235
138.76,1.534,2.313,1.613,4.227,-0.444,4.234
138.77,1.518,2.313,1.597,4.402,-0.442,4.263
138.78,1.676,2.311,1.608,4.156,-0.443,4.245
138.79,1.434,2.310,1.577,4.354,-0.442,4.264
138.80,1.595,2.310,1.581,4.121,-0.442,4.240
138.81,1.472,2.311,1.563,4.303,-0.441,4.251
138.82,1.583,2.311,1.566,3.785,-0.441,4.174
138.84,1.785,2.312,1.603,4.349,-0.440,4.204
138.84,1.545,2.314,1.595,4.215,-0.440,4.205
138.85,1.604,2.315,1.597,4.337,-0.439,4.229
138.87,1.595,2.315,1.597,3.863,-0.440,4.167
138.88,1.531,2.315,1.585,4.108,-0.440,4.157
138.88,1.666,2.315,1.599,4.512,-0.440,4.216
138.89,1.532,2.315,1.587,4.138,-0.442,4.202
138.90,1.902,2.315,1.640,4.369,-0.441,4.231
138.92,1.467,2.313,1.609,4.136,-0.440,4.215
138.93,1.507,2.313,1.592,4.062,-0.439,4.190
138.93,1.817,2.313,1.630,4.249,-0.439,4.200
138.94,1.435,2.313,1.597,3.906,-0.440,4.150
138.96,1.604,2.312,1.597,4.153,-0.439,4.151
138.97,1.632,2.311,1.602,4.231,-0.439,4.165
138.97,1.467,2.310,1.578,4.013,-0.440,4.138
138.98,1.607,2.312,1.585,4.246,-0.441,4.156
139.00,1.535,2.311,1.575,4.285,-0.440,4.178
139.00,1.471,2.312,1.558,4.301,-0.440,4.199
139.01,1.535,2.312,1.554,4.068,-0.440,4.176
139.02,1.579,2.311,1.558,4.311,-0.439,4.200
139.04,1.408,2.311,1.532,3.929,-0.438,4.155
139.04,1.572,2.313,1.540,4.035,-0.438,4.136
139.06,1.601,2.311,1.548,4.194,-0.437,4.146
139.07,1.620,2.310,1.560,4.249,-0.437,4.163
139.08,1.566,2.311,1.561,3.877,-0.436,4.115
139.09,1.610,2.311,1.569,4.114,-0.439,4.113
139.10,1.665,2.311,1.585,4.047,-0.439,4.101
139.11,1.704,2.311,1.605,4.096,-0.441,4.099
139.12,1.650,2.311,1.612,4.329,-0.440,4.139
139.13,1.754,2.313,1.638,4.215,-0.440,4.151
139.14,1.584,2.315,1.630,4.007,-0.440,4.127
139.15,1.849,2.317,1.668,4.212,-0.440,4.141
139.16,1.591,2.315,1.654,3.917,-0.442,4.102
139.17,1.975,2.314,1.707,3.955,-0.444,4.076
139.18,1.678,2.312,1.700,3.849,-0.443,4.038
139.19,1.428,2.311,1.654,4.316,-0.442,4.085
139.20,1.602,2.312,1.645,4.319,-0.442,4.125
139.21,1.419,2.312,1.607,4.374,-0.442,4.166
139.22,1.621,2.312,1.610,4.190,-0.442,4.171
139.23,1.636,2.313,1.615,4.227,-0.442,4.180
139.24,1.585,2.312,1.609,4.114,-0.442,4.169
139.25,1.507,2.311,1.591,4.111,-0.441,4.160
139.26,1.692,2.310,1.607,4.305,-0.441,4.185
139.27,1.356,2.310,1.564,3.947,-0.442,4.143
139.28,1.536,2.310,1.559,4.173,-0.443,4.148
139.29,1.497,2.309,1.548,4.345,-0.443,4.181
139.30,1.686,2.308,1.570,3.939,-0.444,4.140
139.31,1.512,2.308,1.560,4.160,-0.445,4.142
139.32,1.829,2.308,1.605,4.191,-0.447,4.149
139.33,1.476,2.308,1.583,3.748,-0.446,4.082
139.34,1.366,2.308,1.546,4.342,-0.446,4.126
139.35,1.529,2.308,1.543,4.115,-0.445,4.124
139.36,1.572,2.310,1.550,4.062,-0.445,4.114
139.37,1.472,2.311,1.537,4.077,-0.444,4.108
139.38,1.250,2.310,1.489,4.322,-0.444,4.144
139.39,1.131,2.310,1.428,4.126,-0.444,4.141
139.40,1.480,2.311,1.437,4.176,-0.444,4.146
139.41,1.465,2.309,1.439,3.889,-0.444,4.103
139.42,1.828,2.309,1.505,4.349,-0.444,4.145
139.43,1.690,2.311,1.537,4.399,-0.445,4.187
139.44,1.511,2.311,1.532,4.356,-0.444,4.216
139.45,1.663,2.310,1.554,3.992,-0.442,4.180
139.46,1.808,2.311,1.596,4.394,-0.443,4.215
139.47,1.724,2.311,1.618,4.176,-0.443,4.209
139.48,1.670,2.311,1.626,4.303,-0.443,4.225
139.49,1.943,2.312,1.681,4.084,-0.445,4.200
139.50,1.753,2.316,1.696,4.163,-0.443,4.195
139.51,1.690,2.318,1.696,4.047,-0.445,4.169
139.52,1.487,2.317,1.661,4.226,-0.444,4.179
139.53,1.434,2.318,1.623,4.309,-0.443,4.202
139.54,1.380,2.317,1.582,4.340,-0.444,4.224
139.55,1.656,2.317,1.593,3.975,-0.443,4.183
139.56,1.714,2.317,1.614,4.079,-0.444,4.165
139.57,1.558,2.319,1.605,4.075,-0.443,4.150
139.58,1.660,2.321,1.616,4.049,-0.444,4.132
139.59,1.412,2.318,1.580,4.000,-0.443,4.110
139.60,1.635,2.319,1.589,4.047,-0.444,4.099
139.61,1.562,2.320,1.585,4.242,-0.445,4.122
139.62,1.455,2.320,1.563,4.031,-0.445,4.107
139.63,1.075,2.320,1.481,4.190,-0.445,4.121
139.64,1.533,2.321,1.490,4.159,-0.444,4.128
139.65,1.644,2.320,1.514,4.212,-0.446,4.141
139.66,1.795,2.322,1.564,4.145,-0.446,4.141
139.67,1.554,2.321,1.561,4.056,-0.445,4.127
139.68,1.703,2.321,1.585,3.887,-0.445,4.087
139.69,1.743,2.322,1.612,4.079,-0.447,4.084
139.70,1.744,2.324,1.635,4.141,-0.446,4.095
139.71,1.651,2.325,1.639,4.136,-0.446,4.101
139.72,1.713,2.326,1.652,3.974,-0.448,4.078
139.73,1.433,2.327,1.616,3.966,-0.448,4.059
139.74,1.690,2.329,1.630,4.385,-0.447,4.115
139.75,1.626,2.331,1.631,4.137,-0.448,4.118
139.76,1.436,2.330,1.597,4.182,-0.448,4.129
139.77,1.430,2.330,1.569,4.398,-0.448,4.174
139.78,1.685,2.328,1.586,4.024,-0.448,4.149
139.79,1.596,2.329,1.589,4.075,-0.447,4.137
139.80,1.467,2.330,1.568,4.398,-0.446,4.182
139.81,1.735,2.330,1.597,4.046,-0.447,4.158
139.82,2.000,2.330,1.664,4.148,-0.447,4.157
139.83,1.541,2.330,1.643,4.109,-0.447,4.149
139.84,1.595,2.329,1.634,3.986,-0.446,4.122
139.85,1.705,2.329,1.646,4.252,-0.445,4.144
139.86,1.883,2.329,1.686,4.119,-0.444,4.141
139.87,1.518,2.330,1.658,4.358,-0.445,4.177
139.88,1.662,2.330,1.659,4.222,-0.445,4.184
139.89,1.505,2.334,1.636,4.092,-0.446,4.168
139.90,1.617,2.336,1.635,4.243,-0.446,4.181
139.91,1.686,2.336,1.643,4.182,-0.446,4.181
139.92,1.357,2.334,1.593,4.179,-0.444,4.182
139.93,1.336,2.333,1.549,4.416,-0.445,4.221
139.94,1.377,2.333,1.520,3.971,-0.446,4.178
139.95,1.563,2.333,1.527,4.104,-0.446,4.166
139.96,1.350,2.337,1.500,4.266,-0.445,4.183
139.97,1.722,2.339,1.538,4.284,-0.446,4.199
139.98,1.595,2.338,1.547,3.987,-0.446,4.163
139.99,1.613,2.337,1.557,4.406,-0.447,4.204
140.00,1.760,2.339,1.593,3.784,-0.447,4.133
140.01,1.619,2.340,1.597,4.188,-0.448,4.142
140.02,1.552,2.341,1.590,3.867,-0.450,4.094
140.03,1.468,2.342,1.571,4.113,-0.451,4.096
140.04,1.559,2.344,1.570,3.983,-0.451,4.077
140.05,1.745,2.342,1.598,4.263,-0.452,4.108
140.06,1.473,2.342,1.576,4.153,-0.452,4.115
140.07,1.467,2.343,1.559,4.374,-0.452,4.158
140.08,1.668,2.344,1.578,4.031,-0.452,4.136
140.09,1.347,2.345,1.540,4.496,-0.451,4.198
140.10,1.351,2.344,1.507,3.943,-0.451,4.155
140.11,1.568,2.345,1.517,4.334,-0.450,4.186
140.12,1.290,2.346,1.479,4.336,-0.451,4.211
140.13,1.513,2.347,1.486,4.279,-0.451,4.222
140.14,1.635,2.348,1.511,4.179,-0.450,4.215
140.15,1.525,2.349,1.514,4.157,-0.452,4.205
140.16,1.493,2.348,1.509,4.098,-0.450,4.188
140.17,1.524,2.348,1.512,4.249,-0.448,4.200
140.18,1.355,2.349,1.485,4.231,-0.449,4.205
140.19,1.451,2.348,1.479,4.128,-0.450,4.191
140.20,1.597,2.349,1.498,4.327,-0.451,4.213
140.21,1.673,2.348,1.527,4.272,-0.451,4.223
140.22,1.678,2.349,1.553,4.128,-0.450,4.208
140.23,1.535,2.349,1.550,4.314,-0.452,4.224
140.24,1.499,2.348,1.540,4.007,-0.452,4.188
140.25,1.845,2.349,1.593,4.050,-0.453,4.164
140.27,1.840,2.349,1.634,4.243,-0.454,4.176
140.27,1.436,2.349,1.600,3.863,-0.453,4.124
140.28,1.390,2.347,1.564,3.873,-0.453,4.081
140.29,1.871,2.349,1.616,4.376,-0.453,4.131
140.30,1.504,2.349,1.598,4.029,-0.452,4.114
140.31,1.529,2.348,1.585,4.222,-0.453,4.132
140.32,1.752,2.349,1.613,4.428,-0.451,4.183
140.34,1.596,2.349,1.611,4.437,-0.452,4.225
140.34,1.488,2.350,1.590,4.392,-0.452,4.254
140.35,1.868,2.350,1.638,4.153,-0.451,4.237
140.37,1.535,2.348,1.618,4.504,-0.451,4.282
140.38,1.479,2.348,1.595,4.036,-0.448,4.243
140.38,1.450,2.349,1.571,4.278,-0.450,4.248
140.40,1.503,2.349,1.559,3.975,-0.450,4.202
140.41,1.776,2.351,1.597,4.185,-0.450,4.199
140.42,1.818,2.352,1.635,4.200,-0.451,4.199
140.43,1.645,2.352,1.637,4.033,-0.450,4.171
140.43,1.760,2.350,1.656,4.120,-0.450,4.163
140.45,1.530,2.350,1.635,3.891,-0.449,4.118
140.46,1.494,2.352,1.612,4.218,-0.449,4.135
140.47,1.620,2.350,1.612,4.060,-0.448,4.123
140.47,1.441,2.350,1.583,4.044,-0.446,4.111
140.49,1.568,2.348,1.579,3.966,-0.447,4.086
140.50,1.385,2.348,1.546,4.119,-0.447,4.091
140.51,1.614,2.348,1.557,4.190,-0.446,4.108
140.51,1.473,2.348,1.542,4.257,-0.447,4.133
140.53,1.431,2.347,1.523,4.202,-0.447,4.144
140.54,1.540,2.347,1.526,4.177,-0.447,4.150
140.55,1.636,2.347,1.544,4.306,-0.448,4.176
140.55,1.837,2.348,1.593,3.943,-0.448,4.136
140.57,1.518,2.345,1.579,4.284,-0.451,4.159
140.58,1.506,2.345,1.566,4.024,-0.450,4.137
140.59,1.511,2.344,1.555,4.023,-0.448,4.119
140.60,1.522,2.347,1.552,4.036,-0.449,4.104
140.61,1.633,2.348,1.567,3.954,-0.448,4.079
140.62,1.655,2.348,1.581,4.233,-0.448,4.105
140.63,1.476,2.350,1.565,3.937,-0.446,4.078
140.64,1.679,2.352,1.585,4.094,-0.446,4.081
140.65,1.656,2.351,1.596,4.145,-0.448,4.090
140.66,1.723,2.349,1.616,4.223,-0.447,4.113
140.67,1.683,2.350,1.628,4.155,-0.447,4.120
140.68,1.645,2.352,1.632,4.190,-0.447,4.131
140.69,1.932,2.355,1.685,4.151,-0.447,4.135
140.70,1.590,2.354,1.668,3.866,-0.446,4.091
140.71,1.721,2.352,1.676,4.126,-0.447,4.096
140.72,1.543,2.351,1.653,4.077,-0.447,4.092
140.73,1.614,2.350,1.645,4.249,-0.447,4.119
140.74,1.427,2.350,1.608,4.406,-0.447,4.167
140.75,1.565,2.351,1.602,4.110,-0.447,4.157
140.76,2.031,2.353,1.675,4.246,-0.448,4.171
140.77,1.732,2.354,1.686,3.886,-0.449,4.122
140.78,1.359,2.352,1.629,4.198,-0.449,4.135
140.79,1.568,2.352,1.618,4.032,-0.450,4.117
140.80,1.386,2.354,1.580,4.105,-0.449,4.115
140.81,1.840,2.353,1.623,4.362,-0.449,4.156
140.82,1.433,2.354,1.592,4.234,-0.448,4.171
140.83,1.656,2.356,1.604,4.015,-0.449,4.144
140.84,1.599,2.357,1.604,4.031,-0.450,4.124
140.85,1.292,2.355,1.550,4.029,-0.450,4.108
140.86,1.548,2.354,1.549,4.039,-0.449,4.097
140.87,1.487,2.354,1.538,4.375,-0.449,4.143
140.88,1.438,2.356,1.522,4.131,-0.449,4.141
140.89,1.410,2.356,1.503,4.227,-0.449,4.156
140.90,1.514,2.355,1.504,4.390,-0.450,4.194
140.91,1.616,2.353,1.521,4.095,-0.450,4.178
140.92,1.768,2.354,1.563,4.334,-0.449,4.204
140.93,1.556,2.354,1.562,4.435,-0.449,4.243
140.94,1.580,2.353,1.564,4.258,-0.450,4.245
140.95,1.676,2.353,1.582,4.232,-0.449,4.244
140.96,1.485,2.354,1.566,4.162,-0.450,4.230
140.97,1.603,2.353,1.572,4.042,-0.450,4.198
140.98,1.664,2.354,1.588,4.154,-0.449,4.191
140.99,1.851,2.355,1.632,4.271,-0.450,4.204
141.00,1.746,2.354,1.651,4.580,-0.450,4.268
141.01,1.584,2.353,1.639,4.610,-0.451,4.324
141.02,1.429,2.353,1.603,4.390,-0.450,4.336
141.03,1.406,2.353,1.570,4.087,-0.449,4.296
141.04,1.823,2.353,1.612,3.787,-0.448,4.211
141.05,1.635,2.355,1.618,3.765,-0.450,4.134
141.06,1.486,2.357,1.597,4.014,-0.450,4.114
141.07,1.752,2.357,1.623,4.006,-0.449,4.097
141.08,1.818,2.358,1.656,4.166,-0.449,4.108
141.09,1.482,2.358,1.627,4.098,-0.449,4.107
141.10,1.508,2.360,1.608,4.446,-0.448,4.164
141.11,1.517,2.361,1.593,4.150,-0.449,4.161
141.12,1.834,2.361,1.634,4.313,-0.448,4.187
141.13,1.488,2.363,1.611,4.297,-0.449,4.205
141.14,1.642,2.364,1.617,4.173,-0.447,4.202
141.15,1.551,2.365,1.606,3.964,-0.446,4.162
141.16,1.622,2.366,1.609,4.330,-0.445,4.192
141.17,1.814,2.366,1.644,3.987,-0.444,4.158
141.18,1.210,2.365,1.571,4.035,-0.443,4.138
141.19,1.665,2.369,1.589,4.546,-0.442,4.207
141.20,1.466,2.371,1.570,4.134,-0.442,4.195
141.21,1.500,2.373,1.560,4.167,-0.443,4.189
141.22,1.515,2.375,1.554,4.190,-0.444,4.189
141.23,1.793,2.373,1.592,4.260,-0.444,4.201
141.24,1.590,2.374,1.592,4.058,-0.444,4.177
141.25,1.526,2.375,1.582,4.058,-0.443,4.157
141.26,1.617,2.378,1.590,4.074,-0.443,4.144
141.27,1.703,2.378,1.608,4.079,-0.443,4.133
141.28,1.410,2.379,1.575,4.096,-0.442,4.127
141.29,1.708,2.378,1.597,4.224,-0.444,4.142
141.30,1.589,2.377,1.595,4.354,-0.444,4.178
141.31,1.397,2.378,1.562,4.116,-0.444,4.168
141.32,1.656,2.381,1.580,3.926,-0.443,4.127
141.33,1.431,2.380,1.554,4.357,-0.443,4.166
141.34,1.622,2.381,1.566,4.231,-0.444,4.176
141.35,1.611,2.383,1.575,4.183,-0.443,4.178
141.36,1.615,2.384,1.582,4.370,-0.442,4.211
141.37,1.494,2.384,1.567,4.569,-0.442,4.272
141.38,1.713,2.385,1.592,3.825,-0.441,4.198
141.39,1.617,2.386,1.597,4.243,-0.440,4.206
141.40,1.668,2.387,1.610,4.163,-0.440,4.198
141.41,1.550,2.389,1.601,4.212,-0.441,4.200
141.42,1.545,2.389,1.592,4.106,-0.441,4.185
141.43,1.218,2.391,1.530,3.909,-0.440,4.139
141.44,1.524,2.391,1.528,4.065,-0.441,4.126
141.45,1.587,2.391,1.538,4.145,-0.441,4.128
141.46,1.662,2.391,1.559,4.040,-0.442,4.113
141.47,1.737,2.391,1.589,4.199,-0.442,4.127
141.48,1.615,2.390,1.592,4.469,-0.442,4.184
141.49,1.575,2.391,1.589,4.093,-0.442,4.169
141.50,1.625,2.390,1.595,4.219,-0.444,4.176
141.51,1.510,2.389,1.580,4.120,-0.442,4.168
141.52,1.459,2.390,1.559,4.334,-0.442,4.196
141.53,1.354,2.391,1.525,4.219,-0.442,4.200
141.54,1.858,2.392,1.582,4.194,-0.443,4.198
141.55,1.523,2.391,1.571,4.314,-0.442,4.218
141.56,1.621,2.390,1.579,3.890,-0.442,4.163
141.57,1.569,2.391,1.577,4.162,-0.444,4.161
141.58,1.305,2.393,1.533,4.215,-0.444,4.170
141.59,1.571,2.394,1.540,4.207,-0.445,4.176
141.60,1.501,2.396,1.535,4.012,-0.445,4.149
141.61,1.591,2.396,1.544,3.962,-0.446,4.116
141.62,1.792,2.396,1.586,4.189,-0.445,4.130
141.63,1.780,2.395,1.618,4.135,-0.444,4.131
141.64,1.655,2.395,1.624,4.141,-0.443,4.133
141.65,1.893,2.393,1.668,4.361,-0.443,4.171
141.66,1.512,2.392,1.641,4.345,-0.444,4.200
141.67,1.665,2.392,1.644,4.232,-0.445,4.205
141.68,1.612,2.392,1.639,4.223,-0.444,4.209
141.69,1.443,2.393,1.607,3.992,-0.446,4.171
141.70,1.643,2.392,1.611,4.151,-0.446,4.168
141.71,1.683,2.392,1.624,4.248,-0.445,4.182
141.72,1.697,2.394,1.637,4.429,-0.447,4.222
141.73,1.672,2.393,1.642,3.978,-0.448,4.180
141.74,1.508,2.394,1.621,4.099,-0.448,4.166
141.75,1.373,2.395,1.579,4.459,-0.448,4.215
141.76,1.716,2.395,1.602,4.243,-0.449,4.219
141.77,1.728,2.396,1.624,4.246,-0.449,4.224
141.78,1.399,2.395,1.585,4.003,-0.449,4.187
141.79,1.661,2.395,1.598,4.012,-0.450,4.156
141.81,1.597,2.397,1.599,4.268,-0.449,4.176
141.82,1.458,2.396,1.575,4.314,-0.450,4.199
141.83,1.444,2.396,1.552,4.350,-0.451,4.223
141.84,1.658,2.396,1.569,4.154,-0.452,4.211
141.84,1.600,2.394,1.573,4.346,-0.451,4.235
141.86,1.481,2.395,1.558,4.336,-0.452,4.251
141.87,1.654,2.395,1.574,3.944,-0.452,4.200
141.88,1.665,2.393,1.587,3.711,-0.451,4.118
141.88,1.898,2.395,1.641,4.431,-0.451,4.171
141.90,1.684,2.394,1.647,4.385,-0.451,4.207
141.91,1.641,2.393,1.646,4.004,-0.451,4.173
141.92,1.785,2.394,1.669,4.264,-0.450,4.189
141.92,1.532,2.395,1.647,4.071,-0.450,4.169
141.94,1.536,2.396,1.629,4.022,-0.450,4.144
141.95,1.603,2.399,1.627,4.334,-0.450,4.176
141.96,1.274,2.397,1.566,4.268,-0.448,4.193
141.97,1.569,2.397,1.566,4.128,-0.448,4.183
141.98,1.535,2.396,1.560,4.290,-0.447,4.201
141.99,1.493,2.395,1.548,4.114,-0.448,4.186
142.00,1.573,2.395,1.552,4.256,-0.450,4.196
142.01,1.582,2.394,1.556,3.831,-0.450,4.135
142.02,1.526,2.395,1.551,4.415,-0.450,4.182
142.03,1.680,2.396,1.573,4.324,-0.449,4.207
142.04,1.609,2.396,1.579,4.409,-0.449,4.241
142.05,1.651,2.393,1.589,4.424,-0.449,4.272
142.06,1.536,2.394,1.580,4.377,-0.450,4.288
142.07,1.656,2.395,1.594,4.293,-0.452,4.288
142.08,1.606,2.395,1.595,4.268,-0.452,4.285
142.09,1.557,2.392,1.587,4.004,-0.452,4.238
142.10,1.668,2.393,1.601,4.154,-0.454,4.222
142.11,1.427,2.392,1.570,4.154,-0.454,4.211
142.12,1.396,2.391,1.541,4.344,-0.454,4.233
142.13,1.866,2.395,1.598,4.389,-0.454,4.259
142.14,1.650,2.396,1.607,4.276,-0.453,4.263
142.15,1.331,2.396,1.560,4.269,-0.454,4.263
142.16,1.387,2.395,1.530,4.139,-0.454,4.243
142.17,1.412,2.396,1.511,3.926,-0.454,4.190
142.18,1.724,2.397,1.547,4.275,-0.453,4.204
142.19,1.460,2.397,1.532,4.154,-0.453,4.196
142.20,1.675,2.397,1.556,4.365,-0.454,4.224
142.21,1.533,2.398,1.552,3.882,-0.453,4.167
142.22,1.347,2.398,1.518,4.304,-0.454,4.189
142.23,1.501,2.397,1.514,4.316,-0.453,4.212
142.24,1.638,2.398,1.535,3.991,-0.453,4.175
142.25,1.509,2.397,1.530,4.352,-0.454,4.203
142.26,1.572,2.399,1.539,4.212,-0.456,4.203
142.27,1.593,2.399,1.547,4.164,-0.458,4.195
142.28,1.501,2.397,1.538,3.914,-0.458,4.148
142.29,1.583,2.400,1.547,4.283,-0.457,4.171
142.30,1.570,2.400,1.551,3.922,-0.458,4.129
142.31,1.633,2.401,1.566,3.984,-0.459,4.104
142.32,1.678,2.401,1.585,4.380,-0.458,4.151
142.33,1.326,2.400,1.540,4.251,-0.458,4.168
142.34,1.579,2.402,1.548,4.340,-0.458,4.197
142.35,1.747,2.401,1.580,4.273,-0.456,4.211
142.36,1.777,2.401,1.613,3.978,-0.456,4.172
142.37,1.639,2.402,1.618,4.149,-0.456,4.168
142.38,1.418,2.404,1.586,4.470,-0.456,4.219
142.39,1.767,2.405,1.617,4.153,-0.457,4.207
142.40,1.562,2.405,1.608,4.279,-0.456,4.220
142.41,1.459,2.406,1.584,4.478,-0.456,4.263
142.42,1.667,2.406,1.597,3.943,-0.456,4.210
142.43,1.513,2.407,1.584,4.197,-0.455,4.209
142.44,1.374,2.409,1.550,4.203,-0.454,4.208
142.45,1.532,2.410,1.548,4.062,-0.454,4.184
142.46,1.764,2.414,1.587,4.048,-0.453,4.162
142.47,1.544,2.411,1.577,4.247,-0.453,4.176
142.48,1.344,2.409,1.536,4.268,-0.453,4.192
142.49,1.680,2.409,1.560,4.168,-0.453,4.188
142.50,1.670,2.410,1.579,4.026,-0.453,4.160
142.51,1.565,2.408,1.575,4.092,-0.452,4.150
142.52,1.656,2.411,1.590,4.292,-0.452,4.174
142.53,1.834,2.408,1.629,4.177,-0.452,4.174
142.54,1.520,2.409,1.611,4.296,-0.452,4.195
142.55,1.744,2.409,1.633,4.266,-0.450,4.208
142.56,1.743,2.410,1.652,4.139,-0.451,4.196
142.57,1.600,2.411,1.644,4.058,-0.453,4.172
142.58,1.592,2.414,1.638,4.272,-0.453,4.188
142.59,1.359,2.413,1.590,4.040,-0.451,4.165
142.60,1.478,2.411,1.570,4.220,-0.451,4.174
142.61,1.663,2.412,1.585,4.042,-0.452,4.151
142.62,1.661,2.411,1.597,3.784,-0.452,4.090
142.63,1.588,2.413,1.597,4.004,-0.451,4.075
142.64,1.739,2.414,1.621,4.313,-0.451,4.116
142.65,0.987,2.416,1.515,4.407,-0.451,4.165
142.66,1.467,2.416,1.506,3.939,-0.452,4.126
142.67,1.562,2.416,1.515,4.025,-0.452,4.108
142.68,1.405,2.415,1.496,4.090,-0.454,4.104
142.69,1.529,2.414,1.500,4.239,-0.455,4.125
142.70,1.561,2.415,1.511,4.318,-0.457,4.157
142.71,1.513,2.417,1.513,4.147,-0.458,4.154
142.72,1.788,2.416,1.558,4.396,-0.457,4.195
142.73,1.564,2.416,1.558,4.117,-0.457,4.182
142.74,1.661,2.417,1.576,4.246,-0.458,4.192
142.75,1.743,2.419,1.606,4.287,-0.460,4.207
142.76,1.725,2.417,1.624,4.288,-0.460,4.220
142.77,1.643,2.418,1.628,4.355,-0.460,4.243
142.78,1.820,2.418,1.660,4.070,-0.460,4.214
142.79,1.598,2.417,1.649,3.979,-0.458,4.176
142.80,1.822,2.417,1.677,4.334,-0.459,4.202
142.81,1.497,2.417,1.647,4.120,-0.460,4.187
142.82,1.538,2.419,1.630,4.272,-0.462,4.200
142.83,1.883,2.417,1.671,4.066,-0.463,4.177
142.84,1.557,2.416,1.651,4.088,-0.463,4.162
142.85,1.602,2.417,1.644,4.064,-0.463,4.145
142.86,1.320,2.418,1.590,4.548,-0.465,4.212
142.87,1.455,2.418,1.566,4.451,-0.465,4.252
142.88,1.625,2.418,1.576,4.011,-0.465,4.211
142.89,1.595,2.415,1.577,4.247,-0.466,4.217
142.90,1.685,2.416,1.596,4.228,-0.467,4.218
142.91,1.597,2.416,1.595,4.125,-0.466,4.204
142.92,1.543,2.416,1.586,4.099,-0.465,4.186
142.93,1.529,2.415,1.576,4.189,-0.464,4.188
142.94,1.731,2.416,1.603,4.185,-0.463,4.188
142.95,1.649,2.413,1.608,4.252,-0.464,4.199
142.96,1.521,2.414,1.594,4.048,-0.464,4.173
142.97,1.581,2.415,1.592,4.036,-0.465,4.150
142.98,1.527,2.416,1.582,4.385,-0.466,4.188
142.99,1.664,2.418,1.597,4.337,-0.468,4.211
143.00,1.591,2.418,1.596,4.170,-0.467,4.206
143.01,1.436,2.420,1.571,4.301,-0.466,4.222
143.02,1.602,2.421,1.576,4.028,-0.465,4.190
143.03,1.685,2.423,1.596,3.866,-0.465,4.136
143.04,1.580,2.423,1.593,4.215,-0.465,4.149
143.05,1.779,2.422,1.624,4.083,-0.465,4.138
143.06,1.416,2.422,1.588,4.260,-0.465,4.158
143.07,1.679,2.421,1.603,4.120,-0.465,4.152
143.08,1.782,2.422,1.633,4.199,-0.465,4.160
143.09,1.757,2.424,1.656,4.221,-0.464,4.171
143.10,1.564,2.424,1.640,4.081,-0.463,4.157
143.11,1.494,2.424,1.616,4.297,-0.462,4.181
143.12,1.775,2.421,1.640,4.146,-0.462,4.175
143.13,1.563,2.421,1.627,4.441,-0.462,4.220
143.14,1.684,2.421,1.636,3.983,-0.464,4.179
143.15,1.369,2.422,1.592,4.244,-0.465,4.189
143.16,1.632,2.425,1.601,3.898,-0.466,4.139
143.17,1.712,2.426,1.620,3.872,-0.466,4.093
143.18,1.412,2.428,1.587,4.151,-0.465,4.103
143.19,1.565,2.426,1.581,3.999,-0.466,4.085
143.21,1.841,2.425,1.624,4.212,-0.465,4.107
143.21,1.468,2.425,1.598,4.232,-0.465,4.128
143.22,1.330,2.427,1.554,4.085,-0.465,4.121
143.23,1.588,2.427,1.560,4.078,-0.463,4.115
143.25,1.507,2.427,1.550,4.097,-0.464,4.111
143.25,1.665,2.428,1.570,4.360,-0.465,4.152
143.26,1.599,2.428,1.575,4.215,-0.465,4.162
143.27,1.263,2.428,1.522,4.146,-0.466,4.159
143.28,1.519,2.430,1.523,4.312,-0.467,4.184
143.29,1.727,2.432,1.559,4.126,-0.467,4.175
143.30,1.675,2.432,1.578,3.784,-0.467,4.109
143.31,1.657,2.433,1.592,4.427,-0.468,4.161
143.32,1.345,2.434,1.551,4.020,-0.468,4.137
143.33,1.534,2.434,1.548,4.042,-0.468,4.121
143.35,1.465,2.436,1.535,4.041,-0.469,4.107
143.35,1.585,2.437,1.544,4.109,-0.469,4.107
143.37,1.658,2.438,1.564,4.272,-0.470,4.134
143.38,1.368,2.439,1.531,4.240,-0.469,4.153
143.39,1.476,2.439,1.522,3.971,-0.467,4.124
143.40,1.317,2.441,1.489,4.364,-0.467,4.164
143.41,1.835,2.440,1.546,4.398,-0.467,4.203
143.42,1.499,2.439,1.536,4.583,-0.467,4.267
143.43,1.509,2.440,1.533,4.201,-0.468,4.255
143.44,1.642,2.441,1.552,3.921,-0.469,4.199
143.45,1.475,2.442,1.540,4.229,-0.469,4.204
143.46,1.890,2.440,1.596,4.127,-0.470,4.190
143.47,1.457,2.440,1.573,4.308,-0.468,4.212
143.48,1.667,2.439,1.587,4.101,-0.468,4.193
143.49,1.517,2.437,1.574,4.280,-0.468,4.208
143.50,1.495,2.437,1.560,3.972,-0.470,4.167
143.51,1.445,2.440,1.543,4.273,-0.471,4.184
143.52,1.476,2.442,1.533,4.223,-0.472,4.190
143.53,1.634,2.442,1.550,4.419,-0.472,4.228
143.54,1.650,2.442,1.567,3.976,-0.473,4.185
143.55,1.862,2.443,1.617,4.101,-0.471,4.172
143.56,1.292,2.444,1.563,4.148,-0.471,4.168
143.57,1.611,2.443,1.570,4.083,-0.471,4.154
143.58,1.491,2.443,1.556,3.916,-0.471,4.114
143.59,1.621,2.441,1.565,4.443,-0.472,4.169
143.60,1.374,2.441,1.532,3.857,-0.470,4.117
143.61,1.554,2.441,1.536,4.113,-0.471,4.116
143.62,1.465,2.442,1.525,4.253,-0.471,4.139
143.63,1.619,2.442,1.540,4.422,-0.471,4.186
143.64,1.604,2.443,1.551,3.947,-0.471,4.147
143.65,1.455,2.444,1.536,4.259,-0.469,4.167
143.66,1.529,2.446,1.536,4.298,-0.470,4.189
143.67,1.488,2.448,1.529,4.570,-0.471,4.252
143.68,1.606,2.449,1.543,4.385,-0.471,4.274
143.69,1.835,2.449,1.592,4.112,-0.471,4.247
143.70,1.459,2.446,1.568,4.162,-0.472,4.232
143.71,1.900,2.448,1.624,4.207,-0.472,4.228
143.72,1.819,2.445,1.655,4.011,-0.472,4.191
143.73,1.598,2.445,1.645,4.137,-0.473,4.182
143.74,1.517,2.445,1.623,4.304,-0.472,4.203
143.75,1.565,2.444,1.613,4.193,-0.473,4.201
143.76,1.759,2.445,1.638,4.446,-0.473,4.242
143.77,1.475,2.447,1.612,4.245,-0.474,4.242
143.78,1.521,2.447,1.597,4.293,-0.473,4.251
143.79,1.367,2.448,1.558,4.114,-0.474,4.228
143.80,1.291,2.448,1.514,4.228,-0.473,4.229
143.81,1.675,2.448,1.540,4.085,-0.472,4.205
143.82,1.775,2.449,1.580,4.206,-0.471,4.207
143.83,1.676,2.448,1.595,4.207,-0.469,4.208
143.84,1.658,2.447,1.605,4.105,-0.469,4.191
143.85,1.787,2.451,1.639,4.128,-0.467,4.182
143.86,1.414,2.451,1.601,4.249,-0.468,4.193
143.87,1.790,2.453,1.634,4.252,-0.468,4.202
143.88,1.612,2.451,1.629,4.417,-0.467,4.240
143.89,1.699,2.454,1.643,4.382,-0.468,4.263
143.90,1.762,2.455,1.663,4.270,-0.467,4.265
143.91,1.513,2.456,1.639,4.172,-0.467,4.250
143.92,1.512,2.457,1.618,4.143,-0.467,4.232
143.93,1.565,2.457,1.609,4.082,-0.467,4.207
143.94,1.709,2.457,1.626,4.177,-0.467,4.202
143.95,1.707,2.459,1.640,4.128,-0.466,4.190
143.96,1.840,2.458,1.673,4.411,-0.466,4.228
143.97,1.486,2.460,1.644,3.975,-0.465,4.186
143.98,1.704,2.463,1.656,4.165,-0.464,4.183
143.99,1.738,2.462,1.669,3.985,-0.465,4.149
144.00,1.428,2.466,1.631,4.112,-0.467,4.141
144.01,1.524,2.466,1.613,4.016,-0.467,4.120
144.02,1.449,2.467,1.587,4.242,-0.467,4.141
144.03,1.480,2.468,1.569,4.131,-0.469,4.137
144.04,1.733,2.470,1.598,4.155,-0.468,4.141
144.05,1.521,2.471,1.586,4.059,-0.469,4.126
144.06,1.643,2.472,1.596,4.091,-0.470,4.120
144.07,1.773,2.472,1.625,3.871,-0.470,4.078
144.08,1.758,2.472,1.648,4.260,-0.470,4.108
144.09,1.454,2.470,1.614,4.360,-0.469,4.151
144.10,1.583,2.470,1.608,4.114,-0.469,4.145
144.11,1.757,2.470,1.632,4.295,-0.470,4.170
144.12,1.485,2.469,1.607,4.079,-0.471,4.154
144.13,1.467,2.468,1.583,4.231,-0.471,4.167
144.14,1.465,2.470,1.565,4.070,-0.469,4.152
144.15,1.496,2.470,1.552,3.973,-0.470,4.121
144.16,1.598,2.470,1.559,4.391,-0.469,4.167
144.17,1.771,2.470,1.595,4.484,-0.468,4.221
144.18,1.709,2.469,1.613,4.008,-0.467,4.186
144.19,1.558,2.467,1.602,4.140,-0.466,4.179
144.20,1.765,2.469,1.631,4.109,-0.466,4.168
144.21,1.435,2.472,1.600,4.338,-0.466,4.197
144.22,1.483,2.473,1.581,4.301,-0.466,4.214
144.23,1.521,2.472,1.570,4.176,-0.465,4.208
144.24,1.499,2.475,1.560,4.017,-0.467,4.175
144.25,1.419,2.477,1.538,4.270,-0.467,4.191
144.26,1.566,2.476,1.541,4.135,-0.468,4.181
144.27,1.792,2.474,1.582,4.017,-0.468,4.153
144.28,1.692,2.476,1.601,4.161,-0.466,4.156
144.29,1.480,2.475,1.580,4.032,-0.466,4.136
144.30,1.537,2.474,1.572,4.052,-0.467,4.120
144.31,1.319,2.476,1.531,4.035,-0.468,4.105
144.32,1.736,2.477,1.565,4.425,-0.467,4.160
144.33,1.558,2.477,1.564,4.089,-0.466,4.149
144.34,1.473,2.477,1.549,4.215,-0.464,4.161
144.35,1.544,2.478,1.548,4.503,-0.465,4.218
144.36,1.452,2.480,1.533,4.061,-0.465,4.191
144.37,1.626,2.479,1.548,4.340,-0.467,4.216
144.38,1.615,2.481,1.560,4.093,-0.467,4.194
144.39,1.592,2.481,1.566,4.198,-0.467,4.195
144.40,1.547,2.482,1.563,4.102,-0.466,4.181
144.41,1.840,2.483,1.611,4.689,-0.465,4.267
144.42,1.598,2.483,1.609,4.324,-0.464,4.277
144.43,1.403,2.484,1.574,4.408,-0.465,4.299
144.44,1.635,2.485,1.585,3.998,-0.466,4.248
144.45,1.564,2.485,1.582,4.197,-0.467,4.239
144.46,1.848,2.488,1.628,4.212,-0.466,4.235
144.47,1.743,2.491,1.650,4.394,-0.466,4.262
144.48,1.805,2.491,1.676,4.338,-0.467,4.274
144.49,1.625,2.491,1.667,3.985,-0.465,4.227
144.50,1.587,2.490,1.653,4.401,-0.465,4.256
144.51,1.618,2.491,1.647,4.175,-0.464,4.244
144.52,1.526,2.492,1.628,3.974,-0.465,4.198
144.53,1.465,2.492,1.601,4.443,-0.464,4.240
144.54,1.336,2.491,1.555,3.932,-0.465,4.188
144.55,1.569,2.490,1.556,4.154,-0.465,4.182
144.56,1.578,2.490,1.560,4.463,-0.465,4.229
144.57,1.503,2.491,1.551,4.245,-0.465,4.232
144.58,1.467,2.492,1.537,4.279,-0.466,4.239
144.59,1.677,2.493,1.561,4.015,-0.466,4.201
144.60,1.791,2.493,1.599,4.040,-0.467,4.173
144.61,1.618,2.494,1.603,4.051,-0.467,4.153
144.62,1.537,2.494,1.592,4.050,-0.468,4.135
144.63,1.679,2.494,1.606,4.381,-0.468,4.176
144.64,1.506,2.495,1.590,4.224,-0.470,4.183
144.65,1.702,2.494,1.607,4.234,-0.470,4.192
144.66,1.504,2.494,1.590,4.331,-0.469,4.215
144.67,1.703,2.494,1.609,3.958,-0.469,4.172
144.68,1.429,2.494,1.579,4.166,-0.468,4.172
144.69,1.555,2.494,1.574,4.227,-0.468,4.181
144.70,1.632,2.497,1.586,3.883,-0.468,4.130
144.71,1.490,2.497,1.570,3.948,-0.467,4.101
144.72,1.809,2.497,1.610,4.228,-0.467,4.122
144.73,1.437,2.498,1.582,4.192,-0.468,4.133
144.74,1.636,2.499,1.591,4.012,-0.469,4.111
144.75,1.635,2.500,1.599,4.398,-0.469,4.159
144.76,1.510,2.498,1.583,4.053,-0.469,4.142
144.78,1.526,2.497,1.572,4.265,-0.469,4.163
144.78,1.462,2.498,1.554,4.033,-0.470,4.140
144.79,1.453,2.499,1.537,4.244,-0.471,4.157
144.80,1.624,2.499,1.552,4.008,-0.472,4.131
144.82,1.523,2.500,1.548,3.787,-0.474,4.071
144.83,1.594,2.501,1.555,4.043,-0.474,4.066
144.83,1.490,2.500,1.544,3.982,-0.475,4.052
144.84,1.570,2.503,1.550,4.021,-0.474,4.047
144.86,1.568,2.505,1.554,4.256,-0.474,4.082
144.87,1.916,2.505,1.615,4.173,-0.475,4.096
144.88,1.378,2.504,1.573,3.965,-0.476,4.073
144.89,1.570,2.504,1.573,4.239,-0.476,4.101
144.90,1.360,2.504,1.536,4.540,-0.477,4.175
144.91,1.674,2.504,1.559,3.998,-0.477,4.145
144.92,1.599,2.505,1.567,4.367,-0.478,4.182
144.93,1.784,2.505,1.603,4.144,-0.477,4.176
144.94,1.566,2.507,1.598,3.853,-0.477,4.121
144.95,1.451,2.507,1.573,4.282,-0.476,4.149
144.96,1.625,2.507,1.582,4.302,-0.477,4.175
144.97,1.589,2.506,1.582,4.258,-0.477,4.188
144.98,1.699,2.507,1.602,4.176,-0.477,4.187
144.99,1.380,2.509,1.566,4.306,-0.478,4.206
145.00,1.819,2.509,1.608,4.059,-0.477,4.182
145.01,1.627,2.506,1.609,4.014,-0.477,4.154
145.02,1.476,2.506,1.586,4.061,-0.478,4.138
145.03,1.541,2.505,1.577,3.903,-0.478,4.098
145.04,1.584,2.506,1.579,4.006,-0.477,4.083
145.05,1.300,2.506,1.532,4.102,-0.477,4.087
145.06,1.926,2.507,1.598,4.087,-0.477,4.086
145.07,1.408,2.507,1.566,4.331,-0.477,4.127
145.08,1.705,2.508,1.590,4.277,-0.477,4.153
145.09,1.580,2.509,1.589,4.291,-0.477,4.176
145.10,1.667,2.509,1.602,4.538,-0.476,4.237
145.11,1.662,2.509,1.612,4.005,-0.476,4.198
145.12,1.678,2.510,1.624,4.210,-0.477,4.200
145.13,1.576,2.509,1.614,4.349,-0.476,4.226
145.14,1.407,2.509,1.580,4.109,-0.474,4.208
145.15,1.593,2.510,1.583,4.353,-0.474,4.232
145.16,1.495,2.511,1.568,4.172,-0.476,4.221
145.17,1.523,2.511,1.560,4.156,-0.476,4.210
145.18,1.789,2.511,1.598,4.240,-0.476,4.215
145.19,1.619,2.512,1.602,4.178,-0.476,4.209
145.20,1.324,2.511,1.555,4.065,-0.477,4.184
145.21,1.657,2.511,1.572,4.126,-0.476,4.175
145.22,1.338,2.512,1.532,4.256,-0.475,4.190
145.23,1.501,2.514,1.529,4.048,-0.476,4.165
145.24,1.677,2.517,1.555,4.353,-0.475,4.198
145.25,1.177,2.516,1.491,4.081,-0.474,4.179
145.26,1.624,2.515,1.512,4.286,-0.474,4.197
145.27,1.527,2.514,1.513,4.049,-0.476,4.170
145.28,1.539,2.517,1.519,4.212,-0.476,4.177
145.29,1.815,2.516,1.568,4.148,-0.477,4.171
145.30,1.396,2.517,1.540,4.300,-0.477,4.193
145.31,1.634,2.515,1.553,4.252,-0.476,4.204
145.32,1.571,2.514,1.556,4.048,-0.476,4.178
145.33,1.577,2.512,1.557,4.098,-0.477,4.164
145.34,1.656,2.512,1.573,4.076,-0.476,4.149
145.35,1.596,2.511,1.576,4.149,-0.477,4.149
145.36,1.644,2.510,1.587,4.105,-0.477,4.141
145.37,1.421,2.511,1.560,4.008,-0.477,4.119
145.38,1.722,2.512,1.587,4.104,-0.476,4.118
145.39,1.421,2.509,1.556,4.202,-0.477,4.131
145.40,1.628,2.509,1.568,4.042,-0.476,4.117
145.41,1.588,2.508,1.570,4.089,-0.476,4.112
145.42,1.550,2.507,1.566,4.011,-0.476,4.095
145.43,1.772,2.508,1.601,4.008,-0.476,4.080
145.44,1.841,2.509,1.642,4.173,-0.478,4.094
145.45,1.674,2.508,1.647,4.069,-0.478,4.090
145.46,1.590,2.507,1.636,4.083,-0.479,4.088
145.47,1.678,2.507,1.643,4.319,-0.479,4.126
145.48,1.498,2.506,1.617,4.064,-0.479,4.116
145.49,1.570,2.505,1.609,4.030,-0.479,4.101
145.50,1.387,2.506,1.572,4.245,-0.479,4.126
145.51,1.503,2.509,1.562,4.184,-0.481,4.134
145.52,1.626,2.509,1.573,4.240,-0.480,4.152
145.53,1.591,2.509,1.575,3.869,-0.480,4.104
145.54,1.471,2.509,1.558,4.241,-0.479,4.128
145.55,1.662,2.510,1.576,4.173,-0.480,4.135
145.56,1.900,2.514,1.634,4.147,-0.480,4.137
145.57,1.555,2.514,1.620,3.865,-0.479,4.092
145.58,1.559,2.515,1.610,4.178,-0.479,4.107
145.59,1.374,2.517,1.572,4.161,-0.479,4.116
145.60,1.608,2.518,1.579,4.466,-0.480,4.174
145.61,1.626,2.520,1.588,4.264,-0.480,4.188
145.62,1.645,2.520,1.597,4.314,-0.480,4.210
145.63,1.713,2.521,1.618,4.162,-0.480,4.202
145.64,1.645,2.521,1.622,4.121,-0.480,4.189
145.65,1.521,2.520,1.604,4.200,-0.480,4.190
145.66,1.595,2.519,1.602,4.037,-0.480,4.165
145.67,1.705,2.518,1.618,4.385,-0.479,4.202
145.68,1.553,2.518,1.607,4.231,-0.478,4.208
145.69,1.755,2.519,1.632,4.083,-0.479,4.187
145.70,1.632,2.521,1.633,4.210,-0.478,4.191
145.71,1.718,2.520,1.647,4.213,-0.480,4.193
145.72,1.373,2.520,1.600,4.137,-0.481,4.184
145.73,1.577,2.521,1.597,4.375,-0.483,4.215
145.74,1.467,2.520,1.574,3.938,-0.482,4.168
145.75,1.652,2.520,1.587,4.198,-0.481,4.174
145.76,1.573,2.519,1.584,4.137,-0.482,4.167
145.77,1.322,2.518,1.539,4.179,-0.482,4.170
145.78,1.442,2.520,1.523,4.166,-0.482,4.169
145.79,1.649,2.520,1.544,4.277,-0.481,4.187
145.80,1.419,2.519,1.523,4.185,-0.480,4.188
145.81,1.793,2.520,1.568,4.225,-0.480,4.194
145.82,1.309,2.518,1.523,4.049,-0.480,4.170
145.83,1.377,2.517,1.497,4.253,-0.480,4.184
145.84,1.512,2.517,1.500,4.111,-0.481,4.171
145.85,1.377,2.519,1.480,4.363,-0.480,4.204
145.86,1.707,2.522,1.520,4.221,-0.480,4.207
145.87,1.566,2.521,1.527,3.760,-0.480,4.132
145.88,1.652,2.521,1.548,4.140,-0.480,4.133
145.89,1.444,2.519,1.528,4.318,-0.479,4.165
145.90,1.480,2.519,1.519,4.334,-0.479,4.194
145.91,1.681,2.519,1.546,4.361,-0.479,4.223
145.92,1.605,2.518,1.556,4.375,-0.478,4.249
145.93,1.422,2.518,1.533,4.329,-0.479,4.262
145.94,1.438,2.517,1.516,4.174,-0.478,4.248
145.95,1.660,2.517,1.540,3.625,-0.478,4.143
145.96,1.465,2.518,1.527,3.958,-0.478,4.112
145.97,1.681,2.519,1.554,4.387,-0.478,4.159
145.98,1.912,2.518,1.613,4.102,-0.478,4.148
145.99,1.629,2.517,1.615,4.237,-0.479,4.163
146.00,1.649,2.517,1.620,4.142,-0.479,4.160
146.01,1.422,2.516,1.586,4.278,-0.479,4.179
146.02,1.582,2.517,1.586,4.087,-0.478,4.164
146.03,1.631,2.517,1.594,4.146,-0.479,4.161
146.04,1.910,2.516,1.645,4.325,-0.479,4.188
146.05,1.515,2.516,1.624,3.983,-0.479,4.154
146.06,1.680,2.516,1.632,4.360,-0.479,4.188
146.07,1.691,2.516,1.643,4.074,-0.480,4.169
146.08,1.850,2.516,1.677,4.241,-0.481,4.180
146.09,1.489,2.516,1.645,4.031,-0.481,4.155
146.10,1.801,2.514,1.670,4.091,-0.480,4.145
146.11,1.704,2.516,1.677,4.119,-0.481,4.140
146.12,1.767,2.516,1.692,4.019,-0.481,4.119
146.13,1.693,2.515,1.691,4.391,-0.480,4.166
146.14,1.960,2.516,1.738,4.318,-0.481,4.191
146.15,1.478,2.515,1.693,4.195,-0.480,4.193
146.16,1.685,2.514,1.691,4.133,-0.478,4.184
146.17,1.386,2.515,1.640,4.120,-0.478,4.174
146.18,1.559,2.517,1.628,4.267,-0.477,4.190
146.19,1.266,2.516,1.566,4.164,-0.477,4.186
146.20,1.542,2.514,1.560,4.349,-0.477,4.214
146.21,1.819,2.514,1.604,4.157,-0.476,4.204
146.22,1.561,2.515,1.597,4.314,-0.476,4.223
146.23,1.666,2.515,1.609,4.169,-0.476,4.214
146.24,1.603,2.517,1.609,4.234,-0.477,4.217
146.25,1.630,2.518,1.613,4.044,-0.476,4.188
146.26,1.495,2.516,1.591,4.349,-0.476,4.216
146.28,1.399,2.516,1.559,4.052,-0.477,4.188
146.29,1.503,2.519,1.551,4.471,-0.477,4.236
146.30,1.707,2.518,1.576,4.365,-0.477,4.257
146.30,1.457,2.518,1.557,4.145,-0.477,4.238
146.32,1.594,2.519,1.563,4.455,-0.478,4.275
146.33,1.538,2.519,1.559,4.377,-0.478,4.292
146.34,1.538,2.519,1.555,4.364,-0.478,4.304
146.34,1.572,2.519,1.558,4.326,-0.479,4.307
146.36,1.323,2.520,1.519,4.061,-0.477,4.267
146.37,1.757,2.520,1.558,4.524,-0.478,4.310
146.37,1.521,2.520,1.552,4.066,-0.478,4.269
146.39,1.592,2.521,1.559,4.072,-0.478,4.236
146.40,1.556,2.522,1.559,4.237,-0.479,4.235
146.41,1.406,2.522,1.533,4.177,-0.480,4.226
146.42,1.476,2.520,1.521,4.070,-0.480,4.199
146.43,1.473,2.520,1.512,4.162,-0.477,4.195
146.44,1.577,2.518,1.522,4.207,-0.478,4.196
146.45,1.661,2.518,1.545,4.136,-0.478,4.187
146.46,1.664,2.516,1.563,4.358,-0.478,4.215
146.47,1.645,2.518,1.578,4.231,-0.478,4.218
146.48,1.382,2.518,1.545,4.094,-0.478,4.197
146.49,1.657,2.519,1.565,4.103,-0.478,4.182
146.50,1.620,2.519,1.574,4.383,-0.478,4.216
146.51,1.618,2.519,1.581,4.268,-0.477,4.225
146.52,1.423,2.519,1.554,4.241,-0.477,4.228
146.53,1.782,2.518,1.591,4.233,-0.477,4.229
146.54,1.506,2.518,1.576,4.245,-0.479,4.230
146.55,1.485,2.518,1.561,4.230,-0.479,4.230
146.56,1.604,2.517,1.568,4.007,-0.479,4.193
146.57,1.624,2.517,1.576,4.351,-0.476,4.222
146.58,1.635,2.516,1.586,4.159,-0.476,4.212
146.59,1.468,2.517,1.566,4.149,-0.475,4.202
146.60,1.694,2.518,1.588,4.213,-0.474,4.204
146.61,1.633,2.517,1.594,4.165,-0.476,4.197
146.62,1.484,2.518,1.577,4.334,-0.474,4.221
146.63,1.536,2.519,1.571,4.181,-0.476,4.213
146.64,1.503,2.517,1.557,3.928,-0.476,4.165
146.65,1.394,2.517,1.530,4.078,-0.476,4.151
146.66,1.556,2.519,1.535,4.136,-0.477,4.147
146.67,1.351,2.520,1.505,4.340,-0.476,4.180
146.68,1.477,2.521,1.501,4.315,-0.477,4.202
146.69,1.565,2.522,1.513,4.313,-0.477,4.221
146.70,1.470,2.522,1.504,4.349,-0.477,4.243
146.71,1.469,2.520,1.497,3.943,-0.476,4.193
146.72,1.715,2.522,1.535,4.047,-0.475,4.169
146.73,1.786,2.525,1.579,4.316,-0.475,4.194
146.74,1.484,2.525,1.563,4.005,-0.475,4.162
146.75,1.539,2.524,1.558,3.947,-0.474,4.127
146.76,1.785,2.525,1.597,4.124,-0.475,4.125
146.77,1.475,2.526,1.577,4.034,-0.476,4.109
146.78,1.535,2.524,1.568,4.021,-0.475,4.095
146.79,1.750,2.524,1.599,4.364,-0.475,4.140
146.80,1.159,2.525,1.525,4.322,-0.475,4.171
146.81,1.587,2.525,1.535,4.195,-0.474,4.176
146.82,1.636,2.526,1.553,4.326,-0.474,4.201
146.83,1.599,2.525,1.559,4.150,-0.475,4.192
146.84,1.378,2.525,1.529,4.257,-0.474,4.203
146.85,1.484,2.526,1.522,4.237,-0.473,4.210
146.86,1.353,2.527,1.493,4.180,-0.473,4.205
146.87,1.649,2.527,1.519,4.433,-0.473,4.244
146.88,1.370,2.528,1.495,4.185,-0.474,4.233
146.89,1.635,2.529,1.519,4.349,-0.474,4.252
146.90,1.534,2.530,1.522,4.186,-0.472,4.244
146.91,1.707,2.529,1.552,4.246,-0.472,4.244
146.92,1.762,2.530,1.588,4.098,-0.472,4.219
146.93,1.510,2.529,1.574,4.164,-0.473,4.209
146.94,1.532,2.531,1.568,3.989,-0.473,4.171
146.95,1.645,2.529,1.579,4.096,-0.474,4.158
146.96,1.666,2.531,1.595,4.456,-0.475,4.208
146.97,1.696,2.530,1.611,4.026,-0.473,4.179
146.98,1.711,2.530,1.628,4.265,-0.471,4.195
146.99,1.574,2.530,1.618,4.165,-0.471,4.190
147.00,1.820,2.530,1.653,4.257,-0.471,4.201
147.01,1.596,2.529,1.642,4.290,-0.473,4.215
147.02,1.750,2.531,1.661,4.171,-0.473,4.207
147.03,1.412,2.530,1.619,4.044,-0.470,4.182
147.04,1.747,2.530,1.640,3.945,-0.470,4.143
147.05,1.657,2.531,1.644,4.050,-0.469,4.128
147.06,1.561,2.530,1.629,4.215,-0.468,4.143
147.07,1.767,2.533,1.654,4.172,-0.467,4.149
147.08,1.704,2.532,1.661,4.237,-0.467,4.164
147.09,1.690,2.530,1.665,4.003,-0.466,4.137
147.10,1.748,2.528,1.677,4.043,-0.467,4.121
147.11,1.567,2.529,1.659,4.365,-0.467,4.162
147.12,1.591,2.531,1.649,4.313,-0.467,4.187
147.13,1.316,2.530,1.593,4.192,-0.467,4.188
147.14,1.579,2.531,1.591,3.933,-0.468,4.144
147.15,1.402,2.530,1.559,4.265,-0.466,4.166
147.16,1.773,2.530,1.594,4.175,-0.467,4.167
147.17,1.378,2.531,1.559,4.157,-0.468,4.164
147.18,1.622,2.532,1.570,4.062,-0.469,4.146
147.19,1.671,2.533,1.587,4.161,-0.471,4.147
147.20,1.426,2.532,1.559,4.230,-0.470,4.161
147.21,1.567,2.532,1.560,3.831,-0.470,4.106
147.22,1.434,2.534,1.540,4.101,-0.472,4.104
147.23,1.615,2.532,1.551,4.412,-0.471,4.156
147.24,1.380,2.535,1.524,4.262,-0.472,4.173
147.25,1.568,2.536,1.532,4.050,-0.472,4.153
147.26,1.608,2.536,1.544,4.042,-0.472,4.134
147.27,1.526,2.536,1.541,4.206,-0.472,4.146
147.28,1.627,2.536,1.556,4.416,-0.472,4.192
147.29,1.704,2.538,1.582,4.324,-0.471,4.215
147.30,1.732,2.539,1.608,4.152,-0.470,4.205
147.31,1.527,2.539,1.594,4.511,-0.472,4.256
147.32,1.559,2.540,1.589,4.246,-0.472,4.253
147.33,1.408,2.540,1.558,4.088,-0.473,4.225
147.34,1.637,2.538,1.569,4.303,-0.472,4.239
147.35,1.601,2.538,1.575,4.095,-0.473,4.214
147.36,1.329,2.539,1.534,4.275,-0.475,4.223
147.37,1.660,2.541,1.556,4.000,-0.475,4.185
147.38,1.734,2.542,1.587,4.723,-0.475,4.276
147.39,1.576,2.542,1.585,4.229,-0.475,4.268
147.40,1.589,2.543,1.586,4.149,-0.476,4.248
147.41,1.541,2.542,1.578,4.252,-0.475,4.249
147.42,1.565,2.543,1.576,4.277,-0.476,4.253
147.43,1.821,2.544,1.618,4.056,-0.477,4.220
147.44,1.519,2.542,1.599,4.063,-0.478,4.192
147.45,1.552,2.544,1.592,4.219,-0.478,4.196
147.46,1.826,2.543,1.631,4.014,-0.476,4.167
147.47,1.729,2.542,1.647,4.382,-0.477,4.203
147.48,1.662,2.542,1.649,4.090,-0.476,4.185
147.49,1.611,2.540,1.641,4.193,-0.476,4.186
147.50,1.690,2.542,1.651,3.880,-0.476,4.135
147.51,1.485,2.542,1.623,4.328,-0.476,4.167
147.52,1.594,2.543,1.619,4.296,-0.477,4.188
147.53,1.600,2.544,1.616,4.303,-0.478,4.206
147.54,1.658,2.543,1.622,4.064,-0.479,4.182
147.55,1.571,2.540,1.611,4.058,-0.478,4.162
147.56,1.680,2.540,1.622,4.038,-0.479,4.141
147.57,1.545,2.539,1.609,4.273,-0.479,4.162
147.58,1.522,2.539,1.594,4.102,-0.480,4.152
147.59,1.733,2.539,1.617,4.031,-0.480,4.131
147.60,1.768,2.538,1.641,4.494,-0.480,4.192
147.61,1.531,2.540,1.624,4.287,-0.481,4.208
147.62,1.613,2.540,1.622,4.257,-0.482,4.215
147.63,1.661,2.538,1.627,4.073,-0.483,4.191
147.64,1.879,2.538,1.669,4.194,-0.482,4.192
147.65,1.646,2.539,1.666,4.149,-0.482,4.185
147.66,1.585,2.538,1.652,4.020,-0.481,4.158
147.67,1.468,2.539,1.621,4.068,-0.481,4.143
147.68,1.665,2.538,1.627,4.108,-0.480,4.138
147.70,1.828,2.536,1.660,4.478,-0.480,4.195
147.70,1.383,2.534,1.612,4.208,-0.481,4.197
147.71,1.531,2.535,1.598,4.011,-0.481,4.165
147.72,1.556,2.534,1.591,4.278,-0.481,4.185
147.73,1.724,2.536,1.615,4.144,-0.481,4.177
147.74,1.625,2.538,1.617,4.395,-0.483,4.213
147.75,1.380,2.539,1.579,4.227,-0.482,4.216
147.76,1.613,2.541,1.586,4.271,-0.483,4.224
147.78,1.418,2.542,1.558,4.170,-0.484,4.214
147.78,1.627,2.544,1.571,4.031,-0.483,4.183
147.80,1.340,2.547,1.534,4.144,-0.484,4.177
147.81,1.555,2.547,1.538,4.141,-0.484,4.170
147.82,1.391,2.549,1.514,4.356,-0.483,4.203
147.83,1.869,2.550,1.574,3.962,-0.482,4.163
147.84,1.544,2.552,1.570,4.246,-0.482,4.177
147.85,1.480,2.551,1.554,3.948,-0.483,4.138
147.86,1.416,2.553,1.533,4.096,-0.483,4.130
147.87,1.643,2.555,1.552,4.067,-0.483,4.120
147.88,1.521,2.555,1.547,4.410,-0.484,4.168
147.89,1.578,2.556,1.553,4.201,-0.484,4.173
147.90,1.477,2.557,1.540,4.074,-0.485,4.156
147.91,1.455,2.559,1.528,3.899,-0.485,4.113
147.92,1.716,2.559,1.559,4.194,-0.484,4.127
147.93,1.636,2.558,1.571,4.291,-0.485,4.154
147.94,1.626,2.559,1.580,3.953,-0.483,4.121
147.95,1.337,2.559,1.540,4.565,-0.483,4.196
147.96,1.377,2.561,1.513,4.080,-0.483,4.176
147.97,1.390,2.561,1.492,4.114,-0.482,4.166
147.98,1.686,2.561,1.525,4.197,-0.482,4.172
147.99,1.960,2.561,1.598,4.049,-0.481,4.152
148.00,1.642,2.560,1.605,4.174,-0.480,4.156
148.01,1.435,2.560,1.576,4.262,-0.480,4.175
148.02,1.604,2.560,1.580,4.321,-0.482,4.198
148.03,1.582,2.560,1.580,4.063,-0.481,4.176
148.04,1.462,2.559,1.560,4.017,-0.482,4.148
148.05,1.368,2.558,1.526,4.275,-0.481,4.170
148.06,1.759,2.558,1.565,4.109,-0.481,4.160
148.07,1.718,2.559,1.591,4.153,-0.479,4.160
148.08,1.529,2.560,1.581,4.258,-0.481,4.175
148.09,1.547,2.560,1.575,4.270,-0.479,4.193
148.10,1.536,2.558,1.567,4.264,-0.479,4.205
148.11,1.619,2.556,1.574,4.119,-0.479,4.190
148.12,1.626,2.556,1.582,3.952,-0.480,4.149
148.13,1.627,2.555,1.588,4.247,-0.480,4.166
148.14,1.819,2.553,1.626,4.000,-0.481,4.137
148.15,1.650,2.553,1.629,4.326,-0.482,4.169
148.16,1.518,2.556,1.613,4.461,-0.482,4.217
148.17,1.309,2.556,1.562,4.230,-0.482,4.219
148.18,1.503,2.556,1.552,4.170,-0.483,4.211
148.19,1.488,2.558,1.542,3.691,-0.483,4.123
148.20,1.602,2.557,1.551,4.474,-0.484,4.181
148.21,1.578,2.557,1.555,4.551,-0.485,4.243
148.22,1.639,2.558,1.570,3.999,-0.485,4.201
148.23,1.636,2.558,1.580,4.161,-0.487,4.193
148.24,1.472,2.556,1.560,4.293,-0.489,4.208
148.25,1.363,2.554,1.526,4.272,-0.489,4.219
148.26,1.640,2.553,1.544,4.148,-0.489,4.208
148.27,1.479,2.555,1.534,4.425,-0.490,4.243
148.28,1.557,2.555,1.538,4.305,-0.490,4.254
148.29,1.597,2.555,1.547,4.280,-0.490,4.259
148.30,1.499,2.555,1.539,4.135,-0.487,4.240
148.31,1.466,2.554,1.526,4.083,-0.488,4.213
148.32,1.409,2.554,1.506,4.161,-0.489,4.203
148.33,1.673,2.553,1.533,4.559,-0.488,4.264
148.34,1.779,2.552,1.573,4.445,-0.487,4.296
148.35,1.612,2.552,1.579,4.027,-0.486,4.252
148.36,1.431,2.552,1.554,4.336,-0.486,4.265
148.37,1.542,2.552,1.552,4.340,-0.485,4.279
148.38,1.619,2.552,1.563,4.202,-0.486,4.266
148.39,1.704,2.552,1.586,4.431,-0.486,4.294
148.40,1.661,2.553,1.600,4.012,-0.485,4.247
148.41,1.370,2.553,1.561,4.379,-0.485,4.270
148.42,1.559,2.553,1.560,4.201,-0.484,4.259
148.43,1.856,2.553,1.610,4.449,-0.485,4.291
148.44,1.910,2.554,1.661,4.343,-0.484,4.300
148.45,1.600,2.555,1.651,3.890,-0.485,4.231
148.46,1.730,2.555,1.665,4.375,-0.484,4.256
148.47,1.616,2.555,1.656,4.290,-0.484,4.261
148.48,1.414,2.554,1.614,3.832,-0.485,4.189
148.49,1.751,2.556,1.638,4.375,-0.485,4.220
148.50,1.415,2.555,1.600,4.070,-0.485,4.194
148.51,1.654,2.554,1.608,4.103,-0.486,4.178
148.52,1.553,2.554,1.599,4.286,-0.486,4.196
148.53,1.841,2.554,1.639,4.148,-0.488,4.186
148.54,1.579,2.555,1.630,4.337,-0.488,4.212
148.55,1.586,2.555,1.623,4.423,-0.488,4.247
148.56,1.450,2.556,1.594,4.180,-0.488,4.236
148.57,1.684,2.558,1.611,4.116,-0.488,4.216
148.58,1.536,2.557,1.597,4.291,-0.488,4.229
148.59,1.431,2.556,1.568,4.237,-0.488,4.231
148.60,1.503,2.557,1.558,4.063,-0.488,4.203
148.61,1.509,2.558,1.550,4.228,-0.488,4.206
148.62,1.680,2.557,1.571,4.359,-0.489,4.231
148.63,1.726,2.556,1.596,3.846,-0.491,4.165
148.64,1.593,2.556,1.595,4.175,-0.490,4.167
148.65,1.518,2.554,1.580,4.659,-0.492,4.249
148.66,1.528,2.555,1.573,4.103,-0.491,4.225
148.67,1.704,2.557,1.596,4.490,-0.491,4.270
148.68,1.673,2.557,1.609,3.688,-0.491,4.172
148.69,1.507,2.558,1.593,3.965,-0.491,4.138
148.70,1.574,2.559,1.589,4.267,-0.491,4.159
148.71,1.689,2.558,1.605,4.120,-0.490,4.153
148.72,1.537,2.557,1.593,4.000,-0.489,4.129
148.73,1.442,2.558,1.569,4.264,-0.488,4.152
148.74,1.709,2.559,1.592,3.958,-0.487,4.120
148.75,1.535,2.557,1.581,4.479,-0.486,4.182
148.76,1.695,2.556,1.600,4.070,-0.484,4.164
148.77,1.682,2.556,1.613,4.104,-0.485,4.153
148.78,1.445,2.556,1.585,4.308,-0.487,4.177
148.79,1.629,2.556,1.592,4.247,-0.488,4.189
148.80,1.704,2.557,1.611,3.914,-0.486,4.144
148.81,1.572,2.555,1.603,4.211,-0.485,4.156
148.82,1.516,2.557,1.590,4.062,-0.484,4.141
148.83,1.588,2.556,1.588,4.113,-0.484,4.137
148.84,1.610,2.557,1.592,3.987,-0.485,4.110
148.85,1.602,2.557,1.594,4.251,-0.484,4.134
148.86,1.567,2.557,1.589,4.611,-0.483,4.216
148.87,1.731,2.557,1.613,4.512,-0.483,4.266
148.88,1.741,2.555,1.633,4.220,-0.481,4.260
148.89,1.630,2.554,1.632,4.193,-0.481,4.248
148.90,1.694,2.556,1.644,4.204,-0.481,4.241
148.91,1.295,2.557,1.585,4.112,-0.481,4.220
148.92,1.219,2.556,1.523,3.996,-0.480,4.183
148.93,1.526,2.554,1.522,4.167,-0.481,4.179
148.94,1.476,2.556,1.516,3.937,-0.481,4.139
148.95,1.482,2.556,1.510,4.315,-0.481,4.169
148.96,1.887,2.555,1.572,4.416,-0.481,4.210
148.97,1.756,2.553,1.601,4.040,-0.481,4.182
148.98,1.617,2.552,1.603,4.063,-0.481,4.161
148.99,1.260,2.554,1.546,4.295,-0.481,4.184
149.00,1.264,2.553,1.497,4.281,-0.480,4.201
149.01,1.595,2.554,1.514,4.011,-0.482,4.168
149.02,1.592,2.554,1.527,4.472,-0.482,4.219
149.03,1.569,2.552,1.533,4.045,-0.481,4.190
149.04,1.504,2.553,1.528,4.322,-0.482,4.211
149.05,1.561,2.552,1.533,4.169,-0.482,4.204
149.06,1.584,2.555,1.544,4.299,-0.483,4.220
149.07,1.838,2.557,1.594,4.247,-0.484,4.224
149.08,1.577,2.558,1.592,4.114,-0.483,4.206
149.09,1.503,2.559,1.578,3.919,-0.484,4.157
149.10,1.412,2.557,1.548,4.412,-0.483,4.201
149.11,1.873,2.556,1.602,4.372,-0.483,4.230
149.12,1.579,2.557,1.599,4.164,-0.483,4.218
149.13,1.663,2.559,1.611,4.309,-0.483,4.234
149.15,1.517,2.557,1.594,4.221,-0.486,4.229
149.15,1.401,2.558,1.562,4.107,-0.486,4.209
149.16,1.681,2.556,1.580,4.244,-0.487,4.214
149.17,1.376,2.556,1.545,4.240,-0.487,4.219
149.18,1.569,2.555,1.548,4.221,-0.487,4.219
149.20,1.538,2.556,1.547,4.102,-0.487,4.199
149.20,1.398,2.555,1.521,3.954,-0.489,4.157
149.22,1.645,2.555,1.541,4.205,-0.490,4.164
149.22,1.491,2.555,1.533,4.326,-0.489,4.192
149.23,1.808,2.555,1.579,4.454,-0.489,4.236
149.24,1.570,2.555,1.578,4.374,-0.489,4.259
149.25,1.753,2.556,1.607,4.143,-0.490,4.239
149.26,1.706,2.557,1.625,4.496,-0.491,4.282
149.28,1.749,2.558,1.647,4.397,-0.491,4.301
149.28,1.445,2.559,1.613,4.367,-0.491,4.312
149.29,1.671,2.559,1.623,3.867,-0.493,4.236
149.31,1.754,2.560,1.645,4.640,-0.492,4.305
149.31,1.547,2.560,1.629,4.371,-0.491,4.317
149.33,1.547,2.560,1.615,4.329,-0.492,4.318
149.34,1.633,2.561,1.619,4.127,-0.493,4.285
149.35,1.508,2.562,1.601,4.065,-0.493,4.248
149.36,1.432,2.563,1.572,4.373,-0.492,4.271
149.37,1.570,2.558,1.568,3.839,-0.492,4.198
149.38,1.651,2.560,1.584,3.952,-0.490,4.158
149.39,1.809,2.560,1.622,4.480,-0.490,4.212
149.40,1.514,2.562,1.605,4.325,-0.490,4.231
149.41,1.711,2.559,1.620,4.182,-0.489,4.224
149.42,1.614,2.562,1.621,4.189,-0.490,4.217
149.43,1.489,2.561,1.598,4.604,-0.489,4.283
149.44,1.592,2.559,1.596,4.181,-0.489,4.266
149.45,1.823,2.561,1.635,4.489,-0.491,4.302
149.46,1.724,2.560,1.649,4.228,-0.490,4.290
149.47,1.910,2.558,1.691,3.820,-0.491,4.211
149.48,1.404,2.560,1.644,4.145,-0.490,4.201
149.49,1.955,2.559,1.696,4.159,-0.491,4.193
149.50,1.620,2.562,1.685,4.264,-0.490,4.206
149.51,1.654,2.562,1.680,4.189,-0.491,4.203
149.52,1.401,2.562,1.633,4.177,-0.491,4.198
149.53,1.717,2.564,1.649,4.568,-0.492,4.260
149.54,1.772,2.564,1.670,4.017,-0.492,4.219
149.55,1.536,2.565,1.648,4.377,-0.492,4.246
149.56,1.935,2.565,1.696,4.403,-0.490,4.273
149.57,1.904,2.564,1.731,3.987,-0.491,4.225
149.58,1.824,2.564,1.746,4.181,-0.490,4.218
149.59,1.712,2.564,1.740,4.342,-0.490,4.240
149.60,1.629,2.564,1.721,4.177,-0.490,4.229
149.61,1.767,2.564,1.729,4.405,-0.489,4.259
149.62,1.848,2.565,1.750,4.288,-0.490,4.264
149.63,1.500,2.564,1.708,4.230,-0.491,4.257
149.64,1.705,2.561,1.705,4.559,-0.491,4.308
149.65,1.632,2.561,1.693,4.111,-0.492,4.275
149.66,1.706,2.562,1.695,4.170,-0.492,4.257
149.67,1.548,2.561,1.670,4.104,-0.492,4.232
149.68,1.304,2.560,1.608,4.444,-0.491,4.268
149.69,1.530,2.560,1.594,3.949,-0.490,4.216
149.70,1.464,2.561,1.573,4.166,-0.491,4.206
149.71,1.690,2.561,1.593,4.578,-0.489,4.270
149.72,1.791,2.563,1.628,4.169,-0.490,4.252
149.73,1.720,2.564,1.643,4.324,-0.490,4.265
149.74,1.601,2.564,1.636,4.111,-0.490,4.239
149.75,1.653,2.565,1.639,4.052,-0.492,4.206
149.76,1.676,2.566,1.647,4.255,-0.491,4.215
149.77,1.535,2.568,1.629,4.155,-0.490,4.206
149.78,1.547,2.567,1.615,4.280,-0.491,4.218
149.79,1.310,2.568,1.564,4.365,-0.493,4.241
149.80,1.281,2.569,1.517,4.111,-0.492,4.220
149.81,1.565,2.569,1.525,4.107,-0.493,4.200
149.82,1.583,2.569,1.534,4.237,-0.492,4.208
149.83,1.540,2.568,1.534,4.625,-0.492,4.278
149.84,1.470,2.568,1.523,4.483,-0.492,4.313
149.85,1.798,2.571,1.572,4.405,-0.491,4.329
149.86,1.680,2.571,1.590,4.252,-0.491,4.317
149.87,1.779,2.571,1.622,4.479,-0.492,4.344
149.88,1.532,2.570,1.606,4.158,-0.493,4.311
149.89,1.554,2.570,1.597,4.298,-0.492,4.310
149.90,1.467,2.571,1.575,4.179,-0.491,4.289
149.91,1.536,2.570,1.568,4.268,-0.491,4.286
149.92,1.648,2.571,1.583,4.213,-0.490,4.274
149.93,1.600,2.571,1.585,4.205,-0.489,4.263
149.94,1.578,2.571,1.584,3.993,-0.489,4.219
149.95,1.615,2.570,1.588,4.153,-0.489,4.207
149.96,1.797,2.569,1.622,4.355,-0.488,4.233
149.97,1.924,2.570,1.674,4.409,-0.487,4.263
149.98,1.287,2.570,1.609,4.287,-0.487,4.268
149.99,1.489,2.573,1.590,3.886,-0.488,4.203
150.00,1.626,2.573,1.597,4.111,-0.488,4.187
150.01,1.541,2.574,1.587,4.372,-0.487,4.220
150.02,1.607,2.573,1.590,4.137,-0.488,4.205
150.03,1.458,2.574,1.569,4.198,-0.488,4.204
150.04,1.529,2.576,1.563,4.006,-0.488,4.170
150.05,1.333,2.576,1.524,4.362,-0.488,4.202
150.06,1.630,2.574,1.540,3.985,-0.487,4.167
150.07,1.510,2.575,1.536,4.190,-0.489,4.169
150.08,1.644,2.576,1.554,4.189,-0.491,4.171
150.09,1.539,2.575,1.551,3.871,-0.491,4.121
150.10,1.577,2.575,1.555,4.207,-0.490,4.136
150.11,1.580,2.576,1.560,4.375,-0.490,4.176
150.12,1.423,2.575,1.536,4.312,-0.489,4.199
150.13,1.756,2.575,1.572,4.377,-0.490,4.228
150.14,1.671,2.573,1.587,3.917,-0.490,4.177
150.15,1.677,2.574,1.603,4.124,-0.489,4.169
150.16,1.538,2.573,1.591,4.280,-0.489,4.187
150.17,1.490,2.572,1.573,3.914,-0.491,4.140
150.18,1.779,2.572,1.607,4.423,-0.492,4.186
150.19,1.674,2.568,1.616,3.851,-0.492,4.130
150.20,1.647,2.571,1.623,4.244,-0.492,4.149
150.21,1.374,2.573,1.583,4.294,-0.492,4.173
150.22,1.625,2.574,1.590,4.386,-0.494,4.208
150.23,1.693,2.573,1.607,4.369,-0.493,4.235
150.24,1.518,2.575,1.593,4.209,-0.493,4.231
150.25,1.303,2.573,1.543,4.220,-0.492,4.231
150.26,1.404,2.572,1.518,3.928,-0.491,4.180
150.27,1.577,2.573,1.528,4.449,-0.492,4.225
150.28,1.791,2.571,1.571,4.184,-0.492,4.218
150.29,1.429,2.573,1.548,4.349,-0.491,4.241
150.30,1.367,2.574,1.519,4.262,-0.492,4.243
150.31,1.665,2.574,1.543,4.325,-0.492,4.258
150.32,1.662,2.575,1.564,4.586,-0.491,4.314
150.33,1.616,2.574,1.571,4.213,-0.492,4.297
150.34,1.675,2.574,1.588,4.410,-0.492,4.315
150.35,1.727,2.576,1.613,4.209,-0.491,4.298
150.36,1.489,2.575,1.592,4.518,-0.491,4.336
150.37,1.335,2.576,1.549,4.173,-0.491,4.309
150.38,1.516,2.577,1.544,4.252,-0.491,4.300
150.39,1.479,2.578,1.533,4.255,-0.490,4.293
150.40,1.325,2.579,1.499,3.985,-0.489,4.242
150.41,1.516,2.579,1.502,4.410,-0.489,4.270
150.42,1.588,2.578,1.515,4.173,-0.489,4.254
150.43,1.679,2.578,1.542,4.237,-0.489,4.252
150.44,1.791,2.578,1.584,4.050,-0.489,4.218
150.45,1.608,2.576,1.586,4.284,-0.490,4.228
150.46,1.518,2.577,1.576,4.275,-0.490,4.236
150.47,1.559,2.578,1.573,4.213,-0.490,4.232
150.48,1.448,2.579,1.553,4.050,-0.490,4.202
150.49,1.655,2.578,1.569,4.141,-0.491,4.191
150.50,1.559,2.578,1.567,4.376,-0.491,4.222
150.51,1.403,2.578,1.540,4.087,-0.491,4.199
150.52,1.510,2.578,1.534,4.145,-0.492,4.189
150.53,1.750,2.580,1.572,4.423,-0.492,4.229
150.54,1.725,2.580,1.597,4.230,-0.493,4.229
150.55,1.336,2.579,1.553,4.369,-0.491,4.254
150.56,1.724,2.578,1.580,4.447,-0.491,4.287
150.57,1.481,2.579,1.564,4.387,-0.491,4.304
150.58,1.496,2.580,1.554,4.218,-0.489,4.291
150.60,1.754,2.579,1.587,4.290,-0.490,4.290
150.61,1.648,2.582,1.599,4.173,-0.489,4.271
150.61,1.810,2.583,1.635,4.197,-0.489,4.259
150.62,1.738,2.583,1.652,3.985,-0.488,4.213
150.63,1.695,2.584,1.660,4.265,-0.488,4.223
150.64,1.549,2.581,1.639,3.875,-0.488,4.164
150.65,1.646,2.581,1.640,4.581,-0.488,4.234
150.66,1.684,2.582,1.648,3.998,-0.488,4.194
150.68,1.640,2.582,1.647,4.344,-0.488,4.220
150.68,1.348,2.582,1.596,4.507,-0.488,4.268
150.69,1.772,2.582,1.626,4.343,-0.488,4.281
150.71,1.504,2.583,1.606,4.181,-0.486,4.266
150.72,1.669,2.583,1.616,4.080,-0.486,4.234
150.73,1.482,2.583,1.594,4.027,-0.486,4.200
150.74,1.433,2.585,1.568,4.223,-0.485,4.205
150.74,1.533,2.587,1.564,4.125,-0.485,4.191
150.76,1.651,2.586,1.577,4.400,-0.486,4.225
150.77,1.488,2.586,1.562,4.442,-0.486,4.262
150.78,1.635,2.586,1.574,4.159,-0.484,4.246
150.79,1.356,2.586,1.537,4.161,-0.483,4.233
150.79,1.706,2.585,1.565,4.194,-0.482,4.227
150.81,1.662,2.585,1.581,4.029,-0.484,4.193
150.82,1.584,2.584,1.580,4.116,-0.484,4.180
150.83,1.462,2.585,1.562,4.524,-0.483,4.238
150.83,1.552,2.586,1.560,4.259,-0.483,4.242
150.85,1.704,2.584,1.583,4.249,-0.482,4.244
150.86,1.412,2.584,1.554,4.081,-0.483,4.215
150.87,1.095,2.585,1.476,4.333,-0.485,4.234
150.88,1.433,2.584,1.468,4.416,-0.485,4.265
150.89,1.378,2.584,1.452,4.198,-0.486,4.253
150.90,1.655,2.584,1.486,4.300,-0.485,4.262
150.91,1.607,2.585,1.507,3.966,-0.485,4.212
150.92,1.781,2.585,1.553,4.318,-0.484,4.231
150.93,1.827,2.584,1.598,4.499,-0.484,4.276
150.94,1.464,2.584,1.575,4.340,-0.485,4.286
150.95,1.365,2.584,1.540,4.244,-0.483,4.280
150.96,1.712,2.586,1.570,3.941,-0.483,4.224
150.97,1.572,2.585,1.570,4.053,-0.484,4.194
150.98,1.729,2.587,1.598,4.190,-0.485,4.193
150.99,1.788,2.586,1.629,4.153,-0.483,4.188
151.00,1.559,2.585,1.616,4.018,-0.482,4.160
151.01,1.780,2.585,1.644,4.144,-0.482,4.157
151.02,1.773,2.586,1.666,4.053,-0.482,4.140
151.03,1.479,2.586,1.634,4.273,-0.483,4.161
151.04,1.537,2.586,1.618,4.303,-0.483,4.185
151.05,1.452,2.585,1.589,4.219,-0.483,4.191
151.06,1.827,2.584,1.628,4.187,-0.483,4.190
151.07,1.504,2.587,1.609,4.448,-0.483,4.234
151.08,1.376,2.586,1.569,4.021,-0.484,4.197
151.09,1.666,2.587,1.586,4.461,-0.485,4.241
151.10,1.398,2.588,1.555,4.174,-0.484,4.230
151.11,1.600,2.588,1.562,4.263,-0.483,4.237
151.12,1.487,2.590,1.551,4.422,-0.483,4.268
151.13,1.569,2.592,1.555,4.248,-0.484,4.264
151.14,1.647,2.593,1.572,3.932,-0.482,4.210
151.15,1.549,2.593,1.568,4.354,-0.483,4.234
151.16,1.469,2.593,1.551,4.084,-0.485,4.207
151.17,1.564,2.592,1.552,4.150,-0.486,4.196
151.18,1.796,2.593,1.594,4.028,-0.484,4.169
151.19,1.509,2.595,1.581,4.236,-0.484,4.181
151.20,1.689,2.595,1.599,4.055,-0.486,4.158
151.21,1.753,2.596,1.625,4.072,-0.487,4.143
151.22,1.793,2.596,1.654,4.106,-0.487,4.137
151.23,1.288,2.597,1.593,4.263,-0.487,4.158
151.24,1.535,2.596,1.582,4.359,-0.487,4.191
151.25,1.753,2.595,1.610,4.421,-0.488,4.230
151.26,1.552,2.594,1.599,4.362,-0.488,4.252
151.27,1.623,2.594,1.604,4.039,-0.487,4.217
151.28,1.752,2.593,1.627,4.078,-0.488,4.193
151.29,1.465,2.594,1.601,4.235,-0.488,4.199
151.30,1.462,2.593,1.576,4.100,-0.488,4.183
151.31,1.459,2.594,1.558,4.034,-0.489,4.158
151.32,1.453,2.596,1.541,4.219,-0.489,4.167
151.33,1.762,2.596,1.578,4.319,-0.489,4.193
151.34,1.508,2.598,1.567,4.051,-0.489,4.169
151.35,1.619,2.598,1.577,4.263,-0.489,4.185
151.36,1.693,2.599,1.597,4.239,-0.490,4.193
151.37,1.728,2.599,1.619,4.093,-0.490,4.176
151.38,1.879,2.599,1.663,4.036,-0.491,4.152
151.39,1.793,2.597,1.683,4.030,-0.490,4.131
151.40,1.657,2.598,1.679,4.027,-0.490,4.114
151.41,1.685,2.598,1.681,4.264,-0.491,4.139
151.42,1.962,2.599,1.728,4.626,-0.492,4.220
151.43,1.519,2.600,1.694,4.103,-0.492,4.200
151.44,1.631,2.598,1.682,4.326,-0.492,4.221
151.45,1.494,2.600,1.652,4.163,-0.492,4.212
151.46,1.449,2.602,1.619,4.148,-0.491,4.201
151.47,1.524,2.603,1.604,4.065,-0.490,4.180
151.48,1.431,2.602,1.574,4.133,-0.490,4.172
151.49,1.353,2.602,1.537,4.266,-0.488,4.190
151.50,1.515,2.603,1.534,4.042,-0.488,4.165
151.51,1.768,2.605,1.574,4.057,-0.487,4.147
151.52,1.579,2.605,1.575,4.372,-0.489,4.183
151.53,1.542,2.605,1.569,4.351,-0.490,4.211
151.54,1.476,2.607,1.555,4.011,-0.491,4.176
151.55,1.403,2.607,1.529,4.474,-0.492,4.227
151.56,1.458,2.608,1.517,4.277,-0.493,4.234
151.57,1.467,2.610,1.510,4.156,-0.493,4.221
151.58,1.420,2.611,1.495,4.197,-0.493,4.217
151.59,1.729,2.612,1.535,4.397,-0.492,4.249
151.60,1.458,2.611,1.522,4.153,-0.492,4.232
151.61,1.794,2.613,1.569,4.387,-0.492,4.258
151.62,1.675,2.612,1.586,4.059,-0.493,4.225
151.63,1.788,2.611,1.619,4.079,-0.491,4.201
151.64,1.519,2.610,1.600,3.923,-0.492,4.154
151.65,1.801,2.610,1.635,4.210,-0.492,4.163
151.66,1.516,2.610,1.614,4.262,-0.491,4.181
151.67,1.721,2.609,1.632,4.027,-0.491,4.155
151.68,1.471,2.608,1.603,4.200,-0.493,4.161
151.69,1.618,2.609,1.607,4.234,-0.494,4.172
151.70,1.728,2.610,1.627,4.093,-0.495,4.158
151.71,1.689,2.610,1.638,4.239,-0.495,4.172
151.72,1.644,2.612,1.641,4.162,-0.495,4.170
151.73,1.395,2.612,1.599,4.164,-0.495,4.169
151.74,1.356,2.614,1.560,4.344,-0.495,4.198
151.75,1.865,2.614,1.611,4.087,-0.496,4.179
151.76,1.604,2.617,1.612,4.177,-0.496,4.179
151.77,1.720,2.617,1.630,4.108,-0.496,4.167
151.78,1.655,2.618,1.635,4.205,-0.497,4.173
151.79,1.581,2.619,1.627,4.178,-0.498,4.173
151.80,1.771,2.617,1.649,4.113,-0.499,4.162
151.81,1.278,2.618,1.587,4.430,-0.497,4.208
151.82,1.600,2.619,1.590,4.254,-0.497,4.216
151.83,1.666,2.620,1.604,4.015,-0.495,4.184
151.84,1.547,2.622,1.595,4.270,-0.496,4.198
151.85,1.668,2.623,1.608,4.297,-0.496,4.215
151.86,1.711,2.626,1.628,3.894,-0.496,4.161
151.87,1.569,2.626,1.618,4.067,-0.495,4.146
151.88,1.522,2.625,1.601,4.110,-0.494,4.140
151.89,1.703,2.625,1.618,4.186,-0.495,4.147
151.90,1.508,2.625,1.599,4.485,-0.495,4.205
151.91,1.463,2.626,1.576,4.267,-0.495,4.216
151.92,1.264,2.627,1.525,4.184,-0.494,4.211
151.93,1.607,2.628,1.539,4.077,-0.494,4.189
151.94,1.722,2.630,1.571,4.197,-0.494,4.190
151.95,1.646,2.630,1.584,3.820,-0.493,4.128
151.96,1.836,2.630,1.626,4.510,-0.494,4.192
151.97,1.699,2.632,1.639,3.935,-0.494,4.149
151.98,1.592,2.633,1.632,3.941,-0.494,4.114
151.99,1.594,2.633,1.626,4.287,-0.494,4.143
152.00,1.633,2.633,1.627,4.185,-0.494,4.150
152.01,1.660,2.632,1.632,4.237,-0.493,4.165
152.02,1.187,2.634,1.558,4.342,-0.493,4.195
152.03,1.679,2.636,1.580,4.288,-0.492,4.211
152.04,1.446,2.635,1.557,4.081,-0.493,4.189
152.05,1.581,2.635,1.560,4.361,-0.494,4.217
152.06,1.685,2.635,1.581,4.194,-0.493,4.214
152.07,1.706,2.637,1.603,3.977,-0.494,4.173
152.09,1.545,2.634,1.592,4.190,-0.493,4.177
152.10,1.392,2.634,1.558,4.516,-0.493,4.234
152.11,1.739,2.636,1.589,4.250,-0.493,4.237
152.11,1.537,2.636,1.581,3.857,-0.492,4.174
152.13,1.562,2.636,1.577,3.859,-0.494,4.119
152.14,1.396,2.636,1.546,4.284,-0.494,4.146
152.15,2.060,2.636,1.633,4.168,-0.495,4.150
152.16,1.679,2.637,1.641,4.357,-0.494,4.185
152.17,1.594,2.636,1.632,4.202,-0.493,4.189
152.17,1.518,2.636,1.613,4.342,-0.492,4.216
152.19,1.578,2.636,1.607,4.160,-0.491,4.207
152.19,1.610,2.637,1.608,4.314,-0.490,4.226
152.21,1.671,2.635,1.617,3.906,-0.489,4.173
152.22,1.605,2.636,1.615,4.205,-0.489,4.178
152.23,1.275,2.637,1.559,4.270,-0.489,4.194
152.23,1.490,2.637,1.547,4.250,-0.489,4.203
152.25,1.543,2.637,1.547,4.033,-0.489,4.175
152.26,1.455,2.638,1.532,4.249,-0.490,4.187
152.27,1.569,2.639,1.539,4.103,-0.489,4.173
152.28,1.489,2.640,1.531,3.970,-0.489,4.139
152.29,1.699,2.640,1.559,4.503,-0.489,4.200
152.29,1.776,2.642,1.596,3.965,-0.488,4.161
152.31,1.660,2.642,1.607,4.385,-0.488,4.199
152.32,1.746,2.644,1.631,4.337,-0.488,4.222
152.33,1.449,2.641,1.599,3.958,-0.489,4.177
152.34,1.384,2.643,1.564,4.075,-0.489,4.160
152.35,1.606,2.643,1.571,4.303,-0.489,4.184
152.36,1.581,2.644,1.573,4.277,-0.489,4.200
152.36,1.614,2.642,1.578,3.933,-0.488,4.155
152.38,1.517,2.643,1.569,4.316,-0.489,4.182
152.39,1.569,2.642,1.567,4.177,-0.488,4.181
152.40,1.574,2.642,1.568,4.131,-0.489,4.173
152.41,1.879,2.642,1.621,4.071,-0.487,4.157
152.42,1.257,2.642,1.560,4.286,-0.488,4.178
152.43,1.338,2.642,1.522,4.289,-0.487,4.197
152.44,1.691,2.641,1.549,4.447,-0.488,4.239
152.45,1.460,2.640,1.533,4.218,-0.487,4.236
152.46,1.545,2.639,1.534,3.928,-0.488,4.183
152.47,1.375,2.640,1.508,4.074,-0.488,4.165
152.48,1.635,2.639,1.528,4.034,-0.487,4.144
152.49,1.470,2.639,1.518,4.371,-0.488,4.181
152.50,1.792,2.640,1.565,4.128,-0.489,4.171
152.51,1.868,2.639,1.614,4.417,-0.489,4.213
152.52,1.437,2.639,1.584,4.362,-0.490,4.237
152.53,1.780,2.641,1.619,4.252,-0.489,4.240
152.54,1.480,2.640,1.595,4.132,-0.490,4.222
152.55,1.737,2.638,1.617,4.165,-0.491,4.211
152.56,1.401,2.637,1.579,4.073,-0.491,4.188
152.57,1.459,2.636,1.558,4.235,-0.491,4.195
152.58,1.599,2.638,1.566,4.382,-0.491,4.228
152.59,1.381,2.637,1.534,4.286,-0.491,4.238
152.60,1.508,2.637,1.529,4.014,-0.489,4.201
152.61,1.893,2.637,1.590,4.211,-0.489,4.203
152.62,1.343,2.637,1.548,4.132,-0.488,4.192
152.63,1.643,2.637,1.564,4.161,-0.489,4.186
152.64,1.700,2.637,1.587,4.435,-0.490,4.227
152.65,1.466,2.637,1.566,4.037,-0.489,4.196
152.66,1.462,2.638,1.549,4.061,-0.489,4.173
152.67,1.647,2.636,1.564,4.344,-0.489,4.202
152.68,1.773,2.635,1.598,4.370,-0.488,4.231
152.69,1.558,2.633,1.590,4.158,-0.487,4.219
152.70,1.653,2.633,1.600,4.270,-0.487,4.228
152.71,1.769,2.633,1.628,4.286,-0.487,4.238
152.72,1.465,2.633,1.601,4.302,-0.486,4.249
152.73,1.648,2.634,1.609,4.020,-0.488,4.210
152.74,1.642,2.634,1.614,4.197,-0.490,4.206
152.75,1.852,2.633,1.654,4.297,-0.489,4.222
152.76,1.874,2.633,1.691,4.253,-0.487,4.229
152.77,1.694,2.633,1.691,4.188,-0.486,4.223
152.78,1.576,2.633,1.671,3.962,-0.485,4.180
152.79,1.544,2.631,1.649,4.296,-0.484,4.200
152.80,1.644,2.630,1.647,4.357,-0.484,4.226
152.81,1.701,2.631,1.657,4.098,-0.486,4.204
152.82,1.595,2.632,1.647,4.020,-0.484,4.174
152.83,1.542,2.634,1.631,4.014,-0.485,4.147
152.84,1.961,2.633,1.685,4.256,-0.487,4.163
152.85,1.598,2.633,1.671,4.347,-0.486,4.195
152.86,1.203,2.632,1.592,4.313,-0.486,4.215
152.87,1.688,2.632,1.607,4.190,-0.487,4.210
152.88,1.401,2.631,1.572,4.220,-0.487,4.212
152.89,1.433,2.633,1.549,4.126,-0.487,4.197
152.90,1.432,2.632,1.529,4.447,-0.488,4.238
152.91,1.684,2.633,1.555,4.217,-0.489,4.234
152.92,1.764,2.633,1.591,4.324,-0.490,4.249
152.93,1.645,2.633,1.600,4.142,-0.491,4.230
152.94,1.714,2.632,1.619,3.996,-0.491,4.191
152.95,1.460,2.632,1.592,4.523,-0.490,4.247
152.96,1.530,2.631,1.580,4.191,-0.490,4.238
152.97,1.211,2.632,1.519,4.199,-0.490,4.231
152.98,1.720,2.632,1.553,4.085,-0.491,4.206
152.99,1.863,2.633,1.605,4.347,-0.490,4.230
153.00,1.588,2.633,1.603,3.955,-0.490,4.184
153.01,1.587,2.633,1.600,4.145,-0.490,4.177
153.02,1.472,2.635,1.580,3.906,-0.491,4.131
153.03,1.396,2.636,1.549,4.153,-0.491,4.135
153.04,1.734,2.638,1.581,4.106,-0.491,4.130
153.05,1.608,2.638,1.586,4.359,-0.490,4.169
153.06,1.731,2.639,1.611,4.269,-0.492,4.184
153.07,1.509,2.637,1.592,4.515,-0.491,4.240
153.08,1.624,2.639,1.599,4.325,-0.493,4.253
153.09,1.522,2.638,1.585,4.246,-0.493,4.252
153.10,1.248,2.636,1.526,4.027,-0.493,4.214
153.11,1.591,2.638,1.539,4.304,-0.493,4.229
153.12,1.648,2.637,1.556,4.273,-0.494,4.236
153.13,1.634,2.636,1.568,4.202,-0.495,4.230
153.14,1.457,2.637,1.550,4.330,-0.494,4.247
153.15,1.904,2.636,1.608,4.067,-0.496,4.215
153.16,1.495,2.633,1.587,4.181,-0.496,4.210
153.17,1.557,2.633,1.581,4.036,-0.495,4.181
153.18,1.408,2.632,1.552,4.257,-0.495,4.194
153.19,1.465,2.635,1.539,4.277,-0.494,4.209
153.20,1.667,2.635,1.561,4.102,-0.494,4.191
153.21,1.762,2.638,1.597,3.995,-0.494,4.158
153.22,1.482,2.638,1.577,4.171,-0.492,4.161
153.23,1.657,2.638,1.591,4.076,-0.491,4.148
153.24,1.746,2.638,1.616,4.328,-0.491,4.178
153.25,1.451,2.638,1.588,4.266,-0.490,4.194
153.26,1.513,2.637,1.575,4.127,-0.489,4.183
153.27,1.491,2.638,1.561,4.153,-0.490,4.178
153.28,1.404,2.640,1.537,4.338,-0.489,4.206
153.29,1.890,2.640,1.596,3.979,-0.490,4.166
153.30,1.604,2.640,1.596,4.144,-0.489,4.163
153.31,1.347,2.642,1.556,4.134,-0.489,4.159
153.32,1.811,2.640,1.598,4.402,-0.489,4.199
153.33,1.767,2.639,1.625,4.212,-0.490,4.201
153.34,1.511,2.640,1.607,4.267,-0.491,4.211
153.35,1.752,2.639,1.630,4.090,-0.491,4.190
153.36,1.295,2.639,1.573,3.909,-0.491,4.143
153.37,1.809,2.640,1.614,4.262,-0.491,4.163
153.38,1.612,2.643,1.615,4.051,-0.491,4.145
153.39,1.437,2.642,1.585,4.270,-0.490,4.166
153.40,1.986,2.642,1.652,4.346,-0.490,4.197
153.41,1.666,2.645,1.657,4.209,-0.490,4.198
153.42,1.899,2.647,1.699,4.299,-0.491,4.214
153.43,1.676,2.647,1.695,4.074,-0.492,4.189
153.44,1.527,2.645,1.665,4.292,-0.493,4.207
153.45,1.450,2.644,1.628,4.248,-0.493,4.213
153.46,1.515,2.644,1.608,4.227,-0.492,4.216
153.47,1.361,2.643,1.566,4.236,-0.492,4.220
153.48,1.506,2.642,1.554,4.560,-0.492,4.277
153.49,1.596,2.642,1.561,4.342,-0.492,4.288
153.50,1.482,2.641,1.547,4.304,-0.492,4.291
153.51,1.912,2.640,1.608,3.860,-0.492,4.218
153.52,1.566,2.640,1.600,4.372,-0.495,4.242
153.53,1.404,2.641,1.568,4.220,-0.494,4.239
153.54,1.672,2.641,1.585,4.271,-0.494,4.245
153.55,1.586,2.641,1.586,4.407,-0.495,4.271
153.56,1.596,2.642,1.587,4.278,-0.496,4.271
153.57,1.474,2.641,1.568,4.266,-0.495,4.272
153.58,1.718,2.643,1.594,4.379,-0.494,4.291
153.59,1.737,2.644,1.619,4.352,-0.496,4.300
153.61,1.456,2.643,1.590,4.153,-0.496,4.275
153.62,1.648,2.643,1.600,4.197,-0.495,4.262
153.63,1.631,2.642,1.604,3.895,-0.496,4.200
153.64,1.516,2.639,1.587,4.002,-0.495,4.167
153.65,1.711,2.641,1.609,4.039,-0.494,4.147
153.66,1.401,2.642,1.575,4.157,-0.494,4.148
153.67,1.430,2.642,1.550,4.228,-0.494,4.161
153.68,1.729,2.642,1.580,4.046,-0.496,4.141
153.69,1.739,2.642,1.606,4.362,-0.496,4.177
153.70,1.359,2.642,1.565,4.561,-0.496,4.242
153.71,1.479,2.642,1.550,4.138,-0.498,4.223
153.72,1.781,2.641,1.588,4.114,-0.498,4.205
153.73,1.679,2.642,1.604,4.144,-0.498,4.195
153.74,1.538,2.640,1.591,4.247,-0.499,4.203
153.75,1.741,2.642,1.617,4.193,-0.499,4.201
153.76,1.590,2.641,1.612,4.249,-0.499,4.209
153.77,1.572,2.642,1.606,4.271,-0.500,4.218
153.78,1.314,2.641,1.556,4.293,-0.500,4.232
153.79,1.468,2.642,1.542,4.268,-0.501,4.237
153.80,1.784,2.644,1.584,4.386,-0.500,4.263
153.81,1.606,2.646,1.589,3.841,-0.500,4.192
153.82,1.577,2.646,1.587,3.979,-0.500,4.156
153.83,1.588,2.646,1.587,3.994,-0.500,4.129
153.84,1.312,2.646,1.541,4.143,-0.501,4.130
153.85,1.625,2.646,1.554,4.543,-0.501,4.199
153.86,1.738,2.645,1.585,4.141,-0.502,4.189
153.87,1.560,2.644,1.579,4.010,-0.501,4.159
153.88,1.626,2.645,1.588,4.156,-0.502,4.158
153.89,1.301,2.645,1.539,4.073,-0.501,4.145
153.90,1.675,2.644,1.561,4.388,-0.501,4.185
153.91,1.494,2.644,1.550,4.260,-0.500,4.199
153.92,1.730,2.645,1.580,4.228,-0.499,4.204
153.93,1.444,2.643,1.556,4.160,-0.499,4.197
153.94,1.355,2.643,1.522,4.391,-0.498,4.231
153.95,1.655,2.646,1.547,3.925,-0.497,4.179
153.96,1.735,2.646,1.578,4.011,-0.497,4.151
153.97,1.802,2.645,1.615,4.198,-0.497,4.159
153.98,1.663,2.645,1.623,3.846,-0.498,4.106
153.99,1.470,2.645,1.597,4.347,-0.497,4.146
154.00,1.777,2.642,1.625,4.271,-0.498,4.167
154.01,1.674,2.644,1.635,4.082,-0.497,4.153
154.02,1.664,2.646,1.641,4.515,-0.496,4.215
154.03,1.484,2.646,1.614,4.116,-0.496,4.198
154.04,1.896,2.646,1.662,4.090,-0.497,4.179
154.05,1.786,2.647,1.683,4.331,-0.496,4.206
154.06,1.797,2.646,1.702,4.199,-0.497,4.204
154.07,1.409,2.647,1.653,4.161,-0.495,4.198
154.08,1.538,2.649,1.635,4.492,-0.496,4.246
154.09,1.564,2.646,1.621,3.947,-0.497,4.195
154.10,1.768,2.647,1.646,4.384,-0.497,4.227
154.11,1.791,2.648,1.671,4.026,-0.497,4.194
154.12,1.709,2.647,1.678,4.227,-0.496,4.200
154.13,1.608,2.649,1.667,4.443,-0.497,4.241
154.14,1.682,2.649,1.669,4.304,-0.497,4.251
154.15,1.678,2.651,1.673,3.923,-0.497,4.196
154.16,1.430,2.651,1.632,4.250,-0.497,4.205
154.17,1.822,2.652,1.664,4.377,-0.497,4.234
154.18,1.475,2.652,1.633,4.219,-0.498,4.231
154.19,1.436,2.653,1.600,4.215,-0.497,4.229
154.20,1.534,2.650,1.587,4.220,-0.497,4.228
154.21,1.894,2.651,1.639,4.325,-0.496,4.245
154.22,1.535,2.648,1.619,4.189,-0.496,4.236
154.23,1.796,2.647,1.648,4.014,-0.497,4.197
154.24,1.252,2.646,1.580,4.267,-0.497,4.210
154.25,1.521,2.647,1.571,4.013,-0.497,4.176
154.26,1.533,2.648,1.565,4.258,-0.498,4.189
154.27,1.593,2.649,1.570,4.067,-0.498,4.169
154.28,1.821,2.650,1.613,4.234,-0.498,4.180
154.29,1.715,2.650,1.630,4.366,-0.497,4.212
154.30,1.728,2.648,1.645,4.404,-0.497,4.244
154.31,1.420,2.647,1.606,4.139,-0.496,4.228
154.32,1.567,2.648,1.600,4.048,-0.496,4.197
154.33,1.660,2.646,1.608,4.326,-0.495,4.219
154.34,1.617,2.646,1.610,4.316,-0.496,4.235
154.35,1.590,2.644,1.605,4.023,-0.496,4.200
154.36,1.465,2.643,1.580,4.226,-0.496,4.204
154.37,1.469,2.643,1.561,4.270,-0.496,4.215
154.38,1.508,2.643,1.552,4.185,-0.495,4.211
154.39,1.596,2.643,1.560,3.931,-0.495,4.164
154.40,1.401,2.645,1.534,3.960,-0.495,4.129
154.41,1.667,2.646,1.557,4.100,-0.496,4.124
154.42,1.483,2.646,1.544,3.964,-0.495,4.098
154.43,1.848,2.648,1.597,4.381,-0.495,4.145
154.44,1.493,2.647,1.579,4.456,-0.495,4.198
154.45,1.615,2.647,1.584,4.045,-0.496,4.171
154.46,1.553,2.648,1.580,4.077,-0.497,4.154
154.47,1.699,2.648,1.600,4.042,-0.496,4.136
154.48,1.495,2.649,1.583,4.247,-0.497,4.154
154.49,1.810,2.649,1.621,4.047,-0.497,4.136
154.50,1.614,2.648,1.619,4.032,-0.497,4.118
154.51,1.918,2.647,1.669,4.048,-0.496,4.107
154.52,1.763,2.646,1.684,4.187,-0.496,4.120
154.53,1.487,2.646,1.650,3.924,-0.497,4.087
154.54,1.561,2.647,1.636,4.224,-0.497,4.110
154.55,1.592,2.648,1.629,4.292,-0.497,4.140
154.56,1.648,2.646,1.631,4.223,-0.495,4.156
154.57,1.600,2.647,1.626,4.217,-0.495,4.166
154.58,1.668,2.649,1.635,3.994,-0.496,4.136
154.59,1.578,2.650,1.626,3.823,-0.497,4.083
154.60,1.269,2.650,1.566,3.833,-0.496,4.041
154.61,1.567,2.652,1.567,4.257,-0.497,4.076
154.62,1.453,2.652,1.548,3.978,-0.497,4.060
154.63,1.621,2.651,1.560,4.181,-0.496,4.081
154.64,1.650,2.651,1.575,4.118,-0.496,4.087
154.65,1.788,2.653,1.612,4.143,-0.495,4.098
154.66,1.451,2.652,1.584,4.187,-0.494,4.114
154.67,1.226,2.652,1.523,4.429,-0.493,4.167
154.68,1.603,2.651,1.536,4.254,-0.495,4.180
154.69,1.527,2.650,1.533,4.454,-0.496,4.225
154.70,1.601,2.650,1.544,3.893,-0.497,4.169
154.71,1.506,2.649,1.537,4.109,-0.497,4.159
154.72,1.650,2.651,1.557,3.999,-0.496,4.132
154.73,1.453,2.648,1.537,3.859,-0.495,4.087
154.74,1.430,2.645,1.517,3.899,-0.496,4.055
154.75,1.773,2.647,1.561,4.044,-0.495,4.053
154.76,1.582,2.649,1.565,4.255,-0.496,4.087
154.77,1.567,2.649,1.566,3.895,-0.496,4.054
154.78,1.809,2.651,1.609,3.962,-0.497,4.038
154.79,1.786,2.650,1.637,4.231,-0.497,4.070
154.80,1.703,2.650,1.648,3.878,-0.498,4.037
154.81,1.638,2.651,1.647,4.188,-0.497,4.062
154.82,2.014,2.650,1.708,4.411,-0.498,4.120
154.83,1.418,2.652,1.661,3.873,-0.498,4.078
154.84,1.513,2.652,1.636,4.129,-0.500,4.085
154.85,1.365,2.653,1.591,4.041,-0.499,4.078
154.86,1.635,2.654,1.599,4.274,-0.501,4.109
154.87,1.605,2.655,1.601,4.308,-0.501,4.143
154.88,1.655,2.657,1.612,3.986,-0.502,4.116
154.89,1.605,2.656,1.609,4.036,-0.501,4.103
154.90,1.700,2.657,1.625,4.336,-0.501,4.142
154.91,1.651,2.657,1.629,4.281,-0.503,4.164
154.92,1.432,2.657,1.596,4.175,-0.502,4.167
154.93,1.567,2.656,1.590,4.242,-0.503,4.179
154.94,1.538,2.655,1.580,4.231,-0.505,4.186
154.95,1.397,2.652,1.547,4.120,-0.505,4.175
154.96,1.521,2.653,1.543,4.242,-0.505,4.186
154.97,1.851,2.653,1.596,4.329,-0.505,4.210
154.98,1.591,2.652,1.594,4.155,-0.505,4.201
154.99,1.547,2.652,1.586,4.184,-0.503,4.200
155.00,1.843,2.651,1.628,4.080,-0.506,4.177
155.02,1.466,2.649,1.599,4.528,-0.506,4.236
155.02,1.536,2.648,1.587,4.158,-0.507,4.223
155.03,1.778,2.651,1.622,3.846,-0.506,4.160
155.04,1.424,2.651,1.589,4.497,-0.507,4.216
155.05,1.729,2.650,1.611,4.036,-0.506,4.186
155.06,1.550,2.650,1.600,3.986,-0.506,4.153
155.07,1.868,2.651,1.646,3.867,-0.506,4.105
155.08,1.580,2.652,1.636,4.205,-0.505,4.122
155.10,1.401,2.653,1.598,4.044,-0.505,4.109
155.10,1.378,2.654,1.561,4.048,-0.505,4.099
155.11,1.415,2.655,1.538,4.245,-0.505,4.124
155.12,1.738,2.655,1.571,4.381,-0.506,4.166
155.13,1.897,2.656,1.626,4.333,-0.507,4.193
155.14,1.530,2.654,1.608,4.042,-0.507,4.168
155.16,1.667,2.653,1.617,4.356,-0.507,4.199
155.17,1.660,2.654,1.625,4.339,-0.506,4.223
155.18,1.743,2.655,1.646,4.247,-0.507,4.227
155.19,1.740,2.654,1.661,4.280,-0.508,4.235
155.20,1.731,2.656,1.674,4.269,-0.508,4.240
155.21,1.574,2.655,1.657,4.551,-0.509,4.292
155.22,1.591,2.654,1.645,4.303,-0.509,4.294
155.23,1.743,2.653,1.661,4.105,-0.509,4.263
155.24,1.714,2.653,1.669,4.153,-0.509,4.245
155.25,1.894,2.654,1.708,4.185,-0.507,4.236
155.26,1.749,2.654,1.715,4.277,-0.507,4.243
155.27,1.514,2.655,1.682,4.298,-0.506,4.254
155.28,1.644,2.656,1.676,4.223,-0.507,4.248
155.29,1.503,2.653,1.645,4.170,-0.506,4.235
155.30,1.619,2.654,1.642,4.069,-0.507,4.207
155.31,1.817,2.654,1.671,4.150,-0.506,4.198
155.32,1.430,2.656,1.632,4.151,-0.506,4.190
155.33,1.809,2.656,1.661,4.370,-0.506,4.221
155.34,1.538,2.655,1.640,3.994,-0.506,4.183
155.35,1.648,2.657,1.643,4.129,-0.506,4.173
155.36,1.736,2.658,1.659,3.919,-0.505,4.131
155.37,1.654,2.658,1.659,4.214,-0.506,4.145
155.38,1.377,2.656,1.610,4.237,-0.505,4.161
155.39,1.263,2.658,1.552,3.938,-0.505,4.123
155.40,1.739,2.659,1.585,4.215,-0.505,4.138
155.41,1.559,2.661,1.582,4.286,-0.505,4.164
155.42,1.441,2.663,1.560,4.440,-0.504,4.211
155.43,1.414,2.663,1.535,4.309,-0.502,4.229
155.44,1.403,2.663,1.512,3.976,-0.502,4.187
155.45,1.600,2.662,1.526,4.069,-0.501,4.168
155.46,1.460,2.662,1.515,4.205,-0.502,4.173
155.47,1.572,2.661,1.523,4.087,-0.502,4.158
155.48,1.502,2.662,1.520,4.199,-0.500,4.167
155.49,1.587,2.661,1.531,4.073,-0.500,4.151
155.50,1.672,2.661,1.554,4.147,-0.498,4.151
155.51,1.541,2.661,1.552,3.918,-0.499,4.112
155.52,1.621,2.663,1.565,4.443,-0.499,4.168
155.53,1.764,2.663,1.598,4.250,-0.498,4.182
155.54,1.542,2.663,1.589,4.334,-0.499,4.207
155.55,1.424,2.662,1.560,4.354,-0.498,4.232
155.56,1.591,2.665,1.568,4.121,-0.499,4.213
155.57,1.568,2.665,1.568,4.042,-0.499,4.184
155.58,1.581,2.665,1.570,4.251,-0.499,4.196
155.59,1.470,2.665,1.552,4.219,-0.499,4.199
155.60,1.654,2.664,1.569,3.971,-0.499,4.161
155.61,1.630,2.664,1.579,4.486,-0.500,4.215
155.62,1.371,2.663,1.543,4.275,-0.501,4.224
155.63,1.312,2.665,1.505,4.133,-0.501,4.208
155.64,1.621,2.664,1.524,4.290,-0.501,4.222
155.65,1.513,2.665,1.523,3.967,-0.504,4.178
155.66,1.752,2.666,1.562,4.067,-0.503,4.159
155.67,1.528,2.666,1.556,4.028,-0.503,4.137
155.68,1.622,2.666,1.567,3.868,-0.503,4.091
155.69,1.660,2.665,1.582,4.083,-0.501,4.091
155.70,1.780,2.665,1.615,3.915,-0.502,4.061
155.71,1.719,2.665,1.633,4.177,-0.502,4.080
155.72,1.504,2.666,1.611,4.448,-0.503,4.142
155.73,1.539,2.664,1.598,4.380,-0.503,4.182
155.74,1.765,2.662,1.624,4.242,-0.504,4.191
155.75,1.404,2.661,1.586,3.953,-0.502,4.153
155.76,1.458,2.661,1.564,4.253,-0.501,4.170
155.77,1.462,2.662,1.548,4.345,-0.499,4.201
155.78,1.532,2.663,1.546,4.028,-0.499,4.172
155.79,1.705,2.663,1.572,4.217,-0.499,4.180
155.80,1.568,2.662,1.571,3.832,-0.498,4.122
155.81,1.632,2.664,1.583,3.843,-0.498,4.075
155.82,1.569,2.665,1.581,3.944,-0.498,4.053
155.83,1.505,2.663,1.566,4.358,-0.497,4.105
155.84,1.683,2.662,1.585,4.199,-0.497,4.121
155.85,1.473,2.662,1.566,4.004,-0.498,4.100
155.86,1.543,2.661,1.561,4.193,-0.498,4.116
155.87,1.407,2.659,1.533,3.918,-0.498,4.082
155.88,1.473,2.658,1.522,4.365,-0.499,4.129
155.89,1.510,2.656,1.518,4.187,-0.499,4.139
155.90,1.505,2.657,1.516,4.285,-0.500,4.162
155.91,1.523,2.657,1.517,4.087,-0.500,4.150
155.92,1.596,2.656,1.530,4.327,-0.500,4.179
155.93,1.498,2.655,1.523,4.216,-0.500,4.185
155.94,1.617,2.655,1.539,4.099,-0.501,4.170
155.95,1.706,2.654,1.566,4.049,-0.501,4.150
155.96,1.771,2.655,1.601,4.332,-0.501,4.181
155.97,1.840,2.656,1.642,4.387,-0.500,4.216
155.98,1.510,2.655,1.619,4.212,-0.500,4.216
155.99,1.579,2.655,1.612,4.223,-0.499,4.218
156.00,1.702,2.655,1.628,4.111,-0.499,4.200
156.01,1.286,2.657,1.571,3.718,-0.499,4.118
156.02,1.513,2.658,1.562,4.258,-0.498,4.142
156.03,1.400,2.660,1.536,4.204,-0.500,4.151
156.04,1.777,2.660,1.576,4.439,-0.501,4.199
156.05,1.627,2.660,1.585,4.209,-0.501,4.201
156.06,1.800,2.661,1.622,4.191,-0.501,4.199
156.07,1.876,2.662,1.666,4.345,-0.500,4.224
156.08,1.450,2.662,1.629,4.120,-0.500,4.207
156.09,1.489,2.661,1.605,4.039,-0.503,4.176
156.10,1.659,2.664,1.616,4.166,-0.502,4.175
156.11,1.441,2.663,1.586,4.223,-0.501,4.184
156.12,1.374,2.665,1.552,3.977,-0.501,4.149
156.13,1.538,2.665,1.549,4.296,-0.502,4.173
156.14,1.781,2.666,1.588,4.303,-0.501,4.196
156.15,1.458,2.666,1.567,3.981,-0.500,4.160
156.16,1.857,2.667,1.616,4.168,-0.500,4.162
156.17,1.705,2.666,1.630,4.167,-0.499,4.164
156.18,1.924,2.666,1.680,3.913,-0.499,4.121
156.19,1.412,2.667,1.636,4.040,-0.500,4.107
156.20,1.504,2.667,1.613,4.256,-0.500,4.132
156.21,1.621,2.667,1.614,4.427,-0.501,4.181
156.22,1.515,2.665,1.596,4.235,-0.502,4.189
156.23,1.499,2.666,1.580,4.047,-0.502,4.165
156.24,1.842,2.665,1.624,4.235,-0.503,4.176
156.25,1.850,2.665,1.662,4.096,-0.503,4.162
156.26,1.599,2.664,1.650,4.233,-0.503,4.174
156.27,1.569,2.665,1.637,4.337,-0.505,4.201
156.28,1.638,2.664,1.637,4.221,-0.504,4.204
156.29,1.774,2.665,1.660,4.313,-0.505,4.222
156.30,1.535,2.666,1.640,4.409,-0.507,4.251
156.31,1.733,2.667,1.657,4.259,-0.508,4.252
156.32,1.642,2.666,1.653,3.941,-0.508,4.200
156.33,1.571,2.666,1.639,4.166,-0.509,4.194
156.34,1.327,2.663,1.584,4.076,-0.509,4.174
156.35,1.628,2.662,1.591,4.067,-0.509,4.156
156.36,1.838,2.663,1.633,4.093,-0.510,4.144
156.37,1.491,2.665,1.611,4.061,-0.511,4.130
156.38,1.922,2.666,1.664,4.162,-0.512,4.134
156.39,1.705,2.666,1.671,4.147,-0.513,4.135
156.40,1.606,2.664,1.658,4.460,-0.513,4.190
156.41,1.672,2.663,1.660,4.136,-0.515,4.180
156.42,1.458,2.664,1.627,4.343,-0.514,4.207
156.43,1.467,2.662,1.598,4.255,-0.513,4.216
156.44,1.443,2.661,1.571,4.484,-0.515,4.260
156.45,1.553,2.661,1.568,4.492,-0.513,4.301
156.46,1.449,2.662,1.548,4.151,-0.512,4.276
156.47,1.588,2.661,1.554,4.221,-0.513,4.266
156.48,1.687,2.660,1.575,4.417,-0.513,4.292
156.49,1.677,2.660,1.593,4.159,-0.515,4.268
156.50,1.798,2.663,1.629,4.337,-0.517,4.279
156.51,1.453,2.663,1.599,3.976,-0.519,4.226
156.53,1.619,2.660,1.600,4.260,-0.518,4.232
156.54,1.618,2.661,1.604,4.210,-0.519,4.227
156.55,1.400,2.662,1.570,4.011,-0.519,4.191
156.56,1.596,2.663,1.575,4.083,-0.518,4.174
156.56,1.606,2.664,1.581,4.038,-0.517,4.152
156.57,1.469,2.664,1.562,3.957,-0.516,4.120
156.59,1.453,2.664,1.544,4.054,-0.516,4.109
156.60,1.575,2.665,1.549,4.469,-0.516,4.169
156.61,1.545,2.665,1.548,4.181,-0.517,4.171
156.62,1.700,2.666,1.574,4.303,-0.517,4.193
156.63,1.630,2.664,1.582,4.376,-0.518,4.223
156.63,1.532,2.663,1.573,4.349,-0.517,4.245
156.64,1.603,2.665,1.579,4.235,-0.517,4.244
156.66,1.346,2.665,1.540,4.042,-0.517,4.210
156.67,1.800,2.663,1.582,4.267,-0.516,4.221
156.68,1.734,2.662,1.607,4.359,-0.517,4.243
156.69,1.761,2.661,1.632,4.123,-0.517,4.222
156.70,1.593,2.659,1.623,4.266,-0.517,4.230
156.71,1.494,2.661,1.603,4.067,-0.517,4.202
156.72,1.541,2.661,1.593,4.253,-0.519,4.210
156.73,1.618,2.661,1.596,4.234,-0.518,4.215
156.74,1.321,2.660,1.549,4.040,-0.517,4.186
156.75,1.460,2.660,1.534,4.156,-0.517,4.181
156.76,1.485,2.658,1.524,4.077,-0.517,4.163
156.77,1.533,2.657,1.525,4.160,-0.517,4.163
156.78,1.575,2.655,1.531,4.203,-0.516,4.170
156.79,1.482,2.656,1.524,3.989,-0.516,4.140
156.80,2.059,2.656,1.614,4.271,-0.517,4.161
156.81,1.777,2.657,1.641,4.127,-0.518,4.155
156.82,1.179,2.655,1.562,3.870,-0.518,4.106
156.83,1.642,2.655,1.575,4.331,-0.517,4.145
156.84,1.762,2.654,1.606,4.140,-0.517,4.144
156.85,1.594,2.654,1.603,4.106,-0.518,4.137
156.86,1.637,2.654,1.609,4.436,-0.518,4.188
156.87,1.270,2.654,1.552,4.203,-0.519,4.189
156.88,1.520,2.656,1.548,4.267,-0.520,4.202
156.89,1.535,2.654,1.544,4.021,-0.520,4.171
156.90,1.731,2.655,1.577,4.387,-0.519,4.208
156.91,1.578,2.656,1.577,4.051,-0.519,4.182
156.92,1.376,2.657,1.544,3.709,-0.519,4.102
156.93,1.638,2.657,1.560,4.079,-0.518,4.099
156.94,1.591,2.658,1.566,4.095,-0.518,4.098
156.95,1.375,2.659,1.534,4.315,-0.517,4.135
156.96,1.631,2.660,1.551,4.002,-0.517,4.113
156.97,1.541,2.660,1.549,4.121,-0.518,4.114
156.98,1.835,2.659,1.597,4.073,-0.518,4.107
156.99,1.658,2.661,1.608,3.888,-0.519,4.069
157.00,1.539,2.660,1.596,4.429,-0.518,4.130
157.01,1.703,2.659,1.613,4.043,-0.518,4.115
157.02,1.527,2.658,1.597,4.200,-0.519,4.129
157.03,1.534,2.660,1.588,4.321,-0.517,4.163
157.04,1.735,2.660,1.613,4.327,-0.519,4.190
157.05,1.514,2.661,1.597,3.970,-0.519,4.153
157.06,1.959,2.662,1.659,4.117,-0.521,4.145
157.07,1.521,2.663,1.636,4.192,-0.519,4.154
157.08,1.386,2.663,1.594,4.145,-0.520,4.152
157.09,1.637,2.664,1.602,4.037,-0.520,4.132
157.10,1.626,2.665,1.607,4.172,-0.520,4.139
157.11,1.592,2.665,1.604,3.921,-0.519,4.103
157.12,1.297,2.665,1.552,3.825,-0.519,4.057
157.13,1.516,2.665,1.546,4.178,-0.519,4.077
157.14,1.688,2.666,1.571,4.177,-0.522,4.091
157.15,1.447,2.667,1.550,4.136,-0.522,4.098
157.16,1.453,2.668,1.535,4.510,-0.522,4.168
157.17,1.549,2.669,1.538,4.200,-0.523,4.173
157.18,1.434,2.668,1.519,4.161,-0.522,4.171
157.19,1.921,2.668,1.586,4.331,-0.523,4.197
157.20,1.373,2.668,1.550,4.112,-0.521,4.184
157.21,1.888,2.669,1.608,4.237,-0.523,4.192
157.22,1.727,2.669,1.628,4.501,-0.524,4.244
157.23,1.760,2.670,1.651,4.348,-0.523,4.262
157.24,1.523,2.671,1.631,4.039,-0.521,4.226
157.25,1.399,2.671,1.591,4.319,-0.521,4.242
157.26,1.383,2.670,1.556,4.543,-0.521,4.293
157.27,1.569,2.669,1.557,4.019,-0.520,4.248
157.28,1.539,2.668,1.553,4.214,-0.519,4.243
157.29,1.435,2.666,1.531,3.995,-0.519,4.201
157.30,1.494,2.666,1.525,4.458,-0.519,4.245
157.31,1.676,2.667,1.550,4.304,-0.518,4.256
157.32,1.827,2.666,1.597,4.198,-0.518,4.246
157.33,1.743,2.667,1.622,3.839,-0.519,4.177
157.34,1.553,2.667,1.610,4.362,-0.521,4.206
157.35,1.656,2.668,1.618,4.292,-0.520,4.222
157.36,1.555,2.666,1.606,4.141,-0.522,4.207
157.37,1.320,2.666,1.558,3.950,-0.523,4.162
157.38,1.583,2.664,1.560,3.981,-0.525,4.131
157.39,1.659,2.662,1.575,4.336,-0.525,4.165
157.40,1.462,2.662,1.556,3.967,-0.524,4.132
157.41,1.670,2.663,1.576,4.447,-0.524,4.185
157.42,1.484,2.661,1.559,4.009,-0.524,4.156
157.43,1.802,2.662,1.600,4.381,-0.525,4.193
157.44,1.642,2.661,1.606,4.340,-0.524,4.218
157.45,1.508,2.663,1.592,4.050,-0.525,4.189
157.46,1.697,2.663,1.609,3.980,-0.526,4.153
157.47,1.528,2.662,1.594,4.160,-0.526,4.154
157.48,1.440,2.662,1.568,4.001,-0.526,4.129
157.49,1.594,2.660,1.571,4.445,-0.527,4.181
157.50,1.650,2.661,1.585,4.370,-0.528,4.212
157.51,1.576,2.662,1.584,4.398,-0.528,4.243
157.52,1.442,2.661,1.560,4.216,-0.528,4.239
157.53,1.408,2.660,1.533,3.847,-0.529,4.172
157.54,1.445,2.658,1.516,4.317,-0.530,4.196
157.55,1.539,2.658,1.520,4.215,-0.530,4.200
157.56,1.639,2.658,1.540,4.299,-0.532,4.215
157.57,1.553,2.658,1.542,4.195,-0.533,4.211
157.58,1.599,2.658,1.551,3.922,-0.533,4.162
157.59,1.593,2.660,1.560,4.293,-0.534,4.183
157.60,1.576,2.660,1.563,4.156,-0.534,4.179
157.61,1.467,2.659,1.546,4.205,-0.535,4.183
157.62,1.577,2.660,1.551,4.307,-0.534,4.204
157.63,1.517,2.659,1.544,4.081,-0.535,4.183
157.64,1.648,2.659,1.562,4.234,-0.535,4.192
157.65,1.687,2.659,1.583,4.293,-0.536,4.208
157.66,2.009,2.658,1.654,4.254,-0.534,4.217
157.67,1.496,2.660,1.629,4.159,-0.534,4.207
157.68,1.675,2.659,1.635,4.206,-0.535,4.207
157.69,1.275,2.660,1.576,3.934,-0.535,4.161
157.70,1.857,2.661,1.624,4.274,-0.534,4.181
157.71,1.443,2.661,1.593,4.211,-0.534,4.186
157.72,1.532,2.661,1.583,4.130,-0.535,4.176
157.73,1.567,2.662,1.580,4.323,-0.534,4.201
157.74,1.442,2.661,1.557,4.310,-0.535,4.219
157.75,1.623,2.660,1.566,4.271,-0.535,4.228
157.76,1.517,2.660,1.558,4.256,-0.534,4.233
157.77,1.908,2.659,1.616,4.120,-0.536,4.213
157.78,1.631,2.660,1.619,4.059,-0.536,4.187
157.79,1.542,2.661,1.607,4.100,-0.538,4.171
157.80,1.685,2.661,1.620,4.109,-0.538,4.161
157.81,1.872,2.661,1.662,4.537,-0.536,4.225
157.82,1.666,2.660,1.662,4.072,-0.539,4.197
157.83,1.508,2.657,1.634,4.283,-0.539,4.212
157.84,1.431,2.658,1.600,4.094,-0.540,4.191
157.85,1.812,2.658,1.636,4.016,-0.540,4.162
157.86,1.399,2.659,1.597,4.226,-0.539,4.174
157.87,1.673,2.657,1.608,4.189,-0.540,4.176
157.88,1.313,2.658,1.559,4.207,-0.540,4.181
157.89,1.465,2.659,1.544,4.090,-0.539,4.166
157.90,1.400,2.657,1.518,4.040,-0.538,4.146
157.91,1.581,2.656,1.528,4.280,-0.538,4.168
157.92,1.645,2.657,1.548,4.156,-0.538,4.166
157.93,1.619,2.657,1.560,4.272,-0.539,4.183
157.94,1.711,2.656,1.584,4.147,-0.539,4.177
157.95,1.388,2.656,1.551,4.468,-0.540,4.225
157.96,1.479,2.655,1.538,4.121,-0.540,4.208
157.97,1.732,2.654,1.570,4.172,-0.540,4.202
157.98,1.626,2.653,1.578,4.036,-0.542,4.173
157.99,1.559,2.653,1.575,4.228,-0.542,4.182
158.00,1.684,2.652,1.593,4.007,-0.542,4.152
158.01,1.421,2.653,1.565,4.143,-0.543,4.150
158.02,1.448,2.654,1.545,4.148,-0.543,4.150
158.03,1.407,2.652,1.521,4.345,-0.543,4.183
158.04,1.475,2.654,1.514,4.293,-0.544,4.201
158.06,1.757,2.654,1.556,4.173,-0.544,4.196
158.07,1.622,2.653,1.566,4.137,-0.544,4.186
158.08,1.494,2.654,1.555,4.419,-0.546,4.224
158.09,1.583,2.656,1.560,4.160,-0.545,4.214
158.10,1.655,2.655,1.576,4.205,-0.545,4.213
158.11,1.694,2.655,1.596,4.177,-0.546,4.206
158.12,1.651,2.656,1.606,4.330,-0.547,4.226
158.13,1.637,2.657,1.612,3.819,-0.547,4.157
158.14,1.654,2.657,1.619,3.850,-0.547,4.106
158.15,1.655,2.654,1.623,4.448,-0.548,4.163
158.16,1.673,2.653,1.630,4.282,-0.547,4.184
158.17,1.542,2.652,1.615,4.264,-0.547,4.197
158.18,1.358,2.653,1.572,4.183,-0.546,4.196
158.19,1.793,2.653,1.609,4.081,-0.546,4.176
158.20,1.423,2.653,1.578,3.929,-0.546,4.135
158.21,1.457,2.653,1.557,4.101,-0.544,4.131
158.22,1.768,2.653,1.593,4.107,-0.544,4.127
158.23,1.900,2.652,1.644,4.158,-0.544,4.132
158.24,1.531,2.651,1.624,4.144,-0.544,4.134
158.25,1.943,2.651,1.678,4.252,-0.544,4.154
158.26,1.672,2.653,1.679,4.254,-0.544,4.170
158.27,1.554,2.652,1.656,4.173,-0.544,4.171
158.28,1.595,2.650,1.645,3.779,-0.544,4.105
158.29,1.642,2.650,1.644,4.148,-0.543,4.113
158.30,1.509,2.648,1.620,4.262,-0.543,4.138
158.31,1.439,2.648,1.589,4.172,-0.542,4.144
158.32,1.398,2.649,1.558,4.291,-0.542,4.170
158.33,1.648,2.651,1.574,4.407,-0.541,4.210
158.34,1.733,2.649,1.600,4.334,-0.541,4.231
158.35,1.578,2.650,1.597,4.160,-0.541,4.219
158.36,1.689,2.649,1.611,4.312,-0.541,4.235
158.37,1.771,2.649,1.638,3.966,-0.541,4.190
158.38,1.469,2.649,1.610,4.420,-0.541,4.229
158.39,1.785,2.650,1.640,4.191,-0.541,4.222
158.40,1.439,2.649,1.605,4.073,-0.542,4.197
158.41,1.656,2.650,1.614,4.218,-0.542,4.200
158.42,1.503,2.650,1.595,4.026,-0.542,4.171
158.43,1.617,2.649,1.598,4.232,-0.541,4.182
158.44,1.524,2.651,1.587,4.140,-0.541,4.175
158.45,1.590,2.652,1.589,4.192,-0.541,4.178
158.46,1.520,2.653,1.578,4.164,-0.541,4.176
158.47,1.480,2.653,1.562,4.368,-0.539,4.210
158.48,1.628,2.653,1.572,3.967,-0.540,4.168
158.49,1.428,2.650,1.546,4.426,-0.541,4.211
158.50,1.645,2.650,1.562,4.241,-0.541,4.216
158.51,1.470,2.652,1.548,3.963,-0.540,4.174
158.52,1.757,2.652,1.584,3.801,-0.541,4.111
158.53,1.784,2.653,1.617,4.193,-0.540,4.125
158.54,1.622,2.652,1.618,4.197,-0.540,4.138
158.55,1.485,2.651,1.595,3.876,-0.537,4.095
158.56,1.539,2.650,1.584,4.543,-0.538,4.170
158.57,1.462,2.651,1.564,4.079,-0.537,4.155
158.58,1.516,2.652,1.557,4.134,-0.536,4.152
158.59,1.726,2.651,1.584,4.340,-0.535,4.185
158.60,1.384,2.653,1.552,4.394,-0.536,4.220
158.61,1.399,2.654,1.527,4.147,-0.536,4.208
158.62,1.698,2.653,1.555,4.150,-0.537,4.197
158.63,1.566,2.654,1.558,4.194,-0.537,4.196
158.64,1.329,2.656,1.520,3.871,-0.536,4.143
158.65,1.613,2.657,1.536,4.246,-0.535,4.161
158.66,1.560,2.655,1.539,3.902,-0.535,4.118
158.67,1.484,2.655,1.530,4.256,-0.534,4.141
158.68,1.429,2.655,1.512,4.197,-0.534,4.151
158.69,1.456,2.654,1.502,4.168,-0.536,4.152
158.70,1.375,2.655,1.481,4.288,-0.537,4.174
158.71,1.581,2.655,1.498,4.086,-0.536,4.160
158.72,1.549,2.656,1.507,4.043,-0.537,4.139
158.73,1.645,2.654,1.529,4.096,-0.537,4.132
158.74,1.449,2.656,1.516,3.908,-0.537,4.094
158.75,1.687,2.656,1.545,4.175,-0.537,4.108
158.76,1.585,2.658,1.554,4.072,-0.538,4.101
158.77,1.519,2.657,1.547,4.128,-0.539,4.105
158.78,1.537,2.658,1.545,4.100,-0.537,4.105
158.79,1.656,2.658,1.564,4.074,-0.536,4.100
158.80,1.398,2.659,1.537,3.870,-0.536,4.062
158.81,1.460,2.662,1.526,3.983,-0.536,4.048
158.82,1.466,2.662,1.516,4.086,-0.536,4.055
158.83,1.541,2.662,1.520,4.398,-0.536,4.112
158.84,1.584,2.662,1.530,4.221,-0.537,4.130
158.85,1.631,2.663,1.548,3.999,-0.535,4.109
158.86,1.625,2.663,1.561,4.423,-0.536,4.161
158.87,1.598,2.664,1.568,4.272,-0.537,4.179
158.88,1.486,2.663,1.553,4.470,-0.538,4.227
158.89,1.454,2.663,1.536,4.271,-0.538,4.234
158.90,1.734,2.664,1.570,4.287,-0.537,4.245
158.91,1.699,2.664,1.592,4.152,-0.536,4.230
158.92,1.792,2.663,1.625,4.149,-0.534,4.218
158.93,1.323,2.664,1.574,4.197,-0.534,4.215
158.94,1.390,2.663,1.543,4.396,-0.533,4.246
158.95,1.771,2.664,1.582,4.330,-0.532,4.261
158.96,1.514,2.666,1.572,4.404,-0.531,4.286
158.97,1.637,2.666,1.582,4.185,-0.531,4.270
158.98,1.642,2.667,1.593,4.524,-0.530,4.313
158.99,1.379,2.667,1.557,4.200,-0.532,4.293
159.00,1.377,2.666,1.526,4.016,-0.533,4.246
159.01,1.706,2.665,1.556,4.169,-0.532,4.233
159.02,1.488,2.666,1.544,4.126,-0.530,4.217
159.03,1.597,2.668,1.555,4.002,-0.530,4.182
159.04,1.782,2.668,1.593,4.333,-0.531,4.206
159.05,1.454,2.670,1.571,4.331,-0.531,4.227
159.06,1.591,2.670,1.575,4.262,-0.532,4.232
159.07,1.522,2.669,1.565,4.388,-0.533,4.258
159.08,1.642,2.673,1.581,4.332,-0.532,4.271
159.09,1.449,2.672,1.557,4.334,-0.532,4.282
159.10,1.741,2.673,1.589,4.059,-0.533,4.244
159.11,1.559,2.672,1.583,4.103,-0.534,4.220
159.12,1.275,2.672,1.531,4.294,-0.533,4.233
159.13,1.671,2.674,1.556,4.162,-0.533,4.221
159.14,1.457,2.671,1.537,4.137,-0.533,4.207
159.15,1.673,2.672,1.561,4.283,-0.534,4.219
159.16,1.759,2.670,1.592,4.169,-0.536,4.209
159.17,1.645,2.671,1.602,4.224,-0.535,4.212
159.18,1.543,2.672,1.593,4.417,-0.533,4.248
159.19,1.798,2.674,1.629,4.093,-0.533,4.222
159.20,1.360,2.673,1.582,3.816,-0.534,4.153
159.21,1.572,2.672,1.580,4.220,-0.535,4.164
159.22,1.555,2.670,1.574,4.410,-0.535,4.205
159.23,1.557,2.671,1.572,4.004,-0.536,4.171
159.24,1.657,2.671,1.586,4.062,-0.537,4.152
159.25,1.425,2.670,1.558,4.401,-0.536,4.195
159.26,1.507,2.669,1.548,4.111,-0.537,4.180
159.27,1.667,2.668,1.567,4.532,-0.538,4.239
159.28,1.551,2.666,1.563,4.265,-0.538,4.243
159.29,1.733,2.666,1.591,4.284,-0.538,4.251
159.30,1.764,2.666,1.621,4.205,-0.537,4.243
159.31,1.464,2.667,1.595,4.141,-0.535,4.228
159.32,1.580,2.667,1.592,4.433,-0.537,4.261
159.33,1.934,2.669,1.651,4.175,-0.538,4.246
159.34,1.189,2.669,1.574,4.139,-0.538,4.228
159.35,1.726,2.668,1.598,4.004,-0.538,4.190
159.36,1.538,2.669,1.589,4.245,-0.538,4.200
159.37,1.743,2.669,1.615,4.271,-0.537,4.212
159.38,1.663,2.667,1.621,4.211,-0.537,4.212
159.39,1.586,2.666,1.614,4.221,-0.537,4.214
159.40,1.657,2.667,1.622,3.908,-0.537,4.162
159.41,1.413,2.668,1.588,4.357,-0.538,4.194
159.42,1.484,2.668,1.570,4.473,-0.537,4.242
159.43,1.591,2.670,1.575,4.219,-0.537,4.238
159.44,1.619,2.671,1.583,4.080,-0.537,4.212
159.45,1.823,2.671,1.624,4.175,-0.539,4.205
159.46,1.528,2.672,1.608,4.279,-0.540,4.216
159.47,1.779,2.673,1.638,4.142,-0.541,4.203
159.48,1.566,2.673,1.626,4.275,-0.542,4.214
159.49,1.567,2.672,1.615,4.172,-0.542,4.207
159.51,1.629,2.671,1.617,4.129,-0.542,4.194
159.51,1.451,2.671,1.589,3.973,-0.540,4.158
159.52,1.541,2.671,1.580,4.178,-0.540,4.162
159.53,1.633,2.672,1.590,4.198,-0.540,4.168
159.54,1.347,2.671,1.548,4.386,-0.540,4.204
159.55,1.210,2.671,1.491,3.941,-0.540,4.161
159.56,1.536,2.673,1.500,4.288,-0.539,4.183
159.57,1.562,2.671,1.509,4.580,-0.539,4.249
159.59,1.730,2.670,1.545,4.157,-0.540,4.234
159.60,1.299,2.671,1.503,4.351,-0.542,4.252
159.61,1.815,2.670,1.556,4.619,-0.544,4.313
159.62,1.617,2.670,1.566,4.014,-0.543,4.263
159.63,1.596,2.672,1.572,4.014,-0.543,4.221
159.64,1.712,2.670,1.594,3.992,-0.544,4.182
159.65,1.501,2.668,1.577,4.510,-0.544,4.237
159.66,1.591,2.666,1.577,4.179,-0.543,4.228
159.67,1.637,2.665,1.587,4.293,-0.543,4.239
159.68,1.537,2.664,1.577,4.124,-0.544,4.219
159.69,1.506,2.665,1.566,4.175,-0.544,4.212
159.70,1.505,2.665,1.556,4.115,-0.543,4.196
159.71,1.283,2.665,1.510,3.983,-0.543,4.161
159.72,1.512,2.664,1.509,4.126,-0.543,4.155
159.73,1.553,2.668,1.519,4.062,-0.544,4.139
159.74,1.551,2.671,1.527,4.366,-0.545,4.176
159.75,2.032,2.672,1.613,4.158,-0.546,4.172
159.76,1.666,2.670,1.620,4.317,-0.546,4.196
159.77,1.633,2.672,1.624,4.448,-0.548,4.238
159.78,1.807,2.674,1.656,4.248,-0.549,4.239
159.79,1.843,2.675,1.689,3.975,-0.549,4.194
159.80,1.526,2.675,1.661,4.141,-0.551,4.184
159.81,1.321,2.677,1.605,4.283,-0.551,4.201
159.82,1.651,2.675,1.612,4.038,-0.550,4.174
159.83,1.487,2.675,1.590,4.149,-0.549,4.171
159.84,1.460,2.675,1.569,4.105,-0.549,4.160
159.85,1.736,2.676,1.598,4.012,-0.550,4.134
159.86,1.741,2.676,1.622,4.364,-0.550,4.173
159.87,1.700,2.676,1.635,4.302,-0.549,4.195
159.88,1.511,2.674,1.613,3.964,-0.548,4.157
159.89,1.487,2.674,1.591,4.073,-0.548,4.143
159.90,1.560,2.674,1.586,4.156,-0.546,4.147
159.91,1.680,2.676,1.603,4.157,-0.547,4.148
159.92,1.404,2.676,1.570,3.979,-0.546,4.120
159.93,1.844,2.676,1.616,4.278,-0.546,4.146
159.94,1.755,2.677,1.640,3.721,-0.547,4.074
159.95,1.313,2.679,1.587,4.241,-0.547,4.102
159.96,1.726,2.678,1.609,4.340,-0.547,4.143
159.97,1.761,2.678,1.635,4.292,-0.547,4.167
159.98,1.568,2.680,1.626,4.211,-0.545,4.176
159.99,1.577,2.680,1.617,4.538,-0.546,4.237
160.00,1.667,2.681,1.626,4.242,-0.545,4.238
160.01,1.731,2.680,1.643,4.293,-0.545,4.248
160.02,1.754,2.677,1.659,4.409,-0.545,4.275
160.03,1.495,2.677,1.632,4.378,-0.544,4.293
160.04,1.245,2.677,1.566,3.893,-0.545,4.225
160.05,1.737,2.676,1.594,4.208,-0.545,4.223
160.06,1.725,2.677,1.617,4.427,-0.545,4.257
160.07,1.627,2.679,1.620,4.198,-0.545,4.248
160.08,1.635,2.679,1.623,4.422,-0.546,4.276
160.09,1.618,2.679,1.621,4.257,-0.546,4.273
160.10,1.675,2.680,1.632,4.110,-0.546,4.246
160.11,1.733,2.679,1.648,4.361,-0.546,4.265
160.12,1.382,2.678,1.602,4.287,-0.545,4.270
160.13,1.876,2.677,1.648,4.247,-0.545,4.266
160.14,1.623,2.678,1.644,4.172,-0.544,4.251
160.15,1.687,2.680,1.653,4.208,-0.544,4.245
160.16,1.916,2.681,1.698,4.104,-0.543,4.221
160.17,1.401,2.683,1.650,4.212,-0.543,4.220
160.18,1.533,2.683,1.630,4.403,-0.543,4.251
160.19,1.672,2.683,1.637,4.497,-0.542,4.293
160.20,1.533,2.684,1.620,4.101,-0.542,4.261
160.21,1.370,2.683,1.578,4.039,-0.541,4.225
160.22,1.349,2.683,1.539,4.260,-0.540,4.231
160.23,1.606,2.682,1.549,3.975,-0.540,4.188
160.24,1.465,2.681,1.534,4.531,-0.540,4.246
160.25,1.532,2.680,1.533,4.123,-0.541,4.225
160.26,1.748,2.682,1.570,3.983,-0.540,4.185
160.27,1.651,2.684,1.586,4.373,-0.540,4.217
160.28,1.687,2.683,1.602,3.862,-0.539,4.157
160.29,1.513,2.683,1.587,4.064,-0.539,4.141
160.30,1.651,2.683,1.598,4.304,-0.538,4.170
160.31,1.410,2.684,1.567,4.155,-0.538,4.167
160.32,1.430,2.684,1.544,4.328,-0.537,4.195
160.33,1.730,2.683,1.574,4.121,-0.537,4.183
160.34,1.729,2.684,1.601,3.939,-0.537,4.141
160.35,1.843,2.684,1.641,4.130,-0.538,4.139
160.36,1.635,2.684,1.640,4.167,-0.537,4.144
160.37,1.650,2.685,1.643,4.228,-0.538,4.158
160.38,1.521,2.685,1.623,4.206,-0.536,4.168
160.39,1.495,2.686,1.602,4.228,-0.536,4.178
160.40,1.501,2.684,1.583,4.104,-0.535,4.166
160.41,1.652,2.686,1.596,4.326,-0.534,4.194
160.42,1.707,2.686,1.615,4.005,-0.533,4.163
160.43,1.511,2.686,1.597,3.988,-0.532,4.134
160.44,1.523,2.686,1.585,4.173,-0.534,4.140
160.45,1.719,2.687,1.608,3.914,-0.533,4.102
160.46,1.358,2.687,1.566,4.266,-0.532,4.130
160.47,1.657,2.687,1.581,4.221,-0.532,4.146
160.48,1.532,2.686,1.572,4.374,-0.532,4.184
160.49,1.793,2.686,1.609,4.238,-0.532,4.193
160.50,1.325,2.688,1.563,3.851,-0.533,4.135
160.51,1.692,2.688,1.584,4.221,-0.532,4.150
160.52,1.630,2.687,1.591,4.448,-0.532,4.200
160.53,1.499,2.687,1.576,4.633,-0.533,4.272
160.54,1.420,2.687,1.549,3.978,-0.534,4.222
160.55,1.601,2.687,1.558,4.425,-0.535,4.256
160.56,1.565,2.685,1.558,4.059,-0.534,4.223
160.57,1.425,2.685,1.535,4.017,-0.534,4.188
160.58,1.609,2.686,1.548,4.106,-0.534,4.175
160.59,1.695,2.686,1.573,4.034,-0.536,4.150
160.60,1.505,2.688,1.563,4.117,-0.535,4.145
160.61,1.646,2.686,1.575,4.075,-0.535,4.133
160.62,1.280,2.685,1.524,3.913,-0.534,4.097
160.63,1.353,2.683,1.493,4.467,-0.533,4.160
160.64,1.539,2.682,1.499,4.166,-0.534,4.160
160.65,1.310,2.681,1.467,4.113,-0.534,4.152
160.66,1.683,2.683,1.505,4.418,-0.533,4.198
160.67,1.391,2.685,1.486,4.069,-0.533,4.176
160.68,1.513,2.686,1.492,4.237,-0.532,4.187
160.69,1.661,2.688,1.522,3.918,-0.532,4.142
160.70,1.522,2.690,1.523,4.228,-0.532,4.157
160.71,1.660,2.690,1.546,4.193,-0.532,4.162
160.72,1.475,2.689,1.533,3.901,-0.532,4.119
160.73,1.531,2.690,1.533,4.141,-0.531,4.123
160.74,1.547,2.690,1.536,4.278,-0.531,4.149
160.75,1.651,2.691,1.556,3.939,-0.531,4.114
160.76,1.785,2.691,1.594,3.893,-0.533,4.075
160.77,1.505,2.691,1.579,4.175,-0.532,4.093
160.78,1.573,2.692,1.579,4.147,-0.532,4.101
160.79,1.478,2.693,1.562,4.338,-0.531,4.142
160.80,1.692,2.693,1.584,4.499,-0.531,4.203
160.81,1.640,2.694,1.594,4.144,-0.531,4.193
160.82,1.488,2.692,1.575,4.135,-0.532,4.183
160.83,1.694,2.694,1.596,4.421,-0.533,4.222
160.84,1.598,2.693,1.596,4.330,-0.532,4.241
160.85,1.582,2.693,1.593,4.319,-0.533,4.253
160.86,1.444,2.692,1.567,4.245,-0.533,4.253
160.87,1.706,2.694,1.592,4.278,-0.533,4.257
160.88,1.576,2.694,1.590,4.304,-0.533,4.265
160.89,1.422,2.695,1.562,4.388,-0.533,4.286
160.91,1.735,2.696,1.592,4.203,-0.533,4.272
160.91,1.372,2.693,1.553,4.338,-0.534,4.282
160.92,1.495,2.695,1.544,4.121,-0.534,4.255
160.93,1.958,2.695,1.614,4.154,-0.535,4.237
160.94,1.575,2.693,1.606,4.314,-0.535,4.251
160.95,1.751,2.691,1.628,4.233,-0.535,4.248
160.96,1.560,2.689,1.615,4.406,-0.536,4.274
160.97,1.469,2.689,1.590,4.247,-0.536,4.270
160.98,1.771,2.689,1.621,4.291,-0.536,4.273
160.99,1.569,2.687,1.610,4.068,-0.538,4.237
161.01,1.424,2.687,1.579,4.041,-0.538,4.204
161.01,1.397,2.689,1.550,3.952,-0.538,4.162
161.03,1.613,2.689,1.560,4.330,-0.539,4.189
161.03,1.684,2.689,1.581,4.461,-0.540,4.235
161.05,1.687,2.688,1.598,4.535,-0.540,4.285
161.05,1.504,2.690,1.583,4.231,-0.540,4.276
161.06,1.565,2.692,1.582,4.413,-0.540,4.299
161.08,1.604,2.692,1.586,4.163,-0.540,4.276
161.09,1.488,2.693,1.570,4.539,-0.541,4.320
161.09,1.588,2.693,1.573,4.088,-0.541,4.281
161.10,1.563,2.692,1.570,4.365,-0.541,4.295
161.12,1.738,2.690,1.597,4.471,-0.542,4.325
161.13,1.417,2.689,1.566,4.240,-0.543,4.310
161.14,1.438,2.690,1.544,4.514,-0.542,4.345
161.15,1.683,2.691,1.569,4.500,-0.542,4.372
161.16,1.538,2.689,1.562,4.281,-0.542,4.357
161.17,1.610,2.690,1.571,4.205,-0.542,4.331
161.18,1.896,2.689,1.625,4.268,-0.542,4.321
161.19,1.682,2.690,1.635,4.221,-0.542,4.305
161.20,1.538,2.689,1.619,4.212,-0.541,4.289
161.21,1.540,2.689,1.605,4.201,-0.542,4.275
161.22,1.594,2.688,1.602,4.269,-0.542,4.273
161.23,1.490,2.690,1.584,4.221,-0.542,4.264
161.24,1.769,2.691,1.617,4.112,-0.543,4.239
161.25,1.988,2.692,1.680,4.080,-0.543,4.212
161.26,1.688,2.695,1.684,4.091,-0.541,4.193
161.27,1.411,2.696,1.638,4.360,-0.544,4.219
161.28,1.765,2.695,1.659,3.935,-0.542,4.173
161.29,1.399,2.696,1.616,4.210,-0.541,4.180
161.30,1.579,2.695,1.609,4.213,-0.541,4.186
161.31,1.674,2.697,1.622,3.998,-0.540,4.155
161.32,1.437,2.698,1.591,4.369,-0.541,4.190
161.33,1.967,2.697,1.654,4.303,-0.540,4.210
161.34,1.497,2.699,1.629,4.432,-0.540,4.247
161.35,1.574,2.700,1.620,4.067,-0.542,4.216
161.36,1.825,2.698,1.654,4.351,-0.543,4.238
161.37,1.603,2.699,1.646,4.102,-0.546,4.213
161.38,1.621,2.697,1.640,4.459,-0.545,4.255
161.39,1.692,2.698,1.649,4.305,-0.546,4.263
161.40,1.425,2.700,1.613,4.185,-0.549,4.248
161.41,1.578,2.699,1.607,3.907,-0.547,4.191
161.42,1.996,2.700,1.672,4.105,-0.547,4.177
161.43,1.562,2.700,1.654,3.808,-0.549,4.114
161.44,1.522,2.699,1.631,4.102,-0.548,4.112
161.45,1.703,2.699,1.643,4.117,-0.549,4.112
161.46,1.472,2.698,1.613,4.084,-0.550,4.107
161.47,1.465,2.698,1.588,4.065,-0.548,4.101
161.48,1.563,2.696,1.583,4.610,-0.547,4.187
161.49,1.578,2.696,1.582,4.140,-0.547,4.179
161.50,1.636,2.696,1.591,4.099,-0.548,4.165
161.51,1.480,2.697,1.573,4.189,-0.546,4.171
161.52,1.690,2.697,1.592,4.459,-0.546,4.220
161.53,1.571,2.697,1.588,4.193,-0.545,4.216
161.54,1.450,2.698,1.566,4.285,-0.546,4.227
161.55,1.400,2.699,1.539,4.315,-0.546,4.242
161.56,1.562,2.700,1.543,3.906,-0.545,4.187
161.57,1.390,2.699,1.517,4.302,-0.545,4.206
161.58,1.504,2.699,1.514,4.173,-0.545,4.200
161.59,1.135,2.700,1.451,4.460,-0.546,4.243
161.60,1.601,2.700,1.476,3.953,-0.547,4.194
161.61,1.233,2.699,1.434,4.111,-0.547,4.180
161.62,1.569,2.702,1.459,4.093,-0.546,4.166
161.63,1.770,2.703,1.512,4.181,-0.546,4.169
161.64,1.710,2.705,1.547,4.179,-0.546,4.170
161.65,1.544,2.704,1.545,4.069,-0.546,4.153
161.66,1.398,2.704,1.520,4.243,-0.546,4.168
161.67,1.678,2.705,1.548,3.994,-0.546,4.138
161.68,1.402,2.706,1.524,4.189,-0.545,4.148
161.69,1.503,2.707,1.520,4.210,-0.546,4.158
161.70,1.386,2.707,1.498,4.157,-0.545,4.158
161.71,1.321,2.706,1.467,4.299,-0.545,4.182
161.72,1.777,2.706,1.519,4.172,-0.543,4.182
161.73,1.687,2.707,1.548,4.500,-0.544,4.235
161.74,1.568,2.708,1.552,4.199,-0.546,4.227
161.75,1.363,2.708,1.520,4.357,-0.546,4.249
161.76,1.768,2.710,1.563,4.020,-0.546,4.211
161.77,1.601,2.709,1.569,3.903,-0.546,4.159
161.78,1.952,2.710,1.633,4.284,-0.544,4.182
161.79,1.844,2.709,1.669,3.938,-0.544,4.141
161.80,1.620,2.708,1.659,4.316,-0.546,4.169
161.81,1.838,2.709,1.690,4.288,-0.546,4.189
161.82,1.598,2.707,1.673,3.955,-0.545,4.149
161.83,1.317,2.707,1.613,4.414,-0.547,4.192
161.84,1.708,2.706,1.628,4.212,-0.545,4.198
161.85,1.508,2.707,1.609,4.100,-0.547,4.180
161.86,1.515,2.707,1.593,4.527,-0.546,4.239
161.87,1.629,2.708,1.599,4.019,-0.546,4.202
161.88,1.672,2.708,1.611,4.280,-0.547,4.214
161.89,1.356,2.707,1.568,4.150,-0.547,4.203
161.90,1.510,2.708,1.558,4.011,-0.548,4.170
161.91,1.646,2.709,1.574,4.015,-0.550,4.143
161.92,1.514,2.709,1.564,4.007,-0.549,4.120
161.93,1.618,2.709,1.573,4.220,-0.549,4.137
161.94,1.754,2.710,1.604,4.383,-0.548,4.179
161.95,1.481,2.712,1.585,4.094,-0.550,4.163
161.96,1.728,2.713,1.609,4.128,-0.550,4.157
161.97,1.676,2.712,1.620,4.014,-0.551,4.133
161.98,1.258,2.711,1.558,4.021,-0.551,4.113
161.99,1.535,2.712,1.555,4.272,-0.552,4.139
162.00,1.682,2.713,1.577,4.255,-0.552,4.159
162.01,1.892,2.715,1.632,4.249,-0.552,4.174
162.02,1.539,2.713,1.614,4.115,-0.553,4.164
162.03,1.627,2.713,1.616,3.872,-0.553,4.114
162.04,1.752,2.713,1.639,4.149,-0.552,4.120
162.05,1.592,2.712,1.631,4.256,-0.554,4.142
162.06,1.587,2.711,1.622,4.209,-0.555,4.152
162.07,1.689,2.711,1.633,4.070,-0.555,4.138
162.08,1.660,2.710,1.637,4.192,-0.557,4.146
162.09,1.641,2.709,1.637,4.022,-0.557,4.125
162.10,1.586,2.710,1.629,4.216,-0.557,4.140
162.11,1.597,2.710,1.624,4.112,-0.557,4.136
162.12,1.730,2.712,1.643,4.240,-0.557,4.153
162.13,1.250,2.712,1.576,3.999,-0.557,4.127
162.14,1.407,2.710,1.547,4.181,-0.558,4.136
162.15,1.694,2.710,1.571,4.121,-0.557,4.133
162.16,1.539,2.711,1.566,4.311,-0.556,4.164
162.17,1.528,2.714,1.562,4.166,-0.556,4.165
162.18,1.594,2.712,1.566,4.634,-0.556,4.244
162.19,1.742,2.712,1.595,4.538,-0.556,4.294
162.20,1.512,2.709,1.579,4.330,-0.557,4.299
162.21,1.794,2.707,1.614,4.397,-0.557,4.317
162.22,1.531,2.708,1.600,4.386,-0.557,4.328
162.23,1.538,2.707,1.589,4.213,-0.557,4.309
162.24,1.659,2.706,1.599,4.201,-0.558,4.290
162.25,1.694,2.707,1.616,4.007,-0.558,4.243
162.26,1.321,2.707,1.566,4.526,-0.559,4.290
162.27,1.386,2.709,1.538,4.148,-0.558,4.267
162.28,1.417,2.711,1.519,3.950,-0.559,4.213
162.29,1.372,2.712,1.495,3.951,-0.561,4.167
162.30,1.353,2.712,1.471,4.146,-0.555,4.169
162.31,1.696,2.714,1.510,4.363,-0.558,4.199
162.32,1.435,2.715,1.498,4.755,-0.554,4.296
162.33,1.434,2.716,1.487,4.200,-0.557,4.277
162.34,1.512,2.717,1.492,4.150,-0.557,4.256
162.35,1.505,2.717,1.494,4.141,-0.554,4.239
162.36,1.574,2.718,1.508,4.131,-0.554,4.221
162.38,1.603,2.719,1.525,3.967,-0.554,4.178
162.38,1.374,2.721,1.501,4.120,-0.556,4.167
162.40,1.390,2.722,1.483,4.074,-0.556,4.151
162.40,1.535,2.722,1.492,4.213,-0.555,4.163
162.42,1.497,2.724,1.494,3.833,-0.556,4.106
162.42,1.769,2.723,1.539,4.252,-0.556,4.131
162.43,1.449,2.723,1.524,4.365,-0.555,4.171
162.44,1.595,2.725,1.537,4.464,-0.554,4.221
162.46,1.617,2.726,1.551,4.099,-0.552,4.202
162.47,1.726,2.726,1.580,4.583,-0.555,4.264
162.47,1.677,2.724,1.595,4.027,-0.555,4.224
162.49,1.573,2.726,1.593,4.231,-0.553,4.227
162.50,1.801,2.726,1.628,4.200,-0.553,4.223
162.50,1.542,2.725,1.612,4.138,-0.553,4.209
162.51,1.453,2.726,1.586,4.017,-0.554,4.176
162.52,1.836,2.726,1.628,4.332,-0.552,4.203
162.54,1.492,2.727,1.606,4.164,-0.553,4.196
162.55,1.558,2.729,1.600,4.309,-0.553,4.215
162.55,1.648,2.730,1.608,4.223,-0.554,4.216
162.57,1.223,2.730,1.544,3.878,-0.555,4.158
162.58,1.558,2.731,1.546,3.883,-0.555,4.112
162.59,1.707,2.732,1.574,4.086,-0.555,4.107
162.59,1.735,2.729,1.599,4.205,-0.553,4.125
162.61,1.806,2.729,1.633,4.221,-0.553,4.142
162.62,1.643,2.727,1.634,4.285,-0.553,4.166
162.63,1.746,2.728,1.653,4.231,-0.553,4.176
162.64,1.572,2.731,1.642,4.126,-0.553,4.168
162.65,1.250,2.731,1.576,4.128,-0.554,4.161
162.66,1.566,2.732,1.575,4.146,-0.554,4.158
162.67,1.441,2.732,1.552,4.029,-0.553,4.137
162.68,1.564,2.733,1.555,4.382,-0.552,4.179
162.69,1.628,2.733,1.567,4.161,-0.552,4.176
162.70,1.868,2.734,1.619,4.213,-0.553,4.182
162.71,1.570,2.736,1.612,4.300,-0.553,4.202
162.72,1.593,2.735,1.608,4.294,-0.553,4.218
162.73,1.406,2.734,1.573,4.236,-0.553,4.221
162.74,1.710,2.735,1.597,4.085,-0.552,4.199
162.75,1.342,2.736,1.555,4.149,-0.552,4.191
162.76,1.584,2.736,1.559,4.031,-0.551,4.164
162.77,1.665,2.736,1.577,4.384,-0.550,4.202
162.78,1.631,2.735,1.585,4.343,-0.551,4.225
162.79,1.332,2.736,1.543,3.812,-0.551,4.156
162.80,1.509,2.736,1.537,4.218,-0.551,4.166
162.81,1.610,2.737,1.550,4.328,-0.550,4.194
162.82,1.573,2.737,1.554,4.240,-0.551,4.201
162.83,1.646,2.737,1.569,4.198,-0.554,4.199
162.84,1.355,2.737,1.533,4.281,-0.551,4.214
162.85,1.639,2.740,1.553,4.095,-0.553,4.193
162.86,1.892,2.739,1.610,4.312,-0.552,4.214
162.87,1.736,2.739,1.631,4.196,-0.552,4.210
162.88,1.435,2.737,1.596,4.009,-0.554,4.175
162.89,1.499,2.737,1.580,4.116,-0.553,4.166
162.90,1.625,2.739,1.589,4.153,-0.552,4.165
162.91,1.848,2.739,1.632,4.119,-0.553,4.156
162.92,1.474,2.738,1.605,4.275,-0.553,4.176
162.93,1.595,2.738,1.603,4.232,-0.554,4.185
162.94,1.478,2.737,1.581,4.146,-0.553,4.179
162.95,1.634,2.739,1.592,4.191,-0.551,4.182
162.96,1.556,2.738,1.585,4.110,-0.552,4.169
162.97,1.680,2.737,1.600,3.988,-0.553,4.139
162.98,1.557,2.740,1.594,4.121,-0.552,4.136
162.99,1.469,2.740,1.574,4.621,-0.552,4.218
163.00,1.899,2.740,1.628,4.179,-0.552,4.211
163.01,1.782,2.740,1.654,4.138,-0.553,4.198
163.02,1.858,2.742,1.690,4.603,-0.553,4.266
163.03,1.508,2.744,1.661,4.183,-0.554,4.252
163.04,1.582,2.745,1.648,4.354,-0.555,4.269
163.05,1.466,2.746,1.618,4.361,-0.555,4.284
163.06,1.572,2.744,1.609,4.336,-0.555,4.293
163.07,1.475,2.743,1.586,4.110,-0.553,4.264
163.08,1.340,2.744,1.545,3.861,-0.554,4.196
163.09,1.548,2.743,1.545,4.128,-0.554,4.184
163.10,1.610,2.742,1.554,4.302,-0.556,4.203
163.11,1.547,2.741,1.552,4.323,-0.554,4.224
163.12,1.566,2.741,1.555,4.086,-0.554,4.202
163.13,1.579,2.744,1.561,4.404,-0.553,4.236
163.14,1.560,2.745,1.561,4.457,-0.553,4.274
163.15,1.340,2.746,1.525,4.429,-0.552,4.300
163.16,1.553,2.747,1.530,4.498,-0.553,4.333
163.17,1.672,2.746,1.553,4.055,-0.555,4.285
163.18,1.848,2.746,1.602,4.068,-0.555,4.249
163.19,1.535,2.744,1.589,4.137,-0.554,4.231
163.20,1.723,2.745,1.612,4.310,-0.555,4.243
163.21,1.954,2.747,1.672,4.202,-0.554,4.238
163.22,1.352,2.748,1.618,4.149,-0.553,4.223
163.23,1.347,2.747,1.572,4.009,-0.552,4.188
163.24,1.505,2.747,1.560,4.295,-0.553,4.206
163.25,1.494,2.748,1.550,4.344,-0.554,4.228
163.26,1.462,2.749,1.536,4.226,-0.554,4.228
163.27,1.452,2.749,1.522,4.121,-0.554,4.210
163.28,1.720,2.747,1.553,4.050,-0.554,4.183
163.29,1.610,2.748,1.563,4.407,-0.555,4.220
163.30,1.344,2.748,1.526,3.946,-0.555,4.173
163.31,1.694,2.748,1.554,4.589,-0.555,4.244
163.32,1.577,2.748,1.558,4.365,-0.554,4.265
163.33,1.495,2.749,1.548,3.851,-0.553,4.196
163.34,1.657,2.750,1.567,4.439,-0.553,4.237
163.35,1.526,2.751,1.560,4.371,-0.553,4.260
163.36,1.766,2.750,1.595,4.076,-0.554,4.228
163.37,1.675,2.749,1.608,4.084,-0.555,4.203
163.38,1.740,2.750,1.631,3.914,-0.555,4.154
163.39,1.521,2.749,1.612,4.020,-0.555,4.131
163.40,1.267,2.751,1.555,3.827,-0.555,4.080
163.41,1.294,2.750,1.510,4.098,-0.554,4.084
163.42,1.992,2.749,1.590,4.337,-0.553,4.127
163.43,1.503,2.748,1.575,4.218,-0.553,4.142
163.44,1.581,2.751,1.578,4.387,-0.553,4.183
163.45,1.785,2.749,1.611,4.173,-0.553,4.182
163.46,1.595,2.749,1.609,4.031,-0.552,4.157
163.47,1.381,2.750,1.571,4.092,-0.553,4.145
163.48,1.708,2.752,1.595,4.165,-0.552,4.149
163.49,1.585,2.754,1.595,4.334,-0.553,4.179
163.50,1.496,2.754,1.578,4.196,-0.551,4.184
163.51,1.634,2.756,1.589,3.923,-0.554,4.137
163.52,1.621,2.755,1.593,4.471,-0.552,4.195
163.53,1.542,2.754,1.584,4.607,-0.554,4.263
163.54,1.394,2.756,1.554,4.253,-0.554,4.261
163.55,1.290,2.755,1.508,4.101,-0.555,4.234
163.56,1.506,2.755,1.507,3.950,-0.554,4.187
163.57,1.854,2.754,1.564,4.129,-0.555,4.176
163.58,1.630,2.754,1.576,4.233,-0.555,4.186
163.59,1.664,2.755,1.591,4.344,-0.556,4.212
163.60,1.475,2.754,1.571,4.244,-0.554,4.219
163.61,1.641,2.756,1.584,4.245,-0.555,4.222
163.62,1.871,2.755,1.631,4.147,-0.556,4.209
163.63,1.595,2.755,1.625,3.947,-0.556,4.165
163.64,1.788,2.757,1.654,4.287,-0.557,4.185
163.65,1.660,2.757,1.655,4.312,-0.556,4.207
163.66,1.911,2.758,1.698,4.128,-0.558,4.192
163.67,1.776,2.758,1.711,4.342,-0.557,4.218
163.68,1.620,2.757,1.696,4.131,-0.558,4.203
163.69,1.511,2.757,1.665,4.238,-0.557,4.210
163.70,1.630,2.760,1.661,4.145,-0.558,4.198
163.71,1.757,2.759,1.677,4.042,-0.559,4.171
163.72,1.618,2.758,1.666,4.352,-0.558,4.202
163.73,1.563,2.758,1.649,4.087,-0.558,4.182
163.74,1.594,2.758,1.639,4.309,-0.559,4.204
163.75,1.655,2.758,1.642,4.291,-0.558,4.219
163.76,1.388,2.759,1.600,4.514,-0.558,4.268
163.77,1.399,2.758,1.565,4.042,-0.559,4.229
163.78,1.745,2.758,1.595,4.143,-0.560,4.215
163.79,1.645,2.759,1.604,4.131,-0.561,4.200
163.80,1.771,2.759,1.632,4.376,-0.561,4.229
163.81,1.585,2.760,1.625,4.070,-0.562,4.202
163.82,1.463,2.760,1.597,4.252,-0.561,4.211
163.83,1.588,2.760,1.596,4.296,-0.561,4.226
163.84,1.575,2.759,1.592,4.344,-0.562,4.245
163.85,1.401,2.758,1.558,4.081,-0.562,4.217
163.86,1.397,2.758,1.531,4.228,-0.563,4.218
163.87,1.528,2.759,1.531,4.137,-0.562,4.205
163.89,1.382,2.759,1.506,4.145,-0.563,4.195
163.89,1.462,2.759,1.498,3.882,-0.563,4.142
163.91,1.579,2.757,1.510,4.381,-0.564,4.181
163.92,1.312,2.756,1.476,3.962,-0.564,4.144
163.92,1.358,2.755,1.455,4.122,-0.564,4.141
163.94,1.235,2.754,1.416,4.170,-0.563,4.146
163.95,1.420,2.752,1.415,4.361,-0.565,4.181
163.96,1.451,2.751,1.420,4.380,-0.564,4.215
163.96,1.630,2.750,1.454,4.190,-0.563,4.211
163.98,1.293,2.749,1.426,4.213,-0.563,4.213
163.98,1.634,2.750,1.461,4.058,-0.563,4.186
164.00,1.636,2.751,1.491,4.240,-0.562,4.196
164.00,1.405,2.749,1.475,4.369,-0.563,4.225
164.02,1.625,2.747,1.498,4.653,-0.563,4.297
164.03,1.636,2.751,1.524,4.193,-0.563,4.279
164.04,1.603,2.749,1.536,4.161,-0.562,4.261
164.04,1.788,2.747,1.576,4.272,-0.563,4.261
164.06,1.541,2.746,1.570,3.807,-0.564,4.185
164.07,1.665,2.747,1.587,4.470,-0.564,4.233
164.08,1.617,2.747,1.591,4.548,-0.564,4.286
164.09,1.360,2.745,1.551,4.562,-0.563,4.333
164.10,1.605,2.745,1.560,4.320,-0.565,4.329
164.11,1.464,2.745,1.543,4.200,-0.563,4.309
164.12,1.487,2.745,1.534,4.183,-0.565,4.287
164.13,1.415,2.744,1.513,3.903,-0.564,4.224
164.14,1.677,2.747,1.543,4.184,-0.566,4.215
164.15,1.388,2.747,1.516,4.222,-0.566,4.217
164.16,1.578,2.747,1.527,4.212,-0.566,4.216
164.17,1.383,2.749,1.504,4.208,-0.567,4.213
164.18,1.757,2.749,1.546,3.910,-0.568,4.162
164.19,1.743,2.749,1.580,4.095,-0.568,4.151
164.20,1.537,2.749,1.572,4.387,-0.568,4.190
164.21,1.629,2.750,1.582,4.144,-0.568,4.182
164.22,1.788,2.751,1.618,4.381,-0.568,4.216
164.23,1.520,2.748,1.599,4.113,-0.568,4.199
164.24,1.586,2.751,1.599,4.024,-0.568,4.170
164.25,1.748,2.748,1.622,4.259,-0.566,4.186
164.26,1.452,2.749,1.594,4.025,-0.567,4.158
164.27,1.499,2.747,1.576,3.981,-0.568,4.128
164.28,1.592,2.747,1.578,4.241,-0.568,4.147
164.29,1.722,2.747,1.603,3.863,-0.567,4.099
164.30,2.003,2.747,1.670,4.229,-0.567,4.122
164.31,1.605,2.746,1.658,4.148,-0.566,4.127
164.32,1.765,2.747,1.677,4.048,-0.566,4.114
164.33,1.577,2.746,1.660,4.039,-0.565,4.101
164.34,1.403,2.746,1.617,4.052,-0.565,4.093
164.35,1.770,2.748,1.643,4.265,-0.566,4.121
164.36,1.397,2.747,1.602,4.220,-0.568,4.136
164.37,1.657,2.747,1.611,4.340,-0.568,4.170
164.38,1.746,2.748,1.634,4.100,-0.567,4.160
164.39,1.635,2.746,1.633,4.313,-0.566,4.187
164.40,1.629,2.749,1.634,4.396,-0.566,4.222
164.41,1.507,2.750,1.614,3.918,-0.568,4.169
164.42,1.565,2.751,1.606,4.386,-0.568,4.206
164.43,1.869,2.751,1.651,4.262,-0.568,4.215
164.44,1.866,2.751,1.687,4.305,-0.569,4.230
164.45,1.480,2.750,1.651,3.958,-0.569,4.184
164.46,1.568,2.751,1.638,4.307,-0.569,4.205
164.47,1.341,2.752,1.589,4.135,-0.569,4.193
164.48,1.442,2.753,1.565,4.185,-0.569,4.192
164.49,1.535,2.753,1.560,4.236,-0.569,4.199
164.50,1.445,2.754,1.541,4.274,-0.570,4.211
164.51,1.498,2.755,1.535,4.322,-0.570,4.230
164.52,1.514,2.757,1.533,4.225,-0.569,4.230
164.53,1.262,2.757,1.487,3.999,-0.571,4.190
164.54,1.600,2.757,1.506,4.326,-0.570,4.214
164.55,1.609,2.759,1.524,4.427,-0.571,4.249
164.56,1.604,2.758,1.537,4.465,-0.569,4.287
164.57,1.547,2.758,1.539,4.042,-0.569,4.246
164.58,1.359,2.760,1.510,4.042,-0.569,4.211
164.59,1.535,2.760,1.513,3.962,-0.568,4.170
164.60,1.575,2.759,1.523,4.252,-0.569,4.184
164.61,1.470,2.759,1.514,4.288,-0.570,4.200
164.62,1.606,2.762,1.532,4.158,-0.571,4.193
164.63,1.531,2.762,1.532,4.239,-0.571,4.200
164.64,1.882,2.762,1.590,4.162,-0.571,4.194
164.65,1.629,2.763,1.597,4.190,-0.572,4.193
164.66,1.701,2.762,1.614,4.366,-0.572,4.222
164.67,1.540,2.761,1.601,4.312,-0.573,4.236
164.68,1.621,2.762,1.605,4.015,-0.574,4.198
164.69,1.536,2.762,1.593,4.264,-0.575,4.208
164.70,1.531,2.763,1.584,4.219,-0.576,4.210
164.71,1.607,2.762,1.586,4.090,-0.577,4.189
164.72,1.127,2.762,1.509,4.297,-0.578,4.206
164.73,1.541,2.763,1.515,3.792,-0.578,4.135
164.74,1.522,2.767,1.519,4.238,-0.577,4.154
164.75,1.695,2.768,1.550,4.034,-0.576,4.135
164.76,1.659,2.769,1.569,3.982,-0.579,4.106
164.77,1.359,2.770,1.534,4.111,-0.579,4.107
164.78,1.466,2.769,1.522,4.261,-0.578,4.133
164.79,1.449,2.771,1.511,4.321,-0.579,4.164
164.80,1.870,2.771,1.571,4.354,-0.579,4.196
164.81,1.652,2.771,1.585,4.207,-0.582,4.196
164.82,1.744,2.772,1.612,4.059,-0.581,4.174
164.83,1.376,2.771,1.572,3.870,-0.579,4.124
164.84,1.610,2.769,1.576,4.118,-0.580,4.122
164.85,1.586,2.768,1.577,4.112,-0.579,4.122
164.86,1.529,2.770,1.570,4.188,-0.579,4.132
164.87,1.639,2.770,1.581,4.116,-0.577,4.132
164.88,1.558,2.771,1.578,3.987,-0.576,4.108
164.89,1.511,2.773,1.568,4.082,-0.579,4.101
164.90,1.756,2.771,1.599,4.426,-0.579,4.156
164.91,1.623,2.773,1.604,3.910,-0.580,4.114
164.92,1.461,2.772,1.579,3.973,-0.580,4.090
164.93,1.671,2.775,1.597,4.291,-0.579,4.125
164.94,1.700,2.775,1.614,4.313,-0.581,4.155
164.95,1.587,2.775,1.609,4.086,-0.580,4.144
164.96,1.588,2.774,1.606,4.272,-0.578,4.167
164.97,1.541,2.774,1.595,3.807,-0.578,4.107
164.98,1.485,2.775,1.577,4.353,-0.579,4.147
164.99,1.555,2.777,1.574,4.132,-0.581,4.143
165.00,1.423,2.775,1.547,3.936,-0.579,4.109
165.01,1.338,2.775,1.512,4.290,-0.582,4.138
165.02,1.602,2.776,1.527,3.881,-0.582,4.094
165.03,1.519,2.774,1.524,4.237,-0.581,4.119
165.04,1.553,2.774,1.529,4.386,-0.581,4.164
165.05,1.416,2.775,1.511,4.395,-0.581,4.203
165.06,1.466,2.774,1.502,4.410,-0.581,4.237
165.07,1.534,2.773,1.506,3.995,-0.582,4.196
165.08,1.518,2.772,1.508,4.268,-0.582,4.209
165.09,1.531,2.774,1.513,4.010,-0.582,4.175
165.10,1.551,2.777,1.521,4.156,-0.581,4.173
165.11,1.745,2.775,1.557,4.133,-0.579,4.168
165.12,1.449,2.774,1.538,3.934,-0.580,4.128
165.13,1.850,2.774,1.590,4.316,-0.582,4.157
165.14,1.481,2.774,1.571,4.237,-0.582,4.171
165.15,1.565,2.777,1.572,4.452,-0.582,4.218
165.16,1.458,2.776,1.553,4.090,-0.584,4.195
165.17,1.792,2.775,1.592,4.187,-0.586,4.193
165.18,1.399,2.775,1.559,4.395,-0.587,4.226
165.19,1.543,2.776,1.557,4.501,-0.586,4.272
165.20,1.743,2.776,1.589,4.188,-0.587,4.258
165.21,1.674,2.776,1.602,4.334,-0.588,4.270
165.22,1.455,2.777,1.578,4.130,-0.588,4.246
165.23,1.593,2.778,1.581,4.158,-0.587,4.233
165.24,1.737,2.780,1.609,4.088,-0.586,4.209
165.25,1.395,2.778,1.572,4.441,-0.587,4.248
165.26,1.528,2.780,1.565,4.195,-0.588,4.238
165.27,1.331,2.781,1.527,4.259,-0.588,4.242
165.29,1.740,2.781,1.562,4.073,-0.588,4.214
165.29,1.522,2.782,1.556,4.344,-0.587,4.237
165.30,1.533,2.783,1.553,4.207,-0.588,4.231
165.31,1.543,2.782,1.551,4.200,-0.589,4.225
165.32,1.754,2.780,1.583,4.230,-0.590,4.225
165.33,1.714,2.779,1.604,4.447,-0.587,4.265
165.34,1.566,2.779,1.597,4.230,-0.587,4.260
165.35,1.663,2.779,1.608,4.126,-0.587,4.237
165.37,1.454,2.781,1.584,4.104,-0.588,4.214
165.37,1.543,2.781,1.577,3.979,-0.588,4.175
165.38,1.630,2.781,1.586,4.442,-0.586,4.221
165.39,1.712,2.782,1.608,4.210,-0.586,4.219
165.40,1.379,2.783,1.570,4.160,-0.585,4.210
165.41,1.400,2.783,1.541,4.367,-0.586,4.236
165.43,1.481,2.783,1.531,3.951,-0.587,4.187
165.44,1.432,2.786,1.516,4.319,-0.586,4.210
165.45,1.501,2.785,1.513,4.263,-0.588,4.218
165.46,1.750,2.786,1.553,3.964,-0.588,4.175
165.47,1.986,2.788,1.628,4.223,-0.588,4.183
165.48,1.697,2.787,1.638,4.148,-0.588,4.178
165.49,1.795,2.787,1.664,4.244,-0.589,4.188
165.50,1.580,2.788,1.651,4.165,-0.590,4.183
165.51,1.585,2.789,1.641,3.962,-0.589,4.147
165.52,1.708,2.791,1.654,4.406,-0.591,4.189
165.53,1.664,2.792,1.656,4.319,-0.591,4.211
165.54,1.518,2.790,1.631,4.017,-0.591,4.179
165.55,1.562,2.789,1.619,4.151,-0.592,4.173
165.56,1.678,2.789,1.628,4.210,-0.590,4.180
165.57,1.801,2.788,1.657,3.781,-0.591,4.113
165.58,1.360,2.789,1.608,4.108,-0.592,4.111
165.59,1.465,2.788,1.583,4.179,-0.591,4.124
165.60,1.798,2.789,1.620,4.479,-0.591,4.183
165.61,1.622,2.786,1.618,4.246,-0.591,4.194
165.62,1.530,2.787,1.604,4.276,-0.591,4.208
165.63,1.519,2.788,1.590,3.960,-0.591,4.166
165.64,1.760,2.789,1.620,4.203,-0.591,4.172
165.65,1.691,2.790,1.632,4.015,-0.593,4.144
165.66,1.459,2.790,1.603,4.116,-0.593,4.139
165.67,1.599,2.790,1.602,4.190,-0.592,4.149
165.68,1.595,2.790,1.601,4.205,-0.594,4.157
165.69,1.507,2.790,1.585,4.412,-0.593,4.201
165.70,1.523,2.790,1.574,4.099,-0.592,4.184
165.71,1.628,2.788,1.581,3.774,-0.593,4.115
165.72,1.449,2.787,1.559,4.242,-0.593,4.136
165.73,1.689,2.787,1.581,3.927,-0.592,4.101
165.74,1.586,2.788,1.581,4.492,-0.592,4.167
165.75,1.775,2.788,1.614,4.425,-0.592,4.211
165.76,1.412,2.787,1.579,4.107,-0.592,4.193
165.77,1.487,2.787,1.564,4.226,-0.593,4.198
165.78,1.666,2.789,1.582,4.377,-0.593,4.228
165.79,1.566,2.789,1.580,4.026,-0.593,4.194
165.80,1.534,2.789,1.571,4.151,-0.592,4.187
165.81,1.595,2.790,1.576,4.179,-0.591,4.187
165.82,1.753,2.791,1.607,4.143,-0.591,4.180
165.83,1.781,2.789,1.635,4.171,-0.592,4.178
165.84,1.780,2.789,1.658,4.034,-0.591,4.154
165.85,1.578,2.790,1.646,4.115,-0.592,4.147
165.86,1.618,2.788,1.640,4.258,-0.593,4.165
165.87,1.711,2.790,1.653,4.266,-0.592,4.183
165.88,1.567,2.789,1.638,4.281,-0.591,4.200
165.89,1.484,2.788,1.611,4.125,-0.591,4.187
165.90,1.764,2.786,1.635,4.423,-0.591,4.227
165.91,1.303,2.786,1.579,4.104,-0.589,4.208
165.92,1.616,2.785,1.584,4.370,-0.589,4.236
165.93,1.516,2.784,1.572,3.962,-0.589,4.190
165.94,1.485,2.785,1.558,4.265,-0.588,4.203
165.95,1.616,2.783,1.566,4.072,-0.588,4.181
165.96,1.722,2.783,1.593,4.137,-0.586,4.175
165.97,1.775,2.783,1.623,4.231,-0.586,4.185
165.98,1.525,2.783,1.606,4.302,-0.585,4.205
165.99,1.701,2.781,1.620,4.146,-0.586,4.194
166.00,1.556,2.779,1.608,4.220,-0.587,4.198
166.01,1.560,2.778,1.599,3.946,-0.586,4.156
166.02,1.579,2.778,1.596,4.055,-0.586,4.140
166.03,1.551,2.779,1.589,4.122,-0.587,4.136
166.04,1.632,2.780,1.597,4.077,-0.586,4.126
166.05,1.550,2.780,1.588,3.913,-0.585,4.091
166.06,1.719,2.776,1.608,4.201,-0.585,4.110
166.07,1.733,2.777,1.629,4.477,-0.586,4.171
166.08,1.566,2.777,1.618,4.231,-0.586,4.181
166.09,1.742,2.777,1.639,3.993,-0.586,4.149
166.10,1.635,2.779,1.640,4.048,-0.586,4.132
166.11,1.645,2.779,1.641,3.940,-0.585,4.101
166.12,1.688,2.781,1.651,4.167,-0.585,4.112
166.13,1.508,2.780,1.625,4.288,-0.584,4.142
166.14,1.465,2.783,1.601,4.199,-0.586,4.151
166.15,1.394,2.783,1.566,4.145,-0.586,4.149
166.16,1.679,2.784,1.586,4.120,-0.586,4.145
166.17,1.881,2.782,1.634,4.223,-0.585,4.159
166.18,1.395,2.781,1.593,4.308,-0.584,4.184
166.19,1.707,2.781,1.612,4.104,-0.584,4.171
166.20,1.549,2.781,1.601,3.996,-0.584,4.142
166.21,1.818,2.780,1.637,4.223,-0.583,4.156
166.22,1.914,2.780,1.683,4.146,-0.583,4.154
166.23,1.679,2.780,1.683,4.273,-0.583,4.175
166.24,1.414,2.779,1.637,4.190,-0.584,4.176
166.25,1.507,2.779,1.614,3.962,-0.583,4.141
166.26,1.680,2.778,1.625,4.023,-0.583,4.121
166.27,1.677,2.780,1.635,4.268,-0.584,4.145
166.28,1.713,2.781,1.649,3.983,-0.585,4.117
166.29,1.589,2.781,1.639,4.105,-0.584,4.116
166.30,1.704,2.783,1.651,4.131,-0.583,4.119
166.31,1.712,2.785,1.664,4.357,-0.584,4.158
166.32,1.617,2.785,1.655,4.232,-0.584,4.171
166.33,1.809,2.785,1.682,4.143,-0.585,4.165
166.34,1.777,2.788,1.699,4.345,-0.586,4.194
166.35,1.349,2.787,1.640,4.199,-0.587,4.194
166.36,1.564,2.787,1.627,4.130,-0.588,4.183
166.37,1.681,2.789,1.638,4.387,-0.588,4.217
166.38,1.599,2.792,1.633,4.248,-0.586,4.224
166.39,1.665,2.792,1.639,4.409,-0.587,4.255
166.40,1.351,2.791,1.590,4.093,-0.585,4.229
166.41,1.396,2.792,1.558,4.328,-0.586,4.245
166.42,1.868,2.793,1.611,4.371,-0.586,4.266
166.43,1.617,2.792,1.611,4.306,-0.586,4.273
166.44,1.482,2.793,1.590,4.239,-0.587,4.267
166.45,1.575,2.796,1.589,3.934,-0.587,4.211
166.46,1.508,2.797,1.577,4.099,-0.586,4.192
166.47,1.467,2.797,1.558,3.990,-0.587,4.158
166.48,1.571,2.798,1.561,4.299,-0.587,4.182
166.49,1.530,2.799,1.556,4.151,-0.587,4.176
166.50,1.526,2.801,1.553,4.196,-0.587,4.179
166.51,1.313,2.802,1.512,4.281,-0.589,4.195
166.52,1.875,2.801,1.573,4.595,-0.589,4.262
166.53,1.563,2.802,1.571,4.295,-0.589,4.268
166.54,1.543,2.802,1.567,4.128,-0.589,4.245
166.55,1.563,2.801,1.565,4.163,-0.589,4.231
166.56,1.840,2.802,1.612,4.229,-0.591,4.229
166.57,1.514,2.803,1.596,4.223,-0.591,4.229
166.58,1.511,2.801,1.580,4.324,-0.591,4.245
166.59,1.433,2.798,1.553,4.140,-0.593,4.225
166.60,1.542,2.798,1.551,4.121,-0.593,4.208
166.61,1.815,2.797,1.594,4.148,-0.593,4.197
166.62,1.354,2.797,1.554,4.485,-0.592,4.247
166.63,1.723,2.798,1.582,4.115,-0.592,4.225
166.64,1.601,2.798,1.586,4.133,-0.592,4.210
166.65,1.754,2.798,1.614,4.290,-0.590,4.224
166.66,1.509,2.797,1.595,4.480,-0.591,4.267
166.67,1.568,2.796,1.590,4.217,-0.592,4.258
166.68,1.692,2.796,1.607,4.246,-0.592,4.256
166.69,1.598,2.795,1.604,4.078,-0.593,4.225
166.70,1.590,2.796,1.603,3.891,-0.593,4.170
166.71,1.668,2.797,1.614,4.378,-0.592,4.205
166.72,1.425,2.796,1.582,4.356,-0.591,4.231
166.73,1.854,2.797,1.628,4.217,-0.591,4.229
166.74,1.646,2.799,1.633,4.606,-0.591,4.293
166.75,1.524,2.799,1.615,4.215,-0.590,4.281
166.76,1.366,2.801,1.574,3.987,-0.590,4.232
166.77,1.503,2.800,1.562,3.983,-0.590,4.190
166.78,1.755,2.801,1.595,4.292,-0.591,4.207
166.79,1.599,2.802,1.596,4.452,-0.591,4.248
166.80,1.426,2.803,1.568,4.192,-0.592,4.238
166.81,1.689,2.806,1.591,3.828,-0.592,4.169
166.83,1.732,2.806,1.614,4.296,-0.595,4.188
166.83,1.831,2.805,1.650,4.440,-0.594,4.231
166.84,1.762,2.806,1.670,4.537,-0.595,4.282
166.86,1.245,2.808,1.600,4.076,-0.594,4.248
166.86,1.343,2.808,1.557,4.439,-0.596,4.279
166.87,1.717,2.808,1.583,4.112,-0.595,4.252
166.88,1.556,2.806,1.577,4.010,-0.596,4.210
166.90,1.710,2.805,1.598,4.203,-0.596,4.209
166.90,1.425,2.806,1.570,4.091,-0.596,4.190
166.91,1.662,2.807,1.586,4.064,-0.596,4.169
166.92,1.557,2.806,1.580,4.087,-0.593,4.157
166.93,1.584,2.808,1.582,3.958,-0.592,4.124
166.95,1.618,2.808,1.588,4.259,-0.593,4.146
166.96,1.545,2.810,1.582,4.199,-0.593,4.155
166.97,1.715,2.811,1.606,4.023,-0.594,4.132
166.98,1.502,2.811,1.588,4.493,-0.594,4.193
166.99,1.540,2.813,1.581,3.889,-0.594,4.142
167.00,1.457,2.812,1.559,4.046,-0.593,4.126
167.01,1.667,2.810,1.575,4.162,-0.593,4.132
167.02,1.870,2.809,1.624,4.067,-0.593,4.121
167.03,1.639,2.811,1.628,4.452,-0.593,4.177
167.04,1.665,2.809,1.633,4.359,-0.594,4.207
167.05,1.485,2.810,1.609,4.487,-0.594,4.254
167.06,1.571,2.811,1.603,4.382,-0.593,4.276
167.07,1.568,2.812,1.598,4.284,-0.595,4.277
167.08,1.586,2.814,1.597,4.291,-0.594,4.280
167.09,1.505,2.817,1.584,4.140,-0.595,4.255
167.10,1.838,2.819,1.629,4.070,-0.595,4.224
167.11,1.360,2.819,1.583,4.143,-0.596,4.210
167.12,1.508,2.819,1.570,4.431,-0.596,4.248
167.13,1.533,2.821,1.565,4.149,-0.597,4.230
167.14,1.525,2.824,1.561,4.204,-0.598,4.225
167.15,1.603,2.824,1.568,4.101,-0.598,4.204
167.16,1.508,2.826,1.559,3.823,-0.597,4.141
167.17,1.693,2.826,1.582,4.176,-0.597,4.147
167.18,1.590,2.827,1.583,4.326,-0.597,4.177
167.19,1.723,2.827,1.607,4.225,-0.598,4.184
167.20,1.515,2.828,1.592,4.131,-0.598,4.175
167.21,1.661,2.830,1.606,4.062,-0.597,4.157
167.22,1.648,2.831,1.613,4.054,-0.597,4.140
167.23,1.605,2.830,1.611,4.120,-0.597,4.137
167.24,1.695,2.829,1.624,4.360,-0.595,4.176
167.25,1.424,2.830,1.591,3.728,-0.595,4.101
167.26,1.707,2.829,1.610,4.126,-0.593,4.106
167.27,1.338,2.832,1.566,3.978,-0.593,4.085
167.28,1.624,2.831,1.575,4.277,-0.592,4.118
167.29,1.261,2.832,1.523,4.055,-0.592,4.107
167.30,1.467,2.833,1.514,4.155,-0.592,4.115
167.31,1.467,2.833,1.506,3.962,-0.593,4.088
167.32,1.637,2.835,1.529,4.234,-0.594,4.112
167.33,1.696,2.835,1.557,4.229,-0.596,4.130
167.34,1.660,2.835,1.575,4.388,-0.595,4.174
167.35,1.429,2.835,1.550,4.019,-0.596,4.148
167.36,1.335,2.833,1.511,4.053,-0.596,4.132
167.37,1.677,2.834,1.540,4.115,-0.595,4.129
167.38,1.506,2.835,1.535,3.961,-0.594,4.102
167.39,1.466,2.834,1.522,4.009,-0.593,4.087
167.40,1.533,2.832,1.522,4.207,-0.592,4.108
167.41,1.638,2.834,1.543,4.439,-0.590,4.165
167.42,1.685,2.835,1.567,4.337,-0.589,4.196
167.43,1.644,2.835,1.580,4.237,-0.588,4.203
167.44,1.374,2.833,1.543,4.174,-0.588,4.198
167.45,1.968,2.833,1.615,4.497,-0.588,4.249
167.46,1.476,2.832,1.590,3.844,-0.588,4.181
167.47,1.378,2.831,1.554,4.236,-0.588,4.190
167.48,1.509,2.830,1.545,4.270,-0.589,4.203
167.49,1.466,2.829,1.531,4.361,-0.591,4.229
167.50,2.078,2.828,1.622,4.236,-0.590,4.230
167.51,1.805,2.828,1.653,4.218,-0.591,4.228
167.52,1.697,2.827,1.659,4.064,-0.590,4.201
167.53,1.755,2.827,1.676,4.159,-0.588,4.195
167.54,1.437,2.827,1.635,4.124,-0.589,4.183
167.55,1.850,2.828,1.672,3.939,-0.589,4.142
167.56,1.429,2.829,1.631,4.225,-0.590,4.155
167.57,1.551,2.825,1.615,4.171,-0.589,4.159
167.58,1.635,2.826,1.619,4.328,-0.589,4.187
167.59,1.650,2.827,1.625,4.420,-0.588,4.227
167.60,1.528,2.827,1.609,4.135,-0.589,4.211
167.61,1.528,2.829,1.596,4.195,-0.588,4.209
167.62,1.536,2.828,1.585,4.316,-0.588,4.227
167.63,1.481,2.828,1.567,4.044,-0.588,4.196
167.64,1.440,2.828,1.546,4.058,-0.588,4.173
167.65,1.541,2.827,1.544,4.231,-0.590,4.181
167.66,1.499,2.827,1.536,4.190,-0.589,4.183
167.67,1.675,2.828,1.560,4.070,-0.588,4.165
167.68,1.610,2.828,1.568,4.228,-0.588,4.176
167.69,1.479,2.828,1.553,4.174,-0.587,4.176
167.70,1.436,2.829,1.534,4.265,-0.586,4.192
167.71,1.572,2.830,1.541,4.316,-0.585,4.213
167.72,1.575,2.832,1.548,4.447,-0.586,4.253
167.73,1.709,2.832,1.575,4.261,-0.586,4.254
167.74,1.373,2.831,1.540,4.375,-0.585,4.275
167.75,1.751,2.829,1.574,4.207,-0.585,4.264
167.76,1.776,2.831,1.609,4.343,-0.585,4.277
167.77,1.493,2.830,1.588,4.113,-0.585,4.250
167.78,1.566,2.829,1.584,4.111,-0.584,4.227
167.79,1.792,2.831,1.621,4.088,-0.583,4.205
167.80,1.575,2.831,1.612,4.058,-0.584,4.179
167.81,1.383,2.831,1.573,4.236,-0.586,4.188
167.82,1.788,2.831,1.609,4.346,-0.585,4.215
167.83,1.402,2.832,1.575,4.223,-0.585,4.216
167.84,1.647,2.831,1.586,4.236,-0.587,4.219
167.85,1.562,2.830,1.581,4.267,-0.586,4.227
167.86,1.566,2.832,1.581,4.619,-0.585,4.294
167.87,1.591,2.833,1.583,4.444,-0.584,4.320
167.88,1.599,2.834,1.586,4.041,-0.584,4.274
167.89,1.799,2.832,1.620,4.046,-0.584,4.236
167.90,1.485,2.833,1.598,3.997,-0.585,4.195
167.91,1.754,2.832,1.624,4.142,-0.585,4.186
167.92,1.593,2.832,1.618,3.774,-0.584,4.118
167.93,1.304,2.831,1.565,4.196,-0.586,4.129
167.94,1.512,2.832,1.557,4.566,-0.585,4.204
167.95,1.521,2.833,1.551,4.319,-0.585,4.223
167.96,1.813,2.832,1.594,4.265,-0.585,4.230
167.97,1.681,2.832,1.609,4.316,-0.584,4.245
167.98,1.648,2.833,1.616,4.686,-0.583,4.321
167.99,1.588,2.833,1.611,4.287,-0.583,4.316
168.00,1.875,2.832,1.655,4.048,-0.583,4.271
168.01,1.501,2.833,1.629,4.348,-0.582,4.285
168.02,1.684,2.832,1.638,3.935,-0.583,4.226
168.03,1.380,2.832,1.594,4.039,-0.581,4.195
168.04,1.337,2.832,1.551,4.286,-0.581,4.210
168.05,1.596,2.831,1.557,4.024,-0.582,4.179
168.06,1.664,2.829,1.574,4.381,-0.582,4.213
168.07,1.655,2.832,1.589,4.338,-0.580,4.235
168.08,1.643,2.834,1.600,3.574,-0.580,4.124
168.09,1.541,2.833,1.589,3.953,-0.580,4.095
168.10,1.760,2.831,1.616,4.328,-0.581,4.134
168.11,1.505,2.833,1.599,4.200,-0.582,4.144
168.12,1.569,2.833,1.594,4.093,-0.584,4.134
168.13,1.630,2.835,1.602,4.145,-0.583,4.137
168.14,1.630,2.835,1.606,4.338,-0.583,4.170
168.15,1.577,2.835,1.601,4.307,-0.582,4.194
168.16,1.574,2.834,1.595,4.223,-0.585,4.197
168.17,1.610,2.834,1.598,3.840,-0.586,4.136
168.18,1.624,2.833,1.602,4.277,-0.586,4.159
168.19,1.503,2.834,1.586,4.231,-0.586,4.171
168.20,1.827,2.835,1.627,4.077,-0.588,4.154
168.21,1.485,2.833,1.602,4.186,-0.589,4.159
168.22,1.459,2.834,1.578,4.420,-0.588,4.203
168.23,1.361,2.833,1.540,4.312,-0.589,4.221
168.24,1.498,2.834,1.534,4.356,-0.589,4.244
168.25,1.413,2.833,1.512,4.151,-0.590,4.228
168.26,1.379,2.836,1.492,4.245,-0.589,4.232
168.27,1.726,2.835,1.531,4.279,-0.589,4.239
168.28,1.589,2.835,1.541,3.671,-0.589,4.144
168.29,1.584,2.837,1.549,4.008,-0.589,4.121
168.30,1.596,2.838,1.558,4.511,-0.588,4.187
168.31,1.562,2.839,1.559,3.893,-0.588,4.138
168.32,1.133,2.839,1.487,4.345,-0.587,4.174
168.33,1.695,2.840,1.522,4.226,-0.588,4.182
168.35,1.523,2.840,1.522,4.432,-0.588,4.224
168.35,1.792,2.840,1.567,4.247,-0.588,4.229
168.37,1.444,2.841,1.547,4.380,-0.588,4.254
168.37,1.650,2.844,1.567,3.925,-0.587,4.199
168.39,1.756,2.845,1.599,4.101,-0.587,4.183
168.40,1.492,2.845,1.581,4.239,-0.588,4.192
168.41,1.513,2.847,1.571,4.213,-0.588,4.195
168.41,1.498,2.848,1.560,4.212,-0.587,4.199
168.43,1.073,2.850,1.479,4.169,-0.585,4.196
168.44,1.517,2.850,1.485,3.796,-0.585,4.128
168.45,1.570,2.851,1.500,4.289,-0.586,4.155
168.46,1.576,2.850,1.512,4.022,-0.586,4.132
168.47,1.460,2.849,1.502,4.071,-0.586,4.122
168.48,1.702,2.849,1.535,4.030,-0.586,4.107
168.49,1.655,2.850,1.556,4.492,-0.587,4.171
168.50,1.711,2.850,1.582,4.375,-0.586,4.206
168.51,1.576,2.850,1.581,4.616,-0.586,4.276
168.52,1.377,2.851,1.547,4.022,-0.586,4.233
168.53,1.608,2.853,1.559,4.249,-0.585,4.236
168.54,1.783,2.852,1.596,4.211,-0.586,4.231
168.55,1.487,2.853,1.578,4.023,-0.587,4.196
168.56,1.537,2.853,1.571,4.316,-0.587,4.216
168.57,1.733,2.852,1.597,4.283,-0.586,4.229
168.58,1.272,2.854,1.544,4.116,-0.586,4.209
168.59,1.743,2.855,1.578,4.283,-0.587,4.221
168.60,1.687,2.854,1.595,4.292,-0.587,4.233
168.61,1.761,2.852,1.622,4.063,-0.587,4.204
168.62,1.674,2.850,1.628,4.082,-0.587,4.184
168.63,1.734,2.851,1.647,4.117,-0.587,4.172
168.64,1.519,2.851,1.625,4.142,-0.587,4.168
168.65,1.743,2.853,1.646,4.442,-0.587,4.214
168.66,1.646,2.855,1.648,4.183,-0.588,4.208
168.67,1.532,2.854,1.628,4.255,-0.589,4.215
168.68,1.367,2.855,1.585,4.011,-0.588,4.181
168.69,1.527,2.856,1.575,4.050,-0.588,4.160
168.70,1.541,2.859,1.572,4.329,-0.589,4.187
168.71,1.520,2.860,1.564,4.119,-0.590,4.175
168.72,1.714,2.860,1.588,4.396,-0.591,4.211
168.73,1.523,2.860,1.578,4.054,-0.592,4.184
168.74,1.735,2.862,1.606,4.348,-0.593,4.211
168.75,1.549,2.861,1.595,4.210,-0.594,4.210
168.76,1.543,2.862,1.587,4.114,-0.595,4.193
168.77,1.656,2.862,1.598,4.232,-0.596,4.198
168.78,1.714,2.862,1.618,4.447,-0.597,4.240
168.79,1.947,2.863,1.673,3.939,-0.596,4.190
168.80,1.475,2.864,1.641,3.943,-0.594,4.150
168.81,1.543,2.864,1.624,4.462,-0.594,4.203
168.82,1.649,2.865,1.629,4.156,-0.594,4.195
168.83,1.617,2.865,1.627,4.243,-0.594,4.203
168.84,1.361,2.865,1.582,4.101,-0.594,4.186
168.85,1.498,2.866,1.568,4.015,-0.595,4.156
168.86,1.498,2.865,1.555,4.113,-0.596,4.148
168.87,1.413,2.865,1.531,4.043,-0.595,4.131
168.88,1.548,2.864,1.532,4.216,-0.596,4.144
168.89,1.549,2.863,1.534,4.068,-0.597,4.131
168.90,1.349,2.863,1.503,4.332,-0.597,4.164
168.91,1.820,2.862,1.556,4.329,-0.598,4.191
168.92,1.659,2.862,1.572,4.226,-0.597,4.198
168.93,1.384,2.863,1.541,4.270,-0.598,4.209
168.94,1.528,2.862,1.538,4.428,-0.597,4.247
168.95,1.433,2.862,1.520,4.233,-0.598,4.244
168.96,1.781,2.861,1.563,4.220,-0.598,4.240
168.97,1.521,2.861,1.555,3.941,-0.599,4.189
168.98,1.702,2.859,1.579,4.208,-0.600,4.192
168.99,1.296,2.861,1.532,4.008,-0.599,4.161
169.00,1.715,2.860,1.563,4.316,-0.600,4.187
169.01,1.892,2.860,1.618,4.213,-0.601,4.191
169.02,1.318,2.859,1.566,4.215,-0.600,4.196
169.03,1.655,2.860,1.582,4.324,-0.601,4.217
169.04,1.821,2.860,1.622,4.305,-0.600,4.232
169.05,1.661,2.860,1.629,4.145,-0.601,4.217
169.06,1.788,2.862,1.657,3.875,-0.601,4.160
169.07,1.584,2.862,1.645,3.994,-0.601,4.132
169.08,1.737,2.863,1.661,4.586,-0.601,4.208
169.09,1.730,2.860,1.670,4.250,-0.600,4.216
169.10,1.470,2.860,1.636,4.097,-0.601,4.195
169.11,1.599,2.860,1.630,4.225,-0.601,4.200
169.12,1.798,2.859,1.658,4.031,-0.601,4.172
169.13,1.608,2.860,1.649,4.418,-0.601,4.213
169.14,1.657,2.861,1.652,4.404,-0.602,4.245
169.15,1.511,2.859,1.627,4.096,-0.602,4.220
169.16,1.357,2.860,1.582,4.211,-0.601,4.219
169.17,1.587,2.861,1.584,4.101,-0.600,4.201
169.18,1.795,2.862,1.619,4.046,-0.600,4.175
169.19,1.317,2.863,1.569,4.354,-0.600,4.205
169.20,1.430,2.861,1.544,4.228,-0.600,4.208
169.21,1.836,2.862,1.594,4.176,-0.600,4.204
169.22,1.540,2.862,1.585,4.009,-0.599,4.172
169.23,1.477,2.863,1.567,4.074,-0.599,4.155
169.24,1.616,2.863,1.575,4.095,-0.598,4.146
169.25,1.654,2.863,1.588,4.379,-0.598,4.185
169.26,1.501,2.864,1.574,3.903,-0.598,4.138
169.27,1.602,2.864,1.579,4.352,-0.598,4.174
169.28,1.585,2.866,1.582,4.473,-0.599,4.223
169.29,1.869,2.866,1.629,4.362,-0.599,4.247
169.30,1.590,2.862,1.620,4.225,-0.598,4.244
169.31,1.598,2.864,1.617,4.231,-0.597,4.242
169.32,1.505,2.862,1.597,4.148,-0.597,4.227
169.33,1.582,2.861,1.594,4.453,-0.596,4.266
169.34,1.599,2.863,1.596,4.309,-0.597,4.272
169.35,1.207,2.861,1.527,4.376,-0.597,4.290
169.36,1.642,2.860,1.546,4.174,-0.596,4.272
169.37,1.650,2.859,1.563,4.321,-0.597,4.279
169.38,1.658,2.857,1.577,3.997,-0.596,4.233
169.39,1.558,2.859,1.575,3.943,-0.596,4.183
169.40,1.712,2.860,1.599,4.392,-0.597,4.218
169.41,1.644,2.861,1.607,4.141,-0.597,4.205
169.42,1.338,2.861,1.562,4.497,-0.598,4.254
169.43,1.646,2.863,1.577,3.927,-0.598,4.199
169.44,1.624,2.864,1.586,4.165,-0.597,4.193
169.45,1.567,2.864,1.583,4.305,-0.596,4.213
169.46,1.756,2.864,1.612,4.101,-0.596,4.195
169.47,1.656,2.866,1.621,3.950,-0.596,4.153
169.48,1.609,2.866,1.619,4.272,-0.597,4.172
169.49,1.881,2.867,1.663,4.292,-0.597,4.193
169.50,1.572,2.867,1.648,4.170,-0.596,4.190
169.51,1.597,2.868,1.640,4.185,-0.597,4.188
169.52,1.454,2.867,1.608,4.295,-0.595,4.209
169.53,1.570,2.869,1.603,4.331,-0.594,4.229
169.54,1.307,2.869,1.553,4.427,-0.594,4.264
169.55,1.570,2.869,1.555,4.483,-0.594,4.301
169.56,1.593,2.869,1.561,4.100,-0.595,4.266
169.57,1.851,2.870,1.610,4.691,-0.594,4.339
169.58,1.374,2.872,1.573,3.938,-0.594,4.271
169.59,1.510,2.870,1.560,4.261,-0.595,4.269
169.60,1.599,2.870,1.567,4.322,-0.594,4.279
169.61,1.436,2.873,1.547,4.097,-0.595,4.248
169.62,1.601,2.874,1.557,4.146,-0.594,4.231
169.63,1.752,2.877,1.592,4.149,-0.595,4.217
169.64,1.238,2.880,1.535,4.274,-0.594,4.227
169.65,1.622,2.881,1.550,4.170,-0.593,4.219
169.66,1.516,2.883,1.545,4.355,-0.594,4.241
169.67,1.576,2.883,1.551,4.111,-0.595,4.218
169.68,1.794,2.884,1.592,4.237,-0.595,4.221
169.69,1.756,2.883,1.619,4.337,-0.596,4.240
169.70,1.667,2.884,1.627,4.474,-0.594,4.281
169.71,1.296,2.882,1.570,4.234,-0.595,4.273
169.72,1.535,2.883,1.565,4.433,-0.595,4.300
169.73,1.522,2.885,1.559,4.194,-0.595,4.282
169.74,1.588,2.887,1.565,4.232,-0.596,4.274
169.75,1.603,2.885,1.570,4.185,-0.596,4.258
169.76,1.512,2.886,1.561,4.159,-0.597,4.241
169.77,1.507,2.887,1.552,4.019,-0.599,4.202
169.78,1.571,2.887,1.555,4.329,-0.598,4.224
169.79,1.538,2.889,1.554,4.078,-0.598,4.200
169.80,1.791,2.888,1.593,4.234,-0.595,4.208
169.81,1.513,2.889,1.580,3.899,-0.595,4.156
169.82,1.302,2.889,1.533,4.218,-0.598,4.164
169.83,1.582,2.889,1.541,4.505,-0.596,4.223
169.84,1.719,2.891,1.572,3.924,-0.596,4.173
169.85,1.642,2.891,1.584,3.931,-0.594,4.134
169.87,1.608,2.889,1.586,4.367,-0.595,4.173
169.87,1.481,2.890,1.569,4.106,-0.596,4.160
169.89,1.467,2.890,1.552,4.196,-0.593,4.169
169.90,1.418,2.889,1.528,4.211,-0.595,4.175
169.91,1.798,2.889,1.573,4.286,-0.595,4.193
169.92,1.633,2.889,1.583,3.895,-0.595,4.143
169.93,1.642,2.890,1.593,4.026,-0.595,4.123
169.94,1.532,2.890,1.583,4.130,-0.595,4.124
169.95,1.500,2.893,1.571,4.257,-0.595,4.147
169.96,1.505,2.893,1.560,4.042,-0.597,4.127
169.97,1.722,2.894,1.588,4.222,-0.596,4.144
169.98,1.624,2.894,1.594,4.044,-0.596,4.127
169.99,1.565,2.894,1.589,4.060,-0.596,4.116
170.00,1.355,2.895,1.550,4.025,-0.597,4.100
170.01,1.345,2.895,1.515,4.168,-0.597,4.111
170.02,1.440,2.896,1.504,4.219,-0.598,4.128
170.03,1.691,2.898,1.536,3.965,-0.599,4.100
170.04,1.891,2.898,1.596,4.229,-0.599,4.122
170.05,1.712,2.896,1.615,3.957,-0.598,4.095
170.06,1.826,2.897,1.651,4.040,-0.599,4.085
170.07,1.409,2.898,1.610,4.333,-0.599,4.126
170.08,1.760,2.899,1.637,4.279,-0.599,4.152
170.09,1.550,2.898,1.621,4.420,-0.598,4.198
170.10,1.932,2.897,1.672,4.071,-0.598,4.177
170.11,1.925,2.898,1.715,4.137,-0.598,4.170
170.12,1.549,2.900,1.689,4.260,-0.598,4.185
170.13,1.472,2.901,1.654,4.220,-0.597,4.192
170.14,1.500,2.903,1.629,3.974,-0.597,4.155
170.15,1.576,2.903,1.621,3.867,-0.597,4.107
170.16,1.522,2.904,1.604,4.425,-0.598,4.160
170.17,1.704,2.903,1.620,4.203,-0.598,4.167
170.18,1.427,2.902,1.586,4.208,-0.598,4.174
170.19,1.626,2.903,1.594,4.438,-0.599,4.217
170.20,1.627,2.902,1.598,4.351,-0.597,4.242
170.21,1.645,2.901,1.605,4.291,-0.595,4.251
170.22,1.339,2.900,1.560,3.938,-0.595,4.199
170.23,1.709,2.899,1.584,4.106,-0.595,4.183
170.24,1.387,2.900,1.552,4.016,-0.597,4.154
170.25,1.446,2.902,1.535,4.386,-0.596,4.194
170.26,1.385,2.901,1.509,4.118,-0.595,4.182
170.27,1.566,2.902,1.518,4.021,-0.596,4.154
170.28,1.727,2.901,1.552,4.343,-0.596,4.185
170.29,1.579,2.900,1.556,4.094,-0.596,4.170
170.30,1.514,2.902,1.551,4.128,-0.595,4.164
170.31,1.534,2.903,1.548,4.116,-0.595,4.156
170.32,1.671,2.903,1.569,4.144,-0.596,4.153
170.33,1.639,2.904,1.581,4.068,-0.597,4.138
170.34,1.423,2.903,1.554,4.576,-0.596,4.212
170.35,1.527,2.902,1.548,4.035,-0.595,4.183
170.36,1.469,2.902,1.534,4.128,-0.595,4.174
170.37,1.677,2.902,1.558,4.377,-0.594,4.209
170.38,1.562,2.901,1.558,4.608,-0.594,4.277
170.39,1.666,2.900,1.576,4.293,-0.593,4.281
170.40,1.546,2.903,1.573,4.148,-0.593,4.258
170.41,1.510,2.902,1.561,4.036,-0.593,4.221
170.42,1.119,2.902,1.486,4.291,-0.594,4.232
170.43,1.504,2.901,1.488,4.030,-0.594,4.198
170.44,1.794,2.901,1.540,4.216,-0.594,4.201
170.45,1.650,2.903,1.559,4.202,-0.594,4.201
170.46,1.478,2.903,1.545,4.377,-0.593,4.232
170.47,1.528,2.903,1.542,4.318,-0.592,4.247
170.48,1.612,2.904,1.554,3.952,-0.592,4.198
170.49,1.709,2.905,1.581,4.067,-0.593,4.175
170.50,1.434,2.904,1.555,3.848,-0.593,4.120
170.51,1.364,2.904,1.523,4.409,-0.592,4.169
170.52,1.579,2.908,1.535,4.356,-0.592,4.201
170.53,1.786,2.909,1.578,4.013,-0.591,4.170
170.54,1.266,2.910,1.526,4.157,-0.591,4.168
170.55,1.569,2.908,1.532,4.379,-0.589,4.206
170.56,1.767,2.908,1.571,4.139,-0.590,4.194
170.57,1.613,2.907,1.577,4.137,-0.590,4.184
170.58,1.462,2.908,1.558,3.974,-0.591,4.148
170.59,1.683,2.907,1.578,3.997,-0.591,4.122
170.60,1.637,2.907,1.588,4.209,-0.591,4.137
170.61,1.806,2.908,1.626,4.522,-0.591,4.201
170.62,1.649,2.908,1.629,4.359,-0.592,4.228
170.63,1.647,2.907,1.631,4.267,-0.592,4.234
170.64,1.464,2.907,1.603,4.296,-0.591,4.246
170.65,1.619,2.906,1.605,4.221,-0.589,4.243
170.66,1.677,2.907,1.618,3.921,-0.588,4.190
170.67,1.288,2.906,1.561,4.081,-0.588,4.172
170.68,1.395,2.906,1.533,4.162,-0.586,4.171
170.69,1.536,2.905,1.533,4.326,-0.586,4.198
170.70,1.848,2.905,1.585,4.164,-0.585,4.192
170.71,1.659,2.904,1.596,4.081,-0.586,4.173
170.72,1.528,2.903,1.584,4.339,-0.585,4.202
170.73,1.658,2.904,1.598,4.367,-0.586,4.229
170.74,1.330,2.906,1.554,4.266,-0.587,4.235
170.75,1.514,2.907,1.548,4.130,-0.587,4.217
170.76,1.286,2.908,1.505,3.923,-0.587,4.168
170.77,1.655,2.908,1.529,4.048,-0.587,4.148
170.78,1.462,2.908,1.518,3.977,-0.586,4.120
170.79,1.601,2.907,1.531,3.869,-0.586,4.078
170.80,1.690,2.906,1.557,4.278,-0.586,4.111
170.81,1.856,2.906,1.607,4.137,-0.586,4.115
170.82,1.909,2.908,1.659,4.542,-0.587,4.186
170.83,1.593,2.907,1.647,4.091,-0.587,4.170
170.84,1.261,2.907,1.582,4.340,-0.587,4.199
170.85,1.409,2.904,1.550,4.310,-0.586,4.218
170.86,1.532,2.905,1.548,4.266,-0.587,4.226
170.87,1.820,2.905,1.593,4.388,-0.585,4.254
170.88,1.564,2.905,1.588,4.283,-0.585,4.259
170.89,1.430,2.904,1.561,4.412,-0.585,4.285
170.90,1.473,2.903,1.545,4.507,-0.584,4.324
170.91,1.466,2.902,1.530,4.395,-0.585,4.336
170.92,1.763,2.903,1.570,3.972,-0.585,4.274
170.93,1.648,2.903,1.583,3.932,-0.586,4.216
170.94,1.553,2.903,1.577,3.928,-0.586,4.168
170.95,1.598,2.902,1.580,4.053,-0.584,4.149
170.96,1.380,2.901,1.546,4.192,-0.584,4.157
170.97,1.526,2.902,1.543,4.422,-0.583,4.202
170.98,1.840,2.903,1.593,4.268,-0.582,4.214
170.99,1.571,2.904,1.590,4.340,-0.583,4.235
171.00,1.495,2.903,1.574,4.139,-0.584,4.218
171.01,1.225,2.903,1.514,3.868,-0.582,4.161
171.02,1.746,2.904,1.554,4.062,-0.582,4.144
171.03,1.380,2.905,1.525,4.175,-0.583,4.148
171.04,1.630,2.904,1.542,4.011,-0.584,4.124
171.05,1.503,2.904,1.536,4.003,-0.585,4.103
171.06,1.610,2.905,1.549,4.205,-0.584,4.121
171.07,1.558,2.904,1.549,4.090,-0.584,4.116
171.08,1.458,2.905,1.534,4.238,-0.584,4.136
171.09,1.617,2.905,1.548,3.991,-0.585,4.111
171.10,1.745,2.905,1.581,4.070,-0.584,4.105
171.11,1.434,2.905,1.556,4.202,-0.582,4.123
171.12,1.443,2.906,1.538,3.907,-0.580,4.088
171.13,1.546,2.904,1.537,4.316,-0.579,4.127
171.14,1.768,2.904,1.576,4.273,-0.579,4.152
171.15,1.639,2.904,1.586,4.132,-0.579,4.148
171.16,1.610,2.904,1.590,3.949,-0.580,4.114
171.17,1.695,2.903,1.607,4.266,-0.579,4.140
171.18,1.482,2.901,1.584,4.241,-0.579,4.157
171.19,1.754,2.901,1.613,4.264,-0.578,4.175
171.20,1.871,2.901,1.656,4.425,-0.578,4.217
171.21,1.673,2.902,1.659,3.932,-0.579,4.169
171.22,1.645,2.902,1.657,4.107,-0.578,4.159
171.23,1.398,2.904,1.615,4.291,-0.578,4.182
171.24,1.772,2.903,1.641,4.140,-0.579,4.174
171.25,1.493,2.902,1.615,4.167,-0.579,4.172
171.26,1.455,2.900,1.586,4.169,-0.578,4.173
171.27,1.918,2.900,1.642,3.930,-0.580,4.131
171.28,1.596,2.899,1.633,4.193,-0.580,4.140
171.29,1.545,2.901,1.620,4.273,-0.581,4.162
171.30,1.464,2.902,1.594,4.605,-0.581,4.237
171.32,1.618,2.901,1.598,4.583,-0.581,4.295
171.32,1.563,2.902,1.593,4.019,-0.582,4.248
171.33,1.535,2.903,1.583,4.263,-0.581,4.251
171.34,1.750,2.904,1.612,4.171,-0.581,4.238
171.36,1.536,2.904,1.599,4.274,-0.581,4.244
171.36,1.514,2.904,1.584,4.256,-0.580,4.247
171.37,1.653,2.904,1.596,4.235,-0.580,4.245
171.39,1.360,2.903,1.556,4.369,-0.579,4.266
171.39,1.762,2.905,1.591,4.223,-0.579,4.259
171.41,1.560,2.904,1.586,4.154,-0.579,4.242
171.42,1.798,2.905,1.623,4.044,-0.579,4.209
171.43,1.638,2.905,1.625,4.187,-0.578,4.206
171.44,1.767,2.905,1.648,4.365,-0.579,4.231
171.45,1.687,2.906,1.655,4.342,-0.579,4.250
171.46,1.577,2.905,1.642,4.243,-0.579,4.249
171.47,1.523,2.904,1.621,4.367,-0.578,4.270
171.48,1.345,2.906,1.576,3.958,-0.579,4.217
171.49,1.559,2.905,1.572,4.599,-0.577,4.283
171.50,1.460,2.906,1.554,4.289,-0.578,4.283
171.51,1.637,2.905,1.567,4.338,-0.578,4.292
171.52,1.861,2.906,1.617,4.343,-0.578,4.301
171.53,1.501,2.907,1.599,4.370,-0.579,4.312
171.54,1.680,2.905,1.610,4.315,-0.580,4.312
171.55,1.649,2.906,1.618,4.192,-0.580,4.292
171.56,1.662,2.907,1.625,4.258,-0.579,4.287
171.57,1.589,2.908,1.620,4.105,-0.581,4.255
171.58,1.559,2.910,1.611,4.455,-0.579,4.291
171.59,1.487,2.911,1.591,4.166,-0.579,4.270
171.60,1.479,2.912,1.572,3.994,-0.582,4.221
171.61,1.508,2.910,1.560,3.813,-0.583,4.151
171.62,1.790,2.909,1.597,4.144,-0.584,4.149
171.63,1.489,2.908,1.579,3.896,-0.584,4.107
171.64,1.892,2.909,1.632,4.175,-0.583,4.118
171.65,1.505,2.910,1.611,3.973,-0.584,4.093
171.66,1.510,2.911,1.595,4.045,-0.585,4.084
171.67,1.730,2.912,1.618,4.468,-0.584,4.150
171.68,1.665,2.913,1.627,4.086,-0.583,4.139
171.69,1.658,2.914,1.632,4.044,-0.583,4.124
171.70,1.422,2.913,1.596,4.026,-0.583,4.107
171.71,1.264,2.912,1.540,4.275,-0.583,4.135
171.72,1.378,2.912,1.512,4.517,-0.583,4.199
171.73,1.812,2.912,1.563,4.187,-0.583,4.197
171.74,1.449,2.912,1.543,4.405,-0.585,4.230
171.75,1.342,2.912,1.509,4.025,-0.585,4.196
171.76,1.651,2.910,1.531,4.195,-0.585,4.196
171.77,1.562,2.912,1.538,4.077,-0.585,4.176
171.78,1.544,2.911,1.537,3.968,-0.586,4.140
171.79,1.899,2.909,1.597,4.208,-0.586,4.152
171.80,1.339,2.909,1.553,4.502,-0.586,4.210
171.81,1.635,2.910,1.567,4.205,-0.585,4.210
171.82,1.662,2.911,1.584,4.343,-0.584,4.234
171.83,1.451,2.910,1.561,4.138,-0.585,4.216
171.84,1.275,2.912,1.514,4.354,-0.585,4.239
171.85,1.703,2.912,1.545,4.176,-0.587,4.228
171.86,1.348,2.912,1.512,4.083,-0.588,4.203
171.87,1.475,2.911,1.505,4.186,-0.589,4.199
171.88,1.830,2.914,1.561,4.253,-0.589,4.208
171.89,1.658,2.913,1.577,4.029,-0.591,4.177
171.90,1.646,2.914,1.589,4.134,-0.591,4.169
171.91,1.719,2.916,1.613,3.973,-0.590,4.137
171.92,1.524,2.919,1.599,4.285,-0.589,4.163
171.93,1.646,2.916,1.605,4.050,-0.589,4.144
171.94,1.569,2.915,1.598,4.247,-0.590,4.161
171.95,1.642,2.915,1.605,4.140,-0.590,4.157
171.96,1.601,2.914,1.603,4.205,-0.590,4.165
171.97,1.676,2.914,1.616,4.432,-0.590,4.210
171.98,1.523,2.915,1.601,4.133,-0.590,4.197
171.99,1.250,2.916,1.543,4.069,-0.590,4.176
172.00,1.490,2.918,1.535,4.336,-0.589,4.203
172.01,1.508,2.917,1.529,4.245,-0.590,4.210
172.02,1.592,2.916,1.539,4.306,-0.590,4.226
172.03,1.529,2.917,1.538,4.038,-0.591,4.194
172.04,1.484,2.918,1.529,4.344,-0.590,4.219
172.05,1.639,2.923,1.552,4.500,-0.592,4.266
172.06,1.313,2.923,1.512,4.136,-0.592,4.243
172.07,1.756,2.923,1.552,3.967,-0.592,4.197
172.08,1.486,2.924,1.541,4.165,-0.593,4.191
172.09,1.594,2.925,1.551,4.070,-0.594,4.170
172.10,1.449,2.925,1.534,4.284,-0.594,4.189
172.11,1.490,2.925,1.526,3.972,-0.594,4.152
172.12,1.423,2.924,1.507,4.145,-0.594,4.151
172.13,1.600,2.923,1.523,4.108,-0.593,4.144
172.14,1.702,2.923,1.552,4.524,-0.595,4.207
172.15,1.670,2.923,1.572,4.354,-0.596,4.231
172.16,1.404,2.922,1.543,4.240,-0.596,4.232
172.17,1.742,2.923,1.577,4.068,-0.597,4.204
172.18,1.566,2.922,1.574,4.262,-0.596,4.214
172.19,1.445,2.924,1.554,4.032,-0.596,4.185
172.20,1.498,2.923,1.544,4.501,-0.596,4.237
172.21,1.743,2.924,1.577,4.246,-0.596,4.239
172.22,1.720,2.924,1.602,4.448,-0.598,4.273
172.23,1.761,2.925,1.629,4.256,-0.598,4.270
172.24,1.399,2.924,1.589,3.967,-0.599,4.218
172.25,1.247,2.924,1.532,4.142,-0.599,4.205
172.26,1.782,2.925,1.575,4.124,-0.600,4.191
172.27,1.649,2.927,1.588,4.324,-0.599,4.214
172.28,1.702,2.928,1.609,4.367,-0.600,4.239
172.29,1.399,2.928,1.573,4.379,-0.599,4.263
172.30,1.651,2.930,1.588,4.350,-0.600,4.277
172.31,1.688,2.931,1.605,4.463,-0.601,4.308
172.32,1.550,2.930,1.595,4.058,-0.602,4.266
172.33,1.487,2.930,1.576,3.914,-0.603,4.206
172.34,1.824,2.931,1.619,4.229,-0.602,4.210
172.35,1.403,2.932,1.583,4.198,-0.603,4.208
172.36,1.359,2.932,1.545,4.125,-0.603,4.194
172.37,1.267,2.933,1.499,3.884,-0.602,4.143
172.38,1.618,2.932,1.518,4.199,-0.602,4.152
172.39,1.266,2.930,1.474,4.013,-0.601,4.129
172.40,1.648,2.932,1.504,3.777,-0.599,4.072
172.41,1.745,2.932,1.544,4.414,-0.599,4.130
172.42,1.622,2.931,1.557,4.151,-0.599,4.133
172.43,1.512,2.930,1.548,4.375,-0.598,4.175
172.44,1.459,2.931,1.534,4.354,-0.600,4.204
172.45,1.678,2.932,1.558,4.101,-0.600,4.187
172.46,1.896,2.934,1.617,4.224,-0.598,4.194
172.47,1.517,2.934,1.600,4.424,-0.598,4.233
172.48,1.567,2.936,1.596,3.964,-0.597,4.189
172.49,1.549,2.934,1.586,4.191,-0.597,4.189
172.50,1.382,2.935,1.553,4.071,-0.597,4.169
172.51,1.733,2.935,1.583,4.297,-0.598,4.190
172.52,1.426,2.936,1.557,4.119,-0.597,4.179
172.53,1.868,2.937,1.610,4.215,-0.596,4.186
172.54,1.727,2.936,1.629,4.259,-0.596,4.198
172.55,1.511,2.936,1.609,4.241,-0.596,4.205
172.56,1.374,2.935,1.568,4.156,-0.596,4.197
172.57,1.657,2.932,1.580,4.321,-0.596,4.218
172.58,1.455,2.932,1.560,4.134,-0.595,4.204
172.59,1.556,2.936,1.562,4.338,-0.597,4.225
172.60,1.652,2.937,1.578,4.351,-0.598,4.246
172.61,1.698,2.938,1.599,4.233,-0.598,4.244
172.62,1.624,2.936,1.601,4.107,-0.598,4.221
172.64,1.529,2.936,1.589,4.115,-0.599,4.203
172.64,1.484,2.937,1.572,4.158,-0.598,4.196
172.65,1.726,2.937,1.598,4.005,-0.598,4.164
172.66,1.659,2.939,1.610,4.108,-0.599,4.153
172.68,1.446,2.939,1.582,4.045,-0.601,4.134
172.68,1.245,2.939,1.525,4.412,-0.601,4.181
172.69,1.591,2.940,1.537,4.062,-0.600,4.161
172.70,2.038,2.939,1.620,4.349,-0.601,4.192
172.71,1.624,2.940,1.622,4.393,-0.601,4.226
172.73,1.422,2.941,1.588,4.179,-0.600,4.219
172.73,1.694,2.939,1.605,4.205,-0.602,4.215
172.74,1.614,2.939,1.606,4.551,-0.602,4.271
172.75,1.659,2.940,1.616,4.274,-0.602,4.272
172.77,1.459,2.941,1.590,4.208,-0.603,4.261
172.77,1.450,2.940,1.566,4.198,-0.603,4.250
172.78,1.665,2.938,1.581,4.145,-0.604,4.232
172.79,1.325,2.938,1.538,4.102,-0.604,4.210
172.81,1.574,2.938,1.544,3.933,-0.605,4.163
172.82,1.333,2.938,1.507,4.047,-0.603,4.145
172.83,1.630,2.939,1.529,4.083,-0.604,4.134
172.83,1.777,2.939,1.570,4.524,-0.603,4.200
172.85,1.566,2.938,1.569,4.450,-0.605,4.240
172.86,1.608,2.939,1.576,4.175,-0.605,4.229
172.87,1.674,2.941,1.593,4.334,-0.604,4.248
172.88,1.633,2.940,1.599,4.259,-0.604,4.250
172.89,1.559,2.941,1.593,4.184,-0.603,4.240
172.89,1.724,2.940,1.615,4.433,-0.603,4.273
172.90,1.526,2.940,1.599,4.181,-0.602,4.258
172.91,1.515,2.942,1.587,4.176,-0.602,4.244
172.93,1.713,2.944,1.609,4.143,-0.602,4.228
172.94,1.738,2.944,1.631,4.203,-0.603,4.223
172.95,1.831,2.944,1.665,4.281,-0.603,4.233
172.96,1.970,2.942,1.715,4.257,-0.603,4.237
172.97,1.679,2.941,1.708,4.130,-0.603,4.219
172.98,1.524,2.941,1.677,4.117,-0.603,4.202
172.99,1.567,2.943,1.660,4.363,-0.604,4.228
173.00,1.317,2.945,1.604,4.463,-0.603,4.268
173.01,1.451,2.947,1.579,4.369,-0.602,4.286
173.02,1.737,2.946,1.605,4.243,-0.602,4.279
173.03,1.705,2.947,1.623,4.340,-0.602,4.290
173.04,1.397,2.946,1.584,4.289,-0.603,4.289
173.05,1.482,2.947,1.567,4.484,-0.602,4.323
173.06,1.377,2.946,1.534,4.049,-0.601,4.278
173.07,1.445,2.945,1.518,4.367,-0.602,4.293
173.08,1.645,2.947,1.541,4.048,-0.602,4.251
173.09,1.587,2.947,1.549,4.170,-0.602,4.238
173.10,1.579,2.951,1.557,4.424,-0.602,4.269
173.11,1.618,2.952,1.568,4.259,-0.602,4.267
173.12,1.546,2.953,1.565,4.149,-0.603,4.247
173.13,1.830,2.952,1.609,4.471,-0.603,4.285
173.14,1.604,2.952,1.608,4.115,-0.603,4.256
173.15,1.488,2.953,1.588,4.086,-0.604,4.227
173.16,1.870,2.954,1.636,4.119,-0.602,4.211
173.17,1.405,2.953,1.597,4.411,-0.604,4.243
173.18,1.494,2.951,1.578,4.102,-0.605,4.218
173.19,1.444,2.952,1.556,4.086,-0.606,4.195
173.20,1.626,2.953,1.568,4.162,-0.607,4.189
173.21,1.626,2.953,1.578,4.337,-0.606,4.215
173.22,1.617,2.953,1.584,4.331,-0.607,4.234
173.23,1.777,2.954,1.617,4.163,-0.606,4.223
173.24,1.686,2.954,1.628,4.304,-0.606,4.236
173.25,1.527,2.955,1.612,4.015,-0.606,4.199
173.26,1.383,2.954,1.573,4.348,-0.606,4.224
173.27,1.637,2.954,1.583,4.161,-0.607,4.213
173.28,1.760,2.954,1.613,4.062,-0.607,4.188
173.29,1.558,2.954,1.604,4.256,-0.606,4.200
173.30,1.779,2.954,1.633,4.033,-0.607,4.172
173.31,1.329,2.952,1.580,4.409,-0.606,4.212
173.32,1.556,2.951,1.575,3.986,-0.604,4.176
173.33,1.537,2.951,1.568,4.390,-0.604,4.212
173.34,1.637,2.951,1.580,4.229,-0.605,4.214
173.35,1.355,2.951,1.542,4.305,-0.605,4.229
173.36,1.594,2.952,1.551,4.322,-0.605,4.245
173.37,1.330,2.951,1.513,4.202,-0.605,4.238
173.38,1.511,2.953,1.513,4.131,-0.606,4.219
173.39,1.753,2.953,1.554,4.405,-0.606,4.250
173.40,1.440,2.952,1.534,4.204,-0.606,4.242
173.41,1.543,2.955,1.538,4.099,-0.605,4.219
173.42,1.931,2.956,1.604,4.091,-0.604,4.199
173.43,1.717,2.956,1.624,4.161,-0.603,4.193
173.44,1.589,2.957,1.618,4.190,-0.604,4.192
173.45,1.730,2.956,1.636,4.166,-0.604,4.188
173.46,1.774,2.957,1.660,4.165,-0.603,4.185
173.47,1.727,2.957,1.671,4.101,-0.602,4.172
173.48,1.609,2.958,1.662,4.142,-0.602,4.167
173.49,1.574,2.960,1.648,4.105,-0.602,4.156
173.50,1.698,2.960,1.657,4.208,-0.602,4.165
173.51,1.501,2.960,1.630,4.314,-0.602,4.190
173.52,1.746,2.960,1.650,4.100,-0.602,4.175
173.53,1.592,2.960,1.640,4.352,-0.602,4.204
173.54,1.599,2.960,1.633,4.190,-0.602,4.202
173.55,1.674,2.960,1.639,4.324,-0.602,4.223
173.56,1.320,2.960,1.586,4.535,-0.602,4.275
173.57,1.710,2.961,1.608,4.229,-0.601,4.269
173.58,1.694,2.962,1.623,4.311,-0.600,4.277
173.59,1.731,2.960,1.639,4.101,-0.600,4.247
173.60,1.628,2.962,1.639,4.564,-0.599,4.301
173.61,1.589,2.963,1.631,4.066,-0.598,4.263
173.62,1.420,2.964,1.596,3.980,-0.598,4.216
173.63,1.467,2.965,1.575,4.156,-0.598,4.205
173.64,1.469,2.967,1.558,4.309,-0.597,4.224
173.65,1.400,2.965,1.530,4.289,-0.597,4.235
173.66,1.531,2.966,1.531,4.328,-0.597,4.251
173.67,1.550,2.969,1.536,4.138,-0.597,4.232
173.68,1.634,2.970,1.553,4.370,-0.598,4.255
173.69,1.619,2.970,1.564,4.034,-0.599,4.217
173.70,1.597,2.972,1.571,4.285,-0.600,4.227
173.71,1.596,2.970,1.574,4.324,-0.598,4.245
173.72,1.297,2.973,1.529,4.228,-0.600,4.240
173.73,1.619,2.972,1.544,4.253,-0.596,4.247
173.74,1.495,2.974,1.536,3.913,-0.599,4.188
173.75,1.643,2.974,1.554,4.162,-0.598,4.184
173.76,1.451,2.976,1.538,4.619,-0.598,4.257
173.77,1.800,2.975,1.581,4.232,-0.600,4.251
173.78,1.649,2.974,1.592,4.688,-0.601,4.324
173.79,1.404,2.973,1.559,3.886,-0.601,4.250
173.80,1.324,2.972,1.518,4.162,-0.602,4.235
173.81,1.701,2.971,1.548,3.939,-0.601,4.186
173.82,1.677,2.969,1.568,4.392,-0.600,4.221
173.83,1.458,2.972,1.552,4.427,-0.601,4.255
173.84,1.602,2.974,1.561,4.268,-0.603,4.256
173.85,1.748,2.973,1.592,4.008,-0.603,4.214
173.86,1.762,2.973,1.621,4.368,-0.601,4.242
173.87,1.640,2.976,1.626,4.203,-0.601,4.235
173.88,1.392,2.976,1.587,4.120,-0.601,4.217
173.89,1.674,2.977,1.602,4.008,-0.601,4.182
173.90,1.593,2.974,1.598,4.140,-0.600,4.175
173.91,1.194,2.975,1.531,3.955,-0.600,4.138
173.92,1.720,2.976,1.563,4.267,-0.602,4.158
173.93,1.567,2.974,1.562,4.256,-0.601,4.175
173.94,1.509,2.975,1.553,4.116,-0.601,4.165
173.95,1.795,2.973,1.592,4.069,-0.602,4.148
173.96,1.427,2.976,1.566,4.050,-0.603,4.131
173.97,1.568,2.976,1.567,4.391,-0.602,4.176
173.98,1.511,2.978,1.559,4.267,-0.602,4.192
173.99,1.551,2.979,1.558,4.248,-0.601,4.202
174.00,1.168,2.978,1.491,4.127,-0.600,4.190
174.01,1.770,2.978,1.538,4.255,-0.599,4.201
174.02,1.550,2.977,1.539,4.128,-0.599,4.190
174.03,1.412,2.978,1.518,4.218,-0.599,4.195
174.04,1.637,2.980,1.539,4.039,-0.598,4.169
174.05,1.654,2.983,1.561,4.673,-0.599,4.253
174.06,1.452,2.984,1.543,4.112,-0.599,4.229
174.07,1.895,2.983,1.602,4.307,-0.599,4.242
174.08,1.487,2.983,1.582,4.376,-0.598,4.266
174.09,1.671,2.984,1.598,4.315,-0.599,4.274
174.10,1.712,2.984,1.617,4.259,-0.599,4.271
174.11,1.643,2.986,1.622,4.137,-0.599,4.248
174.12,1.501,2.985,1.601,4.207,-0.599,4.242
174.13,1.330,2.984,1.555,4.182,-0.599,4.232
174.14,1.246,2.983,1.501,4.113,-0.598,4.212
174.15,1.634,2.985,1.525,4.177,-0.598,4.207
174.16,1.739,2.986,1.562,4.250,-0.597,4.214
174.17,1.607,2.986,1.569,4.305,-0.598,4.229
174.19,1.734,2.986,1.597,4.059,-0.598,4.200
174.19,1.597,2.985,1.596,4.076,-0.599,4.179
174.21,1.492,2.983,1.577,3.988,-0.599,4.147
174.21,1.604,2.984,1.582,4.382,-0.599,4.186
174.23,1.669,2.985,1.597,4.310,-0.600,4.206
174.23,1.548,2.985,1.589,3.979,-0.601,4.167
174.24,1.820,2.987,1.629,4.606,-0.600,4.241
174.26,1.565,2.986,1.617,4.237,-0.601,4.241
174.27,1.718,2.987,1.635,4.322,-0.601,4.254
174.28,1.758,2.987,1.655,4.333,-0.601,4.268
174.28,1.763,2.986,1.673,4.345,-0.602,4.280
174.30,1.321,2.987,1.615,3.849,-0.602,4.208
174.31,1.581,2.989,1.610,4.301,-0.602,4.223
174.32,1.529,2.989,1.597,4.342,-0.600,4.245
174.32,1.537,2.990,1.587,4.426,-0.601,4.274
174.34,1.471,2.989,1.567,4.159,-0.601,4.255
174.35,1.535,2.990,1.562,4.165,-0.601,4.241
174.36,1.631,2.991,1.574,4.352,-0.600,4.260
174.37,1.657,2.992,1.589,4.171,-0.602,4.244
174.38,1.502,2.995,1.576,4.248,-0.604,4.243
174.39,1.592,2.995,1.578,4.000,-0.601,4.204
174.40,1.525,2.996,1.571,4.378,-0.603,4.232
174.41,1.583,2.994,1.570,4.299,-0.600,4.246
174.42,1.896,2.994,1.626,3.838,-0.601,4.176
174.43,1.513,2.994,1.606,4.329,-0.602,4.201
174.44,1.565,2.993,1.599,4.144,-0.600,4.193
174.45,1.504,2.994,1.583,4.039,-0.601,4.166
174.46,1.471,2.994,1.564,4.375,-0.603,4.200
174.47,1.432,2.993,1.541,4.087,-0.601,4.183
174.48,1.713,2.993,1.569,4.233,-0.601,4.191
174.49,1.652,2.992,1.583,3.990,-0.600,4.158
174.50,1.467,2.991,1.562,4.145,-0.602,4.154
174.51,1.537,2.992,1.558,4.192,-0.602,4.160
174.52,1.652,2.993,1.574,4.284,-0.603,4.180
174.53,1.679,2.994,1.593,4.213,-0.602,4.186
174.54,1.709,2.994,1.613,4.370,-0.600,4.219
174.55,1.368,2.995,1.572,3.924,-0.602,4.168
174.56,1.523,2.996,1.564,4.272,-0.602,4.186
174.57,1.760,2.995,1.596,4.171,-0.601,4.184
174.58,1.679,2.995,1.610,4.120,-0.599,4.175
174.59,1.450,2.996,1.584,4.273,-0.599,4.191
174.60,1.539,2.998,1.577,4.419,-0.599,4.229
174.61,1.424,2.996,1.550,4.310,-0.598,4.244
174.62,1.549,2.997,1.550,4.260,-0.598,4.247
174.63,1.693,2.996,1.573,4.164,-0.597,4.234
174.64,1.409,2.994,1.544,4.374,-0.597,4.258
174.65,1.676,2.995,1.566,4.280,-0.597,4.262
174.66,1.377,2.993,1.533,4.129,-0.597,4.239
174.67,1.725,2.995,1.566,3.988,-0.595,4.198
174.68,1.791,2.995,1.605,3.910,-0.596,4.148
174.69,1.574,2.994,1.599,3.670,-0.596,4.068
174.70,1.595,2.993,1.597,4.216,-0.594,4.094
174.71,1.495,2.996,1.582,4.166,-0.595,4.105
174.72,1.744,2.997,1.610,4.603,-0.596,4.188
174.73,1.595,2.997,1.607,4.154,-0.596,4.182
174.74,1.487,2.999,1.588,4.437,-0.597,4.224
174.75,1.550,3.000,1.582,4.177,-0.596,4.217
174.76,1.717,3.001,1.606,4.327,-0.594,4.237
174.77,1.340,3.000,1.560,4.074,-0.594,4.210
174.78,1.691,3.001,1.583,4.048,-0.593,4.184
174.79,1.443,3.002,1.560,4.482,-0.594,4.233
174.80,1.524,3.001,1.553,4.116,-0.594,4.214
174.81,1.242,3.002,1.501,4.059,-0.594,4.188
174.82,1.574,3.002,1.513,4.637,-0.595,4.262
174.83,1.498,3.004,1.512,4.348,-0.595,4.276
174.84,1.561,3.003,1.519,4.159,-0.596,4.256
174.85,1.413,3.004,1.502,3.878,-0.596,4.193
174.86,1.639,3.005,1.525,4.067,-0.595,4.173
174.87,1.597,3.006,1.538,3.942,-0.595,4.134
174.88,1.711,3.008,1.569,4.341,-0.596,4.168
174.89,1.592,3.008,1.572,4.075,-0.596,4.152
174.90,1.720,3.009,1.597,4.193,-0.596,4.159
174.91,1.486,3.009,1.579,4.407,-0.598,4.199
174.92,1.462,3.008,1.559,4.633,-0.598,4.272
174.93,1.552,3.010,1.559,4.309,-0.598,4.278
174.94,1.602,3.010,1.566,4.330,-0.597,4.288
174.95,1.584,3.010,1.568,4.324,-0.598,4.293
174.96,1.526,3.009,1.561,4.048,-0.598,4.252
174.97,1.593,3.012,1.568,4.116,-0.597,4.230
174.98,1.748,3.014,1.600,4.393,-0.597,4.257
174.99,1.435,3.015,1.572,4.205,-0.597,4.249
175.00,1.652,3.016,1.586,4.198,-0.595,4.242
175.01,1.946,3.016,1.648,3.922,-0.595,4.188
175.02,1.804,3.018,1.675,4.445,-0.594,4.232
175.03,1.681,3.018,1.677,4.511,-0.595,4.279
175.04,1.821,3.018,1.701,4.234,-0.596,4.270
175.05,1.572,3.019,1.680,4.145,-0.596,4.249
175.06,1.635,3.020,1.673,4.249,-0.596,4.249
175.07,1.480,3.020,1.641,4.247,-0.598,4.247
175.08,1.652,3.021,1.643,4.232,-0.597,4.245
175.09,1.619,3.020,1.638,4.129,-0.598,4.225
175.10,1.486,3.019,1.612,4.251,-0.599,4.229
175.11,1.717,3.019,1.629,4.026,-0.599,4.195
175.12,1.468,3.020,1.603,4.201,-0.599,4.196
175.13,1.649,3.020,1.610,4.260,-0.599,4.206
175.14,1.585,3.021,1.607,4.163,-0.599,4.199
175.15,1.241,3.023,1.547,4.132,-0.599,4.188
175.16,1.459,3.021,1.530,4.257,-0.599,4.200
175.17,1.441,3.020,1.514,4.375,-0.598,4.230
175.18,1.419,3.021,1.498,4.187,-0.598,4.223
175.19,1.310,3.021,1.466,4.162,-0.599,4.212
175.20,1.164,3.021,1.415,4.003,-0.600,4.175
175.21,1.669,3.021,1.457,4.139,-0.600,4.169
175.22,1.665,3.022,1.492,4.409,-0.602,4.208
175.23,1.765,3.020,1.536,4.643,-0.602,4.282
175.24,1.629,3.020,1.552,4.058,-0.601,4.245
175.25,1.406,3.023,1.530,4.511,-0.600,4.290
175.26,1.466,3.022,1.518,4.034,-0.600,4.247
175.27,1.818,3.021,1.567,4.250,-0.601,4.247
175.28,1.764,3.022,1.601,4.447,-0.600,4.282
175.29,1.572,3.022,1.596,4.256,-0.600,4.278
175.30,1.757,3.023,1.623,4.237,-0.601,4.270
175.31,1.588,3.023,1.617,4.271,-0.600,4.271
175.32,1.472,3.020,1.591,4.129,-0.600,4.247
175.33,1.486,3.018,1.571,4.514,-0.600,4.292
175.34,1.385,3.019,1.541,4.237,-0.598,4.285
175.35,1.554,3.019,1.543,4.365,-0.599,4.298
175.36,1.733,3.020,1.575,4.299,-0.600,4.298
175.37,1.687,3.021,1.595,4.452,-0.600,4.324
175.38,1.676,3.021,1.608,4.098,-0.600,4.286
175.39,1.576,3.022,1.603,3.962,-0.601,4.231
175.40,1.789,3.022,1.634,4.239,-0.599,4.234
175.41,1.800,3.021,1.661,4.509,-0.600,4.279
175.42,1.395,3.021,1.616,4.365,-0.597,4.296
175.43,1.441,3.020,1.586,3.877,-0.597,4.226
175.44,1.711,3.018,1.605,4.524,-0.597,4.276
175.45,1.441,3.021,1.580,4.119,-0.598,4.249
175.46,1.600,3.021,1.583,4.070,-0.599,4.218
175.47,1.681,3.022,1.600,4.328,-0.599,4.237
175.48,1.363,3.021,1.559,4.234,-0.599,4.237
175.49,1.768,3.022,1.595,4.477,-0.599,4.276
175.50,1.586,3.023,1.594,4.181,-0.599,4.261
175.51,1.674,3.026,1.610,3.828,-0.599,4.187
175.52,1.411,3.027,1.577,4.207,-0.598,4.191
175.53,1.413,3.025,1.548,4.221,-0.597,4.197
175.54,1.483,3.024,1.535,4.065,-0.598,4.174
175.55,1.570,3.025,1.542,3.937,-0.598,4.134
175.56,1.750,3.026,1.577,3.963,-0.597,4.106
175.57,1.478,3.026,1.561,4.535,-0.596,4.179
175.58,1.483,3.027,1.548,4.065,-0.596,4.160
175.59,1.654,3.029,1.567,4.153,-0.597,4.158
175.60,1.594,3.028,1.571,4.288,-0.596,4.181
175.61,1.629,3.029,1.581,4.154,-0.596,4.176
175.62,1.841,3.029,1.624,4.304,-0.596,4.197
175.63,1.636,3.029,1.626,4.228,-0.597,4.202
175.64,1.290,3.031,1.571,3.943,-0.597,4.158
175.65,1.712,3.034,1.597,4.210,-0.599,4.165
175.66,1.575,3.036,1.595,4.033,-0.599,4.143
175.67,1.527,3.035,1.582,4.242,-0.598,4.160
175.68,1.712,3.036,1.605,4.151,-0.599,4.158
175.69,1.556,3.037,1.598,4.358,-0.599,4.192
175.70,1.490,3.037,1.580,4.249,-0.597,4.203
175.72,1.711,3.038,1.602,4.039,-0.598,4.175
175.73,1.326,3.035,1.553,4.157,-0.598,4.171
175.73,1.503,3.036,1.545,4.362,-0.599,4.203
175.75,1.560,3.036,1.547,4.463,-0.599,4.246
175.76,1.770,3.037,1.586,4.181,-0.602,4.233
175.77,1.696,3.037,1.603,4.181,-0.601,4.225
175.78,1.690,3.037,1.618,4.190,-0.602,4.218
175.79,1.433,3.037,1.587,4.340,-0.602,4.239
175.80,1.469,3.038,1.567,4.185,-0.602,4.230
175.81,1.506,3.036,1.556,4.356,-0.601,4.252
175.81,1.809,3.038,1.599,4.203,-0.599,4.246
175.83,1.638,3.039,1.607,4.197,-0.599,4.238
175.84,1.565,3.039,1.599,4.243,-0.599,4.239
175.85,1.644,3.039,1.606,4.237,-0.599,4.239
175.86,1.667,3.038,1.616,4.567,-0.598,4.294
175.87,1.781,3.039,1.644,4.063,-0.599,4.255
175.88,1.619,3.039,1.640,4.186,-0.600,4.243
175.89,1.318,3.038,1.585,4.063,-0.599,4.213
175.90,1.571,3.040,1.584,4.109,-0.599,4.196
175.91,1.291,3.040,1.535,4.276,-0.599,4.209
175.92,1.865,3.041,1.591,4.252,-0.600,4.215
175.93,1.417,3.043,1.563,4.429,-0.600,4.251
175.94,1.399,3.044,1.536,4.456,-0.600,4.286
175.95,1.591,3.044,1.545,4.194,-0.599,4.272
175.96,1.458,3.044,1.530,3.932,-0.598,4.215
175.97,1.480,3.043,1.521,4.092,-0.599,4.194
175.98,1.651,3.042,1.542,4.121,-0.598,4.182
175.99,1.362,3.043,1.512,4.473,-0.601,4.229
176.00,1.655,3.044,1.537,4.251,-0.600,4.233
176.01,1.727,3.046,1.570,4.307,-0.601,4.245
176.02,1.534,3.048,1.565,3.897,-0.601,4.187
176.03,1.530,3.048,1.559,4.217,-0.601,4.191
176.04,1.621,3.047,1.569,4.184,-0.600,4.191
176.05,1.589,3.047,1.572,4.120,-0.600,4.179
176.06,1.640,3.048,1.584,4.237,-0.600,4.189
176.07,1.628,3.050,1.592,4.161,-0.599,4.185
176.08,1.749,3.051,1.619,4.010,-0.600,4.155
176.09,1.742,3.050,1.640,4.284,-0.601,4.176
176.10,1.608,3.053,1.636,4.173,-0.601,4.175
176.11,1.607,3.051,1.630,4.127,-0.602,4.166
176.12,1.676,3.052,1.638,4.215,-0.601,4.175
176.13,1.243,3.051,1.571,4.221,-0.602,4.183
176.14,1.223,3.052,1.512,4.312,-0.601,4.205
176.15,1.641,3.051,1.533,4.180,-0.602,4.200
176.16,1.820,3.051,1.582,4.266,-0.601,4.212
176.17,1.549,3.050,1.575,4.249,-0.601,4.218
176.18,1.263,3.051,1.523,4.305,-0.603,4.231
176.19,1.414,3.051,1.505,4.299,-0.603,4.242
176.20,1.732,3.052,1.543,4.222,-0.604,4.238
176.21,1.634,3.054,1.560,4.094,-0.605,4.214
176.22,1.558,3.054,1.559,3.873,-0.603,4.157
176.23,1.663,3.052,1.575,4.202,-0.604,4.164
176.24,1.544,3.053,1.571,4.262,-0.605,4.180
176.25,1.504,3.052,1.559,4.539,-0.604,4.241
176.26,1.698,3.054,1.583,4.067,-0.604,4.212
176.27,1.518,3.055,1.573,4.584,-0.604,4.275
176.28,1.570,3.053,1.571,4.147,-0.603,4.254
176.29,1.681,3.052,1.588,3.894,-0.603,4.193
176.30,1.539,3.051,1.579,4.326,-0.603,4.216
176.31,1.308,3.050,1.532,4.287,-0.602,4.229
176.32,1.540,3.050,1.533,4.153,-0.602,4.216
176.33,1.698,3.051,1.562,4.425,-0.604,4.250
176.34,1.877,3.048,1.612,4.176,-0.603,4.238
176.35,1.796,3.050,1.644,4.139,-0.602,4.222
176.36,1.507,3.049,1.620,4.365,-0.602,4.247
176.37,1.446,3.047,1.589,4.032,-0.602,4.210
176.38,1.531,3.049,1.581,4.422,-0.603,4.245
176.39,1.459,3.049,1.560,4.161,-0.603,4.231
176.40,1.631,3.049,1.572,4.013,-0.604,4.194
176.41,1.726,3.050,1.598,4.538,-0.604,4.252
176.42,1.662,3.051,1.610,4.462,-0.604,4.287
176.43,1.637,3.052,1.615,4.368,-0.603,4.301
176.44,1.771,3.053,1.642,4.270,-0.604,4.295
176.45,1.374,3.054,1.598,4.279,-0.606,4.291
176.46,1.493,3.053,1.579,4.375,-0.606,4.306
176.47,1.648,3.053,1.590,4.297,-0.605,4.305
176.48,1.540,3.054,1.582,4.313,-0.605,4.307
176.49,1.426,3.055,1.557,3.710,-0.605,4.207
176.50,1.532,3.055,1.553,4.193,-0.605,4.204
176.51,1.688,3.056,1.576,4.042,-0.605,4.177
176.52,1.627,3.057,1.585,4.500,-0.605,4.232
176.53,1.571,3.057,1.582,4.168,-0.605,4.221
176.54,1.509,3.058,1.570,4.134,-0.604,4.207
176.55,1.516,3.058,1.561,4.145,-0.605,4.195
176.56,1.473,3.059,1.547,4.255,-0.605,4.205
176.57,1.660,3.060,1.566,4.084,-0.607,4.184
176.58,1.571,3.059,1.566,4.132,-0.605,4.176
176.59,1.415,3.058,1.540,4.460,-0.605,4.224
176.60,1.510,3.057,1.534,4.288,-0.606,4.234
176.61,1.477,3.058,1.524,4.073,-0.605,4.208
176.62,1.650,3.056,1.544,4.446,-0.605,4.248
176.63,1.518,3.058,1.541,4.292,-0.607,4.254
176.64,1.620,3.057,1.553,4.406,-0.604,4.282
176.65,1.449,3.057,1.536,4.042,-0.605,4.241
176.66,1.705,3.057,1.563,4.039,-0.604,4.208
176.67,1.382,3.057,1.533,4.085,-0.605,4.186
176.68,1.660,3.058,1.555,3.915,-0.605,4.141
176.69,1.456,3.059,1.539,4.065,-0.604,4.129
176.70,1.458,3.058,1.525,4.367,-0.605,4.168
176.71,1.779,3.061,1.570,4.216,-0.605,4.176
176.72,1.656,3.062,1.585,4.064,-0.604,4.158
176.73,1.632,3.063,1.593,3.965,-0.604,4.125
176.74,1.383,3.064,1.559,4.364,-0.603,4.166
176.75,1.622,3.066,1.570,4.344,-0.603,4.196
176.76,1.802,3.066,1.609,4.161,-0.603,4.190
176.77,1.517,3.064,1.592,4.097,-0.603,4.174
176.78,1.462,3.065,1.571,4.074,-0.604,4.157
176.79,1.124,3.065,1.495,4.116,-0.603,4.151
176.80,1.551,3.066,1.505,4.052,-0.604,4.133
176.81,1.668,3.066,1.532,4.054,-0.603,4.120
176.82,1.739,3.068,1.568,4.213,-0.605,4.135
176.83,1.772,3.068,1.602,4.173,-0.605,4.141
176.84,1.632,3.067,1.607,4.208,-0.605,4.152
176.85,1.685,3.065,1.618,4.178,-0.604,4.158
176.86,1.342,3.066,1.572,4.235,-0.605,4.169
176.87,1.874,3.068,1.624,4.253,-0.605,4.184
176.88,1.526,3.067,1.607,4.033,-0.605,4.159
176.89,1.719,3.067,1.626,4.214,-0.604,4.168
176.90,1.542,3.067,1.611,4.281,-0.605,4.187
176.91,1.535,3.066,1.598,4.546,-0.604,4.248
176.92,1.421,3.065,1.567,4.082,-0.603,4.221
176.93,1.306,3.065,1.522,4.183,-0.603,4.215
176.94,1.759,3.063,1.561,4.336,-0.602,4.236
176.95,1.518,3.065,1.555,4.393,-0.603,4.261
176.96,1.411,3.065,1.531,3.973,-0.603,4.213
176.97,1.705,3.066,1.560,4.552,-0.603,4.270
176.98,1.562,3.064,1.559,3.928,-0.602,4.213
176.99,1.750,3.062,1.589,4.254,-0.602,4.221
177.00,1.533,3.061,1.579,3.991,-0.601,4.182
177.01,1.611,3.060,1.583,4.361,-0.602,4.212
177.02,1.945,3.061,1.645,4.112,-0.601,4.196
177.03,1.542,3.062,1.628,4.267,-0.601,4.208
177.04,1.649,3.063,1.633,3.959,-0.600,4.167
177.05,1.713,3.066,1.648,4.127,-0.601,4.160
177.06,1.652,3.063,1.647,4.292,-0.599,4.184
177.07,1.487,3.063,1.620,4.364,-0.599,4.214
177.08,1.490,3.066,1.600,4.218,-0.600,4.214
177.10,1.827,3.066,1.638,3.877,-0.600,4.157
177.10,1.407,3.067,1.600,4.096,-0.599,4.147
177.11,1.383,3.067,1.563,4.182,-0.600,4.152
177.12,1.504,3.068,1.554,4.137,-0.601,4.149
177.14,1.497,3.069,1.545,3.759,-0.601,4.083
177.14,1.452,3.071,1.530,4.216,-0.602,4.105
177.15,1.691,3.069,1.556,4.219,-0.602,4.124
177.16,1.741,3.067,1.585,4.039,-0.601,4.110
177.17,1.583,3.067,1.584,4.401,-0.602,4.158
177.18,1.648,3.066,1.594,4.029,-0.603,4.136
177.19,1.727,3.066,1.616,4.401,-0.602,4.180
177.20,1.562,3.065,1.606,4.100,-0.602,4.167
177.22,1.738,3.065,1.628,4.342,-0.603,4.196
177.22,1.702,3.066,1.641,4.135,-0.603,4.185
177.24,1.490,3.065,1.615,4.092,-0.601,4.171
177.25,1.796,3.068,1.648,4.181,-0.602,4.172
177.26,1.748,3.069,1.665,4.287,-0.602,4.191
177.27,1.467,3.069,1.632,3.868,-0.602,4.137
177.28,1.848,3.068,1.667,4.146,-0.602,4.139
177.29,1.730,3.068,1.678,4.266,-0.603,4.159
177.30,1.760,3.068,1.691,4.135,-0.604,4.154
177.31,1.397,3.068,1.642,4.205,-0.605,4.162
177.32,1.459,3.069,1.612,4.346,-0.603,4.194
177.33,1.543,3.069,1.601,3.873,-0.603,4.141
177.34,1.594,3.068,1.598,3.911,-0.603,4.101
177.35,1.503,3.070,1.584,4.338,-0.602,4.142
177.36,1.486,3.071,1.568,4.057,-0.601,4.128
177.37,1.506,3.070,1.557,4.336,-0.601,4.163
177.38,1.538,3.069,1.552,4.221,-0.601,4.173
177.39,1.734,3.070,1.584,4.134,-0.600,4.167
177.40,1.699,3.071,1.603,4.542,-0.600,4.230
177.41,1.583,3.069,1.599,4.323,-0.601,4.245
177.42,1.618,3.067,1.599,4.209,-0.601,4.239
177.43,1.267,3.066,1.543,3.993,-0.601,4.197
177.44,1.420,3.067,1.522,4.146,-0.600,4.190
177.45,1.574,3.068,1.532,4.360,-0.601,4.218
177.46,1.599,3.069,1.544,4.325,-0.602,4.235
177.47,1.642,3.069,1.560,4.124,-0.601,4.217
177.48,1.697,3.069,1.583,4.148,-0.600,4.207
177.49,1.380,3.073,1.552,4.246,-0.600,4.213
177.50,1.727,3.075,1.582,4.233,-0.599,4.217
177.51,1.482,3.076,1.566,4.237,-0.600,4.220
177.52,1.450,3.074,1.544,4.490,-0.602,4.264
177.53,1.352,3.073,1.511,4.213,-0.603,4.255
177.54,1.350,3.073,1.484,4.162,-0.602,4.240
177.55,1.643,3.074,1.511,4.029,-0.601,4.205
177.56,1.585,3.073,1.523,3.961,-0.600,4.165
177.57,1.639,3.074,1.543,4.176,-0.599,4.168
177.58,1.709,3.075,1.571,4.201,-0.599,4.174
177.59,1.635,3.073,1.581,4.424,-0.601,4.214
177.60,1.772,3.072,1.612,4.379,-0.601,4.242
177.61,1.522,3.071,1.596,4.196,-0.602,4.234
177.62,1.422,3.072,1.568,4.167,-0.601,4.223
177.63,1.456,3.072,1.549,4.006,-0.600,4.187
177.64,1.438,3.073,1.530,4.296,-0.600,4.206
177.65,1.675,3.073,1.554,4.094,-0.600,4.187
177.66,1.764,3.074,1.590,4.166,-0.600,4.183
177.67,1.593,3.072,1.589,4.266,-0.600,4.197
177.68,1.754,3.073,1.617,4.141,-0.600,4.188
177.69,1.518,3.074,1.601,3.943,-0.600,4.147
177.70,1.418,3.075,1.571,4.134,-0.601,4.143
177.71,1.512,3.074,1.560,4.027,-0.602,4.123
177.72,1.783,3.075,1.598,4.190,-0.600,4.136
177.73,1.745,3.073,1.621,3.999,-0.602,4.112
177.74,1.579,3.075,1.615,4.093,-0.601,4.109
177.75,1.584,3.077,1.612,4.285,-0.603,4.137
177.76,1.603,3.076,1.609,4.067,-0.600,4.127
177.77,1.580,3.078,1.605,4.239,-0.600,4.146
177.78,1.467,3.077,1.582,4.578,-0.601,4.219
177.79,1.452,3.076,1.559,3.823,-0.601,4.151
177.80,1.882,3.078,1.614,4.270,-0.603,4.170
177.81,1.770,3.079,1.641,4.028,-0.603,4.146
177.82,1.588,3.080,1.633,3.967,-0.603,4.115
177.83,1.603,3.079,1.628,4.067,-0.602,4.108
177.84,1.561,3.080,1.617,4.107,-0.603,4.107
177.85,1.885,3.080,1.661,4.234,-0.604,4.128
177.86,1.701,3.082,1.670,4.197,-0.603,4.140
177.87,1.457,3.084,1.635,4.372,-0.602,4.180
177.88,1.488,3.083,1.610,4.365,-0.601,4.212
177.89,1.572,3.084,1.604,4.627,-0.602,4.281
177.90,1.588,3.085,1.602,4.456,-0.603,4.310
177.91,1.844,3.085,1.643,4.252,-0.603,4.300
177.92,1.541,3.083,1.624,4.303,-0.603,4.301
177.93,1.704,3.085,1.639,4.164,-0.602,4.279
177.94,1.720,3.085,1.652,4.218,-0.603,4.268
177.95,1.460,3.084,1.619,4.081,-0.604,4.236
177.96,1.757,3.084,1.642,3.980,-0.604,4.193
177.97,1.430,3.083,1.605,4.417,-0.604,4.230
177.98,1.451,3.084,1.580,4.146,-0.605,4.215
177.99,1.476,3.084,1.562,4.311,-0.606,4.231
178.00,1.617,3.082,1.570,4.132,-0.606,4.214
178.01,1.238,3.082,1.514,3.962,-0.607,4.171
178.02,1.508,3.083,1.513,4.139,-0.606,4.167
178.03,1.595,3.083,1.527,4.166,-0.605,4.167
178.04,1.575,3.083,1.535,3.950,-0.605,4.130
178.05,1.846,3.083,1.587,4.071,-0.606,4.120
178.06,1.274,3.083,1.534,4.115,-0.607,4.118
178.07,1.595,3.081,1.543,4.483,-0.606,4.180
178.08,1.624,3.082,1.557,4.310,-0.605,4.203
178.09,1.733,3.084,1.588,4.501,-0.604,4.255
178.10,1.726,3.085,1.612,4.048,-0.604,4.220
178.11,1.677,3.087,1.624,4.066,-0.605,4.193
178.12,1.635,3.085,1.624,4.384,-0.604,4.226
178.13,1.609,3.086,1.622,4.336,-0.603,4.245
178.14,1.820,3.085,1.655,4.048,-0.602,4.213
178.15,1.661,3.084,1.655,4.330,-0.602,4.233
178.16,1.568,3.085,1.641,4.235,-0.602,4.233
178.17,1.417,3.084,1.603,4.481,-0.603,4.275
178.18,1.505,3.085,1.587,4.041,-0.603,4.235
178.19,1.634,3.086,1.595,4.225,-0.603,4.234
178.20,1.442,3.087,1.570,4.096,-0.602,4.211
178.21,1.574,3.087,1.571,4.116,-0.602,4.196
178.22,1.317,3.087,1.528,4.285,-0.602,4.210
178.23,1.392,3.085,1.503,4.205,-0.603,4.209
178.24,1.880,3.084,1.566,3.986,-0.603,4.171
178.25,1.415,3.086,1.541,4.204,-0.603,4.177
178.26,1.738,3.087,1.575,4.320,-0.602,4.202
178.27,1.644,3.089,1.588,4.139,-0.601,4.192
178.28,1.710,3.090,1.609,4.326,-0.602,4.214
178.29,1.627,3.090,1.612,4.175,-0.601,4.208
178.30,1.432,3.089,1.581,4.205,-0.602,4.207
178.31,1.678,3.091,1.599,4.187,-0.602,4.204
178.32,1.538,3.092,1.589,4.382,-0.601,4.234
178.33,1.398,3.091,1.556,4.390,-0.601,4.261
178.34,1.656,3.090,1.572,4.024,-0.601,4.221
178.35,1.635,3.090,1.582,4.290,-0.601,4.232
178.36,1.724,3.090,1.606,3.797,-0.600,4.160
178.37,1.630,3.093,1.612,4.069,-0.600,4.145
178.38,1.482,3.093,1.590,4.146,-0.600,4.145
178.39,1.605,3.093,1.593,4.265,-0.601,4.164
178.40,1.544,3.093,1.585,4.295,-0.602,4.185
178.41,1.752,3.094,1.613,4.195,-0.602,4.187
178.42,1.552,3.095,1.604,4.316,-0.603,4.208
178.43,1.507,3.095,1.587,4.287,-0.604,4.221
178.44,1.649,3.096,1.598,4.226,-0.605,4.221
178.45,1.551,3.096,1.590,4.334,-0.606,4.239
178.46,1.628,3.096,1.596,4.212,-0.605,4.235
178.47,1.602,3.097,1.598,3.989,-0.606,4.193
178.48,1.555,3.100,1.593,4.241,-0.606,4.201
178.49,1.488,3.099,1.575,4.004,-0.606,4.168
178.50,1.489,3.101,1.562,4.105,-0.606,4.158
178.51,1.852,3.101,1.610,4.053,-0.605,4.140
178.52,1.931,3.100,1.663,4.244,-0.605,4.158
178.53,1.526,3.100,1.640,4.314,-0.605,4.184
178.54,1.485,3.101,1.615,4.180,-0.605,4.183
178.55,1.591,3.103,1.612,4.195,-0.604,4.186
178.56,1.767,3.104,1.638,4.365,-0.604,4.216
178.57,1.455,3.104,1.607,4.185,-0.604,4.211
178.58,1.677,3.103,1.618,4.525,-0.604,4.264
178.59,1.158,3.102,1.539,4.015,-0.604,4.222
178.60,1.678,3.103,1.563,4.234,-0.605,4.223
178.61,1.471,3.106,1.549,4.106,-0.605,4.203
178.63,1.539,3.108,1.549,4.281,-0.604,4.217
178.64,1.323,3.106,1.509,4.057,-0.604,4.190
178.64,1.448,3.107,1.499,4.013,-0.602,4.162
178.65,1.645,3.107,1.523,4.373,-0.602,4.198
178.67,1.441,3.108,1.510,4.440,-0.602,4.238
178.68,1.674,3.110,1.540,4.418,-0.603,4.268
178.68,1.567,3.113,1.546,4.533,-0.603,4.313
178.69,1.784,3.112,1.585,3.935,-0.602,4.250
178.71,1.732,3.113,1.610,4.187,-0.602,4.240
178.72,1.581,3.114,1.606,3.844,-0.603,4.173
178.72,1.699,3.114,1.622,4.143,-0.603,4.167
178.74,1.523,3.112,1.603,3.715,-0.603,4.091
178.74,1.658,3.111,1.611,4.021,-0.601,4.081
178.76,1.506,3.112,1.595,4.186,-0.602,4.097
178.77,1.991,3.112,1.662,4.161,-0.602,4.109
178.78,1.734,3.114,1.676,4.203,-0.601,4.125
178.79,1.703,3.113,1.679,3.912,-0.602,4.088
178.80,1.484,3.114,1.647,4.253,-0.604,4.114
178.81,1.701,3.113,1.655,4.443,-0.602,4.171
178.82,1.666,3.114,1.658,4.344,-0.602,4.200
178.83,1.812,3.114,1.684,4.309,-0.602,4.218
178.84,1.884,3.113,1.716,4.251,-0.603,4.224
178.85,1.319,3.110,1.647,4.025,-0.604,4.189
178.86,1.652,3.110,1.648,4.050,-0.603,4.166
178.87,1.619,3.111,1.644,4.078,-0.603,4.152
178.88,1.650,3.109,1.643,4.036,-0.603,4.132
178.89,1.699,3.108,1.651,4.347,-0.604,4.167
178.90,1.870,3.108,1.688,4.072,-0.605,4.151
178.91,1.449,3.106,1.646,4.173,-0.604,4.155
178.92,1.470,3.108,1.618,4.622,-0.604,4.234
178.93,1.470,3.111,1.595,4.104,-0.605,4.211
178.94,1.357,3.111,1.555,4.453,-0.606,4.251
178.95,1.521,3.112,1.550,4.073,-0.607,4.220
178.96,1.574,3.112,1.554,4.273,-0.607,4.229
178.97,1.571,3.112,1.557,4.318,-0.606,4.245
178.98,1.375,3.113,1.527,4.263,-0.606,4.248
178.99,1.656,3.114,1.549,4.377,-0.605,4.271
179.00,1.801,3.117,1.594,4.329,-0.605,4.281
179.01,1.735,3.116,1.616,4.327,-0.606,4.288
179.02,1.894,3.116,1.662,4.118,-0.606,4.260
179.03,1.377,3.114,1.613,3.996,-0.606,4.215
179.04,1.556,3.115,1.604,4.334,-0.606,4.235
179.05,1.460,3.116,1.580,4.157,-0.606,4.222
179.06,1.914,3.117,1.637,4.397,-0.606,4.252
179.07,1.595,3.117,1.630,4.106,-0.607,4.226
179.08,1.448,3.119,1.601,4.071,-0.607,4.200
179.09,1.523,3.120,1.589,4.321,-0.608,4.220
179.10,1.344,3.121,1.548,4.369,-0.607,4.246
179.11,1.415,3.120,1.524,4.118,-0.606,4.225
179.12,1.459,3.119,1.512,3.898,-0.606,4.169
179.13,1.519,3.120,1.513,4.454,-0.607,4.216
179.14,1.739,3.119,1.551,4.010,-0.607,4.182
179.15,1.296,3.119,1.508,4.105,-0.607,4.169
179.16,1.460,3.120,1.499,4.324,-0.606,4.196
179.17,1.637,3.121,1.523,4.293,-0.607,4.211
179.18,1.577,3.123,1.533,4.251,-0.606,4.219
179.19,1.730,3.124,1.567,4.300,-0.605,4.233
179.20,1.314,3.126,1.526,4.115,-0.606,4.213
179.21,1.451,3.127,1.514,4.158,-0.605,4.204
179.22,1.624,3.127,1.532,4.259,-0.604,4.214
179.23,1.793,3.130,1.578,4.248,-0.603,4.221
179.24,1.724,3.130,1.603,4.193,-0.602,4.217
179.25,1.661,3.133,1.615,4.205,-0.602,4.215
179.26,1.331,3.135,1.568,4.027,-0.602,4.183
179.27,1.815,3.136,1.610,3.949,-0.601,4.145
179.28,1.204,3.135,1.540,4.341,-0.602,4.177
179.29,1.440,3.137,1.524,4.283,-0.603,4.194
179.30,1.863,3.137,1.581,3.875,-0.604,4.140
179.31,1.418,3.136,1.553,4.252,-0.604,4.158
179.32,1.509,3.139,1.547,4.272,-0.604,4.178
179.33,1.761,3.140,1.584,4.050,-0.602,4.158
179.34,1.457,3.143,1.565,4.315,-0.602,4.184
179.35,1.677,3.141,1.582,4.283,-0.603,4.200
179.36,1.654,3.137,1.591,4.337,-0.605,4.221
179.37,1.447,3.136,1.565,3.877,-0.605,4.163
179.38,1.630,3.135,1.575,3.996,-0.605,4.135
179.39,1.540,3.134,1.568,4.157,-0.605,4.139
179.40,1.571,3.134,1.568,4.266,-0.605,4.160
179.41,1.589,3.136,1.573,4.176,-0.607,4.161
179.42,1.543,3.138,1.569,4.337,-0.608,4.190
179.43,1.408,3.139,1.543,3.812,-0.607,4.127
179.44,1.375,3.136,1.513,4.505,-0.607,4.191
179.45,1.657,3.137,1.537,3.809,-0.606,4.128
179.46,1.264,3.138,1.492,4.285,-0.605,4.154
179.47,1.895,3.138,1.559,4.157,-0.603,4.156
179.48,1.724,3.139,1.588,4.396,-0.603,4.196
179.49,1.446,3.138,1.563,4.018,-0.604,4.166
179.50,1.671,3.139,1.581,4.159,-0.603,4.165
179.51,1.523,3.140,1.572,4.188,-0.602,4.170
179.52,1.828,3.141,1.616,4.383,-0.601,4.207
179.53,1.619,3.142,1.617,4.295,-0.602,4.220
179.54,1.860,3.142,1.658,4.156,-0.604,4.208
179.55,1.730,3.141,1.669,4.316,-0.604,4.227
179.56,1.616,3.141,1.660,4.412,-0.603,4.259
179.57,1.399,3.144,1.618,4.024,-0.602,4.220
179.58,1.716,3.145,1.635,4.042,-0.603,4.189
179.59,1.396,3.147,1.597,4.286,-0.604,4.205
179.60,1.459,3.148,1.574,3.665,-0.604,4.114
179.61,1.612,3.150,1.582,4.321,-0.603,4.149
179.62,1.608,3.151,1.587,3.979,-0.604,4.119
179.63,1.648,3.151,1.597,4.308,-0.603,4.152
179.64,1.630,3.152,1.603,4.289,-0.603,4.175
179.65,1.615,3.152,1.605,4.528,-0.605,4.234
179.66,1.516,3.152,1.590,4.135,-0.604,4.218
179.67,1.550,3.151,1.582,3.974,-0.604,4.177
179.68,1.280,3.153,1.533,4.385,-0.605,4.211
179.69,1.760,3.153,1.570,4.132,-0.604,4.198
179.70,1.587,3.155,1.574,3.843,-0.605,4.137
179.71,1.731,3.156,1.602,4.378,-0.605,4.178
179.72,1.470,3.155,1.578,4.431,-0.606,4.220
179.73,1.590,3.156,1.581,4.367,-0.606,4.245
179.74,1.430,3.157,1.556,4.233,-0.607,4.242
179.75,1.559,3.161,1.559,4.212,-0.609,4.236
179.76,1.603,3.161,1.566,4.126,-0.608,4.217
179.77,1.746,3.160,1.596,4.085,-0.609,4.195
179.78,1.684,3.159,1.609,4.067,-0.610,4.173
179.79,1.694,3.161,1.625,4.031,-0.608,4.150
179.80,1.466,3.163,1.599,4.252,-0.609,4.166
179.81,1.715,3.162,1.618,4.181,-0.610,4.168
179.82,1.603,3.164,1.617,4.353,-0.611,4.198
179.83,1.574,3.165,1.610,3.996,-0.611,4.164
179.84,1.827,3.164,1.646,4.154,-0.611,4.163
179.85,1.558,3.164,1.631,3.966,-0.612,4.129
179.86,1.701,3.164,1.642,4.196,-0.613,4.139
179.87,1.588,3.162,1.632,4.454,-0.612,4.193
179.88,1.734,3.161,1.647,4.226,-0.611,4.199
179.89,1.646,3.162,1.648,4.343,-0.611,4.224
179.90,1.737,3.165,1.665,4.293,-0.612,4.235
179.91,1.776,3.164,1.683,4.111,-0.612,4.214
179.92,1.519,3.164,1.656,4.189,-0.612,4.210
179.93,1.749,3.165,1.672,4.336,-0.611,4.231
179.94,1.374,3.166,1.622,4.125,-0.612,4.213
179.95,1.541,3.166,1.609,4.372,-0.613,4.239
179.96,1.528,3.166,1.595,4.295,-0.613,4.248
179.97,1.487,3.166,1.577,4.208,-0.614,4.241
179.98,1.580,3.167,1.577,4.256,-0.612,4.245
179.99,1.622,3.169,1.586,4.002,-0.613,4.204
180.00,1.656,3.171,1.599,3.867,-0.613,4.147
180.01,1.684,3.170,1.613,3.948,-0.613,4.113
180.02,1.465,3.170,1.588,4.452,-0.612,4.171
180.03,1.410,3.170,1.558,3.939,-0.613,4.131
180.04,1.484,3.171,1.546,4.293,-0.614,4.157
180.05,1.431,3.172,1.527,3.712,-0.612,4.084
180.06,1.795,3.175,1.574,4.328,-0.613,4.125
180.07,1.669,3.174,1.589,4.142,-0.611,4.129
180.08,1.707,3.173,1.608,4.054,-0.616,4.113
180.09,1.472,3.172,1.584,4.246,-0.616,4.135
180.10,1.442,3.172,1.560,4.139,-0.615,4.136
180.11,1.410,3.173,1.535,4.313,-0.615,4.165
180.12,1.731,3.174,1.569,4.278,-0.615,4.184
180.13,1.377,3.175,1.537,4.323,-0.617,4.207
180.15,1.268,3.177,1.492,4.356,-0.613,4.235
180.16,1.511,3.180,1.497,4.182,-0.615,4.225
180.17,1.563,3.181,1.509,4.223,-0.615,4.224
180.18,1.486,3.181,1.505,4.237,-0.614,4.227
180.19,1.717,3.182,1.541,4.485,-0.614,4.271
180.19,1.692,3.180,1.564,4.448,-0.612,4.303
180.21,1.550,3.179,1.561,4.137,-0.612,4.275
180.22,1.734,3.179,1.590,4.144,-0.613,4.252
180.23,1.335,3.179,1.547,4.173,-0.613,4.238
180.24,1.415,3.182,1.527,4.180,-0.613,4.229
180.25,1.693,3.180,1.553,4.064,-0.612,4.202
180.26,1.921,3.180,1.614,4.090,-0.613,4.182
180.27,1.635,3.181,1.618,4.048,-0.613,4.159
180.28,1.319,3.182,1.569,4.377,-0.614,4.195
180.29,1.682,3.182,1.588,4.574,-0.614,4.259
180.30,1.445,3.182,1.563,4.008,-0.615,4.216
180.31,1.805,3.183,1.605,4.229,-0.615,4.219
180.32,1.968,3.180,1.665,4.287,-0.614,4.231
180.33,1.469,3.181,1.632,4.094,-0.613,4.209
180.34,1.634,3.181,1.631,4.157,-0.613,4.200
180.35,1.546,3.183,1.619,4.243,-0.614,4.206
180.36,1.746,3.181,1.639,4.220,-0.613,4.210
180.37,1.346,3.181,1.589,4.234,-0.614,4.213
180.38,1.657,3.180,1.599,4.062,-0.615,4.187
180.39,1.690,3.180,1.614,4.106,-0.613,4.174
180.40,1.412,3.180,1.581,4.051,-0.614,4.153
180.41,1.645,3.183,1.593,4.348,-0.613,4.187
180.42,1.639,3.183,1.601,4.175,-0.612,4.185
180.43,1.459,3.183,1.577,4.042,-0.612,4.162
180.44,1.491,3.185,1.564,3.935,-0.612,4.123
180.45,1.585,3.185,1.567,4.424,-0.612,4.174
180.46,1.365,3.184,1.532,3.808,-0.612,4.113
180.47,1.541,3.183,1.533,4.096,-0.611,4.110
180.48,1.660,3.183,1.554,4.118,-0.612,4.111
180.49,1.411,3.184,1.530,4.152,-0.612,4.117
180.50,1.845,3.186,1.584,4.263,-0.613,4.141
180.51,1.359,3.186,1.547,4.042,-0.612,4.125
180.52,1.693,3.187,1.571,3.981,-0.613,4.100
180.53,1.698,3.187,1.593,3.838,-0.612,4.057
180.54,1.862,3.186,1.637,4.204,-0.612,4.081
180.55,1.598,3.185,1.629,4.163,-0.612,4.094
180.56,1.366,3.186,1.586,4.267,-0.612,4.124
180.57,1.582,3.190,1.588,4.126,-0.612,4.124
180.58,1.576,3.191,1.586,4.087,-0.612,4.118
180.59,1.503,3.191,1.572,4.327,-0.611,4.154
180.60,1.658,3.194,1.589,4.174,-0.611,4.157
180.61,1.526,3.193,1.577,4.048,-0.611,4.139
180.62,1.474,3.190,1.558,4.460,-0.612,4.192
180.63,1.353,3.189,1.521,4.063,-0.611,4.171
180.64,1.765,3.187,1.561,4.426,-0.613,4.212
180.65,1.556,3.186,1.559,3.987,-0.612,4.174
180.66,1.594,3.186,1.564,3.945,-0.612,4.136
180.67,1.558,3.185,1.562,4.040,-0.612,4.120
180.68,1.410,3.185,1.536,3.876,-0.613,4.077
180.69,1.705,3.185,1.564,4.495,-0.613,4.147
180.70,1.674,3.187,1.584,4.409,-0.612,4.192
180.71,1.718,3.187,1.606,3.935,-0.612,4.149
180.72,1.345,3.188,1.563,4.364,-0.612,4.185
180.73,1.675,3.188,1.582,4.121,-0.613,4.173
180.74,1.705,3.190,1.604,3.963,-0.612,4.139
180.75,1.629,3.190,1.608,4.104,-0.613,4.132
180.76,1.775,3.190,1.635,4.182,-0.612,4.141
180.77,1.707,3.190,1.647,3.629,-0.613,4.054
180.78,1.672,3.189,1.651,4.187,-0.613,4.077
180.79,1.571,3.189,1.637,4.131,-0.612,4.086
180.80,1.767,3.189,1.659,4.054,-0.612,4.081
180.81,1.474,3.188,1.627,4.075,-0.613,4.079
180.82,1.631,3.189,1.628,4.134,-0.613,4.088
180.83,1.464,3.187,1.599,4.256,-0.614,4.116
180.84,1.736,3.187,1.621,4.121,-0.615,4.115
180.85,1.614,3.187,1.620,3.974,-0.615,4.092
180.86,1.509,3.188,1.602,4.455,-0.614,4.153
180.87,1.446,3.186,1.573,4.275,-0.615,4.173
180.88,1.297,3.187,1.528,4.017,-0.614,4.147
180.89,1.411,3.186,1.507,4.401,-0.613,4.191
180.90,1.673,3.187,1.535,4.104,-0.613,4.176
180.91,1.641,3.186,1.553,4.038,-0.613,4.154
180.92,1.448,3.187,1.535,4.090,-0.613,4.143
180.93,1.711,3.185,1.563,4.329,-0.614,4.173
180.94,1.632,3.186,1.575,4.271,-0.614,4.190
180.95,1.439,3.184,1.550,4.389,-0.614,4.223
180.96,1.665,3.184,1.569,4.069,-0.613,4.198
180.97,1.341,3.185,1.532,4.651,-0.613,4.274
180.98,1.692,3.186,1.559,4.077,-0.612,4.242
180.99,1.509,3.185,1.549,4.092,-0.613,4.216
181.00,1.539,3.185,1.547,4.272,-0.613,4.225
181.01,1.665,3.185,1.567,4.022,-0.613,4.191
181.02,1.539,3.185,1.562,4.261,-0.612,4.204
181.03,1.747,3.184,1.592,4.124,-0.611,4.191
181.04,1.521,3.182,1.578,4.000,-0.612,4.158
181.05,1.700,3.181,1.598,4.170,-0.613,4.160
181.06,1.603,3.181,1.598,4.126,-0.613,4.154
181.07,1.857,3.181,1.642,4.282,-0.611,4.177
181.08,1.346,3.181,1.592,4.244,-0.612,4.188
181.09,1.683,3.182,1.608,4.357,-0.612,4.216
181.10,1.775,3.182,1.636,4.476,-0.612,4.260
181.11,1.650,3.182,1.637,4.229,-0.612,4.254
181.12,1.481,3.185,1.614,4.094,-0.612,4.228
181.13,1.661,3.185,1.622,4.122,-0.612,4.210
181.14,1.484,3.184,1.597,3.967,-0.612,4.169
181.15,1.486,3.184,1.579,4.193,-0.611,4.174
181.16,1.515,3.183,1.566,3.998,-0.611,4.144
181.17,1.437,3.181,1.543,4.295,-0.610,4.171
181.18,1.711,3.183,1.573,4.281,-0.608,4.191
181.19,1.643,3.184,1.585,4.067,-0.607,4.171
181.20,1.802,3.183,1.621,4.052,-0.608,4.150
181.21,1.710,3.183,1.636,4.096,-0.609,4.140
181.22,1.630,3.184,1.635,4.048,-0.610,4.123
181.23,1.465,3.184,1.606,4.118,-0.611,4.121
181.24,1.525,3.185,1.594,4.070,-0.610,4.113
181.25,1.199,3.186,1.528,4.141,-0.611,4.117
181.26,1.699,3.187,1.557,4.260,-0.611,4.141
181.27,1.378,3.187,1.527,4.357,-0.613,4.176
181.28,1.516,3.189,1.526,4.037,-0.613,4.153
181.29,1.665,3.187,1.548,4.071,-0.612,4.140
181.30,1.818,3.187,1.593,4.082,-0.612,4.130
181.31,1.421,3.188,1.564,4.188,-0.611,4.141
181.32,1.625,3.189,1.575,4.069,-0.610,4.129
181.33,1.321,3.190,1.532,4.080,-0.611,4.120
181.34,1.665,3.189,1.554,4.038,-0.610,4.106
181.35,1.562,3.186,1.553,4.145,-0.611,4.113
181.36,1.519,3.188,1.548,4.529,-0.611,4.182
181.37,1.591,3.189,1.556,4.178,-0.612,4.181
181.38,1.538,3.190,1.554,3.955,-0.612,4.143
181.39,1.640,3.191,1.569,4.208,-0.611,4.155
181.40,1.553,3.192,1.567,4.126,-0.610,4.150
181.41,1.596,3.193,1.572,4.125,-0.611,4.146
181.42,1.708,3.194,1.596,4.031,-0.610,4.127
181.43,1.538,3.194,1.586,4.054,-0.609,4.116
181.44,1.512,3.194,1.574,4.435,-0.608,4.169
181.45,1.595,3.192,1.575,4.163,-0.609,4.168
181.46,1.380,3.192,1.542,4.105,-0.611,4.155
181.47,1.579,3.192,1.548,4.263,-0.611,4.174
181.48,1.552,3.191,1.548,4.175,-0.610,4.174
181.49,1.657,3.190,1.565,4.245,-0.608,4.188
181.50,1.756,3.192,1.598,4.125,-0.608,4.178
181.51,1.448,3.192,1.573,4.291,-0.609,4.196
181.52,1.694,3.195,1.595,4.189,-0.610,4.194
181.53,1.701,3.196,1.614,4.087,-0.611,4.175
181.54,1.543,3.197,1.603,4.184,-0.608,4.179
181.55,1.556,3.196,1.594,4.289,-0.609,4.197
181.56,1.650,3.197,1.604,4.036,-0.609,4.170
181.57,1.423,3.199,1.575,4.307,-0.610,4.192
181.58,1.702,3.200,1.597,4.175,-0.608,4.190
181.59,1.437,3.203,1.572,4.362,-0.607,4.220
181.60,1.317,3.204,1.530,4.162,-0.606,4.211
181.61,1.813,3.204,1.577,4.019,-0.607,4.179
181.62,1.550,3.204,1.573,4.083,-0.606,4.163
181.63,1.815,3.207,1.615,4.193,-0.606,4.168
181.64,1.262,3.207,1.555,4.176,-0.606,4.170
181.65,1.562,3.207,1.557,4.061,-0.608,4.150
181.66,1.371,3.208,1.526,4.235,-0.607,4.165
181.68,1.563,3.208,1.532,4.147,-0.609,4.160
181.69,1.677,3.208,1.556,4.159,-0.610,4.159
181.70,1.543,3.210,1.555,4.377,-0.609,4.196
181.71,1.625,3.209,1.566,4.448,-0.609,4.239
181.72,1.500,3.207,1.553,4.000,-0.609,4.199
181.73,1.486,3.208,1.542,4.460,-0.609,4.243
181.74,1.674,3.208,1.564,3.874,-0.608,4.181
181.75,1.533,3.207,1.558,4.402,-0.608,4.219
181.76,1.555,3.206,1.556,3.974,-0.608,4.178
181.77,1.552,3.206,1.556,4.144,-0.607,4.172
181.78,1.699,3.206,1.579,4.393,-0.607,4.210
181.79,1.818,3.206,1.619,4.358,-0.607,4.235
181.80,1.828,3.205,1.653,4.369,-0.607,4.257
181.81,1.853,3.205,1.687,4.082,-0.608,4.227
181.82,1.455,3.204,1.646,4.337,-0.607,4.247
181.83,1.544,3.204,1.629,3.985,-0.608,4.202
181.84,1.551,3.204,1.617,4.122,-0.608,4.189
181.85,1.630,3.203,1.618,4.146,-0.608,4.181
181.86,1.410,3.204,1.583,4.093,-0.608,4.167
181.87,1.643,3.205,1.594,4.127,-0.608,4.159
181.88,1.650,3.205,1.603,4.109,-0.608,4.151
181.89,1.315,3.204,1.553,4.036,-0.607,4.132
181.90,1.550,3.203,1.552,4.303,-0.605,4.162
181.91,1.706,3.203,1.577,3.966,-0.605,4.130
181.92,1.547,3.204,1.573,4.272,-0.606,4.152
181.93,1.642,3.205,1.585,4.243,-0.606,4.168
181.94,1.745,3.206,1.612,4.302,-0.606,4.190
181.95,1.871,3.205,1.655,4.402,-0.607,4.225
181.96,1.631,3.205,1.651,4.170,-0.605,4.217
181.97,1.647,3.206,1.650,4.076,-0.606,4.193
181.98,1.562,3.206,1.636,3.992,-0.606,4.159
181.99,1.794,3.205,1.662,3.998,-0.607,4.132
182.00,1.473,3.207,1.631,4.347,-0.607,4.168
182.01,1.670,3.207,1.638,4.035,-0.608,4.144
182.02,1.487,3.210,1.615,4.227,-0.609,4.157
182.03,1.753,3.208,1.636,3.995,-0.609,4.130
182.04,1.396,3.208,1.595,3.983,-0.607,4.107
182.05,1.461,3.208,1.573,4.350,-0.608,4.147
182.06,1.768,3.207,1.605,4.174,-0.607,4.152
182.07,1.387,3.207,1.568,4.115,-0.606,4.147
182.08,1.713,3.210,1.594,4.103,-0.607,4.139
182.09,1.295,3.209,1.543,3.760,-0.606,4.076
182.10,1.927,3.210,1.608,4.358,-0.606,4.123
182.11,1.588,3.210,1.605,4.221,-0.606,4.140
182.12,1.418,3.210,1.573,4.071,-0.605,4.128
182.13,1.828,3.209,1.615,4.224,-0.605,4.144
182.14,1.537,3.210,1.602,4.075,-0.605,4.133
182.15,1.624,3.210,1.605,4.157,-0.606,4.136
182.16,1.697,3.212,1.622,3.737,-0.606,4.069
182.17,1.590,3.211,1.616,4.131,-0.607,4.078
182.18,1.653,3.211,1.622,4.379,-0.606,4.130
182.19,1.685,3.211,1.633,4.026,-0.607,4.111
182.20,1.962,3.211,1.689,4.384,-0.605,4.158
182.21,1.467,3.213,1.653,3.796,-0.605,4.097
182.22,1.459,3.212,1.620,4.267,-0.603,4.127
182.23,1.521,3.213,1.603,4.157,-0.604,4.132
182.24,1.582,3.213,1.599,4.304,-0.604,4.161
182.25,1.484,3.213,1.580,4.285,-0.603,4.182
182.26,1.712,3.214,1.603,4.185,-0.603,4.183
182.27,1.668,3.214,1.613,3.934,-0.605,4.140
182.28,1.751,3.215,1.637,4.015,-0.605,4.119
182.29,1.559,3.215,1.624,4.444,-0.602,4.175
182.30,1.333,3.214,1.574,3.998,-0.602,4.146
182.31,1.663,3.213,1.588,3.923,-0.602,4.108
182.32,1.626,3.212,1.593,4.231,-0.603,4.128
182.33,1.432,3.213,1.566,4.149,-0.603,4.131
182.34,1.721,3.214,1.594,4.185,-0.603,4.141
182.35,1.464,3.216,1.573,3.822,-0.602,4.087
182.36,1.469,3.216,1.555,4.345,-0.601,4.132
182.37,1.524,3.215,1.549,4.553,-0.601,4.204
182.38,1.607,3.216,1.559,4.323,-0.601,4.224
182.39,1.622,3.217,1.570,4.002,-0.599,4.188
182.40,1.677,3.216,1.587,3.990,-0.599,4.155
182.41,1.407,3.216,1.556,4.494,-0.599,4.212
182.42,1.523,3.217,1.552,4.305,-0.599,4.227
182.43,1.751,3.220,1.587,4.330,-0.600,4.244
182.44,1.460,3.220,1.566,4.136,-0.601,4.225
182.45,1.446,3.222,1.547,4.093,-0.601,4.203
182.46,1.497,3.224,1.539,4.041,-0.600,4.177
182.47,1.514,3.227,1.538,4.307,-0.600,4.199
182.48,1.354,3.228,1.508,3.785,-0.600,4.129
182.49,1.711,3.230,1.543,4.375,-0.603,4.168
182.50,1.722,3.231,1.574,4.231,-0.603,4.179
182.51,1.717,3.232,1.598,4.210,-0.603,4.183
182.52,1.695,3.233,1.615,4.123,-0.604,4.173
182.53,1.786,3.233,1.644,4.256,-0.604,4.187
182.54,1.576,3.233,1.632,4.146,-0.604,4.180
182.55,1.445,3.234,1.601,3.956,-0.605,4.142
182.56,1.757,3.236,1.629,4.499,-0.605,4.202
182.57,1.649,3.235,1.631,4.166,-0.605,4.196
182.58,1.365,3.234,1.586,4.000,-0.607,4.161
182.59,1.640,3.233,1.594,4.044,-0.605,4.143
182.60,1.240,3.234,1.534,4.446,-0.605,4.193
182.61,1.678,3.235,1.559,4.103,-0.604,4.179
182.62,1.482,3.235,1.547,4.241,-0.603,4.190
182.63,1.456,3.234,1.530,4.111,-0.603,4.178
182.64,1.735,3.236,1.566,4.205,-0.602,4.183
182.65,1.453,3.238,1.548,4.153,-0.602,4.177
182.66,1.403,3.239,1.524,4.267,-0.602,4.192
182.67,1.564,3.238,1.530,3.814,-0.603,4.128
182.68,1.860,3.238,1.585,4.160,-0.603,4.133
182.69,1.604,3.239,1.589,4.199,-0.603,4.144
182.70,1.573,3.239,1.586,4.367,-0.602,4.183
182.71,1.721,3.241,1.610,4.446,-0.602,4.228
182.72,1.715,3.241,1.627,4.146,-0.601,4.215
182.73,1.843,3.240,1.663,4.285,-0.601,4.227
182.74,1.582,3.241,1.650,4.256,-0.601,4.232
182.75,1.603,3.240,1.642,3.980,-0.602,4.188
182.76,1.501,3.242,1.619,4.370,-0.601,4.220
182.77,1.675,3.240,1.626,4.194,-0.601,4.216
182.78,1.628,3.241,1.628,4.369,-0.600,4.242
182.79,1.254,3.243,1.566,4.116,-0.601,4.221
182.80,1.706,3.244,1.590,4.109,-0.601,4.201
182.81,1.665,3.245,1.604,4.276,-0.601,4.215
182.82,1.707,3.244,1.620,4.463,-0.600,4.257
182.83,1.647,3.246,1.626,4.088,-0.601,4.228
182.84,1.487,3.246,1.603,4.487,-0.599,4.273
182.85,1.784,3.247,1.633,4.170,-0.598,4.257
182.86,1.369,3.248,1.590,4.075,-0.598,4.226
182.87,1.534,3.249,1.581,4.213,-0.598,4.224
182.88,1.597,3.247,1.582,4.161,-0.598,4.213
182.89,1.624,3.248,1.590,4.249,-0.599,4.219
182.90,1.460,3.249,1.568,4.094,-0.600,4.197
182.91,1.516,3.248,1.558,4.361,-0.600,4.224
182.92,1.248,3.251,1.508,4.388,-0.600,4.253
182.93,1.492,3.249,1.504,4.140,-0.598,4.235
182.94,1.566,3.252,1.516,4.036,-0.598,4.202
182.95,1.681,3.252,1.543,4.229,-0.597,4.207
182.96,1.362,3.250,1.511,3.756,-0.598,4.130
182.97,1.602,3.247,1.524,4.013,-0.598,4.110
182.98,1.793,3.249,1.570,4.042,-0.599,4.098
182.99,1.445,3.252,1.551,4.216,-0.599,4.118
183.00,1.464,3.249,1.534,4.257,-0.598,4.142
183.01,1.592,3.248,1.542,4.114,-0.598,4.137
183.03,1.451,3.246,1.525,4.240,-0.600,4.153
183.03,1.562,3.247,1.532,4.192,-0.601,4.159
183.04,1.475,3.250,1.524,4.067,-0.601,4.143
183.05,1.513,3.250,1.522,4.346,-0.602,4.177
183.06,1.726,3.249,1.556,4.292,-0.602,4.196
183.08,1.573,3.251,1.560,4.499,-0.601,4.248
183.08,1.561,3.251,1.559,4.084,-0.600,4.221
183.09,1.651,3.250,1.574,4.061,-0.600,4.194
183.10,1.793,3.250,1.610,4.260,-0.600,4.206
183.12,1.323,3.250,1.562,4.220,-0.601,4.207
183.13,1.620,3.253,1.574,4.340,-0.600,4.230
183.13,1.455,3.254,1.554,4.225,-0.599,4.230
183.14,1.490,3.254,1.544,4.176,-0.600,4.221
183.16,1.513,3.254,1.539,4.038,-0.602,4.188
183.16,1.841,3.253,1.588,4.380,-0.601,4.221
183.17,1.729,3.253,1.611,4.297,-0.600,4.234
183.18,1.671,3.254,1.622,4.465,-0.601,4.273
183.20,1.617,3.255,1.622,4.128,-0.601,4.249
183.21,1.841,3.256,1.659,4.112,-0.600,4.227
183.22,1.451,3.255,1.623,4.312,-0.600,4.241
183.23,1.658,3.255,1.629,4.282,-0.600,4.248
183.24,1.622,3.253,1.626,4.062,-0.599,4.217
183.25,1.361,3.254,1.582,4.677,-0.600,4.294
183.26,1.730,3.254,1.607,4.146,-0.600,4.269
183.27,1.700,3.255,1.623,4.156,-0.601,4.249
183.28,1.727,3.256,1.641,4.005,-0.601,4.209
183.29,1.731,3.259,1.658,3.952,-0.600,4.166
183.30,1.781,3.259,1.679,4.280,-0.599,4.186
183.31,1.454,3.257,1.640,4.148,-0.597,4.181
183.32,1.744,3.260,1.660,4.177,-0.598,4.180
183.33,1.673,3.263,1.664,4.165,-0.598,4.177
183.34,1.487,3.265,1.636,4.235,-0.597,4.188
183.35,1.529,3.265,1.618,3.813,-0.598,4.124
183.36,1.535,3.265,1.604,4.069,-0.597,4.115
183.37,1.517,3.266,1.589,4.197,-0.596,4.129
183.38,1.652,3.265,1.599,4.050,-0.597,4.116
183.39,1.486,3.267,1.581,4.361,-0.597,4.157
183.40,1.547,3.267,1.575,4.209,-0.596,4.167
183.41,1.624,3.268,1.584,4.163,-0.596,4.166
183.42,1.460,3.265,1.561,4.155,-0.595,4.165
183.43,1.756,3.266,1.594,4.219,-0.594,4.175
183.44,1.580,3.265,1.591,4.400,-0.594,4.213
183.45,1.806,3.266,1.627,4.039,-0.595,4.183
183.46,1.753,3.265,1.648,4.151,-0.596,4.177
183.47,1.308,3.267,1.592,4.407,-0.595,4.216
183.48,1.655,3.265,1.601,4.372,-0.594,4.243
183.49,1.633,3.265,1.605,3.996,-0.593,4.202
183.50,1.633,3.264,1.609,4.249,-0.593,4.211
183.51,1.577,3.265,1.605,4.352,-0.593,4.234
183.52,1.545,3.267,1.596,4.447,-0.592,4.271
183.53,1.727,3.267,1.618,4.223,-0.592,4.263
183.54,1.544,3.266,1.605,4.118,-0.592,4.239
183.55,1.704,3.268,1.623,4.104,-0.592,4.216
183.56,1.948,3.269,1.678,4.289,-0.591,4.229
183.57,1.590,3.269,1.663,4.227,-0.591,4.229
183.58,1.772,3.270,1.682,3.922,-0.591,4.178
183.59,1.366,3.269,1.628,4.244,-0.591,4.189
183.60,1.774,3.269,1.652,4.057,-0.590,4.167
183.61,1.655,3.270,1.654,4.048,-0.590,4.147
183.62,1.626,3.273,1.651,3.853,-0.590,4.098
183.63,1.641,3.273,1.649,4.520,-0.589,4.169
183.64,1.679,3.274,1.655,4.070,-0.589,4.152
183.65,1.654,3.276,1.657,4.178,-0.588,4.158
183.66,1.602,3.273,1.645,4.193,-0.587,4.164
183.67,1.398,3.277,1.606,4.137,-0.587,4.160
183.68,1.518,3.277,1.591,4.402,-0.587,4.200
183.69,1.272,3.277,1.538,4.176,-0.588,4.195
183.70,1.810,3.276,1.582,4.027,-0.588,4.168
183.71,1.509,3.274,1.568,4.262,-0.588,4.183
183.72,1.504,3.273,1.556,4.004,-0.587,4.154
183.73,1.582,3.272,1.559,4.076,-0.589,4.139
183.74,1.524,3.272,1.553,4.200,-0.590,4.148
183.75,1.594,3.275,1.562,4.356,-0.590,4.184
183.76,1.455,3.274,1.543,4.122,-0.589,4.174
183.77,1.615,3.276,1.556,4.370,-0.589,4.207
183.78,1.344,3.275,1.520,4.267,-0.589,4.217
183.79,1.627,3.277,1.539,3.981,-0.590,4.177
183.80,1.589,3.274,1.545,4.172,-0.591,4.175
183.81,1.571,3.275,1.550,4.207,-0.591,4.180
183.82,1.659,3.276,1.569,3.959,-0.591,4.143
183.83,1.465,3.277,1.552,4.214,-0.591,4.155
183.84,1.634,3.278,1.566,4.154,-0.592,4.154
183.85,1.523,3.278,1.558,4.257,-0.592,4.171
183.86,1.500,3.277,1.548,4.137,-0.593,4.165
183.87,1.659,3.279,1.568,4.151,-0.592,4.163
183.88,1.534,3.279,1.562,4.142,-0.594,4.158
183.89,1.676,3.278,1.580,4.533,-0.594,4.221
183.90,1.663,3.278,1.593,4.428,-0.594,4.256
183.91,1.573,3.279,1.590,3.919,-0.595,4.199
183.92,1.780,3.279,1.623,4.193,-0.595,4.197
183.93,1.687,3.279,1.633,4.140,-0.594,4.188
183.94,1.507,3.280,1.612,4.301,-0.593,4.208
183.95,1.534,3.281,1.600,4.504,-0.594,4.257
183.96,1.667,3.282,1.612,4.152,-0.595,4.239
183.97,1.499,3.283,1.593,4.239,-0.596,4.238
183.98,1.630,3.282,1.599,4.046,-0.596,4.206
183.99,1.190,3.280,1.528,4.354,-0.595,4.231
184.00,1.427,3.279,1.510,4.170,-0.596,4.221
184.01,1.722,3.275,1.542,4.137,-0.598,4.205
184.02,1.448,3.276,1.527,4.173,-0.597,4.200
184.03,1.745,3.275,1.562,4.266,-0.598,4.211
184.04,1.648,3.275,1.576,3.921,-0.598,4.162
184.05,1.654,3.276,1.590,4.407,-0.598,4.204
184.06,1.601,3.276,1.592,4.002,-0.597,4.170
184.07,1.655,3.276,1.602,4.132,-0.600,4.161
184.08,1.568,3.279,1.598,3.789,-0.600,4.098
184.09,1.552,3.278,1.590,4.218,-0.599,4.119
184.10,1.798,3.280,1.626,4.103,-0.600,4.116
184.11,1.543,3.279,1.612,4.234,-0.598,4.137
184.12,1.575,3.281,1.606,4.109,-0.598,4.132
184.13,1.616,3.282,1.608,4.203,-0.597,4.145
184.14,1.743,3.284,1.633,4.069,-0.597,4.132
184.15,1.593,3.285,1.627,4.208,-0.598,4.144
184.16,1.454,3.287,1.599,4.270,-0.598,4.165
184.17,1.712,3.286,1.617,4.200,-0.598,4.171
184.18,1.776,3.288,1.645,4.284,-0.596,4.191
184.19,1.565,3.288,1.631,4.200,-0.598,4.191
184.20,1.379,3.288,1.589,4.086,-0.596,4.175
184.21,1.540,3.288,1.581,4.001,-0.596,4.146
184.22,1.626,3.287,1.587,4.012,-0.596,4.123
184.23,1.272,3.289,1.536,4.108,-0.596,4.121
184.24,1.445,3.287,1.518,4.105,-0.596,4.118
184.25,1.521,3.288,1.519,4.369,-0.596,4.161
184.26,1.521,3.289,1.519,4.073,-0.595,4.146
184.27,1.825,3.288,1.570,4.159,-0.594,4.149
184.28,1.555,3.290,1.569,4.225,-0.596,4.160
184.29,1.650,3.291,1.584,4.277,-0.596,4.180
184.30,1.648,3.289,1.593,4.080,-0.595,4.164
184.31,1.484,3.289,1.574,3.966,-0.595,4.130
184.32,1.619,3.289,1.581,4.237,-0.596,4.147
184.33,1.665,3.289,1.595,4.340,-0.596,4.180
184.34,1.849,3.293,1.641,4.096,-0.596,4.166
184.35,1.595,3.295,1.634,4.011,-0.595,4.141
184.36,1.548,3.296,1.621,3.990,-0.595,4.115
184.37,1.433,3.296,1.589,4.030,-0.595,4.101
184.38,1.543,3.296,1.581,3.922,-0.595,4.070
184.39,1.945,3.297,1.643,4.088,-0.596,4.073
184.40,1.676,3.296,1.648,4.374,-0.595,4.124
184.41,1.713,3.295,1.657,4.262,-0.595,4.147
184.42,1.754,3.297,1.675,4.096,-0.596,4.138
184.44,1.591,3.296,1.660,4.229,-0.596,4.153
184.44,1.586,3.298,1.649,4.027,-0.596,4.132
184.45,1.426,3.301,1.613,4.157,-0.596,4.136
184.46,1.669,3.299,1.622,4.504,-0.596,4.198
184.47,1.711,3.297,1.635,4.281,-0.596,4.212
184.48,1.595,3.297,1.627,4.057,-0.598,4.184
184.50,1.517,3.298,1.609,4.400,-0.600,4.219
184.50,1.607,3.298,1.609,4.211,-0.598,4.219
184.51,1.614,3.298,1.610,3.888,-0.599,4.162
184.53,1.777,3.299,1.638,4.354,-0.598,4.196
184.54,1.742,3.299,1.656,4.136,-0.598,4.185
184.54,1.683,3.298,1.659,4.199,-0.598,4.188
184.55,1.486,3.297,1.629,4.015,-0.595,4.161
184.56,1.477,3.295,1.602,4.370,-0.597,4.195
184.57,1.547,3.296,1.593,4.405,-0.596,4.231
184.58,1.590,3.297,1.594,4.504,-0.596,4.277
184.59,1.445,3.296,1.568,4.082,-0.597,4.243
184.61,1.465,3.297,1.551,4.302,-0.597,4.253
184.61,1.619,3.299,1.563,3.777,-0.597,4.173
184.63,1.593,3.300,1.569,4.174,-0.597,4.173
184.63,1.618,3.298,1.575,4.429,-0.599,4.215
184.65,1.729,3.300,1.603,4.213,-0.601,4.213
184.66,1.649,3.301,1.611,3.983,-0.601,4.174
184.67,1.493,3.298,1.588,3.932,-0.600,4.134
184.67,1.694,3.298,1.606,4.313,-0.602,4.163
