elapsed_sec,pitch_accel,pitch_gyro,pitch_kalman,roll_accel,roll_gyro,roll_kalman
3.89,1.742,0.001,0.057,3.515,-0.000,0.113
3.90,1.542,0.001,0.148,3.896,-0.001,0.345
3.91,1.342,0.003,0.253,3.578,-0.000,0.626
3.92,1.445,0.002,0.380,3.863,-0.001,0.972
3.93,1.394,0.003,0.507,3.497,-0.000,1.284
3.94,1.605,0.006,0.657,3.607,-0.002,1.597
3.95,1.756,0.005,0.815,3.453,-0.002,1.865
3.96,1.571,0.006,0.930,3.320,-0.001,2.085
3.97,1.622,0.007,1.039,3.446,-0.002,2.296
3.98,1.507,0.006,1.112,3.518,-0.003,2.489
3.99,1.669,0.005,1.201,3.340,-0.003,2.626
4.00,1.710,0.007,1.285,3.486,-0.003,2.767
4.01,1.714,0.006,1.355,3.558,-0.002,2.897
4.02,1.995,0.008,1.462,3.595,-0.002,3.012
4.03,1.764,0.008,1.512,3.299,-0.001,3.061
4.04,1.772,0.009,1.556,3.750,-0.000,3.175
4.05,1.665,0.008,1.573,3.447,0.002,3.222
4.06,1.744,0.008,1.602,3.499,0.001,3.268
4.07,1.687,0.010,1.617,3.787,0.002,3.355
4.08,1.682,0.010,1.628,3.545,0.002,3.386
4.09,1.710,0.008,1.641,3.478,0.001,3.401
4.10,1.773,0.008,1.662,3.563,0.000,3.427
4.11,1.854,0.010,1.696,3.188,0.000,3.388
4.12,1.718,0.009,1.699,3.617,0.000,3.426
4.13,1.530,0.010,1.671,3.572,0.001,3.451
4.14,1.763,0.010,1.687,3.569,0.001,3.470
4.15,1.625,0.011,1.678,3.402,0.001,3.459
4.16,1.568,0.010,1.658,3.359,0.001,3.442
4.17,1.405,0.009,1.615,3.242,0.000,3.408
4.18,1.651,0.009,1.621,3.578,-0.000,3.437
4.19,1.622,0.009,1.621,3.630,-0.001,3.469
4.20,1.902,0.008,1.668,3.458,-0.001,3.467
4.21,1.479,0.008,1.637,3.582,-0.001,3.487
4.22,1.649,0.010,1.640,3.560,-0.001,3.499
4.23,1.525,0.011,1.622,3.223,-0.002,3.452
4.24,1.572,0.012,1.614,3.565,-0.002,3.471
4.25,1.732,0.011,1.633,3.391,-0.002,3.457
4.26,1.738,0.012,1.651,3.328,-0.003,3.435
4.27,1.517,0.009,1.627,3.380,-0.004,3.425
4.28,1.751,0.009,1.648,3.266,-0.004,3.399
4.29,1.964,0.010,1.701,3.485,-0.004,3.413
4.30,1.748,0.013,1.711,3.503,-0.004,3.428
4.31,1.848,0.012,1.734,3.305,-0.003,3.408
4.32,1.739,0.011,1.734,3.434,-0.004,3.412
4.33,1.788,0.013,1.744,3.439,-0.004,3.416
4.34,1.710,0.015,1.740,3.180,-0.005,3.377
4.35,1.694,0.016,1.733,3.587,-0.005,3.411
4.36,1.457,0.017,1.688,3.543,-0.004,3.434
4.37,1.435,0.017,1.646,3.425,-0.004,3.432
4.38,1.385,0.018,1.603,4.039,-0.004,3.534
4.39,1.575,0.018,1.599,3.417,-0.004,3.514
4.40,1.853,0.018,1.641,3.693,-0.004,3.544
4.41,1.212,0.018,1.570,3.588,-0.002,3.553
4.42,1.680,0.018,1.588,3.592,-0.001,3.560
4.43,1.585,0.020,1.589,3.376,-0.002,3.530
4.44,1.868,0.020,1.635,3.484,-0.002,3.522
4.45,1.655,0.020,1.639,3.388,-0.002,3.499
4.46,1.779,0.021,1.663,3.654,-0.003,3.525
4.47,1.700,0.022,1.670,3.402,-0.002,3.504
4.48,1.599,0.022,1.659,3.570,-0.002,3.515
4.49,1.722,0.023,1.670,3.330,-0.002,3.485
4.50,1.875,0.024,1.705,3.493,-0.002,3.487
4.51,1.541,0.023,1.677,3.516,-0.003,3.490
4.52,1.746,0.021,1.687,3.419,-0.004,3.478
4.53,2.060,0.021,1.750,3.528,-0.004,3.486
4.54,1.695,0.023,1.742,3.406,-0.005,3.472
4.55,1.756,0.024,1.745,3.453,-0.002,3.471
4.56,1.633,0.024,1.726,2.999,-0.002,3.392
4.57,1.665,0.026,1.718,3.223,-0.003,3.364
4.58,1.605,0.026,1.699,3.162,-0.003,3.330
4.59,1.634,0.027,1.689,3.426,-0.003,3.345
4.61,1.561,0.027,1.668,3.359,-0.003,3.348
4.61,1.859,0.026,1.699,3.287,-0.003,3.338
4.62,1.415,0.027,1.652,3.550,-0.003,3.373
4.63,1.440,0.025,1.616,3.527,-0.004,3.399
4.64,1.613,0.024,1.614,3.533,-0.003,3.421
4.65,1.481,0.025,1.592,3.415,-0.001,3.422
4.66,1.799,0.025,1.627,3.519,-0.002,3.438
4.68,1.657,0.023,1.630,3.481,-0.003,3.444
4.68,1.520,0.021,1.610,3.623,-0.003,3.474
4.70,1.549,0.018,1.597,3.180,-0.002,3.425
4.71,1.474,0.018,1.577,3.485,-0.004,3.433
4.72,1.646,0.019,1.589,3.450,-0.004,3.436
4.73,1.590,0.019,1.589,3.387,-0.005,3.427
4.74,1.840,0.022,1.633,3.333,-0.005,3.412
4.75,1.763,0.021,1.655,3.360,-0.005,3.403
4.76,1.878,0.022,1.692,3.586,-0.004,3.434
4.77,1.627,0.019,1.679,3.261,-0.004,3.405
4.78,1.619,0.021,1.671,3.507,-0.004,3.422
4.79,1.713,0.023,1.680,3.469,-0.004,3.430
4.80,1.807,0.024,1.701,3.270,-0.004,3.403
4.81,1.666,0.022,1.694,3.309,-0.003,3.388
4.82,1.656,0.021,1.687,3.309,-0.003,3.375
4.83,1.728,0.022,1.695,3.002,-0.001,3.315
4.84,1.720,0.021,1.698,3.251,-0.001,3.304
4.85,1.716,0.021,1.701,3.165,-0.000,3.282
4.86,1.685,0.020,1.698,3.268,-0.001,3.278
4.87,1.731,0.019,1.702,3.578,-0.003,3.327
4.88,1.430,0.018,1.656,3.413,-0.002,3.342
4.89,1.774,0.014,1.673,3.569,-0.003,3.380
4.90,1.596,0.015,1.661,3.358,-0.002,3.377
4.91,1.508,0.016,1.636,3.641,-0.000,3.422
4.92,1.346,0.017,1.588,3.548,-0.000,3.443
4.93,1.708,0.015,1.607,3.514,0.000,3.455
4.94,1.360,0.016,1.566,3.668,-0.001,3.490
4.95,1.547,0.015,1.562,3.371,-0.003,3.469
4.96,1.557,0.015,1.562,3.603,-0.003,3.491
4.97,1.806,0.018,1.605,3.684,-0.004,3.522
4.98,1.485,0.019,1.586,3.414,-0.006,3.503
4.99,1.703,0.019,1.605,3.554,-0.007,3.511
5.00,1.645,0.018,1.611,3.416,-0.007,3.495
5.01,1.676,0.019,1.622,3.290,-0.006,3.462
5.02,1.610,0.020,1.621,3.512,-0.006,3.470
5.03,1.642,0.019,1.624,3.336,-0.006,3.448
5.04,1.375,0.017,1.581,3.474,-0.006,3.452
5.05,1.754,0.018,1.611,3.313,-0.006,3.429
5.06,1.666,0.019,1.621,3.474,-0.004,3.438
5.07,2.003,0.016,1.682,3.593,-0.002,3.465
5.08,1.405,0.019,1.638,3.308,-0.003,3.439
5.09,1.782,0.018,1.662,3.400,-0.003,3.432
5.10,1.522,0.018,1.639,3.176,-0.002,3.390
5.11,1.754,0.018,1.658,3.658,-0.001,3.435
5.12,1.756,0.019,1.675,3.529,-0.001,3.451
5.13,1.555,0.018,1.655,3.888,-0.001,3.525
5.14,1.762,0.019,1.673,3.605,0.001,3.539
5.15,1.628,0.019,1.666,3.602,-0.000,3.549
5.16,1.666,0.018,1.664,3.448,-0.000,3.532
5.17,1.775,0.018,1.683,3.437,-0.001,3.516
5.18,1.587,0.018,1.667,3.590,0.000,3.529
5.19,1.807,0.017,1.690,3.891,-0.000,3.589
5.20,1.405,0.021,1.645,3.560,0.000,3.585
5.21,1.379,0.021,1.600,3.458,-0.000,3.563
5.22,1.629,0.022,1.606,3.523,-0.003,3.555
5.23,1.676,0.021,1.617,3.658,-0.002,3.572
5.24,1.644,0.022,1.622,3.717,-0.003,3.596
5.25,1.603,0.023,1.620,3.596,-0.003,3.596
5.26,1.809,0.025,1.653,3.678,-0.003,3.610
5.27,1.539,0.026,1.635,3.525,-0.005,3.594
5.28,2.021,0.026,1.699,3.495,-0.005,3.578
5.29,1.767,0.024,1.710,3.491,-0.007,3.562
5.30,1.585,0.027,1.691,3.367,-0.007,3.529
5.31,1.395,0.027,1.642,3.586,-0.006,3.539
5.32,1.670,0.028,1.647,3.527,-0.005,3.538
5.33,1.905,0.029,1.691,3.276,-0.006,3.494
5.34,1.863,0.028,1.719,3.389,-0.007,3.476
5.35,1.543,0.027,1.689,3.554,-0.005,3.490
5.36,1.769,0.029,1.704,3.639,-0.006,3.514
5.37,1.404,0.030,1.655,3.330,-0.007,3.483
5.38,1.620,0.031,1.649,3.483,-0.006,3.484
5.39,1.322,0.031,1.595,3.480,-0.006,3.483
5.40,1.654,0.032,1.605,3.404,-0.007,3.469
5.41,1.427,0.030,1.575,3.565,-0.007,3.485
5.42,1.572,0.030,1.574,3.563,-0.007,3.498
5.43,1.572,0.029,1.572,3.531,-0.007,3.504
5.44,1.803,0.029,1.611,3.543,-0.005,3.511
5.45,1.808,0.028,1.644,3.443,-0.006,3.500
5.46,1.524,0.029,1.624,3.583,-0.006,3.514
5.47,1.741,0.027,1.642,3.604,-0.006,3.528
5.48,1.648,0.028,1.644,3.377,-0.006,3.503
5.49,1.537,0.028,1.626,3.235,-0.007,3.458
5.50,1.645,0.029,1.630,3.540,-0.006,3.472
5.51,1.507,0.030,1.610,3.409,-0.007,3.461
5.52,1.886,0.028,1.655,3.438,-0.008,3.457
5.53,1.665,0.028,1.657,3.824,-0.007,3.519
5.54,1.722,0.028,1.668,3.227,-0.008,3.469
5.55,2.023,0.028,1.728,3.219,-0.007,3.427
5.56,1.661,0.028,1.716,3.637,-0.008,3.463
5.57,1.668,0.031,1.711,3.473,-0.007,3.465
5.58,1.881,0.030,1.739,3.429,-0.006,3.459
5.59,1.493,0.030,1.698,3.335,-0.006,3.439
5.60,1.318,0.030,1.634,3.691,-0.006,3.481
5.61,1.345,0.031,1.587,3.562,-0.006,3.494
5.62,1.758,0.032,1.616,3.130,-0.006,3.433
5.63,1.670,0.030,1.624,3.671,-0.007,3.473
5.64,1.935,0.028,1.674,3.419,-0.007,3.464
5.65,1.629,0.027,1.665,3.667,-0.007,3.498
5.66,1.763,0.028,1.683,3.642,-0.006,3.523
5.67,1.656,0.030,1.680,3.634,-0.008,3.540
5.68,1.476,0.029,1.645,3.443,-0.009,3.523
5.69,1.476,0.030,1.618,3.419,-0.008,3.506
5.70,1.343,0.031,1.573,3.580,-0.009,3.518
5.71,1.253,0.029,1.518,3.531,-0.008,3.521
5.72,1.792,0.031,1.566,3.605,-0.008,3.535
5.73,1.709,0.032,1.590,3.287,-0.008,3.493
5.74,1.610,0.031,1.593,3.571,-0.009,3.506
5.75,1.852,0.034,1.639,3.294,-0.010,3.469
5.76,1.525,0.036,1.621,3.597,-0.010,3.491
5.77,1.547,0.036,1.609,3.503,-0.011,3.492
5.78,1.794,0.035,1.640,3.610,-0.010,3.512
5.79,1.705,0.035,1.650,3.416,-0.012,3.495
5.80,1.593,0.037,1.642,3.437,-0.017,3.481
5.81,1.609,0.035,1.635,3.390,-0.019,3.464
5.82,1.776,0.038,1.661,3.543,-0.021,3.476
5.83,1.698,0.041,1.670,3.482,-0.024,3.474
5.84,1.457,0.041,1.634,3.397,-0.026,3.460
5.85,1.627,0.040,1.632,3.167,-0.024,3.412
5.86,1.544,0.040,1.617,3.555,-0.023,3.438
5.87,1.803,0.038,1.647,3.558,-0.015,3.464
5.88,1.821,0.037,1.675,3.072,-0.015,3.399
5.89,1.858,0.037,1.705,3.514,-0.016,3.418
5.90,1.754,0.036,1.713,3.675,-0.015,3.461
5.91,1.519,0.036,1.681,3.427,-0.015,3.456
5.92,1.634,0.036,1.673,3.455,-0.016,3.455
5.93,1.269,0.037,1.606,3.522,-0.016,3.466
5.94,1.208,0.036,1.539,3.701,-0.015,3.506
5.95,1.598,0.036,1.549,3.608,-0.016,3.523
5.96,1.476,0.035,1.536,3.513,-0.016,3.521
5.97,1.453,0.037,1.523,3.422,-0.016,3.505
5.98,1.581,0.037,1.533,3.602,-0.016,3.521
5.99,1.540,0.036,1.533,3.485,-0.016,3.515
6.00,1.831,0.034,1.582,3.318,-0.016,3.482
6.01,1.510,0.034,1.570,3.406,-0.016,3.469
6.02,1.652,0.032,1.582,3.495,-0.018,3.472
6.03,1.619,0.033,1.589,3.170,-0.018,3.421
6.04,1.584,0.036,1.590,3.290,-0.017,3.400
6.05,1.722,0.035,1.612,3.187,-0.018,3.364
6.06,1.615,0.034,1.612,3.387,-0.020,3.367
6.07,1.539,0.037,1.601,3.289,-0.019,3.354
6.08,1.880,0.037,1.648,3.352,-0.021,3.352
6.10,1.515,0.037,1.626,3.478,-0.021,3.373
6.11,1.425,0.036,1.591,3.671,-0.024,3.421
6.11,1.769,0.039,1.623,3.365,-0.025,3.410
6.13,1.787,0.040,1.652,3.337,-0.026,3.397
6.14,1.468,0.040,1.621,2.985,-0.027,3.327
6.15,1.506,0.041,1.602,3.560,-0.034,3.360
6.15,1.841,0.044,1.645,3.445,-0.041,3.369
6.16,1.613,0.044,1.640,3.600,-0.046,3.403
6.17,1.702,0.047,1.653,3.795,-0.046,3.469
6.18,1.539,0.047,1.634,3.424,-0.044,3.463
6.19,1.342,0.046,1.584,3.115,-0.051,3.399
6.20,1.475,0.050,1.568,3.560,-0.060,3.419
6.22,1.603,0.051,1.575,3.762,-0.066,3.471
6.23,1.589,0.055,1.581,3.102,-0.076,3.401
6.24,1.322,0.066,1.546,3.287,-0.102,3.360
6.25,1.415,0.072,1.529,3.525,-0.111,3.381
6.26,1.747,0.077,1.569,3.590,-0.117,3.411
6.27,1.738,0.078,1.598,3.788,-0.120,3.472
6.28,1.541,0.079,1.590,3.285,-0.121,3.440
6.29,1.836,0.083,1.635,3.544,-0.123,3.455
6.30,1.906,0.084,1.681,3.530,-0.126,3.465
6.31,2.184,0.086,1.767,3.611,-0.130,3.487
6.32,3.138,0.092,2.001,4.275,-0.131,3.618
6.33,2.001,0.095,2.004,5.057,-0.137,3.854
6.34,-2.991,0.101,1.174,5.192,-0.138,4.077
6.35,1.355,0.102,1.205,0.799,-0.138,3.529
6.36,1.572,0.107,1.270,3.043,-0.142,3.444
6.37,1.467,0.113,1.307,3.710,-0.146,3.486
6.38,1.789,0.117,1.391,4.213,-0.148,3.606
6.39,1.985,0.123,1.495,4.350,-0.152,3.727
6.40,2.077,0.125,1.594,4.124,-0.154,3.792
6.41,1.584,0.129,1.596,2.258,-0.155,3.536
6.42,1.564,0.134,1.594,3.719,-0.159,3.562
6.43,1.851,0.141,1.644,3.599,-0.164,3.565
6.44,1.833,0.150,1.682,4.418,-0.172,3.701
6.45,2.148,0.161,1.770,4.394,-0.180,3.811
6.46,2.020,0.175,1.823,4.154,-0.190,3.860
6.47,2.038,0.186,1.868,3.660,-0.202,3.817
6.48,1.843,0.204,1.879,3.982,-0.215,3.834
6.49,1.586,0.217,1.841,3.160,-0.229,3.710
6.50,2.223,0.231,1.916,3.702,-0.244,3.697
6.51,1.396,0.245,1.841,3.382,-0.265,3.626
6.52,1.460,0.260,1.790,3.608,-0.296,3.598
6.53,1.905,0.272,1.819,4.331,-0.335,3.689
6.54,2.496,0.287,1.945,5.388,-0.380,3.936
6.55,2.081,0.302,1.980,5.992,-0.440,4.230
6.56,0.244,0.319,1.704,3.712,-0.506,4.089
6.57,1.774,0.326,1.722,3.344,-0.562,3.919
6.58,0.959,0.335,1.599,2.604,-0.667,3.609
6.59,2.985,0.360,1.854,1.165,-0.788,3.096
6.60,1.200,0.396,1.773,6.644,-0.951,3.558
6.61,1.272,0.422,1.711,5.094,-1.143,3.657
6.62,1.942,0.449,1.772,2.644,-1.368,3.301
6.63,3.430,0.473,2.070,-0.161,-1.615,2.515
6.64,3.270,0.489,2.284,2.027,-1.886,2.208
6.65,1.944,0.493,2.231,5.316,-2.189,2.477
6.66,2.063,0.483,2.194,4.811,-2.549,2.569
6.67,2.260,0.470,2.195,4.275,-2.991,2.488
6.68,2.275,0.460,2.199,5.434,-3.488,2.568
6.69,1.786,0.443,2.116,7.260,-4.002,2.926
6.70,1.495,0.426,1.998,8.837,-4.492,3.510
6.71,1.067,0.370,1.796,10.481,-4.966,4.284
6.72,0.451,0.322,1.531,8.960,-5.436,4.679
6.73,2.064,0.271,1.577,6.076,-5.993,4.453
6.74,2.965,0.232,1.777,3.805,-6.687,3.771
6.75,3.047,0.248,2.006,5.506,-7.525,3.374
6.76,2.891,0.284,2.185,7.816,-8.276,3.505
6.77,2.688,0.315,2.296,10.713,-8.990,4.131
6.78,1.937,0.343,2.259,11.967,-9.697,4.866
6.79,1.526,0.373,2.161,11.728,-10.462,5.388
6.80,2.434,0.438,2.261,12.277,-11.237,5.906
6.81,3.222,0.499,2.473,11.796,-12.021,6.249
6.82,1.476,0.572,2.367,15.654,-12.827,7.163
6.83,0.241,0.651,2.077,19.697,-13.630,8.604
6.84,0.760,0.700,1.897,19.729,-14.408,9.831
6.85,2.246,0.725,1.976,19.078,-15.169,10.759
6.86,2.385,0.731,2.050,14.027,-15.959,10.663
6.87,2.997,0.789,2.256,11.123,-16.810,10.046
6.88,1.409,0.902,2.209,15.723,-17.708,10.263
6.89,1.734,1.022,2.229,20.758,-18.577,11.311
6.90,2.229,1.086,2.282,21.958,-19.368,12.452
6.91,3.407,1.113,2.492,21.715,-20.064,13.441
6.92,2.649,1.144,2.544,18.963,-20.720,13.839
6.93,3.332,1.204,2.726,19.713,-21.344,14.322
6.94,2.419,1.287,2.743,22.098,-21.936,15.152
6.95,2.286,1.354,2.723,21.944,-22.534,15.812
6.96,1.624,1.430,2.602,26.090,-23.124,17.064
6.97,1.648,1.497,2.498,27.268,-23.709,18.308
6.98,1.912,1.516,2.415,27.733,-24.320,19.402
6.99,1.437,1.523,2.257,27.058,-24.992,20.150
7.00,1.322,1.550,2.122,27.269,-25.650,20.821
7.01,3.981,1.562,2.442,27.455,-26.223,21.483
7.02,4.612,1.540,2.787,26.061,-26.661,21.913
7.03,3.391,1.524,2.875,26.552,-27.016,22.424
7.04,2.443,1.522,2.800,27.745,-27.316,23.095
7.05,2.601,1.509,2.756,28.153,-27.607,23.730
7.06,2.659,1.493,2.727,27.728,-27.903,24.184
7.07,2.352,1.485,2.657,26.777,-28.255,24.357
7.08,1.783,1.510,2.531,28.934,-28.646,24.830
7.09,2.340,1.547,2.529,28.973,-29.048,25.236
7.10,3.603,1.554,2.716,31.717,-29.350,26.113
7.11,3.423,1.519,2.806,30.758,-29.567,26.750
7.12,2.947,1.461,2.781,28.778,-29.761,26.964
7.13,1.978,1.399,2.595,27.223,-30.029,26.820
7.14,1.417,1.386,2.386,25.916,-30.434,26.367
7.15,2.346,1.426,2.412,27.976,-30.969,26.226
7.16,3.303,1.499,2.622,29.788,-31.513,26.406
7.17,3.955,1.565,2.900,29.955,-32.041,26.596
7.18,4.505,1.589,3.188,31.985,-32.505,27.149
7.19,3.640,1.628,3.297,30.749,-32.870,27.485
7.20,4.497,1.664,3.528,32.276,-33.176,28.070
7.21,2.379,1.689,3.356,32.443,-33.487,28.582
7.22,1.667,1.727,3.105,31.815,-33.860,28.851
7.23,2.110,1.779,2.982,34.393,-34.318,29.437
7.24,2.769,1.835,2.992,35.237,-34.807,30.041
7.25,4.420,1.838,3.234,35.541,-35.175,30.696
7.26,4.186,1.826,3.386,35.543,-35.462,31.326
7.27,3.029,1.826,3.326,35.695,-35.628,31.969
7.28,2.512,1.831,3.192,35.772,-35.737,32.562
7.29,2.845,1.831,3.133,35.888,-35.804,33.109
7.30,3.276,1.826,3.153,36.068,-35.814,33.640
7.31,3.052,1.814,3.126,35.559,-35.778,34.037
7.32,2.974,1.799,3.088,35.070,-35.706,34.314
7.33,2.405,1.786,2.962,33.309,-35.656,34.232
7.34,2.266,1.789,2.848,32.713,-35.663,34.015
7.35,2.597,1.808,2.821,32.960,-35.728,33.828
7.36,2.766,1.833,2.833,34.299,-35.831,33.866
7.37,2.727,1.853,2.831,34.927,-35.942,33.994
7.38,2.549,1.866,2.794,35.804,-36.037,34.263
7.39,2.970,1.867,2.824,36.478,-36.094,34.631
7.40,3.315,1.861,2.901,35.771,-36.109,34.854
7.41,3.281,1.844,2.950,34.233,-36.138,34.770
7.42,2.855,1.839,2.930,32.910,-36.202,34.450
7.43,2.782,1.864,2.925,33.541,-36.298,34.262
7.44,2.835,1.902,2.941,35.271,-36.405,34.386
7.45,3.124,1.927,2.993,37.079,-36.485,34.815
7.46,2.622,1.927,2.930,37.478,-36.525,35.272
7.47,2.646,1.916,2.873,36.991,-36.514,35.614
7.48,3.084,1.905,2.899,35.878,-36.477,35.735
7.49,2.633,1.900,2.850,35.431,-36.420,35.777
7.50,3.081,1.897,2.885,34.652,-36.371,35.674
7.51,2.400,1.895,2.802,34.099,-36.364,35.462
7.52,2.831,1.902,2.812,34.332,-36.376,35.308
7.53,2.888,1.904,2.826,35.046,-36.399,35.289
7.54,2.487,1.902,2.767,35.635,-36.415,35.378
7.55,3.048,1.907,2.818,35.741,-36.405,35.493
7.56,2.750,1.910,2.809,36.376,-36.363,35.720
7.57,2.448,1.905,2.744,36.129,-36.296,35.889
7.58,2.803,1.896,2.745,35.934,-36.219,36.006
7.59,2.596,1.880,2.706,34.792,-36.157,35.899
7.60,2.220,1.873,2.618,33.411,-36.121,35.556
7.61,2.518,1.877,2.604,33.764,-36.125,35.294
7.63,2.951,1.874,2.659,34.314,-36.167,35.138
7.64,2.588,1.878,2.649,34.297,-36.220,34.997
7.65,2.605,1.886,2.648,34.849,-36.280,34.965
7.66,2.421,1.895,2.617,35.719,-36.335,35.090
7.67,2.815,1.910,2.662,35.636,-36.360,35.204
7.68,3.029,1.908,2.722,35.928,-36.363,35.368
7.69,3.575,1.885,2.845,35.185,-36.370,35.375
7.70,3.212,1.861,2.886,33.662,-36.403,35.105
7.71,2.149,1.863,2.764,34.472,-36.457,34.997
7.72,3.091,1.881,2.833,35.379,-36.500,35.070
7.73,3.108,1.904,2.898,36.905,-36.488,35.431
7.74,2.943,1.893,2.896,37.483,-36.450,35.851
7.75,1.852,1.883,2.712,35.210,-36.413,35.818
7.76,2.791,1.873,2.717,34.791,-36.415,35.689
7.77,2.778,1.859,2.715,34.613,-36.449,35.525
7.78,2.918,1.851,2.742,34.030,-36.511,35.268
7.79,2.749,1.857,2.748,34.364,-36.579,35.102
7.80,3.073,1.871,2.814,34.967,-36.661,35.055
7.81,2.866,1.880,2.829,35.317,-36.754,35.065
7.82,3.068,1.889,2.877,35.373,-36.862,35.071
7.83,2.828,1.894,2.872,36.027,-36.974,35.182
7.84,2.911,1.892,2.877,36.266,-37.079,35.320
7.85,2.210,1.890,2.763,35.675,-37.176,35.343
7.86,2.733,1.889,2.756,37.120,-37.262,35.613
7.87,3.204,1.892,2.833,36.493,-37.333,35.746
7.88,3.195,1.893,2.895,36.112,-37.387,35.807
7.89,2.909,1.891,2.895,35.797,-37.429,35.815
7.90,3.205,1.884,2.941,36.421,-37.475,35.922
7.91,3.268,1.880,2.992,35.304,-37.540,35.809
7.92,3.120,1.884,3.016,34.481,-37.630,35.557
7.93,3.262,1.897,3.068,36.110,-37.715,35.623
7.94,3.350,1.909,3.125,37.456,-37.772,35.927
7.95,2.715,1.912,3.059,38.552,-37.773,36.410
7.96,3.548,1.896,3.127,37.740,-37.733,36.711
7.97,3.069,1.877,3.102,35.341,-37.697,36.557
7.98,2.910,1.874,3.066,34.642,-37.695,36.283
7.99,2.891,1.885,3.046,34.435,-37.747,35.975
8.00,2.514,1.912,2.980,35.261,-37.826,35.834
8.01,3.452,1.944,3.085,36.694,-37.921,35.944
8.02,3.340,1.959,3.139,36.601,-38.015,36.019
8.03,2.906,1.967,3.107,37.095,-38.090,36.182
8.04,3.298,1.977,3.147,37.849,-38.128,36.474
8.05,3.065,1.980,3.135,37.798,-38.133,36.737
8.06,2.536,1.979,3.034,37.545,-38.122,36.927
8.07,2.708,1.979,2.979,36.223,-38.120,36.855
8.08,2.826,1.994,2.966,35.755,-38.133,36.705
8.09,2.656,2.016,2.932,35.623,-38.177,36.533
8.10,2.843,2.050,2.945,37.001,-38.244,36.601
8.11,2.931,2.080,2.967,37.516,-38.295,36.756
8.12,3.346,2.091,3.040,38.251,-38.321,37.038
8.13,3.213,2.091,3.069,37.529,-38.312,37.173
8.14,2.681,2.082,2.996,36.984,-38.290,37.205
8.15,2.561,2.081,2.921,36.474,-38.269,37.145
8.16,2.742,2.088,2.896,36.541,-38.259,37.097
8.17,3.271,2.089,2.960,36.521,-38.271,37.035
8.18,2.831,2.092,2.940,36.525,-38.301,36.969
8.19,2.434,2.112,2.872,37.337,-38.328,37.053
8.20,3.623,2.127,3.009,38.040,-38.335,37.258
8.21,3.728,2.119,3.123,38.797,-38.304,37.587
8.22,2.416,2.110,2.996,37.201,-38.242,37.619
8.23,3.176,2.103,3.020,36.544,-38.170,37.544
8.24,2.730,2.086,2.957,36.058,-38.114,37.387
8.25,2.564,2.080,2.886,34.794,-38.098,37.011
8.26,3.157,2.089,2.938,35.211,-38.131,36.725
8.27,3.032,2.107,2.968,35.071,-38.202,36.433
8.28,2.229,2.133,2.866,36.904,-38.281,36.490
8.29,3.490,2.155,2.989,38.115,-38.349,36.759
8.30,2.684,2.169,2.949,38.991,-38.352,37.178
8.31,2.992,2.163,2.951,38.790,-38.312,37.527
8.32,2.992,2.152,2.947,37.124,-38.254,37.552
8.33,3.032,2.146,2.956,35.890,-38.213,37.351
8.34,2.639,2.155,2.910,35.176,-38.208,37.035
8.35,2.858,2.176,2.918,35.381,-38.249,36.767
8.36,2.978,2.196,2.944,37.396,-38.294,36.879
8.37,3.143,2.198,2.978,38.518,-38.312,37.183
8.38,3.165,2.188,3.001,37.968,-38.298,37.370
8.39,3.448,2.183,3.071,37.307,-38.245,37.448
8.40,2.698,2.177,3.004,37.474,-38.165,37.563
8.41,2.835,2.175,2.973,36.719,-38.080,37.537
8.42,2.832,2.169,2.944,36.361,-38.001,37.449
8.43,2.762,2.163,2.908,36.233,-37.928,37.351
8.44,2.941,2.162,2.912,37.206,-37.852,37.433
8.45,3.102,2.148,2.932,36.754,-37.784,37.420
8.46,2.532,2.143,2.860,36.340,-37.711,37.343
8.47,3.264,2.147,2.930,36.849,-37.632,37.369
8.48,2.927,2.145,2.928,36.556,-37.543,37.350
8.49,2.704,2.140,2.885,34.841,-37.483,37.023
8.50,3.006,2.144,2.908,34.685,-37.476,36.679
8.51,2.804,2.142,2.889,34.525,-37.527,36.318
8.52,2.641,2.142,2.846,34.945,-37.632,36.042
8.53,2.836,2.149,2.850,35.350,-37.768,35.855
8.54,2.690,2.167,2.837,35.621,-37.924,35.728
8.55,2.951,2.195,2.880,36.588,-38.067,35.794
8.56,3.020,2.219,2.922,38.064,-38.173,36.128
8.57,2.916,2.233,2.932,38.347,-38.235,36.491
8.58,3.110,2.231,2.960,37.582,-38.268,36.689
8.59,2.994,2.230,2.964,36.532,-38.296,36.682
8.60,3.025,2.240,2.982,35.908,-38.335,36.562
8.61,3.113,2.258,3.018,34.908,-38.418,36.258
8.62,3.014,2.302,3.054,34.527,-38.552,35.899
8.63,3.205,2.364,3.131,35.469,-38.749,35.708
8.64,2.857,2.419,3.130,37.501,-38.930,35.903
8.65,2.941,2.463,3.134,39.751,-39.072,36.477
8.66,2.658,2.479,3.066,40.539,-39.166,37.125
8.67,2.768,2.473,3.010,38.921,-39.228,37.420
8.68,2.906,2.482,2.999,36.852,-39.270,37.333
8.69,2.828,2.512,2.995,37.154,-39.311,37.312
8.70,2.857,2.552,3.004,37.778,-39.339,37.411
8.71,2.593,2.588,2.965,39.182,-39.348,37.744
8.72,2.683,2.605,2.930,38.563,-39.351,37.924
8.73,2.636,2.609,2.884,37.665,-39.349,37.925
8.74,2.532,2.629,2.840,36.826,-39.364,37.773
8.75,2.761,2.661,2.853,36.633,-39.407,37.590
8.76,2.708,2.697,2.857,37.620,-39.473,37.585
8.77,2.856,2.725,2.879,38.628,-39.542,37.745
8.78,2.900,2.744,2.897,39.675,-39.586,38.076
8.79,2.744,2.749,2.874,39.646,-39.589,38.381
8.80,2.696,2.741,2.837,38.244,-39.574,38.419
8.81,2.583,2.748,2.798,37.756,-39.564,38.360
8.82,3.135,2.761,2.865,38.261,-39.549,38.399
8.83,3.069,2.764,2.900,38.022,-39.531,38.396
8.84,3.134,2.762,2.937,37.093,-39.516,38.233
8.85,2.900,2.764,2.931,37.428,-39.516,38.142
8.86,2.869,2.768,2.923,37.530,-39.527,38.074
8.87,3.052,2.766,2.942,38.146,-39.551,38.110
8.88,3.070,2.766,2.963,37.226,-39.593,37.970
8.89,3.019,2.777,2.980,36.388,-39.657,37.695
8.90,2.987,2.803,3.002,36.890,-39.734,37.539
8.91,2.749,2.842,2.991,38.051,-39.798,37.616
8.92,2.732,2.865,2.965,40.505,-39.825,38.121
8.93,2.568,2.869,2.901,39.555,-39.824,38.406
8.94,3.146,2.867,2.939,38.761,-39.804,38.526
8.95,2.520,2.873,2.872,38.186,-39.785,38.529
8.96,2.833,2.883,2.873,38.546,-39.773,38.586
8.97,2.762,2.885,2.855,38.744,-39.756,38.670
8.98,3.064,2.883,2.887,38.394,-39.731,38.689
8.99,2.551,2.885,2.831,37.879,-39.708,38.616
9.00,2.977,2.888,2.857,37.744,-39.700,38.521
9.01,2.848,2.894,2.859,37.529,-39.709,38.390
9.02,2.769,2.895,2.843,37.834,-39.734,38.320
9.03,2.685,2.901,2.820,37.639,-39.777,38.213
9.04,2.700,2.912,2.809,38.215,-39.815,38.225
9.05,3.323,2.909,2.891,39.078,-39.836,38.394
9.06,2.531,2.901,2.822,38.480,-39.852,38.439
9.07,2.830,2.906,2.827,38.019,-39.857,38.407
9.08,2.647,2.908,2.797,38.198,-39.868,38.407
9.10,2.927,2.908,2.817,38.788,-39.870,38.512
9.10,2.964,2.907,2.840,38.101,-39.871,38.486
9.11,2.687,2.911,2.816,37.753,-39.875,38.403
9.12,2.640,2.919,2.792,39.188,-39.862,38.588
9.13,2.907,2.921,2.812,38.847,-39.840,38.694
9.15,2.760,2.927,2.806,37.764,-39.825,38.595
9.16,2.941,2.940,2.838,37.499,-39.836,38.444
9.17,2.981,2.951,2.870,37.896,-39.864,38.371
9.18,2.690,2.960,2.846,37.791,-39.904,38.283
9.19,3.234,2.971,2.920,38.986,-39.938,38.416
9.20,3.492,2.969,3.013,39.231,-39.961,38.576
9.21,3.114,2.957,3.018,38.588,-39.973,38.611
9.22,3.567,2.949,3.103,38.409,-39.979,38.615
9.23,3.119,2.938,3.095,38.652,-39.980,38.663
9.24,2.862,2.936,3.053,38.377,-39.962,38.674
9.25,2.822,2.942,3.018,38.880,-39.925,38.782
9.26,2.943,2.942,3.005,38.541,-39.884,38.818
9.27,2.793,2.941,2.967,38.167,-39.843,38.786
9.28,2.645,2.941,2.912,38.000,-39.820,38.716
9.29,2.929,2.940,2.913,37.525,-39.825,38.554
9.30,2.734,2.941,2.883,37.727,-39.858,38.431
9.31,2.595,2.948,2.839,38.025,-39.905,38.366
9.32,3.114,2.956,2.891,38.386,-39.958,38.371
9.33,3.186,2.955,2.939,38.653,-40.002,38.425
9.34,3.007,2.956,2.949,37.482,-40.046,38.271
9.35,3.017,2.972,2.974,38.410,-40.082,38.307
9.36,2.748,2.992,2.951,40.108,-40.092,38.643
9.37,2.920,2.993,2.945,40.370,-40.075,38.990
9.38,2.887,2.984,2.927,38.786,-40.040,39.027
9.39,3.002,2.979,2.934,37.840,-40.015,38.891
9.40,2.696,2.979,2.893,37.424,-40.028,38.676
9.41,2.715,2.986,2.868,37.644,-40.068,38.512
9.42,3.012,2.992,2.895,37.887,-40.124,38.402
9.43,3.532,2.990,3.000,38.849,-40.177,38.475
9.44,2.760,2.989,2.957,38.329,-40.220,38.457
9.45,3.226,2.999,3.009,38.703,-40.243,38.521
9.46,2.874,3.014,2.998,39.560,-40.245,38.735
9.47,2.955,3.018,2.993,39.615,-40.228,38.939
9.48,3.076,3.014,3.002,38.784,-40.209,38.971
9.49,3.060,3.011,3.009,37.885,-40.207,38.832
9.50,2.679,3.016,2.956,38.513,-40.215,38.814
9.51,3.203,3.023,3.002,38.901,-40.218,38.868
9.52,3.005,3.027,3.004,38.701,-40.213,38.886
9.53,2.820,3.031,2.976,38.571,-40.208,38.880
9.54,3.560,3.033,3.074,38.863,-40.205,38.921
9.55,2.836,3.032,3.033,38.470,-40.209,38.884
9.56,2.775,3.035,2.990,38.553,-40.215,38.865
9.57,2.796,3.032,2.955,38.250,-40.230,38.791
9.58,2.760,3.028,2.917,38.014,-40.258,38.679
9.59,3.074,3.025,2.940,38.341,-40.301,38.627
9.60,3.305,3.022,2.997,39.058,-40.354,38.697
9.61,3.146,3.020,3.019,39.114,-40.403,38.767
9.62,2.550,3.024,2.943,38.787,-40.431,38.789
9.63,2.357,3.032,2.850,39.788,-40.434,38.995
9.64,2.959,3.034,2.869,39.010,-40.425,39.047
9.65,2.828,3.035,2.861,38.056,-40.432,38.916
9.66,3.266,3.045,2.937,38.266,-40.464,38.825
9.67,3.533,3.040,3.032,38.354,-40.511,38.748
9.68,2.721,3.034,2.974,39.176,-40.550,38.828
9.69,2.900,3.033,2.960,39.170,-40.570,38.910
9.70,2.930,3.028,2.949,39.675,-40.571,39.080
9.71,2.944,3.028,2.947,39.399,-40.551,39.192
9.72,3.273,3.026,2.999,39.659,-40.509,39.347
9.73,2.558,3.029,2.926,38.296,-40.466,39.248
9.74,2.783,3.038,2.908,37.882,-40.443,39.078
9.75,2.823,3.048,2.901,38.059,-40.450,38.943
9.76,3.031,3.055,2.927,38.598,-40.477,38.904
9.77,3.193,3.058,2.973,39.028,-40.503,38.943
9.78,2.820,3.057,2.946,39.113,-40.521,38.998
9.79,3.497,3.055,3.035,39.387,-40.529,39.098
9.80,2.875,3.048,3.001,39.615,-40.516,39.236
9.81,2.733,3.042,2.950,39.089,-40.485,39.278
9.82,2.713,3.042,2.909,38.043,-40.463,39.131
9.83,2.553,3.049,2.853,38.410,-40.454,39.060
9.84,3.455,3.053,2.957,38.661,-40.456,39.031
9.85,2.736,3.056,2.921,38.539,-40.468,38.979
9.86,3.310,3.060,2.989,38.761,-40.481,38.972
9.87,2.755,3.060,2.948,39.659,-40.487,39.122
9.88,2.804,3.058,2.920,39.259,-40.482,39.190
9.89,3.190,3.054,2.961,39.042,-40.473,39.214
9.90,2.700,3.055,2.917,38.682,-40.463,39.173
9.91,2.796,3.052,2.894,38.531,-40.465,39.103
9.92,2.620,3.051,2.845,38.449,-40.480,39.022
9.93,3.168,3.051,2.898,38.633,-40.509,38.973
9.94,2.934,3.050,2.902,38.491,-40.544,38.902
9.95,2.751,3.047,2.873,39.396,-40.568,39.005
9.96,2.774,3.047,2.855,39.479,-40.577,39.117
9.97,2.834,3.050,2.853,39.268,-40.563,39.195
9.98,2.754,3.050,2.835,39.176,-40.529,39.260
9.99,2.924,3.047,2.846,38.694,-40.493,39.235
10.00,3.023,3.039,2.868,38.337,-40.471,39.142
10.01,2.372,3.036,2.781,37.791,-40.486,38.943
10.02,2.888,3.036,2.798,38.371,-40.525,38.854
10.03,3.222,3.031,2.864,39.272,-40.557,38.937
10.04,2.730,3.029,2.838,39.204,-40.569,39.012
10.05,2.971,3.026,2.856,38.581,-40.579,38.970
10.06,2.529,3.024,2.799,39.274,-40.589,39.053
10.07,3.209,3.020,2.863,38.906,-40.598,39.060
10.08,2.873,3.022,2.865,38.417,-40.612,38.980
10.09,2.987,3.025,2.886,38.179,-40.629,38.871
10.10,2.681,3.036,2.860,38.835,-40.643,38.892
10.11,2.906,3.049,2.877,40.344,-40.634,39.182
10.12,3.137,3.044,2.916,40.370,-40.599,39.451
10.13,2.919,3.037,2.909,39.270,-40.547,39.503
10.14,2.602,3.038,2.857,38.496,-40.504,39.409
10.15,2.488,3.041,2.797,38.052,-40.485,39.237
10.16,3.238,3.049,2.876,38.429,-40.497,39.131
10.17,2.771,3.064,2.869,38.116,-40.526,38.977
10.18,3.167,3.070,2.923,38.948,-40.558,38.983
10.19,3.101,3.078,2.959,39.063,-40.589,39.010
10.20,2.858,3.080,2.943,40.149,-40.598,39.233
10.21,3.210,3.072,2.979,39.929,-40.572,39.412
10.22,3.189,3.048,2.994,39.695,-40.518,39.543
10.23,2.640,3.028,2.917,38.744,-40.459,39.497
10.24,2.698,3.019,2.871,37.883,-40.419,39.298
10.25,2.705,3.019,2.842,38.902,-40.388,39.296
10.26,2.810,3.016,2.833,38.228,-40.374,39.166
10.27,2.524,3.027,2.789,37.786,-40.390,38.960
10.28,2.779,3.039,2.796,38.610,-40.421,38.913
10.29,2.847,3.049,2.811,38.470,-40.451,38.852
10.30,3.004,3.055,2.847,39.331,-40.477,38.949
10.31,3.263,3.058,2.918,39.763,-40.477,39.124
10.32,3.160,3.052,2.953,39.994,-40.452,39.328
10.33,3.154,3.041,2.977,38.543,-40.416,39.265
10.34,2.588,3.038,2.907,38.189,-40.384,39.150
10.35,2.393,3.043,2.823,38.980,-40.363,39.177
10.36,3.051,3.045,2.861,38.781,-40.358,39.152
10.37,2.847,3.050,2.862,38.863,-40.354,39.144
10.38,2.753,3.055,2.847,38.631,-40.343,39.104
10.39,3.100,3.057,2.890,38.337,-40.331,39.023
10.40,2.427,3.059,2.812,38.636,-40.311,39.012
10.41,3.120,3.059,2.863,38.470,-40.273,38.990
10.42,2.737,3.068,2.848,37.558,-40.229,38.823
10.43,2.796,3.097,2.862,37.574,-40.180,38.691
10.44,2.605,3.138,2.852,38.082,-40.127,38.670
10.45,2.853,3.173,2.880,40.108,-40.075,38.991
10.47,2.934,3.170,2.886,39.728,-40.037,39.183
10.47,2.974,3.168,2.897,37.837,-40.009,39.017
10.48,3.369,3.176,2.981,37.464,-39.994,38.805
10.49,2.868,3.187,2.971,38.082,-40.001,38.714
10.51,3.479,3.203,3.068,37.337,-40.018,38.505
10.51,2.947,3.222,3.062,37.820,-40.044,38.405
10.52,2.855,3.243,3.044,37.560,-40.092,38.259
10.54,2.926,3.268,3.044,37.508,-40.177,38.098
10.54,3.306,3.297,3.111,37.300,-40.298,37.899
10.56,2.733,3.336,3.078,37.740,-40.427,37.800
10.56,2.554,3.377,3.023,39.899,-40.542,38.092
10.57,2.578,3.398,2.965,41.131,-40.626,38.568
10.58,2.687,3.408,2.925,40.887,-40.662,38.963
10.59,2.232,3.415,2.813,40.521,-40.656,39.267
10.60,2.084,3.413,2.688,40.297,-40.631,39.497
10.61,2.405,3.412,2.637,38.463,-40.607,39.381
10.62,2.556,3.422,2.630,38.790,-40.592,39.331
10.64,2.824,3.433,2.670,39.594,-40.577,39.425
10.64,2.537,3.443,2.654,39.606,-40.554,39.512
10.65,2.590,3.443,2.641,39.945,-40.533,39.639
10.66,2.849,3.422,2.657,39.014,-40.518,39.583
10.68,2.763,3.399,2.654,37.685,-40.516,39.303
10.69,2.878,3.392,2.684,37.044,-40.550,38.931
10.70,2.951,3.395,2.730,39.696,-40.586,39.066
10.71,3.265,3.382,2.808,39.584,-40.600,39.178
10.72,2.562,3.365,2.751,38.775,-40.609,39.139
10.73,2.590,3.362,2.719,38.819,-40.628,39.106
10.74,2.669,3.362,2.709,38.782,-40.650,39.069
10.75,2.697,3.363,2.706,38.613,-40.682,39.002
10.76,2.960,3.363,2.747,38.795,-40.730,38.963
10.77,2.961,3.361,2.780,38.881,-40.795,38.931
10.78,3.519,3.358,2.900,39.680,-40.851,39.046
10.79,3.089,3.346,2.920,40.053,-40.884,39.224
10.80,2.895,3.345,2.914,39.310,-40.890,39.270
10.81,2.573,3.355,2.863,40.013,-40.862,39.454
10.82,2.501,3.352,2.798,39.564,-40.825,39.540
10.83,2.897,3.353,2.814,37.764,-40.804,39.295
10.84,2.489,3.357,2.761,38.237,-40.814,39.146
10.85,2.473,3.362,2.715,38.549,-40.855,39.047
10.86,2.516,3.368,2.685,38.435,-40.926,38.923
10.87,2.741,3.372,2.696,39.978,-40.986,39.088
10.88,2.716,3.370,2.696,40.176,-41.025,39.276
10.89,2.701,3.375,2.699,41.360,-41.012,39.674
10.90,3.171,3.374,2.776,40.967,-40.941,39.987
10.91,2.941,3.361,2.791,39.168,-40.850,39.962
10.92,2.907,3.362,2.810,37.605,-40.802,39.642
10.93,2.613,3.363,2.777,38.015,-40.798,39.408
10.94,3.058,3.363,2.822,38.225,-40.836,39.213
10.95,2.505,3.360,2.765,37.941,-40.909,38.975
10.96,2.681,3.361,2.750,39.396,-40.994,39.010
10.97,2.957,3.352,2.776,40.183,-41.050,39.196
10.98,2.389,3.354,2.711,40.848,-41.055,39.504
10.99,2.886,3.352,2.737,41.570,-41.000,39.932
11.00,2.706,3.338,2.718,40.121,-40.915,40.071
11.01,2.840,3.319,2.721,38.492,-40.851,39.896
11.02,3.490,3.305,2.838,37.622,-40.829,39.569
11.03,2.476,3.305,2.775,37.503,-40.850,39.239
11.04,2.446,3.310,2.722,38.782,-40.896,39.159
11.05,2.845,3.312,2.743,40.126,-40.924,39.333
11.06,2.360,3.306,2.672,40.393,-40.922,39.548
11.07,2.755,3.293,2.674,39.532,-40.902,39.597
11.08,2.817,3.285,2.690,38.437,-40.885,39.453
11.09,2.867,3.288,2.720,38.466,-40.883,39.323
11.10,2.671,3.287,2.710,39.501,-40.893,39.380
11.11,2.657,3.286,2.699,39.575,-40.902,39.440
11.12,3.085,3.287,2.763,39.657,-40.904,39.510
11.13,2.764,3.283,2.759,39.329,-40.892,39.524
11.14,3.038,3.285,2.806,39.612,-40.856,39.604
11.15,3.365,3.289,2.901,39.288,-40.801,39.631
11.16,3.376,3.277,2.970,39.224,-40.750,39.640
11.17,2.456,3.256,2.865,38.117,-40.722,39.443
11.18,2.029,3.250,2.718,38.052,-40.715,39.250
11.19,2.684,3.252,2.713,38.407,-40.727,39.133
11.20,2.534,3.255,2.683,39.376,-40.739,39.201
11.21,2.478,3.255,2.647,40.294,-40.736,39.423
11.22,2.940,3.242,2.684,38.671,-40.736,39.330
11.23,2.232,3.242,2.606,38.609,-40.748,39.233
11.24,2.673,3.238,2.612,39.316,-40.763,39.267
11.25,2.652,3.228,2.609,39.296,-40.768,39.302
11.26,2.899,3.219,2.649,40.034,-40.757,39.468
11.27,2.842,3.204,2.668,40.420,-40.720,39.693
11.28,2.560,3.183,2.631,39.607,-40.662,39.761
11.29,2.676,3.171,2.627,39.014,-40.589,39.731
11.30,2.402,3.153,2.572,38.462,-40.524,39.606
11.31,2.214,3.141,2.501,37.572,-40.489,39.327
11.32,2.221,3.144,2.455,37.741,-40.492,39.091
11.33,2.636,3.149,2.488,38.507,-40.523,39.001
11.34,2.422,3.149,2.475,38.565,-40.562,38.928
11.35,2.723,3.152,2.518,39.343,-40.594,39.004
11.36,3.393,3.148,2.660,40.066,-40.602,39.208
11.37,2.719,3.137,2.659,40.099,-40.569,39.423
11.38,2.819,3.125,2.675,39.168,-40.520,39.454
11.39,2.560,3.115,2.646,38.545,-40.469,39.375
11.40,2.752,3.111,2.659,38.476,-40.428,39.291
11.41,2.827,3.101,2.678,38.478,-40.409,39.203
11.42,3.100,3.085,2.735,38.003,-40.415,39.028
11.43,2.440,3.082,2.681,38.024,-40.437,38.873
11.44,2.933,3.077,2.718,38.982,-40.474,38.892
11.45,2.636,3.073,2.699,39.088,-40.495,38.941
11.46,2.548,3.070,2.671,39.742,-40.482,39.118
11.47,2.945,3.066,2.712,38.423,-40.468,39.045
11.48,2.859,3.064,2.734,38.453,-40.461,38.983
11.49,2.544,3.062,2.699,39.002,-40.459,39.020
11.50,2.778,3.066,2.715,38.386,-40.463,38.943
11.51,2.660,3.069,2.707,38.616,-40.484,38.902
11.52,2.624,3.074,2.696,39.096,-40.507,38.947
11.53,3.154,3.076,2.773,39.513,-40.502,39.078
11.54,2.931,3.070,2.793,39.268,-40.487,39.155
11.55,2.665,3.058,2.760,38.724,-40.467,39.131
11.56,2.587,3.052,2.726,38.910,-40.445,39.144
11.57,2.889,3.048,2.748,38.313,-40.419,39.058
11.58,2.865,3.042,2.762,37.863,-40.410,38.897
11.59,2.861,3.045,2.780,38.433,-40.414,38.846
11.60,2.540,3.049,2.742,39.292,-40.415,38.951
11.61,2.677,3.050,2.731,39.535,-40.393,39.099
11.62,2.497,3.045,2.686,39.526,-40.360,39.230
11.63,2.957,3.031,2.719,39.152,-40.319,39.282
11.64,2.716,3.015,2.704,38.282,-40.284,39.176
11.65,2.566,3.007,2.674,38.103,-40.258,39.048
11.66,3.053,3.001,2.731,38.558,-40.235,39.016
11.67,3.097,2.989,2.782,38.441,-40.211,38.971
11.68,2.709,2.980,2.760,38.205,-40.197,38.884
11.69,2.381,2.972,2.689,38.268,-40.205,38.804
11.70,2.854,2.967,2.712,37.991,-40.222,38.685
11.71,2.947,2.969,2.752,38.231,-40.240,38.625
11.72,2.845,2.978,2.775,39.073,-40.253,38.721
11.73,2.594,2.983,2.747,39.944,-40.247,38.963
11.74,2.729,2.980,2.741,39.662,-40.222,39.132
11.75,2.510,2.976,2.698,38.350,-40.192,39.056
11.76,2.908,2.974,2.730,38.525,-40.161,39.023
11.77,2.269,2.971,2.649,38.399,-40.130,38.975
11.78,2.487,2.970,2.620,38.112,-40.118,38.870
11.79,3.089,2.972,2.699,38.373,-40.116,38.818
11.80,2.731,2.969,2.701,38.607,-40.115,38.813
11.81,2.970,2.970,2.746,38.914,-40.112,38.862
11.82,2.461,2.967,2.694,38.036,-40.115,38.751
11.83,2.595,2.969,2.679,38.247,-40.131,38.683
11.84,2.739,2.972,2.690,38.865,-40.143,38.733
11.85,3.000,2.973,2.742,38.923,-40.143,38.795
11.86,2.550,2.975,2.711,38.763,-40.136,38.825
11.87,2.740,2.974,2.714,38.951,-40.112,38.895
11.88,2.736,2.972,2.714,38.315,-40.087,38.850
11.89,2.713,2.974,2.715,37.528,-40.082,38.660
11.90,3.076,2.984,2.783,37.415,-40.107,38.458
11.92,3.062,2.996,2.839,38.533,-40.148,38.465
11.92,2.617,3.001,2.806,38.728,-40.189,38.504
11.93,2.529,3.004,2.761,39.049,-40.223,38.597
11.94,2.522,3.006,2.721,39.856,-40.234,38.829
11.95,2.756,3.002,2.723,38.935,-40.225,38.883
11.97,2.680,3.001,2.714,38.938,-40.201,38.942
11.97,2.258,3.000,2.635,38.575,-40.179,38.928
11.98,2.939,3.000,2.685,37.500,-40.176,38.720
12.00,2.774,3.004,2.702,38.008,-40.184,38.623
12.01,3.246,3.013,2.800,37.933,-40.194,38.528
12.01,2.461,3.025,2.752,39.130,-40.201,38.652
12.02,2.643,3.027,2.734,39.994,-40.195,38.911
12.04,2.969,3.029,2.774,38.968,-40.171,38.969
12.05,2.681,3.027,2.756,38.284,-40.148,38.903
12.05,2.753,3.027,2.755,38.087,-40.143,38.799
12.06,2.757,3.029,2.756,37.674,-40.165,38.621
12.08,2.481,3.032,2.711,37.974,-40.206,38.506
12.09,2.997,3.034,2.759,38.955,-40.238,38.584
12.10,2.695,3.032,2.746,38.894,-40.255,38.650
12.11,2.607,3.032,2.722,39.384,-40.257,38.800
12.12,2.541,3.029,2.688,39.413,-40.229,38.955
12.13,2.229,3.025,2.606,38.871,-40.186,39.006
12.14,2.810,3.024,2.639,38.537,-40.142,38.993
12.14,2.256,3.025,2.574,38.523,-40.105,38.973
12.16,2.968,3.020,2.635,38.293,-40.097,38.894
12.17,2.601,3.012,2.621,38.265,-40.099,38.815
12.18,2.634,3.002,2.614,39.085,-40.098,38.890
12.19,2.965,2.989,2.661,38.710,-40.093,38.892
12.20,2.792,2.978,2.673,37.705,-40.102,38.713
12.21,2.637,2.978,2.666,37.907,-40.137,38.577
12.22,3.088,2.977,2.735,39.292,-40.175,38.693
12.23,2.831,2.977,2.751,39.063,-40.197,38.769
12.24,2.933,2.978,2.781,39.489,-40.188,38.926
12.25,2.897,2.981,2.802,39.380,-40.147,39.065
12.26,2.592,2.978,2.764,39.079,-40.080,39.151
12.27,2.317,2.969,2.680,38.723,-40.017,39.160
12.28,3.162,2.950,2.744,38.130,-39.972,39.053
12.29,2.711,2.941,2.730,36.704,-39.958,38.697
12.30,3.071,2.943,2.789,37.700,-39.972,38.545
12.31,2.963,2.936,2.811,38.733,-39.992,38.587
12.32,2.632,2.931,2.777,38.059,-40.015,38.507
12.33,2.746,2.940,2.778,38.634,-40.023,38.549
12.34,2.821,2.945,2.788,39.089,-40.013,38.674
12.35,2.752,2.940,2.777,38.601,-39.999,38.702
12.36,2.579,2.942,2.745,38.411,-39.987,38.689
12.37,2.393,2.944,2.686,38.113,-39.984,38.622
12.38,2.838,2.943,2.711,38.157,-39.989,38.567
12.39,2.742,2.943,2.714,37.872,-40.008,38.462
12.40,2.739,2.948,2.722,38.208,-40.030,38.429
12.41,3.134,2.950,2.793,38.707,-40.041,38.494
12.42,2.841,2.955,2.804,37.815,-40.047,38.401
12.43,3.083,2.968,2.861,38.387,-40.050,38.422
12.44,3.005,2.976,2.891,38.604,-40.047,38.482
12.45,1.682,2.988,2.697,39.222,-40.039,38.640
12.46,2.522,2.988,2.667,39.677,-40.019,38.858
12.47,2.389,2.981,2.613,38.674,-39.990,38.879
12.48,2.436,2.976,2.579,38.824,-39.948,38.931
12.49,2.322,2.964,2.525,38.151,-39.907,38.861
12.50,2.591,2.949,2.522,36.750,-39.895,38.543
12.51,2.827,2.950,2.573,36.913,-39.920,38.274
12.52,3.239,2.950,2.683,37.867,-39.963,38.196
12.53,2.762,2.952,2.698,38.224,-40.011,38.187
12.54,2.715,2.963,2.709,38.904,-40.037,38.311
12.55,2.780,2.968,2.724,39.808,-40.031,38.594
12.56,2.699,2.962,2.714,38.831,-40.005,38.682
12.57,2.628,2.958,2.695,38.305,-39.970,38.673
12.58,2.915,2.955,2.729,37.697,-39.938,38.562
12.59,3.105,2.951,2.787,37.535,-39.925,38.427
12.60,3.144,2.951,2.847,37.522,-39.937,38.291
12.61,3.109,2.953,2.892,37.893,-39.961,38.230
12.62,2.940,2.959,2.904,38.332,-39.978,38.258
12.63,3.760,2.956,3.045,39.365,-39.969,38.477
12.64,2.676,2.950,2.977,38.927,-39.930,38.611
12.65,2.481,2.947,2.891,39.848,-39.871,38.894
12.66,3.721,2.941,3.025,38.708,-39.782,38.962
12.67,2.984,2.935,3.013,38.790,-39.663,39.058
12.68,2.615,2.910,2.924,39.643,-39.532,39.291
12.69,2.074,2.873,2.750,37.486,-39.426,39.103
12.70,2.410,2.851,2.674,36.861,-39.352,38.814
12.71,2.365,2.829,2.603,36.674,-39.306,38.517
12.72,2.110,2.819,2.511,37.370,-39.280,38.371
12.73,3.026,2.802,2.583,38.179,-39.253,38.386
12.74,2.768,2.784,2.598,36.516,-39.233,38.111
12.75,2.675,2.787,2.613,37.403,-39.229,38.017
12.76,2.807,2.790,2.647,36.904,-39.257,37.830
12.77,2.742,2.794,2.666,37.245,-39.302,37.717
12.78,2.550,2.800,2.651,37.775,-39.356,37.705
12.79,2.672,2.803,2.656,38.539,-39.406,37.828
12.80,2.547,2.804,2.638,38.458,-39.441,37.928
12.81,2.566,2.803,2.624,38.310,-39.463,37.998
12.82,2.901,2.806,2.673,38.374,-39.470,38.079
12.83,3.034,2.800,2.728,37.931,-39.473,38.075
12.84,2.969,2.798,2.766,37.257,-39.483,37.953
12.85,2.773,2.799,2.767,38.076,-39.499,37.984
12.86,2.841,2.795,2.775,37.942,-39.504,37.997
12.87,2.859,2.792,2.787,37.942,-39.511,38.005
12.88,2.675,2.793,2.768,38.458,-39.516,38.101
12.89,2.725,2.788,2.756,37.707,-39.523,38.053
12.90,2.527,2.787,2.716,36.951,-39.548,37.870
12.91,2.768,2.789,2.726,37.408,-39.597,37.776
12.92,2.548,2.791,2.696,37.518,-39.653,37.709
12.93,2.743,2.794,2.706,37.845,-39.721,37.699
12.94,2.679,2.804,2.710,37.914,-39.791,37.700
12.95,3.053,2.816,2.776,38.759,-39.845,37.858
12.96,2.636,2.821,2.757,39.539,-39.872,38.141
12.97,3.030,2.820,2.801,39.227,-39.882,38.340
12.98,2.784,2.821,2.799,38.259,-39.886,38.347
12.99,2.960,2.822,2.826,38.448,-39.889,38.386
13.00,2.526,2.824,2.777,37.705,-39.901,38.285
13.01,2.688,2.827,2.764,38.456,-39.924,38.319
13.02,2.961,2.829,2.798,38.170,-39.954,38.293
13.03,3.059,2.831,2.843,38.088,-39.990,38.252
13.04,2.843,2.835,2.846,38.369,-40.032,38.261
13.05,2.903,2.834,2.854,38.312,-40.074,38.259
13.06,3.083,2.832,2.891,38.531,-40.106,38.302
13.07,2.768,2.834,2.871,38.753,-40.125,38.386
13.08,2.922,2.828,2.874,38.427,-40.135,38.409
13.09,2.599,2.825,2.825,38.229,-40.157,38.384
13.10,3.091,2.826,2.870,37.764,-40.202,38.267
13.11,2.844,2.830,2.869,38.629,-40.260,38.304
13.12,2.950,2.835,2.886,38.846,-40.315,38.373
13.13,2.851,2.841,2.885,38.782,-40.354,38.434
13.14,2.849,2.845,2.881,38.712,-40.383,38.481
13.15,2.712,2.852,2.858,39.192,-40.406,38.605
13.16,3.090,2.856,2.900,39.413,-40.412,38.761
13.17,2.717,2.854,2.868,39.053,-40.403,38.842
13.18,2.836,2.851,2.859,38.866,-40.382,38.888
13.19,2.823,2.842,2.845,39.025,-40.364,38.951
13.20,2.459,2.834,2.773,38.371,-40.353,38.887
13.21,2.780,2.832,2.772,39.017,-40.349,38.937
13.22,2.552,2.828,2.731,38.221,-40.352,38.839
13.23,2.638,2.830,2.716,38.019,-40.366,38.714
13.24,2.746,2.833,2.723,38.432,-40.385,38.675
13.25,2.752,2.833,2.728,38.855,-40.404,38.717
13.26,2.799,2.838,2.743,39.138,-40.408,38.809
13.27,2.964,2.843,2.784,39.356,-40.402,38.931
13.28,2.626,2.836,2.751,38.277,-40.407,38.841
13.29,3.053,2.839,2.804,38.484,-40.408,38.804
13.30,2.609,2.843,2.774,39.564,-40.403,38.960
13.31,2.983,2.844,2.809,39.154,-40.393,39.026
13.32,2.852,2.843,2.815,38.958,-40.375,39.054
13.33,2.887,2.845,2.828,39.210,-40.342,39.132
13.34,2.780,2.842,2.817,37.665,-40.334,38.917
13.35,3.014,2.846,2.853,37.518,-40.362,38.682
13.36,3.204,2.847,2.913,38.866,-40.405,38.701
13.37,2.912,2.849,2.913,38.929,-40.453,38.723
13.38,2.849,2.851,2.904,39.270,-40.494,38.805
13.39,2.843,2.857,2.899,39.873,-40.503,39.001
13.40,2.703,2.858,2.866,39.899,-40.469,39.204
13.41,2.865,2.857,2.865,38.543,-40.426,39.153
13.42,2.800,2.861,2.856,38.339,-40.386,39.075
13.43,2.932,2.862,2.869,37.893,-40.368,38.913
13.44,2.487,2.864,2.806,37.168,-40.398,38.617
13.46,2.560,2.869,2.768,38.638,-40.452,38.599
13.47,3.137,2.871,2.831,38.971,-40.500,38.645
13.47,2.446,2.871,2.766,39.149,-40.540,38.720
13.48,3.324,2.871,2.859,39.490,-40.569,38.849
13.50,2.885,2.877,2.868,38.644,-40.587,38.823
13.51,3.036,2.887,2.904,38.563,-40.602,38.791
13.51,3.138,2.899,2.953,38.176,-40.625,38.692
13.53,3.229,2.919,3.016,39.009,-40.655,38.744
13.54,2.763,2.937,2.988,39.551,-40.680,38.882
13.55,2.345,2.948,2.889,39.639,-40.697,39.019
13.55,2.720,2.954,2.864,39.762,-40.701,39.164
13.57,3.018,2.950,2.887,38.535,-40.707,39.078
13.58,2.925,2.951,2.893,38.462,-40.729,38.980
13.59,2.815,2.955,2.883,39.637,-40.746,39.100
13.60,2.676,2.957,2.849,39.830,-40.745,39.247
13.61,2.367,2.960,2.770,39.137,-40.734,39.262
13.62,2.800,2.963,2.777,40.049,-40.710,39.438
13.63,2.637,2.962,2.752,39.861,-40.671,39.567
13.64,3.261,2.945,2.823,38.942,-40.629,39.521
13.65,2.832,2.941,2.820,37.642,-40.604,39.250
13.66,2.885,2.940,2.830,38.116,-40.616,39.073
13.67,2.557,2.940,2.783,39.067,-40.634,39.081
13.68,2.695,2.941,2.769,39.032,-40.639,39.092
13.69,2.707,2.941,2.758,38.565,-40.650,39.018
13.70,2.834,2.944,2.772,39.941,-40.645,39.200
13.71,2.719,2.941,2.760,40.474,-40.598,39.477
13.72,2.540,2.941,2.722,39.740,-40.508,39.620
13.73,2.500,2.944,2.687,40.054,-40.380,39.823
13.74,2.741,2.939,2.691,39.602,-40.228,39.937
13.75,2.522,2.929,2.654,38.690,-40.079,39.875
13.76,2.825,2.907,2.663,37.434,-39.975,39.574
13.77,2.383,2.886,2.597,35.203,-39.946,38.879
13.78,2.636,2.891,2.607,36.090,-39.980,38.400
13.79,3.132,2.895,2.699,37.699,-40.038,38.254
13.80,2.767,2.897,2.711,38.844,-40.100,38.323
13.81,2.744,2.901,2.719,39.383,-40.134,38.495
13.82,3.368,2.894,2.822,40.046,-40.132,38.780
13.83,2.792,2.889,2.812,39.192,-40.093,38.903
13.84,2.979,2.891,2.842,38.358,-40.039,38.878
13.85,3.081,2.893,2.883,37.353,-40.013,38.665
13.86,3.458,2.899,2.984,36.195,-40.045,38.244
13.87,2.689,2.917,2.949,37.169,-40.140,38.005
13.88,3.034,2.925,2.969,39.268,-40.256,38.142
13.89,2.166,2.929,2.838,38.815,-40.364,38.186
13.90,2.493,2.940,2.789,38.851,-40.445,38.252
13.91,2.873,2.956,2.815,40.063,-40.484,38.545
13.92,2.685,2.962,2.798,40.782,-40.466,38.957
13.93,2.776,2.963,2.794,39.808,-40.405,39.174
13.94,3.056,2.960,2.836,37.915,-40.338,39.039
13.95,3.520,2.964,2.954,37.105,-40.317,38.750
13.96,2.550,2.974,2.894,37.889,-40.341,38.606
13.97,2.302,2.984,2.802,38.798,-40.378,38.629
13.98,2.958,2.986,2.829,39.488,-40.403,38.775
13.99,2.681,2.984,2.802,39.116,-40.407,38.851
14.00,2.904,2.985,2.819,39.698,-40.373,39.043
14.01,2.696,2.989,2.802,39.387,-40.303,39.182
14.02,2.506,2.994,2.755,38.899,-40.222,39.223
14.03,2.653,2.994,2.737,38.048,-40.166,39.094
14.04,2.708,2.996,2.733,37.534,-40.149,38.868
14.05,2.384,2.999,2.676,38.419,-40.142,38.819
14.06,2.472,3.000,2.642,38.803,-40.135,38.844
14.07,2.384,2.997,2.595,37.762,-40.136,38.682
14.08,2.928,2.999,2.652,38.522,-40.142,38.671
14.09,2.905,2.999,2.693,38.325,-40.147,38.629
14.10,2.819,3.002,2.717,38.249,-40.158,38.577
14.11,3.030,3.004,2.770,37.989,-40.185,38.476
14.12,2.823,3.006,2.780,38.571,-40.211,38.491
14.13,2.843,3.002,2.786,38.806,-40.233,38.546
14.14,2.825,3.001,2.791,38.510,-40.255,38.543
14.15,2.991,3.001,2.824,39.581,-40.251,38.740
14.16,2.921,3.001,2.839,39.463,-40.213,38.915
14.17,2.767,2.999,2.825,38.321,-40.177,38.866
14.18,3.125,3.002,2.878,37.645,-40.173,38.685
14.19,2.817,3.004,2.869,38.188,-40.187,38.610
14.20,2.678,3.005,2.837,38.259,-40.218,38.546
14.21,2.440,3.006,2.770,38.184,-40.271,38.461
14.22,2.537,3.006,2.731,39.471,-40.309,38.620
14.23,3.208,3.007,2.811,39.878,-40.312,38.849
14.24,2.383,3.004,2.736,39.119,-40.287,38.936
14.25,2.809,3.003,2.746,38.906,-40.249,38.983
14.26,3.048,3.002,2.795,38.750,-40.206,39.001
14.27,2.510,3.001,2.746,37.702,-40.177,38.827
14.28,2.943,3.001,2.779,37.918,-40.184,38.689
14.29,2.861,3.001,2.792,37.771,-40.218,38.525
14.30,2.656,3.003,2.770,38.101,-40.270,38.430
14.31,2.678,3.002,2.753,39.017,-40.326,38.503
14.32,2.845,3.001,2.767,39.515,-40.370,38.656
14.33,2.751,3.000,2.763,39.942,-40.377,38.888
14.34,2.889,3.000,2.783,39.147,-40.356,38.970
14.35,2.547,2.997,2.741,38.517,-40.342,38.926
14.36,2.700,2.998,2.734,39.247,-40.321,39.018
14.37,2.667,2.994,2.719,38.553,-40.292,38.984
14.38,2.627,2.996,2.704,37.898,-40.277,38.835
14.39,3.097,3.000,2.773,38.328,-40.276,38.771
14.40,2.336,3.000,2.699,38.122,-40.291,38.669
14.41,2.713,3.003,2.703,38.717,-40.314,38.678
14.42,2.459,3.002,2.660,39.050,-40.329,38.748
14.43,2.553,3.003,2.642,38.662,-40.329,38.754
14.44,2.784,3.003,2.665,38.855,-40.308,38.808
14.45,2.855,3.001,2.695,39.477,-40.260,38.984
14.46,2.928,2.999,2.732,39.371,-40.188,39.130
14.47,2.718,2.996,2.726,38.257,-40.122,39.057
14.48,2.743,2.994,2.727,37.726,-40.091,38.878
14.49,2.718,2.991,2.722,37.383,-40.100,38.638
14.50,2.779,2.991,2.731,37.249,-40.143,38.388
14.51,2.871,2.990,2.753,38.036,-40.207,38.294
14.52,2.627,2.994,2.735,38.828,-40.257,38.362
14.53,2.885,3.002,2.766,38.953,-40.277,38.464
14.54,2.528,3.012,2.733,40.338,-40.252,38.819
14.55,2.650,3.016,2.722,39.804,-40.185,39.060
14.56,2.355,3.016,2.659,38.312,-40.116,39.011
14.57,2.777,3.020,2.682,38.136,-40.073,38.919
14.58,2.697,3.014,2.679,38.061,-40.066,38.801
14.59,2.322,3.011,2.616,37.130,-40.087,38.521
14.60,2.168,3.016,2.543,38.042,-40.124,38.429
14.61,2.538,3.017,2.543,39.287,-40.154,38.567
14.62,2.699,3.018,2.568,38.912,-40.165,38.635
14.63,2.778,3.018,2.603,39.080,-40.158,38.735
14.64,2.858,3.018,2.645,38.758,-40.143,38.770
14.65,3.005,3.019,2.705,38.332,-40.124,38.731
14.66,2.440,3.016,2.657,38.018,-40.124,38.631
14.67,2.573,3.014,2.641,37.725,-40.143,38.481
14.68,2.686,3.014,2.648,37.894,-40.176,38.374
14.69,2.878,3.017,2.688,39.001,-40.198,38.479
14.70,2.924,3.017,2.727,39.251,-40.198,38.628
14.71,2.674,3.020,2.719,39.075,-40.181,38.736
14.72,2.577,3.022,2.697,38.847,-40.153,38.797
14.73,2.587,3.015,2.672,38.176,-40.141,38.721
14.74,2.914,3.011,2.708,37.184,-40.147,38.476
14.75,2.462,3.011,2.666,37.948,-40.174,38.384
14.76,3.249,3.010,2.762,38.527,-40.209,38.397
14.77,2.797,3.008,2.766,39.049,-40.240,38.499
14.78,2.617,3.007,2.740,38.807,-40.263,38.550
14.79,2.362,3.001,2.670,38.484,-40.278,38.547
14.80,2.948,2.999,2.714,38.565,-40.285,38.563
14.81,2.494,2.999,2.676,38.427,-40.292,38.552
14.82,2.827,3.002,2.704,38.849,-40.304,38.611
14.84,3.001,3.003,2.754,38.509,-40.316,38.602
14.84,3.043,3.001,2.800,38.650,-40.331,38.617
14.85,2.832,3.001,2.805,38.496,-40.346,38.602
14.86,2.853,2.998,2.810,39.408,-40.353,38.751
14.87,2.857,2.994,2.814,38.732,-40.364,38.757
14.88,2.809,2.993,2.811,38.713,-40.375,38.759
14.89,2.473,2.994,2.754,38.848,-40.381,38.788
14.90,2.787,2.997,2.762,38.935,-40.386,38.827
14.92,2.638,2.999,2.742,39.436,-40.379,38.954
14.92,2.897,3.002,2.770,38.954,-40.369,38.981
14.93,3.111,3.003,2.828,38.478,-40.373,38.912
14.95,2.860,2.996,2.827,38.198,-40.386,38.800
14.95,2.533,2.990,2.772,38.074,-40.410,38.677
14.97,2.607,2.991,2.743,38.369,-40.446,38.615
14.98,3.062,2.990,2.796,39.061,-40.475,38.685
14.99,2.494,2.993,2.747,39.561,-40.480,38.847
15.00,2.727,2.995,2.745,39.337,-40.471,38.956
15.01,2.513,2.993,2.703,39.921,-40.449,39.156
15.02,2.649,2.982,2.684,40.237,-40.405,39.393
15.03,2.859,2.960,2.694,39.336,-40.358,39.442
15.04,3.006,2.937,2.728,37.831,-40.316,39.225
15.05,2.801,2.932,2.735,37.526,-40.278,38.989
15.06,2.450,2.931,2.686,38.539,-40.253,38.953
15.07,3.061,2.916,2.736,37.303,-40.258,38.690
15.08,2.719,2.917,2.733,36.722,-40.293,38.348
15.09,2.780,2.923,2.746,38.440,-40.347,38.336
15.10,2.897,2.915,2.764,38.973,-40.402,38.415
15.11,3.069,2.909,2.810,38.971,-40.443,38.492
15.12,2.612,2.912,2.779,39.402,-40.455,38.652
15.13,3.385,2.907,2.876,39.956,-40.438,38.904
15.14,2.565,2.900,2.818,38.892,-40.397,38.953
15.15,2.738,2.899,2.803,38.804,-40.351,38.985
15.16,2.748,2.897,2.791,37.995,-40.311,38.870
15.17,2.633,2.896,2.764,38.545,-40.284,38.856
15.18,2.647,2.894,2.742,38.382,-40.266,38.809
15.19,2.709,2.899,2.740,37.978,-40.270,38.684
15.20,2.526,2.901,2.705,38.360,-40.286,38.634
15.21,2.652,2.903,2.697,38.349,-40.316,38.578
15.22,2.732,2.905,2.705,38.749,-40.348,38.598
15.23,2.998,2.907,2.755,39.075,-40.373,38.674
15.24,3.119,2.902,2.811,39.483,-40.378,38.824
15.25,2.803,2.898,2.806,39.425,-40.353,38.963
15.26,2.747,2.894,2.792,39.011,-40.315,39.021
15.27,2.829,2.889,2.794,38.334,-40.275,38.957
15.28,2.552,2.889,2.753,37.790,-40.251,38.799
15.29,2.642,2.890,2.735,38.212,-40.250,38.718
15.30,2.513,2.891,2.698,38.320,-40.264,38.656
15.31,2.874,2.890,2.727,38.628,-40.293,38.646
15.32,2.709,2.893,2.726,38.950,-40.310,38.701
15.33,3.131,2.889,2.790,39.329,-40.307,38.827
15.34,2.413,2.888,2.726,38.496,-40.296,38.797
15.35,2.945,2.888,2.762,38.826,-40.289,38.826
15.36,2.823,2.885,2.769,38.431,-40.284,38.780
15.37,2.628,2.883,2.743,38.343,-40.285,38.724
15.38,3.259,2.878,2.826,38.370,-40.299,38.669
15.39,2.866,2.877,2.831,38.824,-40.325,38.690
15.40,2.740,2.876,2.815,38.742,-40.354,38.692
15.41,2.369,2.875,2.739,38.706,-40.385,38.686
15.42,2.531,2.875,2.704,38.728,-40.411,38.688
15.43,2.624,2.878,2.691,38.504,-40.432,38.657
15.44,2.720,2.878,2.696,38.779,-40.446,38.683
15.45,2.685,2.881,2.696,38.358,-40.457,38.636
15.46,3.066,2.878,2.755,38.924,-40.462,38.697
15.47,2.697,2.880,2.746,38.380,-40.469,38.655
15.48,3.090,2.879,2.804,39.449,-40.460,38.817
15.49,2.402,2.876,2.733,39.158,-40.436,38.911
15.50,2.690,2.875,2.724,38.289,-40.418,38.838
15.51,2.604,2.876,2.704,38.390,-40.413,38.784
15.52,2.498,2.872,2.666,38.309,-40.421,38.714
15.53,2.814,2.872,2.690,38.453,-40.443,38.669
15.54,3.037,2.872,2.748,38.982,-40.463,38.721
15.55,2.701,2.872,2.740,39.123,-40.481,38.791
15.56,2.965,2.872,2.777,38.948,-40.490,38.827
15.57,2.763,2.871,2.773,39.392,-40.481,38.946
15.58,2.819,2.867,2.777,39.333,-40.457,39.048
15.59,2.808,2.856,2.774,38.051,-40.439,38.913
15.60,2.560,2.852,2.734,37.610,-40.444,38.707
15.61,2.617,2.851,2.713,38.340,-40.466,38.643
15.62,3.044,2.850,2.767,38.657,-40.488,38.644
15.63,2.823,2.845,2.772,38.840,-40.503,38.681
15.64,2.663,2.845,2.753,38.736,-40.517,38.695
15.65,2.931,2.846,2.784,39.537,-40.524,38.848
15.66,2.940,2.846,2.810,39.664,-40.514,39.010
15.67,2.948,2.840,2.828,39.410,-40.493,39.111
15.68,2.671,2.834,2.796,38.297,-40.472,39.010
15.69,2.890,2.831,2.809,38.121,-40.465,38.882
15.70,2.624,2.831,2.778,38.275,-40.473,38.791
15.71,2.781,2.827,2.775,38.350,-40.500,38.711
15.72,3.130,2.822,2.830,39.332,-40.527,38.809
15.73,2.439,2.819,2.762,39.028,-40.542,38.850
15.74,2.651,2.819,2.743,39.417,-40.536,38.966
15.75,3.053,2.819,2.794,39.975,-40.499,39.184
15.76,3.092,2.816,2.841,38.949,-40.448,39.204
15.77,2.979,2.814,2.863,38.492,-40.408,39.134
15.78,2.457,2.815,2.795,37.905,-40.387,38.962
15.79,2.475,2.816,2.742,39.128,-40.374,39.017
15.80,2.625,2.816,2.722,37.979,-40.384,38.851
15.81,2.521,2.816,2.688,38.718,-40.403,38.828
15.82,2.821,2.810,2.705,39.493,-40.415,38.950
15.83,2.810,2.806,2.719,39.561,-40.410,39.074
15.84,2.690,2.801,2.710,39.809,-40.385,39.235
15.85,2.748,2.798,2.713,38.688,-40.343,39.194
15.86,2.998,2.793,2.757,38.358,-40.303,39.103
15.87,2.388,2.793,2.694,38.067,-40.279,38.965
15.88,2.551,2.796,2.672,38.554,-40.267,38.921
15.89,2.875,2.792,2.703,38.547,-40.270,38.872
15.90,2.450,2.784,2.653,38.704,-40.275,38.856
15.91,3.008,2.773,2.704,39.747,-40.257,39.036
15.92,3.028,2.756,2.743,39.355,-40.210,39.145
15.93,2.860,2.747,2.755,38.189,-40.140,39.059
15.94,2.905,2.745,2.778,37.964,-40.073,38.946
15.95,2.610,2.744,2.749,38.095,-40.018,38.864
15.96,2.711,2.738,2.737,37.713,-39.985,38.714
15.97,2.675,2.733,2.722,37.506,-39.974,38.534
15.98,2.627,2.735,2.708,37.756,-39.986,38.409
15.99,3.050,2.737,2.767,39.006,-39.994,38.520
16.00,2.855,2.734,2.780,38.582,-39.992,38.547
16.01,3.077,2.732,2.828,38.394,-39.986,38.540
16.02,3.101,2.727,2.870,38.076,-39.978,38.483
16.03,2.823,2.719,2.856,37.864,-39.978,38.394
16.04,2.743,2.719,2.836,38.444,-39.976,38.418
16.05,2.789,2.713,2.824,37.948,-39.968,38.360
16.06,2.936,2.715,2.843,38.519,-39.957,38.411
16.07,2.835,2.715,2.842,37.977,-39.955,38.353
16.08,2.831,2.722,2.846,38.023,-39.963,38.306
16.09,3.079,2.725,2.887,38.000,-39.983,38.251
16.10,2.800,2.728,2.876,38.041,-40.017,38.202
16.11,2.855,2.730,2.874,39.321,-40.037,38.388
16.12,2.834,2.730,2.867,39.395,-40.028,38.578
16.13,2.609,2.729,2.822,39.273,-39.989,38.742
16.14,2.424,2.723,2.751,38.166,-39.945,38.697
16.15,2.782,2.724,2.756,37.712,-39.921,38.566
16.16,2.960,2.727,2.793,37.355,-39.924,38.374
16.17,2.498,2.732,2.748,37.773,-39.951,38.264
16.18,2.826,2.732,2.761,38.958,-39.976,38.374
16.19,2.667,2.734,2.747,39.075,-39.985,38.498
16.20,2.570,2.737,2.719,38.551,-39.981,38.525
16.21,3.106,2.738,2.784,39.573,-39.953,38.738
16.22,2.573,2.736,2.747,39.076,-39.894,38.859
16.23,2.810,2.733,2.755,38.139,-39.827,38.808
16.24,2.747,2.734,2.755,38.752,-39.744,38.882
16.25,2.544,2.734,2.719,38.195,-39.662,38.849
16.26,2.700,2.735,2.716,37.910,-39.586,38.769
16.27,2.740,2.738,2.722,38.193,-39.505,38.753
16.28,2.760,2.731,2.723,38.962,-39.420,38.872
16.29,2.734,2.709,2.706,38.086,-39.344,38.817
16.30,2.736,2.684,2.690,36.407,-39.284,38.475
16.31,3.010,2.683,2.743,35.820,-39.262,38.060
16.32,2.836,2.691,2.765,38.117,-39.248,38.094
16.33,2.987,2.688,2.800,38.609,-39.214,38.223
16.34,2.852,2.681,2.803,37.522,-39.182,38.144
16.36,3.259,2.669,2.870,37.368,-39.143,38.056
16.37,2.835,2.658,2.855,37.000,-39.101,37.926
16.38,2.504,2.654,2.793,37.981,-39.051,37.988
16.39,2.971,2.643,2.814,36.683,-39.005,37.818
16.39,2.677,2.643,2.791,37.574,-38.956,37.830
16.40,2.778,2.641,2.787,38.228,-38.879,37.972
16.42,2.980,2.632,2.812,38.237,-38.770,38.118
16.42,2.950,2.625,2.829,38.753,-38.616,38.365
16.43,3.976,2.610,3.010,39.053,-38.370,38.697
16.44,3.308,2.611,3.061,35.058,-38.013,38.393
16.46,6.978,2.721,3.811,27.886,-37.594,36.987
16.46,3.803,2.906,3.965,30.354,-37.160,36.241
16.47,2.590,3.106,3.902,36.822,-36.719,36.712
16.48,-0.933,3.249,3.209,41.158,-36.316,37.801
16.50,0.115,3.315,2.743,40.768,-35.948,38.613
16.51,0.417,3.338,2.365,37.981,-35.561,38.835
16.52,2.406,3.338,2.371,35.388,-35.208,38.552
16.53,1.889,3.324,2.276,35.511,-34.878,38.318
16.54,1.328,3.272,2.070,37.265,-34.586,38.389
16.55,1.407,3.165,1.868,36.876,-34.328,38.355
16.56,2.440,3.025,1.846,35.057,-34.067,38.021
16.57,2.079,2.869,1.754,32.808,-33.826,37.349
16.58,1.991,2.732,1.678,33.105,-33.582,36.841
16.59,3.387,2.585,1.841,32.383,-33.332,36.302
16.60,2.673,2.454,1.871,31.131,-33.081,35.642
16.61,3.419,2.350,2.044,29.242,-32.860,34.749
16.62,4.378,2.289,2.385,28.739,-32.618,33.939
16.63,3.805,2.246,2.588,30.863,-32.336,33.654
16.64,3.218,2.197,2.653,32.286,-32.013,33.689
16.65,1.899,2.127,2.469,33.710,-31.667,33.976
16.66,2.655,2.024,2.414,31.027,-31.341,33.747
16.67,2.851,1.931,2.410,28.906,-31.039,33.179
16.68,3.203,1.863,2.488,28.959,-30.741,32.711
16.69,2.440,1.799,2.427,31.456,-30.427,32.754
16.70,3.514,1.720,2.545,30.374,-30.063,32.649
16.71,2.597,1.627,2.477,29.111,-29.661,32.380
16.72,3.764,1.547,2.628,26.420,-29.161,31.785
16.73,5.738,1.459,3.078,21.705,-28.497,30.633
16.74,4.730,1.432,3.336,22.282,-27.684,29.892
16.75,3.145,1.467,3.336,29.592,-26.823,30.543
16.76,0.976,1.456,2.932,36.543,-25.950,32.262
16.77,-0.549,1.392,2.296,32.648,-25.088,33.030
16.78,0.741,1.330,1.983,26.305,-24.314,32.528
16.79,2.859,1.282,2.092,22.003,-23.595,31.341
16.80,3.614,1.246,2.318,21.248,-22.864,30.234
16.81,4.104,1.214,2.593,20.599,-22.055,29.266
16.82,3.001,1.186,2.640,18.756,-21.166,28.215
16.83,3.710,1.181,2.817,19.914,-20.249,27.556
16.84,1.306,1.194,2.576,22.386,-19.372,27.388
16.85,0.699,1.194,2.258,22.860,-18.434,27.361
16.86,1.794,1.172,2.162,22.336,-17.522,27.234
16.87,2.043,1.128,2.107,19.920,-16.545,26.776
16.88,-0.324,1.103,1.677,14.252,-15.547,25.456
16.89,2.852,1.021,1.807,10.457,-14.535,23.730
16.90,2.140,1.029,1.871,11.359,-13.623,22.363
16.91,1.545,1.013,1.804,13.424,-12.730,21.555
16.92,2.631,0.996,1.930,13.615,-11.814,20.935
16.93,3.294,0.983,2.149,7.553,-11.018,19.297
16.94,2.585,1.005,2.243,8.072,-10.414,17.859
16.95,0.948,1.032,2.049,12.400,-9.892,17.320
16.96,1.806,1.045,2.019,13.503,-9.280,17.131
16.97,3.470,1.053,2.271,8.806,-8.508,16.316
16.98,4.053,1.066,2.583,6.213,-7.664,15.260
16.99,1.925,1.080,2.486,5.318,-6.846,14.207
17.00,0.000,1.118,2.102,6.820,-6.202,13.436
17.01,0.073,1.164,1.799,13.313,-5.690,13.774
17.02,-0.087,1.191,1.501,16.061,-5.185,14.509
17.03,0.534,1.213,1.355,13.585,-4.732,14.663
17.04,0.395,1.249,1.223,10.922,-4.228,14.382
17.05,-0.011,1.327,1.079,12.929,-3.530,14.649
17.06,0.760,1.390,1.077,13.505,-2.567,15.188
17.07,0.649,1.418,1.028,8.281,-1.468,14.870
17.08,1.708,1.186,0.948,0.666,-0.788,12.974
17.09,6.060,1.161,1.787,-11.150,-0.601,8.996
17.10,2.460,1.176,1.913,0.516,-0.605,7.487
17.11,2.087,1.173,1.941,5.403,-0.573,7.082
17.12,1.905,1.165,1.929,3.815,-0.541,6.477
17.13,2.508,1.161,2.024,3.184,-0.514,5.862
17.14,1.939,1.158,2.008,3.073,-0.491,5.329
17.15,1.914,1.152,1.989,4.277,-0.475,5.081
17.16,1.389,1.147,1.884,4.697,-0.462,4.943
17.17,1.766,1.143,1.862,4.064,-0.451,4.719
17.18,1.963,1.135,1.873,4.221,-0.440,4.560
17.19,1.866,1.129,1.868,3.663,-0.430,4.332
17.20,2.376,1.124,1.949,2.832,-0.425,4.000
17.21,2.132,1.124,1.981,1.668,-0.423,3.524
17.22,1.837,1.125,1.958,3.000,-0.419,3.353
17.23,1.774,1.127,1.930,3.560,-0.418,3.302
17.24,1.974,1.127,1.938,3.999,-0.416,3.335
17.25,1.110,1.128,1.801,4.847,-0.414,3.505
17.26,1.518,1.128,1.754,4.616,-0.411,3.609
17.27,1.772,1.127,1.757,3.571,-0.406,3.521
17.28,2.076,1.124,1.809,3.740,-0.400,3.478
17.29,1.768,1.123,1.801,3.957,-0.394,3.478
17.30,1.561,1.115,1.755,3.858,-0.387,3.464
17.31,1.842,1.112,1.768,3.696,-0.382,3.421
17.32,1.668,1.108,1.748,4.069,-0.378,3.449
17.33,1.908,1.109,1.777,3.766,-0.374,3.421
17.34,1.867,1.106,1.789,3.499,-0.370,3.353
17.35,1.814,1.101,1.790,3.768,-0.365,3.342
17.36,1.373,1.101,1.720,3.820,-0.363,3.333
17.37,1.695,1.102,1.717,3.663,-0.364,3.304
17.38,1.953,1.102,1.758,3.646,-0.362,3.279
17.39,1.654,1.114,1.750,3.754,-0.367,3.272
17.40,1.627,1.115,1.731,3.554,-0.368,3.235
17.41,1.795,1.116,1.744,3.547,-0.370,3.202
17.42,1.611,1.117,1.723,3.464,-0.369,3.163
17.43,1.984,1.120,1.769,3.274,-0.370,3.098
17.44,1.802,1.119,1.774,3.641,-0.371,3.104
17.45,1.968,1.118,1.807,3.981,-0.370,3.169
17.46,2.114,1.116,1.858,3.568,-0.368,3.155
17.47,2.087,1.113,1.895,3.758,-0.366,3.175
17.48,1.656,1.115,1.857,3.673,-0.367,3.175
17.49,1.757,1.116,1.842,3.714,-0.369,3.181
17.50,1.836,1.116,1.842,3.519,-0.370,3.155
17.51,1.625,1.118,1.807,3.865,-0.369,3.192
17.52,1.777,1.120,1.805,3.615,-0.367,3.183
17.53,1.470,1.121,1.749,3.598,-0.366,3.164
17.54,1.653,1.123,1.735,3.402,-0.363,3.125
17.55,1.842,1.124,1.754,3.725,-0.362,3.145
17.56,1.766,1.123,1.756,3.633,-0.363,3.146
17.57,2.063,1.121,1.806,3.625,-0.362,3.146
17.58,1.752,1.117,1.795,3.309,-0.360,3.093
17.59,1.758,1.114,1.786,3.626,-0.360,3.102
17.60,1.885,1.112,1.802,3.662,-0.358,3.116
17.61,1.643,1.111,1.775,3.784,-0.357,3.148
17.62,1.679,1.110,1.759,3.851,-0.355,3.187
17.63,2.196,1.108,1.832,4.769,-0.356,3.372
17.64,1.802,1.107,1.826,4.802,-0.355,3.533
17.65,1.792,1.107,1.821,3.646,-0.355,3.471
17.66,1.599,1.107,1.785,2.403,-0.356,3.211
17.67,1.538,1.106,1.743,3.361,-0.356,3.157
17.68,1.868,1.103,1.762,3.461,-0.355,3.128
17.69,2.339,1.102,1.858,3.874,-0.354,3.174
17.70,1.851,1.098,1.855,3.843,-0.354,3.207
17.71,2.588,1.097,1.978,3.924,-0.355,3.247
17.72,2.401,1.097,2.050,4.163,-0.356,3.320
17.73,1.864,1.097,2.019,3.137,-0.355,3.211
17.74,2.236,1.095,2.055,4.177,-0.355,3.295
17.75,1.573,1.095,1.976,3.945,-0.354,3.326
17.76,1.669,1.094,1.924,3.585,-0.351,3.293
17.77,2.167,1.094,1.965,3.475,-0.349,3.246
17.78,1.132,1.092,1.824,3.468,-0.349,3.205
17.79,1.545,1.091,1.777,3.500,-0.349,3.176
17.80,2.210,1.091,1.851,2.355,-0.350,2.959
17.81,0.886,1.091,1.689,2.494,-0.351,2.801
17.82,1.154,1.091,1.600,3.928,-0.353,2.910
17.83,1.239,1.093,1.541,3.965,-0.354,3.008
17.84,1.371,1.093,1.513,3.319,-0.355,2.981
17.85,1.712,1.097,1.550,3.699,-0.356,3.023
17.86,1.687,1.102,1.577,3.625,-0.357,3.046
17.87,1.639,1.104,1.589,3.814,-0.357,3.091
17.88,1.841,1.107,1.635,3.533,-0.357,3.089
17.89,1.818,1.110,1.669,3.842,-0.359,3.137
17.91,1.852,1.116,1.706,3.744,-0.360,3.161
17.92,2.131,1.120,1.780,3.557,-0.362,3.150
17.92,2.004,1.124,1.822,3.817,-0.364,3.184
17.94,1.970,1.124,1.847,3.812,-0.364,3.212
17.95,1.914,1.124,1.860,3.830,-0.365,3.239
17.96,1.882,1.127,1.867,3.571,-0.367,3.217
17.96,1.689,1.127,1.837,3.187,-0.367,3.136
17.98,1.839,1.128,1.839,3.138,-0.368,3.059
17.99,1.751,1.130,1.826,4.318,-0.369,3.194
18.00,1.860,1.128,1.831,3.830,-0.369,3.224
18.01,1.767,1.125,1.819,3.639,-0.369,3.218
18.02,2.023,1.125,1.854,3.593,-0.368,3.206
18.03,1.780,1.127,1.843,3.732,-0.367,3.220
18.04,1.879,1.126,1.849,3.674,-0.365,3.222
18.05,2.024,1.124,1.878,3.722,-0.364,3.226
18.06,1.873,1.122,1.876,3.330,-0.362,3.170
18.07,1.665,1.122,1.841,3.903,-0.360,3.221
18.08,1.924,1.122,1.856,3.364,-0.359,3.171
18.09,1.786,1.123,1.845,3.459,-0.359,3.145
18.10,1.579,1.123,1.801,3.608,-0.358,3.149
18.11,1.928,1.123,1.823,3.718,-0.359,3.169
18.12,2.069,1.122,1.864,3.762,-0.360,3.194
18.13,1.761,1.119,1.845,3.842,-0.360,3.228
18.14,1.665,1.116,1.813,3.662,-0.362,3.226
18.15,1.575,1.114,1.771,3.402,-0.364,3.180
18.16,1.690,1.115,1.759,3.607,-0.363,3.178
18.17,1.887,1.113,1.780,3.909,-0.364,3.227
18.18,1.693,1.113,1.765,3.716,-0.364,3.235
18.19,1.744,1.112,1.762,3.570,-0.364,3.218
18.20,1.906,1.112,1.786,3.530,-0.362,3.198
18.21,1.990,1.112,1.821,3.622,-0.362,3.196
18.22,1.651,1.111,1.793,3.733,-0.361,3.214
18.23,1.687,1.111,1.776,3.540,-0.361,3.196
18.24,1.999,1.110,1.813,3.486,-0.361,3.172
18.25,2.084,1.107,1.856,3.895,-0.361,3.220
18.26,1.903,1.105,1.864,3.872,-0.362,3.257
18.27,1.587,1.106,1.818,3.430,-0.361,3.214
18.28,1.766,1.107,1.811,3.499,-0.361,3.189
18.29,1.740,1.107,1.799,3.437,-0.361,3.159
18.30,1.819,1.108,1.804,3.654,-0.362,3.169
18.31,1.733,1.108,1.793,3.593,-0.364,3.166
18.32,1.616,1.109,1.765,3.204,-0.365,3.100
18.33,1.939,1.112,1.797,3.779,-0.364,3.143
18.34,1.684,1.117,1.782,3.891,-0.364,3.197
18.35,1.863,1.119,1.798,3.751,-0.366,3.217
18.36,1.893,1.123,1.818,3.568,-0.366,3.204
18.37,1.603,1.127,1.786,3.618,-0.366,3.202
18.38,1.934,1.128,1.812,3.525,-0.367,3.185
18.39,1.859,1.131,1.823,3.794,-0.368,3.209
18.40,1.632,1.133,1.793,3.565,-0.369,3.199
18.41,1.877,1.134,1.808,3.630,-0.367,3.202
18.42,1.663,1.135,1.785,3.729,-0.369,3.219
18.43,1.533,1.133,1.742,3.395,-0.369,3.178
18.44,1.887,1.133,1.766,3.549,-0.368,3.171
18.45,1.763,1.131,1.765,3.703,-0.368,3.190
18.46,1.735,1.132,1.761,3.417,-0.369,3.158
18.47,1.916,1.132,1.788,3.877,-0.367,3.210
18.48,2.072,1.132,1.835,3.666,-0.367,3.217
18.49,1.693,1.133,1.813,3.260,-0.367,3.154
18.50,2.027,1.134,1.851,3.743,-0.368,3.182
18.51,1.760,1.135,1.837,3.601,-0.367,3.184
18.52,1.978,1.136,1.862,3.272,-0.367,3.129
18.53,2.020,1.137,1.890,3.578,-0.369,3.134
18.54,1.665,1.138,1.854,3.684,-0.367,3.159
18.55,1.792,1.140,1.845,3.362,-0.368,3.123
18.56,2.003,1.138,1.871,3.591,-0.366,3.128
18.57,1.830,1.137,1.864,3.916,-0.366,3.193
18.58,1.884,1.136,1.867,3.909,-0.366,3.245
18.59,1.809,1.135,1.857,3.971,-0.365,3.300
18.60,1.912,1.133,1.865,3.700,-0.364,3.300
18.61,1.844,1.134,1.863,3.734,-0.364,3.305
18.62,1.629,1.134,1.825,3.935,-0.364,3.343
18.63,1.582,1.134,1.784,3.605,-0.364,3.319
18.64,1.815,1.135,1.791,3.563,-0.365,3.291
18.65,1.928,1.135,1.814,3.611,-0.366,3.276
18.66,1.629,1.135,1.784,4.080,-0.365,3.345
18.67,1.920,1.134,1.806,3.706,-0.363,3.340
18.68,1.737,1.135,1.796,3.726,-0.361,3.338
18.69,1.969,1.136,1.826,3.581,-0.360,3.312
18.70,1.808,1.137,1.824,3.316,-0.360,3.246
18.71,1.751,1.137,1.813,3.448,-0.362,3.211
18.72,2.285,1.139,1.894,3.547,-0.361,3.201
18.73,1.748,1.137,1.868,3.487,-0.360,3.183
18.74,1.714,1.138,1.844,3.926,-0.360,3.241
18.75,1.946,1.139,1.862,3.361,-0.359,3.195
18.76,1.894,1.140,1.870,3.566,-0.359,3.191
18.77,1.793,1.141,1.858,3.592,-0.359,3.191
18.78,1.743,1.140,1.839,3.667,-0.359,3.205
18.79,1.775,1.139,1.827,3.581,-0.359,3.202
18.80,1.947,1.138,1.847,3.329,-0.359,3.156
18.81,1.739,1.139,1.830,3.585,-0.359,3.162
18.82,1.950,1.136,1.848,3.851,-0.360,3.212
18.83,1.921,1.134,1.860,3.749,-0.360,3.236
18.84,1.805,1.132,1.850,3.670,-0.359,3.244
18.85,1.955,1.130,1.866,3.597,-0.358,3.238
18.86,1.824,1.130,1.859,3.775,-0.358,3.263
18.87,1.868,1.129,1.861,3.559,-0.358,3.247
18.88,1.424,1.130,1.789,3.583,-0.358,3.238
18.89,1.834,1.132,1.798,3.729,-0.359,3.255
18.90,1.744,1.132,1.790,3.764,-0.358,3.271
18.91,1.917,1.134,1.813,3.709,-0.359,3.279
18.92,1.983,1.133,1.842,3.492,-0.359,3.251
18.93,2.068,1.133,1.880,3.796,-0.360,3.278
18.94,1.953,1.133,1.893,3.593,-0.359,3.266
18.95,1.793,1.135,1.878,3.562,-0.358,3.253
18.96,1.941,1.137,1.891,3.643,-0.358,3.254
18.97,1.805,1.140,1.880,3.753,-0.359,3.273
18.98,2.089,1.142,1.917,3.789,-0.358,3.296
18.99,1.663,1.146,1.879,3.543,-0.359,3.273
19.00,2.025,1.147,1.905,3.545,-0.358,3.255
19.01,1.580,1.148,1.852,3.406,-0.358,3.217
19.02,1.604,1.150,1.812,3.715,-0.359,3.236
19.03,1.813,1.150,1.812,3.488,-0.358,3.215
19.04,1.769,1.150,1.806,3.644,-0.357,3.224
19.05,1.860,1.150,1.816,3.327,-0.356,3.179
19.06,1.831,1.151,1.820,3.588,-0.355,3.186
19.07,2.178,1.152,1.881,3.382,-0.354,3.150
19.08,1.957,1.152,1.895,3.750,-0.355,3.188
19.09,1.722,1.153,1.867,3.575,-0.355,3.190
19.10,1.805,1.152,1.856,3.841,-0.355,3.237
19.11,1.970,1.152,1.876,3.619,-0.354,3.240
19.12,1.770,1.151,1.858,3.671,-0.352,3.251
19.13,1.810,1.150,1.850,3.622,-0.350,3.253
19.14,1.746,1.148,1.831,3.708,-0.349,3.268
19.15,1.840,1.148,1.833,3.478,-0.349,3.241
19.16,1.904,1.147,1.845,3.625,-0.348,3.244
19.17,1.655,1.148,1.814,3.584,-0.346,3.241
19.18,1.815,1.147,1.813,3.715,-0.345,3.259
19.19,1.724,1.148,1.800,3.657,-0.344,3.265
19.20,1.551,1.148,1.758,3.529,-0.344,3.247
19.21,1.861,1.150,1.777,3.599,-0.345,3.244
19.22,1.653,1.149,1.756,3.898,-0.346,3.291
19.23,2.029,1.150,1.803,3.923,-0.348,3.335
19.24,1.864,1.152,1.815,3.584,-0.348,3.315
19.25,1.811,1.153,1.816,3.639,-0.349,3.307
19.26,1.631,1.152,1.785,3.747,-0.349,3.320
19.27,1.849,1.153,1.796,3.351,-0.348,3.265
19.28,1.816,1.153,1.800,3.723,-0.347,3.282
19.29,2.062,1.150,1.843,3.328,-0.347,3.228
19.30,1.831,1.147,1.839,4.062,-0.346,3.308
19.31,1.630,1.142,1.800,3.851,-0.345,3.341
19.33,1.962,1.140,1.825,3.312,-0.344,3.276
19.33,1.861,1.139,1.831,3.361,-0.343,3.230
19.34,1.759,1.139,1.819,3.599,-0.342,3.232
19.35,1.920,1.138,1.836,3.755,-0.342,3.260
19.37,1.741,1.135,1.819,3.747,-0.341,3.283
19.37,1.667,1.135,1.794,3.605,-0.341,3.277
19.38,1.855,1.137,1.805,3.481,-0.340,3.252
19.39,1.717,1.137,1.792,3.774,-0.339,3.280
19.40,1.869,1.138,1.805,3.694,-0.340,3.290
19.41,1.856,1.140,1.816,3.573,-0.339,3.273
19.43,1.897,1.142,1.832,3.521,-0.339,3.256
19.44,1.815,1.144,1.831,3.090,-0.338,3.169
19.45,1.823,1.148,1.834,0.742,-0.337,2.701
19.46,1.965,1.152,1.860,0.160,-0.337,2.212
19.47,1.360,1.157,1.780,1.335,-0.335,2.005
19.48,1.602,1.160,1.753,2.907,-0.335,2.096
19.49,1.944,1.160,1.786,5.673,-0.332,2.640
19.50,2.061,1.163,1.834,6.286,-0.330,3.195
19.51,1.691,1.168,1.815,7.890,-0.331,3.925
19.52,2.050,1.172,1.859,4.984,-0.332,4.045
19.53,1.659,1.179,1.831,4.142,-0.332,4.003
19.54,1.388,1.186,1.763,4.961,-0.334,4.105
19.55,1.578,1.186,1.732,5.683,-0.334,4.314
19.56,2.018,1.189,1.783,4.708,-0.333,4.324
19.57,2.150,1.190,1.846,3.367,-0.336,4.104
19.58,1.772,1.188,1.832,4.695,-0.337,4.145
19.59,2.263,1.185,1.904,2.408,-0.336,3.788
19.60,2.041,1.177,1.921,-0.230,-0.332,3.053
19.61,1.838,1.161,1.893,2.611,-0.329,2.922
19.62,2.732,1.146,2.024,4.751,-0.311,3.187
19.63,1.750,1.141,1.974,1.992,-0.314,2.926
19.64,1.681,1.137,1.922,3.168,-0.313,2.910
19.65,1.582,1.134,1.863,3.186,-0.317,2.895
19.66,1.458,1.134,1.795,3.435,-0.319,2.926
19.67,1.393,1.131,1.725,3.373,-0.320,2.943
19.68,1.642,1.130,1.711,3.236,-0.319,2.935
19.69,1.757,1.130,1.718,3.808,-0.317,3.026
19.70,1.986,1.130,1.764,3.647,-0.316,3.074
19.71,1.907,1.127,1.786,4.756,-0.314,3.302
19.72,1.946,1.127,1.813,4.185,-0.315,3.392
19.73,1.913,1.124,1.828,3.558,-0.315,3.363
19.74,1.920,1.120,1.841,3.359,-0.314,3.307
19.75,1.887,1.119,1.848,3.255,-0.312,3.243
19.76,1.603,1.117,1.806,2.990,-0.311,3.146
19.77,1.524,1.117,1.758,3.239,-0.306,3.109
19.78,1.908,1.115,1.783,1.858,-0.293,2.853
19.79,1.405,1.117,1.721,1.455,-0.282,2.571
19.80,1.565,1.117,1.695,2.759,-0.270,2.556
19.81,1.413,1.119,1.650,3.259,-0.254,2.630
19.82,2.100,1.120,1.726,8.054,-0.241,3.496
19.83,1.760,1.119,1.731,3.806,-0.216,3.514
19.84,1.749,1.116,1.733,2.439,-0.174,3.312
19.85,1.509,1.112,1.692,1.265,-0.121,2.956
19.86,1.908,1.106,1.723,3.634,-0.078,3.051
19.87,1.756,1.099,1.724,3.857,-0.011,3.186
19.88,1.809,1.088,1.729,4.262,0.030,3.345
19.89,1.894,1.076,1.747,3.744,0.079,3.397
19.90,1.969,1.064,1.775,3.468,0.120,3.388
19.91,1.804,1.064,1.780,2.770,0.151,3.254
19.92,2.947,1.066,1.978,5.624,0.179,3.621
19.93,2.958,1.067,2.147,5.768,0.210,3.952
19.94,2.971,1.068,2.289,4.030,0.237,3.933
19.95,1.862,1.071,2.220,4.329,0.275,3.978
19.96,1.371,1.078,2.084,2.715,0.322,3.749
19.97,1.227,1.078,1.940,3.129,0.381,3.639
19.98,1.330,1.080,1.840,3.085,0.455,3.553
19.99,1.508,1.080,1.784,2.969,0.525,3.458
20.00,1.187,1.081,1.685,2.001,0.622,3.238
20.01,2.097,1.081,1.755,1.953,0.735,3.061
20.02,1.775,1.078,1.756,3.270,0.900,3.178
20.03,2.347,1.072,1.851,5.075,1.230,3.716
20.04,2.370,1.063,1.931,4.162,1.708,4.133
20.05,0.993,1.057,1.769,1.117,2.240,4.013
20.06,1.377,1.052,1.700,-0.277,2.797,3.699
20.07,1.544,1.055,1.676,0.184,3.372,3.530
20.08,1.629,1.064,1.676,0.050,3.920,3.342
20.09,1.329,1.076,1.628,0.400,4.493,3.265
20.10,1.528,1.099,1.631,0.728,5.203,3.356
20.11,1.830,1.132,1.692,0.000,5.932,3.331
20.12,1.065,1.163,1.612,-3.484,6.651,2.714
20.13,1.497,1.186,1.611,-4.195,7.333,2.050
20.14,1.630,1.204,1.630,-2.338,8.023,1.819
20.15,1.671,1.223,1.653,-3.877,8.738,1.388
20.16,1.515,1.250,1.651,-4.664,9.478,0.916
20.17,2.038,1.271,1.734,-6.072,10.243,0.307
20.18,1.573,1.297,1.729,-8.019,11.007,-0.530
20.19,1.701,1.318,1.742,-7.805,11.701,-1.249
20.20,1.548,1.333,1.722,-8.872,12.274,-2.130
20.21,1.803,1.340,1.741,-7.029,12.783,-2.607
20.22,2.313,1.356,1.850,-7.123,13.320,-2.998
20.23,2.062,1.370,1.898,-8.867,13.868,-3.609
20.24,1.664,1.374,1.862,-8.888,14.413,-4.124
20.25,2.051,1.374,1.894,-8.248,14.979,-4.430
20.26,2.205,1.379,1.951,-9.794,15.592,-4.905
20.27,1.976,1.379,1.955,-10.538,16.217,-5.417
20.28,2.132,1.380,1.986,-12.252,16.770,-6.192
20.29,2.143,1.366,2.001,-15.537,17.200,-7.494
20.30,2.202,1.352,2.024,-10.717,17.624,-7.773
20.31,2.434,1.367,2.105,-11.276,18.091,-8.066
20.32,1.864,1.373,2.070,-13.088,18.544,-8.625
20.33,3.549,1.379,2.324,-16.023,18.954,-9.621
20.34,-0.055,1.364,1.913,-14.522,19.274,-10.274
20.35,1.852,1.333,1.877,-16.729,19.543,-11.233
20.36,1.761,1.308,1.836,-11.653,19.857,-11.140
20.37,2.242,1.296,1.895,-13.700,20.233,-11.356
20.38,2.486,1.283,1.984,-15.163,20.609,-11.782
20.39,2.927,1.263,2.126,-15.576,20.994,-12.200
20.40,3.694,1.252,2.381,-13.396,21.373,-12.187
20.41,1.955,1.237,2.298,-15.096,21.710,-12.497
20.42,1.860,1.210,2.203,-12.014,22.138,-12.162
20.43,2.004,1.224,2.181,-12.987,22.742,-11.900
20.44,2.323,1.255,2.232,-15.501,23.464,-12.028
20.45,2.155,1.276,2.237,-17.809,24.088,-12.594
20.46,2.602,1.293,2.314,-17.986,24.647,-13.146
20.47,2.431,1.299,2.340,-19.462,25.130,-13.918
20.48,2.117,1.298,2.303,-19.719,25.561,-14.645
20.49,2.107,1.296,2.269,-19.446,25.985,-15.212
20.50,2.062,1.300,2.238,-21.222,26.378,-16.007
20.51,1.792,1.285,2.151,-23.565,26.670,-17.148
20.52,1.985,1.265,2.107,-21.790,26.891,-17.859
20.53,1.743,1.243,2.029,-20.708,27.096,-18.283
20.54,1.690,1.230,1.961,-22.269,27.258,-18.934
20.55,1.980,1.225,1.961,-22.454,27.344,-19.571
20.56,2.095,1.219,1.979,-20.799,27.381,-19.864
20.57,2.919,1.221,2.139,-16.548,27.474,-19.347
20.58,2.025,1.242,2.138,-18.613,27.677,-19.172
20.59,1.568,1.260,2.058,-22.240,27.905,-19.615
20.60,2.113,1.277,2.082,-21.620,28.100,-19.907
20.61,2.051,1.301,2.097,-22.111,28.284,-20.260
20.62,2.338,1.329,2.162,-20.843,28.477,-20.317
20.63,2.269,1.360,2.206,-20.441,28.723,-20.252
20.64,1.652,1.394,2.142,-21.768,29.018,-20.382
20.65,1.672,1.425,2.088,-21.053,29.373,-20.319
20.66,1.459,1.456,2.009,-22.942,29.759,-20.559
20.67,1.434,1.486,1.937,-25.135,30.108,-21.160
20.68,1.700,1.502,1.911,-25.397,30.369,-21.777
20.70,1.977,1.518,1.935,-25.530,30.544,-22.385
20.70,1.744,1.529,1.912,-25.317,30.662,-22.903
20.71,1.669,1.540,1.880,-24.897,30.736,-23.301
20.72,1.771,1.550,1.870,-25.236,30.757,-23.733
20.74,1.970,1.554,1.890,-23.065,30.776,-23.729
20.74,1.918,1.563,1.902,-23.096,30.845,-23.691
20.75,1.770,1.574,1.889,-23.688,30.956,-23.722
20.77,1.973,1.590,1.916,-23.265,31.100,-23.650
20.77,1.899,1.605,1.926,-24.629,31.242,-23.821
20.78,1.378,1.618,1.844,-24.706,31.384,-23.976
20.79,1.517,1.632,1.801,-26.255,31.506,-24.382
20.80,1.693,1.637,1.786,-25.739,31.594,-24.662
20.81,1.971,1.644,1.823,-24.153,31.710,-24.606
20.83,1.962,1.655,1.855,-25.211,31.831,-24.733
20.83,1.989,1.663,1.884,-25.493,31.927,-24.906
20.84,2.026,1.669,1.912,-24.879,32.012,-24.957
20.85,2.162,1.673,1.958,-25.219,32.094,-25.058
20.87,1.888,1.677,1.949,-24.884,32.190,-25.075
20.87,2.057,1.678,1.968,-25.253,32.299,-25.140
20.88,1.974,1.680,1.970,-25.587,32.418,-25.242
20.90,1.672,1.683,1.922,-25.587,32.526,-25.336
20.91,1.745,1.685,1.894,-26.086,32.615,-25.514
20.91,1.459,1.688,1.823,-26.614,32.671,-25.779
20.92,1.629,1.689,1.791,-26.808,32.688,-26.064
20.93,1.924,1.683,1.808,-26.837,32.677,-26.329
20.95,2.326,1.677,1.890,-25.341,32.666,-26.299
20.96,2.093,1.681,1.927,-24.613,32.683,-26.136
20.97,2.033,1.682,1.946,-24.812,32.738,-25.992
20.98,1.803,1.685,1.923,-26.236,32.796,-26.111
20.99,1.812,1.687,1.906,-26.748,32.823,-26.321
21.00,2.180,1.688,1.953,-25.996,32.835,-26.382
21.01,1.971,1.690,1.958,-25.311,32.851,-26.314
21.02,2.203,1.693,2.001,-25.974,32.865,-26.371
21.03,1.538,1.699,1.928,-25.923,32.862,-26.423
21.04,2.178,1.703,1.973,-25.979,32.851,-26.483
21.05,1.886,1.708,1.963,-27.568,32.803,-26.830
21.06,1.568,1.698,1.888,-25.855,32.729,-26.853
21.07,1.736,1.697,1.861,-24.255,32.692,-26.572
21.08,2.110,1.698,1.903,-25.654,32.682,-26.550
21.09,1.603,1.691,1.847,-26.668,32.672,-26.702
21.10,1.849,1.681,1.839,-24.714,32.671,-26.493
21.11,2.001,1.674,1.860,-25.513,32.684,-26.441
21.12,2.088,1.666,1.891,-25.539,32.698,-26.401
21.13,1.958,1.663,1.899,-25.049,32.725,-26.283
21.14,1.871,1.660,1.892,-25.503,32.766,-26.239
21.15,1.971,1.653,1.899,-26.372,32.801,-26.355
21.16,2.360,1.644,1.969,-25.559,32.834,-26.315
21.17,2.021,1.633,1.969,-26.445,32.853,-26.444
21.18,1.983,1.623,1.963,-25.194,32.867,-26.344
21.19,2.012,1.615,1.965,-24.524,32.918,-26.116
21.20,2.007,1.609,1.967,-25.133,32.994,-26.009
21.21,2.280,1.607,2.017,-25.942,33.075,-26.052
21.22,1.821,1.608,1.986,-26.085,33.154,-26.113
21.23,1.786,1.616,1.959,-25.183,33.255,-25.993
21.24,1.910,1.626,1.958,-26.479,33.373,-26.097
21.25,1.509,1.635,1.890,-27.231,33.479,-26.321
21.26,1.819,1.635,1.878,-27.713,33.544,-26.623
21.27,1.775,1.635,1.861,-26.502,33.587,-26.688
21.28,2.228,1.628,1.916,-26.630,33.636,-26.759
21.29,2.042,1.620,1.930,-26.831,33.681,-26.855
21.30,1.721,1.615,1.891,-26.891,33.703,-26.965
21.31,1.805,1.609,1.871,-26.974,33.701,-27.089
21.32,2.213,1.602,1.923,-27.355,33.687,-27.267
21.33,2.053,1.596,1.940,-25.913,33.679,-27.167
21.34,1.917,1.598,1.937,-25.849,33.690,-27.058
21.35,2.015,1.597,1.949,-26.094,33.715,-26.995
21.36,1.697,1.598,1.908,-26.412,33.758,-26.982
21.37,2.077,1.599,1.937,-26.764,33.795,-27.035
21.38,1.877,1.602,1.929,-27.016,33.818,-27.133
21.39,1.910,1.603,1.927,-26.725,33.830,-27.175
21.40,1.890,1.604,1.921,-26.972,33.842,-27.251
21.41,2.062,1.604,1.944,-26.741,33.857,-27.272
21.42,1.979,1.604,1.951,-26.993,33.873,-27.332
21.43,2.173,1.602,1.986,-27.440,33.877,-27.466
21.44,2.173,1.600,2.016,-27.251,33.872,-27.554
21.45,1.721,1.595,1.962,-27.816,33.851,-27.735
21.46,1.983,1.581,1.953,-27.155,33.820,-27.783
21.47,2.297,1.567,2.000,-26.880,33.788,-27.787
21.48,2.004,1.555,1.992,-26.692,33.755,-27.748
21.49,1.585,1.547,1.916,-26.560,33.728,-27.688
21.50,2.058,1.538,1.933,-26.623,33.706,-27.645
21.51,1.992,1.529,1.935,-26.458,33.693,-27.574
21.52,2.216,1.523,1.977,-25.639,33.691,-27.368
21.53,2.101,1.522,1.998,-25.988,33.708,-27.239
21.54,2.279,1.519,2.042,-26.713,33.712,-27.264
21.55,2.133,1.514,2.054,-26.170,33.725,-27.186
21.56,1.888,1.515,2.026,-26.108,33.757,-27.095
21.57,1.954,1.510,2.011,-26.682,33.796,-27.109
21.58,1.985,1.503,2.001,-26.649,33.834,-27.117
21.59,2.000,1.501,1.999,-26.457,33.873,-27.089
21.60,2.057,1.500,2.008,-26.505,33.913,-27.074
21.61,1.953,1.498,1.997,-27.308,33.939,-27.208
21.62,1.819,1.497,1.967,-27.458,33.947,-27.359
21.63,1.745,1.500,1.932,-27.511,33.941,-27.506
21.64,1.726,1.495,1.893,-27.240,33.912,-27.611
21.65,2.272,1.492,1.955,-26.419,33.888,-27.544
21.66,2.076,1.488,1.972,-26.923,33.872,-27.568
21.67,2.009,1.482,1.973,-27.548,33.850,-27.698
21.68,2.040,1.471,1.975,-27.187,33.812,-27.758
21.69,2.077,1.461,1.984,-26.307,33.773,-27.661
21.70,2.244,1.457,2.025,-26.456,33.737,-27.603
21.71,1.775,1.455,1.982,-26.605,33.705,-27.576
21.72,2.388,1.454,2.049,-26.061,33.683,-27.453
21.73,1.788,1.452,2.004,-27.188,33.662,-27.540
21.74,2.206,1.448,2.034,-25.720,33.660,-27.349
21.75,2.063,1.451,2.042,-26.423,33.669,-27.299
21.76,2.188,1.449,2.065,-26.539,33.674,-27.280
21.77,2.293,1.447,2.102,-26.081,33.688,-27.179
21.78,2.282,1.443,2.129,-26.279,33.706,-27.125
21.79,2.291,1.444,2.158,-26.783,33.720,-27.168
21.80,2.303,1.447,2.185,-26.521,33.724,-27.168
21.81,2.263,1.453,2.204,-26.618,33.726,-27.186
21.82,1.867,1.463,2.156,-26.544,33.712,-27.201
21.83,2.050,1.474,2.148,-26.532,33.686,-27.222
21.84,2.084,1.478,2.140,-27.177,33.657,-27.349
21.85,2.122,1.482,2.141,-26.197,33.629,-27.290
21.86,2.115,1.493,2.146,-26.201,33.608,-27.235
21.87,1.991,1.505,2.130,-26.212,33.594,-27.185
21.88,1.902,1.518,2.103,-26.663,33.579,-27.221
21.89,1.662,1.530,2.039,-26.383,33.567,-27.200
21.90,2.333,1.541,2.098,-25.937,33.562,-27.102
21.91,2.503,1.557,2.180,-25.478,33.582,-26.922
21.92,1.843,1.575,2.138,-25.844,33.625,-26.814
21.93,2.243,1.594,2.171,-26.799,33.673,-26.880
21.94,1.668,1.615,2.105,-26.444,33.716,-26.880
21.95,1.915,1.633,2.088,-27.870,33.749,-27.127
21.96,2.035,1.649,2.092,-27.687,33.753,-27.327
21.97,1.967,1.654,2.075,-27.905,33.729,-27.553
21.98,1.645,1.658,2.006,-27.460,33.697,-27.683
21.99,1.981,1.658,2.001,-27.480,33.662,-27.787
22.00,2.009,1.655,2.000,-26.216,33.637,-27.651
22.01,1.876,1.656,1.980,-26.799,33.619,-27.630
22.02,1.945,1.654,1.971,-26.986,33.588,-27.656
22.03,1.589,1.651,1.905,-26.651,33.545,-27.630
22.04,2.304,1.646,1.968,-26.879,33.484,-27.662
22.05,2.362,1.642,2.030,-25.661,33.428,-27.479
22.06,2.271,1.645,2.074,-25.141,33.410,-27.208
22.07,2.037,1.646,2.068,-26.368,33.405,-27.177
22.08,1.767,1.646,2.018,-26.420,33.397,-27.163
22.09,2.298,1.644,2.063,-26.070,33.394,-27.088
22.10,2.266,1.643,2.097,-26.263,33.406,-27.045
22.11,2.158,1.639,2.104,-25.941,33.432,-26.943
22.12,2.521,1.636,2.171,-26.228,33.469,-26.897
22.13,1.637,1.634,2.080,-26.621,33.506,-26.925
22.14,1.993,1.631,2.063,-27.013,33.529,-27.025
22.15,1.614,1.622,1.979,-26.888,33.539,-27.109
22.16,1.944,1.614,1.966,-26.395,33.545,-27.087
22.17,1.596,1.607,1.898,-26.354,33.555,-27.060
22.18,1.480,1.596,1.818,-27.060,33.555,-27.164
22.19,1.874,1.583,1.816,-26.990,33.534,-27.256
22.20,2.290,1.568,1.883,-26.184,33.516,-27.195
22.21,2.001,1.559,1.896,-26.473,33.503,-27.188
22.23,1.979,1.546,1.898,-26.445,33.495,-27.173
22.24,2.256,1.532,1.947,-26.415,33.487,-27.156
22.24,2.561,1.521,2.041,-26.486,33.474,-27.158
22.25,2.314,1.511,2.079,-25.897,33.467,-27.055
22.26,2.190,1.508,2.095,-25.989,33.474,-26.973
22.28,2.261,1.509,2.124,-25.912,33.488,-26.885
22.28,2.141,1.516,2.133,-26.019,33.509,-26.825
22.29,2.196,1.524,2.151,-26.639,33.535,-26.874
22.30,2.185,1.526,2.159,-26.765,33.551,-26.945
22.32,2.200,1.530,2.169,-26.633,33.568,-26.980
22.32,2.144,1.535,2.169,-26.161,33.590,-26.926
22.33,1.675,1.540,2.091,-26.061,33.621,-26.856
22.34,1.920,1.543,2.064,-27.198,33.671,-26.974
22.35,2.127,1.537,2.071,-26.873,33.734,-27.005
22.37,1.869,1.532,2.033,-26.908,33.793,-27.042
22.38,1.772,1.523,1.981,-27.660,33.840,-27.208
22.39,2.406,1.518,2.048,-26.463,33.880,-27.151
22.40,2.539,1.515,2.128,-26.649,33.915,-27.139
22.41,2.245,1.514,2.147,-26.610,33.939,-27.131
22.41,2.009,1.510,2.121,-26.389,33.960,-27.090
22.43,1.867,1.515,2.083,-26.109,33.982,-27.007
22.44,2.290,1.525,2.127,-26.637,34.005,-27.027
22.45,2.202,1.541,2.153,-26.656,34.023,-27.050
22.45,2.112,1.563,2.164,-26.775,34.040,-27.090
22.46,2.333,1.588,2.214,-26.758,34.055,-27.122
22.48,1.977,1.614,2.196,-26.881,34.070,-27.170
22.49,2.111,1.641,2.204,-27.045,34.074,-27.245
22.50,2.350,1.672,2.255,-26.954,34.078,-27.302
22.51,2.025,1.694,2.234,-26.707,34.100,-27.282
22.52,1.855,1.711,2.185,-27.591,34.142,-27.399
22.53,1.523,1.722,2.082,-27.268,34.196,-27.432
22.54,1.680,1.727,2.018,-27.861,34.256,-27.555
22.55,1.929,1.728,2.004,-27.894,34.306,-27.670
22.56,1.595,1.727,1.934,-27.200,34.356,-27.649
22.57,2.261,1.730,1.992,-27.423,34.408,-27.667
22.58,2.133,1.732,2.016,-27.581,34.455,-27.713
22.59,1.796,1.732,1.979,-28.146,34.480,-27.866
22.60,2.301,1.730,2.032,-28.031,34.474,-27.998
22.61,1.782,1.728,1.988,-27.492,34.446,-28.036
22.62,2.387,1.724,2.051,-27.184,34.408,-28.024
22.63,2.301,1.722,2.091,-26.442,34.383,-27.878
22.64,2.255,1.722,2.119,-26.970,34.374,-27.832
22.65,1.919,1.719,2.083,-26.684,34.376,-27.736
22.66,1.916,1.716,2.052,-26.442,34.408,-27.590
22.67,1.703,1.710,1.988,-26.952,34.477,-27.532
22.68,2.077,1.711,2.003,-26.717,34.545,-27.435
22.69,2.154,1.725,2.040,-27.102,34.613,-27.420
22.70,1.703,1.733,1.989,-28.906,34.647,-27.739
22.71,2.041,1.735,2.000,-28.395,34.650,-27.946
22.72,2.156,1.740,2.030,-27.724,34.638,-28.017
22.73,2.188,1.745,2.060,-27.208,34.632,-27.983
22.74,1.969,1.750,2.049,-26.882,34.634,-27.894
22.75,2.132,1.755,2.067,-27.398,34.638,-27.905
22.76,2.233,1.756,2.096,-27.613,34.649,-27.944
22.77,1.927,1.755,2.067,-27.490,34.668,-27.949
22.78,2.501,1.756,2.140,-27.673,34.692,-27.979
22.79,1.742,1.756,2.073,-27.988,34.712,-28.061
22.80,1.724,1.757,2.015,-27.886,34.723,-28.120
22.81,1.525,1.758,1.934,-28.573,34.708,-28.306
22.82,1.798,1.751,1.905,-27.808,34.670,-28.350
22.83,2.231,1.747,1.955,-27.009,34.630,-28.256
22.84,1.906,1.747,1.947,-27.357,34.595,-28.230
22.85,1.981,1.745,1.951,-27.184,34.566,-28.174
22.86,2.192,1.745,1.991,-27.090,34.552,-28.100
22.87,1.921,1.747,1.980,-26.558,34.561,-27.929
22.88,2.073,1.744,1.993,-27.311,34.576,-27.908
22.89,2.208,1.743,2.029,-27.641,34.590,-27.947
22.90,2.341,1.741,2.079,-27.247,34.601,-27.915
22.91,2.231,1.740,2.104,-28.145,34.609,-28.042
22.92,2.032,1.741,2.092,-27.208,34.614,-27.992
22.93,1.972,1.740,2.071,-28.006,34.628,-28.078
22.94,1.840,1.741,2.033,-27.234,34.636,-28.023
22.95,2.001,1.743,2.029,-27.959,34.637,-28.106
22.96,1.740,1.742,1.979,-27.390,34.633,-28.083
22.97,2.271,1.742,2.029,-27.051,34.642,-27.997
22.98,2.252,1.744,2.067,-27.870,34.663,-28.052
22.99,1.861,1.748,2.036,-27.631,34.687,-28.055
23.00,2.077,1.748,2.043,-27.736,34.713,-28.074
23.01,2.216,1.748,2.072,-27.563,34.741,-28.066
23.02,1.690,1.754,2.012,-28.523,34.752,-28.228
23.03,1.712,1.739,1.948,-29.560,34.735,-28.561
23.04,2.496,1.725,2.029,-27.094,34.711,-28.426
23.05,2.042,1.716,2.024,-27.296,34.695,-28.343
23.06,1.929,1.709,2.002,-28.337,34.668,-28.457
23.07,1.754,1.692,1.945,-27.358,34.641,-28.388
23.08,2.102,1.684,1.965,-26.220,34.631,-28.124
23.09,2.029,1.678,1.971,-27.320,34.636,-28.077
23.10,2.353,1.679,2.035,-27.700,34.635,-28.107
23.11,2.050,1.675,2.034,-27.459,34.623,-28.099
23.12,2.312,1.673,2.079,-27.343,34.612,-28.073
23.13,1.902,1.668,2.046,-28.276,34.600,-28.208
23.14,1.961,1.659,2.024,-29.599,34.565,-28.563
23.15,2.141,1.639,2.027,-28.147,34.509,-28.632
23.16,2.276,1.622,2.055,-26.685,34.457,-28.440
23.17,2.206,1.608,2.068,-26.380,34.425,-28.211
23.18,2.404,1.596,2.116,-26.544,34.410,-28.039
23.19,2.286,1.592,2.142,-26.463,34.410,-27.862
23.20,2.402,1.591,2.185,-27.127,34.406,-27.830
23.21,2.317,1.591,2.208,-27.059,34.406,-27.789
23.22,2.197,1.590,2.205,-27.336,34.402,-27.806
23.23,2.244,1.589,2.211,-26.906,34.394,-27.750
23.24,2.413,1.592,2.248,-27.336,34.389,-27.774
23.25,2.276,1.591,2.252,-27.368,34.390,-27.794
23.26,2.113,1.594,2.231,-27.076,34.401,-27.752
23.27,1.795,1.593,2.157,-27.240,34.423,-27.736
23.28,1.852,1.596,2.109,-27.221,34.450,-27.716
23.29,1.893,1.593,2.070,-27.548,34.474,-27.756
23.30,2.289,1.591,2.106,-27.393,34.495,-27.765
23.31,2.241,1.588,2.126,-27.564,34.515,-27.803
23.32,2.577,1.587,2.201,-27.239,34.525,-27.788
23.33,2.061,1.600,2.189,-26.814,34.531,-27.707
23.34,2.131,1.608,2.186,-27.501,34.533,-27.759
23.35,2.282,1.611,2.205,-27.308,34.541,-27.763
23.36,1.618,1.616,2.110,-27.694,34.560,-27.824
23.37,2.140,1.619,2.118,-27.533,34.577,-27.848
23.38,1.898,1.623,2.085,-27.661,34.591,-27.893
23.39,1.902,1.613,2.045,-28.955,34.605,-28.147
23.40,1.750,1.597,1.982,-28.083,34.610,-28.220
23.41,2.017,1.584,1.978,-27.114,34.616,-28.116
23.42,2.018,1.570,1.973,-28.251,34.622,-28.221
23.43,2.240,1.552,2.003,-27.903,34.613,-28.263
23.44,2.368,1.532,2.048,-28.429,34.587,-28.399
23.45,2.152,1.502,2.041,-28.575,34.543,-28.552
23.46,2.165,1.474,2.038,-26.826,34.495,-28.389
23.47,2.357,1.446,2.069,-27.050,34.457,-28.282
23.48,2.285,1.420,2.083,-26.605,34.430,-28.109
23.49,2.345,1.397,2.109,-26.757,34.418,-27.977
23.50,2.323,1.380,2.131,-26.426,34.422,-27.799
23.51,2.431,1.368,2.172,-26.144,34.453,-27.580
23.52,2.753,1.368,2.272,-26.254,34.500,-27.408
23.53,2.001,1.368,2.226,-27.834,34.531,-27.539
23.54,2.301,1.366,2.238,-27.857,34.537,-27.672
23.55,2.343,1.365,2.256,-27.521,34.529,-27.738
23.56,2.222,1.367,2.252,-26.970,34.526,-27.695
23.57,2.080,1.371,2.227,-27.475,34.526,-27.742
23.58,2.180,1.370,2.219,-27.678,34.524,-27.817
23.59,2.229,1.371,2.222,-27.207,34.528,-27.796
23.60,2.002,1.376,2.189,-27.563,34.524,-27.843
23.61,2.511,1.377,2.245,-26.917,34.522,-27.773
23.62,2.223,1.388,2.251,-26.994,34.528,-27.721
23.63,2.015,1.396,2.219,-27.939,34.521,-27.847
23.64,2.042,1.402,2.195,-27.400,34.508,-27.866
23.65,2.140,1.407,2.190,-27.482,34.500,-27.891
23.66,2.140,1.408,2.183,-27.329,34.500,-27.880
23.67,2.178,1.410,2.185,-27.277,34.508,-27.855
23.68,2.347,1.410,2.212,-27.057,34.526,-27.789
23.69,2.002,1.414,2.180,-26.842,34.562,-27.688
23.70,1.991,1.426,2.159,-27.155,34.592,-27.655
23.72,1.873,1.432,2.116,-27.925,34.606,-27.771
23.73,2.221,1.434,2.135,-27.770,34.608,-27.851
23.74,2.118,1.434,2.133,-27.847,34.610,-27.932
23.74,1.885,1.435,2.092,-27.438,34.617,-27.924
23.76,2.093,1.434,2.092,-27.469,34.632,-27.918
23.77,2.373,1.435,2.141,-27.793,34.650,-27.963
23.78,2.079,1.433,2.129,-28.122,34.661,-28.063
23.78,2.134,1.431,2.128,-27.937,34.657,-28.127
23.79,2.354,1.429,2.165,-27.678,34.638,-28.149
23.81,2.697,1.426,2.252,-25.622,34.640,-27.805
23.82,2.113,1.449,2.249,-26.100,34.681,-27.565
23.82,2.129,1.474,2.250,-28.433,34.722,-27.757
23.84,2.028,1.486,2.223,-29.443,34.724,-28.120
23.85,2.338,1.491,2.247,-28.443,34.710,-28.268
23.86,1.942,1.495,2.200,-26.962,34.708,-28.131
23.86,1.933,1.502,2.161,-26.702,34.728,-27.955
23.88,1.975,1.513,2.139,-27.803,34.757,-27.986
23.89,1.872,1.522,2.102,-28.198,34.775,-28.087
23.90,2.129,1.527,2.111,-27.143,34.798,-27.990
23.91,1.875,1.534,2.077,-27.301,34.833,-27.926
23.91,1.956,1.542,2.064,-27.783,34.868,-27.953
23.93,2.017,1.550,2.062,-28.203,34.886,-28.060
23.94,1.708,1.553,2.005,-28.064,34.886,-28.141
23.95,2.508,1.558,2.094,-28.199,34.859,-28.253
23.95,2.265,1.559,2.124,-27.492,34.833,-28.227
23.97,2.315,1.561,2.158,-27.297,34.822,-28.160
23.98,2.430,1.568,2.209,-27.931,34.810,-28.211
23.99,2.444,1.566,2.248,-26.879,34.808,-28.068
24.00,2.159,1.571,2.237,-26.855,34.825,-27.929
24.01,1.869,1.574,2.178,-27.895,34.842,-27.988
24.02,2.316,1.576,2.204,-28.132,34.846,-28.089
24.03,2.199,1.576,2.203,-27.797,34.842,-28.122
24.04,1.880,1.575,2.147,-27.523,34.841,-28.107
24.05,2.388,1.581,2.193,-28.609,34.826,-28.283
24.06,2.149,1.582,2.187,-27.080,34.811,-28.171
24.07,1.852,1.579,2.128,-27.241,34.819,-28.086
24.08,2.364,1.579,2.168,-27.971,34.826,-28.138
24.09,2.183,1.577,2.169,-27.807,34.833,-28.155
24.10,2.120,1.570,2.155,-27.334,34.853,-28.078
24.11,1.990,1.567,2.125,-27.224,34.883,-27.987
24.12,2.001,1.565,2.103,-27.986,34.906,-28.045
24.13,2.043,1.562,2.091,-28.072,34.911,-28.124
24.14,2.118,1.559,2.093,-27.546,34.905,-28.109
24.15,1.887,1.558,2.057,-27.821,34.905,-28.138
24.16,1.996,1.557,2.046,-28.016,34.901,-28.198
24.17,2.412,1.556,2.107,-27.590,34.893,-28.180
24.18,2.067,1.555,2.100,-28.207,34.873,-28.278
24.19,2.306,1.555,2.134,-27.587,34.853,-28.256
24.20,2.159,1.554,2.138,-26.980,34.849,-28.122
24.21,2.208,1.553,2.149,-27.440,34.859,-28.081
24.22,2.209,1.549,2.157,-27.788,34.870,-28.099
24.23,2.379,1.546,2.192,-27.537,34.884,-28.068
24.24,2.250,1.548,2.203,-27.458,34.912,-28.018
24.25,2.289,1.549,2.219,-28.013,34.942,-28.068
24.26,2.193,1.549,2.215,-27.500,34.963,-28.031
24.27,1.973,1.554,2.179,-28.078,34.974,-28.105
24.28,2.344,1.559,2.210,-27.920,34.974,-28.150
24.29,2.049,1.560,2.184,-27.836,34.966,-28.180
24.30,2.407,1.558,2.221,-27.708,34.962,-28.179
24.31,2.024,1.554,2.185,-27.476,34.966,-28.133
24.32,2.631,1.551,2.257,-26.333,34.989,-27.887
24.33,2.550,1.559,2.314,-26.404,35.043,-27.667
24.34,2.286,1.576,2.324,-26.792,35.124,-27.527
24.35,2.017,1.596,2.289,-28.001,35.213,-27.607
24.36,2.046,1.612,2.262,-29.516,35.286,-27.942
24.37,2.038,1.616,2.227,-29.588,35.332,-28.255
24.38,1.627,1.619,2.129,-29.230,35.350,-28.479
24.39,1.579,1.622,2.040,-28.493,35.345,-28.561
24.40,2.020,1.628,2.041,-28.154,35.334,-28.577
24.41,2.002,1.631,2.037,-28.515,35.315,-28.659
24.42,2.158,1.632,2.058,-27.908,35.293,-28.626
24.43,2.776,1.629,2.176,-27.719,35.281,-28.558
24.44,2.423,1.627,2.216,-27.227,35.282,-28.408
24.45,2.403,1.634,2.254,-26.487,35.303,-28.143
24.46,2.536,1.651,2.316,-26.851,35.358,-27.954
24.47,2.121,1.670,2.299,-28.183,35.426,-28.009
24.48,2.293,1.678,2.305,-29.097,35.491,-28.212
24.49,2.328,1.683,2.314,-27.937,35.563,-28.180
24.50,2.264,1.689,2.311,-28.776,35.635,-28.294
24.51,1.912,1.695,2.248,-29.095,35.704,-28.445
24.52,1.858,1.699,2.187,-29.782,35.756,-28.701
24.53,1.724,1.702,2.111,-29.325,35.785,-28.856
24.54,1.863,1.707,2.074,-28.949,35.798,-28.936
24.55,1.930,1.715,2.055,-29.403,35.785,-29.108
24.56,2.136,1.713,2.067,-28.805,35.754,-29.157
24.57,2.648,1.716,2.168,-28.420,35.712,-29.142
24.58,2.520,1.717,2.228,-28.156,35.673,-29.083
24.59,2.447,1.715,2.263,-28.021,35.650,-28.997
24.60,2.599,1.709,2.315,-27.805,35.649,-28.871
24.61,2.870,1.717,2.415,-26.655,35.674,-28.550
24.62,2.489,1.737,2.445,-27.555,35.730,-28.409
24.63,2.654,1.758,2.498,-28.066,35.804,-28.363
24.64,1.779,1.782,2.397,-29.668,35.872,-28.598
24.65,1.890,1.802,2.329,-28.915,35.926,-28.680
24.66,2.034,1.821,2.295,-29.053,35.967,-28.782
24.67,1.646,1.844,2.205,-29.308,35.994,-28.921
24.68,2.094,1.866,2.205,-29.173,36.016,-29.018
24.69,1.825,1.886,2.157,-29.117,36.041,-29.087
24.70,1.803,1.905,2.113,-28.529,36.071,-29.042
24.71,2.249,1.923,2.151,-28.452,36.111,-28.983
24.72,2.227,1.943,2.180,-28.489,36.168,-28.931
24.73,1.995,1.965,2.167,-28.167,36.232,-28.821
24.74,2.061,1.990,2.169,-28.699,36.303,-28.814
24.75,2.088,2.013,2.175,-30.130,36.361,-29.061
24.76,1.865,2.034,2.139,-29.678,36.391,-29.213
24.77,1.867,2.048,2.104,-29.572,36.402,-29.337
24.78,2.252,2.065,2.143,-29.320,36.411,-29.400
24.79,1.836,2.075,2.099,-28.971,36.427,-29.388
24.80,1.939,2.088,2.082,-28.360,36.464,-29.258
24.81,2.152,2.102,2.105,-28.684,36.513,-29.193
24.82,1.967,2.113,2.090,-29.282,36.563,-29.239
24.83,2.103,2.125,2.102,-29.282,36.616,-29.275
24.84,1.947,2.136,2.084,-29.394,36.678,-29.316
24.85,1.775,2.144,2.038,-29.451,36.746,-29.354
24.86,1.658,2.150,1.978,-30.178,36.807,-29.516
24.87,2.026,2.153,1.988,-30.448,36.842,-29.716
24.88,2.242,2.154,2.031,-30.462,36.849,-29.909
24.89,2.213,2.157,2.062,-29.365,36.844,-29.894
24.90,2.272,2.157,2.097,-29.907,36.838,-29.975
24.91,1.910,2.156,2.064,-29.710,36.835,-30.006
24.92,1.866,2.152,2.027,-29.883,36.815,-30.075
24.93,1.748,2.148,1.975,-29.841,36.786,-30.133
24.94,1.942,2.144,1.966,-29.101,36.756,-30.058
24.95,2.104,2.143,1.987,-28.751,36.742,-29.922
24.96,1.907,2.144,1.975,-28.948,36.746,-29.827
24.97,1.854,2.144,1.953,-29.735,36.752,-29.879
24.98,1.967,2.138,1.949,-30.198,36.744,-30.011
24.99,1.893,2.124,1.927,-29.476,36.727,-30.007
25.00,2.515,2.114,2.017,-29.427,36.705,-30.000
25.01,2.411,2.108,2.078,-28.695,36.692,-29.863
25.02,2.209,2.105,2.097,-29.037,36.688,-29.799
25.03,1.999,2.107,2.082,-29.162,36.683,-29.768
25.04,2.259,2.111,2.113,-29.725,36.671,-29.841
25.05,2.264,2.111,2.138,-29.465,36.663,-29.855
25.06,2.071,2.112,2.127,-29.414,36.662,-29.859
25.07,2.139,2.114,2.130,-28.850,36.666,-29.755
25.08,1.825,2.116,2.080,-29.427,36.670,-29.766
25.09,1.847,2.118,2.041,-29.523,36.665,-29.799
25.10,1.973,2.121,2.031,-29.836,36.663,-29.878
25.11,1.964,2.122,2.020,-29.749,36.656,-29.932
25.12,2.218,2.124,2.054,-29.273,36.646,-29.900
25.13,2.310,2.121,2.094,-29.372,36.632,-29.893
25.14,1.928,2.123,2.068,-29.293,36.628,-29.865
25.15,2.505,2.123,2.140,-29.064,36.641,-29.789
25.16,2.295,2.124,2.167,-29.410,36.664,-29.776
25.17,1.914,2.125,2.124,-29.922,36.685,-29.853
25.18,1.945,2.120,2.090,-30.091,36.693,-29.955
25.19,1.858,2.112,2.043,-29.668,36.692,-29.977
25.20,1.793,2.105,1.995,-29.982,36.674,-30.062
25.21,1.869,2.092,1.962,-29.869,36.648,-30.121
25.23,1.769,2.083,1.921,-28.658,36.628,-29.961
25.24,2.366,2.076,1.990,-29.523,36.615,-29.972
25.25,2.318,2.067,2.038,-29.727,36.605,-30.008
25.26,2.555,2.061,2.120,-28.702,36.598,-29.861
25.27,2.183,2.057,2.127,-29.057,36.601,-29.791
25.28,2.546,2.052,2.193,-28.897,36.614,-29.698
25.28,2.446,2.049,2.233,-29.506,36.630,-29.720
25.30,2.377,2.049,2.257,-29.331,36.648,-29.708
25.31,2.077,2.047,2.224,-29.708,36.666,-29.760
25.32,2.295,2.046,2.235,-29.199,36.681,-29.721
25.33,2.156,2.048,2.223,-29.051,36.699,-29.661
25.34,2.102,2.054,2.207,-28.769,36.733,-29.550
25.35,1.837,2.062,2.151,-29.896,36.763,-29.651
25.36,2.341,2.068,2.188,-29.891,36.781,-29.743
25.37,1.999,2.076,2.162,-29.607,36.794,-29.777
25.38,1.953,2.079,2.129,-29.987,36.803,-29.872
25.39,2.353,2.080,2.167,-29.359,36.817,-29.841
25.40,2.207,2.085,2.178,-29.422,36.839,-29.819
25.41,1.824,2.092,2.124,-29.950,36.852,-29.898
25.42,1.940,2.097,2.096,-29.697,36.853,-29.930
25.43,1.883,2.100,2.062,-29.730,36.846,-29.969
25.44,2.395,2.103,2.120,-29.757,36.833,-30.012
25.45,2.125,2.108,2.125,-29.461,36.816,-30.000
25.46,2.464,2.111,2.184,-30.004,36.790,-30.089
25.47,2.371,2.112,2.215,-29.081,36.764,-30.008
25.48,2.271,2.114,2.226,-29.017,36.749,-29.920
25.49,2.121,2.121,2.213,-29.227,36.737,-29.880
25.50,1.941,2.125,2.170,-28.881,36.735,-29.780
25.51,1.849,2.126,2.117,-29.723,36.736,-29.835
25.52,1.989,2.128,2.096,-29.379,36.740,-29.821
25.53,2.226,2.128,2.117,-29.341,36.752,-29.796
25.54,1.903,2.128,2.081,-29.589,36.770,-29.812
25.55,2.164,2.126,2.093,-29.766,36.787,-29.855
25.56,1.909,2.125,2.061,-29.837,36.799,-29.907
25.57,1.925,2.129,2.040,-29.863,36.800,-29.964
25.58,2.193,2.133,2.069,-29.464,36.789,-29.960
25.59,1.814,2.133,2.025,-30.093,36.774,-30.060
25.60,2.129,2.125,2.035,-29.993,36.744,-30.139
25.61,2.521,2.112,2.106,-29.119,36.703,-30.065
25.62,2.167,2.106,2.111,-28.969,36.680,-29.964
25.63,2.419,2.103,2.159,-28.647,36.677,-29.809
25.64,2.176,2.101,2.160,-28.528,36.699,-29.640
25.65,2.371,2.099,2.194,-29.074,36.737,-29.576
25.66,2.315,2.096,2.211,-29.515,36.778,-29.596
25.67,2.252,2.092,2.215,-29.792,36.811,-29.665
25.68,1.910,2.092,2.163,-30.140,36.826,-29.796
25.69,2.491,2.093,2.218,-30.168,36.821,-29.927
25.70,2.140,2.100,2.211,-29.593,36.803,-29.949
25.71,2.301,2.101,2.226,-29.425,36.781,-29.943
25.72,2.180,2.103,2.219,-29.266,36.760,-29.910
25.73,2.256,2.105,2.228,-29.594,36.743,-29.935
25.74,2.216,2.108,2.227,-29.047,36.739,-29.853
25.75,1.984,2.112,2.189,-29.514,36.738,-29.865
25.76,2.453,2.113,2.234,-30.053,36.737,-29.961
25.77,1.946,2.114,2.186,-29.352,36.737,-29.920
25.78,2.215,2.114,2.190,-29.696,36.732,-29.950
25.79,2.224,2.111,2.193,-29.713,36.718,-29.984
25.80,2.052,2.112,2.169,-29.614,36.690,-30.008
25.81,2.037,2.110,2.146,-29.508,36.654,-30.016
25.82,2.137,2.113,2.146,-28.598,36.637,-29.854
25.83,2.126,2.120,2.148,-29.037,36.643,-29.774
25.84,2.209,2.124,2.161,-28.900,36.660,-29.674
25.85,2.381,2.136,2.207,-29.016,36.686,-29.604
25.86,1.985,2.147,2.179,-29.887,36.708,-29.695
25.87,2.297,2.155,2.205,-29.536,36.726,-29.715
25.88,2.013,2.159,2.176,-30.134,36.736,-29.838
25.89,2.496,2.162,2.231,-29.261,36.746,-29.794
25.90,2.289,2.163,2.241,-29.875,36.753,-29.863
25.91,2.112,2.164,2.220,-29.601,36.755,-29.880
25.92,2.212,2.166,2.220,-29.616,36.755,-29.897
25.93,2.264,2.167,2.228,-29.112,36.755,-29.826
25.94,2.175,2.168,2.219,-29.463,36.752,-29.829
25.95,2.364,2.166,2.242,-29.114,36.754,-29.767
25.96,2.125,2.171,2.226,-29.630,36.763,-29.798
25.97,2.494,2.172,2.272,-28.939,36.771,-29.707
25.98,2.084,2.175,2.242,-29.349,36.778,-29.702
25.99,2.230,2.185,2.247,-28.883,36.786,-29.618
26.00,2.311,2.199,2.270,-29.362,36.795,-29.627
26.01,2.017,2.209,2.235,-30.403,36.789,-29.823
26.02,2.210,2.211,2.232,-30.124,36.757,-29.960
26.03,2.560,2.215,2.290,-29.797,36.726,-30.019
26.04,1.938,2.216,2.231,-29.660,36.707,-30.035
26.05,2.262,2.210,2.231,-29.493,36.688,-30.020
26.06,2.047,2.204,2.194,-28.571,36.682,-29.842
26.07,2.081,2.199,2.171,-29.362,36.689,-29.815
26.08,2.117,2.198,2.160,-29.011,36.703,-29.727
26.09,2.080,2.198,2.146,-28.959,36.725,-29.643
26.10,2.418,2.201,2.194,-30.298,36.731,-29.808
26.11,1.775,2.199,2.121,-29.696,36.724,-29.854
26.12,2.116,2.197,2.118,-29.593,36.715,-29.877
26.13,2.120,2.192,2.114,-29.403,36.699,-29.869
26.14,2.327,2.188,2.145,-28.993,36.684,-29.793
26.15,1.976,2.183,2.112,-29.016,36.676,-29.727
26.16,2.345,2.183,2.151,-29.396,36.676,-29.730
26.17,2.004,2.186,2.128,-29.347,36.683,-29.719
26.18,2.059,2.187,2.116,-29.759,36.688,-29.779
26.19,1.770,2.186,2.057,-29.141,36.695,-29.724
26.20,2.101,2.185,2.063,-29.259,36.706,-29.696
26.21,2.296,2.188,2.104,-29.346,36.707,-29.694
26.22,2.410,2.188,2.155,-29.458,36.705,-29.714
26.23,2.237,2.191,2.170,-29.033,36.710,-29.653
26.24,2.397,2.197,2.213,-29.372,36.716,-29.659
26.25,2.103,2.201,2.198,-29.009,36.729,-29.596
26.26,2.126,2.210,2.192,-29.365,36.742,-29.609
26.27,2.014,2.212,2.163,-29.668,36.749,-29.670
26.28,2.315,2.214,2.190,-29.931,36.751,-29.771
26.29,2.571,2.214,2.254,-29.614,36.746,-29.806
26.30,2.182,2.214,2.241,-29.108,36.749,-29.742
26.31,2.162,2.218,2.231,-29.669,36.758,-29.780
26.32,2.102,2.216,2.207,-29.852,36.758,-29.849
26.33,1.917,2.213,2.155,-30.123,36.745,-29.963
26.34,2.252,2.207,2.166,-29.661,36.714,-29.995
26.35,2.119,2.203,2.154,-29.002,36.677,-29.916
26.36,2.445,2.202,2.202,-29.066,36.647,-29.855
26.37,2.342,2.202,2.224,-29.331,36.622,-29.844
26.38,2.512,2.197,2.268,-29.705,36.586,-29.907
26.39,1.854,2.187,2.190,-29.521,36.543,-29.935
26.40,1.942,2.175,2.138,-28.714,36.504,-29.818
26.41,2.284,2.167,2.155,-28.298,36.482,-29.637
26.42,2.107,2.166,2.146,-28.705,36.488,-29.531
26.43,2.220,2.165,2.157,-28.392,36.510,-29.376
26.44,2.089,2.166,2.146,-29.584,36.533,-29.448
26.45,1.811,2.167,2.090,-29.484,36.541,-29.502
26.46,2.032,2.167,2.080,-29.350,36.544,-29.529
26.47,2.444,2.170,2.143,-29.080,36.543,-29.509
26.48,2.357,2.177,2.184,-28.998,36.542,-29.479
26.49,1.988,2.182,2.155,-29.944,36.538,-29.615
26.50,2.238,2.182,2.169,-29.440,36.526,-29.651
26.51,2.404,2.179,2.205,-28.893,36.518,-29.585
26.52,2.298,2.179,2.220,-28.576,36.526,-29.463
26.53,2.432,2.179,2.255,-29.070,36.547,-29.434
26.54,1.888,2.180,2.194,-29.206,36.569,-29.431
26.55,2.101,2.181,2.179,-29.216,36.587,-29.435
26.56,2.029,2.181,2.153,-29.698,36.596,-29.525
26.57,2.300,2.179,2.176,-29.585,36.598,-29.588
26.58,2.318,2.178,2.198,-29.398,36.591,-29.616
26.59,2.214,2.175,2.198,-29.038,36.587,-29.576
26.60,2.279,2.174,2.211,-29.482,36.595,-29.613
26.61,2.127,2.174,2.196,-29.215,36.603,-29.593
26.62,2.174,2.174,2.192,-29.404,36.614,-29.605
26.63,2.162,2.172,2.185,-29.316,36.635,-29.593
26.65,2.079,2.172,2.166,-29.290,36.659,-29.575
26.65,1.994,2.174,2.138,-29.931,36.671,-29.679
26.66,2.324,2.176,2.171,-29.804,36.662,-29.761
26.67,2.012,2.176,2.144,-29.313,36.650,-29.749
26.69,2.276,2.177,2.166,-29.552,36.638,-29.780
26.69,2.188,2.176,2.169,-28.912,36.631,-29.693
26.70,2.048,2.176,2.148,-29.120,36.638,-29.644
26.71,2.342,2.174,2.179,-29.493,36.648,-29.663
26.73,1.767,2.172,2.107,-29.303,36.656,-29.650
26.73,2.176,2.172,2.118,-29.314,36.662,-29.641
26.75,2.128,2.172,2.119,-29.693,36.659,-29.705
26.76,2.059,2.172,2.109,-29.043,36.655,-29.650
26.77,1.981,2.173,2.088,-29.259,36.660,-29.633
26.78,1.872,2.174,2.051,-29.690,36.650,-29.709
26.79,2.230,2.176,2.082,-29.039,36.642,-29.654
26.80,1.861,2.176,2.045,-28.993,36.642,-29.594
26.81,1.900,2.176,2.020,-29.705,36.639,-29.667
26.82,2.138,2.177,2.039,-29.372,36.639,-29.670
26.83,2.127,2.178,2.054,-29.158,36.646,-29.630
26.84,2.249,2.178,2.086,-29.666,36.646,-29.688
26.85,2.104,2.181,2.091,-29.122,36.643,-29.648
26.86,2.411,2.183,2.147,-29.276,36.643,-29.637
26.87,2.380,2.184,2.185,-29.473,36.642,-29.661
26.88,1.863,2.185,2.132,-29.339,36.642,-29.659
26.89,2.488,2.187,2.193,-29.303,36.641,-29.652
26.90,2.196,2.187,2.193,-29.396,36.637,-29.664
26.91,2.176,2.187,2.190,-29.177,36.636,-29.634
26.92,2.457,2.187,2.234,-29.092,36.638,-29.592
26.93,2.330,2.188,2.251,-29.475,36.649,-29.614
26.94,2.102,2.190,2.227,-29.837,36.659,-29.695
26.95,2.099,2.192,2.207,-29.776,36.660,-29.759
26.96,2.197,2.191,2.204,-28.854,36.663,-29.656
26.97,2.076,2.191,2.182,-29.431,36.669,-29.663
26.98,1.979,2.195,2.150,-29.935,36.671,-29.758
26.99,2.085,2.196,2.140,-28.968,36.667,-29.680
27.00,1.932,2.198,2.106,-29.241,36.670,-29.654
27.01,1.981,2.202,2.088,-29.532,36.673,-29.682
27.02,2.180,2.205,2.105,-29.047,36.676,-29.623
27.03,2.252,2.206,2.131,-29.195,36.685,-29.594
27.04,2.252,2.206,2.150,-29.878,36.687,-29.690
27.05,1.912,2.206,2.109,-29.150,36.686,-29.651
27.06,2.303,2.206,2.141,-29.065,36.686,-29.602
27.07,2.135,2.206,2.140,-29.450,36.691,-29.623
27.08,2.043,2.206,2.123,-28.995,36.707,-29.553
27.09,2.519,2.206,2.189,-29.777,36.718,-29.632
27.10,2.241,2.208,2.199,-29.032,36.714,-29.584
27.11,1.709,2.209,2.117,-29.072,36.708,-29.553
27.12,1.976,2.210,2.094,-29.398,36.704,-29.584
27.13,2.585,2.210,2.176,-29.116,36.708,-29.550
27.14,2.288,2.210,2.194,-29.355,36.723,-29.555
27.15,2.441,2.212,2.237,-30.061,36.732,-29.681
27.16,2.111,2.213,2.217,-29.372,36.731,-29.680
27.17,2.408,2.216,2.251,-29.061,36.729,-29.626
27.18,2.462,2.216,2.286,-29.867,36.731,-29.714
27.19,2.277,2.216,2.285,-29.531,36.733,-29.731
27.20,2.379,2.217,2.300,-29.580,36.736,-29.753
27.21,2.077,2.217,2.263,-29.644,36.737,-29.782
27.22,2.017,2.218,2.222,-29.216,36.741,-29.733
27.23,2.382,2.220,2.250,-29.174,36.759,-29.672
27.24,1.892,2.224,2.193,-29.185,36.783,-29.620
27.25,2.260,2.224,2.204,-29.406,36.797,-29.620
27.26,2.358,2.226,2.231,-29.422,36.802,-29.631
27.27,2.251,2.227,2.235,-30.036,36.803,-29.748
27.28,2.055,2.230,2.207,-29.617,36.796,-29.780
27.29,2.480,2.233,2.255,-29.403,36.786,-29.777
27.30,2.128,2.233,2.233,-29.205,36.784,-29.730
27.31,2.102,2.233,2.211,-29.051,36.790,-29.658
27.32,2.353,2.236,2.236,-29.471,36.798,-29.668
27.33,2.432,2.236,2.269,-28.947,36.812,-29.583
27.34,2.357,2.233,2.281,-29.629,36.834,-29.620
27.35,2.118,2.235,2.255,-29.726,36.856,-29.667
27.36,2.336,2.237,2.270,-30.204,36.864,-29.799
27.37,2.315,2.238,2.278,-29.671,36.858,-29.831
27.38,2.171,2.242,2.263,-29.534,36.852,-29.833
27.39,1.978,2.244,2.217,-29.712,36.839,-29.872
27.40,2.179,2.248,2.213,-29.121,36.829,-29.802
27.41,2.174,2.251,2.208,-29.528,36.829,-29.803
27.42,2.157,2.250,2.199,-29.815,36.822,-29.858
27.43,2.156,2.251,2.192,-29.344,36.816,-29.825
27.44,2.425,2.250,2.229,-29.370,36.815,-29.796
27.45,2.328,2.254,2.249,-29.463,36.806,-29.795
27.46,1.900,2.255,2.191,-28.879,36.802,-29.692
27.47,2.023,2.258,2.165,-29.365,36.811,-29.676
27.48,2.194,2.259,2.169,-29.723,36.810,-29.732
27.49,2.147,2.257,2.164,-29.305,36.811,-29.706
27.50,1.903,2.260,2.122,-29.400,36.819,-29.695
27.51,2.203,2.259,2.134,-29.948,36.825,-29.779
27.52,2.165,2.261,2.140,-29.184,36.828,-29.723
27.53,2.424,2.260,2.187,-29.433,36.842,-29.709
27.54,1.903,2.261,2.139,-30.007,36.855,-29.795
27.55,2.267,2.261,2.160,-29.582,36.858,-29.803
27.56,1.998,2.264,2.135,-29.634,36.846,-29.831
27.57,2.118,2.267,2.133,-29.249,36.838,-29.786
27.58,2.401,2.269,2.180,-29.577,36.830,-29.804
27.59,2.044,2.273,2.160,-30.006,36.812,-29.899
27.60,2.364,2.274,2.195,-28.899,36.802,-29.786
27.61,2.451,2.274,2.237,-29.306,36.802,-29.751
27.62,2.469,2.272,2.274,-29.377,36.805,-29.732
27.63,2.245,2.270,2.267,-29.227,36.815,-29.688
27.64,1.800,2.270,2.188,-29.555,36.826,-29.701
27.65,2.178,2.267,2.183,-29.818,36.824,-29.768
27.66,2.166,2.263,2.176,-29.535,36.811,-29.785
27.67,2.175,2.262,2.174,-29.254,36.804,-29.747
27.68,2.311,2.263,2.198,-29.549,36.797,-29.764
27.69,2.332,2.267,2.223,-29.557,36.786,-29.784
27.70,2.069,2.268,2.198,-29.216,36.784,-29.735
27.71,2.175,2.269,2.194,-29.563,36.796,-29.742
27.72,2.071,2.269,2.173,-29.337,36.820,-29.698
27.73,2.420,2.274,2.218,-29.665,36.852,-29.711
27.74,1.867,2.278,2.162,-29.629,36.876,-29.722
27.75,2.141,2.282,2.161,-29.912,36.887,-29.790
27.76,2.211,2.286,2.172,-29.868,36.887,-29.848
27.77,2.507,2.286,2.228,-29.489,36.887,-29.832
27.78,2.259,2.288,2.235,-30.046,36.881,-29.919
27.79,2.287,2.291,2.245,-29.342,36.878,-29.869
27.80,2.347,2.295,2.265,-29.766,36.882,-29.897
27.81,2.304,2.298,2.274,-29.609,36.885,-29.890
27.82,1.758,2.300,2.188,-29.635,36.891,-29.887
27.83,2.118,2.300,2.176,-29.625,36.894,-29.884
27.84,1.952,2.303,2.140,-29.769,36.898,-29.906
27.85,2.008,2.304,2.118,-29.757,36.893,-29.929
27.86,2.266,2.303,2.141,-29.326,36.898,-29.868
27.87,2.340,2.302,2.173,-29.873,36.910,-29.903
27.88,2.250,2.301,2.185,-29.883,36.917,-29.938
27.89,2.279,2.299,2.199,-29.649,36.923,-29.929
27.90,2.389,2.297,2.229,-29.664,36.931,-29.922
27.91,2.326,2.298,2.246,-29.446,36.939,-29.879
27.92,2.312,2.300,2.258,-29.489,36.947,-29.851
27.93,2.420,2.300,2.284,-29.884,36.953,-29.895
27.94,2.174,2.305,2.270,-29.537,36.962,-29.871
27.95,2.080,2.308,2.240,-29.278,36.967,-29.811
27.96,2.164,2.310,2.228,-29.259,36.985,-29.747
27.97,1.887,2.310,2.170,-30.050,37.003,-29.826
27.98,2.366,2.310,2.203,-30.672,37.010,-30.006
27.99,1.936,2.311,2.159,-29.634,37.004,-29.992
28.00,2.380,2.311,2.195,-29.593,37.001,-29.971
28.01,1.967,2.312,2.157,-29.697,37.001,-29.968
28.02,2.496,2.313,2.215,-29.732,37.002,-29.971
28.03,2.286,2.317,2.229,-29.438,37.002,-29.925
28.04,2.018,2.318,2.194,-29.690,37.001,-29.930
28.05,2.350,2.319,2.221,-29.636,36.998,-29.925
28.06,2.525,2.318,2.270,-28.971,37.012,-29.797
28.07,2.380,2.317,2.287,-29.688,37.038,-29.800
28.08,2.133,2.315,2.259,-29.927,37.052,-29.852
28.09,1.846,2.311,2.186,-29.711,37.058,-29.866
28.10,2.060,2.308,2.162,-29.566,37.063,-29.854
28.11,2.178,2.306,2.162,-29.845,37.067,-29.892
28.12,2.385,2.303,2.197,-29.355,37.065,-29.846
28.13,2.399,2.303,2.231,-29.834,37.062,-29.889
28.14,2.262,2.304,2.236,-29.393,37.059,-29.853
28.15,2.200,2.304,2.230,-29.684,37.061,-29.865
28.16,2.416,2.303,2.260,-29.832,37.063,-29.900
28.18,2.318,2.304,2.270,-29.359,37.077,-29.840
28.19,2.397,2.303,2.290,-29.728,37.100,-29.843
28.19,1.826,2.302,2.211,-29.820,37.116,-29.868
28.20,1.980,2.305,2.174,-29.341,37.135,-29.806
28.21,2.156,2.310,2.174,-30.131,37.146,-29.893
28.23,2.135,2.312,2.169,-30.535,37.140,-30.048
28.23,2.119,2.314,2.162,-30.276,37.127,-30.140
28.24,2.022,2.314,2.138,-29.432,37.114,-30.073
28.25,2.333,2.316,2.171,-29.579,37.104,-30.041
28.27,2.271,2.320,2.191,-29.247,37.105,-29.948
28.27,2.096,2.324,2.178,-29.344,37.121,-29.875
28.28,2.362,2.327,2.211,-30.128,37.129,-29.953
28.30,2.119,2.329,2.196,-29.497,37.135,-29.913
28.31,2.020,2.332,2.169,-29.986,37.146,-29.957
28.32,2.219,2.331,2.176,-29.411,37.157,-29.900
28.33,2.459,2.330,2.222,-29.295,37.173,-29.825
28.34,2.361,2.328,2.244,-29.348,37.188,-29.773
28.35,2.463,2.331,2.283,-29.877,37.201,-29.821
28.36,2.496,2.331,2.319,-30.062,37.214,-29.892
28.37,2.409,2.330,2.333,-29.942,37.226,-29.931
28.38,2.316,2.331,2.331,-29.990,37.236,-29.974
28.39,2.139,2.332,2.299,-29.922,37.236,-30.006
28.40,1.972,2.336,2.246,-29.968,37.232,-30.044
28.41,2.335,2.335,2.260,-29.844,37.231,-30.052
28.42,1.939,2.335,2.206,-29.843,37.237,-30.053
28.43,2.338,2.334,2.227,-29.929,37.243,-30.069
28.44,2.396,2.336,2.257,-29.710,37.246,-30.046
28.45,2.352,2.345,2.279,-29.519,37.248,-29.997
28.46,2.337,2.360,2.301,-29.856,37.252,-30.011
28.47,2.098,2.371,2.276,-30.544,37.243,-30.148
28.48,2.651,2.373,2.340,-29.945,37.235,-30.162
28.49,2.356,2.372,2.341,-28.996,37.245,-29.998
28.50,2.623,2.373,2.390,-30.060,37.269,-30.029
28.51,2.552,2.371,2.415,-29.952,37.299,-30.031
28.52,2.491,2.369,2.426,-29.813,37.346,-29.996
28.53,1.859,2.369,2.330,-30.286,37.387,-30.050
28.54,1.928,2.370,2.263,-30.381,37.412,-30.126
28.55,2.014,2.372,2.222,-30.340,37.425,-30.192
28.56,2.064,2.374,2.196,-30.458,37.417,-30.283
28.57,2.531,2.378,2.256,-29.838,37.402,-30.261
28.58,2.565,2.388,2.316,-29.365,37.392,-30.159
28.59,2.390,2.401,2.338,-29.900,37.394,-30.154
28.60,2.059,2.406,2.295,-30.250,37.398,-30.207
28.61,2.131,2.411,2.271,-30.753,37.402,-30.336
28.62,2.381,2.412,2.290,-30.138,37.402,-30.343
28.63,2.386,2.413,2.307,-29.655,37.409,-30.262
28.64,2.046,2.419,2.268,-29.977,37.422,-30.243
28.65,2.761,2.423,2.353,-30.172,37.437,-30.259
28.66,1.972,2.423,2.287,-30.503,37.441,-30.341
28.67,2.303,2.424,2.290,-29.866,37.443,-30.298
28.68,2.093,2.421,2.254,-29.912,37.449,-30.267
28.69,2.206,2.418,2.243,-29.244,37.466,-30.120
28.70,2.167,2.425,2.236,-29.473,37.490,-30.031
28.71,2.506,2.432,2.287,-30.425,37.508,-30.121
28.72,2.424,2.434,2.310,-30.725,37.512,-30.259
28.73,2.156,2.436,2.286,-30.166,37.512,-30.283
28.74,2.359,2.438,2.300,-30.326,37.510,-30.331
28.75,2.214,2.442,2.287,-30.599,37.507,-30.418
28.76,2.295,2.442,2.289,-29.756,37.502,-30.350
28.77,2.411,2.443,2.309,-29.655,37.511,-30.265
28.78,2.313,2.443,2.309,-30.156,37.529,-30.272
28.79,2.174,2.443,2.286,-30.407,37.542,-30.323
28.80,2.358,2.438,2.294,-30.099,37.544,-30.322
28.81,2.025,2.439,2.249,-29.834,37.548,-30.276
28.82,2.434,2.441,2.281,-29.907,37.557,-30.246
28.83,2.154,2.440,2.258,-30.182,37.567,-30.269
28.84,2.168,2.440,2.242,-30.358,37.567,-30.323
28.85,1.778,2.438,2.162,-29.923,37.563,-30.298
28.86,2.231,2.438,2.172,-30.007,37.563,-30.287
28.87,2.373,2.438,2.205,-30.259,37.569,-30.316
28.88,2.561,2.438,2.265,-29.650,37.579,-30.234
28.89,2.170,2.437,2.248,-30.581,37.594,-30.319
28.90,1.900,2.438,2.189,-30.242,37.601,-30.338
28.91,2.150,2.438,2.183,-30.477,37.600,-30.401
28.92,2.045,2.440,2.160,-30.521,37.595,-30.464
28.93,2.110,2.435,2.147,-30.880,37.584,-30.582
28.94,2.357,2.425,2.173,-30.216,37.571,-30.570
28.95,2.462,2.412,2.211,-29.470,37.569,-30.425
28.96,2.523,2.409,2.260,-29.110,37.585,-30.229
28.97,2.306,2.405,2.264,-30.140,37.606,-30.234
28.98,2.525,2.404,2.306,-30.036,37.620,-30.227
28.99,2.167,2.403,2.281,-30.322,37.631,-30.272
29.00,2.316,2.403,2.287,-30.558,37.637,-30.353
29.01,2.108,2.401,2.254,-30.269,37.633,-30.380
29.02,2.236,2.400,2.250,-30.625,37.624,-30.466
29.03,2.572,2.400,2.304,-30.255,37.609,-30.482
29.04,2.142,2.403,2.279,-30.237,37.593,-30.492
29.05,2.014,2.408,2.238,-30.106,37.577,-30.478
29.06,1.942,2.410,2.189,-30.005,37.564,-30.447
29.07,2.345,2.410,2.215,-29.831,37.557,-30.387
29.08,2.063,2.412,2.191,-29.851,37.556,-30.335
29.09,2.262,2.412,2.202,-30.158,37.554,-30.344
29.10,2.106,2.414,2.187,-30.498,37.548,-30.412
29.11,2.683,2.415,2.271,-30.540,37.536,-30.481
29.12,2.254,2.414,2.266,-29.810,37.524,-30.416
29.13,2.062,2.416,2.233,-30.507,37.513,-30.477
29.14,2.162,2.417,2.221,-30.286,37.481,-30.509
29.15,2.519,2.417,2.271,-28.947,37.469,-30.294
29.16,2.467,2.417,2.304,-30.016,37.483,-30.272
29.17,2.430,2.414,2.322,-30.470,37.493,-30.337
29.18,2.236,2.411,2.305,-29.683,37.500,-30.257
29.19,2.093,2.411,2.269,-30.337,37.512,-30.297
29.20,2.349,2.407,2.278,-29.999,37.523,-30.274
29.21,2.050,2.403,2.236,-29.984,37.541,-30.247
29.22,2.375,2.400,2.256,-29.846,37.567,-30.193
29.23,1.858,2.398,2.187,-30.889,37.585,-30.332
29.24,2.331,2.398,2.211,-30.335,37.589,-30.365
29.25,2.261,2.397,2.218,-30.163,37.598,-30.360
29.26,2.446,2.394,2.254,-30.026,37.606,-30.334
29.27,2.231,2.396,2.251,-29.907,37.618,-30.288
29.28,2.096,2.400,2.227,-30.138,37.629,-30.290
29.29,1.617,2.405,2.129,-30.708,37.627,-30.398
29.30,2.233,2.409,2.149,-30.847,37.618,-30.517
29.31,2.593,2.399,2.215,-31.240,37.592,-30.697
29.32,2.259,2.388,2.212,-30.290,37.544,-30.704
29.33,2.415,2.376,2.236,-29.475,37.498,-30.573
29.34,2.289,2.373,2.242,-28.962,37.466,-30.364
29.35,2.387,2.371,2.265,-29.683,37.450,-30.297
29.36,2.141,2.368,2.241,-29.776,37.450,-30.244
29.37,2.430,2.361,2.267,-30.467,37.460,-30.309
29.38,2.275,2.359,2.266,-29.369,37.484,-30.166
29.39,2.200,2.368,2.261,-29.684,37.514,-30.095
29.40,2.225,2.373,2.260,-30.335,37.537,-30.151
29.41,1.871,2.383,2.202,-31.047,37.544,-30.331
29.42,2.178,2.384,2.198,-30.973,37.529,-30.486
29.43,2.199,2.386,2.200,-29.870,37.513,-30.432
29.44,2.058,2.391,2.179,-29.911,37.512,-30.380
29.45,1.952,2.390,2.139,-30.467,37.514,-30.428
29.46,2.062,2.389,2.126,-30.544,37.514,-30.483
29.47,2.411,2.387,2.171,-30.038,37.509,-30.447
29.48,2.303,2.385,2.191,-30.160,37.495,-30.446
29.49,2.126,2.387,2.181,-29.739,37.483,-30.371
29.50,2.345,2.389,2.210,-29.698,37.483,-30.293
29.51,2.454,2.388,2.250,-29.666,37.488,-30.218
29.52,2.070,2.386,2.218,-30.629,37.489,-30.320
29.53,2.377,2.387,2.245,-30.395,37.487,-30.370
29.54,2.484,2.389,2.286,-30.166,37.485,-30.371
29.55,2.205,2.389,2.273,-30.160,37.479,-30.375
29.56,2.321,2.391,2.281,-30.343,37.463,-30.417
29.57,2.286,2.389,2.280,-29.789,37.445,-30.361
29.58,2.040,2.394,2.243,-30.143,37.435,-30.367
29.59,2.133,2.395,2.226,-29.782,37.426,-30.310
29.60,2.485,2.394,2.268,-29.693,37.418,-30.247
29.61,2.463,2.395,2.301,-30.118,37.413,-30.263
29.62,2.294,2.397,2.301,-30.110,37.407,-30.276
29.63,2.518,2.397,2.337,-30.222,37.398,-30.308
29.64,2.721,2.395,2.400,-30.080,37.385,-30.315
29.65,2.337,2.395,2.389,-30.038,37.371,-30.313
29.66,2.409,2.391,2.389,-29.803,37.355,-30.274
29.67,2.363,2.390,2.383,-29.731,37.339,-30.229
29.68,2.017,2.389,2.320,-29.333,37.333,-30.119
29.70,2.235,2.389,2.306,-29.600,37.341,-30.057
29.71,2.338,2.392,2.313,-29.805,37.363,-30.029
29.72,2.093,2.393,2.276,-30.603,37.383,-30.141
29.73,2.115,2.393,2.249,-29.756,37.389,-30.104
29.73,1.997,2.396,2.208,-29.834,37.395,-30.087
29.75,2.146,2.398,2.199,-29.928,37.401,-30.088
29.76,1.985,2.402,2.166,-30.221,37.395,-30.148
29.77,2.383,2.402,2.202,-29.924,37.390,-30.148
29.78,2.534,2.403,2.258,-30.137,37.389,-30.179
29.79,2.553,2.403,2.307,-30.233,37.386,-30.223
29.80,2.468,2.405,2.335,-29.724,37.384,-30.173
29.81,2.484,2.404,2.359,-30.029,37.384,-30.182
29.82,2.098,2.406,2.317,-29.838,37.381,-30.159
29.83,2.953,2.404,2.422,-30.022,37.383,-30.167
29.84,2.385,2.403,2.415,-30.237,37.385,-30.209
29.85,2.042,2.403,2.352,-30.174,37.388,-30.233
29.86,2.221,2.404,2.330,-30.226,37.392,-30.264
29.87,1.998,2.405,2.274,-29.861,37.402,-30.220
29.88,1.672,2.404,2.171,-29.930,37.414,-30.193
29.89,2.345,2.404,2.200,-29.994,37.421,-30.185
29.90,2.139,2.401,2.187,-29.612,37.428,-30.115
29.91,1.974,2.403,2.152,-30.389,37.431,-30.191
29.92,1.914,2.402,2.111,-29.844,37.423,-30.171
29.93,2.449,2.402,2.167,-30.039,37.423,-30.181
29.94,2.579,2.405,2.238,-29.889,37.433,-30.155
29.95,2.614,2.403,2.299,-30.318,37.443,-30.206
29.96,2.513,2.403,2.335,-30.114,37.454,-30.214
29.97,2.575,2.405,2.377,-30.365,37.462,-30.264
29.98,2.001,2.406,2.314,-29.887,37.462,-30.232
29.99,2.069,2.404,2.271,-29.989,37.464,-30.221
30.00,2.275,2.405,2.271,-30.100,37.466,-30.231
30.01,1.950,2.400,2.213,-30.057,37.469,-30.231
30.02,2.044,2.397,2.182,-30.115,37.477,-30.237
30.03,2.377,2.395,2.212,-29.999,37.483,-30.223
30.04,2.096,2.396,2.194,-29.618,37.494,-30.144
30.05,2.366,2.398,2.223,-30.256,37.507,-30.184
30.06,2.227,2.399,2.224,-30.423,37.514,-30.249
30.07,1.858,2.402,2.165,-30.427,37.520,-30.306
30.08,2.221,2.408,2.179,-30.426,37.521,-30.356
30.09,2.391,2.404,2.211,-31.133,37.513,-30.524
30.10,2.029,2.395,2.172,-30.137,37.501,-30.502
30.11,2.230,2.387,2.175,-29.725,37.497,-30.406
30.12,2.579,2.381,2.237,-29.626,37.500,-30.304
30.13,2.046,2.379,2.203,-29.694,37.509,-30.224
30.14,2.294,2.376,2.215,-30.331,37.517,-30.267
30.15,2.266,2.372,2.220,-30.261,37.520,-30.294
30.16,1.959,2.371,2.175,-29.946,37.521,-30.266
30.17,2.266,2.368,2.187,-29.960,37.524,-30.243
30.18,1.970,2.365,2.147,-29.720,37.537,-30.175
30.19,2.578,2.363,2.218,-30.136,37.558,-30.182
30.20,2.327,2.364,2.237,-30.399,37.574,-30.239
30.21,2.116,2.360,2.213,-30.395,37.582,-30.290
30.22,2.287,2.358,2.223,-30.309,37.588,-30.319
30.23,2.266,2.353,2.226,-30.074,37.596,-30.301
30.24,2.403,2.350,2.253,-30.458,37.604,-30.352
30.25,1.933,2.342,2.192,-30.717,37.620,-30.431
30.26,2.265,2.328,2.192,-31.159,37.633,-30.573
30.27,2.546,2.311,2.238,-30.742,37.588,-30.670
30.28,1.234,2.288,2.050,-30.478,37.567,-30.687
30.29,2.487,2.240,2.083,-32.513,37.531,-31.054
30.30,1.919,2.168,1.994,-31.548,37.482,-31.209
30.31,2.321,2.075,1.972,-31.911,37.389,-31.436
30.32,1.496,1.981,1.813,-31.569,37.231,-31.621
30.33,1.563,1.874,1.682,-32.314,37.050,-31.920
30.34,1.053,1.739,1.463,-34.041,36.815,-32.504
30.35,1.027,1.570,1.249,-34.284,36.506,-33.092
30.36,4.187,1.423,1.620,-33.468,36.215,-33.430
30.37,1.666,1.211,1.452,-30.203,35.778,-33.278
30.38,16.121,0.959,3.733,-49.138,35.511,-36.223
30.39,-1.171,0.608,2.615,-27.539,35.193,-35.053
30.40,-1.173,0.344,1.758,-20.904,34.678,-33.124
30.41,1.997,0.130,1.623,-29.610,34.045,-33.088
30.42,12.461,-0.138,3.228,-43.796,33.447,-35.418
30.43,-0.456,-0.456,2.347,-26.704,32.696,-34.606
30.44,-2.987,-0.810,1.159,-17.015,31.776,-32.440
30.45,-0.634,-1.023,0.683,-11.642,30.815,-29.765
30.46,0.511,-1.137,0.562,-15.294,29.901,-28.110
30.47,0.384,-1.201,0.480,-17.859,29.072,-27.092
30.48,2.140,-1.224,0.743,-20.119,28.282,-26.589
30.49,2.269,-1.253,0.978,-20.289,27.512,-26.181
30.50,1.896,-1.269,1.122,-19.078,26.768,-25.615
30.51,2.972,-1.284,1.423,-19.632,26.037,-25.224
30.52,2.022,-1.309,1.507,-17.476,25.353,-24.497
30.53,2.080,-1.329,1.590,-16.483,24.728,-23.673
30.54,2.172,-1.348,1.677,-15.205,24.151,-22.731
30.55,1.062,-1.343,1.581,-14.799,23.571,-21.880
30.56,1.381,-1.338,1.556,-18.427,22.913,-21.844
30.57,1.025,-1.337,1.471,-17.666,22.126,-21.793
30.58,2.887,-1.323,1.725,-19.162,21.166,-22.144
30.59,1.190,-1.329,1.633,-16.607,20.102,-22.093
30.60,1.898,-1.337,1.675,-13.160,19.046,-21.462
30.61,2.627,-1.336,1.840,-8.564,18.105,-20.067
30.62,1.603,-1.321,1.817,-8.255,17.317,-18.724
30.63,2.807,-1.298,2.007,-9.159,16.648,-17.656
30.64,1.940,-1.268,2.025,-7.235,16.119,-16.326
30.65,1.753,-1.227,2.018,-10.257,15.707,-15.628
30.66,1.873,-1.197,2.022,-12.470,15.270,-15.438
30.67,1.611,-1.178,1.974,-12.745,14.762,-15.385
30.68,1.777,-1.170,1.952,-11.060,14.163,-15.132
30.69,1.365,-1.158,1.867,-9.426,13.474,-14.720
30.70,-0.358,-1.158,1.497,-6.088,12.704,-13.882
30.71,-0.541,-1.148,1.161,-3.846,11.770,-12.914
30.72,-1.092,-1.119,0.806,-1.211,10.877,-11.638
30.73,11.935,-1.085,2.720,-20.846,10.005,-13.886
30.74,1.469,-1.084,2.515,-4.625,9.202,-12.956
30.75,2.051,-1.081,2.443,-1.899,8.534,-11.612
30.76,1.740,-1.083,2.328,-1.217,7.988,-10.277
30.77,2.382,-1.080,2.344,-1.072,7.586,-9.020
30.78,1.945,-1.077,2.284,-2.864,7.284,-8.192
30.79,1.046,-1.076,2.081,-3.783,6.987,-7.653
30.80,1.521,-1.078,1.989,-3.645,6.645,-7.218
30.81,0.035,-1.089,1.655,-2.804,6.244,-6.762
30.82,0.515,-1.105,1.454,-0.804,5.792,-6.089
30.83,0.234,-1.115,1.243,0.757,5.304,-5.294
30.84,-1.277,-1.121,0.818,-0.781,4.728,-4.964
30.85,4.806,-1.126,1.486,-5.523,4.017,-5.597
30.86,2.582,-1.134,1.668,-3.756,3.244,-5.878
30.87,3.676,-1.134,2.009,-0.048,2.529,-5.440
30.88,1.914,-1.124,2.005,2.437,1.832,-4.616
30.89,2.051,-1.114,2.025,2.944,1.240,-3.767
30.90,1.691,-1.105,1.980,2.837,0.673,-3.062
30.91,2.406,-1.121,2.042,9.083,0.323,-1.242
30.92,3.327,-1.121,2.264,13.253,0.297,1.244
30.93,0.303,-1.121,1.937,-0.390,0.244,0.991
30.94,-0.035,-1.126,1.605,6.286,0.160,1.879
30.95,-0.392,-1.141,1.260,6.751,0.058,2.682
30.96,0.849,-1.148,1.188,3.554,-0.039,2.817
30.97,2.980,-1.143,1.496,1.094,-0.119,2.530
30.98,5.617,-1.131,2.203,-3.725,-0.178,1.497
30.99,1.739,-1.126,2.133,-1.283,-0.195,1.082
31.00,1.665,-1.118,2.065,3.620,-0.202,1.570
31.01,1.953,-1.112,2.056,3.544,-0.208,1.964
31.02,1.654,-1.107,1.996,3.255,-0.212,2.245
31.03,1.851,-1.100,1.981,3.578,-0.216,2.534
31.04,1.957,-1.094,1.986,3.575,-0.224,2.770
31.05,1.693,-1.092,1.942,2.695,-0.234,2.817
31.06,1.798,-1.089,1.924,1.156,-0.247,2.595
31.07,2.185,-1.086,1.974,3.512,-0.254,2.812
31.08,2.003,-1.082,1.986,1.332,-0.252,2.632
31.09,1.799,-1.079,1.961,2.227,-0.247,2.636
31.10,1.680,-1.078,1.918,3.089,-0.242,2.784
31.11,2.341,-1.076,1.995,0.497,-0.245,2.465
31.12,2.205,-1.071,2.038,1.942,-0.250,2.440
31.13,2.285,-1.066,2.087,3.497,-0.251,2.683
31.14,2.281,-1.063,2.126,2.933,-0.256,2.788
31.15,2.060,-1.061,2.121,4.046,-0.263,3.061
31.16,1.832,-1.057,2.079,3.841,-0.270,3.254
31.17,2.181,-1.056,2.101,3.292,-0.273,3.325
31.18,2.008,-1.055,2.090,3.028,-0.277,3.340
31.19,2.302,-1.050,2.134,5.762,-0.278,3.814
31.21,1.368,-1.049,2.010,7.435,-0.278,4.490
31.21,0.075,-1.048,1.689,9.788,-0.279,5.449
31.23,1.554,-1.047,1.670,3.570,-0.280,5.205
31.24,1.723,-1.046,1.683,4.166,-0.278,5.100
31.25,1.990,-1.046,1.739,5.140,-0.277,5.177
31.26,2.044,-1.049,1.791,5.970,-0.274,5.383
31.27,2.509,-1.057,1.909,6.057,-0.271,5.569
31.28,1.804,-1.060,1.892,4.968,-0.270,5.538
31.29,1.993,-1.068,1.906,5.087,-0.270,5.531
31.30,1.657,-1.071,1.865,2.822,-0.272,5.143
31.31,1.471,-1.076,1.798,2.079,-0.269,4.698
31.32,1.637,-1.081,1.770,2.241,-0.270,4.353
31.33,2.012,-1.083,1.812,2.546,-0.269,4.117
31.34,1.572,-1.084,1.774,3.177,-0.267,4.027
31.35,1.176,-1.085,1.676,3.519,-0.267,4.009
31.36,2.071,-1.086,1.745,2.750,-0.268,3.863
31.37,0.780,-1.087,1.586,3.530,-0.266,3.875
31.38,0.557,-1.087,1.415,1.396,-0.267,3.523
31.39,1.569,-1.085,1.446,2.663,-0.267,3.444
31.40,1.634,-1.085,1.481,3.633,-0.265,3.550
31.41,1.970,-1.083,1.569,2.830,-0.263,3.494
31.42,1.501,-1.082,1.561,1.981,-0.263,3.304
31.43,1.606,-1.081,1.572,1.616,-0.262,3.084
31.44,1.532,-1.083,1.567,4.339,-0.260,3.362
31.45,1.984,-1.084,1.639,3.594,-0.255,3.469
31.46,1.996,-1.085,1.701,5.496,-0.250,3.879
31.47,1.806,-1.085,1.722,4.863,-0.252,4.108
31.48,1.945,-1.088,1.760,4.908,-0.253,4.308
31.49,1.533,-1.089,1.725,3.908,-0.253,4.306
31.50,1.207,-1.088,1.641,3.930,-0.256,4.306
31.51,1.887,-1.088,1.686,3.263,-0.261,4.191
31.52,1.646,-1.087,1.683,1.076,-0.263,3.731
31.53,1.565,-1.088,1.666,3.440,-0.262,3.747
31.54,1.957,-1.086,1.719,3.910,-0.257,3.843
31.55,1.957,-1.089,1.760,4.755,-0.257,4.060
31.56,1.729,-1.089,1.758,4.446,-0.258,4.189
31.57,1.761,-1.089,1.761,2.914,-0.259,4.038
31.58,1.713,-1.089,1.757,3.298,-0.261,3.976
31.59,1.701,-1.089,1.750,2.829,-0.262,3.847
31.60,1.695,-1.087,1.746,1.997,-0.261,3.600
31.61,1.634,-1.087,1.730,3.634,-0.260,3.669
31.62,1.736,-1.087,1.734,3.599,-0.258,3.722
31.63,1.739,-1.086,1.739,3.654,-0.259,3.774
31.64,1.529,-1.084,1.708,3.512,-0.259,3.792
31.65,1.761,-1.083,1.721,3.401,-0.259,3.790
31.66,1.725,-1.084,1.724,3.327,-0.258,3.776
31.67,2.008,-1.084,1.775,3.550,-0.257,3.801
31.68,1.303,-1.088,1.695,1.977,-0.252,3.562
31.69,1.986,-1.089,1.747,4.597,-0.253,3.797
31.70,1.732,-1.089,1.747,3.640,-0.254,3.832
31.71,1.525,-1.091,1.711,5.027,-0.255,4.095
31.72,1.990,-1.092,1.761,2.963,-0.257,3.965
31.73,1.659,-1.094,1.745,3.097,-0.256,3.882
31.74,1.578,-1.096,1.718,3.302,-0.256,3.852
31.75,1.607,-1.099,1.700,3.714,-0.251,3.894
31.76,1.779,-1.102,1.713,3.364,-0.251,3.867
31.77,1.808,-1.103,1.732,3.992,-0.251,3.949
31.78,2.076,-1.107,1.790,6.256,-0.252,4.399
31.79,1.325,-1.110,1.712,2.017,-0.256,4.057
31.80,1.610,-1.109,1.699,3.014,-0.258,3.942
31.81,1.700,-1.111,1.701,4.301,-0.258,4.063
31.82,1.524,-1.110,1.674,2.842,-0.259,3.918
31.83,1.656,-1.110,1.674,2.784,-0.259,3.789
31.84,1.965,-1.115,1.722,4.484,-0.255,3.970
31.85,1.689,-1.119,1.716,3.471,-0.253,3.950
31.86,1.580,-1.121,1.694,2.837,-0.251,3.825
31.87,2.156,-1.122,1.774,3.326,-0.250,3.802
31.88,1.886,-1.123,1.795,3.697,-0.250,3.846
31.89,1.507,-1.124,1.749,3.495,-0.248,3.848
31.90,1.816,-1.125,1.762,3.398,-0.247,3.834
31.91,1.445,-1.125,1.712,3.888,-0.250,3.907
31.92,1.522,-1.123,1.684,3.361,-0.255,3.871
31.93,1.668,-1.122,1.685,3.993,-0.252,3.954
31.94,1.514,-1.124,1.658,2.293,-0.255,3.731
31.95,1.813,-1.124,1.687,3.319,-0.256,3.720
31.96,1.411,-1.125,1.642,5.023,-0.255,4.000
31.97,1.911,-1.126,1.689,3.107,-0.256,3.909
31.98,1.514,-1.129,1.661,2.108,-0.258,3.664
31.99,1.766,-1.128,1.682,3.779,-0.255,3.745
32.00,1.689,-1.129,1.685,3.459,-0.253,3.758
32.01,1.411,-1.130,1.641,3.406,-0.252,3.759
32.02,1.457,-1.131,1.612,3.674,-0.250,3.805
32.03,1.889,-1.132,1.661,3.002,-0.250,3.729
32.04,1.479,-1.131,1.634,3.657,-0.250,3.775
32.05,1.735,-1.127,1.657,3.672,-0.251,3.816
32.06,1.493,-1.128,1.631,3.519,-0.248,3.827
32.07,1.849,-1.133,1.667,8.827,-0.258,4.718
32.08,1.435,-1.134,1.630,0.683,-0.258,4.099
32.09,2.041,-1.136,1.700,4.238,-0.257,4.183
32.10,1.710,-1.137,1.704,3.537,-0.258,4.132
32.11,1.591,-1.138,1.687,2.439,-0.257,3.907
32.12,1.761,-1.139,1.701,3.703,-0.254,3.933
32.13,1.482,-1.142,1.665,3.613,-0.254,3.938
32.14,1.519,-1.144,1.642,3.656,-0.250,3.951
32.15,1.683,-1.145,1.651,3.740,-0.250,3.974
32.16,1.563,-1.144,1.639,3.292,-0.250,3.918
32.17,1.517,-1.145,1.621,3.419,-0.250,3.891
32.18,1.504,-1.144,1.604,3.472,-0.253,3.876
32.19,1.745,-1.145,1.630,3.511,-0.253,3.872
32.20,2.068,-1.145,1.706,3.531,-0.252,3.873
32.21,1.551,-1.146,1.683,3.987,-0.250,3.951
32.22,1.594,-1.145,1.671,3.752,-0.252,3.974
32.23,1.683,-1.142,1.678,3.837,-0.252,4.007
32.24,1.126,-1.150,1.581,3.792,-0.242,4.037
32.25,1.890,-1.152,1.635,3.207,-0.241,3.959
32.26,1.923,-1.153,1.687,3.876,-0.236,4.006
32.27,1.818,-1.151,1.713,3.657,-0.236,4.004
32.28,1.823,-1.152,1.734,3.910,-0.235,4.046
32.29,1.702,-1.153,1.731,3.835,-0.233,4.069
32.30,1.573,-1.155,1.705,3.338,-0.231,4.003
32.31,1.464,-1.155,1.667,3.314,-0.232,3.944
32.32,1.550,-1.155,1.650,3.559,-0.230,3.937
32.33,1.706,-1.154,1.663,3.865,-0.229,3.982
32.34,1.656,-1.155,1.664,4.760,-0.229,4.169
32.35,1.540,-1.153,1.647,2.681,-0.230,3.973
32.36,1.523,-1.155,1.628,3.741,-0.234,3.987
32.37,1.857,-1.153,1.671,3.803,-0.236,4.011
32.38,1.612,-1.153,1.663,3.246,-0.236,3.938
32.39,1.619,-1.154,1.658,3.271,-0.236,3.881
32.40,1.865,-1.154,1.695,3.164,-0.238,3.815
32.41,1.576,-1.155,1.677,3.486,-0.237,3.815
32.42,1.682,-1.155,1.681,3.202,-0.237,3.772
32.43,1.830,-1.157,1.708,3.558,-0.235,3.792
32.44,1.512,-1.158,1.676,3.431,-0.235,3.786
32.45,1.811,-1.160,1.700,3.819,-0.234,3.846
32.47,1.545,-1.162,1.675,3.425,-0.235,3.829
32.47,1.313,-1.159,1.619,3.444,-0.238,3.817
32.48,1.474,-1.159,1.598,3.330,-0.237,3.790
32.50,1.374,-1.161,1.561,3.678,-0.239,3.824
32.51,2.055,-1.161,1.646,3.317,-0.237,3.795
32.51,1.737,-1.166,1.660,3.821,-0.225,3.863
32.52,1.736,-1.168,1.674,3.216,-0.222,3.811
32.53,1.913,-1.168,1.716,3.743,-0.222,3.854
32.54,1.966,-1.171,1.759,3.616,-0.218,3.871
32.55,1.790,-1.171,1.767,3.601,-0.216,3.881
32.56,1.939,-1.172,1.798,3.695,-0.217,3.903
32.57,1.789,-1.173,1.799,3.405,-0.217,3.873
32.58,1.668,-1.173,1.779,3.497,-0.218,3.863
32.59,1.550,-1.173,1.743,3.637,-0.220,3.877
32.60,1.557,-1.173,1.715,3.552,-0.217,3.878
32.61,1.627,-1.175,1.701,3.763,-0.215,3.914
32.63,1.553,-1.177,1.677,3.466,-0.212,3.895
32.64,1.302,-1.180,1.615,3.394,-0.208,3.867
32.64,1.827,-1.181,1.652,3.457,-0.206,3.853
32.65,1.801,-1.183,1.678,3.722,-0.197,3.892
32.67,1.585,-1.184,1.664,3.901,-0.191,3.951
32.68,1.646,-1.184,1.664,3.006,-0.189,3.847
32.68,1.705,-1.185,1.672,3.743,-0.183,3.887
32.70,1.678,-1.186,1.676,3.716,-0.180,3.913
32.71,1.670,-1.190,1.673,3.487,-0.174,3.899
32.72,1.369,-1.194,1.622,3.646,-0.169,3.914
32.72,1.646,-1.195,1.628,3.478,-0.164,3.896
32.74,1.575,-1.198,1.619,3.293,-0.158,3.853
32.75,1.428,-1.202,1.586,2.973,-0.153,3.761
32.76,1.487,-1.205,1.569,3.605,-0.148,3.791
32.77,1.433,-1.205,1.549,3.644,-0.145,3.825
32.78,1.462,-1.208,1.534,3.564,-0.144,3.833
32.79,1.693,-1.211,1.561,3.677,-0.140,3.862
32.80,1.500,-1.213,1.551,3.424,-0.135,3.844
32.81,1.434,-1.213,1.534,3.402,-0.131,3.824
32.82,1.446,-1.214,1.521,3.415,-0.128,3.809
32.83,1.376,-1.216,1.498,3.502,-0.124,3.812
32.84,1.906,-1.218,1.567,3.733,-0.120,3.854
32.85,1.777,-1.221,1.602,3.591,-0.116,3.863
32.86,1.710,-1.228,1.617,3.601,-0.111,3.875
32.87,1.866,-1.242,1.650,4.683,-0.104,4.068
32.88,1.505,-1.254,1.619,2.947,-0.101,3.933
32.89,1.658,-1.264,1.619,3.409,-0.101,3.895
32.90,1.457,-1.279,1.582,3.846,-0.100,3.939
32.91,2.034,-1.304,1.640,5.055,-0.095,4.181
32.92,1.469,-1.336,1.587,3.640,-0.091,4.145
32.93,1.847,-1.367,1.608,3.481,-0.089,4.086
32.94,1.941,-1.403,1.637,4.788,-0.090,4.260
32.95,1.647,-1.433,1.617,3.597,-0.093,4.196
32.96,1.360,-1.453,1.560,2.868,-0.093,4.022
32.97,1.279,-1.468,1.503,2.392,-0.094,3.796
32.98,1.508,-1.484,1.493,2.836,-0.094,3.684
32.99,1.303,-1.500,1.450,4.185,-0.095,3.817
33.00,1.085,-1.518,1.376,2.538,-0.097,3.650
33.01,1.458,-1.541,1.373,3.823,-0.099,3.727
33.02,1.286,-1.566,1.340,3.748,-0.102,3.777
33.03,0.557,-1.589,1.192,2.232,-0.100,3.568
33.04,0.873,-1.605,1.127,3.542,-0.100,3.613
33.05,-1.651,-1.627,0.645,9.492,-0.100,4.651
33.06,2.178,-1.640,0.893,-0.050,-0.107,3.905
33.07,1.995,-1.645,1.077,1.681,-0.113,3.576
33.08,1.006,-1.655,1.059,3.455,-0.117,3.601
33.09,0.919,-1.664,1.030,4.195,-0.118,3.749
33.10,0.121,-1.674,0.871,5.806,-0.107,4.152
33.11,2.057,-1.687,1.061,1.921,-0.091,3.840
33.12,2.116,-1.694,1.235,1.698,-0.085,3.534
33.13,1.678,-1.694,1.312,3.334,-0.081,3.552
33.14,1.271,-1.692,1.309,3.345,-0.080,3.566
33.15,1.260,-1.686,1.309,3.306,-0.078,3.572
33.16,1.339,-1.680,1.321,3.472,-0.078,3.603
33.17,1.242,-1.678,1.313,3.609,-0.075,3.654
33.18,1.251,-1.678,1.305,3.409,-0.072,3.664
33.19,1.362,-1.680,1.316,3.564,-0.071,3.696
33.20,1.500,-1.680,1.349,3.342,-0.068,3.687
33.21,1.064,-1.682,1.303,3.474,-0.067,3.700
33.22,1.022,-1.684,1.256,3.927,-0.066,3.787
33.23,1.130,-1.684,1.237,3.521,-0.068,3.788
33.24,1.366,-1.685,1.261,2.980,-0.067,3.700
33.25,1.212,-1.683,1.256,3.432,-0.066,3.704
33.26,1.189,-1.681,1.249,3.359,-0.067,3.693
33.27,1.215,-1.677,1.249,3.585,-0.064,3.724
33.28,1.368,-1.672,1.276,3.250,-0.061,3.697
33.29,1.247,-1.667,1.278,3.508,-0.060,3.713
33.30,0.987,-1.664,1.234,3.586,-0.062,3.737
33.31,1.502,-1.665,1.281,3.280,-0.063,3.706
33.32,1.343,-1.664,1.295,3.362,-0.061,3.696
33.33,1.187,-1.662,1.281,3.396,-0.059,3.694
33.34,1.362,-1.661,1.298,3.410,-0.059,3.693
33.35,1.436,-1.656,1.327,3.236,-0.058,3.664
33.36,1.135,-1.652,1.301,3.243,-0.057,3.640
33.37,1.253,-1.649,1.298,3.034,-0.057,3.585
33.38,1.220,-1.650,1.287,3.503,-0.056,3.618
33.39,1.087,-1.648,1.258,3.398,-0.055,3.628
33.40,1.279,-1.646,1.265,3.144,-0.056,3.592
33.41,1.182,-1.643,1.256,3.687,-0.055,3.655
33.42,1.358,-1.640,1.278,3.021,-0.055,3.595
33.43,1.509,-1.637,1.322,3.340,-0.053,3.599
33.44,1.444,-1.633,1.348,3.391,-0.050,3.612
33.45,1.516,-1.631,1.381,3.398,-0.048,3.627
33.46,1.326,-1.628,1.377,3.232,-0.044,3.609
33.47,1.287,-1.629,1.363,3.633,-0.043,3.660
33.48,1.249,-1.626,1.348,3.083,-0.043,3.608
33.49,1.068,-1.628,1.302,3.285,-0.042,3.599
33.50,1.055,-1.629,1.263,3.361,-0.041,3.606
33.51,0.931,-1.627,1.210,3.531,-0.041,3.638
33.52,1.133,-1.628,1.199,3.336,-0.040,3.634
33.53,1.328,-1.625,1.225,3.092,-0.035,3.591
33.54,1.131,-1.622,1.214,3.505,-0.032,3.624
33.55,1.252,-1.620,1.224,3.468,-0.033,3.643
33.56,1.425,-1.623,1.258,3.752,-0.035,3.704
33.57,1.141,-1.622,1.241,3.489,-0.036,3.712
33.58,1.535,-1.622,1.293,3.584,-0.037,3.735
33.59,1.343,-1.620,1.305,3.542,-0.036,3.748
33.60,1.126,-1.617,1.280,3.530,-0.034,3.757
33.61,1.164,-1.616,1.264,3.180,-0.032,3.707
33.62,1.107,-1.618,1.238,2.677,-0.031,3.579
33.63,1.293,-1.623,1.245,3.445,-0.029,3.602
33.64,1.413,-1.629,1.271,3.507,-0.030,3.630
33.65,1.231,-1.639,1.258,3.257,-0.025,3.615
33.66,1.215,-1.654,1.241,3.328,-0.016,3.619
33.67,1.622,-1.666,1.297,3.675,0.002,3.687
33.68,1.607,-1.685,1.336,3.759,0.020,3.758
33.69,1.363,-1.727,1.308,3.590,0.027,3.780
33.70,1.699,-1.760,1.349,2.968,0.043,3.701
33.71,1.713,-1.805,1.375,3.160,0.075,3.680
33.72,2.577,-1.883,1.515,3.773,0.152,3.804
33.73,2.046,-1.991,1.517,4.063,0.406,4.102
33.74,0.326,-2.129,1.205,-7.457,0.853,2.574
33.75,2.309,-2.264,1.281,-2.643,1.364,2.163
33.76,-2.768,-2.374,0.512,-1.398,1.846,2.005
33.77,-2.394,-2.474,-0.057,1.257,2.251,2.254
33.78,-2.732,-2.620,-0.627,3.790,2.577,2.821
33.79,-0.854,-2.856,-0.860,0.400,2.917,2.733
33.80,0.715,-3.173,-0.855,2.305,3.231,2.959
33.81,2.021,-3.699,-0.804,0.547,3.426,2.750
33.82,-0.378,-4.368,-1.286,1.692,3.486,2.658
33.83,-2.482,-5.091,-2.086,0.491,3.457,2.305
33.84,-2.837,-5.842,-2.835,1.768,3.352,2.163
33.85,-4.254,-6.609,-3.709,4.075,3.178,2.376
33.86,-5.716,-7.365,-4.673,1.567,3.102,2.213
33.87,0.317,-8.144,-4.480,1.647,3.116,2.165
33.88,-3.763,-8.966,-5.039,-0.304,3.135,1.802
33.89,-6.255,-9.789,-5.925,0.613,3.151,1.651
33.90,-7.023,-10.581,-6.765,2.477,3.086,1.771
33.91,-8.404,-11.317,-7.649,6.716,2.945,2.520
33.92,-9.472,-11.957,-8.485,3.247,2.820,2.575
33.93,-9.135,-12.531,-9.069,2.854,2.709,2.566
33.94,-8.493,-13.077,-9.423,2.277,2.622,2.482
33.95,-7.738,-13.547,-9.528,0.671,2.605,2.200
33.96,-8.465,-14.086,-9.790,0.345,2.666,1.975
33.97,-10.309,-14.636,-10.330,7.553,2.660,2.952
33.99,-10.406,-15.280,-10.874,4.629,2.557,3.187
34.00,-10.314,-15.955,-11.336,-0.125,2.431,2.561
34.01,-10.545,-16.605,-11.738,-3.607,2.257,1.413
34.01,-12.024,-17.212,-12.287,0.291,2.147,1.167
34.02,-11.684,-17.806,-12.674,2.270,2.061,1.317
34.04,-12.518,-18.384,-13.123,4.253,1.972,1.772
34.05,-11.423,-18.998,-13.343,-0.990,1.870,1.259
34.06,-12.758,-19.641,-13.773,1.044,1.734,1.144
34.07,-15.388,-20.275,-14.565,2.974,1.603,1.379
34.08,-14.540,-20.889,-15.066,0.743,1.452,1.182
34.09,-16.661,-21.498,-15.835,2.591,1.337,1.359
34.10,-15.231,-22.110,-16.236,1.003,1.240,1.254
34.11,-15.817,-22.717,-16.665,1.873,1.172,1.338
34.12,-17.499,-23.317,-17.298,3.949,1.187,1.826
34.13,-17.495,-23.895,-17.805,3.572,1.277,2.231
34.14,-15.901,-24.452,-17.941,0.948,1.382,2.140
34.15,-20.552,-25.013,-18.840,4.922,1.445,2.697
34.16,-19.140,-25.607,-19.378,2.986,1.361,2.712
34.17,-21.636,-26.244,-20.280,7.573,1.213,3.445
34.18,-19.765,-26.931,-20.759,2.069,1.062,3.126
34.19,-21.693,-27.605,-21.470,-1.774,1.042,2.324
34.20,-21.123,-28.277,-21.964,1.414,1.054,2.218
34.21,-21.281,-28.904,-22.364,-3.605,1.067,1.288
34.22,-22.895,-29.489,-22.933,-1.183,1.052,0.895
34.23,-22.551,-30.007,-23.293,0.902,1.038,0.920
34.24,-23.355,-30.454,-23.667,0.136,1.056,0.838
34.25,-23.647,-30.801,-23.945,1.452,1.108,1.020
34.26,-24.802,-31.107,-24.336,-0.301,1.156,0.872
34.27,-22.071,-31.415,-24.204,2.209,1.198,1.167
34.28,-24.103,-31.750,-24.458,1.804,1.241,1.344
34.29,-24.967,-32.093,-24.821,6.198,1.251,2.204
34.30,-27.340,-32.410,-25.500,8.621,1.255,3.322
34.31,-26.281,-32.714,-25.877,4.319,1.258,3.536
34.32,-26.003,-32.970,-26.103,2.833,1.267,3.462
34.33,-24.918,-33.245,-26.124,2.169,1.326,3.329
34.34,-24.807,-33.568,-26.162,1.524,1.414,3.135
34.35,-25.560,-33.939,-26.361,3.638,1.501,3.329
34.36,-26.291,-34.324,-26.661,4.681,1.585,3.664
34.37,-28.175,-34.688,-27.210,4.472,1.618,3.864
34.38,-27.604,-35.011,-27.537,2.453,1.590,3.641
34.39,-26.404,-35.272,-27.555,2.636,1.545,3.472
34.40,-28.033,-35.493,-27.810,2.726,1.504,3.349
34.41,-28.732,-35.675,-28.108,2.116,1.472,3.152
34.42,-29.489,-35.846,-28.475,2.513,1.395,3.017
34.43,-27.995,-36.011,-28.523,3.143,1.312,3.006
34.44,-31.459,-36.172,-29.142,2.650,1.230,2.914
34.45,-31.535,-36.301,-29.645,2.691,1.189,2.878
34.46,-29.751,-36.396,-29.734,2.734,1.180,2.883
34.47,-30.006,-36.477,-29.841,3.054,1.218,2.979
34.48,-29.637,-36.575,-29.880,1.621,1.280,2.839
34.49,-28.118,-36.653,-29.639,0.058,1.350,2.461
34.50,-27.870,-36.752,-29.414,4.334,1.385,2.842
34.51,-28.520,-36.870,-29.354,4.036,1.429,3.115
34.52,-29.980,-36.996,-29.555,5.103,1.455,3.508
34.53,-29.881,-37.100,-29.689,3.914,1.464,3.621
34.54,-33.076,-37.187,-30.324,6.394,1.457,4.118
34.55,-29.073,-37.270,-30.175,2.772,1.441,3.916
34.56,-30.236,-37.367,-30.259,2.673,1.443,3.745
34.57,-31.668,-37.490,-30.591,6.227,1.507,4.251
34.58,-31.155,-37.643,-30.806,3.093,1.599,4.171
34.59,-31.052,-37.825,-30.991,2.148,1.632,3.894
34.60,-31.504,-38.046,-31.255,1.883,1.601,3.567
34.61,-32.150,-38.280,-31.592,3.445,1.558,3.546
34.62,-31.938,-38.509,-31.834,1.779,1.523,3.256
34.63,-32.103,-38.724,-32.052,1.918,1.486,3.035
34.64,-30.553,-38.940,-31.973,2.307,1.466,2.931
34.65,-32.207,-39.178,-32.203,2.122,1.459,2.823
34.66,-31.925,-39.420,-32.350,2.234,1.442,2.745
34.67,-32.453,-39.669,-32.567,2.305,1.424,2.690
34.68,-31.839,-39.931,-32.656,4.385,1.416,3.003
34.69,-33.075,-40.204,-32.945,3.521,1.417,3.125
34.70,-33.065,-40.476,-33.185,3.866,1.411,3.280
34.71,-33.645,-40.731,-33.466,3.655,1.419,3.384
34.72,-35.938,-40.949,-34.056,3.595,1.423,3.458
34.73,-33.025,-41.111,-34.010,1.739,1.389,3.176
34.74,-32.254,-41.251,-33.824,2.388,1.330,3.029
34.75,-32.730,-41.387,-33.746,3.310,1.283,3.071
34.76,-33.247,-41.489,-33.739,2.737,1.238,3.012
34.77,-34.327,-41.563,-33.891,2.552,1.192,2.931
34.78,-33.560,-41.600,-33.858,3.883,1.174,3.111
34.79,-33.188,-41.619,-33.753,3.991,1.147,3.270
34.80,-33.263,-41.637,-33.677,4.054,1.107,3.404
34.81,-33.545,-41.661,-33.667,3.559,1.076,3.439
34.82,-34.046,-41.685,-33.742,3.171,1.051,3.411
34.83,-34.112,-41.692,-33.803,3.180,1.035,3.394
34.84,-34.318,-41.686,-33.876,2.807,1.032,3.326
34.85,-34.148,-41.679,-33.908,3.006,1.027,3.303
34.86,-33.223,-41.697,-33.800,2.957,1.028,3.280
34.87,-33.376,-41.736,-33.753,3.246,1.024,3.306
34.88,-34.318,-41.799,-33.892,2.070,1.016,3.125
34.89,-34.373,-41.882,-34.034,2.882,1.014,3.117
34.90,-34.233,-41.984,-34.144,2.883,1.013,3.111
34.91,-35.738,-42.107,-34.507,2.756,1.023,3.093
34.92,-36.794,-42.272,-35.021,2.750,1.062,3.102
34.93,-34.269,-42.432,-35.020,1.786,1.096,2.943
34.94,-36.333,-42.563,-35.342,2.358,1.101,2.882
34.95,-34.059,-42.671,-35.209,2.232,1.098,2.804
34.96,-34.234,-42.760,-35.112,2.195,1.095,2.732
34.97,-35.096,-42.819,-35.151,2.713,1.116,2.780
34.98,-35.028,-42.827,-35.129,2.692,1.138,2.816
34.99,-34.256,-42.805,-34.953,3.039,1.155,2.904
35.00,-35.824,-42.761,-35.057,2.232,1.178,2.842
35.01,-34.837,-42.700,-34.961,3.376,1.207,2.990
35.02,-34.974,-42.635,-34.902,2.844,1.229,3.016
35.03,-34.701,-42.570,-34.806,2.892,1.242,3.039
35.04,-34.293,-42.516,-34.666,3.448,1.261,3.156
35.05,-34.196,-42.485,-34.554,2.798,1.299,3.161
35.06,-34.359,-42.476,-34.505,2.376,1.345,3.100
35.07,-35.308,-42.472,-34.629,2.563,1.379,3.071
35.08,-34.998,-42.470,-34.682,2.306,1.396,2.988
35.09,-34.587,-42.482,-34.668,2.317,1.387,2.901
35.10,-34.515,-42.508,-34.656,2.417,1.384,2.849
35.11,-34.722,-42.533,-34.680,2.992,1.415,2.931
35.12,-34.990,-42.550,-34.738,1.820,1.452,2.806
35.13,-34.535,-42.569,-34.713,1.898,1.473,2.703
35.14,-34.222,-42.609,-34.655,1.924,1.498,2.625
35.15,-34.000,-42.671,-34.590,2.002,1.543,2.589
35.16,-35.138,-42.750,-34.739,1.858,1.592,2.538
35.17,-36.503,-42.808,-35.076,1.330,1.597,2.370
35.18,-35.871,-42.831,-35.222,2.482,1.572,2.398
35.19,-33.826,-42.874,-35.015,0.719,1.581,2.154
35.20,-35.713,-42.911,-35.155,2.137,1.644,2.234
35.21,-34.172,-42.958,-35.022,0.756,1.680,2.046
35.22,-34.472,-42.991,-34.949,2.101,1.721,2.119
35.23,-33.357,-43.024,-34.701,2.118,1.786,2.202
35.24,-35.319,-43.066,-34.832,1.529,1.839,2.163
35.25,-36.044,-43.101,-35.056,2.424,1.850,2.246
35.26,-35.498,-43.118,-35.137,1.717,1.856,2.192
35.27,-35.811,-43.116,-35.241,1.654,1.847,2.124
35.28,-35.513,-43.106,-35.271,2.270,1.836,2.168
35.29,-35.646,-43.103,-35.324,1.145,1.812,2.006
35.30,-34.922,-43.098,-35.245,1.930,1.792,2.006
35.31,-35.233,-43.084,-35.223,1.791,1.783,1.991
35.32,-35.329,-43.072,-35.224,1.693,1.772,1.961
35.33,-35.687,-43.056,-35.281,1.642,1.747,1.918
35.34,-35.406,-43.033,-35.276,1.406,1.719,1.837
35.35,-34.965,-43.007,-35.194,2.112,1.714,1.908
35.36,-35.513,-42.976,-35.215,1.917,1.705,1.931
35.37,-34.723,-42.948,-35.101,1.731,1.696,1.919
35.38,-34.524,-42.934,-34.985,1.700,1.684,1.900
35.39,-35.186,-42.921,-35.001,1.885,1.668,1.913
35.40,-34.809,-42.902,-34.945,1.598,1.681,1.899
35.41,-34.537,-42.882,-34.852,1.929,1.706,1.954
35.42,-35.117,-42.864,-34.874,1.600,1.752,1.961
35.43,-36.274,-42.847,-35.088,1.218,1.795,1.901
35.44,-35.176,-42.839,-35.089,1.462,1.856,1.906
35.45,-34.085,-42.827,-34.903,1.876,1.939,1.999
35.46,-34.708,-42.827,-34.862,1.527,1.996,1.995
35.47,-34.765,-42.839,-34.849,1.042,2.011,1.875
35.48,-34.817,-42.847,-34.843,1.474,2.010,1.835
35.49,-35.504,-42.844,-34.943,1.237,2.009,1.761
35.51,-35.225,-42.827,-34.969,1.263,1.997,1.697
35.51,-34.680,-42.796,-34.887,1.457,2.007,1.692
35.53,-35.266,-42.757,-34.912,1.001,2.047,1.636
35.54,-35.627,-42.710,-34.986,1.609,2.111,1.711
35.55,-34.700,-42.665,-34.894,0.915,2.176,1.658
35.56,-34.787,-42.626,-34.836,0.938,2.226,1.605
35.57,-34.945,-42.594,-34.821,0.942,2.244,1.536
35.58,-34.851,-42.568,-34.797,0.706,2.238,1.418
35.59,-34.897,-42.550,-34.791,0.707,2.224,1.313
35.59,-34.551,-42.539,-34.735,0.667,2.206,1.215
35.61,-34.437,-42.539,-34.678,1.304,2.205,1.255
35.62,-34.873,-42.540,-34.704,1.047,2.227,1.264
35.63,-34.622,-42.547,-34.689,1.390,2.257,1.337
35.64,-33.988,-42.552,-34.568,0.919,2.285,1.316
35.65,-34.609,-42.567,-34.581,1.144,2.311,1.334
35.66,-34.722,-42.599,-34.623,0.729,2.331,1.276
35.67,-35.153,-42.639,-34.739,0.738,2.344,1.222
35.67,-35.584,-42.690,-34.916,0.293,2.340,1.088
35.69,-34.891,-42.743,-34.949,0.695,2.331,1.039
35.70,-33.968,-42.794,-34.819,1.145,2.336,1.087
35.71,-34.757,-42.848,-34.846,0.730,2.357,1.069
35.72,-34.951,-42.900,-34.900,0.584,2.376,1.029
35.73,-35.058,-42.951,-34.962,0.535,2.393,0.985
35.74,-34.630,-42.988,-34.930,1.201,2.419,1.068
35.75,-35.690,-43.023,-35.079,1.345,2.433,1.151
35.76,-35.746,-43.049,-35.206,1.074,2.465,1.189
35.77,-35.538,-43.065,-35.268,0.569,2.502,1.140
35.78,-35.066,-43.084,-35.242,1.299,2.534,1.219
35.79,-35.533,-43.100,-35.298,1.187,2.569,1.268
35.80,-34.131,-43.115,-35.107,1.288,2.598,1.320
35.81,-34.449,-43.128,-35.000,0.721,2.613,1.256
35.82,-34.665,-43.140,-34.946,0.829,2.636,1.229
35.83,-35.048,-43.159,-34.972,1.093,2.663,1.253
35.84,-35.924,-43.174,-35.137,0.205,2.686,1.120
35.85,-36.136,-43.184,-35.308,0.347,2.691,1.019
35.86,-34.566,-43.189,-35.180,0.488,2.693,0.955
35.87,-36.036,-43.206,-35.332,-0.032,2.705,0.821
35.88,-36.047,-43.235,-35.470,0.454,2.686,0.767
35.89,-35.168,-43.271,-35.442,1.216,2.670,0.853
35.90,-34.394,-43.319,-35.298,1.020,2.667,0.902
35.91,-34.802,-43.381,-35.259,0.910,2.686,0.943
35.92,-34.995,-43.446,-35.261,1.032,2.702,0.995
35.93,-35.500,-43.506,-35.344,0.946,2.706,1.014
35.94,-35.826,-43.551,-35.456,0.313,2.702,0.916
35.95,-35.973,-43.588,-35.566,0.533,2.690,0.866
35.96,-35.666,-43.616,-35.600,0.677,2.684,0.852
35.97,-35.404,-43.636,-35.576,1.080,2.691,0.919
35.98,-35.889,-43.648,-35.632,0.671,2.702,0.911
35.99,-36.010,-43.653,-35.692,0.606,2.705,0.885
36.00,-36.001,-43.646,-35.732,0.702,2.702,0.875
36.01,-35.308,-43.627,-35.638,1.071,2.721,0.947
36.02,-35.504,-43.614,-35.597,0.677,2.751,0.951
36.03,-35.401,-43.600,-35.545,0.397,2.773,0.899
36.04,-35.640,-43.584,-35.541,1.017,2.803,0.966
36.05,-35.038,-43.574,-35.441,0.977,2.844,1.025
36.06,-35.436,-43.577,-35.436,0.384,2.890,0.978
36.07,-35.707,-43.586,-35.482,0.140,2.932,0.895
36.08,-35.635,-43.593,-35.506,0.128,2.963,0.814
36.09,-35.660,-43.594,-35.526,0.141,2.989,0.745
36.10,-35.817,-43.599,-35.572,0.575,3.015,0.760
36.11,-35.932,-43.600,-35.626,0.295,3.036,0.721
36.12,-35.797,-43.594,-35.644,0.045,3.042,0.634
36.13,-35.720,-43.584,-35.641,0.279,3.040,0.595
36.14,-35.337,-43.576,-35.577,0.279,3.045,0.568
36.15,-35.361,-43.581,-35.538,0.480,3.044,0.574
36.16,-35.618,-43.587,-35.550,0.203,3.048,0.536
36.17,-35.918,-43.596,-35.612,0.077,3.045,0.479
36.18,-35.550,-43.608,-35.606,0.419,3.038,0.484
36.19,-35.910,-43.631,-35.669,0.205,3.026,0.448
36.20,-35.781,-43.661,-35.706,-0.250,3.002,0.333
36.21,-35.644,-43.693,-35.716,0.172,2.974,0.304
36.22,-36.087,-43.717,-35.792,0.712,2.956,0.378
36.23,-35.722,-43.731,-35.785,0.794,2.954,0.468
36.24,-35.671,-43.741,-35.767,0.735,2.967,0.545
36.25,-35.894,-43.755,-35.794,0.217,2.987,0.527
36.26,-35.966,-43.767,-35.826,0.453,3.003,0.550
36.27,-35.908,-43.775,-35.840,0.325,3.017,0.545
36.28,-35.651,-43.789,-35.813,0.564,3.031,0.581
36.29,-35.878,-43.812,-35.837,0.391,3.041,0.578
36.30,-36.201,-43.842,-35.917,0.347,3.023,0.546
36.31,-36.161,-43.859,-35.966,0.360,3.006,0.521
36.32,-35.663,-43.863,-35.911,0.387,2.995,0.511
36.33,-36.022,-43.863,-35.924,0.628,2.991,0.548
36.34,-35.865,-43.859,-35.904,0.173,2.995,0.510
36.35,-35.656,-43.850,-35.848,0.291,3.018,0.513
36.36,-36.070,-43.832,-35.864,0.401,3.054,0.546
36.37,-36.120,-43.811,-35.884,0.174,3.087,0.531
36.38,-36.156,-43.789,-35.905,-0.502,3.102,0.390
36.39,-35.928,-43.768,-35.885,0.282,3.106,0.395
36.40,-35.923,-43.753,-35.873,-0.064,3.102,0.335
36.41,-36.039,-43.736,-35.881,0.095,3.100,0.313
36.42,-36.207,-43.721,-35.917,0.632,3.087,0.377
36.43,-35.905,-43.701,-35.892,0.280,3.085,0.379
36.44,-35.237,-43.678,-35.756,0.946,3.113,0.518
36.45,-35.951,-43.658,-35.766,0.357,3.144,0.537
36.46,-35.663,-43.639,-35.727,0.355,3.168,0.547
36.47,-35.686,-43.622,-35.700,0.152,3.186,0.516
36.48,-35.584,-43.611,-35.665,-0.152,3.209,0.443
36.49,-35.952,-43.602,-35.699,0.064,3.225,0.412
36.50,-35.541,-43.592,-35.658,-0.032,3.238,0.369
36.51,-35.718,-43.581,-35.653,0.185,3.246,0.364
36.52,-35.511,-43.561,-35.607,0.342,3.255,0.388
36.53,-35.278,-43.545,-35.530,0.201,3.277,0.396
36.54,-35.705,-43.537,-35.547,-0.343,3.302,0.311
36.55,-35.448,-43.532,-35.520,0.063,3.328,0.310
36.56,-35.546,-43.527,-35.513,0.185,3.354,0.330
36.57,-35.494,-43.516,-35.495,0.075,3.377,0.326
36.58,-35.662,-43.505,-35.507,-0.281,3.391,0.255
36.59,-35.599,-43.488,-35.503,0.096,3.403,0.257
36.60,-35.723,-43.468,-35.517,0.045,3.417,0.252
36.61,-35.944,-43.449,-35.567,-0.293,3.426,0.187
36.62,-35.403,-43.429,-35.517,-0.321,3.434,0.127
36.63,-35.463,-43.414,-35.489,-0.063,3.440,0.119
36.64,-35.590,-43.399,-35.487,0.421,3.449,0.196
36.65,-35.311,-43.387,-35.441,0.234,3.460,0.230
36.66,-35.417,-43.375,-35.421,0.281,3.472,0.267
36.67,-35.451,-43.374,-35.419,-0.108,3.483,0.233
36.68,-35.493,-43.375,-35.426,0.063,3.488,0.227
36.69,-35.700,-43.371,-35.463,0.013,3.490,0.211
36.70,-35.623,-43.370,-35.483,-0.045,3.482,0.181
36.71,-35.162,-43.362,-35.417,0.233,3.473,0.200
36.72,-35.069,-43.361,-35.352,-0.151,3.469,0.156
36.73,-35.050,-43.360,-35.294,0.075,3.481,0.171
36.74,-35.138,-43.360,-35.261,-0.075,3.498,0.163
36.75,-35.140,-43.358,-35.233,0.032,3.523,0.180
36.76,-36.061,-43.351,-35.360,-0.187,3.550,0.159
36.77,-35.931,-43.339,-35.441,-0.270,3.564,0.116
36.78,-35.476,-43.325,-35.429,-0.095,3.571,0.105
36.79,-35.379,-43.317,-35.407,0.152,3.582,0.140
36.80,-35.520,-43.313,-35.418,-0.184,3.587,0.108
36.81,-35.579,-43.310,-35.436,-0.292,3.587,0.058
36.82,-35.520,-43.306,-35.441,0.063,3.584,0.075
36.83,-34.816,-43.303,-35.328,0.530,3.583,0.168
36.84,-35.466,-43.307,-35.349,-0.032,3.593,0.161
36.85,-35.798,-43.310,-35.421,-0.204,3.603,0.126
36.86,-35.686,-43.308,-35.458,-0.064,3.624,0.130
36.87,-35.481,-43.304,-35.452,-0.064,3.646,0.135
36.88,-35.290,-43.304,-35.419,-0.063,3.666,0.135
36.89,-34.960,-43.313,-35.343,-0.063,3.684,0.134
36.90,-35.659,-43.324,-35.400,-0.248,3.697,0.098
36.92,-35.494,-43.340,-35.422,-0.045,3.698,0.092
36.92,-35.225,-43.359,-35.399,0.233,3.697,0.133
36.93,-35.474,-43.373,-35.418,-0.107,3.707,0.118
36.94,-35.580,-43.381,-35.446,-0.235,3.720,0.087
36.95,-35.453,-43.379,-35.440,0.000,3.739,0.105
36.96,-35.569,-43.377,-35.454,-0.108,3.753,0.098
36.97,-35.433,-43.371,-35.440,-0.076,3.773,0.103
36.98,-35.595,-43.367,-35.457,-0.344,3.793,0.062
36.99,-35.615,-43.362,-35.474,-0.487,3.810,0.001
37.00,-35.557,-43.352,-35.474,-0.344,3.814,-0.036
37.01,-35.962,-43.329,-35.531,-0.753,3.808,-0.145
37.02,-35.798,-43.310,-35.555,0.108,3.793,-0.098
37.03,-35.889,-43.279,-35.579,-0.325,3.780,-0.131
37.05,-35.126,-43.231,-35.456,-0.215,3.779,-0.128
37.06,-35.081,-43.191,-35.354,-0.126,3.790,-0.102
37.07,-35.191,-43.157,-35.293,0.044,3.811,-0.043
37.08,-35.652,-43.118,-35.315,-0.541,3.827,-0.097
37.09,-35.251,-43.082,-35.269,-0.107,3.845,-0.067
37.10,-34.915,-43.047,-35.175,-0.276,3.867,-0.068
37.11,-34.846,-43.021,-35.092,-0.308,3.889,-0.073
37.12,-35.205,-43.013,-35.099,-0.665,3.905,-0.143
37.13,-35.506,-43.011,-35.161,-0.267,3.918,-0.137
37.14,-35.214,-43.012,-35.165,-0.013,3.934,-0.086
37.15,-35.142,-43.008,-35.152,-0.063,3.955,-0.049
37.16,-35.243,-42.990,-35.147,-0.201,3.996,-0.024
37.17,-36.292,-42.968,-35.315,-0.525,4.043,-0.053
37.18,-35.113,-42.942,-35.255,-0.696,4.092,-0.104
37.19,-34.931,-42.900,-35.161,-1.054,4.126,-0.220
37.20,-35.178,-42.851,-35.117,-0.871,4.138,-0.303
37.21,-34.937,-42.793,-35.033,-0.733,4.158,-0.344
37.22,-34.515,-42.729,-34.888,-0.728,4.193,-0.364
37.23,-34.803,-42.673,-34.822,-0.829,4.221,-0.403
37.24,-34.816,-42.626,-34.776,-0.584,4.232,-0.410
37.25,-35.024,-42.604,-34.794,-0.492,4.250,-0.394
37.26,-35.430,-42.629,-34.917,-0.483,4.281,-0.367
37.27,-35.625,-42.685,-35.077,0.171,4.323,-0.227
37.28,-36.010,-42.753,-35.286,0.217,4.366,-0.101
37.29,-33.426,-42.827,-35.029,-1.756,4.386,-0.348
37.30,-35.515,-42.905,-35.171,0.000,4.397,-0.266
37.31,-34.373,-42.969,-35.085,-1.574,4.418,-0.453
37.32,-34.925,-43.013,-35.089,-1.665,4.438,-0.626
37.33,-34.853,-43.033,-35.061,-0.460,4.444,-0.579
37.34,-35.613,-43.043,-35.157,-0.419,4.440,-0.540
37.35,-35.054,-43.047,-35.137,-0.585,4.440,-0.534
37.36,-34.901,-43.056,-35.099,-0.657,4.436,-0.543
37.37,-34.911,-43.074,-35.078,-0.557,4.422,-0.543
37.38,-35.021,-43.097,-35.081,-0.762,4.402,-0.582
37.39,-35.299,-43.127,-35.138,-1.253,4.374,-0.704
37.40,-36.342,-43.143,-35.350,0.045,4.361,-0.573
37.41,-35.680,-43.172,-35.425,-0.376,4.360,-0.527
37.42,-34.991,-43.212,-35.379,-0.618,4.378,-0.513
37.43,-34.374,-43.260,-35.245,-1.292,4.405,-0.608
37.44,-35.334,-43.319,-35.303,-1.075,4.428,-0.653
37.45,-35.383,-43.378,-35.360,-0.995,4.442,-0.685
37.46,-35.451,-43.433,-35.416,-0.914,4.458,-0.696
37.47,-35.383,-43.480,-35.444,-0.494,4.485,-0.626
37.48,-35.855,-43.505,-35.529,-1.124,4.521,-0.666
37.49,-36.306,-43.511,-35.659,-1.351,4.527,-0.762
37.50,-35.635,-43.509,-35.648,-0.594,4.523,-0.724
37.51,-35.514,-43.511,-35.622,-1.115,4.512,-0.785
37.52,-35.723,-43.512,-35.635,-0.675,4.505,-0.759
37.53,-35.482,-43.522,-35.612,-0.625,4.493,-0.733
37.54,-35.561,-43.543,-35.616,-0.955,4.493,-0.757
37.55,-36.243,-43.582,-35.749,-0.938,4.477,-0.787
37.56,-36.017,-43.624,-35.824,-0.856,4.452,-0.805
37.57,-35.706,-43.654,-35.824,-0.310,4.445,-0.714
37.58,-35.755,-43.685,-35.832,-0.094,4.460,-0.583
37.59,-35.558,-43.726,-35.815,-0.941,4.486,-0.608
37.60,-35.714,-43.781,-35.839,-0.668,4.527,-0.570
37.61,-37.583,-43.838,-36.175,-1.122,4.569,-0.615
37.62,-37.358,-43.884,-36.407,-1.267,4.600,-0.685
37.63,-35.787,-43.920,-36.328,-1.856,4.636,-0.839
37.64,-35.980,-43.960,-36.299,-0.855,4.666,-0.804
37.65,-35.206,-44.019,-36.159,-1.006,4.672,-0.820
37.66,-36.928,-44.091,-36.343,-0.795,4.670,-0.805
37.67,-36.616,-44.163,-36.445,-0.096,4.679,-0.665
37.68,-35.855,-44.225,-36.392,-0.451,4.690,-0.607
37.69,-37.486,-44.269,-36.608,-0.909,4.701,-0.635
37.70,-36.706,-44.302,-36.646,-0.267,4.717,-0.547
37.71,-36.377,-44.339,-36.627,-1.730,4.720,-0.731
37.72,-36.334,-44.393,-36.618,0.818,4.736,-0.444
37.73,-36.674,-44.443,-36.665,-0.065,4.749,-0.356
37.74,-36.859,-44.502,-36.741,-1.359,4.767,-0.497
37.75,-34.533,-44.556,-36.410,-2.156,4.774,-0.757
37.76,-38.376,-44.607,-36.778,-0.101,4.796,-0.616
37.77,-38.721,-44.637,-37.125,-0.601,4.812,-0.587
37.78,-34.329,-44.630,-36.645,-2.904,4.809,-0.966
37.79,-37.165,-44.628,-36.725,-0.974,4.820,-0.946
37.80,-35.666,-44.623,-36.538,-2.788,4.800,-1.260
37.81,-37.035,-44.611,-36.606,0.079,4.774,-1.045
37.82,-34.363,-44.589,-36.206,-2.680,4.750,-1.328
37.83,-36.408,-44.556,-36.207,-1.593,4.733,-1.374
37.84,-35.233,-44.519,-36.007,-2.266,4.724,-1.521
37.85,-35.697,-44.477,-35.914,-1.122,4.717,-1.448
37.86,-37.035,-44.433,-36.060,-1.315,4.710,-1.420
37.87,-36.637,-44.372,-36.100,-1.311,4.702,-1.397
37.88,-36.343,-44.309,-36.083,-0.988,4.697,-1.321
37.89,-36.241,-44.261,-36.064,-1.019,4.686,-1.268
37.90,-36.512,-44.218,-36.099,-1.246,4.673,-1.262
37.91,-36.419,-44.187,-36.122,-1.432,4.659,-1.291
37.92,-36.243,-44.155,-36.111,-0.645,4.646,-1.181
37.93,-35.464,-44.129,-35.976,-1.505,4.642,-1.227
37.94,-35.359,-44.106,-35.847,-2.464,4.649,-1.418
37.95,-36.004,-44.087,-35.853,-1.443,4.657,-1.404
37.96,-36.206,-44.056,-35.881,-1.661,4.657,-1.436
37.97,-36.288,-44.003,-35.900,-1.098,4.659,-1.366
37.98,-36.396,-43.931,-35.919,-1.396,4.653,-1.364
37.99,-35.634,-43.856,-35.803,-1.479,4.635,-1.388
38.00,-35.419,-43.797,-35.685,-1.019,4.607,-1.338
38.01,-35.115,-43.764,-35.556,-0.645,4.579,-1.233
38.02,-35.427,-43.758,-35.525,-0.787,4.563,-1.160
38.03,-35.690,-43.774,-35.560,-1.084,4.545,-1.150
38.04,-35.918,-43.804,-35.641,-1.022,4.519,-1.138
38.05,-36.343,-43.834,-35.778,-0.911,4.497,-1.106
38.06,-36.364,-43.856,-35.890,-0.722,4.488,-1.037
38.07,-35.840,-43.871,-35.889,-1.129,4.477,-1.049
38.08,-35.960,-43.882,-35.905,-0.958,4.474,-1.024
38.09,-35.631,-43.893,-35.863,-0.845,4.476,-0.980
38.10,-36.305,-43.902,-35.940,-0.786,4.470,-0.941
38.11,-36.298,-43.909,-36.001,-0.855,4.465,-0.918
38.12,-35.990,-43.924,-36.008,-0.541,4.459,-0.848
38.13,-35.609,-43.952,-35.959,-0.493,4.459,-0.776
38.14,-36.695,-43.988,-36.108,-1.059,4.446,-0.821
38.15,-36.404,-44.015,-36.176,-1.164,4.413,-0.895
38.16,-36.234,-44.039,-36.201,-0.666,4.379,-0.872
38.17,-35.592,-44.064,-36.115,-0.371,4.373,-0.781
38.18,-35.931,-44.087,-36.098,-0.523,4.399,-0.704
38.19,-36.805,-44.101,-36.224,-0.441,4.416,-0.633
38.20,-36.182,-44.110,-36.220,-0.894,4.431,-0.652
38.21,-35.762,-44.121,-36.148,-0.667,4.464,-0.615
38.22,-36.990,-44.144,-36.304,-0.958,4.474,-0.651
38.23,-36.854,-44.171,-36.414,-0.696,4.458,-0.661
38.24,-35.800,-44.202,-36.332,-0.095,4.441,-0.567
38.25,-36.062,-44.230,-36.306,-0.469,4.440,-0.540
38.26,-36.814,-44.256,-36.408,-0.604,4.434,-0.542
38.27,-35.846,-44.284,-36.332,0.095,4.431,-0.425
38.28,-36.623,-44.303,-36.392,-0.535,4.444,-0.421
38.29,-36.713,-44.317,-36.454,-0.427,4.448,-0.406
38.30,-36.544,-44.330,-36.475,-0.295,4.457,-0.367
38.31,-36.504,-44.335,-36.480,-0.600,4.478,-0.376
38.32,-35.924,-44.339,-36.385,-1.212,4.502,-0.485
38.33,-35.644,-44.342,-36.258,-1.351,4.519,-0.604
38.34,-37.320,-44.357,-36.445,0.498,4.535,-0.393
38.35,-36.954,-44.369,-36.536,-0.188,4.545,-0.339
38.36,-36.334,-44.386,-36.511,-0.269,4.557,-0.304
38.37,-36.591,-44.407,-36.538,-0.238,4.575,-0.266
38.38,-36.897,-44.429,-36.612,-1.023,4.580,-0.376
38.39,-36.607,-44.451,-36.626,-0.097,4.577,-0.320
38.40,-36.251,-44.463,-36.568,-0.467,4.586,-0.325
38.41,-36.770,-44.466,-36.600,-0.647,4.592,-0.362
38.42,-35.929,-44.461,-36.478,-0.063,4.617,-0.278
38.43,-36.405,-44.455,-36.456,-0.602,4.652,-0.292
38.44,-36.602,-44.453,-36.475,-0.714,4.663,-0.342
38.46,-36.406,-44.457,-36.461,-0.348,4.657,-0.336
38.47,-36.321,-44.466,-36.441,-0.629,4.644,-0.384
38.48,-36.375,-44.473,-36.431,-0.927,4.625,-0.480
38.48,-36.774,-44.484,-36.494,0.013,4.604,-0.402
38.50,-36.728,-44.503,-36.544,-0.142,4.612,-0.340
38.50,-36.410,-44.523,-36.534,-0.379,4.628,-0.322
38.52,-36.639,-44.543,-36.564,-0.473,4.638,-0.326
38.53,-35.711,-44.552,-36.424,0.107,4.675,-0.211
38.54,-36.798,-44.558,-36.486,-0.646,4.727,-0.229
38.54,-37.403,-44.538,-36.620,-1.153,4.766,-0.340
38.56,-37.054,-44.507,-36.663,-0.815,4.769,-0.406
38.56,-36.647,-44.474,-36.628,-0.809,4.767,-0.464
38.58,-36.122,-44.451,-36.520,-0.680,4.776,-0.482
38.59,-36.548,-44.435,-36.507,-0.716,4.778,-0.507
38.60,-36.946,-44.421,-36.565,-0.999,4.770,-0.586
38.61,-36.469,-44.396,-36.523,-0.249,4.771,-0.517
38.62,-36.045,-44.367,-36.414,-0.797,4.784,-0.542
38.63,-36.336,-44.339,-36.374,-0.405,4.803,-0.492
38.64,-36.530,-44.315,-36.376,-0.381,4.820,-0.448
38.65,-36.822,-44.305,-36.438,-0.585,4.834,-0.449
38.66,-36.295,-44.296,-36.403,-0.405,4.864,-0.405
38.67,-37.011,-44.274,-36.482,-0.539,4.894,-0.392
38.68,-36.623,-44.248,-36.480,-1.091,4.911,-0.484
38.69,-36.484,-44.222,-36.455,-1.044,4.923,-0.557
38.70,-36.489,-44.202,-36.441,-0.821,4.929,-0.585
38.71,-36.140,-44.195,-36.379,-1.004,4.924,-0.650
38.72,-35.960,-44.199,-36.308,-0.766,4.911,-0.669
38.73,-36.058,-44.206,-36.268,-0.500,4.899,-0.640
38.74,-36.128,-44.213,-36.246,-0.596,4.896,-0.625
38.75,-35.929,-44.224,-36.197,-0.481,4.903,-0.584
38.76,-35.522,-44.238,-36.091,-0.461,4.921,-0.538
38.77,-35.809,-44.260,-36.057,-0.343,4.956,-0.465
38.78,-37.007,-44.280,-36.229,-0.920,4.986,-0.506
38.79,-36.828,-44.284,-36.329,-1.176,4.997,-0.599
38.80,-36.510,-44.274,-36.347,-1.083,5.000,-0.667
38.81,-36.097,-44.252,-36.283,-0.433,5.021,-0.600
38.82,-36.006,-44.214,-36.200,-1.031,5.045,-0.642
38.83,-35.717,-44.171,-36.079,-0.528,5.064,-0.597
38.84,-35.532,-44.132,-35.950,-0.063,5.072,-0.490
38.85,-37.004,-44.099,-36.095,-0.273,5.085,-0.432
38.86,-35.671,-44.066,-35.992,-0.322,5.107,-0.385
38.87,-36.723,-44.018,-36.071,-1.013,5.141,-0.452
38.88,-37.321,-43.968,-36.235,-0.782,5.167,-0.476
38.89,-36.342,-43.914,-36.205,-0.643,5.196,-0.469
38.90,-36.874,-43.854,-36.264,-0.828,5.217,-0.503
38.91,-36.506,-43.807,-36.262,-0.775,5.228,-0.529
38.92,-35.926,-43.770,-36.170,-0.555,5.246,-0.508
38.93,-36.382,-43.745,-36.182,-1.217,5.261,-0.606
38.94,-36.026,-43.733,-36.142,-0.784,5.270,-0.619
38.95,-35.822,-43.729,-36.081,-0.592,5.279,-0.597
38.96,-35.741,-43.732,-36.022,-1.344,5.285,-0.708
38.97,-35.963,-43.741,-36.016,-1.167,5.284,-0.777
38.98,-36.302,-43.745,-36.064,-1.030,5.286,-0.809
38.99,-36.334,-43.739,-36.101,-0.713,5.276,-0.792
39.00,-35.846,-43.724,-36.041,-0.558,5.281,-0.738
39.01,-35.803,-43.718,-35.993,-0.390,5.287,-0.665
39.02,-35.712,-43.727,-35.949,-0.517,5.293,-0.626
39.03,-35.563,-43.750,-35.900,-0.844,5.294,-0.652
39.04,-35.758,-43.771,-35.889,-0.788,5.307,-0.655
39.05,-36.389,-43.771,-35.970,-1.070,5.323,-0.702
39.06,-35.930,-43.757,-35.947,-0.798,5.333,-0.701
39.07,-36.258,-43.732,-35.975,-1.111,5.348,-0.748
39.08,-36.047,-43.713,-35.967,-0.703,5.345,-0.733
39.09,-35.964,-43.699,-35.951,-0.729,5.344,-0.724
39.10,-36.105,-43.687,-35.963,-1.055,5.345,-0.769
39.11,-35.927,-43.682,-35.950,-1.227,5.349,-0.835
39.12,-35.493,-43.690,-35.875,-0.184,5.356,-0.710
39.13,-35.329,-43.699,-35.787,-0.615,5.368,-0.675
39.14,-36.302,-43.694,-35.865,-1.089,5.374,-0.730
39.15,-36.011,-43.674,-35.870,-0.884,5.376,-0.745
39.16,-35.771,-43.648,-35.827,-0.839,5.385,-0.745
39.17,-36.034,-43.620,-35.835,-0.895,5.392,-0.755
39.18,-35.947,-43.590,-35.825,-0.869,5.395,-0.762
39.19,-35.598,-43.561,-35.760,-1.119,5.397,-0.812
39.20,-35.514,-43.537,-35.694,-0.773,5.405,-0.789
39.21,-35.878,-43.519,-35.706,-0.876,5.416,-0.787
39.22,-35.918,-43.493,-35.717,-0.775,5.425,-0.768
39.23,-35.910,-43.461,-35.719,-1.545,5.435,-0.881
39.24,-35.981,-43.426,-35.730,-1.060,5.434,-0.904
39.25,-35.987,-43.389,-35.739,-0.875,5.419,-0.903
39.26,-35.527,-43.354,-35.671,-0.908,5.420,-0.894
39.27,-35.242,-43.330,-35.575,-1.050,5.431,-0.903
39.28,-35.693,-43.312,-35.576,-0.743,5.429,-0.869
39.29,-35.168,-43.288,-35.484,-0.660,5.446,-0.811
39.30,-35.189,-43.269,-35.415,-1.423,5.478,-0.879
39.31,-35.605,-43.253,-35.430,-1.560,5.512,-0.956
39.32,-35.386,-43.249,-35.415,-1.195,5.546,-0.960
39.33,-35.625,-43.252,-35.450,-1.089,5.579,-0.946
39.34,-36.458,-43.262,-35.623,-1.369,5.582,-1.006
39.35,-35.452,-43.267,-35.596,-1.122,5.577,-1.022
39.36,-35.218,-43.281,-35.540,-1.112,5.579,-1.028
39.37,-35.279,-43.294,-35.503,-1.010,5.590,-1.007
39.38,-35.779,-43.301,-35.552,-1.195,5.610,-1.014
39.39,-35.712,-43.307,-35.580,-1.317,5.626,-1.044
39.40,-35.832,-43.307,-35.619,-0.950,5.632,-1.015
39.41,-35.457,-43.300,-35.582,-1.427,5.642,-1.068
39.42,-35.734,-43.292,-35.597,-1.298,5.647,-1.094
39.43,-35.105,-43.289,-35.509,-0.865,5.648,-1.047
39.44,-35.174,-43.296,-35.454,-1.175,5.656,-1.054
39.45,-35.699,-43.307,-35.501,-1.098,5.672,-1.041
39.46,-35.164,-43.316,-35.448,-0.792,5.692,-0.974
39.47,-35.223,-43.317,-35.407,-1.276,5.735,-0.981
39.48,-35.778,-43.311,-35.461,-1.161,5.774,-0.971
39.49,-36.373,-43.285,-35.589,-1.479,5.800,-1.027
39.50,-35.611,-43.255,-35.565,-1.155,5.805,-1.037
39.51,-35.153,-43.231,-35.472,-1.351,5.815,-1.075
39.52,-35.183,-43.216,-35.407,-1.186,5.834,-1.070
39.53,-35.098,-43.212,-35.348,-1.674,5.841,-1.159
39.54,-34.775,-43.207,-35.244,-1.719,5.824,-1.259
39.55,-35.648,-43.207,-35.309,-0.678,5.814,-1.163
39.56,-36.136,-43.204,-35.441,-1.098,5.815,-1.144
39.57,-36.136,-43.192,-35.545,-1.508,5.811,-1.201
39.58,-35.080,-43.172,-35.447,-0.701,5.812,-1.109
39.59,-34.865,-43.150,-35.327,-1.824,5.842,-1.197
39.60,-35.745,-43.132,-35.379,-1.695,5.874,-1.247
39.61,-35.864,-43.112,-35.441,-1.268,5.889,-1.231
39.62,-35.627,-43.094,-35.454,-1.313,5.903,-1.226
39.63,-35.286,-43.083,-35.413,-1.191,5.912,-1.205
39.64,-35.524,-43.081,-35.427,-1.351,5.914,-1.221
39.65,-35.479,-43.084,-35.436,-1.054,5.922,-1.179
39.66,-35.383,-43.085,-35.424,-2.022,5.924,-1.313
39.67,-35.382,-43.080,-35.410,-0.992,5.926,-1.251
39.68,-35.404,-43.076,-35.402,-1.353,5.928,-1.259
39.69,-35.511,-43.069,-35.411,-1.382,5.937,-1.266
39.70,-35.242,-43.060,-35.372,-1.574,5.943,-1.305
39.71,-35.248,-43.057,-35.345,-1.733,5.948,-1.366
39.72,-35.071,-43.051,-35.291,-1.242,5.962,-1.327
39.73,-35.083,-43.043,-35.246,-1.450,5.983,-1.324
39.74,-35.448,-43.042,-35.275,-1.407,6.003,-1.315
39.75,-35.323,-43.043,-35.281,-1.401,6.021,-1.308
39.76,-35.886,-43.038,-35.376,-1.726,6.025,-1.368
39.77,-35.681,-43.031,-35.418,-1.259,6.022,-1.346
39.78,-34.889,-43.029,-35.324,-1.278,6.025,-1.325
39.79,-35.293,-43.034,-35.319,-1.513,6.035,-1.343
39.80,-35.565,-43.041,-35.363,-1.737,6.037,-1.401
39.81,-35.548,-43.049,-35.398,-1.493,6.026,-1.419
39.82,-34.980,-43.066,-35.339,-1.320,6.023,-1.399
39.83,-34.981,-43.085,-35.291,-1.103,6.033,-1.334
39.84,-35.404,-43.095,-35.315,-1.221,6.055,-1.291
39.85,-35.544,-43.096,-35.351,-1.256,6.080,-1.257
39.86,-35.422,-43.093,-35.357,-1.853,6.096,-1.338
39.87,-35.671,-43.086,-35.401,-1.319,6.113,-1.314
39.88,-35.780,-43.075,-35.452,-1.770,6.116,-1.382
39.89,-35.260,-43.067,-35.410,-1.404,6.111,-1.384
39.90,-35.561,-43.066,-35.432,-1.839,6.106,-1.458
39.91,-36.005,-43.058,-35.518,-1.356,6.107,-1.434
39.92,-35.820,-43.031,-35.543,-1.405,6.104,-1.426
39.93,-35.220,-42.999,-35.459,-1.429,6.102,-1.422
39.94,-34.517,-42.980,-35.282,-0.969,6.108,-1.335
39.95,-35.233,-42.970,-35.263,-1.498,6.126,-1.341
39.96,-35.161,-42.971,-35.243,-1.431,6.138,-1.340
39.98,-35.744,-42.968,-35.322,-1.596,6.137,-1.378
39.99,-35.126,-42.957,-35.277,-0.942,6.153,-1.285
40.00,-35.236,-42.946,-35.257,-1.612,6.179,-1.313
40.01,-35.155,-42.936,-35.229,-1.575,6.194,-1.339
40.01,-34.528,-42.926,-35.099,-1.573,6.198,-1.369
40.03,-34.896,-42.905,-35.044,-1.809,6.194,-1.440
40.04,-34.969,-42.884,-35.011,-1.283,6.165,-1.432
40.05,-35.279,-42.859,-35.032,-1.596,6.143,-1.472
40.06,-34.357,-42.830,-34.891,-1.204,6.135,-1.427
40.07,-35.705,-42.804,-35.003,-1.581,6.143,-1.441
40.08,-35.463,-42.784,-35.060,-1.842,6.160,-1.489
40.08,-35.233,-42.771,-35.075,-1.224,6.168,-1.432
40.10,-35.428,-42.774,-35.134,-1.690,6.176,-1.463
40.11,-35.037,-42.790,-35.128,-1.506,6.185,-1.457
40.12,-35.565,-42.811,-35.216,-1.713,6.190,-1.489
40.13,-35.212,-42.830,-35.228,-1.526,6.189,-1.490
40.14,-34.987,-42.846,-35.197,-1.308,6.190,-1.453
40.15,-34.737,-42.861,-35.129,-1.289,6.183,-1.425
40.16,-34.323,-42.870,-34.997,-1.886,6.180,-1.500
40.17,-35.257,-42.873,-35.040,-1.299,6.184,-1.457
40.18,-34.945,-42.876,-35.023,-1.119,6.197,-1.383
40.19,-35.096,-42.877,-35.033,-1.263,6.223,-1.336
40.20,-35.377,-42.883,-35.093,-1.734,6.235,-1.387
40.21,-35.098,-42.890,-35.097,-1.251,6.246,-1.350
40.22,-36.291,-42.893,-35.297,-1.391,6.259,-1.340
40.23,-36.204,-42.888,-35.442,-2.470,6.283,-1.504
40.24,-35.815,-42.863,-35.481,-1.454,6.303,-1.474
40.25,-35.392,-42.835,-35.441,-1.841,6.314,-1.520
40.26,-35.337,-42.821,-35.409,-1.617,6.313,-1.533
40.27,-35.184,-42.819,-35.367,-1.906,6.296,-1.605
40.28,-35.170,-42.825,-35.336,-1.570,6.282,-1.605
40.29,-35.206,-42.839,-35.323,-1.394,6.265,-1.578
40.30,-35.352,-42.852,-35.336,-1.943,6.246,-1.650
40.31,-35.263,-42.865,-35.332,-1.113,6.225,-1.572
40.32,-35.043,-42.869,-35.284,-1.552,6.222,-1.566
40.33,-34.718,-42.871,-35.188,-1.477,6.226,-1.542
40.34,-35.117,-42.874,-35.175,-1.618,6.241,-1.537
40.35,-35.960,-42.877,-35.307,-1.546,6.250,-1.526
40.36,-35.419,-42.878,-35.323,-1.774,6.245,-1.567
40.37,-35.149,-42.883,-35.295,-1.740,6.239,-1.595
40.38,-34.961,-42.893,-35.245,-1.526,6.244,-1.574
40.39,-35.105,-42.907,-35.230,-1.278,6.249,-1.515
40.40,-35.602,-42.918,-35.299,-1.978,6.235,-1.600
40.41,-35.053,-42.931,-35.266,-1.673,6.216,-1.623
40.42,-34.653,-42.950,-35.176,-1.463,6.215,-1.591
40.43,-35.047,-42.977,-35.173,-1.559,6.233,-1.566
40.44,-35.645,-43.000,-35.269,-1.659,6.249,-1.563
40.45,-35.976,-43.016,-35.398,-1.897,6.251,-1.612
40.46,-35.082,-43.023,-35.348,-1.426,6.258,-1.570
40.47,-35.210,-43.033,-35.330,-1.537,6.266,-1.552
40.48,-35.118,-43.049,-35.304,-1.276,6.269,-1.498
40.49,-35.424,-43.063,-35.333,-1.994,6.265,-1.580
40.50,-35.596,-43.076,-35.385,-1.664,6.250,-1.601
40.51,-35.394,-43.080,-35.387,-1.815,6.238,-1.642
40.52,-35.618,-43.074,-35.418,-1.356,6.234,-1.593
40.53,-35.556,-43.063,-35.430,-1.551,6.225,-1.588
40.54,-35.090,-43.050,-35.359,-1.384,6.214,-1.558
40.55,-34.617,-43.035,-35.218,-1.452,6.216,-1.533
40.56,-34.666,-43.017,-35.107,-2.081,6.220,-1.616
40.57,-35.248,-42.994,-35.109,-1.539,6.220,-1.599
40.58,-35.798,-42.970,-35.202,-1.248,6.220,-1.535
40.59,-36.421,-42.941,-35.380,-1.741,6.211,-1.571
40.60,-35.332,-42.906,-35.340,-1.618,6.212,-1.573
40.61,-35.220,-42.870,-35.287,-1.410,6.221,-1.534
40.62,-35.143,-42.840,-35.236,-1.567,6.221,-1.534
40.63,-34.975,-42.824,-35.176,-1.565,6.211,-1.542
40.64,-34.796,-42.817,-35.102,-1.153,6.224,-1.460
40.65,-34.973,-42.815,-35.076,-1.528,6.238,-1.454
40.66,-34.873,-42.821,-35.043,-1.881,6.245,-1.515
40.67,-34.544,-42.823,-34.958,-1.527,6.230,-1.525
40.68,-34.585,-42.825,-34.894,-1.425,6.208,-1.522
40.69,-34.760,-42.838,-34.879,-1.751,6.192,-1.568
40.70,-35.111,-42.862,-34.934,-1.706,6.188,-1.590
40.71,-35.084,-42.889,-34.979,-2.022,6.195,-1.652
40.72,-35.159,-42.922,-35.034,-1.812,6.208,-1.663
40.73,-35.230,-42.957,-35.092,-2.259,6.221,-1.748
40.74,-34.557,-42.988,-35.026,-1.520,6.222,-1.704
40.75,-35.206,-43.017,-35.077,-1.898,6.225,-1.729
40.76,-36.526,-43.031,-35.329,-1.681,6.225,-1.716
40.77,-35.708,-43.025,-35.385,-1.821,6.216,-1.737
40.78,-35.179,-43.018,-35.341,-1.842,6.203,-1.761
40.79,-35.684,-43.016,-35.394,-1.130,6.184,-1.666
40.80,-35.025,-43.022,-35.335,-1.212,6.173,-1.593
40.81,-34.902,-43.031,-35.267,-1.108,6.174,-1.506
40.82,-35.275,-43.041,-35.274,-1.462,6.180,-1.489
40.83,-35.432,-43.046,-35.301,-1.625,6.178,-1.508
40.84,-35.290,-43.039,-35.291,-1.221,6.200,-1.437
40.85,-35.717,-43.029,-35.352,-1.783,6.216,-1.476
40.86,-35.467,-43.022,-35.363,-1.744,6.216,-1.516
40.87,-35.132,-43.024,-35.323,-1.246,6.206,-1.475
40.88,-35.876,-43.028,-35.416,-1.494,6.196,-1.481
40.89,-35.784,-43.032,-35.479,-1.461,6.179,-1.487
40.90,-35.446,-43.039,-35.477,-1.542,6.168,-1.501
40.91,-34.872,-43.045,-35.378,-1.429,6.163,-1.487
40.92,-35.119,-43.048,-35.334,-1.326,6.175,-1.446
40.93,-35.338,-43.049,-35.332,-1.512,6.188,-1.441
40.94,-35.789,-43.052,-35.410,-1.853,6.189,-1.505
40.95,-35.820,-43.052,-35.476,-1.764,6.174,-1.556
40.96,-34.831,-43.060,-35.372,-1.103,6.165,-1.482
40.97,-35.343,-43.079,-35.380,-1.873,6.163,-1.545
40.98,-35.628,-43.116,-35.450,-1.930,6.133,-1.630
40.99,-34.953,-43.164,-35.403,-1.244,6.100,-1.587
41.00,-34.688,-43.216,-35.323,-1.047,6.091,-1.498
41.01,-35.709,-43.263,-35.424,-1.619,6.096,-1.510
41.02,-35.586,-43.295,-35.475,-1.305,6.107,-1.461
41.03,-35.251,-43.315,-35.451,-1.212,6.129,-1.396
41.04,-34.502,-43.316,-35.290,-1.521,6.144,-1.399
41.05,-37.052,-43.311,-35.579,-1.581,6.155,-1.415
41.06,-36.575,-43.303,-35.737,-1.567,6.147,-1.442
41.07,-35.898,-43.289,-35.750,-1.895,6.140,-1.520
41.08,-35.744,-43.280,-35.739,-1.790,6.125,-1.572
41.09,-35.180,-43.281,-35.643,-2.077,6.112,-1.663
41.10,-34.879,-43.292,-35.522,-1.551,6.095,-1.654
41.11,-35.659,-43.309,-35.556,-1.619,6.082,-1.655
41.12,-35.716,-43.321,-35.591,-1.435,6.077,-1.617
41.13,-35.163,-43.328,-35.522,-2.902,6.075,-1.830
41.14,-35.031,-43.314,-35.425,-3.737,6.084,-2.139
41.15,-36.081,-43.299,-35.521,0.820,6.113,-1.606
41.16,-35.947,-43.289,-35.582,-1.068,6.126,-1.499
41.17,-35.479,-43.281,-35.556,-1.227,6.131,-1.444
41.18,-35.343,-43.269,-35.507,-1.302,6.147,-1.402
41.19,-35.729,-43.251,-35.527,-2.126,6.167,-1.502
41.20,-35.928,-43.225,-35.571,-1.983,6.162,-1.583
41.21,-35.965,-43.195,-35.609,-1.032,6.154,-1.492
41.22,-34.953,-43.168,-35.474,-2.489,6.154,-1.655
41.23,-35.353,-43.148,-35.434,-1.219,6.150,-1.580
41.24,-36.613,-43.134,-35.618,-0.187,6.152,-1.340
41.25,-35.119,-43.111,-35.514,-1.327,6.166,-1.321
41.26,-35.341,-43.095,-35.468,-1.792,6.179,-1.385
41.27,-35.409,-43.089,-35.451,-1.737,6.166,-1.450
41.28,-34.888,-43.079,-35.346,-1.389,6.156,-1.443
41.29,-35.401,-43.072,-35.346,-1.790,6.161,-1.492
41.30,-35.425,-43.063,-35.350,-1.791,6.150,-1.547
41.31,-35.230,-43.057,-35.322,-1.895,6.122,-1.624
41.32,-34.866,-43.061,-35.246,-1.579,6.098,-1.632
41.33,-35.037,-43.060,-35.207,-1.574,6.103,-1.613
41.34,-35.883,-43.054,-35.313,-2.088,6.111,-1.682
41.35,-35.473,-43.055,-35.339,-1.992,6.103,-1.736
41.36,-34.916,-43.070,-35.277,-0.858,6.108,-1.580
41.37,-35.630,-43.079,-35.342,-1.423,6.122,-1.538
41.38,-35.962,-43.085,-35.448,-1.930,6.109,-1.610
41.39,-35.140,-43.102,-35.408,-1.219,6.088,-1.557
41.40,-34.838,-43.125,-35.330,-1.039,6.095,-1.459
41.41,-35.656,-43.152,-35.404,-1.795,6.109,-1.499
41.42,-35.562,-43.182,-35.453,-1.728,6.112,-1.531
41.43,-35.442,-43.214,-35.475,-1.331,6.119,-1.487
41.44,-36.204,-43.240,-35.617,-1.285,6.131,-1.438
41.45,-36.232,-43.257,-35.732,-1.704,6.118,-1.489
41.46,-35.147,-43.262,-35.636,-1.398,6.105,-1.480
41.47,-34.930,-43.265,-35.517,-1.594,6.112,-1.488
41.49,-35.204,-43.270,-35.467,-1.860,6.131,-1.531
41.50,-35.670,-43.279,-35.506,-1.947,6.133,-1.595
41.51,-35.933,-43.280,-35.576,-1.394,6.127,-1.561
41.52,-35.860,-43.272,-35.616,-2.005,6.118,-1.639
41.53,-35.571,-43.267,-35.601,-1.537,6.119,-1.617
41.54,-35.068,-43.266,-35.508,-1.808,6.121,-1.643
41.55,-34.837,-43.264,-35.391,-1.591,6.130,-1.623
41.56,-35.873,-43.262,-35.468,-1.344,6.140,-1.563
41.57,-35.658,-43.253,-35.490,-1.679,6.151,-1.569
41.58,-35.329,-43.237,-35.447,-1.228,6.160,-1.500
41.59,-35.666,-43.224,-35.471,-1.163,6.173,-1.428
41.60,-36.059,-43.209,-35.554,-1.704,6.173,-1.470
41.61,-35.626,-43.195,-35.553,-1.667,6.158,-1.511
41.62,-35.221,-43.186,-35.487,-1.608,6.146,-1.533
41.63,-35.218,-43.171,-35.427,-1.576,6.151,-1.532
41.64,-35.524,-43.158,-35.430,-1.541,6.157,-1.524
41.65,-35.341,-43.151,-35.407,-1.574,6.166,-1.520
41.66,-35.392,-43.153,-35.404,-1.643,6.181,-1.524
41.67,-34.707,-43.154,-35.283,-1.690,6.203,-1.529
41.68,-35.621,-43.144,-35.330,-1.466,6.219,-1.501
41.69,-36.427,-43.127,-35.498,-1.167,6.231,-1.430
41.70,-35.488,-43.094,-35.467,-1.520,6.253,-1.423
41.71,-35.075,-43.055,-35.366,-1.635,6.280,-1.432
41.72,-35.221,-43.022,-35.312,-2.019,6.296,-1.513
41.73,-34.678,-42.993,-35.178,-1.489,6.291,-1.510
41.74,-35.231,-42.967,-35.163,-1.218,6.284,-1.462
41.75,-34.881,-42.938,-35.089,-1.415,6.285,-1.449
41.76,-35.997,-42.907,-35.214,-1.970,6.274,-1.542
41.77,-35.400,-42.881,-35.221,-1.807,6.256,-1.597
41.78,-35.484,-42.861,-35.246,-1.917,6.257,-1.646
41.79,-35.349,-42.856,-35.257,-2.131,6.263,-1.719
41.80,-35.066,-42.861,-35.227,-1.369,6.267,-1.652
41.81,-35.564,-42.873,-35.292,-2.755,6.264,-1.836
41.82,-34.951,-42.888,-35.245,-2.256,6.254,-1.912
41.83,-35.229,-42.903,-35.252,-1.980,6.248,-1.925
41.84,-35.111,-42.912,-35.234,-2.479,6.245,-2.017
41.85,-35.260,-42.906,-35.231,-1.932,6.243,-2.001
41.86,-34.887,-42.893,-35.160,-1.576,6.247,-1.922
41.87,-34.944,-42.885,-35.115,-1.250,6.260,-1.795
41.88,-34.565,-42.878,-35.014,-1.008,6.271,-1.650
41.89,-34.300,-42.864,-34.880,-0.869,6.260,-1.524
41.90,-35.221,-42.861,-34.932,-1.414,6.226,-1.530
41.91,-34.484,-42.855,-34.849,-0.730,6.200,-1.413
41.92,-36.061,-42.858,-35.053,-3.487,6.168,-1.784
41.93,-35.183,-42.849,-35.064,-1.995,6.151,-1.830
41.94,-35.544,-42.841,-35.136,-2.420,6.156,-1.921
41.95,-35.499,-42.838,-35.193,-2.814,6.168,-2.058
41.96,-35.819,-42.850,-35.305,-2.599,6.153,-2.158
41.97,-34.733,-42.869,-35.223,-2.013,6.130,-2.149
41.98,-34.874,-42.898,-35.187,-1.788,6.123,-2.091
41.99,-34.945,-42.923,-35.165,-1.562,6.129,-1.994
42.00,-34.948,-42.940,-35.140,-1.874,6.136,-1.964
42.01,-35.134,-42.950,-35.144,-1.934,6.144,-1.949
42.02,-34.953,-42.950,-35.110,-1.058,6.158,-1.782
42.03,-34.188,-42.941,-34.944,-1.064,6.169,-1.648
42.04,-36.172,-42.929,-35.139,-2.184,6.158,-1.743
42.05,-34.773,-42.911,-35.060,-1.002,6.136,-1.633
42.06,-35.119,-42.876,-35.038,-1.298,6.134,-1.574
42.07,-35.866,-42.834,-35.140,-2.006,6.127,-1.648
42.08,-34.969,-42.777,-35.062,-1.743,6.133,-1.655
42.09,-35.248,-42.725,-35.047,-2.262,6.145,-1.744
42.10,-35.075,-42.683,-35.015,-2.407,6.161,-1.838
42.11,-35.371,-42.650,-35.045,-2.641,6.177,-1.956
42.12,-35.138,-42.634,-35.045,-2.232,6.175,-2.001
42.13,-35.242,-42.622,-35.066,-1.942,6.166,-1.995
42.14,-35.004,-42.612,-35.046,-2.151,6.162,-2.021
42.15,-35.204,-42.602,-35.063,-1.991,6.161,-2.014
42.16,-34.738,-42.597,-35.001,-1.431,6.162,-1.911
42.17,-34.738,-42.595,-34.954,-1.081,6.177,-1.756
42.18,-35.081,-42.595,-34.973,-1.996,6.193,-1.779
42.19,-34.988,-42.604,-34.981,-1.924,6.197,-1.797
42.20,-34.910,-42.622,-34.982,-1.837,6.200,-1.798
42.21,-35.340,-42.651,-35.064,-2.119,6.189,-1.858
42.22,-34.801,-42.690,-35.051,-1.743,6.178,-1.844
42.23,-34.550,-42.730,-34.998,-1.385,6.181,-1.761
42.24,-35.318,-42.753,-35.068,-1.772,6.196,-1.746
42.25,-35.286,-42.760,-35.109,-1.991,6.209,-1.773
42.26,-35.157,-42.764,-35.118,-1.876,6.217,-1.780
42.27,-34.708,-42.775,-35.057,-1.399,6.241,-1.693
42.28,-35.325,-42.784,-35.107,-1.992,6.270,-1.715
42.29,-35.667,-42.793,-35.206,-2.631,6.269,-1.867
42.30,-35.071,-42.805,-35.191,-2.176,6.261,-1.922
42.31,-34.944,-42.818,-35.159,-1.855,6.269,-1.901
42.32,-35.172,-42.832,-35.171,-2.323,6.278,-1.961
42.33,-35.440,-42.843,-35.223,-2.244,6.264,-2.017
42.34,-34.767,-42.846,-35.146,-1.834,6.254,-1.992
42.35,-34.737,-42.840,-35.071,-1.716,6.267,-1.931
42.36,-35.940,-42.833,-35.209,-2.103,6.254,-1.968
42.37,-34.974,-42.830,-35.165,-1.800,6.226,-1.960
42.38,-33.983,-42.837,-34.970,-1.368,6.217,-1.865
42.39,-34.862,-42.843,-34.954,-1.417,6.240,-1.767
42.40,-35.403,-42.840,-35.025,-2.072,6.260,-1.799
42.41,-35.497,-42.830,-35.094,-2.131,6.258,-1.852
42.42,-34.475,-42.817,-34.977,-1.715,6.270,-1.816
42.43,-35.401,-42.802,-35.033,-1.855,6.295,-1.798
42.44,-35.630,-42.783,-35.116,-2.548,6.300,-1.917
42.45,-35.229,-42.764,-35.117,-2.333,6.275,-2.005
42.46,-34.623,-42.746,-35.017,-1.727,6.260,-1.967
42.47,-34.339,-42.738,-34.894,-1.809,6.273,-1.927
42.48,-35.126,-42.735,-34.928,-1.745,6.292,-1.877
42.49,-35.191,-42.730,-34.966,-2.013,6.304,-1.887
42.50,-35.115,-42.723,-34.984,-2.300,6.311,-1.947
42.51,-34.688,-42.720,-34.929,-2.227,6.319,-1.985
42.52,-34.722,-42.719,-34.890,-1.694,6.339,-1.915
42.53,-35.164,-42.713,-34.930,-2.245,6.363,-1.949
42.54,-35.200,-42.700,-34.962,-1.852,6.381,-1.914
42.55,-34.909,-42.686,-34.940,-2.210,6.396,-1.949
42.56,-35.162,-42.677,-34.967,-2.034,6.404,-1.954
42.57,-35.024,-42.664,-34.964,-2.249,6.410,-1.996
42.58,-34.579,-42.651,-34.886,-1.618,6.430,-1.913
42.59,-34.830,-42.639,-34.865,-2.254,6.452,-1.949
42.60,-34.961,-42.639,-34.879,-2.064,6.470,-1.951
42.61,-35.416,-42.649,-34.976,-2.473,6.482,-2.026
42.62,-34.786,-42.658,-34.949,-2.237,6.475,-2.065
42.63,-34.694,-42.668,-34.912,-2.294,6.476,-2.100
42.64,-35.233,-42.681,-34.975,-2.082,6.484,-2.088
42.65,-35.177,-42.680,-35.006,-2.197,6.501,-2.089
42.66,-35.086,-42.670,-35.009,-2.393,6.516,-2.125
42.67,-34.955,-42.663,-34.993,-2.297,6.525,-2.144
42.68,-34.622,-42.665,-34.930,-1.765,6.536,-2.069
42.69,-34.747,-42.674,-34.904,-1.869,6.547,-2.023
42.70,-35.346,-42.678,-34.980,-2.388,6.551,-2.079
42.71,-34.730,-42.676,-34.934,-1.879,6.551,-2.043
42.72,-35.083,-42.687,-34.967,-2.378,6.555,-2.094
42.74,-35.041,-42.706,-34.993,-2.172,6.555,-2.104
42.74,-35.359,-42.729,-35.072,-2.691,6.546,-2.208
42.75,-35.128,-42.750,-35.097,-2.253,6.530,-2.227
42.77,-34.802,-42.768,-35.060,-1.932,6.524,-2.180
42.77,-35.113,-42.776,-35.074,-1.928,6.523,-2.136
42.78,-35.065,-42.776,-35.070,-1.636,6.537,-2.038
42.79,-35.475,-42.762,-35.125,-2.130,6.547,-2.043
42.80,-34.925,-42.750,-35.079,-2.170,6.549,-2.060
42.82,-34.703,-42.743,-35.008,-1.877,6.559,-2.019
42.82,-34.314,-42.736,-34.884,-2.142,6.569,-2.028
42.83,-35.386,-42.731,-34.962,-2.520,6.569,-2.108
42.84,-35.167,-42.725,-34.990,-1.749,6.554,-2.059
42.85,-34.839,-42.718,-34.957,-1.734,6.546,-2.009
42.86,-35.119,-42.717,-34.981,-2.043,6.546,-2.011
42.87,-36.244,-42.704,-35.181,-2.489,6.542,-2.093
42.88,-35.195,-42.680,-35.162,-2.123,6.512,-2.121
42.90,-34.896,-42.656,-35.095,-2.116,6.492,-2.134
42.91,-34.658,-42.641,-35.007,-1.597,6.481,-2.051
42.91,-34.895,-42.631,-34.978,-1.700,6.487,-1.985
42.93,-35.198,-42.621,-35.005,-2.235,6.499,-2.013
42.94,-35.094,-42.614,-35.013,-2.323,6.509,-2.055
42.95,-34.836,-42.620,-34.986,-1.857,6.525,-2.006
42.96,-34.309,-42.635,-34.883,-2.122,6.542,-2.009
42.97,-35.265,-42.654,-34.961,-2.425,6.533,-2.084
42.98,-34.960,-42.673,-34.974,-2.375,6.509,-2.151
42.99,-34.710,-42.690,-34.942,-1.811,6.496,-2.102
43.00,-35.250,-42.692,-34.994,-2.145,6.495,-2.108
43.00,-35.697,-42.693,-35.111,-2.441,6.501,-2.156
43.02,-34.579,-42.695,-35.021,-2.158,6.513,-2.144
43.03,-33.611,-42.703,-34.789,-1.500,6.534,-2.016
43.04,-35.024,-42.729,-34.848,-2.232,6.564,-2.025
43.05,-35.422,-42.755,-34.965,-2.214,6.581,-2.041
43.06,-35.428,-42.775,-35.058,-2.385,6.588,-2.092
43.07,-34.774,-42.799,-35.028,-2.198,6.586,-2.109
43.08,-35.181,-42.826,-35.074,-1.803,6.577,-2.062
43.09,-35.250,-42.846,-35.119,-2.335,6.574,-2.109
43.10,-35.494,-42.863,-35.194,-2.294,6.569,-2.142
43.11,-35.301,-42.876,-35.221,-2.218,6.555,-2.164
43.12,-34.866,-42.891,-35.172,-1.847,6.552,-2.111
43.13,-34.926,-42.910,-35.145,-2.353,6.550,-2.152
43.14,-34.704,-42.922,-35.078,-2.213,6.549,-2.161
43.15,-34.993,-42.931,-35.070,-1.731,6.552,-2.084
43.16,-34.029,-42.937,-34.897,-1.712,6.571,-2.003
43.17,-35.605,-42.932,-35.010,-1.871,6.585,-1.967
43.18,-34.981,-42.930,-35.002,-2.297,6.584,-2.021
43.19,-35.311,-42.916,-35.039,-1.859,6.585,-1.991
43.20,-35.623,-42.891,-35.115,-2.439,6.581,-2.068
43.21,-36.117,-42.859,-35.257,-2.026,6.574,-2.064
43.22,-34.917,-42.827,-35.171,-1.579,6.567,-1.985
43.23,-34.725,-42.805,-35.076,-2.456,6.567,-2.062
43.24,-33.943,-42.795,-34.874,-2.209,6.567,-2.085
43.25,-34.572,-42.785,-34.812,-2.039,6.563,-2.078
43.26,-34.732,-42.763,-34.779,-2.146,6.561,-2.089
43.27,-34.478,-42.725,-34.694,-1.722,6.572,-2.016
43.28,-36.793,-42.688,-35.015,-1.662,6.587,-1.942
43.29,-34.397,-42.639,-34.867,-2.329,6.595,-1.998
43.30,-36.911,-42.601,-35.178,-3.161,6.583,-2.201
43.31,-34.613,-42.570,-35.055,-1.982,6.577,-2.168
43.32,-34.602,-42.550,-34.962,-1.963,6.584,-2.126
43.33,-34.322,-42.533,-34.839,-2.318,6.586,-2.154
43.34,-34.637,-42.516,-34.789,-2.609,6.585,-2.230
43.35,-34.316,-42.493,-34.688,-2.843,6.587,-2.329
43.36,-34.030,-42.475,-34.560,-2.849,6.584,-2.417
43.37,-35.331,-42.448,-34.665,-1.902,6.581,-2.332
43.38,-35.124,-42.422,-34.719,-2.093,6.572,-2.297
43.39,-35.111,-42.380,-34.749,-1.664,6.582,-2.180
43.40,-35.349,-42.337,-34.812,-2.058,6.602,-2.142
43.41,-34.406,-42.304,-34.715,-2.457,6.614,-2.183
43.42,-34.421,-42.288,-34.651,-1.797,6.610,-2.119
43.43,-34.551,-42.284,-34.629,-1.514,6.612,-2.014
43.44,-33.657,-42.289,-34.467,-2.197,6.619,-2.036
43.45,-33.961,-42.294,-34.385,-2.437,6.627,-2.095
43.46,-34.320,-42.301,-34.377,-2.066,6.632,-2.084
43.47,-35.185,-42.303,-34.513,-2.087,6.630,-2.085
43.48,-35.261,-42.298,-34.632,-2.551,6.624,-2.166
43.49,-35.373,-42.278,-34.739,-2.407,6.618,-2.209
43.50,-35.119,-42.239,-34.769,-2.011,6.614,-2.178
43.51,-34.473,-42.187,-34.674,-2.729,6.604,-2.277
43.52,-34.127,-42.132,-34.535,-2.239,6.594,-2.278
43.53,-33.295,-42.086,-34.287,-2.469,6.585,-2.315
43.54,-34.416,-42.050,-34.277,-1.614,6.586,-2.195
43.55,-33.795,-42.006,-34.156,-2.926,6.583,-2.320
43.56,-35.012,-41.971,-34.270,-1.198,6.570,-2.138
43.57,-33.676,-41.917,-34.123,-2.032,6.556,-2.130
43.58,-34.959,-41.839,-34.197,-2.691,6.538,-2.238
43.59,-35.083,-41.736,-34.260,-2.024,6.493,-2.237
43.60,-33.343,-41.592,-33.985,-1.442,6.469,-2.122
43.61,-33.016,-41.414,-33.672,-2.361,6.463,-2.165
43.62,-33.674,-41.220,-33.509,-2.728,6.452,-2.266
43.63,-37.259,-41.014,-33.967,-1.082,6.425,-2.087
43.64,-32.239,-40.795,-33.493,-1.898,6.377,-2.094
43.65,-34.679,-40.555,-33.492,-2.772,6.335,-2.240
43.66,-32.188,-40.309,-33.067,-3.383,6.282,-2.475
43.67,-33.364,-40.006,-32.864,-3.646,6.209,-2.730
43.68,-32.262,-39.634,-32.452,-4.131,6.113,-3.044
43.69,-32.953,-39.175,-32.154,-1.602,6.032,-2.868
43.70,-27.282,-38.640,-30.889,-6.247,5.971,-3.485
43.71,-24.075,-38.088,-29.283,-8.093,5.924,-4.297
43.72,-24.014,-37.487,-27.882,-3.323,5.887,-4.162
43.73,-25.668,-36.935,-27.043,-0.111,5.862,-3.496
43.74,-29.247,-36.353,-26.928,5.241,5.849,-2.026
43.75,-28.133,-35.684,-26.572,1.774,5.756,-1.459
43.76,-30.238,-34.892,-26.528,-3.848,5.464,-2.100
43.77,-27.554,-33.969,-25.930,-2.892,4.981,-2.632
43.78,-26.378,-32.962,-25.167,-2.956,4.300,-3.250
43.79,-25.620,-31.877,-24.339,-2.709,3.582,-3.752
43.80,-27.143,-30.783,-23.899,-1.576,2.847,-3.994
43.81,-24.199,-29.620,-22.982,-0.297,2.193,-3.911
43.82,-29.996,-28.483,-23.215,7.732,1.605,-2.437
43.83,-29.180,-27.227,-23.175,4.742,1.223,-1.539
43.84,-27.790,-25.837,-22.799,2.711,0.919,-1.067
43.85,-20.742,-24.436,-21.292,2.353,0.541,-0.795
43.86,-18.942,-23.027,-19.730,-2.399,0.254,-1.291
43.87,-18.106,-21.685,-18.345,-0.037,-0.103,-1.365
43.88,-16.503,-20.372,-16.948,1.517,-0.615,-1.294
43.89,-15.912,-19.024,-15.657,7.441,-1.076,-0.196
43.90,-13.821,-17.622,-14.186,1.198,-1.530,-0.324
43.91,-15.759,-16.171,-13.248,5.419,-1.911,0.340
43.92,-12.095,-14.698,-11.834,0.459,-2.245,0.100
43.93,-11.741,-13.270,-10.636,6.600,-2.608,0.908
43.94,-10.921,-11.903,-9.552,12.962,-2.848,2.754
43.95,-7.622,-10.531,-8.092,6.336,-3.096,3.172
43.96,-7.100,-9.164,-6.794,5.465,-3.251,3.451
43.97,-5.919,-7.756,-5.481,8.586,-3.417,4.199
43.98,-4.843,-6.361,-4.220,6.378,-3.533,4.494
43.99,-2.621,-4.998,-2.824,6.114,-3.617,4.722
44.00,0.144,-3.670,-1.226,2.404,-3.731,4.263
44.01,0.287,-2.357,0.115,3.453,-3.775,4.115
44.02,3.767,-1.016,1.839,-0.992,-3.865,3.207
44.03,38.016,-0.887,8.023,20.652,-2.387,7.392
44.04,-5.229,-0.990,5.713,-8.173,-2.177,4.978
44.05,1.976,-0.983,5.090,4.305,-2.190,4.878
44.06,0.873,-0.982,4.372,8.270,-2.176,5.494
44.07,-0.103,-0.982,3.611,3.944,-2.187,5.247
44.08,1.030,-0.986,3.168,6.191,-2.184,5.432
44.09,2.830,-0.990,3.104,5.129,-2.181,5.408
44.10,3.047,-0.995,3.088,2.997,-2.181,5.025
44.11,2.165,-1.002,2.922,2.474,-2.179,4.621
44.12,1.868,-1.003,2.740,3.971,-2.179,4.534
44.13,1.593,-1.007,2.541,3.500,-2.179,4.383
44.14,1.742,-1.011,2.399,3.887,-2.172,4.328
44.15,1.655,-1.018,2.264,4.760,-2.165,4.429
44.16,1.672,-1.025,2.154,2.891,-2.157,4.200
44.17,1.551,-1.033,2.041,1.308,-2.149,3.742
44.18,2.121,-1.034,2.049,-2.778,-2.151,2.666
44.19,2.525,-1.032,2.126,-0.625,-2.155,2.129
44.20,2.620,-1.027,2.208,2.244,-2.158,2.165
44.21,0.086,-1.023,1.850,3.539,-2.162,2.412
44.22,1.325,-1.020,1.759,3.752,-2.165,2.654
44.23,0.361,-1.021,1.515,4.134,-2.164,2.929
44.24,0.882,-1.023,1.400,4.658,-2.160,3.245
44.25,1.768,-1.021,1.459,3.668,-2.157,3.340
44.26,1.613,-1.019,1.481,3.457,-2.157,3.381
44.27,1.357,-1.019,1.455,3.397,-2.153,3.407
44.28,1.076,-1.017,1.387,1.561,-2.150,3.119
44.29,1.805,-1.015,1.453,3.048,-2.148,3.129
44.30,1.469,-1.013,1.452,3.959,-2.146,3.291
44.32,1.958,-1.014,1.530,3.102,-2.142,3.283
44.32,1.953,-1.013,1.597,2.509,-2.140,3.175
44.33,1.922,-1.010,1.649,4.183,-2.137,3.367
44.34,1.890,-1.006,1.687,4.180,-2.136,3.525
44.35,1.588,-1.001,1.670,3.628,-2.133,3.565
44.36,1.912,-1.000,1.706,3.556,-2.132,3.585
44.38,2.086,-0.999,1.766,4.304,-2.131,3.727
44.39,1.670,-0.997,1.746,4.481,-2.127,3.878
44.40,1.663,-0.995,1.729,4.469,-2.122,4.002
44.40,1.366,-0.995,1.663,4.331,-2.120,4.080
44.41,1.400,-0.996,1.613,3.464,-2.112,4.004
44.43,1.761,-0.995,1.633,3.607,-2.108,3.962
44.44,1.894,-0.997,1.671,3.548,-2.105,3.915
44.45,1.486,-0.993,1.637,3.175,-2.110,3.808
44.45,1.873,-0.994,1.672,3.752,-2.112,3.817
44.46,1.796,-0.991,1.689,4.474,-2.113,3.947
44.48,1.924,-0.992,1.723,3.280,-2.111,3.857
44.49,1.726,-0.990,1.720,3.558,-2.115,3.824
44.49,1.851,-0.989,1.738,5.523,-2.117,4.129
44.51,1.530,-0.986,1.700,3.900,-2.118,4.110
44.52,1.967,-0.988,1.738,3.805,-2.118,4.080
44.53,1.458,-0.989,1.686,3.823,-2.119,4.056
44.54,1.498,-0.988,1.650,3.996,-2.119,4.067
44.55,1.792,-0.987,1.669,4.790,-2.121,4.208
44.56,1.645,-0.989,1.658,4.215,-2.118,4.232
44.57,1.731,-0.990,1.665,3.649,-2.116,4.157
44.58,1.982,-0.993,1.711,3.356,-2.112,4.046
44.59,1.945,-0.994,1.745,3.731,-2.110,4.015
44.60,1.770,-0.995,1.744,3.487,-2.108,3.947
44.61,1.648,-0.995,1.722,3.343,-2.108,3.865
44.62,2.000,-0.996,1.764,4.322,-2.107,3.963
44.63,1.995,-0.997,1.797,4.219,-2.104,4.029
44.64,1.582,-0.998,1.755,3.152,-2.103,3.903
44.65,1.593,-0.999,1.723,3.504,-2.101,3.857
44.66,1.351,-1.002,1.653,2.841,-2.100,3.707
44.67,1.537,-1.001,1.629,2.872,-2.099,3.587
44.68,1.807,-1.003,1.652,2.626,-2.097,3.447
44.69,1.467,-1.002,1.617,3.615,-2.095,3.496
44.70,1.457,-1.004,1.584,3.419,-2.094,3.502
44.71,1.834,-1.004,1.621,3.339,-2.092,3.496
44.72,1.601,-1.004,1.612,3.659,-2.089,3.545
44.73,1.590,-1.006,1.602,3.708,-2.086,3.594
44.74,1.762,-1.007,1.623,3.809,-2.084,3.652
44.75,1.929,-1.006,1.671,3.813,-2.081,3.703
44.76,1.505,-1.006,1.638,3.789,-2.082,3.735
44.77,1.490,-1.005,1.609,3.462,-2.085,3.706
44.78,1.735,-1.004,1.626,3.486,-2.086,3.687
44.79,1.664,-1.002,1.629,3.644,-2.088,3.698
44.80,1.788,-0.999,1.653,3.597,-2.089,3.699
44.81,1.693,-0.999,1.655,3.568,-2.093,3.693
44.82,1.635,-1.000,1.646,3.488,-2.091,3.679
44.83,1.443,-0.998,1.609,3.652,-2.092,3.693
44.84,1.617,-0.996,1.607,3.697,-2.092,3.712
44.85,1.853,-0.994,1.645,3.936,-2.092,3.769
44.86,1.688,-0.994,1.648,3.677,-2.091,3.773
44.87,1.878,-0.992,1.684,3.448,-2.091,3.738
44.88,1.906,-0.992,1.716,3.419,-2.091,3.703
44.89,1.983,-0.992,1.756,3.551,-2.092,3.696
44.90,1.743,-0.992,1.749,3.593,-2.094,3.696
44.91,1.577,-0.991,1.716,3.466,-2.095,3.675
44.92,1.783,-0.989,1.725,3.728,-2.098,3.701
44.93,1.654,-0.991,1.707,3.766,-2.099,3.730
44.94,1.690,-0.990,1.700,3.585,-2.099,3.724
44.95,1.786,-0.991,1.709,3.434,-2.099,3.694
44.96,1.586,-0.990,1.685,3.659,-2.099,3.707
44.97,1.850,-0.991,1.707,3.775,-2.100,3.736
44.98,1.782,-0.991,1.715,3.784,-2.101,3.762
44.99,1.584,-0.992,1.687,3.569,-2.100,3.749
45.00,1.889,-0.991,1.718,3.670,-2.099,3.755
45.01,1.752,-0.990,1.719,3.763,-2.099,3.775
45.02,1.698,-0.992,1.710,3.956,-2.100,3.823
45.03,1.752,-0.993,1.712,3.655,-2.100,3.813
45.04,1.713,-0.991,1.708,4.162,-2.101,3.890
45.05,1.665,-0.990,1.698,3.755,-2.102,3.885
45.06,1.545,-0.989,1.668,3.828,-2.102,3.894
45.07,1.539,-0.987,1.644,3.678,-2.103,3.875
45.08,1.243,-0.987,1.571,3.286,-2.105,3.794
45.09,1.566,-0.987,1.565,3.482,-2.105,3.761
45.10,1.579,-0.989,1.561,3.415,-2.104,3.721
45.11,1.785,-0.988,1.595,3.552,-2.105,3.710
45.12,1.673,-0.989,1.604,3.837,-2.107,3.748
45.13,1.835,-0.989,1.638,3.776,-2.108,3.770
45.14,1.405,-0.987,1.595,3.780,-2.109,3.789
45.15,1.923,-0.985,1.648,3.709,-2.107,3.796
45.16,1.876,-0.985,1.682,3.613,-2.106,3.784
45.17,1.714,-0.984,1.683,3.569,-2.107,3.765
45.18,1.951,-0.985,1.723,3.463,-2.108,3.731
45.19,1.828,-0.985,1.736,3.643,-2.109,3.733
45.20,1.932,-0.982,1.767,3.955,-2.110,3.788
45.21,1.769,-0.980,1.765,3.719,-2.111,3.793
45.22,1.845,-0.979,1.775,3.731,-2.112,3.800
45.23,1.938,-0.979,1.798,5.050,-2.114,4.027
45.24,1.634,-0.980,1.766,4.326,-2.113,4.096
45.25,1.510,-0.979,1.718,3.658,-2.112,4.042
45.26,1.505,-0.980,1.677,3.438,-2.112,3.959
45.27,1.667,-0.983,1.668,3.629,-2.113,3.920
45.28,1.636,-0.983,1.658,3.529,-2.114,3.871
45.29,1.652,-0.982,1.653,3.228,-2.114,3.780
45.30,1.747,-0.983,1.664,3.844,-2.115,3.808
45.31,1.956,-0.984,1.708,3.942,-2.117,3.846
45.32,1.853,-0.984,1.728,3.339,-2.118,3.778
45.33,1.836,-0.985,1.741,3.486,-2.120,3.745
45.34,1.894,-0.986,1.762,3.854,-2.121,3.780
45.35,1.599,-0.986,1.730,3.510,-2.121,3.752
45.36,1.842,-0.986,1.745,3.979,-2.122,3.807
45.37,1.746,-0.987,1.740,4.246,-2.121,3.899
45.38,1.792,-0.988,1.744,4.187,-2.121,3.966
45.39,1.595,-0.987,1.715,3.335,-2.119,3.879
45.40,1.983,-0.989,1.754,3.535,-2.117,3.840
45.41,0.885,-0.990,1.603,2.161,-2.115,3.577
45.42,1.045,-0.988,1.506,3.057,-2.115,3.507
45.43,1.614,-0.987,1.521,3.180,-2.115,3.469
45.44,1.697,-0.985,1.547,3.226,-2.115,3.445
45.45,1.646,-0.984,1.560,3.584,-2.115,3.485
45.46,1.734,-0.983,1.586,3.360,-2.115,3.481
45.47,1.603,-0.981,1.586,3.035,-2.114,3.424
45.48,1.578,-0.981,1.580,3.921,-2.115,3.523
45.49,1.528,-0.979,1.569,3.754,-2.117,3.577
45.50,1.685,-0.977,1.586,3.791,-2.117,3.630
45.51,2.107,-0.974,1.671,3.870,-2.118,3.687
45.52,1.731,-0.976,1.676,3.604,-2.120,3.688
45.53,1.905,-0.977,1.709,3.504,-2.120,3.674
45.54,1.775,-0.977,1.716,3.611,-2.121,3.679
45.55,2.008,-0.976,1.762,3.659,-2.122,3.692
45.56,1.705,-0.973,1.750,3.587,-2.125,3.688
45.57,1.762,-0.974,1.748,3.261,-2.125,3.634
45.58,1.914,-0.973,1.772,3.780,-2.125,3.675
45.59,1.738,-0.972,1.763,3.443,-2.123,3.654
45.60,1.716,-0.970,1.752,3.503,-2.123,3.647
45.61,1.918,-0.969,1.777,3.866,-2.121,3.702
45.62,1.424,-0.971,1.711,3.446,-2.121,3.675
45.63,1.864,-0.972,1.732,2.968,-2.120,3.574
45.64,1.632,-0.972,1.712,3.554,-2.120,3.587
45.65,1.698,-0.971,1.705,3.272,-2.120,3.550
45.66,1.741,-0.969,1.709,3.419,-2.120,3.545
45.67,1.649,-0.969,1.695,3.778,-2.121,3.600
45.68,1.600,-0.969,1.675,3.742,-2.119,3.641
45.69,1.780,-0.969,1.688,3.099,-2.119,3.566
45.70,1.551,-0.968,1.662,4.027,-2.119,3.660
45.71,1.584,-0.970,1.644,3.645,-2.120,3.673
45.72,1.664,-0.968,1.644,3.544,-2.119,3.669
45.73,1.485,-0.968,1.613,3.320,-2.119,3.627
45.74,1.672,-0.966,1.620,3.432,-2.121,3.608
45.75,1.521,-0.965,1.600,3.079,-2.121,3.536
45.76,1.816,-0.964,1.633,4.255,-2.120,3.673
45.77,1.801,-0.962,1.659,4.547,-2.119,3.841
45.78,1.890,-0.960,1.696,3.647,-2.116,3.827
45.79,2.121,-0.959,1.764,3.495,-2.115,3.788
45.81,1.950,-0.956,1.794,3.130,-2.116,3.693
45.81,1.899,-0.956,1.808,2.736,-2.116,3.547
45.82,2.016,-0.955,1.840,2.901,-2.115,3.455
45.83,1.870,-0.954,1.842,2.649,-2.116,3.334
45.84,1.752,-0.950,1.827,3.024,-2.115,3.298
45.86,1.549,-0.948,1.778,4.225,-2.115,3.469
45.86,1.414,-0.948,1.712,4.998,-2.113,3.744
45.87,1.698,-0.945,1.709,2.347,-2.111,3.527
45.89,1.503,-0.942,1.673,6.620,-2.111,4.062
45.90,1.754,-0.940,1.684,4.422,-2.111,4.140
45.90,1.526,-0.940,1.653,4.148,-2.112,4.157
45.92,1.717,-0.939,1.661,4.296,-2.111,4.197
45.93,1.701,-0.940,1.662,3.725,-2.112,4.133
45.94,1.529,-0.940,1.636,3.838,-2.113,4.100
45.94,1.554,-0.940,1.619,3.885,-2.113,4.080
45.96,1.882,-0.940,1.659,3.590,-2.111,4.015
45.97,1.901,-0.942,1.694,3.494,-2.111,3.944
45.98,1.720,-0.942,1.694,3.803,-2.113,3.935
45.99,1.797,-0.941,1.708,3.629,-2.115,3.898
45.99,1.870,-0.942,1.731,3.488,-2.114,3.845
46.01,1.718,-0.940,1.726,3.482,-2.117,3.798
46.02,1.673,-0.940,1.713,3.642,-2.118,3.787
46.03,1.732,-0.942,1.711,2.838,-2.118,3.643
46.03,2.172,-0.942,1.785,1.024,-2.120,3.216
46.05,1.806,-0.942,1.785,3.400,-2.121,3.261
46.06,1.339,-0.942,1.706,5.321,-2.122,3.622
46.07,1.621,-0.941,1.688,5.191,-2.120,3.902
46.07,1.658,-0.942,1.678,3.969,-2.119,3.930
46.09,1.695,-0.942,1.677,3.746,-2.118,3.916
46.10,1.605,-0.941,1.662,2.835,-2.119,3.749
46.11,1.559,-0.939,1.642,0.738,-2.120,3.257
46.12,1.526,-0.937,1.620,2.066,-2.122,3.069
46.13,2.047,-0.934,1.691,5.145,-2.123,3.435
46.14,1.837,-0.933,1.713,4.379,-2.125,3.608
46.15,1.624,-0.934,1.693,5.369,-2.127,3.918
46.16,1.955,-0.932,1.735,2.110,-2.125,3.631
46.17,1.636,-0.932,1.714,2.530,-2.124,3.461
46.18,1.808,-0.931,1.727,5.959,-2.122,3.898
46.19,1.935,-0.931,1.758,3.518,-2.120,3.852
46.20,1.812,-0.932,1.763,3.904,-2.119,3.876
46.21,2.101,-0.935,1.813,3.464,-2.117,3.824
46.22,1.800,-0.937,1.806,4.024,-2.119,3.871
46.23,2.009,-0.941,1.833,9.977,-2.118,4.914
46.24,2.284,-0.948,1.899,10.637,-2.115,5.896
46.25,1.688,-0.957,1.853,4.067,-2.119,5.603
46.26,1.286,-0.962,1.750,0.842,-2.120,4.820
46.27,1.790,-0.965,1.750,3.556,-2.123,4.621
46.28,1.814,-0.969,1.754,2.725,-2.128,4.315
46.29,1.933,-0.973,1.777,1.613,-2.133,3.867
46.30,1.388,-0.975,1.706,0.307,-2.136,3.276
46.31,1.942,-0.976,1.742,4.417,-2.139,3.480
46.32,0.667,-0.977,1.555,27.358,-2.156,7.513
46.33,0.259,-0.983,1.328,15.620,-2.160,8.897
46.34,-1.730,-0.992,0.801,9.945,-2.162,9.094
46.35,-1.467,-1.000,0.408,-0.143,-2.165,7.559
46.36,2.067,-1.005,0.677,-5.922,-2.168,5.308
46.37,2.952,-1.009,1.051,-3.011,-2.171,3.924
46.38,1.448,-1.009,1.114,-0.218,-2.172,3.241
46.39,1.990,-1.011,1.255,1.374,-2.172,2.941
46.40,3.157,-1.013,1.569,1.490,-2.173,2.709
46.41,2.455,-1.013,1.714,2.176,-2.171,2.634
46.42,1.404,-1.012,1.659,3.532,-2.174,2.796
46.43,3.376,-1.013,1.943,3.141,-2.177,2.865
46.44,2.443,-1.014,2.023,1.642,-2.179,2.671
46.45,1.742,-1.015,1.972,2.694,-2.179,2.688
46.46,1.987,-1.016,1.970,2.071,-2.178,2.598
46.47,1.654,-1.017,1.913,4.103,-2.178,2.864
46.48,1.747,-1.018,1.882,4.817,-2.178,3.205
46.49,2.086,-1.018,1.912,3.599,-2.178,3.286
46.50,1.673,-1.017,1.869,3.272,-2.177,3.298
46.51,1.748,-1.019,1.845,3.611,-2.177,3.365
46.52,1.821,-1.019,1.838,3.228,-2.173,3.358
46.53,1.881,-1.020,1.841,3.843,-2.172,3.455
46.54,1.443,-1.020,1.770,4.381,-2.171,3.626
46.55,-0.050,-1.021,1.460,7.221,-2.172,4.243
46.56,0.279,-1.022,1.257,7.088,-2.174,4.735
46.57,2.667,-1.024,1.488,3.029,-2.176,4.462
46.58,3.692,-1.025,1.854,-0.655,-2.177,3.616
46.59,2.312,-1.026,1.927,0.120,-2.177,3.043
46.60,-0.025,-1.026,1.596,1.501,-2.176,2.798
46.61,-0.378,-1.025,1.261,-1.541,-2.174,2.082
46.62,0.854,-1.021,1.192,3.130,-2.175,2.270
46.63,1.126,-1.018,1.179,3.073,-2.172,2.422
46.64,3.286,-1.017,1.533,5.841,-2.165,3.020
46.65,3.012,-1.018,1.779,6.017,-2.158,3.547
46.66,2.465,-1.015,1.894,5.325,-2.160,3.859
46.67,1.114,-1.017,1.758,3.033,-2.150,3.742
46.68,1.664,-1.014,1.741,5.756,-2.153,4.093
46.69,3.267,-1.013,1.995,4.471,-2.152,4.172
46.70,1.350,-1.013,1.884,2.990,-2.157,3.984
46.71,1.102,-1.017,1.746,2.337,-2.151,3.725
46.72,2.340,-1.019,1.841,1.987,-2.149,3.449
46.73,1.809,-1.017,1.834,2.584,-2.155,3.312
46.74,1.469,-1.011,1.775,2.816,-2.161,3.237
46.75,2.091,-1.007,1.828,3.209,-2.163,3.244
46.76,2.665,-0.998,1.973,2.397,-2.168,3.111
46.77,1.410,-0.985,1.886,5.804,-2.171,3.573
46.78,1.924,-0.973,1.899,5.516,-2.176,3.910
46.79,1.992,-0.956,1.926,4.915,-2.185,4.085
46.80,1.363,-0.932,1.846,7.501,-2.198,4.672
46.81,0.686,-0.908,1.666,3.886,-2.210,4.544
46.82,0.629,-0.871,1.518,0.712,-2.219,3.902
46.83,3.226,-0.806,1.857,-0.607,-2.229,3.147
46.84,0.834,-0.679,1.786,-0.421,-2.255,2.537
46.85,6.187,-0.499,2.673,-5.658,-2.265,1.160
46.86,2.990,-0.238,2.941,1.604,-2.253,1.254
46.87,2.332,0.036,3.064,2.867,-2.281,1.512
46.88,-0.538,0.298,2.674,8.326,-2.303,2.651
46.89,0.707,0.547,2.546,12.011,-2.322,4.222
46.90,2.112,0.803,2.681,7.406,-2.368,4.734
46.91,2.468,1.109,2.896,3.040,-2.433,4.409
46.92,3.268,1.418,3.211,8.200,-2.518,4.991
46.93,3.725,1.769,3.585,5.525,-2.617,5.014
46.94,3.730,2.213,3.974,2.590,-2.716,4.540
46.95,2.900,2.880,4.344,6.268,-2.768,4.803
46.96,7.981,3.761,5.683,-2.239,-2.800,3.609
46.97,5.795,4.742,6.513,2.482,-2.781,3.448
46.98,5.610,5.684,7.141,4.589,-2.713,3.711
46.99,8.838,6.495,8.096,2.030,-2.645,3.499
47.00,10.529,7.220,9.103,-2.567,-2.536,2.583
47.01,3.917,8.098,8.957,7.688,-2.401,3.566
47.02,6.169,8.995,9.229,15.752,-2.216,5.782
47.03,11.182,9.764,10.190,2.096,-2.077,5.294
47.04,9.236,10.618,10.734,-6.170,-1.958,3.481
47.05,15.070,11.436,12.136,4.013,-1.889,3.641
47.06,17.949,11.981,13.561,4.909,-1.972,3.798
47.07,15.387,12.528,14.318,2.649,-2.140,3.477
47.08,14.005,13.140,14.770,-0.788,-2.194,2.728
47.09,13.991,13.904,15.270,2.958,-2.123,2.838
47.10,13.712,14.656,15.629,5.793,-2.063,3.396
47.11,16.978,15.330,16.411,8.600,-2.057,4.288
47.12,15.196,16.069,16.816,2.970,-2.035,4.098
47.13,17.219,16.859,17.535,1.918,-1.952,3.814
47.14,17.149,17.764,18.213,7.422,-1.831,4.544
47.15,15.352,18.512,18.342,12.328,-1.790,5.913
47.16,18.603,19.161,18.919,6.237,-1.795,5.979
47.17,16.469,19.922,19.130,4.072,-1.730,5.726
47.18,20.988,20.727,20.104,6.155,-1.598,5.924
47.19,20.449,21.515,20.810,4.822,-1.495,5.838
47.20,23.663,22.229,21.876,5.481,-1.432,5.845
47.21,24.604,22.832,22.830,1.762,-1.412,5.190
47.22,23.522,23.438,23.443,4.868,-1.429,5.136
47.23,21.704,24.018,23.626,3.496,-1.528,4.791
47.24,24.285,24.553,24.175,6.687,-1.683,4.994
47.25,24.201,25.115,24.640,-4.356,-1.874,3.277
47.26,22.884,25.788,24.897,5.463,-2.043,3.516
47.27,29.331,26.297,26.057,-1.940,-2.250,2.438
47.28,29.287,26.681,26.912,-0.221,-2.476,1.814
47.29,25.845,27.034,27.020,5.336,-2.701,2.229
47.31,25.953,27.411,27.148,6.111,-2.897,2.730
47.32,26.925,27.822,27.443,7.758,-3.076,3.451
47.33,28.072,28.161,27.824,11.071,-3.190,4.664
47.34,25.623,28.503,27.728,8.064,-3.286,5.175
47.35,29.690,28.791,28.291,5.939,-3.386,5.237
47.36,28.602,29.040,28.544,4.818,-3.463,5.118
47.37,23.139,29.383,27.910,1.407,-3.518,4.464
47.38,31.291,29.712,28.745,8.481,-3.530,5.145
47.39,31.477,29.942,29.388,7.178,-3.506,5.524
47.40,30.867,30.106,29.766,6.784,-3.505,5.754
47.41,30.098,30.235,29.921,6.326,-3.508,5.864
47.42,29.255,30.370,29.915,6.051,-3.474,5.941
47.43,31.966,30.427,30.300,9.692,-3.437,6.620
47.44,30.725,30.388,30.332,9.934,-3.408,7.219
47.44,26.812,30.405,29.748,10.949,-3.348,7.916
47.46,28.501,30.480,29.593,9.985,-3.251,8.364
47.47,29.708,30.518,29.636,6.044,-3.141,8.086
47.48,28.528,30.556,29.474,5.039,-3.022,7.692
47.49,28.724,30.595,29.372,3.268,-2.929,7.045
47.50,28.829,30.631,29.303,3.440,-2.862,6.512
47.51,28.432,30.666,29.177,3.310,-2.813,6.032
47.52,28.729,30.706,29.126,1.790,-2.783,5.360
47.53,30.332,30.711,29.325,1.673,-2.794,4.746
47.54,29.599,30.662,29.322,1.960,-2.832,4.260
47.55,28.903,30.618,29.206,5.247,-2.880,4.400
47.56,28.605,30.586,29.070,7.248,-2.913,4.865
47.57,27.988,30.586,28.879,7.379,-2.913,5.302
47.58,29.176,30.619,28.948,8.037,-2.901,5.787
47.59,29.369,30.647,29.033,6.022,-2.909,5.835
47.60,29.787,30.667,29.168,4.834,-2.923,5.671
47.61,29.547,30.679,29.233,5.294,-2.946,5.604
47.62,29.098,30.694,29.215,5.857,-2.968,5.644
47.63,29.218,30.703,29.214,4.675,-2.985,5.482
47.64,29.052,30.718,29.191,5.592,-2.992,5.510
47.65,30.131,30.739,29.358,5.640,-2.998,5.543
47.66,29.779,30.765,29.442,6.456,-2.996,5.716
47.67,30.005,30.765,29.529,6.525,-2.999,5.867
47.68,29.276,30.772,29.484,7.470,-3.006,6.148
47.69,29.011,30.796,29.416,6.648,-2.997,6.256
47.70,29.316,30.838,29.426,6.353,-2.970,6.311
47.71,29.324,30.891,29.445,5.076,-2.941,6.144
47.72,30.593,30.926,29.659,4.124,-2.919,5.838
47.73,29.616,30.930,29.647,3.742,-2.897,5.519
47.74,29.228,30.933,29.571,4.782,-2.873,5.430
47.75,29.855,30.926,29.605,4.791,-2.843,5.362
47.76,28.597,30.926,29.427,4.986,-2.815,5.337
47.77,28.727,30.956,29.326,5.624,-2.792,5.419
47.78,29.316,31.004,29.356,4.588,-2.773,5.310
47.79,29.862,31.036,29.459,5.877,-2.767,5.424
47.80,29.953,31.053,29.548,5.108,-2.766,5.387
47.81,29.576,31.073,29.561,4.086,-2.757,5.190
47.82,29.860,31.089,29.617,4.350,-2.737,5.079
47.83,28.175,31.173,29.432,4.829,-2.646,5.127
47.84,30.099,31.251,29.602,5.125,-2.545,5.225
47.85,30.324,31.310,29.764,5.363,-2.460,5.332
47.86,30.139,31.355,29.857,3.063,-2.396,5.016
47.87,30.849,31.386,30.042,4.561,-2.325,5.011
47.88,30.277,31.409,30.092,4.357,-2.276,4.955
47.89,31.066,31.395,30.237,5.056,-2.280,4.982
47.90,32.539,31.321,30.555,1.396,-2.289,4.384
47.91,28.655,31.265,30.182,4.753,-2.272,4.472
47.92,30.402,31.189,30.149,4.032,-2.265,4.416
47.93,30.250,31.136,30.114,4.307,-2.247,4.425
47.94,30.655,31.106,30.173,3.758,-2.278,4.299
47.95,30.225,31.100,30.169,7.206,-2.329,4.757
47.96,28.070,31.116,29.822,5.424,-2.397,4.825
47.97,29.159,31.165,29.744,5.542,-2.449,4.915
47.98,28.799,31.234,29.634,4.436,-2.496,4.809
47.99,28.432,31.332,29.506,3.435,-2.537,4.556
48.00,29.396,31.458,29.584,3.276,-2.562,4.333
48.01,29.332,31.593,29.645,3.872,-2.579,4.253
48.02,28.969,31.738,29.644,4.512,-2.617,4.277
48.03,30.748,31.880,29.939,4.965,-2.664,4.366
48.04,31.757,31.986,30.324,2.349,-2.722,3.990
48.05,30.950,32.074,30.494,2.715,-2.790,3.731
48.06,31.071,32.165,30.659,3.605,-2.868,3.657
48.07,30.584,32.242,30.703,5.207,-2.951,3.860
48.08,30.301,32.325,30.696,5.489,-2.998,4.107
48.09,30.098,32.409,30.658,5.186,-3.022,4.281
48.10,29.623,32.517,30.566,5.035,-3.029,4.414
48.11,30.627,32.641,30.671,3.842,-3.010,4.347
48.12,30.857,32.761,30.793,3.751,-2.951,4.308
48.13,30.758,32.899,30.893,3.904,-2.880,4.311
48.14,32.460,33.015,31.245,2.898,-2.851,4.111
48.15,32.844,33.105,31.581,2.408,-2.837,3.848
48.16,32.547,33.179,31.797,2.374,-2.846,3.604
48.17,32.789,33.228,31.998,1.575,-2.886,3.237
48.18,31.635,33.268,31.962,3.453,-2.932,3.246
48.19,31.750,33.315,31.958,5.225,-2.998,3.537
48.20,31.844,33.362,31.971,4.681,-3.062,3.689
48.21,31.620,33.414,31.947,5.869,-3.099,4.037
48.22,32.423,33.452,32.052,5.425,-3.129,4.258
48.23,32.045,33.481,32.067,4.974,-3.152,4.372
48.24,32.002,33.523,32.084,5.638,-3.155,4.595
48.25,32.030,33.553,32.091,4.207,-3.164,4.535
48.26,31.806,33.595,32.071,4.779,-3.162,4.591
48.27,31.907,33.646,32.078,4.657,-3.152,4.623
48.28,31.531,33.695,32.019,4.756,-3.146,4.663
48.29,32.038,33.750,32.061,2.960,-3.151,4.385
48.30,33.060,33.779,32.245,2.295,-3.164,4.035
48.31,31.307,33.797,32.095,3.920,-3.170,4.024
48.32,31.337,33.844,31.998,5.531,-3.160,4.297
48.33,32.632,33.884,32.130,5.068,-3.130,4.464
48.34,32.432,33.913,32.197,4.525,-3.089,4.522
48.35,31.924,33.931,32.158,5.545,-3.052,4.739
48.36,30.957,33.972,31.981,4.745,-3.009,4.788
48.37,32.224,34.042,32.072,3.381,-2.971,4.595
48.38,33.577,34.088,32.356,1.927,-2.981,4.149
48.39,34.192,34.088,32.657,0.066,-3.029,3.433
48.40,32.533,34.095,32.635,1.200,-3.097,3.011
48.41,28.533,34.233,32.052,7.214,-3.255,3.597
48.42,41.950,34.134,33.627,8.219,-3.349,4.308
48.43,30.128,34.046,32.959,2.494,-3.432,3.946
48.44,32.560,34.005,32.851,7.442,-3.520,4.473
48.45,31.598,33.960,32.596,6.338,-3.565,4.761
48.46,31.248,33.950,32.354,7.081,-3.611,5.126
48.47,31.860,33.946,32.261,7.421,-3.624,5.515
48.48,32.288,33.956,32.266,4.801,-3.614,5.418
48.49,32.514,33.963,32.306,3.939,-3.593,5.201
48.50,31.395,33.955,32.138,3.639,-3.559,4.981
48.51,31.254,33.974,31.998,4.187,-3.520,4.893
48.52,31.640,34.028,31.975,5.018,-3.495,4.948
48.53,32.060,34.091,32.033,2.989,-3.505,4.624
48.54,32.943,34.129,32.209,2.716,-3.527,4.298
48.55,32.670,34.151,32.297,4.164,-3.554,4.265
48.56,31.875,34.187,32.249,4.813,-3.580,4.348
48.57,33.021,34.227,32.405,5.696,-3.588,4.580
48.58,32.088,34.264,32.374,5.381,-3.584,4.731
48.59,32.962,34.308,32.502,3.844,-3.586,4.594
48.60,33.258,34.343,32.651,4.680,-3.597,4.612
48.61,32.573,34.370,32.653,4.793,-3.625,4.631
48.62,32.522,34.389,32.639,3.449,-3.656,4.419
48.63,32.436,34.410,32.615,4.258,-3.674,4.390
48.64,32.071,34.428,32.531,4.289,-3.685,4.377
48.65,32.646,34.453,32.563,6.007,-3.697,4.653
48.66,32.678,34.460,32.581,4.584,-3.722,4.634
48.67,32.261,34.467,32.525,6.403,-3.742,4.927
48.68,31.490,34.516,32.381,5.093,-3.751,4.963
48.69,33.170,34.577,32.558,5.677,-3.766,5.084
48.70,33.154,34.613,32.681,3.603,-3.793,4.825
48.71,32.952,34.641,32.743,4.435,-3.802,4.764
48.72,32.680,34.674,32.752,5.068,-3.796,4.834
48.73,32.584,34.715,32.750,5.306,-3.786,4.935
48.74,33.366,34.770,32.892,5.868,-3.776,5.113
48.75,33.818,34.821,33.082,5.308,-3.772,5.163
48.76,33.455,34.851,33.163,4.197,-3.772,5.014
48.77,32.431,34.896,33.070,3.669,-3.785,4.790
48.78,33.019,34.949,33.098,4.318,-3.796,4.715
48.80,33.794,34.993,33.245,3.376,-3.821,4.481
48.80,33.549,35.025,33.315,4.803,-3.848,4.525
48.81,33.540,35.045,33.363,5.078,-3.869,4.614
48.82,33.069,35.090,33.343,7.074,-3.873,5.036
48.83,33.233,35.151,33.368,6.868,-3.862,5.367
48.84,33.576,35.212,33.447,6.313,-3.844,5.555
48.86,33.789,35.284,33.557,5.596,-3.828,5.590
48.87,33.184,35.356,33.546,4.769,-3.823,5.469
48.88,33.590,35.449,33.624,5.030,-3.824,5.408
48.89,32.732,35.560,33.558,5.061,-3.827,5.360
48.90,33.560,35.676,33.647,6.114,-3.821,5.505
48.91,32.762,35.789,33.585,3.919,-3.794,5.275
48.92,33.211,35.922,33.625,2.994,-3.742,4.947
48.93,30.498,36.401,33.489,10.675,-3.745,5.921
48.94,44.468,36.382,35.312,19.420,-3.694,8.249
48.95,30.208,36.448,34.502,-2.141,-3.651,6.554
48.96,36.985,36.505,34.960,9.289,-3.616,7.059
48.97,33.109,36.551,34.680,2.709,-3.558,6.391
48.98,35.503,36.617,34.866,3.868,-3.515,6.016
48.99,35.414,36.651,34.980,3.157,-3.470,5.587
49.00,33.448,36.705,34.760,3.662,-3.428,5.312
49.01,33.858,36.785,34.667,3.846,-3.393,5.107
49.02,34.978,36.879,34.791,4.634,-3.362,5.066
49.03,35.647,36.951,34.987,3.107,-3.330,4.775
49.04,35.664,36.990,35.126,1.956,-3.309,4.331
49.05,35.419,37.008,35.183,3.187,-3.300,4.157
49.06,34.960,37.010,35.140,4.323,-3.306,4.190
49.07,34.665,37.015,35.057,4.770,-3.317,4.290
49.08,34.352,37.026,34.941,5.427,-3.325,4.485
49.09,34.752,37.057,34.927,5.392,-3.322,4.651
49.10,35.364,37.085,35.017,5.134,-3.320,4.745
49.11,34.701,37.117,34.983,4.578,-3.310,4.737
49.12,35.015,37.162,35.019,3.509,-3.304,4.547
49.13,35.901,37.193,35.185,3.735,-3.299,4.426
49.14,34.355,37.209,35.052,2.463,-3.312,4.096
49.15,35.879,37.230,35.201,3.760,-3.358,4.012
49.16,36.863,37.226,35.470,3.027,-3.418,3.806
49.17,35.221,37.216,35.413,4.942,-3.473,3.962
49.18,35.729,37.200,35.446,4.420,-3.521,4.009
49.19,34.816,37.187,35.322,5.917,-3.562,4.307
49.20,34.591,37.190,35.193,7.564,-3.578,4.860
49.21,34.526,37.211,35.090,6.161,-3.592,5.082
49.22,35.564,37.231,35.180,5.159,-3.599,5.101
49.23,35.497,37.248,35.240,3.691,-3.604,4.871
49.24,35.472,37.258,35.280,2.972,-3.612,4.556
49.25,35.561,37.256,35.319,2.837,-3.635,4.258
49.26,35.928,37.246,35.406,4.150,-3.661,4.229
49.27,35.588,37.226,35.414,4.550,-3.691,4.270
49.28,34.341,37.204,35.208,4.733,-3.717,4.337
49.29,34.844,37.202,35.138,5.230,-3.741,4.479
49.30,35.329,37.201,35.162,6.510,-3.755,4.820
49.31,34.914,37.201,35.114,6.374,-3.758,5.090
49.32,34.513,37.212,35.015,5.736,-3.752,5.216
49.33,35.349,37.242,35.088,5.530,-3.732,5.298
49.34,35.543,37.268,35.179,4.920,-3.722,5.255
49.35,35.569,37.289,35.255,3.403,-3.727,4.952
49.36,35.590,37.297,35.312,4.234,-3.740,4.832
49.37,35.492,37.304,35.341,3.935,-3.765,4.671
49.38,36.185,37.287,35.463,4.054,-3.783,4.563
49.39,34.839,37.265,35.332,5.658,-3.797,4.748
49.40,35.862,37.241,35.395,4.218,-3.810,4.659
49.41,35.481,37.215,35.381,5.590,-3.815,4.823
49.42,34.381,37.206,35.199,5.856,-3.823,5.003
49.43,34.626,37.213,35.101,4.780,-3.819,4.980
49.44,34.995,37.233,35.093,5.445,-3.805,5.082
49.45,35.365,37.247,35.143,4.849,-3.787,5.069
49.46,35.454,37.246,35.188,4.518,-3.767,5.006
49.47,34.108,37.255,35.007,6.778,-3.738,5.339
49.48,34.824,37.286,34.995,3.135,-3.714,5.001
49.49,36.571,37.292,35.258,1.615,-3.713,4.444
49.50,35.505,37.271,35.275,2.886,-3.723,4.185
49.51,34.582,37.265,35.147,4.270,-3.733,4.201
49.52,35.037,37.273,35.128,4.989,-3.745,4.334
49.53,34.979,37.286,35.107,4.905,-3.750,4.436
49.54,35.935,37.293,35.245,5.233,-3.765,4.569
49.55,36.142,37.275,35.374,3.878,-3.789,4.444
49.56,35.930,37.249,35.439,4.745,-3.811,4.487
49.57,34.842,37.226,35.314,6.155,-3.816,4.774
49.58,34.653,37.228,35.198,7.012,-3.800,5.175
49.59,34.418,37.255,35.082,6.745,-3.765,5.480
49.60,35.374,37.293,35.156,5.294,-3.726,5.493
49.61,35.999,37.310,35.306,4.612,-3.689,5.388
49.62,35.119,37.323,35.278,3.620,-3.657,5.129
49.63,35.829,37.334,35.373,3.286,-3.639,4.846
49.64,36.718,37.304,35.568,2.442,-3.638,4.454
49.65,34.901,37.266,35.418,4.302,-3.657,4.423
49.66,34.696,37.246,35.274,6.220,-3.664,4.730
49.67,35.004,37.242,35.218,6.840,-3.658,5.100
49.68,35.549,37.244,35.269,7.185,-3.639,5.477
49.69,35.842,37.239,35.355,7.099,-3.606,5.789
49.70,35.048,37.242,35.299,5.105,-3.561,5.724
49.71,35.828,37.260,35.397,4.990,-3.496,5.667
49.72,35.962,37.266,35.491,4.044,-3.430,5.457
49.73,36.203,37.246,35.589,3.105,-3.364,5.126
49.74,34.855,37.229,35.445,3.599,-3.313,4.921
49.75,34.573,37.215,35.280,3.351,-3.269,4.703
49.76,34.376,37.221,35.127,3.719,-3.235,4.576
49.77,35.174,37.234,35.139,2.271,-3.212,4.217
49.78,35.277,37.241,35.161,2.964,-3.190,4.033
49.79,35.408,37.244,35.199,2.394,-3.180,3.775
49.80,36.465,37.234,35.397,2.297,-3.186,3.530
49.81,35.853,37.201,35.440,4.022,-3.185,3.622
49.82,34.620,37.191,35.288,5.078,-3.167,3.890
49.83,34.978,37.201,35.238,4.979,-3.140,4.104
49.84,35.013,37.222,35.211,4.787,-3.101,4.260
49.85,35.626,37.245,35.294,4.054,-3.050,4.277
49.86,35.039,37.267,35.263,3.272,-3.009,4.151
49.87,36.329,37.281,35.448,3.030,-2.968,4.005
49.88,36.182,37.269,35.556,2.546,-2.937,3.792
49.89,35.642,37.239,35.540,2.495,-2.918,3.595
49.90,36.280,37.201,35.628,3.229,-2.907,3.550
49.91,35.356,37.148,35.532,4.799,-2.883,3.789
49.92,34.959,37.108,35.396,5.747,-2.831,4.170
49.93,34.649,37.088,35.248,6.928,-2.770,4.694
49.94,35.545,37.080,35.285,5.609,-2.691,4.922
49.95,34.878,37.094,35.223,3.843,-2.597,4.829
49.96,41.080,37.190,36.282,-15.584,-2.463,1.515
49.97,38.390,37.407,36.812,5.271,-2.306,2.281
49.98,39.195,37.363,37.172,8.484,-2.211,3.409
49.99,31.668,37.357,36.238,-3.774,-2.139,2.267
50.00,35.474,37.369,36.114,0.372,-2.067,2.013
50.01,34.221,37.364,35.787,-3.169,-2.026,1.180
50.02,34.855,37.364,35.625,-3.378,-2.019,0.422
50.03,33.894,37.355,35.320,-1.287,-2.040,0.119
50.04,33.510,37.364,35.017,-0.334,-2.079,0.012
50.05,34.634,37.379,34.959,1.300,-2.119,0.197
50.06,34.314,37.396,34.858,1.434,-2.162,0.370
50.07,35.602,37.408,34.986,0.718,-2.209,0.392
50.08,35.922,37.412,35.140,1.864,-2.254,0.603
50.09,36.316,37.399,35.321,2.688,-2.300,0.918
50.10,35.242,37.384,35.288,4.090,-2.327,1.432
50.11,35.650,37.380,35.340,3.586,-2.330,1.795
50.12,35.746,37.381,35.402,3.993,-2.315,2.181
50.13,35.629,37.391,35.443,1.904,-2.302,2.150
50.14,36.205,37.390,35.565,1.667,-2.301,2.074
50.15,35.866,37.385,35.605,-0.286,-2.311,1.673
50.16,36.022,37.362,35.650,0.402,-2.336,1.443
50.17,35.448,37.319,35.575,-0.143,-2.388,1.137
50.18,35.965,37.279,35.601,0.271,-2.450,0.943
50.19,34.982,37.241,35.460,2.048,-2.533,1.063
50.20,35.082,37.217,35.371,0.508,-2.629,0.893
50.21,36.487,37.173,35.516,3.792,-2.703,1.322
50.22,35.574,37.096,35.456,3.139,-2.793,1.562
50.23,35.014,37.026,35.318,4.791,-2.866,2.054
50.24,34.474,36.980,35.131,4.611,-2.912,2.453
50.25,34.596,36.946,35.006,3.770,-2.946,2.653
50.26,34.837,36.928,34.957,3.677,-2.968,2.814
50.27,35.197,36.907,34.975,2.394,-2.988,2.733
50.28,35.669,36.879,35.062,2.046,-3.015,2.601
50.30,35.413,36.849,35.090,3.261,-3.043,2.695
50.31,35.072,36.809,35.049,3.491,-3.077,2.807
50.31,34.250,36.770,34.876,4.737,-3.107,3.114
50.33,34.155,36.753,34.735,3.479,-3.127,3.165
50.34,34.772,36.747,34.730,3.439,-3.138,3.209
50.34,34.880,36.744,34.747,2.888,-3.148,3.154
50.35,34.911,36.742,34.767,2.008,-3.158,2.960
50.37,35.337,36.730,34.847,2.371,-3.159,2.867
50.38,34.599,36.701,34.776,1.805,-3.172,2.685
50.39,34.652,36.671,34.724,3.788,-3.189,2.862
50.40,34.135,36.633,34.586,2.404,-3.206,2.777
50.41,34.074,36.614,34.478,2.716,-3.220,2.762
50.42,33.521,36.613,34.308,2.229,-3.229,2.671
50.43,34.311,36.618,34.307,1.354,-3.244,2.443
50.44,34.108,36.626,34.274,1.851,-3.258,2.337
50.45,33.839,36.644,34.209,2.184,-3.272,2.305
50.46,34.356,36.671,34.250,1.347,-3.281,2.143
50.47,35.362,36.692,34.449,1.546,-3.296,2.036
50.48,35.416,36.700,34.611,2.541,-3.320,2.107
50.49,35.025,36.704,34.678,3.543,-3.349,2.329
50.50,34.022,36.719,34.575,4.815,-3.378,2.729
50.51,33.677,36.761,34.453,3.846,-3.420,2.888
50.52,35.636,36.805,34.682,5.210,-3.456,3.256
50.53,36.004,36.815,34.907,2.059,-3.484,3.039
50.54,34.825,36.820,34.892,1.943,-3.526,2.827
50.55,35.048,36.828,34.919,2.956,-3.557,2.829
50.56,35.302,36.847,34.994,2.873,-3.582,2.824
50.57,35.554,36.859,35.092,3.686,-3.606,2.955
50.58,35.411,36.853,35.136,2.080,-3.629,2.796
50.59,35.198,36.844,35.134,3.545,-3.652,2.910
50.60,35.216,36.822,35.124,4.754,-3.678,3.206
50.61,34.701,36.802,35.031,4.311,-3.698,3.382
50.62,35.039,36.782,35.010,3.492,-3.715,3.395
50.63,35.343,36.741,35.027,2.146,-3.736,3.175
50.64,34.811,36.693,34.946,3.520,-3.773,3.210
50.65,34.807,36.645,34.877,3.262,-3.811,3.195
50.66,34.240,36.610,34.735,5.058,-3.836,3.495
50.67,33.949,36.593,34.584,4.366,-3.846,3.641
50.68,34.406,36.598,34.553,4.229,-3.837,3.756
50.69,35.058,36.591,34.627,4.169,-3.831,3.839
50.70,34.874,36.572,34.646,3.558,-3.821,3.808
50.71,34.875,36.556,34.667,4.192,-3.815,3.887
50.72,34.449,36.542,34.613,3.104,-3.813,3.765
50.73,34.744,36.527,34.617,2.895,-3.818,3.623
50.74,34.419,36.507,34.561,2.125,-3.845,3.355
50.75,34.664,36.495,34.563,3.823,-3.873,3.418
50.76,34.541,36.481,34.542,3.556,-3.911,3.419
50.77,34.114,36.466,34.452,3.155,-3.947,3.352
50.78,34.729,36.456,34.485,3.776,-3.989,3.397
50.79,34.589,36.451,34.493,3.585,-4.022,3.409
50.80,34.333,36.455,34.464,4.848,-4.049,3.637
50.81,34.315,36.454,34.433,3.587,-4.071,3.619
50.82,33.717,36.471,34.321,4.272,-4.095,3.717
50.83,35.008,36.484,34.442,2.987,-4.123,3.580
50.84,34.202,36.490,34.401,4.568,-4.153,3.730
50.85,34.399,36.502,34.405,3.896,-4.185,3.740
50.86,34.630,36.527,34.458,3.990,-4.210,3.769
50.87,34.825,36.551,34.534,2.209,-4.240,3.491
50.88,35.225,36.562,34.654,1.812,-4.277,3.187
50.89,35.426,36.562,34.779,3.613,-4.313,3.237
50.90,34.609,36.571,34.753,5.135,-4.342,3.540
50.91,34.887,36.571,34.770,5.217,-4.359,3.820
50.92,34.680,36.572,34.751,5.876,-4.362,4.176
50.93,34.368,36.583,34.690,5.677,-4.365,4.437
50.94,34.999,36.588,34.741,4.807,-4.358,4.515
50.95,34.845,36.584,34.750,3.957,-4.350,4.437
50.96,34.721,36.567,34.726,4.166,-4.345,4.406
50.97,33.618,36.569,34.536,3.048,-4.341,4.191
50.98,35.368,36.585,34.684,1.181,-4.344,3.691
50.99,35.581,36.561,34.810,2.184,-4.355,3.437
51.00,34.053,36.533,34.655,2.714,-4.379,3.303
51.01,33.940,36.518,34.517,3.408,-4.410,3.304
51.02,34.428,36.510,34.490,3.268,-4.430,3.290
51.03,34.412,36.491,34.455,3.640,-4.454,3.337
51.04,34.589,36.472,34.457,4.605,-4.465,3.549
51.05,34.159,36.457,34.389,5.173,-4.462,3.833
51.06,34.095,36.458,34.335,5.092,-4.461,4.055
51.07,34.914,36.457,34.427,3.270,-4.462,3.931
51.08,34.010,36.465,34.358,2.545,-4.462,3.707
51.09,34.014,36.483,34.310,3.127,-4.471,3.611
51.10,35.261,36.490,34.470,1.720,-4.499,3.278
51.11,34.643,36.473,34.480,4.609,-4.527,3.487
51.12,33.897,36.464,34.369,5.420,-4.546,3.805
51.13,34.144,36.479,34.338,4.580,-4.561,3.932
51.14,36.239,36.478,34.652,4.544,-4.576,4.031
51.15,34.340,36.467,34.586,5.459,-4.583,4.275
51.16,34.119,36.479,34.512,5.706,-4.593,4.516
51.17,35.420,36.490,34.668,4.187,-4.606,4.460
51.18,34.902,36.488,34.701,4.435,-4.612,4.461
51.19,34.097,36.497,34.602,4.533,-4.619,4.477
51.20,34.730,36.505,34.626,3.393,-4.624,4.301
51.21,34.681,36.512,34.636,4.843,-4.624,4.401
51.22,34.714,36.519,34.650,3.881,-4.631,4.318
51.23,34.824,36.519,34.675,5.651,-4.637,4.547
51.24,34.574,36.527,34.660,5.845,-4.642,4.771
51.25,34.652,36.541,34.665,5.108,-4.641,4.840
51.26,34.594,36.554,34.658,4.901,-4.636,4.865
51.27,34.706,36.560,34.666,4.035,-4.631,4.740
51.28,35.106,36.556,34.733,3.938,-4.624,4.620
51.29,34.069,36.558,34.618,4.227,-4.629,4.560
51.30,34.522,36.574,34.610,4.200,-4.633,4.505
51.31,34.723,36.585,34.633,3.735,-4.631,4.387
51.32,34.815,36.585,34.659,4.057,-4.634,4.339
51.33,34.995,36.584,34.710,3.722,-4.644,4.236
51.34,35.494,36.571,34.826,4.462,-4.656,4.274
51.35,34.508,36.545,34.746,5.224,-4.659,4.440
51.36,34.040,36.543,34.622,5.777,-4.670,4.666
51.37,35.132,36.553,34.710,2.973,-4.681,4.382
51.38,35.353,36.544,34.807,3.801,-4.693,4.284
51.39,34.998,36.528,34.820,3.980,-4.700,4.237
51.40,34.535,36.499,34.744,5.435,-4.724,4.427
51.41,33.216,36.492,34.477,5.140,-4.748,4.537
51.42,34.009,36.514,34.409,3.498,-4.754,4.366
51.43,35.927,36.511,34.660,3.963,-4.759,4.303
51.44,34.965,36.483,34.684,3.340,-4.761,4.147
51.45,34.233,36.456,34.581,5.647,-4.789,4.386
51.46,33.903,36.438,34.446,4.915,-4.807,4.470
51.47,34.628,36.424,34.461,4.889,-4.812,4.546
51.48,35.569,36.387,34.611,4.553,-4.812,4.558
51.49,33.487,36.334,34.374,6.659,-4.810,4.923
51.50,32.701,36.338,34.091,5.650,-4.814,5.052
51.51,34.866,36.357,34.232,3.491,-4.818,4.796
51.52,35.993,36.342,34.511,2.881,-4.829,4.476
51.53,33.927,36.315,34.385,3.721,-4.843,4.346
51.54,33.203,36.316,34.183,5.324,-4.835,4.527
51.55,34.394,36.335,34.229,4.842,-4.846,4.580
51.56,35.482,36.324,34.426,3.703,-4.870,4.423
51.57,34.235,36.304,34.372,4.262,-4.881,4.396
51.58,33.247,36.311,34.185,5.202,-4.880,4.542
51.59,34.168,36.331,34.194,4.858,-4.870,4.613
51.60,35.495,36.333,34.409,4.508,-4.886,4.592
51.61,34.693,36.311,34.433,3.000,-4.915,4.310
51.62,34.401,36.291,34.407,4.313,-4.934,4.304
51.63,34.059,36.280,34.334,4.417,-4.940,4.328
51.64,34.012,36.282,34.278,5.653,-4.934,4.564
51.65,34.649,36.284,34.337,6.220,-4.924,4.861
51.66,34.547,36.281,34.365,5.882,-4.922,5.044
51.67,34.531,36.273,34.381,5.284,-4.913,5.103
51.68,33.450,36.280,34.226,3.878,-4.898,4.920
51.69,34.415,36.289,34.261,1.497,-4.896,4.356
51.70,34.513,36.279,34.291,4.075,-4.896,4.318
51.71,34.052,36.271,34.239,5.239,-4.908,4.472
51.72,33.725,36.275,34.151,4.969,-4.913,4.561
51.73,34.312,36.285,34.182,4.931,-4.914,4.632
51.74,34.408,36.283,34.213,4.014,-4.926,4.528
51.76,34.964,36.273,34.327,3.573,-4.945,4.361
51.77,34.622,36.247,34.351,4.345,-4.962,4.354
51.78,34.461,36.233,34.353,5.020,-4.967,4.472
51.79,34.230,36.221,34.317,6.284,-4.976,4.781
51.80,34.421,36.225,34.334,4.408,-4.976,4.727
51.81,35.054,36.226,34.452,5.798,-4.972,4.921
51.82,34.832,36.212,34.500,4.381,-4.957,4.853
51.83,33.781,36.190,34.356,5.786,-4.939,5.035
51.84,33.937,36.188,34.280,4.419,-4.946,4.936
51.85,34.592,36.183,34.324,2.737,-4.952,4.571
51.86,34.322,36.177,34.315,3.900,-4.954,4.465
51.87,34.128,36.176,34.278,4.283,-4.945,4.452
51.88,34.673,36.172,34.337,4.435,-4.924,4.475
51.89,33.943,36.154,34.251,5.776,-4.917,4.710
51.90,33.887,36.156,34.187,2.435,-4.947,4.311
51.91,35.192,36.149,34.346,3.401,-4.970,4.148
51.92,33.939,36.138,34.264,3.971,-4.990,4.111
51.93,34.530,36.131,34.298,4.976,-4.998,4.258
51.94,33.794,36.111,34.191,5.857,-5.002,4.537
51.95,32.829,36.133,33.974,4.747,-5.024,4.564
51.96,35.120,36.152,34.179,3.264,-5.041,4.339
51.97,35.103,36.148,34.327,4.182,-5.053,4.312
51.98,34.269,36.145,34.311,5.070,-5.050,4.451
51.99,34.463,36.139,34.327,5.809,-5.027,4.708
52.00,32.765,36.129,34.052,6.965,-4.999,5.121
52.01,33.804,36.148,34.021,4.494,-5.015,5.012
52.02,35.855,36.137,34.316,1.451,-5.056,4.389
52.03,34.093,36.113,34.254,3.680,-5.089,4.252
52.04,33.494,36.099,34.111,4.669,-5.114,4.309
52.05,34.649,36.093,34.192,5.088,-5.116,4.448
52.06,35.087,36.067,34.317,4.997,-5.112,4.553
52.07,32.799,36.049,34.042,6.320,-5.115,4.856
52.08,34.052,36.058,34.047,3.680,-5.137,4.650
52.09,34.752,36.058,34.161,4.453,-5.162,4.606
52.10,34.530,36.047,34.209,5.665,-5.177,4.781
52.11,33.786,36.039,34.128,5.694,-5.169,4.951
52.12,33.784,36.031,34.059,5.870,-5.144,5.136
52.13,33.940,36.038,34.041,5.229,-5.126,5.176
52.14,35.490,36.029,34.272,3.804,-5.113,4.967
52.15,33.829,36.015,34.182,4.377,-5.093,4.894
52.16,33.338,36.020,34.041,4.986,-5.064,4.943
52.17,34.172,36.027,34.064,4.945,-5.046,4.968
52.18,34.289,36.022,34.094,3.686,-5.050,4.759
52.19,34.692,36.001,34.172,2.902,-5.061,4.447
52.20,34.135,35.973,34.139,4.280,-5.074,4.417
52.21,33.337,35.959,33.989,4.317,-5.084,4.401
52.22,33.833,35.966,33.964,4.092,-5.087,4.355
52.23,34.875,35.950,34.100,4.580,-5.090,4.399
52.24,33.509,35.927,33.977,5.358,-5.097,4.564
52.25,33.998,35.928,33.977,5.932,-5.104,4.797
52.26,35.028,35.916,34.140,4.890,-5.115,4.812
52.27,33.575,35.906,34.033,5.764,-5.120,4.977
52.28,33.426,35.917,33.934,4.793,-5.119,4.957
52.29,34.620,35.926,34.053,4.429,-5.109,4.885
52.30,34.179,35.922,34.068,4.440,-5.100,4.827
52.31,34.598,35.907,34.140,3.031,-5.112,4.524
52.32,34.347,35.875,34.145,4.317,-5.127,4.485
52.33,33.290,35.846,33.973,5.057,-5.138,4.580
52.34,33.535,35.831,33.883,4.776,-5.146,4.616
52.35,33.930,35.819,33.876,4.921,-5.151,4.672
52.36,33.869,35.807,33.861,5.470,-5.160,4.808
52.37,33.589,35.794,33.801,5.656,-5.172,4.950
52.38,33.847,35.797,33.807,4.371,-5.180,4.855
52.39,34.383,35.792,33.896,4.989,-5.187,4.881
52.40,33.868,35.787,33.882,4.825,-5.188,4.881
52.41,33.183,35.801,33.772,4.952,-5.175,4.912
52.42,34.811,35.811,33.951,4.155,-5.180,4.790
52.43,34.884,35.789,34.086,4.214,-5.195,4.691
52.44,33.475,35.767,33.961,5.486,-5.205,4.824
52.45,33.498,35.759,33.872,5.387,-5.211,4.925
52.46,33.817,35.753,33.854,6.320,-5.214,5.169
52.47,33.683,35.751,33.819,5.191,-5.214,5.183
52.48,33.693,35.750,33.793,4.532,-5.207,5.088
52.49,33.731,35.738,33.768,4.676,-5.201,5.033
52.50,33.524,35.732,33.718,4.770,-5.199,5.000
52.51,33.249,35.742,33.643,4.497,-5.195,4.928
52.52,34.124,35.752,33.728,5.466,-5.188,5.033
52.53,33.574,35.749,33.696,5.492,-5.199,5.111
52.54,34.302,35.740,33.786,4.794,-5.211,5.057
52.55,34.086,35.721,33.816,4.530,-5.214,4.975
52.56,33.034,35.722,33.682,5.698,-5.219,5.102
52.57,34.323,35.741,33.801,4.373,-5.220,4.988
52.58,34.936,35.738,33.986,5.291,-5.224,5.045
52.59,34.210,35.725,34.009,6.081,-5.230,5.223
52.60,34.481,35.717,34.078,4.417,-5.240,5.090
52.61,35.112,35.686,34.223,4.700,-5.252,5.023
52.62,33.472,35.650,34.064,5.288,-5.269,5.063
52.63,33.128,35.641,33.895,5.287,-5.277,5.103
52.64,33.803,35.631,33.868,4.387,-5.283,4.987
52.65,33.377,35.620,33.772,4.470,-5.287,4.906
52.66,34.055,35.600,33.800,5.039,-5.294,4.932
52.67,33.809,35.572,33.774,5.099,-5.298,4.966
52.68,32.907,35.546,33.603,5.405,-5.298,5.048
52.69,33.673,35.536,33.603,5.569,-5.300,5.144
52.70,33.440,35.532,33.568,5.394,-5.301,5.195
52.71,33.734,35.536,33.595,4.948,-5.299,5.164
52.72,34.063,35.533,33.667,5.738,-5.308,5.262
52.73,33.205,35.538,33.591,4.163,-5.308,5.087
52.74,34.348,35.529,33.706,3.803,-5.323,4.868
52.75,33.962,35.512,33.732,4.548,-5.337,4.811
52.76,33.729,35.499,33.717,5.380,-5.345,4.909
52.77,33.260,35.488,33.627,5.715,-5.351,5.049
52.78,33.448,35.482,33.589,6.255,-5.345,5.266
52.79,33.713,35.481,33.605,5.187,-5.343,5.264
52.80,34.515,35.468,33.745,4.141,-5.343,5.083
52.81,33.041,35.451,33.608,4.717,-5.337,5.035
52.82,32.593,35.457,33.438,4.983,-5.331,5.041
52.83,33.742,35.471,33.497,4.268,-5.334,4.917
52.84,33.576,35.468,33.504,4.625,-5.338,4.873
52.85,33.197,35.468,33.449,3.964,-5.341,4.726
52.86,33.713,35.467,33.488,4.413,-5.347,4.677
52.87,33.486,35.469,33.486,4.847,-5.353,4.710
52.88,34.035,35.470,33.575,4.996,-5.372,4.751
52.89,33.381,35.468,33.537,5.547,-5.380,4.886
52.90,33.507,35.469,33.529,4.507,-5.387,4.825
52.91,34.341,35.458,33.653,4.485,-5.395,4.770
52.92,33.982,35.445,33.694,5.034,-5.399,4.820
52.93,33.697,35.436,33.683,5.318,-5.402,4.910
52.94,33.997,35.429,33.727,6.120,-5.394,5.129
52.95,33.702,35.425,33.716,5.833,-5.383,5.265
52.96,33.877,35.407,33.725,4.817,-5.378,5.203
52.97,34.485,35.372,33.822,4.842,-5.379,5.150
52.98,34.070,35.325,33.821,3.910,-5.394,4.937
52.99,33.001,35.271,33.635,5.543,-5.409,5.036
53.00,32.150,35.228,33.346,5.413,-5.422,5.097
53.01,32.957,35.194,33.248,6.698,-5.436,5.364
53.02,32.211,35.183,33.061,6.277,-5.441,5.523
53.03,33.561,35.194,33.150,5.652,-5.434,5.560
53.04,33.896,35.189,33.268,4.669,-5.429,5.424
53.05,33.290,35.184,33.264,4.830,-5.418,5.343
53.06,33.660,35.179,33.322,4.225,-5.413,5.168
53.07,33.660,35.161,33.361,4.381,-5.409,5.048
53.08,32.622,35.153,33.226,5.702,-5.417,5.160
53.09,33.168,35.165,33.223,5.753,-5.417,5.269
53.10,33.904,35.175,33.342,5.399,-5.413,5.303
53.11,33.702,35.168,33.393,5.348,-5.424,5.311
53.12,32.809,35.167,33.291,4.255,-5.432,5.136
53.13,32.817,35.185,33.223,5.141,-5.430,5.147
53.14,33.706,35.205,33.317,5.119,-5.422,5.158
53.15,33.844,35.200,33.398,5.110,-5.414,5.165
53.17,32.932,35.197,33.314,5.433,-5.409,5.224
53.18,33.418,35.211,33.339,4.688,-5.399,5.151
53.18,34.363,35.212,33.509,4.644,-5.385,5.086
53.19,34.169,35.190,33.598,3.557,-5.380,4.841
53.20,32.506,35.154,33.382,6.084,-5.404,5.039
53.21,31.999,35.172,33.161,5.312,-5.411,5.088
53.22,33.375,35.213,33.227,5.397,-5.407,5.152
53.23,34.251,35.232,33.412,4.249,-5.402,5.013
53.25,33.258,35.231,33.382,4.831,-5.403,4.990
53.26,33.769,35.218,33.432,4.660,-5.418,4.930
53.26,33.119,35.219,33.377,4.628,-5.426,4.881
53.27,34.140,35.215,33.499,4.827,-5.425,4.881
53.28,34.180,35.188,33.588,5.095,-5.416,4.933
53.29,31.700,35.155,33.240,6.664,-5.399,5.247
53.31,32.049,35.182,33.056,6.092,-5.418,5.384
53.32,34.127,35.207,33.254,5.425,-5.433,5.387
53.33,33.265,35.217,33.260,4.736,-5.440,5.281
53.34,33.405,35.240,33.301,5.785,-5.440,5.375
53.35,34.135,35.252,33.448,3.913,-5.441,5.136
53.36,34.774,35.233,33.652,2.772,-5.454,4.735
53.37,33.626,35.187,33.607,4.751,-5.486,4.719
53.38,32.391,35.161,33.378,5.303,-5.504,4.811
53.39,32.769,35.167,33.277,8.015,-5.502,5.360
53.40,33.611,35.180,33.340,7.579,-5.489,5.753
53.41,33.754,35.189,33.415,7.031,-5.465,5.997
53.42,33.573,35.193,33.441,5.736,-5.443,5.981
53.43,33.807,35.186,33.494,3.837,-5.419,5.650
53.44,33.600,35.180,33.503,4.076,-5.396,5.414
53.45,33.354,35.163,33.461,3.842,-5.387,5.166
53.46,32.722,35.153,33.326,4.494,-5.391,5.058
53.47,33.298,35.142,33.308,4.765,-5.410,5.001
53.48,33.917,35.118,33.389,3.868,-5.437,4.795
53.49,33.897,35.076,33.437,3.739,-5.474,4.592
53.50,33.238,35.035,33.366,5.499,-5.514,4.720
53.51,33.528,34.997,33.359,5.208,-5.555,4.776
53.52,33.584,34.964,33.366,6.512,-5.587,5.051
53.53,32.908,34.931,33.259,7.071,-5.611,5.379
53.54,32.353,34.922,33.095,7.380,-5.618,5.719
53.55,32.682,34.914,33.016,6.343,-5.620,5.832
53.56,32.729,34.908,32.960,5.583,-5.613,5.805
53.57,32.518,34.902,32.877,5.371,-5.595,5.757
53.58,32.835,34.909,32.872,5.231,-5.585,5.686
53.59,33.336,34.911,32.948,4.822,-5.585,5.550
53.60,32.987,34.909,32.950,4.599,-5.589,5.396
53.61,33.121,34.906,32.973,4.959,-5.597,5.324
53.62,33.115,34.897,32.986,5.198,-5.603,5.307
53.63,32.924,34.899,32.974,6.003,-5.603,5.432
53.64,33.527,34.907,33.070,6.825,-5.606,5.673
53.65,33.567,34.912,33.154,5.614,-5.608,5.671
53.66,33.988,34.904,33.285,4.456,-5.612,5.472
53.67,33.355,34.890,33.282,5.436,-5.616,5.472
53.68,33.039,34.879,33.229,5.343,-5.617,5.458
53.69,33.214,34.862,33.210,5.681,-5.625,5.498
53.70,33.770,34.840,33.282,5.442,-5.642,5.483
53.71,33.096,34.809,33.223,5.566,-5.657,5.493
53.72,32.367,34.796,33.065,6.143,-5.670,5.601
53.73,32.898,34.797,33.035,5.371,-5.670,5.571
53.74,33.134,34.795,33.047,5.122,-5.668,5.506
53.75,32.757,34.792,32.993,5.367,-5.665,5.494
53.76,32.754,34.785,32.944,4.637,-5.664,5.360
53.77,33.017,34.779,32.948,5.125,-5.673,5.321
53.78,32.888,34.767,32.925,3.917,-5.682,5.087
53.79,33.020,34.748,32.922,4.313,-5.701,4.949
53.80,32.484,34.733,32.832,5.117,-5.720,4.970
53.81,32.818,34.724,32.820,6.007,-5.736,5.138
53.82,32.674,34.722,32.790,6.610,-5.751,5.386
53.83,32.730,34.724,32.778,6.118,-5.760,5.511
53.84,33.188,34.736,32.854,5.891,-5.761,5.584
53.85,33.111,34.748,32.904,5.551,-5.761,5.587
53.86,33.282,34.750,32.967,6.084,-5.759,5.682
53.87,33.149,34.754,32.998,5.415,-5.762,5.643
53.88,33.247,34.756,33.039,4.610,-5.761,5.479
53.89,33.386,34.745,33.085,4.722,-5.763,5.359
53.90,32.856,34.726,33.028,5.145,-5.768,5.327
53.91,32.002,34.722,32.849,6.298,-5.771,5.497
53.92,32.540,34.724,32.796,6.331,-5.766,5.650
53.93,32.737,34.744,32.799,6.546,-5.760,5.814
53.94,33.189,34.756,32.872,5.243,-5.764,5.724
53.95,33.266,34.764,32.941,5.420,-5.768,5.678
53.96,32.840,34.767,32.924,5.170,-5.768,5.602
53.97,33.618,34.776,33.045,5.740,-5.768,5.634
53.98,33.404,34.767,33.095,5.844,-5.765,5.680
53.99,33.195,34.758,33.102,5.088,-5.760,5.593
54.00,32.729,34.753,33.031,5.289,-5.749,5.559
54.01,32.375,34.765,32.928,6.385,-5.746,5.711
54.02,32.353,34.788,32.847,4.672,-5.739,5.550
54.03,33.294,34.806,32.934,5.212,-5.728,5.511
54.04,32.941,34.806,32.933,5.279,-5.720,5.486
54.05,32.123,34.813,32.799,5.845,-5.727,5.550
54.06,32.835,34.837,32.822,4.257,-5.727,5.340
54.07,33.755,34.859,32.993,5.365,-5.720,5.359
54.08,33.353,34.866,33.057,6.026,-5.710,5.488
54.09,33.360,34.869,33.108,5.386,-5.718,5.473
54.10,33.743,34.852,33.197,5.645,-5.729,5.501
54.11,33.383,34.833,33.210,4.981,-5.736,5.416
54.12,33.301,34.827,33.217,5.690,-5.731,5.474
54.13,32.378,34.834,33.080,6.551,-5.719,5.674
54.14,33.070,34.847,33.086,5.446,-5.715,5.648
54.15,33.800,34.844,33.201,4.796,-5.709,5.517
54.16,32.588,34.834,33.087,4.348,-5.705,5.333
54.17,32.565,34.848,33.008,6.007,-5.699,5.459
54.18,33.559,34.867,33.114,4.751,-5.691,5.355
54.19,33.925,34.855,33.237,5.287,-5.687,5.355
54.20,32.278,34.841,33.062,6.854,-5.683,5.618
54.21,32.104,34.862,32.916,5.693,-5.670,5.650
54.22,34.321,34.883,33.167,5.367,-5.656,5.622
54.23,33.764,34.880,33.261,4.706,-5.636,5.493
54.24,32.694,34.875,33.160,5.791,-5.627,5.559
54.25,32.368,34.889,33.035,5.749,-5.626,5.600
54.26,32.875,34.913,33.026,3.507,-5.614,5.266
54.27,34.223,34.918,33.228,4.189,-5.616,5.091
54.28,33.789,34.899,33.304,4.169,-5.625,4.936
54.29,33.114,34.873,33.248,5.115,-5.640,4.961
54.30,32.409,34.864,33.097,7.866,-5.658,5.441
54.31,33.073,34.880,33.103,4.719,-5.670,5.318
54.32,34.178,34.888,33.288,5.223,-5.683,5.299
54.33,32.905,34.888,33.220,5.886,-5.689,5.403
54.34,32.782,34.900,33.153,5.231,-5.690,5.380
54.35,33.873,34.893,33.267,4.670,-5.687,5.271
54.36,32.377,34.884,33.106,5.987,-5.681,5.404
54.37,32.980,34.894,33.090,6.190,-5.658,5.563
54.38,33.555,34.901,33.172,6.257,-5.639,5.705
54.39,33.613,34.895,33.238,5.001,-5.625,5.606
54.40,33.131,34.880,33.205,4.587,-5.612,5.454
54.41,32.818,34.870,33.129,5.150,-5.599,5.420
54.42,32.236,34.875,32.981,6.368,-5.579,5.604
54.43,32.871,34.896,32.977,5.972,-5.553,5.696
54.44,33.447,34.916,33.070,6.519,-5.533,5.859
54.45,33.917,34.920,33.213,4.934,-5.521,5.721
54.46,33.781,34.912,33.299,3.822,-5.510,5.419
54.47,32.831,34.910,33.216,3.570,-5.498,5.125
54.48,33.319,34.903,33.225,3.583,-5.495,4.876
54.49,32.587,34.898,33.111,5.232,-5.492,4.945
54.50,32.818,34.907,33.066,5.844,-5.494,5.104
54.51,33.471,34.904,33.129,4.714,-5.506,5.035
54.52,33.129,34.892,33.117,4.419,-5.519,4.927
54.53,32.204,34.887,32.956,4.585,-5.534,4.863
54.54,32.594,34.906,32.907,4.200,-5.539,4.753
54.55,33.662,34.921,33.044,4.502,-5.547,4.711
54.56,33.302,34.917,33.082,5.412,-5.558,4.827
54.57,32.261,34.927,32.949,6.083,-5.569,5.036
54.59,33.093,34.949,32.989,6.399,-5.572,5.270
54.59,33.642,34.967,33.111,5.686,-5.568,5.350
54.60,33.875,34.969,33.238,5.162,-5.570,5.324
54.61,33.995,34.961,33.356,4.564,-5.576,5.198
54.62,33.162,34.960,33.321,5.382,-5.585,5.229
54.63,33.564,34.956,33.356,4.527,-5.592,5.112
54.64,33.511,34.949,33.374,5.225,-5.594,5.137
54.66,33.283,34.934,33.344,4.880,-5.594,5.100
54.67,33.129,34.918,33.292,4.909,-5.590,5.078
54.67,32.367,34.904,33.122,5.958,-5.584,5.238
54.69,32.868,34.902,33.075,5.721,-5.579,5.331
54.69,33.309,34.910,33.119,4.708,-5.557,5.251
54.71,33.099,34.908,33.111,5.082,-5.545,5.240
54.72,32.277,34.919,32.978,5.252,-5.546,5.248
54.72,33.027,34.939,32.999,4.831,-5.541,5.189
54.73,33.664,34.943,33.111,4.443,-5.544,5.068
54.74,33.282,34.944,33.139,4.283,-5.556,4.933
54.75,33.361,34.947,33.176,4.268,-5.566,4.819
54.76,33.442,34.943,33.215,5.540,-5.572,4.941
54.77,32.753,34.943,33.135,6.062,-5.581,5.129
54.78,33.001,34.948,33.114,4.724,-5.582,5.067
54.80,33.961,34.940,33.247,5.100,-5.579,5.081
54.80,32.922,34.935,33.186,5.785,-5.575,5.210
54.82,32.404,34.951,33.065,5.465,-5.568,5.266
54.83,33.340,34.973,33.127,5.739,-5.550,5.367
54.84,33.361,34.989,33.177,4.584,-5.531,5.258
54.85,33.623,35.008,33.266,4.403,-5.523,5.127
54.86,33.150,35.010,33.246,3.922,-5.527,4.925
54.87,32.921,35.014,33.191,5.291,-5.535,4.987
54.88,33.025,35.022,33.168,5.142,-5.542,5.014
54.89,33.317,35.031,33.198,5.267,-5.540,5.064
54.90,32.748,35.049,33.134,5.929,-5.529,5.226
54.91,33.035,35.078,33.139,6.258,-5.511,5.421
54.92,33.452,35.115,33.220,6.170,-5.483,5.577
54.93,34.123,35.133,33.384,4.577,-5.463,5.433
54.94,34.059,35.128,33.491,4.478,-5.447,5.293
54.95,32.985,35.117,33.395,3.905,-5.437,5.074
54.96,33.358,35.126,33.393,5.287,-5.429,5.123
54.97,32.923,35.130,33.316,5.026,-5.426,5.116
54.98,33.040,35.139,33.274,5.060,-5.421,5.117
54.99,33.032,35.146,33.237,4.416,-5.418,5.008
55.00,33.232,35.161,33.246,4.119,-5.417,4.865
55.01,33.608,35.172,33.313,4.126,-5.416,4.748
55.02,33.537,35.180,33.355,4.341,-5.425,4.677
55.03,33.451,35.186,33.374,5.709,-5.435,4.850
55.04,33.907,35.188,33.463,5.547,-5.439,4.970
55.05,32.903,35.194,33.371,6.273,-5.437,5.198
55.06,33.375,35.211,33.384,4.815,-5.430,5.146
55.07,34.423,35.217,33.561,4.666,-5.421,5.078
55.08,33.473,35.200,33.530,6.130,-5.414,5.268
55.09,32.362,35.209,33.339,5.162,-5.409,5.260
55.10,34.025,35.230,33.469,4.479,-5.398,5.145
55.11,34.150,35.228,33.579,4.517,-5.388,5.053
55.12,33.909,35.204,33.613,5.088,-5.381,5.071
55.13,32.359,35.195,33.393,6.214,-5.383,5.267
55.14,33.279,35.213,33.386,4.609,-5.370,5.174
55.15,34.268,35.223,33.540,4.585,-5.356,5.093
55.16,34.099,35.211,33.622,3.567,-5.344,4.852
55.17,33.616,35.181,33.593,3.902,-5.347,4.695
55.18,31.882,35.169,33.294,5.811,-5.365,4.873
55.19,32.674,35.188,33.203,5.719,-5.363,5.023
55.20,34.447,35.199,33.419,4.536,-5.359,4.950
55.21,34.105,35.183,33.518,3.098,-5.354,4.649
55.22,33.056,35.142,33.404,3.469,-5.373,4.440
55.23,31.964,35.131,33.151,5.993,-5.392,4.690
55.24,32.634,35.153,33.079,5.925,-5.387,4.907
55.25,33.999,35.167,33.243,6.312,-5.365,5.167
55.26,33.519,35.172,33.291,5.149,-5.339,5.192
55.27,33.935,35.171,33.396,5.040,-5.317,5.190
55.28,33.989,35.163,33.487,4.062,-5.300,5.022
55.29,33.421,35.155,33.467,4.143,-5.297,4.882
55.30,33.448,35.145,33.453,4.428,-5.293,4.814
55.31,33.852,35.139,33.513,4.761,-5.281,4.821
55.32,33.608,35.129,33.519,4.472,-5.269,4.777
55.33,33.267,35.115,33.462,5.151,-5.268,4.847
55.34,32.925,35.112,33.367,4.899,-5.272,4.857
55.35,33.474,35.112,33.383,5.225,-5.271,4.925
55.36,32.978,35.119,33.318,4.180,-5.263,4.811
55.37,33.440,35.127,33.343,3.673,-5.258,4.627
55.38,34.046,35.119,33.453,4.683,-5.258,4.642
55.39,33.638,35.097,33.463,4.954,-5.262,4.696
55.40,33.015,35.080,33.371,5.926,-5.265,4.906
55.41,32.520,35.076,33.223,6.208,-5.261,5.134
55.42,32.032,35.094,33.035,6.009,-5.245,5.300
55.43,33.541,35.133,33.150,5.118,-5.230,5.288
55.44,34.268,35.153,33.352,4.465,-5.206,5.175
55.45,33.544,35.158,33.386,3.651,-5.193,4.935
55.46,33.460,35.154,33.393,2.938,-5.199,4.600
55.47,33.318,35.145,33.371,2.961,-5.207,4.323
55.48,33.228,35.134,33.335,4.140,-5.223,4.283
55.49,33.479,35.123,33.348,5.176,-5.241,4.422
55.50,33.646,35.106,33.381,4.969,-5.262,4.501
55.51,32.917,35.095,33.292,5.446,-5.272,4.656
55.52,32.696,35.095,33.190,6.229,-5.273,4.925
55.53,32.962,35.108,33.159,5.811,-5.254,5.097
55.54,33.622,35.117,33.243,4.765,-5.240,5.058
55.55,33.284,35.115,33.245,4.090,-5.225,4.912
55.56,33.222,35.120,33.244,4.061,-5.222,4.776
55.57,33.453,35.120,33.276,3.773,-5.221,4.613
55.58,33.033,35.119,33.232,4.109,-5.219,4.535
55.59,32.927,35.127,33.185,5.433,-5.224,4.686
55.60,33.583,35.138,33.259,4.711,-5.222,4.697
55.61,33.373,35.151,33.287,5.769,-5.217,4.886
55.62,33.877,35.164,33.394,5.271,-5.210,4.962
55.63,33.750,35.174,33.460,5.237,-5.199,5.022
55.64,34.196,35.171,33.580,4.600,-5.200,4.956
55.65,33.912,35.158,33.623,4.262,-5.206,4.839
55.66,33.464,35.139,33.578,4.813,-5.213,4.834
55.67,33.608,35.132,33.576,5.264,-5.221,4.904
55.68,33.419,35.123,33.539,4.484,-5.232,4.829
55.69,33.714,35.103,33.550,4.921,-5.237,4.846
55.70,33.102,35.085,33.459,5.649,-5.232,4.990
55.71,32.663,35.082,33.321,6.728,-5.214,5.302
55.72,33.094,35.092,33.288,5.930,-5.179,5.443
55.73,33.703,35.096,33.359,3.860,-5.144,5.211
55.74,32.739,35.095,33.252,4.142,-5.110,5.065
55.75,32.485,35.099,33.125,4.446,-5.078,4.993
55.76,33.123,35.100,33.123,4.172,-5.046,4.886
55.77,32.722,35.102,33.055,4.318,-5.009,4.827
55.78,33.591,35.106,33.145,4.073,-4.987,4.723
55.79,33.238,35.096,33.151,2.404,-4.973,4.349
55.80,33.053,35.092,33.128,3.028,-4.961,4.141
55.81,33.168,35.086,33.127,3.077,-4.961,3.966
55.82,32.377,35.088,33.001,2.858,-4.954,3.789
55.83,32.362,35.108,32.907,3.244,-4.949,3.704
55.84,32.775,35.139,32.908,3.557,-4.938,3.692
55.85,33.179,35.178,32.984,4.478,-4.923,3.839
55.86,33.824,35.211,33.150,4.115,-4.916,3.894
55.87,33.798,35.229,33.272,3.090,-4.910,3.766
55.88,33.445,35.229,33.299,3.450,-4.919,3.707
55.89,32.609,35.223,33.175,3.900,-4.928,3.735
55.90,32.847,35.240,33.131,4.416,-4.928,3.852
55.91,33.900,35.263,33.277,4.249,-4.923,3.927
55.92,33.865,35.282,33.390,3.775,-4.927,3.901
55.93,34.488,35.283,33.574,4.199,-4.933,3.949
55.94,33.703,35.285,33.595,4.666,-4.938,4.069
55.95,34.140,35.289,33.688,5.345,-4.946,4.280
55.96,34.818,35.278,33.867,4.665,-4.959,4.337
55.97,34.657,35.249,33.975,4.172,-4.978,4.298
55.98,33.100,35.227,33.808,3.623,-5.004,4.166
55.99,33.577,35.205,33.749,4.120,-5.043,4.130
56.00,33.072,35.193,33.624,5.137,-5.071,4.279
56.01,33.144,35.191,33.539,4.634,-5.089,4.327
56.02,32.828,35.193,33.420,5.471,-5.098,4.517
56.03,33.560,35.203,33.449,4.445,-5.098,4.508
56.04,33.421,35.198,33.438,5.156,-5.103,4.619
56.05,32.879,35.200,33.343,5.100,-5.101,4.707
56.06,32.889,35.213,33.275,4.555,-5.098,4.688
56.07,33.457,35.222,33.311,3.722,-5.097,4.530
56.08,33.597,35.222,33.357,2.611,-5.100,4.208
56.09,33.323,35.217,33.345,4.043,-5.102,4.182
56.11,32.985,35.220,33.285,3.966,-5.100,4.151
56.12,32.908,35.234,33.231,4.813,-5.096,4.269
56.13,33.494,35.248,33.284,5.696,-5.095,4.514
56.13,33.555,35.256,33.334,5.039,-5.086,4.614
56.15,33.479,35.272,33.369,6.270,-5.060,4.918
56.16,33.775,35.283,33.444,4.829,-5.041,4.923
56.17,33.545,35.294,33.469,4.718,-5.013,4.917
56.18,33.092,35.306,33.413,4.517,-4.986,4.876
56.19,34.222,35.317,33.556,3.251,-4.970,4.621
56.20,34.033,35.306,33.625,2.141,-4.961,4.215
56.21,32.467,35.302,33.425,3.786,-4.961,4.147
56.21,33.617,35.304,33.457,3.250,-4.967,3.994
56.23,33.839,35.301,33.517,3.978,-4.975,3.988
56.24,33.978,35.286,33.580,5.262,-4.985,4.196
56.25,33.887,35.274,33.620,4.588,-4.997,4.256
56.26,33.706,35.256,33.618,5.472,-5.003,4.459
56.27,33.415,35.241,33.569,5.070,-5.011,4.558
56.28,33.838,35.227,33.601,4.948,-5.007,4.631
56.29,33.306,35.208,33.533,4.358,-4.992,4.602
56.30,32.792,35.211,33.410,5.109,-4.991,4.692
56.30,33.744,35.212,33.465,3.534,-4.984,4.507
56.32,33.606,35.201,33.478,3.532,-4.975,4.354
56.33,32.716,35.194,33.342,3.499,-4.965,4.223
56.34,33.376,35.196,33.347,2.688,-4.955,3.976
56.34,33.553,35.199,33.382,4.479,-4.946,4.071
56.36,33.612,35.197,33.417,3.052,-4.945,3.904
56.37,33.897,35.188,33.488,4.388,-4.945,3.988
56.38,32.874,35.174,33.371,4.929,-4.945,4.149
56.39,33.470,35.175,33.387,5.354,-4.940,4.362
56.40,33.416,35.175,33.390,4.462,-4.926,4.394
56.41,33.093,35.182,33.343,4.663,-4.914,4.453
56.42,33.346,35.185,33.344,3.967,-4.900,4.386
56.43,33.406,35.188,33.355,4.189,-4.885,4.369
56.44,33.573,35.184,33.387,3.518,-4.875,4.237
56.45,33.544,35.168,33.398,3.120,-4.872,4.054
56.46,32.626,35.153,33.254,4.051,-4.868,4.060
56.47,33.154,35.143,33.227,3.576,-4.867,3.982
56.48,33.144,35.134,33.203,4.019,-4.860,3.997
56.49,31.916,35.134,32.985,4.911,-4.855,4.158
56.50,33.135,35.155,33.025,3.494,-4.853,4.051
56.51,34.035,35.161,33.197,4.685,-4.846,4.166
56.52,32.663,35.170,33.113,4.533,-4.836,4.239
56.53,33.840,35.196,33.255,3.972,-4.828,4.204
56.54,34.005,35.210,33.390,4.330,-4.823,4.232
56.55,33.563,35.212,33.419,3.913,-4.814,4.189
56.56,33.479,35.205,33.422,4.008,-4.815,4.160
56.57,34.120,35.188,33.523,4.237,-4.814,4.177
56.58,33.653,35.169,33.529,4.812,-4.814,4.287
56.59,33.447,35.154,33.501,4.113,-4.824,4.253
56.60,32.837,35.139,33.374,5.034,-4.824,4.388
56.61,32.561,35.147,33.242,4.170,-4.819,4.358
56.62,33.394,35.154,33.272,3.962,-4.810,4.302
56.63,33.392,35.158,33.293,2.948,-4.802,4.084
56.64,33.336,35.164,33.303,3.725,-4.795,4.033
56.65,33.528,35.160,33.336,3.953,-4.792,4.024
56.66,33.170,35.153,33.301,4.980,-4.784,4.194
56.67,33.420,35.146,33.313,4.340,-4.779,4.226
56.68,33.928,35.134,33.405,3.739,-4.775,4.150
56.69,32.982,35.115,33.316,4.931,-4.771,4.288
56.70,32.872,35.111,33.236,3.659,-4.768,4.187
56.71,33.781,35.107,33.322,4.043,-4.758,4.174
56.72,33.152,35.105,33.290,3.935,-4.749,4.144
56.73,32.784,35.119,33.215,2.938,-4.742,3.950
56.74,33.963,35.121,33.340,2.793,-4.748,3.752
56.75,34.098,35.103,33.451,2.379,-4.759,3.515
56.76,33.987,35.076,33.517,3.076,-4.775,3.430
56.77,33.649,35.037,33.505,4.683,-4.787,3.632
56.78,32.552,35.010,33.321,5.887,-4.806,3.997
56.79,33.605,34.999,33.358,4.759,-4.819,4.117
56.80,33.207,34.986,33.320,5.997,-4.814,4.439
56.81,33.092,34.978,33.273,2.853,-4.818,4.173
56.82,33.104,34.968,33.235,3.252,-4.816,4.023
56.83,33.322,34.950,33.233,3.767,-4.824,3.975
56.84,33.464,34.926,33.250,3.645,-4.833,3.915
56.85,33.517,34.890,33.264,3.592,-4.846,3.852
56.86,32.465,34.853,33.096,3.936,-4.870,3.849
56.87,32.853,34.832,33.037,4.411,-4.878,3.939
56.88,32.946,34.816,33.007,5.833,-4.880,4.258
56.89,32.580,34.815,32.932,5.327,-4.871,4.449
56.90,33.240,34.814,32.982,3.920,-4.847,4.381
56.91,33.268,34.813,33.028,3.559,-4.825,4.263
56.92,32.733,34.808,32.972,3.872,-4.804,4.217
56.93,31.833,34.826,32.792,4.609,-4.778,4.308
56.94,32.492,34.862,32.769,4.909,-4.748,4.437
56.95,33.368,34.884,32.886,4.012,-4.732,4.382
56.96,33.372,34.886,32.968,2.036,-4.723,3.998
56.97,33.567,34.882,33.063,3.042,-4.718,3.843
56.98,32.871,34.880,33.027,4.410,-4.710,3.947
56.99,33.394,34.877,33.085,4.834,-4.704,4.103
57.00,33.371,34.866,33.122,5.023,-4.690,4.272
57.01,32.798,34.867,33.067,5.165,-4.669,4.442
57.02,33.125,34.877,33.083,4.716,-4.653,4.505
57.03,33.681,34.880,33.184,3.245,-4.640,4.307
57.04,33.404,34.870,33.212,3.059,-4.633,4.105
57.05,33.834,34.846,33.295,3.018,-4.640,3.919
57.06,32.822,34.832,33.202,3.427,-4.643,3.836
57.07,32.810,34.825,33.128,3.630,-4.649,3.798
57.08,33.264,34.819,33.144,3.596,-4.663,3.754
57.09,33.734,34.794,33.222,2.671,-4.684,3.555
57.10,32.817,34.764,33.127,3.681,-4.709,3.557
57.11,33.175,34.736,33.110,4.096,-4.737,3.627
57.12,33.236,34.711,33.109,4.394,-4.761,3.738
57.13,33.137,34.682,33.088,5.063,-4.777,3.949
57.14,32.723,34.658,33.005,4.619,-4.791,4.053
57.15,33.157,34.630,33.006,4.322,-4.790,4.101
57.16,32.400,34.615,32.890,5.257,-4.780,4.307
57.17,32.792,34.621,32.877,4.995,-4.761,4.441
57.18,33.362,34.621,32.957,4.487,-4.741,4.468
57.19,32.878,34.611,32.934,3.328,-4.731,4.288
57.20,33.373,34.591,32.990,2.555,-4.727,4.003
57.21,33.659,34.550,33.067,2.858,-4.732,3.808
57.22,32.819,34.500,32.983,2.960,-4.748,3.654
57.23,32.561,34.453,32.871,4.826,-4.765,3.839
57.24,32.182,34.409,32.718,5.336,-4.777,4.082
57.25,32.161,34.386,32.603,5.323,-4.778,4.293
57.26,32.978,34.365,32.647,3.601,-4.785,4.173
57.27,31.894,34.336,32.495,4.028,-4.784,4.152
57.28,31.590,34.325,32.331,3.922,-4.777,4.122
57.29,32.567,34.320,32.365,4.862,-4.778,4.248
57.30,32.692,34.304,32.405,3.259,-4.777,4.085
57.31,32.717,34.277,32.433,2.409,-4.787,3.797
57.32,33.031,34.231,32.494,2.751,-4.798,3.614
57.33,32.576,34.181,32.464,3.324,-4.816,3.553
57.34,32.277,34.137,32.394,4.490,-4.833,3.698
57.35,31.842,34.102,32.271,4.968,-4.837,3.909
57.36,31.393,34.092,32.114,5.674,-4.836,4.209
57.37,32.770,34.093,32.223,6.236,-4.821,4.565
57.38,33.115,34.080,32.360,4.929,-4.810,4.638
57.39,32.820,34.042,32.404,4.196,-4.800,4.576
57.40,32.110,34.009,32.326,3.632,-4.788,4.430
57.41,32.434,33.979,32.318,3.731,-4.782,4.319
57.42,32.317,33.943,32.287,3.057,-4.779,4.110
57.43,32.288,33.910,32.257,4.266,-4.779,4.139
57.44,32.727,33.862,32.296,4.002,-4.784,4.114
57.45,31.760,33.810,32.160,4.246,-4.781,4.141
57.46,31.396,33.771,31.998,4.501,-4.777,4.208
57.47,32.591,33.737,32.068,4.994,-4.771,4.347
57.48,33.022,33.687,32.185,4.138,-4.774,4.312
57.49,32.776,33.618,32.226,2.117,-4.790,3.932
57.50,33.109,33.519,32.291,2.364,-4.818,3.648
57.51,33.171,33.384,32.326,1.732,-4.856,3.295
57.52,31.109,33.225,31.989,2.307,-4.900,3.094
57.53,30.458,33.093,31.621,5.558,-4.919,3.493
57.54,28.415,33.029,31.028,4.650,-4.924,3.685
57.55,31.077,33.013,31.020,8.181,-4.874,4.484
57.56,32.327,32.979,31.210,4.660,-4.846,4.541
57.58,34.752,32.881,31.722,3.014,-4.861,4.274
57.58,35.256,32.664,32.144,0.344,-4.926,3.554
57.59,36.828,32.364,32.690,-1.795,-5.026,2.565
57.61,36.606,31.917,32.983,-2.771,-5.174,1.539
57.62,31.119,31.390,32.232,2.619,-5.373,1.556
57.63,26.410,30.959,30.894,10.822,-5.531,2.986
57.64,26.396,30.671,29.898,12.424,-5.626,4.499
57.65,29.938,30.436,29.709,11.365,-5.671,5.622
57.66,34.499,30.111,30.245,6.609,-5.735,5.740
57.67,35.060,29.625,30.652,0.704,-5.850,4.803
57.68,34.573,29.010,30.802,-0.845,-6.018,3.718
57.69,34.594,28.185,30.757,-5.719,-6.260,1.934
57.70,41.169,26.976,31.506,30.110,-6.208,6.715
57.71,17.958,25.949,28.381,0.768,-6.182,5.745
57.72,18.524,25.236,26.135,9.435,-6.161,6.390
57.73,20.047,24.759,24.718,6.969,-6.134,6.517
57.74,28.274,24.301,24.935,4.821,-6.162,6.216
57.75,30.739,23.639,25.362,9.761,-6.157,6.823
57.76,34.382,22.680,26.084,6.165,-6.132,6.742
57.77,21.639,21.534,24.389,2.380,-6.127,6.021
57.78,17.958,20.426,22.391,5.787,-6.133,5.983
57.79,14.245,19.484,20.242,3.903,-6.217,5.570
57.80,14.570,18.799,18.721,6.556,-6.260,5.706
57.81,17.561,18.231,18.054,7.397,-6.261,5.996
57.82,21.780,17.600,18.156,3.481,-6.240,5.598
57.83,25.953,16.754,18.764,5.391,-6.205,5.599
57.84,29.406,15.580,19.580,-4.764,-6.147,3.911
57.85,25.700,13.995,19.297,-0.609,-6.080,3.210
57.86,11.918,12.015,16.418,-2.236,-6.040,2.331
57.87,9.542,9.927,13.533,3.339,-6.181,2.385
57.88,1.738,7.997,9.950,6.958,-6.363,3.004
57.89,5.419,6.377,7.844,8.349,-6.534,3.763
57.90,3.328,5.096,6.023,8.804,-6.600,4.559
57.91,3.823,4.018,4.758,9.094,-6.583,5.341
57.92,3.819,2.966,3.726,5.847,-6.559,5.452
57.93,6.236,1.666,3.078,5.978,-6.521,5.580
57.94,6.253,0.190,2.394,2.610,-6.414,5.172
57.95,6.399,-1.717,1.492,24.566,-5.663,9.083
57.96,17.959,-1.613,4.365,-14.489,-5.285,5.427
57.97,2.780,-1.580,4.134,9.124,-5.111,6.200
57.98,0.169,-1.612,3.448,3.866,-5.000,5.905
57.99,3.706,-1.587,3.520,1.993,-4.949,5.293
58.00,2.026,-1.594,3.271,3.946,-4.862,5.143
58.01,1.829,-1.600,3.031,3.805,-4.755,5.010
58.02,2.447,-1.616,2.927,3.180,-4.660,4.785
58.03,1.047,-1.615,2.619,3.541,-4.578,4.647
58.04,0.451,-1.623,2.254,5.834,-4.523,4.894
58.05,0.807,-1.630,2.011,4.814,-4.517,4.889
58.06,1.429,-1.630,1.919,3.140,-4.533,4.584
58.07,2.159,-1.636,1.960,4.708,-4.532,4.608
58.08,0.655,-1.671,1.717,7.099,-4.500,5.056
58.09,0.437,-1.697,1.486,5.885,-4.452,5.237
58.10,1.720,-1.723,1.510,3.021,-4.411,4.898
58.11,0.820,-1.735,1.388,2.059,-4.390,4.435
58.12,-0.443,-1.740,1.079,4.784,-4.363,4.519
58.13,-0.322,-1.744,0.844,7.143,-4.354,4.971
58.14,0.723,-1.751,0.822,6.884,-4.330,5.316
58.15,1.356,-1.767,0.903,6.161,-4.272,5.510
58.16,0.340,-1.774,0.807,4.603,-4.255,5.374
58.17,1.513,-1.776,0.928,1.700,-4.250,4.763
58.18,2.707,-1.780,1.229,0.694,-4.252,4.079
58.19,1.185,-1.776,1.229,1.160,-4.260,3.582
58.20,1.940,-1.780,1.350,1.352,-4.261,3.207
58.21,2.109,-1.784,1.480,1.282,-4.259,2.885
58.22,2.302,-1.783,1.624,2.013,-4.257,2.739
58.23,2.881,-1.782,1.842,2.314,-4.255,2.669
58.24,3.099,-1.782,2.058,2.077,-4.257,2.566
58.25,2.877,-1.781,2.203,2.291,-4.258,2.518
58.26,2.312,-1.777,2.231,3.489,-4.261,2.678
58.27,2.350,-1.777,2.257,3.266,-4.258,2.778
58.28,2.585,-1.778,2.318,2.909,-4.256,2.801
58.29,2.298,-1.777,2.321,2.802,-4.258,2.799
58.30,2.457,-1.778,2.349,2.889,-4.253,2.818
58.31,2.374,-1.778,2.360,2.971,-4.253,2.842
58.32,2.446,-1.780,2.379,2.873,-4.253,2.847
58.33,2.448,-1.779,2.398,3.097,-4.251,2.890
58.34,1.479,-1.779,2.250,3.378,-4.252,2.971
58.35,1.428,-1.778,2.119,3.288,-4.251,3.024
58.36,1.302,-1.779,1.987,3.614,-4.251,3.123
58.37,1.738,-1.781,1.949,3.228,-4.251,3.140
58.38,1.634,-1.782,1.901,3.461,-4.250,3.195
58.39,1.617,-1.781,1.860,3.629,-4.249,3.269
58.40,1.813,-1.783,1.856,3.332,-4.247,3.281
58.41,1.879,-1.784,1.864,3.525,-4.245,3.323
58.42,1.877,-1.784,1.871,3.522,-4.245,3.357
58.43,1.710,-1.787,1.848,3.550,-4.245,3.390
58.44,1.474,-1.787,1.790,3.400,-4.244,3.392
58.45,1.697,-1.785,1.781,3.572,-4.242,3.424
58.46,1.598,-1.786,1.755,3.479,-4.243,3.433
58.47,1.595,-1.786,1.733,3.754,-4.243,3.488
58.48,1.423,-1.785,1.687,3.626,-4.244,3.511
58.49,1.770,-1.786,1.705,3.458,-4.243,3.502
58.50,1.831,-1.785,1.732,3.192,-4.243,3.451
58.51,1.699,-1.784,1.733,3.580,-4.244,3.471
58.52,1.563,-1.783,1.711,3.486,-4.245,3.474
58.53,1.801,-1.781,1.732,3.392,-4.243,3.462
58.54,1.888,-1.782,1.763,3.406,-4.243,3.453
58.55,1.742,-1.782,1.765,3.455,-4.241,3.454
58.56,1.640,-1.781,1.750,3.466,-4.241,3.457
58.57,1.635,-1.780,1.737,3.501,-4.240,3.465
58.58,1.584,-1.779,1.717,3.434,-4.241,3.459
58.59,1.745,-1.778,1.728,3.458,-4.240,3.460
58.60,1.486,-1.778,1.692,3.345,-4.239,3.442
58.61,1.774,-1.779,1.711,3.451,-4.239,3.444
58.62,1.603,-1.779,1.698,3.800,-4.239,3.504
58.63,1.499,-1.781,1.668,3.290,-4.238,3.469
58.64,1.315,-1.779,1.615,3.861,-4.236,3.537
58.65,1.430,-1.781,1.587,3.376,-4.237,3.509
58.66,1.601,-1.781,1.594,3.404,-4.238,3.491
58.67,1.661,-1.781,1.610,3.414,-4.238,3.478
58.68,1.529,-1.780,1.602,3.361,-4.238,3.459
58.69,1.700,-1.779,1.625,3.515,-4.238,3.469
58.70,2.072,-1.779,1.705,3.499,-4.238,3.474
58.71,1.458,-1.778,1.669,3.228,-4.238,3.432
58.72,1.589,-1.782,1.657,3.393,-4.237,3.427
58.73,1.618,-1.781,1.657,3.327,-4.235,3.412
58.74,1.496,-1.779,1.636,3.124,-4.236,3.363
58.75,1.389,-1.781,1.598,3.440,-4.236,3.376
58.76,1.558,-1.779,1.597,3.358,-4.235,3.374
58.77,1.570,-1.778,1.598,3.032,-4.234,3.317
58.78,1.620,-1.778,1.607,3.479,-4.234,3.344
58.79,1.572,-1.777,1.607,3.282,-4.234,3.334
58.80,1.525,-1.777,1.598,3.620,-4.235,3.381
58.81,1.937,-1.776,1.660,3.574,-4.233,3.415
58.82,1.711,-1.777,1.673,3.592,-4.234,3.445
58.83,1.851,-1.776,1.708,2.963,-4.233,3.364
58.84,1.766,-1.777,1.722,3.259,-4.232,3.348
58.85,1.604,-1.777,1.707,3.446,-4.232,3.364
58.86,1.641,-1.775,1.703,3.226,-4.231,3.342
58.87,1.652,-1.774,1.700,3.406,-4.230,3.353
58.88,1.520,-1.773,1.675,3.472,-4.228,3.375
58.89,1.662,-1.772,1.679,3.491,-4.228,3.395
58.90,1.494,-1.772,1.653,3.218,-4.228,3.365
58.91,1.530,-1.772,1.637,3.609,-4.227,3.407
58.92,1.657,-1.771,1.645,3.529,-4.227,3.428
58.93,1.460,-1.770,1.620,3.254,-4.227,3.398
58.94,1.744,-1.769,1.646,3.390,-4.228,3.397
58.95,1.383,-1.769,1.607,3.335,-4.225,3.388
58.96,1.683,-1.768,1.625,3.170,-4.225,3.352
58.97,1.511,-1.769,1.610,3.502,-4.225,3.377
58.98,1.195,-1.769,1.545,3.366,-4.224,3.376
58.99,1.799,-1.769,1.592,3.290,-4.223,3.363
59.00,1.538,-1.768,1.588,3.567,-4.222,3.398
59.01,1.416,-1.766,1.565,3.465,-4.220,3.411
59.02,1.363,-1.768,1.534,3.238,-4.219,3.383
59.03,1.677,-1.770,1.562,3.317,-4.220,3.371
59.04,1.714,-1.772,1.589,3.509,-4.219,3.395
59.05,1.545,-1.771,1.588,3.387,-4.218,3.394
59.06,1.653,-1.771,1.603,3.422,-4.218,3.399
59.07,1.685,-1.769,1.623,3.165,-4.218,3.360
59.08,1.440,-1.769,1.597,3.586,-4.218,3.398
59.09,1.940,-1.771,1.658,3.531,-4.220,3.419
59.10,1.876,-1.771,1.699,3.454,-4.219,3.425
59.12,1.534,-1.771,1.676,3.496,-4.218,3.438
59.13,1.767,-1.770,1.697,3.277,-4.217,3.412
59.14,1.383,-1.771,1.648,3.459,-4.218,3.419
59.15,1.529,-1.772,1.631,3.327,-4.217,3.404
59.16,1.639,-1.772,1.637,3.645,-4.218,3.444
59.17,1.602,-1.772,1.635,3.548,-4.218,3.462
59.18,1.811,-1.772,1.670,3.447,-4.218,3.460
59.19,1.505,-1.770,1.648,3.599,-4.219,3.482
59.20,1.794,-1.771,1.676,3.391,-4.219,3.467
59.21,1.541,-1.772,1.658,3.599,-4.220,3.489
59.22,1.786,-1.770,1.685,3.385,-4.220,3.471
59.23,1.671,-1.771,1.687,3.513,-4.221,3.478
59.24,1.874,-1.770,1.723,3.427,-4.221,3.469
59.25,1.689,-1.771,1.722,3.496,-4.221,3.474
59.26,1.911,-1.771,1.758,3.470,-4.221,3.474
59.27,1.764,-1.771,1.764,3.539,-4.222,3.484
59.28,1.715,-1.768,1.762,3.426,-4.222,3.475
59.29,1.488,-1.767,1.722,3.602,-4.222,3.496
59.30,1.601,-1.767,1.706,3.464,-4.220,3.493
59.31,1.595,-1.768,1.691,3.417,-4.220,3.480
59.32,1.592,-1.766,1.681,3.526,-4.220,3.488
59.33,1.383,-1.767,1.634,3.425,-4.220,3.478
59.34,1.778,-1.768,1.662,3.578,-4.220,3.495
59.35,1.804,-1.768,1.691,3.451,-4.221,3.487
59.36,1.784,-1.767,1.711,3.534,-4.220,3.496
59.37,1.562,-1.767,1.691,3.350,-4.220,3.471
59.38,1.628,-1.768,1.684,3.402,-4.219,3.461
59.39,1.712,-1.767,1.694,3.218,-4.220,3.419
59.40,1.733,-1.768,1.704,3.364,-4.222,3.408
59.41,1.584,-1.769,1.687,3.414,-4.222,3.410
59.42,1.474,-1.769,1.656,3.374,-4.222,3.403
59.43,1.660,-1.767,1.663,3.461,-4.223,3.413
59.44,1.789,-1.766,1.690,3.565,-4.222,3.439
59.45,1.562,-1.765,1.673,3.590,-4.222,3.464
59.46,1.622,-1.764,1.669,3.411,-4.222,3.455
59.47,1.714,-1.764,1.682,3.729,-4.222,3.503
59.48,1.735,-1.763,1.697,3.397,-4.223,3.484
59.49,1.653,-1.761,1.695,3.287,-4.224,3.450
59.50,1.403,-1.760,1.651,3.481,-4.225,3.455
59.51,1.639,-1.759,1.654,3.519,-4.225,3.465
59.52,1.502,-1.759,1.633,3.456,-4.224,3.465
59.53,1.629,-1.759,1.636,3.384,-4.224,3.451
59.54,1.704,-1.760,1.651,3.631,-4.225,3.482
59.55,1.551,-1.758,1.640,3.334,-4.226,3.456
59.56,1.592,-1.760,1.634,3.331,-4.226,3.435
59.57,1.499,-1.759,1.617,3.266,-4.228,3.405
59.58,1.720,-1.759,1.638,3.376,-4.227,3.401
59.59,2.002,-1.758,1.704,3.430,-4.226,3.407
59.60,1.670,-1.758,1.703,3.416,-4.226,3.409
59.61,1.779,-1.757,1.721,3.434,-4.225,3.414
59.62,1.688,-1.757,1.720,3.348,-4.225,3.402
59.63,1.724,-1.756,1.726,3.646,-4.225,3.443
59.64,1.516,-1.756,1.695,3.783,-4.224,3.502
59.65,1.403,-1.755,1.650,3.590,-4.225,3.517
59.66,1.714,-1.754,1.666,3.399,-4.225,3.497
59.67,1.523,-1.754,1.646,3.328,-4.225,3.469
59.68,1.511,-1.754,1.628,3.299,-4.225,3.440
59.69,1.472,-1.753,1.606,3.452,-4.226,3.442
59.70,1.573,-1.752,1.606,3.714,-4.226,3.487
59.71,1.554,-1.753,1.600,3.631,-4.228,3.511
59.72,1.563,-1.754,1.597,3.360,-4.228,3.485
59.73,1.602,-1.754,1.602,3.322,-4.228,3.458
59.74,1.599,-1.754,1.605,3.206,-4.228,3.416
59.75,1.516,-1.754,1.595,3.210,-4.228,3.381
59.76,1.761,-1.755,1.626,3.319,-4.228,3.371
59.77,1.856,-1.754,1.670,3.464,-4.229,3.386
59.78,1.861,-1.753,1.707,3.304,-4.228,3.373
59.79,1.743,-1.753,1.717,3.278,-4.229,3.356
59.80,1.536,-1.753,1.691,3.696,-4.229,3.413
59.81,1.454,-1.752,1.656,3.568,-4.228,3.440
59.82,1.743,-1.752,1.675,3.358,-4.228,3.426
59.83,1.709,-1.752,1.684,3.619,-4.228,3.459
59.84,1.554,-1.752,1.667,3.156,-4.228,3.408
59.85,1.602,-1.752,1.660,3.568,-4.227,3.436
59.86,1.685,-1.751,1.669,3.418,-4.226,3.434
59.87,1.591,-1.750,1.661,3.304,-4.227,3.411
59.88,1.720,-1.750,1.675,3.283,-4.226,3.391
59.89,1.681,-1.750,1.680,3.259,-4.226,3.368
59.90,1.497,-1.749,1.654,3.335,-4.227,3.363
59.91,1.668,-1.748,1.661,3.434,-4.227,3.374
59.92,1.570,-1.749,1.649,3.475,-4.227,3.391
59.93,1.599,-1.750,1.644,3.210,-4.227,3.361
59.94,1.587,-1.750,1.638,3.667,-4.227,3.412
59.95,1.594,-1.751,1.634,3.498,-4.228,3.426
59.96,1.476,-1.751,1.611,3.260,-4.228,3.398
59.97,1.631,-1.750,1.619,3.324,-4.228,3.386
59.98,1.961,-1.746,1.685,3.538,-4.230,3.410
59.99,1.797,-1.745,1.709,3.679,-4.231,3.455
60.00,1.769,-1.745,1.723,3.490,-4.231,3.461
60.01,1.688,-1.743,1.723,3.374,-4.231,3.447
60.02,1.405,-1.745,1.672,3.695,-4.230,3.490
60.03,1.725,-1.745,1.684,3.462,-4.230,3.485
60.04,1.478,-1.743,1.655,3.494,-4.230,3.487
60.05,1.465,-1.744,1.626,3.378,-4.230,3.469
60.06,1.712,-1.744,1.645,3.726,-4.230,3.513
60.07,1.783,-1.745,1.671,3.429,-4.229,3.499
60.08,1.500,-1.744,1.647,3.510,-4.229,3.501
60.09,1.688,-1.742,1.659,3.642,-4.230,3.525
60.10,1.607,-1.742,1.654,3.456,-4.230,3.513
60.11,1.369,-1.742,1.611,3.412,-4.229,3.497
60.12,1.639,-1.742,1.619,3.325,-4.229,3.468
60.13,1.499,-1.744,1.601,3.389,-4.229,3.455
60.14,1.830,-1.746,1.642,3.566,-4.229,3.475
60.15,1.430,-1.747,1.609,3.438,-4.230,3.467
60.16,1.626,-1.746,1.616,3.528,-4.230,3.477
60.17,1.724,-1.744,1.640,3.554,-4.231,3.490
60.18,1.551,-1.744,1.629,3.427,-4.231,3.480
60.19,1.809,-1.742,1.664,3.514,-4.230,3.487
60.20,1.629,-1.743,1.661,3.434,-4.230,3.478
60.21,1.719,-1.742,1.675,3.351,-4.231,3.456
60.22,1.472,-1.742,1.645,3.564,-4.230,3.475
60.23,1.716,-1.743,1.660,2.923,-4.230,3.382
60.24,1.480,-1.739,1.637,3.295,-4.230,3.367
60.25,1.876,-1.739,1.681,3.529,-4.230,3.395
60.26,1.635,-1.740,1.677,3.487,-4.230,3.411
60.27,1.840,-1.738,1.709,3.697,-4.231,3.458
60.28,1.653,-1.739,1.702,3.497,-4.231,3.465
60.29,1.767,-1.738,1.718,3.639,-4.230,3.494
60.30,1.701,-1.738,1.719,3.464,-4.230,3.490
60.31,1.788,-1.736,1.736,3.562,-4.231,3.501
60.32,1.733,-1.736,1.739,3.432,-4.230,3.491
60.33,1.699,-1.736,1.736,3.667,-4.231,3.520
60.34,1.416,-1.738,1.685,3.151,-4.232,3.457
60.35,1.409,-1.737,1.643,3.231,-4.233,3.418
60.36,1.579,-1.736,1.637,3.436,-4.235,3.420
60.37,1.518,-1.735,1.622,3.493,-4.237,3.431
60.38,1.657,-1.734,1.632,3.747,-4.236,3.484
60.39,1.552,-1.732,1.624,3.176,-4.236,3.433
60.40,1.622,-1.732,1.627,3.519,-4.235,3.448
60.41,1.981,-1.731,1.691,3.637,-4.235,3.480
60.42,1.982,-1.730,1.745,3.784,-4.235,3.531
60.43,1.734,-1.729,1.747,3.321,-4.236,3.496
60.44,2.146,-1.729,1.818,3.346,-4.237,3.470
60.45,1.671,-1.730,1.796,3.482,-4.238,3.471
60.46,1.585,-1.731,1.764,3.307,-4.238,3.444
60.47,1.605,-1.730,1.742,3.297,-4.239,3.418
60.48,1.289,-1.730,1.669,3.375,-4.240,3.410
60.49,1.544,-1.728,1.653,3.120,-4.240,3.361
60.50,1.391,-1.726,1.614,3.209,-4.241,3.334
60.51,1.314,-1.725,1.567,3.133,-4.240,3.301
60.52,1.410,-1.725,1.544,3.465,-4.240,3.329
60.54,1.682,-1.725,1.571,3.470,-4.239,3.354
60.55,1.572,-1.724,1.576,3.698,-4.240,3.411
60.56,1.537,-1.722,1.574,3.495,-4.241,3.424
60.57,1.676,-1.722,1.594,3.548,-4.241,3.445
60.58,1.504,-1.720,1.584,3.621,-4.243,3.473
60.58,1.706,-1.720,1.608,3.566,-4.241,3.490
60.59,1.821,-1.721,1.647,3.793,-4.241,3.541
60.60,1.938,-1.721,1.699,3.463,-4.243,3.527
60.62,1.805,-1.720,1.721,3.741,-4.245,3.562
60.62,1.820,-1.719,1.743,3.626,-4.247,3.571
60.64,1.661,-1.719,1.732,3.517,-4.247,3.562
60.64,1.713,-1.721,1.731,3.533,-4.247,3.557
60.66,1.766,-1.722,1.740,3.099,-4.249,3.479
60.67,1.347,-1.721,1.678,3.163,-4.249,3.426
60.68,1.605,-1.721,1.669,3.343,-4.250,3.411
60.69,1.369,-1.721,1.622,3.182,-4.251,3.372
60.70,1.523,-1.721,1.608,3.325,-4.250,3.365
60.71,1.895,-1.721,1.660,3.216,-4.249,3.340
60.72,1.985,-1.720,1.719,3.165,-4.251,3.309
60.73,1.597,-1.720,1.702,3.312,-4.251,3.309
60.74,1.882,-1.720,1.736,3.407,-4.251,3.326
60.75,1.681,-1.719,1.731,3.666,-4.252,3.382
60.76,1.658,-1.719,1.722,3.535,-4.252,3.408
60.77,1.498,-1.721,1.686,3.457,-4.252,3.416
60.78,1.379,-1.723,1.636,3.459,-4.252,3.424
60.79,1.274,-1.724,1.578,3.352,-4.250,3.413
60.80,1.299,-1.726,1.533,3.831,-4.251,3.483
60.81,1.302,-1.725,1.498,3.527,-4.250,3.491
60.82,1.279,-1.724,1.465,3.509,-4.250,3.495
60.83,1.612,-1.724,1.493,3.640,-4.249,3.520
60.84,1.433,-1.725,1.485,3.339,-4.250,3.489
60.85,1.518,-1.725,1.494,3.384,-4.251,3.470
60.86,1.812,-1.725,1.550,3.600,-4.253,3.491
60.87,1.649,-1.725,1.571,3.405,-4.252,3.477
60.88,1.393,-1.723,1.545,3.248,-4.252,3.439
60.89,1.684,-1.723,1.572,3.449,-4.251,3.442
60.90,1.847,-1.722,1.622,3.481,-4.251,3.448
60.91,1.681,-1.721,1.636,3.419,-4.252,3.443
60.92,1.933,-1.720,1.690,3.475,-4.253,3.448
60.93,1.507,-1.719,1.664,3.552,-4.255,3.464
