elapsed_sec,pitch_accel,pitch_gyro,pitch_kalman,roll_accel,roll_gyro,roll_kalman
3.89,1.769,-0.001,-0.000,3.564,0.001,0.002
3.90,1.652,-0.000,0.001,3.579,0.003,0.007
3.91,1.738,0.001,0.005,3.463,0.003,0.010
3.92,1.904,0.002,0.008,3.486,0.006,0.017
3.93,1.734,0.000,0.009,3.728,0.007,0.025
3.94,1.463,0.001,0.013,3.387,0.007,0.031
3.95,1.882,0.000,0.016,3.615,0.008,0.041
3.96,2.092,-0.001,0.020,3.743,0.009,0.052
3.97,1.849,-0.003,0.024,3.494,0.010,0.063
3.98,1.774,-0.001,0.032,3.500,0.011,0.075
3.99,1.403,-0.001,0.037,3.689,0.010,0.087
4.00,1.872,0.000,0.045,3.725,0.011,0.103
4.01,1.698,-0.000,0.052,3.579,0.012,0.119
4.02,1.782,-0.003,0.058,3.660,0.014,0.138
4.03,1.772,-0.003,0.066,3.600,0.015,0.157
4.04,1.739,-0.002,0.076,3.560,0.016,0.175
4.05,1.990,-0.001,0.088,3.324,0.018,0.195
4.06,2.092,-0.000,0.101,3.549,0.018,0.215
4.07,1.944,0.001,0.114,3.619,0.019,0.238
4.08,2.082,0.001,0.127,3.591,0.020,0.262
4.09,1.633,0.004,0.141,3.607,0.021,0.286
4.10,1.572,0.005,0.153,3.666,0.022,0.312
4.11,1.743,0.006,0.165,3.472,0.022,0.337
4.12,1.809,0.006,0.179,3.900,0.022,0.365
4.13,1.881,0.005,0.192,3.642,0.023,0.394
4.14,1.714,0.004,0.205,3.320,0.025,0.422
4.15,1.877,0.002,0.218,3.947,0.026,0.455
4.16,1.912,0.002,0.234,3.935,0.026,0.488
4.17,1.924,0.002,0.251,3.942,0.028,0.523
4.18,1.731,0.004,0.267,3.781,0.027,0.556
4.19,1.796,0.004,0.284,3.649,0.027,0.589
4.20,1.775,0.005,0.301,3.502,0.026,0.620
4.21,1.410,0.004,0.313,3.558,0.027,0.654
4.22,1.897,0.002,0.330,4.024,0.028,0.695
4.23,1.635,0.003,0.346,3.732,0.031,0.734
4.24,1.769,0.001,0.362,3.814,0.034,0.775
4.25,1.947,-0.001,0.380,3.449,0.034,0.810
4.26,2.062,0.001,0.404,3.667,0.035,0.848
4.27,1.851,0.003,0.426,3.931,0.033,0.888
4.28,2.034,0.005,0.450,3.611,0.033,0.925
4.29,1.849,0.002,0.466,3.450,0.032,0.961
4.30,1.692,-0.001,0.482,3.690,0.031,1.000
4.31,1.668,-0.001,0.499,3.507,0.033,1.040
4.32,1.632,-0.002,0.517,3.529,0.035,1.081
4.33,1.960,-0.002,0.539,3.454,0.035,1.119
4.34,1.720,-0.004,0.556,3.516,0.037,1.160
4.35,1.980,-0.008,0.576,3.621,0.038,1.202
4.36,1.928,-0.007,0.599,3.653,0.039,1.244
4.37,1.724,-0.009,0.618,3.673,0.041,1.289
4.38,1.905,-0.009,0.641,3.469,0.040,1.327
4.39,1.669,-0.008,0.661,3.456,0.040,1.366
4.40,1.588,-0.009,0.677,3.603,0.039,1.406
4.41,1.698,-0.008,0.698,3.517,0.037,1.445
4.42,1.690,-0.006,0.719,3.732,0.037,1.490
4.43,1.733,-0.006,0.740,3.667,0.037,1.533
4.44,1.931,-0.006,0.764,3.464,0.036,1.572
4.45,1.735,-0.004,0.786,3.571,0.038,1.616
4.46,1.931,-0.003,0.811,3.629,0.039,1.660
4.47,1.877,-0.002,0.835,3.591,0.041,1.703
4.48,1.867,-0.002,0.857,3.547,0.041,1.744
4.49,1.727,-0.002,0.877,3.704,0.043,1.790
4.50,1.493,-0.001,0.894,3.688,0.043,1.834
4.51,1.675,-0.004,0.910,3.456,0.044,1.874
4.52,1.862,-0.005,0.932,3.690,0.046,1.921
4.53,1.844,-0.006,0.953,3.436,0.047,1.959
4.54,1.783,-0.005,0.975,3.593,0.046,2.000
4.55,1.923,-0.004,1.000,3.644,0.047,2.043
4.56,1.859,-0.004,1.022,3.969,0.047,2.091
4.57,1.960,-0.005,1.045,3.815,0.045,2.134
4.58,1.941,-0.004,1.069,3.893,0.045,2.180
4.59,2.283,-0.005,1.099,3.813,0.048,2.227
4.60,1.937,-0.005,1.122,3.969,0.049,2.275
4.61,1.996,-0.003,1.148,3.665,0.050,2.317
4.62,2.112,-0.004,1.173,3.490,0.052,2.355
4.63,1.841,-0.004,1.194,3.629,0.053,2.395
4.64,1.815,-0.004,1.213,3.611,0.055,2.435
4.65,1.894,-0.003,1.235,3.299,0.056,2.466
4.66,1.980,-0.004,1.257,3.966,0.056,2.511
4.67,2.138,-0.005,1.282,4.066,0.056,2.558
4.68,2.031,-0.005,1.305,4.146,0.056,2.606
4.69,1.989,-0.003,1.330,4.177,0.056,2.656
4.70,1.769,-0.006,1.344,3.800,0.059,2.699
4.71,1.688,-0.007,1.357,3.933,0.061,2.742
4.72,2.007,-0.008,1.379,3.974,0.063,2.786
4.73,1.969,-0.006,1.401,3.759,0.065,2.825
4.74,1.770,-0.008,1.415,3.537,0.065,2.855
4.75,1.948,-0.008,1.435,3.330,0.066,2.881
4.76,1.720,-0.007,1.450,3.416,0.064,2.906
4.77,1.988,-0.008,1.469,3.743,0.066,2.942
4.78,1.802,-0.009,1.484,3.178,0.066,2.962
4.79,1.946,-0.009,1.502,3.362,0.066,2.986
4.80,1.653,-0.008,1.515,3.508,0.063,3.010
4.81,1.695,-0.008,1.527,3.333,0.062,3.031
4.82,1.543,-0.009,1.534,3.317,0.062,3.053
4.83,1.859,-0.007,1.552,3.205,0.062,3.072
4.84,1.558,-0.006,1.560,3.300,0.064,3.093
4.85,1.674,-0.006,1.571,3.205,0.064,3.111
4.86,1.876,-0.003,1.589,3.565,0.065,3.138
4.87,1.734,-0.003,1.600,3.271,0.064,3.155
4.88,1.687,-0.004,1.609,3.352,0.064,3.175
4.89,1.594,-0.004,1.617,3.371,0.063,3.193
4.90,1.782,-0.006,1.627,3.312,0.065,3.213
4.91,1.513,-0.006,1.632,3.507,0.064,3.235
4.93,1.711,-0.007,1.641,3.369,0.064,3.253
4.94,1.843,-0.008,1.653,3.811,0.063,3.281
4.95,1.637,-0.008,1.660,3.709,0.063,3.307
4.95,1.939,-0.010,1.673,3.519,0.063,3.328
4.96,1.918,-0.010,1.687,3.455,0.064,3.348
4.98,1.528,-0.010,1.692,3.849,0.065,3.377
4.99,1.767,-0.009,1.702,3.784,0.065,3.403
4.99,1.777,-0.007,1.714,3.666,0.066,3.427
5.01,1.876,-0.006,1.727,3.486,0.065,3.443
5.01,2.057,-0.005,1.745,3.439,0.066,3.459
5.03,1.713,-0.006,1.751,3.838,0.066,3.485
5.04,1.980,-0.005,1.767,3.604,0.066,3.505
5.05,1.704,-0.004,1.775,3.320,0.064,3.514
5.06,1.855,-0.001,1.787,3.696,0.066,3.536
5.07,1.598,-0.001,1.791,3.633,0.067,3.555
5.08,1.820,0.000,1.801,3.571,0.069,3.573
5.09,2.008,-0.001,1.814,3.532,0.069,3.587
5.10,1.681,-0.000,1.818,3.533,0.069,3.601
5.11,1.602,0.002,1.822,3.846,0.070,3.624
5.12,1.583,0.003,1.825,3.497,0.069,3.635
5.13,1.977,0.004,1.837,3.866,0.069,3.658
5.14,1.646,0.003,1.840,3.577,0.070,3.672
5.15,1.935,0.005,1.852,3.553,0.070,3.684
5.16,1.701,0.006,1.857,3.895,0.068,3.704
5.17,1.919,0.010,1.870,3.859,0.067,3.722
5.18,1.766,0.012,1.877,3.612,0.065,3.733
5.19,1.612,0.013,1.878,3.699,0.065,3.748
5.20,1.653,0.013,1.880,3.715,0.067,3.764
5.21,1.655,0.010,1.878,3.646,0.067,3.778
5.22,1.716,0.009,1.880,3.722,0.069,3.794
5.23,1.864,0.006,1.884,3.451,0.071,3.800
5.24,1.839,0.005,1.890,3.625,0.072,3.811
5.25,1.985,0.004,1.899,4.209,0.069,3.836
5.26,2.381,0.007,1.923,4.962,0.065,3.880
5.27,1.608,0.009,1.925,3.556,0.058,3.879
5.28,1.980,0.010,1.935,2.844,0.053,3.860
5.29,1.568,0.013,1.934,3.909,0.049,3.872
5.30,1.636,0.016,1.936,3.280,0.043,3.865
5.31,1.602,0.018,1.936,3.625,0.041,3.871
5.32,1.548,0.019,1.933,3.228,0.040,3.867
5.33,1.870,0.019,1.938,3.349,0.041,3.867
5.34,2.025,0.018,1.947,3.412,0.040,3.867
5.35,1.847,0.021,1.955,3.402,0.039,3.868
5.36,1.762,0.025,1.959,3.371,0.034,3.863
5.37,2.043,0.028,1.972,3.551,0.031,3.865
5.38,2.133,0.031,1.987,3.601,0.027,3.867
5.39,1.654,0.032,1.985,3.679,0.023,3.872
5.40,1.808,0.033,1.989,3.966,0.019,3.885
5.41,1.822,0.035,1.992,3.630,0.018,3.891
5.42,1.625,0.033,1.987,3.565,0.017,3.894
5.43,1.884,0.033,1.990,3.773,0.016,3.904
5.44,1.802,0.032,1.990,3.809,0.015,3.913
5.45,1.728,0.031,1.989,3.548,0.012,3.914
5.46,1.768,0.031,1.989,3.433,0.013,3.914
5.47,1.744,0.031,1.988,3.860,0.015,3.928
5.48,2.218,0.031,2.002,4.106,0.015,3.947
5.49,1.955,0.031,2.007,3.726,0.012,3.952
5.50,1.604,0.034,2.004,3.304,0.010,3.943
5.51,1.711,0.035,2.004,3.588,0.007,3.944
5.52,1.658,0.037,2.002,3.607,0.005,3.945
5.53,1.661,0.040,2.001,3.313,0.003,3.937
5.54,1.764,0.040,2.000,3.599,0.005,3.942
5.55,1.645,0.041,1.997,3.589,0.008,3.949
5.56,1.811,0.040,1.996,3.618,0.012,3.955
5.57,1.976,0.039,2.000,3.589,0.017,3.962
5.58,1.915,0.038,2.003,3.722,0.019,3.969
5.59,1.763,0.037,2.001,3.497,0.019,3.967
5.60,1.708,0.039,2.000,3.729,0.016,3.970
5.61,1.911,0.041,2.005,3.623,0.014,3.969
5.62,1.462,0.042,1.995,3.674,0.012,3.971
5.63,1.855,0.044,1.999,3.667,0.009,3.971
5.64,1.604,0.044,1.993,3.731,0.007,3.973
5.65,1.872,0.045,1.995,3.601,0.005,3.972
5.66,2.061,0.047,2.005,4.131,0.003,3.988
5.67,1.719,0.049,2.004,3.764,0.001,3.990
5.68,1.911,0.050,2.007,3.629,-0.002,3.989
5.69,2.103,0.051,2.016,3.856,-0.001,3.996
5.70,1.938,0.051,2.019,3.906,-0.001,4.006
5.71,1.849,0.052,2.020,3.560,-0.001,4.004
5.72,1.990,0.052,2.025,3.722,0.002,4.011
5.73,1.904,0.051,2.026,3.324,0.003,4.003
5.74,2.002,0.051,2.030,3.650,0.005,4.005
5.75,1.984,0.052,2.035,3.819,0.008,4.013
5.76,1.746,0.051,2.031,3.484,0.010,4.010
5.77,2.012,0.050,2.035,3.599,0.012,4.010
5.78,1.967,0.050,2.037,3.683,0.013,4.012
5.79,2.064,0.051,2.044,3.385,0.011,4.002
5.80,2.036,0.054,2.052,3.165,0.009,3.985
5.81,1.968,0.055,2.056,2.752,0.005,3.954
5.82,2.562,0.053,2.074,2.846,0.013,3.937
5.83,0.543,0.058,2.037,5.432,0.012,3.992
5.84,1.933,0.062,2.043,3.510,0.012,3.987
5.85,1.697,0.063,2.038,3.137,0.013,3.971
5.86,1.805,0.064,2.036,3.372,0.014,3.964
5.87,1.799,0.064,2.034,3.733,0.015,3.967
5.88,1.644,0.062,2.025,3.523,0.014,3.962
5.89,1.468,0.062,2.012,3.688,0.014,3.963
5.90,1.991,0.062,2.016,3.353,0.013,3.952
5.91,1.897,0.065,2.019,3.352,0.010,3.940
5.92,1.748,0.064,2.014,3.402,0.008,3.930
5.93,1.940,0.064,2.016,3.562,0.006,3.926
5.94,1.720,0.065,2.012,2.987,0.004,3.904
5.95,1.416,0.066,1.999,3.833,0.003,3.909
5.96,2.116,0.066,2.006,3.444,0.000,3.900
5.97,1.742,0.069,2.005,3.402,-0.005,3.887
5.98,1.657,0.070,1.999,3.141,-0.007,3.871
5.99,1.592,0.070,1.990,3.519,-0.009,3.865
6.00,1.745,0.071,1.987,3.401,-0.010,3.858
6.01,1.947,0.071,1.989,3.524,-0.010,3.855
6.02,1.703,0.072,1.984,3.142,-0.009,3.841
6.03,1.636,0.071,1.977,3.852,-0.005,3.852
6.04,2.252,0.071,1.988,3.733,-0.007,3.854
6.05,1.789,0.068,1.982,3.445,-0.007,3.849
6.06,1.697,0.071,1.980,3.246,-0.009,3.836
6.07,1.866,0.071,1.980,3.614,-0.014,3.831
6.08,2.113,0.074,1.990,4.664,-0.020,3.857
6.09,1.892,0.075,1.991,3.076,-0.030,3.831
6.10,1.534,0.079,1.984,3.304,-0.034,3.817
6.11,1.602,0.079,1.976,3.315,-0.036,3.806
6.12,1.703,0.078,1.969,3.620,-0.035,3.808
6.13,1.964,0.079,1.973,3.719,-0.037,3.809
6.14,1.931,0.081,1.976,3.847,-0.038,3.816
6.15,1.849,0.085,1.978,3.510,-0.041,3.810
6.16,1.902,0.089,1.983,3.670,-0.045,3.807
6.17,1.533,0.092,1.974,4.051,-0.049,3.817
6.18,1.932,0.094,1.978,3.657,-0.052,3.816
6.19,1.967,0.096,1.982,3.703,-0.053,3.817
6.20,1.824,0.098,1.982,3.554,-0.051,3.817
6.21,1.884,0.098,1.982,3.684,-0.052,3.819
6.22,1.805,0.099,1.979,3.484,-0.054,3.812
6.23,2.342,0.101,1.995,3.996,-0.057,3.821
6.24,2.178,0.101,2.003,3.990,-0.061,3.828
6.25,1.743,0.103,1.999,3.947,-0.066,3.833
6.27,1.978,0.102,2.001,4.000,-0.075,3.836
6.28,2.013,0.105,2.007,3.745,-0.079,3.835
6.28,1.923,0.102,2.003,3.425,-0.079,3.829
6.29,2.239,0.100,2.011,3.941,-0.080,3.836
6.30,2.278,0.100,2.022,3.770,-0.083,3.838
6.31,1.929,0.102,2.024,4.083,-0.090,3.844
6.32,2.144,0.105,2.033,3.756,-0.096,3.842
6.33,2.165,0.106,2.041,3.935,-0.105,3.842
6.35,1.901,0.106,2.039,3.858,-0.109,3.845
6.36,2.168,0.105,2.045,3.879,-0.112,3.849
6.36,2.141,0.103,2.048,3.959,-0.113,3.857
6.38,1.800,0.104,2.044,3.471,-0.118,3.847
6.39,2.209,0.100,2.047,4.048,-0.120,3.857
6.40,2.171,0.104,2.058,3.549,-0.142,3.831
6.40,1.808,0.107,2.056,3.673,-0.159,3.816
6.42,2.058,0.112,2.063,3.592,-0.179,3.796
6.43,2.053,0.113,2.067,3.926,-0.195,3.790
6.44,2.077,0.117,2.074,3.970,-0.210,3.787
6.45,2.209,0.119,2.082,3.866,-0.217,3.789
6.46,1.773,0.115,2.072,3.569,-0.216,3.788
6.47,1.986,0.114,2.071,3.639,-0.219,3.787
6.48,1.615,0.111,2.057,3.553,-0.227,3.778
6.49,1.896,0.114,2.056,3.417,-0.252,3.748
6.50,2.014,0.118,2.061,3.167,-0.299,3.690
6.51,1.456,0.133,2.060,2.954,-0.421,3.555
6.52,2.223,0.146,2.080,3.950,-0.532,3.465
6.53,1.845,0.158,2.087,3.265,-0.649,3.351
6.53,1.852,0.182,2.105,4.105,-0.777,3.255
6.55,0.963,0.204,2.093,4.833,-0.933,3.158
6.56,0.715,0.226,2.073,4.245,-1.103,3.032
6.57,2.334,0.227,2.084,3.122,-1.289,2.861
6.58,0.969,0.248,2.072,4.963,-1.621,2.611
6.59,1.993,0.251,2.073,6.801,-2.001,2.379
6.60,2.040,0.232,2.054,5.195,-2.440,2.048
6.61,2.941,0.202,2.054,2.693,-2.927,1.606
6.62,3.779,0.160,2.067,3.178,-3.470,1.137
6.63,1.719,0.138,2.037,5.459,-4.065,0.704
6.64,0.102,0.087,1.930,8.216,-4.680,0.351
6.65,0.982,0.042,1.859,10.221,-5.281,0.085
6.66,2.375,0.017,1.851,6.443,-5.839,-0.243
6.67,3.199,-0.009,1.868,5.376,-6.416,-0.611
6.68,1.921,-0.017,1.863,8.648,-7.012,-0.883
6.69,0.494,-0.034,1.806,10.670,-7.646,-1.118
6.70,0.933,-0.043,1.772,9.750,-8.332,-1.422
6.71,2.602,-0.033,1.807,7.758,-9.137,-1.889
6.72,3.422,-0.002,1.888,5.919,-10.078,-2.526
6.73,2.059,0.045,1.940,12.381,-10.997,-2.924
6.74,2.915,0.081,2.007,15.295,-11.869,-3.168
6.75,1.666,0.121,2.037,16.196,-12.767,-3.391
6.76,2.999,0.133,2.080,14.875,-13.523,-3.509
6.77,3.272,0.164,2.149,12.361,-14.279,-3.694
6.78,2.709,0.220,2.222,12.861,-15.060,-3.878
6.79,4.019,0.291,2.349,15.489,-15.836,-3.965
6.80,2.819,0.371,2.443,18.755,-16.580,-3.912
6.81,2.252,0.456,2.523,18.936,-17.284,-3.810
6.82,0.292,0.529,2.529,25.473,-17.903,-3.421
6.83,-0.190,0.559,2.477,24.643,-18.458,-2.998
6.84,2.288,0.577,2.489,19.241,-19.038,-2.771
6.85,0.767,0.592,2.453,17.198,-19.663,-2.649
6.86,1.072,0.612,2.431,20.018,-20.310,-2.460
6.87,2.552,0.628,2.450,20.535,-21.005,-2.300
6.88,1.575,0.666,2.461,22.453,-21.721,-2.100
6.89,0.776,0.671,2.414,23.893,-22.469,-1.885
6.90,2.142,0.681,2.416,23.103,-23.223,-1.699
6.91,2.669,0.683,2.425,24.509,-23.966,-1.457
6.92,1.898,0.672,2.398,25.715,-24.709,-1.177
6.93,1.224,0.639,2.329,27.789,-25.490,-0.872
6.94,1.842,0.581,2.257,27.467,-26.291,-0.595
6.95,3.310,0.520,2.229,22.364,-27.137,-0.519
6.96,3.092,0.525,2.261,22.635,-28.032,-0.477
6.97,3.651,0.537,2.315,26.660,-28.920,-0.300
6.98,3.250,0.593,2.397,25.764,-29.741,-0.082
6.99,2.145,0.701,2.495,27.404,-30.503,0.246
7.00,4.971,0.737,2.606,34.590,-31.050,0.999
7.01,-0.239,0.790,2.571,32.529,-31.608,1.667
7.02,3.407,0.849,2.654,33.497,-32.121,2.397
7.03,1.003,0.862,2.616,33.304,-32.626,3.116
7.04,3.255,0.899,2.672,31.647,-33.128,3.775
7.05,0.931,0.940,2.658,30.849,-33.661,4.367
7.06,1.417,0.995,2.673,33.057,-34.219,4.993
7.07,0.871,1.037,2.658,35.634,-34.792,5.672
7.08,1.630,1.065,2.652,34.626,-35.381,6.294
7.09,2.271,1.090,2.662,32.255,-36.104,6.737
7.10,2.550,1.131,2.696,31.552,-36.838,7.110
7.11,0.912,1.228,2.734,35.612,-37.502,7.672
7.12,1.559,1.311,2.776,36.494,-38.152,8.266
7.13,2.701,1.354,2.813,38.602,-38.823,8.895
7.14,1.457,1.390,2.803,38.407,-39.445,9.556
7.15,-0.960,1.445,2.737,38.960,-40.074,10.214
7.16,4.561,1.481,2.824,40.400,-40.717,10.893
7.17,2.927,1.502,2.844,42.114,-41.249,11.719
7.18,2.369,1.513,2.836,42.420,-41.752,12.568
7.19,1.728,1.519,2.803,40.894,-42.198,13.407
7.20,1.480,1.526,2.765,42.961,-42.611,14.325
7.21,1.413,1.535,2.728,38.953,-43.068,15.058
7.22,2.528,1.526,2.707,42.778,-43.470,15.947
7.23,3.659,1.522,2.727,45.234,-43.760,17.000
7.24,2.181,1.516,2.700,43.085,-43.946,18.066
7.25,2.372,1.515,2.684,43.110,-44.100,19.137
7.26,2.212,1.515,2.663,43.640,-44.200,20.299
7.27,2.145,1.518,2.645,43.881,-44.235,21.458
7.28,1.797,1.517,2.613,41.897,-44.270,22.528
7.29,1.849,1.522,2.588,40.972,-44.350,23.498
7.30,2.354,1.528,2.580,42.078,-44.460,24.449
7.31,1.966,1.527,2.554,41.492,-44.592,25.337
7.32,2.403,1.525,2.542,42.377,-44.760,26.194
7.33,1.755,1.518,2.504,43.732,-44.922,27.077
7.34,1.498,1.504,2.453,43.980,-45.047,27.982
7.35,1.757,1.487,2.409,43.631,-45.138,28.887
7.36,2.817,1.472,2.400,42.198,-45.253,29.701
7.37,1.845,1.463,2.367,42.837,-45.406,30.476
7.38,2.137,1.455,2.345,44.993,-45.536,31.320
7.39,1.655,1.444,2.307,45.409,-45.612,32.208
7.40,2.217,1.437,2.290,45.116,-45.623,33.127
7.41,2.641,1.432,2.288,44.634,-45.597,34.041
7.42,2.495,1.425,2.280,43.348,-45.562,34.900
7.43,2.184,1.425,2.270,41.516,-45.572,35.637
7.44,1.736,1.427,2.248,42.682,-45.648,36.324
7.45,2.304,1.425,2.241,44.443,-45.705,37.064
7.46,2.415,1.425,2.239,44.187,-45.744,37.793
7.47,1.862,1.427,2.221,44.787,-45.758,38.545
7.48,2.424,1.425,2.219,45.282,-45.722,39.339
7.49,1.881,1.420,2.196,43.999,-45.667,40.090
7.50,1.763,1.423,2.178,42.891,-45.622,40.775
7.51,2.281,1.428,2.178,43.038,-45.591,41.431
7.52,2.141,1.430,2.172,43.164,-45.577,42.055
7.53,2.396,1.430,2.171,43.074,-45.570,42.650
7.54,2.395,1.435,2.175,42.337,-45.580,43.189
7.55,2.634,1.467,2.213,41.970,-45.580,43.708
7.56,2.264,1.523,2.261,42.179,-45.558,44.240
7.57,1.495,1.581,2.287,45.774,-45.512,44.887
7.58,1.789,1.620,2.302,44.755,-45.441,45.509
7.59,2.051,1.645,2.311,42.766,-45.393,46.027
7.60,2.060,1.678,2.327,42.036,-45.383,46.525
7.61,2.184,1.708,2.343,42.370,-45.411,46.924
7.62,2.226,1.737,2.360,44.037,-45.442,47.357
7.63,1.664,1.755,2.349,44.537,-45.459,47.806
7.64,1.590,1.768,2.329,43.368,-45.490,48.189
7.65,2.210,1.785,2.333,42.869,-45.534,48.532
7.66,2.448,1.810,2.353,42.780,-45.585,48.853
7.67,2.668,1.840,2.383,44.108,-45.631,49.208
7.68,2.212,1.865,2.394,44.284,-45.657,49.575
7.69,1.601,1.884,2.380,44.254,-45.672,49.939
7.70,1.769,1.902,2.370,44.379,-45.676,50.305
7.71,1.979,1.908,2.355,44.609,-45.676,50.669
7.72,1.947,1.909,2.334,43.516,-45.684,50.977
7.73,2.002,1.913,2.319,43.307,-45.715,51.246
7.74,2.000,1.915,2.302,43.807,-45.744,51.522
7.75,2.585,1.914,2.301,44.350,-45.763,51.813
7.76,2.440,1.916,2.297,44.500,-45.765,52.113
7.77,2.030,1.918,2.281,44.435,-45.738,52.480
7.78,2.174,1.919,2.270,43.965,-45.703,52.774
7.79,2.149,1.923,2.261,43.737,-45.673,53.044
7.81,2.345,1.928,2.258,43.685,-45.651,53.294
7.82,1.823,1.934,2.242,42.603,-45.657,53.473
7.83,1.807,1.938,2.223,43.431,-45.669,53.663
7.84,2.290,1.938,2.215,44.717,-45.636,53.927
7.85,1.978,1.941,2.202,43.575,-45.596,54.151
7.86,2.409,1.945,2.203,44.269,-45.544,54.398
7.86,1.818,1.948,2.184,43.726,-45.483,54.627
7.88,2.155,1.952,2.177,43.931,-45.415,54.860
7.89,2.378,1.953,2.176,44.290,-45.321,55.116
7.90,1.991,1.954,2.161,43.301,-45.233,55.327
7.90,2.467,1.954,2.161,42.563,-45.174,55.475
7.92,2.198,1.955,2.154,42.415,-45.134,55.593
7.93,2.502,1.954,2.154,42.310,-45.129,55.665
7.94,2.304,1.954,2.149,42.861,-45.152,55.721
7.95,2.180,1.950,2.137,42.842,-45.187,55.759
7.96,1.847,1.950,2.119,43.161,-45.231,55.793
7.97,2.222,1.950,2.112,43.892,-45.261,55.859
7.98,2.023,1.952,2.102,44.557,-45.260,55.968
7.99,2.164,1.957,2.099,44.364,-45.212,56.111
8.00,2.172,1.962,2.097,43.776,-45.134,56.256
8.01,2.381,1.965,2.100,42.842,-45.064,56.358
8.02,2.516,1.969,2.106,41.938,-45.032,56.386
8.03,2.373,1.969,2.105,42.528,-45.022,56.407
8.04,1.944,1.970,2.093,42.408,-45.031,56.400
8.05,2.421,1.970,2.094,43.208,-45.042,56.413
8.06,2.613,1.967,2.097,43.769,-45.035,56.455
8.07,2.050,1.965,2.085,42.486,-45.020,56.461
8.08,1.905,1.966,2.072,42.889,-45.008,56.470
8.09,2.179,1.964,2.064,42.687,-45.004,56.463
8.10,2.449,1.964,2.068,42.501,-45.023,56.422
8.11,2.199,1.964,2.063,42.830,-45.058,56.374
8.12,2.282,1.960,2.056,43.206,-45.092,56.373
8.13,1.845,1.961,2.042,43.828,-45.110,56.363
8.14,2.108,1.959,2.034,43.713,-45.102,56.372
8.15,2.009,1.959,2.024,43.614,-45.083,56.385
8.16,2.253,1.959,2.022,43.696,-45.048,56.410
8.17,2.336,1.959,2.024,43.367,-45.001,56.432
8.18,2.259,1.961,2.024,42.749,-44.954,56.431
8.19,2.451,1.962,2.030,42.846,-44.919,56.418
8.20,2.122,1.962,2.024,41.719,-44.929,56.322
8.21,2.406,1.963,2.029,42.456,-44.972,56.215
8.22,2.160,1.965,2.026,42.773,-45.021,56.111
8.23,1.917,1.970,2.020,43.764,-45.055,56.051
8.24,1.957,1.973,2.013,44.934,-45.045,56.068
8.25,1.833,1.976,2.002,43.747,-44.996,56.082
8.26,2.394,1.983,2.012,43.589,-44.925,56.108
8.27,2.516,1.989,2.026,42.395,-44.852,56.096
8.28,2.339,2.007,2.045,40.821,-44.821,55.990
8.29,2.322,2.031,2.068,40.682,-44.849,55.852
8.30,2.023,2.060,2.087,42.637,-44.912,55.708
8.31,1.888,2.074,2.087,43.701,-44.995,55.578
8.32,1.651,2.082,2.073,44.305,-45.057,55.486
8.33,1.937,2.088,2.067,43.594,-45.090,55.401
8.34,1.729,2.098,2.058,44.949,-45.086,55.392
8.35,2.097,2.102,2.055,44.145,-45.039,55.396
8.36,2.610,2.107,2.069,42.694,-44.988,55.357
8.37,2.198,2.114,2.071,42.496,-44.949,55.297
8.38,2.370,2.122,2.081,41.784,-44.935,55.189
8.39,2.500,2.139,2.103,42.006,-44.940,55.069
8.40,1.967,2.154,2.105,42.686,-44.974,54.941
8.41,2.369,2.165,2.116,43.904,-44.998,54.860
8.42,1.937,2.177,2.115,43.631,-45.001,54.791
8.43,1.729,2.189,2.107,42.648,-45.001,54.692
8.44,1.561,2.208,2.100,42.355,-45.004,54.582
8.45,1.772,2.231,2.105,43.238,-45.011,54.494
8.46,2.290,2.254,2.125,44.089,-45.006,54.443
8.47,1.588,2.261,2.107,44.499,-44.980,54.423
8.48,2.208,2.264,2.105,43.320,-44.950,54.368
8.49,2.177,2.265,2.100,42.494,-44.931,54.277
8.50,2.099,2.273,2.100,41.715,-44.937,54.135
8.51,2.832,2.296,2.136,40.907,-44.974,53.940
8.52,2.380,2.330,2.168,42.342,-45.042,53.760
8.53,2.281,2.370,2.203,42.840,-45.128,53.580
8.54,1.490,2.405,2.207,45.239,-45.187,53.503
8.55,1.611,2.430,2.205,45.264,-45.199,53.471
8.56,1.984,2.450,2.210,44.773,-45.168,53.464
8.57,1.838,2.459,2.199,45.195,-45.103,53.501
8.58,2.342,2.461,2.196,43.322,-45.033,53.482
8.59,2.508,2.460,2.197,41.796,-44.997,53.380
8.60,2.090,2.462,2.187,41.858,-45.021,53.221
8.61,2.870,2.468,2.205,41.709,-45.099,53.008
8.62,2.514,2.482,2.221,42.636,-45.187,52.815
8.63,1.695,2.498,2.211,44.567,-45.261,52.718
8.64,1.831,2.513,2.206,44.542,-45.291,52.643
8.65,2.196,2.525,2.209,45.051,-45.264,52.638
8.66,2.129,2.532,2.205,44.666,-45.194,52.662
8.67,2.241,2.533,2.198,42.887,-45.117,52.634
8.68,2.368,2.537,2.199,41.813,-45.081,52.531
8.69,2.267,2.545,2.201,41.170,-45.111,52.344
8.70,2.571,2.563,2.221,41.817,-45.183,52.139
8.71,2.509,2.581,2.239,43.517,-45.264,51.981
8.72,2.233,2.602,2.252,44.079,-45.329,51.858
8.73,1.794,2.626,2.253,44.250,-45.356,51.777
8.74,2.150,2.642,2.258,45.741,-45.336,51.788
8.75,1.917,2.651,2.247,44.692,-45.278,51.803
8.76,1.904,2.655,2.232,43.747,-45.203,51.801
8.77,2.702,2.656,2.239,43.038,-45.137,51.766
8.78,2.313,2.658,2.235,42.608,-45.108,51.682
8.79,2.232,2.660,2.229,42.333,-45.108,51.560
8.80,2.267,2.663,2.223,43.157,-45.134,51.455
8.81,2.243,2.659,2.212,43.452,-45.158,51.345
8.82,1.886,2.656,2.191,43.526,-45.177,51.243
8.83,2.167,2.657,2.183,43.530,-45.189,51.149
8.84,2.308,2.655,2.177,43.822,-45.190,51.074
8.85,2.330,2.652,2.170,43.468,-45.187,50.994
8.86,2.457,2.655,2.174,43.534,-45.171,50.928
8.87,2.738,2.667,2.194,42.589,-45.147,50.840
8.88,2.470,2.681,2.208,43.347,-45.125,50.775
8.89,2.071,2.695,2.209,43.129,-45.110,50.695
8.90,2.163,2.705,2.210,43.027,-45.105,50.602
8.91,2.389,2.713,2.215,43.443,-45.113,50.510
8.92,1.807,2.715,2.196,43.570,-45.129,50.415
8.93,2.229,2.715,2.190,43.189,-45.141,50.313
8.94,1.895,2.713,2.171,43.467,-45.147,50.226
8.95,2.347,2.705,2.160,43.695,-45.144,50.156
8.96,2.042,2.699,2.143,42.942,-45.142,50.061
8.97,2.180,2.696,2.133,42.909,-45.142,49.964
8.98,2.266,2.694,2.127,42.596,-45.142,49.860
8.99,2.233,2.692,2.121,43.307,-45.138,49.781
9.00,1.774,2.693,2.103,42.876,-45.129,49.694
9.01,2.303,2.693,2.101,43.031,-45.125,49.608
9.02,2.290,2.693,2.099,42.975,-45.123,49.519
9.03,2.074,2.692,2.089,43.124,-45.118,49.438
9.04,2.306,2.691,2.087,42.940,-45.114,49.350
9.05,1.853,2.689,2.070,42.429,-45.120,49.238
9.06,2.017,2.686,2.057,42.988,-45.138,49.134
9.07,1.871,2.684,2.042,43.391,-45.159,49.039
9.08,1.527,2.681,2.014,43.325,-45.183,48.941
9.09,2.306,2.679,2.013,43.320,-45.206,48.845
9.10,2.241,2.678,2.011,43.490,-45.219,48.765
9.11,2.124,2.682,2.011,43.200,-45.223,48.686
9.12,2.297,2.691,2.021,43.784,-45.206,48.646
9.13,2.148,2.698,2.023,44.333,-45.173,48.638
9.14,2.260,2.697,2.020,43.027,-45.141,48.596
9.15,2.436,2.696,2.025,42.564,-45.134,48.506
9.16,2.708,2.695,2.037,43.003,-45.144,48.415
9.17,2.229,2.695,2.036,43.129,-45.167,48.315
9.18,1.767,2.693,2.018,42.952,-45.198,48.204
9.19,1.865,2.693,2.006,43.514,-45.229,48.112
9.20,2.419,2.689,2.007,43.764,-45.241,48.047
9.21,2.044,2.687,1.999,43.659,-45.239,47.994
9.22,2.416,2.689,2.006,43.506,-45.227,47.946
9.23,2.237,2.689,2.007,43.289,-45.212,47.894
9.24,2.094,2.692,2.004,42.811,-45.205,47.820
9.25,2.180,2.693,2.004,43.753,-45.196,47.778
9.26,2.137,2.696,2.004,43.041,-45.191,47.709
9.27,2.423,2.696,2.010,42.928,-45.203,47.622
9.28,2.257,2.696,2.010,43.297,-45.220,47.542
9.29,2.579,2.693,2.018,43.519,-45.241,47.467
9.30,2.202,2.691,2.015,43.664,-45.263,47.396
9.31,2.181,2.690,2.012,43.957,-45.269,47.357
9.33,2.377,2.689,2.015,43.837,-45.256,47.325
9.34,2.396,2.688,2.020,43.095,-45.248,47.267
9.35,2.317,2.691,2.026,43.485,-45.248,47.212
9.36,2.119,2.694,2.025,43.618,-45.253,47.158
9.37,2.448,2.694,2.032,43.480,-45.264,47.094
9.38,2.586,2.695,2.044,43.570,-45.277,47.032
9.39,2.059,2.693,2.037,43.695,-45.286,46.979
9.40,2.358,2.693,2.040,43.777,-45.295,46.929
9.40,2.553,2.693,2.050,43.871,-45.298,46.887
9.42,2.676,2.692,2.063,44.031,-45.287,46.865
9.43,2.473,2.691,2.069,43.271,-45.274,46.821
9.44,2.590,2.689,2.078,43.468,-45.259,46.786
9.44,2.476,2.689,2.085,42.849,-45.255,46.721
9.46,1.529,2.688,2.062,42.297,-45.282,46.609
9.47,1.826,2.687,2.048,42.955,-45.340,46.490
9.48,1.989,2.684,2.038,43.002,-45.413,46.360
9.49,2.588,2.683,2.049,43.845,-45.481,46.264
9.50,2.222,2.696,2.062,43.229,-45.532,46.168
9.51,2.043,2.710,2.070,44.967,-45.543,46.166
9.52,2.284,2.719,2.080,44.252,-45.521,46.173
9.53,2.337,2.727,2.090,44.017,-45.482,46.189
9.54,2.869,2.728,2.110,43.708,-45.443,46.195
9.55,2.265,2.729,2.112,42.779,-45.425,46.151
9.56,2.489,2.728,2.118,42.968,-45.436,46.084
9.57,2.512,2.727,2.124,43.066,-45.462,46.007
9.58,2.320,2.730,2.128,43.611,-45.481,45.956
9.59,1.698,2.733,2.114,44.039,-45.488,45.929
9.60,1.600,2.737,2.097,43.852,-45.478,45.915
9.61,1.941,2.740,2.091,44.111,-45.451,45.923
9.62,2.159,2.740,2.089,43.555,-45.416,45.922
9.63,2.597,2.738,2.097,42.762,-45.393,45.885
9.64,2.037,2.735,2.088,42.813,-45.402,45.818
9.65,2.063,2.732,2.079,43.530,-45.423,45.762
9.66,2.112,2.729,2.073,44.158,-45.435,45.738
9.67,2.390,2.728,2.077,44.128,-45.417,45.740
9.68,2.229,2.728,2.078,44.558,-45.352,45.800
9.69,1.785,2.726,2.062,44.515,-45.251,45.890
9.70,2.110,2.719,2.052,43.738,-45.142,45.963
9.71,2.179,2.698,2.032,43.249,-45.040,46.010
9.72,2.207,2.677,2.012,41.011,-44.984,45.942
9.73,2.386,2.667,2.009,42.604,-44.974,45.878
9.74,2.386,2.651,2.001,42.712,-44.985,45.798
9.75,2.455,2.642,2.003,42.270,-45.017,45.686
9.76,2.055,2.638,1.996,43.251,-45.041,45.615
9.77,1.912,2.639,1.990,43.146,-45.043,45.562
9.78,1.984,2.645,1.993,44.481,-45.008,45.587
9.79,1.961,2.648,1.991,44.335,-44.939,45.641
9.80,2.207,2.647,1.992,43.079,-44.862,45.660
9.81,2.173,2.649,1.995,41.956,-44.815,45.616
9.82,2.436,2.649,2.005,41.995,-44.806,45.535
9.83,2.198,2.649,2.007,42.125,-44.833,45.427
9.84,2.397,2.647,2.013,42.770,-44.874,45.325
9.85,1.936,2.643,2.004,43.417,-44.903,45.257
9.86,2.229,2.638,2.002,43.837,-44.906,45.229
9.87,2.202,2.637,2.004,43.740,-44.878,45.229
9.88,2.633,2.640,2.023,43.214,-44.838,45.224
9.89,2.445,2.642,2.034,42.539,-44.811,45.184
9.90,2.322,2.643,2.041,42.394,-44.811,45.115
9.91,2.156,2.645,2.043,42.734,-44.827,45.041
9.92,2.303,2.641,2.045,43.025,-44.851,44.971
9.93,2.038,2.642,2.042,42.964,-44.870,44.904
9.94,2.432,2.647,2.056,42.762,-44.885,44.838
9.95,2.290,2.658,2.071,42.388,-44.906,44.754
9.96,2.438,2.675,2.096,42.235,-44.930,44.666
9.97,2.590,2.697,2.131,43.270,-44.945,44.620
9.98,2.338,2.716,2.153,44.016,-44.949,44.608
9.99,2.312,2.733,2.171,44.120,-44.934,44.618
10.00,2.187,2.749,2.185,44.060,-44.909,44.636
10.01,1.889,2.754,2.178,43.773,-44.879,44.648
10.02,1.740,2.755,2.164,42.577,-44.860,44.614
10.03,2.226,2.757,2.164,42.558,-44.849,44.570
10.04,1.742,2.758,2.150,43.469,-44.828,44.565
10.05,2.258,2.758,2.151,43.741,-44.781,44.594
10.06,2.343,2.752,2.149,43.343,-44.716,44.627
10.07,2.164,2.745,2.139,42.937,-44.652,44.645
10.08,1.562,2.742,2.116,41.818,-44.614,44.603
10.09,1.876,2.744,2.108,42.245,-44.605,44.545
10.10,2.097,2.746,2.106,41.551,-44.623,44.441
10.11,2.306,2.745,2.109,42.370,-44.672,44.335
10.12,2.224,2.743,2.108,42.445,-44.738,44.218
10.13,2.256,2.741,2.108,42.043,-44.819,44.076
10.14,2.562,2.742,2.120,43.337,-44.895,43.983
10.15,2.495,2.749,2.136,42.497,-44.958,43.878
10.16,2.334,2.769,2.158,43.176,-45.010,43.808
10.17,2.306,2.783,2.174,43.966,-45.043,43.784
10.18,1.867,2.797,2.175,43.612,-45.056,43.768
10.19,1.954,2.810,2.179,43.829,-45.052,43.776
10.20,1.861,2.814,2.171,44.014,-45.028,43.808
10.21,2.032,2.817,2.167,42.982,-45.007,43.805
10.22,1.735,2.821,2.155,42.782,-45.004,43.779
10.23,2.270,2.818,2.153,42.953,-45.020,43.740
10.24,2.028,2.818,2.146,42.133,-45.063,43.650
10.25,2.207,2.822,2.149,43.515,-45.108,43.603
10.26,2.050,2.822,2.143,44.289,-45.138,43.596
10.27,2.314,2.823,2.146,44.584,-45.135,43.631
10.28,1.967,2.822,2.137,43.190,-45.114,43.638
10.29,2.012,2.823,2.131,43.357,-45.092,43.652
10.30,2.132,2.823,2.128,43.160,-45.071,43.658
10.31,2.343,2.822,2.131,43.114,-45.061,43.652
10.32,1.920,2.823,2.123,43.106,-45.067,43.630
10.33,1.853,2.824,2.113,42.889,-45.086,43.590
10.34,2.330,2.824,2.117,43.093,-45.108,43.554
10.35,2.077,2.822,2.111,42.982,-45.130,43.515
10.36,2.226,2.824,2.113,43.512,-45.150,43.496
10.37,2.340,2.823,2.116,44.129,-45.155,43.511
10.38,2.157,2.824,2.115,42.859,-45.162,43.484
10.39,2.367,2.823,2.120,43.522,-45.171,43.476
10.40,1.950,2.821,2.110,42.770,-45.185,43.442
10.41,2.153,2.822,2.110,43.611,-45.207,43.425
10.42,2.247,2.822,2.111,44.103,-45.221,43.432
10.43,2.033,2.825,2.109,43.604,-45.222,43.437
10.44,1.900,2.827,2.102,44.037,-45.208,43.469
10.45,2.160,2.829,2.102,44.042,-45.164,43.530
10.46,2.561,2.830,2.115,42.911,-45.116,43.558
10.47,2.293,2.828,2.116,42.302,-45.093,43.542
10.48,2.286,2.828,2.119,42.838,-45.099,43.514
10.49,2.271,2.826,2.119,43.142,-45.122,43.481
10.50,2.481,2.825,2.127,43.757,-45.143,43.469
10.51,1.988,2.825,2.120,43.221,-45.149,43.455
10.52,1.828,2.822,2.106,42.651,-45.164,43.415
10.53,2.145,2.820,2.103,43.363,-45.187,43.391
10.54,2.321,2.818,2.104,43.404,-45.211,43.367
10.55,2.099,2.819,2.103,43.789,-45.231,43.361
10.56,2.161,2.818,2.101,43.369,-45.244,43.347
10.57,2.504,2.819,2.112,43.819,-45.241,43.365
10.58,2.583,2.820,2.125,43.693,-45.217,43.397
10.59,2.418,2.818,2.131,43.151,-45.193,43.413
10.60,2.255,2.819,2.134,42.872,-45.176,43.413
10.61,2.205,2.817,2.132,43.195,-45.177,43.405
10.62,2.350,2.817,2.137,43.001,-45.189,43.380
10.63,2.235,2.818,2.139,43.583,-45.205,43.370
10.64,2.240,2.818,2.140,43.017,-45.229,43.336
10.65,1.877,2.818,2.130,43.345,-45.246,43.319
10.66,1.989,2.818,2.124,44.236,-45.236,43.355
10.67,2.263,2.816,2.124,43.400,-45.223,43.370
10.68,2.762,2.815,2.141,43.647,-45.199,43.400
10.69,2.470,2.815,2.150,43.578,-45.173,43.431
10.70,2.324,2.816,2.154,42.585,-45.159,43.418
10.71,2.237,2.815,2.154,43.530,-45.150,43.430
10.73,1.874,2.817,2.146,43.381,-45.142,43.435
10.73,2.337,2.818,2.150,42.869,-45.135,43.425
10.74,2.211,2.816,2.149,42.998,-45.147,43.399
10.75,2.173,2.818,2.150,43.361,-45.167,43.377
10.77,2.023,2.818,2.145,43.696,-45.178,43.376
10.77,2.160,2.819,2.145,43.818,-45.188,43.379
10.79,2.422,2.819,2.152,43.692,-45.185,43.391
10.80,2.504,2.825,2.167,43.906,-45.166,43.425
10.81,1.970,2.827,2.162,42.743,-45.156,43.413
10.81,2.580,2.830,2.176,43.287,-45.159,43.406
10.82,1.884,2.831,2.166,43.097,-45.168,43.387
10.84,1.655,2.831,2.149,42.987,-45.179,43.364
10.85,2.075,2.833,2.147,43.936,-45.178,43.381
10.85,2.216,2.835,2.150,43.852,-45.174,43.399
10.87,1.916,2.837,2.143,42.833,-45.180,43.375
10.88,2.472,2.840,2.155,43.254,-45.188,43.363
10.89,2.414,2.843,2.164,43.516,-45.187,43.368
10.90,2.222,2.850,2.171,43.235,-45.176,43.374
10.91,2.104,2.862,2.179,43.774,-45.149,43.413
10.92,2.377,2.871,2.193,43.903,-45.114,43.460
10.93,2.260,2.876,2.198,42.249,-45.119,43.418
10.94,2.583,2.884,2.217,41.759,-45.155,43.332
10.95,2.213,2.900,2.230,43.051,-45.199,43.279
10.96,2.274,2.920,2.250,44.236,-45.232,43.275
10.97,1.834,2.930,2.246,43.713,-45.244,43.276
10.98,2.738,2.947,2.275,43.301,-45.232,43.288
10.99,1.752,2.966,2.276,44.049,-45.199,43.341
11.00,1.833,2.977,2.273,45.000,-45.154,43.436
11.01,2.728,2.977,2.285,42.889,-45.122,43.450
11.02,2.356,2.978,2.287,42.174,-45.133,43.400
11.03,1.921,2.979,2.275,42.946,-45.170,43.349
11.04,2.531,2.978,2.281,43.595,-45.217,43.310
11.05,1.974,2.976,2.267,44.226,-45.248,43.307
11.06,2.098,2.975,2.260,44.826,-45.247,43.354
11.07,2.521,2.972,2.264,43.534,-45.220,43.386
11.08,2.122,2.973,2.258,43.026,-45.201,43.393
11.09,2.473,2.973,2.263,43.114,-45.196,43.389
11.10,2.346,2.973,2.265,43.197,-45.199,43.380
11.11,2.732,2.973,2.278,43.456,-45.217,43.365
11.12,2.390,2.977,2.284,43.967,-45.214,43.386
11.13,2.154,2.977,2.279,44.145,-45.195,43.428
11.14,2.286,2.975,2.276,42.914,-45.188,43.419
11.15,2.172,2.974,2.270,42.813,-45.207,43.382
11.16,2.448,2.971,2.272,43.428,-45.236,43.355
11.17,2.413,2.969,2.273,43.836,-45.257,43.349
11.18,2.296,2.974,2.277,44.285,-45.243,43.391
11.19,2.135,2.976,2.274,44.835,-45.208,43.471
11.20,2.317,2.977,2.274,42.282,-45.199,43.443
11.21,2.277,2.977,2.273,42.773,-45.229,43.394
11.22,2.323,2.975,2.271,42.806,-45.278,43.329
11.23,2.207,2.974,2.267,43.659,-45.332,43.286
11.24,2.463,2.973,2.271,44.275,-45.364,43.286
11.25,2.403,2.973,2.274,45.347,-45.345,43.367
11.26,2.667,2.972,2.284,43.859,-45.306,43.422
11.27,2.461,2.972,2.288,43.654,-45.273,43.462
11.28,2.572,2.972,2.296,42.994,-45.256,43.466
11.29,2.783,2.972,2.310,42.927,-45.260,43.447
11.30,2.501,2.970,2.313,43.031,-45.294,43.401
11.31,2.100,2.970,2.306,43.894,-45.335,43.378
11.32,1.937,2.970,2.294,44.022,-45.363,43.372
11.33,2.185,2.972,2.292,44.227,-45.366,43.396
11.34,2.060,2.972,2.283,44.139,-45.349,43.436
11.35,2.380,2.974,2.288,43.445,-45.321,43.466
11.36,2.335,2.976,2.290,43.195,-45.282,43.497
11.37,2.510,2.979,2.298,43.170,-45.241,43.528
11.38,2.057,2.979,2.291,42.984,-45.218,43.535
11.39,2.316,2.981,2.292,42.994,-45.212,43.526
11.40,2.551,2.979,2.297,43.254,-45.234,43.497
11.41,2.067,2.976,2.287,43.624,-45.276,43.461
11.42,2.268,2.976,2.285,43.751,-45.318,43.431
11.43,1.976,2.976,2.275,44.112,-45.338,43.433
11.44,2.174,2.981,2.275,43.686,-45.336,43.445
11.45,2.116,2.985,2.274,43.940,-45.327,43.470
11.46,2.158,2.987,2.271,43.382,-45.321,43.475
11.47,2.375,2.989,2.275,43.430,-45.319,43.477
11.48,2.154,2.989,2.270,43.404,-45.313,43.482
11.49,2.115,2.989,2.265,43.271,-45.309,43.481
11.50,2.255,2.989,2.263,43.842,-45.301,43.501
11.51,2.205,2.991,2.262,44.589,-45.268,43.568
11.52,2.404,2.991,2.265,42.651,-45.238,43.571
11.53,2.400,2.991,2.267,42.856,-45.234,43.554
11.54,2.340,2.991,2.269,43.235,-45.244,43.536
11.55,2.130,2.993,2.265,44.014,-45.252,43.544
11.56,2.166,2.993,2.261,43.142,-45.265,43.521
11.57,2.378,2.990,2.261,43.884,-45.274,43.525
11.58,2.524,2.987,2.265,43.449,-45.275,43.523
11.59,1.851,2.988,2.252,43.357,-45.277,43.517
11.60,2.364,2.986,2.253,43.705,-45.270,43.531
11.61,2.378,2.990,2.259,43.388,-45.254,43.544
11.62,2.389,2.999,2.271,42.641,-45.244,43.527
11.63,2.242,3.010,2.279,43.827,-45.241,43.541
11.64,2.069,3.013,2.275,43.504,-45.237,43.544
11.65,2.564,3.014,2.283,43.218,-45.249,43.524
11.66,2.029,3.013,2.274,43.409,-45.266,43.505
11.67,2.318,3.011,2.272,43.484,-45.282,43.490
11.68,2.083,3.011,2.266,44.218,-45.280,43.516
11.69,2.194,3.012,2.262,43.426,-45.270,43.523
11.70,2.329,3.012,2.264,43.235,-45.267,43.519
11.71,2.220,3.014,2.263,42.357,-45.276,43.476
11.72,2.022,3.035,2.275,42.132,-45.296,43.416
11.73,2.599,3.060,2.308,43.912,-45.305,43.423
11.74,2.205,3.075,2.318,44.552,-45.292,43.470
11.75,1.894,3.082,2.310,43.592,-45.286,43.481
11.76,2.016,3.087,2.305,43.533,-45.287,43.482
11.77,2.096,3.088,2.298,43.662,-45.299,43.478
11.78,2.164,3.089,2.293,43.611,-45.314,43.468
11.79,2.308,3.090,2.293,43.848,-45.324,43.471
11.80,2.319,3.091,2.293,43.739,-45.320,43.484
11.81,2.344,3.093,2.296,43.431,-45.312,43.492
11.82,1.952,3.095,2.285,43.242,-45.305,43.492
11.83,2.433,3.096,2.289,43.202,-45.299,43.490
11.84,2.064,3.100,2.284,43.473,-45.292,43.498
11.85,2.181,3.104,2.284,44.166,-45.266,43.544
11.86,2.594,3.106,2.294,43.070,-45.236,43.560
11.87,2.463,3.108,2.299,43.642,-45.226,43.573
11.88,2.306,3.108,2.298,42.731,-45.233,43.541
11.89,2.270,3.108,2.295,42.685,-45.267,43.483
11.90,2.251,3.105,2.289,43.500,-45.311,43.442
11.91,1.879,3.104,2.274,44.155,-45.346,43.430
11.92,2.457,3.103,2.278,43.807,-45.369,43.421
11.93,2.380,3.103,2.279,43.938,-45.385,43.422
11.94,2.343,3.104,2.281,44.038,-45.379,43.448
11.95,2.429,3.107,2.286,43.356,-45.363,43.461
11.96,2.686,3.110,2.300,43.543,-45.347,43.481
11.97,2.175,3.117,2.302,43.682,-45.329,43.506
11.98,2.278,3.120,2.302,43.812,-45.313,43.533
11.99,2.227,3.121,2.300,43.187,-45.306,43.530
12.00,2.384,3.121,2.300,43.402,-45.306,43.527
12.01,2.060,3.122,2.293,43.207,-45.313,43.512
12.02,2.112,3.122,2.286,43.141,-45.333,43.483
12.03,1.750,3.123,2.269,42.975,-45.362,43.440
12.04,2.433,3.120,2.270,44.037,-45.389,43.433
12.05,2.017,3.123,2.263,44.333,-45.403,43.449
12.06,2.440,3.126,2.270,43.925,-45.401,43.466
12.07,2.326,3.132,2.275,44.192,-45.382,43.509
12.08,1.766,3.136,2.262,43.863,-45.359,43.543
12.09,2.655,3.137,2.273,43.101,-45.350,43.540
12.10,2.291,3.137,2.272,42.935,-45.362,43.512
12.11,2.315,3.137,2.271,43.091,-45.386,43.477
12.12,2.559,3.135,2.277,43.307,-45.417,43.444
12.13,2.418,3.136,2.281,43.896,-45.437,43.440
12.14,1.960,3.139,2.272,44.164,-45.437,43.463
12.15,2.690,3.141,2.285,43.585,-45.424,43.481
12.16,2.308,3.143,2.286,44.288,-45.406,43.525
12.17,2.304,3.146,2.288,44.052,-45.377,43.572
12.18,2.420,3.147,2.292,43.921,-45.342,43.618
12.19,2.442,3.148,2.296,43.093,-45.312,43.633
12.20,1.980,3.149,2.285,43.566,-45.290,43.655
12.21,2.536,3.150,2.293,43.308,-45.269,43.667
12.23,2.459,3.148,2.295,43.307,-45.252,43.675
12.24,2.184,3.144,2.286,42.982,-45.257,43.651
12.25,2.371,3.141,2.284,43.322,-45.271,43.628
12.26,1.981,3.140,2.272,43.572,-45.278,43.621
12.27,2.280,3.136,2.268,44.071,-45.271,43.643
12.28,2.424,3.135,2.270,43.680,-45.254,43.662
12.29,2.220,3.134,2.266,44.370,-45.214,43.725
12.30,2.817,3.133,2.280,43.250,-45.168,43.757
12.31,2.447,3.133,2.284,42.679,-45.135,43.757
12.32,2.052,3.132,2.274,42.046,-45.138,43.704
12.32,2.139,3.129,2.266,42.923,-45.170,43.649
12.34,1.962,3.129,2.255,43.232,-45.207,43.602
12.35,2.440,3.126,2.257,43.383,-45.251,43.552
12.35,1.939,3.124,2.244,43.692,-45.293,43.517
12.36,1.823,3.121,2.227,44.200,-45.311,43.520
12.38,2.640,3.122,2.239,44.841,-45.292,43.580
12.39,2.231,3.124,2.239,44.484,-45.241,43.658
12.40,2.028,3.128,2.235,43.318,-45.166,43.723
12.41,2.265,3.130,2.236,42.431,-45.120,43.729
12.42,1.998,3.132,2.229,42.517,-45.114,43.698
12.43,2.362,3.131,2.231,42.977,-45.124,43.666
12.44,1.881,3.134,2.221,43.225,-45.146,43.631
12.45,2.198,3.133,2.218,43.238,-45.166,43.600
12.46,2.268,3.133,2.218,43.595,-45.182,43.585
12.47,2.197,3.134,2.216,43.487,-45.190,43.574
12.48,2.423,3.133,2.221,43.993,-45.194,43.583
12.49,2.598,3.133,2.230,43.978,-45.184,43.605
12.50,1.836,3.132,2.216,43.338,-45.173,43.608
12.51,2.289,3.133,2.217,43.527,-45.159,43.619
12.52,1.719,3.133,2.201,43.438,-45.140,43.632
12.53,2.412,3.134,2.206,42.711,-45.124,43.619
12.54,2.631,3.134,2.217,43.228,-45.111,43.620
12.55,2.532,3.130,2.222,42.891,-45.099,43.609
12.56,2.585,3.127,2.229,43.151,-45.090,43.603
12.57,2.448,3.124,2.231,43.295,-45.083,43.600
12.58,2.145,3.122,2.225,43.455,-45.070,43.607
12.59,2.478,3.119,2.229,43.391,-45.068,43.601
12.60,1.752,3.116,2.210,43.496,-45.066,43.599
12.61,2.242,3.117,2.210,43.382,-45.061,43.596
12.62,2.293,3.117,2.211,43.234,-45.054,43.591
12.63,2.138,3.115,2.206,43.344,-45.046,43.590
12.64,2.117,3.112,2.199,43.163,-45.047,43.575
12.65,2.147,3.111,2.195,43.184,-45.060,43.548
12.66,2.267,3.110,2.195,43.297,-45.079,43.521
12.67,2.273,3.108,2.194,43.315,-45.098,43.495
12.68,2.505,3.105,2.200,43.980,-45.104,43.503
12.69,1.930,3.104,2.189,43.724,-45.096,43.516
12.70,2.617,3.104,2.201,43.967,-45.068,43.556
12.71,2.016,3.106,2.196,43.491,-45.024,43.595
12.72,2.159,3.105,2.193,42.838,-44.996,43.597
12.73,2.376,3.107,2.199,42.920,-44.987,43.584
12.74,2.602,3.107,2.210,42.609,-44.991,43.548
12.75,2.301,3.106,2.211,43.227,-45.000,43.528
12.76,1.673,3.105,2.192,43.358,-45.003,43.517
12.77,2.532,3.104,2.201,43.525,-45.004,43.514
12.78,2.376,3.102,2.203,43.900,-45.002,43.526
12.79,2.198,3.105,2.204,43.503,-44.987,43.538
12.80,2.757,3.103,2.219,43.265,-44.976,43.538
12.81,2.371,3.103,2.222,42.799,-44.983,43.507
12.82,2.600,3.099,2.229,43.132,-44.994,43.483
12.83,2.039,3.096,2.220,43.000,-45.007,43.453
12.84,2.358,3.096,2.223,44.122,-45.013,43.465
12.85,2.157,3.097,2.221,43.350,-45.007,43.464
12.86,2.072,3.097,2.216,42.984,-45.006,43.449
12.87,1.846,3.098,2.204,43.248,-45.004,43.441
12.88,2.057,3.099,2.201,43.029,-45.007,43.424
12.89,2.302,3.098,2.202,43.564,-45.011,43.421
12.90,2.438,3.099,2.209,43.960,-45.005,43.441
12.91,2.180,3.100,2.208,43.647,-44.992,43.457
12.92,2.077,3.101,2.204,43.176,-44.984,43.453
12.93,2.253,3.100,2.204,43.308,-44.985,43.445
12.94,2.735,3.100,2.219,42.964,-45.003,43.411
12.95,2.520,3.100,2.228,43.700,-45.020,43.401
12.96,2.134,3.099,2.223,43.580,-45.027,43.397
12.97,2.117,3.101,2.221,43.619,-45.022,43.406
12.98,2.184,3.102,2.221,43.322,-45.007,43.415
12.99,2.229,3.104,2.222,42.897,-45.001,43.402
13.00,2.458,3.102,2.226,42.597,-45.011,43.365
13.01,2.294,3.097,2.223,42.964,-45.039,43.323
13.02,2.557,3.096,2.231,43.574,-45.069,43.298
13.03,2.490,3.095,2.238,43.957,-45.076,43.309
13.04,2.345,3.096,2.242,44.367,-45.058,43.356
13.05,2.175,3.096,2.240,43.858,-45.012,43.413
13.06,2.534,3.097,2.249,43.238,-44.961,43.455
13.07,2.320,3.096,2.250,42.323,-44.927,43.451
13.08,2.338,3.098,2.254,42.318,-44.921,43.420
13.09,2.452,3.100,2.263,43.092,-44.941,43.387
13.10,1.998,3.101,2.255,42.993,-44.975,43.339
13.11,2.257,3.097,2.251,43.625,-45.003,43.317
13.12,2.364,3.096,2.253,43.507,-45.022,43.301
13.13,2.463,3.094,2.257,43.998,-45.027,43.315
13.14,2.063,3.091,2.248,43.555,-45.006,43.340
13.15,2.378,3.092,2.252,43.506,-44.972,43.375
13.16,2.028,3.093,2.246,42.630,-44.945,43.376
13.17,2.784,3.094,2.263,42.492,-44.937,43.353
13.18,2.075,3.091,2.255,42.796,-44.955,43.315
13.19,2.156,3.088,2.249,43.014,-44.988,43.271
13.20,2.467,3.085,2.252,43.047,-45.021,43.228
13.21,2.196,3.084,2.250,43.432,-45.050,43.203
13.22,1.920,3.083,2.238,43.510,-45.064,43.195
13.23,2.205,3.082,2.236,43.732,-45.069,43.203
13.24,2.291,3.083,2.239,43.949,-45.065,43.227
13.25,2.309,3.084,2.242,43.499,-45.041,43.255
13.26,2.320,3.087,2.246,43.387,-45.015,43.281
13.27,1.984,3.088,2.239,43.544,-44.989,43.311
13.28,2.318,3.091,2.244,43.206,-44.964,43.330
13.29,2.343,3.089,2.245,43.295,-44.945,43.344
13.30,2.350,3.089,2.248,42.858,-44.933,43.338
13.31,2.031,3.088,2.240,43.157,-44.922,43.340
13.32,2.326,3.087,2.241,42.878,-44.921,43.324
13.33,2.098,3.086,2.235,42.822,-44.930,43.296
13.34,1.986,3.086,2.227,42.586,-44.961,43.241
13.35,2.103,3.083,2.221,43.324,-44.993,43.209
13.36,2.650,3.083,2.233,43.503,-45.024,43.184
13.37,2.131,3.082,2.229,43.450,-45.049,43.165
13.38,2.140,3.077,2.222,43.666,-45.058,43.168
13.39,2.681,3.079,2.237,43.498,-45.055,43.177
13.40,2.033,3.082,2.233,43.011,-45.053,43.172
13.41,2.287,3.086,2.238,43.063,-45.056,43.162
13.42,2.188,3.088,2.239,42.985,-45.070,43.140
13.43,2.393,3.090,2.245,42.892,-45.096,43.103
13.44,2.680,3.089,2.257,43.312,-45.124,43.080
13.45,2.043,3.087,2.249,43.272,-45.151,43.056
13.46,2.507,3.086,2.256,43.638,-45.169,43.053
13.47,2.753,3.090,2.275,43.788,-45.171,43.071
13.48,2.111,3.092,2.272,43.412,-45.152,43.097
13.49,2.454,3.099,2.284,43.442,-45.122,43.134
13.50,2.057,3.103,2.281,43.619,-45.092,43.175
13.51,2.242,3.105,2.282,42.723,-45.084,43.167
13.52,2.533,3.105,2.290,42.533,-45.101,43.129
13.53,2.252,3.105,2.289,43.246,-45.128,43.103
13.54,2.424,3.107,2.295,43.450,-45.158,43.082
13.55,2.215,3.112,2.297,43.878,-45.172,43.090
13.56,2.654,3.119,2.315,43.815,-45.169,43.113
13.57,2.679,3.128,2.335,43.672,-45.147,43.149
13.58,2.416,3.137,2.347,43.901,-45.112,43.204
13.59,2.091,3.139,2.341,43.443,-45.086,43.235
13.60,2.359,3.140,2.342,42.500,-45.092,43.205
13.61,2.305,3.139,2.341,43.033,-45.124,43.167
13.62,2.563,3.139,2.348,43.142,-45.168,43.121
13.64,2.087,3.141,2.343,43.125,-45.207,43.082
13.64,2.641,3.149,2.360,44.355,-45.229,43.097
13.65,2.199,3.153,2.359,44.586,-45.220,43.150
13.66,2.242,3.155,2.358,44.338,-45.188,43.216
13.68,2.182,3.159,2.356,43.990,-45.140,43.286
13.68,1.914,3.161,2.344,43.038,-45.096,43.321
13.69,2.199,3.162,2.341,42.702,-45.078,43.318
13.70,2.074,3.162,2.333,42.945,-45.089,43.295
13.71,2.157,3.163,2.328,43.180,-45.122,43.259
13.72,1.647,3.161,2.306,43.216,-45.150,43.230
13.73,2.427,3.160,2.308,43.804,-45.166,43.231
13.74,2.547,3.158,2.313,43.978,-45.162,43.257
13.75,2.101,3.160,2.309,43.319,-45.142,43.277
13.77,2.202,3.160,2.304,43.397,-45.117,43.304
13.78,2.303,3.159,2.304,43.318,-45.099,43.322
13.79,2.098,3.157,2.295,43.060,-45.073,43.339
13.80,2.421,3.157,2.298,43.327,-45.047,43.363
13.81,2.399,3.159,2.303,43.081,-45.016,43.384
13.82,2.116,3.160,2.297,43.074,-44.990,43.398
13.83,2.376,3.159,2.299,42.838,-44.979,43.391
13.84,2.073,3.160,2.293,42.783,-44.994,43.357
13.85,2.325,3.159,2.292,43.481,-45.020,43.334
13.86,2.714,3.157,2.303,43.473,-45.050,43.308
13.87,2.349,3.153,2.300,43.936,-45.062,43.316
13.88,2.286,3.154,2.300,44.175,-45.049,43.353
13.89,2.267,3.154,2.299,43.290,-45.031,43.369
13.90,2.057,3.155,2.293,42.623,-45.023,43.352
13.91,2.327,3.159,2.297,43.076,-45.025,43.341
13.92,2.105,3.160,2.292,44.141,-45.027,43.363
13.93,2.202,3.159,2.288,42.853,-45.047,43.327
13.94,2.513,3.161,2.295,43.866,-45.075,43.316
13.95,2.375,3.162,2.299,43.724,-45.085,43.318
13.96,2.095,3.162,2.292,44.281,-45.075,43.357
13.97,2.290,3.163,2.293,43.085,-45.056,43.367
13.98,2.502,3.165,2.301,41.656,-45.071,43.299
13.99,1.934,3.163,2.288,42.638,-45.120,43.230
14.00,1.931,3.159,2.272,43.554,-45.179,43.182
14.01,2.072,3.155,2.261,44.224,-45.218,43.175
14.02,2.265,3.155,2.261,44.283,-45.225,43.202
14.03,1.992,3.158,2.255,44.073,-45.210,43.243
14.04,2.239,3.159,2.255,43.340,-45.185,43.270
14.05,2.213,3.160,2.253,43.484,-45.165,43.297
14.06,2.574,3.161,2.263,43.281,-45.147,43.313
14.07,2.356,3.158,2.263,43.686,-45.130,43.341
14.08,2.128,3.158,2.258,43.426,-45.119,43.355
14.09,2.202,3.158,2.256,42.873,-45.124,43.335
14.10,2.300,3.157,2.256,43.166,-45.145,43.310
14.11,2.404,3.158,2.260,43.584,-45.165,43.299
14.12,2.615,3.156,2.269,44.375,-45.168,43.329
14.13,2.234,3.157,2.269,44.663,-45.138,43.399
14.14,2.131,3.158,2.265,43.943,-45.078,43.475
14.15,1.961,3.156,2.253,42.944,-45.028,43.508
14.16,1.997,3.154,2.243,42.644,-45.005,43.504
14.17,2.416,3.152,2.245,42.627,-45.018,43.466
14.18,2.688,3.148,2.254,43.246,-45.051,43.428
14.19,2.415,3.146,2.256,43.179,-45.085,43.386
14.20,2.368,3.145,2.259,44.061,-45.113,43.381
14.21,1.990,3.143,2.249,43.760,-45.119,43.387
14.22,2.593,3.144,2.259,43.889,-45.104,43.417
14.23,2.270,3.144,2.259,43.025,-45.090,43.419
14.24,2.422,3.143,2.263,42.973,-45.086,43.410
14.25,1.844,3.141,2.247,43.494,-45.095,43.404
14.26,2.078,3.140,2.241,43.254,-45.113,43.382
14.27,1.844,3.140,2.229,43.512,-45.120,43.380
14.28,2.534,3.140,2.237,43.492,-45.116,43.388
14.29,2.359,3.139,2.239,43.356,-45.108,43.395
14.30,2.406,3.141,2.245,43.138,-45.100,43.396
14.31,2.142,3.142,2.243,43.376,-45.091,43.403
14.32,2.262,3.144,2.245,43.988,-45.079,43.434
14.33,2.124,3.146,2.243,43.496,-45.061,43.454
14.34,2.404,3.145,2.246,43.122,-45.041,43.463
14.35,2.187,3.143,2.242,43.415,-45.028,43.474
14.36,2.276,3.139,2.238,43.978,-45.005,43.513
14.37,2.187,3.133,2.231,42.812,-44.984,43.512
14.38,2.229,3.132,2.229,43.152,-44.973,43.512
14.39,2.190,3.129,2.224,43.046,-44.971,43.500
14.40,2.344,3.127,2.225,42.280,-44.988,43.446
14.41,2.229,3.126,2.225,43.008,-45.015,43.406
14.42,2.392,3.126,2.229,43.609,-45.038,43.389
14.43,2.071,3.126,2.224,43.360,-45.058,43.369
14.44,2.085,3.126,2.219,44.199,-45.051,43.401
14.45,2.311,3.125,2.220,43.564,-45.023,43.433
14.46,2.637,3.127,2.235,43.529,-44.997,43.461
14.47,2.315,3.128,2.238,43.183,-44.971,43.477
14.48,2.525,3.126,2.245,42.685,-44.960,43.463
14.49,2.417,3.124,2.248,42.561,-44.973,43.423
14.50,2.286,3.125,2.250,43.460,-44.991,43.406
14.51,2.156,3.124,2.245,43.310,-45.004,43.390
14.52,2.523,3.122,2.252,43.514,-45.014,43.383
14.53,2.345,3.122,2.254,43.982,-45.012,43.403
14.54,2.316,3.123,2.257,43.551,-44.995,43.423
14.55,2.367,3.124,2.262,42.784,-44.986,43.413
14.56,2.371,3.123,2.264,43.183,-44.982,43.408
14.57,2.063,3.121,2.255,42.952,-44.991,43.385
14.58,2.426,3.118,2.258,43.493,-44.999,43.380
14.59,2.037,3.117,2.250,43.744,-44.991,43.398
14.60,2.152,3.118,2.248,42.830,-44.984,43.387
14.61,2.170,3.117,2.245,43.101,-44.982,43.379
14.62,2.175,3.115,2.241,42.546,-44.988,43.347
14.63,1.976,3.115,2.232,43.145,-44.997,43.330
14.64,2.253,3.115,2.233,43.282,-45.000,43.325
14.65,2.185,3.114,2.230,43.893,-44.984,43.357
14.66,2.165,3.114,2.228,43.510,-44.960,43.384
14.67,1.961,3.115,2.221,43.304,-44.932,43.407
14.68,1.888,3.116,2.211,43.025,-44.915,43.411
14.69,2.373,3.119,2.218,43.439,-44.907,43.419
14.70,2.176,3.121,2.218,43.020,-44.911,43.401
14.71,2.064,3.122,2.214,42.885,-44.928,43.367
14.72,2.162,3.122,2.212,43.246,-44.950,43.341
14.73,1.992,3.119,2.202,43.455,-44.966,43.328
14.74,1.954,3.119,2.194,43.131,-44.972,43.314
14.75,2.221,3.119,2.194,44.051,-44.956,43.351
14.76,2.455,3.117,2.199,43.101,-44.923,43.373
14.77,2.313,3.116,2.202,43.362,-44.884,43.409
14.78,2.332,3.117,2.206,43.109,-44.847,43.435
14.79,2.097,3.121,2.206,43.360,-44.802,43.475
14.80,2.231,3.124,2.210,42.996,-44.768,43.491
14.81,1.917,3.127,2.202,43.554,-44.727,43.531
14.82,2.472,3.128,2.211,43.105,-44.670,43.572
14.83,2.008,3.129,2.205,42.333,-44.630,43.571
14.84,2.711,3.131,2.222,42.804,-44.605,43.570
14.85,2.393,3.131,2.227,42.492,-44.588,43.551
14.86,2.308,3.131,2.229,43.429,-44.577,43.554
14.87,1.986,3.131,2.221,43.521,-44.555,43.572
14.88,2.221,3.129,2.220,43.245,-44.526,43.587
14.89,1.999,3.129,2.212,43.111,-44.494,43.600
14.90,1.890,3.128,2.200,42.596,-44.454,43.606
14.91,2.286,3.125,2.200,43.104,-44.415,43.625
14.92,1.849,3.124,2.188,42.027,-44.390,43.596
14.93,2.538,3.122,2.196,42.296,-44.389,43.553
14.94,2.177,3.120,2.193,42.076,-44.409,43.485
14.95,2.559,3.118,2.202,42.025,-44.455,43.390
14.96,2.289,3.119,2.205,43.138,-44.512,43.321
14.97,2.023,3.116,2.196,43.538,-44.553,43.283
14.98,2.072,3.115,2.190,43.504,-44.572,43.266
14.99,2.453,3.114,2.197,43.262,-44.564,43.268
15.00,2.490,3.116,2.207,43.068,-44.542,43.278
15.01,2.741,3.116,2.224,43.101,-44.513,43.295
15.02,2.587,3.116,2.235,42.641,-44.501,43.282
15.03,2.348,3.116,2.238,41.921,-44.518,43.218
15.04,2.315,3.114,2.238,42.520,-44.559,43.151
15.05,2.115,3.112,2.233,42.766,-44.606,43.087
15.06,2.426,3.114,2.241,43.605,-44.649,43.055
15.07,2.216,3.116,2.242,43.216,-44.670,43.033
15.08,2.144,3.122,2.245,43.881,-44.671,43.053
15.09,2.145,3.127,2.247,43.517,-44.658,43.073
15.10,2.205,3.129,2.248,43.502,-44.641,43.098
15.11,2.189,3.130,2.247,42.839,-44.635,43.090
15.12,2.437,3.130,2.252,42.802,-44.635,43.076
15.13,2.476,3.129,2.258,42.710,-44.646,43.049
15.14,2.009,3.131,2.252,42.866,-44.652,43.031
15.15,2.261,3.132,2.254,43.169,-44.657,43.025
15.17,2.510,3.134,2.264,42.323,-44.670,42.985
15.17,2.486,3.141,2.277,42.978,-44.689,42.960
15.18,2.229,3.151,2.285,43.282,-44.704,42.949
15.19,2.556,3.163,2.305,43.969,-44.708,42.971
15.20,1.860,3.164,2.293,43.393,-44.698,42.988
15.21,2.760,3.165,2.309,43.156,-44.682,43.004
15.22,2.318,3.166,2.310,42.703,-44.676,42.994
15.23,2.237,3.171,2.312,42.458,-44.691,42.958
15.24,2.155,3.174,2.310,43.170,-44.712,42.938
15.25,2.480,3.176,2.318,42.790,-44.741,42.901
15.26,2.295,3.187,2.328,43.045,-44.757,42.883
15.27,2.084,3.199,2.332,43.953,-44.755,42.913
15.29,2.380,3.206,2.341,44.267,-44.737,42.966
15.30,1.983,3.209,2.333,43.732,-44.706,43.015
15.31,1.920,3.210,2.321,43.176,-44.675,43.045
15.32,2.345,3.208,2.320,42.581,-44.670,43.031
15.33,2.054,3.209,2.313,42.662,-44.685,43.001
15.34,2.792,3.207,2.324,42.795,-44.714,42.962
15.35,2.272,3.206,2.323,43.422,-44.744,42.942
15.36,1.871,3.208,2.310,43.565,-44.759,42.941
15.37,2.220,3.214,2.313,42.951,-44.765,42.932
15.38,1.993,3.225,2.314,43.054,-44.756,42.939
15.39,2.076,3.233,2.313,43.771,-44.741,42.975
15.40,1.789,3.236,2.300,43.751,-44.718,43.017
15.41,2.110,3.239,2.297,43.355,-44.700,43.041
15.42,2.224,3.238,2.293,42.914,-44.684,43.048
15.43,2.209,3.239,2.290,42.261,-44.692,43.013
15.44,2.470,3.239,2.295,43.115,-44.711,42.993
15.45,2.653,3.236,2.303,43.048,-44.733,42.969
15.46,2.044,3.237,2.295,43.238,-44.760,42.947
15.47,2.632,3.237,2.305,43.897,-44.774,42.959
15.48,2.147,3.239,2.302,43.402,-44.771,42.971
15.49,2.064,3.239,2.294,44.165,-44.743,43.032
15.50,2.021,3.238,2.284,43.231,-44.697,43.080
15.51,2.224,3.240,2.283,42.260,-44.672,43.075
15.52,2.229,3.237,2.278,42.101,-44.681,43.033
15.53,2.190,3.235,2.273,42.216,-44.718,42.968
15.54,2.075,3.234,2.264,42.948,-44.772,42.911
15.55,2.133,3.234,2.260,43.615,-44.812,42.891
15.56,2.653,3.234,2.271,43.700,-44.826,42.898
15.57,2.659,3.231,2.279,43.586,-44.818,42.923
15.58,2.300,3.234,2.282,43.800,-44.793,42.971
15.59,2.683,3.238,2.298,43.342,-44.754,43.017
15.60,1.829,3.239,2.283,42.630,-44.714,43.041
15.61,2.254,3.238,2.281,42.646,-44.691,43.049
15.62,2.090,3.238,2.275,42.779,-44.686,43.042
15.63,1.858,3.239,2.262,42.440,-44.698,43.009
15.64,2.086,3.238,2.255,43.233,-44.721,42.990
15.65,2.159,3.237,2.250,43.004,-44.739,42.970
15.66,1.927,3.236,2.238,43.270,-44.749,42.965
15.67,2.465,3.234,2.242,43.015,-44.750,42.963
15.68,2.106,3.234,2.237,43.141,-44.748,42.967
15.69,1.955,3.231,2.225,42.983,-44.743,42.969
15.70,2.303,3.230,2.225,43.226,-44.737,42.980
15.71,2.651,3.228,2.235,43.012,-44.724,42.991
15.72,2.378,3.230,2.240,43.259,-44.701,43.017
15.73,2.712,3.229,2.253,42.885,-44.685,43.026
15.74,2.352,3.229,2.255,43.065,-44.679,43.030
15.75,2.126,3.229,2.251,42.592,-44.684,43.008
15.76,1.992,3.229,2.243,42.962,-44.702,42.986
15.77,2.325,3.227,2.242,43.481,-44.713,42.988
15.78,1.914,3.229,2.233,43.236,-44.708,42.997
15.79,2.338,3.230,2.236,43.365,-44.692,43.021
15.80,2.126,3.230,2.232,43.066,-44.675,43.036
15.81,1.996,3.230,2.224,42.876,-44.671,43.033
15.82,2.448,3.228,2.228,43.107,-44.669,43.033
15.83,2.502,3.224,2.232,43.310,-44.664,43.044
15.84,2.465,3.223,2.237,42.439,-44.661,43.025
15.85,1.837,3.225,2.226,43.250,-44.665,43.026
15.86,2.178,3.225,2.224,43.243,-44.663,43.031
15.87,2.214,3.227,2.224,42.917,-44.664,43.024
15.88,2.472,3.227,2.231,42.972,-44.670,43.013
15.89,1.766,3.227,2.216,43.071,-44.678,43.005
15.90,2.304,3.229,2.220,43.484,-44.686,43.009
15.91,2.226,3.227,2.217,43.225,-44.689,43.010
15.92,2.296,3.228,2.219,43.169,-44.689,43.013
15.93,2.206,3.232,2.222,43.743,-44.673,43.047
15.94,2.432,3.232,2.227,43.016,-44.656,43.061
15.95,2.331,3.232,2.230,43.693,-44.647,43.086
15.96,2.253,3.232,2.230,42.744,-44.648,43.072
15.97,1.994,3.232,2.222,42.964,-44.657,43.058
15.98,2.365,3.232,2.225,43.612,-44.652,43.078
15.99,2.136,3.231,2.221,43.237,-44.638,43.094
16.00,2.239,3.230,2.220,43.096,-44.618,43.112
16.01,2.370,3.231,2.225,42.832,-44.594,43.124
16.02,2.259,3.232,2.226,42.794,-44.577,43.128
16.03,2.221,3.232,2.225,42.835,-44.568,43.126
16.04,2.335,3.234,2.229,42.956,-44.556,43.129
16.05,2.342,3.234,2.232,42.771,-44.553,43.119
16.06,2.010,3.235,2.225,43.397,-44.543,43.135
16.07,2.050,3.232,2.217,42.889,-44.535,43.133
16.08,2.363,3.230,2.218,42.806,-44.538,43.117
16.09,2.293,3.229,2.218,43.039,-44.540,43.110
16.10,2.336,3.228,2.220,42.796,-44.543,43.095
16.11,2.486,3.225,2.225,43.258,-44.549,43.091
16.12,2.433,3.223,2.229,43.559,-44.546,43.105
16.13,2.406,3.224,2.234,43.129,-44.543,43.107
16.14,2.196,3.224,2.233,42.754,-44.537,43.099
16.15,2.269,3.225,2.234,42.697,-44.533,43.088
16.16,2.209,3.224,2.232,42.583,-44.534,43.069
16.17,2.392,3.224,2.237,42.635,-44.538,43.049
16.18,2.212,3.223,2.234,43.000,-44.538,43.044
16.19,2.273,3.223,2.234,43.134,-44.529,43.052
16.20,2.293,3.223,2.236,42.519,-44.517,43.044
16.21,1.966,3.224,2.229,43.503,-44.496,43.076
16.22,2.107,3.225,2.225,42.783,-44.472,43.087
16.23,2.314,3.223,2.226,42.985,-44.454,43.098
16.24,2.399,3.218,2.226,43.180,-44.432,43.118
16.25,2.097,3.214,2.217,42.649,-44.414,43.118
16.26,2.392,3.210,2.218,42.817,-44.402,43.118
16.27,2.404,3.206,2.219,42.674,-44.399,43.103
16.28,2.512,3.198,2.220,42.582,-44.409,43.074
16.29,2.225,3.194,2.216,43.096,-44.411,43.069
16.30,2.267,3.186,2.210,43.076,-44.397,43.079
16.31,2.178,3.179,2.201,42.480,-44.387,43.067
16.32,2.161,3.177,2.198,43.001,-44.361,43.086
16.33,1.630,3.175,2.178,43.879,-44.312,43.153
16.34,1.959,3.164,2.160,42.204,-44.279,43.153
16.35,2.044,3.158,2.150,41.504,-44.287,43.091
16.36,1.931,3.156,2.141,42.397,-44.308,43.044
16.37,1.959,3.156,2.134,42.961,-44.331,43.015
16.38,2.378,3.153,2.139,42.963,-44.342,42.998
16.39,2.710,3.151,2.153,43.161,-44.338,43.002
16.40,2.128,3.149,2.150,43.134,-44.311,43.027
16.41,2.197,3.143,2.146,42.865,-44.280,43.048
16.42,2.267,3.138,2.144,42.424,-44.256,43.047
16.43,2.471,3.133,2.149,42.563,-44.235,43.047
16.44,2.605,3.126,2.156,42.742,-44.210,43.058
16.45,2.015,3.121,2.147,42.551,-44.191,43.056
16.46,2.169,3.117,2.143,42.858,-44.171,43.063
16.47,1.668,3.112,2.123,42.751,-44.155,43.064
16.48,2.110,3.108,2.118,42.222,-44.147,43.041
16.49,1.801,3.103,2.103,42.323,-44.140,43.019
16.50,2.164,3.100,2.102,42.714,-44.142,43.001
16.51,2.118,3.097,2.099,41.845,-44.161,42.941
16.52,2.071,3.098,2.099,43.097,-44.183,42.919
16.54,2.323,3.098,2.105,43.114,-44.190,42.911
16.55,2.174,3.096,2.105,43.136,-44.173,42.929
16.56,2.365,3.095,2.111,42.836,-44.146,42.946
16.57,2.387,3.093,2.118,42.336,-44.127,42.939
16.58,2.076,3.088,2.111,42.213,-44.131,42.907
16.59,2.226,3.086,2.113,42.257,-44.153,42.858
16.59,2.237,3.085,2.115,43.160,-44.174,42.841
16.60,1.984,3.086,2.112,43.041,-44.188,42.827
16.61,2.117,3.084,2.110,43.294,-44.184,42.838
16.63,1.931,3.083,2.104,42.334,-44.174,42.826
16.63,2.014,3.084,2.102,42.567,-44.171,42.814
16.64,2.444,3.082,2.110,41.856,-44.178,42.771
16.66,2.485,3.080,2.120,42.104,-44.207,42.716
16.67,2.323,3.077,2.123,43.426,-44.234,42.704
16.68,2.504,3.075,2.133,43.253,-44.243,42.705
16.68,2.399,3.075,2.141,43.254,-44.226,42.732
16.69,2.474,3.073,2.150,42.624,-44.206,42.741
16.71,1.846,3.071,2.139,42.520,-44.200,42.733
16.72,1.998,3.072,2.135,41.623,-44.219,42.675
16.72,2.131,3.077,2.141,42.523,-44.250,42.632
16.74,2.184,3.080,2.145,43.171,-44.280,42.613
16.74,1.966,3.079,2.138,43.336,-44.296,42.613
16.76,1.984,3.080,2.135,43.774,-44.283,42.654
16.76,2.197,3.083,2.140,42.895,-44.251,42.686
16.78,2.287,3.091,2.153,42.723,-44.211,42.719
16.79,2.385,3.103,2.171,42.512,-44.178,42.739
16.80,2.140,3.110,2.177,42.384,-44.166,42.733
16.80,2.600,3.118,2.199,41.228,-44.186,42.661
16.81,2.247,3.132,2.214,42.119,-44.230,42.595
16.82,2.460,3.145,2.234,42.907,-44.276,42.553
16.84,2.399,3.155,2.249,43.506,-44.308,42.544
16.85,1.953,3.165,2.250,43.664,-44.324,42.556
16.86,2.546,3.175,2.269,43.429,-44.316,42.584
16.87,2.702,3.181,2.289,43.784,-44.282,42.648
16.88,2.184,3.179,2.285,43.231,-44.235,42.705
16.89,2.121,3.173,2.274,42.051,-44.194,42.719
16.90,2.537,3.169,2.279,41.663,-44.182,42.693
16.91,1.769,3.171,2.266,42.013,-44.204,42.645
16.92,2.016,3.173,2.260,42.509,-44.237,42.603
16.93,1.859,3.175,2.251,42.853,-44.270,42.572
16.94,2.032,3.177,2.246,43.288,-44.286,42.572
16.95,2.362,3.179,2.251,43.326,-44.283,42.592
16.96,2.465,3.180,2.259,42.900,-44.265,42.613
16.97,2.374,3.180,2.263,43.151,-44.249,42.640
16.98,2.193,3.181,2.262,42.411,-44.237,42.638
16.99,2.430,3.183,2.269,42.705,-44.234,42.638
17.00,2.065,3.182,2.263,42.021,-44.245,42.603
17.01,2.356,3.183,2.267,42.479,-44.271,42.568
17.02,1.973,3.182,2.257,43.064,-44.290,42.559
17.03,1.951,3.180,2.246,43.099,-44.289,42.570
17.04,2.462,3.177,2.250,43.061,-44.274,42.595
17.05,2.213,3.177,2.249,42.631,-44.258,42.606
17.06,2.446,3.177,2.255,42.769,-44.247,42.616
17.07,2.256,3.175,2.254,42.035,-44.248,42.592
17.08,2.563,3.175,2.263,42.491,-44.264,42.568
17.09,2.552,3.172,2.269,42.648,-44.291,42.540
17.10,2.048,3.171,2.262,43.619,-44.307,42.551
17.11,2.186,3.171,2.260,42.935,-44.306,42.559
17.12,2.362,3.170,2.263,42.764,-44.300,42.566
17.13,2.277,3.169,2.263,43.082,-44.292,42.584
17.14,1.817,3.169,2.249,42.502,-44.285,42.584
17.15,2.109,3.171,2.247,42.170,-44.289,42.564
17.16,2.374,3.172,2.253,42.571,-44.304,42.544
17.17,2.174,3.171,2.249,42.478,-44.325,42.517
17.18,2.178,3.168,2.244,42.625,-44.348,42.493
17.19,2.310,3.168,2.246,43.017,-44.365,42.488
17.20,2.441,3.168,2.252,42.924,-44.370,42.492
17.21,2.388,3.170,2.258,43.280,-44.365,42.516
17.22,1.901,3.169,2.247,43.200,-44.352,42.545
17.23,2.583,3.168,2.257,43.023,-44.330,42.577
17.24,2.434,3.168,2.263,43.201,-44.310,42.611
17.25,2.058,3.169,2.258,42.736,-44.287,42.633
17.26,2.159,3.168,2.254,42.750,-44.262,42.657
17.27,1.914,3.170,2.246,42.526,-44.239,42.672
17.28,2.121,3.169,2.241,43.163,-44.210,42.712
17.29,2.373,3.171,2.247,42.473,-44.172,42.738
17.30,2.285,3.172,2.249,42.657,-44.137,42.765
17.31,1.998,3.169,2.239,42.782,-44.100,42.798
17.32,2.156,3.166,2.233,43.114,-44.065,42.838
17.33,1.886,3.159,2.216,43.602,-44.017,42.904
17.34,2.385,3.138,2.201,42.600,-43.972,42.935
17.35,2.430,3.129,2.199,41.160,-43.948,42.900
17.36,2.707,3.120,2.206,42.137,-43.944,42.877
17.37,2.124,3.109,2.194,42.475,-43.936,42.867
17.38,2.075,3.099,2.181,43.439,-43.910,42.905
17.39,2.307,3.086,2.172,43.097,-43.848,42.967
17.40,1.973,3.077,2.157,43.416,-43.758,43.065
17.41,2.714,3.052,2.151,42.900,-43.659,43.151
17.42,2.303,3.033,2.137,41.682,-43.572,43.186
17.43,2.356,3.022,2.133,41.718,-43.498,43.208
17.44,2.476,3.010,2.132,42.525,-43.420,43.257
17.45,2.483,2.991,2.126,43.067,-43.320,43.343
17.46,2.089,2.969,2.104,43.218,-43.178,43.471
17.47,2.109,2.934,2.071,43.354,-43.001,43.634
17.48,2.158,2.897,2.038,41.421,-42.811,43.744
17.49,1.791,2.874,2.009,41.275,-42.624,43.844
17.50,1.582,2.843,1.967,44.340,-42.410,44.059
17.51,2.036,2.781,1.910,43.602,-42.155,44.285
17.52,2.768,2.711,1.868,40.983,-41.866,44.457
17.53,2.814,2.647,1.836,41.180,-41.493,44.709
17.54,1.967,2.586,1.782,42.566,-41.066,45.048
17.55,3.194,2.532,1.775,40.467,-40.583,45.365
17.56,2.931,2.510,1.790,40.028,-40.013,45.741
17.57,2.150,2.450,1.745,43.169,-39.359,46.283
17.58,3.719,2.342,1.703,38.774,-38.646,46.729
17.59,2.690,2.314,1.709,34.391,-37.911,47.045
17.60,4.786,2.301,1.795,34.223,-37.192,47.327
17.61,2.490,2.331,1.849,37.700,-36.426,47.749
17.62,1.614,2.324,1.839,37.929,-35.623,48.198
17.63,0.033,2.289,1.754,37.190,-34.800,48.626
17.64,0.446,2.227,1.658,34.456,-33.957,48.973
17.65,2.031,2.138,1.586,32.246,-33.121,49.231
17.66,1.987,2.043,1.509,30.151,-32.216,49.479
17.67,2.913,2.013,1.527,28.893,-31.296,49.688
17.68,3.163,2.031,1.598,30.498,-30.395,49.915
17.69,2.178,2.036,1.626,30.083,-29.503,50.108
17.70,5.470,2.047,1.758,28.406,-28.609,50.240
17.71,0.924,2.077,1.768,25.311,-27.726,50.255
17.72,1.632,2.110,1.801,26.927,-26.907,50.249
17.73,1.245,2.154,1.832,28.795,-26.128,50.256
17.74,0.088,2.144,1.774,30.741,-25.339,50.324
17.75,-1.030,2.129,1.678,29.972,-24.567,50.344
17.76,1.526,2.075,1.626,28.618,-23.809,50.302
17.77,2.078,1.997,1.568,25.237,-23.060,50.143
17.78,3.866,1.944,1.591,21.558,-22.310,49.869
17.79,4.715,1.888,1.637,22.007,-21.491,49.675
17.80,1.561,1.836,1.590,18.795,-20.619,49.431
17.81,2.714,1.805,1.600,19.726,-19.738,49.223
17.82,1.196,1.770,1.560,19.535,-18.901,48.963
17.83,0.598,1.751,1.518,21.011,-18.144,48.671
17.84,0.258,1.726,1.461,22.075,-17.459,48.341
17.85,0.974,1.681,1.407,21.336,-16.780,47.985
17.86,1.650,1.624,1.365,17.967,-16.094,47.534
17.87,2.471,1.561,1.343,15.853,-15.291,47.114
17.88,2.247,1.512,1.329,16.282,-14.459,46.759
17.89,2.095,1.462,1.310,16.385,-13.474,46.558
17.90,3.015,1.403,1.312,15.789,-12.302,46.515
17.91,2.254,1.331,1.278,15.031,-11.047,46.522
17.92,1.904,1.277,1.251,12.586,-9.853,46.385
17.93,1.356,1.230,1.216,12.251,-8.733,46.159
17.94,1.605,1.184,1.190,12.201,-7.585,45.956
17.95,1.665,1.137,1.166,8.545,-6.369,45.702
17.96,-0.096,1.218,1.214,10.343,-4.839,45.804
17.97,2.629,1.172,1.220,3.030,-3.369,45.610
17.98,2.858,1.371,1.471,1.579,-1.970,45.295
17.99,4.269,1.362,1.555,2.375,-0.930,44.652
18.00,-0.088,1.207,1.364,3.033,-0.282,43.658
18.01,2.550,1.172,1.375,-2.843,0.078,42.220
18.02,2.611,1.171,1.421,0.624,0.132,40.624
18.03,0.885,1.180,1.421,7.511,0.135,39.224
18.04,1.418,1.165,1.417,6.952,0.215,37.874
18.06,2.280,1.152,1.440,5.555,0.263,36.521
18.07,2.279,1.138,1.461,6.805,0.327,35.254
18.08,1.645,1.124,1.462,4.106,0.386,33.929
18.09,1.508,1.106,1.456,4.461,0.412,32.616
18.09,1.883,1.100,1.473,4.129,0.428,31.313
18.10,1.340,1.089,1.468,4.119,0.440,30.038
18.12,1.867,1.086,1.486,3.795,0.443,28.776
18.13,1.905,1.084,1.507,4.350,0.444,27.560
18.13,1.021,1.083,1.501,4.033,0.445,26.364
18.14,1.525,1.081,1.509,3.706,0.447,25.190
18.16,1.892,1.077,1.527,3.052,0.452,24.027
18.17,1.891,1.075,1.546,3.461,0.454,22.904
18.17,1.943,1.074,1.567,3.506,0.456,21.810
18.18,1.929,1.070,1.585,3.232,0.460,20.737
18.20,1.833,1.068,1.601,3.573,0.462,19.700
18.21,1.612,1.067,1.610,3.811,0.462,18.696
18.21,1.836,1.065,1.625,3.333,0.463,17.704
18.23,1.866,1.062,1.640,3.799,0.464,16.753
18.24,1.744,1.059,1.651,3.861,0.465,15.829
18.25,1.733,1.054,1.659,3.825,0.466,14.929
18.26,1.644,1.054,1.669,4.663,0.466,14.076
18.27,1.652,1.051,1.675,3.663,0.469,13.220
18.28,1.978,1.050,1.694,2.671,0.470,12.354
18.29,1.718,1.046,1.702,3.108,0.471,11.525
18.30,1.964,1.046,1.720,3.306,0.472,10.726
18.31,1.916,1.042,1.733,3.294,0.473,9.948
18.32,1.619,1.039,1.737,3.802,0.476,9.209
18.33,1.763,1.035,1.744,3.713,0.480,8.490
18.34,1.769,1.032,1.753,4.262,0.479,7.803
18.35,1.822,1.029,1.763,3.711,0.480,7.121
18.36,1.656,1.029,1.770,3.908,0.481,6.466
18.37,1.907,1.027,1.783,3.621,0.483,5.821
18.38,1.739,1.026,1.791,3.131,0.484,5.179
18.39,1.578,1.025,1.795,3.274,0.485,4.505
18.40,1.907,1.026,1.810,3.945,0.485,3.927
18.41,1.759,1.024,1.817,3.670,0.486,3.359
18.42,1.928,1.021,1.829,3.788,0.487,2.813
18.43,2.038,1.022,1.846,3.565,0.489,2.276
18.44,1.701,1.021,1.851,3.620,0.489,1.758
18.45,1.670,1.020,1.855,3.635,0.488,1.255
18.46,1.660,1.021,1.861,3.441,0.489,0.764
18.47,1.804,1.019,1.868,3.779,0.490,0.299
18.48,1.642,1.020,1.872,3.361,0.489,-0.164
18.49,1.407,1.017,1.866,3.422,0.490,-0.610
18.50,1.870,1.017,1.876,3.528,0.490,-1.037
18.51,1.816,1.018,1.885,3.504,0.492,-1.449
18.52,1.865,1.017,1.894,3.627,0.493,-1.844
18.53,1.984,1.016,1.906,3.322,0.494,-2.235
18.54,2.168,1.016,1.924,3.367,0.495,-2.610
18.55,1.518,1.018,1.924,3.374,0.496,-2.972
18.56,2.007,1.015,1.935,3.474,0.499,-3.370
18.57,1.811,1.012,1.938,3.819,0.501,-3.689
18.58,2.122,1.011,1.953,4.604,0.502,-3.973
18.59,1.608,1.010,1.951,5.884,0.502,-4.207
18.60,1.709,1.010,1.954,2.071,0.502,-4.549
18.61,1.691,1.012,1.958,2.473,0.501,-4.866
18.62,1.833,1.012,1.964,4.066,0.501,-5.121
18.63,1.896,1.012,1.972,3.688,0.503,-5.375
18.64,1.804,1.009,1.973,2.867,0.504,-5.645
18.65,1.726,1.007,1.974,3.413,0.506,-5.887
18.66,1.717,1.004,1.973,3.361,0.508,-6.119
18.67,1.797,1.002,1.976,3.640,0.509,-6.334
18.68,2.129,1.001,1.988,3.554,0.512,-6.540
18.69,1.998,0.998,1.996,3.692,0.515,-6.733
18.70,2.198,0.997,2.010,3.737,0.515,-6.918
18.71,1.930,0.996,2.017,3.537,0.516,-7.098
18.72,1.738,0.993,2.015,3.776,0.516,-7.264
18.73,1.668,0.993,2.014,3.558,0.517,-7.428
18.74,1.874,0.992,2.018,3.247,0.517,-7.592
18.75,1.688,0.990,2.016,3.469,0.519,-7.741
18.76,1.456,0.991,2.008,3.683,0.520,-7.875
18.77,1.539,0.990,2.002,3.403,0.522,-8.009
18.78,1.854,0.988,2.005,3.704,0.524,-8.126
18.79,1.640,0.988,2.003,3.417,0.528,-8.244
18.80,1.950,0.989,2.011,3.478,0.529,-8.355
18.81,1.882,0.988,2.015,3.413,0.530,-8.461
18.82,1.874,0.986,2.018,3.551,0.530,-8.556
18.83,1.748,0.986,2.018,3.502,0.531,-8.646
18.84,1.863,0.983,2.019,3.313,0.532,-8.734
18.85,1.805,0.982,2.020,3.486,0.532,-8.813
18.86,1.882,0.980,2.022,3.770,0.533,-8.875
18.87,1.713,0.979,2.020,3.607,0.534,-8.936
18.88,1.571,0.978,2.014,3.671,0.535,-8.990
18.89,1.517,0.977,2.006,3.575,0.536,-9.040
18.90,1.862,0.972,2.006,3.468,0.538,-9.131
18.91,1.699,0.971,2.003,3.345,0.539,-9.175
18.92,1.686,0.969,2.000,3.648,0.539,-9.206
18.93,1.836,0.968,2.002,3.241,0.541,-9.243
18.94,1.785,0.969,2.004,3.507,0.543,-9.267
18.95,1.666,0.969,2.001,3.494,0.543,-9.288
18.96,1.673,0.969,1.999,3.393,0.545,-9.307
18.97,1.847,0.971,2.003,3.715,0.545,-9.312
18.98,1.872,0.970,2.006,3.606,0.546,-9.316
18.99,1.705,0.972,2.006,3.516,0.546,-9.319
19.00,1.832,0.968,2.005,3.477,0.548,-9.317
19.01,1.566,0.967,1.997,3.735,0.551,-9.303
19.02,1.623,0.966,1.993,3.328,0.552,-9.300
19.03,1.581,0.966,1.986,3.453,0.553,-9.289
19.04,1.700,0.966,1.985,3.659,0.554,-9.268
19.05,1.671,0.965,1.981,3.532,0.553,-9.249
19.06,1.679,0.965,1.979,3.791,0.553,-9.219
19.07,1.950,0.962,1.982,4.054,0.555,-9.210
19.08,1.927,0.960,1.985,4.271,0.557,-9.155
19.09,2.039,0.959,1.992,3.983,0.559,-9.106
19.10,1.798,0.961,1.995,3.425,0.560,-9.073
19.11,1.875,0.961,1.998,3.443,0.561,-9.035
19.12,1.823,0.962,2.000,3.425,0.561,-8.997
19.13,1.341,0.961,1.985,2.641,0.561,-8.981
19.14,1.741,0.960,1.983,3.144,0.562,-8.945
19.15,1.956,0.961,1.989,3.588,0.562,-8.894
19.16,1.811,0.960,1.989,3.573,0.564,-8.839
19.17,1.568,0.958,1.981,3.271,0.566,-8.791
19.18,1.938,0.959,1.986,3.457,0.565,-8.737
19.19,1.782,0.959,1.986,3.633,0.566,-8.676
19.20,1.692,0.959,1.983,3.857,0.566,-8.606
19.21,1.794,0.958,1.982,3.189,0.566,-8.553
19.22,1.631,0.958,1.977,2.955,0.565,-8.508
19.23,1.664,0.958,1.974,3.424,0.567,-8.444
19.24,1.609,0.955,1.965,3.475,0.567,-8.378
19.25,2.005,0.955,1.972,3.656,0.569,-8.302
19.26,1.756,0.954,1.969,3.215,0.571,-8.240
19.27,1.723,0.953,1.967,3.656,0.573,-8.161
19.28,1.615,0.953,1.961,3.717,0.575,-8.081
19.29,1.711,0.954,1.959,3.210,0.576,-8.014
19.30,1.724,0.953,1.957,3.548,0.576,-7.938
19.31,1.871,0.953,1.959,3.464,0.576,-7.862
19.32,1.587,0.953,1.952,3.297,0.576,-7.790
19.33,1.648,0.952,1.947,3.862,0.577,-7.700
19.34,1.569,0.951,1.940,3.473,0.578,-7.619
19.35,1.876,0.949,1.940,3.565,0.580,-7.535
19.36,1.969,0.948,1.945,3.250,0.583,-7.458
19.37,1.981,0.945,1.948,3.698,0.587,-7.366
19.38,1.756,0.944,1.946,3.738,0.588,-7.274
19.39,1.802,0.942,1.944,3.532,0.591,-7.187
19.40,1.658,0.944,1.942,3.507,0.591,-7.102
19.41,1.558,0.944,1.935,3.763,0.590,-7.034
19.42,1.877,0.947,1.940,4.212,0.589,-6.925
19.43,1.754,0.950,1.943,5.165,0.590,-6.786
19.44,1.522,0.952,1.935,2.061,0.591,-6.742
19.45,1.498,0.950,1.925,3.328,0.591,-6.659
19.46,1.735,0.950,1.923,3.383,0.596,-6.569
19.47,1.664,0.948,1.917,3.331,0.599,-6.483
19.48,1.963,0.945,1.919,3.374,0.602,-6.394
19.49,1.508,0.944,1.909,3.665,0.603,-6.299
19.50,1.760,0.942,1.907,3.517,0.603,-6.209
19.51,1.890,0.943,1.911,3.621,0.605,-6.113
19.52,1.772,0.942,1.909,3.550,0.605,-6.021
19.53,1.718,0.941,1.906,3.434,0.605,-5.933
19.54,1.603,0.944,1.904,3.252,0.604,-5.852
19.55,1.764,0.947,1.906,3.578,0.603,-5.760
19.56,1.922,0.949,1.912,3.684,0.605,-5.662
19.57,1.620,0.951,1.909,3.730,0.606,-5.562
19.59,1.624,0.954,1.906,3.608,0.608,-5.485
19.60,1.725,0.956,1.907,3.522,0.609,-5.391
19.61,1.501,0.957,1.899,3.621,0.610,-5.295
19.62,1.853,0.958,1.901,3.633,0.612,-5.198
19.63,1.801,0.956,1.899,3.438,0.611,-5.109
19.63,1.677,0.954,1.894,3.516,0.614,-5.016
19.65,1.774,0.954,1.893,3.559,0.614,-4.923
19.66,2.007,0.951,1.897,3.449,0.616,-4.832
19.67,2.004,0.950,1.902,3.264,0.616,-4.749
19.67,1.973,0.950,1.907,3.644,0.618,-4.653
19.69,1.913,0.951,1.912,3.448,0.618,-4.565
19.70,1.321,0.953,1.898,3.369,0.618,-4.479
19.71,1.556,0.952,1.890,3.829,0.619,-4.379
19.72,1.541,0.953,1.883,3.613,0.621,-4.285
19.73,1.737,0.954,1.882,3.616,0.623,-4.191
19.74,1.665,0.954,1.878,3.880,0.626,-4.089
19.75,1.575,0.954,1.872,3.611,0.626,-3.998
19.76,1.828,0.956,1.875,3.169,0.627,-3.920
19.77,1.818,0.957,1.876,3.170,0.627,-3.844
19.78,1.982,0.957,1.883,3.186,0.626,-3.769
19.79,1.773,0.957,1.881,3.298,0.625,-3.690
19.80,1.663,0.955,1.875,3.279,0.625,-3.610
19.81,1.488,0.955,1.865,3.650,0.627,-3.519
19.82,1.980,0.956,1.873,3.367,0.626,-3.438
19.83,1.977,0.954,1.876,3.381,0.627,-3.357
19.84,1.660,0.954,1.872,3.247,0.628,-3.279
19.85,1.486,0.956,1.864,3.442,0.629,-3.196
19.86,1.559,0.956,1.858,3.556,0.629,-3.111
19.87,1.708,0.958,1.856,3.161,0.630,-3.038
19.88,1.880,0.958,1.859,3.459,0.632,-2.955
19.89,1.458,0.959,1.850,3.652,0.634,-2.866
19.90,1.869,0.958,1.852,3.623,0.637,-2.778
19.91,1.937,0.957,1.856,3.280,0.639,-2.702
19.92,1.730,0.958,1.854,3.636,0.640,-2.617
19.93,1.662,0.958,1.851,3.461,0.641,-2.548
19.94,2.002,0.957,1.856,3.415,0.644,-2.469
19.95,1.894,0.956,1.858,3.484,0.644,-2.390
19.96,1.909,0.956,1.862,3.365,0.646,-2.314
19.97,1.731,0.954,1.858,3.726,0.644,-2.230
19.98,1.870,0.956,1.862,3.317,0.644,-2.159
19.99,1.650,0.958,1.859,3.487,0.644,-2.084
20.00,1.560,0.959,1.853,3.143,0.644,-2.018
20.01,1.613,0.958,1.847,3.687,0.645,-1.935
20.02,1.707,0.957,1.842,3.258,0.646,-1.868
20.03,1.741,0.957,1.841,3.090,0.647,-1.805
20.04,1.770,0.957,1.840,3.437,0.649,-1.731
20.05,1.969,0.956,1.845,3.798,0.649,-1.648
20.06,1.877,0.956,1.848,3.161,0.650,-1.585
20.07,1.923,0.957,1.853,3.381,0.650,-1.517
20.08,1.946,0.956,1.856,3.486,0.651,-1.446
20.09,1.761,0.958,1.857,3.464,0.652,-1.376
20.10,1.658,0.957,1.851,3.398,0.650,-1.318
20.11,1.926,0.957,1.855,3.521,0.651,-1.246
20.12,1.760,0.955,1.852,3.417,0.649,-1.181
20.13,1.418,0.955,1.840,3.434,0.647,-1.117
20.14,1.652,0.954,1.835,3.481,0.648,-1.048
20.15,1.748,0.952,1.832,3.339,0.648,-0.986
20.16,1.642,0.951,1.827,3.555,0.651,-0.914
20.17,1.795,0.950,1.826,3.451,0.653,-0.847
20.18,1.850,0.950,1.828,3.292,0.656,-0.786
20.19,1.250,0.951,1.812,2.816,0.657,-0.741
20.20,1.600,0.949,1.805,2.719,0.658,-0.699
20.21,1.794,0.948,1.805,3.436,0.660,-0.636
20.22,2.126,0.947,1.815,4.321,0.661,-0.546
20.23,1.875,0.947,1.818,3.596,0.662,-0.480
20.24,1.646,0.947,1.814,3.407,0.661,-0.422
20.25,1.942,0.945,1.817,3.632,0.662,-0.356
20.26,1.724,0.944,1.814,3.875,0.662,-0.284
20.27,1.631,0.942,1.808,3.637,0.662,-0.221
20.28,1.801,0.942,1.809,3.602,0.662,-0.160
20.29,1.606,0.942,1.804,3.669,0.662,-0.096
20.30,1.549,0.942,1.796,3.194,0.664,-0.047
20.31,1.668,0.941,1.793,3.423,0.665,0.007
20.32,1.728,0.942,1.793,3.384,0.665,0.060
20.33,1.845,0.944,1.797,3.646,0.666,0.120
20.34,1.978,0.943,1.803,3.559,0.665,0.176
20.35,1.740,0.942,1.801,3.546,0.667,0.233
20.36,1.839,0.940,1.801,3.645,0.669,0.293
20.37,2.007,0.938,1.806,3.473,0.670,0.345
20.38,1.885,0.937,1.809,3.518,0.670,0.397
20.39,1.632,0.938,1.805,3.451,0.670,0.446
20.40,1.473,0.938,1.796,3.413,0.670,0.494
20.41,1.414,0.939,1.786,3.509,0.670,0.544
20.42,1.707,0.937,1.783,3.495,0.671,0.594
20.43,1.790,0.938,1.785,3.214,0.670,0.633
20.44,1.993,0.938,1.791,3.578,0.671,0.681
20.45,1.584,0.937,1.785,3.618,0.673,0.734
20.46,1.730,0.935,1.782,3.232,0.674,0.774
20.47,1.909,0.934,1.786,3.495,0.674,0.820
20.48,1.857,0.934,1.789,3.516,0.674,0.867
20.49,1.791,0.933,1.789,3.429,0.674,0.911
20.50,1.902,0.933,1.793,3.372,0.674,0.952
20.51,1.812,0.933,1.794,3.552,0.675,0.999
20.52,1.602,0.932,1.788,3.480,0.676,1.042
20.53,1.779,0.932,1.788,3.389,0.678,1.084
20.54,1.625,0.929,1.782,3.427,0.678,1.124
20.55,1.408,0.931,1.772,3.704,0.679,1.174
20.56,1.562,0.929,1.765,3.530,0.679,1.216
20.57,1.822,0.929,1.767,3.506,0.682,1.259
20.58,1.694,0.929,1.765,3.619,0.683,1.304
20.59,1.556,0.928,1.758,3.475,0.683,1.344
20.60,1.785,0.928,1.760,3.242,0.683,1.374
20.61,1.957,0.928,1.766,3.706,0.683,1.417
20.62,1.876,0.929,1.772,3.359,0.684,1.451
20.63,1.932,0.929,1.777,3.571,0.684,1.491
20.64,1.865,0.929,1.781,3.452,0.684,1.527
20.65,1.722,0.929,1.779,3.660,0.685,1.569
20.66,1.707,0.929,1.778,3.499,0.685,1.605
20.67,1.637,0.927,1.771,3.516,0.688,1.643
20.68,2.145,0.926,1.783,3.151,0.689,1.669
20.69,1.667,0.924,1.778,3.335,0.692,1.701
20.70,1.647,0.924,1.775,3.361,0.695,1.734
20.71,1.310,0.922,1.759,2.420,0.699,1.737
20.72,1.273,0.920,1.743,1.128,0.701,1.700
20.73,1.459,0.920,1.734,2.748,0.703,1.713
20.74,2.071,0.919,1.744,5.840,0.701,1.818
20.75,1.641,0.919,1.741,4.388,0.699,1.876
20.76,1.855,0.919,1.745,3.680,0.698,1.912
20.77,1.878,0.921,1.751,4.478,0.696,1.971
20.78,1.803,0.921,1.753,3.503,0.694,1.999
20.79,2.090,0.919,1.762,3.301,0.696,2.024
20.80,2.279,0.915,1.775,5.635,0.698,2.120
20.81,3.253,0.910,1.815,7.262,0.699,2.264
20.82,1.332,0.902,1.794,2.573,0.710,2.271
20.83,0.509,0.897,1.751,0.217,0.719,2.203
20.84,0.701,0.891,1.713,0.494,0.726,2.143
20.85,2.258,0.888,1.727,5.362,0.724,2.225
20.86,1.225,0.886,1.711,3.918,0.742,2.281
20.87,1.596,0.886,1.707,2.777,0.757,2.298
20.88,1.494,0.885,1.700,2.891,0.775,2.320
20.89,1.718,0.885,1.701,3.946,0.784,2.366
20.90,1.699,0.886,1.702,2.302,0.783,2.351
20.91,1.472,0.887,1.696,2.205,0.781,2.332
20.92,1.797,0.888,1.700,2.295,0.788,2.325
20.93,1.514,0.888,1.695,3.947,0.791,2.366
20.94,1.718,0.889,1.696,3.566,0.796,2.396
20.95,1.526,0.888,1.690,3.354,0.798,2.415
20.96,1.826,0.886,1.692,3.669,0.799,2.442
20.97,1.691,0.885,1.691,3.165,0.800,2.455
20.98,1.640,0.884,1.689,3.238,0.801,2.470
20.99,1.925,0.883,1.695,2.980,0.801,2.475
21.00,2.182,0.883,1.710,2.137,0.802,2.455
21.01,1.759,0.883,1.712,1.779,0.803,2.425
21.02,2.213,0.883,1.727,3.212,0.803,2.439
21.04,1.571,0.883,1.723,2.691,0.810,2.443
21.04,1.251,0.883,1.709,3.799,0.817,2.482
21.05,1.182,0.883,1.694,4.040,0.826,2.528
21.06,1.409,0.883,1.685,3.632,0.833,2.560
21.07,1.523,0.883,1.680,4.963,0.839,2.631
21.08,1.512,0.885,1.676,3.883,0.846,2.667
21.09,1.953,0.885,1.684,3.692,0.851,2.696
21.10,1.785,0.886,1.689,3.571,0.853,2.717
21.11,2.061,0.884,1.699,3.310,0.854,2.729
21.13,1.911,0.882,1.703,3.336,0.855,2.741
21.14,1.787,0.881,1.705,3.296,0.857,2.753
21.15,1.833,0.881,1.709,3.394,0.855,2.764
21.16,1.703,0.882,1.710,3.664,0.852,2.782
21.17,1.931,0.879,1.715,3.337,0.847,2.788
21.18,1.776,0.879,1.716,3.569,0.847,2.806
21.19,1.942,0.878,1.723,3.161,0.847,2.812
21.20,2.109,0.877,1.734,2.428,0.845,2.792
21.21,1.811,0.878,1.738,2.383,0.846,2.774
21.22,1.694,0.878,1.737,3.874,0.844,2.801
21.23,2.007,0.880,1.748,3.255,0.846,2.811
21.24,1.536,0.881,1.743,3.179,0.852,2.822
21.25,1.775,0.882,1.746,5.108,0.859,2.893
21.26,1.899,0.882,1.751,3.441,0.866,2.913
21.27,1.834,0.884,1.755,3.230,0.873,2.924
21.28,1.931,0.884,1.762,3.594,0.880,2.948
21.29,1.806,0.885,1.765,2.930,0.886,2.948
21.30,1.839,0.887,1.769,3.232,0.888,2.955
21.31,1.481,0.887,1.761,3.792,0.894,2.983
21.32,1.807,0.886,1.762,3.160,0.898,2.988
21.33,1.571,0.886,1.757,3.342,0.900,2.996
21.34,1.655,0.887,1.756,3.537,0.904,3.013
21.35,1.423,0.887,1.746,3.275,0.907,3.020
21.36,2.044,0.886,1.755,3.516,0.910,3.036
21.37,1.975,0.887,1.763,3.693,0.916,3.058
21.38,1.840,0.887,1.766,3.527,0.916,3.070
21.39,1.878,0.887,1.770,3.544,0.918,3.083
21.40,1.667,0.890,1.770,3.210,0.921,3.087
21.41,1.565,0.891,1.766,3.586,0.923,3.101
21.42,1.588,0.892,1.762,3.217,0.927,3.106
21.43,1.856,0.895,1.768,3.041,0.930,3.105
21.44,1.846,0.896,1.772,3.267,0.936,3.112
21.45,1.841,0.897,1.776,3.422,0.943,3.126
21.46,1.996,0.898,1.784,3.182,0.949,3.131
21.47,1.902,0.901,1.791,2.999,0.956,3.131
21.48,1.879,0.902,1.796,3.022,0.963,3.132
21.49,1.547,0.904,1.791,2.897,0.968,3.127
21.50,1.820,0.906,1.794,3.367,0.973,3.137
21.51,1.754,0.907,1.795,2.953,0.978,3.133
21.52,1.534,0.906,1.787,2.967,0.981,3.128
21.53,1.491,0.909,1.780,2.791,0.989,3.124
21.54,1.780,0.910,1.782,3.398,0.998,3.137
21.55,1.773,0.912,1.784,4.041,1.005,3.169
21.56,1.868,0.912,1.787,3.642,1.008,3.184
21.57,1.918,0.914,1.794,3.163,1.012,3.185
21.58,1.931,0.916,1.800,3.149,1.018,3.188
21.59,1.652,0.916,1.796,2.882,1.023,3.181
21.60,1.724,0.917,1.795,3.401,1.032,3.194
21.61,1.831,0.919,1.799,3.777,1.040,3.217
21.62,1.660,0.923,1.799,3.243,1.058,3.233
21.63,1.477,0.927,1.793,2.710,1.076,3.233
21.64,1.532,0.932,1.791,2.621,1.092,3.227
21.65,1.168,0.934,1.774,1.526,1.107,3.186
21.66,1.311,0.935,1.761,2.330,1.123,3.172
21.67,2.070,0.937,1.772,2.593,1.145,3.173
21.68,1.669,0.938,1.770,3.395,1.164,3.195
21.69,1.675,0.940,1.769,2.550,1.190,3.196
21.70,2.136,0.944,1.784,3.907,1.219,3.243
21.71,2.185,0.947,1.800,3.309,1.252,3.274
21.72,2.048,0.951,1.812,3.048,1.288,3.298
21.73,1.559,0.957,1.809,2.797,1.339,3.328
21.74,1.951,0.962,1.819,2.788,1.396,3.364
21.75,2.244,0.963,1.833,1.951,1.449,3.368
21.76,2.716,0.966,1.864,1.600,1.508,3.366
21.77,3.123,0.971,1.908,-0.992,1.566,3.284
21.78,3.958,0.974,1.975,1.845,1.641,3.307
21.79,3.900,0.978,2.039,0.025,1.730,3.286
21.80,7.747,0.986,2.224,-1.186,1.870,3.277
21.81,-3.510,0.986,2.052,11.927,2.267,3.917
21.82,2.985,0.978,2.075,11.052,2.945,4.788
21.83,1.283,0.965,2.041,4.154,3.758,5.551
21.84,3.460,0.972,2.094,-1.040,4.622,6.182
21.85,0.493,0.994,2.069,-1.360,5.481,6.776
21.86,3.297,1.039,2.152,1.736,6.417,7.519
21.87,0.421,1.082,2.144,0.328,7.292,8.136
21.88,2.028,1.125,2.184,-3.746,8.094,8.535
21.89,0.546,1.170,2.178,-4.530,8.844,8.844
21.90,1.886,1.224,2.224,-2.478,9.622,9.229
21.91,1.505,1.292,2.269,-2.369,10.520,9.718
21.92,2.552,1.378,2.362,-1.556,11.524,10.317
21.93,0.727,1.483,2.415,-2.468,12.623,10.957
21.94,2.920,1.590,2.535,-8.008,13.653,11.338
21.95,2.497,1.685,2.626,-10.592,14.483,11.427
21.96,1.946,1.744,2.664,-13.739,15.084,11.189
21.97,1.806,1.780,2.673,-13.032,15.501,10.793
21.98,0.959,1.821,2.660,-11.550,15.903,10.424
21.99,2.802,1.855,2.697,-11.260,16.219,9.992
22.00,1.975,1.894,2.713,-8.338,16.605,9.725
22.01,1.671,1.959,2.743,-11.443,17.096,9.466
22.02,1.885,2.015,2.770,-13.286,17.640,9.203
22.03,2.049,2.049,2.780,-11.188,18.235,9.057
22.04,2.726,2.102,2.829,-9.691,18.910,9.032
22.05,2.377,2.150,2.859,-6.045,19.848,9.368
22.06,2.461,2.283,2.974,-8.277,20.971,9.800
22.07,2.846,2.409,3.091,-17.211,22.085,9.930
22.08,1.762,2.488,3.126,-19.524,23.053,9.835
22.09,2.237,2.561,3.167,-21.135,23.800,9.472
22.10,2.380,2.604,3.182,-22.417,24.350,8.879
22.11,2.192,2.637,3.180,-19.295,24.763,8.258
22.12,2.815,2.679,3.208,-20.054,25.047,7.499
22.13,1.721,2.667,3.146,-19.328,25.339,6.784
22.14,2.123,2.707,3.150,-18.871,25.597,6.065
22.15,2.629,2.711,3.134,-26.307,25.704,4.964
22.16,2.345,2.677,3.072,-21.900,25.627,3.863
22.17,2.129,2.648,3.011,-20.753,25.486,2.761
22.18,2.831,2.593,2.948,-14.911,25.418,1.937
22.19,1.849,2.601,2.917,-12.903,25.564,1.401
22.20,0.951,2.623,2.873,-17.423,25.973,0.993
22.21,1.538,2.624,2.828,-14.774,26.695,0.978
22.22,2.529,2.650,2.838,-12.007,27.661,1.279
22.23,4.335,2.702,2.929,-16.766,28.628,1.422
22.24,3.355,2.775,3.007,-23.335,29.393,1.158
22.25,3.536,2.796,3.037,-29.302,29.919,0.479
22.26,1.788,2.822,3.019,-25.313,30.286,-0.220
22.27,2.756,2.852,3.034,-24.184,30.600,-0.922
22.28,2.371,2.888,3.043,-24.219,30.866,-1.657
22.29,1.918,2.917,3.031,-26.117,31.081,-2.484
22.30,2.185,2.927,3.008,-24.234,31.279,-3.252
22.31,2.144,2.936,2.984,-25.520,31.439,-4.079
22.32,2.137,2.939,2.954,-26.100,31.530,-4.971
22.33,2.179,2.943,2.926,-24.351,31.586,-5.824
22.34,2.237,2.949,2.904,-23.923,31.639,-6.645
22.35,2.045,2.952,2.873,-23.703,31.722,-7.412
22.36,1.984,2.952,2.838,-22.916,31.859,-8.082
22.37,2.349,2.960,2.823,-25.182,31.973,-8.829
22.38,2.481,2.961,2.805,-26.695,32.005,-9.684
22.39,2.423,2.947,2.772,-26.103,31.993,-10.543
22.40,2.622,2.929,2.741,-24.381,31.988,-11.321
22.41,2.424,2.913,2.707,-23.297,32.024,-12.005
22.42,2.374,2.892,2.668,-21.668,32.185,-12.501
22.43,2.881,2.879,2.653,-21.501,32.457,-12.872
22.44,3.164,2.881,2.662,-21.813,32.794,-13.181
22.45,2.476,2.897,2.663,-23.463,33.192,-13.475
22.46,2.864,2.915,2.679,-24.798,33.612,-13.782
22.47,2.518,2.931,2.680,-25.903,34.014,-14.134
22.48,1.835,2.947,2.662,-27.108,34.390,-14.541
22.49,2.249,2.964,2.656,-28.879,34.727,-15.071
22.50,2.470,2.983,2.660,-29.477,34.928,-15.702
22.51,2.514,2.997,2.660,-28.629,35.046,-16.372
22.52,1.767,3.008,2.634,-27.782,35.120,-17.040
22.54,1.963,3.024,2.620,-28.424,35.166,-17.740
22.55,2.509,3.031,2.614,-27.698,35.191,-18.419
22.55,2.417,3.034,2.601,-25.282,35.268,-18.955
22.57,2.432,3.043,2.596,-27.125,35.382,-19.497
22.58,2.764,3.051,2.598,-29.599,35.453,-20.144
22.58,2.500,3.049,2.584,-29.029,35.462,-20.815
22.59,2.413,3.047,2.568,-28.127,35.430,-21.481
22.61,2.423,3.045,2.551,-26.779,35.399,-22.086
22.61,2.335,3.049,2.539,-26.135,35.421,-22.603
22.62,2.664,3.052,2.536,-27.394,35.462,-23.125
22.63,2.344,3.052,2.520,-26.872,35.516,-23.603
22.64,2.292,3.053,2.505,-27.009,35.611,-24.033
22.66,2.386,3.052,2.490,-26.971,35.743,-24.413
22.67,2.374,3.050,2.474,-27.608,35.913,-24.808
22.68,2.566,3.050,2.466,-28.928,36.045,-25.226
22.69,2.281,3.044,2.445,-28.813,36.133,-25.673
22.70,2.508,3.044,2.438,-29.027,36.187,-26.146
22.71,2.465,3.044,2.428,-28.154,36.220,-26.598
22.72,2.216,3.043,2.411,-27.864,36.260,-27.021
22.73,2.349,3.043,2.399,-27.357,36.332,-27.386
22.74,2.485,3.043,2.392,-27.287,36.430,-27.711
22.75,2.282,3.041,2.376,-28.250,36.548,-28.037
22.76,2.518,3.036,2.367,-28.458,36.663,-28.362
22.77,2.253,3.030,2.347,-28.495,36.769,-28.687
22.78,2.652,3.029,2.345,-29.465,36.843,-29.062
22.79,2.187,3.027,2.329,-29.572,36.886,-29.460
22.80,2.538,3.030,2.328,-29.774,36.905,-29.876
22.81,2.629,3.031,2.328,-29.352,36.901,-30.287
22.82,2.344,3.032,2.321,-29.287,36.871,-30.708
22.83,2.432,3.030,2.312,-28.628,36.842,-31.096
22.84,2.337,3.030,2.303,-28.348,36.834,-31.442
22.85,2.249,3.032,2.294,-28.410,36.841,-31.763
22.86,2.483,3.032,2.290,-28.704,36.854,-32.077
22.87,2.327,3.031,2.281,-29.620,36.847,-32.427
22.88,2.256,3.028,2.268,-29.200,36.819,-32.774
22.89,2.400,3.021,2.255,-28.299,36.798,-33.074
22.90,2.435,3.018,2.248,-27.683,36.818,-33.306
22.91,2.100,3.021,2.237,-28.089,36.871,-33.508
22.92,2.139,3.021,2.224,-28.780,36.933,-33.715
22.93,2.359,3.022,2.219,-28.601,36.995,-33.910
22.94,2.403,3.025,2.219,-27.971,37.076,-34.058
22.95,2.617,3.023,2.220,-28.782,37.174,-34.209
22.96,2.392,3.022,2.215,-29.003,37.274,-34.358
22.97,2.600,3.020,2.215,-29.378,37.372,-34.514
22.98,2.375,3.021,2.212,-29.279,37.473,-34.658
22.99,2.503,3.019,2.210,-29.713,37.553,-34.829
23.00,2.780,3.016,2.215,-30.143,37.607,-35.032
23.01,2.398,3.018,2.213,-29.651,37.648,-35.265
23.02,2.318,3.016,2.206,-29.272,37.676,-35.449
23.03,2.452,3.014,2.202,-29.421,37.716,-35.619
23.04,2.161,3.011,2.190,-29.430,37.764,-35.774
23.05,2.234,3.007,2.179,-29.852,37.807,-35.940
23.06,2.778,3.003,2.184,-29.061,37.848,-36.077
23.07,2.229,3.005,2.179,-29.348,37.883,-36.222
23.08,2.657,3.010,2.190,-30.821,37.887,-36.437
23.09,2.507,3.012,2.194,-29.793,37.870,-36.631
23.10,2.263,3.016,2.191,-29.605,37.854,-36.811
23.11,2.363,3.020,2.193,-29.443,37.849,-36.967
23.12,2.429,3.022,2.193,-28.991,37.858,-37.089
23.13,2.624,3.021,2.198,-29.681,37.881,-37.212
23.14,2.091,3.026,2.191,-29.050,37.918,-37.296
23.15,2.199,3.029,2.187,-30.040,37.963,-37.397
23.16,2.265,3.031,2.182,-30.676,37.981,-37.540
23.17,2.586,3.031,2.187,-30.074,37.974,-37.680
23.18,2.209,3.036,2.184,-29.607,37.968,-37.835
23.19,2.496,3.036,2.186,-29.774,37.965,-37.948
23.20,2.728,3.036,2.195,-29.942,37.965,-38.058
23.21,2.193,3.037,2.188,-29.284,37.972,-38.135
23.22,2.510,3.034,2.187,-29.506,37.980,-38.212
23.23,2.398,3.031,2.184,-29.746,37.990,-38.290
23.24,2.539,3.028,2.185,-29.478,38.012,-38.343
23.25,2.413,3.027,2.183,-30.002,38.046,-38.396
23.26,2.475,3.027,2.185,-30.180,38.073,-38.457
23.27,2.456,3.026,2.185,-29.937,38.083,-38.523
23.28,2.516,3.028,2.190,-30.324,38.078,-38.610
23.29,2.397,3.026,2.188,-30.850,38.035,-38.746
23.30,2.269,3.018,2.176,-29.718,37.969,-38.862
23.31,2.555,3.009,2.171,-29.348,37.916,-38.948
23.32,2.616,3.005,2.174,-28.914,37.888,-38.991
23.33,2.622,3.003,2.179,-29.159,37.887,-39.010
23.34,2.584,2.999,2.181,-29.592,37.905,-39.021
23.35,2.449,2.996,2.181,-29.437,37.937,-39.011
23.36,2.402,2.995,2.181,-29.203,37.988,-38.972
23.37,2.416,2.994,2.181,-30.467,38.043,-38.967
23.38,2.812,2.988,2.188,-30.658,38.056,-39.005
23.39,2.668,2.986,2.195,-30.475,38.039,-39.063
23.40,2.355,2.983,2.191,-29.538,38.016,-39.094
23.41,2.469,2.981,2.192,-29.337,38.002,-39.106
23.42,2.682,2.987,2.208,-29.391,37.998,-39.106
23.43,2.151,2.988,2.201,-29.418,38.010,-39.089
23.44,2.408,2.992,2.205,-29.929,38.021,-39.085
23.45,2.476,2.989,2.206,-29.935,38.021,-39.091
23.46,2.521,2.985,2.206,-29.577,38.024,-39.079
23.47,2.271,2.988,2.205,-29.295,38.046,-39.038
23.48,2.375,2.989,2.207,-29.894,38.070,-39.011
23.49,2.393,2.993,2.211,-29.044,38.109,-38.941
23.50,2.805,3.000,2.231,-29.752,38.149,-38.892
23.51,2.491,3.007,2.241,-29.964,38.199,-38.838
23.52,2.353,3.009,2.241,-29.722,38.267,-38.784
23.53,2.416,3.015,2.248,-29.707,38.327,-38.709
23.54,2.462,3.023,2.257,-30.771,38.365,-38.687
23.55,2.508,3.026,2.263,-30.697,38.382,-38.682
23.56,2.735,3.029,2.276,-31.053,38.380,-38.705
23.57,2.639,3.032,2.285,-30.858,38.352,-38.743
23.58,2.378,3.033,2.285,-30.210,38.317,-38.765
23.59,2.264,3.034,2.281,-29.211,38.309,-38.726
23.60,2.530,3.030,2.281,-29.697,38.328,-38.674
23.61,2.631,3.028,2.284,-29.962,38.353,-38.624
23.62,2.480,3.030,2.288,-30.322,38.362,-38.599
23.63,2.410,3.036,2.294,-31.140,38.340,-38.628
23.64,2.455,3.037,2.296,-31.142,38.292,-38.678
23.65,2.672,3.038,2.304,-29.915,38.239,-38.692
23.66,2.370,3.041,2.305,-30.115,38.187,-38.708
23.67,2.294,3.038,2.298,-30.037,38.139,-38.714
23.68,2.463,3.038,2.299,-28.950,38.113,-38.663
23.69,2.645,3.035,2.303,-29.421,38.107,-38.627
23.70,2.201,3.032,2.294,-29.474,38.117,-38.553
23.71,2.663,3.030,2.299,-29.850,38.133,-38.484
23.72,2.549,3.029,2.302,-29.950,38.144,-38.423
23.73,2.360,3.028,2.299,-30.131,38.147,-38.375
23.74,2.210,3.024,2.289,-30.147,38.142,-38.333
23.75,2.329,3.022,2.284,-29.623,38.147,-38.265
23.76,2.701,3.020,2.292,-28.915,38.168,-38.158
23.77,2.406,3.024,2.296,-30.231,38.205,-38.077
23.78,2.556,3.022,2.299,-30.242,38.229,-38.010
23.79,2.344,3.019,2.294,-30.012,38.245,-37.941
23.80,2.804,3.020,2.307,-30.023,38.267,-37.868
23.81,2.616,3.019,2.312,-30.436,38.271,-37.825
23.82,2.540,3.021,2.319,-30.309,38.261,-37.790
23.83,2.498,3.021,2.321,-30.335,38.232,-37.773
23.84,2.495,3.019,2.321,-29.616,38.212,-37.724
23.85,2.281,3.024,2.322,-29.228,38.211,-37.643
23.86,2.782,3.027,2.337,-30.630,38.205,-37.610
23.87,2.157,3.028,2.329,-29.292,38.200,-37.534
23.88,2.766,3.031,2.342,-29.942,38.205,-37.469
23.89,2.624,3.027,2.345,-29.285,38.228,-37.364
23.90,2.131,3.028,2.337,-29.172,38.280,-37.230
23.91,2.319,3.024,2.330,-30.232,38.326,-37.135
23.92,2.372,3.026,2.330,-29.301,38.365,-37.019
23.93,2.547,3.035,2.343,-30.331,38.386,-36.953
23.94,2.547,3.040,2.351,-30.037,38.393,-36.892
23.95,2.373,3.050,2.359,-29.682,38.412,-36.808
23.96,2.600,3.060,2.374,-30.842,38.425,-36.766
23.97,2.456,3.062,2.376,-30.704,38.423,-36.734
23.98,2.612,3.064,2.382,-30.132,38.426,-36.679
23.99,2.696,3.066,2.392,-29.846,38.437,-36.605
24.00,2.695,3.068,2.401,-29.994,38.452,-36.534
24.01,2.131,3.074,2.397,-29.105,38.489,-36.414
24.02,2.329,3.090,2.408,-29.782,38.539,-36.303
24.03,2.465,3.108,2.424,-30.798,38.588,-36.240
24.05,2.153,3.117,2.423,-31.199,38.615,-36.196
24.06,2.549,3.129,2.436,-31.131,38.614,-36.177
24.07,2.365,3.137,2.439,-31.150,38.600,-36.171
24.08,2.469,3.140,2.441,-31.005,38.564,-36.179
24.08,2.321,3.143,2.437,-30.042,38.524,-36.161
24.09,2.600,3.145,2.443,-29.483,38.505,-36.104
24.11,2.666,3.148,2.449,-29.627,38.505,-36.031
24.12,2.192,3.147,2.439,-29.525,38.535,-35.928
24.13,2.511,3.148,2.439,-30.703,38.569,-35.858
24.13,2.259,3.147,2.431,-30.886,38.580,-35.816
24.15,2.620,3.146,2.433,-30.454,38.586,-35.766
24.16,2.415,3.145,2.429,-30.336,38.588,-35.716
24.17,2.268,3.145,2.422,-30.232,38.590,-35.662
24.18,2.606,3.148,2.428,-29.781,38.601,-35.586
24.19,2.368,3.154,2.430,-30.862,38.600,-35.555
24.20,2.402,3.153,2.426,-30.744,38.583,-35.535
24.21,2.526,3.153,2.426,-30.305,38.569,-35.509
24.22,2.432,3.154,2.426,-29.894,38.580,-35.434
24.23,2.213,3.157,2.419,-30.090,38.604,-35.354
24.24,2.533,3.158,2.422,-29.922,38.628,-35.269
24.25,2.386,3.160,2.420,-30.562,38.645,-35.211
24.26,2.758,3.161,2.429,-30.327,38.667,-35.142
24.27,2.444,3.161,2.427,-30.943,38.675,-35.106
24.28,2.467,3.159,2.425,-30.657,38.675,-35.068
24.29,2.316,3.162,2.423,-30.175,38.679,-35.011
24.30,2.531,3.163,2.424,-30.124,38.689,-34.949
24.31,2.691,3.163,2.430,-30.849,38.699,-34.907
24.32,2.417,3.158,2.423,-30.485,38.698,-34.866
24.33,2.133,3.154,2.408,-29.904,38.703,-34.802
24.34,2.420,3.153,2.405,-30.074,38.724,-34.727
24.35,2.016,3.160,2.398,-30.031,38.764,-34.633
24.36,2.444,3.169,2.405,-30.683,38.800,-34.564
24.37,2.396,3.173,2.407,-31.543,38.814,-34.545
24.38,2.257,3.173,2.400,-31.514,38.799,-34.552
24.39,2.439,3.169,2.395,-30.290,38.779,-34.526
24.40,2.617,3.171,2.402,-29.685,38.776,-34.463
24.41,2.454,3.175,2.405,-29.779,38.790,-34.388
24.42,2.455,3.184,2.412,-30.576,38.801,-34.341
24.43,2.866,3.191,2.431,-30.899,38.796,-34.319
24.44,2.287,3.192,2.426,-30.476,38.783,-34.292
24.45,2.290,3.194,2.422,-30.174,38.778,-34.248
24.46,2.824,3.204,2.441,-29.828,38.784,-34.182
24.47,2.305,3.217,2.448,-30.796,38.791,-34.146
24.48,2.157,3.228,2.447,-30.767,38.785,-34.122
24.49,2.371,3.231,2.446,-30.009,38.790,-34.063
24.50,2.414,3.237,2.448,-29.755,38.816,-33.976
24.51,2.178,3.246,2.446,-29.846,38.863,-33.874
24.52,2.220,3.257,2.448,-30.064,38.925,-33.766
24.53,2.547,3.267,2.458,-31.161,38.983,-33.697
24.54,2.260,3.273,2.456,-31.804,39.030,-33.660
24.55,2.187,3.276,2.448,-31.786,39.053,-33.653
24.56,2.660,3.276,2.452,-31.641,39.054,-33.656
24.57,2.525,3.279,2.454,-30.612,39.047,-33.633
24.58,2.070,3.281,2.442,-30.154,39.047,-33.590
24.59,2.132,3.281,2.430,-30.163,39.067,-33.529
24.60,2.136,3.285,2.422,-31.416,39.087,-33.505
24.61,2.743,3.286,2.430,-30.681,39.105,-33.462
24.62,2.325,3.286,2.424,-30.836,39.119,-33.428
24.63,2.582,3.285,2.426,-30.507,39.136,-33.382
24.64,2.434,3.285,2.423,-30.957,39.155,-33.347
24.65,2.751,3.285,2.431,-31.473,39.161,-33.342
24.66,2.747,3.286,2.440,-31.101,39.151,-33.339
24.67,2.511,3.289,2.443,-31.147,39.132,-33.347
24.68,2.610,3.292,2.447,-30.631,39.117,-33.334
24.69,2.627,3.295,2.454,-30.463,39.117,-33.301
24.70,2.704,3.294,2.458,-30.648,39.125,-33.266
24.71,2.387,3.293,2.453,-30.763,39.139,-33.229
24.72,2.295,3.291,2.444,-30.675,39.160,-33.187
24.73,2.459,3.291,2.442,-31.286,39.172,-33.168
24.74,2.183,3.294,2.435,-30.896,39.192,-33.131
24.75,2.743,3.297,2.445,-30.893,39.206,-33.099
24.76,2.566,3.298,2.448,-31.430,39.209,-33.094
24.77,2.737,3.302,2.458,-30.645,39.213,-33.063
24.78,2.476,3.303,2.457,-30.934,39.218,-33.042
24.79,2.594,3.301,2.457,-30.525,39.230,-33.001
24.80,2.411,3.299,2.452,-30.987,39.252,-32.965
24.81,2.437,3.298,2.448,-30.639,39.275,-32.917
24.82,2.536,3.297,2.448,-31.128,39.283,-32.900
24.83,2.416,3.298,2.445,-30.363,39.287,-32.863
24.84,2.507,3.299,2.446,-31.016,39.286,-32.851
24.85,2.451,3.300,2.445,-31.373,39.281,-32.855
24.86,2.685,3.301,2.452,-30.535,39.289,-32.819
24.87,2.632,3.302,2.457,-30.793,39.307,-32.782
24.88,2.233,3.301,2.447,-30.825,39.326,-32.745
24.89,2.563,3.299,2.447,-31.039,39.342,-32.719
24.90,2.607,3.297,2.448,-31.111,39.355,-32.698
24.91,2.848,3.296,2.457,-31.331,39.352,-32.699
24.92,2.247,3.296,2.449,-30.818,39.338,-32.695
24.93,2.787,3.300,2.461,-30.458,39.325,-32.678
24.94,2.449,3.301,2.460,-30.719,39.319,-32.663
24.95,2.782,3.302,2.469,-31.239,39.309,-32.666
24.96,2.598,3.302,2.472,-30.918,39.299,-32.660
24.97,2.600,3.303,2.475,-30.346,39.296,-32.629
24.98,2.675,3.304,2.480,-31.156,39.304,-32.613
24.99,2.225,3.303,2.470,-31.215,39.310,-32.599
25.00,2.763,3.300,2.475,-31.238,39.304,-32.599
25.01,2.510,3.296,2.470,-30.915,39.298,-32.588
25.02,2.755,3.296,2.478,-30.634,39.306,-32.555
25.03,2.794,3.296,2.486,-30.281,39.329,-32.497
25.04,2.865,3.297,2.497,-30.436,39.366,-32.430
25.05,2.343,3.296,2.490,-31.838,39.384,-32.428
25.06,2.176,3.292,2.476,-31.713,39.377,-32.447
25.07,2.334,3.294,2.471,-31.288,39.363,-32.458
25.08,2.476,3.296,2.473,-30.485,39.355,-32.437
25.09,2.555,3.297,2.474,-30.639,39.363,-32.405
25.10,2.542,3.295,2.474,-30.940,39.387,-32.367
25.11,2.430,3.294,2.470,-30.607,39.423,-32.309
25.12,2.542,3.294,2.470,-31.365,39.456,-32.278
25.13,2.369,3.293,2.465,-31.710,39.478,-32.268
25.14,2.412,3.294,2.464,-31.293,39.499,-32.247
25.15,2.398,3.293,2.459,-31.484,39.518,-32.233
25.16,2.087,3.294,2.447,-31.030,39.546,-32.198
25.17,2.440,3.292,2.444,-31.857,39.561,-32.202
25.18,2.633,3.291,2.447,-31.414,39.561,-32.205
25.19,2.480,3.290,2.446,-30.854,39.563,-32.190
25.20,2.498,3.291,2.447,-30.998,39.573,-32.171
25.21,2.680,3.290,2.452,-30.575,39.598,-32.125
25.22,2.734,3.286,2.455,-31.364,39.630,-32.097
25.23,2.796,3.282,2.460,-31.284,39.665,-32.067
25.24,2.835,3.283,2.472,-31.318,39.704,-32.033
25.25,2.390,3.285,2.470,-31.714,39.734,-32.019
25.26,2.338,3.284,2.464,-31.678,39.749,-32.021
25.27,2.411,3.284,2.461,-31.741,39.747,-32.039
25.28,2.379,3.282,2.456,-31.803,39.737,-32.067
25.29,2.287,3.284,2.451,-31.058,39.737,-32.062
25.30,2.263,3.290,2.450,-31.619,39.737,-32.074
25.31,2.490,3.293,2.453,-31.529,39.735,-32.084
25.32,2.446,3.293,2.452,-31.268,39.730,-32.089
25.33,2.806,3.289,2.457,-31.169,39.732,-32.083
25.34,2.519,3.286,2.456,-30.761,39.751,-32.048
25.35,2.728,3.282,2.458,-31.434,39.775,-32.031
25.36,2.654,3.278,2.460,-31.438,39.788,-32.023
25.37,2.225,3.278,2.451,-31.311,39.812,-32.002
25.38,2.613,3.275,2.452,-31.743,39.822,-32.007
25.39,2.408,3.275,2.450,-31.208,39.839,-31.989
25.40,2.292,3.277,2.446,-31.031,39.866,-31.957
25.41,2.535,3.279,2.450,-31.825,39.889,-31.954
25.42,2.126,3.281,2.441,-31.704,39.897,-31.961
25.43,2.576,3.286,2.449,-31.699,39.895,-31.977
25.45,2.485,3.288,2.451,-31.001,39.898,-31.967
25.45,2.522,3.289,2.453,-31.422,39.913,-31.958
25.46,2.723,3.292,2.463,-31.314,39.938,-31.936
25.47,2.659,3.291,2.467,-31.869,39.966,-31.929
25.48,2.417,3.291,2.465,-31.947,39.992,-31.927
25.49,2.465,3.292,2.465,-31.842,40.007,-31.931
25.50,2.979,3.295,2.482,-31.970,40.008,-31.953
25.51,2.742,3.295,2.490,-31.690,39.995,-31.979
25.52,2.310,3.296,2.484,-32.183,39.974,-32.028
25.53,2.582,3.298,2.489,-31.310,39.954,-32.047
25.54,2.665,3.297,2.493,-31.185,39.943,-32.053
25.55,2.366,3.297,2.488,-30.940,39.960,-32.024
25.56,2.571,3.295,2.488,-31.572,39.982,-32.009
25.58,2.639,3.293,2.490,-31.547,40.006,-31.995
25.59,2.574,3.289,2.488,-32.189,40.021,-32.007
25.60,2.840,3.284,2.493,-32.310,40.022,-32.036
25.61,2.464,3.282,2.490,-32.040,40.006,-32.072
25.62,2.515,3.280,2.488,-31.557,39.992,-32.091
25.63,2.550,3.279,2.489,-31.474,39.985,-32.100
25.64,2.238,3.279,2.481,-31.451,39.987,-32.098
25.65,2.627,3.278,2.484,-31.355,39.999,-32.084
25.66,2.567,3.279,2.487,-31.597,40.022,-32.067
25.67,2.602,3.276,2.487,-31.505,40.046,-32.046
25.68,2.537,3.276,2.488,-31.820,40.066,-32.039
25.69,2.388,3.275,2.484,-31.754,40.069,-32.048
25.70,2.299,3.273,2.476,-31.451,40.066,-32.052
25.71,2.570,3.275,2.480,-31.908,40.057,-32.075
25.72,2.542,3.273,2.480,-31.354,40.055,-32.074
25.73,2.535,3.274,2.481,-31.385,40.065,-32.063
25.74,2.523,3.274,2.482,-31.830,40.079,-32.061
25.75,2.393,3.277,2.482,-31.613,40.097,-32.051
25.76,2.652,3.280,2.490,-31.995,40.100,-32.064
25.77,2.405,3.279,2.486,-31.830,40.087,-32.089
25.78,2.422,3.278,2.482,-31.607,40.081,-32.098
25.79,2.522,3.278,2.484,-31.346,40.082,-32.093
25.80,2.833,3.279,2.495,-31.581,40.076,-32.101
25.81,2.491,3.278,2.494,-31.341,40.068,-32.103
25.82,2.551,3.276,2.493,-30.872,40.073,-32.079
25.83,2.216,3.278,2.486,-31.613,40.092,-32.063
25.84,2.713,3.274,2.488,-32.053,40.106,-32.066
25.85,2.282,3.270,2.478,-31.723,40.113,-32.067
25.86,2.579,3.269,2.480,-31.541,40.119,-32.062
25.87,2.751,3.268,2.487,-32.007,40.124,-32.072
25.88,2.587,3.265,2.487,-31.889,40.125,-32.083
25.89,2.597,3.267,2.492,-31.717,40.128,-32.085
25.90,2.426,3.268,2.491,-32.144,40.123,-32.109
25.91,2.734,3.264,2.494,-31.700,40.105,-32.130
25.92,2.403,3.261,2.488,-31.313,40.097,-32.130
25.93,2.272,3.262,2.482,-31.476,40.097,-32.126
25.94,2.395,3.259,2.477,-31.198,40.105,-32.107
25.95,2.609,3.257,2.479,-32.014,40.114,-32.111
25.96,2.235,3.255,2.469,-31.982,40.117,-32.120
25.97,2.418,3.254,2.466,-31.422,40.116,-32.115
25.98,2.726,3.254,2.474,-31.370,40.115,-32.109
25.99,2.563,3.253,2.475,-31.875,40.110,-32.122
26.00,2.684,3.255,2.483,-31.209,40.112,-32.108
26.01,2.522,3.255,2.484,-31.111,40.127,-32.077
26.02,2.575,3.255,2.487,-31.935,40.151,-32.064
26.03,2.532,3.252,2.486,-31.730,40.173,-32.047
26.04,2.650,3.252,2.491,-32.588,40.184,-32.068
26.05,2.459,3.251,2.489,-32.299,40.170,-32.104
26.06,2.563,3.252,2.492,-31.474,40.153,-32.116
26.07,2.789,3.255,2.503,-31.214,40.157,-32.099
26.08,2.738,3.258,2.514,-31.734,40.161,-32.098
26.09,2.325,3.259,2.509,-31.847,40.148,-32.118
26.10,2.543,3.260,2.511,-31.555,40.134,-32.129
26.11,2.406,3.258,2.506,-31.288,40.126,-32.125
26.12,2.506,3.258,2.506,-31.384,40.130,-32.112
26.13,2.709,3.256,2.510,-31.445,40.153,-32.083
26.14,2.634,3.256,2.515,-31.315,40.193,-32.034
26.15,2.559,3.256,2.516,-32.217,40.224,-32.023
26.16,2.572,3.257,2.519,-32.420,40.239,-32.034
26.17,2.834,3.259,2.530,-31.735,40.247,-32.029
26.18,2.650,3.260,2.535,-32.065,40.253,-32.038
26.19,2.695,3.261,2.541,-31.970,40.252,-32.050
26.20,2.633,3.263,2.547,-31.483,40.256,-32.042
26.21,2.344,3.265,2.543,-31.725,40.257,-32.044
26.22,2.632,3.268,2.549,-31.904,40.256,-32.054
26.23,2.388,3.266,2.543,-31.989,40.257,-32.064
26.24,2.489,3.268,2.543,-31.721,40.267,-32.057
26.25,2.409,3.267,2.538,-31.936,40.283,-32.050
26.26,2.655,3.266,2.541,-31.972,40.299,-32.046
26.27,2.556,3.264,2.540,-32.080,40.302,-32.057
26.28,2.448,3.265,2.538,-32.157,40.296,-32.078
26.29,2.562,3.266,2.541,-32.270,40.284,-32.108
26.30,2.436,3.266,2.537,-31.547,40.274,-32.113
26.31,2.610,3.265,2.539,-31.687,40.272,-32.115
26.32,2.375,3.265,2.534,-31.838,40.265,-32.125
26.33,2.406,3.265,2.530,-31.649,40.273,-32.116
26.34,2.583,3.263,2.530,-31.590,40.295,-32.090
26.35,2.622,3.263,2.533,-31.998,40.325,-32.070
26.36,2.658,3.262,2.536,-31.981,40.354,-32.051
26.37,2.192,3.262,2.526,-32.004,40.394,-32.023
26.38,2.562,3.262,2.527,-32.615,40.428,-32.020
26.39,2.627,3.259,2.528,-32.410,40.445,-32.028
26.40,2.287,3.260,2.521,-31.748,40.449,-32.028
26.41,2.475,3.256,2.516,-31.673,40.454,-32.024
26.42,2.551,3.253,2.515,-31.670,40.466,-32.014
26.43,2.468,3.254,2.514,-31.998,40.478,-32.014
26.44,2.315,3.255,2.509,-31.785,40.481,-32.016
26.45,2.571,3.255,2.511,-31.741,40.486,-32.014
26.46,2.680,3.256,2.517,-32.034,40.491,-32.022
26.47,2.638,3.252,2.518,-31.858,40.500,-32.020
26.48,2.312,3.255,2.514,-31.779,40.513,-32.012
26.49,2.433,3.257,2.514,-31.988,40.525,-32.011
26.50,2.702,3.260,2.522,-32.253,40.539,-32.017
26.51,2.512,3.263,2.525,-32.284,40.553,-32.023
26.52,2.727,3.266,2.534,-32.348,40.556,-32.042
26.53,2.508,3.269,2.537,-31.880,40.554,-32.051
26.54,2.555,3.271,2.539,-32.077,40.555,-32.062
26.55,2.903,3.272,2.552,-32.027,40.555,-32.074
26.56,2.461,3.274,2.551,-31.930,40.556,-32.080
26.57,2.432,3.273,2.547,-31.911,40.555,-32.088
26.58,2.205,3.272,2.535,-31.879,40.555,-32.093
26.59,2.722,3.270,2.540,-32.020,40.552,-32.105
26.60,2.407,3.271,2.536,-32.111,40.545,-32.125
26.61,2.423,3.272,2.534,-32.203,40.535,-32.149
26.62,2.421,3.271,2.529,-31.941,40.526,-32.163
26.63,2.546,3.272,2.531,-31.764,40.524,-32.164
26.64,2.395,3.273,2.528,-31.691,40.529,-32.156
26.65,2.361,3.275,2.525,-31.346,40.546,-32.127
26.66,2.660,3.275,2.529,-31.916,40.570,-32.108
26.67,2.526,3.275,2.528,-32.328,40.586,-32.110
26.68,2.546,3.277,2.531,-32.161,40.597,-32.112
26.69,2.762,3.276,2.538,-32.262,40.604,-32.121
26.70,2.670,3.276,2.542,-31.668,40.608,-32.114
26.71,2.800,3.277,2.550,-32.551,40.606,-32.141
26.72,2.708,3.276,2.555,-32.091,40.598,-32.158
26.73,2.332,3.271,2.543,-32.437,40.585,-32.190
26.74,2.476,3.268,2.538,-31.688,40.581,-32.190
26.75,2.470,3.266,2.534,-31.986,40.583,-32.193
26.76,2.235,3.263,2.523,-32.389,40.584,-32.209
26.77,2.357,3.261,2.516,-32.101,40.589,-32.213
26.78,2.578,3.262,2.518,-31.758,40.606,-32.194
26.79,2.611,3.261,2.521,-31.839,40.638,-32.162
26.80,2.664,3.263,2.527,-32.774,40.653,-32.178
26.81,2.171,3.262,2.515,-32.330,40.642,-32.204
26.82,2.153,3.264,2.506,-31.907,40.626,-32.221
26.83,2.591,3.268,2.512,-32.273,40.608,-32.251
26.84,2.573,3.267,2.513,-32.034,40.582,-32.281
26.85,2.442,3.265,2.509,-31.689,40.574,-32.281
26.86,2.730,3.264,2.515,-32.268,40.566,-32.299
26.87,2.672,3.263,2.519,-31.870,40.559,-32.304
26.88,2.521,3.267,2.523,-31.212,40.575,-32.265
26.90,2.443,3.274,2.527,-32.573,40.600,-32.260
26.90,2.650,3.279,2.536,-33.100,40.609,-32.287
26.91,2.612,3.283,2.541,-32.520,40.600,-32.314
26.93,2.588,3.281,2.542,-32.087,40.578,-32.339
26.94,2.150,3.282,2.530,-31.116,40.574,-32.316
26.94,2.228,3.284,2.523,-31.866,40.581,-32.305
26.95,2.177,3.289,2.517,-31.453,40.587,-32.284
26.97,2.568,3.297,2.526,-32.343,40.592,-32.290
26.98,2.431,3.298,2.524,-32.624,40.591,-32.311
26.99,2.617,3.299,2.527,-31.995,40.599,-32.303
27.00,2.744,3.296,2.531,-32.270,40.608,-32.304
27.01,2.168,3.295,2.519,-31.821,40.622,-32.285
27.01,2.312,3.294,2.511,-32.110,40.644,-32.268
27.02,2.524,3.294,2.511,-32.498,40.660,-32.269
27.03,2.821,3.293,2.519,-32.450,40.660,-32.284
27.04,2.510,3.290,2.516,-31.929,40.664,-32.280
27.06,2.635,3.292,2.521,-32.518,40.662,-32.298
27.07,2.564,3.291,2.521,-32.548,40.650,-32.327
27.07,2.539,3.293,2.523,-31.855,40.643,-32.329
27.09,2.171,3.293,2.513,-32.467,40.639,-32.346
27.10,2.439,3.292,2.509,-32.446,40.624,-32.374
27.11,2.466,3.292,2.508,-32.052,40.614,-32.383
27.12,2.706,3.290,2.511,-31.683,40.623,-32.364
27.13,3.010,3.289,2.526,-32.101,40.630,-32.358
27.14,2.530,3.290,2.527,-32.096,40.630,-32.359
27.15,2.605,3.291,2.530,-32.447,40.634,-32.367
27.16,2.607,3.291,2.532,-32.448,40.632,-32.381
27.17,2.381,3.291,2.527,-31.809,40.630,-32.374
27.18,2.347,3.293,2.523,-31.602,40.635,-32.354
27.19,2.499,3.296,2.525,-32.104,40.654,-32.337
27.20,2.511,3.297,2.526,-32.476,40.671,-32.334
27.21,2.486,3.296,2.523,-32.304,40.680,-32.333
27.22,2.684,3.295,2.528,-31.902,40.689,-32.320
27.23,2.349,3.298,2.524,-32.305,40.697,-32.320
27.24,2.894,3.298,2.536,-32.209,40.694,-32.328
27.25,2.669,3.300,2.542,-32.090,40.693,-32.330
27.26,2.759,3.302,2.550,-32.310,40.692,-32.339
27.27,2.455,3.306,2.551,-31.603,40.699,-32.319
27.28,2.356,3.306,2.545,-32.309,40.710,-32.315
27.29,2.119,3.306,2.532,-31.793,40.724,-32.296
27.30,2.229,3.308,2.524,-31.935,40.743,-32.274
27.31,2.271,3.305,2.513,-32.933,40.745,-32.300
27.32,2.519,3.303,2.511,-32.485,40.734,-32.325
27.33,2.446,3.300,2.506,-31.842,40.729,-32.323
27.34,2.849,3.299,2.515,-31.924,40.736,-32.312
27.35,2.102,3.302,2.505,-32.520,40.738,-32.325
27.36,2.097,3.303,2.493,-32.679,40.725,-32.356
27.37,2.558,3.305,2.496,-32.222,40.704,-32.381
27.38,2.650,3.308,2.503,-31.655,40.690,-32.380
27.39,2.453,3.310,2.503,-31.796,40.692,-32.368
27.40,2.587,3.308,2.504,-32.054,40.701,-32.357
27.41,2.522,3.309,2.504,-32.383,40.711,-32.355
27.42,2.675,3.308,2.509,-31.964,40.724,-32.339
27.43,2.194,3.306,2.497,-32.113,40.735,-32.329
27.44,2.517,3.305,2.496,-31.823,40.746,-32.310
27.45,2.429,3.307,2.495,-32.113,40.765,-32.293
27.46,2.533,3.309,2.498,-32.632,40.775,-32.301
27.47,2.545,3.309,2.499,-32.264,40.776,-32.306
27.48,2.252,3.311,2.492,-32.673,40.772,-32.328
27.49,2.510,3.311,2.493,-32.202,40.775,-32.329
27.50,2.166,3.310,2.481,-32.267,40.780,-32.330
27.51,2.533,3.311,2.482,-32.286,40.783,-32.333
27.52,2.576,3.310,2.484,-32.228,40.783,-32.336
27.53,2.612,3.309,2.486,-32.236,40.781,-32.343
27.54,2.613,3.308,2.489,-32.341,40.780,-32.351
27.55,2.690,3.307,2.494,-31.906,40.781,-32.344
27.56,2.320,3.307,2.488,-31.922,40.790,-32.329
27.57,2.426,3.308,2.487,-32.214,40.805,-32.318
27.58,2.368,3.308,2.482,-32.583,40.813,-32.326
27.59,2.161,3.308,2.471,-31.933,40.815,-32.319
27.60,2.512,3.310,2.474,-32.102,40.824,-32.310
27.61,2.624,3.309,2.477,-32.341,40.825,-32.317
27.62,2.644,3.306,2.479,-32.113,40.818,-32.324
27.63,2.658,3.304,2.482,-32.467,40.820,-32.334
27.64,2.402,3.302,2.476,-32.513,40.807,-32.359
27.65,2.610,3.300,2.478,-32.638,40.775,-32.405
27.66,2.794,3.298,2.485,-32.298,40.743,-32.441
27.67,2.417,3.295,2.480,-32.506,40.721,-32.470
27.68,2.551,3.295,2.482,-31.730,40.716,-32.459
27.69,2.598,3.294,2.484,-31.875,40.740,-32.425
27.70,2.328,3.294,2.479,-32.365,40.771,-32.400
27.71,2.187,3.293,2.469,-32.645,40.792,-32.394
27.72,2.505,3.295,2.471,-32.197,40.809,-32.377
27.73,2.532,3.296,2.474,-33.316,40.798,-32.423
27.74,2.386,3.294,2.469,-31.940,40.777,-32.436
27.75,2.654,3.295,2.474,-31.965,40.769,-32.436
27.76,2.644,3.295,2.479,-31.689,40.769,-32.419
27.77,2.472,3.296,2.480,-31.780,40.785,-32.391
27.78,2.345,3.297,2.476,-33.206,40.795,-32.412
27.79,2.303,3.296,2.469,-32.606,40.779,-32.440
27.80,2.645,3.297,2.475,-31.445,40.765,-32.430
27.81,2.527,3.298,2.477,-31.711,40.767,-32.412
27.82,2.312,3.297,2.471,-32.144,40.779,-32.398
27.83,2.359,3.297,2.468,-32.442,40.794,-32.391
27.84,2.557,3.297,2.470,-31.947,40.808,-32.370
27.85,2.344,3.297,2.465,-32.517,40.819,-32.368
27.86,2.358,3.297,2.461,-32.456,40.821,-32.375
27.87,2.502,3.296,2.461,-31.974,40.824,-32.366
27.88,2.022,3.295,2.446,-31.887,40.830,-32.351
27.89,2.736,3.294,2.453,-32.382,40.834,-32.354
27.90,2.257,3.296,2.449,-32.346,40.834,-32.358
27.91,2.476,3.298,2.451,-32.138,40.836,-32.355
27.92,2.397,3.301,2.452,-32.683,40.836,-32.371
27.93,2.334,3.303,2.449,-32.625,40.828,-32.392
27.94,2.407,3.303,2.447,-32.209,40.826,-32.394
27.95,2.918,3.303,2.461,-32.497,40.827,-32.402
27.96,2.449,3.303,2.460,-32.529,40.833,-32.406
27.97,2.293,3.304,2.455,-32.548,40.840,-32.409
27.98,2.591,3.306,2.461,-32.670,40.839,-32.423
27.99,2.479,3.307,2.462,-31.871,40.839,-32.412
28.00,2.504,3.307,2.463,-31.938,40.846,-32.396
28.01,2.461,3.308,2.463,-32.282,40.845,-32.399
28.02,2.487,3.307,2.462,-31.984,40.844,-32.393
28.03,2.588,3.307,2.465,-32.205,40.856,-32.381
28.04,2.895,3.305,2.476,-32.788,40.859,-32.395
28.05,2.638,3.305,2.481,-32.014,40.856,-32.392
28.06,2.546,3.303,2.480,-32.272,40.852,-32.397
28.07,2.823,3.302,2.490,-32.451,40.847,-32.409
28.08,2.568,3.302,2.492,-31.958,40.848,-32.399
28.09,2.551,3.304,2.496,-32.079,40.861,-32.382
28.10,2.546,3.302,2.495,-32.383,40.870,-32.379
28.11,2.625,3.302,2.499,-32.588,40.874,-32.385
28.12,2.618,3.303,2.503,-32.945,40.864,-32.417
28.13,2.385,3.302,2.499,-32.508,40.850,-32.439
28.14,2.750,3.305,2.510,-31.744,40.846,-32.427
28.15,2.412,3.306,2.507,-32.436,40.856,-32.423
28.16,2.477,3.307,2.507,-32.578,40.864,-32.425
28.17,2.343,3.310,2.505,-32.469,40.862,-32.433
28.18,2.818,3.315,2.519,-32.404,40.849,-32.450
28.19,2.633,3.316,2.524,-32.110,40.838,-32.455
28.20,2.446,3.318,2.523,-32.290,40.831,-32.462
28.21,2.215,3.319,2.515,-32.223,40.827,-32.463
28.22,2.734,3.322,2.524,-32.135,40.832,-32.452
28.23,2.385,3.324,2.522,-32.591,40.835,-32.458
28.24,2.428,3.323,2.518,-32.570,40.832,-32.470
28.25,2.533,3.323,2.518,-32.278,40.828,-32.472
28.26,2.458,3.324,2.517,-32.046,40.834,-32.459
28.27,2.515,3.323,2.516,-32.121,40.833,-32.453
28.28,2.312,3.320,2.507,-32.121,40.827,-32.454
28.29,2.611,3.317,2.507,-32.141,40.814,-32.461
28.30,2.656,3.317,2.512,-31.968,40.802,-32.462
28.31,2.420,3.317,2.509,-32.284,40.803,-32.460
28.32,2.629,3.314,2.509,-32.144,40.815,-32.443
28.33,2.651,3.312,2.511,-32.023,40.834,-32.416
28.35,2.664,3.310,2.515,-32.127,40.845,-32.400
28.36,2.458,3.310,2.513,-32.647,40.843,-32.413
28.36,2.860,3.307,2.520,-32.706,40.839,-32.430
28.37,2.658,3.306,2.523,-32.141,40.837,-32.427
28.38,2.488,3.304,2.521,-32.400,40.833,-32.433
28.40,2.978,3.303,2.534,-31.864,40.842,-32.411
28.40,2.313,3.302,2.527,-32.115,40.856,-32.392
28.41,2.263,3.300,2.517,-32.632,40.867,-32.392
28.42,2.613,3.297,2.517,-32.632,40.877,-32.393
28.43,2.822,3.296,2.526,-32.230,40.890,-32.380
28.44,2.516,3.295,2.525,-32.464,40.904,-32.372
28.46,2.284,3.296,2.519,-32.689,40.917,-32.373
28.47,2.421,3.297,2.517,-32.664,40.926,-32.377
28.48,2.334,3.299,2.512,-32.379,40.936,-32.371
28.48,2.430,3.298,2.510,-32.555,40.947,-32.370
28.49,2.259,3.300,2.503,-32.721,40.953,-32.379
28.50,2.580,3.299,2.505,-31.989,40.959,-32.365
28.52,2.337,3.298,2.499,-32.023,40.974,-32.344
28.53,2.767,3.299,2.508,-32.363,40.991,-32.332
28.53,2.416,3.301,2.507,-32.810,40.996,-32.346
28.55,2.148,3.301,2.496,-32.690,40.992,-32.364
28.55,2.531,3.299,2.495,-32.689,40.977,-32.392
28.57,2.365,3.301,2.493,-31.933,40.966,-32.393
28.57,2.455,3.301,2.492,-32.045,40.960,-32.392
28.59,2.331,3.302,2.487,-32.116,40.968,-32.381
28.60,2.771,3.305,2.499,-32.814,40.987,-32.379
28.61,2.475,3.307,2.500,-32.760,41.005,-32.377
28.62,2.791,3.308,2.510,-32.760,41.017,-32.382
28.62,2.464,3.308,2.509,-32.845,41.008,-32.409
28.63,2.721,3.308,2.515,-31.990,40.991,-32.416
28.65,2.455,3.307,2.512,-32.322,40.982,-32.427
28.66,2.705,3.307,2.518,-31.866,40.981,-32.415
28.67,2.637,3.306,2.521,-32.573,40.985,-32.420
28.68,2.273,3.303,2.511,-32.473,40.986,-32.425
28.69,2.332,3.303,2.505,-32.458,40.986,-32.430
28.70,2.541,3.303,2.506,-32.335,40.986,-32.431
28.71,2.766,3.304,2.515,-32.214,40.987,-32.427
28.72,2.234,3.304,2.507,-32.661,40.987,-32.439
28.73,2.438,3.304,2.504,-32.253,40.991,-32.433
28.74,2.392,3.304,2.500,-32.790,40.993,-32.446
28.75,2.409,3.299,2.493,-32.440,40.997,-32.446
28.76,2.342,3.298,2.487,-32.265,41.003,-32.439
28.77,2.160,3.296,2.475,-32.494,41.011,-32.436
28.78,2.522,3.295,2.476,-33.058,41.013,-32.458
28.79,2.789,3.296,2.485,-32.569,41.013,-32.465
28.80,2.287,3.296,2.479,-31.748,41.028,-32.434
28.81,2.539,3.295,2.480,-33.022,41.036,-32.448
28.82,2.464,3.295,2.479,-32.049,41.051,-32.425
28.83,2.513,3.298,2.483,-33.738,41.042,-32.479
28.84,2.638,3.293,2.483,-31.910,41.016,-32.491
28.85,2.508,3.295,2.486,-32.062,41.007,-32.491
28.86,2.510,3.294,2.485,-32.412,40.996,-32.504
28.87,2.339,3.292,2.479,-32.129,40.988,-32.504
28.88,2.410,3.292,2.476,-31.733,40.995,-32.477
28.89,2.803,3.290,2.485,-32.316,41.016,-32.456
28.90,2.127,3.288,2.471,-32.644,41.035,-32.447
28.91,2.295,3.286,2.464,-32.678,41.041,-32.452
28.92,2.521,3.285,2.465,-32.560,41.036,-32.464
28.93,2.744,3.286,2.473,-32.250,41.025,-32.472
28.94,2.568,3.287,2.478,-31.844,41.021,-32.461
28.95,2.210,3.289,2.471,-32.366,41.024,-32.459
28.96,2.612,3.289,2.475,-32.570,41.024,-32.466
28.97,2.815,3.289,2.486,-32.220,41.024,-32.462
28.98,2.496,3.288,2.484,-31.562,41.039,-32.423
28.99,2.697,3.286,2.489,-32.473,41.061,-32.406
29.00,2.582,3.283,2.490,-32.551,41.082,-32.394
29.01,2.628,3.284,2.494,-32.835,41.094,-32.399
29.02,2.283,3.284,2.488,-32.547,41.099,-32.403
29.03,2.620,3.282,2.490,-32.267,41.095,-32.407
29.04,2.672,3.281,2.495,-32.655,41.085,-32.427
29.05,2.376,3.281,2.491,-32.172,41.073,-32.434
29.06,2.411,3.283,2.491,-32.675,41.060,-32.458
29.07,2.389,3.284,2.489,-32.413,41.042,-32.478
29.08,2.348,3.284,2.484,-31.786,41.028,-32.473
29.09,2.474,3.284,2.484,-32.534,41.026,-32.481
29.10,2.705,3.284,2.490,-32.387,41.025,-32.482
29.11,2.562,3.283,2.492,-32.085,41.034,-32.465
29.12,2.351,3.283,2.488,-32.529,41.043,-32.461
29.13,2.698,3.282,2.493,-32.584,41.051,-32.461
29.14,2.703,3.282,2.500,-32.734,41.051,-32.472
29.15,2.597,3.283,2.504,-32.914,41.053,-32.488
29.16,2.642,3.284,2.509,-32.085,41.053,-32.478
29.17,2.443,3.287,2.510,-32.217,41.058,-32.469
29.18,2.311,3.287,2.505,-32.565,41.059,-32.474
29.19,2.503,3.290,2.508,-32.853,41.052,-32.497
29.20,2.232,3.292,2.501,-32.779,41.029,-32.531
29.21,2.433,3.293,2.500,-32.422,41.006,-32.554
29.22,2.405,3.292,2.496,-31.952,40.999,-32.545
29.23,2.588,3.291,2.498,-32.388,41.001,-32.541
29.24,2.504,3.289,2.496,-32.496,41.010,-32.534
29.25,2.732,3.291,2.506,-32.459,41.026,-32.521
29.26,2.558,3.291,2.507,-32.294,41.032,-32.511
29.27,2.333,3.291,2.502,-32.575,41.030,-32.518
29.28,2.594,3.292,2.506,-32.079,41.027,-32.510
29.29,2.635,3.294,2.512,-31.998,41.035,-32.490
29.30,2.630,3.294,2.515,-32.785,41.041,-32.496
29.31,2.488,3.293,2.514,-32.436,41.041,-32.497
29.32,2.600,3.291,2.515,-32.296,41.033,-32.502
29.33,2.165,3.290,2.503,-32.358,41.033,-32.500
29.34,2.477,3.290,2.503,-32.391,41.035,-32.498
29.35,2.534,3.290,2.504,-32.668,41.033,-32.509
29.36,2.279,3.287,2.494,-32.794,41.030,-32.523
29.37,2.661,3.283,2.496,-32.270,41.031,-32.517
29.38,2.847,3.282,2.505,-31.895,41.048,-32.484
29.39,2.609,3.284,2.511,-32.415,41.073,-32.460
29.40,2.157,3.290,2.506,-32.333,41.082,-32.451
29.41,2.443,3.295,2.509,-31.907,41.090,-32.429
29.42,2.453,3.301,2.513,-32.736,41.096,-32.434
29.43,2.095,3.307,2.506,-32.939,41.094,-32.455
29.44,2.147,3.306,2.494,-32.348,41.091,-32.458
29.45,2.541,3.308,2.497,-32.572,41.085,-32.469
29.46,2.413,3.310,2.496,-32.094,41.090,-32.456
29.47,2.449,3.313,2.498,-32.251,41.102,-32.440
29.48,2.730,3.316,2.508,-32.452,41.116,-32.429
29.49,2.443,3.317,2.506,-32.511,41.123,-32.428
29.50,2.658,3.317,2.511,-32.716,41.121,-32.441
29.51,2.664,3.316,2.514,-32.260,41.117,-32.442
29.52,2.613,3.316,2.517,-32.322,41.115,-32.443
29.53,2.609,3.316,2.520,-32.330,41.116,-32.441
29.54,2.715,3.317,2.527,-33.069,41.118,-32.461
29.55,2.583,3.317,2.529,-32.578,41.115,-32.471
29.56,2.504,3.318,2.529,-32.389,41.109,-32.477
29.57,2.405,3.317,2.525,-32.779,41.115,-32.483
29.58,2.610,3.315,2.525,-32.216,41.123,-32.469
29.59,2.461,3.313,2.521,-32.420,41.121,-32.473
29.60,2.266,3.310,2.511,-32.751,41.105,-32.499
29.61,2.187,3.308,2.498,-31.737,41.092,-32.491
29.62,2.757,3.305,2.504,-32.281,41.086,-32.493
29.63,2.495,3.301,2.499,-32.058,41.089,-32.480
29.64,2.840,3.299,2.508,-32.085,41.102,-32.457
29.65,2.317,3.297,2.500,-32.760,41.114,-32.458
29.66,2.116,3.296,2.487,-32.191,41.128,-32.438
29.67,2.253,3.299,2.483,-32.320,41.141,-32.424
29.68,2.601,3.298,2.485,-33.162,41.133,-32.457
29.69,2.214,3.296,2.475,-32.481,41.118,-32.474
29.70,2.364,3.295,2.470,-32.018,41.106,-32.475
29.71,2.716,3.296,2.478,-32.091,41.102,-32.470
29.72,2.546,3.298,2.483,-32.325,41.103,-32.466
29.73,2.415,3.305,2.487,-32.060,41.114,-32.445
29.74,2.482,3.310,2.491,-32.312,41.131,-32.427
29.75,2.261,3.314,2.488,-32.065,41.155,-32.395
29.76,2.198,3.318,2.482,-32.690,41.189,-32.372
29.77,2.462,3.325,2.488,-32.747,41.222,-32.354
29.78,2.537,3.329,2.494,-32.957,41.238,-32.359
29.79,2.595,3.332,2.499,-32.494,41.247,-32.357
29.80,2.145,3.335,2.491,-33.330,41.239,-32.397
29.81,2.497,3.337,2.493,-32.613,41.219,-32.426
29.82,2.478,3.337,2.492,-32.330,41.208,-32.436
29.83,2.334,3.340,2.489,-31.551,41.222,-32.397
29.84,2.352,3.344,2.489,-32.244,41.253,-32.366
29.85,2.252,3.349,2.485,-32.798,41.288,-32.347
29.87,2.607,3.351,2.490,-33.407,41.302,-32.369
29.88,2.127,3.350,2.478,-32.909,41.298,-32.392
29.89,2.452,3.353,2.479,-32.837,41.293,-32.413
29.90,2.481,3.355,2.480,-32.816,41.284,-32.438
29.90,2.542,3.356,2.483,-32.588,41.275,-32.454
29.91,2.396,3.359,2.483,-32.685,41.265,-32.474
29.93,2.278,3.361,2.477,-32.298,41.263,-32.474
29.94,2.742,3.362,2.486,-32.325,41.270,-32.467
29.95,2.610,3.366,2.492,-32.758,41.283,-32.466
29.96,2.806,3.366,2.502,-33.130,41.288,-32.485
29.97,2.632,3.367,2.506,-33.214,41.278,-32.521
29.98,2.339,3.368,2.502,-32.676,41.258,-32.549
29.99,2.435,3.369,2.499,-32.594,41.231,-32.580
30.00,2.506,3.369,2.499,-32.276,41.208,-32.597
30.01,2.489,3.370,2.499,-32.750,41.189,-32.623
30.02,2.592,3.371,2.502,-32.699,41.172,-32.645
30.03,2.516,3.369,2.500,-32.548,41.156,-32.662
30.04,2.121,3.364,2.484,-32.194,41.147,-32.660
30.05,2.946,3.362,2.495,-32.012,41.148,-32.643
30.06,2.369,3.361,2.489,-32.515,41.151,-32.639
30.07,2.813,3.359,2.497,-32.842,41.152,-32.648
30.08,2.805,3.357,2.504,-32.153,41.162,-32.627
30.09,2.750,3.355,2.510,-32.853,41.165,-32.634
30.10,2.791,3.356,2.519,-33.185,41.149,-32.670
30.11,2.783,3.357,2.527,-32.663,41.126,-32.695
30.12,2.635,3.356,2.530,-32.611,41.110,-32.712
30.13,2.492,3.355,2.528,-32.088,41.111,-32.695
30.14,2.435,3.355,2.524,-32.457,41.119,-32.683
30.15,2.626,3.354,2.527,-32.507,41.122,-32.679
30.16,2.804,3.351,2.532,-32.611,41.124,-32.677
30.17,2.422,3.351,2.528,-32.388,41.126,-32.670
30.18,2.091,3.352,2.516,-32.347,41.127,-32.662
30.19,2.637,3.354,2.522,-32.636,41.129,-32.662
30.20,2.593,3.352,2.522,-32.230,41.128,-32.653
30.21,2.636,3.353,2.526,-32.191,41.139,-32.631
30.22,2.387,3.353,2.522,-33.235,41.142,-32.650
30.23,2.425,3.351,2.517,-32.866,41.135,-32.666
30.24,2.829,3.352,2.527,-32.057,41.131,-32.654
30.25,2.644,3.351,2.529,-32.183,41.133,-32.640
30.26,2.492,3.351,2.529,-32.395,41.148,-32.621
30.27,2.557,3.353,2.531,-33.131,41.152,-32.635
30.28,2.557,3.354,2.533,-32.480,41.148,-32.637
30.29,2.886,3.355,2.544,-32.696,41.143,-32.645
30.30,2.827,3.355,2.553,-31.918,41.151,-32.618
30.31,2.604,3.352,2.553,-32.200,41.177,-32.583
30.32,2.558,3.354,2.554,-32.996,41.197,-32.579
30.33,2.622,3.354,2.557,-32.397,41.208,-32.564
30.34,2.630,3.354,2.560,-32.703,41.217,-32.562
30.35,2.488,3.355,2.558,-32.573,41.217,-32.565
30.36,2.431,3.355,2.555,-32.409,41.217,-32.563
30.37,2.794,3.357,2.564,-32.236,41.217,-32.555
30.38,2.534,3.359,2.565,-32.371,41.223,-32.546
30.39,2.643,3.357,2.566,-32.027,41.237,-32.519
30.40,2.546,3.359,2.567,-32.760,41.253,-32.513
30.41,2.609,3.358,2.568,-32.463,41.270,-32.497
30.42,2.616,3.360,2.572,-32.736,41.288,-32.489
30.43,2.291,3.362,2.565,-32.722,41.300,-32.487
30.44,2.722,3.363,2.571,-32.774,41.304,-32.494
30.45,2.900,3.365,2.584,-32.774,41.301,-32.507
30.46,2.667,3.362,2.583,-32.544,41.307,-32.506
30.47,2.254,3.362,2.574,-32.233,41.320,-32.487
30.48,2.861,3.364,2.584,-32.461,41.331,-32.477
30.49,2.740,3.362,2.588,-32.744,41.335,-32.484
30.50,2.439,3.361,2.583,-32.952,41.330,-32.506
30.51,2.306,3.361,2.575,-32.768,41.315,-32.531
30.52,2.695,3.363,2.580,-32.367,41.305,-32.539
30.53,2.458,3.362,2.576,-32.295,41.314,-32.525
30.54,2.752,3.360,2.580,-32.834,41.329,-32.522
30.55,2.484,3.358,2.575,-32.699,41.348,-32.512
30.56,2.606,3.356,2.574,-32.910,41.359,-32.517
30.57,2.585,3.356,2.575,-33.283,41.352,-32.550
30.58,2.509,3.356,2.574,-32.977,41.334,-32.583
30.59,2.680,3.355,2.576,-32.294,41.326,-32.585
30.60,2.783,3.358,2.586,-32.432,41.326,-32.583
30.61,2.483,3.358,2.583,-32.307,41.331,-32.573
30.62,2.289,3.356,2.572,-32.405,41.348,-32.555
30.63,2.438,3.357,2.569,-33.026,41.366,-32.554
30.64,2.157,3.356,2.556,-32.748,41.374,-32.555
30.65,2.449,3.353,2.550,-32.638,41.375,-32.560
30.66,2.440,3.352,2.545,-32.591,41.383,-32.557
30.67,2.471,3.351,2.543,-32.853,41.390,-32.562
30.68,2.593,3.350,2.543,-32.768,41.390,-32.572
30.69,2.497,3.351,2.543,-32.787,41.385,-32.586
30.70,2.945,3.350,2.554,-32.787,41.374,-32.606
30.71,2.662,3.350,2.558,-32.583,41.365,-32.618
30.72,1.985,3.353,2.542,-32.517,41.365,-32.618
30.73,2.405,3.357,2.542,-32.749,41.371,-32.620
30.74,2.577,3.360,2.547,-32.703,41.372,-32.625
30.75,2.784,3.364,2.558,-32.678,41.374,-32.629
30.76,2.567,3.362,2.556,-33.159,41.377,-32.645
30.77,2.438,3.359,2.549,-32.578,41.379,-32.645
30.78,3.151,3.360,2.569,-33.096,41.380,-32.661
30.79,2.414,3.362,2.567,-32.869,41.383,-32.668
30.80,2.323,3.363,2.560,-32.406,41.384,-32.664
30.81,2.680,3.362,2.562,-32.586,41.387,-32.662
30.82,2.437,3.361,2.558,-31.764,41.403,-32.622
30.83,2.640,3.360,2.559,-33.082,41.425,-32.619
30.84,3.000,3.358,2.571,-33.572,41.411,-32.665
30.85,2.579,3.358,2.571,-32.496,41.380,-32.693
30.86,2.654,3.358,2.574,-32.210,41.360,-32.702
30.87,2.231,3.360,2.566,-32.083,41.347,-32.699
30.88,2.506,3.363,2.567,-32.636,41.337,-32.711
30.89,2.478,3.363,2.565,-32.855,41.327,-32.728
30.90,2.267,3.362,2.554,-32.690,41.322,-32.735
30.91,2.404,3.361,2.549,-32.662,41.314,-32.744
30.92,2.714,3.358,2.551,-32.816,41.310,-32.754
30.93,2.327,3.358,2.544,-32.160,41.309,-32.739
30.94,2.374,3.359,2.540,-32.756,41.308,-32.745
30.95,2.845,3.358,2.548,-32.261,41.307,-32.734
30.96,2.663,3.358,2.552,-32.328,41.310,-32.721
30.97,2.678,3.358,2.556,-32.728,41.315,-32.720
30.98,2.627,3.358,2.558,-32.258,41.320,-32.704
30.99,2.476,3.356,2.553,-32.986,41.320,-32.716
31.00,2.294,3.356,2.545,-32.702,41.314,-32.724
31.01,2.019,3.355,2.528,-32.836,41.308,-32.737
31.02,2.482,3.355,2.527,-32.586,41.301,-32.741
31.03,2.881,3.357,2.539,-32.467,41.302,-32.735
31.04,2.474,3.358,2.538,-32.590,41.302,-32.733
31.05,2.439,3.358,2.535,-32.343,41.299,-32.727
31.06,2.283,3.356,2.525,-32.583,41.298,-32.726
31.07,2.658,3.356,2.529,-32.798,41.298,-32.731
31.08,2.650,3.358,2.534,-32.457,41.300,-32.723
31.09,2.542,3.359,2.536,-32.939,41.294,-32.738
31.10,2.345,3.361,2.531,-32.484,41.283,-32.743
31.11,2.526,3.360,2.530,-32.217,41.283,-32.731
31.12,2.443,3.358,2.525,-32.124,41.294,-32.703
31.13,2.592,3.357,2.526,-32.695,41.310,-32.690
31.14,2.161,3.357,2.515,-32.370,41.327,-32.665
31.15,2.053,3.359,2.503,-32.622,41.344,-32.650
31.16,2.083,3.360,2.490,-32.697,41.353,-32.644
31.17,2.653,3.362,2.496,-33.258,41.347,-32.672
31.18,2.021,3.361,2.480,-32.915,41.323,-32.704
31.19,2.593,3.360,2.482,-32.618,41.299,-32.727
31.20,2.548,3.362,2.486,-32.416,41.293,-32.726
31.21,2.292,3.361,2.477,-31.627,41.310,-32.678
31.22,2.411,3.359,2.473,-33.112,41.335,-32.670
31.23,2.173,3.359,2.463,-32.980,41.337,-32.679
31.24,2.278,3.357,2.454,-32.596,41.330,-32.685
31.25,2.692,3.358,2.462,-32.371,41.331,-32.677
31.26,2.284,3.356,2.454,-32.480,41.334,-32.670
31.27,2.401,3.356,2.452,-32.934,41.340,-32.675
31.28,2.621,3.353,2.453,-33.251,41.325,-32.708
31.29,2.571,3.351,2.454,-32.495,41.306,-32.722
31.30,2.153,3.352,2.445,-31.817,41.311,-32.692
31.31,2.613,3.353,2.450,-32.239,41.326,-32.665
31.32,2.106,3.353,2.439,-32.504,41.345,-32.644
31.33,2.471,3.355,2.440,-32.458,41.379,-32.607
31.34,2.621,3.354,2.444,-33.929,41.396,-32.632
31.35,2.424,3.351,2.440,-32.385,41.401,-32.622
31.36,2.599,3.348,2.441,-32.649,41.417,-32.609
31.37,2.497,3.346,2.440,-32.793,41.429,-32.605
31.38,2.407,3.346,2.438,-32.445,41.437,-32.594
31.40,2.382,3.348,2.438,-32.902,41.446,-32.597
31.41,2.816,3.350,2.450,-33.102,41.436,-32.625
31.42,2.843,3.352,2.463,-32.912,41.416,-32.655
31.43,2.434,3.353,2.463,-32.522,41.393,-32.676
31.44,2.553,3.356,2.468,-32.214,41.378,-32.678
31.44,2.177,3.360,2.462,-32.334,41.386,-32.662
31.46,2.344,3.361,2.459,-32.377,41.405,-32.637
31.47,2.381,3.363,2.458,-33.166,41.417,-32.644
31.48,2.845,3.366,2.472,-32.937,41.415,-32.657
31.49,2.584,3.366,2.475,-32.486,41.409,-32.659
31.50,2.528,3.367,2.477,-32.806,41.406,-32.669
31.51,2.491,3.366,2.476,-33.019,41.394,-32.694
31.52,2.689,3.367,2.483,-32.396,41.384,-32.696
31.53,2.479,3.368,2.483,-32.256,41.381,-32.688
31.54,2.681,3.368,2.489,-32.721,41.380,-32.692
31.55,2.351,3.368,2.484,-32.924,41.380,-32.701
31.56,2.607,3.366,2.486,-32.925,41.372,-32.718
31.57,2.554,3.364,2.486,-32.953,41.356,-32.743
31.58,2.599,3.363,2.487,-32.512,41.339,-32.754
31.59,2.394,3.362,2.484,-31.809,41.342,-32.725
31.60,2.731,3.363,2.491,-32.334,41.362,-32.695
31.61,2.417,3.365,2.491,-33.002,41.382,-32.687
31.62,2.494,3.364,2.490,-32.834,41.395,-32.681
31.63,2.396,3.365,2.488,-33.312,41.396,-32.701
31.64,2.732,3.365,2.494,-32.533,41.387,-32.706
31.65,2.958,3.365,2.508,-32.432,41.380,-32.707
31.66,2.551,3.364,2.508,-32.954,41.370,-32.726
31.67,3.032,3.363,2.523,-32.983,41.348,-32.758
31.68,2.702,3.361,2.527,-32.375,41.324,-32.771
31.69,2.486,3.359,2.524,-32.684,41.305,-32.789
31.70,2.732,3.353,2.525,-32.285,41.293,-32.787
31.71,2.646,3.353,2.528,-31.792,41.298,-32.753
31.72,2.334,3.350,2.520,-32.659,41.318,-32.733
31.73,1.972,3.348,2.501,-32.696,41.335,-32.717
31.74,2.513,3.348,2.502,-32.757,41.344,-32.711
31.75,2.466,3.349,2.501,-33.019,41.342,-32.724
31.76,2.469,3.353,2.504,-32.682,41.332,-32.734
31.77,2.869,3.353,2.515,-32.636,41.318,-32.746
31.78,2.871,3.353,2.526,-32.713,41.307,-32.757
31.79,2.829,3.353,2.535,-32.563,41.299,-32.760
31.80,2.860,3.351,2.544,-32.847,41.292,-32.771
31.81,2.791,3.352,2.553,-32.252,41.292,-32.757
31.82,2.356,3.353,2.548,-32.247,41.302,-32.733
31.83,2.531,3.353,2.548,-32.691,41.317,-32.718
31.84,2.763,3.354,2.556,-32.805,41.331,-32.709
31.85,2.488,3.351,2.552,-33.297,41.330,-32.729
31.86,2.525,3.350,2.550,-32.329,41.325,-32.723
31.87,2.330,3.349,2.543,-32.429,41.322,-32.718
31.88,2.235,3.347,2.532,-32.228,41.327,-32.699
31.89,2.441,3.348,2.530,-32.814,41.338,-32.693
31.90,2.761,3.347,2.537,-33.116,41.338,-32.708
31.91,2.508,3.348,2.536,-32.583,41.323,-32.719
31.92,2.641,3.348,2.540,-32.657,41.311,-32.730
31.93,2.445,3.346,2.536,-32.721,41.305,-32.737
31.94,2.755,3.341,2.538,-32.164,41.300,-32.725
31.95,2.972,3.341,2.551,-32.378,41.302,-32.713
31.96,2.659,3.338,2.552,-32.646,41.306,-32.708
31.97,2.607,3.335,2.551,-32.623,41.306,-32.707
31.98,2.429,3.332,2.546,-32.705,41.302,-32.711
31.99,2.273,3.333,2.538,-32.561,41.301,-32.708
32.00,2.461,3.333,2.536,-32.601,41.300,-32.707
32.01,2.389,3.334,2.533,-32.973,41.291,-32.724
32.02,2.294,3.333,2.525,-32.610,41.281,-32.732
32.03,2.477,3.332,2.523,-32.458,41.278,-32.726
32.04,2.530,3.330,2.522,-32.531,41.275,-32.724
32.05,2.430,3.330,2.519,-32.172,41.281,-32.701
32.06,2.397,3.332,2.517,-32.459,41.293,-32.683
32.07,2.426,3.334,2.516,-32.980,41.297,-32.689
32.08,2.327,3.337,2.514,-32.742,41.291,-32.697
32.09,2.814,3.338,2.524,-32.596,41.275,-32.710
32.10,2.553,3.338,2.525,-32.566,41.254,-32.726
32.11,2.617,3.339,2.529,-32.376,41.246,-32.724
32.12,2.411,3.339,2.526,-31.968,41.249,-32.698
32.13,2.543,3.338,2.526,-32.600,41.258,-32.686
32.14,2.345,3.338,2.520,-32.294,41.262,-32.670
32.15,2.508,3.338,2.520,-32.552,41.259,-32.670
32.16,2.394,3.339,2.517,-32.466,41.253,-32.669
32.17,2.341,3.341,2.514,-32.566,41.247,-32.671
32.18,2.433,3.342,2.513,-32.294,41.246,-32.660
32.19,2.679,3.345,2.520,-32.209,41.248,-32.645
32.20,2.426,3.348,2.520,-32.387,41.252,-32.632
32.21,2.780,3.351,2.531,-32.805,41.253,-32.636
32.22,2.579,3.354,2.536,-32.724,41.250,-32.641
32.23,2.915,3.355,2.548,-32.442,41.247,-32.637
32.24,2.532,3.356,2.549,-32.539,41.247,-32.633
32.25,2.680,3.352,2.550,-32.572,41.243,-32.635
32.26,2.728,3.352,2.556,-32.349,41.239,-32.629
32.27,2.631,3.349,2.555,-32.627,41.238,-32.629
32.28,2.481,3.349,2.553,-32.484,41.236,-32.626
32.29,2.389,3.347,2.547,-32.650,41.229,-32.634
32.30,2.774,3.345,2.552,-32.444,41.224,-32.631
32.31,2.861,3.344,2.561,-32.340,41.221,-32.625
32.32,2.176,3.342,2.547,-32.563,41.214,-32.629
32.33,2.288,3.341,2.538,-32.475,41.207,-32.630
32.34,2.549,3.341,2.539,-32.655,41.199,-32.637
32.35,2.321,3.341,2.533,-32.169,41.194,-32.627
32.36,2.694,3.342,2.539,-32.404,41.197,-32.616
32.37,2.729,3.342,2.545,-32.282,41.208,-32.595
32.38,2.405,3.344,2.543,-32.344,41.222,-32.572
32.39,2.491,3.347,2.544,-32.532,41.239,-32.553
32.40,2.679,3.345,2.547,-32.781,41.245,-32.553
32.41,2.305,3.346,2.540,-32.631,41.244,-32.555
32.42,2.540,3.345,2.540,-32.851,41.236,-32.570
32.43,2.780,3.348,2.550,-31.917,41.237,-32.548
32.44,2.393,3.348,2.546,-32.293,41.248,-32.528
32.45,2.371,3.351,2.543,-32.580,41.264,-32.513
32.46,2.611,3.348,2.543,-33.158,41.279,-32.517
32.47,2.723,3.344,2.545,-33.537,41.279,-32.547
32.48,2.852,3.338,2.549,-32.527,41.267,-32.557
32.49,2.987,3.336,2.561,-32.300,41.262,-32.553
32.50,2.504,3.335,2.558,-32.072,41.267,-32.533
32.51,2.609,3.334,2.559,-32.548,41.278,-32.522
32.52,2.801,3.334,2.568,-32.534,41.285,-32.514
32.53,2.620,3.333,2.568,-32.592,41.288,-32.513
32.54,2.698,3.334,2.573,-32.913,41.284,-32.528
32.55,2.411,3.331,2.567,-32.264,41.276,-32.526
32.56,2.371,3.329,2.559,-32.379,41.269,-32.527
32.57,2.767,3.326,2.563,-32.077,41.261,-32.520
32.58,2.575,3.325,2.563,-32.231,41.263,-32.508
32.59,2.595,3.324,2.563,-32.713,41.265,-32.511
32.60,2.670,3.324,2.567,-32.796,41.255,-32.528
32.61,2.400,3.322,2.560,-32.526,41.237,-32.545
32.62,2.305,3.324,2.555,-32.598,41.224,-32.558
32.63,2.753,3.324,2.562,-32.437,41.220,-32.557
32.64,2.413,3.327,2.561,-32.790,41.221,-32.562
32.65,2.745,3.326,2.566,-32.771,41.222,-32.566
32.66,2.465,3.323,2.561,-32.742,41.222,-32.571
32.67,2.827,3.319,2.565,-32.343,41.217,-32.567
32.68,2.735,3.315,2.568,-32.778,41.201,-32.588
32.69,2.730,3.313,2.571,-32.716,41.172,-32.620
32.70,2.508,3.309,2.566,-32.485,41.129,-32.656
32.71,2.823,3.305,2.571,-32.919,41.079,-32.712
32.72,2.382,3.299,2.559,-33.283,41.012,-32.793
32.73,2.663,3.287,2.552,-32.599,40.933,-32.863
32.74,2.254,3.274,2.531,-32.734,40.843,-32.945
32.75,2.555,3.259,2.518,-32.019,40.747,-33.009
32.76,2.352,3.244,2.499,-32.507,40.632,-33.103
32.77,2.594,3.225,2.484,-31.760,40.519,-33.170
32.78,2.641,3.200,2.465,-34.261,40.352,-33.364
32.80,2.155,3.160,2.418,-34.491,40.109,-33.633
32.81,2.304,3.111,2.367,-33.771,39.795,-33.939
32.81,2.857,3.048,2.322,-34.882,39.386,-34.364
32.82,2.708,2.960,2.249,-34.374,38.856,-34.877
32.83,2.137,2.858,2.148,-32.198,38.230,-35.399
32.85,1.990,2.757,2.046,-33.353,37.511,-36.032
32.86,1.822,2.639,1.926,-35.034,36.621,-36.861
32.86,2.522,2.551,1.859,-25.364,35.462,-37.627
32.88,2.634,2.384,1.722,-33.594,34.158,-38.760
32.89,1.935,2.232,1.583,-25.485,32.750,-39.709
32.90,2.156,2.094,1.468,-26.802,31.225,-40.777
32.91,0.822,1.960,1.320,-27.268,29.474,-42.042
32.92,0.278,1.804,1.139,-21.234,27.626,-43.173
32.93,4.677,1.694,1.142,-19.124,25.665,-44.307
32.94,1.727,1.581,1.052,-16.098,23.411,-45.584
32.95,1.402,1.487,0.975,-12.121,21.392,-46.465
32.96,2.458,1.412,0.951,-7.490,19.638,-46.910
32.97,1.962,1.344,0.919,-8.390,18.009,-47.236
32.98,1.788,1.279,0.886,-8.461,16.480,-47.445
32.99,2.094,1.213,0.863,-7.673,14.979,-47.585
33.00,2.147,1.154,0.850,-3.878,13.587,-47.485
33.01,2.227,1.106,0.850,-2.657,12.421,-47.119
33.02,1.596,1.063,0.836,-2.212,11.466,-46.532
33.03,2.462,1.027,0.856,-2.864,10.682,-45.804
33.04,1.098,1.000,0.843,-3.781,9.998,-45.016
33.05,1.918,0.969,0.852,-5.199,9.327,-44.270
33.06,1.725,0.932,0.849,-3.406,8.626,-43.510
33.07,2.272,0.895,0.863,-1.258,7.942,-42.678
33.08,2.052,0.868,0.880,-0.202,7.326,-41.761
33.09,2.358,0.853,0.918,0.367,6.808,-40.746
33.10,1.700,0.838,0.936,-0.573,6.365,-39.706
33.11,1.490,0.825,0.948,-1.739,5.922,-38.721
33.12,1.551,0.807,0.956,-2.197,5.390,-37.856
33.13,1.776,0.793,0.976,-0.768,4.817,-37.002
33.14,1.872,0.785,1.004,0.978,4.276,-36.078
33.15,2.003,0.787,1.046,2.485,3.815,-35.048
33.16,1.518,0.791,1.073,1.591,3.426,-33.996
33.17,2.070,0.797,1.119,2.338,3.067,-32.913
33.18,1.851,0.802,1.156,2.815,2.736,-31.809
33.19,1.918,0.808,1.195,3.078,2.402,-30.724
33.20,2.955,0.798,1.249,6.965,2.178,-29.436
33.21,1.824,0.795,1.274,3.187,2.135,-28.117
33.22,2.068,0.790,1.304,2.103,2.075,-26.878
33.23,2.036,0.784,1.332,3.032,2.004,-25.650
33.24,2.037,0.776,1.357,2.800,1.932,-24.459
33.25,1.695,0.764,1.367,2.065,1.836,-23.342
33.26,1.799,0.750,1.378,3.052,1.743,-22.218
33.27,1.852,0.740,1.394,2.825,1.672,-21.106
33.28,1.509,0.730,1.401,3.273,1.611,-19.953
33.29,1.608,0.724,1.413,3.617,1.578,-18.833
33.30,2.060,0.725,1.446,3.386,1.566,-17.728
33.31,1.939,0.727,1.475,3.306,1.559,-16.647
33.32,1.934,0.725,1.499,2.690,1.550,-15.613
33.33,1.576,0.723,1.512,2.585,1.532,-14.619
33.34,1.508,0.719,1.520,2.538,1.509,-13.655
33.35,1.784,0.716,1.538,3.120,1.490,-12.694
33.36,1.830,0.716,1.559,3.508,1.479,-11.740
33.37,1.848,0.716,1.581,3.305,1.472,-10.810
33.38,1.571,0.716,1.593,3.225,1.470,-9.903
33.39,1.781,0.718,1.613,3.439,1.471,-9.011
33.40,1.872,0.721,1.636,3.405,1.475,-8.140
33.41,1.630,0.720,1.648,3.584,1.476,-7.289
33.42,1.735,0.722,1.665,3.317,1.474,-6.473
33.43,1.920,0.720,1.684,3.410,1.467,-5.680
33.44,1.666,0.719,1.694,3.904,1.459,-4.895
33.45,1.949,0.717,1.715,4.469,1.452,-4.062
33.46,1.953,0.717,1.735,2.183,1.450,-3.367
33.47,1.883,0.716,1.752,3.118,1.450,-2.662
33.48,1.937,0.716,1.770,2.824,1.450,-1.985
33.49,1.848,0.715,1.784,3.111,1.451,-1.319
33.50,2.343,0.715,1.814,3.703,1.452,-0.652
33.51,1.757,0.714,1.825,2.410,1.451,-0.046
33.52,1.797,0.715,1.838,3.133,1.449,0.562
33.53,1.582,0.714,1.843,3.067,1.444,1.148
33.54,1.582,0.714,1.847,3.118,1.444,1.723
33.55,1.555,0.711,1.849,3.277,1.444,2.286
33.56,1.644,0.710,1.854,3.161,1.445,2.829
33.57,1.871,0.714,1.871,3.143,1.446,3.355
33.58,1.978,0.715,1.888,2.951,1.447,3.859
33.59,1.523,0.715,1.890,3.455,1.449,4.363
33.60,1.649,0.715,1.895,3.011,1.446,4.834
33.61,2.131,0.713,1.913,3.237,1.443,5.296
33.62,1.846,0.713,1.924,3.245,1.442,5.746
33.63,1.670,0.712,1.927,3.386,1.440,6.184
33.64,1.611,0.713,1.931,3.025,1.438,6.597
33.65,1.595,0.714,1.935,3.063,1.436,6.998
33.66,1.658,0.714,1.939,3.130,1.434,7.387
33.67,1.771,0.716,1.948,3.218,1.433,7.766
33.68,1.857,0.717,1.958,3.142,1.432,8.130
33.69,1.613,0.718,1.961,3.069,1.432,8.480
33.70,1.709,0.718,1.966,3.283,1.431,8.824
33.71,1.953,0.720,1.979,3.254,1.431,9.155
33.72,1.785,0.720,1.985,3.315,1.433,9.478
33.73,1.729,0.720,1.989,3.444,1.434,9.793
33.74,2.152,0.719,2.005,3.136,1.436,10.086
33.75,1.909,0.721,2.016,3.324,1.438,10.375
33.76,1.972,0.721,2.026,3.135,1.438,10.645
33.77,1.979,0.721,2.037,3.037,1.436,10.899
33.78,1.729,0.720,2.039,2.953,1.435,11.142
33.79,2.097,0.720,2.053,3.507,1.435,11.440
33.80,1.859,0.719,2.058,3.155,1.435,11.668
33.81,1.743,0.720,2.061,3.153,1.437,11.888
33.82,1.827,0.719,2.065,2.999,1.439,12.093
33.83,1.568,0.718,2.060,3.069,1.440,12.291
33.84,1.485,0.719,2.054,3.306,1.441,12.487
33.85,1.463,0.720,2.048,3.177,1.441,12.669
33.86,1.653,0.720,2.047,3.348,1.442,12.848
33.87,1.774,0.721,2.051,2.978,1.443,13.009
33.88,1.584,0.723,2.049,2.975,1.441,13.158
33.89,1.762,0.724,2.052,3.027,1.439,13.301
33.90,1.770,0.723,2.053,3.095,1.437,13.438
33.91,1.631,0.721,2.049,3.335,1.438,13.579
33.92,2.062,0.719,2.057,3.163,1.438,13.706
33.93,1.802,0.717,2.058,3.380,1.437,13.831
33.94,1.630,0.715,2.053,3.223,1.435,13.944
33.95,1.465,0.714,2.045,3.232,1.436,14.052
33.96,1.580,0.716,2.043,3.188,1.437,14.195
33.97,1.422,0.715,2.032,3.006,1.439,14.283
33.98,1.657,0.714,2.030,3.202,1.440,14.369
33.99,1.696,0.712,2.027,3.389,1.442,14.456
34.00,1.729,0.713,2.028,3.409,1.442,14.535
34.01,1.809,0.713,2.031,3.129,1.443,14.601
34.02,1.721,0.715,2.033,3.313,1.443,14.667
34.03,1.786,0.715,2.034,3.157,1.443,14.721
34.04,1.779,0.714,2.035,3.071,1.445,14.770
34.05,1.735,0.715,2.035,3.003,1.447,14.812
34.06,1.760,0.716,2.036,2.802,1.448,14.841
34.07,1.637,0.717,2.034,3.371,1.447,14.882
34.08,1.759,0.715,2.033,3.281,1.447,14.916
34.09,1.707,0.715,2.031,2.973,1.449,14.938
34.10,1.513,0.716,2.024,3.059,1.451,14.958
34.11,1.892,0.715,2.028,2.887,1.453,14.969
34.12,1.558,0.716,2.023,2.939,1.454,14.977
34.13,1.468,0.718,2.016,2.949,1.457,14.981
34.14,1.561,0.717,2.009,2.787,1.456,14.975
34.15,1.558,0.716,2.002,2.964,1.455,14.969
34.16,1.826,0.716,2.005,3.271,1.453,14.969
34.17,1.848,0.718,2.010,2.593,1.450,14.943
34.18,1.788,0.717,2.009,3.059,1.453,14.934
34.19,1.926,0.719,2.016,3.042,1.454,14.920
34.20,1.987,0.720,2.023,3.219,1.457,14.909
34.21,1.927,0.719,2.027,3.238,1.459,14.895
34.22,1.831,0.717,2.027,3.319,1.461,14.880
34.23,1.581,0.718,2.022,3.190,1.463,14.858
34.24,1.394,0.718,2.010,2.915,1.464,14.824
34.25,1.656,0.717,2.005,2.946,1.465,14.788
34.26,1.474,0.717,1.995,3.070,1.467,14.754
34.27,1.640,0.714,1.989,3.252,1.467,14.722
34.28,1.570,0.714,1.982,2.877,1.466,14.674
34.29,1.785,0.715,1.984,3.167,1.467,14.635
34.30,2.043,0.716,1.994,3.574,1.466,14.634
34.32,1.843,0.714,1.994,3.229,1.465,14.588
34.33,1.812,0.713,1.994,3.511,1.464,14.549
34.34,1.933,0.710,1.995,2.955,1.463,14.490
34.35,1.704,0.708,1.991,2.967,1.462,14.430
34.35,1.560,0.706,1.982,3.102,1.464,14.376
34.37,1.664,0.705,1.977,3.172,1.465,14.320
34.38,1.483,0.705,1.968,3.226,1.464,14.264
34.39,1.762,0.703,1.966,3.176,1.465,14.205
34.40,1.463,0.700,1.953,3.094,1.463,14.140
34.41,1.590,0.700,1.948,3.129,1.465,14.078
34.42,1.521,0.702,1.943,3.144,1.464,14.012
34.43,1.652,0.702,1.939,3.262,1.466,13.951
34.43,1.580,0.703,1.934,3.124,1.465,13.881
34.45,1.739,0.703,1.934,3.556,1.465,13.826
34.46,2.036,0.703,1.942,3.277,1.466,13.760
34.47,1.968,0.704,1.949,3.442,1.466,13.698
34.48,1.808,0.703,1.949,3.103,1.468,13.650
34.49,1.737,0.704,1.949,3.010,1.468,13.570
34.50,2.067,0.704,1.958,3.354,1.468,13.500
34.51,1.664,0.705,1.955,3.524,1.468,13.435
34.52,1.474,0.703,1.943,3.121,1.469,13.357
34.53,1.473,0.701,1.931,3.432,1.468,13.286
34.54,1.627,0.702,1.929,3.580,1.468,13.219
34.55,1.607,0.701,1.922,3.530,1.467,13.149
34.56,1.599,0.701,1.916,3.344,1.467,13.074
34.57,1.950,0.700,1.922,3.637,1.468,13.008
34.58,2.054,0.701,1.930,3.300,1.468,12.929
34.59,1.986,0.701,1.938,3.470,1.470,12.857
34.60,1.860,0.700,1.938,3.458,1.470,12.783
34.61,1.979,0.699,1.943,3.545,1.469,12.710
34.62,1.997,0.699,1.950,3.507,1.470,12.635
34.63,1.725,0.698,1.946,3.615,1.469,12.563
34.64,1.744,0.699,1.945,3.347,1.469,12.482
34.65,1.825,0.697,1.944,3.359,1.467,12.400
34.66,1.915,0.695,1.946,3.411,1.465,12.320
34.67,1.532,0.693,1.935,3.411,1.465,12.240
34.68,1.530,0.692,1.926,3.272,1.465,12.156
34.69,1.654,0.693,1.923,3.210,1.468,12.074
34.70,1.855,0.691,1.924,3.462,1.469,11.995
34.71,1.717,0.692,1.922,3.061,1.469,11.905
34.72,1.631,0.691,1.916,3.125,1.470,11.817
34.73,1.904,0.690,1.919,3.398,1.471,11.737
34.74,1.937,0.690,1.923,3.234,1.472,11.653
34.75,1.789,0.690,1.922,3.038,1.472,11.561
34.76,1.882,0.689,1.924,3.699,1.472,11.490
34.77,1.754,0.688,1.922,3.386,1.475,11.411
34.78,1.940,0.687,1.925,3.109,1.475,11.321
34.79,1.976,0.685,1.928,3.251,1.477,11.238
34.80,2.406,0.683,1.945,3.562,1.480,11.166
34.81,1.653,0.684,1.941,2.975,1.482,11.074
34.82,1.612,0.685,1.936,3.236,1.487,11.008
34.83,1.811,0.684,1.935,3.182,1.489,10.922
34.84,1.436,0.684,1.923,3.451,1.490,10.843
34.85,1.332,0.684,1.909,3.163,1.491,10.756
34.86,1.653,0.683,1.904,2.898,1.491,10.660
34.87,1.912,0.685,1.908,2.973,1.490,10.566
34.88,1.630,0.682,1.901,3.173,1.490,10.479
34.89,2.030,0.681,1.907,3.267,1.492,10.398
34.90,2.144,0.682,1.919,3.041,1.497,10.313
34.91,1.432,0.683,1.908,2.778,1.498,10.217
34.92,1.693,0.683,1.904,3.288,1.499,10.136
34.93,1.596,0.683,1.898,3.126,1.500,10.051
34.94,1.871,0.683,1.900,3.301,1.502,9.973
34.95,1.929,0.684,1.905,3.511,1.506,9.904
34.96,1.781,0.682,1.902,2.811,1.510,9.813
34.97,1.655,0.681,1.896,3.138,1.512,9.731
34.98,1.491,0.680,1.886,3.371,1.512,9.655
34.99,1.820,0.678,1.886,3.106,1.515,9.584
35.00,1.729,0.680,1.885,2.784,1.518,9.493
35.01,1.731,0.679,1.882,2.965,1.521,9.408
35.02,1.540,0.680,1.875,3.246,1.524,9.331
35.03,1.909,0.682,1.880,3.223,1.526,9.255
35.04,1.811,0.681,1.880,3.013,1.526,9.170
35.05,1.616,0.682,1.875,2.922,1.527,9.083
35.06,1.657,0.681,1.871,3.425,1.529,9.015
35.07,1.815,0.682,1.872,3.055,1.530,8.934
35.08,1.667,0.681,1.867,3.163,1.530,8.856
35.09,2.000,0.680,1.873,3.128,1.527,8.775
35.10,2.043,0.680,1.880,3.140,1.526,8.697
35.11,1.704,0.679,1.876,2.968,1.525,8.614
35.12,1.793,0.678,1.875,3.111,1.524,8.537
35.13,1.759,0.678,1.874,3.396,1.524,8.469
35.14,1.660,0.679,1.871,3.056,1.525,8.394
35.15,1.775,0.678,1.869,3.189,1.524,8.321
35.16,1.760,0.678,1.867,3.115,1.525,8.247
35.17,1.665,0.678,1.864,2.970,1.523,8.168
35.18,1.584,0.679,1.858,2.949,1.524,8.092
35.19,1.827,0.680,1.860,3.379,1.524,8.028
35.20,1.842,0.679,1.861,3.068,1.525,7.956
35.21,1.723,0.679,1.858,3.298,1.525,7.892
35.22,1.776,0.676,1.855,3.090,1.526,7.822
35.23,1.727,0.676,1.853,3.337,1.524,7.758
35.24,2.185,0.676,1.865,3.050,1.524,7.687
35.25,1.533,0.675,1.855,3.285,1.523,7.624
35.26,1.662,0.674,1.851,2.957,1.523,7.551
35.27,1.908,0.674,1.854,3.171,1.523,7.487
35.28,1.803,0.673,1.854,2.985,1.522,7.416
35.29,1.820,0.671,1.852,3.105,1.522,7.351
35.30,1.659,0.669,1.846,3.087,1.523,7.286
35.31,1.691,0.668,1.842,2.802,1.524,7.214
35.32,1.839,0.667,1.843,3.232,1.521,7.152
35.33,1.704,0.667,1.840,3.281,1.521,7.101
35.34,1.925,0.666,1.844,3.040,1.520,7.035
35.35,1.656,0.667,1.841,3.389,1.522,6.984
35.36,1.805,0.667,1.841,2.870,1.521,6.915
35.37,1.721,0.666,1.839,3.448,1.524,6.869
35.38,1.898,0.667,1.842,3.527,1.525,6.822
35.39,1.464,0.667,1.833,3.149,1.524,6.763
35.40,1.688,0.666,1.829,3.010,1.524,6.701
35.41,1.843,0.665,1.829,3.279,1.525,6.650
35.42,1.601,0.664,1.824,2.961,1.526,6.588
35.43,1.580,0.667,1.820,3.112,1.527,6.533
35.44,1.519,0.666,1.811,3.320,1.526,6.483
35.45,1.616,0.665,1.805,3.195,1.525,6.429
35.46,1.649,0.665,1.802,3.280,1.526,6.380
35.47,1.732,0.663,1.799,3.199,1.526,6.329
35.48,1.650,0.664,1.796,3.243,1.527,6.280
35.49,1.573,0.663,1.789,2.974,1.527,6.223
35.50,1.915,0.663,1.794,3.014,1.528,6.173
35.51,1.630,0.663,1.790,2.904,1.530,6.116
35.52,1.653,0.663,1.787,2.973,1.532,6.063
35.53,1.824,0.662,1.788,3.357,1.533,6.021
35.54,1.830,0.663,1.791,3.290,1.536,5.979
35.55,1.457,0.663,1.782,2.762,1.537,5.920
35.56,1.497,0.664,1.775,3.176,1.538,5.874
35.57,1.461,0.665,1.767,3.089,1.540,5.828
35.58,1.792,0.664,1.767,3.082,1.542,5.781
35.59,1.389,0.663,1.756,3.266,1.542,5.739
35.60,1.558,0.664,1.751,3.050,1.544,5.692
35.61,1.864,0.664,1.755,3.078,1.546,5.648
35.62,1.695,0.663,1.753,3.208,1.547,5.606
35.63,1.782,0.663,1.754,3.076,1.546,5.559
35.64,1.906,0.664,1.761,3.025,1.547,5.514
35.65,1.599,0.665,1.757,2.968,1.547,5.466
35.66,1.700,0.663,1.754,3.029,1.547,5.421
35.67,1.884,0.663,1.758,3.088,1.547,5.378
35.68,1.896,0.663,1.763,3.267,1.546,5.341
35.69,2.070,0.664,1.774,3.359,1.545,5.306
35.70,1.660,0.664,1.771,3.212,1.543,5.267
35.71,1.809,0.662,1.771,3.163,1.544,5.230
35.72,1.769,0.661,1.770,3.195,1.545,5.194
35.73,1.684,0.660,1.768,3.221,1.543,5.156
35.74,1.989,0.661,1.776,3.132,1.543,5.119
35.75,1.784,0.661,1.777,3.250,1.546,5.088
35.76,1.562,0.661,1.771,3.167,1.547,5.053
35.77,1.440,0.659,1.760,3.085,1.547,5.015
35.78,1.908,0.660,1.765,3.406,1.546,4.987
35.79,1.960,0.660,1.772,2.912,1.545,4.943
35.80,1.975,0.659,1.778,3.300,1.544,4.913
35.81,1.845,0.658,1.779,3.418,1.542,4.886
35.82,2.066,0.658,1.789,3.472,1.542,4.862
35.84,2.006,0.658,1.797,3.622,1.543,4.844
35.84,1.841,0.659,1.800,3.420,1.545,4.824
35.86,1.824,0.658,1.801,2.899,1.546,4.784
35.87,1.751,0.657,1.799,3.208,1.548,4.755
35.88,1.660,0.657,1.796,3.293,1.548,4.728
35.89,1.646,0.655,1.790,3.335,1.546,4.700
35.89,1.791,0.655,1.791,3.335,1.546,4.675
35.91,1.964,0.654,1.796,3.112,1.544,4.642
35.92,2.002,0.653,1.802,3.311,1.545,4.617
35.93,1.869,0.655,1.807,3.348,1.545,4.594
35.94,1.943,0.654,1.811,3.170,1.546,4.566
35.95,1.970,0.657,1.820,3.182,1.546,4.538
35.96,1.660,0.656,1.815,3.312,1.545,4.514
35.97,1.982,0.655,1.820,3.423,1.545,4.494
35.98,2.156,0.655,1.832,3.227,1.544,4.467
35.99,1.717,0.654,1.828,2.972,1.543,4.434
36.00,2.083,0.655,1.838,3.430,1.543,4.415
36.01,1.814,0.651,1.835,2.929,1.543,4.382
36.02,1.730,0.652,1.834,3.368,1.543,4.363
36.03,1.651,0.652,1.829,2.870,1.543,4.329
36.04,1.552,0.651,1.821,3.042,1.543,4.301
36.05,1.914,0.652,1.825,3.365,1.546,4.285
36.06,1.701,0.653,1.823,3.243,1.546,4.263
36.07,1.817,0.652,1.823,3.192,1.547,4.242
36.08,1.788,0.652,1.823,3.185,1.548,4.220
36.09,2.015,0.650,1.828,3.157,1.548,4.197
36.10,1.726,0.649,1.824,3.303,1.547,4.178
36.11,1.904,0.647,1.826,3.443,1.546,4.163
36.12,1.921,0.645,1.828,3.252,1.546,4.143
36.13,2.147,0.644,1.838,3.180,1.544,4.120
36.14,1.912,0.644,1.842,3.109,1.543,4.096
36.15,1.651,0.645,1.838,3.135,1.543,4.074
36.16,1.674,0.645,1.833,3.120,1.543,4.052
36.17,1.668,0.645,1.830,3.020,1.542,4.027
36.18,1.831,0.643,1.829,3.245,1.541,4.008
36.19,1.821,0.641,1.828,3.167,1.540,3.988
36.20,1.718,0.643,1.827,3.374,1.540,3.976
36.21,1.566,0.644,1.821,3.398,1.540,3.964
36.22,1.951,0.643,1.825,3.192,1.539,3.945
36.23,1.630,0.644,1.821,3.441,1.539,3.935
36.24,1.643,0.644,1.816,3.476,1.540,3.928
36.25,2.046,0.644,1.824,3.689,1.541,3.927
36.26,1.610,0.645,1.819,3.426,1.540,3.916
36.27,1.703,0.644,1.816,3.188,1.539,3.897
36.28,1.898,0.644,1.819,3.070,1.538,3.876
36.29,1.922,0.641,1.820,3.195,1.538,3.860
36.30,1.693,0.641,1.817,3.170,1.537,3.842
36.31,1.807,0.639,1.815,3.415,1.536,3.833
36.32,1.970,0.639,1.821,3.157,1.536,3.816
36.33,1.884,0.638,1.823,3.795,1.533,3.816
36.34,2.115,0.636,1.831,3.303,1.532,3.804
36.35,1.467,0.635,1.819,3.373,1.534,3.796
36.36,1.897,0.633,1.820,3.389,1.531,3.784
36.37,1.545,0.631,1.811,3.437,1.529,3.776
36.38,1.878,0.630,1.813,3.727,1.529,3.778
36.39,1.797,0.626,1.810,3.547,1.530,3.775
36.40,1.797,0.625,1.809,3.472,1.531,3.769
36.41,1.917,0.623,1.811,3.136,1.530,3.752
36.42,2.288,0.622,1.826,3.735,1.529,3.754
36.43,1.814,0.619,1.823,3.323,1.531,3.745
36.44,2.076,0.616,1.829,3.613,1.533,3.747
36.45,1.842,0.612,1.827,3.572,1.536,3.747
36.46,1.707,0.609,1.821,3.541,1.542,3.749
36.47,2.166,0.605,1.829,2.912,1.548,3.732
36.48,1.723,0.601,1.822,3.207,1.551,3.721
36.49,1.310,0.599,1.806,2.818,1.553,3.698
36.50,1.512,0.598,1.797,3.347,1.559,3.695
36.51,1.469,0.602,1.792,3.942,1.581,3.726
36.52,1.722,0.594,1.782,3.624,1.569,3.713
36.53,1.642,0.581,1.767,2.585,1.558,3.670
36.54,2.239,0.580,1.781,3.235,1.578,3.677
36.55,1.844,0.577,1.780,4.630,1.587,3.716
36.56,2.038,0.569,1.782,4.112,1.594,3.738
36.57,1.891,0.561,1.778,3.733,1.604,3.749
36.58,3.112,0.514,1.774,2.601,1.574,3.687
36.59,-0.794,0.459,1.643,3.140,1.560,3.658
36.60,4.146,0.391,1.655,-0.117,1.536,3.520
36.61,0.899,0.234,1.481,-2.518,1.389,3.193
36.62,1.420,0.139,1.388,8.410,1.376,3.338
36.63,0.814,0.053,1.289,-0.278,1.382,3.233
36.64,1.496,-0.051,1.195,3.233,1.388,3.238
36.65,1.491,-0.200,1.061,3.160,1.391,3.237
36.66,1.253,-0.393,0.881,3.664,1.388,3.247
36.67,0.290,-0.641,0.624,3.722,1.380,3.252
36.68,-0.821,-0.935,0.295,4.465,1.403,3.311
36.69,-0.492,-1.226,-0.010,4.052,1.430,3.360
36.70,-1.819,-1.517,-0.346,6.467,1.463,3.486
36.71,-0.815,-1.848,-0.681,7.146,1.522,3.657
36.72,-0.738,-2.264,-1.086,3.167,1.565,3.685
36.73,-0.283,-2.748,-1.530,5.502,1.611,3.787
36.74,-0.829,-3.259,-2.003,3.370,1.664,3.828
36.75,-3.381,-3.786,-2.554,3.941,1.668,3.837
36.76,-1.490,-4.295,-3.015,2.061,1.655,3.773
36.77,-4.628,-4.815,-3.567,6.545,1.694,3.896
36.78,-2.933,-5.338,-4.054,1.526,1.792,3.921
36.79,-3.744,-5.842,-4.531,0.167,1.972,3.982
36.80,-4.178,-6.319,-4.981,0.925,2.220,4.129
36.81,-5.317,-6.730,-5.387,1.298,2.498,4.311
36.82,-4.239,-7.109,-5.718,1.125,2.780,4.486
36.83,-4.275,-7.465,-6.016,2.295,3.050,4.677
36.84,-4.231,-7.758,-6.243,1.710,3.269,4.796
36.85,-7.018,-8.033,-6.530,2.985,3.385,4.849
36.86,-4.933,-8.280,-6.717,0.439,3.420,4.742
36.87,-5.977,-8.523,-6.925,1.107,3.415,4.619
36.88,-6.684,-8.705,-7.090,4.631,3.468,4.664
36.89,-5.805,-8.849,-7.186,0.280,3.613,4.663
36.90,-6.765,-9.027,-7.341,1.451,3.673,4.613
36.91,-7.270,-9.247,-7.546,2.291,3.648,4.508
36.92,-6.210,-9.542,-7.787,1.698,3.546,4.312
36.93,-7.250,-9.943,-8.153,0.339,3.431,4.068
36.94,-6.792,-10.401,-8.549,-0.639,3.363,3.845
36.95,-7.316,-10.895,-8.984,-0.386,3.359,3.697
36.96,-8.799,-11.431,-9.491,1.135,3.404,3.648
36.97,-7.998,-12.040,-10.029,-0.546,3.411,3.510
36.98,-11.135,-12.713,-10.707,4.742,3.364,3.485
36.99,-9.653,-13.518,-11.448,0.063,3.184,3.189
37.00,-11.359,-14.397,-12.289,5.627,2.951,3.020
37.01,-12.859,-15.335,-13.207,2.290,2.626,2.666
37.02,-13.991,-16.229,-14.089,2.899,2.288,2.329
37.03,-12.787,-17.038,-14.824,0.863,2.070,2.056
37.04,-12.507,-17.876,-15.555,1.847,1.900,1.865
37.05,-13.364,-18.617,-16.196,5.911,1.861,1.935
37.06,-16.530,-19.405,-16.959,2.747,1.670,1.759
37.07,-14.983,-20.175,-17.633,5.939,1.380,1.591
37.09,-16.294,-20.891,-18.274,6.617,1.164,1.522
37.09,-17.609,-21.547,-18.877,-0.365,1.011,1.303
37.10,-18.099,-22.167,-19.441,1.870,0.948,1.246
37.11,-20.192,-22.745,-20.010,8.407,1.004,1.508
37.12,-17.381,-23.260,-20.416,5.159,1.013,1.617
37.13,-18.706,-23.746,-20.820,5.822,0.939,1.665
37.14,-18.984,-24.298,-21.283,4.622,0.860,1.671
37.15,-20.692,-24.924,-21.856,2.154,0.797,1.617
37.16,-19.593,-25.551,-22.379,2.915,0.653,1.509
37.17,-22.674,-26.161,-22.962,5.974,0.448,1.441
37.18,-22.818,-26.715,-23.478,0.591,0.290,1.256
37.19,-21.790,-27.218,-23.896,0.542,0.145,1.088
37.20,-20.187,-27.683,-24.215,4.910,0.065,1.122
37.21,-27.883,-28.237,-24.846,5.259,-0.036,1.147
37.22,-27.517,-28.739,-25.396,2.994,-0.104,1.134
37.23,-23.665,-29.196,-25.768,5.812,-0.132,1.247
37.24,-23.670,-29.634,-26.110,0.835,-0.151,1.215
37.25,-24.783,-30.089,-26.492,3.758,-0.132,1.309
37.26,-25.561,-30.542,-26.882,5.261,-0.111,1.451
37.27,-25.963,-30.951,-27.231,8.519,-0.115,1.664
37.28,-23.919,-31.288,-27.436,5.327,-0.184,1.712
37.29,-26.183,-31.570,-27.649,4.558,-0.259,1.730
37.30,-25.117,-31.819,-27.791,1.737,-0.282,1.713
37.32,-25.400,-32.042,-27.911,4.671,-0.277,1.813
37.33,-25.483,-32.238,-28.003,7.506,-0.272,1.997
37.34,-26.007,-32.427,-28.101,6.207,-0.300,2.106
37.34,-25.571,-32.615,-28.181,10.832,-0.385,2.299
37.35,-27.232,-32.812,-28.317,6.570,-0.479,2.350
37.37,-27.358,-32.986,-28.430,4.681,-0.553,2.363
37.38,-26.706,-33.120,-28.480,5.528,-0.624,2.404
37.39,-27.630,-33.215,-28.517,7.229,-0.636,2.556
37.40,-27.133,-33.276,-28.506,9.173,-0.641,2.770
37.41,-27.859,-33.347,-28.528,8.333,-0.613,2.985
37.42,-28.146,-33.414,-28.553,6.500,-0.601,3.125
37.43,-28.604,-33.517,-28.627,6.653,-0.557,3.296
37.44,-28.364,-33.635,-28.705,5.850,-0.505,3.446
37.45,-29.161,-33.752,-28.804,6.958,-0.418,3.660
37.46,-28.995,-33.868,-28.894,5.976,-0.281,3.887
37.47,-28.532,-33.960,-28.945,6.905,-0.100,4.179
37.48,-28.626,-34.038,-28.982,6.402,0.149,4.513
37.49,-26.186,-34.094,-28.922,4.319,0.345,4.723
37.50,-27.244,-34.129,-28.876,7.290,0.391,4.871
37.51,-29.248,-34.173,-28.900,5.840,0.395,4.931
37.52,-30.265,-34.232,-28.970,3.261,0.394,4.905
37.53,-28.824,-34.311,-29.012,2.711,0.412,4.881
37.54,-29.216,-34.383,-29.059,4.250,0.437,4.911
37.55,-29.289,-34.427,-29.081,4.116,0.479,4.952
37.56,-29.179,-34.468,-29.091,3.132,0.574,5.014
37.57,-28.196,-34.511,-29.076,4.205,0.640,5.078
37.58,-29.109,-34.573,-29.108,4.128,0.684,5.115
37.59,-28.374,-34.665,-29.145,3.663,0.713,5.122
37.60,-31.408,-34.774,-29.291,6.519,0.711,5.186
37.61,-29.957,-34.899,-29.404,6.208,0.739,5.268
37.62,-30.195,-35.044,-29.540,4.252,0.803,5.322
37.63,-30.959,-35.191,-29.698,4.147,0.901,5.404
37.64,-30.318,-35.325,-29.818,4.942,1.055,5.562
37.65,-28.073,-35.454,-29.861,3.803,1.246,5.715
37.66,-27.675,-35.558,-29.867,3.434,1.322,5.741
37.67,-28.600,-35.651,-29.889,4.020,1.370,5.757
37.68,-28.893,-35.746,-29.921,3.315,1.380,5.712
37.69,-29.749,-35.853,-29.989,4.070,1.389,5.690
37.70,-29.794,-35.961,-30.058,4.013,1.387,5.656
37.71,-32.163,-36.065,-30.194,8.518,1.407,5.782
37.72,-29.422,-36.140,-30.213,1.194,1.424,5.679
37.73,-31.106,-36.178,-30.248,4.220,1.442,5.670
37.74,-29.981,-36.195,-30.227,4.057,1.489,5.684
37.75,-30.120,-36.212,-30.210,3.862,1.534,5.689
37.76,-30.628,-36.231,-30.212,4.018,1.602,5.721
37.77,-30.496,-36.265,-30.224,4.240,1.639,5.728
37.78,-30.302,-36.296,-30.228,4.113,1.652,5.707
37.79,-30.412,-36.307,-30.214,3.001,1.620,5.608
37.80,-30.783,-36.287,-30.183,1.605,1.571,5.453
37.81,-30.672,-36.255,-30.138,2.705,1.537,5.349
37.82,-30.975,-36.221,-30.102,3.326,1.510,5.273
37.83,-30.746,-36.191,-30.063,4.190,1.518,5.260
37.84,-29.485,-36.198,-30.025,3.973,1.526,5.241
37.85,-30.209,-36.242,-30.045,3.465,1.524,5.195
37.86,-29.769,-36.308,-30.071,3.546,1.485,5.118
37.87,-30.823,-36.378,-30.134,4.945,1.432,5.072
37.88,-30.302,-36.431,-30.162,4.242,1.386,5.012
37.89,-30.725,-36.465,-30.184,3.021,1.331,4.907
37.90,-31.325,-36.470,-30.192,2.622,1.286,4.804
37.91,-30.787,-36.468,-30.182,4.375,1.264,4.779
37.92,-30.572,-36.476,-30.173,3.788,1.272,4.764
37.93,-30.558,-36.483,-30.164,3.361,1.264,4.722
37.94,-30.457,-36.491,-30.154,4.043,1.254,4.699
37.95,-30.404,-36.509,-30.152,3.949,1.243,4.672
37.96,-30.316,-36.533,-30.153,3.795,1.217,4.628
37.97,-30.759,-36.566,-30.176,3.944,1.204,4.602
37.98,-30.585,-36.602,-30.196,3.483,1.171,4.542
37.99,-30.970,-36.639,-30.229,4.360,1.141,4.514
38.00,-31.514,-36.657,-30.260,5.243,1.121,4.524
38.01,-30.370,-36.656,-30.235,2.805,1.118,4.475
38.02,-30.676,-36.652,-30.219,4.536,1.135,4.500
38.03,-30.315,-36.653,-30.197,4.117,1.146,4.505
38.04,-30.901,-36.652,-30.192,3.914,1.145,4.493
38.05,-30.426,-36.647,-30.168,3.674,1.144,4.472
38.06,-29.258,-36.633,-30.101,4.579,1.136,4.474
38.07,-30.435,-36.619,-30.069,3.485,1.126,4.440
38.08,-31.960,-36.617,-30.099,4.468,1.151,4.471
38.09,-31.480,-36.606,-30.105,3.244,1.179,4.465
38.10,-30.833,-36.574,-30.072,3.565,1.176,4.440
38.11,-30.825,-36.542,-30.040,4.055,1.184,4.441
38.12,-31.115,-36.525,-30.032,4.092,1.201,4.451
38.13,-30.438,-36.511,-30.007,3.219,1.211,4.427
38.14,-30.375,-36.499,-29.982,3.454,1.219,4.410
38.15,-30.065,-36.486,-29.949,3.297,1.217,4.378
38.16,-30.235,-36.483,-29.931,4.412,1.218,4.383
38.17,-30.188,-36.486,-29.918,3.235,1.223,4.357
38.18,-30.680,-36.493,-29.924,4.026,1.227,4.354
38.19,-30.757,-36.493,-29.927,3.879,1.223,4.339
38.20,-30.875,-36.488,-29.928,4.270,1.211,4.327
38.21,-30.703,-36.484,-29.925,3.926,1.210,4.317
38.22,-30.417,-36.489,-29.923,0.552,1.222,4.217
38.23,-30.768,-36.515,-29.951,3.472,1.244,4.216
38.24,-30.846,-36.551,-29.991,3.018,1.264,4.201
38.25,-30.633,-36.577,-30.015,3.368,1.278,4.189
38.26,-30.364,-36.593,-30.020,5.851,1.265,4.229
38.27,-30.690,-36.619,-30.043,4.249,1.256,4.222
38.28,-30.978,-36.636,-30.067,3.271,1.250,4.188
38.29,-31.092,-36.637,-30.079,3.652,1.262,4.185
38.30,-30.527,-36.623,-30.058,2.023,1.291,4.148
38.31,-30.367,-36.596,-30.021,1.047,1.330,4.091
38.32,-30.350,-36.574,-29.989,3.182,1.358,4.089
38.33,-31.091,-36.567,-29.995,5.678,1.362,4.141
38.34,-30.785,-36.588,-30.020,4.263,1.349,4.132
38.35,-30.915,-36.627,-30.065,4.092,1.330,4.112
38.36,-31.230,-36.654,-30.108,3.760,1.315,4.086
38.37,-31.143,-36.660,-30.126,3.224,1.314,4.058
38.38,-29.619,-36.649,-30.081,1.365,1.328,3.989
38.39,-30.997,-36.600,-30.043,3.577,1.340,3.986
38.40,-30.628,-36.534,-29.978,4.741,1.356,4.023
38.41,-30.813,-36.486,-29.937,3.920,1.366,4.027
38.42,-31.033,-36.471,-29.938,3.182,1.361,3.995
38.43,-30.730,-36.477,-29.950,3.609,1.355,3.976
38.44,-31.103,-36.490,-29.981,3.592,1.361,3.968
38.45,-31.151,-36.499,-30.008,3.322,1.374,3.959
38.46,-30.540,-36.504,-30.011,3.684,1.389,3.963
38.47,-30.460,-36.517,-30.021,2.929,1.401,3.940
38.48,-30.539,-36.542,-30.045,3.012,1.413,3.921
38.49,-31.076,-36.563,-30.080,3.306,1.410,3.895
38.50,-30.887,-36.567,-30.093,3.178,1.409,3.870
38.51,-30.983,-36.554,-30.091,3.469,1.417,3.862
38.52,-31.016,-36.524,-30.075,3.495,1.433,3.863
38.53,-30.611,-36.496,-30.049,3.443,1.444,3.857
38.54,-30.831,-36.471,-30.034,3.809,1.450,3.858
38.55,-31.982,-36.460,-30.067,3.660,1.455,3.853
38.56,-30.201,-36.457,-30.055,3.456,1.470,3.851
38.57,-29.951,-36.460,-30.040,2.999,1.485,3.835
38.58,-29.937,-36.450,-30.011,3.304,1.503,3.832
38.59,-30.752,-36.426,-29.997,3.117,1.513,3.815
38.60,-30.844,-36.392,-29.975,3.528,1.517,3.807
38.61,-31.097,-36.349,-29.955,3.116,1.537,3.800
38.62,-30.649,-36.306,-29.921,3.657,1.545,3.798
38.63,-30.500,-36.265,-29.886,3.800,1.551,3.800
38.64,-29.893,-36.231,-29.840,3.385,1.554,3.785
38.65,-29.954,-36.205,-29.805,3.623,1.561,3.781
38.67,-30.150,-36.178,-29.776,3.379,1.564,3.767
38.67,-30.368,-36.151,-29.755,3.502,1.564,3.753
38.68,-30.029,-36.126,-29.727,3.393,1.562,3.735
38.69,-30.230,-36.108,-29.713,3.395,1.566,3.723
38.70,-30.280,-36.086,-29.696,3.171,1.566,3.701
38.71,-30.589,-36.059,-29.685,3.822,1.575,3.708
38.72,-30.112,-36.028,-29.656,3.431,1.588,3.706
38.73,-30.411,-36.007,-29.647,3.272,1.587,3.686
38.75,-29.773,-35.997,-29.629,3.145,1.586,3.663
38.75,-30.536,-36.003,-29.652,2.571,1.586,3.624
38.76,-29.579,-36.027,-29.662,3.589,1.592,3.622
38.77,-30.223,-36.059,-29.698,3.419,1.598,3.616
38.79,-29.856,-36.094,-29.726,4.033,1.602,3.625
38.80,-30.034,-36.137,-29.766,3.598,1.610,3.626
38.80,-30.267,-36.180,-29.812,3.604,1.624,3.633
38.81,-30.122,-36.213,-29.843,3.363,1.631,3.625
38.83,-30.914,-36.236,-29.887,3.530,1.623,3.608
38.84,-31.004,-36.252,-29.927,2.933,1.604,3.563
38.84,-30.787,-36.270,-29.960,3.585,1.576,3.530
38.85,-30.303,-36.283,-29.973,3.465,1.549,3.494
38.87,-30.403,-36.299,-29.992,3.693,1.532,3.478
38.88,-29.796,-36.328,-30.005,3.710,1.518,3.465
38.88,-30.566,-36.353,-30.036,3.835,1.509,3.461
38.89,-30.631,-36.363,-30.055,3.417,1.490,3.435
38.91,-30.594,-36.368,-30.067,3.829,1.474,3.426
38.92,-30.443,-36.364,-30.066,3.726,1.462,3.417
38.93,-30.135,-36.360,-30.053,4.015,1.450,3.417
38.94,-30.357,-36.356,-30.050,3.567,1.445,3.410
38.95,-30.737,-36.346,-30.053,4.077,1.439,3.419
38.96,-30.325,-36.338,-30.044,3.911,1.440,3.430
38.97,-31.317,-36.350,-30.087,3.693,1.429,3.422
38.98,-31.041,-36.384,-30.140,3.828,1.431,3.431
38.99,-30.191,-36.412,-30.161,3.783,1.411,3.417
39.00,-29.780,-36.434,-30.163,3.786,1.387,3.399
39.01,-30.862,-36.453,-30.195,4.593,1.385,3.430
39.02,-30.536,-36.457,-30.201,3.336,1.395,3.431
39.03,-30.465,-36.438,-30.183,2.893,1.391,3.407
39.04,-30.536,-36.412,-30.161,3.171,1.389,3.392
39.05,-30.280,-36.404,-30.149,3.584,1.381,3.386
39.06,-30.711,-36.398,-30.152,3.242,1.375,3.370
39.07,-30.729,-36.389,-30.155,3.617,1.377,3.375
39.08,-30.575,-36.386,-30.157,3.454,1.394,3.389
39.09,-30.201,-36.391,-30.156,3.262,1.402,3.388
39.10,-30.470,-36.409,-30.176,3.377,1.397,3.377
39.11,-30.438,-36.428,-30.195,3.362,1.376,3.352
39.12,-30.260,-36.456,-30.218,3.793,1.367,3.352
39.13,-30.541,-36.480,-30.244,3.381,1.356,3.337
39.14,-30.426,-36.494,-30.256,3.854,1.347,3.340
39.15,-30.852,-36.497,-30.271,3.854,1.338,3.342
39.16,-30.514,-36.493,-30.268,3.408,1.325,3.327
39.17,-30.422,-36.485,-30.258,2.809,1.319,3.301
39.18,-30.229,-36.477,-30.243,1.326,1.298,3.216
39.19,-30.955,-36.482,-30.264,4.799,1.287,3.249
39.20,-31.012,-36.502,-30.300,5.524,1.279,3.306
39.21,-30.531,-36.527,-30.325,3.780,1.266,3.304
39.22,-30.856,-36.558,-30.365,3.855,1.255,3.307
39.23,-31.098,-36.575,-30.399,3.750,1.252,3.313
39.24,-30.778,-36.571,-30.401,3.526,1.247,3.312
39.25,-30.663,-36.558,-30.391,3.759,1.243,3.318
39.26,-31.251,-36.533,-30.387,3.867,1.237,3.326
39.27,-30.745,-36.504,-30.366,3.809,1.236,3.337
39.28,-30.509,-36.485,-30.347,3.514,1.234,3.338
39.29,-30.478,-36.475,-30.336,3.992,1.239,3.360
39.30,-29.904,-36.471,-30.314,3.784,1.242,3.373
39.31,-30.188,-36.470,-30.304,3.927,1.259,3.404
39.32,-30.214,-36.460,-30.287,4.129,1.281,3.445
39.33,-29.873,-36.431,-30.241,3.908,1.289,3.464
39.34,-30.483,-36.392,-30.206,3.819,1.288,3.472
39.35,-31.076,-36.374,-30.210,3.574,1.282,3.468
39.36,-31.395,-36.370,-30.237,3.367,1.274,3.455
39.37,-30.554,-36.372,-30.245,3.629,1.273,3.457
39.38,-30.373,-36.391,-30.262,3.781,1.274,3.466
39.39,-30.689,-36.417,-30.296,3.537,1.284,3.477
39.40,-30.157,-36.444,-30.314,3.845,1.295,3.496
39.41,-30.121,-36.470,-30.329,4.118,1.311,3.530
39.42,-30.729,-36.486,-30.352,3.640,1.330,3.550
39.43,-30.675,-36.502,-30.374,3.517,1.340,3.557
39.44,-30.517,-36.526,-30.397,3.786,1.350,3.572
39.45,-31.258,-36.540,-30.433,3.192,1.353,3.561
39.46,-30.946,-36.534,-30.440,3.662,1.342,3.553
39.47,-30.579,-36.535,-30.441,3.635,1.339,3.551
39.48,-31.227,-36.521,-30.447,3.512,1.343,3.552
39.49,-30.500,-36.492,-30.418,3.656,1.350,3.561
39.50,-30.319,-36.481,-30.401,3.616,1.359,3.569
39.51,-30.359,-36.478,-30.393,3.914,1.372,3.591
39.52,-30.483,-36.467,-30.382,3.414,1.391,3.603
39.53,-30.448,-36.451,-30.366,3.897,1.418,3.637
39.54,-30.782,-36.427,-30.351,2.952,1.443,3.639
39.55,-30.759,-36.385,-30.320,3.510,1.445,3.636
39.56,-30.616,-36.337,-30.279,3.779,1.447,3.640
39.57,-30.849,-36.286,-30.245,3.582,1.448,3.638
39.58,-30.223,-36.241,-30.197,3.933,1.451,3.648
39.59,-30.267,-36.213,-30.170,3.765,1.455,3.655
39.60,-29.913,-36.200,-30.147,3.499,1.459,3.652
39.61,-30.530,-36.197,-30.153,3.721,1.470,3.664
39.62,-30.294,-36.199,-30.157,3.941,1.484,3.684
39.63,-30.620,-36.189,-30.159,3.846,1.499,3.702
39.64,-29.936,-36.174,-30.134,3.806,1.511,3.715
39.65,-30.191,-36.164,-30.124,3.740,1.518,3.722
39.66,-30.033,-36.169,-30.123,3.242,1.516,3.704
39.67,-30.306,-36.176,-30.133,3.449,1.515,3.693
39.68,-30.360,-36.175,-30.137,3.280,1.508,3.672
39.69,-30.055,-36.176,-30.133,3.117,1.503,3.649
39.70,-30.584,-36.181,-30.149,3.318,1.493,3.628
39.71,-30.449,-36.182,-30.157,3.448,1.489,3.616
39.72,-30.359,-36.172,-30.152,3.750,1.501,3.630
39.73,-30.248,-36.161,-30.142,3.821,1.513,3.646
39.74,-30.026,-36.144,-30.120,3.746,1.529,3.663
39.75,-31.046,-36.122,-30.125,3.163,1.541,3.657
39.76,-30.549,-36.091,-30.105,3.317,1.540,3.644
39.77,-29.962,-36.067,-30.076,3.211,1.533,3.621
39.78,-31.056,-36.054,-30.092,2.916,1.527,3.592
39.79,-29.948,-36.040,-30.072,3.421,1.524,3.581
39.80,-30.380,-36.028,-30.069,3.391,1.523,3.572
39.81,-29.941,-36.016,-30.052,3.691,1.525,3.574
39.82,-29.842,-36.003,-30.032,3.891,1.520,3.577
39.83,-29.918,-35.991,-30.015,3.368,1.518,3.567
39.84,-30.045,-35.991,-30.014,3.471,1.521,3.564
39.85,-30.116,-35.993,-30.017,3.483,1.528,3.566
39.86,-30.049,-36.000,-30.024,3.606,1.539,3.575
39.87,-30.351,-36.017,-30.049,3.562,1.553,3.586
39.88,-30.258,-36.034,-30.071,3.021,1.554,3.567
39.89,-30.237,-36.041,-30.081,3.528,1.556,3.566
39.90,-30.619,-36.041,-30.096,3.638,1.559,3.568
39.91,-30.416,-36.053,-30.117,2.853,1.575,3.559
39.92,-30.270,-36.077,-30.144,2.480,1.581,3.529
39.93,-30.259,-36.092,-30.161,3.752,1.585,3.536
39.94,-29.685,-36.105,-30.158,3.737,1.595,3.549
39.95,-29.959,-36.113,-30.159,3.999,1.607,3.571
39.96,-29.692,-36.115,-30.145,2.896,1.620,3.560
39.97,-29.750,-36.104,-30.121,2.307,1.624,3.522
39.98,-30.655,-36.084,-30.116,3.593,1.622,3.519
39.99,-30.793,-36.067,-30.120,3.662,1.621,3.519
40.00,-30.398,-36.057,-30.117,3.838,1.618,3.522
40.01,-30.359,-36.055,-30.122,3.662,1.618,3.524
40.02,-30.479,-36.063,-30.139,3.720,1.606,3.514
40.03,-30.188,-36.067,-30.145,3.241,1.594,3.491
40.04,-30.065,-36.073,-30.147,3.064,1.582,3.462
40.05,-30.071,-36.077,-30.148,3.864,1.575,3.465
40.06,-30.275,-36.085,-30.159,4.006,1.569,3.473
40.07,-30.359,-36.100,-30.179,3.862,1.568,3.480
40.08,-30.702,-36.120,-30.213,4.335,1.564,3.500
40.09,-30.846,-36.141,-30.252,3.830,1.563,3.506
40.10,-30.258,-36.159,-30.269,3.346,1.555,3.491
40.11,-30.047,-36.179,-30.282,3.493,1.553,3.485
40.12,-30.521,-36.198,-30.307,3.765,1.560,3.499
40.14,-29.995,-36.213,-30.311,2.603,1.568,3.476
40.15,-30.425,-36.223,-30.324,2.948,1.564,3.452
40.15,-30.536,-36.229,-30.336,4.007,1.554,3.457
40.17,-30.580,-36.231,-30.345,3.570,1.545,3.449
40.17,-30.672,-36.226,-30.350,4.170,1.540,3.464
40.19,-29.932,-36.223,-30.334,3.849,1.535,3.468
40.20,-30.598,-36.233,-30.352,4.027,1.538,3.486
40.21,-30.694,-36.246,-30.375,3.682,1.527,3.478
40.21,-30.425,-36.262,-30.391,3.840,1.518,3.478
40.23,-30.364,-36.275,-30.403,3.317,1.507,3.460
40.24,-30.496,-36.287,-30.418,3.309,1.490,3.437
40.25,-30.011,-36.304,-30.421,3.359,1.479,3.422
40.25,-30.732,-36.318,-30.444,3.587,1.479,3.425
40.26,-30.506,-36.327,-30.455,3.220,1.480,3.417
40.27,-30.214,-36.333,-30.453,3.724,1.488,3.432
40.29,-30.689,-36.337,-30.464,3.312,1.495,3.433
40.29,-30.403,-36.341,-30.465,3.739,1.493,3.438
40.30,-30.637,-36.351,-30.480,3.280,1.494,3.432
40.32,-30.610,-36.359,-30.492,3.642,1.488,3.430
40.33,-30.518,-36.359,-30.492,3.801,1.485,3.437
40.34,-30.076,-36.360,-30.481,3.473,1.482,3.433
40.35,-30.447,-36.360,-30.480,3.515,1.483,3.434
40.36,-30.337,-36.357,-30.472,3.755,1.481,3.440
40.37,-30.496,-36.349,-30.465,3.666,1.483,3.447
40.38,-30.358,-36.339,-30.452,3.390,1.482,3.443
40.39,-30.152,-36.324,-30.427,3.619,1.483,3.448
40.39,-30.451,-36.301,-30.406,3.683,1.489,3.458
40.41,-30.342,-36.282,-30.385,3.147,1.500,3.458
40.42,-30.177,-36.268,-30.365,3.616,1.500,3.461
40.43,-30.390,-36.265,-30.362,3.921,1.495,3.469
40.44,-30.359,-36.274,-30.371,3.413,1.494,3.464
40.45,-30.838,-36.292,-30.401,2.527,1.494,3.434
40.46,-30.765,-36.319,-30.438,3.493,1.508,3.447
40.47,-30.531,-36.345,-30.466,4.354,1.516,3.481
40.48,-30.276,-36.364,-30.479,3.904,1.514,3.491
40.49,-30.325,-36.383,-30.492,3.899,1.513,3.501
40.50,-31.152,-36.391,-30.520,3.433,1.526,3.510
40.51,-30.879,-36.392,-30.532,3.621,1.531,3.517
40.52,-30.404,-36.395,-30.532,3.802,1.530,3.523
40.53,-30.531,-36.403,-30.539,3.042,1.521,3.498
40.54,-29.868,-36.412,-30.527,3.023,1.508,3.470
40.55,-31.091,-36.427,-30.559,3.331,1.495,3.451
40.56,-30.497,-36.450,-30.579,3.169,1.493,3.439
40.57,-30.681,-36.479,-30.610,3.518,1.496,3.443
40.58,-30.593,-36.506,-30.636,4.391,1.507,3.481
40.59,-31.199,-36.523,-30.669,4.206,1.517,3.511
40.60,-29.566,-36.526,-30.639,3.459,1.521,3.512
40.61,-30.219,-36.519,-30.618,4.052,1.515,3.522
40.62,-30.439,-36.507,-30.601,4.029,1.514,3.535
40.63,-30.629,-36.493,-30.588,2.986,1.512,3.516
40.64,-30.734,-36.479,-30.578,3.222,1.495,3.489
40.65,-30.690,-36.486,-30.589,3.938,1.486,3.493
40.66,-31.113,-36.514,-30.631,3.880,1.486,3.504
40.67,-30.182,-36.543,-30.645,2.690,1.484,3.477
40.68,-31.058,-36.582,-30.695,3.844,1.488,3.490
40.69,-30.808,-36.619,-30.735,3.181,1.493,3.485
40.70,-29.989,-36.646,-30.738,2.807,1.498,3.467
40.71,-30.659,-36.657,-30.746,3.067,1.503,3.459
40.72,-30.154,-36.655,-30.726,3.635,1.514,3.474
40.73,-30.758,-36.647,-30.718,3.166,1.529,3.477
40.74,-30.628,-36.630,-30.698,3.379,1.530,3.474
40.75,-30.789,-36.621,-30.692,3.206,1.514,3.449
40.76,-30.869,-36.617,-30.693,3.383,1.493,3.425
40.77,-30.733,-36.620,-30.696,3.644,1.479,3.416
40.78,-31.083,-36.634,-30.721,3.342,1.478,3.412
40.79,-30.755,-36.643,-30.730,2.637,1.486,3.394
40.80,-30.554,-36.642,-30.723,2.829,1.494,3.383
40.81,-30.724,-36.640,-30.721,3.182,1.495,3.375
40.82,-30.757,-36.640,-30.721,4.358,1.491,3.399
40.83,-31.046,-36.649,-30.740,3.667,1.484,3.400
40.84,-31.205,-36.673,-30.777,3.451,1.481,3.397
40.85,-30.359,-36.691,-30.781,3.265,1.477,3.388
40.86,-30.751,-36.702,-30.791,3.053,1.466,3.364
40.87,-30.558,-36.713,-30.794,3.781,1.455,3.365
40.88,-30.470,-36.727,-30.797,3.761,1.449,3.370
40.89,-30.690,-36.752,-30.817,3.625,1.453,3.380
40.90,-31.104,-36.771,-30.845,3.656,1.462,3.396
40.91,-31.380,-36.773,-30.862,3.781,1.467,3.411
40.92,-30.532,-36.768,-30.847,3.558,1.477,3.424
40.93,-30.605,-36.777,-30.848,3.586,1.495,3.445
40.94,-30.864,-36.785,-30.855,3.495,1.499,3.450
40.95,-31.328,-36.789,-30.873,3.131,1.494,3.434
40.96,-30.867,-36.798,-30.881,3.947,1.493,3.448
40.97,-31.350,-36.815,-30.911,3.453,1.497,3.451
40.98,-31.028,-36.835,-30.934,3.852,1.503,3.468
40.99,-30.711,-36.857,-30.949,3.401,1.512,3.473
41.00,-31.068,-36.875,-30.970,3.164,1.518,3.468
41.01,-30.932,-36.885,-30.977,2.884,1.514,3.446
41.02,-30.883,-36.880,-30.970,3.256,1.508,3.432
41.03,-30.999,-36.869,-30.960,3.889,1.511,3.449
41.04,-31.268,-36.844,-30.945,4.066,1.512,3.467
41.05,-30.355,-36.812,-30.895,2.812,1.512,3.446
41.06,-31.239,-36.789,-30.883,3.872,1.508,3.454
41.07,-31.108,-36.766,-30.868,2.446,1.510,3.425
41.08,-31.209,-36.749,-30.861,2.857,1.520,3.415
41.09,-30.711,-36.730,-30.839,3.300,1.526,3.416
41.10,-31.494,-36.715,-30.844,5.549,1.551,3.504
41.11,-30.703,-36.704,-30.829,4.384,1.562,3.541
41.12,-30.602,-36.700,-30.819,3.837,1.558,3.546
41.13,-30.796,-36.705,-30.822,3.741,1.547,3.540
41.14,-30.801,-36.708,-30.825,3.413,1.532,3.521
41.15,-30.875,-36.709,-30.827,3.718,1.518,3.514
41.16,-30.576,-36.712,-30.823,3.701,1.515,3.516
41.17,-30.676,-36.726,-30.832,3.498,1.520,3.519
41.18,-30.289,-36.752,-30.839,3.604,1.531,3.533
41.19,-30.786,-36.782,-30.867,3.328,1.549,3.543
41.20,-30.738,-36.816,-30.896,3.183,1.555,3.538
41.21,-30.783,-36.855,-30.929,3.336,1.554,3.530
41.22,-30.773,-36.889,-30.957,3.544,1.555,3.531
41.23,-31.094,-36.909,-30.980,3.577,1.558,3.535
41.24,-30.887,-36.913,-30.981,3.318,1.561,3.530
41.25,-30.943,-36.901,-30.968,2.317,1.566,3.497
41.26,-31.269,-36.872,-30.949,3.121,1.570,3.488
41.27,-30.872,-36.845,-30.920,3.443,1.581,3.497
41.28,-31.415,-36.821,-30.911,4.757,1.594,3.546
41.29,-31.082,-36.808,-30.903,4.511,1.597,3.579
41.30,-30.891,-36.811,-30.906,3.693,1.588,3.573
41.31,-30.900,-36.816,-30.910,3.443,1.571,3.552
41.32,-31.142,-36.809,-30.911,3.569,1.554,3.536
41.33,-30.475,-36.794,-30.882,3.187,1.558,3.528
41.34,-30.809,-36.776,-30.863,3.554,1.564,3.535
41.35,-30.681,-36.758,-30.839,3.629,1.573,3.545
41.36,-30.479,-36.745,-30.816,3.185,1.586,3.546
41.37,-30.726,-36.740,-30.807,3.333,1.595,3.548
41.38,-30.501,-36.741,-30.799,3.384,1.597,3.543
41.39,-30.423,-36.748,-30.793,3.785,1.603,3.556
41.40,-31.327,-36.748,-30.809,3.316,1.607,3.552
41.41,-31.277,-36.738,-30.813,3.479,1.599,3.541
41.42,-31.247,-36.718,-30.807,3.378,1.603,3.539
41.43,-30.867,-36.697,-30.788,3.212,1.591,3.517
41.44,-30.685,-36.678,-30.766,3.468,1.580,3.504
41.45,-30.181,-36.680,-30.750,3.590,1.572,3.497
41.46,-30.610,-36.697,-30.762,3.498,1.573,3.498
41.47,-30.526,-36.723,-30.779,3.831,1.581,3.515
41.48,-31.133,-36.747,-30.813,3.474,1.582,3.514
41.49,-31.172,-36.751,-30.827,3.101,1.577,3.495
41.50,-30.926,-36.748,-30.828,3.579,1.572,3.492
41.51,-31.099,-36.739,-30.827,3.631,1.576,3.500
41.52,-30.644,-36.720,-30.802,3.384,1.589,3.507
41.53,-30.737,-36.708,-30.789,3.338,1.602,3.514
41.54,-30.685,-36.697,-30.774,2.972,1.612,3.506
41.55,-30.823,-36.684,-30.763,3.214,1.624,3.508
41.56,-30.434,-36.674,-30.743,3.334,1.635,3.512
41.57,-30.386,-36.665,-30.723,3.758,1.641,3.524
41.58,-30.663,-36.661,-30.716,3.976,1.638,3.533
41.59,-30.895,-36.662,-30.723,4.150,1.629,3.543
41.60,-30.721,-36.663,-30.723,3.403,1.626,3.534
41.61,-31.092,-36.661,-30.733,3.559,1.626,3.534
41.62,-30.786,-36.666,-30.738,3.951,1.628,3.548
41.63,-30.699,-36.669,-30.739,3.817,1.633,3.560
41.64,-30.846,-36.671,-30.744,3.612,1.639,3.567
41.66,-30.607,-36.684,-30.753,3.582,1.645,3.572
41.67,-30.837,-36.712,-30.783,3.277,1.643,3.561
41.68,-30.619,-36.739,-30.804,3.650,1.645,3.564
41.69,-30.094,-36.768,-30.809,3.506,1.647,3.564
41.70,-29.670,-36.784,-30.789,2.791,1.648,3.540
41.71,-30.711,-36.787,-30.788,3.812,1.645,3.545
41.71,-30.915,-36.790,-30.795,3.469,1.650,3.546
41.73,-31.607,-36.807,-30.835,3.712,1.654,3.554
41.74,-31.209,-36.831,-30.869,2.797,1.660,3.536
41.75,-31.400,-36.848,-30.901,3.234,1.665,3.530
41.76,-29.807,-36.857,-30.876,2.236,1.654,3.479
41.77,-30.466,-36.856,-30.862,1.952,1.637,3.414
41.78,-30.615,-36.836,-30.834,2.467,1.614,3.360
41.79,-31.522,-36.810,-30.828,2.677,1.583,3.307
41.80,-30.404,-36.778,-30.784,2.849,1.556,3.264
41.81,-31.275,-36.753,-30.774,4.523,1.537,3.282
41.82,-30.298,-36.729,-30.735,4.220,1.524,3.296
41.83,-32.133,-36.703,-30.753,6.457,1.526,3.393
41.84,-30.611,-36.678,-30.723,3.485,1.535,3.403
41.85,-30.764,-36.661,-30.708,2.764,1.547,3.394
41.86,-31.240,-36.644,-30.707,2.739,1.562,3.387
41.87,-31.077,-36.621,-30.696,2.781,1.574,3.379
41.88,-30.660,-36.601,-30.676,3.858,1.585,3.403
41.89,-30.403,-36.592,-30.658,4.915,1.586,3.449
41.90,-30.509,-36.590,-30.651,3.155,1.573,3.426
41.91,-30.817,-36.595,-30.661,3.985,1.574,3.442
41.92,-30.589,-36.594,-30.658,3.657,1.582,3.456
41.93,-30.320,-36.585,-30.638,3.056,1.587,3.448
41.94,-30.413,-36.564,-30.610,3.977,1.586,3.462
41.95,-30.133,-36.524,-30.557,3.300,1.586,3.457
41.96,-31.288,-36.474,-30.530,3.741,1.597,3.475
41.97,-29.887,-36.419,-30.457,2.866,1.608,3.466
41.98,-30.509,-36.372,-30.413,3.604,1.610,3.471
41.99,-30.611,-36.346,-30.393,4.255,1.610,3.494
42.00,-31.117,-36.341,-30.410,4.022,1.602,3.502
42.01,-30.716,-36.351,-30.429,3.876,1.595,3.506
42.02,-30.713,-36.369,-30.455,3.255,1.589,3.492
42.03,-30.327,-36.389,-30.471,3.699,1.585,3.495
42.04,-30.211,-36.403,-30.476,3.831,1.591,3.510
42.05,-30.331,-36.412,-30.481,3.631,1.606,3.528
42.06,-30.978,-36.416,-30.499,3.775,1.616,3.545
42.07,-30.150,-36.413,-30.485,3.338,1.622,3.544
42.08,-30.060,-36.412,-30.471,3.398,1.622,3.539
42.09,-30.676,-36.415,-30.480,4.042,1.617,3.550
42.10,-30.403,-36.416,-30.479,3.521,1.604,3.536
42.11,-30.799,-36.417,-30.490,3.661,1.602,3.538
42.12,-30.434,-36.423,-30.494,3.619,1.602,3.540
42.13,-30.303,-36.424,-30.489,3.239,1.600,3.529
42.14,-30.689,-36.424,-30.495,3.224,1.603,3.522
42.15,-30.457,-36.432,-30.501,3.241,1.612,3.522
42.16,-30.558,-36.441,-30.511,3.422,1.618,3.524
42.17,-30.486,-36.451,-30.520,3.573,1.629,3.536
42.18,-30.461,-36.470,-30.536,3.455,1.640,3.544
42.19,-30.623,-36.484,-30.553,3.802,1.642,3.553
42.20,-30.378,-36.491,-30.554,3.870,1.642,3.562
42.21,-30.289,-36.498,-30.553,3.654,1.640,3.563
42.22,-30.908,-36.495,-30.560,3.118,1.633,3.542
42.23,-29.988,-36.486,-30.534,3.898,1.627,3.547
42.24,-30.154,-36.484,-30.520,3.558,1.633,3.552
42.25,-30.251,-36.479,-30.506,3.298,1.635,3.547
42.26,-29.590,-36.464,-30.463,2.062,1.624,3.490
42.27,-30.962,-36.451,-30.465,4.207,1.614,3.501
42.28,-30.833,-36.455,-30.479,3.993,1.629,3.531
42.29,-30.975,-36.451,-30.490,3.361,1.633,3.529
42.30,-30.483,-36.443,-30.482,3.570,1.625,3.522
42.31,-30.320,-36.455,-30.488,3.817,1.631,3.536
42.32,-30.181,-36.475,-30.497,3.561,1.640,3.546
42.33,-30.628,-36.477,-30.503,3.921,1.648,3.564
42.34,-30.115,-36.455,-30.469,4.578,1.646,3.593
42.35,-29.959,-36.430,-30.429,3.565,1.648,3.594
42.36,-30.421,-36.422,-30.420,3.283,1.654,3.590
42.37,-31.103,-36.418,-30.436,2.981,1.664,3.582
42.38,-30.598,-36.408,-30.431,3.039,1.671,3.572
42.39,-30.615,-36.417,-30.445,3.222,1.681,3.570
42.40,-30.230,-36.445,-30.465,3.290,1.685,3.565
42.41,-30.724,-36.488,-30.514,3.533,1.686,3.564
42.42,-30.770,-36.534,-30.566,3.276,1.692,3.561
42.43,-30.909,-36.576,-30.617,3.876,1.701,3.578
42.44,-30.605,-36.616,-30.655,3.244,1.708,3.574
42.45,-30.431,-36.647,-30.678,3.269,1.712,3.568
42.46,-30.544,-36.668,-30.694,3.196,1.726,3.569
42.47,-30.846,-36.675,-30.705,3.137,1.741,3.570
42.48,-31.098,-36.669,-30.711,3.427,1.754,3.577
42.49,-31.293,-36.662,-30.722,3.993,1.768,3.603
42.50,-31.485,-36.661,-30.744,3.240,1.775,3.597
42.51,-31.480,-36.650,-30.756,2.832,1.754,3.552
42.52,-31.808,-36.651,-30.790,3.946,1.753,3.562
42.53,-31.426,-36.663,-30.822,3.765,1.757,3.571
42.54,-30.899,-36.653,-30.815,3.244,1.749,3.551
42.55,-29.982,-36.621,-30.760,3.273,1.744,3.537
42.56,-29.719,-36.577,-30.686,3.265,1.756,3.539
42.57,-30.081,-36.525,-30.617,3.111,1.763,3.532
42.58,-30.558,-36.467,-30.560,3.623,1.776,3.545
42.59,-30.168,-36.417,-30.498,3.982,1.794,3.574
42.60,-30.296,-36.370,-30.447,3.883,1.801,3.590
42.61,-30.659,-36.331,-30.416,2.927,1.785,3.552
42.62,-30.251,-36.308,-30.389,2.516,1.774,3.508
42.63,-30.293,-36.300,-30.378,2.728,1.758,3.467
42.64,-30.531,-36.292,-30.375,3.431,1.745,3.451
42.65,-30.097,-36.282,-30.357,3.796,1.747,3.462
42.66,-29.995,-36.280,-30.344,3.361,1.762,3.472
42.67,-30.067,-36.287,-30.343,3.248,1.768,3.468
42.68,-29.028,-36.309,-30.323,4.519,1.760,3.490
42.69,-30.820,-36.339,-30.367,3.744,1.740,3.477
42.70,-30.610,-36.369,-30.403,2.629,1.726,3.436
42.71,-30.712,-36.408,-30.450,1.820,1.728,3.386
42.72,-30.711,-36.449,-30.497,2.957,1.726,3.369
42.73,-30.461,-36.490,-30.535,3.628,1.722,3.371
42.74,-30.531,-36.538,-30.582,3.401,1.719,3.366
42.75,-30.809,-36.595,-30.644,3.637,1.720,3.373
42.76,-30.926,-36.648,-30.704,3.712,1.710,3.371
42.77,-30.133,-36.697,-30.733,3.733,1.702,3.373
42.78,-30.474,-36.742,-30.768,4.362,1.699,3.397
42.79,-30.734,-36.771,-30.795,5.376,1.705,3.463
42.80,-31.279,-36.783,-30.821,5.698,1.709,3.534
42.81,-30.650,-36.785,-30.818,2.839,1.699,3.502
42.82,-31.090,-36.792,-30.832,1.630,1.693,3.439
42.83,-31.105,-36.808,-30.856,2.657,1.694,3.414
42.84,-31.127,-36.825,-30.880,3.006,1.689,3.395
42.85,-31.136,-36.844,-30.906,3.743,1.685,3.401
42.86,-31.083,-36.872,-30.939,3.335,1.688,3.400
42.87,-30.945,-36.901,-30.967,2.541,1.705,3.388
42.88,-30.510,-36.930,-30.982,3.074,1.727,3.398
42.89,-31.370,-36.948,-31.011,3.595,1.739,3.413
42.90,-31.084,-36.939,-31.004,3.041,1.738,3.399
42.91,-31.219,-36.926,-30.999,3.871,1.745,3.418
42.92,-30.939,-36.921,-30.991,3.017,1.750,3.410
42.93,-31.150,-36.907,-30.983,3.203,1.753,3.404
42.94,-30.562,-36.883,-30.948,3.340,1.760,3.407
42.95,-30.478,-36.861,-30.911,3.182,1.766,3.404
42.96,-30.790,-36.850,-30.897,3.829,1.769,3.418
42.97,-30.879,-36.849,-30.895,3.362,1.766,3.411
42.98,-30.887,-36.857,-30.903,3.485,1.766,3.411
42.99,-31.107,-36.868,-30.919,3.428,1.770,3.414
43.00,-30.839,-36.875,-30.924,3.300,1.776,3.414
43.01,-30.588,-36.883,-30.920,3.375,1.787,3.421
43.02,-31.286,-36.888,-30.936,3.350,1.797,3.426
43.03,-30.806,-36.898,-30.942,3.181,1.789,3.409
43.04,-30.571,-36.916,-30.948,3.618,1.780,3.405
43.05,-30.770,-36.944,-30.969,3.841,1.765,3.402
43.06,-30.627,-36.984,-30.997,3.466,1.763,3.400
43.08,-30.926,-37.030,-31.039,3.745,1.765,3.410
43.08,-31.273,-37.070,-31.084,3.128,1.767,3.402
43.09,-30.672,-37.094,-31.095,3.680,1.763,3.404
43.10,-30.601,-37.120,-31.104,4.295,1.759,3.426
43.11,-31.221,-37.145,-31.131,3.288,1.764,3.425
43.12,-31.383,-37.161,-31.154,3.674,1.766,3.434
43.13,-31.337,-37.169,-31.166,3.465,1.755,3.422
43.14,-31.639,-37.178,-31.189,3.467,1.751,3.418
43.15,-30.949,-37.200,-31.202,3.974,1.753,3.436
43.16,-31.034,-37.226,-31.221,3.095,1.755,3.425
43.17,-31.314,-37.248,-31.245,3.264,1.753,3.418
43.18,-31.594,-37.263,-31.270,3.689,1.756,3.427
43.19,-31.278,-37.274,-31.280,3.527,1.758,3.431
43.21,-30.764,-37.280,-31.270,3.842,1.755,3.439
43.22,-31.573,-37.275,-31.273,3.948,1.737,3.436
43.23,-31.439,-37.270,-31.273,2.821,1.741,3.420
43.24,-31.114,-37.267,-31.265,3.508,1.752,3.432
43.25,-31.232,-37.265,-31.261,3.471,1.756,3.436
43.26,-31.212,-37.265,-31.259,3.583,1.760,3.443
43.27,-31.399,-37.264,-31.262,3.200,1.770,3.444
43.28,-30.976,-37.275,-31.264,3.325,1.780,3.449
43.29,-31.577,-37.293,-31.290,3.166,1.794,3.452
43.30,-31.335,-37.311,-31.308,3.001,1.809,3.452
43.31,-31.306,-37.323,-31.319,3.534,1.826,3.469
43.32,-31.399,-37.336,-31.334,3.417,1.842,3.482
43.33,-31.439,-37.343,-31.343,3.363,1.833,3.468
43.34,-31.627,-37.350,-31.358,3.220,1.828,3.454
43.35,-31.300,-37.361,-31.366,3.473,1.844,3.469
43.36,-31.505,-37.368,-31.378,3.623,1.862,3.489
43.37,-30.941,-37.357,-31.353,3.067,1.871,3.483
43.38,-31.132,-37.328,-31.318,3.202,1.881,3.482
43.39,-30.795,-37.300,-31.274,3.518,1.899,3.499
43.40,-31.756,-37.267,-31.256,3.636,1.905,3.507
43.41,-31.582,-37.225,-31.225,3.360,1.905,3.502
43.42,-32.123,-37.194,-31.221,3.435,1.895,3.488
43.43,-31.781,-37.180,-31.224,3.265,1.893,3.478
43.44,-31.490,-37.164,-31.218,3.639,1.892,3.480
43.45,-31.017,-37.135,-31.184,3.733,1.889,3.482
43.46,-30.963,-37.111,-31.153,3.670,1.900,3.497
43.47,-31.172,-37.093,-31.137,3.692,1.917,3.518
43.48,-31.121,-37.068,-31.111,3.264,1.928,3.519
43.49,-31.033,-37.048,-31.090,3.645,1.935,3.528
43.50,-30.770,-37.042,-31.075,3.318,1.946,3.531
43.51,-31.080,-37.033,-31.066,3.400,1.957,3.536
43.52,-31.174,-37.023,-31.059,3.415,1.967,3.540
43.53,-30.874,-37.011,-31.042,3.325,1.980,3.544
43.54,-30.994,-36.999,-31.029,2.972,1.982,3.527
43.55,-31.398,-36.991,-31.032,3.125,1.969,3.499
43.56,-30.729,-36.975,-31.007,3.567,1.960,3.490
43.57,-30.966,-36.960,-30.991,3.185,1.959,3.478
43.58,-31.187,-36.947,-30.984,3.261,1.967,3.477
43.59,-30.893,-36.942,-30.976,3.159,1.972,3.470
43.60,-30.943,-36.948,-30.982,3.517,1.981,3.478
43.61,-30.758,-36.960,-30.986,3.369,1.987,3.477
43.62,-30.783,-36.967,-30.987,3.457,2.002,3.489
43.63,-30.945,-36.977,-30.995,3.564,2.027,3.513
43.64,-30.618,-36.981,-30.987,3.358,2.053,3.531
43.65,-30.479,-36.974,-30.964,3.005,2.073,3.531
43.66,-31.643,-36.959,-30.970,2.951,2.063,3.501
43.67,-31.219,-36.940,-30.959,3.743,2.080,3.522
43.68,-31.311,-36.917,-30.947,3.039,2.091,3.516
43.69,-31.176,-36.895,-30.932,3.373,2.082,3.500
43.70,-30.925,-36.885,-30.923,2.958,2.074,3.473
43.71,-30.928,-36.886,-30.923,3.554,2.077,3.475
43.72,-30.841,-36.884,-30.919,2.986,2.069,3.449
43.73,-30.690,-36.876,-30.904,3.204,2.051,3.421
43.74,-31.015,-36.864,-30.896,3.324,2.034,3.398
43.75,-30.637,-36.844,-30.869,3.520,2.030,3.394
43.76,-30.769,-36.822,-30.844,3.897,2.040,3.417
43.77,-30.658,-36.809,-30.825,3.301,2.059,3.428
43.78,-30.747,-36.791,-30.806,3.688,2.082,3.455
43.79,-30.633,-36.774,-30.784,3.289,2.098,3.462
43.80,-30.391,-36.762,-30.760,3.176,2.105,3.457
43.81,-30.681,-36.768,-30.763,3.122,2.111,3.449
43.82,-30.523,-36.789,-30.775,3.178,2.111,3.438
43.83,-30.746,-36.820,-30.803,3.226,2.105,3.422
43.84,-31.094,-36.849,-30.840,2.993,2.102,3.403
43.85,-31.090,-36.868,-30.866,3.234,2.095,3.387
43.86,-31.128,-36.888,-30.892,3.743,2.096,3.396
43.87,-30.799,-36.914,-30.915,3.405,2.100,3.396
43.88,-31.210,-36.944,-30.952,3.675,2.100,3.401
43.89,-31.005,-36.969,-30.978,3.400,2.099,3.396
43.90,-30.747,-36.987,-30.989,3.477,2.103,3.399
43.91,-30.943,-37.007,-31.006,3.906,2.109,3.417
43.92,-30.549,-37.031,-31.015,3.463,2.123,3.429
43.93,-31.174,-37.046,-31.034,3.168,2.132,3.427
43.94,-31.003,-37.060,-31.046,3.482,2.135,3.428
43.95,-30.807,-37.080,-31.058,3.068,2.130,3.408
43.96,-31.226,-37.102,-31.083,3.090,2.109,3.375
43.97,-31.270,-37.119,-31.105,3.564,2.089,3.358
43.98,-31.399,-37.132,-31.126,3.507,2.067,3.337
43.99,-30.984,-37.140,-31.130,3.260,2.053,3.319
44.00,-30.738,-37.148,-31.125,3.083,2.070,3.324
44.01,-30.426,-37.153,-31.108,3.046,2.080,3.322
44.02,-31.386,-37.162,-31.124,3.934,2.093,3.350
44.03,-30.984,-37.172,-31.129,4.018,2.100,3.373
44.04,-31.550,-37.187,-31.156,3.473,2.103,3.376
44.05,-31.423,-37.209,-31.184,3.108,2.107,3.369
44.06,-30.628,-37.235,-31.192,3.158,2.116,3.367
44.07,-30.469,-37.255,-31.188,2.816,2.119,3.350
44.08,-31.541,-37.257,-31.200,3.081,2.112,3.331
44.09,-31.172,-37.257,-31.199,4.016,2.110,3.347
44.10,-31.403,-37.259,-31.206,3.315,2.116,3.348
44.11,-31.619,-37.255,-31.214,3.164,2.121,3.344
44.12,-31.798,-37.240,-31.217,3.703,2.124,3.354
44.13,-31.220,-37.226,-31.203,2.992,2.134,3.350
44.14,-31.786,-37.201,-31.196,2.800,2.136,3.332
44.15,-31.590,-37.168,-31.176,3.387,2.123,3.317
44.16,-31.345,-37.148,-31.162,2.988,2.119,3.299
44.17,-31.241,-37.143,-31.160,3.276,2.109,3.285
44.18,-32.232,-37.142,-31.191,3.896,2.106,3.297
44.19,-30.946,-37.145,-31.187,3.379,2.111,3.302
44.20,-31.439,-37.148,-31.197,3.116,2.124,3.305
44.21,-31.157,-37.138,-31.187,3.628,2.128,3.315
44.22,-31.486,-37.128,-31.186,3.258,2.134,3.316
44.23,-31.103,-37.122,-31.178,3.522,2.138,3.322
44.24,-31.104,-37.117,-31.172,2.871,2.142,3.309
44.25,-31.017,-37.111,-31.162,3.212,2.138,3.298
44.26,-30.742,-37.109,-31.147,3.648,2.144,3.311
44.27,-30.703,-37.101,-31.125,3.724,2.148,3.325
44.28,-30.694,-37.076,-31.089,3.252,2.146,3.317
44.29,-31.575,-37.055,-31.083,3.423,2.135,3.306
44.30,-31.431,-37.036,-31.075,3.057,2.127,3.288
44.31,-30.794,-37.021,-31.052,3.323,2.128,3.286
44.32,-31.241,-37.016,-31.053,3.387,2.131,3.289
44.33,-30.978,-37.018,-31.053,3.512,2.141,3.302
44.34,-31.422,-37.020,-31.066,3.586,2.157,3.323
44.35,-31.070,-37.020,-31.067,3.543,2.175,3.344
44.36,-31.426,-37.015,-31.073,3.277,2.178,3.342
44.37,-31.049,-37.008,-31.066,3.381,2.175,3.338
44.38,-31.279,-37.004,-31.069,3.447,2.181,3.344
44.39,-31.102,-36.992,-31.059,3.493,2.181,3.344
44.40,-31.033,-36.976,-31.043,3.435,2.176,3.340
44.41,-30.896,-36.967,-31.030,3.331,2.167,3.328
44.42,-31.004,-36.958,-31.021,3.166,2.164,3.317
44.43,-30.893,-36.947,-31.006,2.213,2.168,3.284
44.44,-31.147,-36.935,-31.000,3.562,2.178,3.299
44.45,-31.310,-36.917,-30.992,4.233,2.178,3.323
44.46,-31.379,-36.898,-30.986,3.932,2.178,3.339
44.47,-31.212,-36.888,-30.984,3.463,2.172,3.335
44.48,-30.615,-36.872,-30.958,3.540,2.157,3.323
44.49,-30.566,-36.850,-30.924,3.775,2.148,3.326
44.50,-30.852,-36.815,-30.889,3.483,2.142,3.323
44.51,-30.466,-36.774,-30.837,3.463,2.145,3.327
44.52,-30.509,-36.741,-30.795,3.206,2.154,3.330
44.53,-30.780,-36.722,-30.777,3.529,2.149,3.328
44.54,-30.815,-36.716,-30.772,3.601,2.137,3.323
44.55,-31.123,-36.727,-30.793,3.867,2.108,3.309
44.56,-31.236,-36.751,-30.831,5.839,2.097,3.373
44.57,-30.163,-36.793,-30.852,2.307,2.086,3.328
44.59,-30.260,-36.834,-30.874,1.866,2.082,3.278
44.59,-31.017,-36.862,-30.905,3.237,2.085,3.277
44.61,-29.804,-36.869,-30.878,2.443,2.092,3.256
44.62,-30.393,-36.861,-30.855,2.758,2.100,3.246
44.62,-30.676,-36.838,-30.827,2.795,2.104,3.234
44.63,-30.856,-36.815,-30.805,3.190,2.106,3.231
44.65,-30.951,-36.800,-30.795,3.065,2.109,3.227
44.66,-30.690,-36.791,-30.783,3.089,2.095,3.206
44.67,-30.526,-36.785,-30.768,3.163,2.072,3.179
44.68,-31.901,-36.784,-30.802,3.661,2.066,3.185
44.69,-30.830,-36.797,-30.815,3.346,2.064,3.186
44.70,-30.911,-36.820,-30.840,3.074,2.064,3.179
44.71,-30.120,-36.854,-30.850,3.710,2.066,3.195
44.72,-30.612,-36.889,-30.877,3.366,2.073,3.204
44.73,-30.324,-36.922,-30.892,3.801,2.078,3.225
44.74,-30.623,-36.947,-30.907,3.725,2.070,3.230
44.75,-30.394,-36.978,-30.921,3.391,2.061,3.224
44.76,-30.979,-37.013,-30.955,3.833,2.061,3.241
44.77,-31.065,-37.050,-30.993,3.775,2.057,3.252
44.78,-31.238,-37.090,-31.039,4.120,2.049,3.269
44.79,-31.023,-37.129,-31.076,3.347,2.044,3.265
44.80,-31.385,-37.163,-31.118,3.282,2.046,3.266
44.81,-31.440,-37.187,-31.150,3.357,2.054,3.275
44.82,-31.192,-37.194,-31.158,3.246,2.054,3.272
44.83,-31.275,-37.200,-31.167,3.586,2.063,3.290
44.84,-30.937,-37.207,-31.165,3.093,2.065,3.284
44.85,-30.944,-37.208,-31.159,3.644,2.056,3.285
44.86,-31.329,-37.212,-31.167,2.749,2.046,3.258
44.87,-31.362,-37.214,-31.175,3.152,2.040,3.247
44.88,-31.424,-37.216,-31.184,3.126,2.036,3.238
44.89,-31.396,-37.214,-31.188,3.150,2.035,3.233
44.90,-31.176,-37.197,-31.171,2.593,2.043,3.219
44.91,-31.072,-37.169,-31.140,3.188,2.049,3.223
44.92,-31.134,-37.137,-31.109,3.942,2.050,3.244
44.93,-30.703,-37.102,-31.062,3.935,2.048,3.262
44.94,-30.660,-37.072,-31.019,3.386,2.049,3.265
44.95,-30.767,-37.047,-30.987,3.149,2.047,3.258
44.96,-31.034,-37.029,-30.970,2.438,2.038,3.223
44.97,-30.338,-37.023,-30.945,3.329,2.034,3.221
44.98,-30.757,-37.024,-30.938,2.983,2.035,3.213
44.99,-30.624,-37.020,-30.924,3.367,2.040,3.221
45.00,-31.063,-37.014,-30.922,3.604,2.047,3.238
45.01,-31.164,-37.007,-30.921,3.103,2.059,3.244
45.02,-31.089,-36.998,-30.917,3.366,2.069,3.256
45.03,-31.283,-36.982,-30.912,3.045,2.065,3.244
45.04,-31.057,-36.976,-30.910,3.046,2.062,3.234
45.05,-31.110,-36.980,-30.919,4.432,2.053,3.260
45.06,-30.372,-36.992,-30.913,2.015,2.049,3.216
45.07,-31.121,-37.014,-30.940,5.194,2.048,3.275
45.08,-31.192,-37.032,-30.964,4.094,2.047,3.298
45.09,-30.972,-37.052,-30.983,2.670,2.045,3.276
45.10,-31.627,-37.083,-31.032,4.699,2.049,3.322
45.11,-30.957,-37.121,-31.066,3.484,2.052,3.330
45.12,-31.336,-37.164,-31.115,3.352,2.049,3.327
45.13,-30.758,-37.196,-31.135,4.139,2.053,3.356
45.14,-31.569,-37.233,-31.183,4.146,2.064,3.390
45.15,-31.244,-37.270,-31.221,3.700,2.070,3.406
45.16,-31.506,-37.306,-31.264,3.193,2.079,3.408
45.17,-31.200,-37.342,-31.296,3.013,2.073,3.390
45.18,-31.205,-37.375,-31.325,3.671,2.075,3.400
45.19,-31.460,-37.402,-31.355,3.158,2.078,3.396
45.20,-31.410,-37.421,-31.375,3.007,2.090,3.395
45.21,-31.511,-37.427,-31.384,3.828,2.105,3.423
45.22,-31.582,-37.425,-31.388,3.551,2.114,3.436
45.23,-31.185,-37.426,-31.383,3.283,2.129,3.445
45.24,-31.407,-37.430,-31.386,3.364,2.135,3.449
45.25,-31.063,-37.429,-31.375,3.167,2.138,3.443
45.26,-30.986,-37.419,-31.353,3.145,2.143,3.439
45.27,-31.666,-37.410,-31.353,3.405,2.153,3.447
45.28,-31.538,-37.403,-31.352,3.099,2.157,3.440
45.29,-31.396,-37.394,-31.344,3.295,2.149,3.428
45.30,-31.003,-37.380,-31.320,3.429,2.148,3.426
45.31,-31.446,-37.368,-31.311,3.185,2.143,3.414
45.32,-31.570,-37.358,-31.309,3.601,2.138,3.414
45.33,-31.599,-37.339,-31.299,3.008,2.134,3.397
45.34,-31.127,-37.314,-31.269,3.281,2.139,3.397
45.35,-31.363,-37.293,-31.252,3.152,2.142,3.392
45.36,-31.145,-37.269,-31.225,3.556,2.155,3.409
45.37,-30.474,-37.246,-31.179,3.189,2.180,3.426
45.38,-31.054,-37.218,-31.148,3.458,2.223,3.468
45.39,-31.362,-37.188,-31.125,3.156,2.256,3.490
45.40,-31.609,-37.164,-31.115,3.201,2.266,3.490
45.41,-31.459,-37.162,-31.124,2.962,2.275,3.482
45.42,-31.552,-37.162,-31.136,2.804,2.267,3.452
45.43,-31.337,-37.155,-31.136,2.804,2.245,3.410
45.44,-31.136,-37.144,-31.125,3.589,2.233,3.402
45.45,-30.920,-37.129,-31.104,3.245,2.231,3.394
45.46,-30.763,-37.105,-31.071,2.586,2.223,3.360
45.47,-31.504,-37.068,-31.048,3.480,2.220,3.359
45.48,-30.905,-37.023,-30.999,3.030,2.229,3.356
45.49,-30.588,-36.959,-30.925,2.533,2.250,3.350
45.50,-31.019,-36.880,-30.851,2.857,2.276,3.358
45.51,-31.497,-36.795,-30.788,3.077,2.283,3.354
45.52,-30.944,-36.706,-30.707,3.594,2.276,3.352
45.53,-30.865,-36.631,-30.639,4.531,2.285,3.395
45.54,-31.447,-36.567,-30.602,2.571,2.276,3.359
45.55,-30.801,-36.503,-30.546,3.333,2.265,3.345
45.56,-30.070,-36.446,-30.477,4.018,2.265,3.364
45.57,-30.408,-36.404,-30.435,3.170,2.275,3.366
45.58,-30.460,-36.381,-30.414,2.683,2.271,3.339
45.59,-30.536,-36.374,-30.411,3.087,2.260,3.319
45.60,-30.238,-36.382,-30.413,3.089,2.246,3.296
45.61,-30.417,-36.391,-30.423,3.604,2.231,3.289
45.62,-30.663,-36.394,-30.434,3.021,2.214,3.261
45.63,-30.636,-36.395,-30.441,3.384,2.194,3.244
45.64,-30.861,-36.389,-30.449,3.143,2.174,3.219
45.65,-30.562,-36.380,-30.444,3.435,2.165,3.215
45.66,-30.031,-36.376,-30.429,3.357,2.163,3.214
45.67,-30.509,-36.375,-30.431,3.472,2.164,3.222
45.68,-30.584,-36.370,-30.432,2.839,2.167,3.211
45.69,-30.927,-36.352,-30.430,3.132,2.166,3.205
45.70,-30.372,-36.332,-30.410,3.368,2.180,3.222
45.71,-30.522,-36.309,-30.391,3.063,2.197,3.232
45.72,-30.363,-36.277,-30.360,2.925,2.209,3.232
45.73,-30.535,-36.248,-30.338,3.148,2.217,3.234
45.74,-30.224,-36.228,-30.316,3.067,2.230,3.239
45.75,-30.123,-36.218,-30.301,3.161,2.232,3.236
45.76,-30.210,-36.219,-30.300,3.239,2.235,3.237
45.77,-30.403,-36.233,-30.318,3.533,2.248,3.257
45.78,-30.721,-36.250,-30.348,3.534,2.274,3.288
45.79,-29.809,-36.260,-30.342,2.292,2.310,3.290
45.80,-29.941,-36.264,-30.334,2.445,2.340,3.291
45.81,-30.064,-36.269,-30.331,3.158,2.368,3.311
45.82,-30.128,-36.272,-30.328,2.848,2.392,3.317
45.83,-29.548,-36.267,-30.300,3.287,2.401,3.321
45.84,-30.421,-36.250,-30.288,2.298,2.367,3.255
45.85,-31.296,-36.216,-30.287,2.667,2.306,3.173
45.86,-30.234,-36.179,-30.250,1.623,2.253,3.071
45.87,-30.207,-36.157,-30.227,2.896,2.253,3.062
45.88,-29.984,-36.143,-30.207,2.302,2.261,3.042
45.89,-30.196,-36.126,-30.190,2.761,2.267,3.036
45.90,-30.513,-36.124,-30.199,4.072,2.280,3.076
45.91,-31.343,-36.146,-30.256,4.294,2.271,3.100
45.92,-29.796,-36.182,-30.278,3.071,2.252,3.078
45.93,-30.087,-36.237,-30.326,3.545,2.225,3.062
45.94,-31.796,-36.306,-30.439,3.565,2.224,3.073
45.95,-30.105,-36.387,-30.508,3.095,2.241,3.088
45.96,-29.222,-36.455,-30.536,3.390,2.247,3.099
45.97,-30.597,-36.496,-30.579,2.803,2.256,3.096
45.98,-30.100,-36.523,-30.590,3.391,2.269,3.114
45.99,-30.004,-36.533,-30.582,3.578,2.281,3.136
46.00,-30.870,-36.531,-30.590,3.297,2.255,3.113
46.01,-30.307,-36.521,-30.571,3.060,2.235,3.089
46.02,-31.089,-36.504,-30.572,2.990,2.237,3.085
46.03,-30.523,-36.494,-30.561,2.859,2.241,3.079
46.04,-30.885,-36.496,-30.573,2.463,2.245,3.061
46.05,-30.842,-36.515,-30.601,3.757,2.272,3.105
46.06,-30.167,-36.543,-30.615,2.433,2.309,3.117
46.07,-29.997,-36.542,-30.596,2.398,2.330,3.113
46.08,-30.735,-36.521,-30.580,2.975,2.329,3.103
46.09,-30.690,-36.497,-30.560,3.856,2.325,3.120
46.10,-31.795,-36.483,-30.585,3.312,2.323,3.120
46.12,-30.469,-36.476,-30.576,3.405,2.320,3.122
46.13,-31.182,-36.483,-30.602,3.546,2.317,3.129
46.14,-30.509,-36.487,-30.604,3.726,2.316,3.143
46.15,-30.642,-36.486,-30.605,3.335,2.327,3.157
46.16,-30.854,-36.473,-30.601,3.858,2.360,3.207
46.17,-31.051,-36.448,-30.591,3.373,2.389,3.238
46.18,-30.597,-36.419,-30.564,3.305,2.421,3.269
46.19,-30.540,-36.395,-30.541,3.364,2.437,3.285
46.20,-30.500,-36.364,-30.511,3.093,2.443,3.282
46.21,-30.413,-36.324,-30.471,3.125,2.452,3.284
46.22,-30.464,-36.279,-30.428,2.593,2.461,3.269
46.23,-30.522,-36.230,-30.385,2.907,2.453,3.246
46.24,-29.822,-36.192,-30.332,3.902,2.442,3.253
46.25,-30.351,-36.160,-30.302,3.121,2.442,3.247
46.25,-30.812,-36.121,-30.281,3.012,2.447,3.242
46.27,-30.144,-36.072,-30.230,3.264,2.464,3.256
46.28,-30.081,-36.026,-30.182,3.501,2.477,3.272
46.29,-30.241,-35.983,-30.144,2.757,2.486,3.263
46.30,-30.298,-35.949,-30.117,3.252,2.493,3.266
46.31,-29.961,-35.921,-30.086,2.717,2.478,3.232
46.32,-29.660,-35.896,-30.050,3.300,2.449,3.202
46.33,-29.706,-35.876,-30.021,3.350,2.433,3.189
46.34,-30.138,-35.854,-30.004,3.410,2.417,3.176
46.35,-29.407,-35.827,-29.961,3.324,2.410,3.171
46.36,-29.562,-35.806,-29.929,3.210,2.418,3.177
46.37,-30.135,-35.785,-29.916,3.690,2.421,3.194
46.38,-30.431,-35.748,-29.896,4.970,2.439,3.262
46.39,-29.967,-35.697,-29.850,3.711,2.452,3.286
46.40,-29.456,-35.637,-29.781,1.108,2.453,3.219
46.41,-29.455,-35.575,-29.711,2.362,2.460,3.196
46.42,-29.717,-35.514,-29.653,2.885,2.468,3.192
46.43,-29.710,-35.458,-29.602,2.927,2.477,3.189
46.44,-30.090,-35.410,-29.571,2.673,2.473,3.167
46.45,-30.196,-35.381,-29.563,2.557,2.467,3.139
46.46,-28.991,-35.368,-29.534,2.727,2.457,3.112
46.47,-29.508,-35.370,-29.536,2.602,2.427,3.065
46.48,-29.010,-35.382,-29.533,2.928,2.381,3.012
46.49,-28.700,-35.391,-29.517,3.744,2.360,3.010
46.50,-28.602,-35.385,-29.484,3.271,2.345,3.000
46.51,-28.908,-35.353,-29.435,2.492,2.304,2.941
46.52,-29.418,-35.279,-29.364,3.961,2.256,2.923
46.53,-30.276,-35.162,-29.278,3.536,2.212,2.896
46.54,-30.006,-34.998,-29.142,2.705,2.176,2.852
46.55,-29.279,-34.804,-28.959,2.546,2.146,2.810
46.56,-28.160,-34.589,-28.727,1.610,2.106,2.731
46.57,-29.270,-34.365,-28.527,1.270,2.062,2.640
46.58,-28.962,-34.158,-28.341,3.474,2.043,2.643
46.59,-29.397,-33.969,-28.191,4.449,2.032,2.684
46.60,-28.488,-33.794,-28.032,3.887,2.031,2.717
46.61,-28.393,-33.616,-27.872,2.624,2.021,2.701
46.62,-28.438,-33.446,-27.727,2.698,2.011,2.688
46.63,-27.403,-33.269,-27.548,2.337,1.997,2.661
46.64,-27.529,-33.098,-27.383,2.720,1.955,2.620
46.65,-26.056,-32.892,-27.145,2.095,1.896,2.543
46.66,-27.038,-32.650,-26.908,3.643,1.812,2.492
46.67,-26.167,-32.358,-26.605,3.067,1.738,2.435
46.68,-26.812,-31.999,-26.264,3.462,1.675,2.404
46.69,-26.641,-31.557,-25.849,3.672,1.653,2.419
46.70,-25.172,-31.068,-25.356,4.067,1.663,2.477
46.71,-23.298,-30.569,-24.812,4.593,1.692,2.569
46.72,-24.885,-30.042,-24.304,2.902,1.670,2.557
46.73,-25.799,-29.480,-23.807,1.707,1.555,2.419
46.74,-25.367,-28.868,-23.264,3.595,1.386,2.291
46.75,-23.846,-28.256,-22.692,3.912,1.227,2.186
46.76,-28.294,-27.638,-22.268,3.940,1.113,2.129
46.77,-23.109,-26.997,-21.677,2.650,1.006,2.042
46.78,-22.450,-26.321,-21.052,2.205,0.895,1.941
46.79,-21.282,-25.617,-20.382,2.241,0.765,1.825
46.80,-18.612,-24.818,-19.560,3.588,0.593,1.713
46.81,-19.556,-24.090,-18.860,5.254,0.386,1.623
46.82,-19.297,-23.329,-18.142,6.707,0.106,1.511
46.83,-16.244,-22.543,-17.329,5.783,-0.201,1.349
46.84,-16.693,-21.784,-16.580,6.721,-0.479,1.250
46.85,-19.893,-21.076,-16.002,3.463,-0.720,1.093
46.86,-16.100,-20.385,-15.343,4.170,-0.974,0.949
46.87,-14.143,-19.720,-14.669,3.574,-1.218,0.802
46.88,-15.407,-19.100,-14.098,4.597,-1.434,0.720
46.89,-16.217,-18.509,-13.598,5.910,-1.589,0.740
46.90,-18.170,-17.946,-13.202,8.366,-1.686,0.894
46.91,-12.955,-17.443,-12.718,5.455,-1.660,1.074
46.92,-12.922,-16.960,-12.266,4.651,-1.619,1.240
46.93,-14.488,-16.464,-11.864,8.850,-1.619,1.492
46.94,-11.068,-15.948,-11.351,7.091,-1.612,1.690
46.95,-13.135,-15.418,-10.903,6.701,-1.586,1.891
46.96,-11.501,-14.886,-10.418,5.864,-1.540,2.081
46.97,-12.310,-14.363,-9.981,4.852,-1.478,2.250
46.98,-10.027,-13.856,-9.504,4.936,-1.437,2.397
46.99,-8.879,-13.389,-9.046,4.407,-1.440,2.482
47.00,-9.294,-12.978,-8.668,4.835,-1.476,2.546
47.01,-10.181,-12.587,-8.350,5.161,-1.546,2.585
47.02,-10.629,-12.190,-8.048,5.005,-1.606,2.630
47.03,-10.436,-11.788,-7.746,4.823,-1.608,2.724
47.04,-10.875,-11.352,-7.436,6.405,-1.556,2.916
47.05,-8.140,-10.888,-7.024,5.427,-1.473,3.105
47.06,-6.162,-10.414,-6.555,3.940,-1.430,3.203
47.07,-6.193,-9.943,-6.104,4.227,-1.386,3.309
47.08,-6.167,-9.474,-5.669,2.156,-1.293,3.395
47.09,-6.671,-8.974,-5.232,3.384,-1.227,3.490
47.10,-6.620,-8.458,-4.792,5.114,-1.240,3.559
47.11,-4.720,-7.951,-4.316,4.425,-1.297,3.562
47.12,-4.299,-7.453,-3.852,2.826,-1.363,3.508
47.13,-6.085,-6.934,-3.435,3.710,-1.424,3.487
47.14,-4.382,-6.334,-2.905,4.976,-1.503,3.492
47.15,-5.610,-5.757,-2.447,8.536,-1.501,3.682
47.16,-4.557,-5.157,-1.952,7.459,-1.412,3.917
47.17,-4.214,-4.553,-1.457,5.630,-1.285,4.129
47.18,-2.453,-3.990,-0.964,6.617,-1.096,4.423
47.19,-0.183,-3.482,-0.471,4.698,-0.866,4.691
47.20,-0.167,-3.014,-0.031,4.037,-0.662,4.906
47.21,-1.311,-2.566,0.341,4.004,-0.538,5.033
47.22,0.541,-2.128,0.749,4.476,-0.512,5.078
47.23,0.628,-1.701,1.135,4.129,-0.552,5.046
47.24,0.293,-1.287,1.487,3.388,-0.590,4.993
47.25,-0.463,-0.873,1.805,4.162,-0.603,4.989
47.26,-0.682,-0.449,2.116,3.873,-0.645,4.949
47.27,1.347,-0.022,2.480,4.112,-0.644,4.959
47.28,2.612,0.379,2.847,6.418,-0.542,5.136
47.29,5.627,0.443,2.968,11.863,0.012,5.914
47.30,-0.181,0.453,2.857,-4.213,0.224,5.845
47.31,2.375,0.446,2.806,2.207,0.265,5.809
47.32,2.213,0.446,2.762,4.792,0.260,5.805
47.33,3.228,0.443,2.747,1.161,0.257,5.691
47.34,2.765,0.440,2.718,1.488,0.246,5.580
47.35,2.119,0.436,2.670,1.863,0.215,5.465
47.36,3.442,0.433,2.664,1.686,0.157,5.320
47.37,2.656,0.431,2.635,3.897,0.019,5.170
47.38,2.246,0.416,2.583,6.780,-0.193,5.040
47.39,0.489,0.395,2.472,8.329,-0.437,4.932
47.40,0.639,0.373,2.368,9.292,-0.638,4.898
47.41,-0.153,0.363,2.254,9.077,-0.744,4.953
47.42,-0.993,0.356,2.119,7.124,-0.773,5.022
47.43,-0.732,0.350,1.997,5.823,-0.772,5.078
47.44,-0.668,0.353,1.888,2.367,-0.771,5.028
47.45,1.759,0.342,1.843,1.020,-0.837,4.872
47.46,3.296,0.308,1.824,-0.413,-1.056,4.526
47.47,1.906,0.263,1.752,0.805,-1.406,4.101
47.48,1.407,0.199,1.649,1.626,-1.794,3.675
47.49,2.583,0.079,1.531,5.094,-2.078,3.469
47.50,2.091,-0.037,1.406,7.448,-2.214,3.486
47.51,0.313,0.060,1.437,16.385,-1.488,4.613
47.52,0.851,0.378,1.696,11.319,0.346,6.628
47.53,-3.708,0.327,1.451,2.459,0.086,6.281
47.54,-1.711,0.348,1.342,4.296,0.072,6.238
47.55,-2.330,0.347,1.196,3.037,0.070,6.170
47.56,0.111,0.346,1.128,1.760,0.079,6.074
47.57,1.767,0.350,1.117,3.043,0.088,6.019
47.58,1.602,0.352,1.099,3.375,0.087,5.965
47.59,0.822,0.356,1.061,4.220,0.102,5.953
47.60,0.219,0.358,1.003,4.199,0.113,5.936
47.61,0.992,0.359,0.969,3.713,0.113,5.895
47.62,2.097,0.363,0.973,2.608,0.113,5.819
47.64,2.310,0.365,0.983,2.805,0.110,5.748
47.64,1.476,0.369,0.967,2.976,0.106,5.683
47.66,2.269,0.368,0.970,3.789,0.108,5.651
47.67,1.857,0.369,0.965,3.442,0.106,5.603
47.68,1.219,0.371,0.942,3.399,0.110,5.561
47.69,1.983,0.368,0.939,3.341,0.109,5.513
47.70,1.825,0.369,0.934,4.095,0.111,5.491
47.71,2.277,0.372,0.946,3.292,0.112,5.444
47.72,2.594,0.373,0.966,3.484,0.112,5.403
47.73,2.027,0.375,0.969,3.306,0.108,5.353
47.74,1.621,0.377,0.961,3.990,0.110,5.331
47.75,2.175,0.375,0.966,4.310,0.112,5.318
47.76,1.824,0.374,0.961,3.799,0.110,5.287
47.77,1.768,0.375,0.956,3.553,0.111,5.251
47.78,1.452,0.374,0.942,3.495,0.109,5.212
47.79,1.794,0.373,0.937,3.415,0.109,5.171
47.80,1.663,0.373,0.930,3.687,0.111,5.143
47.81,1.330,0.374,0.914,3.341,0.109,5.100
47.82,1.511,0.372,0.902,3.382,0.111,5.063
47.83,1.465,0.372,0.887,3.562,0.110,5.031
47.84,1.590,0.372,0.880,3.416,0.109,4.993
47.85,1.614,0.373,0.876,3.824,0.108,4.969
47.86,1.466,0.373,0.865,3.573,0.108,4.938
47.87,1.869,0.374,0.869,3.457,0.101,4.897
47.88,1.738,0.372,0.867,3.437,0.106,4.868
47.89,1.671,0.371,0.863,3.805,0.104,4.844
47.90,1.869,0.372,0.868,3.460,0.105,4.813
47.91,1.833,0.369,0.868,3.673,0.107,4.790
47.92,1.842,0.369,0.871,3.665,0.107,4.765
47.93,1.717,0.369,0.871,3.411,0.106,4.732
47.94,1.574,0.370,0.867,3.558,0.107,4.705
47.95,1.514,0.368,0.860,3.533,0.107,4.678
47.96,1.320,0.368,0.849,3.437,0.107,4.648
47.97,1.354,0.366,0.837,3.567,0.107,4.622
47.98,1.785,0.365,0.840,3.215,0.108,4.588
47.99,1.572,0.366,0.838,3.430,0.108,4.560
48.00,1.515,0.365,0.833,3.621,0.107,4.536
48.01,1.852,0.366,0.841,3.347,0.105,4.505
48.02,1.655,0.366,0.842,3.928,0.105,4.492
48.03,1.776,0.364,0.845,3.235,0.105,4.460
48.04,1.566,0.363,0.843,3.648,0.106,4.442
48.05,1.572,0.362,0.841,3.347,0.106,4.413
48.06,1.710,0.359,0.842,3.224,0.107,4.383
48.07,1.350,0.358,0.834,3.414,0.107,4.358
48.08,1.466,0.359,0.831,3.488,0.109,4.337
48.09,1.411,0.360,0.827,3.321,0.110,4.310
48.10,1.674,0.358,0.829,3.180,0.109,4.279
48.11,1.689,0.358,0.834,3.465,0.110,4.258
48.12,1.577,0.359,0.835,3.531,0.112,4.240
48.13,1.750,0.359,0.842,3.691,0.112,4.227
48.14,1.464,0.360,0.840,3.450,0.113,4.206
48.15,1.726,0.358,0.845,3.243,0.113,4.179
48.16,1.679,0.359,0.850,3.559,0.114,4.163
48.17,1.677,0.360,0.855,3.637,0.115,4.150
48.18,1.612,0.362,0.859,3.616,0.115,4.135
48.19,1.438,0.360,0.855,3.263,0.115,4.111
48.20,1.335,0.363,0.853,3.405,0.110,4.086
48.21,1.709,0.363,0.859,3.272,0.106,4.058
48.22,1.978,0.362,0.873,4.115,0.105,4.060
48.23,2.303,0.361,0.898,3.541,0.107,4.046
48.24,1.965,0.357,0.908,3.896,0.109,4.044
48.25,1.520,0.355,0.906,4.104,0.103,4.041
48.26,0.657,0.349,0.874,3.832,0.098,4.031
48.27,1.185,0.344,0.861,3.839,0.104,4.031
48.28,1.059,0.335,0.840,4.247,0.105,4.039
48.29,1.714,0.329,0.843,5.304,0.108,4.081
48.30,0.425,0.326,0.809,2.490,0.114,4.040
48.31,2.402,0.327,0.842,5.178,0.107,4.069
48.32,2.704,0.327,0.881,5.554,0.102,4.110
48.33,1.890,0.325,0.893,3.207,0.098,4.079
48.34,1.834,0.323,0.903,3.147,0.094,4.048
48.35,1.227,0.321,0.894,2.378,0.094,3.998
48.36,1.828,0.321,0.907,3.890,0.098,3.999
48.37,1.561,0.320,0.910,3.333,0.094,3.974
48.38,1.029,0.316,0.894,3.109,0.090,3.944
48.39,1.814,0.315,0.906,1.251,0.090,3.861
48.40,1.430,0.313,0.905,3.705,0.082,3.848
48.41,1.880,0.311,0.918,3.417,0.077,3.829
48.42,1.729,0.310,0.927,2.725,0.079,3.795
48.43,1.936,0.309,0.942,3.868,0.078,3.795
48.44,1.059,0.305,0.928,2.715,0.078,3.761
48.45,1.256,0.305,0.924,3.709,0.071,3.750
48.46,1.281,0.306,0.921,2.611,0.066,3.709
48.47,1.598,0.308,0.930,2.614,0.060,3.668
48.48,1.288,0.308,0.927,3.239,0.054,3.645
48.49,1.153,0.307,0.920,2.534,0.048,3.603
48.50,0.822,0.305,0.901,3.744,0.041,3.598
48.51,1.357,0.302,0.898,3.683,0.039,3.595
48.52,1.669,0.300,0.906,2.303,0.035,3.550
48.53,1.797,0.298,0.919,3.526,0.026,3.536
48.54,2.496,0.301,0.957,3.676,0.019,3.530
48.55,2.483,0.303,0.993,4.359,0.009,3.543
48.56,1.506,0.305,0.998,4.050,0.006,3.552
48.57,1.854,0.305,1.013,4.350,-0.000,3.568
48.58,1.371,0.305,1.012,2.354,0.000,3.529
48.59,1.465,0.301,1.011,3.014,0.003,3.513
48.60,1.235,0.298,1.004,2.463,0.007,3.482
48.61,2.017,0.296,1.022,3.682,0.008,3.485
48.62,1.577,0.297,1.029,3.430,0.004,3.476
48.63,1.456,0.298,1.032,3.224,-0.001,3.460
48.64,0.414,0.297,1.001,3.064,-0.000,3.445
48.65,1.397,0.298,1.003,3.383,0.002,3.443
48.66,1.790,0.296,1.015,3.961,0.006,3.458
48.67,1.661,0.293,1.022,3.285,0.009,3.453
48.68,1.850,0.294,1.037,4.025,0.010,3.467
48.69,1.659,0.296,1.047,3.850,0.005,3.471
48.70,1.569,0.298,1.056,2.774,-0.002,3.440
48.71,1.614,0.298,1.063,3.251,-0.004,3.429
48.72,1.614,0.297,1.069,3.672,-0.002,3.434
48.73,1.689,0.294,1.076,4.009,0.002,3.452
48.74,1.722,0.293,1.086,3.186,0.007,3.446
48.75,1.893,0.292,1.101,3.966,0.012,3.463
48.76,1.679,0.290,1.108,4.163,0.015,3.485
48.77,1.654,0.287,1.113,3.488,0.021,3.488
48.78,1.654,0.285,1.120,2.935,0.026,3.472
48.79,1.500,0.285,1.123,3.754,0.023,3.475
48.80,1.205,0.285,1.117,3.328,0.021,3.466
48.81,1.515,0.284,1.120,3.562,0.019,3.464
48.82,1.602,0.284,1.127,3.728,0.021,3.471
48.83,1.805,0.282,1.139,3.453,0.025,3.472
48.84,1.890,0.280,1.152,3.951,0.030,3.488
48.85,1.192,0.277,1.142,2.945,0.039,3.477
48.86,1.677,0.274,1.149,2.949,0.050,3.468
48.87,1.756,0.271,1.157,3.518,0.057,3.473
48.88,1.485,0.270,1.159,3.439,0.063,3.475
48.90,1.802,0.271,1.173,3.665,0.068,3.483
48.90,1.710,0.270,1.182,3.367,0.075,3.483
48.91,1.270,0.267,1.175,3.283,0.082,3.480
48.92,1.418,0.264,1.173,3.847,0.093,3.499
48.93,1.724,0.261,1.181,2.935,0.107,3.492
48.94,1.423,0.258,1.179,3.189,0.116,3.488
48.95,1.149,0.256,1.170,3.233,0.125,3.486
48.96,1.477,0.256,1.173,3.098,0.130,3.476
48.98,1.273,0.254,1.168,3.105,0.131,3.461
48.98,2.208,0.251,1.191,3.170,0.127,3.445
48.99,1.418,0.244,1.186,2.939,0.127,3.427
49.01,1.792,0.241,1.196,3.019,0.124,3.407
49.02,1.386,0.236,1.192,2.869,0.124,3.387
49.02,0.682,0.234,1.168,2.989,0.126,3.372
49.03,1.611,0.230,1.172,3.892,0.125,3.382
49.04,1.204,0.224,1.162,3.240,0.129,3.378
49.05,1.640,0.216,1.164,3.632,0.134,3.386
49.06,1.635,0.210,1.167,3.437,0.139,3.388
49.07,2.521,0.202,1.196,3.597,0.140,3.392
49.08,1.345,0.200,1.194,3.307,0.139,3.385
49.10,1.419,0.199,1.195,3.352,0.138,3.378
49.11,1.678,0.197,1.203,3.176,0.137,3.367
49.11,1.298,0.192,1.197,3.686,0.139,3.375
49.13,1.651,0.185,1.200,3.150,0.145,3.370
49.13,1.626,0.183,1.206,3.357,0.144,3.365
49.15,1.487,0.179,1.208,3.335,0.144,3.359
49.16,1.789,0.179,1.221,3.658,0.143,3.364
49.16,2.220,0.186,1.254,4.482,0.139,3.390
49.18,2.837,0.189,1.303,4.680,0.138,3.425
49.19,0.645,0.192,1.281,2.176,0.134,3.380
49.19,0.693,0.194,1.262,1.900,0.135,3.331
49.21,1.474,0.198,1.269,3.130,0.136,3.321
49.22,1.301,0.202,1.270,3.416,0.140,3.324
49.23,1.596,0.207,1.282,2.956,0.139,3.308
49.24,0.609,0.211,1.262,3.059,0.140,3.297
49.25,1.950,0.212,1.281,3.360,0.138,3.293
49.26,1.221,0.214,1.277,3.195,0.137,3.285
49.27,1.530,0.211,1.279,3.297,0.139,3.282
49.28,1.886,0.204,1.287,3.580,0.147,3.296
49.29,1.447,0.195,1.281,3.131,0.158,3.297
49.30,2.027,0.186,1.292,3.412,0.168,3.306
49.31,2.082,0.176,1.304,3.203,0.177,3.307
49.32,1.509,0.165,1.297,3.667,0.185,3.321
49.33,2.277,0.153,1.313,3.644,0.190,3.333
49.34,1.561,0.140,1.305,3.688,0.190,3.339
49.35,1.775,0.128,1.306,3.822,0.192,3.352
49.36,1.618,0.116,1.302,3.074,0.201,3.348
49.37,1.641,0.105,1.300,3.601,0.206,3.357
49.38,1.613,0.095,1.298,3.347,0.218,3.364
49.39,1.704,0.088,1.302,3.657,0.237,3.387
49.40,1.772,0.078,1.306,3.303,0.265,3.409
49.41,1.132,0.073,1.294,3.173,0.298,3.429
49.42,1.537,0.064,1.292,3.311,0.332,3.455
49.43,1.689,0.053,1.292,3.299,0.356,3.470
49.44,1.657,0.040,1.289,3.834,0.375,3.495
49.45,1.607,0.019,1.277,3.856,0.384,3.511
49.46,2.043,0.002,1.284,3.212,0.392,3.506
49.47,1.277,-0.011,1.270,3.410,0.406,3.513
49.48,0.270,-0.024,1.226,1.059,0.423,3.450
49.49,1.467,-0.043,1.213,2.912,0.432,3.438
49.50,1.370,-0.063,1.199,2.942,0.444,3.429
49.51,1.765,-0.080,1.198,3.095,0.449,3.420
49.52,1.308,-0.068,1.213,3.356,0.439,3.403
49.53,1.640,-0.026,1.266,3.547,0.423,3.387
49.54,0.430,0.041,1.304,3.895,0.390,3.365
49.55,0.744,0.129,1.372,3.316,0.349,3.319
49.56,0.854,0.241,1.463,3.465,0.298,3.269
49.57,0.688,0.352,1.546,1.632,0.253,3.171
49.58,1.242,0.521,1.698,2.087,0.196,3.077
49.59,1.351,0.752,1.910,1.870,0.117,2.957
49.60,1.910,1.027,2.175,2.368,0.010,2.830
49.61,2.453,1.319,2.464,4.333,-0.122,2.743
49.62,3.056,1.615,2.768,4.878,-0.279,2.650
49.63,2.948,1.943,3.090,5.027,-0.445,2.558
49.64,3.201,2.325,3.462,7.773,-0.598,2.565
49.65,2.320,2.753,3.840,1.812,-0.782,2.361
49.66,3.519,3.228,4.288,2.839,-0.971,2.189
49.67,6.157,3.647,4.748,3.996,-1.134,2.084
49.68,1.767,4.064,5.059,5.643,-1.223,2.105
49.69,2.994,4.473,5.389,7.544,-1.306,2.191
49.70,4.638,4.882,5.759,3.674,-1.374,2.171
49.71,4.911,5.385,6.215,4.095,-1.441,2.167
49.72,5.324,5.883,6.666,3.087,-1.498,2.142
49.73,7.756,6.447,7.241,1.122,-1.568,2.045
49.74,7.398,7.135,7.907,4.803,-1.621,2.081
49.75,7.782,7.954,8.692,5.915,-1.669,2.154
49.76,7.347,8.827,9.492,5.866,-1.725,2.219
49.77,7.144,9.687,10.248,4.096,-1.780,2.228
49.78,11.106,10.519,11.073,3.146,-1.821,2.222
49.79,11.818,11.345,11.890,5.242,-1.869,2.274
49.80,11.363,12.165,12.661,8.808,-1.910,2.442
49.81,10.937,12.914,13.327,6.632,-1.967,2.525
49.82,14.194,13.606,14.016,3.665,-2.029,2.509
49.83,14.287,14.283,14.672,5.464,-2.085,2.557
49.84,14.158,14.977,15.321,7.717,-2.132,2.681
49.85,13.878,15.641,15.911,5.903,-2.193,2.733
49.86,14.742,16.284,16.490,4.540,-2.245,2.753
49.87,16.220,16.961,17.128,6.319,-2.288,2.835
49.88,16.763,17.671,17.794,7.536,-2.338,2.948
49.89,18.608,18.245,18.365,6.542,-2.394,3.021
49.90,17.584,18.768,18.837,3.946,-2.424,3.040
49.91,18.834,19.243,19.287,4.371,-2.438,3.086
49.92,16.959,19.775,19.720,3.384,-2.429,3.122
49.93,16.063,20.479,20.278,6.463,-2.393,3.278
49.94,16.565,21.262,20.910,6.768,-2.375,3.423
49.95,18.917,22.043,21.591,4.604,-2.391,3.465
49.96,20.638,22.713,22.197,3.676,-2.405,3.480
49.97,22.693,23.275,22.740,4.354,-2.416,3.517
49.98,22.199,23.765,23.183,7.314,-2.419,3.652
49.99,23.110,24.176,23.563,6.683,-2.434,3.754
50.00,25.993,24.445,23.882,9.079,-2.456,3.920
50.01,24.702,24.589,24.031,5.405,-2.466,3.981
50.02,23.908,24.668,24.089,6.019,-2.474,4.062
50.03,23.866,24.728,24.125,6.545,-2.466,4.172
50.04,23.373,24.768,24.125,8.157,-2.453,4.334
50.05,24.327,24.785,24.131,7.790,-2.441,4.480
50.06,23.887,24.756,24.081,5.990,-2.431,4.565
50.07,22.722,24.737,24.004,6.368,-2.430,4.652
50.08,23.645,24.729,23.969,6.738,-2.429,4.747
50.09,24.464,24.677,23.918,7.609,-2.435,4.860
50.10,23.573,24.583,23.800,3.955,-2.444,4.855
50.11,20.700,24.542,23.650,6.153,-2.453,4.918
50.12,22.342,24.545,23.596,6.013,-2.472,4.965
50.13,22.500,24.555,23.554,5.228,-2.485,4.993
50.14,23.447,24.544,23.523,5.894,-2.488,5.050
50.15,21.369,24.566,23.460,5.764,-2.496,5.097
50.16,21.909,24.634,23.460,6.032,-2.515,5.140
50.17,21.887,24.755,23.510,6.328,-2.530,5.195
50.18,23.078,24.874,23.592,7.017,-2.543,5.272
50.19,24.736,24.932,23.664,7.315,-2.549,5.363
50.20,23.466,24.952,23.658,6.355,-2.546,5.431
50.21,23.934,24.940,23.636,5.759,-2.548,5.473
50.22,22.829,24.933,23.583,5.803,-2.554,5.516
50.23,23.620,24.937,23.568,6.187,-2.559,5.567
50.24,24.404,24.912,23.551,5.729,-2.558,5.609
50.25,22.618,24.875,23.467,6.955,-2.560,5.683
50.26,23.391,24.865,23.435,6.105,-2.569,5.723
50.27,22.090,24.893,23.402,7.077,-2.577,5.793
50.28,22.191,24.958,23.408,5.607,-2.597,5.804
50.29,23.698,25.028,23.465,5.820,-2.624,5.815
50.30,24.170,25.056,23.493,5.211,-2.649,5.808
50.31,23.717,25.052,23.476,4.964,-2.672,5.796
50.32,22.648,25.059,23.437,7.128,-2.696,5.849
50.33,22.881,25.084,23.424,4.614,-2.718,5.826
50.34,22.856,25.139,23.440,7.328,-2.732,5.894
50.35,22.807,25.196,23.455,5.954,-2.751,5.915
50.36,22.950,25.278,23.499,7.096,-2.763,5.975
50.37,23.993,25.344,23.557,6.779,-2.777,6.023
50.38,25.114,25.351,23.591,5.457,-2.787,6.032
50.39,24.886,25.295,23.554,5.801,-2.787,6.066
50.40,24.328,25.194,23.460,6.130,-2.786,6.105
50.42,21.566,25.132,23.322,5.267,-2.783,6.119
50.42,22.745,25.154,23.306,7.521,-2.792,6.190
50.44,22.242,25.238,23.334,7.929,-2.809,6.263
50.44,23.199,25.337,23.405,5.892,-2.830,6.269
50.45,24.334,25.415,23.489,5.308,-2.848,6.259
50.46,24.250,25.454,23.529,5.014,-2.859,6.247
50.48,22.371,25.498,23.517,5.106,-2.865,6.243
50.48,23.423,25.551,23.545,5.292,-2.869,6.245
50.49,24.148,25.592,23.582,5.828,-2.868,6.270
50.50,24.164,25.612,23.599,7.797,-2.872,6.348
50.51,22.900,25.648,23.592,6.032,-2.877,6.370
50.52,23.596,25.713,23.634,6.855,-2.879,6.419
50.53,23.541,25.787,23.683,7.119,-2.883,6.473
50.55,24.317,25.849,23.741,6.201,-2.884,6.499
50.56,23.801,25.905,23.777,5.830,-2.892,6.507
50.56,23.909,25.959,23.814,6.528,-2.896,6.540
50.57,24.717,26.004,23.864,6.154,-2.907,6.554
50.59,23.837,26.080,23.917,6.291,-2.917,6.571
50.60,24.788,26.149,23.991,6.961,-2.932,6.605
50.61,24.245,26.201,24.030,6.599,-2.942,6.631
50.62,23.969,26.258,24.063,5.855,-2.951,6.634
50.62,23.384,26.331,24.094,6.692,-2.967,6.657
50.64,26.544,26.375,24.190,3.753,-2.982,6.589
50.65,22.787,26.455,24.207,6.145,-2.988,6.604
50.66,25.309,26.510,24.274,6.954,-2.999,6.639
50.67,24.885,26.553,24.315,6.246,-3.007,6.654
50.68,25.125,26.578,24.344,7.802,-3.016,6.715
50.69,26.838,26.550,24.374,3.717,-3.031,6.644
50.70,22.358,26.610,24.353,6.431,-3.035,6.668
50.71,25.698,26.664,24.427,7.615,-3.045,6.720
50.72,25.220,26.701,24.469,6.147,-3.051,6.732
50.73,24.974,26.723,24.488,7.089,-3.051,6.777
50.74,25.529,26.736,24.513,6.775,-3.049,6.816
50.75,25.589,26.725,24.517,5.539,-3.044,6.816
50.76,23.860,26.712,24.467,5.514,-3.042,6.811
50.77,24.271,26.725,24.456,6.922,-3.040,6.850
50.78,25.347,26.732,24.473,6.567,-3.044,6.871
50.79,24.639,26.744,24.472,6.820,-3.047,6.900
50.80,24.939,26.753,24.478,7.438,-3.057,6.940
50.81,24.756,26.778,24.493,6.348,-3.068,6.945
50.82,25.306,26.787,24.510,5.816,-3.074,6.938
50.83,24.926,26.785,24.504,6.189,-3.074,6.947
50.84,24.994,26.769,24.487,6.068,-3.076,6.951
50.85,23.904,26.757,24.441,6.180,-3.082,6.954
50.86,24.488,26.774,24.442,6.949,-3.087,6.981
50.87,24.764,26.800,24.461,6.063,-3.091,6.981
50.88,25.288,26.831,24.499,7.011,-3.095,7.010
50.89,25.432,26.840,24.520,6.903,-3.095,7.038
50.90,25.183,26.822,24.506,6.455,-3.091,7.057
50.91,24.348,26.796,24.460,6.373,-3.088,7.073
50.92,24.201,26.794,24.433,6.391,-3.088,7.083
50.93,25.016,26.820,24.461,6.605,-3.091,7.097
50.94,24.786,26.853,24.487,6.694,-3.099,7.108
50.95,25.039,26.888,24.522,6.258,-3.106,7.106
50.96,25.417,26.909,24.554,5.689,-3.113,7.087
50.97,24.855,26.921,24.560,6.366,-3.115,7.092
50.98,24.654,26.944,24.570,6.191,-3.113,7.096
50.99,25.239,26.957,24.588,6.702,-3.109,7.117
51.00,24.683,26.977,24.595,6.916,-3.104,7.146
51.01,26.772,27.026,24.694,2.629,-3.123,7.018
51.02,25.566,27.165,24.842,6.947,-3.117,7.051
51.03,26.073,27.260,24.958,8.546,-3.127,7.114
51.04,26.099,27.299,25.017,8.203,-3.148,7.156
51.05,23.353,27.343,24.995,8.588,-3.165,7.213
51.06,25.088,27.422,25.060,4.766,-3.170,7.162
51.07,25.008,27.526,25.146,4.626,-3.160,7.122
51.08,25.238,27.650,25.254,5.153,-3.132,7.117
51.09,25.233,27.754,25.341,7.041,-3.104,7.169
51.10,27.657,27.827,25.469,5.370,-3.060,7.183
51.11,27.459,27.792,25.482,7.646,-3.019,7.264
51.12,24.738,27.731,25.389,7.446,-2.984,7.330
51.13,22.600,27.756,25.314,5.880,-2.966,7.330
51.14,24.911,27.873,25.401,6.330,-2.948,7.343
51.15,25.350,27.994,25.504,7.882,-2.936,7.397
51.16,27.005,28.058,25.598,9.707,-2.936,7.494
51.17,26.463,28.078,25.630,6.162,-2.932,7.484
51.18,26.812,28.053,25.628,6.816,-2.918,7.503
51.19,25.445,28.021,25.580,6.820,-2.908,7.518
51.20,24.586,28.053,25.567,5.779,-2.899,7.499
51.21,24.421,28.130,25.593,6.198,-2.900,7.484
51.22,25.999,28.218,25.677,8.050,-2.908,7.519
51.23,26.973,28.278,25.762,6.870,-2.907,7.525
51.24,27.552,28.270,25.796,5.782,-2.899,7.504
51.25,25.618,28.226,25.734,6.552,-2.891,7.510
51.26,23.905,28.252,25.691,8.001,-2.889,7.550
51.27,24.869,28.343,25.740,6.808,-2.895,7.546
51.28,27.159,28.428,25.853,6.523,-2.895,7.539
51.29,25.382,28.504,25.899,5.855,-2.889,7.516
51.30,26.020,28.596,25.979,6.733,-2.885,7.520
51.31,25.483,28.710,26.061,7.202,-2.888,7.530
51.32,26.782,28.835,26.191,6.020,-2.887,7.507
51.33,28.287,28.899,26.305,6.454,-2.881,7.503
51.34,26.795,28.905,26.312,5.585,-2.870,7.477
51.35,26.770,28.898,26.307,6.717,-2.856,7.489
51.36,26.326,28.890,26.288,6.545,-2.841,7.495
51.37,25.551,28.922,26.284,6.830,-2.825,7.511
51.38,25.649,29.004,26.332,7.314,-2.817,7.534
51.39,25.025,29.138,26.409,7.171,-2.822,7.539
51.40,26.476,29.300,26.555,7.685,-2.827,7.559
51.41,28.094,29.427,26.712,6.242,-2.833,7.533
51.42,28.222,29.510,26.825,5.007,-2.833,7.478
51.43,27.852,29.554,26.887,5.775,-2.821,7.456
51.44,28.058,29.582,26.939,6.851,-2.813,7.465
51.45,28.467,29.596,26.987,6.826,-2.798,7.478
51.46,27.328,29.601,26.992,6.405,-2.788,7.474
51.47,25.845,29.652,26.995,7.693,-2.780,7.506
51.48,27.328,29.749,27.088,7.450,-2.778,7.525
51.49,28.033,29.881,27.233,8.192,-2.773,7.568
51.50,28.674,29.963,27.346,7.436,-2.758,7.597
51.51,28.787,30.014,27.429,4.493,-2.743,7.535
51.52,29.452,29.998,27.466,4.721,-2.738,7.470
51.53,28.249,29.931,27.414,4.098,-2.756,7.365
51.54,31.219,29.859,27.452,13.111,-2.743,7.570
51.55,25.969,29.866,27.405,6.909,-2.736,7.574
51.56,27.803,29.905,27.447,8.318,-2.728,7.621
51.57,27.467,29.930,27.464,7.588,-2.687,7.678
51.58,26.836,29.973,27.477,6.360,-2.648,7.692
51.59,27.305,30.030,27.519,6.896,-2.603,7.728
51.60,28.506,30.081,27.590,7.388,-2.568,7.768
51.61,28.851,30.104,27.642,4.962,-2.555,7.711
51.62,29.490,30.078,27.666,4.330,-2.547,7.631
51.63,28.341,30.008,27.611,3.619,-2.556,7.514
51.64,26.835,29.939,27.512,5.733,-2.575,7.454
51.65,26.811,29.911,27.456,7.202,-2.586,7.448
51.66,26.587,29.914,27.425,7.391,-2.591,7.455
51.67,27.122,29.944,27.436,7.414,-2.578,7.478
51.68,27.284,29.977,27.456,6.984,-2.563,7.490
51.69,23.674,30.062,27.414,1.217,-2.528,7.344
51.70,31.778,30.128,27.603,11.062,-2.476,7.520
51.71,27.419,30.127,27.588,5.556,-2.470,7.477
51.72,28.974,30.107,27.603,6.089,-2.474,7.441
51.73,29.718,30.040,27.596,7.556,-2.468,7.462
51.74,27.875,29.957,27.517,5.440,-2.492,7.387
51.75,27.880,29.890,27.456,7.330,-2.508,7.379
51.76,26.748,29.838,27.377,7.277,-2.502,7.394
51.77,26.648,29.830,27.340,8.037,-2.491,7.434
51.78,23.530,29.907,27.290,8.372,-2.441,7.521
51.79,27.758,29.934,27.322,6.904,-2.417,7.536
51.80,28.143,29.941,27.346,4.370,-2.415,7.451
51.81,28.504,29.922,27.356,5.042,-2.417,7.385
51.82,27.034,29.895,27.312,5.693,-2.426,7.332
51.83,27.123,29.871,27.275,7.666,-2.446,7.332
51.84,27.776,29.835,27.248,5.300,-2.470,7.255
51.85,27.954,29.792,27.220,5.914,-2.508,7.184
51.86,26.736,29.749,27.157,7.405,-2.542,7.165
51.87,27.134,29.736,27.136,6.835,-2.561,7.144
51.88,26.853,29.728,27.112,6.633,-2.569,7.128
51.89,27.596,29.720,27.111,6.880,-2.577,7.119
51.90,27.399,29.712,27.105,6.289,-2.577,7.101
51.91,27.568,29.705,27.105,7.243,-2.563,7.125
51.92,27.624,29.701,27.110,6.676,-2.548,7.133
51.93,27.386,29.688,27.099,5.974,-2.537,7.115
51.94,27.430,29.680,27.094,7.964,-2.530,7.154
51.95,26.585,29.679,27.070,5.713,-2.526,7.120
51.97,27.127,29.700,27.086,7.086,-2.500,7.150
51.98,27.103,29.722,27.101,5.794,-2.492,7.122
51.99,27.689,29.734,27.124,5.084,-2.496,7.061
52.00,27.777,29.730,27.133,5.246,-2.497,7.009
52.01,27.591,29.702,27.113,5.524,-2.508,6.957
52.02,27.047,29.675,27.079,6.505,-2.531,6.926
52.02,27.422,29.654,27.063,7.257,-2.540,6.931
52.03,27.004,29.645,27.046,6.720,-2.545,6.924
52.04,27.018,29.651,27.044,6.585,-2.548,6.914
52.05,26.767,29.671,27.049,5.360,-2.555,6.863
52.06,27.451,29.695,27.078,5.683,-2.562,6.824
52.08,26.843,29.705,27.075,6.330,-2.577,6.797
52.09,27.056,29.727,27.089,7.300,-2.577,6.815
52.10,27.589,29.743,27.114,7.625,-2.576,6.844
52.11,27.796,29.741,27.127,6.740,-2.583,6.838
52.12,27.726,29.717,27.116,7.247,-2.584,6.852
52.13,27.615,29.689,27.098,7.329,-2.583,6.871
52.14,27.825,29.667,27.093,6.894,-2.580,6.878
52.15,27.620,29.640,27.078,6.750,-2.579,6.879
52.16,27.446,29.625,27.069,5.810,-2.577,6.852
52.17,27.475,29.608,27.060,4.863,-2.583,6.787
52.18,27.574,29.588,27.051,6.191,-2.594,6.761
52.19,27.223,29.571,27.035,6.257,-2.606,6.736
52.20,26.744,29.556,27.007,6.323,-2.616,6.716
52.21,27.341,29.549,27.006,8.150,-2.624,6.754
52.22,27.394,29.544,27.008,7.300,-2.627,6.770
52.23,27.051,29.531,26.992,6.362,-2.631,6.757
52.24,26.959,29.521,26.976,5.072,-2.636,6.703
52.25,28.291,29.487,26.980,7.142,-2.639,6.715
52.26,27.018,29.444,26.934,6.455,-2.642,6.707
52.27,27.363,29.412,26.912,7.287,-2.638,6.730
52.28,27.947,29.364,26.894,6.860,-2.637,6.738
52.29,26.364,29.334,26.844,8.041,-2.640,6.777
52.30,26.685,29.337,26.838,6.923,-2.642,6.782
52.31,26.592,29.340,26.830,7.760,-2.620,6.837
52.32,26.503,29.351,26.826,4.914,-2.607,6.793
52.33,26.484,29.378,26.838,5.580,-2.598,6.767
52.34,26.864,29.403,26.859,5.976,-2.590,6.752
52.35,26.611,29.428,26.871,6.198,-2.586,6.741
52.36,27.433,29.448,26.904,5.605,-2.578,6.716
52.37,27.260,29.456,26.919,5.307,-2.577,6.674
52.38,26.833,29.462,26.917,6.268,-2.581,6.660
52.39,27.688,29.475,26.950,7.717,-2.591,6.682
52.40,27.304,29.476,26.958,6.676,-2.598,6.677
52.41,26.899,29.485,26.961,8.085,-2.598,6.721
52.42,27.017,29.508,26.981,6.657,-2.594,6.725
52.43,27.839,29.526,27.021,6.596,-2.586,6.729
52.44,27.441,29.521,27.026,4.936,-2.584,6.678
52.45,27.714,29.515,27.037,5.924,-2.588,6.652
52.46,26.937,29.509,27.025,6.227,-2.595,6.633
52.47,27.011,29.522,27.035,6.511,-2.592,6.633
52.48,27.290,29.535,27.052,7.096,-2.582,6.657
52.49,27.330,29.539,27.061,7.115,-2.573,6.681
52.50,27.096,29.536,27.057,6.188,-2.568,6.670
52.51,26.504,29.533,27.034,6.587,-2.561,6.675
52.52,26.824,29.542,27.032,7.790,-2.555,6.716
52.53,26.688,29.565,27.041,6.510,-2.540,6.725
52.54,27.440,29.585,27.070,8.470,-2.521,6.799
52.55,27.188,29.593,27.078,5.797,-2.515,6.774
52.56,27.397,29.592,27.084,5.891,-2.512,6.751
52.57,26.848,29.597,27.078,5.814,-2.517,6.718
52.58,26.875,29.620,27.091,5.185,-2.518,6.671
52.59,27.602,29.648,27.131,6.143,-2.514,6.658
52.60,28.077,29.678,27.186,6.208,-2.510,6.649
52.61,28.293,29.690,27.228,5.531,-2.516,6.608
52.62,27.400,29.681,27.222,7.158,-2.534,6.608
52.63,27.630,29.663,27.215,7.101,-2.554,6.603
52.64,27.354,29.645,27.200,5.058,-2.570,6.539
52.65,27.259,29.626,27.181,6.481,-2.585,6.522
52.66,27.656,29.611,27.179,9.523,-2.581,6.618
52.67,27.026,29.630,27.190,5.917,-2.581,6.596
52.68,27.988,29.653,27.235,7.708,-2.576,6.636
52.69,27.683,29.668,27.262,7.583,-2.556,6.684
52.70,27.410,29.685,27.281,5.559,-2.551,6.655
52.71,27.991,29.683,27.299,5.277,-2.544,6.619
52.72,27.261,29.669,27.283,6.678,-2.542,6.623
52.73,28.002,29.644,27.279,6.604,-2.549,6.616
52.74,27.309,29.613,27.249,6.120,-2.555,6.595
52.75,27.165,29.589,27.222,7.793,-2.550,6.636
52.76,26.735,29.587,27.203,7.559,-2.539,6.675
52.77,26.693,29.599,27.198,6.104,-2.528,6.668
52.78,27.244,29.631,27.229,6.531,-2.509,6.683
52.79,27.098,29.674,27.265,6.775,-2.489,6.705
52.80,28.090,29.698,27.312,5.095,-2.485,6.660
52.81,28.128,29.705,27.343,4.313,-2.488,6.584
52.82,27.749,29.689,27.338,5.121,-2.500,6.527
52.83,27.125,29.675,27.317,6.493,-2.524,6.501
52.84,26.625,29.671,27.291,6.984,-2.548,6.491
52.85,26.180,29.699,27.282,8.015,-2.561,6.524
52.86,27.141,29.751,27.327,7.841,-2.553,6.571
52.87,27.577,29.803,27.384,6.700,-2.547,6.580
52.88,28.025,29.846,27.443,6.458,-2.551,6.572
52.89,28.419,29.858,27.484,5.423,-2.560,6.528
52.90,28.254,29.838,27.487,5.502,-2.579,6.477
52.91,27.937,29.800,27.463,6.112,-2.600,6.445
52.92,27.180,29.781,27.435,6.976,-2.613,6.447
52.93,27.237,29.781,27.428,7.583,-2.614,6.480
52.94,27.350,29.798,27.441,8.001,-2.606,6.533
52.95,27.641,29.827,27.475,7.728,-2.594,6.580
52.96,28.099,29.840,27.506,6.544,-2.593,6.581
52.97,27.846,29.837,27.513,5.082,-2.597,6.531
52.98,27.751,29.817,27.500,5.658,-2.604,6.497
52.99,26.798,29.797,27.458,6.284,-2.617,6.477
53.00,27.305,29.793,27.449,6.901,-2.622,6.484
53.01,27.136,29.799,27.444,6.131,-2.624,6.471
53.02,26.898,29.814,27.441,5.945,-2.624,6.454
53.03,27.145,29.848,27.465,6.795,-2.619,6.468
53.04,28.041,29.879,27.511,6.781,-2.618,6.479
53.05,28.432,29.886,27.545,6.054,-2.620,6.463
53.06,27.928,29.864,27.535,6.624,-2.626,6.462
53.07,27.621,29.836,27.510,7.393,-2.634,6.482
53.08,26.692,29.825,27.474,6.280,-2.642,6.467
53.09,27.380,29.830,27.475,5.869,-2.640,6.450
53.10,27.368,29.827,27.468,5.868,-2.643,6.429
53.11,26.874,29.848,27.469,6.884,-2.645,6.440
53.12,27.279,29.883,27.497,6.054,-2.641,6.431
53.13,27.792,29.917,27.537,6.769,-2.643,6.439
53.14,28.159,29.936,27.573,6.080,-2.650,6.420
53.15,27.915,29.927,27.575,6.487,-2.654,6.417
53.16,27.904,29.910,27.568,7.620,-2.666,6.442
53.17,27.635,29.896,27.555,6.467,-2.670,6.439
53.18,27.726,29.879,27.544,5.372,-2.671,6.405
53.19,27.644,29.856,27.524,5.944,-2.675,6.386
53.20,27.019,29.849,27.502,6.651,-2.676,6.392
53.21,27.681,29.855,27.512,7.178,-2.672,6.419
53.22,28.071,29.848,27.522,7.645,-2.658,6.469
53.23,27.061,29.853,27.512,7.949,-2.637,6.535
53.24,27.611,29.870,27.531,6.722,-2.619,6.559
53.25,28.182,29.875,27.555,4.809,-2.607,6.517
53.26,27.873,29.866,27.556,5.444,-2.601,6.490
53.27,27.895,29.841,27.542,6.278,-2.612,6.472
53.28,27.652,29.799,27.504,5.318,-2.626,6.422
53.29,26.771,29.764,27.448,6.681,-2.642,6.414
53.30,26.300,29.772,27.420,5.772,-2.656,6.379
53.31,27.543,29.789,27.440,6.404,-2.660,6.375
53.32,27.319,29.804,27.450,6.538,-2.663,6.376
53.33,26.934,29.828,27.457,6.367,-2.663,6.375
53.34,27.152,29.860,27.478,6.483,-2.659,6.381
53.35,28.157,29.881,27.518,7.031,-2.658,6.401
53.36,28.289,29.874,27.535,7.152,-2.662,6.419
53.37,28.345,29.858,27.544,7.953,-2.667,6.461
53.39,28.202,29.833,27.539,7.011,-2.679,6.466
53.39,27.257,29.818,27.516,7.385,-2.683,6.490
53.40,27.442,29.819,27.515,6.518,-2.680,6.494
53.41,27.844,29.828,27.533,4.867,-2.681,6.444
53.42,27.875,29.843,27.559,5.565,-2.685,6.413
53.43,28.152,29.854,27.588,5.721,-2.688,6.388
53.44,27.989,29.868,27.614,6.261,-2.691,6.381
53.45,28.320,29.865,27.632,5.295,-2.697,6.341
53.46,27.657,29.840,27.610,7.427,-2.718,6.353
53.47,27.499,29.811,27.579,7.789,-2.737,6.378
53.49,27.205,29.801,27.558,8.310,-2.733,6.441
53.50,26.665,29.801,27.531,7.567,-2.716,6.492
53.51,27.534,29.824,27.554,5.939,-2.694,6.498
53.52,27.787,29.846,27.582,4.833,-2.672,6.468
53.52,27.627,29.863,27.600,5.831,-2.662,6.458
53.54,27.922,29.873,27.621,5.481,-2.660,6.430
53.55,28.182,29.860,27.625,4.879,-2.659,6.383
53.56,27.740,29.838,27.609,7.129,-2.669,6.396
53.57,27.604,29.817,27.588,7.108,-2.686,6.400
53.58,27.359,29.802,27.567,6.105,-2.692,6.384
53.59,27.045,29.805,27.555,8.154,-2.691,6.439
53.60,27.749,29.816,27.572,6.811,-2.683,6.459
53.61,28.302,29.808,27.587,6.290,-2.672,6.463
53.62,27.366,29.802,27.575,7.519,-2.656,6.512
53.63,27.121,29.831,27.589,7.461,-2.638,6.559
53.64,27.506,29.857,27.613,6.322,-2.626,6.563
53.65,27.884,29.875,27.639,5.790,-2.613,6.553
53.66,28.381,29.877,27.664,5.441,-2.603,6.529
53.67,27.814,29.850,27.644,3.681,-2.609,6.436
53.68,27.533,29.821,27.613,6.714,-2.628,6.425
53.69,27.155,29.801,27.580,6.573,-2.643,6.414
53.70,27.631,29.790,27.572,6.148,-2.656,6.393
53.71,26.598,29.797,27.548,7.685,-2.666,6.422
53.72,28.012,29.831,27.596,6.733,-2.661,6.436
53.73,28.021,29.845,27.623,6.607,-2.659,6.443
53.74,28.015,29.846,27.637,7.270,-2.665,6.461
53.75,27.825,29.846,27.643,6.258,-2.677,6.443
53.76,27.824,29.850,27.654,6.461,-2.681,6.441
53.77,27.365,29.855,27.651,6.486,-2.683,6.440
53.78,28.041,29.851,27.659,5.737,-2.676,6.425
53.79,27.996,29.827,27.647,5.817,-2.674,6.408
53.80,27.202,29.818,27.626,7.423,-2.677,6.436
53.81,27.035,29.825,27.615,6.465,-2.686,6.427
53.82,27.469,29.827,27.613,6.186,-2.698,6.408
53.83,26.912,29.838,27.602,6.272,-2.706,6.396
53.84,27.537,29.858,27.621,6.458,-2.705,6.398
53.85,27.559,29.867,27.627,6.812,-2.700,6.416
53.86,27.669,29.888,27.650,7.489,-2.687,6.462
53.87,28.008,29.908,27.680,6.319,-2.668,6.476
53.88,27.784,29.917,27.693,7.052,-2.643,6.517
53.89,27.847,29.906,27.687,6.144,-2.629,6.520
53.90,27.574,29.906,27.684,5.784,-2.621,6.506
53.91,27.575,29.898,27.673,5.250,-2.618,6.469
53.92,27.263,29.895,27.659,6.537,-2.629,6.461
53.93,27.507,29.907,27.666,6.590,-2.636,6.457
53.94,27.754,29.920,27.682,6.048,-2.640,6.440
53.95,27.834,29.926,27.692,6.036,-2.644,6.424
53.96,27.261,29.939,27.692,7.892,-2.644,6.468
53.97,27.715,29.948,27.701,5.436,-2.642,6.439
53.98,27.975,29.949,27.711,5.915,-2.641,6.423
53.99,27.580,29.938,27.697,7.221,-2.642,6.446
54.00,27.431,29.928,27.679,6.026,-2.634,6.440
54.01,27.819,29.931,27.686,7.071,-2.635,6.459
54.02,27.647,29.925,27.680,5.510,-2.646,6.418
54.03,27.677,29.927,27.682,5.459,-2.659,6.375
54.04,27.950,29.921,27.684,6.306,-2.672,6.360
54.05,26.955,29.928,27.669,6.992,-2.681,6.370
54.06,28.450,29.935,27.700,7.642,-2.688,6.401
54.07,27.737,29.927,27.693,5.806,-2.693,6.377
54.08,27.277,29.927,27.682,6.454,-2.702,6.371
54.09,27.628,29.942,27.694,7.230,-2.699,6.399
54.10,28.428,29.952,27.727,6.394,-2.689,6.408
54.11,28.149,29.946,27.734,8.148,-2.693,6.458
54.12,28.265,29.921,27.727,6.295,-2.706,6.441
54.13,27.978,29.885,27.700,6.344,-2.712,6.433
54.14,27.416,29.857,27.665,7.220,-2.723,6.446
54.15,27.050,29.858,27.647,6.668,-2.715,6.461
54.16,28.251,29.852,27.661,5.803,-2.700,6.456
54.17,27.428,29.835,27.638,6.739,-2.700,6.465
54.18,26.561,29.839,27.609,7.140,-2.708,6.478
54.19,27.640,29.863,27.634,5.945,-2.699,6.472
54.20,20.559,29.999,27.549,7.043,-2.668,6.519
54.21,31.896,30.013,27.694,12.522,-2.664,6.708
54.22,26.655,30.003,27.653,1.483,-2.677,6.537
54.23,28.688,30.012,27.691,8.419,-2.677,6.596
54.24,22.792,30.080,27.607,9.195,-2.659,6.695
54.25,30.407,30.076,27.687,10.019,-2.685,6.773
54.26,27.237,30.064,27.660,4.532,-2.699,6.695
54.27,28.300,30.042,27.657,7.932,-2.713,6.721
54.28,27.542,30.016,27.627,5.854,-2.729,6.682
54.29,27.894,29.983,27.602,4.696,-2.747,6.606
54.30,27.546,29.947,27.564,6.646,-2.767,6.590
54.31,27.814,29.924,27.548,7.304,-2.787,6.595
54.32,28.243,29.902,27.548,8.093,-2.786,6.644
54.33,27.759,29.886,27.537,7.805,-2.788,6.681
54.34,26.870,29.883,27.513,7.507,-2.792,6.706
54.35,27.283,29.895,27.517,7.594,-2.782,6.746
54.36,27.629,29.912,27.536,6.441,-2.770,6.752
54.37,27.727,29.924,27.553,6.240,-2.761,6.748
54.38,27.857,29.922,27.559,6.478,-2.766,6.738
54.39,27.584,29.911,27.548,5.788,-2.771,6.707
54.40,27.619,29.896,27.535,6.229,-2.778,6.689
54.41,27.121,29.879,27.505,5.823,-2.785,6.659
54.42,26.758,29.892,27.494,6.868,-2.782,6.670
54.43,27.158,29.915,27.505,6.822,-2.784,6.676
54.44,27.338,29.941,27.524,7.273,-2.779,6.702
54.45,27.701,29.960,27.546,7.082,-2.777,6.719
54.46,27.636,29.970,27.557,6.630,-2.780,6.716
54.47,27.724,29.987,27.577,6.038,-2.778,6.700
54.48,28.024,30.000,27.603,6.056,-2.775,6.686
54.49,28.104,30.005,27.622,6.571,-2.772,6.688
54.50,28.075,30.006,27.636,7.237,-2.763,6.716
54.51,27.824,29.994,27.630,6.895,-2.761,6.726
54.52,28.375,29.973,27.631,8.337,-2.760,6.779
54.53,27.717,29.938,27.599,7.134,-2.763,6.790
54.54,27.340,29.920,27.573,7.477,-2.753,6.825
54.55,26.482,29.915,27.535,5.163,-2.740,6.790
54.56,27.443,29.935,27.551,4.800,-2.728,6.744
54.57,28.001,29.952,27.580,5.271,-2.721,6.707
54.58,28.384,29.959,27.610,6.682,-2.721,6.709
54.59,28.194,29.944,27.613,7.546,-2.729,6.728
54.60,27.988,29.923,27.604,7.078,-2.734,6.737
54.61,27.552,29.900,27.580,7.664,-2.735,6.767
54.62,27.115,29.900,27.566,7.540,-2.728,6.800
54.63,27.183,29.928,27.581,7.218,-2.710,6.833
54.64,27.799,29.962,27.620,6.456,-2.692,6.842
54.65,28.361,29.983,27.662,6.049,-2.672,6.839
54.66,28.414,29.982,27.684,6.502,-2.655,6.848
54.67,27.600,29.967,27.667,5.665,-2.647,6.822
54.68,27.750,29.959,27.662,6.464,-2.644,6.816
54.69,27.681,29.950,27.654,6.422,-2.655,6.796
54.70,27.446,29.949,27.647,5.821,-2.661,6.762
54.71,27.884,29.951,27.656,5.935,-2.670,6.730
54.72,27.370,29.952,27.648,5.796,-2.692,6.681
54.73,28.007,29.948,27.656,6.550,-2.710,6.660
54.74,27.582,29.939,27.644,6.915,-2.719,6.661
54.75,27.724,29.941,27.648,7.329,-2.720,6.681
54.76,27.874,29.950,27.664,6.916,-2.718,6.692
54.77,27.220,29.953,27.654,6.612,-2.721,6.688
54.78,28.150,29.955,27.671,6.083,-2.717,6.674
54.79,27.730,29.952,27.670,6.339,-2.716,6.666
54.80,27.672,29.949,27.668,6.802,-2.710,6.677
54.81,27.808,29.944,27.667,6.523,-2.711,6.672
54.82,27.964,29.933,27.666,5.528,-2.713,6.637
54.83,27.453,29.914,27.641,5.557,-2.724,6.594
54.84,26.794,29.913,27.615,6.550,-2.738,6.579
54.85,27.074,29.941,27.625,8.764,-2.738,6.647
54.86,27.810,29.970,27.658,7.537,-2.727,6.686
54.88,28.239,29.985,27.691,5.820,-2.707,6.680
54.89,28.209,29.980,27.702,5.479,-2.693,6.658
54.89,27.966,29.964,27.694,5.565,-2.684,6.634
54.90,27.398,29.941,27.664,5.206,-2.680,6.594
54.92,27.280,29.930,27.642,6.584,-2.687,6.587
54.93,27.120,29.936,27.631,7.622,-2.694,6.612
54.93,27.048,29.947,27.624,6.981,-2.700,6.618
54.95,27.954,29.973,27.659,7.532,-2.700,6.646
54.96,27.976,29.974,27.670,6.287,-2.710,6.626
54.97,28.066,29.964,27.672,6.669,-2.712,6.626
54.97,27.112,29.954,27.645,5.727,-2.712,6.599
54.98,27.232,29.968,27.646,6.338,-2.718,6.585
54.99,27.742,29.987,27.667,5.228,-2.714,6.548
55.00,28.812,29.993,27.707,5.875,-2.722,6.519
55.02,28.470,29.959,27.698,6.660,-2.739,6.507
55.03,27.374,29.929,27.659,7.670,-2.753,6.528
55.04,27.250,29.915,27.634,8.268,-2.762,6.573
55.05,27.557,29.924,27.641,7.602,-2.753,6.614
55.06,28.222,29.930,27.664,6.770,-2.750,6.622
55.07,27.726,29.932,27.668,4.757,-2.755,6.561
55.08,27.917,29.924,27.669,6.410,-2.765,6.547
55.09,27.458,29.905,27.644,4.932,-2.782,6.481
55.10,27.714,29.891,27.633,6.203,-2.794,6.461
55.11,27.917,29.869,27.621,6.857,-2.809,6.458
55.12,28.701,29.816,27.603,8.398,-2.812,6.515
55.13,27.032,29.786,27.557,6.388,-2.813,6.510
55.14,27.454,29.759,27.529,7.131,-2.816,6.527
55.15,26.855,29.746,27.496,6.671,-2.823,6.525
55.16,27.422,29.754,27.502,5.971,-2.826,6.506
55.17,27.640,29.746,27.498,6.173,-2.830,6.492
55.18,27.108,29.737,27.478,6.338,-2.831,6.486
55.19,26.925,29.738,27.462,7.430,-2.834,6.513
55.20,27.382,29.751,27.473,6.510,-2.836,6.512
55.21,27.828,29.758,27.491,6.539,-2.833,6.516
55.22,27.609,29.760,27.497,6.264,-2.830,6.512
55.23,27.715,29.752,27.496,6.746,-2.826,6.523
55.24,27.878,29.735,27.491,6.963,-2.823,6.540
55.25,27.351,29.716,27.469,7.366,-2.824,6.566
55.26,27.510,29.704,27.459,6.111,-2.828,6.549
55.27,27.255,29.694,27.443,6.681,-2.828,6.553
55.28,26.850,29.699,27.431,6.829,-2.824,6.567
55.29,27.346,29.713,27.442,6.653,-2.814,6.580
55.30,27.585,29.724,27.457,6.380,-2.802,6.586
55.31,27.842,29.726,27.471,6.182,-2.794,6.582
55.32,27.442,29.715,27.460,5.071,-2.795,6.536
55.33,27.406,29.698,27.442,6.064,-2.801,6.517
55.34,26.313,29.703,27.412,7.267,-2.806,6.535
55.35,27.790,29.716,27.436,6.876,-2.805,6.547
55.36,28.225,29.707,27.453,6.300,-2.806,6.539
55.37,26.879,29.693,27.421,7.152,-2.818,6.546
55.38,26.979,29.692,27.407,6.203,-2.819,6.535
55.39,27.908,29.683,27.413,6.356,-2.818,6.531
55.40,27.078,29.675,27.396,7.663,-2.829,6.556
55.41,27.408,29.692,27.413,7.502,-2.824,6.591
55.42,28.166,29.708,27.451,7.275,-2.806,6.630
55.43,27.674,29.705,27.455,6.947,-2.785,6.661
55.44,27.870,29.697,27.461,7.224,-2.772,6.692
55.45,27.495,29.690,27.455,5.149,-2.759,6.660
55.46,27.472,29.688,27.454,5.074,-2.748,6.622
55.47,27.080,29.688,27.444,5.966,-2.743,6.608
55.48,27.360,29.682,27.436,6.383,-2.750,6.594
55.49,27.275,29.669,27.419,6.818,-2.766,6.586
55.50,27.417,29.663,27.413,7.388,-2.776,6.601
55.51,27.205,29.671,27.415,6.913,-2.778,6.610
55.52,26.572,29.697,27.415,6.236,-2.771,6.606
55.53,27.248,29.743,27.454,6.245,-2.758,6.608
55.54,27.838,29.778,27.500,6.740,-2.739,6.631
55.55,28.621,29.792,27.548,6.112,-2.719,6.635
55.56,28.378,29.787,27.569,7.072,-2.707,6.661
55.57,28.249,29.766,27.570,6.341,-2.699,6.659
55.58,27.948,29.732,27.549,6.626,-2.691,6.666
55.59,27.523,29.702,27.520,6.554,-2.686,6.668
55.60,27.483,29.676,27.495,7.105,-2.687,6.680
55.61,26.671,29.682,27.477,7.294,-2.681,6.706
55.62,27.605,29.684,27.483,6.425,-2.671,6.707
55.63,27.386,29.696,27.492,6.682,-2.666,6.712
55.64,27.582,29.710,27.509,6.687,-2.656,6.722
55.65,27.490,29.709,27.509,6.206,-2.649,6.713
55.66,27.370,29.716,27.512,6.696,-2.637,6.725
55.67,27.552,29.721,27.519,5.904,-2.626,6.711
55.68,27.493,29.723,27.520,5.969,-2.620,6.694
55.69,27.317,29.718,27.510,6.194,-2.609,6.689
55.70,27.817,29.710,27.512,6.265,-2.602,6.683
55.71,27.535,29.700,27.504,5.756,-2.597,6.658
55.72,27.234,29.713,27.509,7.100,-2.593,6.676
55.73,27.871,29.724,27.531,5.596,-2.597,6.639
55.74,28.498,29.716,27.554,6.079,-2.596,6.621
55.75,27.743,29.697,27.543,7.347,-2.602,6.637
55.76,28.174,29.680,27.547,7.148,-2.608,6.646
55.77,27.984,29.652,27.535,7.073,-2.594,6.672
55.78,27.172,29.630,27.503,6.059,-2.574,6.671
55.79,26.906,29.620,27.477,5.827,-2.562,6.657
55.80,26.955,29.623,27.465,4.630,-2.542,6.613
55.81,26.630,29.624,27.441,5.698,-2.538,6.587
55.82,26.811,29.631,27.429,5.285,-2.537,6.547
55.83,26.822,29.646,27.426,6.324,-2.537,6.538
55.84,27.901,29.656,27.450,6.548,-2.541,6.532
55.85,27.580,29.654,27.453,6.393,-2.543,6.524
55.86,27.615,29.645,27.450,6.596,-2.546,6.520
55.87,27.545,29.631,27.440,6.069,-2.547,6.503
55.88,27.757,29.627,27.446,6.177,-2.551,6.487
55.89,27.992,29.614,27.451,5.373,-2.558,6.443
55.90,28.106,29.600,27.459,6.197,-2.561,6.430
55.91,27.739,29.582,27.451,7.578,-2.559,6.464
55.92,27.436,29.575,27.445,8.527,-2.571,6.513
55.93,27.544,29.574,27.449,6.870,-2.565,6.528
55.94,27.806,29.559,27.446,6.672,-2.557,6.538
55.95,27.245,29.546,27.429,6.470,-2.564,6.528
55.96,27.281,29.532,27.411,4.362,-2.576,6.448
55.97,26.954,29.520,27.387,4.144,-2.590,6.361
55.98,27.270,29.503,27.368,5.589,-2.608,6.317
55.99,27.297,29.479,27.344,6.432,-2.617,6.308
56.00,26.718,29.472,27.319,8.178,-2.638,6.342
56.01,27.628,29.451,27.309,5.094,-2.662,6.278
56.02,27.363,29.409,27.270,6.004,-2.672,6.256
56.03,27.238,29.369,27.232,6.196,-2.678,6.245
56.04,27.336,29.323,27.192,6.154,-2.664,6.252
56.05,25.949,29.294,27.126,7.468,-2.656,6.294
56.06,26.006,29.326,27.124,8.271,-2.663,6.345
56.07,27.478,29.353,27.161,4.127,-2.662,6.276
56.08,27.976,29.357,27.191,4.756,-2.655,6.232
56.09,27.374,29.354,27.194,6.147,-2.654,6.227
56.10,27.807,29.340,27.200,6.533,-2.644,6.244
56.11,26.898,29.318,27.170,7.628,-2.642,6.285
56.12,26.981,29.315,27.162,8.733,-2.672,6.327
56.13,27.458,29.314,27.172,4.754,-2.692,6.257
56.14,27.625,29.320,27.192,5.850,-2.700,6.234
56.15,27.100,29.317,27.187,5.007,-2.715,6.179
56.16,27.612,29.327,27.211,7.477,-2.724,6.208
56.17,28.115,29.312,27.225,7.312,-2.728,6.234
56.18,27.124,29.280,27.192,6.686,-2.740,6.234
56.19,26.646,29.255,27.152,5.915,-2.760,6.203
56.20,26.177,29.253,27.122,6.904,-2.767,6.216
56.21,26.634,29.270,27.125,6.829,-2.774,6.226
56.22,26.640,29.297,27.136,6.769,-2.772,6.241
56.23,26.910,29.323,27.156,6.557,-2.762,6.259
56.24,28.406,29.328,27.199,4.821,-2.755,6.220
56.25,27.371,29.314,27.192,6.102,-2.760,6.210
56.26,28.040,29.297,27.203,6.087,-2.766,6.198
56.27,27.498,29.255,27.171,5.432,-2.799,6.140
56.28,26.323,29.201,27.094,12.521,-2.788,6.343
56.29,26.192,29.207,27.074,7.757,-2.797,6.378
56.30,28.079,29.211,27.110,7.068,-2.803,6.393
56.31,28.226,29.182,27.117,6.038,-2.810,6.376
56.32,26.323,29.154,27.067,6.448,-2.815,6.373
56.33,26.474,29.157,27.052,6.696,-2.817,6.381
56.34,27.276,29.167,27.070,6.459,-2.815,6.386
56.35,27.361,29.154,27.068,7.363,-2.816,6.414
56.36,26.788,29.139,27.046,6.759,-2.824,6.418
56.37,26.428,29.143,27.032,6.948,-2.829,6.430
56.38,26.783,29.157,27.039,6.464,-2.835,6.425
56.39,26.604,29.172,27.041,6.000,-2.844,6.405
56.41,26.889,29.190,27.054,6.399,-2.847,6.402
56.42,27.366,29.200,27.074,6.312,-2.847,6.400
56.43,27.457,29.201,27.088,6.854,-2.846,6.415
56.43,27.040,29.196,27.082,6.789,-2.845,6.429
56.44,27.191,29.203,27.093,6.826,-2.845,6.442
56.46,27.204,29.210,27.104,6.511,-2.846,6.444
56.47,26.860,29.226,27.113,6.227,-2.842,6.442
56.47,27.576,29.244,27.146,6.672,-2.829,6.462
56.49,26.792,29.253,27.145,6.548,-2.821,6.474
56.50,27.443,29.261,27.162,6.638,-2.822,6.479
56.51,27.491,29.255,27.167,5.211,-2.828,6.435
56.51,26.742,29.257,27.158,5.751,-2.838,6.405
56.52,26.805,29.266,27.156,7.051,-2.846,6.417
56.54,27.125,29.269,27.159,6.779,-2.847,6.428
56.55,27.635,29.271,27.176,7.306,-2.849,6.454
56.56,27.161,29.270,27.176,6.478,-2.851,6.454
56.57,26.781,29.277,27.171,6.497,-2.851,6.456
56.58,26.450,29.289,27.161,5.929,-2.856,6.437
56.59,26.745,29.311,27.170,6.110,-2.857,6.426
56.60,27.493,29.318,27.188,5.367,-2.861,6.391
56.61,27.216,29.324,27.195,6.953,-2.857,6.412
56.62,27.349,29.335,27.211,6.676,-2.854,6.424
56.63,28.238,29.339,27.247,6.525,-2.848,6.433
56.64,27.582,29.340,27.259,7.563,-2.842,6.475
56.65,26.989,29.351,27.263,6.677,-2.844,6.480
56.66,28.091,29.361,27.299,7.436,-2.850,6.505
56.67,27.828,29.354,27.309,6.577,-2.858,6.501
56.68,27.535,29.333,27.297,5.613,-2.863,6.470
56.69,27.389,29.316,27.285,5.865,-2.868,6.448
56.70,27.231,29.307,27.276,6.719,-2.872,6.454
56.71,27.333,29.283,27.256,7.435,-2.880,6.477
56.72,27.217,29.256,27.230,6.725,-2.892,6.474
56.73,26.463,29.238,27.190,7.074,-2.898,6.488
56.74,26.547,29.228,27.162,6.970,-2.900,6.503
56.75,26.736,29.239,27.161,7.572,-2.904,6.534
56.76,26.668,29.259,27.167,6.389,-2.904,6.531
56.77,27.234,29.269,27.178,7.474,-2.893,6.573
56.78,27.155,29.266,27.175,6.809,-2.878,6.597
56.79,27.023,29.251,27.157,4.850,-2.873,6.550
56.80,27.200,29.236,27.145,5.997,-2.878,6.531
56.81,27.531,29.217,27.139,6.418,-2.901,6.506
56.82,27.625,29.181,27.119,6.756,-2.900,6.517
56.83,27.097,29.152,27.092,6.344,-2.899,6.514
56.84,27.322,29.136,27.085,6.654,-2.900,6.520
56.85,27.393,29.119,27.078,6.453,-2.899,6.520
56.86,27.312,29.097,27.065,7.134,-2.896,6.543
56.87,27.073,29.068,27.039,7.621,-2.897,6.578
56.88,26.547,29.035,26.993,6.875,-2.898,6.588
56.89,25.939,29.024,26.952,6.925,-2.899,6.600
56.90,27.011,29.023,26.953,7.260,-2.895,6.626
56.91,27.080,29.006,26.941,5.346,-2.896,6.588
56.92,27.166,28.970,26.914,6.711,-2.898,6.593
56.93,26.611,28.924,26.861,7.029,-2.904,6.603
56.94,25.864,28.906,26.814,6.540,-2.902,6.605
56.95,26.233,28.920,26.810,6.175,-2.888,6.608
56.96,27.192,28.940,26.842,7.722,-2.875,6.657
56.97,26.570,28.957,26.851,7.332,-2.853,6.702
56.98,26.735,28.983,26.873,7.182,-2.826,6.746
56.99,27.203,29.009,26.908,5.713,-2.800,6.742
57.00,26.721,29.024,26.918,4.526,-2.796,6.680
57.01,26.880,29.043,26.935,4.994,-2.808,6.619
57.02,27.109,29.052,26.950,5.865,-2.825,6.580
57.03,27.318,29.060,26.969,6.832,-2.847,6.568
57.04,27.551,29.057,26.984,6.986,-2.869,6.561
57.05,28.302,29.039,27.009,8.496,-2.879,6.612
57.06,26.472,29.026,26.981,7.387,-2.882,6.635
57.07,26.963,29.034,26.989,6.337,-2.879,6.631
57.08,26.908,29.042,26.995,5.743,-2.879,6.606
57.09,27.004,29.051,27.005,6.707,-2.880,6.610
57.10,26.785,29.064,27.012,6.948,-2.877,6.625
57.11,27.627,29.061,27.028,7.783,-2.878,6.662
57.12,27.722,29.035,27.025,7.583,-2.879,6.691
57.13,27.203,29.013,27.011,7.617,-2.877,6.725
57.14,26.648,29.010,26.998,7.000,-2.875,6.738
57.15,26.831,29.020,27.004,4.715,-2.860,6.694
57.16,27.238,29.033,27.025,3.836,-2.858,6.610
57.17,27.647,29.022,27.034,7.039,-2.873,6.610
57.18,27.364,28.987,27.012,7.140,-2.876,6.625
57.19,26.806,28.960,26.981,7.674,-2.873,6.662
57.20,26.398,28.935,26.941,7.518,-2.873,6.691
57.21,26.494,28.933,26.927,8.118,-2.873,6.737
57.22,26.703,28.950,26.937,6.489,-2.866,6.738
57.23,27.073,28.959,26.951,7.216,-2.857,6.765
57.24,26.868,28.975,26.965,5.656,-2.838,6.752
57.25,27.153,28.984,26.981,4.743,-2.830,6.701
57.26,26.687,28.986,26.975,6.152,-2.835,6.681
57.27,26.944,28.982,26.971,6.364,-2.849,6.659
57.28,27.232,28.966,26.965,6.648,-2.864,6.646
57.29,27.054,28.945,26.948,7.634,-2.862,6.680
57.30,26.529,28.949,26.940,6.109,-2.856,6.670
57.31,26.414,28.964,26.940,6.808,-2.850,6.682
57.32,26.979,28.989,26.966,6.668,-2.843,6.690
57.33,26.909,29.016,26.991,6.394,-2.831,6.694
57.34,28.003,29.032,27.039,6.435,-2.820,6.699
57.35,27.666,29.010,27.038,6.223,-2.843,6.664
57.36,27.094,28.965,26.997,6.922,-2.847,6.670
57.37,27.099,28.937,26.974,6.357,-2.852,6.656
57.38,27.162,28.912,26.958,6.655,-2.860,6.650
57.39,27.073,28.895,26.946,6.911,-2.865,6.655
57.40,27.469,28.878,26.947,7.401,-2.870,6.674
57.41,27.318,28.844,26.928,8.089,-2.880,6.711
57.42,26.861,28.812,26.896,6.304,-2.887,6.693
57.43,26.617,28.772,26.851,6.977,-2.894,6.697
57.44,26.222,28.748,26.810,6.042,-2.900,6.673
57.45,26.201,28.750,26.794,5.705,-2.901,6.645
57.46,26.196,28.751,26.779,6.138,-2.905,6.627
57.47,26.116,28.761,26.769,6.187,-2.910,6.610
57.48,26.950,28.758,26.773,5.720,-2.909,6.585
57.49,26.286,28.743,26.745,7.866,-2.914,6.621
57.50,26.200,28.736,26.722,6.981,-2.921,6.626
57.51,26.570,28.738,26.720,6.030,-2.923,6.608
57.52,26.597,28.748,26.726,6.374,-2.925,6.601
57.53,26.688,28.762,26.740,6.491,-2.923,6.601
57.54,26.804,28.775,26.755,6.887,-2.919,6.614
57.55,27.535,28.783,26.787,7.188,-2.914,6.638
57.56,27.238,28.770,26.789,5.829,-2.908,6.621
57.57,26.697,28.751,26.769,7.229,-2.902,6.647
57.58,26.225,28.742,26.744,6.921,-2.901,6.658
57.59,26.617,28.739,26.738,6.144,-2.897,6.647
57.60,26.788,28.735,26.737,6.664,-2.899,6.648
57.61,27.047,28.729,26.741,5.961,-2.905,6.623
57.62,27.497,28.712,26.750,7.055,-2.908,6.634
57.63,26.638,28.692,26.727,6.641,-2.909,6.635
57.64,27.860,28.660,26.732,6.438,-2.909,6.631
57.65,26.659,28.610,26.683,5.783,-2.906,6.608
57.66,25.492,28.580,26.619,6.670,-2.905,6.613
57.67,26.244,28.583,26.611,8.134,-2.901,6.664
57.68,27.139,28.584,26.630,7.101,-2.902,6.678
57.69,26.958,28.555,26.613,5.949,-2.896,6.663
57.70,25.975,28.522,26.562,5.987,-2.895,6.645
57.71,25.380,28.513,26.519,6.914,-2.896,6.653
57.72,26.196,28.514,26.510,5.976,-2.900,6.630
57.73,25.966,28.523,26.502,6.096,-2.898,6.617
57.74,26.678,28.534,26.519,6.898,-2.896,6.629
57.75,27.029,28.530,26.532,6.314,-2.896,6.620
57.76,27.500,28.495,26.528,6.903,-2.894,6.631
57.77,26.434,28.435,26.469,7.418,-2.894,6.657
57.78,25.584,28.394,26.402,5.825,-2.896,6.631
57.79,26.245,28.374,26.379,5.869,-2.892,6.612
57.80,26.173,28.354,26.354,6.191,-2.887,6.605
57.81,26.086,28.342,26.335,7.234,-2.888,6.624
57.82,26.023,28.335,26.319,6.709,-2.890,6.625
57.83,26.447,28.335,26.322,6.663,-2.889,6.628
57.84,26.176,28.329,26.313,6.614,-2.887,6.630
57.85,26.810,28.328,26.328,7.011,-2.892,6.639
57.86,26.702,28.313,26.326,6.252,-2.895,6.625
57.87,26.231,28.292,26.303,7.505,-2.899,6.649
57.88,26.162,28.286,26.293,5.670,-2.902,6.617
57.89,26.549,28.274,26.290,6.133,-2.901,6.604
57.90,26.819,28.249,26.282,6.540,-2.905,6.599
57.91,26.422,28.216,26.255,6.238,-2.906,6.588
57.92,25.595,28.195,26.216,6.782,-2.903,6.598
57.93,25.684,28.192,26.197,7.301,-2.904,6.619
57.95,26.325,28.188,26.199,5.638,-2.903,6.590
57.96,26.716,28.176,26.203,6.183,-2.896,6.585
57.97,25.275,28.173,26.172,7.361,-2.891,6.614
57.98,25.964,28.209,26.201,7.513,-2.903,6.631
57.99,26.414,28.243,26.241,3.973,-2.907,6.546
58.00,27.030,28.256,26.279,5.768,-2.903,6.526
58.01,26.230,28.264,26.285,6.753,-2.898,6.539
58.01,25.478,28.289,26.286,7.444,-2.890,6.574
58.03,27.481,28.312,26.345,7.722,-2.892,6.607
58.04,27.238,28.305,26.367,5.759,-2.892,6.582
58.05,27.091,28.286,26.371,6.406,-2.883,6.586
58.05,26.156,28.262,26.343,6.620,-2.870,6.600
58.07,25.061,28.260,26.303,7.065,-2.862,6.622
58.08,26.061,28.285,26.321,7.656,-2.867,6.649
58.09,26.669,28.295,26.342,5.208,-2.870,6.603
58.10,26.666,28.292,26.349,7.149,-2.869,6.622
58.11,25.833,28.294,26.337,6.687,-2.870,6.622
58.12,27.033,28.299,26.364,7.030,-2.866,6.640
58.13,27.400,28.279,26.377,8.129,-2.876,6.677
58.14,26.232,28.252,26.348,4.321,-2.885,6.597
58.15,25.686,28.244,26.321,6.445,-2.887,6.591
58.16,26.295,28.246,26.323,6.502,-2.890,6.585
58.17,27.135,28.241,26.345,6.781,-2.884,6.597
58.18,27.277,28.200,26.335,7.188,-2.879,6.620
58.19,26.655,28.147,26.294,7.031,-2.879,6.633
58.20,25.370,28.103,26.226,5.859,-2.877,6.612
58.21,25.640,28.082,26.188,6.750,-2.880,6.614
58.22,25.361,28.090,26.173,6.162,-2.880,6.600
58.23,26.463,28.108,26.200,6.855,-2.879,6.610
58.24,26.855,28.096,26.209,6.860,-2.882,6.615
58.25,26.004,28.077,26.186,6.837,-2.885,6.619
58.26,25.576,28.073,26.165,6.927,-2.892,6.623
58.27,25.941,28.084,26.170,6.001,-2.895,6.601
58.28,26.400,28.085,26.179,5.687,-2.896,6.573
58.29,25.924,28.076,26.163,6.167,-2.895,6.561
58.30,25.849,28.065,26.144,7.039,-2.894,6.578
58.31,25.844,28.056,26.127,6.840,-2.894,6.585
58.32,25.985,28.053,26.120,6.605,-2.892,6.588
58.33,25.981,28.052,26.115,6.425,-2.898,6.578
58.34,25.100,28.077,26.110,6.093,-2.904,6.558
58.35,25.554,28.118,26.133,5.715,-2.904,6.531
58.36,26.821,28.150,26.185,6.683,-2.907,6.534
58.37,26.761,28.169,26.222,6.401,-2.905,6.531
58.38,26.828,28.169,26.241,6.879,-2.904,6.543
58.39,26.011,28.158,26.224,7.149,-2.906,6.559
58.40,26.170,28.154,26.219,6.896,-2.909,6.567
58.41,26.160,28.142,26.206,6.081,-2.908,6.553
58.42,25.793,28.142,26.195,5.877,-2.908,6.532
58.43,25.716,28.160,26.198,5.660,-2.907,6.506
58.44,26.084,28.177,26.212,5.996,-2.898,6.499
58.45,26.588,28.184,26.230,7.281,-2.891,6.530
58.46,26.239,28.196,26.242,6.734,-2.892,6.534
58.47,26.440,28.208,26.261,6.645,-2.887,6.542
58.48,26.648,28.207,26.272,7.318,-2.887,6.566
58.49,26.190,28.211,26.274,7.071,-2.887,6.582
58.50,26.616,28.217,26.291,6.900,-2.888,6.591
58.51,26.049,28.213,26.281,5.988,-2.890,6.571
58.52,26.341,28.209,26.280,5.968,-2.886,6.556
58.53,26.581,28.204,26.284,6.538,-2.880,6.561
58.54,26.502,28.184,26.273,7.331,-2.876,6.588
58.55,26.015,28.166,26.248,5.944,-2.873,6.571
58.56,25.887,28.165,26.237,6.786,-2.872,6.579
58.57,26.916,28.168,26.261,6.884,-2.874,6.586
58.58,26.308,28.162,26.258,5.793,-2.873,6.563
58.59,25.902,28.162,26.248,6.796,-2.870,6.573
58.60,26.460,28.169,26.262,7.240,-2.869,6.595
58.61,26.329,28.177,26.273,6.806,-2.868,6.603
58.62,26.762,28.169,26.281,6.744,-2.867,6.608
58.63,27.048,28.147,26.284,7.002,-2.868,6.619
58.64,25.534,28.129,26.245,6.642,-2.871,6.618
58.65,25.563,28.144,26.239,6.834,-2.872,6.624
58.66,26.320,28.158,26.257,5.731,-2.873,6.595
58.67,26.284,28.161,26.261,6.394,-2.871,6.592
58.68,26.237,28.161,26.261,6.464,-2.867,6.591
58.69,26.195,28.154,26.253,6.975,-2.865,6.605
58.70,26.531,28.145,26.253,6.261,-2.862,6.598
58.71,26.206,28.128,26.237,6.772,-2.860,6.605
58.72,25.517,28.133,26.220,6.167,-2.860,6.592
58.73,26.639,28.141,26.242,7.044,-2.857,6.609
58.74,26.299,28.145,26.248,6.116,-2.853,6.598
58.75,26.695,28.134,26.251,7.404,-2.854,6.621
58.76,26.262,28.127,26.246,6.038,-2.853,6.604
58.77,25.888,28.128,26.237,7.282,-2.855,6.623
58.78,26.175,28.133,26.241,6.109,-2.859,6.604
58.79,26.090,28.133,26.237,6.614,-2.862,6.602
58.80,25.827,28.142,26.234,6.664,-2.860,6.606
58.81,26.712,28.146,26.253,7.172,-2.857,6.626
58.82,26.579,28.142,26.261,7.320,-2.852,6.652
58.83,26.857,28.121,26.259,6.678,-2.851,6.655
58.84,26.053,28.086,26.220,6.074,-2.850,6.638
58.85,25.026,28.078,26.176,6.379,-2.854,6.627
58.86,25.459,28.107,26.184,6.658,-2.849,6.633
58.87,26.305,28.136,26.216,6.585,-2.837,6.644
58.88,25.907,28.155,26.225,6.088,-2.825,6.638
58.89,25.999,28.174,26.237,6.711,-2.823,6.642
58.90,26.167,28.188,26.249,6.065,-2.822,6.625
58.91,26.244,28.196,26.257,5.992,-2.821,6.607
58.92,26.525,28.195,26.265,6.304,-2.824,6.595
58.93,27.146,28.175,26.272,6.337,-2.834,6.576
58.94,26.326,28.152,26.252,6.179,-2.834,6.564
58.95,26.697,28.117,26.233,7.765,-2.836,6.598
58.96,26.434,28.099,26.222,6.626,-2.834,6.601
58.97,26.876,28.077,26.221,7.550,-2.831,6.633
58.98,25.791,28.062,26.195,7.340,-2.832,6.653
58.99,26.544,28.067,26.211,6.280,-2.832,6.643
59.00,27.115,28.050,26.224,6.497,-2.835,6.636
59.01,26.477,28.015,26.199,5.452,-2.839,6.595
59.02,25.803,27.987,26.162,6.482,-2.837,6.594
59.03,26.175,27.963,26.140,6.591,-2.833,6.597
59.04,26.002,27.938,26.113,6.745,-2.828,6.606
59.05,25.904,27.910,26.080,7.313,-2.826,6.630
59.06,26.010,27.877,26.047,7.121,-2.831,6.640
59.07,25.244,27.868,26.016,6.633,-2.834,6.637
59.08,25.784,27.873,26.014,6.299,-2.837,6.623
59.09,26.142,27.868,26.014,5.523,-2.841,6.586
59.10,26.621,27.849,26.016,6.291,-2.840,6.578
59.11,26.293,27.815,25.991,6.339,-2.839,6.571
59.12,26.238,27.769,25.956,5.868,-2.836,6.552
59.13,25.780,27.728,25.913,6.015,-2.835,6.536
59.14,25.283,27.714,25.881,6.874,-2.834,6.547
59.15,25.491,27.718,25.874,6.991,-2.831,6.563
59.16,25.716,27.724,25.875,7.162,-2.830,6.581
59.17,26.032,27.728,25.885,7.029,-2.827,6.597
59.18,25.690,27.722,25.875,5.728,-2.828,6.570
59.19,25.690,27.713,25.860,5.548,-2.826,6.539
59.20,26.165,27.687,25.846,5.867,-2.831,6.513
59.21,25.905,27.646,25.809,5.688,-2.833,6.485
59.22,26.358,27.578,25.761,7.193,-2.828,6.511
59.23,25.985,27.504,25.697,6.638,-2.821,6.520
59.24,26.167,27.419,25.630,7.311,-2.819,6.545
59.25,24.439,27.362,25.540,7.102,-2.820,6.560
59.26,25.657,27.325,25.509,7.175,-2.821,6.578
59.27,25.866,27.271,25.469,5.872,-2.823,6.554
59.29,25.929,27.202,25.417,5.678,-2.826,6.524
59.29,25.791,27.130,25.360,6.767,-2.824,6.532
59.30,26.076,27.055,25.311,6.910,-2.816,6.550
59.32,26.105,26.956,25.241,7.993,-2.813,6.596
59.33,25.871,26.821,25.131,6.609,-2.815,6.595
59.33,24.074,26.695,24.979,5.361,-2.815,6.557
59.34,24.497,26.595,24.869,6.666,-2.816,6.558
59.35,24.754,26.498,24.774,6.091,-2.818,6.541
59.37,23.874,26.433,24.685,7.789,-2.819,6.578
59.38,24.854,26.384,24.645,6.243,-2.818,6.569
59.38,25.360,26.308,24.595,6.843,-2.816,6.578
59.39,26.117,26.183,24.522,6.493,-2.819,6.572
59.40,24.855,26.029,24.385,5.798,-2.822,6.545
59.42,26.056,25.838,24.254,6.093,-2.823,6.530
59.42,24.704,25.610,24.050,5.758,-2.830,6.499
59.43,23.712,25.409,23.848,6.895,-2.834,6.506
59.45,23.276,25.231,23.662,7.383,-2.843,6.523
59.45,24.704,25.049,23.519,7.841,-2.851,6.555
59.47,24.225,24.827,23.330,6.968,-2.860,6.559
59.48,23.611,24.601,23.124,6.214,-2.868,6.540
59.49,23.483,24.361,22.906,6.096,-2.875,6.519
59.50,21.938,24.122,22.649,5.588,-2.878,6.488
59.51,21.986,23.917,22.434,5.742,-2.878,6.464
59.52,22.480,23.717,22.245,6.606,-2.881,6.465
59.53,21.704,23.521,22.042,5.715,-2.886,6.437
59.54,21.624,23.323,21.841,6.396,-2.892,6.429
59.55,20.386,23.158,21.640,7.393,-2.900,6.449
59.56,21.354,23.015,21.497,6.501,-2.915,6.436
59.57,21.950,22.854,21.358,5.033,-2.930,6.377
59.58,20.808,22.700,21.194,5.915,-2.946,6.346
59.59,21.553,22.556,21.070,6.139,-2.966,6.320
59.60,21.486,22.403,20.938,5.550,-2.979,6.282
59.61,22.660,22.205,20.802,7.402,-2.994,6.300
59.62,22.096,21.966,20.614,7.265,-3.016,6.307
59.63,20.878,21.705,20.374,6.938,-3.037,6.305
59.64,21.919,21.372,20.104,6.937,-3.056,6.305
59.65,20.497,21.020,19.780,5.123,-3.075,6.250
59.66,18.778,20.712,19.456,6.952,-3.091,6.255
59.67,18.403,20.469,19.194,7.325,-3.105,6.274
59.68,21.291,20.204,19.007,6.721,-3.122,6.271
59.69,21.501,19.880,18.775,7.007,-3.138,6.278
59.70,19.939,19.487,18.437,6.298,-3.149,6.268
59.71,20.314,19.009,18.038,5.709,-3.151,6.249
59.72,19.149,18.424,17.514,2.688,-3.158,6.133
59.73,16.516,17.878,16.962,4.634,-3.173,6.071
59.74,13.350,17.513,16.506,7.393,-3.218,6.066
59.75,16.821,17.238,16.256,6.047,-3.286,5.998
59.76,20.489,16.894,16.060,4.456,-3.457,5.783
59.77,14.652,16.474,15.618,19.775,-3.586,6.086
59.78,14.811,15.935,15.080,15.217,-3.588,6.367
59.79,17.010,15.251,14.484,3.030,-3.450,6.404
59.80,15.366,14.372,13.669,8.093,-3.321,6.585
59.81,12.123,13.367,12.657,5.415,-3.281,6.593
59.82,10.243,12.411,11.666,6.996,-3.280,6.610
59.83,10.408,11.590,10.841,8.950,-3.224,6.742
59.84,10.268,10.855,10.119,6.962,-3.100,6.874
59.85,8.970,10.111,9.373,2.967,-2.939,6.916
59.86,12.220,9.246,8.631,0.608,-2.784,6.876
59.87,9.971,8.202,7.670,-1.335,-2.711,6.697
59.88,6.329,7.034,6.507,3.308,-2.677,6.626
59.89,3.012,5.795,5.210,2.856,-2.687,6.500
59.90,4.253,4.570,4.003,4.667,-2.674,6.453
59.91,4.460,3.424,2.916,6.526,-2.620,6.505
59.92,2.117,2.324,1.836,4.534,-2.760,6.305
59.93,2.771,1.335,0.917,10.893,-2.846,6.359
59.94,-0.322,0.529,0.109,5.995,-2.814,6.376
59.95,1.965,0.122,-0.218,7.007,-2.552,6.647
59.96,5.047,0.159,-0.009,4.964,-2.389,6.751
59.97,1.165,-0.088,-0.199,12.039,-2.227,7.067
59.98,-5.847,0.154,-0.123,-0.645,-2.105,6.948
59.99,1.803,0.168,-0.038,6.240,-2.002,7.022
60.00,3.881,0.176,0.102,5.644,-1.892,7.083
60.01,2.328,0.186,0.195,6.510,-1.758,7.191
60.02,1.379,0.196,0.255,8.740,-1.557,7.428
60.03,2.767,0.218,0.368,2.411,-1.336,7.485
60.04,3.676,0.234,0.501,5.616,-1.181,7.572
60.05,1.117,0.250,0.552,4.946,-0.955,7.704
60.06,2.961,0.262,0.654,3.676,-0.738,7.783
60.07,-4.575,0.298,0.547,13.585,-0.214,8.460
60.08,3.681,0.249,0.611,-8.251,-0.085,8.067
60.09,-0.998,0.245,0.574,4.753,-0.068,7.969
60.10,1.002,0.243,0.601,-0.420,-0.055,7.712
60.11,1.037,0.241,0.630,2.665,-0.044,7.552
60.12,1.417,0.239,0.668,2.958,-0.036,7.402
60.13,1.365,0.238,0.706,2.017,-0.028,7.226
60.14,1.284,0.238,0.741,2.386,-0.028,7.058
60.15,2.057,0.240,0.801,5.217,-0.027,6.978
60.16,1.936,0.238,0.853,5.346,-0.027,6.906
60.17,1.095,0.237,0.877,3.398,-0.028,6.775
60.18,1.002,0.234,0.896,4.175,-0.024,6.675
60.19,2.165,0.232,0.951,4.357,-0.019,6.584
60.20,2.792,0.231,1.024,3.142,-0.015,6.457
60.21,1.621,0.230,1.061,3.431,-0.011,6.343
60.22,1.299,0.228,1.085,3.548,-0.009,6.231
60.23,1.801,0.228,1.126,3.664,-0.006,6.128
60.24,1.754,0.224,1.162,3.684,-0.004,6.026
60.25,1.894,0.226,1.205,3.339,-0.008,5.911
60.26,1.603,0.225,1.236,4.476,-0.008,5.836
60.27,1.076,0.222,1.249,6.452,-0.005,5.827
60.28,2.151,0.219,1.294,5.202,-0.008,5.775
60.29,1.155,0.216,1.306,4.174,-0.011,5.692
60.30,2.115,0.210,1.345,-1.219,-0.003,5.457
60.31,1.576,0.204,1.367,3.869,0.023,5.400
60.32,1.606,0.196,1.387,3.528,0.046,5.331
60.33,1.623,0.195,1.414,3.229,0.056,5.243
60.34,1.816,0.193,1.444,3.235,0.062,5.152
60.35,1.660,0.192,1.470,3.262,0.065,5.062
60.36,1.860,0.189,1.501,3.597,0.072,4.988
60.37,1.523,0.187,1.520,3.347,0.076,4.905
60.38,1.398,0.185,1.535,3.360,0.086,4.831
60.39,0.500,0.182,1.521,4.251,0.095,4.784
60.40,-1.473,0.180,1.448,6.555,0.108,4.813
60.41,-2.315,0.183,1.355,6.457,0.113,4.832
60.42,-4.284,0.182,1.199,9.442,0.126,4.949
60.43,-2.065,0.177,1.112,7.362,0.127,4.989
60.44,-2.219,0.176,1.025,8.676,0.123,5.064
60.45,-2.095,0.175,0.942,5.213,0.088,5.002
60.46,0.513,0.171,0.939,1.921,0.075,4.861
60.47,1.577,0.170,0.971,2.704,0.071,4.757
60.48,2.102,0.166,1.016,-0.346,0.061,4.556
60.49,2.007,0.165,1.061,-0.883,0.064,4.353
60.50,4.180,0.166,1.173,-2.276,0.057,4.104
60.51,6.272,0.174,1.352,-3.411,0.037,3.814
60.52,11.166,0.163,1.660,-3.763,0.074,3.575
60.53,5.356,0.169,1.799,2.981,0.055,3.494
60.54,2.787,0.172,1.853,4.477,0.046,3.472
60.55,2.890,0.169,1.903,4.223,0.052,3.456
60.56,2.773,0.164,1.946,2.917,0.059,3.403
60.57,2.101,0.166,1.975,2.570,0.049,3.323
60.58,2.883,0.167,2.026,3.727,0.037,3.280
60.59,3.735,0.170,2.103,4.073,0.029,3.251
60.60,1.618,0.167,2.108,3.244,0.037,3.215
60.61,1.562,0.167,2.114,3.175,0.037,3.170
60.62,1.440,0.165,2.113,3.391,0.036,3.132
60.63,1.671,0.166,2.123,3.388,0.034,3.094
60.64,1.575,0.163,2.125,3.645,0.036,3.069
60.65,1.388,0.160,2.122,3.363,0.037,3.036
60.66,1.648,0.159,2.130,3.337,0.036,2.996
60.67,1.594,0.159,2.135,3.536,0.036,2.969
60.68,1.778,0.158,2.144,3.503,0.038,2.944
60.69,1.803,0.155,2.152,3.872,0.038,2.930
60.70,1.631,0.155,2.157,3.419,0.038,2.902
60.71,1.675,0.156,2.164,3.487,0.038,2.877
60.72,1.438,0.153,2.159,3.178,0.038,2.844
60.73,1.495,0.152,2.159,3.463,0.039,2.822
60.75,1.698,0.152,2.165,3.359,0.038,2.795
60.75,1.603,0.150,2.166,3.544,0.038,2.776
60.76,1.773,0.148,2.171,3.424,0.039,2.755
60.77,1.595,0.149,2.175,3.451,0.039,2.735
60.79,1.488,0.149,2.173,3.448,0.039,2.716
60.79,1.525,0.148,2.172,3.587,0.042,2.705
60.80,1.646,0.146,2.174,3.504,0.042,2.688
60.82,1.737,0.147,2.180,3.495,0.042,2.673
60.82,1.593,0.146,2.180,3.605,0.042,2.661
60.83,1.565,0.146,2.180,3.573,0.043,2.650
60.84,1.770,0.146,2.185,3.576,0.044,2.640
60.85,1.464,0.146,2.182,3.342,0.044,2.622
60.87,1.661,0.145,2.184,3.359,0.044,2.605
60.87,2.034,0.144,2.196,3.427,0.044,2.592
60.88,1.870,0.143,2.203,3.402,0.045,2.579
60.89,1.365,0.144,2.196,3.461,0.047,2.569
60.90,1.650,0.144,2.197,3.272,0.046,2.552
60.91,1.730,0.143,2.199,3.393,0.045,2.539
60.92,1.877,0.142,2.206,3.449,0.045,2.529
60.93,1.753,0.143,2.210,3.552,0.044,2.522
60.95,1.796,0.142,2.213,3.543,0.044,2.516
60.96,1.599,0.142,2.212,3.256,0.042,2.501
60.96,1.793,0.141,2.215,3.802,0.043,2.505
60.98,1.481,0.141,2.209,3.771,0.042,2.507
60.99,1.891,0.142,2.216,3.723,0.041,2.507
61.00,2.104,0.142,2.229,3.647,0.042,2.508
61.01,1.993,0.141,2.239,3.407,0.040,2.496
61.02,1.870,0.138,2.241,3.553,0.041,2.494
61.03,1.413,0.138,2.232,3.531,0.040,2.490
61.04,1.423,0.135,2.220,3.385,0.040,2.484
61.05,1.867,0.136,2.225,3.532,0.041,2.483
61.06,1.467,0.137,2.218,3.661,0.040,2.485
61.07,1.660,0.137,2.217,3.436,0.041,2.482
61.08,1.759,0.138,2.218,3.595,0.040,2.483
61.09,1.672,0.138,2.217,3.380,0.039,2.477
61.10,1.783,0.138,2.218,3.320,0.041,2.473
61.11,1.649,0.136,2.214,3.310,0.041,2.467
61.12,1.673,0.136,2.211,3.486,0.041,2.467
61.13,1.813,0.136,2.213,3.386,0.042,2.464
61.14,1.697,0.136,2.211,3.465,0.042,2.464
61.15,1.610,0.137,2.208,3.173,0.043,2.457
61.16,1.960,0.134,2.211,3.242,0.044,2.451
61.17,1.539,0.135,2.205,3.427,0.044,2.451
61.18,1.521,0.132,2.197,3.125,0.045,2.440
61.19,1.577,0.131,2.189,3.325,0.045,2.437
61.20,1.644,0.130,2.185,3.350,0.046,2.437
61.21,1.572,0.130,2.179,3.371,0.047,2.438
61.22,1.711,0.132,2.179,3.552,0.047,2.443
61.23,1.657,0.132,2.176,3.421,0.047,2.444
61.24,1.801,0.133,2.177,3.480,0.047,2.448
61.25,1.888,0.134,2.182,3.374,0.047,2.449
61.26,1.568,0.133,2.175,3.532,0.048,2.455
61.27,1.790,0.133,2.175,3.273,0.049,2.454
61.28,1.649,0.133,2.170,3.485,0.048,2.458
61.29,1.749,0.131,2.167,3.465,0.049,2.464
61.30,1.497,0.129,2.157,3.493,0.049,2.469
61.31,1.651,0.127,2.151,3.354,0.050,2.471
61.32,1.766,0.125,2.148,3.599,0.049,2.479
61.33,1.670,0.127,2.146,3.486,0.050,2.486
61.34,1.767,0.127,2.146,3.505,0.050,2.492
61.35,1.536,0.126,2.137,3.284,0.051,2.492
61.36,1.679,0.124,2.131,3.555,0.050,2.499
61.37,1.785,0.125,2.132,3.377,0.050,2.502
61.38,1.940,0.123,2.135,2.988,0.051,2.493
61.39,1.688,0.122,2.131,3.413,0.051,2.499
61.40,1.616,0.124,2.127,3.274,0.054,2.502
61.41,1.757,0.123,2.125,3.371,0.054,2.505
61.42,1.737,0.121,2.121,3.285,0.054,2.506
61.43,1.494,0.121,2.111,3.387,0.055,2.511
61.44,1.732,0.121,2.109,3.615,0.056,2.524
61.45,1.384,0.120,2.095,3.682,0.055,2.536
61.46,1.608,0.118,2.089,3.532,0.056,2.546
61.47,1.511,0.122,2.083,3.308,0.056,2.548
61.48,1.414,0.123,2.073,3.692,0.056,2.562
61.49,1.670,0.120,2.067,3.612,0.056,2.573
61.50,1.848,0.122,2.070,3.876,0.056,2.592
61.51,1.421,0.123,2.060,3.305,0.056,2.595
61.52,1.578,0.123,2.055,3.547,0.055,2.601
61.53,1.602,0.123,2.049,3.455,0.056,2.608
61.54,1.580,0.124,2.043,3.232,0.057,2.609
61.55,1.696,0.123,2.040,3.174,0.059,2.609
61.56,1.479,0.124,2.031,3.476,0.060,2.617
61.57,1.797,0.124,2.032,3.229,0.059,2.617
61.58,1.644,0.125,2.028,3.452,0.058,2.623
61.59,1.651,0.124,2.024,3.325,0.060,2.629
61.60,1.532,0.126,2.018,3.543,0.060,2.638
61.61,1.706,0.127,2.017,3.299,0.060,2.641
61.62,1.495,0.126,2.006,3.246,0.061,2.643
61.63,1.627,0.124,2.000,3.301,0.062,2.647
61.64,1.461,0.125,1.991,3.755,0.060,2.662
61.65,2.018,0.124,1.998,3.373,0.061,2.667
61.66,1.697,0.125,1.996,3.209,0.062,2.669
61.67,1.687,0.123,1.991,3.285,0.063,2.672
61.68,1.641,0.121,1.985,3.056,0.063,2.667
61.69,1.568,0.120,1.979,3.435,0.064,2.675
61.70,1.888,0.119,1.980,3.458,0.063,2.682
61.71,1.543,0.120,1.975,3.336,0.064,2.688
61.72,2.035,0.118,1.980,3.807,0.065,2.708
61.73,1.608,0.117,1.974,3.556,0.066,2.719
61.74,1.574,0.119,1.970,3.301,0.067,2.723
61.75,1.731,0.119,1.969,3.400,0.066,2.729
61.76,1.792,0.118,1.968,3.590,0.068,2.743
61.77,1.438,0.120,1.959,3.641,0.070,2.758
61.78,1.564,0.119,1.951,3.245,0.071,2.760
61.79,1.739,0.118,1.949,3.406,0.071,2.766
61.80,1.852,0.118,1.952,3.287,0.071,2.769
61.81,1.580,0.119,1.947,3.467,0.071,2.777
61.82,1.810,0.120,1.949,3.511,0.071,2.786
61.83,1.475,0.119,1.939,3.229,0.070,2.786
61.84,1.767,0.119,1.939,3.653,0.069,2.798
61.85,1.507,0.119,1.930,3.324,0.070,2.803
61.86,1.629,0.119,1.926,3.411,0.069,2.809
61.87,1.347,0.119,1.912,3.348,0.069,2.813
61.88,1.437,0.119,1.903,3.309,0.068,2.816
61.89,1.812,0.118,1.904,3.660,0.070,2.831
61.90,1.944,0.118,1.910,3.457,0.070,2.839
61.91,1.736,0.117,1.907,3.454,0.070,2.846
61.92,1.704,0.116,1.904,3.694,0.070,2.861
61.93,1.516,0.115,1.896,3.212,0.070,2.861
61.94,1.444,0.113,1.885,3.580,0.072,2.874
61.95,1.556,0.115,1.880,3.131,0.073,2.872
61.96,1.334,0.117,1.869,3.463,0.072,2.879
61.97,1.484,0.117,1.862,3.403,0.073,2.885
61.98,1.410,0.120,1.854,3.354,0.073,2.890
61.99,1.719,0.118,1.852,3.310,0.073,2.893
62.00,1.725,0.120,1.853,3.447,0.074,2.900
62.01,1.907,0.118,1.856,3.472,0.073,2.907
62.02,1.935,0.118,1.862,3.081,0.073,2.903
62.03,1.765,0.119,1.864,3.521,0.074,2.913
62.04,1.395,0.117,1.851,3.318,0.075,2.917
62.05,1.705,0.115,1.849,3.755,0.075,2.933
62.06,1.626,0.116,1.845,3.459,0.076,2.942
62.07,1.714,0.115,1.844,3.514,0.076,2.950
62.08,1.757,0.115,1.844,3.412,0.077,2.957
62.09,1.575,0.112,1.837,3.589,0.078,2.968
62.10,1.747,0.113,1.837,3.152,0.076,2.964
62.11,1.439,0.113,1.829,3.534,0.075,2.972
62.12,1.780,0.116,1.832,3.324,0.076,2.976
62.13,1.770,0.116,1.833,3.335,0.076,2.979
62.14,1.423,0.114,1.822,3.495,0.076,2.988
62.15,1.806,0.114,1.825,3.075,0.077,2.983
62.16,1.684,0.113,1.822,3.395,0.077,2.988
62.17,1.526,0.114,1.816,3.015,0.076,2.980
62.18,1.675,0.113,1.814,3.462,0.075,2.987
62.19,1.459,0.114,1.806,2.997,0.076,2.981
62.20,1.617,0.114,1.803,3.257,0.075,2.980
62.21,1.734,0.113,1.802,3.374,0.076,2.986
62.22,1.715,0.113,1.802,3.323,0.076,2.989
62.23,1.661,0.111,1.799,3.484,0.076,2.998
62.24,1.682,0.109,1.795,3.455,0.078,3.006
62.25,1.525,0.108,1.788,3.109,0.076,3.001
62.26,1.730,0.106,1.787,3.323,0.077,3.005
62.28,1.541,0.105,1.780,3.269,0.078,3.007
62.29,1.538,0.103,1.773,3.338,0.078,3.011
62.29,1.529,0.103,1.767,3.522,0.079,3.022
62.30,1.844,0.103,1.771,3.481,0.079,3.030
62.32,1.449,0.105,1.766,3.729,0.079,3.045
62.33,1.391,0.104,1.755,3.274,0.080,3.047
62.33,1.688,0.104,1.754,3.472,0.081,3.055
62.34,1.603,0.104,1.752,3.469,0.082,3.063
62.36,1.644,0.103,1.750,3.558,0.083,3.074
62.37,1.602,0.102,1.746,3.359,0.084,3.078
62.37,1.689,0.104,1.747,3.414,0.086,3.084
62.38,1.495,0.105,1.742,3.232,0.086,3.085
62.39,1.457,0.105,1.735,3.353,0.086,3.087
62.41,1.765,0.104,1.737,3.502,0.087,3.096
62.42,1.370,0.104,1.726,3.538,0.088,3.105
62.42,1.507,0.104,1.721,3.323,0.087,3.106
62.44,1.951,0.104,1.729,3.241,0.088,3.106
62.45,1.588,0.105,1.727,3.249,0.088,3.106
62.46,1.756,0.104,1.729,3.197,0.089,3.105
62.47,1.568,0.103,1.724,3.521,0.088,3.113
62.48,1.846,0.104,1.730,2.879,0.089,3.101
62.49,1.713,0.102,1.728,3.618,0.089,3.113
62.50,1.613,0.101,1.725,3.352,0.089,3.116
62.51,1.572,0.100,1.721,3.640,0.090,3.128
62.52,1.443,0.098,1.712,3.240,0.090,3.128
62.53,1.602,0.096,1.708,3.625,0.091,3.140
62.54,1.525,0.095,1.702,3.635,0.093,3.153
62.55,1.588,0.094,1.699,3.174,0.094,3.150
62.56,1.390,0.093,1.689,3.487,0.094,3.157
62.57,1.477,0.092,1.683,3.540,0.093,3.163
62.58,1.642,0.093,1.683,3.072,0.093,3.157
62.59,1.757,0.093,1.686,3.532,0.092,3.164
62.60,1.628,0.093,1.685,3.254,0.092,3.163
62.61,1.870,0.093,1.692,3.468,0.093,3.170
62.62,1.566,0.093,1.689,3.165,0.094,3.167
62.63,1.505,0.093,1.684,3.447,0.095,3.173
62.64,1.654,0.091,1.683,3.279,0.094,3.172
62.65,1.809,0.091,1.687,3.348,0.095,3.175
62.66,1.699,0.090,1.687,3.414,0.094,3.178
62.67,1.708,0.091,1.690,3.373,0.094,3.181
62.68,1.665,0.090,1.688,3.308,0.095,3.183
62.69,1.821,0.089,1.693,3.320,0.096,3.185
62.70,1.624,0.088,1.690,3.365,0.097,3.188
62.71,1.452,0.086,1.682,3.565,0.096,3.196
62.72,1.624,0.085,1.680,3.355,0.097,3.199
62.73,1.389,0.085,1.672,3.291,0.097,3.199
62.74,1.276,0.083,1.658,3.406,0.096,3.202
62.75,1.602,0.083,1.658,3.492,0.096,3.207
62.76,1.522,0.083,1.654,3.673,0.096,3.219
62.77,1.720,0.082,1.655,3.283,0.098,3.221
62.78,1.696,0.084,1.659,3.314,0.098,3.221
62.79,1.853,0.085,1.666,3.431,0.099,3.226
62.80,1.508,0.085,1.662,3.412,0.098,3.228
62.81,1.658,0.087,1.664,3.501,0.098,3.234
