elapsed_sec,pitch_accel,pitch_gyro,pitch_kalman,roll_accel,roll_gyro,roll_kalman
3.89,1.293,0.000,0.000,4.136,0.000,0.000
3.90,1.593,-0.000,0.000,4.343,-0.000,0.000
3.91,1.697,-0.001,-0.001,4.306,-0.000,0.000
3.92,1.713,-0.000,0.000,4.033,-0.000,0.001
3.93,1.575,0.000,0.001,4.217,0.001,0.003
3.94,1.702,-0.002,-0.002,4.099,0.000,0.002
3.95,1.536,-0.002,-0.002,3.998,0.001,0.004
3.96,1.456,-0.002,-0.001,4.301,0.001,0.004
3.97,1.752,-0.002,-0.001,3.991,0.001,0.004
3.98,1.639,-0.001,0.001,4.175,0.002,0.006
3.99,1.675,-0.000,0.002,4.396,0.002,0.007
4.00,1.530,0.000,0.003,3.999,0.003,0.010
4.01,1.432,-0.000,0.002,4.255,0.003,0.011
4.02,1.339,-0.000,0.003,4.174,0.003,0.012
4.03,1.710,-0.001,0.003,4.334,0.004,0.014
4.04,1.650,-0.004,0.000,4.463,0.004,0.016
4.05,1.717,-0.003,0.002,3.943,0.003,0.016
4.06,1.764,-0.004,0.002,3.888,0.004,0.019
4.07,1.536,-0.005,0.002,4.241,0.004,0.020
4.08,1.564,-0.003,0.003,4.165,0.004,0.022
4.09,1.677,-0.004,0.004,4.173,0.005,0.025
4.10,1.595,-0.003,0.005,4.215,0.004,0.026
4.11,1.657,-0.004,0.006,4.380,0.005,0.029
4.12,1.488,-0.002,0.008,4.221,0.005,0.031
4.13,1.705,-0.002,0.009,3.950,0.005,0.033
4.14,1.704,-0.002,0.010,4.225,0.005,0.036
4.15,1.653,-0.001,0.012,4.136,0.005,0.038
4.16,1.694,0.001,0.015,4.242,0.006,0.041
4.17,1.398,0.002,0.017,4.232,0.007,0.045
4.18,1.623,0.004,0.020,4.103,0.008,0.049
4.19,1.521,0.004,0.020,4.216,0.009,0.053
4.20,1.517,0.001,0.019,4.048,0.010,0.056
4.21,1.655,0.002,0.021,4.274,0.011,0.061
4.22,1.447,0.001,0.022,4.181,0.010,0.063
4.23,1.594,0.001,0.022,3.861,0.010,0.066
4.24,1.535,-0.001,0.022,4.213,0.009,0.069
4.25,1.521,0.001,0.025,3.948,0.009,0.072
4.26,1.647,0.001,0.026,3.977,0.009,0.076
4.27,1.820,0.002,0.030,4.120,0.010,0.080
4.28,1.547,0.003,0.032,4.356,0.009,0.084
4.29,1.581,0.003,0.033,4.135,0.008,0.087
4.30,1.603,0.003,0.035,4.512,0.008,0.091
4.31,1.824,0.004,0.038,4.398,0.009,0.097
4.32,1.693,0.003,0.039,4.357,0.009,0.102
4.33,1.743,0.002,0.040,4.283,0.010,0.108
4.34,1.691,0.003,0.042,4.244,0.010,0.112
4.35,1.524,0.001,0.043,3.918,0.010,0.117
4.36,1.475,0.000,0.044,4.260,0.010,0.122
4.37,1.629,-0.000,0.045,4.237,0.009,0.127
4.38,1.503,-0.000,0.047,4.295,0.009,0.133
4.39,1.469,-0.001,0.048,4.200,0.010,0.139
4.40,1.528,-0.003,0.049,4.229,0.008,0.143
4.41,1.677,-0.003,0.051,4.283,0.009,0.149
4.42,1.631,-0.003,0.053,4.316,0.008,0.155
4.43,1.592,-0.003,0.056,4.222,0.008,0.162
4.44,1.572,-0.002,0.059,4.102,0.009,0.169
4.45,1.564,-0.002,0.061,4.164,0.008,0.174
4.46,1.649,-0.003,0.063,4.325,0.008,0.181
4.47,1.703,-0.004,0.065,3.957,0.008,0.188
4.48,1.646,-0.005,0.067,4.159,0.008,0.195
4.49,1.426,-0.004,0.070,4.512,0.009,0.204
4.50,1.437,-0.004,0.073,4.211,0.009,0.211
4.51,1.698,-0.006,0.075,3.873,0.008,0.218
4.52,1.655,-0.007,0.077,4.023,0.008,0.225
4.53,1.452,-0.007,0.079,3.808,0.008,0.233
4.54,1.617,-0.009,0.080,4.122,0.008,0.241
4.55,1.674,-0.009,0.084,4.252,0.008,0.250
4.56,1.484,-0.010,0.086,4.245,0.007,0.257
4.57,1.391,-0.009,0.089,4.103,0.007,0.266
4.58,1.690,-0.009,0.094,4.217,0.007,0.276
4.59,1.703,-0.009,0.097,4.403,0.008,0.286
4.60,1.955,-0.008,0.103,4.266,0.009,0.296
4.61,1.553,-0.009,0.105,4.256,0.010,0.307
4.62,1.727,-0.011,0.108,4.185,0.011,0.318
4.63,1.311,-0.010,0.112,4.407,0.010,0.329
4.64,1.637,-0.012,0.114,3.964,0.011,0.339
4.65,1.691,-0.013,0.117,4.427,0.009,0.349
4.66,1.511,-0.011,0.123,4.182,0.009,0.359
4.67,1.571,-0.011,0.127,4.125,0.009,0.370
4.68,1.646,-0.009,0.133,4.244,0.009,0.382
4.69,1.515,-0.010,0.137,4.275,0.008,0.393
4.70,1.687,-0.011,0.141,4.150,0.008,0.405
4.71,1.663,-0.012,0.144,4.246,0.007,0.416
4.72,1.553,-0.013,0.148,4.256,0.005,0.426
4.74,1.276,-0.014,0.151,4.179,0.007,0.440
4.74,1.476,-0.013,0.157,4.055,0.006,0.452
4.75,1.756,-0.014,0.162,4.030,0.006,0.464
4.76,2.027,-0.014,0.167,3.866,0.007,0.478
4.77,1.628,-0.014,0.174,4.461,0.007,0.492
4.78,1.476,-0.015,0.178,4.120,0.007,0.506
4.79,1.338,-0.015,0.182,4.062,0.007,0.520
4.80,1.453,-0.016,0.186,4.133,0.007,0.533
4.81,1.338,-0.015,0.191,3.894,0.008,0.548
4.82,1.590,-0.017,0.195,4.418,0.006,0.561
4.83,1.781,-0.018,0.201,4.306,0.006,0.577
4.84,1.635,-0.018,0.207,4.397,0.006,0.593
4.85,1.553,-0.019,0.212,4.339,0.007,0.610
4.86,1.571,-0.016,0.220,4.268,0.006,0.625
4.87,1.283,-0.018,0.224,4.155,0.006,0.641
4.88,1.874,-0.016,0.233,4.274,0.007,0.658
4.89,1.603,-0.016,0.239,3.968,0.007,0.675
4.90,1.791,-0.016,0.246,4.387,0.007,0.692
4.91,1.772,-0.014,0.256,4.100,0.007,0.709
4.92,1.681,-0.012,0.264,4.135,0.007,0.725
4.93,1.468,-0.012,0.271,4.244,0.007,0.743
4.94,1.660,-0.013,0.277,4.372,0.007,0.762
4.95,1.568,-0.010,0.286,4.052,0.008,0.780
4.96,1.459,-0.010,0.294,4.404,0.008,0.800
4.98,1.601,-0.008,0.303,4.072,0.009,0.819
4.99,1.581,-0.008,0.309,3.855,0.008,0.836
4.99,1.741,-0.008,0.318,4.318,0.008,0.855
5.00,1.538,-0.008,0.325,4.185,0.009,0.875
5.01,1.525,-0.006,0.334,4.448,0.008,0.896
5.03,1.665,-0.007,0.341,4.228,0.009,0.916
5.04,1.644,-0.006,0.350,4.213,0.008,0.936
5.05,1.615,-0.005,0.359,4.178,0.009,0.957
5.06,1.293,-0.004,0.366,4.211,0.008,0.977
5.07,1.717,-0.005,0.374,4.136,0.008,0.998
5.08,1.566,-0.004,0.383,4.376,0.008,1.020
5.09,1.728,-0.004,0.392,4.034,0.009,1.041
5.10,1.804,-0.002,0.403,4.143,0.009,1.063
5.11,1.634,-0.003,0.411,4.054,0.009,1.084
5.12,1.469,-0.002,0.420,4.008,0.009,1.104
5.13,1.389,-0.001,0.428,4.105,0.009,1.126
5.14,1.435,-0.000,0.436,4.238,0.008,1.148
5.15,1.559,0.002,0.447,4.321,0.008,1.171
5.16,1.594,0.003,0.456,4.217,0.008,1.195
5.17,1.733,0.001,0.465,4.032,0.007,1.216
5.18,1.608,0.003,0.475,4.348,0.006,1.240
5.19,1.779,0.003,0.485,4.181,0.006,1.263
5.20,1.530,0.004,0.495,4.190,0.006,1.287
5.21,1.802,0.004,0.505,4.029,0.007,1.311
5.22,1.478,0.005,0.514,4.362,0.008,1.337
5.23,1.543,0.006,0.525,4.100,0.009,1.363
5.24,1.735,0.007,0.536,4.327,0.009,1.388
5.25,1.433,0.008,0.545,4.231,0.010,1.414
5.26,1.609,0.006,0.553,4.021,0.010,1.437
5.27,1.824,0.006,0.564,4.408,0.009,1.463
5.28,1.460,0.007,0.574,3.851,0.010,1.487
5.29,1.470,0.009,0.584,4.128,0.011,1.512
5.30,1.753,0.008,0.594,4.311,0.010,1.538
5.31,1.504,0.010,0.605,4.039,0.010,1.563
5.32,1.610,0.011,0.616,4.108,0.010,1.588
5.33,1.620,0.010,0.625,4.239,0.008,1.613
5.34,1.643,0.013,0.639,4.160,0.009,1.639
5.35,1.458,0.013,0.647,4.095,0.010,1.666
5.36,1.487,0.013,0.657,4.099,0.009,1.691
5.37,1.409,0.012,0.665,4.553,0.009,1.720
5.38,1.715,0.013,0.676,4.326,0.009,1.748
5.39,1.626,0.011,0.685,4.145,0.008,1.773
5.40,1.739,0.011,0.696,4.120,0.009,1.800
5.41,1.494,0.011,0.705,4.272,0.009,1.828
5.42,1.512,0.013,0.716,4.429,0.008,1.856
5.43,1.737,0.013,0.728,4.067,0.007,1.881
5.44,1.151,0.013,0.735,4.355,0.005,1.908
5.45,1.623,0.013,0.745,4.272,0.005,1.935
5.46,1.652,0.012,0.755,3.895,0.005,1.960
5.47,1.880,0.012,0.768,3.761,0.005,1.985
5.48,1.618,0.012,0.779,4.501,0.006,2.015
5.49,1.706,0.012,0.789,4.361,0.007,2.045
5.50,1.810,0.013,0.803,4.349,0.007,2.074
5.51,1.660,0.013,0.814,4.303,0.007,2.103
5.52,1.466,0.014,0.824,4.109,0.006,2.129
5.53,1.661,0.013,0.835,3.942,0.005,2.154
5.54,1.669,0.015,0.848,4.164,0.005,2.181
5.55,1.533,0.018,0.860,4.318,0.004,2.210
5.56,1.432,0.019,0.871,4.097,0.004,2.238
5.57,1.530,0.019,0.881,4.153,0.005,2.266
5.58,1.512,0.019,0.891,4.168,0.006,2.294
5.59,1.561,0.021,0.902,4.159,0.008,2.324
5.60,1.544,0.020,0.912,4.054,0.009,2.352
5.61,1.678,0.020,0.923,4.344,0.009,2.381
5.62,1.812,0.020,0.935,4.294,0.010,2.410
5.63,1.812,0.021,0.948,3.833,0.009,2.434
5.64,1.522,0.021,0.959,4.256,0.008,2.462
5.65,1.646,0.022,0.970,4.218,0.008,2.490
5.66,1.601,0.021,0.979,4.397,0.008,2.520
5.67,1.455,0.022,0.990,4.165,0.009,2.547
5.68,1.638,0.023,1.002,4.019,0.008,2.573
5.69,1.527,0.024,1.012,4.168,0.008,2.600
5.70,1.542,0.024,1.022,4.182,0.007,2.627
5.71,1.635,0.028,1.036,3.940,0.008,2.653
5.72,1.708,0.028,1.049,4.342,0.008,2.683
5.73,1.508,0.027,1.057,4.205,0.007,2.710
5.74,1.513,0.028,1.067,4.554,0.009,2.742
5.75,1.789,0.026,1.076,4.000,0.007,2.766
5.76,1.624,0.025,1.086,4.105,0.006,2.791
5.77,1.640,0.026,1.098,4.193,0.007,2.819
5.78,1.821,0.026,1.110,4.307,0.006,2.846
5.79,1.658,0.025,1.120,4.248,0.006,2.873
5.80,1.305,0.026,1.127,4.438,0.005,2.902
5.81,1.554,0.025,1.136,3.996,0.004,2.925
5.82,1.461,0.024,1.144,4.223,0.003,2.951
5.83,1.471,0.022,1.151,4.216,0.003,2.978
5.84,1.614,0.022,1.160,4.092,0.001,3.002
5.85,1.566,0.025,1.172,4.239,0.002,3.028
5.86,1.596,0.023,1.181,4.133,0.001,3.053
5.87,1.229,0.022,1.186,4.292,0.000,3.080
5.88,1.945,0.022,1.199,3.966,-0.000,3.102
5.89,1.353,0.024,1.208,4.390,-0.001,3.130
5.90,1.543,0.025,1.217,4.318,-0.000,3.157
5.91,1.291,0.026,1.225,4.066,0.001,3.182
5.92,1.668,0.026,1.235,3.993,0.001,3.206
5.93,1.464,0.025,1.242,4.177,-0.001,3.229
5.94,1.202,0.025,1.247,4.323,0.000,3.256
5.95,1.516,0.025,1.256,4.312,-0.001,3.281
5.96,1.715,0.027,1.268,3.972,-0.000,3.304
5.97,1.757,0.027,1.278,4.198,0.001,3.330
5.98,1.868,0.029,1.292,4.302,-0.000,3.355
5.99,1.262,0.027,1.296,4.396,-0.002,3.379
6.00,1.819,0.027,1.307,4.252,-0.002,3.404
6.01,1.371,0.028,1.314,4.359,-0.002,3.429
6.02,1.654,0.027,1.323,4.286,-0.001,3.455
6.03,1.760,0.026,1.332,4.170,-0.001,3.478
6.04,1.662,0.023,1.339,4.199,-0.000,3.502
6.05,1.862,0.023,1.350,3.899,-0.000,3.522
6.06,1.621,0.022,1.359,4.334,-0.001,3.547
6.07,1.769,0.024,1.371,4.371,-0.001,3.572
6.08,1.676,0.025,1.382,4.197,0.000,3.596
6.09,1.455,0.024,1.388,4.299,0.000,3.620
6.10,1.669,0.027,1.400,4.326,0.001,3.644
6.11,1.593,0.030,1.410,4.136,0.002,3.666
6.12,1.717,0.029,1.418,4.076,0.001,3.686
6.13,1.439,0.029,1.425,4.183,0.001,3.707
6.14,1.584,0.028,1.432,4.360,0.001,3.730
6.15,1.634,0.030,1.442,4.033,0.002,3.751
6.16,1.298,0.029,1.445,4.142,0.002,3.771
6.17,1.499,0.030,1.453,3.919,0.003,3.790
6.18,1.548,0.031,1.461,4.466,0.002,3.812
6.19,1.733,0.032,1.471,3.888,0.002,3.830
6.20,1.756,0.031,1.479,3.845,0.001,3.845
6.21,1.535,0.031,1.486,4.021,0.002,3.864
6.22,1.874,0.029,1.495,4.170,0.003,3.884
6.23,1.550,0.030,1.503,4.229,0.002,3.905
6.24,1.524,0.030,1.509,4.208,0.002,3.925
6.25,1.551,0.031,1.517,3.893,0.003,3.942
6.27,1.519,0.032,1.524,4.142,0.004,3.961
6.28,1.393,0.033,1.529,4.144,0.004,3.980
6.28,1.796,0.033,1.539,4.073,0.003,3.995
6.29,1.625,0.036,1.548,4.423,0.003,4.017
6.31,1.310,0.036,1.552,4.197,0.003,4.035
6.32,1.504,0.034,1.555,4.138,0.004,4.053
6.32,1.705,0.033,1.562,4.133,0.004,4.071
6.33,1.473,0.032,1.566,3.964,0.005,4.087
6.35,1.535,0.033,1.573,4.355,0.005,4.106
6.35,1.729,0.033,1.581,4.423,0.005,4.126
6.36,2.133,0.031,1.592,4.240,0.004,4.142
6.37,1.534,0.029,1.595,4.077,0.003,4.157
6.38,1.629,0.030,1.603,4.337,0.002,4.174
6.39,1.589,0.033,1.611,4.190,0.001,4.190
6.40,1.649,0.033,1.618,3.828,0.001,4.202
6.42,1.618,0.034,1.625,4.210,-0.000,4.217
6.43,1.328,0.034,1.627,4.105,-0.000,4.232
6.44,1.608,0.034,1.633,4.200,0.001,4.248
6.45,1.728,0.034,1.641,3.969,0.001,4.261
6.46,1.516,0.034,1.645,4.080,0.000,4.275
6.47,1.599,0.033,1.650,4.358,0.000,4.292
6.48,1.670,0.033,1.656,4.362,0.000,4.309
6.49,1.638,0.034,1.663,4.272,0.002,4.326
6.50,1.669,0.034,1.669,4.080,0.002,4.339
6.51,1.605,0.035,1.675,4.132,0.003,4.354
6.52,1.423,0.033,1.677,4.213,0.003,4.369
6.53,1.564,0.033,1.681,4.222,0.001,4.381
6.53,1.500,0.034,1.686,3.973,0.002,4.393
6.54,1.518,0.035,1.691,3.908,0.002,4.403
6.55,1.757,0.035,1.698,4.256,0.003,4.418
6.57,1.746,0.038,1.707,4.244,0.002,4.432
6.58,1.452,0.037,1.710,4.319,0.003,4.448
6.59,1.597,0.037,1.714,4.429,0.002,4.463
6.60,1.631,0.037,1.719,4.149,0.002,4.475
6.61,1.640,0.035,1.722,4.237,0.002,4.489
6.62,1.515,0.034,1.724,4.226,0.001,4.500
6.63,1.672,0.036,1.732,4.185,0.002,4.513
6.64,1.924,0.035,1.739,4.374,0.001,4.526
6.65,1.399,0.037,1.743,4.393,0.002,4.541
6.66,1.589,0.036,1.746,4.283,0.001,4.553
6.67,1.578,0.034,1.748,4.369,0.002,4.568
6.68,1.835,0.033,1.754,4.325,0.002,4.581
6.69,1.631,0.034,1.759,4.301,0.002,4.593
6.70,1.737,0.034,1.765,4.075,0.002,4.602
6.71,1.630,0.032,1.767,4.044,0.001,4.610
6.72,1.595,0.034,1.773,3.853,0.001,4.616
6.73,1.542,0.033,1.775,4.012,-0.001,4.622
6.74,1.784,0.035,1.782,4.144,-0.000,4.632
6.75,1.758,0.035,1.789,4.167,-0.000,4.644
6.76,1.369,0.034,1.789,4.293,0.002,4.657
6.77,1.708,0.035,1.794,4.273,0.003,4.668
6.78,1.250,0.033,1.792,4.143,0.003,4.677
6.79,1.646,0.034,1.796,4.109,0.001,4.684
6.80,1.648,0.034,1.800,4.139,0.002,4.693
6.81,1.417,0.034,1.801,4.318,0.001,4.702
6.82,1.505,0.035,1.804,4.092,0.000,4.710
6.83,1.512,0.035,1.806,4.060,-0.001,4.716
6.84,1.479,0.034,1.807,4.162,0.000,4.725
6.85,1.586,0.033,1.809,4.192,0.001,4.734
6.86,1.534,0.031,1.809,4.007,0.000,4.739
6.87,1.509,0.029,1.808,4.162,0.002,4.749
6.88,1.863,0.029,1.815,3.970,0.003,4.755
6.89,1.429,0.028,1.814,4.103,0.004,4.762
6.90,1.701,0.028,1.819,4.230,0.004,4.771
6.91,1.597,0.030,1.823,4.306,0.004,4.779
6.92,1.750,0.031,1.829,3.930,0.003,4.782
6.93,1.639,0.034,1.835,4.142,0.000,4.787
6.94,1.615,0.035,1.839,3.866,-0.000,4.789
6.95,1.759,0.037,1.845,4.302,-0.001,4.797
6.96,1.510,0.038,1.848,4.145,-0.001,4.803
6.97,1.657,0.039,1.852,4.162,-0.001,4.809
6.98,1.763,0.039,1.856,4.128,-0.002,4.815
6.99,1.503,0.038,1.856,4.027,-0.001,4.820
7.00,1.686,0.039,1.860,4.013,-0.001,4.824
7.01,1.530,0.041,1.863,4.093,-0.002,4.828
7.02,1.530,0.041,1.865,4.190,-0.002,4.834
7.03,1.252,0.042,1.863,4.352,-0.002,4.843
7.04,1.484,0.042,1.863,4.127,-0.001,4.848
7.05,1.814,0.043,1.868,4.036,-0.002,4.852
7.06,1.631,0.041,1.869,3.915,-0.002,4.854
7.07,1.847,0.041,1.874,4.320,0.000,4.862
7.08,1.361,0.040,1.871,4.073,0.001,4.867
7.09,1.697,0.039,1.875,3.979,0.001,4.871
7.10,1.448,0.040,1.875,4.112,0.002,4.876
7.11,1.236,0.040,1.872,4.113,0.002,4.881
7.12,1.689,0.042,1.877,3.985,0.002,4.883
7.13,1.533,0.043,1.879,4.283,0.003,4.889
7.14,1.587,0.043,1.880,4.076,0.003,4.892
7.15,1.675,0.043,1.883,4.086,0.002,4.894
7.16,1.654,0.041,1.883,4.215,0.002,4.899
7.17,1.767,0.042,1.887,4.198,0.001,4.903
7.18,1.743,0.041,1.889,4.346,-0.001,4.907
7.19,1.403,0.041,1.888,4.256,-0.001,4.912
7.20,1.316,0.042,1.887,4.433,-0.001,4.919
7.21,1.440,0.042,1.886,4.179,-0.002,4.922
7.22,1.410,0.045,1.887,4.098,-0.003,4.924
7.23,1.515,0.045,1.888,4.262,-0.003,4.929
7.24,1.548,0.046,1.889,4.128,-0.004,4.930
7.25,1.674,0.042,1.888,4.117,-0.003,4.934
7.26,1.748,0.042,1.890,3.981,-0.002,4.937
7.27,1.624,0.041,1.891,4.056,-0.002,4.938
7.28,1.797,0.043,1.896,4.344,-0.002,4.944
7.29,1.542,0.046,1.899,3.880,-0.001,4.944
7.30,1.777,0.047,1.903,4.152,-0.002,4.945
7.31,1.894,0.047,1.909,4.043,-0.001,4.947
7.32,1.574,0.044,1.906,4.008,-0.001,4.947
7.33,1.648,0.045,1.908,4.259,-0.001,4.951
7.34,1.347,0.044,1.905,4.178,-0.001,4.953
7.35,1.624,0.045,1.906,4.151,-0.001,4.955
7.36,1.601,0.044,1.906,4.036,-0.002,4.955
7.37,1.831,0.042,1.908,4.355,-0.004,4.958
7.38,1.525,0.041,1.907,4.378,-0.005,4.962
7.39,1.535,0.043,1.909,4.189,-0.004,4.965
7.40,1.834,0.043,1.912,4.119,-0.004,4.966
7.41,1.527,0.044,1.912,4.336,-0.004,4.970
7.42,1.568,0.044,1.912,4.211,-0.003,4.973
7.43,1.581,0.045,1.914,4.253,-0.003,4.976
7.44,1.505,0.045,1.913,4.308,-0.002,4.980
7.45,1.641,0.045,1.913,3.820,-0.001,4.977
7.46,1.430,0.046,1.913,4.041,-0.002,4.977
7.47,1.648,0.045,1.913,4.272,-0.000,4.981
7.48,1.575,0.046,1.914,4.287,-0.002,4.982
7.49,1.483,0.045,1.911,4.039,-0.002,4.981
7.50,1.689,0.044,1.912,4.104,-0.002,4.981
7.51,1.485,0.045,1.912,4.143,-0.001,4.983
7.52,1.731,0.045,1.914,4.209,-0.001,4.984
7.53,1.617,0.044,1.913,3.920,-0.000,4.982
7.54,1.560,0.045,1.914,4.439,-0.001,4.985
7.55,1.333,0.048,1.913,4.073,-0.001,4.985
7.56,1.434,0.045,1.908,4.042,-0.001,4.984
7.57,1.338,0.046,1.905,4.048,-0.002,4.982
7.58,1.732,0.044,1.905,3.908,-0.002,4.979
7.59,1.793,0.041,1.906,4.175,-0.002,4.980
7.60,1.668,0.041,1.906,4.293,-0.002,4.983
7.61,1.590,0.039,1.905,4.178,-0.001,4.983
7.62,1.501,0.038,1.902,4.181,-0.001,4.985
7.63,1.586,0.038,1.902,4.181,-0.001,4.985
7.64,1.534,0.039,1.902,4.247,-0.001,4.986
7.65,1.568,0.038,1.901,3.908,0.000,4.983
7.66,1.591,0.038,1.900,4.036,0.001,4.982
7.67,1.464,0.036,1.896,4.528,0.000,4.986
7.68,1.517,0.036,1.895,4.205,0.000,4.986
7.69,1.869,0.036,1.899,4.107,0.000,4.985
7.70,1.413,0.037,1.897,4.095,0.001,4.984
7.71,1.428,0.038,1.896,4.347,0.001,4.986
7.72,1.625,0.037,1.896,4.179,0.002,4.987
7.73,1.864,0.039,1.901,4.168,0.003,4.987
7.74,1.751,0.039,1.902,4.244,0.003,4.988
7.75,1.553,0.038,1.901,4.287,0.002,4.988
7.76,1.207,0.040,1.897,4.066,0.002,4.986
7.77,1.562,0.041,1.898,4.400,0.002,4.989
7.78,1.419,0.040,1.894,4.003,0.001,4.985
7.79,1.420,0.041,1.893,4.138,0.002,4.985
7.80,1.596,0.043,1.894,4.234,0.004,4.986
7.82,1.455,0.044,1.893,4.140,0.003,4.984
7.82,1.403,0.043,1.889,4.017,0.004,4.982
7.84,1.890,0.043,1.893,3.866,0.004,4.977
7.85,1.515,0.040,1.888,4.215,0.004,4.977
7.86,1.807,0.041,1.891,3.974,0.004,4.973
7.86,1.561,0.039,1.889,4.083,0.004,4.970
7.87,1.689,0.039,1.889,4.381,0.004,4.972
7.89,1.450,0.040,1.888,4.034,0.004,4.969
7.90,1.508,0.042,1.888,4.208,0.004,4.968
7.90,1.522,0.041,1.885,3.931,0.004,4.963
7.91,1.458,0.042,1.884,3.762,0.004,4.957
7.93,1.626,0.042,1.884,4.037,0.005,4.955
7.94,1.575,0.043,1.884,4.302,0.005,4.955
7.94,1.568,0.043,1.884,4.067,0.004,4.951
7.95,1.670,0.044,1.885,4.323,0.003,4.951
7.97,1.770,0.042,1.884,4.155,0.003,4.949
7.98,1.466,0.041,1.881,4.171,0.004,4.948
7.99,1.590,0.040,1.880,4.545,0.004,4.952
8.00,1.535,0.040,1.878,4.313,0.005,4.953
8.01,1.572,0.040,1.878,4.193,0.005,4.952
8.02,1.569,0.040,1.876,4.187,0.006,4.951
8.03,1.845,0.040,1.878,4.365,0.006,4.951
8.04,1.474,0.039,1.875,4.105,0.005,4.948
8.05,1.582,0.038,1.873,4.207,0.004,4.946
8.06,1.353,0.037,1.869,4.155,0.005,4.944
8.07,1.658,0.038,1.870,4.467,0.002,4.943
8.08,1.979,0.038,1.874,4.545,0.002,4.946
8.09,1.509,0.038,1.872,4.209,0.002,4.944
8.10,1.637,0.038,1.872,4.269,0.002,4.943
8.11,1.402,0.039,1.870,4.288,0.001,4.942
8.12,1.459,0.042,1.870,4.294,0.000,4.941
8.13,1.493,0.040,1.867,4.208,0.000,4.939
8.14,1.357,0.040,1.863,4.064,-0.001,4.935
8.15,1.296,0.038,1.856,4.172,0.000,4.934
8.16,1.933,0.040,1.861,4.413,0.001,4.935
8.17,1.619,0.040,1.861,4.119,0.002,4.933
8.18,1.514,0.040,1.859,4.165,0.003,4.931
8.19,1.621,0.041,1.860,4.167,0.002,4.928
8.20,1.756,0.041,1.861,4.412,0.002,4.928
8.21,1.586,0.039,1.858,4.226,0.002,4.927
8.22,1.516,0.039,1.856,4.263,0.001,4.925
8.23,1.580,0.039,1.855,4.190,0.002,4.923
8.24,1.508,0.040,1.854,4.283,0.003,4.923
8.25,1.639,0.039,1.853,3.815,0.002,4.915
8.26,1.458,0.041,1.852,4.317,0.003,4.915
8.27,1.653,0.043,1.854,4.380,0.002,4.914
8.28,1.713,0.042,1.854,4.042,0.003,4.911
8.29,1.470,0.042,1.851,4.165,0.003,4.909
8.30,1.471,0.043,1.850,4.157,0.002,4.905
8.31,1.566,0.043,1.849,4.207,0.004,4.904
8.32,1.776,0.044,1.851,4.219,0.004,4.902
8.33,1.779,0.045,1.854,4.543,0.004,4.904
8.34,1.369,0.045,1.849,4.387,0.004,4.905
8.35,1.759,0.045,1.851,4.156,0.006,4.903
8.36,1.369,0.045,1.847,4.184,0.006,4.900
8.37,1.493,0.046,1.846,4.034,0.006,4.896
8.38,1.927,0.047,1.850,4.478,0.005,4.896
8.39,1.681,0.047,1.849,4.253,0.006,4.894
8.40,1.663,0.046,1.849,4.237,0.006,4.892
8.41,1.533,0.046,1.847,4.349,0.006,4.892
8.42,1.612,0.048,1.848,4.136,0.005,4.888
8.43,1.728,0.047,1.847,4.286,0.006,4.887
8.44,1.596,0.045,1.844,4.233,0.007,4.885
8.45,1.694,0.048,1.847,4.263,0.009,4.885
8.46,1.489,0.047,1.844,4.281,0.008,4.883
8.47,1.595,0.046,1.841,4.433,0.009,4.883
8.48,1.355,0.045,1.836,4.258,0.009,4.881
8.49,1.467,0.044,1.833,3.954,0.009,4.875
8.50,1.507,0.044,1.831,4.180,0.009,4.872
8.51,1.642,0.044,1.830,4.292,0.009,4.871
8.52,1.901,0.043,1.832,4.000,0.009,4.865
8.53,1.474,0.043,1.830,4.165,0.010,4.862
8.54,1.430,0.045,1.828,4.598,0.010,4.865
8.55,1.588,0.044,1.826,3.955,0.009,4.857
8.56,1.748,0.043,1.826,3.950,0.009,4.851
8.57,1.463,0.044,1.824,4.127,0.007,4.845
8.58,1.597,0.044,1.823,4.130,0.007,4.842
8.59,1.557,0.045,1.823,4.266,0.007,4.839
8.60,1.641,0.046,1.823,4.156,0.007,4.836
8.61,1.494,0.047,1.821,4.494,0.005,4.835
8.62,1.573,0.045,1.819,4.297,0.007,4.835
8.63,1.579,0.048,1.820,4.164,0.007,4.832
8.64,1.609,0.046,1.817,4.008,0.007,4.827
8.65,1.567,0.046,1.816,4.138,0.007,4.823
8.66,1.761,0.045,1.815,4.350,0.008,4.822
8.67,1.590,0.043,1.813,4.058,0.009,4.818
8.68,1.538,0.044,1.811,4.212,0.010,4.817
8.69,1.626,0.041,1.807,4.241,0.010,4.814
8.70,1.799,0.039,1.808,4.190,0.009,4.809
8.71,1.734,0.040,1.809,4.336,0.008,4.808
8.72,1.613,0.040,1.808,4.236,0.008,4.805
8.73,1.562,0.040,1.806,4.427,0.009,4.806
8.74,1.495,0.039,1.803,4.275,0.010,4.805
8.75,1.528,0.039,1.802,4.428,0.010,4.805
8.76,1.652,0.039,1.801,4.114,0.010,4.800
8.77,1.560,0.039,1.799,4.139,0.010,4.796
8.78,1.611,0.039,1.799,4.206,0.011,4.794
8.79,1.946,0.038,1.801,4.344,0.011,4.792
8.80,1.490,0.038,1.798,4.541,0.011,4.795
8.81,1.774,0.039,1.801,4.096,0.011,4.790
8.82,1.574,0.039,1.800,4.323,0.012,4.788
8.83,1.411,0.037,1.794,4.147,0.011,4.783
8.84,1.617,0.037,1.793,4.137,0.011,4.780
8.85,1.415,0.038,1.791,3.873,0.012,4.773
8.86,1.660,0.040,1.793,4.059,0.012,4.768
8.87,1.448,0.041,1.791,4.173,0.012,4.765
8.88,1.572,0.040,1.788,3.917,0.012,4.758
8.89,1.605,0.042,1.789,4.120,0.012,4.753
8.90,1.656,0.040,1.787,4.669,0.012,4.756
8.91,1.641,0.041,1.787,4.336,0.012,4.754
8.92,1.583,0.042,1.787,4.247,0.013,4.753
8.93,1.652,0.042,1.786,4.164,0.013,4.749
8.94,1.361,0.042,1.782,4.146,0.012,4.745
8.95,1.612,0.042,1.782,4.229,0.011,4.740
8.96,1.572,0.042,1.779,4.041,0.011,4.735
8.97,1.535,0.043,1.779,4.205,0.011,4.732
8.98,1.230,0.045,1.775,4.000,0.011,4.726
8.99,1.618,0.045,1.774,4.140,0.011,4.722
9.00,1.578,0.046,1.774,4.150,0.012,4.719
9.01,1.485,0.045,1.770,4.285,0.010,4.715
9.02,1.644,0.044,1.769,4.247,0.011,4.714
9.03,1.676,0.046,1.770,4.339,0.012,4.713
9.04,1.574,0.045,1.768,4.235,0.011,4.710
9.05,1.582,0.046,1.768,4.136,0.011,4.705
9.06,1.706,0.047,1.769,4.363,0.010,4.703
9.07,1.540,0.044,1.765,4.236,0.010,4.701
9.08,1.804,0.045,1.767,4.542,0.011,4.703
9.09,1.715,0.046,1.769,4.148,0.011,4.699
9.10,1.672,0.045,1.767,4.486,0.012,4.700
9.11,1.433,0.042,1.761,4.160,0.011,4.695
9.12,1.548,0.043,1.761,4.332,0.010,4.693
9.13,1.363,0.042,1.755,4.223,0.009,4.689
9.14,1.738,0.042,1.756,3.859,0.009,4.681
9.15,1.645,0.045,1.759,4.166,0.008,4.677
9.16,1.449,0.045,1.756,4.443,0.008,4.677
9.17,1.560,0.045,1.754,3.886,0.010,4.671
9.18,1.681,0.045,1.754,4.146,0.009,4.666
9.19,1.629,0.044,1.752,4.431,0.008,4.666
9.20,1.595,0.041,1.748,4.248,0.010,4.664
9.21,1.761,0.040,1.749,4.049,0.011,4.660
9.22,1.605,0.040,1.748,4.359,0.010,4.659
9.23,1.471,0.041,1.745,4.371,0.011,4.658
9.24,1.569,0.038,1.742,4.128,0.010,4.654
9.25,1.526,0.039,1.741,4.098,0.010,4.649
9.27,1.808,0.037,1.740,3.922,0.008,4.641
9.27,1.630,0.037,1.740,3.996,0.008,4.635
9.28,1.549,0.038,1.740,4.234,0.009,4.633
9.29,1.832,0.037,1.741,4.440,0.010,4.634
9.30,1.546,0.036,1.737,4.073,0.009,4.628
9.31,1.726,0.037,1.740,4.015,0.010,4.624
9.33,1.442,0.036,1.735,4.265,0.010,4.621
9.34,1.397,0.036,1.732,4.302,0.009,4.619
9.35,1.593,0.035,1.730,4.201,0.009,4.615
9.36,1.504,0.035,1.728,4.229,0.009,4.613
9.37,1.509,0.036,1.727,4.008,0.010,4.609
9.38,1.741,0.035,1.726,4.428,0.009,4.608
9.39,1.759,0.034,1.726,4.021,0.008,4.601
9.40,1.535,0.034,1.725,3.971,0.008,4.595
9.41,1.536,0.032,1.722,4.436,0.008,4.595
9.42,1.447,0.033,1.720,3.985,0.007,4.588
9.43,1.571,0.034,1.719,4.293,0.007,4.587
9.44,1.537,0.033,1.716,4.168,0.007,4.583
9.45,1.512,0.035,1.717,4.329,0.007,4.582
9.46,1.778,0.034,1.717,4.308,0.007,4.581
9.47,1.374,0.032,1.711,4.200,0.009,4.580
9.48,1.597,0.031,1.710,4.099,0.010,4.576
9.49,1.481,0.033,1.709,4.227,0.010,4.574
9.50,1.532,0.032,1.707,4.113,0.010,4.570
9.51,1.474,0.032,1.704,3.991,0.009,4.563
9.52,1.568,0.030,1.701,4.216,0.009,4.560
9.53,1.575,0.029,1.699,4.250,0.007,4.557
9.54,1.583,0.029,1.698,3.991,0.007,4.550
9.55,1.601,0.028,1.696,4.012,0.007,4.545
9.56,1.460,0.028,1.694,4.300,0.005,4.542
9.57,1.338,0.028,1.690,4.039,0.003,4.535
9.58,1.724,0.029,1.691,4.168,0.003,4.532
9.59,1.453,0.027,1.687,4.003,0.002,4.526
9.60,1.536,0.025,1.684,3.974,0.001,4.519
9.61,1.301,0.026,1.680,4.011,0.000,4.513
9.62,1.576,0.027,1.680,3.918,0.001,4.508
9.63,1.293,0.026,1.674,4.020,0.002,4.504
9.64,1.518,0.027,1.674,4.042,0.001,4.498
9.65,1.498,0.027,1.672,4.213,0.000,4.495
9.66,1.372,0.026,1.668,4.195,-0.000,4.493
9.67,1.505,0.026,1.666,4.316,-0.001,4.490
9.68,1.531,0.025,1.664,4.000,-0.002,4.485
9.69,1.547,0.024,1.662,4.347,-0.002,4.484
9.70,1.300,0.023,1.656,4.201,-0.003,4.481
9.71,1.612,0.022,1.655,4.087,-0.001,4.479
9.72,1.830,0.023,1.658,4.179,-0.002,4.475
9.73,1.537,0.025,1.659,4.414,-0.003,4.475
9.74,1.697,0.024,1.659,4.197,-0.003,4.473
9.75,1.666,0.025,1.660,4.505,-0.002,4.476
9.76,1.624,0.023,1.659,4.225,-0.002,4.473
9.77,1.657,0.023,1.659,4.018,-0.002,4.468
9.78,1.709,0.025,1.662,4.008,-0.001,4.464
9.79,1.527,0.024,1.660,4.144,-0.002,4.460
9.80,1.522,0.025,1.658,4.474,-0.003,4.460
9.81,1.412,0.025,1.655,4.378,-0.002,4.461
9.82,1.575,0.025,1.655,4.262,-0.003,4.459
9.83,1.793,0.024,1.656,4.393,-0.004,4.459
9.84,1.454,0.026,1.656,4.197,-0.003,4.457
9.85,1.836,0.025,1.658,4.049,-0.004,4.452
9.86,1.653,0.027,1.660,4.488,-0.004,4.453
9.87,1.333,0.028,1.656,3.866,-0.004,4.446
9.88,1.658,0.027,1.656,4.223,-0.004,4.445
9.89,1.617,0.026,1.655,4.223,-0.003,4.444
9.90,1.556,0.026,1.654,4.155,-0.003,4.441
9.91,1.355,0.027,1.651,4.137,-0.004,4.437
9.92,1.675,0.028,1.653,4.121,-0.004,4.433
9.93,1.519,0.029,1.652,4.272,-0.004,4.432
9.94,1.631,0.029,1.652,4.098,-0.006,4.427
9.95,1.385,0.026,1.646,4.189,-0.006,4.424
9.96,1.680,0.026,1.646,4.470,-0.006,4.427
9.97,1.617,0.027,1.647,4.196,-0.003,4.427
9.98,1.619,0.027,1.647,4.054,-0.002,4.424
9.99,1.416,0.027,1.645,4.129,-0.004,4.419
10.00,1.592,0.026,1.643,3.980,-0.003,4.415
10.01,1.407,0.027,1.641,4.035,-0.003,4.411
10.02,1.471,0.027,1.639,4.216,-0.002,4.410
10.03,1.452,0.028,1.638,4.253,-0.002,4.408
10.04,1.469,0.031,1.638,4.395,-0.003,4.408
10.05,1.723,0.031,1.640,4.226,-0.005,4.404
10.06,1.615,0.031,1.639,4.069,-0.005,4.400
10.07,1.407,0.031,1.637,3.952,-0.005,4.395
10.08,1.367,0.029,1.631,4.105,-0.005,4.392
10.09,1.828,0.029,1.634,4.299,-0.004,4.393
10.10,1.467,0.029,1.632,4.281,-0.004,4.392
10.11,1.531,0.029,1.630,3.986,-0.003,4.388
10.12,1.711,0.028,1.631,4.280,-0.003,4.387
10.13,1.420,0.027,1.627,3.996,-0.004,4.381
10.14,1.696,0.026,1.627,4.136,-0.004,4.379
10.15,1.516,0.028,1.627,4.286,-0.006,4.376
10.16,1.455,0.028,1.625,4.497,-0.005,4.379
10.17,1.788,0.027,1.626,4.070,-0.005,4.375
10.18,1.483,0.026,1.624,4.229,-0.006,4.373
10.19,1.682,0.025,1.624,3.886,-0.005,4.368
10.20,1.964,0.025,1.629,4.332,-0.006,4.367
10.21,1.721,0.025,1.629,4.375,-0.004,4.369
10.22,1.716,0.024,1.630,4.197,-0.004,4.367
10.23,1.530,0.024,1.629,4.248,-0.004,4.366
10.24,1.653,0.025,1.630,4.260,-0.005,4.365
10.25,1.536,0.025,1.629,4.147,-0.004,4.363
10.26,1.619,0.025,1.629,3.969,-0.004,4.358
10.27,1.523,0.026,1.628,4.038,-0.003,4.356
10.28,1.582,0.027,1.629,4.112,-0.002,4.353
10.29,1.545,0.029,1.630,4.384,-0.003,4.353
10.30,1.720,0.028,1.631,4.034,-0.004,4.349
10.31,1.646,0.029,1.631,4.318,-0.003,4.349
10.32,1.598,0.030,1.632,4.231,-0.003,4.348
10.33,1.560,0.030,1.632,4.538,-0.002,4.351
10.34,1.664,0.032,1.634,4.230,-0.003,4.350
10.35,1.455,0.034,1.634,4.176,-0.002,4.348
10.36,1.459,0.036,1.633,4.488,-0.001,4.351
10.37,1.475,0.036,1.631,4.079,-0.002,4.347
10.38,1.657,0.036,1.632,4.246,-0.003,4.344
10.39,1.563,0.036,1.631,4.247,-0.002,4.345
10.40,1.407,0.036,1.628,4.344,-0.003,4.344
10.41,1.296,0.038,1.625,4.272,-0.002,4.344
10.42,1.495,0.039,1.625,4.300,-0.001,4.345
10.43,1.557,0.041,1.626,4.197,-0.001,4.343
10.44,1.781,0.038,1.625,4.246,-0.001,4.342
10.45,1.756,0.036,1.625,4.303,-0.001,4.342
10.46,1.512,0.036,1.623,4.353,-0.001,4.343
10.47,1.518,0.038,1.624,4.065,0.000,4.340
10.48,1.664,0.038,1.624,4.119,0.002,4.339
10.49,1.653,0.037,1.623,4.319,0.004,4.341
10.50,1.638,0.038,1.625,4.548,0.003,4.343
10.51,1.597,0.038,1.624,4.445,0.004,4.345
10.52,1.407,0.038,1.622,4.336,0.003,4.345
10.53,1.667,0.039,1.623,4.350,0.002,4.344
10.54,1.595,0.040,1.623,4.205,0.002,4.342
10.55,1.658,0.038,1.623,4.173,0.003,4.341
10.56,1.866,0.037,1.625,4.197,0.003,4.340
10.57,1.631,0.036,1.623,4.292,0.004,4.340
10.58,1.633,0.036,1.623,4.155,0.004,4.338
10.59,1.576,0.035,1.622,4.349,0.004,4.337
10.60,1.554,0.037,1.623,4.434,0.003,4.338
10.61,1.546,0.036,1.621,4.218,0.003,4.337
10.62,1.573,0.035,1.620,4.339,0.003,4.337
10.63,1.450,0.036,1.619,4.105,0.003,4.334
10.64,1.655,0.037,1.620,4.058,0.002,4.330
10.65,1.416,0.037,1.617,4.118,0.004,4.329
10.66,1.331,0.037,1.613,4.066,0.004,4.325
10.67,1.432,0.035,1.608,4.348,0.004,4.326
10.68,1.455,0.034,1.605,4.283,0.002,4.324
10.69,1.548,0.032,1.603,4.113,0.002,4.320
10.70,1.533,0.031,1.600,4.025,0.004,4.318
10.71,1.662,0.029,1.600,4.281,0.004,4.318
10.73,1.591,0.029,1.599,3.894,0.006,4.315
10.73,1.486,0.030,1.598,4.167,0.006,4.313
10.74,1.575,0.029,1.597,4.202,0.006,4.311
10.76,1.449,0.027,1.593,4.295,0.007,4.312
10.77,1.289,0.028,1.590,4.306,0.008,4.313
10.77,2.028,0.027,1.595,3.897,0.008,4.308
10.78,1.370,0.029,1.593,4.142,0.009,4.306
10.80,1.523,0.030,1.593,4.382,0.011,4.309
10.81,1.606,0.031,1.595,4.087,0.012,4.307
10.81,1.352,0.029,1.589,4.342,0.013,4.308
10.82,1.678,0.030,1.591,4.102,0.013,4.306
10.84,1.875,0.028,1.593,4.130,0.012,4.302
10.85,1.481,0.027,1.590,4.287,0.012,4.302
10.86,1.456,0.027,1.588,4.168,0.011,4.299
10.87,1.701,0.027,1.590,4.074,0.012,4.297
10.88,1.691,0.025,1.589,4.205,0.012,4.296
10.89,1.776,0.026,1.592,4.317,0.013,4.297
10.90,1.591,0.027,1.593,4.328,0.013,4.297
10.91,1.625,0.027,1.593,4.312,0.013,4.296
10.92,1.598,0.028,1.594,4.188,0.011,4.293
10.93,1.629,0.029,1.596,4.380,0.010,4.293
10.94,1.441,0.028,1.592,4.105,0.009,4.290
10.95,1.514,0.028,1.591,4.407,0.012,4.293
10.96,1.732,0.026,1.591,4.028,0.013,4.291
10.97,1.547,0.025,1.590,4.087,0.011,4.287
10.98,1.568,0.025,1.589,4.293,0.012,4.287
10.99,1.639,0.027,1.592,4.586,0.011,4.290
11.00,1.762,0.028,1.595,4.185,0.011,4.289
11.01,1.460,0.028,1.593,3.876,0.011,4.283
11.02,1.651,0.030,1.595,3.963,0.010,4.278
11.03,1.539,0.030,1.595,4.310,0.010,4.277
11.04,1.815,0.029,1.596,4.268,0.011,4.278
11.05,1.382,0.030,1.594,4.164,0.010,4.275
11.06,1.566,0.027,1.591,4.207,0.011,4.275
11.07,1.508,0.027,1.590,4.091,0.010,4.272
11.08,1.965,0.027,1.595,4.187,0.009,4.269
11.09,1.349,0.027,1.591,4.045,0.009,4.266
11.10,1.868,0.026,1.594,4.205,0.010,4.267
11.11,1.698,0.026,1.596,3.959,0.011,4.263
11.12,1.612,0.029,1.598,4.138,0.012,4.262
11.13,1.361,0.029,1.595,4.038,0.012,4.258
11.14,1.633,0.029,1.595,4.244,0.012,4.258
11.15,1.517,0.028,1.593,4.124,0.014,4.258
11.16,1.597,0.027,1.592,4.221,0.015,4.258
11.17,1.511,0.026,1.590,4.412,0.014,4.258
11.18,1.744,0.024,1.590,4.265,0.014,4.258
11.19,1.642,0.024,1.590,4.088,0.015,4.257
11.20,1.654,0.025,1.593,4.288,0.015,4.257
11.21,1.621,0.026,1.594,4.254,0.015,4.257
11.22,1.654,0.026,1.595,4.262,0.016,4.257
11.23,1.459,0.026,1.593,4.173,0.016,4.256
11.24,1.695,0.025,1.593,4.358,0.017,4.258
11.25,1.326,0.023,1.588,4.299,0.018,4.258
11.26,1.794,0.024,1.590,3.951,0.017,4.254
11.27,1.480,0.023,1.588,4.226,0.017,4.253
11.28,1.573,0.022,1.587,4.128,0.019,4.253
11.29,1.563,0.021,1.586,4.257,0.019,4.252
11.30,1.341,0.019,1.580,4.231,0.018,4.250
11.31,1.458,0.019,1.579,4.050,0.018,4.248
11.32,1.599,0.019,1.579,4.224,0.018,4.247
11.33,1.719,0.019,1.581,4.080,0.016,4.242
11.34,1.585,0.019,1.580,4.287,0.017,4.244
11.35,1.271,0.018,1.575,3.911,0.018,4.240
11.36,1.509,0.018,1.574,4.237,0.018,4.239
11.37,1.248,0.017,1.569,4.312,0.017,4.239
11.38,1.658,0.020,1.572,4.129,0.018,4.238
11.39,1.653,0.019,1.573,4.251,0.018,4.238
11.40,1.585,0.020,1.574,4.134,0.018,4.236
11.41,1.753,0.019,1.575,4.337,0.017,4.236
11.42,1.774,0.017,1.576,4.314,0.017,4.236
11.43,1.533,0.019,1.576,4.075,0.018,4.234
11.44,1.679,0.016,1.575,4.311,0.017,4.234
11.45,1.782,0.016,1.578,4.164,0.018,4.234
11.46,1.474,0.015,1.575,4.072,0.018,4.232
11.47,1.726,0.014,1.576,4.088,0.018,4.229
11.48,1.600,0.015,1.578,4.024,0.016,4.224
11.49,1.695,0.014,1.578,4.266,0.015,4.223
11.50,1.697,0.013,1.578,4.019,0.015,4.220
11.51,1.720,0.011,1.578,4.095,0.012,4.215
11.52,1.639,0.011,1.579,4.339,0.011,4.215
11.53,1.687,0.011,1.580,4.333,0.010,4.215
11.54,1.474,0.012,1.580,4.165,0.009,4.213
11.55,1.410,0.014,1.580,4.118,0.008,4.210
11.56,1.726,0.013,1.580,4.207,0.008,4.209
11.57,1.493,0.013,1.579,4.317,0.007,4.209
11.58,1.788,0.014,1.583,4.128,0.007,4.208
11.59,1.713,0.013,1.583,4.454,0.007,4.211
11.60,1.684,0.012,1.584,4.021,0.006,4.207
11.61,1.530,0.010,1.581,4.197,0.006,4.206
11.62,1.459,0.012,1.581,4.102,0.006,4.204
11.63,1.703,0.009,1.580,4.103,0.007,4.203
11.64,1.863,0.008,1.583,3.998,0.007,4.201
11.65,1.831,0.009,1.587,4.330,0.007,4.201
11.66,1.667,0.009,1.587,4.548,0.006,4.205
11.67,1.640,0.009,1.589,4.277,0.004,4.203
11.68,1.902,0.011,1.594,4.283,0.003,4.202
11.69,1.686,0.010,1.595,4.241,0.004,4.203
11.70,1.679,0.009,1.595,4.120,0.004,4.202
11.71,1.851,0.011,1.601,4.183,0.004,4.201
11.72,1.565,0.012,1.601,4.108,0.003,4.199
11.73,1.625,0.012,1.601,4.083,0.004,4.198
11.74,1.602,0.012,1.601,4.256,0.004,4.197
11.75,1.318,0.011,1.597,4.181,0.004,4.197
11.76,1.578,0.014,1.600,4.236,0.003,4.197
11.77,1.338,0.014,1.597,3.846,0.003,4.191
11.78,1.610,0.014,1.596,4.279,0.002,4.191
11.79,1.269,0.014,1.592,4.249,0.004,4.193
11.80,1.584,0.016,1.594,4.308,0.003,4.193
11.81,1.653,0.013,1.592,4.269,0.002,4.192
11.82,1.556,0.015,1.593,4.372,0.003,4.195
11.83,1.552,0.015,1.593,4.209,0.002,4.194
11.84,1.642,0.016,1.594,4.065,-0.000,4.190
11.85,1.484,0.016,1.593,4.068,0.000,4.188
11.86,1.418,0.017,1.592,4.224,-0.000,4.188
11.87,1.455,0.016,1.589,4.254,0.001,4.189
11.88,1.662,0.016,1.590,4.115,0.002,4.189
11.89,1.534,0.017,1.590,4.161,0.003,4.189
11.90,1.773,0.017,1.593,4.068,0.003,4.187
11.91,1.644,0.017,1.593,4.286,0.002,4.187
11.92,1.529,0.017,1.593,3.994,0.003,4.184
11.93,1.782,0.016,1.594,4.090,0.003,4.183
11.94,1.793,0.015,1.596,4.308,0.001,4.182
11.95,1.397,0.014,1.591,3.986,0.001,4.179
11.96,1.741,0.015,1.594,4.000,0.001,4.176
11.97,1.677,0.016,1.597,4.041,0.002,4.174
11.98,1.559,0.016,1.596,4.228,0.002,4.174
11.99,1.604,0.014,1.595,4.264,-0.000,4.173
12.00,1.316,0.012,1.589,4.229,-0.000,4.174
12.01,1.405,0.012,1.586,4.205,0.001,4.174
12.02,1.447,0.012,1.585,4.111,-0.000,4.172
12.03,1.575,0.011,1.583,4.069,0.001,4.172
12.04,1.566,0.012,1.584,4.413,0.003,4.175
12.05,1.641,0.010,1.583,4.073,0.001,4.172
12.06,1.711,0.010,1.585,4.305,0.001,4.174
12.07,1.550,0.009,1.583,4.108,0.002,4.173
12.08,1.618,0.008,1.583,4.134,0.003,4.173
12.09,1.570,0.010,1.584,4.213,0.004,4.173
12.10,1.378,0.010,1.581,4.242,0.003,4.173
12.11,1.662,0.011,1.584,4.511,0.002,4.176
12.12,1.699,0.011,1.586,4.009,0.002,4.174
12.13,1.604,0.011,1.585,4.274,0.002,4.175
12.14,1.781,0.010,1.587,4.303,0.002,4.175
12.15,1.783,0.009,1.588,4.310,0.001,4.176
12.16,1.623,0.010,1.590,4.173,0.001,4.176
12.17,1.758,0.009,1.591,4.273,0.002,4.178
12.18,1.529,0.010,1.591,4.323,0.002,4.179
12.19,1.427,0.012,1.591,4.423,0.000,4.180
12.20,1.759,0.010,1.591,4.336,-0.000,4.181
12.21,1.670,0.011,1.594,4.313,0.001,4.183
12.22,1.645,0.010,1.594,4.206,0.001,4.184
12.23,1.658,0.009,1.593,4.161,0.003,4.184
12.24,1.611,0.012,1.596,4.252,0.003,4.185
12.25,1.677,0.011,1.596,4.065,0.003,4.182
12.27,1.688,0.011,1.598,4.166,0.002,4.181
12.27,1.538,0.010,1.596,4.471,0.001,4.184
12.28,1.483,0.008,1.592,4.075,0.001,4.182
12.30,1.593,0.008,1.593,4.350,0.001,4.184
12.31,1.846,0.010,1.598,4.440,0.001,4.187
12.32,1.589,0.010,1.598,4.151,0.001,4.186
12.33,1.242,0.011,1.594,4.085,0.001,4.184
12.34,1.478,0.011,1.592,4.387,0.001,4.187
12.35,1.639,0.012,1.594,4.298,0.001,4.188
12.35,1.624,0.013,1.596,4.150,0.002,4.187
12.36,1.223,0.013,1.591,4.030,0.002,4.185
12.38,1.238,0.014,1.587,4.215,0.001,4.184
12.39,1.542,0.014,1.586,3.786,0.000,4.178
12.40,1.816,0.015,1.590,4.271,0.003,4.181
12.41,1.577,0.015,1.590,4.283,0.004,4.183
12.42,1.662,0.013,1.589,4.149,0.005,4.184
12.43,1.512,0.014,1.589,4.355,0.005,4.186
12.44,1.733,0.012,1.589,4.344,0.005,4.187
12.45,1.400,0.011,1.586,4.056,0.007,4.187
12.46,1.545,0.011,1.585,4.238,0.006,4.186
12.47,1.668,0.012,1.587,4.080,0.007,4.186
12.48,1.441,0.010,1.583,4.119,0.007,4.184
12.49,1.564,0.009,1.582,3.922,0.006,4.179
12.50,1.655,0.009,1.583,4.334,0.005,4.180
12.51,1.429,0.006,1.578,4.294,0.005,4.181
12.52,1.566,0.006,1.577,3.937,0.005,4.178
12.53,1.538,0.007,1.578,4.213,0.007,4.179
12.54,1.650,0.006,1.578,4.083,0.006,4.176
12.55,1.845,0.006,1.582,4.004,0.006,4.174
12.56,1.598,0.009,1.584,3.944,0.005,4.170
12.57,1.794,0.010,1.589,4.182,0.005,4.169
12.58,1.661,0.012,1.592,3.854,0.003,4.163
12.59,1.689,0.013,1.594,4.153,0.002,4.162
12.60,1.504,0.012,1.592,3.945,0.003,4.159
12.61,1.745,0.012,1.594,4.362,0.003,4.161
12.62,1.616,0.012,1.594,4.111,0.002,4.159
12.63,1.396,0.012,1.592,4.009,0.001,4.156
12.64,1.651,0.010,1.591,4.088,0.002,4.155
12.65,1.748,0.011,1.593,4.082,0.001,4.153
12.66,1.470,0.012,1.592,4.128,0.001,4.152
12.67,1.693,0.013,1.594,4.283,0.001,4.153
12.68,1.572,0.012,1.594,4.135,-0.000,4.152
12.69,1.606,0.012,1.594,3.963,-0.001,4.148
12.70,1.870,0.013,1.599,4.365,-0.001,4.150
12.71,1.655,0.015,1.601,4.373,-0.001,4.152
12.72,1.845,0.016,1.605,4.221,-0.002,4.152
12.73,1.594,0.017,1.606,4.118,-0.003,4.150
12.74,1.753,0.018,1.609,4.346,-0.003,4.152
12.75,1.515,0.016,1.607,4.338,-0.003,4.154
12.76,1.753,0.016,1.609,4.236,-0.005,4.153
12.77,1.727,0.017,1.610,4.233,-0.005,4.154
12.78,1.590,0.019,1.613,4.226,-0.006,4.152
12.79,1.768,0.018,1.613,4.082,-0.009,4.149
12.80,1.550,0.018,1.613,4.196,-0.008,4.149
12.81,1.424,0.016,1.609,4.270,-0.009,4.150
12.82,1.547,0.015,1.607,4.389,-0.008,4.154
12.83,2.000,0.016,1.613,4.148,-0.008,4.153
12.84,1.541,0.015,1.612,4.085,-0.009,4.151
12.85,1.569,0.016,1.611,4.069,-0.009,4.150
12.86,1.491,0.015,1.609,3.960,-0.011,4.145
12.87,1.644,0.015,1.610,4.163,-0.011,4.145
12.88,1.882,0.014,1.612,4.118,-0.011,4.144
12.89,1.450,0.013,1.610,4.163,-0.010,4.144
12.90,1.598,0.013,1.609,4.407,-0.010,4.147
12.91,1.675,0.014,1.611,4.506,-0.011,4.151
12.92,1.528,0.014,1.610,3.970,-0.011,4.149
12.93,1.676,0.013,1.611,4.172,-0.012,4.147
12.94,1.187,0.013,1.605,4.040,-0.012,4.145
12.95,1.654,0.013,1.606,3.971,-0.014,4.141
12.96,1.437,0.014,1.605,4.167,-0.014,4.141
12.97,1.955,0.015,1.610,4.344,-0.014,4.143
12.98,1.714,0.016,1.613,4.357,-0.014,4.145
12.99,1.722,0.015,1.614,3.930,-0.014,4.142
13.00,1.490,0.016,1.613,4.176,-0.014,4.142
13.01,1.616,0.017,1.614,4.506,-0.015,4.146
13.02,1.492,0.018,1.613,4.454,-0.015,4.149
13.03,1.511,0.019,1.613,4.293,-0.015,4.151
13.04,1.592,0.022,1.616,3.773,-0.014,4.146
13.05,1.683,0.022,1.616,4.249,-0.014,4.148
13.06,1.565,0.022,1.616,4.434,-0.015,4.151
13.07,1.423,0.021,1.613,4.139,-0.014,4.150
13.08,1.547,0.021,1.612,3.931,-0.014,4.147
13.09,1.467,0.023,1.612,3.964,-0.015,4.144
13.10,1.557,0.021,1.609,4.132,-0.016,4.142
13.11,1.615,0.020,1.608,4.494,-0.017,4.146
13.12,1.564,0.017,1.605,4.286,-0.016,4.148
13.13,1.602,0.017,1.605,3.845,-0.016,4.144
13.14,1.673,0.018,1.607,4.188,-0.017,4.143
13.15,1.244,0.017,1.601,4.290,-0.016,4.145
13.16,1.907,0.016,1.604,4.335,-0.015,4.148
13.17,1.542,0.017,1.604,4.374,-0.014,4.152
13.18,1.729,0.016,1.605,4.288,-0.014,4.154
13.19,1.450,0.016,1.603,4.348,-0.013,4.157
13.20,1.542,0.018,1.604,4.029,-0.013,4.155
13.21,1.784,0.017,1.606,4.094,-0.013,4.154
13.22,1.665,0.014,1.604,4.339,-0.012,4.157
13.23,1.605,0.015,1.605,4.107,-0.014,4.155
13.24,1.422,0.016,1.603,4.070,-0.014,4.153
13.25,1.661,0.016,1.604,4.121,-0.015,4.152
13.26,1.529,0.017,1.604,4.130,-0.016,4.150
13.27,1.388,0.017,1.601,4.365,-0.016,4.152
13.28,1.520,0.017,1.600,4.358,-0.016,4.155
13.29,1.364,0.016,1.596,4.303,-0.016,4.156
13.30,1.682,0.018,1.599,4.212,-0.016,4.157
13.31,1.516,0.018,1.598,4.484,-0.016,4.161
13.32,1.576,0.016,1.596,4.347,-0.017,4.163
13.33,1.680,0.015,1.596,4.624,-0.017,4.169
13.34,1.736,0.015,1.598,4.465,-0.017,4.172
13.35,1.581,0.015,1.597,4.085,-0.016,4.172
13.36,1.486,0.014,1.595,4.108,-0.017,4.170
13.37,1.425,0.013,1.592,4.313,-0.015,4.173
13.38,1.381,0.013,1.589,4.355,-0.015,4.175
13.39,1.440,0.013,1.587,4.149,-0.014,4.176
13.40,1.661,0.013,1.588,4.207,-0.014,4.176
13.41,1.475,0.014,1.587,4.308,-0.014,4.178
13.42,1.354,0.012,1.583,3.941,-0.014,4.174
13.43,1.877,0.014,1.588,4.197,-0.016,4.174
13.44,1.718,0.014,1.590,4.030,-0.015,4.172
13.45,1.486,0.016,1.591,4.192,-0.017,4.171
13.46,1.806,0.018,1.595,4.104,-0.017,4.169
13.47,1.767,0.018,1.598,4.513,-0.018,4.173
13.48,1.566,0.020,1.599,4.154,-0.018,4.173
13.49,1.585,0.021,1.599,4.439,-0.018,4.176
13.50,1.513,0.020,1.598,4.018,-0.018,4.174
13.51,1.613,0.022,1.600,4.390,-0.017,4.177
13.52,1.619,0.023,1.601,4.311,-0.018,4.178
13.53,1.577,0.023,1.600,4.040,-0.020,4.174
13.54,1.545,0.024,1.601,3.913,-0.019,4.171
13.55,1.685,0.024,1.602,4.096,-0.019,4.170
13.56,1.652,0.024,1.602,4.400,-0.020,4.172
13.57,1.388,0.025,1.601,4.103,-0.020,4.171
13.58,1.683,0.025,1.601,4.248,-0.019,4.173
13.59,1.417,0.023,1.597,3.770,-0.019,4.168
13.60,1.193,0.022,1.591,3.821,-0.018,4.164
13.61,1.804,0.024,1.595,4.123,-0.018,4.163
13.62,1.514,0.022,1.593,4.418,-0.021,4.164
13.63,1.436,0.022,1.591,4.404,-0.023,4.165
13.64,1.334,0.022,1.587,4.244,-0.022,4.166
13.65,1.705,0.019,1.586,4.359,-0.022,4.169
13.66,1.639,0.019,1.586,4.273,-0.021,4.171
13.68,1.589,0.019,1.586,4.091,-0.021,4.170
13.68,1.405,0.018,1.583,3.972,-0.022,4.167
13.69,1.553,0.020,1.584,4.297,-0.022,4.168
13.70,1.602,0.020,1.585,4.349,-0.020,4.172
13.71,1.649,0.021,1.586,4.552,-0.020,4.177
13.72,1.452,0.020,1.583,3.781,-0.021,4.171
13.73,1.589,0.019,1.582,3.982,-0.022,4.168
13.74,1.572,0.020,1.583,4.400,-0.021,4.171
13.75,1.598,0.021,1.584,4.054,-0.021,4.169
13.76,1.472,0.019,1.581,4.388,-0.020,4.174
13.77,1.781,0.020,1.584,4.231,-0.022,4.172
13.79,1.505,0.019,1.582,4.116,-0.021,4.172
13.80,1.397,0.018,1.578,4.254,-0.021,4.173
13.81,1.593,0.020,1.580,4.125,-0.020,4.174
13.82,1.309,0.019,1.576,3.851,-0.019,4.170
13.83,1.378,0.019,1.573,4.205,-0.020,4.170
13.84,1.425,0.017,1.569,4.213,-0.019,4.172
13.85,1.465,0.017,1.567,4.133,-0.019,4.171
13.86,1.686,0.016,1.568,4.014,-0.018,4.169
13.87,1.514,0.013,1.564,4.273,-0.018,4.170
13.88,1.367,0.014,1.562,4.623,-0.017,4.177
13.89,1.764,0.013,1.563,4.048,-0.018,4.175
13.90,1.505,0.015,1.565,4.600,-0.020,4.179
13.91,1.506,0.014,1.562,4.025,-0.019,4.177
13.92,1.695,0.014,1.564,4.397,-0.020,4.179
13.93,1.732,0.013,1.565,3.942,-0.020,4.176
13.94,1.669,0.013,1.567,4.177,-0.023,4.173
13.95,1.712,0.011,1.567,4.185,-0.022,4.174
13.96,1.621,0.012,1.568,4.315,-0.021,4.176
13.97,1.165,0.013,1.563,4.260,-0.023,4.176
13.98,1.465,0.013,1.562,4.116,-0.023,4.175
13.99,1.460,0.012,1.559,4.036,-0.023,4.173
14.00,1.648,0.013,1.561,4.105,-0.023,4.173
14.01,1.520,0.014,1.562,4.094,-0.025,4.169
14.02,1.514,0.014,1.561,4.199,-0.027,4.168
14.03,1.386,0.013,1.557,4.207,-0.027,4.168
14.04,1.905,0.013,1.562,4.281,-0.028,4.169
14.05,1.509,0.013,1.561,4.119,-0.028,4.168
14.06,1.581,0.012,1.561,4.293,-0.028,4.169
14.07,1.454,0.015,1.562,4.021,-0.029,4.167
14.08,1.643,0.013,1.561,4.186,-0.028,4.167
14.09,1.434,0.012,1.558,3.887,-0.027,4.165
14.10,1.406,0.012,1.556,4.111,-0.026,4.165
14.11,1.347,0.009,1.550,4.346,-0.026,4.167
14.12,1.978,0.007,1.553,4.419,-0.026,4.171
14.13,1.782,0.006,1.555,4.367,-0.024,4.175
14.14,1.591,0.006,1.556,4.196,-0.024,4.176
14.15,1.437,0.006,1.554,4.305,-0.024,4.177
14.16,1.613,0.005,1.554,4.079,-0.024,4.176
14.17,1.629,0.004,1.553,3.969,-0.023,4.174
14.18,1.515,0.004,1.552,4.043,-0.024,4.171
14.19,1.801,0.006,1.557,4.293,-0.024,4.172
14.20,1.716,0.008,1.561,4.399,-0.024,4.175
14.21,1.625,0.008,1.562,4.203,-0.023,4.176
14.22,1.691,0.007,1.563,4.293,-0.023,4.178
14.23,1.490,0.009,1.564,4.250,-0.023,4.180
14.24,1.676,0.007,1.563,4.111,-0.022,4.179
14.25,1.328,0.007,1.560,4.213,-0.023,4.178
14.26,1.490,0.005,1.557,4.092,-0.025,4.176
14.27,1.715,0.006,1.560,4.121,-0.024,4.176
14.28,1.751,0.005,1.562,4.399,-0.024,4.179
14.29,1.703,0.006,1.564,4.235,-0.024,4.180
14.30,1.847,0.005,1.567,4.163,-0.025,4.178
14.31,1.731,0.005,1.569,4.100,-0.024,4.178
14.32,1.798,0.005,1.572,4.397,-0.024,4.181
14.33,1.538,0.005,1.571,3.834,-0.025,4.175
14.34,1.480,0.004,1.569,4.039,-0.026,4.172
14.35,1.732,0.005,1.573,3.978,-0.027,4.170
14.36,1.728,0.004,1.573,4.102,-0.026,4.170
14.37,1.876,0.005,1.578,4.161,-0.027,4.168
14.38,1.565,0.004,1.577,4.384,-0.028,4.170
14.39,1.745,0.005,1.580,4.230,-0.029,4.170
14.40,1.485,0.006,1.580,4.250,-0.029,4.171
14.41,1.473,0.007,1.580,4.156,-0.030,4.169
14.42,1.360,0.008,1.577,4.286,-0.031,4.170
14.43,1.074,0.008,1.571,3.895,-0.030,4.167
14.44,1.783,0.007,1.573,4.501,-0.032,4.170
14.45,2.028,0.006,1.577,4.359,-0.032,4.173
14.46,1.684,0.006,1.579,4.133,-0.032,4.172
14.47,1.736,0.005,1.580,4.074,-0.033,4.170
14.48,1.600,0.007,1.583,4.287,-0.034,4.170
14.49,1.710,0.008,1.586,4.086,-0.033,4.170
14.50,1.413,0.008,1.583,4.441,-0.034,4.173
14.51,1.532,0.007,1.582,3.989,-0.032,4.172
14.52,1.716,0.006,1.582,3.951,-0.033,4.168
14.53,1.483,0.006,1.581,4.595,-0.034,4.173
14.54,1.651,0.004,1.579,4.098,-0.033,4.173
14.55,1.520,0.005,1.580,4.163,-0.034,4.172
14.56,1.555,0.005,1.580,3.997,-0.033,4.171
14.57,1.474,0.008,1.581,4.074,-0.032,4.170
14.58,1.504,0.007,1.580,4.128,-0.032,4.170
14.59,1.467,0.008,1.579,3.918,-0.032,4.167
14.60,1.535,0.010,1.580,4.177,-0.032,4.166
14.61,1.470,0.009,1.578,4.374,-0.033,4.168
14.62,1.745,0.008,1.579,4.434,-0.032,4.172
14.63,1.676,0.008,1.580,4.157,-0.033,4.171
14.64,1.525,0.008,1.579,4.218,-0.033,4.172
14.65,1.521,0.007,1.578,4.182,-0.032,4.173
14.66,1.488,0.007,1.577,4.416,-0.032,4.176
14.67,1.681,0.007,1.578,3.942,-0.032,4.174
14.68,1.353,0.005,1.573,4.246,-0.032,4.174
14.69,1.535,0.005,1.572,4.347,-0.032,4.176
14.70,1.658,0.005,1.574,4.130,-0.033,4.175
14.71,1.677,0.005,1.575,4.140,-0.033,4.175
14.72,1.764,0.006,1.578,4.205,-0.033,4.175
14.73,1.679,0.008,1.581,4.119,-0.032,4.175
14.74,1.353,0.009,1.579,4.380,-0.032,4.178
14.75,1.438,0.007,1.576,3.980,-0.032,4.175
14.76,1.641,0.007,1.577,4.157,-0.032,4.175
14.77,1.487,0.006,1.574,4.267,-0.033,4.176
14.78,1.600,0.006,1.574,4.192,-0.033,4.176
14.79,1.727,0.005,1.576,4.210,-0.032,4.178
14.80,1.729,0.005,1.577,3.926,-0.032,4.174
14.81,1.441,0.004,1.575,4.256,-0.031,4.176
14.82,1.793,0.006,1.579,4.033,-0.032,4.173
14.83,1.520,0.003,1.576,4.119,-0.032,4.173
14.84,1.447,0.003,1.574,4.068,-0.032,4.171
14.85,1.545,0.003,1.574,4.132,-0.033,4.170
14.86,1.552,0.004,1.574,4.100,-0.034,4.167
14.87,1.721,0.002,1.575,4.305,-0.035,4.168
14.88,1.504,0.002,1.574,4.040,-0.037,4.165
14.89,1.805,0.002,1.577,3.859,-0.038,4.160
14.90,1.502,0.002,1.576,3.941,-0.038,4.157
14.91,1.614,0.001,1.575,3.925,-0.038,4.154
14.92,1.599,0.001,1.576,4.021,-0.039,4.150
14.93,1.621,0.001,1.576,4.349,-0.040,4.153
14.94,1.728,0.002,1.580,4.042,-0.039,4.152
14.95,1.424,0.002,1.577,4.402,-0.040,4.154
14.96,1.589,0.001,1.576,4.392,-0.042,4.156
14.97,1.253,0.002,1.573,4.270,-0.041,4.157
14.98,1.591,0.001,1.573,4.155,-0.041,4.157
14.99,1.531,0.001,1.572,4.135,-0.040,4.158
15.00,1.699,0.002,1.575,4.299,-0.041,4.159
15.01,1.581,0.002,1.574,4.436,-0.041,4.163
15.02,1.670,0.003,1.577,4.407,-0.042,4.165
15.03,1.603,0.001,1.575,4.101,-0.043,4.163
15.04,1.543,-0.001,1.573,4.115,-0.043,4.162
15.05,1.362,0.000,1.572,4.244,-0.043,4.164
15.06,1.572,0.001,1.572,4.548,-0.043,4.169
15.07,1.765,0.002,1.575,4.207,-0.042,4.170
15.08,1.654,0.003,1.578,4.130,-0.042,4.170
15.09,1.449,0.003,1.576,3.657,-0.044,4.161
15.10,1.566,0.002,1.575,4.072,-0.044,4.160
15.11,1.518,0.001,1.573,4.237,-0.044,4.161
15.12,1.847,-0.000,1.575,4.235,-0.045,4.161
15.13,1.510,-0.001,1.574,4.138,-0.046,4.160
15.14,1.809,-0.000,1.578,4.193,-0.046,4.160
15.15,1.699,-0.001,1.579,3.934,-0.045,4.158
15.16,1.592,-0.001,1.579,4.005,-0.046,4.155
15.17,1.528,-0.003,1.576,4.320,-0.046,4.158
15.18,1.581,-0.002,1.577,4.412,-0.046,4.161
15.19,1.537,-0.004,1.575,4.016,-0.046,4.159
15.20,1.394,-0.004,1.572,4.185,-0.046,4.159
15.21,1.656,-0.003,1.575,3.799,-0.047,4.154
15.22,1.436,-0.003,1.573,4.192,-0.047,4.154
15.23,1.625,-0.005,1.572,4.044,-0.046,4.153
15.24,1.654,-0.005,1.573,3.888,-0.046,4.150
15.26,1.617,-0.004,1.575,3.895,-0.046,4.147
15.26,2.025,-0.004,1.581,4.533,-0.046,4.151
15.27,1.434,-0.004,1.579,4.475,-0.048,4.154
15.29,1.732,-0.003,1.582,4.054,-0.050,4.151
15.30,1.685,-0.005,1.581,4.160,-0.049,4.151
15.31,1.784,-0.005,1.583,4.396,-0.051,4.153
15.32,1.481,-0.004,1.583,4.169,-0.050,4.154
15.33,1.700,-0.004,1.585,4.218,-0.050,4.155
15.34,1.408,-0.004,1.583,4.030,-0.050,4.153
15.35,1.553,-0.003,1.584,4.054,-0.049,4.153
15.36,1.402,-0.005,1.579,3.947,-0.048,4.151
15.37,1.701,-0.005,1.581,4.123,-0.048,4.151
15.38,1.531,-0.005,1.580,4.776,-0.048,4.159
15.39,1.811,-0.005,1.583,4.064,-0.049,4.157
15.40,1.537,-0.007,1.581,4.401,-0.050,4.159
15.41,1.465,-0.006,1.580,4.403,-0.050,4.163
15.42,1.543,-0.005,1.582,4.406,-0.050,4.165
15.43,1.388,-0.004,1.580,4.246,-0.050,4.166
15.44,1.586,-0.003,1.580,4.250,-0.050,4.168
15.45,1.478,-0.005,1.577,4.110,-0.049,4.169
15.46,1.606,-0.005,1.578,4.352,-0.049,4.171
15.47,1.516,-0.005,1.577,4.037,-0.051,4.167
15.48,1.647,-0.005,1.578,4.112,-0.053,4.165
15.49,1.538,-0.006,1.577,4.213,-0.052,4.166
15.50,1.751,-0.007,1.578,4.138,-0.051,4.167
15.51,1.418,-0.007,1.576,4.168,-0.052,4.166
15.52,1.525,-0.010,1.573,4.498,-0.052,4.170
15.53,1.866,-0.011,1.576,4.246,-0.052,4.171
15.54,1.691,-0.012,1.576,4.217,-0.053,4.171
15.55,1.594,-0.011,1.578,4.213,-0.053,4.171
15.56,1.838,-0.010,1.582,4.212,-0.053,4.173
15.57,1.508,-0.011,1.580,4.199,-0.052,4.174
15.58,1.460,-0.010,1.579,4.381,-0.052,4.177
15.59,1.669,-0.011,1.580,4.139,-0.051,4.177
15.60,1.550,-0.010,1.580,4.473,-0.052,4.181
15.61,1.509,-0.010,1.579,4.161,-0.051,4.181
15.62,1.724,-0.010,1.581,4.434,-0.053,4.183
15.63,1.938,-0.009,1.587,4.374,-0.052,4.186
15.64,1.382,-0.007,1.587,4.096,-0.053,4.185
15.65,1.508,-0.006,1.587,4.199,-0.054,4.184
15.66,1.616,-0.005,1.588,4.339,-0.055,4.185
15.67,1.482,-0.007,1.585,4.171,-0.054,4.186
15.68,1.342,-0.007,1.581,4.220,-0.055,4.186
15.69,1.686,-0.008,1.583,4.170,-0.055,4.185
15.70,1.793,-0.009,1.585,4.349,-0.055,4.189
15.71,1.478,-0.008,1.584,4.297,-0.056,4.189
15.72,1.495,-0.009,1.582,3.947,-0.056,4.186
15.73,1.516,-0.007,1.583,4.119,-0.056,4.185
15.74,1.249,-0.007,1.578,4.090,-0.057,4.183
15.75,1.627,-0.005,1.581,4.149,-0.055,4.184
15.76,1.678,-0.003,1.584,3.801,-0.056,4.179
15.77,1.737,-0.006,1.584,4.308,-0.057,4.180
15.78,1.414,-0.005,1.583,4.369,-0.058,4.182
15.79,1.705,-0.005,1.584,4.097,-0.057,4.182
15.80,1.570,-0.004,1.585,4.249,-0.057,4.182
15.81,1.754,-0.005,1.587,4.290,-0.058,4.183
15.82,1.550,-0.006,1.586,4.139,-0.059,4.182
15.83,1.614,-0.006,1.586,4.407,-0.058,4.185
15.84,1.669,-0.007,1.585,4.273,-0.060,4.186
15.85,1.688,-0.008,1.586,4.335,-0.061,4.187
15.86,1.599,-0.009,1.586,4.174,-0.061,4.187
15.87,1.650,-0.009,1.586,4.071,-0.061,4.186
15.88,1.330,-0.009,1.583,4.133,-0.061,4.185
15.89,2.155,-0.008,1.592,4.313,-0.061,4.186
15.90,1.419,-0.006,1.591,3.944,-0.063,4.182
15.91,1.592,-0.007,1.591,4.063,-0.063,4.180
15.92,1.396,-0.008,1.587,4.227,-0.063,4.181
15.93,1.631,-0.008,1.588,4.133,-0.062,4.181
15.94,1.631,-0.008,1.589,4.278,-0.063,4.182
15.95,1.578,-0.006,1.590,4.150,-0.062,4.183
15.96,1.743,-0.006,1.593,3.979,-0.063,4.179
15.97,1.582,-0.005,1.593,4.236,-0.062,4.181
15.98,1.514,-0.008,1.590,4.259,-0.062,4.183
15.99,1.503,-0.006,1.590,4.255,-0.062,4.183
16.00,1.422,-0.009,1.586,4.239,-0.063,4.183
16.01,1.882,-0.011,1.588,4.139,-0.063,4.183
16.02,1.378,-0.013,1.583,4.270,-0.062,4.186
16.03,1.246,-0.012,1.580,4.425,-0.061,4.190
16.04,1.602,-0.012,1.580,4.366,-0.062,4.191
16.05,1.409,-0.015,1.575,4.199,-0.063,4.190
16.06,1.565,-0.014,1.576,4.301,-0.062,4.193
16.07,1.652,-0.016,1.574,3.991,-0.062,4.191
16.08,1.800,-0.015,1.579,4.374,-0.062,4.194
16.09,1.739,-0.013,1.583,4.096,-0.062,4.193
16.10,1.709,-0.013,1.585,4.406,-0.061,4.196
16.11,1.792,-0.011,1.590,4.365,-0.063,4.198
16.12,1.547,-0.011,1.589,4.305,-0.063,4.199
16.13,1.605,-0.013,1.588,3.947,-0.064,4.195
16.14,1.908,-0.013,1.592,4.228,-0.063,4.197
16.15,1.555,-0.014,1.590,4.235,-0.061,4.199
16.16,1.474,-0.016,1.587,4.349,-0.061,4.201
16.17,1.522,-0.015,1.587,4.343,-0.061,4.203
16.18,1.429,-0.017,1.583,4.210,-0.063,4.202
16.19,1.571,-0.017,1.584,4.351,-0.063,4.204
16.20,1.535,-0.017,1.583,4.348,-0.063,4.206
16.21,1.717,-0.016,1.586,4.126,-0.063,4.206
16.22,1.616,-0.016,1.586,4.263,-0.063,4.207
16.23,1.528,-0.016,1.586,4.125,-0.061,4.207
16.24,1.469,-0.016,1.584,4.379,-0.061,4.210
16.25,1.626,-0.017,1.584,4.457,-0.061,4.214
16.26,1.366,-0.017,1.581,4.150,-0.061,4.214
16.27,1.540,-0.017,1.581,4.133,-0.059,4.214
16.28,1.592,-0.016,1.582,4.351,-0.059,4.216
16.29,1.495,-0.016,1.580,4.315,-0.058,4.219
16.30,1.456,-0.014,1.581,4.203,-0.059,4.218
16.31,1.594,-0.016,1.579,4.263,-0.059,4.220
16.32,1.864,-0.015,1.584,4.240,-0.060,4.219
16.33,1.541,-0.015,1.584,4.085,-0.062,4.216
16.34,1.655,-0.014,1.585,4.205,-0.064,4.214
16.35,1.333,-0.016,1.581,3.949,-0.063,4.211
16.36,1.528,-0.016,1.580,4.363,-0.063,4.213
16.37,1.406,-0.017,1.577,4.141,-0.063,4.213
16.38,1.747,-0.018,1.578,4.197,-0.063,4.213
16.39,1.635,-0.016,1.581,3.915,-0.064,4.209
16.40,1.529,-0.017,1.579,4.298,-0.063,4.211
16.41,1.402,-0.019,1.575,4.193,-0.063,4.211
16.42,1.668,-0.019,1.577,4.307,-0.063,4.213
16.43,1.653,-0.020,1.577,4.246,-0.063,4.214
16.44,1.794,-0.020,1.579,4.313,-0.064,4.214
16.45,1.398,-0.020,1.577,4.207,-0.064,4.214
16.46,1.565,-0.022,1.575,4.158,-0.063,4.215
16.47,1.412,-0.024,1.571,4.106,-0.062,4.215
16.48,1.312,-0.025,1.567,3.899,-0.063,4.210
16.49,1.564,-0.025,1.567,4.224,-0.063,4.210
16.50,1.596,-0.025,1.567,4.468,-0.062,4.215
16.51,1.374,-0.024,1.566,4.243,-0.062,4.215
16.52,1.487,-0.026,1.563,3.967,-0.062,4.213
16.53,1.847,-0.026,1.566,4.204,-0.061,4.213
16.55,1.453,-0.026,1.565,4.346,-0.061,4.216
16.55,1.340,-0.028,1.561,4.229,-0.061,4.216
16.56,1.460,-0.028,1.559,4.228,-0.061,4.217
16.57,1.609,-0.027,1.560,4.133,-0.060,4.217
16.59,1.517,-0.026,1.561,4.210,-0.060,4.218
16.59,1.485,-0.025,1.561,4.418,-0.060,4.220
16.60,1.332,-0.026,1.557,4.139,-0.060,4.219
16.62,1.662,-0.027,1.558,4.352,-0.060,4.222
16.63,1.630,-0.027,1.558,3.972,-0.059,4.219
16.63,1.568,-0.027,1.558,4.377,-0.060,4.221
16.64,1.720,-0.027,1.561,4.228,-0.059,4.222
16.65,1.772,-0.026,1.565,4.016,-0.060,4.219
16.67,1.618,-0.026,1.565,4.343,-0.058,4.223
16.67,1.722,-0.027,1.566,4.197,-0.058,4.222
16.68,1.577,-0.024,1.569,4.400,-0.059,4.225
16.69,1.646,-0.023,1.572,4.353,-0.060,4.225
16.70,1.492,-0.022,1.572,4.498,-0.059,4.229
16.72,1.535,-0.022,1.572,4.239,-0.060,4.229
16.72,1.638,-0.023,1.571,4.079,-0.060,4.228
16.74,1.717,-0.021,1.575,4.151,-0.062,4.225
16.75,1.569,-0.023,1.573,4.399,-0.062,4.228
16.76,1.519,-0.021,1.574,4.353,-0.061,4.231
16.76,1.704,-0.020,1.577,4.153,-0.062,4.229
16.78,1.534,-0.020,1.577,4.076,-0.061,4.228
16.79,1.660,-0.020,1.578,4.397,-0.062,4.230
16.80,1.430,-0.019,1.577,4.284,-0.062,4.231
16.81,1.532,-0.019,1.576,4.213,-0.063,4.230
16.82,1.744,-0.021,1.576,4.312,-0.064,4.230
16.83,1.553,-0.021,1.576,4.370,-0.064,4.232
16.84,1.482,-0.021,1.575,4.192,-0.065,4.232
16.85,1.490,-0.019,1.576,4.312,-0.063,4.235
16.86,1.735,-0.020,1.577,4.135,-0.063,4.233
16.87,1.460,-0.020,1.576,3.910,-0.063,4.230
16.88,1.386,-0.021,1.572,4.105,-0.062,4.229
16.89,1.360,-0.021,1.570,4.238,-0.062,4.230
16.90,1.897,-0.022,1.573,4.093,-0.062,4.229
16.91,1.810,-0.023,1.575,4.325,-0.063,4.229
16.92,1.555,-0.022,1.576,4.092,-0.062,4.228
16.93,1.527,-0.024,1.574,4.163,-0.062,4.228
16.94,1.593,-0.022,1.575,4.125,-0.063,4.226
16.95,1.491,-0.023,1.574,4.217,-0.064,4.225
16.96,1.821,-0.024,1.576,4.291,-0.065,4.225
16.97,1.455,-0.026,1.573,4.416,-0.066,4.227
16.98,1.540,-0.026,1.572,4.359,-0.066,4.230
16.99,1.365,-0.026,1.569,4.233,-0.064,4.231
17.00,1.647,-0.025,1.571,3.977,-0.066,4.227
17.01,1.526,-0.027,1.569,4.290,-0.066,4.228
17.02,1.568,-0.027,1.569,4.226,-0.064,4.229
17.03,1.544,-0.028,1.568,4.274,-0.065,4.230
17.04,1.565,-0.029,1.567,4.473,-0.065,4.233
17.05,1.685,-0.029,1.569,4.155,-0.066,4.232
17.06,1.654,-0.031,1.568,4.069,-0.066,4.230
17.07,1.674,-0.029,1.571,4.058,-0.065,4.228
17.08,1.288,-0.029,1.568,4.171,-0.065,4.228
17.09,1.673,-0.030,1.568,4.234,-0.066,4.228
17.10,1.376,-0.029,1.567,4.132,-0.066,4.226
17.11,1.114,-0.030,1.560,4.079,-0.066,4.225
17.12,1.644,-0.030,1.561,4.372,-0.066,4.228
17.13,1.467,-0.030,1.559,4.338,-0.065,4.230
17.14,1.590,-0.029,1.561,4.291,-0.065,4.231
17.15,1.695,-0.029,1.563,4.009,-0.067,4.226
17.16,1.765,-0.029,1.565,4.122,-0.069,4.223
17.17,1.225,-0.030,1.560,3.798,-0.068,4.219
17.18,1.552,-0.029,1.561,4.124,-0.069,4.217
17.19,1.555,-0.028,1.562,4.044,-0.069,4.215
17.20,1.401,-0.027,1.560,4.147,-0.068,4.215
17.21,1.597,-0.027,1.561,4.027,-0.068,4.213
17.22,1.669,-0.026,1.564,4.326,-0.067,4.215
17.23,1.590,-0.024,1.566,4.266,-0.068,4.215
17.24,1.622,-0.024,1.567,4.086,-0.068,4.214
17.25,1.860,-0.024,1.571,4.012,-0.067,4.212
17.26,1.622,-0.025,1.570,4.470,-0.067,4.216
17.27,1.706,-0.024,1.573,4.355,-0.066,4.219
17.28,1.859,-0.024,1.577,4.556,-0.066,4.224
17.29,1.897,-0.022,1.583,4.348,-0.065,4.227
17.30,1.534,-0.022,1.583,4.135,-0.065,4.225
17.31,1.461,-0.020,1.583,4.139,-0.066,4.224
17.32,1.424,-0.020,1.581,4.387,-0.065,4.227
17.33,1.700,-0.021,1.582,4.180,-0.063,4.228
17.34,1.468,-0.019,1.582,4.402,-0.063,4.231
17.35,1.649,-0.020,1.582,4.369,-0.064,4.232
17.36,1.494,-0.018,1.584,4.286,-0.063,4.234
17.37,1.888,-0.016,1.589,4.139,-0.064,4.232
17.38,1.580,-0.013,1.593,4.057,-0.063,4.231
17.39,1.884,-0.012,1.597,4.206,-0.063,4.231
17.40,1.400,-0.012,1.595,4.289,-0.062,4.233
17.41,1.433,-0.012,1.592,4.307,-0.064,4.233
17.42,1.662,-0.010,1.595,4.233,-0.064,4.232
17.43,1.387,-0.010,1.593,4.233,-0.065,4.232
17.44,1.491,-0.010,1.592,4.084,-0.066,4.229
17.45,1.495,-0.007,1.594,4.166,-0.066,4.228
17.46,1.726,-0.006,1.596,4.048,-0.067,4.226
17.47,1.563,-0.007,1.595,3.837,-0.067,4.220
17.48,1.515,-0.006,1.595,3.985,-0.067,4.217
17.49,1.465,-0.006,1.593,4.507,-0.069,4.220
17.50,1.602,-0.006,1.594,4.174,-0.069,4.219
17.51,1.633,-0.007,1.593,4.407,-0.070,4.221
17.52,1.547,-0.005,1.594,4.018,-0.069,4.219
17.53,1.890,-0.004,1.599,3.973,-0.069,4.217
17.54,1.432,-0.005,1.596,4.337,-0.067,4.221
17.55,1.481,-0.006,1.594,4.145,-0.067,4.220
17.56,1.582,-0.007,1.593,4.062,-0.067,4.217
17.57,1.872,-0.005,1.598,3.943,-0.068,4.213
17.58,1.332,-0.006,1.594,4.019,-0.067,4.211
17.59,1.609,-0.006,1.594,4.175,-0.067,4.211
17.60,1.598,-0.006,1.595,4.221,-0.067,4.212
17.61,1.581,-0.005,1.595,4.303,-0.068,4.211
17.62,1.399,-0.004,1.593,4.037,-0.069,4.209
17.63,1.626,-0.005,1.593,4.062,-0.068,4.208
17.64,1.490,-0.006,1.591,4.300,-0.069,4.208
17.65,1.577,-0.005,1.592,4.158,-0.069,4.208
17.66,1.693,-0.005,1.593,4.357,-0.069,4.210
17.67,1.965,-0.006,1.597,4.319,-0.069,4.211
17.68,1.453,-0.008,1.594,4.307,-0.069,4.212
17.69,1.453,-0.008,1.591,3.995,-0.069,4.210
17.70,1.549,-0.007,1.592,4.093,-0.068,4.209
17.71,1.437,-0.005,1.592,4.169,-0.069,4.208
17.72,1.493,-0.006,1.589,4.142,-0.070,4.206
17.73,1.560,-0.005,1.591,4.130,-0.069,4.207
17.74,1.450,-0.005,1.588,4.228,-0.069,4.207
17.75,1.499,-0.005,1.588,4.310,-0.070,4.208
17.76,1.705,-0.003,1.591,4.148,-0.069,4.208
17.77,1.637,-0.001,1.593,4.195,-0.070,4.207
17.78,1.586,-0.003,1.591,4.265,-0.068,4.209
17.79,1.426,-0.004,1.589,4.356,-0.069,4.211
17.80,1.510,-0.006,1.585,4.299,-0.068,4.213
17.81,1.791,-0.008,1.587,4.461,-0.066,4.218
17.82,1.604,-0.009,1.586,3.900,-0.065,4.215
17.83,1.659,-0.008,1.587,4.215,-0.065,4.215
17.84,1.584,-0.010,1.585,3.958,-0.065,4.212
17.85,1.754,-0.011,1.586,4.398,-0.064,4.215
17.86,1.598,-0.010,1.588,4.390,-0.064,4.218
17.87,1.578,-0.009,1.589,4.101,-0.063,4.217
17.88,1.534,-0.009,1.588,4.053,-0.063,4.216
17.89,1.445,-0.009,1.587,4.299,-0.064,4.216
17.90,1.708,-0.007,1.590,4.040,-0.064,4.214
17.91,1.405,-0.008,1.586,4.321,-0.065,4.214
17.92,1.901,-0.009,1.590,4.212,-0.066,4.213
17.93,1.447,-0.009,1.588,3.938,-0.065,4.210
17.94,1.679,-0.010,1.588,4.165,-0.065,4.210
17.95,1.485,-0.012,1.585,4.423,-0.065,4.213
17.96,1.555,-0.013,1.583,4.486,-0.064,4.218
17.97,1.437,-0.014,1.580,4.016,-0.064,4.215
17.98,1.636,-0.015,1.580,4.360,-0.064,4.217
17.99,1.469,-0.016,1.578,4.247,-0.064,4.218
18.00,1.686,-0.015,1.580,4.207,-0.065,4.217
18.01,1.571,-0.015,1.580,4.169,-0.065,4.217
18.02,1.470,-0.013,1.581,4.291,-0.064,4.219
18.03,1.257,-0.012,1.577,4.379,-0.065,4.220
18.04,1.631,-0.012,1.578,4.209,-0.065,4.220
18.05,1.752,-0.012,1.580,4.270,-0.066,4.219
18.06,1.581,-0.012,1.581,3.975,-0.066,4.217
18.08,1.459,-0.013,1.578,3.924,-0.066,4.213
18.09,1.788,-0.013,1.581,4.322,-0.065,4.215
18.09,1.517,-0.014,1.579,4.183,-0.065,4.214
18.10,1.607,-0.014,1.579,4.331,-0.065,4.216
18.12,1.371,-0.014,1.577,4.166,-0.066,4.215
18.13,1.688,-0.014,1.578,4.126,-0.065,4.214
18.14,1.643,-0.014,1.579,4.394,-0.066,4.216
18.15,1.632,-0.012,1.581,4.003,-0.067,4.213
18.16,1.774,-0.010,1.586,4.131,-0.067,4.212
18.17,1.604,-0.011,1.585,4.322,-0.066,4.214
18.17,1.383,-0.011,1.582,4.114,-0.066,4.213
18.18,1.666,-0.010,1.585,4.183,-0.066,4.212
18.20,1.410,-0.009,1.583,4.179,-0.067,4.211
18.21,1.571,-0.009,1.584,4.058,-0.066,4.210
18.21,1.518,-0.009,1.582,4.184,-0.066,4.210
18.23,1.528,-0.008,1.582,4.194,-0.066,4.209
18.24,1.699,-0.007,1.586,4.095,-0.066,4.208
18.25,1.733,-0.005,1.589,4.272,-0.067,4.208
18.26,1.530,-0.004,1.589,4.192,-0.067,4.208
18.27,1.451,-0.004,1.588,4.163,-0.067,4.207
18.28,1.600,-0.004,1.588,4.336,-0.067,4.209
18.29,1.549,-0.003,1.588,4.080,-0.069,4.206
18.30,1.440,-0.002,1.587,4.116,-0.068,4.206
18.31,1.472,-0.003,1.584,4.365,-0.068,4.208
18.32,1.644,-0.003,1.586,4.422,-0.068,4.211
18.33,1.440,-0.004,1.582,4.091,-0.068,4.209
18.34,1.606,-0.005,1.582,3.929,-0.067,4.207
18.35,1.561,-0.005,1.581,4.314,-0.067,4.208
18.36,1.436,-0.007,1.577,4.384,-0.069,4.209
18.37,1.632,-0.007,1.579,4.123,-0.069,4.207
18.38,1.879,-0.007,1.582,4.422,-0.069,4.210
18.39,1.647,-0.010,1.580,4.212,-0.069,4.210
18.40,1.428,-0.008,1.580,3.980,-0.069,4.207
18.41,1.668,-0.008,1.581,4.155,-0.069,4.207
18.42,1.529,-0.009,1.579,4.188,-0.068,4.208
18.43,1.639,-0.011,1.578,4.107,-0.068,4.206
18.44,1.458,-0.011,1.577,4.252,-0.068,4.207
18.45,1.766,-0.011,1.580,3.954,-0.067,4.204
18.46,1.351,-0.009,1.578,4.103,-0.067,4.203
18.47,1.639,-0.008,1.580,4.342,-0.066,4.206
18.48,1.488,-0.007,1.580,4.516,-0.068,4.209
18.49,1.714,-0.008,1.580,4.205,-0.069,4.207
18.50,1.550,-0.007,1.581,4.558,-0.070,4.211
18.51,1.714,-0.007,1.583,4.422,-0.069,4.215
18.52,1.659,-0.007,1.584,4.178,-0.069,4.215
18.53,1.519,-0.007,1.583,4.558,-0.069,4.219
18.54,1.381,-0.007,1.580,4.236,-0.070,4.219
18.55,1.437,-0.008,1.577,4.220,-0.069,4.220
18.56,1.834,-0.005,1.584,4.061,-0.067,4.220
18.57,1.527,-0.005,1.583,4.124,-0.068,4.217
18.58,1.540,-0.004,1.583,4.254,-0.069,4.217
18.59,1.386,-0.005,1.580,3.939,-0.068,4.214
18.60,1.603,-0.004,1.581,4.403,-0.069,4.216
18.61,1.656,-0.003,1.583,4.015,-0.070,4.213
18.62,1.649,-0.003,1.584,4.226,-0.070,4.213
18.63,1.482,-0.005,1.580,4.002,-0.070,4.210
18.64,1.598,-0.005,1.580,4.247,-0.069,4.212
18.65,1.717,-0.004,1.584,4.599,-0.069,4.217
18.66,1.414,-0.005,1.580,4.200,-0.070,4.216
18.67,1.589,-0.006,1.579,4.559,-0.070,4.220
18.68,1.668,-0.005,1.581,4.249,-0.070,4.221
18.69,1.696,-0.007,1.581,4.100,-0.070,4.219
18.70,1.679,-0.008,1.581,4.237,-0.071,4.219
18.71,1.644,-0.008,1.582,4.285,-0.071,4.220
18.72,1.699,-0.008,1.584,4.177,-0.071,4.219
18.73,1.666,-0.006,1.586,4.461,-0.073,4.221
18.74,1.771,-0.007,1.588,4.399,-0.073,4.223
18.75,1.356,-0.006,1.586,4.344,-0.074,4.224
18.76,1.574,-0.006,1.586,4.216,-0.075,4.224
18.77,1.610,-0.008,1.584,4.070,-0.075,4.221
18.78,1.503,-0.007,1.584,4.051,-0.075,4.219
18.79,1.625,-0.009,1.583,4.252,-0.076,4.219
18.80,1.681,-0.011,1.582,4.327,-0.076,4.221
18.81,1.803,-0.009,1.587,4.309,-0.076,4.222
18.82,1.671,-0.008,1.589,4.243,-0.076,4.222
18.83,1.540,-0.007,1.589,3.939,-0.077,4.218
18.84,1.846,-0.009,1.591,3.895,-0.076,4.215
18.85,1.676,-0.010,1.591,4.257,-0.077,4.215
18.86,1.700,-0.011,1.592,4.455,-0.077,4.218
18.87,1.469,-0.011,1.590,4.141,-0.076,4.218
18.88,1.809,-0.012,1.592,4.155,-0.077,4.216
18.89,1.609,-0.012,1.593,4.403,-0.077,4.218
18.90,1.700,-0.013,1.593,4.146,-0.076,4.218
18.91,1.437,-0.014,1.590,4.017,-0.075,4.217
18.92,1.564,-0.016,1.588,4.241,-0.076,4.216
18.93,1.336,-0.017,1.583,4.322,-0.077,4.217
18.94,1.571,-0.019,1.582,4.206,-0.076,4.218
18.95,1.488,-0.019,1.580,4.212,-0.077,4.218
18.96,1.840,-0.020,1.583,4.108,-0.076,4.217
18.97,1.642,-0.021,1.583,4.051,-0.075,4.216
18.98,1.922,-0.020,1.588,3.994,-0.076,4.212
18.99,1.739,-0.020,1.590,4.105,-0.076,4.211
19.00,1.826,-0.022,1.591,4.100,-0.074,4.211
19.01,1.693,-0.022,1.592,4.354,-0.074,4.213
19.02,1.643,-0.021,1.595,4.235,-0.073,4.214
19.03,1.605,-0.021,1.595,3.839,-0.072,4.210
19.04,1.670,-0.021,1.596,4.239,-0.071,4.212
19.05,1.446,-0.018,1.597,4.261,-0.070,4.214
19.06,1.718,-0.019,1.598,4.331,-0.069,4.217
19.07,1.657,-0.021,1.597,4.185,-0.070,4.215
19.08,1.658,-0.021,1.598,4.474,-0.073,4.216
19.09,1.491,-0.019,1.599,3.985,-0.073,4.212
19.10,1.756,-0.020,1.600,4.002,-0.074,4.209
19.11,1.825,-0.022,1.601,4.114,-0.075,4.207
19.12,1.453,-0.023,1.598,4.168,-0.074,4.207
19.13,1.509,-0.023,1.597,4.353,-0.074,4.209
19.14,1.843,-0.024,1.599,4.131,-0.073,4.209
19.15,1.509,-0.025,1.598,4.234,-0.075,4.208
19.16,1.626,-0.026,1.597,4.229,-0.074,4.209
19.17,1.466,-0.025,1.596,4.310,-0.074,4.211
19.18,1.670,-0.025,1.598,4.072,-0.074,4.209
19.19,1.296,-0.023,1.595,3.914,-0.074,4.205
19.20,1.612,-0.024,1.595,4.327,-0.074,4.207
19.21,1.891,-0.023,1.600,4.246,-0.074,4.207
19.22,1.422,-0.023,1.598,3.917,-0.074,4.204
19.23,1.543,-0.023,1.598,4.200,-0.075,4.203
19.24,1.356,-0.024,1.593,4.057,-0.074,4.201
19.25,1.317,-0.024,1.590,4.310,-0.074,4.203
19.26,1.809,-0.025,1.592,4.347,-0.074,4.205
19.27,1.658,-0.024,1.594,4.164,-0.074,4.204
19.28,1.630,-0.023,1.595,4.118,-0.074,4.203
19.29,1.671,-0.022,1.597,4.124,-0.074,4.202
19.30,1.533,-0.023,1.596,4.006,-0.074,4.200
19.31,1.640,-0.022,1.598,4.206,-0.074,4.200
19.32,1.619,-0.021,1.599,4.297,-0.074,4.201
19.33,1.782,-0.022,1.601,4.080,-0.076,4.198
19.34,1.781,-0.020,1.605,4.037,-0.077,4.194
19.35,1.567,-0.018,1.606,4.074,-0.078,4.192
19.36,1.639,-0.019,1.607,4.151,-0.080,4.190
19.37,1.782,-0.019,1.608,3.947,-0.080,4.186
19.38,1.580,-0.020,1.608,4.182,-0.079,4.186
19.39,1.577,-0.019,1.608,4.232,-0.080,4.187
19.40,1.347,-0.018,1.606,4.203,-0.079,4.188
19.41,1.700,-0.019,1.607,3.985,-0.079,4.185
19.42,1.537,-0.019,1.606,4.345,-0.080,4.186
19.43,1.638,-0.019,1.606,4.079,-0.081,4.184
19.44,1.472,-0.017,1.606,3.819,-0.081,4.179
19.45,1.602,-0.016,1.607,4.114,-0.082,4.177
19.46,1.596,-0.017,1.607,4.208,-0.082,4.177
19.47,1.856,-0.017,1.610,3.994,-0.080,4.176
19.48,1.480,-0.017,1.609,4.190,-0.080,4.177
19.49,1.727,-0.017,1.610,3.941,-0.080,4.174
19.50,1.661,-0.014,1.614,4.363,-0.081,4.175
19.51,1.651,-0.016,1.612,4.111,-0.081,4.174
19.52,1.592,-0.015,1.614,4.499,-0.081,4.178
19.53,1.723,-0.016,1.615,4.323,-0.082,4.179
19.54,1.709,-0.016,1.616,4.034,-0.084,4.176
19.55,1.744,-0.014,1.619,4.205,-0.084,4.176
19.56,1.762,-0.013,1.622,4.220,-0.084,4.176
19.57,1.662,-0.015,1.621,3.930,-0.084,4.173
19.58,1.419,-0.014,1.620,4.318,-0.083,4.175
19.59,1.847,-0.014,1.623,4.270,-0.083,4.176
19.61,1.779,-0.013,1.626,4.177,-0.084,4.176
19.62,1.917,-0.013,1.630,3.938,-0.084,4.172
19.63,1.549,-0.013,1.629,4.221,-0.085,4.172
19.63,1.684,-0.011,1.632,4.226,-0.084,4.173
19.65,1.543,-0.013,1.630,4.126,-0.084,4.172
19.66,1.795,-0.013,1.632,4.265,-0.086,4.172
19.67,1.602,-0.013,1.632,4.098,-0.086,4.171
19.68,1.567,-0.014,1.630,4.113,-0.086,4.170
19.69,1.634,-0.017,1.628,4.301,-0.086,4.171
19.70,1.641,-0.017,1.628,4.086,-0.086,4.170
19.71,1.595,-0.017,1.628,4.023,-0.086,4.169
19.72,1.684,-0.018,1.628,4.133,-0.085,4.169
19.73,1.508,-0.018,1.627,3.846,-0.084,4.165
19.74,1.628,-0.017,1.627,4.142,-0.084,4.165
19.75,1.777,-0.017,1.630,4.345,-0.084,4.167
19.76,1.766,-0.015,1.633,4.170,-0.085,4.166
19.77,1.802,-0.017,1.634,4.129,-0.085,4.166
19.78,1.725,-0.017,1.636,4.096,-0.085,4.164
19.79,1.719,-0.017,1.637,4.395,-0.086,4.167
19.80,1.443,-0.019,1.633,4.401,-0.087,4.169
19.81,1.511,-0.019,1.631,4.253,-0.087,4.169
19.82,1.407,-0.019,1.629,4.140,-0.088,4.168
19.83,1.569,-0.018,1.629,4.143,-0.089,4.167
19.84,1.752,-0.019,1.630,4.535,-0.089,4.172
19.85,1.378,-0.019,1.627,3.976,-0.089,4.169
19.86,1.630,-0.017,1.629,4.156,-0.089,4.168
19.87,1.667,-0.017,1.630,4.042,-0.089,4.167
19.88,1.644,-0.017,1.630,4.054,-0.091,4.164
19.89,1.345,-0.016,1.628,4.245,-0.090,4.165
19.90,1.690,-0.015,1.630,4.385,-0.091,4.167
19.91,1.612,-0.015,1.630,4.163,-0.092,4.166
19.92,1.546,-0.013,1.631,3.974,-0.093,4.162
19.93,1.859,-0.015,1.633,3.902,-0.094,4.158
19.94,1.745,-0.014,1.634,4.229,-0.093,4.160
19.95,1.363,-0.015,1.631,3.846,-0.094,4.155
19.96,1.429,-0.015,1.628,4.173,-0.092,4.157
19.97,1.532,-0.016,1.626,3.977,-0.092,4.154
19.98,1.469,-0.019,1.622,4.033,-0.092,4.153
19.99,1.535,-0.020,1.619,4.205,-0.092,4.153
20.00,1.777,-0.022,1.620,4.257,-0.093,4.153
20.01,1.907,-0.021,1.624,4.247,-0.093,4.154
20.02,1.778,-0.022,1.626,4.120,-0.094,4.153
20.03,1.657,-0.024,1.625,4.498,-0.095,4.156
20.04,1.444,-0.023,1.623,4.221,-0.094,4.158
20.05,1.494,-0.024,1.620,4.019,-0.096,4.154
20.06,1.514,-0.027,1.617,4.091,-0.097,4.152
20.07,1.472,-0.024,1.617,4.051,-0.098,4.150
20.08,1.584,-0.025,1.617,4.065,-0.098,4.149
20.09,1.516,-0.024,1.617,4.011,-0.098,4.147
20.10,1.623,-0.022,1.618,4.019,-0.098,4.145
20.11,1.639,-0.023,1.618,4.066,-0.097,4.144
20.12,1.733,-0.023,1.619,4.042,-0.098,4.142
20.13,1.604,-0.023,1.619,4.179,-0.099,4.141
20.14,1.772,-0.022,1.622,3.983,-0.099,4.139
20.15,1.728,-0.025,1.621,4.515,-0.101,4.142
20.16,1.608,-0.027,1.619,4.067,-0.100,4.141
20.17,1.401,-0.027,1.617,4.308,-0.100,4.144
20.18,1.468,-0.026,1.616,4.353,-0.100,4.146
20.19,1.668,-0.025,1.618,4.113,-0.101,4.145
20.20,1.707,-0.024,1.620,4.061,-0.101,4.144
20.21,1.382,-0.022,1.619,4.155,-0.102,4.143
20.22,1.494,-0.025,1.614,4.214,-0.102,4.143
20.23,1.521,-0.025,1.614,4.025,-0.102,4.142
20.24,1.641,-0.025,1.614,4.205,-0.100,4.145
20.25,1.795,-0.025,1.617,4.155,-0.100,4.145
20.26,1.866,-0.026,1.619,4.026,-0.099,4.144
20.27,1.784,-0.028,1.620,3.988,-0.099,4.142
20.28,1.710,-0.028,1.621,4.229,-0.099,4.142
20.29,1.559,-0.028,1.620,4.227,-0.099,4.144
20.30,1.459,-0.024,1.622,3.968,-0.098,4.142
20.31,1.434,-0.023,1.621,4.270,-0.098,4.144
20.32,1.765,-0.023,1.623,4.316,-0.098,4.146
20.33,1.423,-0.022,1.622,4.119,-0.099,4.144
20.34,1.449,-0.022,1.620,4.294,-0.100,4.146
20.35,1.441,-0.021,1.619,3.921,-0.100,4.143
20.36,1.458,-0.020,1.618,4.183,-0.098,4.145
20.37,1.631,-0.018,1.620,4.111,-0.098,4.144
20.38,1.626,-0.018,1.620,4.112,-0.098,4.143
20.39,1.693,-0.021,1.618,4.177,-0.099,4.143
20.40,1.551,-0.021,1.617,4.231,-0.098,4.145
20.41,1.615,-0.023,1.615,4.109,-0.098,4.145
20.42,1.761,-0.023,1.617,3.966,-0.097,4.143
20.43,1.753,-0.024,1.618,4.296,-0.097,4.144
20.44,1.554,-0.024,1.618,4.328,-0.096,4.148
20.45,1.427,-0.025,1.614,4.181,-0.099,4.146
20.46,1.601,-0.024,1.615,4.062,-0.097,4.146
20.47,1.538,-0.023,1.615,4.223,-0.097,4.147
20.48,1.402,-0.023,1.613,4.428,-0.097,4.151
20.49,1.715,-0.022,1.615,4.651,-0.096,4.158
20.50,1.587,-0.021,1.616,4.452,-0.096,4.162
20.51,1.441,-0.019,1.615,4.027,-0.094,4.162
20.52,1.907,-0.018,1.621,4.018,-0.094,4.160
20.53,1.735,-0.016,1.624,4.111,-0.094,4.160
20.54,1.611,-0.014,1.626,4.240,-0.093,4.162
20.55,1.605,-0.014,1.625,4.338,-0.093,4.164
20.56,1.622,-0.014,1.626,4.219,-0.092,4.166
20.57,1.707,-0.014,1.627,4.112,-0.092,4.165
20.58,1.485,-0.014,1.625,4.446,-0.093,4.167
20.59,1.383,-0.014,1.622,4.332,-0.094,4.169
20.60,1.375,-0.013,1.620,3.934,-0.094,4.166
20.61,1.609,-0.013,1.620,3.996,-0.095,4.163
20.62,1.741,-0.012,1.623,4.256,-0.094,4.165
20.63,1.595,-0.012,1.622,4.157,-0.094,4.165
20.64,1.392,-0.012,1.620,4.224,-0.093,4.166
20.65,1.846,-0.010,1.624,3.941,-0.094,4.162
20.66,1.778,-0.012,1.624,4.457,-0.094,4.166
20.67,1.439,-0.011,1.623,4.460,-0.093,4.171
20.68,1.662,-0.011,1.624,3.822,-0.093,4.167
20.69,1.734,-0.011,1.625,4.133,-0.093,4.166
20.70,1.364,-0.012,1.620,4.081,-0.093,4.165
20.71,1.467,-0.013,1.618,4.136,-0.093,4.165
20.72,1.578,-0.014,1.616,4.100,-0.093,4.164
20.73,1.796,-0.014,1.619,4.122,-0.093,4.163
20.74,1.572,-0.017,1.616,4.001,-0.092,4.162
20.75,1.500,-0.016,1.615,4.167,-0.092,4.161
20.76,1.625,-0.016,1.615,4.153,-0.093,4.160
20.77,1.776,-0.017,1.617,4.160,-0.093,4.161
20.78,1.544,-0.017,1.615,4.445,-0.093,4.164
20.79,1.545,-0.017,1.615,4.298,-0.095,4.164
20.80,1.602,-0.015,1.616,4.003,-0.095,4.162
20.81,1.572,-0.014,1.617,4.465,-0.094,4.167
20.82,1.572,-0.016,1.615,4.144,-0.093,4.167
20.83,1.677,-0.016,1.616,4.160,-0.094,4.166
20.84,1.298,-0.015,1.612,4.457,-0.094,4.170
20.85,1.571,-0.016,1.611,4.205,-0.094,4.171
20.86,1.712,-0.015,1.613,4.225,-0.095,4.171
20.87,1.446,-0.014,1.612,4.192,-0.095,4.171
20.88,1.597,-0.014,1.611,4.404,-0.094,4.175
20.89,1.354,-0.014,1.608,3.896,-0.094,4.172
20.90,1.548,-0.013,1.609,4.217,-0.093,4.173
20.91,1.444,-0.011,1.608,4.185,-0.092,4.174
20.92,1.676,-0.009,1.611,4.241,-0.092,4.175
20.93,1.562,-0.011,1.608,4.145,-0.093,4.174
20.94,1.535,-0.012,1.606,3.853,-0.092,4.170
20.95,1.411,-0.011,1.605,4.048,-0.094,4.167
20.96,1.620,-0.010,1.606,4.105,-0.093,4.167
20.97,1.420,-0.009,1.604,4.416,-0.095,4.169
20.98,1.594,-0.012,1.601,3.885,-0.096,4.163
21.00,1.744,-0.012,1.604,4.166,-0.097,4.163
21.00,1.657,-0.012,1.604,4.042,-0.097,4.161
21.01,1.541,-0.010,1.605,4.328,-0.096,4.164
21.02,1.564,-0.010,1.605,4.234,-0.096,4.166
21.04,1.682,-0.011,1.605,4.379,-0.096,4.167
21.04,1.610,-0.012,1.604,4.387,-0.097,4.170
21.05,1.488,-0.012,1.602,4.170,-0.096,4.171
21.06,1.406,-0.010,1.601,4.177,-0.097,4.170
21.07,1.421,-0.008,1.600,4.196,-0.097,4.171
21.08,1.681,-0.008,1.602,3.968,-0.095,4.169
21.09,1.593,-0.006,1.604,4.184,-0.097,4.168
21.10,1.426,-0.004,1.603,4.190,-0.097,4.168
21.11,1.576,-0.004,1.603,4.135,-0.098,4.167
21.12,1.610,-0.003,1.603,4.139,-0.097,4.167
21.14,1.590,-0.001,1.605,4.261,-0.098,4.168
21.15,1.781,-0.001,1.608,4.289,-0.098,4.169
21.16,1.604,-0.003,1.606,4.069,-0.099,4.168
21.17,1.540,-0.004,1.604,3.961,-0.099,4.165
21.18,1.481,-0.001,1.605,4.302,-0.099,4.166
21.19,1.545,-0.001,1.604,4.383,-0.099,4.169
21.20,1.642,0.000,1.606,4.124,-0.101,4.167
21.21,1.568,0.001,1.606,4.114,-0.100,4.167
21.22,1.427,0.002,1.605,4.141,-0.101,4.165
21.23,1.706,0.001,1.605,4.244,-0.102,4.166
21.24,1.508,0.003,1.605,4.260,-0.102,4.167
21.25,1.456,0.003,1.603,4.144,-0.102,4.167
21.26,1.517,0.002,1.601,4.231,-0.101,4.169
21.27,1.755,0.000,1.601,4.449,-0.100,4.173
21.28,1.641,0.001,1.602,4.424,-0.100,4.176
21.29,1.568,0.000,1.601,4.233,-0.100,4.177
21.30,1.381,0.001,1.599,4.217,-0.100,4.178
21.31,1.846,0.001,1.602,3.897,-0.100,4.175
21.32,1.434,0.001,1.600,4.335,-0.098,4.179
21.33,1.672,-0.001,1.598,4.317,-0.097,4.181
21.34,1.485,-0.000,1.598,4.070,-0.097,4.180
21.35,1.620,-0.000,1.598,4.314,-0.097,4.182
21.36,1.648,0.000,1.599,3.957,-0.097,4.179
21.37,1.467,0.000,1.597,4.182,-0.096,4.180
21.38,1.675,0.001,1.599,4.303,-0.097,4.181
21.39,1.530,0.003,1.599,3.934,-0.098,4.177
21.40,1.752,0.002,1.600,4.233,-0.099,4.177
21.41,1.409,0.003,1.599,4.235,-0.097,4.179
21.42,1.616,0.002,1.597,4.196,-0.098,4.179
21.43,1.799,0.002,1.600,4.348,-0.097,4.182
21.44,1.681,0.001,1.601,4.100,-0.097,4.181
21.45,1.732,0.003,1.604,4.246,-0.098,4.181
21.46,1.396,0.005,1.604,4.454,-0.098,4.185
21.47,1.402,0.006,1.601,4.442,-0.098,4.188
21.48,1.636,0.007,1.603,4.025,-0.098,4.186
21.49,1.570,0.008,1.603,4.205,-0.097,4.187
21.50,1.550,0.007,1.601,3.994,-0.096,4.186
21.51,1.395,0.008,1.599,4.163,-0.096,4.186
21.52,1.518,0.008,1.598,4.550,-0.096,4.191
21.53,1.655,0.007,1.598,3.998,-0.096,4.188
21.54,1.827,0.009,1.603,4.004,-0.097,4.185
21.55,1.408,0.010,1.601,4.172,-0.096,4.186
21.56,1.415,0.010,1.599,4.287,-0.097,4.187
21.57,1.736,0.009,1.599,4.340,-0.099,4.187
21.58,1.695,0.011,1.602,4.144,-0.099,4.186
21.59,1.534,0.012,1.602,4.069,-0.100,4.184
21.60,1.710,0.011,1.603,3.966,-0.101,4.180
21.61,1.815,0.012,1.606,4.169,-0.101,4.180
21.62,1.767,0.013,1.609,4.342,-0.102,4.182
21.63,1.408,0.014,1.607,3.796,-0.102,4.176
21.64,1.671,0.015,1.609,3.918,-0.102,4.172
21.65,1.631,0.016,1.610,4.100,-0.101,4.173
21.66,1.645,0.015,1.610,4.131,-0.102,4.171
21.67,2.005,0.015,1.614,4.159,-0.101,4.172
21.68,1.841,0.013,1.616,4.343,-0.102,4.174
21.69,1.571,0.013,1.615,4.408,-0.104,4.175
21.70,1.572,0.013,1.614,4.187,-0.104,4.175
21.71,1.547,0.015,1.616,4.145,-0.104,4.175
21.72,1.688,0.015,1.616,4.392,-0.104,4.178
21.73,1.176,0.017,1.612,4.163,-0.103,4.179
21.74,1.788,0.016,1.614,3.885,-0.103,4.175
21.75,1.410,0.014,1.609,4.144,-0.102,4.175
21.76,1.464,0.015,1.608,4.261,-0.102,4.176
21.77,1.609,0.016,1.608,3.958,-0.103,4.173
21.78,1.477,0.015,1.606,4.122,-0.104,4.172
21.79,1.537,0.016,1.605,4.293,-0.102,4.175
21.80,1.575,0.016,1.606,4.371,-0.103,4.177
21.81,1.754,0.016,1.607,4.398,-0.102,4.180
21.82,1.293,0.018,1.605,4.151,-0.100,4.182
21.83,1.572,0.018,1.604,4.162,-0.101,4.181
21.84,1.584,0.017,1.603,4.055,-0.100,4.180
21.85,1.531,0.018,1.603,4.279,-0.101,4.181
21.86,1.711,0.017,1.603,3.796,-0.101,4.176
21.87,1.509,0.017,1.602,4.202,-0.101,4.176
21.88,1.496,0.018,1.601,4.435,-0.101,4.179
21.89,1.523,0.019,1.601,4.271,-0.102,4.180
21.90,1.434,0.018,1.598,4.093,-0.103,4.178
21.91,1.370,0.019,1.595,3.912,-0.102,4.176
21.92,1.457,0.017,1.591,4.357,-0.102,4.178
21.93,1.352,0.017,1.587,4.272,-0.102,4.179
21.94,1.624,0.015,1.586,4.175,-0.102,4.179
21.95,1.786,0.016,1.589,4.039,-0.102,4.177
21.96,1.607,0.016,1.590,4.220,-0.102,4.178
21.97,1.539,0.018,1.590,4.276,-0.101,4.181
21.98,1.295,0.018,1.586,4.304,-0.100,4.183
21.99,1.673,0.019,1.588,4.031,-0.100,4.181
22.00,1.487,0.018,1.586,4.488,-0.100,4.185
22.01,1.774,0.016,1.586,4.047,-0.100,4.183
22.02,1.561,0.017,1.586,4.352,-0.103,4.183
22.03,1.486,0.019,1.586,4.106,-0.103,4.182
22.04,1.748,0.020,1.589,4.344,-0.103,4.184
22.05,1.579,0.020,1.589,4.272,-0.104,4.184
22.06,1.532,0.018,1.586,4.305,-0.104,4.187
22.07,1.449,0.017,1.584,4.235,-0.103,4.188
22.08,1.813,0.017,1.586,4.198,-0.104,4.187
22.09,1.461,0.016,1.584,4.400,-0.104,4.190
22.10,1.458,0.014,1.580,4.441,-0.105,4.193
22.11,1.375,0.015,1.578,3.873,-0.105,4.188
22.12,1.575,0.015,1.578,4.226,-0.106,4.188
22.13,1.791,0.017,1.582,4.271,-0.107,4.189
22.14,1.892,0.016,1.584,4.202,-0.106,4.189
22.15,1.505,0.017,1.584,3.959,-0.105,4.188
22.16,1.626,0.016,1.584,4.085,-0.105,4.187
22.17,1.237,0.018,1.581,4.165,-0.103,4.188
22.18,1.371,0.017,1.576,4.143,-0.104,4.187
22.19,1.662,0.018,1.578,4.223,-0.103,4.189
22.20,1.514,0.018,1.578,4.320,-0.103,4.191
22.21,1.619,0.019,1.579,4.153,-0.102,4.191
22.22,1.591,0.019,1.578,4.288,-0.104,4.191
22.23,1.710,0.018,1.580,4.337,-0.103,4.193
22.24,1.670,0.019,1.582,4.035,-0.104,4.190
22.25,1.712,0.019,1.583,4.175,-0.104,4.190
22.26,1.740,0.019,1.585,4.277,-0.105,4.191
22.27,1.585,0.019,1.584,4.262,-0.107,4.190
22.28,1.537,0.019,1.584,3.966,-0.109,4.185
22.29,1.487,0.021,1.584,4.389,-0.109,4.188
22.30,1.531,0.022,1.584,4.205,-0.110,4.187
22.31,1.837,0.024,1.589,4.091,-0.109,4.187
22.32,1.400,0.024,1.586,4.189,-0.109,4.188
22.33,1.763,0.022,1.587,4.419,-0.108,4.192
22.34,1.744,0.024,1.590,3.866,-0.109,4.186
22.35,1.621,0.024,1.590,4.183,-0.109,4.186
22.36,1.424,0.025,1.589,4.526,-0.110,4.190
22.37,1.455,0.025,1.587,3.955,-0.109,4.188
22.38,1.596,0.022,1.584,4.334,-0.109,4.190
22.39,1.538,0.020,1.582,4.029,-0.110,4.187
22.40,1.710,0.021,1.583,3.940,-0.110,4.184
22.41,1.565,0.019,1.582,4.553,-0.112,4.187
22.42,1.762,0.020,1.584,4.259,-0.113,4.187
22.43,1.565,0.018,1.582,3.766,-0.114,4.181
22.44,1.292,0.019,1.579,4.109,-0.113,4.181
22.45,1.544,0.018,1.578,4.336,-0.114,4.182
22.46,1.574,0.020,1.579,4.342,-0.116,4.183
22.47,1.658,0.022,1.582,4.308,-0.115,4.186
22.48,1.641,0.022,1.582,4.221,-0.116,4.185
22.49,1.587,0.020,1.580,4.284,-0.114,4.188
22.50,1.836,0.021,1.584,3.896,-0.115,4.183
22.51,1.635,0.022,1.586,4.357,-0.117,4.184
22.52,1.542,0.020,1.584,4.117,-0.116,4.185
22.54,1.752,0.022,1.587,3.923,-0.116,4.181
22.54,1.725,0.022,1.589,4.205,-0.117,4.181
22.55,1.595,0.023,1.590,4.214,-0.116,4.182
22.57,1.891,0.026,1.596,3.893,-0.116,4.178
22.58,1.572,0.027,1.596,4.186,-0.116,4.178
22.58,1.639,0.028,1.598,4.105,-0.116,4.178
22.60,1.810,0.028,1.601,4.373,-0.118,4.179
22.61,1.579,0.032,1.604,4.271,-0.118,4.180
22.62,1.495,0.033,1.604,4.349,-0.116,4.184
22.62,1.705,0.031,1.603,4.360,-0.117,4.185
22.64,1.582,0.029,1.601,4.438,-0.117,4.189
22.65,1.612,0.030,1.602,4.220,-0.116,4.190
22.66,1.207,0.029,1.595,4.027,-0.115,4.190
22.67,1.767,0.028,1.596,4.574,-0.116,4.194
22.68,1.745,0.028,1.599,4.204,-0.115,4.195
22.69,1.694,0.028,1.599,4.216,-0.114,4.196
22.70,1.596,0.030,1.601,4.122,-0.114,4.196
22.71,1.508,0.030,1.600,3.824,-0.114,4.191
22.72,1.660,0.030,1.600,4.059,-0.115,4.189
22.73,1.618,0.029,1.599,4.258,-0.116,4.189
22.74,1.584,0.030,1.600,4.427,-0.117,4.191
22.75,1.653,0.029,1.600,4.355,-0.118,4.192
22.76,1.586,0.029,1.600,4.550,-0.118,4.198
22.77,1.454,0.029,1.597,4.349,-0.117,4.200
22.78,1.494,0.031,1.598,4.144,-0.117,4.200
22.79,1.528,0.030,1.596,4.229,-0.117,4.201
22.80,1.512,0.030,1.595,4.244,-0.116,4.202
22.81,1.674,0.032,1.597,4.176,-0.116,4.203
22.82,1.434,0.034,1.597,4.101,-0.115,4.202
22.83,1.716,0.033,1.597,4.362,-0.117,4.203
22.84,1.656,0.033,1.598,4.401,-0.117,4.206
22.85,1.507,0.034,1.598,4.351,-0.115,4.209
22.86,1.548,0.034,1.597,4.226,-0.117,4.208
22.87,1.532,0.035,1.597,4.073,-0.116,4.207
22.88,1.425,0.035,1.595,4.247,-0.116,4.208
22.89,1.984,0.035,1.600,3.884,-0.117,4.203
22.90,1.562,0.038,1.601,4.293,-0.116,4.205
22.91,1.598,0.037,1.601,4.213,-0.115,4.207
22.92,1.764,0.038,1.603,4.324,-0.113,4.210
22.93,1.660,0.038,1.605,3.985,-0.114,4.207
22.94,1.605,0.037,1.603,4.057,-0.116,4.204
22.95,1.582,0.038,1.604,4.172,-0.115,4.204
22.96,1.562,0.038,1.603,4.110,-0.116,4.202
22.97,1.506,0.037,1.601,4.026,-0.115,4.201
22.98,1.806,0.038,1.604,4.231,-0.114,4.203
22.99,1.489,0.037,1.601,4.088,-0.113,4.202
23.00,1.750,0.035,1.602,4.229,-0.111,4.204
23.01,1.507,0.038,1.602,4.482,-0.111,4.208
23.02,1.665,0.038,1.603,4.206,-0.110,4.209
23.03,1.740,0.038,1.605,4.171,-0.109,4.210
23.04,1.433,0.039,1.603,4.292,-0.109,4.211
23.05,1.576,0.041,1.605,4.229,-0.111,4.210
23.06,1.542,0.042,1.605,4.198,-0.112,4.209
23.07,1.432,0.041,1.601,4.170,-0.112,4.209
23.08,1.665,0.041,1.603,4.216,-0.111,4.210
23.09,1.658,0.042,1.604,4.088,-0.112,4.208
23.10,1.507,0.043,1.603,4.583,-0.111,4.213
23.11,1.463,0.042,1.600,4.293,-0.111,4.215
23.12,1.499,0.040,1.597,4.042,-0.110,4.214
23.13,1.972,0.040,1.601,4.572,-0.110,4.219
23.14,1.493,0.042,1.602,4.257,-0.110,4.219
23.15,1.475,0.043,1.601,4.175,-0.109,4.220
23.16,1.679,0.043,1.602,4.145,-0.108,4.220
23.17,1.538,0.042,1.600,4.063,-0.109,4.218
23.18,1.370,0.040,1.595,4.148,-0.107,4.219
23.19,1.526,0.041,1.595,4.190,-0.108,4.218
23.20,1.770,0.040,1.596,4.097,-0.108,4.217
23.21,1.846,0.041,1.600,4.367,-0.107,4.219
23.22,1.562,0.042,1.600,4.210,-0.108,4.219
23.23,1.830,0.043,1.605,4.372,-0.110,4.219
23.24,1.606,0.044,1.606,4.025,-0.109,4.217
23.25,1.461,0.044,1.603,4.069,-0.111,4.213
23.26,1.502,0.044,1.602,4.270,-0.111,4.215
23.27,1.854,0.044,1.605,4.520,-0.111,4.219
23.28,1.462,0.042,1.601,4.241,-0.111,4.220
23.29,1.418,0.042,1.599,4.347,-0.111,4.222
23.30,1.565,0.042,1.597,4.094,-0.111,4.220
23.31,1.473,0.042,1.596,4.221,-0.109,4.222
23.32,1.324,0.041,1.591,4.292,-0.109,4.224
23.33,1.672,0.042,1.593,3.929,-0.109,4.220
23.34,1.568,0.043,1.593,4.207,-0.108,4.221
23.35,1.678,0.044,1.595,4.199,-0.106,4.222
23.36,1.385,0.044,1.593,4.078,-0.108,4.219
23.37,1.589,0.044,1.592,4.173,-0.107,4.220
23.38,1.476,0.046,1.592,4.246,-0.106,4.221
23.39,1.692,0.046,1.594,4.271,-0.105,4.223
23.40,1.463,0.045,1.590,3.945,-0.105,4.220
23.41,1.537,0.043,1.588,4.109,-0.106,4.217
23.42,1.653,0.044,1.589,4.092,-0.106,4.216
23.43,1.407,0.044,1.586,3.944,-0.106,4.212
23.44,1.541,0.040,1.582,4.025,-0.107,4.209
23.45,1.451,0.041,1.581,4.179,-0.108,4.208
23.46,1.735,0.041,1.583,4.506,-0.109,4.211
23.47,1.517,0.043,1.583,4.400,-0.109,4.213
23.48,1.713,0.043,1.585,4.311,-0.109,4.215
23.49,1.737,0.046,1.590,4.353,-0.110,4.216
23.50,1.424,0.046,1.587,4.186,-0.109,4.217
23.51,1.552,0.047,1.587,4.198,-0.109,4.217
23.52,1.510,0.047,1.586,4.330,-0.109,4.218
23.53,1.567,0.048,1.587,4.484,-0.110,4.221
23.54,1.601,0.046,1.585,4.229,-0.110,4.221
23.55,1.409,0.043,1.579,4.117,-0.109,4.221
23.56,1.626,0.044,1.581,4.522,-0.110,4.224
23.57,1.630,0.044,1.581,4.098,-0.110,4.223
23.58,1.852,0.044,1.584,4.054,-0.109,4.221
23.59,1.612,0.044,1.584,4.471,-0.110,4.224
23.60,1.688,0.043,1.584,4.344,-0.110,4.226
23.61,1.641,0.044,1.586,4.496,-0.111,4.229
23.62,1.506,0.044,1.585,4.169,-0.111,4.228
23.63,1.477,0.043,1.583,4.271,-0.111,4.229
23.64,1.493,0.045,1.583,3.896,-0.111,4.225
23.65,1.623,0.045,1.583,4.079,-0.111,4.224
23.66,1.624,0.043,1.582,4.371,-0.111,4.225
23.67,1.728,0.045,1.585,4.117,-0.112,4.224
23.68,1.671,0.047,1.588,4.025,-0.112,4.221
23.69,1.544,0.045,1.585,4.396,-0.113,4.223
23.70,1.591,0.044,1.584,4.036,-0.113,4.220
23.71,2.047,0.044,1.590,4.267,-0.112,4.223
23.72,1.474,0.044,1.588,4.251,-0.111,4.224
23.73,1.399,0.045,1.587,4.161,-0.110,4.224
23.74,1.588,0.044,1.585,4.512,-0.111,4.227
23.75,1.779,0.043,1.586,4.141,-0.111,4.226
23.76,1.604,0.042,1.586,4.118,-0.112,4.224
23.77,1.525,0.043,1.586,4.351,-0.110,4.228
23.78,1.711,0.043,1.587,4.349,-0.109,4.230
23.79,1.532,0.041,1.585,4.388,-0.108,4.234
23.80,1.723,0.041,1.587,4.141,-0.108,4.233
23.81,1.646,0.041,1.587,4.135,-0.107,4.232
23.82,1.310,0.040,1.582,4.188,-0.108,4.231
23.83,1.508,0.040,1.581,3.799,-0.109,4.225
23.84,1.764,0.039,1.582,4.071,-0.108,4.224
23.85,1.481,0.038,1.580,4.109,-0.107,4.224
23.86,1.444,0.040,1.580,4.415,-0.108,4.226
23.87,1.694,0.040,1.580,4.082,-0.108,4.224
23.88,1.620,0.039,1.580,4.191,-0.108,4.223
23.89,1.668,0.038,1.581,4.103,-0.109,4.222
23.90,1.471,0.037,1.578,3.851,-0.110,4.216
23.91,1.593,0.037,1.577,4.126,-0.110,4.214
23.92,1.549,0.036,1.576,4.367,-0.111,4.216
23.93,1.461,0.033,1.572,4.093,-0.111,4.214
23.94,1.396,0.034,1.570,4.176,-0.110,4.215
23.95,1.704,0.032,1.570,4.248,-0.111,4.214
23.96,1.558,0.033,1.570,4.207,-0.111,4.214
23.97,1.756,0.033,1.573,4.170,-0.112,4.213
23.98,1.596,0.033,1.573,4.075,-0.113,4.210
23.99,1.636,0.033,1.573,4.015,-0.114,4.206
24.00,1.361,0.035,1.572,4.492,-0.116,4.208
24.01,1.452,0.037,1.572,3.988,-0.116,4.206
24.02,1.648,0.038,1.574,4.282,-0.117,4.206
24.03,1.588,0.038,1.574,4.104,-0.116,4.205
24.05,1.756,0.040,1.578,4.451,-0.117,4.208
24.06,1.518,0.041,1.578,4.392,-0.117,4.211
24.07,1.764,0.041,1.581,4.288,-0.117,4.212
24.08,1.602,0.041,1.580,4.223,-0.117,4.212
24.09,1.514,0.042,1.580,4.022,-0.117,4.210
24.10,1.676,0.042,1.581,4.181,-0.118,4.209
24.11,1.530,0.043,1.582,4.276,-0.118,4.209
24.12,1.666,0.042,1.582,3.832,-0.118,4.205
24.13,1.870,0.040,1.583,3.821,-0.118,4.199
24.14,1.504,0.041,1.583,4.373,-0.118,4.202
24.15,1.415,0.041,1.581,4.159,-0.117,4.202
24.16,1.610,0.039,1.580,4.190,-0.117,4.202
24.17,1.846,0.041,1.585,4.139,-0.117,4.201
24.18,1.605,0.041,1.585,4.206,-0.117,4.202
24.19,1.546,0.041,1.584,4.470,-0.117,4.205
24.20,1.695,0.040,1.585,4.230,-0.118,4.204
24.21,1.797,0.040,1.587,4.034,-0.119,4.202
24.22,1.555,0.041,1.587,4.344,-0.118,4.204
24.23,1.706,0.042,1.590,4.209,-0.119,4.204
24.24,1.456,0.041,1.587,3.974,-0.119,4.201
24.25,1.818,0.040,1.589,4.129,-0.119,4.200
24.26,1.472,0.042,1.589,4.344,-0.119,4.202
24.27,1.593,0.042,1.589,4.161,-0.119,4.202
24.28,1.848,0.041,1.591,4.262,-0.120,4.201
24.29,1.291,0.041,1.587,4.231,-0.120,4.201
24.30,1.802,0.041,1.590,4.259,-0.122,4.201
24.31,1.752,0.042,1.594,4.245,-0.122,4.201
24.32,1.579,0.042,1.593,4.322,-0.123,4.202
24.33,1.476,0.042,1.591,4.161,-0.123,4.202
24.34,1.499,0.043,1.591,4.259,-0.123,4.202
24.35,1.650,0.042,1.591,4.094,-0.123,4.201
24.36,1.662,0.043,1.592,4.113,-0.123,4.200
24.37,1.877,0.041,1.594,3.909,-0.121,4.198
24.38,1.800,0.042,1.598,4.215,-0.120,4.200
24.39,1.727,0.042,1.599,4.418,-0.118,4.204
24.40,1.757,0.042,1.602,4.138,-0.119,4.202
24.41,1.578,0.043,1.602,4.512,-0.119,4.207
24.42,1.565,0.044,1.603,4.385,-0.119,4.209
24.43,1.751,0.045,1.606,3.989,-0.119,4.206
24.44,1.564,0.046,1.606,4.478,-0.118,4.211
24.45,1.795,0.045,1.608,4.047,-0.119,4.209
24.46,1.454,0.046,1.606,3.885,-0.118,4.205
24.47,1.456,0.046,1.604,4.394,-0.118,4.208
24.48,1.494,0.046,1.603,4.494,-0.119,4.211
24.49,1.606,0.046,1.603,4.123,-0.120,4.208
24.50,1.567,0.046,1.602,4.157,-0.118,4.209
24.51,1.877,0.044,1.604,4.282,-0.119,4.210
24.52,1.423,0.043,1.600,4.158,-0.120,4.208
24.53,1.733,0.041,1.600,4.308,-0.120,4.210
24.54,1.513,0.038,1.597,3.931,-0.119,4.207
24.55,1.555,0.039,1.596,4.166,-0.119,4.206
24.56,1.534,0.038,1.595,4.212,-0.120,4.206
24.57,1.513,0.040,1.596,3.933,-0.119,4.203
24.58,1.510,0.041,1.596,4.324,-0.119,4.205
24.59,1.518,0.040,1.594,4.175,-0.120,4.204
24.60,1.577,0.041,1.594,4.291,-0.120,4.206
24.61,1.754,0.042,1.597,4.349,-0.120,4.207
24.62,1.719,0.042,1.598,4.132,-0.121,4.205
24.63,1.544,0.039,1.594,4.336,-0.121,4.207
24.64,1.673,0.038,1.595,4.471,-0.123,4.209
24.65,1.423,0.037,1.591,4.607,-0.123,4.214
24.66,1.612,0.034,1.589,4.364,-0.122,4.217
24.67,1.393,0.032,1.584,4.070,-0.121,4.217
24.68,1.650,0.032,1.585,4.118,-0.121,4.215
24.69,1.553,0.033,1.585,4.078,-0.123,4.211
24.70,1.381,0.034,1.583,4.092,-0.123,4.210
24.71,1.562,0.033,1.582,3.908,-0.122,4.207
24.72,1.603,0.035,1.584,4.174,-0.121,4.207
24.73,1.737,0.033,1.584,4.283,-0.120,4.210
24.74,1.774,0.032,1.586,4.120,-0.121,4.208
24.75,1.643,0.032,1.587,4.102,-0.120,4.207
24.76,1.880,0.032,1.590,4.122,-0.120,4.206
24.77,1.528,0.030,1.588,4.246,-0.120,4.207
24.78,1.512,0.032,1.589,4.195,-0.119,4.208
24.79,1.582,0.031,1.587,4.039,-0.119,4.206
24.80,1.813,0.030,1.590,4.274,-0.120,4.206
24.81,1.626,0.029,1.589,4.241,-0.121,4.205
24.82,1.708,0.029,1.590,4.105,-0.121,4.204
24.83,1.566,0.029,1.590,4.240,-0.120,4.205
24.84,1.979,0.028,1.594,4.086,-0.121,4.204
24.85,1.728,0.027,1.594,4.079,-0.120,4.203
24.86,1.667,0.028,1.597,4.015,-0.119,4.201
24.87,1.565,0.030,1.598,4.084,-0.119,4.200
24.88,1.571,0.029,1.597,4.191,-0.119,4.200
24.89,1.731,0.031,1.601,4.059,-0.117,4.200
24.90,1.554,0.031,1.600,3.932,-0.115,4.198
24.91,1.559,0.032,1.601,4.153,-0.116,4.197
24.92,1.646,0.032,1.601,4.316,-0.115,4.199
24.93,1.606,0.033,1.602,4.262,-0.114,4.201
24.94,1.470,0.035,1.603,3.754,-0.114,4.195
24.95,1.346,0.034,1.599,4.293,-0.113,4.198
24.96,1.560,0.034,1.598,4.079,-0.113,4.196
24.97,1.463,0.035,1.597,3.844,-0.113,4.191
24.98,1.880,0.036,1.602,4.207,-0.115,4.190
24.99,1.714,0.037,1.604,3.926,-0.114,4.187
25.00,1.740,0.034,1.604,3.929,-0.116,4.182
25.01,1.504,0.035,1.603,4.089,-0.117,4.180
25.02,1.535,0.036,1.603,3.876,-0.117,4.175
25.03,1.673,0.036,1.604,3.912,-0.117,4.171
25.04,1.673,0.036,1.605,4.079,-0.118,4.169
25.05,1.650,0.033,1.603,4.169,-0.118,4.169
25.06,1.788,0.034,1.606,3.987,-0.117,4.167
25.07,1.509,0.035,1.606,4.376,-0.116,4.171
25.08,1.583,0.036,1.606,4.019,-0.116,4.169
25.09,1.704,0.036,1.608,4.248,-0.115,4.171
25.10,1.709,0.036,1.609,3.960,-0.115,4.168
25.11,1.353,0.036,1.606,3.866,-0.114,4.165
25.12,1.631,0.034,1.605,4.110,-0.114,4.163
25.13,1.580,0.035,1.605,4.358,-0.115,4.165
25.14,1.299,0.036,1.602,4.174,-0.114,4.166
25.15,1.706,0.035,1.603,4.219,-0.115,4.166
25.16,1.568,0.033,1.600,4.161,-0.115,4.166
25.17,1.645,0.033,1.601,4.131,-0.116,4.164
25.18,1.468,0.031,1.597,3.950,-0.114,4.163
25.19,1.532,0.033,1.598,4.073,-0.114,4.162
25.20,1.384,0.033,1.596,4.240,-0.113,4.163
25.21,1.577,0.033,1.595,4.266,-0.114,4.163
25.22,1.517,0.032,1.592,4.370,-0.115,4.165
25.23,1.617,0.030,1.591,4.098,-0.115,4.164
25.24,1.612,0.030,1.592,4.145,-0.115,4.164
25.25,1.799,0.030,1.594,4.346,-0.113,4.168
25.26,1.647,0.029,1.594,4.051,-0.114,4.165
25.27,1.646,0.028,1.594,3.858,-0.114,4.161
25.28,1.516,0.028,1.593,4.252,-0.116,4.160
25.29,1.696,0.029,1.595,3.868,-0.116,4.156
25.30,1.608,0.028,1.594,4.116,-0.115,4.156
25.31,1.665,0.026,1.593,4.167,-0.116,4.155
25.32,1.663,0.025,1.593,4.355,-0.116,4.157
25.33,1.362,0.024,1.589,4.075,-0.116,4.156
25.34,1.556,0.025,1.590,4.153,-0.117,4.155
25.35,1.619,0.025,1.590,4.322,-0.119,4.155
25.36,1.680,0.026,1.592,4.292,-0.119,4.156
25.37,1.523,0.028,1.593,4.388,-0.119,4.160
25.38,1.587,0.030,1.595,4.036,-0.118,4.158
25.39,1.378,0.031,1.594,4.122,-0.119,4.157
25.40,1.603,0.032,1.594,4.418,-0.119,4.160
25.41,1.661,0.030,1.593,4.330,-0.121,4.161
25.42,1.867,0.029,1.596,4.118,-0.122,4.159
25.43,1.881,0.029,1.599,4.115,-0.122,4.158
25.44,1.805,0.029,1.602,4.184,-0.121,4.159
25.45,1.453,0.028,1.600,4.223,-0.121,4.159
25.46,1.701,0.029,1.602,4.123,-0.121,4.159
25.47,1.710,0.029,1.603,4.219,-0.121,4.159
25.48,1.566,0.030,1.604,4.169,-0.122,4.159
25.49,1.815,0.030,1.606,4.169,-0.122,4.159
25.50,1.701,0.030,1.608,4.181,-0.122,4.159
25.51,1.728,0.028,1.607,4.011,-0.121,4.157
25.52,1.713,0.026,1.608,4.430,-0.123,4.160
25.53,1.565,0.026,1.606,4.033,-0.124,4.157
25.54,1.645,0.025,1.607,4.122,-0.124,4.156
25.55,1.524,0.026,1.607,4.261,-0.125,4.156
25.56,1.779,0.025,1.608,4.460,-0.125,4.160
25.58,1.592,0.025,1.607,4.375,-0.126,4.162
25.59,1.537,0.025,1.607,4.143,-0.126,4.162
25.60,1.777,0.025,1.609,4.029,-0.125,4.161
25.61,1.459,0.025,1.607,3.968,-0.125,4.158
25.62,1.653,0.024,1.607,4.309,-0.126,4.159
25.63,1.562,0.024,1.606,4.365,-0.126,4.161
25.64,1.687,0.023,1.607,4.478,-0.125,4.167
25.65,1.661,0.022,1.607,4.412,-0.125,4.169
25.66,1.668,0.024,1.610,3.920,-0.126,4.165
25.67,1.603,0.023,1.609,4.067,-0.126,4.164
25.68,1.459,0.023,1.607,4.162,-0.125,4.165
25.69,1.666,0.024,1.608,4.387,-0.125,4.167
25.70,1.792,0.024,1.611,4.391,-0.127,4.169
25.71,1.562,0.023,1.610,4.316,-0.126,4.171
25.72,1.630,0.022,1.609,4.205,-0.126,4.172
25.73,1.378,0.021,1.605,4.221,-0.126,4.173
25.74,1.555,0.023,1.607,4.426,-0.126,4.176
25.75,1.587,0.020,1.603,4.316,-0.125,4.179
25.76,1.588,0.022,1.605,4.271,-0.123,4.181
25.77,1.777,0.022,1.607,3.968,-0.124,4.178
25.78,1.324,0.022,1.603,4.441,-0.122,4.184
25.79,1.760,0.023,1.607,4.111,-0.122,4.183
25.80,1.553,0.024,1.607,4.413,-0.122,4.186
25.81,1.651,0.024,1.608,4.182,-0.122,4.186
25.82,1.576,0.023,1.607,4.255,-0.121,4.188
25.83,1.589,0.022,1.606,4.130,-0.121,4.187
25.84,1.646,0.022,1.606,4.183,-0.123,4.185
25.85,1.654,0.021,1.606,4.020,-0.123,4.183
25.86,1.571,0.021,1.606,4.363,-0.123,4.186
25.87,1.597,0.019,1.603,4.242,-0.123,4.186
25.88,1.573,0.019,1.603,4.295,-0.125,4.185
25.89,1.671,0.020,1.606,4.603,-0.125,4.191
25.90,1.589,0.019,1.604,4.215,-0.125,4.192
25.91,1.521,0.018,1.602,4.124,-0.122,4.193
25.92,1.504,0.018,1.601,3.895,-0.122,4.190
25.93,1.810,0.017,1.603,3.895,-0.121,4.187
25.94,1.550,0.017,1.602,4.187,-0.121,4.186
25.95,1.723,0.016,1.603,4.199,-0.120,4.188
25.96,1.591,0.017,1.604,4.364,-0.121,4.189
25.97,1.860,0.017,1.608,3.992,-0.121,4.187
25.98,1.769,0.018,1.611,4.227,-0.122,4.186
25.99,1.874,0.019,1.615,3.927,-0.122,4.183
26.00,1.660,0.017,1.614,4.035,-0.122,4.181
26.01,1.509,0.016,1.612,4.142,-0.123,4.179
26.02,1.380,0.015,1.608,4.056,-0.122,4.179
26.03,1.763,0.013,1.608,4.247,-0.122,4.180
26.04,1.889,0.013,1.612,4.426,-0.123,4.182
26.05,1.724,0.012,1.613,4.010,-0.124,4.179
26.06,1.313,0.011,1.608,4.398,-0.125,4.181
26.07,1.773,0.013,1.612,4.053,-0.127,4.177
26.08,1.547,0.010,1.609,4.195,-0.126,4.178
26.09,1.359,0.011,1.606,4.100,-0.127,4.176
26.10,1.653,0.011,1.607,4.345,-0.126,4.180
26.11,1.657,0.010,1.607,4.266,-0.124,4.182
26.12,1.654,0.009,1.606,3.948,-0.125,4.179
26.13,1.554,0.010,1.607,4.490,-0.124,4.184
26.14,1.375,0.009,1.604,4.227,-0.123,4.185
26.15,1.795,0.006,1.603,4.111,-0.124,4.184
26.16,1.559,0.006,1.602,3.970,-0.122,4.182
26.17,1.537,0.005,1.601,4.643,-0.124,4.187
26.18,1.519,0.005,1.600,4.215,-0.122,4.189
26.19,1.720,0.004,1.601,4.254,-0.121,4.191
26.20,1.901,0.005,1.606,4.318,-0.121,4.193
26.21,1.456,0.004,1.602,4.057,-0.123,4.189
26.22,1.614,0.004,1.603,4.381,-0.122,4.193
26.23,1.479,0.004,1.601,4.280,-0.123,4.193
26.24,1.679,0.002,1.601,4.238,-0.123,4.193
26.25,1.456,0.003,1.600,4.059,-0.124,4.191
26.26,1.688,0.003,1.601,4.319,-0.123,4.193
26.27,1.693,0.002,1.602,4.162,-0.123,4.193
26.28,1.292,0.003,1.599,3.966,-0.123,4.190
26.29,1.561,0.003,1.598,3.925,-0.122,4.188
26.30,1.638,0.002,1.598,4.164,-0.121,4.188
26.31,1.789,-0.001,1.598,4.070,-0.121,4.187
26.32,1.514,-0.002,1.596,4.080,-0.122,4.185
26.33,1.496,-0.001,1.596,4.375,-0.120,4.189
26.34,1.509,-0.000,1.595,4.008,-0.122,4.185
26.35,1.514,-0.000,1.594,4.240,-0.121,4.186
26.36,1.791,-0.000,1.597,4.125,-0.121,4.186
26.37,1.562,-0.001,1.596,4.084,-0.122,4.184
26.38,1.488,-0.000,1.596,4.164,-0.122,4.183
26.39,1.576,0.001,1.596,4.071,-0.122,4.182
26.40,1.480,-0.000,1.594,4.442,-0.123,4.184
26.41,1.857,0.001,1.599,4.039,-0.123,4.182
26.42,1.351,0.001,1.596,4.259,-0.123,4.183
26.43,1.721,0.003,1.599,4.318,-0.121,4.187
26.44,1.704,0.005,1.602,3.987,-0.121,4.184
26.45,1.492,0.003,1.600,3.987,-0.121,4.182
26.46,1.708,0.004,1.601,3.764,-0.121,4.177
26.47,1.645,0.004,1.602,4.458,-0.119,4.182
26.48,1.425,0.004,1.600,4.203,-0.119,4.182
26.49,1.765,0.005,1.603,4.075,-0.118,4.181
26.50,1.786,0.005,1.606,4.344,-0.118,4.184
26.51,1.404,0.005,1.604,4.209,-0.119,4.183
26.52,1.584,0.005,1.604,4.162,-0.120,4.182
26.53,1.763,0.004,1.605,4.079,-0.121,4.179
26.54,1.782,0.005,1.608,4.366,-0.122,4.181
26.55,1.590,0.005,1.609,3.998,-0.121,4.180
26.56,1.489,0.007,1.609,4.080,-0.121,4.179
26.57,1.624,0.008,1.610,4.251,-0.121,4.180
26.58,1.437,0.007,1.607,4.354,-0.121,4.182
26.59,1.517,0.008,1.607,4.156,-0.121,4.181
26.60,1.248,0.006,1.601,4.219,-0.120,4.182
26.61,1.265,0.006,1.596,4.428,-0.120,4.186
26.62,1.638,0.005,1.596,4.030,-0.119,4.184
26.63,1.662,0.006,1.598,4.753,-0.120,4.192
26.64,1.694,0.007,1.599,3.902,-0.120,4.188
26.65,1.524,0.007,1.599,4.351,-0.120,4.190
26.66,1.601,0.007,1.599,4.376,-0.121,4.191
26.67,1.498,0.007,1.598,4.465,-0.120,4.195
26.68,1.286,0.005,1.592,3.973,-0.120,4.192
26.69,1.825,0.005,1.595,4.134,-0.122,4.191
26.70,1.851,0.006,1.599,4.136,-0.122,4.190
26.71,1.644,0.006,1.600,4.188,-0.122,4.189
26.72,1.534,0.008,1.601,4.485,-0.123,4.193
26.73,1.536,0.009,1.602,4.167,-0.122,4.193
26.74,1.503,0.009,1.600,3.929,-0.122,4.190
26.75,1.650,0.008,1.600,4.347,-0.123,4.191
26.76,1.534,0.007,1.598,4.392,-0.123,4.193
26.77,1.773,0.007,1.600,4.337,-0.123,4.195
26.78,1.554,0.007,1.600,4.283,-0.123,4.197
26.79,1.625,0.009,1.602,4.134,-0.124,4.195
26.80,1.365,0.007,1.597,4.349,-0.125,4.196
26.81,1.754,0.007,1.599,4.096,-0.126,4.194
26.82,1.496,0.008,1.600,4.073,-0.125,4.194
26.83,1.503,0.007,1.597,3.869,-0.124,4.190
26.84,1.650,0.007,1.598,4.239,-0.125,4.190
26.85,1.622,0.007,1.598,4.354,-0.125,4.193
26.86,1.803,0.009,1.603,4.394,-0.125,4.195
26.87,1.692,0.009,1.604,4.127,-0.125,4.194
26.88,1.598,0.008,1.603,4.004,-0.124,4.193
26.89,1.292,0.008,1.599,4.495,-0.123,4.198
26.90,1.569,0.007,1.598,4.119,-0.124,4.195
26.91,1.612,0.008,1.599,4.569,-0.122,4.203
26.93,1.470,0.007,1.597,4.188,-0.122,4.203
26.94,1.833,0.007,1.600,4.395,-0.123,4.204
26.94,1.829,0.008,1.603,4.566,-0.124,4.208
26.95,1.514,0.007,1.601,4.199,-0.123,4.209
26.96,1.628,0.008,1.604,4.260,-0.124,4.209
26.97,1.919,0.010,1.609,4.205,-0.124,4.210
26.99,1.637,0.010,1.610,4.229,-0.125,4.209
26.99,1.713,0.011,1.612,4.202,-0.125,4.208
27.00,1.654,0.011,1.613,3.995,-0.125,4.206
27.01,1.480,0.011,1.612,4.091,-0.125,4.205
27.02,1.457,0.012,1.611,4.197,-0.126,4.204
27.03,1.435,0.014,1.610,4.120,-0.126,4.203
27.04,1.558,0.015,1.611,4.076,-0.128,4.199
27.06,1.821,0.017,1.616,4.355,-0.127,4.202
27.07,1.708,0.016,1.616,4.105,-0.129,4.200
27.07,1.515,0.016,1.615,4.300,-0.128,4.202
27.08,1.479,0.018,1.615,4.282,-0.129,4.202
27.10,1.685,0.016,1.614,4.237,-0.130,4.202
27.11,1.593,0.015,1.613,4.140,-0.129,4.202
27.12,1.864,0.015,1.616,4.445,-0.129,4.205
27.13,1.551,0.016,1.617,4.132,-0.130,4.203
27.14,1.663,0.018,1.619,4.126,-0.131,4.202
27.15,1.729,0.019,1.621,4.120,-0.131,4.200
27.16,1.810,0.019,1.624,4.037,-0.130,4.199
27.17,1.655,0.020,1.625,4.215,-0.130,4.200
27.18,1.369,0.020,1.623,4.101,-0.129,4.200
27.19,1.736,0.023,1.627,3.939,-0.130,4.196
27.20,1.395,0.025,1.626,3.862,-0.128,4.193
27.21,1.489,0.025,1.624,4.598,-0.129,4.197
27.22,1.649,0.024,1.624,3.958,-0.129,4.194
27.23,1.719,0.022,1.623,4.444,-0.128,4.199
27.24,1.430,0.021,1.620,4.233,-0.128,4.200
27.25,1.451,0.020,1.616,4.572,-0.128,4.205
27.26,1.452,0.020,1.614,4.278,-0.128,4.205
27.27,1.365,0.016,1.607,4.110,-0.128,4.204
27.28,1.404,0.018,1.607,3.886,-0.129,4.199
27.29,1.619,0.019,1.607,3.791,-0.128,4.195
27.30,1.448,0.020,1.606,4.099,-0.128,4.194
27.31,1.716,0.021,1.609,3.992,-0.129,4.190
27.32,1.596,0.023,1.611,4.024,-0.130,4.187
27.33,1.756,0.022,1.612,4.159,-0.129,4.188
27.34,1.453,0.020,1.608,4.170,-0.129,4.187
27.35,1.593,0.019,1.607,4.403,-0.128,4.191
27.36,1.575,0.017,1.604,4.035,-0.129,4.188
27.37,1.576,0.016,1.603,4.364,-0.130,4.189
27.38,1.652,0.017,1.605,4.244,-0.130,4.191
27.39,1.655,0.017,1.605,4.191,-0.128,4.192
27.40,1.632,0.016,1.605,4.515,-0.128,4.197
27.41,1.291,0.018,1.602,4.158,-0.128,4.197
27.42,1.774,0.017,1.604,4.748,-0.127,4.204
27.43,1.633,0.017,1.604,4.348,-0.127,4.207
27.44,1.494,0.017,1.603,4.527,-0.128,4.210
27.45,1.682,0.018,1.605,4.126,-0.128,4.209
27.46,1.283,0.016,1.599,3.838,-0.128,4.205
27.47,1.601,0.015,1.598,4.181,-0.126,4.206
27.48,1.903,0.016,1.603,4.259,-0.125,4.207
27.49,1.374,0.017,1.601,4.115,-0.126,4.206
27.50,1.429,0.017,1.598,4.480,-0.126,4.210
27.51,1.622,0.017,1.599,4.402,-0.125,4.214
27.52,1.557,0.016,1.597,4.172,-0.124,4.214
27.53,1.519,0.016,1.596,4.379,-0.124,4.216
27.54,1.544,0.016,1.596,3.834,-0.124,4.211
27.55,1.336,0.016,1.592,4.050,-0.124,4.209
27.56,1.750,0.016,1.594,4.304,-0.124,4.210
27.57,1.715,0.018,1.597,4.207,-0.126,4.209
27.58,1.715,0.018,1.599,4.157,-0.127,4.208
27.59,1.577,0.019,1.599,4.182,-0.126,4.208
27.60,1.537,0.017,1.597,4.425,-0.127,4.210
27.61,1.672,0.016,1.597,4.413,-0.126,4.214
27.62,1.694,0.016,1.598,4.164,-0.125,4.214
27.63,1.530,0.014,1.596,4.299,-0.126,4.215
27.64,1.795,0.013,1.597,3.900,-0.126,4.211
27.65,1.568,0.014,1.597,4.245,-0.124,4.213
27.66,1.772,0.014,1.599,4.161,-0.124,4.212
27.67,1.519,0.016,1.600,4.053,-0.124,4.210
27.68,1.449,0.015,1.597,4.161,-0.123,4.211
27.69,1.561,0.016,1.598,4.047,-0.124,4.208
27.70,1.648,0.016,1.599,4.189,-0.124,4.208
27.71,1.654,0.017,1.601,4.019,-0.124,4.206
27.72,1.552,0.017,1.600,4.144,-0.123,4.206
27.73,1.550,0.019,1.601,3.612,-0.122,4.198
27.74,1.604,0.019,1.602,4.373,-0.124,4.199
27.75,1.662,0.020,1.603,4.199,-0.124,4.199
27.76,1.658,0.021,1.605,4.040,-0.124,4.198
27.77,1.520,0.021,1.604,4.819,-0.124,4.206
27.78,1.582,0.020,1.603,4.404,-0.124,4.209
27.79,1.544,0.020,1.601,4.314,-0.124,4.210
27.80,1.396,0.021,1.600,4.226,-0.126,4.208
27.81,1.646,0.020,1.600,4.228,-0.126,4.208
27.82,1.536,0.021,1.599,4.191,-0.127,4.207
27.83,1.616,0.022,1.601,4.228,-0.128,4.207
27.84,1.508,0.023,1.601,4.367,-0.128,4.209
27.85,1.706,0.020,1.599,4.338,-0.128,4.211
27.86,1.847,0.021,1.603,4.048,-0.128,4.208
27.87,1.657,0.022,1.605,3.894,-0.127,4.205
27.88,1.594,0.021,1.603,3.973,-0.128,4.202
27.89,1.827,0.020,1.606,4.197,-0.128,4.201
27.90,1.592,0.022,1.608,4.281,-0.128,4.203
27.91,1.688,0.021,1.608,3.984,-0.128,4.200
27.92,1.650,0.020,1.607,4.084,-0.129,4.197
27.93,1.757,0.019,1.608,4.247,-0.129,4.199
27.94,1.436,0.021,1.608,4.073,-0.128,4.197
27.95,1.576,0.021,1.608,3.868,-0.128,4.194
27.96,1.676,0.022,1.609,4.484,-0.128,4.197
27.97,1.457,0.025,1.610,4.378,-0.129,4.198
27.98,1.359,0.022,1.604,4.092,-0.129,4.197
27.99,1.652,0.024,1.607,4.115,-0.129,4.197
28.00,1.741,0.026,1.611,4.437,-0.130,4.199
28.01,1.640,0.025,1.610,3.961,-0.130,4.196
28.02,1.592,0.024,1.608,4.005,-0.129,4.194
28.03,1.698,0.024,1.610,4.056,-0.129,4.192
28.04,1.428,0.024,1.607,4.036,-0.130,4.189
28.05,1.447,0.024,1.605,4.253,-0.129,4.191
28.06,1.572,0.023,1.604,4.102,-0.130,4.189
28.07,1.419,0.023,1.602,4.078,-0.129,4.188
28.08,1.478,0.024,1.601,4.185,-0.130,4.188
28.09,1.624,0.026,1.603,4.411,-0.130,4.191
28.10,1.598,0.026,1.603,4.247,-0.129,4.192
28.11,1.600,0.026,1.603,4.243,-0.129,4.193
28.12,1.756,0.027,1.605,4.041,-0.130,4.190
28.13,1.647,0.027,1.606,4.112,-0.129,4.189
28.14,1.501,0.027,1.605,4.515,-0.130,4.193
28.15,1.599,0.026,1.604,4.240,-0.130,4.194
28.16,1.844,0.026,1.607,4.216,-0.130,4.194
28.17,1.594,0.026,1.606,4.203,-0.130,4.194
28.18,1.648,0.027,1.608,4.581,-0.131,4.199
28.19,1.328,0.026,1.604,3.953,-0.132,4.195
28.20,1.652,0.025,1.603,4.402,-0.131,4.198
28.21,1.655,0.025,1.604,4.400,-0.132,4.200
28.22,1.553,0.024,1.602,4.414,-0.132,4.203
28.23,1.598,0.024,1.602,4.339,-0.132,4.204
28.24,1.390,0.024,1.599,4.305,-0.132,4.206
28.25,1.582,0.024,1.599,4.289,-0.133,4.206
28.26,1.524,0.024,1.598,4.418,-0.134,4.208
28.27,1.376,0.024,1.595,4.341,-0.134,4.210
28.28,1.656,0.023,1.595,4.194,-0.133,4.211
28.29,1.265,0.023,1.590,4.186,-0.133,4.211
28.30,1.419,0.023,1.588,4.166,-0.132,4.212
28.31,1.602,0.024,1.589,4.090,-0.133,4.209
28.32,1.644,0.023,1.588,4.128,-0.132,4.209
28.33,1.574,0.023,1.589,4.131,-0.132,4.208
28.34,1.578,0.025,1.590,4.333,-0.131,4.211
28.35,1.377,0.023,1.585,4.239,-0.131,4.211
28.36,1.708,0.022,1.586,3.913,-0.130,4.208
28.37,1.640,0.021,1.586,4.119,-0.130,4.207
28.38,1.413,0.023,1.585,4.296,-0.131,4.208
28.40,1.626,0.023,1.585,4.474,-0.131,4.212
28.40,1.793,0.021,1.586,4.344,-0.130,4.214
28.41,1.645,0.022,1.588,4.349,-0.130,4.217
28.42,1.644,0.021,1.587,4.600,-0.129,4.223
28.44,1.557,0.020,1.586,3.939,-0.129,4.219
28.44,1.633,0.021,1.587,4.173,-0.128,4.219
28.45,1.691,0.020,1.588,4.363,-0.127,4.222
28.47,1.770,0.020,1.590,4.229,-0.129,4.221
28.48,1.350,0.022,1.589,4.087,-0.129,4.219
28.48,1.467,0.024,1.589,4.330,-0.129,4.221
28.49,1.571,0.024,1.588,4.403,-0.129,4.223
28.50,1.686,0.025,1.590,4.266,-0.128,4.224
28.51,1.730,0.024,1.592,4.012,-0.127,4.223
28.53,1.838,0.022,1.593,4.407,-0.126,4.227
28.53,1.465,0.022,1.591,4.107,-0.126,4.225
28.54,1.467,0.022,1.589,3.944,-0.127,4.220
28.56,1.498,0.022,1.588,4.609,-0.127,4.226
28.57,1.682,0.023,1.591,4.329,-0.126,4.229
28.57,1.581,0.024,1.591,4.233,-0.126,4.229
28.58,1.540,0.023,1.589,4.143,-0.126,4.228
28.60,1.453,0.023,1.587,4.362,-0.125,4.231
28.61,1.835,0.022,1.589,4.256,-0.126,4.230
28.61,1.536,0.022,1.589,4.183,-0.125,4.231
28.63,1.709,0.021,1.589,4.276,-0.128,4.229
28.64,1.523,0.019,1.586,4.221,-0.127,4.230
28.65,1.457,0.018,1.583,4.254,-0.129,4.228
28.66,1.795,0.019,1.588,4.037,-0.130,4.225
28.67,1.846,0.019,1.591,4.343,-0.129,4.228
28.68,1.741,0.021,1.594,4.169,-0.129,4.227
28.69,1.731,0.021,1.596,4.209,-0.128,4.228
28.70,1.561,0.020,1.595,3.855,-0.128,4.224
28.71,1.358,0.020,1.592,4.281,-0.127,4.225
28.72,1.465,0.021,1.591,3.982,-0.127,4.222
28.73,1.649,0.019,1.590,4.274,-0.127,4.223
28.74,1.573,0.020,1.591,3.931,-0.128,4.218
28.75,1.691,0.019,1.591,4.088,-0.130,4.215
28.76,1.617,0.021,1.593,3.799,-0.131,4.209
28.77,1.463,0.021,1.591,4.212,-0.131,4.208
28.78,1.566,0.020,1.590,4.047,-0.131,4.206
28.79,1.649,0.020,1.591,4.275,-0.133,4.206
28.80,1.737,0.018,1.590,4.284,-0.133,4.206
28.81,1.485,0.018,1.589,4.120,-0.133,4.206
28.82,1.725,0.017,1.590,4.135,-0.133,4.205
28.83,1.653,0.017,1.591,4.092,-0.132,4.204
28.84,1.631,0.017,1.591,3.974,-0.133,4.200
28.85,1.692,0.020,1.595,4.027,-0.133,4.198
28.86,1.671,0.019,1.595,4.229,-0.133,4.199
28.87,1.516,0.018,1.594,4.155,-0.133,4.198
28.88,1.536,0.017,1.592,4.122,-0.132,4.198
28.89,1.482,0.015,1.588,4.547,-0.131,4.203
28.90,1.446,0.016,1.587,3.961,-0.132,4.199
28.91,1.446,0.016,1.585,4.134,-0.132,4.199
28.92,1.601,0.017,1.587,4.136,-0.133,4.196
28.93,1.462,0.017,1.585,4.141,-0.133,4.196
28.94,1.550,0.018,1.586,3.853,-0.133,4.191
28.95,1.671,0.017,1.586,4.097,-0.134,4.190
28.96,1.795,0.017,1.588,4.171,-0.133,4.190
28.97,1.544,0.018,1.589,4.271,-0.132,4.192
28.98,1.451,0.020,1.588,4.287,-0.132,4.193
28.99,1.455,0.019,1.586,4.218,-0.131,4.194
29.00,1.235,0.018,1.580,4.086,-0.132,4.192
29.01,1.609,0.018,1.581,4.177,-0.132,4.192
29.02,1.549,0.019,1.580,4.224,-0.132,4.192
29.03,1.467,0.019,1.579,4.362,-0.132,4.195
29.04,1.841,0.019,1.583,4.345,-0.131,4.198
29.05,1.470,0.020,1.582,4.145,-0.131,4.197
29.06,1.712,0.021,1.585,4.233,-0.131,4.197
29.07,1.400,0.023,1.584,4.114,-0.131,4.196
29.08,1.553,0.021,1.582,4.193,-0.131,4.196
29.09,1.427,0.023,1.582,4.083,-0.131,4.195
29.10,1.781,0.023,1.584,4.185,-0.131,4.195
29.11,1.666,0.023,1.585,4.169,-0.131,4.195
29.12,1.906,0.023,1.589,4.198,-0.130,4.196
29.13,1.536,0.025,1.590,4.250,-0.129,4.197
29.14,1.660,0.024,1.591,4.204,-0.129,4.197
29.15,1.619,0.026,1.592,4.347,-0.128,4.200
29.16,1.637,0.028,1.595,4.137,-0.128,4.199
29.17,1.631,0.024,1.592,4.252,-0.127,4.200
29.18,1.765,0.025,1.595,4.268,-0.127,4.201
29.19,1.593,0.029,1.598,4.207,-0.127,4.202
29.20,1.409,0.028,1.595,4.260,-0.129,4.201
29.21,1.688,0.029,1.597,4.225,-0.128,4.202
29.22,1.461,0.029,1.596,4.266,-0.128,4.203
29.23,1.522,0.031,1.596,4.194,-0.127,4.203
29.24,1.613,0.031,1.597,4.104,-0.128,4.201
29.25,1.618,0.032,1.598,4.451,-0.128,4.205
29.26,1.315,0.033,1.595,4.305,-0.129,4.205
29.27,1.442,0.034,1.593,4.030,-0.130,4.202
29.28,1.435,0.034,1.591,4.322,-0.129,4.204
29.29,1.529,0.035,1.591,4.105,-0.129,4.203
29.30,1.653,0.034,1.591,3.967,-0.129,4.201
29.31,1.665,0.034,1.592,4.131,-0.129,4.200
29.32,1.474,0.034,1.590,4.300,-0.127,4.203
29.33,1.816,0.031,1.590,4.151,-0.128,4.201
29.34,1.453,0.030,1.587,4.064,-0.129,4.198
29.35,1.394,0.031,1.586,4.170,-0.128,4.199
29.36,1.360,0.029,1.581,4.103,-0.129,4.197
29.37,1.612,0.030,1.582,4.353,-0.129,4.198
29.38,1.641,0.031,1.583,4.532,-0.129,4.203
29.39,1.643,0.031,1.584,4.067,-0.130,4.201
29.40,1.527,0.029,1.582,4.183,-0.129,4.201
29.41,1.468,0.030,1.581,4.452,-0.128,4.205
29.42,1.532,0.029,1.579,4.122,-0.127,4.205
29.43,1.626,0.032,1.582,4.278,-0.128,4.206
29.44,1.704,0.031,1.583,4.215,-0.128,4.205
29.45,1.618,0.031,1.584,4.259,-0.127,4.207
29.46,1.907,0.032,1.588,4.113,-0.127,4.206
29.47,1.593,0.033,1.589,4.334,-0.126,4.208
29.48,1.484,0.034,1.589,4.125,-0.126,4.207
29.49,1.414,0.034,1.587,4.324,-0.128,4.207
29.50,1.733,0.033,1.588,4.056,-0.129,4.204
29.51,1.766,0.033,1.590,4.185,-0.129,4.204
29.52,1.686,0.032,1.590,4.063,-0.130,4.201
29.53,1.396,0.030,1.585,4.093,-0.129,4.200
29.54,1.454,0.027,1.580,4.359,-0.129,4.202
29.55,1.804,0.029,1.585,4.181,-0.130,4.202
29.56,1.641,0.029,1.585,4.197,-0.132,4.200
29.57,1.537,0.027,1.583,4.084,-0.132,4.198
29.58,1.974,0.026,1.587,4.127,-0.131,4.198
29.59,1.755,0.027,1.591,4.401,-0.130,4.202
29.60,1.582,0.026,1.589,4.470,-0.130,4.205
29.61,1.423,0.026,1.586,4.391,-0.130,4.208
29.62,1.487,0.025,1.584,4.015,-0.129,4.206
29.63,1.578,0.024,1.584,4.328,-0.130,4.208
29.64,1.568,0.025,1.584,4.174,-0.130,4.207
29.65,1.693,0.026,1.586,4.044,-0.128,4.206
29.66,1.278,0.026,1.583,4.280,-0.128,4.208
29.67,1.457,0.027,1.582,4.205,-0.129,4.207
29.68,1.506,0.026,1.579,4.302,-0.128,4.209
29.69,1.572,0.025,1.578,4.053,-0.128,4.207
29.70,1.795,0.026,1.582,4.156,-0.128,4.206
29.71,1.654,0.027,1.583,4.153,-0.128,4.205
29.72,1.487,0.028,1.583,4.252,-0.128,4.207
29.73,1.712,0.028,1.585,4.101,-0.128,4.205
29.74,1.798,0.029,1.589,3.876,-0.128,4.201
29.75,1.621,0.027,1.587,4.158,-0.128,4.200
29.76,1.447,0.028,1.587,4.145,-0.128,4.199
29.77,1.672,0.028,1.587,4.147,-0.128,4.199
29.78,1.402,0.028,1.584,3.930,-0.128,4.195
29.79,1.652,0.027,1.585,4.353,-0.129,4.196
29.80,1.767,0.026,1.586,4.231,-0.129,4.197
29.81,1.662,0.025,1.586,4.114,-0.130,4.194
29.82,1.709,0.025,1.588,4.192,-0.132,4.193
29.83,1.834,0.025,1.591,3.965,-0.132,4.189
29.84,1.199,0.025,1.585,4.097,-0.132,4.188
29.85,1.630,0.021,1.582,4.205,-0.131,4.189
29.86,1.429,0.022,1.581,4.324,-0.130,4.192
29.88,1.533,0.025,1.583,4.424,-0.129,4.196
29.89,1.723,0.026,1.585,3.933,-0.130,4.192
29.90,1.490,0.025,1.584,4.408,-0.129,4.195
29.91,1.675,0.026,1.586,4.035,-0.129,4.193
29.92,1.505,0.027,1.585,4.491,-0.130,4.196
29.93,1.418,0.028,1.584,4.253,-0.132,4.195
29.94,1.670,0.028,1.585,4.085,-0.132,4.193
29.94,1.678,0.027,1.585,4.118,-0.133,4.191
29.95,1.575,0.026,1.584,4.453,-0.133,4.195
29.97,1.565,0.026,1.584,4.134,-0.134,4.193
29.98,1.456,0.026,1.583,4.415,-0.134,4.196
29.98,1.698,0.027,1.585,4.190,-0.134,4.196
30.00,1.452,0.026,1.582,4.136,-0.133,4.196
30.01,1.679,0.027,1.584,3.962,-0.134,4.192
30.02,1.838,0.028,1.589,4.324,-0.134,4.194
30.03,1.436,0.027,1.585,4.265,-0.135,4.194
30.04,1.492,0.026,1.583,4.156,-0.136,4.192
30.05,1.606,0.027,1.584,4.341,-0.136,4.194
30.06,1.354,0.027,1.582,4.146,-0.137,4.193
30.07,1.557,0.027,1.581,4.375,-0.138,4.194
30.08,1.707,0.027,1.582,4.212,-0.138,4.194
30.09,1.686,0.030,1.586,3.892,-0.137,4.191
30.10,1.708,0.032,1.590,4.150,-0.137,4.191
30.11,1.501,0.031,1.588,4.372,-0.139,4.192
30.12,1.838,0.032,1.592,4.129,-0.138,4.191
30.13,1.695,0.033,1.594,4.156,-0.137,4.191
30.14,1.521,0.031,1.591,4.216,-0.137,4.192
30.15,1.299,0.031,1.587,4.401,-0.139,4.193
30.16,1.692,0.031,1.589,4.346,-0.139,4.195
30.17,1.603,0.032,1.590,4.260,-0.139,4.196
30.18,1.216,0.032,1.585,4.203,-0.138,4.197
30.19,1.441,0.032,1.583,4.379,-0.137,4.200
30.20,1.482,0.033,1.582,4.120,-0.137,4.199
30.21,1.347,0.033,1.579,4.164,-0.136,4.200
30.22,1.240,0.033,1.574,4.161,-0.137,4.199
30.23,1.379,0.032,1.571,4.017,-0.134,4.199
30.24,1.485,0.032,1.569,4.274,-0.136,4.198
30.25,1.651,0.031,1.570,4.112,-0.137,4.196
30.26,1.488,0.030,1.567,4.223,-0.138,4.195
30.27,1.839,0.031,1.572,4.265,-0.138,4.197
30.28,1.565,0.031,1.572,4.249,-0.137,4.198
30.29,1.703,0.032,1.574,4.177,-0.138,4.197
30.30,1.686,0.033,1.576,4.172,-0.138,4.197
30.31,1.691,0.032,1.577,4.132,-0.139,4.195
30.32,1.739,0.034,1.581,4.180,-0.138,4.196
30.33,1.259,0.036,1.579,4.266,-0.138,4.197
30.34,1.237,0.036,1.574,4.199,-0.138,4.197
30.35,1.641,0.037,1.575,3.904,-0.137,4.194
30.36,1.598,0.038,1.576,3.910,-0.139,4.188
30.37,1.508,0.039,1.576,4.067,-0.138,4.187
30.38,1.658,0.040,1.578,4.212,-0.139,4.187
30.39,1.657,0.039,1.578,4.598,-0.139,4.193
30.40,1.498,0.038,1.576,4.308,-0.139,4.194
30.41,1.822,0.040,1.581,4.017,-0.138,4.192
30.42,1.596,0.042,1.583,3.906,-0.139,4.188
30.43,1.606,0.041,1.583,4.194,-0.139,4.188
30.44,1.545,0.043,1.584,4.368,-0.140,4.189
30.45,1.976,0.043,1.588,4.087,-0.139,4.188
30.46,1.794,0.046,1.594,4.370,-0.139,4.191
30.47,1.702,0.046,1.595,4.260,-0.140,4.191
30.48,1.618,0.047,1.596,4.052,-0.140,4.189
30.49,1.450,0.046,1.594,4.096,-0.140,4.188
30.50,1.518,0.048,1.594,4.016,-0.142,4.184
30.51,1.463,0.049,1.594,4.170,-0.141,4.184
30.52,1.460,0.050,1.593,4.237,-0.141,4.185
30.53,1.839,0.049,1.595,4.181,-0.141,4.186
30.54,1.446,0.049,1.593,4.175,-0.141,4.185
30.55,1.465,0.052,1.594,4.309,-0.141,4.187
30.56,1.757,0.052,1.596,3.787,-0.142,4.180
30.57,1.609,0.051,1.595,4.031,-0.143,4.177
30.58,1.714,0.051,1.597,4.081,-0.143,4.176
30.59,1.682,0.051,1.598,4.152,-0.145,4.174
30.60,1.644,0.052,1.600,4.320,-0.146,4.175
30.61,1.702,0.053,1.602,4.243,-0.145,4.176
30.62,1.736,0.055,1.605,4.291,-0.145,4.177
30.63,1.543,0.054,1.604,4.259,-0.147,4.177
30.64,1.518,0.054,1.602,4.188,-0.145,4.179
30.65,1.565,0.053,1.600,4.060,-0.146,4.177
30.66,1.390,0.053,1.598,3.992,-0.146,4.174
30.67,1.456,0.053,1.596,3.960,-0.147,4.170
30.68,1.499,0.055,1.596,4.008,-0.146,4.169
30.69,1.606,0.054,1.595,4.353,-0.146,4.172
30.70,1.560,0.055,1.596,3.911,-0.145,4.168
30.71,1.560,0.055,1.595,3.878,-0.145,4.165
30.72,1.706,0.056,1.597,4.146,-0.145,4.164
30.73,1.605,0.056,1.597,4.250,-0.146,4.165
30.74,1.729,0.055,1.598,4.372,-0.146,4.167
30.75,1.520,0.054,1.596,3.985,-0.146,4.165
30.76,1.861,0.055,1.600,4.099,-0.146,4.164
30.77,1.837,0.052,1.600,4.236,-0.145,4.165
30.78,1.491,0.053,1.600,4.145,-0.147,4.163
30.79,1.837,0.052,1.602,4.310,-0.149,4.164
30.80,1.543,0.052,1.601,4.209,-0.149,4.164
30.81,1.455,0.052,1.599,4.059,-0.150,4.161
30.82,1.564,0.052,1.599,4.175,-0.148,4.163
30.83,1.529,0.053,1.598,4.065,-0.149,4.161
30.84,1.628,0.054,1.600,4.272,-0.149,4.162
30.85,1.818,0.053,1.602,3.886,-0.149,4.158
30.86,1.644,0.052,1.601,3.996,-0.149,4.157
30.87,1.774,0.054,1.605,4.146,-0.149,4.156
30.88,1.300,0.053,1.601,4.430,-0.149,4.159
30.89,1.712,0.055,1.603,4.235,-0.149,4.161
30.90,1.600,0.053,1.601,4.423,-0.149,4.163
30.91,1.483,0.053,1.600,4.461,-0.148,4.168
30.92,1.592,0.055,1.602,4.398,-0.148,4.172
30.93,1.563,0.052,1.598,4.258,-0.147,4.174
30.94,1.490,0.053,1.598,4.033,-0.147,4.172
30.95,1.413,0.053,1.595,4.298,-0.148,4.173
30.96,1.657,0.052,1.595,3.977,-0.149,4.169
30.97,1.653,0.052,1.595,4.210,-0.148,4.171
30.98,1.448,0.048,1.590,4.149,-0.147,4.171
30.99,1.533,0.048,1.589,4.115,-0.147,4.170
31.00,1.286,0.050,1.586,4.057,-0.146,4.170
31.01,1.597,0.051,1.588,4.109,-0.146,4.169
31.02,1.813,0.051,1.591,4.078,-0.146,4.168
31.03,1.710,0.052,1.593,3.937,-0.145,4.165
31.04,1.571,0.052,1.592,3.950,-0.145,4.162
31.05,1.802,0.052,1.595,4.416,-0.144,4.166
31.06,1.626,0.051,1.594,4.422,-0.143,4.170
31.07,1.684,0.050,1.595,4.518,-0.143,4.175
31.08,1.456,0.048,1.590,3.960,-0.143,4.172
31.09,1.408,0.048,1.588,4.377,-0.142,4.176
31.10,1.621,0.049,1.589,4.192,-0.142,4.177
31.11,1.654,0.049,1.590,4.009,-0.142,4.174
31.12,1.771,0.049,1.593,4.157,-0.141,4.174
31.13,1.846,0.048,1.595,4.331,-0.142,4.175
31.14,1.698,0.049,1.597,4.150,-0.142,4.175
31.15,1.544,0.048,1.596,4.044,-0.142,4.173
31.16,1.565,0.048,1.595,4.311,-0.143,4.175
31.17,1.532,0.047,1.593,4.304,-0.143,4.176
31.18,1.455,0.047,1.591,4.279,-0.143,4.177
31.19,1.544,0.048,1.591,4.503,-0.143,4.181
31.20,1.479,0.048,1.590,4.351,-0.141,4.186
31.21,1.531,0.046,1.587,4.134,-0.143,4.184
31.22,1.465,0.047,1.586,4.373,-0.141,4.187
31.23,1.817,0.047,1.589,4.189,-0.142,4.187
31.24,1.525,0.047,1.588,4.203,-0.141,4.188
31.25,1.646,0.048,1.589,4.170,-0.141,4.188
31.26,1.671,0.048,1.591,4.183,-0.142,4.187
31.27,1.608,0.047,1.590,4.237,-0.141,4.189
31.28,1.553,0.047,1.589,4.256,-0.139,4.192
31.29,1.328,0.047,1.586,4.236,-0.139,4.192
31.30,1.319,0.045,1.581,4.121,-0.138,4.192
31.31,1.764,0.048,1.585,4.240,-0.138,4.193
31.32,1.773,0.050,1.590,4.286,-0.138,4.194
31.33,1.331,0.048,1.584,4.220,-0.138,4.194
31.35,1.767,0.047,1.586,4.054,-0.139,4.192
31.35,1.421,0.048,1.585,3.874,-0.138,4.188
31.36,1.511,0.050,1.585,4.073,-0.138,4.187
31.37,1.628,0.052,1.587,3.967,-0.137,4.185
31.39,1.626,0.052,1.588,4.220,-0.137,4.186
31.40,1.603,0.053,1.589,4.224,-0.137,4.186
31.41,1.658,0.050,1.587,4.382,-0.138,4.188
31.42,1.729,0.049,1.588,4.334,-0.137,4.190
31.43,1.524,0.049,1.587,3.971,-0.137,4.187
31.44,1.633,0.048,1.587,4.273,-0.138,4.188
31.45,1.705,0.048,1.588,4.207,-0.140,4.186
31.46,1.712,0.048,1.590,4.309,-0.142,4.186
31.47,1.436,0.050,1.590,4.216,-0.142,4.186
31.48,1.652,0.050,1.590,4.224,-0.141,4.187
31.49,1.616,0.048,1.589,4.269,-0.141,4.189
31.50,1.619,0.047,1.588,4.119,-0.141,4.188
31.51,1.226,0.046,1.582,4.374,-0.141,4.190
31.52,1.493,0.045,1.579,4.398,-0.142,4.192
31.53,1.361,0.046,1.578,3.887,-0.142,4.188
31.54,1.425,0.047,1.576,4.205,-0.142,4.188
31.55,1.552,0.047,1.576,4.143,-0.142,4.188
31.56,1.771,0.046,1.578,4.038,-0.143,4.185
31.57,1.372,0.046,1.575,4.001,-0.142,4.183
31.58,1.710,0.044,1.575,4.397,-0.142,4.186
31.59,1.364,0.044,1.571,4.503,-0.144,4.188
31.60,1.561,0.044,1.571,4.192,-0.144,4.189
31.61,1.499,0.045,1.571,4.183,-0.144,4.188
31.62,1.796,0.048,1.577,4.098,-0.144,4.188
31.63,1.748,0.047,1.578,4.116,-0.144,4.187
31.64,1.661,0.046,1.578,3.844,-0.143,4.183
31.65,1.840,0.047,1.582,3.780,-0.143,4.178
31.66,1.505,0.046,1.580,4.250,-0.142,4.179
31.67,1.403,0.047,1.579,4.252,-0.142,4.180
31.68,1.584,0.048,1.579,4.393,-0.141,4.184
31.69,1.670,0.048,1.580,4.181,-0.141,4.184
31.70,1.588,0.049,1.582,4.331,-0.140,4.187
31.71,1.391,0.049,1.579,4.092,-0.140,4.185
31.72,1.412,0.049,1.577,4.233,-0.141,4.186
31.73,1.689,0.049,1.578,4.238,-0.140,4.187
31.74,1.462,0.048,1.576,4.181,-0.140,4.187
31.75,1.663,0.050,1.578,4.067,-0.141,4.185
31.76,1.456,0.051,1.578,4.307,-0.140,4.187
31.77,1.578,0.052,1.578,4.260,-0.141,4.187
31.78,1.551,0.052,1.577,4.096,-0.140,4.187
31.79,1.498,0.052,1.576,4.230,-0.140,4.187
31.80,1.215,0.053,1.573,4.211,-0.140,4.188
31.81,1.463,0.054,1.572,3.885,-0.141,4.183
31.82,1.577,0.056,1.574,3.871,-0.141,4.179
31.83,1.726,0.055,1.575,3.989,-0.141,4.176
31.84,1.711,0.055,1.576,4.205,-0.142,4.176
31.85,1.477,0.055,1.574,4.074,-0.142,4.174
31.86,1.572,0.056,1.575,4.186,-0.141,4.175
31.87,1.628,0.057,1.578,4.487,-0.143,4.178
31.88,1.629,0.058,1.579,4.312,-0.143,4.179
31.89,1.826,0.059,1.583,3.969,-0.143,4.177
31.90,1.622,0.059,1.583,4.146,-0.142,4.177
31.91,1.523,0.059,1.583,4.475,-0.142,4.181
31.92,1.740,0.060,1.585,4.051,-0.142,4.179
31.93,1.452,0.062,1.585,4.208,-0.142,4.180
31.94,1.619,0.061,1.584,3.985,-0.143,4.176
31.95,1.802,0.060,1.587,4.152,-0.142,4.177
31.96,1.735,0.060,1.588,4.203,-0.142,4.177
31.97,1.472,0.061,1.588,4.463,-0.144,4.179
31.98,1.482,0.061,1.586,4.390,-0.143,4.182
31.99,1.600,0.061,1.585,4.302,-0.143,4.184
32.00,1.377,0.062,1.584,4.420,-0.143,4.187
32.01,1.399,0.065,1.585,3.968,-0.143,4.184
32.02,1.537,0.066,1.584,4.126,-0.142,4.184
32.03,1.279,0.065,1.579,4.213,-0.143,4.183
32.04,1.520,0.064,1.577,4.348,-0.143,4.186
32.05,1.682,0.065,1.580,4.390,-0.143,4.189
32.06,1.453,0.065,1.577,4.412,-0.142,4.192
32.07,1.521,0.064,1.576,4.193,-0.143,4.191
32.08,1.521,0.065,1.576,4.461,-0.144,4.194
32.09,1.552,0.066,1.576,4.184,-0.144,4.194
32.10,1.649,0.066,1.577,4.452,-0.144,4.198
32.11,1.731,0.068,1.581,4.194,-0.143,4.198
32.12,1.611,0.070,1.583,4.227,-0.144,4.199
32.13,1.549,0.072,1.584,4.073,-0.145,4.196
32.14,1.650,0.072,1.585,4.070,-0.143,4.196
32.15,1.631,0.072,1.586,4.167,-0.145,4.194
32.16,1.373,0.072,1.583,4.113,-0.145,4.193
32.17,1.585,0.071,1.582,4.143,-0.145,4.192
32.18,1.731,0.070,1.582,3.918,-0.144,4.190
32.19,1.658,0.068,1.581,4.259,-0.145,4.189
32.20,1.596,0.069,1.582,4.023,-0.146,4.187
32.21,1.680,0.069,1.584,4.192,-0.147,4.186
32.22,1.594,0.070,1.584,4.407,-0.147,4.188
32.23,1.396,0.070,1.582,4.067,-0.146,4.188
32.24,1.517,0.069,1.579,4.476,-0.145,4.193
32.25,1.538,0.068,1.578,4.103,-0.146,4.191
32.26,1.387,0.070,1.577,4.269,-0.146,4.192
32.27,1.461,0.070,1.576,4.013,-0.146,4.189
32.28,1.433,0.070,1.573,4.074,-0.147,4.187
32.29,1.505,0.069,1.571,3.932,-0.148,4.183
32.30,1.610,0.070,1.572,4.118,-0.147,4.183
32.31,1.418,0.068,1.568,4.036,-0.148,4.180
32.32,1.626,0.068,1.568,4.281,-0.148,4.181
32.33,1.921,0.067,1.572,4.610,-0.147,4.188
32.34,1.904,0.066,1.575,3.863,-0.148,4.183
32.35,1.781,0.068,1.579,3.929,-0.147,4.180
32.36,1.687,0.070,1.583,4.124,-0.148,4.179
32.37,1.450,0.070,1.581,3.961,-0.147,4.177
32.38,1.580,0.072,1.583,4.264,-0.147,4.178
32.39,1.466,0.073,1.582,4.143,-0.147,4.177
32.40,1.619,0.075,1.585,4.381,-0.147,4.181
32.41,1.516,0.076,1.585,4.289,-0.146,4.183
32.42,1.562,0.077,1.585,4.028,-0.146,4.181
32.43,1.513,0.077,1.583,3.978,-0.146,4.178
32.44,1.595,0.075,1.581,4.192,-0.147,4.177
32.45,1.688,0.073,1.581,4.271,-0.146,4.179
32.46,1.484,0.074,1.580,4.266,-0.146,4.180
32.47,1.714,0.073,1.581,4.119,-0.145,4.180
32.48,1.535,0.074,1.582,3.947,-0.147,4.175
32.49,1.454,0.075,1.581,4.246,-0.146,4.177
32.50,1.656,0.075,1.581,4.268,-0.145,4.180
32.51,1.653,0.077,1.584,4.017,-0.143,4.179
32.52,1.724,0.077,1.585,4.552,-0.142,4.186
32.53,1.971,0.075,1.589,4.154,-0.143,4.184
32.54,1.641,0.076,1.590,4.459,-0.143,4.188
32.55,1.470,0.076,1.589,4.264,-0.142,4.189
32.56,1.463,0.076,1.587,4.085,-0.142,4.188
32.57,1.713,0.075,1.587,4.227,-0.143,4.188
32.58,1.737,0.078,1.591,3.989,-0.143,4.185
32.59,1.764,0.076,1.592,4.322,-0.142,4.188
32.60,1.534,0.075,1.590,4.219,-0.141,4.189
32.61,1.380,0.076,1.588,4.133,-0.141,4.188
32.62,1.186,0.075,1.582,4.195,-0.141,4.189
32.63,1.672,0.076,1.584,4.256,-0.141,4.190
32.64,1.578,0.076,1.584,4.543,-0.142,4.194
32.65,1.607,0.079,1.587,4.355,-0.142,4.196
32.66,1.513,0.078,1.585,3.968,-0.143,4.192
32.67,1.735,0.078,1.586,3.918,-0.143,4.188
32.68,1.355,0.078,1.583,3.929,-0.144,4.183
32.69,1.641,0.076,1.582,4.112,-0.145,4.182
32.70,1.650,0.073,1.580,4.345,-0.145,4.184
32.71,1.524,0.073,1.579,4.075,-0.144,4.183
32.72,1.639,0.073,1.579,4.168,-0.145,4.183
32.73,1.212,0.075,1.576,4.031,-0.145,4.180
32.74,1.813,0.077,1.582,4.515,-0.146,4.184
32.75,1.596,0.079,1.583,4.383,-0.146,4.187
32.76,1.455,0.079,1.581,4.035,-0.146,4.185
32.77,1.538,0.077,1.579,4.405,-0.147,4.186
32.78,1.487,0.078,1.578,4.112,-0.148,4.184
32.79,1.433,0.077,1.575,4.221,-0.148,4.185
32.80,1.405,0.077,1.573,4.306,-0.148,4.187
32.81,1.860,0.076,1.575,4.003,-0.148,4.184
32.82,1.890,0.076,1.579,4.109,-0.149,4.182
32.83,1.562,0.075,1.578,4.186,-0.149,4.182
32.85,1.841,0.074,1.580,4.245,-0.150,4.182
32.85,1.779,0.073,1.582,3.948,-0.149,4.180
32.86,1.620,0.072,1.581,4.147,-0.149,4.179
32.88,1.355,0.073,1.579,4.380,-0.149,4.183
32.89,1.757,0.074,1.582,4.152,-0.150,4.181
32.89,1.363,0.073,1.578,4.273,-0.150,4.182
32.90,1.744,0.072,1.579,4.142,-0.151,4.181
32.91,1.501,0.071,1.577,4.289,-0.151,4.182
32.92,1.428,0.069,1.573,4.357,-0.151,4.185
32.94,1.770,0.070,1.576,4.133,-0.151,4.184
32.95,1.816,0.068,1.577,4.365,-0.149,4.188
32.96,1.814,0.070,1.582,4.314,-0.149,4.190
32.97,1.642,0.069,1.582,3.990,-0.150,4.186
32.98,1.498,0.068,1.580,4.006,-0.149,4.185
32.99,1.628,0.068,1.580,4.104,-0.149,4.184
33.00,1.709,0.067,1.581,4.006,-0.148,4.183
33.01,1.654,0.068,1.583,4.212,-0.149,4.182
33.02,1.378,0.068,1.580,4.247,-0.147,4.185
33.03,1.348,0.068,1.576,4.074,-0.148,4.182
33.04,1.812,0.069,1.581,4.309,-0.147,4.185
33.05,1.329,0.068,1.577,4.081,-0.146,4.185
33.06,1.766,0.068,1.579,4.294,-0.147,4.186
33.07,1.433,0.070,1.578,4.238,-0.145,4.188
33.08,1.376,0.071,1.577,4.187,-0.146,4.187
33.09,1.598,0.072,1.578,4.127,-0.146,4.187
33.10,1.735,0.074,1.582,3.925,-0.145,4.184
33.11,1.679,0.074,1.583,4.178,-0.146,4.183
33.12,1.789,0.075,1.587,4.358,-0.147,4.184
33.13,1.601,0.075,1.587,4.253,-0.146,4.186
33.14,1.581,0.075,1.587,4.217,-0.146,4.186
33.15,1.601,0.074,1.586,4.304,-0.145,4.189
33.16,1.630,0.074,1.586,4.275,-0.145,4.190
33.17,1.567,0.072,1.584,3.939,-0.145,4.187
33.18,1.537,0.072,1.583,3.951,-0.145,4.184
33.19,1.561,0.070,1.580,4.209,-0.144,4.185
33.20,1.420,0.069,1.578,4.257,-0.144,4.186
33.21,1.719,0.071,1.581,4.252,-0.144,4.187
33.22,1.839,0.072,1.586,3.907,-0.145,4.182
33.23,1.453,0.073,1.584,4.273,-0.145,4.184
33.24,1.593,0.072,1.583,4.353,-0.144,4.187
33.25,1.733,0.072,1.586,3.956,-0.144,4.184
33.26,1.465,0.071,1.583,4.322,-0.145,4.185
33.27,1.307,0.072,1.580,4.118,-0.145,4.184
33.28,1.399,0.072,1.578,4.255,-0.143,4.186
33.29,1.648,0.072,1.579,4.272,-0.144,4.187
33.30,1.377,0.073,1.577,3.931,-0.143,4.184
33.31,1.614,0.075,1.579,3.982,-0.145,4.180
33.32,1.696,0.074,1.579,3.967,-0.145,4.177
33.33,1.427,0.075,1.579,4.299,-0.147,4.177
33.34,1.341,0.075,1.575,4.023,-0.147,4.175
33.35,1.558,0.074,1.574,4.149,-0.146,4.175
33.36,1.540,0.073,1.572,3.975,-0.148,4.171
33.37,1.657,0.072,1.572,4.019,-0.147,4.169
33.38,1.330,0.073,1.570,4.114,-0.147,4.168
33.39,1.477,0.075,1.570,4.116,-0.148,4.167
33.40,1.389,0.075,1.568,4.274,-0.148,4.168
33.41,1.488,0.075,1.567,4.337,-0.149,4.169
33.42,1.726,0.075,1.568,4.113,-0.148,4.169
33.43,1.661,0.074,1.569,4.157,-0.149,4.168
33.44,1.361,0.075,1.566,4.457,-0.149,4.172
33.45,1.595,0.074,1.566,4.332,-0.148,4.175
33.46,1.612,0.074,1.566,4.234,-0.147,4.176
33.47,1.551,0.075,1.566,4.058,-0.148,4.174
33.48,1.748,0.074,1.568,4.092,-0.147,4.174
33.49,1.507,0.073,1.566,4.547,-0.147,4.179
33.50,1.339,0.073,1.563,4.225,-0.148,4.179
33.51,1.249,0.072,1.558,4.004,-0.146,4.178
33.52,1.464,0.074,1.558,4.222,-0.145,4.180
33.53,1.455,0.074,1.557,4.476,-0.145,4.184
33.54,1.565,0.074,1.556,4.081,-0.144,4.183
33.55,1.526,0.074,1.556,3.977,-0.145,4.179
33.56,1.597,0.076,1.558,4.303,-0.146,4.180
33.57,1.520,0.074,1.555,4.190,-0.146,4.180
33.58,1.757,0.073,1.557,4.054,-0.146,4.179
33.59,1.543,0.072,1.556,4.262,-0.145,4.181
33.60,1.600,0.071,1.554,4.275,-0.145,4.182
33.61,1.458,0.069,1.552,4.142,-0.146,4.181
33.62,1.586,0.069,1.552,4.205,-0.145,4.182
33.63,1.573,0.068,1.551,3.969,-0.146,4.178
33.64,1.474,0.068,1.549,4.276,-0.147,4.179
33.65,1.256,0.068,1.545,4.340,-0.145,4.182
33.66,1.452,0.068,1.544,4.427,-0.143,4.187
33.67,1.551,0.065,1.541,4.172,-0.144,4.186
33.68,1.647,0.064,1.540,4.294,-0.144,4.188
33.69,1.622,0.065,1.542,4.271,-0.144,4.189
33.70,1.678,0.065,1.544,4.042,-0.145,4.186
33.71,1.547,0.064,1.543,4.135,-0.145,4.185
33.72,1.454,0.064,1.542,4.175,-0.145,4.186
33.73,1.662,0.064,1.542,4.208,-0.143,4.187
33.74,1.662,0.065,1.546,4.208,-0.142,4.189
33.75,1.542,0.063,1.543,4.230,-0.141,4.190
33.76,1.506,0.063,1.542,3.936,-0.142,4.186
33.77,1.561,0.064,1.543,4.216,-0.141,4.187
33.78,1.547,0.065,1.544,4.429,-0.142,4.189
33.79,1.596,0.063,1.542,4.084,-0.144,4.186
33.80,1.753,0.063,1.545,4.356,-0.145,4.188
33.81,1.616,0.063,1.546,4.097,-0.144,4.187
33.82,1.741,0.066,1.551,4.319,-0.144,4.189
33.83,1.714,0.064,1.551,4.447,-0.144,4.193
33.84,1.563,0.065,1.552,3.995,-0.144,4.190
33.85,1.710,0.062,1.552,4.288,-0.144,4.192
33.86,1.613,0.061,1.551,4.128,-0.143,4.192
33.87,1.757,0.062,1.554,4.331,-0.143,4.194
33.88,1.594,0.062,1.555,3.969,-0.143,4.190
33.89,1.636,0.062,1.555,4.084,-0.144,4.188
33.90,1.508,0.063,1.555,4.412,-0.145,4.190
33.91,1.845,0.063,1.560,4.170,-0.147,4.188
33.92,1.874,0.062,1.563,4.193,-0.146,4.189
33.93,1.542,0.060,1.560,4.230,-0.145,4.191
33.94,1.764,0.060,1.563,3.925,-0.144,4.188
33.95,1.701,0.062,1.566,4.477,-0.144,4.192
33.96,1.799,0.061,1.569,4.037,-0.145,4.189
33.97,1.729,0.063,1.572,4.506,-0.145,4.194
33.98,1.486,0.062,1.571,4.011,-0.143,4.193
33.99,1.427,0.062,1.569,4.345,-0.143,4.195
34.00,1.626,0.063,1.570,4.179,-0.144,4.194
34.01,1.695,0.063,1.571,4.590,-0.144,4.199
34.02,1.499,0.062,1.570,3.899,-0.143,4.197
34.03,1.750,0.062,1.572,4.195,-0.142,4.198
34.04,1.463,0.063,1.572,4.174,-0.142,4.197
34.05,1.337,0.061,1.566,4.178,-0.140,4.198
34.06,1.331,0.060,1.563,4.306,-0.141,4.200
34.07,1.654,0.060,1.564,4.455,-0.140,4.203
34.08,1.406,0.061,1.562,3.900,-0.139,4.201
34.09,1.356,0.061,1.559,4.249,-0.140,4.200
34.10,1.470,0.061,1.558,4.540,-0.140,4.205
34.11,1.586,0.061,1.559,4.207,-0.139,4.206
34.12,1.524,0.061,1.559,4.359,-0.138,4.209
34.13,1.556,0.062,1.559,4.339,-0.137,4.212
34.14,1.641,0.063,1.561,3.846,-0.138,4.207
34.15,1.626,0.062,1.561,4.096,-0.138,4.205
34.16,1.429,0.060,1.557,4.055,-0.139,4.202
34.17,1.870,0.060,1.561,3.953,-0.139,4.199
34.18,1.654,0.061,1.563,4.080,-0.139,4.197
34.19,1.564,0.059,1.561,4.105,-0.140,4.196
34.20,1.437,0.060,1.560,4.140,-0.138,4.196
34.21,1.769,0.060,1.563,4.275,-0.137,4.198
34.22,1.708,0.062,1.567,4.139,-0.136,4.198
34.23,1.419,0.064,1.567,4.231,-0.137,4.198
34.24,1.532,0.065,1.567,4.145,-0.136,4.198
34.25,1.952,0.065,1.572,3.809,-0.136,4.193
34.26,1.757,0.066,1.576,3.994,-0.136,4.191
34.27,1.617,0.067,1.577,4.399,-0.137,4.192
34.28,1.500,0.068,1.578,4.176,-0.137,4.192
34.29,1.197,0.067,1.571,4.182,-0.137,4.192
34.30,1.548,0.068,1.572,4.325,-0.139,4.192
34.31,1.730,0.067,1.573,4.074,-0.139,4.190
34.32,1.714,0.067,1.575,3.887,-0.138,4.187
34.33,1.682,0.068,1.577,3.911,-0.138,4.184
34.35,1.550,0.068,1.577,4.163,-0.136,4.185
34.35,1.445,0.069,1.576,4.358,-0.136,4.187
34.37,1.634,0.072,1.579,3.948,-0.136,4.184
34.38,1.520,0.072,1.579,3.973,-0.137,4.180
34.39,1.607,0.070,1.578,4.256,-0.136,4.182
34.40,1.541,0.069,1.576,4.045,-0.136,4.181
34.41,1.640,0.068,1.575,4.009,-0.134,4.180
34.42,1.834,0.066,1.577,4.397,-0.135,4.183
34.43,1.587,0.064,1.575,4.076,-0.135,4.181
34.44,1.671,0.062,1.575,4.194,-0.134,4.181
34.44,1.598,0.060,1.573,4.223,-0.134,4.182
34.46,1.538,0.061,1.573,3.978,-0.136,4.178
34.47,1.487,0.062,1.573,4.109,-0.137,4.176
34.48,1.696,0.060,1.572,4.061,-0.136,4.175
34.49,1.671,0.059,1.573,4.184,-0.135,4.176
34.50,1.315,0.061,1.571,4.094,-0.135,4.174
34.51,1.474,0.061,1.571,3.938,-0.135,4.171
34.52,1.704,0.060,1.571,4.180,-0.134,4.172
34.53,1.440,0.060,1.570,3.984,-0.135,4.169
34.54,1.586,0.061,1.570,4.048,-0.135,4.167
34.55,1.395,0.059,1.566,4.175,-0.135,4.167
34.56,1.482,0.058,1.564,4.177,-0.134,4.168
34.57,1.633,0.057,1.564,4.308,-0.133,4.170
34.58,1.468,0.058,1.563,4.153,-0.136,4.168
34.59,1.433,0.058,1.562,4.100,-0.136,4.167
34.60,1.665,0.059,1.565,4.359,-0.137,4.167
34.61,1.782,0.061,1.569,4.185,-0.139,4.166
34.62,1.529,0.062,1.569,3.947,-0.138,4.164
34.63,1.612,0.061,1.569,3.909,-0.137,4.162
34.64,1.508,0.062,1.569,4.112,-0.135,4.162
34.65,1.291,0.061,1.565,4.266,-0.134,4.165
34.66,1.565,0.061,1.565,4.152,-0.134,4.164
34.67,1.580,0.061,1.565,3.959,-0.134,4.162
34.68,1.425,0.062,1.564,4.262,-0.134,4.162
34.69,1.537,0.061,1.562,4.217,-0.133,4.164
34.70,1.694,0.061,1.564,4.008,-0.133,4.162
34.71,1.454,0.060,1.562,3.692,-0.133,4.155
34.72,1.625,0.061,1.564,4.628,-0.133,4.161
34.73,1.459,0.060,1.561,4.344,-0.133,4.163
34.74,1.413,0.060,1.559,4.153,-0.133,4.164
34.75,1.752,0.059,1.560,4.246,-0.133,4.165
34.76,1.341,0.057,1.555,3.973,-0.132,4.163
34.77,1.913,0.057,1.560,4.225,-0.132,4.164
34.78,1.853,0.058,1.565,4.348,-0.132,4.166
34.79,1.935,0.059,1.571,4.301,-0.133,4.166
34.80,1.593,0.057,1.569,3.848,-0.131,4.164
34.81,1.572,0.056,1.568,4.387,-0.132,4.166
34.82,1.460,0.057,1.568,4.146,-0.132,4.165
34.83,1.607,0.057,1.568,3.977,-0.131,4.164
34.84,1.903,0.056,1.571,3.999,-0.133,4.159
34.85,1.606,0.054,1.571,4.183,-0.134,4.158
34.86,1.625,0.056,1.573,4.192,-0.135,4.158
34.87,1.505,0.057,1.573,4.327,-0.135,4.159
34.88,1.377,0.059,1.572,4.194,-0.136,4.159
34.89,1.624,0.061,1.575,4.311,-0.136,4.160
34.90,1.725,0.059,1.576,3.929,-0.137,4.156
34.91,1.733,0.059,1.577,4.031,-0.137,4.155
34.92,1.442,0.058,1.574,4.191,-0.137,4.155
34.93,1.656,0.058,1.576,4.244,-0.136,4.157
34.94,1.594,0.059,1.577,4.163,-0.136,4.157
34.95,1.528,0.057,1.574,4.187,-0.135,4.158
34.96,1.144,0.056,1.567,4.357,-0.134,4.162
34.97,1.707,0.055,1.568,4.195,-0.133,4.163
34.98,1.555,0.054,1.567,4.298,-0.134,4.164
34.99,1.304,0.054,1.564,4.021,-0.135,4.161
35.00,1.546,0.055,1.565,4.167,-0.134,4.161
35.01,1.514,0.055,1.564,4.257,-0.135,4.162
35.02,1.574,0.055,1.564,4.599,-0.135,4.167
35.03,1.678,0.056,1.567,4.153,-0.135,4.167
35.04,1.430,0.057,1.566,4.326,-0.133,4.171
35.05,1.495,0.057,1.565,3.971,-0.133,4.168
35.06,1.440,0.056,1.562,4.007,-0.133,4.166
35.07,1.551,0.056,1.562,4.196,-0.132,4.167
35.08,1.483,0.055,1.560,4.115,-0.132,4.167
35.09,1.242,0.055,1.556,4.219,-0.132,4.167
35.10,1.664,0.055,1.557,4.491,-0.132,4.171
35.11,1.418,0.053,1.553,4.266,-0.133,4.172
35.12,1.678,0.055,1.557,4.101,-0.132,4.171
35.13,1.543,0.055,1.556,3.933,-0.132,4.169
35.14,1.745,0.056,1.560,4.160,-0.131,4.169
35.15,1.463,0.055,1.558,3.980,-0.131,4.166
35.16,1.685,0.056,1.560,4.328,-0.131,4.168
35.17,1.620,0.055,1.560,4.147,-0.132,4.167
35.18,1.678,0.058,1.565,3.968,-0.132,4.164
35.19,1.644,0.059,1.566,4.337,-0.132,4.166
35.20,1.764,0.059,1.569,3.999,-0.132,4.163
35.21,1.501,0.057,1.567,3.878,-0.133,4.159
35.22,1.749,0.058,1.569,4.178,-0.132,4.160
35.23,1.521,0.058,1.569,4.058,-0.132,4.158
35.24,1.846,0.057,1.572,4.090,-0.132,4.157
35.25,1.591,0.054,1.569,3.843,-0.133,4.152
35.26,1.577,0.055,1.570,4.122,-0.133,4.151
35.27,1.521,0.055,1.569,4.352,-0.132,4.155
35.28,1.440,0.057,1.569,4.169,-0.133,4.154
35.29,1.672,0.057,1.571,4.170,-0.133,4.154
35.30,1.569,0.058,1.572,4.029,-0.134,4.152
35.31,1.488,0.057,1.570,4.088,-0.134,4.151
35.32,1.509,0.056,1.568,4.042,-0.134,4.149
35.33,1.528,0.054,1.566,4.076,-0.134,4.147
35.34,1.550,0.054,1.566,4.373,-0.133,4.151
35.35,1.576,0.054,1.566,4.313,-0.132,4.154
35.36,1.647,0.052,1.565,4.196,-0.134,4.153
35.37,1.632,0.053,1.566,4.016,-0.136,4.149
35.38,1.709,0.054,1.570,4.152,-0.136,4.149
35.39,1.711,0.055,1.573,4.313,-0.138,4.149
35.40,1.734,0.058,1.577,4.156,-0.138,4.149
35.41,1.538,0.057,1.576,4.113,-0.138,4.148
35.42,1.577,0.057,1.576,4.149,-0.139,4.147
35.43,1.654,0.057,1.577,4.070,-0.139,4.146
35.44,1.741,0.055,1.577,4.253,-0.139,4.147
35.45,1.360,0.055,1.575,4.053,-0.140,4.145
35.46,1.904,0.055,1.579,4.169,-0.139,4.146
35.47,1.683,0.054,1.580,4.080,-0.139,4.144
35.48,1.707,0.056,1.583,4.246,-0.141,4.144
35.49,1.508,0.057,1.583,4.100,-0.139,4.145
35.50,1.523,0.059,1.584,4.163,-0.139,4.145
35.51,1.544,0.057,1.582,4.188,-0.139,4.146
35.52,1.758,0.058,1.585,4.274,-0.138,4.148
35.53,1.695,0.057,1.586,4.118,-0.137,4.148
35.54,1.734,0.059,1.590,4.517,-0.136,4.154
35.55,1.568,0.060,1.591,4.347,-0.136,4.156
35.56,1.448,0.060,1.590,4.138,-0.136,4.156
35.57,1.690,0.060,1.591,4.529,-0.136,4.161
35.58,1.496,0.062,1.591,4.057,-0.138,4.157
35.59,1.457,0.062,1.590,4.276,-0.138,4.159
35.60,1.566,0.064,1.591,4.372,-0.139,4.161
35.61,1.645,0.060,1.589,4.350,-0.139,4.163
35.62,1.432,0.061,1.587,4.110,-0.140,4.161
35.63,1.618,0.061,1.588,4.483,-0.140,4.166
35.64,1.315,0.058,1.582,4.212,-0.141,4.165
35.65,1.651,0.058,1.582,4.098,-0.141,4.164
35.66,1.538,0.058,1.582,4.380,-0.141,4.167
35.67,1.732,0.059,1.585,4.222,-0.140,4.169
35.68,1.653,0.058,1.585,4.068,-0.140,4.167
35.69,1.680,0.059,1.587,4.401,-0.140,4.171
35.70,1.858,0.058,1.590,4.200,-0.140,4.171
35.71,1.931,0.058,1.594,4.116,-0.141,4.170
35.72,1.653,0.058,1.595,3.945,-0.142,4.165
35.73,1.431,0.057,1.592,4.326,-0.142,4.168
35.74,1.792,0.056,1.595,4.174,-0.141,4.169
35.75,1.843,0.055,1.596,4.252,-0.140,4.171
35.76,1.649,0.053,1.595,4.201,-0.140,4.171
35.77,1.608,0.054,1.597,4.115,-0.138,4.172
35.78,1.559,0.052,1.594,4.260,-0.137,4.174
35.79,1.489,0.053,1.594,4.247,-0.137,4.175
35.80,1.159,0.054,1.589,4.467,-0.137,4.179
35.81,1.516,0.055,1.590,4.312,-0.136,4.182
35.82,1.573,0.055,1.590,4.030,-0.135,4.181
35.83,1.354,0.056,1.588,4.229,-0.134,4.182
35.84,1.601,0.053,1.585,4.095,-0.132,4.183
35.85,1.921,0.053,1.589,4.016,-0.133,4.180
35.86,1.386,0.054,1.587,4.021,-0.134,4.177
35.88,1.568,0.054,1.588,3.884,-0.134,4.173
35.89,1.516,0.055,1.587,4.202,-0.134,4.174
35.90,1.447,0.055,1.586,4.155,-0.135,4.172
35.91,1.385,0.055,1.584,4.079,-0.134,4.172
35.92,1.514,0.055,1.583,4.175,-0.134,4.172
35.93,1.703,0.055,1.584,4.319,-0.133,4.175
35.94,1.678,0.054,1.585,4.270,-0.135,4.174
35.95,1.944,0.054,1.589,3.977,-0.135,4.172
35.96,1.562,0.055,1.590,3.966,-0.135,4.168
35.97,1.457,0.055,1.588,4.590,-0.136,4.174
35.98,1.559,0.055,1.589,4.068,-0.137,4.171
35.99,1.685,0.056,1.590,4.263,-0.138,4.171
36.00,1.524,0.058,1.592,4.190,-0.139,4.171
36.01,1.718,0.058,1.594,4.332,-0.139,4.173
36.02,1.703,0.058,1.595,4.225,-0.138,4.174
36.03,1.733,0.057,1.596,4.407,-0.138,4.177
36.04,1.521,0.056,1.594,4.166,-0.137,4.178
36.05,1.587,0.056,1.594,4.199,-0.136,4.180
36.06,1.273,0.054,1.589,4.253,-0.135,4.181
36.07,1.746,0.055,1.591,4.279,-0.135,4.183
36.08,1.518,0.054,1.590,4.007,-0.136,4.180
36.09,1.610,0.055,1.591,3.874,-0.135,4.176
36.10,1.676,0.056,1.593,4.474,-0.136,4.179
36.11,1.471,0.056,1.591,4.108,-0.138,4.177
36.12,1.775,0.055,1.593,4.326,-0.139,4.178
36.13,1.604,0.057,1.595,4.321,-0.138,4.181
36.14,1.728,0.059,1.600,4.321,-0.138,4.183
36.15,1.614,0.059,1.600,4.042,-0.138,4.181
36.16,1.706,0.060,1.602,4.209,-0.138,4.181
36.17,1.564,0.062,1.604,4.260,-0.140,4.180
36.18,1.569,0.061,1.602,4.213,-0.139,4.182
36.19,1.610,0.060,1.601,4.218,-0.139,4.182
36.20,1.661,0.060,1.602,4.513,-0.139,4.187
36.21,1.292,0.059,1.598,4.093,-0.140,4.184
36.22,1.579,0.058,1.597,4.263,-0.141,4.185
36.23,1.532,0.058,1.595,4.340,-0.142,4.186
36.24,1.723,0.057,1.596,4.261,-0.141,4.188
36.25,1.593,0.058,1.598,3.922,-0.142,4.183
36.26,1.461,0.058,1.596,3.886,-0.143,4.179
36.27,1.616,0.059,1.598,4.364,-0.143,4.181
36.28,1.543,0.058,1.595,4.142,-0.142,4.181
36.29,1.431,0.059,1.594,4.137,-0.143,4.180
36.30,1.569,0.058,1.594,4.162,-0.144,4.179
36.31,1.707,0.058,1.595,4.102,-0.144,4.177
36.32,1.539,0.056,1.592,4.080,-0.143,4.177
36.33,1.501,0.056,1.591,3.903,-0.143,4.174
36.34,1.842,0.056,1.594,4.172,-0.145,4.173
36.35,1.742,0.055,1.595,4.151,-0.143,4.173
36.36,1.789,0.056,1.600,3.961,-0.144,4.170
36.37,1.413,0.057,1.597,4.196,-0.143,4.172
36.38,1.798,0.056,1.600,4.321,-0.143,4.173
36.39,1.653,0.056,1.601,4.077,-0.144,4.171
36.40,1.622,0.058,1.603,4.126,-0.145,4.170
36.41,1.597,0.056,1.601,4.221,-0.144,4.171
36.42,1.570,0.053,1.598,4.020,-0.143,4.170
36.43,1.622,0.054,1.599,4.161,-0.143,4.170
36.44,1.680,0.053,1.600,4.107,-0.142,4.170
36.45,1.781,0.051,1.600,4.221,-0.142,4.170
36.46,1.853,0.051,1.603,4.398,-0.143,4.173
36.47,1.581,0.051,1.603,4.035,-0.143,4.171
36.48,1.595,0.052,1.604,4.249,-0.143,4.172
36.49,1.729,0.049,1.604,4.408,-0.145,4.173
36.50,1.853,0.049,1.607,4.096,-0.145,4.173
36.51,1.335,0.050,1.604,4.439,-0.145,4.176
36.52,1.599,0.051,1.605,3.983,-0.145,4.173
36.53,1.916,0.049,1.608,4.246,-0.145,4.174
36.54,1.686,0.049,1.609,4.111,-0.145,4.174
36.55,1.489,0.048,1.607,4.359,-0.144,4.177
36.56,1.492,0.047,1.604,3.988,-0.144,4.174
36.57,1.568,0.044,1.601,4.176,-0.144,4.174
36.58,1.726,0.047,1.606,4.340,-0.144,4.177
36.59,1.578,0.045,1.604,4.369,-0.143,4.181
36.60,1.519,0.045,1.603,4.202,-0.143,4.181
36.61,1.475,0.043,1.600,4.312,-0.142,4.183
36.62,1.600,0.045,1.601,4.302,-0.143,4.184
36.63,1.333,0.044,1.597,4.265,-0.142,4.187
36.64,1.609,0.046,1.599,4.227,-0.141,4.188
36.65,1.658,0.043,1.598,4.281,-0.141,4.189
36.66,1.709,0.044,1.600,4.006,-0.142,4.186
36.67,1.530,0.043,1.598,4.143,-0.143,4.185
36.68,1.468,0.044,1.598,3.942,-0.143,4.182
36.69,1.505,0.044,1.597,4.301,-0.142,4.184
36.70,1.399,0.043,1.593,4.175,-0.144,4.182
36.71,1.682,0.044,1.595,4.454,-0.144,4.186
36.72,1.871,0.044,1.599,4.031,-0.145,4.183
36.73,1.537,0.043,1.598,4.245,-0.144,4.184
36.74,1.703,0.042,1.598,4.117,-0.143,4.184
36.75,1.404,0.041,1.595,4.468,-0.143,4.188
36.76,1.818,0.041,1.598,4.104,-0.144,4.186
36.77,1.567,0.041,1.597,4.207,-0.147,4.184
36.78,1.570,0.043,1.599,3.972,-0.148,4.180
36.79,1.593,0.044,1.600,4.308,-0.150,4.180
36.80,1.581,0.042,1.599,4.303,-0.151,4.181
36.81,1.456,0.041,1.596,4.024,-0.152,4.178
36.82,1.708,0.040,1.597,4.175,-0.150,4.180
36.83,1.490,0.041,1.596,4.091,-0.150,4.179
36.84,1.544,0.039,1.594,4.018,-0.148,4.178
36.85,1.584,0.038,1.593,4.401,-0.148,4.182
36.86,1.684,0.038,1.594,4.177,-0.147,4.183
36.87,1.427,0.036,1.590,4.250,-0.147,4.184
36.88,1.615,0.037,1.592,4.410,-0.147,4.187
36.89,1.756,0.037,1.594,4.244,-0.148,4.187
36.90,1.734,0.039,1.597,4.044,-0.148,4.185
36.91,1.840,0.038,1.600,4.132,-0.147,4.185
36.92,1.444,0.037,1.598,4.185,-0.148,4.184
36.93,1.588,0.039,1.600,4.271,-0.147,4.186
36.94,1.590,0.039,1.599,4.333,-0.147,4.188
36.95,1.593,0.042,1.602,4.225,-0.145,4.191
36.96,1.481,0.042,1.601,4.179,-0.145,4.191
36.97,1.491,0.043,1.601,4.153,-0.146,4.190
36.98,1.562,0.044,1.601,4.276,-0.146,4.191
36.99,1.933,0.044,1.606,4.190,-0.145,4.192
37.00,1.781,0.044,1.608,3.963,-0.145,4.189
37.01,1.799,0.044,1.611,4.121,-0.147,4.186
37.02,1.504,0.043,1.609,4.164,-0.146,4.187
37.03,1.676,0.044,1.611,4.158,-0.146,4.187
37.04,1.972,0.045,1.617,3.944,-0.147,4.183
37.05,1.451,0.046,1.616,4.020,-0.145,4.183
37.06,1.317,0.046,1.612,4.074,-0.144,4.182
37.07,1.458,0.047,1.611,4.033,-0.143,4.181
37.08,1.467,0.044,1.606,4.135,-0.142,4.182
37.09,1.337,0.043,1.603,4.135,-0.143,4.180
37.10,1.600,0.044,1.603,4.058,-0.144,4.178
37.11,1.474,0.044,1.602,4.479,-0.142,4.184
37.12,1.518,0.044,1.601,4.235,-0.142,4.184
37.13,1.305,0.043,1.596,4.229,-0.142,4.185
37.14,1.789,0.042,1.598,4.274,-0.143,4.185
37.15,1.463,0.043,1.597,4.266,-0.143,4.186
37.16,1.721,0.043,1.599,4.062,-0.144,4.184
37.17,1.851,0.044,1.603,4.184,-0.144,4.184
37.18,1.698,0.043,1.603,4.524,-0.144,4.188
37.19,1.538,0.041,1.601,4.223,-0.143,4.190
37.20,1.702,0.041,1.602,3.931,-0.144,4.186
37.21,1.789,0.041,1.605,4.025,-0.143,4.184
37.22,1.680,0.040,1.605,4.157,-0.144,4.183
37.23,1.656,0.041,1.607,4.277,-0.144,4.184
37.25,1.797,0.039,1.607,3.872,-0.144,4.181
37.26,1.583,0.038,1.606,3.859,-0.144,4.177
37.26,1.550,0.036,1.604,4.219,-0.142,4.179
37.27,1.551,0.036,1.603,4.142,-0.141,4.179
37.28,1.656,0.035,1.604,4.194,-0.141,4.179
37.29,1.712,0.035,1.605,3.898,-0.142,4.175
37.30,1.595,0.035,1.606,4.071,-0.142,4.174
37.31,1.750,0.037,1.609,4.239,-0.142,4.175
37.32,1.684,0.037,1.610,4.133,-0.145,4.171
37.34,1.698,0.036,1.611,3.947,-0.146,4.167
37.34,1.441,0.034,1.607,4.400,-0.146,4.170
37.35,1.533,0.034,1.606,4.017,-0.146,4.168
37.36,1.508,0.034,1.605,3.956,-0.147,4.164
37.37,1.542,0.035,1.605,4.375,-0.149,4.165
37.38,1.456,0.036,1.605,4.199,-0.149,4.165
37.40,1.771,0.036,1.607,4.113,-0.150,4.164
37.41,1.598,0.037,1.608,4.341,-0.150,4.166
37.42,1.619,0.038,1.609,3.791,-0.149,4.162
37.43,1.562,0.039,1.610,4.025,-0.151,4.158
37.44,1.357,0.039,1.606,4.388,-0.150,4.162
37.45,1.837,0.037,1.608,4.261,-0.150,4.163
37.46,1.602,0.036,1.607,4.292,-0.152,4.163
37.47,1.281,0.037,1.604,4.037,-0.152,4.161
37.48,1.579,0.037,1.603,4.070,-0.153,4.159
37.49,1.571,0.037,1.603,4.359,-0.153,4.162
37.50,1.532,0.035,1.601,4.240,-0.153,4.163
37.51,1.680,0.034,1.601,4.493,-0.154,4.166
37.52,1.288,0.034,1.597,3.869,-0.155,4.161
37.53,1.673,0.035,1.599,4.222,-0.157,4.160
37.54,1.560,0.034,1.597,4.230,-0.156,4.162
37.55,1.571,0.034,1.597,4.589,-0.155,4.169
37.56,1.488,0.034,1.596,4.237,-0.154,4.171
37.57,1.804,0.033,1.598,4.421,-0.153,4.175
37.58,1.648,0.033,1.599,4.322,-0.153,4.177
37.59,1.469,0.033,1.597,4.119,-0.153,4.176
37.60,1.660,0.033,1.598,4.264,-0.156,4.175
37.61,1.311,0.032,1.593,4.200,-0.156,4.174
37.62,1.566,0.034,1.596,4.204,-0.156,4.175
37.63,1.576,0.033,1.594,4.207,-0.156,4.175
37.64,1.598,0.032,1.593,4.258,-0.157,4.176
37.65,1.405,0.033,1.592,4.133,-0.157,4.175
37.66,1.743,0.033,1.594,4.331,-0.156,4.179
37.67,1.534,0.034,1.594,4.128,-0.157,4.177
37.68,1.390,0.032,1.590,4.042,-0.158,4.174
37.69,1.506,0.030,1.587,4.069,-0.159,4.172
37.70,1.516,0.030,1.586,4.279,-0.158,4.174
37.71,1.239,0.030,1.582,4.088,-0.159,4.172
37.72,1.765,0.031,1.585,4.218,-0.158,4.174
37.73,1.380,0.033,1.584,4.437,-0.157,4.179
37.74,1.580,0.034,1.585,4.344,-0.157,4.180
37.75,1.682,0.033,1.585,4.365,-0.157,4.183
37.76,1.594,0.034,1.586,3.938,-0.156,4.181
37.77,1.565,0.036,1.589,4.299,-0.157,4.182
37.78,1.723,0.033,1.588,4.273,-0.155,4.185
37.79,1.464,0.034,1.587,4.089,-0.155,4.184
37.80,1.638,0.035,1.588,4.029,-0.154,4.183
37.81,1.542,0.033,1.586,4.290,-0.155,4.183
37.82,1.713,0.035,1.589,4.102,-0.156,4.182
37.83,1.660,0.035,1.591,4.396,-0.155,4.185
37.84,1.593,0.038,1.594,4.344,-0.155,4.188
37.85,1.650,0.038,1.594,4.153,-0.155,4.187
37.86,1.363,0.038,1.591,4.474,-0.156,4.190
37.87,1.702,0.038,1.593,4.461,-0.156,4.194
37.88,1.726,0.036,1.593,4.365,-0.155,4.197
37.89,1.481,0.036,1.592,4.093,-0.154,4.197
37.90,1.541,0.037,1.592,4.145,-0.156,4.194
37.91,1.645,0.037,1.593,4.276,-0.157,4.195
37.92,1.555,0.033,1.589,4.467,-0.156,4.199
37.93,1.815,0.034,1.592,4.495,-0.156,4.203
37.94,1.642,0.035,1.594,4.124,-0.157,4.202
37.95,1.650,0.035,1.595,4.001,-0.157,4.200
37.96,1.515,0.035,1.594,4.008,-0.157,4.197
37.97,1.685,0.035,1.595,4.110,-0.158,4.195
37.98,1.577,0.036,1.596,4.224,-0.156,4.198
37.99,1.609,0.036,1.596,4.284,-0.157,4.199
38.00,1.467,0.034,1.593,4.319,-0.157,4.199
38.01,1.593,0.034,1.593,4.367,-0.158,4.201
38.02,1.824,0.036,1.598,4.384,-0.158,4.204
38.03,1.600,0.035,1.597,4.263,-0.159,4.204
38.04,1.659,0.037,1.600,4.284,-0.161,4.203
38.05,1.806,0.037,1.603,4.054,-0.161,4.202
38.06,1.447,0.036,1.600,4.012,-0.161,4.199
38.07,1.533,0.034,1.597,4.415,-0.160,4.203
38.08,1.530,0.036,1.599,4.057,-0.160,4.202
38.09,1.546,0.035,1.596,4.402,-0.160,4.204
38.10,1.592,0.035,1.596,4.283,-0.159,4.207
38.11,1.654,0.035,1.597,4.237,-0.159,4.207
38.12,1.654,0.036,1.599,4.103,-0.159,4.206
38.13,1.658,0.036,1.600,4.006,-0.159,4.204
38.14,1.380,0.037,1.598,4.224,-0.158,4.206
38.15,1.551,0.037,1.598,4.421,-0.157,4.210
38.16,1.535,0.039,1.599,4.313,-0.156,4.212
38.17,1.793,0.037,1.600,4.131,-0.157,4.210
38.18,1.540,0.036,1.598,4.158,-0.157,4.210
38.19,1.607,0.035,1.598,4.103,-0.156,4.209
38.20,1.363,0.034,1.594,4.221,-0.156,4.210
38.21,1.530,0.035,1.594,4.215,-0.155,4.211
38.22,1.610,0.036,1.595,3.855,-0.154,4.207
38.23,1.870,0.035,1.597,4.256,-0.154,4.208
38.24,1.604,0.035,1.597,4.078,-0.155,4.206
38.25,1.786,0.035,1.601,4.067,-0.155,4.204
38.26,1.507,0.035,1.599,4.385,-0.156,4.206
38.27,1.539,0.036,1.599,3.911,-0.155,4.203
38.28,1.450,0.037,1.599,4.178,-0.154,4.204
38.29,1.657,0.036,1.599,4.363,-0.154,4.206
38.30,1.664,0.037,1.600,4.337,-0.153,4.209
38.31,1.685,0.037,1.601,4.169,-0.152,4.209
38.32,1.500,0.037,1.600,4.138,-0.153,4.208
38.33,1.507,0.035,1.598,4.036,-0.153,4.206
38.34,1.592,0.037,1.599,4.088,-0.154,4.204
38.35,1.511,0.036,1.597,3.973,-0.156,4.199
38.36,1.563,0.037,1.597,4.367,-0.156,4.201
38.37,1.612,0.038,1.599,4.448,-0.156,4.204
38.38,1.314,0.038,1.596,4.294,-0.156,4.206
38.39,1.792,0.038,1.598,4.039,-0.157,4.203
38.40,1.598,0.037,1.597,4.054,-0.157,4.201
38.41,1.461,0.040,1.598,3.949,-0.157,4.198
38.42,1.346,0.041,1.596,4.478,-0.158,4.201
38.43,1.444,0.040,1.593,3.718,-0.156,4.196
38.44,1.633,0.041,1.594,4.354,-0.157,4.198
38.45,1.555,0.041,1.594,4.442,-0.157,4.201
38.46,1.647,0.041,1.595,4.087,-0.156,4.200
38.47,1.648,0.041,1.595,4.331,-0.156,4.203
38.48,1.581,0.040,1.594,4.207,-0.155,4.204
38.49,1.601,0.039,1.594,3.783,-0.155,4.198
38.50,1.527,0.040,1.593,4.183,-0.154,4.199
38.51,1.425,0.038,1.589,4.381,-0.154,4.202
38.52,1.367,0.036,1.584,4.224,-0.155,4.201
38.53,1.545,0.034,1.582,4.120,-0.154,4.201
38.54,1.605,0.035,1.583,4.374,-0.155,4.202
38.55,1.493,0.034,1.581,4.427,-0.154,4.206
38.56,1.339,0.034,1.578,3.922,-0.155,4.202
38.57,1.704,0.034,1.580,4.213,-0.155,4.202
38.58,1.545,0.036,1.581,4.213,-0.155,4.203
38.59,1.503,0.034,1.578,4.322,-0.155,4.204
38.60,1.798,0.035,1.582,4.237,-0.157,4.203
38.62,1.621,0.034,1.581,4.193,-0.157,4.203
38.63,1.724,0.034,1.583,4.193,-0.159,4.201
38.63,1.689,0.034,1.585,4.153,-0.159,4.200
38.64,1.502,0.036,1.586,4.248,-0.159,4.202
38.65,1.420,0.038,1.586,3.837,-0.158,4.198
38.66,1.553,0.038,1.585,4.078,-0.160,4.194
38.67,1.666,0.038,1.586,4.169,-0.159,4.195
38.68,1.388,0.036,1.581,4.196,-0.159,4.195
38.69,1.580,0.036,1.581,4.423,-0.158,4.199
38.70,1.744,0.036,1.584,4.528,-0.158,4.204
38.71,1.637,0.037,1.585,4.496,-0.159,4.207
38.72,1.715,0.038,1.588,4.205,-0.160,4.206
38.73,1.537,0.037,1.587,4.429,-0.161,4.208
38.75,1.607,0.037,1.586,4.246,-0.163,4.207
38.75,1.665,0.038,1.588,4.122,-0.162,4.207
38.76,1.781,0.039,1.592,4.187,-0.162,4.207
38.77,1.665,0.040,1.594,3.949,-0.163,4.203
38.78,1.403,0.039,1.591,4.173,-0.164,4.202
38.80,1.490,0.039,1.590,4.107,-0.163,4.201
38.80,1.849,0.041,1.595,4.458,-0.163,4.205
38.82,1.602,0.041,1.595,4.207,-0.163,4.205
38.83,1.467,0.040,1.592,4.397,-0.162,4.209
38.84,1.689,0.040,1.594,4.205,-0.161,4.210
38.85,1.644,0.039,1.594,3.934,-0.161,4.206
38.86,1.760,0.037,1.594,4.062,-0.161,4.205
38.87,1.202,0.038,1.590,4.225,-0.159,4.207
38.88,1.519,0.039,1.589,3.910,-0.158,4.204
38.89,1.764,0.040,1.592,4.359,-0.158,4.206
38.90,1.577,0.040,1.592,4.375,-0.159,4.207
38.91,1.525,0.041,1.592,4.254,-0.159,4.208
38.92,1.581,0.042,1.593,4.218,-0.158,4.210
38.93,1.399,0.042,1.591,4.016,-0.158,4.207
38.94,1.509,0.042,1.590,3.910,-0.158,4.204
38.95,1.395,0.040,1.585,4.103,-0.157,4.203
38.96,1.381,0.040,1.583,4.024,-0.158,4.201
38.97,1.613,0.041,1.584,3.873,-0.158,4.196
38.98,1.659,0.041,1.585,4.368,-0.158,4.198
38.99,1.817,0.044,1.591,4.355,-0.159,4.200
39.00,1.648,0.043,1.591,4.149,-0.160,4.198
39.01,1.798,0.042,1.593,4.143,-0.160,4.198
39.02,1.521,0.042,1.592,4.082,-0.158,4.198
39.03,1.750,0.040,1.592,4.194,-0.159,4.197
39.04,1.497,0.041,1.591,4.194,-0.158,4.198
39.05,1.565,0.040,1.590,4.193,-0.159,4.197
39.06,1.373,0.040,1.587,4.330,-0.158,4.200
39.07,1.407,0.040,1.585,4.372,-0.158,4.203
39.08,1.562,0.038,1.583,4.197,-0.157,4.203
39.09,1.438,0.038,1.581,4.229,-0.157,4.204
39.10,1.850,0.038,1.585,4.050,-0.160,4.199
39.11,1.515,0.038,1.583,4.275,-0.159,4.201
39.12,1.534,0.038,1.583,4.244,-0.159,4.202
39.13,1.814,0.040,1.587,4.083,-0.158,4.201
39.14,1.440,0.040,1.585,4.199,-0.157,4.202
39.15,1.553,0.039,1.584,4.335,-0.156,4.205
39.16,1.608,0.039,1.585,4.357,-0.156,4.207
39.17,1.607,0.040,1.586,4.294,-0.158,4.207
39.18,1.506,0.040,1.584,3.827,-0.156,4.203
39.19,1.562,0.041,1.585,4.002,-0.155,4.202
39.20,1.664,0.041,1.587,4.347,-0.154,4.205
39.21,1.301,0.041,1.583,3.863,-0.154,4.201
39.22,1.512,0.042,1.582,4.123,-0.154,4.199
39.23,2.015,0.040,1.587,4.402,-0.154,4.202
39.24,1.274,0.041,1.583,4.306,-0.154,4.204
39.25,1.407,0.041,1.581,4.520,-0.154,4.208
39.26,1.735,0.043,1.584,4.181,-0.153,4.209
39.27,1.529,0.040,1.581,4.232,-0.152,4.210
39.28,1.686,0.038,1.580,4.112,-0.153,4.208
39.29,1.624,0.038,1.581,4.215,-0.154,4.207
39.30,1.582,0.040,1.583,4.133,-0.155,4.206
39.31,1.608,0.040,1.583,4.382,-0.155,4.208
39.32,1.871,0.040,1.586,3.970,-0.155,4.205
39.33,1.683,0.042,1.590,4.190,-0.154,4.205
39.34,1.606,0.041,1.589,4.150,-0.155,4.204
39.35,1.614,0.041,1.589,4.190,-0.154,4.205
39.36,1.936,0.038,1.592,4.295,-0.154,4.206
39.37,1.597,0.038,1.591,3.943,-0.156,4.201
39.38,1.688,0.036,1.591,4.346,-0.154,4.204
39.39,1.590,0.036,1.590,4.443,-0.154,4.208
39.40,1.482,0.037,1.590,4.195,-0.153,4.209
39.41,1.433,0.036,1.588,4.392,-0.154,4.211
39.42,1.759,0.036,1.589,4.108,-0.153,4.211
39.43,1.752,0.034,1.590,4.609,-0.153,4.216
39.44,1.486,0.034,1.588,4.427,-0.153,4.219
39.45,1.488,0.033,1.586,3.716,-0.153,4.212
39.46,1.568,0.034,1.587,4.234,-0.153,4.212
39.47,1.539,0.034,1.587,4.476,-0.154,4.215
39.48,1.608,0.034,1.587,4.213,-0.154,4.215
39.49,1.394,0.033,1.583,4.381,-0.154,4.218
39.50,1.701,0.034,1.586,3.939,-0.154,4.214
39.51,1.470,0.032,1.583,4.240,-0.154,4.214
39.52,1.592,0.033,1.584,4.174,-0.154,4.214
39.53,1.590,0.034,1.585,3.743,-0.153,4.209
39.54,1.565,0.034,1.584,4.260,-0.154,4.209
39.55,1.619,0.033,1.584,4.431,-0.154,4.212
39.56,1.514,0.032,1.582,3.930,-0.155,4.207
39.57,1.766,0.032,1.584,4.171,-0.154,4.207
39.58,1.671,0.033,1.586,4.192,-0.154,4.208
39.59,1.484,0.032,1.584,3.882,-0.154,4.204
39.60,1.811,0.033,1.588,4.123,-0.155,4.202
39.61,1.519,0.032,1.586,4.478,-0.155,4.206
39.62,1.497,0.031,1.584,4.278,-0.154,4.207
39.63,1.706,0.031,1.585,4.183,-0.155,4.206
39.64,1.593,0.030,1.585,4.040,-0.154,4.205
39.65,1.519,0.030,1.584,4.431,-0.154,4.208
39.66,1.515,0.029,1.582,4.116,-0.154,4.207
39.67,1.368,0.031,1.581,4.093,-0.153,4.207
39.68,1.508,0.032,1.581,4.256,-0.154,4.206
39.69,1.644,0.034,1.584,3.969,-0.154,4.203
39.70,1.802,0.032,1.585,4.330,-0.154,4.205
39.71,1.650,0.031,1.585,4.213,-0.154,4.205
39.72,1.906,0.031,1.589,4.402,-0.153,4.208
39.73,1.629,0.032,1.591,4.380,-0.154,4.210
39.74,1.649,0.032,1.592,4.526,-0.153,4.215
39.75,1.653,0.034,1.595,4.260,-0.154,4.215
39.76,1.487,0.032,1.591,4.208,-0.154,4.215
39.77,1.655,0.033,1.593,3.803,-0.154,4.209
39.78,1.857,0.033,1.596,3.936,-0.155,4.205
39.79,1.517,0.031,1.594,4.439,-0.156,4.207
39.80,1.604,0.031,1.594,4.254,-0.155,4.209
39.81,1.667,0.030,1.594,4.399,-0.156,4.210
39.82,1.664,0.031,1.596,4.069,-0.157,4.208
39.83,1.276,0.031,1.592,4.216,-0.158,4.207
39.84,1.846,0.032,1.596,4.351,-0.158,4.209
39.85,1.678,0.030,1.595,4.334,-0.159,4.210
39.86,1.794,0.031,1.599,4.044,-0.159,4.208
39.87,1.616,0.030,1.599,3.952,-0.159,4.205
39.88,1.618,0.033,1.601,4.149,-0.160,4.203
39.89,1.512,0.033,1.601,4.459,-0.159,4.207
39.90,1.726,0.032,1.602,3.939,-0.160,4.203
39.91,1.557,0.032,1.601,4.241,-0.160,4.203
39.92,1.788,0.033,1.604,4.118,-0.161,4.202
39.93,1.475,0.036,1.605,4.136,-0.162,4.200
39.94,1.579,0.034,1.603,4.187,-0.163,4.199
39.95,1.678,0.036,1.606,3.957,-0.163,4.195
39.96,1.752,0.033,1.606,3.991,-0.163,4.193
39.97,1.666,0.034,1.608,4.180,-0.162,4.194
39.98,1.625,0.034,1.608,4.059,-0.162,4.192
39.99,1.540,0.035,1.609,4.338,-0.161,4.195
40.00,1.519,0.036,1.608,4.054,-0.161,4.193
40.01,1.770,0.037,1.611,4.482,-0.161,4.197
40.02,1.563,0.038,1.611,4.154,-0.160,4.198
40.03,1.299,0.035,1.605,4.306,-0.161,4.198
40.04,1.610,0.035,1.605,4.168,-0.160,4.198
40.05,1.541,0.035,1.604,4.170,-0.160,4.198
40.06,1.511,0.035,1.603,4.346,-0.160,4.200
40.07,1.651,0.034,1.603,4.161,-0.159,4.201
40.08,1.554,0.034,1.602,4.120,-0.159,4.200
40.09,1.648,0.033,1.602,4.197,-0.158,4.200
40.10,1.657,0.034,1.604,4.126,-0.159,4.199
40.11,1.478,0.034,1.602,4.092,-0.159,4.198
40.12,1.432,0.033,1.599,4.097,-0.159,4.196
40.13,1.539,0.032,1.597,4.032,-0.159,4.194
40.15,1.538,0.030,1.595,4.283,-0.159,4.195
40.16,1.621,0.032,1.597,3.951,-0.162,4.189
40.17,1.536,0.033,1.598,4.024,-0.162,4.187
40.17,1.701,0.034,1.600,4.399,-0.163,4.189
40.18,1.678,0.037,1.604,3.985,-0.163,4.186
40.19,1.504,0.037,1.602,4.078,-0.164,4.183
40.21,1.642,0.035,1.602,4.634,-0.164,4.189
40.21,1.506,0.034,1.599,4.044,-0.163,4.189
40.23,1.501,0.034,1.598,4.072,-0.165,4.185
40.24,1.682,0.033,1.598,4.172,-0.166,4.184
40.24,1.559,0.032,1.597,4.228,-0.165,4.185
40.26,1.597,0.034,1.598,4.050,-0.165,4.183
40.27,1.790,0.031,1.599,4.216,-0.166,4.183
40.28,1.652,0.031,1.599,4.049,-0.166,4.181
40.29,1.505,0.032,1.599,4.140,-0.167,4.180
40.29,1.316,0.032,1.595,4.124,-0.165,4.181
40.31,1.413,0.031,1.592,4.336,-0.165,4.183
40.32,1.457,0.029,1.588,4.397,-0.167,4.184
40.33,1.560,0.027,1.586,4.037,-0.168,4.181
40.34,1.547,0.027,1.585,4.112,-0.167,4.181
40.34,1.645,0.029,1.588,4.449,-0.167,4.184
40.36,1.866,0.030,1.593,4.161,-0.168,4.183
40.37,1.510,0.027,1.589,3.922,-0.169,4.179
40.38,1.574,0.027,1.589,4.176,-0.170,4.178
40.39,1.831,0.026,1.591,4.256,-0.169,4.179
40.40,1.537,0.027,1.591,4.365,-0.170,4.181
40.41,1.562,0.026,1.590,4.209,-0.169,4.182
40.42,1.497,0.024,1.586,4.145,-0.171,4.180
40.43,1.544,0.022,1.584,4.151,-0.170,4.181
40.44,1.347,0.021,1.580,4.192,-0.171,4.180
40.45,1.297,0.020,1.576,4.275,-0.171,4.181
40.46,1.600,0.019,1.575,4.461,-0.172,4.184
40.47,1.455,0.020,1.575,4.150,-0.171,4.184
40.48,1.448,0.020,1.572,4.038,-0.171,4.182
40.49,1.753,0.022,1.577,4.381,-0.170,4.186
40.50,1.669,0.023,1.579,4.164,-0.171,4.185
40.51,1.741,0.026,1.584,4.243,-0.171,4.186
40.52,1.654,0.026,1.586,4.079,-0.170,4.185
40.53,1.583,0.025,1.584,4.158,-0.171,4.184
40.54,1.690,0.026,1.586,4.399,-0.170,4.187
40.55,1.451,0.026,1.585,4.203,-0.169,4.189
40.56,1.621,0.027,1.586,4.109,-0.171,4.186
40.57,1.558,0.028,1.587,4.065,-0.170,4.186
40.58,1.767,0.027,1.588,4.431,-0.170,4.189
40.59,1.847,0.030,1.594,4.177,-0.171,4.188
40.60,1.456,0.028,1.591,4.035,-0.171,4.185
40.61,1.650,0.027,1.591,4.446,-0.171,4.189
40.62,1.743,0.028,1.594,4.200,-0.171,4.189
40.63,1.793,0.028,1.596,4.236,-0.170,4.191
40.64,1.464,0.028,1.595,4.039,-0.169,4.190
40.65,1.622,0.029,1.596,3.907,-0.170,4.185
40.66,1.769,0.026,1.596,4.470,-0.170,4.189
40.67,1.608,0.025,1.595,4.105,-0.171,4.187
40.68,1.572,0.026,1.595,4.219,-0.171,4.187
40.69,1.547,0.024,1.593,4.195,-0.173,4.186
40.70,1.551,0.024,1.593,4.131,-0.172,4.186
40.71,1.433,0.027,1.593,4.399,-0.173,4.188
40.72,1.718,0.027,1.596,4.020,-0.172,4.186
40.73,1.512,0.027,1.594,4.294,-0.171,4.189
40.74,1.558,0.026,1.593,4.216,-0.173,4.188
40.75,1.727,0.027,1.596,4.353,-0.175,4.188
40.76,1.540,0.025,1.594,4.289,-0.174,4.190
40.77,1.653,0.026,1.595,4.117,-0.174,4.190
40.78,1.727,0.025,1.596,4.235,-0.174,4.190
40.79,1.528,0.025,1.595,4.470,-0.175,4.193
40.80,1.783,0.025,1.598,4.277,-0.174,4.195
40.81,1.447,0.024,1.594,4.229,-0.175,4.195
40.82,1.298,0.023,1.590,4.013,-0.174,4.193
40.83,1.597,0.022,1.589,4.112,-0.174,4.192
40.84,1.449,0.022,1.588,4.159,-0.175,4.191
40.85,1.495,0.023,1.587,4.094,-0.175,4.190
40.86,1.630,0.022,1.586,3.986,-0.177,4.186
40.87,1.763,0.023,1.590,4.455,-0.177,4.189
40.88,1.807,0.021,1.591,4.283,-0.177,4.190
40.89,1.631,0.022,1.592,4.242,-0.176,4.192
40.90,1.378,0.020,1.588,4.075,-0.175,4.191
40.91,1.535,0.018,1.586,4.152,-0.175,4.191
40.92,1.620,0.019,1.587,4.205,-0.174,4.192
40.93,1.596,0.019,1.587,4.049,-0.174,4.191
40.94,1.722,0.019,1.588,4.308,-0.173,4.193
40.95,1.637,0.019,1.589,4.210,-0.172,4.194
40.96,1.556,0.018,1.588,4.220,-0.172,4.194
40.97,1.574,0.017,1.588,4.475,-0.173,4.198
40.98,1.460,0.017,1.586,4.056,-0.173,4.195
40.99,1.491,0.018,1.585,4.229,-0.173,4.196
41.00,1.352,0.017,1.581,4.135,-0.173,4.196
41.01,1.418,0.016,1.578,4.435,-0.172,4.200
41.02,1.337,0.014,1.573,4.302,-0.172,4.202
41.03,1.585,0.013,1.572,4.253,-0.172,4.202
41.04,1.185,0.015,1.569,4.184,-0.174,4.200
41.05,1.605,0.015,1.569,4.046,-0.175,4.197
41.06,1.768,0.015,1.572,4.198,-0.176,4.196
41.07,1.539,0.017,1.573,4.415,-0.175,4.200
41.08,1.704,0.017,1.575,4.104,-0.176,4.198
41.09,1.727,0.016,1.576,4.200,-0.176,4.198
41.10,1.597,0.018,1.578,4.355,-0.176,4.200
41.11,1.488,0.017,1.577,4.101,-0.176,4.199
41.12,1.911,0.017,1.580,4.345,-0.175,4.203
41.13,1.351,0.018,1.579,4.245,-0.172,4.206
41.14,1.634,0.019,1.581,4.047,-0.171,4.205
41.15,1.649,0.019,1.582,4.386,-0.170,4.208
41.16,1.699,0.018,1.582,4.225,-0.169,4.209
41.17,1.760,0.016,1.583,4.243,-0.170,4.209
41.18,1.575,0.017,1.583,4.470,-0.168,4.215
41.19,1.549,0.017,1.583,3.948,-0.169,4.211
41.20,1.690,0.019,1.586,3.998,-0.169,4.208
41.21,1.596,0.019,1.587,4.219,-0.167,4.210
41.22,1.229,0.020,1.583,4.125,-0.168,4.208
41.23,1.732,0.020,1.585,4.002,-0.168,4.205
41.24,1.848,0.019,1.588,4.311,-0.169,4.206
41.25,1.480,0.018,1.585,4.224,-0.170,4.206
41.26,1.314,0.018,1.582,4.283,-0.169,4.208
41.27,1.538,0.019,1.582,4.605,-0.169,4.213
41.28,1.651,0.021,1.585,3.844,-0.171,4.207
41.29,1.295,0.019,1.579,4.061,-0.169,4.206
41.30,1.841,0.018,1.582,4.608,-0.169,4.212
41.31,1.929,0.019,1.587,4.034,-0.166,4.212
41.32,1.525,0.020,1.588,4.070,-0.168,4.209
41.33,1.688,0.019,1.588,4.067,-0.168,4.207
41.34,1.761,0.018,1.589,3.909,-0.167,4.204
41.35,1.701,0.018,1.591,4.329,-0.168,4.205
41.36,1.452,0.018,1.589,3.943,-0.168,4.201
41.37,1.497,0.017,1.587,4.151,-0.168,4.201
41.38,1.834,0.016,1.589,4.010,-0.167,4.199
41.39,1.907,0.015,1.592,4.504,-0.168,4.203
41.40,1.377,0.014,1.589,4.154,-0.168,4.202
41.41,1.598,0.014,1.589,3.910,-0.168,4.198
41.42,1.488,0.016,1.590,4.017,-0.168,4.195
41.43,1.832,0.018,1.595,4.283,-0.170,4.195
41.44,1.533,0.017,1.593,4.100,-0.171,4.193
41.45,1.565,0.015,1.591,4.399,-0.170,4.197
41.46,1.319,0.015,1.587,4.017,-0.169,4.195
41.47,1.756,0.016,1.591,4.472,-0.170,4.198
41.48,1.508,0.015,1.588,4.377,-0.170,4.200
41.49,1.581,0.016,1.590,4.512,-0.169,4.205
41.50,1.563,0.016,1.589,4.212,-0.169,4.205
41.51,1.711,0.013,1.589,4.111,-0.170,4.203
41.52,1.524,0.016,1.590,4.150,-0.170,4.203
41.53,1.806,0.016,1.593,4.147,-0.170,4.203
41.54,1.436,0.017,1.592,4.252,-0.170,4.203
41.55,1.528,0.017,1.592,4.188,-0.172,4.201
41.56,1.444,0.017,1.590,3.980,-0.172,4.198
41.57,1.613,0.016,1.589,4.187,-0.172,4.198
41.58,1.404,0.015,1.586,4.303,-0.173,4.198
41.59,1.624,0.014,1.586,4.056,-0.174,4.196
41.60,1.779,0.012,1.586,4.336,-0.174,4.198
41.61,1.633,0.012,1.587,4.299,-0.173,4.200
41.62,1.373,0.012,1.584,4.047,-0.173,4.198
41.63,1.376,0.011,1.580,4.056,-0.172,4.197
41.64,1.466,0.012,1.580,4.355,-0.172,4.199
41.65,1.378,0.012,1.577,4.054,-0.173,4.196
41.66,1.688,0.012,1.579,4.151,-0.173,4.196
41.67,1.577,0.014,1.580,4.074,-0.172,4.195
41.69,1.563,0.013,1.580,4.295,-0.173,4.195
41.70,1.501,0.012,1.578,4.188,-0.172,4.196
41.71,1.541,0.012,1.577,4.239,-0.174,4.195
41.71,1.645,0.010,1.576,4.192,-0.174,4.195
41.73,1.708,0.009,1.577,4.237,-0.174,4.196
41.74,1.747,0.010,1.580,4.232,-0.174,4.196
41.75,1.531,0.011,1.580,4.096,-0.174,4.196
41.75,1.747,0.010,1.582,3.887,-0.173,4.192
41.77,1.492,0.011,1.582,3.938,-0.175,4.187
41.78,1.589,0.012,1.583,4.440,-0.176,4.190
41.79,1.484,0.012,1.581,4.212,-0.177,4.189
41.79,1.754,0.012,1.583,4.154,-0.176,4.189
41.81,1.295,0.011,1.579,3.977,-0.176,4.186
41.82,1.697,0.013,1.582,3.861,-0.176,4.182
41.83,1.649,0.011,1.582,3.867,-0.176,4.178
41.83,1.517,0.010,1.580,4.096,-0.176,4.177
41.85,1.644,0.011,1.581,3.970,-0.176,4.174
41.86,1.399,0.009,1.578,4.012,-0.176,4.172
41.87,1.500,0.009,1.577,4.201,-0.175,4.173
41.88,1.603,0.009,1.577,4.186,-0.175,4.173
41.89,1.523,0.012,1.579,4.128,-0.176,4.171
41.90,1.464,0.011,1.576,3.887,-0.175,4.169
41.91,1.544,0.012,1.577,4.054,-0.176,4.166
41.92,1.720,0.012,1.579,4.217,-0.177,4.166
41.93,1.443,0.012,1.577,3.927,-0.177,4.163
41.94,1.671,0.012,1.579,4.387,-0.177,4.165
41.95,1.624,0.011,1.578,4.201,-0.177,4.166
41.96,1.596,0.009,1.576,4.208,-0.177,4.166
41.97,1.829,0.006,1.577,4.265,-0.177,4.167
41.98,1.392,0.005,1.573,4.055,-0.176,4.167
41.99,1.463,0.004,1.571,4.252,-0.175,4.168
42.00,1.664,0.002,1.570,4.201,-0.176,4.168
42.01,1.491,0.000,1.568,3.698,-0.176,4.162
42.02,1.565,0.002,1.569,4.008,-0.175,4.161
42.03,1.639,0.001,1.570,4.141,-0.175,4.160
42.04,1.606,-0.000,1.569,4.024,-0.175,4.158
42.05,1.561,-0.001,1.568,4.375,-0.175,4.161
42.06,1.620,-0.002,1.568,4.023,-0.175,4.160
42.07,1.808,-0.003,1.570,4.085,-0.176,4.157
42.08,1.692,-0.003,1.571,4.052,-0.175,4.157
42.09,1.624,-0.004,1.571,4.215,-0.176,4.156
42.10,1.532,-0.004,1.571,4.534,-0.175,4.162
42.11,1.503,-0.004,1.570,3.859,-0.175,4.158
42.12,1.609,-0.004,1.571,4.137,-0.174,4.159
42.13,1.427,-0.001,1.572,4.239,-0.174,4.159
42.14,1.746,-0.001,1.573,3.691,-0.175,4.153
42.15,1.522,-0.001,1.574,4.171,-0.175,4.152
42.16,1.408,-0.002,1.571,4.197,-0.174,4.153
42.17,1.497,-0.000,1.571,4.045,-0.174,4.152
42.18,1.263,0.000,1.567,4.240,-0.175,4.152
42.19,1.754,-0.001,1.569,4.131,-0.175,4.151
42.20,1.554,0.000,1.570,4.130,-0.175,4.151
42.21,1.476,0.000,1.569,3.943,-0.173,4.150
42.22,1.525,-0.001,1.567,4.395,-0.172,4.154
42.23,1.510,0.001,1.568,3.744,-0.173,4.148
42.24,1.586,-0.000,1.567,4.207,-0.173,4.148
42.25,1.622,0.001,1.569,4.255,-0.174,4.149
42.26,1.541,0.001,1.569,4.000,-0.173,4.147
42.27,1.550,0.000,1.568,4.154,-0.173,4.147
42.28,1.620,0.001,1.570,4.457,-0.174,4.150
42.29,1.602,0.001,1.569,4.183,-0.174,4.150
42.30,1.144,0.000,1.563,4.173,-0.174,4.150
42.31,1.517,-0.000,1.563,4.185,-0.174,4.151
42.32,1.524,0.000,1.562,3.983,-0.175,4.147
42.33,1.553,0.001,1.563,3.978,-0.175,4.145
42.34,1.452,0.000,1.561,4.225,-0.175,4.145
42.35,1.448,-0.001,1.558,4.207,-0.175,4.146
42.36,1.595,0.000,1.559,4.156,-0.176,4.146
42.37,1.512,0.001,1.559,4.378,-0.176,4.148
42.38,1.678,0.000,1.561,4.053,-0.177,4.146
42.39,1.535,0.001,1.561,4.236,-0.176,4.147
42.40,1.245,-0.000,1.556,4.086,-0.176,4.147
42.41,1.786,-0.002,1.556,4.207,-0.176,4.148
42.42,1.707,-0.002,1.558,4.295,-0.177,4.149
42.43,1.484,-0.002,1.558,3.924,-0.176,4.146
42.44,1.691,-0.002,1.559,4.050,-0.175,4.146
42.45,1.433,-0.001,1.559,4.115,-0.173,4.147
42.46,1.458,-0.002,1.557,4.224,-0.172,4.149
42.47,1.636,-0.000,1.559,4.242,-0.172,4.150
42.48,1.447,0.002,1.560,4.001,-0.173,4.147
42.49,1.707,0.004,1.563,3.918,-0.173,4.143
42.50,1.416,0.005,1.562,4.118,-0.175,4.141
42.51,1.478,0.003,1.559,3.908,-0.174,4.138
42.52,1.290,0.003,1.557,4.285,-0.175,4.140
42.53,1.668,0.001,1.556,4.128,-0.173,4.141
42.54,1.573,0.002,1.556,4.079,-0.173,4.140
42.55,1.404,0.002,1.555,4.319,-0.174,4.141
42.56,1.481,0.002,1.553,4.010,-0.174,4.140
42.57,1.930,0.000,1.557,4.273,-0.175,4.140
42.58,1.746,0.003,1.562,4.338,-0.175,4.142
42.59,1.575,0.002,1.561,4.129,-0.176,4.141
42.60,1.569,0.000,1.559,4.320,-0.176,4.143
42.61,1.679,-0.001,1.560,3.995,-0.176,4.141
42.62,1.396,-0.003,1.556,4.334,-0.176,4.144
42.63,1.562,-0.005,1.553,4.318,-0.175,4.147
42.64,1.544,-0.006,1.553,4.205,-0.176,4.146
42.65,1.189,-0.006,1.548,4.292,-0.176,4.148
42.66,1.856,-0.005,1.553,4.231,-0.176,4.149
42.67,1.646,-0.006,1.553,4.218,-0.176,4.150
42.68,1.592,-0.006,1.554,4.241,-0.176,4.150
42.69,1.679,-0.004,1.557,4.010,-0.177,4.148
42.70,1.623,-0.005,1.557,4.239,-0.179,4.147
42.71,1.673,-0.004,1.559,4.128,-0.178,4.147
42.72,1.469,-0.006,1.557,4.379,-0.177,4.151
42.73,1.594,-0.004,1.559,4.380,-0.178,4.153
42.74,1.711,-0.005,1.560,4.474,-0.178,4.158
42.75,1.547,-0.003,1.561,4.264,-0.178,4.159
42.76,1.604,-0.001,1.564,4.312,-0.178,4.161
42.77,1.676,-0.001,1.566,3.939,-0.176,4.159
42.78,1.675,-0.002,1.566,4.263,-0.176,4.161
42.79,1.670,0.000,1.570,4.533,-0.176,4.166
42.80,1.670,0.001,1.572,4.168,-0.176,4.166
42.81,1.798,0.001,1.575,4.141,-0.174,4.167
42.82,1.529,0.000,1.574,4.257,-0.174,4.169
42.83,1.518,0.001,1.573,4.426,-0.174,4.172
42.84,1.136,-0.001,1.566,4.017,-0.173,4.171
42.85,1.503,-0.001,1.565,4.462,-0.174,4.174
42.86,1.523,-0.001,1.564,4.074,-0.173,4.174
42.87,1.863,-0.001,1.569,4.104,-0.173,4.173
42.88,1.427,-0.001,1.567,4.141,-0.173,4.172
42.89,1.540,-0.002,1.565,4.325,-0.172,4.175
42.90,1.531,-0.000,1.567,4.363,-0.171,4.178
42.91,1.561,0.000,1.567,4.360,-0.173,4.179
42.92,1.684,-0.001,1.568,4.421,-0.174,4.181
42.93,1.833,-0.001,1.571,4.131,-0.174,4.181
42.94,1.355,0.001,1.570,4.223,-0.175,4.181
42.95,1.597,0.001,1.570,4.295,-0.175,4.182
42.96,1.688,0.001,1.572,4.371,-0.175,4.185
42.97,1.353,0.001,1.570,4.165,-0.174,4.185
42.98,1.457,-0.001,1.566,4.171,-0.176,4.183
42.99,1.398,0.000,1.565,4.340,-0.177,4.185
43.00,1.869,0.002,1.570,4.371,-0.176,4.188
43.01,1.642,0.001,1.570,4.090,-0.177,4.186
43.02,1.602,0.001,1.571,4.148,-0.176,4.186
43.03,1.505,0.000,1.570,4.092,-0.175,4.186
43.04,1.868,0.000,1.573,4.275,-0.176,4.186
43.05,1.518,-0.001,1.571,3.942,-0.177,4.182
43.06,1.460,-0.002,1.569,4.314,-0.177,4.184
43.08,1.681,-0.003,1.570,4.015,-0.176,4.182
43.08,1.550,-0.003,1.570,4.302,-0.177,4.184
43.09,1.424,-0.004,1.567,4.239,-0.178,4.184
43.10,1.717,-0.004,1.569,4.042,-0.179,4.180
43.11,1.390,-0.005,1.565,4.219,-0.179,4.181
43.12,1.569,-0.007,1.564,4.019,-0.178,4.180
43.13,1.596,-0.007,1.564,4.216,-0.178,4.181
43.14,1.488,-0.008,1.562,4.244,-0.178,4.182
43.16,1.263,-0.008,1.558,4.195,-0.177,4.183
43.16,1.770,-0.010,1.559,4.178,-0.178,4.182
43.17,1.630,-0.011,1.559,4.190,-0.179,4.181
43.18,1.327,-0.011,1.556,3.916,-0.179,4.177
43.20,1.494,-0.008,1.558,4.117,-0.179,4.176
43.21,1.763,-0.008,1.561,4.139,-0.179,4.177
43.22,1.357,-0.008,1.558,3.927,-0.178,4.174
43.23,1.656,-0.010,1.558,4.242,-0.177,4.176
43.24,1.402,-0.008,1.557,4.025,-0.177,4.174
43.25,1.472,-0.007,1.557,4.168,-0.178,4.173
43.26,1.595,-0.008,1.557,3.947,-0.178,4.170
43.27,1.418,-0.009,1.554,4.168,-0.177,4.171
43.28,1.532,-0.010,1.553,4.136,-0.177,4.170
43.29,1.512,-0.010,1.552,4.319,-0.178,4.171
43.30,1.593,-0.009,1.554,3.908,-0.178,4.168
43.31,1.717,-0.007,1.558,4.256,-0.178,4.170
43.32,1.542,-0.009,1.555,4.552,-0.177,4.175
43.33,1.527,-0.010,1.554,4.301,-0.180,4.174
43.34,1.648,-0.010,1.555,4.323,-0.181,4.175
43.35,1.530,-0.011,1.554,4.177,-0.181,4.175
43.36,1.556,-0.012,1.553,4.290,-0.181,4.176
43.37,1.837,-0.011,1.558,4.235,-0.181,4.177
43.38,1.577,-0.011,1.559,4.208,-0.181,4.178
43.39,1.474,-0.012,1.556,3.991,-0.179,4.177
43.40,1.506,-0.012,1.556,4.260,-0.180,4.177
43.41,1.398,-0.011,1.555,4.256,-0.180,4.178
43.42,1.544,-0.011,1.554,4.067,-0.180,4.177
43.43,1.505,-0.012,1.552,3.982,-0.181,4.174
43.44,1.453,-0.012,1.551,4.376,-0.180,4.177
43.45,1.793,-0.011,1.556,4.174,-0.180,4.177
43.46,1.769,-0.009,1.560,4.177,-0.180,4.178
43.47,1.488,-0.008,1.561,4.152,-0.181,4.177
43.48,1.536,-0.009,1.560,4.074,-0.181,4.175
43.49,1.644,-0.009,1.560,4.009,-0.182,4.172
43.50,1.457,-0.010,1.558,4.146,-0.183,4.171
43.51,1.412,-0.009,1.557,3.966,-0.181,4.170
43.52,1.538,-0.009,1.557,4.078,-0.182,4.167
43.53,1.508,-0.008,1.557,4.115,-0.183,4.166
43.54,1.814,-0.009,1.560,3.987,-0.183,4.164
43.55,1.473,-0.007,1.560,4.467,-0.182,4.168
43.56,1.567,-0.011,1.557,4.182,-0.183,4.168
43.57,1.576,-0.008,1.559,4.145,-0.184,4.166
43.58,1.584,-0.010,1.558,4.006,-0.185,4.164
43.59,1.518,-0.011,1.557,4.160,-0.183,4.165
43.60,1.703,-0.012,1.557,4.309,-0.184,4.166
43.61,1.528,-0.013,1.556,3.910,-0.184,4.162
43.62,1.342,-0.012,1.554,4.136,-0.186,4.160
43.63,1.479,-0.014,1.551,4.429,-0.186,4.164
43.64,1.552,-0.013,1.553,4.514,-0.186,4.169
43.65,1.588,-0.013,1.553,4.294,-0.185,4.171
43.66,1.320,-0.013,1.549,3.976,-0.184,4.170
43.67,1.408,-0.014,1.547,4.159,-0.185,4.168
43.68,1.565,-0.016,1.546,4.131,-0.183,4.170
43.69,1.577,-0.014,1.548,4.233,-0.182,4.172
43.70,1.364,-0.013,1.546,4.334,-0.183,4.173
43.71,1.658,-0.013,1.548,4.149,-0.183,4.173
43.72,1.769,-0.014,1.550,4.117,-0.182,4.173
43.73,1.436,-0.010,1.552,4.242,-0.182,4.174
43.74,1.739,-0.010,1.554,4.156,-0.183,4.173
43.75,1.580,-0.011,1.553,4.350,-0.183,4.175
43.76,1.654,-0.013,1.553,4.263,-0.183,4.176
43.77,1.450,-0.014,1.551,4.189,-0.183,4.177
43.78,1.792,-0.014,1.554,4.149,-0.184,4.176
43.79,1.576,-0.015,1.553,4.221,-0.183,4.177
43.80,1.490,-0.015,1.552,3.933,-0.182,4.174
43.81,1.449,-0.015,1.551,3.914,-0.183,4.171
43.82,1.529,-0.015,1.551,4.322,-0.183,4.172
43.83,1.760,-0.016,1.553,4.239,-0.181,4.175
43.84,1.329,-0.015,1.551,4.055,-0.181,4.174
43.85,1.648,-0.014,1.553,4.249,-0.181,4.174
43.86,1.458,-0.012,1.554,4.233,-0.182,4.175
43.87,1.698,-0.010,1.558,3.909,-0.180,4.173
43.88,1.474,-0.009,1.557,4.066,-0.181,4.170
43.89,1.492,-0.007,1.559,4.305,-0.182,4.172
43.90,1.298,-0.007,1.555,4.424,-0.184,4.173
43.91,1.574,-0.007,1.556,4.284,-0.182,4.176
43.92,1.317,-0.007,1.552,3.853,-0.183,4.171
43.93,1.563,-0.006,1.554,4.365,-0.182,4.175
43.94,1.500,-0.007,1.552,4.049,-0.183,4.172
43.95,1.650,-0.006,1.554,3.939,-0.183,4.169
43.96,1.654,-0.006,1.555,4.144,-0.185,4.167
43.97,1.751,-0.006,1.558,4.389,-0.183,4.171
43.98,1.618,-0.005,1.560,4.259,-0.183,4.172
43.99,1.515,-0.006,1.558,3.920,-0.183,4.169
44.00,1.566,-0.007,1.558,4.096,-0.183,4.168
44.01,1.545,-0.006,1.558,4.299,-0.182,4.171
44.02,1.544,-0.007,1.557,4.119,-0.183,4.170
44.03,1.499,-0.009,1.554,4.116,-0.183,4.169
44.04,1.399,-0.011,1.550,4.339,-0.184,4.170
44.05,1.542,-0.009,1.552,4.136,-0.184,4.170
44.06,1.448,-0.007,1.552,4.234,-0.185,4.170
44.07,1.512,-0.007,1.552,4.181,-0.186,4.169
44.08,1.378,-0.008,1.548,4.347,-0.184,4.173
44.09,1.526,-0.008,1.548,3.963,-0.183,4.171
44.10,1.451,-0.008,1.547,4.071,-0.184,4.169
44.11,1.587,-0.007,1.548,3.991,-0.184,4.167
44.12,1.760,-0.007,1.551,4.507,-0.186,4.169
44.13,1.543,-0.008,1.550,4.283,-0.187,4.170
44.14,1.567,-0.008,1.550,4.074,-0.186,4.170
44.15,1.683,-0.007,1.553,4.091,-0.186,4.169
44.16,1.275,-0.007,1.549,4.356,-0.185,4.172
44.17,1.515,-0.007,1.549,4.408,-0.185,4.176
44.18,1.626,-0.007,1.549,4.181,-0.184,4.176
44.19,1.619,-0.007,1.550,4.548,-0.184,4.182
44.20,1.588,-0.007,1.551,4.321,-0.184,4.183
44.21,1.743,-0.009,1.552,3.986,-0.183,4.181
44.22,1.763,-0.011,1.552,3.994,-0.184,4.179
44.23,1.475,-0.013,1.549,3.910,-0.184,4.175
44.24,1.676,-0.012,1.552,4.123,-0.183,4.175
44.25,1.430,-0.012,1.551,4.298,-0.184,4.176
44.26,1.487,-0.013,1.549,4.467,-0.184,4.180
44.27,1.510,-0.012,1.549,4.272,-0.184,4.181
44.28,1.564,-0.011,1.550,4.213,-0.184,4.182
44.29,1.663,-0.012,1.551,4.309,-0.184,4.184
44.30,1.671,-0.012,1.552,4.192,-0.186,4.182
44.31,1.429,-0.010,1.552,4.240,-0.184,4.184
44.32,1.437,-0.011,1.550,4.050,-0.184,4.183
44.33,1.514,-0.011,1.550,4.129,-0.184,4.182
44.34,1.556,-0.011,1.549,4.519,-0.184,4.187
44.35,1.583,-0.012,1.549,4.125,-0.185,4.185
44.36,1.601,-0.012,1.550,4.291,-0.186,4.186
44.37,1.492,-0.012,1.549,4.239,-0.185,4.188
44.38,1.779,-0.011,1.553,3.948,-0.185,4.184
44.39,1.696,-0.011,1.555,4.220,-0.187,4.183
44.40,1.575,-0.011,1.555,3.959,-0.188,4.179
44.41,1.479,-0.008,1.557,4.171,-0.187,4.180
44.42,1.776,-0.008,1.560,4.074,-0.186,4.180
44.43,1.676,-0.007,1.563,4.304,-0.187,4.180
44.44,1.498,-0.005,1.563,4.467,-0.186,4.185
44.45,1.476,-0.007,1.561,4.178,-0.186,4.185
44.46,1.641,-0.007,1.561,4.279,-0.188,4.185
44.47,1.568,-0.009,1.560,4.114,-0.188,4.183
44.48,1.668,-0.010,1.560,4.244,-0.189,4.184
44.49,1.578,-0.010,1.560,4.140,-0.191,4.182
44.50,1.889,-0.009,1.565,4.059,-0.191,4.180
44.51,1.457,-0.009,1.564,3.928,-0.191,4.177
44.52,1.623,-0.008,1.566,4.004,-0.190,4.175
44.53,1.616,-0.008,1.567,4.237,-0.191,4.176
44.54,1.267,-0.007,1.564,4.221,-0.191,4.176
44.55,1.344,-0.008,1.560,4.275,-0.190,4.179
44.56,1.674,-0.007,1.563,4.261,-0.189,4.180
44.57,1.553,-0.008,1.561,4.067,-0.190,4.178
44.58,1.710,-0.011,1.560,3.891,-0.190,4.175
44.60,1.633,-0.012,1.561,4.407,-0.190,4.177
44.61,1.799,-0.013,1.563,4.131,-0.190,4.177
44.62,1.502,-0.013,1.562,4.200,-0.192,4.175
44.62,1.371,-0.012,1.561,4.202,-0.193,4.174
44.63,1.845,-0.011,1.565,4.048,-0.194,4.173
44.64,1.384,-0.010,1.564,4.294,-0.195,4.173
44.66,1.794,-0.009,1.569,4.217,-0.194,4.175
44.66,1.616,-0.008,1.570,4.238,-0.195,4.175
44.67,1.658,-0.007,1.572,4.130,-0.195,4.174
44.69,1.471,-0.010,1.568,4.124,-0.196,4.172
44.70,1.400,-0.010,1.566,4.178,-0.196,4.173
44.70,1.587,-0.009,1.567,4.259,-0.193,4.176
44.71,1.595,-0.010,1.567,4.274,-0.193,4.178
44.73,1.780,-0.011,1.569,3.929,-0.194,4.174
44.74,1.538,-0.011,1.568,4.432,-0.194,4.177
44.75,1.778,-0.012,1.570,4.287,-0.195,4.178
44.76,1.308,-0.011,1.568,4.250,-0.195,4.179
44.77,1.575,-0.011,1.568,4.203,-0.195,4.179
44.78,1.610,-0.011,1.569,4.322,-0.194,4.182
44.79,1.672,-0.012,1.569,4.245,-0.194,4.183
44.80,1.636,-0.013,1.569,4.240,-0.193,4.185
44.81,1.439,-0.013,1.568,4.359,-0.194,4.187
44.82,1.981,-0.013,1.572,4.418,-0.193,4.191
44.83,1.635,-0.014,1.573,4.395,-0.194,4.192
44.84,1.390,-0.014,1.570,4.313,-0.195,4.194
44.85,1.639,-0.013,1.573,4.300,-0.196,4.194
44.86,1.537,-0.011,1.574,4.160,-0.195,4.194
44.87,1.736,-0.013,1.574,4.356,-0.197,4.195
44.88,1.816,-0.015,1.576,4.187,-0.197,4.195
44.89,1.782,-0.015,1.579,4.377,-0.196,4.199
44.90,1.642,-0.015,1.580,4.123,-0.196,4.198
44.91,1.744,-0.016,1.581,4.082,-0.195,4.198
44.92,1.489,-0.017,1.579,3.802,-0.195,4.193
44.93,1.656,-0.017,1.580,4.145,-0.196,4.191
44.94,1.466,-0.018,1.578,4.197,-0.196,4.192
44.95,1.489,-0.017,1.577,4.127,-0.197,4.190
44.96,1.751,-0.017,1.580,4.158,-0.196,4.191
44.97,1.603,-0.017,1.580,3.898,-0.196,4.187
44.98,1.310,-0.016,1.578,4.128,-0.196,4.186
44.99,1.543,-0.017,1.577,3.933,-0.198,4.181
45.00,1.558,-0.017,1.577,4.006,-0.198,4.179
45.01,1.253,-0.016,1.574,4.087,-0.198,4.178
45.02,1.268,-0.016,1.569,4.371,-0.199,4.180
45.03,1.711,-0.014,1.573,4.350,-0.199,4.182
45.04,1.613,-0.015,1.574,4.332,-0.199,4.184
45.05,1.656,-0.016,1.574,4.291,-0.200,4.185
45.06,1.841,-0.015,1.579,3.943,-0.200,4.182
45.07,1.789,-0.016,1.581,4.099,-0.200,4.180
45.08,1.601,-0.015,1.581,4.171,-0.202,4.178
45.09,1.333,-0.013,1.580,4.181,-0.203,4.178
45.10,1.711,-0.015,1.581,4.047,-0.202,4.177
45.11,1.517,-0.013,1.582,4.196,-0.202,4.177
45.12,1.816,-0.013,1.585,4.136,-0.201,4.178
45.13,1.870,-0.014,1.588,4.101,-0.200,4.178
45.14,1.518,-0.014,1.588,4.177,-0.201,4.177
45.15,1.589,-0.014,1.587,4.165,-0.201,4.177
45.16,1.730,-0.015,1.589,4.074,-0.200,4.176
45.17,1.643,-0.015,1.589,4.076,-0.200,4.175
45.18,1.767,-0.014,1.592,4.257,-0.200,4.177
45.19,1.519,-0.016,1.590,4.396,-0.200,4.180
45.20,1.555,-0.018,1.588,4.311,-0.200,4.181
45.21,1.387,-0.020,1.583,4.219,-0.201,4.181
45.22,1.510,-0.019,1.583,4.246,-0.200,4.183
45.23,1.738,-0.019,1.586,4.405,-0.198,4.188
45.24,1.638,-0.019,1.587,4.057,-0.197,4.187
45.25,1.566,-0.019,1.586,4.328,-0.198,4.189
45.26,1.388,-0.020,1.583,3.962,-0.198,4.186
45.27,1.682,-0.020,1.585,3.859,-0.196,4.183
45.28,1.836,-0.021,1.587,4.004,-0.195,4.182
45.29,1.574,-0.021,1.587,4.224,-0.196,4.182
45.30,1.383,-0.021,1.584,4.141,-0.195,4.182
45.31,1.291,-0.020,1.582,4.385,-0.195,4.185
45.32,1.502,-0.020,1.581,4.109,-0.194,4.185
45.33,1.595,-0.020,1.581,4.096,-0.194,4.185
45.34,1.638,-0.018,1.584,4.104,-0.194,4.183
45.35,1.770,-0.017,1.588,4.339,-0.194,4.185
45.36,1.472,-0.018,1.586,4.389,-0.195,4.187
45.37,1.627,-0.020,1.584,3.956,-0.194,4.185
45.38,1.372,-0.019,1.583,4.086,-0.194,4.183
45.39,1.394,-0.018,1.581,4.410,-0.194,4.187
45.40,1.763,-0.016,1.586,4.548,-0.194,4.191
45.41,1.374,-0.015,1.584,4.333,-0.195,4.193
45.42,1.630,-0.016,1.584,4.059,-0.195,4.191
45.43,1.367,-0.017,1.580,4.177,-0.196,4.190
45.44,1.822,-0.018,1.583,4.161,-0.194,4.192
45.45,1.302,-0.019,1.578,4.014,-0.194,4.190
45.46,1.693,-0.018,1.581,3.799,-0.194,4.185
45.47,1.487,-0.017,1.580,4.301,-0.194,4.186
45.48,1.296,-0.018,1.576,3.982,-0.193,4.185
45.49,1.796,-0.017,1.580,4.147,-0.193,4.184
45.50,1.607,-0.017,1.580,3.917,-0.193,4.180
45.51,1.527,-0.019,1.578,4.344,-0.194,4.182
45.52,1.544,-0.022,1.574,4.163,-0.194,4.182
45.53,1.723,-0.022,1.577,4.309,-0.195,4.182
45.54,1.461,-0.019,1.578,4.207,-0.194,4.183
45.55,1.563,-0.019,1.578,3.920,-0.194,4.180
45.56,1.712,-0.018,1.581,4.333,-0.193,4.183
45.57,1.748,-0.017,1.584,4.150,-0.193,4.183
45.58,1.802,-0.019,1.586,4.020,-0.193,4.181
45.59,1.596,-0.019,1.585,3.939,-0.193,4.177
45.60,1.498,-0.019,1.584,4.347,-0.192,4.181
45.61,1.563,-0.021,1.582,3.994,-0.194,4.176
45.62,1.440,-0.022,1.580,4.110,-0.195,4.175
45.63,1.390,-0.021,1.579,4.256,-0.196,4.175
45.64,1.500,-0.020,1.578,4.170,-0.195,4.176
45.65,1.419,-0.020,1.576,4.146,-0.196,4.174
45.66,1.552,-0.020,1.576,4.173,-0.197,4.174
45.67,1.691,-0.023,1.575,4.183,-0.196,4.175
45.68,1.308,-0.022,1.572,4.095,-0.195,4.175
45.69,1.784,-0.025,1.573,4.227,-0.195,4.175
45.70,1.698,-0.024,1.576,4.214,-0.195,4.176
45.71,1.345,-0.023,1.573,3.939,-0.196,4.172
45.72,1.602,-0.024,1.573,4.350,-0.196,4.175
45.73,1.535,-0.025,1.571,4.491,-0.195,4.179
45.74,1.458,-0.026,1.569,4.207,-0.196,4.178
45.75,1.523,-0.028,1.567,4.138,-0.196,4.179
45.76,1.709,-0.028,1.568,4.201,-0.195,4.179
45.77,1.599,-0.028,1.569,4.382,-0.195,4.182
45.78,1.532,-0.028,1.569,4.003,-0.195,4.180
45.79,1.397,-0.027,1.568,4.336,-0.196,4.181
45.80,1.643,-0.027,1.569,4.186,-0.197,4.180
45.81,1.497,-0.026,1.569,4.454,-0.198,4.183
45.82,1.690,-0.026,1.570,4.036,-0.197,4.182
45.83,1.635,-0.027,1.570,4.220,-0.199,4.180
45.84,1.822,-0.026,1.575,4.342,-0.199,4.183
45.85,1.726,-0.025,1.577,4.375,-0.198,4.186
45.86,1.711,-0.027,1.577,4.240,-0.199,4.187
45.87,1.689,-0.027,1.579,4.369,-0.200,4.188
45.88,1.611,-0.026,1.581,4.216,-0.199,4.190
45.89,1.638,-0.027,1.581,4.188,-0.199,4.190
45.90,1.630,-0.028,1.581,4.205,-0.199,4.190
45.91,1.516,-0.030,1.578,4.219,-0.199,4.191
45.92,1.799,-0.029,1.582,4.166,-0.201,4.189
45.93,1.553,-0.030,1.580,4.253,-0.201,4.189
45.94,1.565,-0.030,1.580,4.200,-0.200,4.190
45.95,1.642,-0.031,1.580,4.100,-0.200,4.189
45.96,1.805,-0.032,1.583,3.749,-0.201,4.183
45.97,1.789,-0.033,1.584,4.383,-0.200,4.186
45.98,1.823,-0.034,1.587,4.381,-0.198,4.191
45.99,1.555,-0.034,1.587,4.023,-0.198,4.189
46.00,1.424,-0.035,1.584,4.195,-0.198,4.190
46.01,1.762,-0.036,1.586,4.185,-0.197,4.190
46.02,1.677,-0.037,1.586,3.956,-0.197,4.187
46.03,1.539,-0.039,1.584,3.981,-0.198,4.183
46.04,1.499,-0.040,1.582,4.173,-0.199,4.183
46.05,1.851,-0.041,1.585,4.052,-0.199,4.181
46.06,1.269,-0.042,1.580,4.201,-0.199,4.181
46.07,1.367,-0.043,1.576,4.069,-0.200,4.179
46.08,1.712,-0.044,1.576,4.067,-0.200,4.177
46.09,1.359,-0.044,1.575,4.260,-0.203,4.176
46.10,1.212,-0.043,1.570,4.200,-0.202,4.177
46.11,1.600,-0.044,1.571,4.371,-0.202,4.179
46.12,1.636,-0.043,1.572,4.168,-0.202,4.180
46.13,1.648,-0.041,1.575,4.164,-0.201,4.180
46.15,1.597,-0.041,1.576,4.052,-0.200,4.179
46.16,1.597,-0.040,1.577,4.246,-0.203,4.178
46.17,1.574,-0.040,1.578,4.105,-0.201,4.179
46.18,1.550,-0.040,1.577,4.356,-0.201,4.181
46.19,1.714,-0.042,1.578,4.238,-0.202,4.181
46.20,1.544,-0.042,1.577,4.153,-0.202,4.180
46.21,1.497,-0.043,1.575,4.000,-0.203,4.178
46.22,1.619,-0.043,1.576,4.009,-0.204,4.175
46.23,1.462,-0.043,1.575,4.432,-0.203,4.179
46.24,1.503,-0.041,1.576,4.126,-0.203,4.178
46.25,1.619,-0.041,1.577,4.337,-0.203,4.180
46.26,1.296,-0.040,1.574,4.028,-0.202,4.180
46.27,1.794,-0.042,1.575,4.252,-0.202,4.180
46.28,1.390,-0.044,1.570,4.217,-0.202,4.181
46.29,1.416,-0.044,1.569,4.111,-0.202,4.180
46.30,1.399,-0.043,1.568,4.042,-0.204,4.177
46.31,1.658,-0.044,1.569,4.465,-0.202,4.182
46.32,1.495,-0.043,1.569,4.147,-0.202,4.182
46.33,1.873,-0.042,1.573,4.097,-0.202,4.181
46.34,1.867,-0.044,1.575,4.151,-0.202,4.181
46.35,1.451,-0.044,1.574,4.430,-0.202,4.184
46.36,1.548,-0.046,1.572,4.307,-0.202,4.186
46.37,1.462,-0.048,1.569,4.265,-0.202,4.187
46.38,1.882,-0.047,1.574,4.036,-0.202,4.185
46.39,1.532,-0.047,1.574,4.098,-0.202,4.184
46.40,1.637,-0.046,1.576,4.477,-0.202,4.188
46.41,1.551,-0.042,1.579,4.196,-0.202,4.188
46.42,1.604,-0.044,1.578,4.203,-0.200,4.190
46.43,1.843,-0.044,1.582,4.008,-0.199,4.189
46.44,1.655,-0.044,1.582,4.451,-0.200,4.191
46.45,1.457,-0.045,1.580,4.175,-0.199,4.192
46.46,1.396,-0.046,1.577,4.067,-0.200,4.190
46.47,1.736,-0.047,1.579,4.172,-0.200,4.190
46.48,1.999,-0.045,1.587,4.245,-0.201,4.189
46.49,1.470,-0.045,1.585,4.098,-0.201,4.189
46.50,1.854,-0.046,1.588,4.124,-0.201,4.187
46.51,1.651,-0.046,1.589,3.895,-0.202,4.183
46.52,1.440,-0.048,1.585,4.258,-0.203,4.183
46.53,1.429,-0.050,1.581,4.305,-0.202,4.186
46.54,1.377,-0.050,1.579,4.026,-0.205,4.181
46.55,1.630,-0.049,1.580,4.047,-0.206,4.178
46.56,1.467,-0.050,1.578,4.291,-0.206,4.180
46.57,1.652,-0.052,1.578,3.966,-0.206,4.177
46.58,1.603,-0.052,1.578,4.166,-0.206,4.177
46.59,1.654,-0.052,1.580,4.094,-0.206,4.176
46.60,1.698,-0.053,1.580,4.175,-0.206,4.176
46.61,1.621,-0.055,1.579,4.148,-0.206,4.175
46.62,1.579,-0.056,1.578,4.205,-0.205,4.176
46.63,1.457,-0.057,1.576,4.180,-0.207,4.175
46.64,1.563,-0.058,1.575,4.112,-0.207,4.174
46.65,1.419,-0.058,1.573,4.196,-0.208,4.174
46.66,1.600,-0.059,1.572,4.058,-0.208,4.172
46.67,1.395,-0.061,1.569,4.499,-0.208,4.176
46.68,1.734,-0.060,1.572,4.024,-0.210,4.173
46.69,1.193,-0.058,1.569,4.322,-0.210,4.174
46.70,1.569,-0.059,1.568,4.162,-0.211,4.174
46.71,1.600,-0.057,1.571,4.134,-0.212,4.172
46.72,1.412,-0.057,1.569,4.059,-0.211,4.171
46.73,1.544,-0.059,1.567,4.388,-0.211,4.174
46.74,1.742,-0.059,1.569,4.172,-0.211,4.174
46.75,1.661,-0.057,1.572,4.447,-0.211,4.178
46.76,1.536,-0.058,1.571,4.249,-0.211,4.179
46.77,1.687,-0.057,1.574,4.247,-0.210,4.181
46.78,1.791,-0.058,1.576,4.039,-0.209,4.180
46.79,1.516,-0.058,1.575,3.938,-0.209,4.177
46.80,1.721,-0.056,1.579,4.206,-0.210,4.177
46.81,1.462,-0.057,1.578,3.932,-0.210,4.173
46.82,1.757,-0.058,1.578,4.175,-0.210,4.174
46.83,1.540,-0.056,1.580,4.383,-0.210,4.176
46.84,1.580,-0.059,1.578,3.972,-0.209,4.175
46.85,1.578,-0.057,1.580,4.174,-0.209,4.175
46.86,1.402,-0.058,1.577,4.180,-0.210,4.174
46.87,1.457,-0.059,1.575,4.388,-0.209,4.177
46.88,1.376,-0.058,1.573,4.210,-0.210,4.177
46.89,1.454,-0.056,1.573,4.272,-0.211,4.177
46.90,1.496,-0.054,1.574,4.334,-0.211,4.180
46.91,1.440,-0.054,1.574,4.234,-0.210,4.181
46.92,1.666,-0.053,1.575,4.025,-0.211,4.179
46.93,1.580,-0.055,1.574,3.947,-0.211,4.175
46.94,1.752,-0.056,1.575,4.136,-0.211,4.175
46.95,1.689,-0.056,1.577,4.118,-0.210,4.175
46.96,1.632,-0.056,1.578,4.197,-0.212,4.174
46.97,1.430,-0.055,1.577,4.085,-0.212,4.173
46.98,1.667,-0.055,1.578,4.492,-0.213,4.176
46.99,1.689,-0.056,1.579,4.188,-0.213,4.176
47.00,1.464,-0.054,1.579,4.326,-0.214,4.177
47.01,1.378,-0.053,1.578,4.198,-0.214,4.178
47.02,1.819,-0.053,1.581,4.061,-0.213,4.177
47.03,1.595,-0.054,1.581,4.324,-0.212,4.181
47.04,1.654,-0.056,1.580,3.995,-0.212,4.178
47.05,1.506,-0.056,1.580,4.178,-0.213,4.177
47.06,1.665,-0.056,1.580,3.988,-0.211,4.176
47.07,1.756,-0.056,1.584,4.111,-0.211,4.176
47.08,1.725,-0.055,1.586,4.338,-0.211,4.178
47.09,1.377,-0.055,1.583,4.234,-0.209,4.181
47.10,1.733,-0.055,1.586,4.406,-0.210,4.183
47.11,1.459,-0.057,1.582,4.067,-0.210,4.181
47.12,1.127,-0.055,1.578,4.366,-0.209,4.185
47.13,1.718,-0.057,1.579,4.137,-0.208,4.185
47.14,1.823,-0.056,1.583,4.247,-0.208,4.186
47.15,1.696,-0.058,1.583,4.427,-0.208,4.189
47.16,1.427,-0.057,1.582,4.190,-0.207,4.191
47.17,1.451,-0.057,1.580,4.123,-0.206,4.191
47.18,1.303,-0.057,1.577,4.127,-0.205,4.191
47.19,1.387,-0.059,1.573,4.404,-0.204,4.195
47.20,1.643,-0.061,1.572,3.994,-0.204,4.193
47.21,1.486,-0.060,1.572,4.361,-0.204,4.195
47.22,1.702,-0.060,1.574,4.042,-0.204,4.192
47.23,1.758,-0.060,1.576,3.888,-0.205,4.188
47.24,1.818,-0.060,1.580,4.175,-0.204,4.189
47.25,1.592,-0.059,1.581,4.172,-0.204,4.189
47.26,1.617,-0.058,1.583,4.184,-0.204,4.189
47.27,1.352,-0.055,1.582,4.363,-0.203,4.192
47.28,1.494,-0.056,1.581,4.393,-0.202,4.195
47.29,1.593,-0.057,1.580,4.365,-0.202,4.198
47.30,1.626,-0.055,1.582,4.229,-0.200,4.201
47.31,1.729,-0.054,1.585,4.081,-0.200,4.199
47.32,1.707,-0.053,1.588,4.077,-0.202,4.196
47.33,1.525,-0.054,1.587,4.337,-0.202,4.198
47.34,1.691,-0.053,1.590,4.112,-0.201,4.198
47.35,1.409,-0.052,1.589,4.369,-0.201,4.200
47.36,1.639,-0.052,1.590,3.982,-0.202,4.196
47.37,1.823,-0.050,1.594,4.204,-0.201,4.198
47.38,1.647,-0.049,1.596,4.279,-0.198,4.201
47.39,1.369,-0.049,1.594,4.245,-0.197,4.203
47.40,1.655,-0.049,1.594,4.301,-0.197,4.205
47.41,1.818,-0.050,1.597,4.107,-0.198,4.203
47.42,1.635,-0.048,1.599,3.964,-0.198,4.200
47.43,1.615,-0.049,1.598,4.477,-0.196,4.206
47.44,1.475,-0.049,1.597,4.245,-0.196,4.206
47.45,1.475,-0.050,1.595,3.960,-0.195,4.203
47.46,1.814,-0.053,1.595,4.166,-0.196,4.203
47.47,1.514,-0.051,1.596,4.189,-0.195,4.203
47.48,1.859,-0.053,1.598,4.347,-0.195,4.205
47.49,1.467,-0.054,1.596,4.041,-0.196,4.202
47.50,1.612,-0.053,1.597,4.243,-0.196,4.203
47.51,1.654,-0.056,1.595,4.263,-0.198,4.202
47.52,1.566,-0.057,1.594,3.988,-0.197,4.200
47.53,1.577,-0.058,1.593,4.137,-0.196,4.200
47.54,1.533,-0.055,1.595,4.099,-0.197,4.198
47.55,1.468,-0.055,1.594,4.014,-0.196,4.196
47.56,1.686,-0.055,1.595,4.450,-0.196,4.200
47.57,1.667,-0.055,1.596,4.261,-0.197,4.200
47.58,1.666,-0.055,1.597,4.303,-0.199,4.199
47.59,1.340,-0.055,1.595,4.024,-0.199,4.197
47.60,1.528,-0.054,1.595,4.146,-0.201,4.195
47.61,1.656,-0.055,1.595,4.098,-0.200,4.194
47.62,1.266,-0.056,1.589,4.324,-0.201,4.195
47.63,1.602,-0.056,1.590,4.004,-0.203,4.191
47.64,1.415,-0.054,1.589,4.118,-0.203,4.190
47.66,1.434,-0.053,1.589,4.034,-0.205,4.186
47.67,1.541,-0.054,1.587,4.155,-0.204,4.186
47.68,1.926,-0.053,1.592,4.211,-0.204,4.188
47.69,1.614,-0.053,1.594,4.235,-0.203,4.188
47.70,1.536,-0.054,1.591,4.147,-0.203,4.188
47.71,1.735,-0.057,1.591,4.180,-0.204,4.187
47.72,1.768,-0.060,1.591,4.137,-0.204,4.187
47.73,1.604,-0.062,1.589,3.969,-0.202,4.185
47.74,1.596,-0.064,1.587,4.217,-0.202,4.186
47.75,1.785,-0.065,1.589,3.901,-0.201,4.184
47.76,1.578,-0.065,1.589,4.168,-0.202,4.182
47.77,1.507,-0.066,1.587,4.157,-0.202,4.182
47.78,1.650,-0.068,1.586,4.227,-0.202,4.183
47.79,1.869,-0.070,1.588,4.362,-0.202,4.185
47.80,1.572,-0.072,1.586,4.354,-0.202,4.188
47.81,1.507,-0.071,1.586,4.136,-0.201,4.188
47.82,1.409,-0.070,1.586,3.967,-0.202,4.184
47.83,1.525,-0.067,1.588,4.160,-0.203,4.182
47.84,1.617,-0.070,1.585,4.148,-0.204,4.181
47.85,1.482,-0.070,1.584,4.137,-0.204,4.181
47.86,1.795,-0.071,1.586,4.362,-0.203,4.184
47.87,1.587,-0.071,1.586,4.379,-0.204,4.186
47.88,1.708,-0.070,1.590,4.199,-0.202,4.187
47.89,1.518,-0.069,1.589,4.016,-0.202,4.186
47.90,1.784,-0.069,1.593,4.288,-0.202,4.186
47.91,1.707,-0.068,1.595,3.907,-0.202,4.183
47.92,1.302,-0.069,1.591,3.796,-0.203,4.177
47.93,1.654,-0.069,1.592,4.163,-0.203,4.177
47.94,1.433,-0.069,1.590,4.065,-0.202,4.176
47.95,1.567,-0.070,1.589,4.241,-0.202,4.177
47.96,1.656,-0.070,1.589,4.464,-0.200,4.183
47.97,1.562,-0.073,1.587,4.217,-0.202,4.181
47.98,1.708,-0.072,1.590,4.116,-0.202,4.181
47.99,1.612,-0.072,1.589,4.223,-0.202,4.181
48.00,1.690,-0.072,1.592,4.509,-0.203,4.185
48.01,1.604,-0.073,1.591,4.248,-0.201,4.187
48.02,1.356,-0.073,1.588,4.141,-0.201,4.187
48.03,1.653,-0.074,1.588,4.428,-0.203,4.188
48.04,1.623,-0.073,1.590,4.357,-0.203,4.190
48.05,1.407,-0.072,1.589,4.388,-0.204,4.192
48.06,1.626,-0.072,1.590,4.412,-0.205,4.194
48.07,1.616,-0.072,1.590,4.290,-0.204,4.196
48.08,1.349,-0.074,1.585,4.114,-0.204,4.195
48.09,1.385,-0.074,1.583,4.009,-0.204,4.193
48.10,1.484,-0.074,1.582,4.234,-0.204,4.193
48.11,1.619,-0.074,1.582,3.827,-0.205,4.188
48.12,1.471,-0.075,1.580,4.183,-0.207,4.186
48.13,1.675,-0.074,1.582,4.278,-0.207,4.187
48.14,1.543,-0.074,1.582,4.235,-0.206,4.189
48.15,1.519,-0.074,1.582,3.910,-0.204,4.187
48.16,1.698,-0.076,1.581,4.189,-0.205,4.186
48.17,1.648,-0.074,1.584,4.173,-0.204,4.187
48.18,1.563,-0.076,1.582,4.319,-0.202,4.190
48.19,1.661,-0.075,1.584,4.221,-0.201,4.192
48.20,1.602,-0.075,1.584,4.124,-0.202,4.191
48.21,1.457,-0.076,1.582,4.096,-0.202,4.189
48.22,1.711,-0.077,1.583,4.172,-0.203,4.188
48.23,1.561,-0.076,1.584,4.432,-0.201,4.193
48.24,1.559,-0.075,1.584,4.247,-0.201,4.194
48.25,1.711,-0.073,1.589,4.181,-0.204,4.191
48.26,1.667,-0.075,1.588,4.126,-0.204,4.191
48.27,1.850,-0.075,1.592,4.100,-0.203,4.190
48.28,1.408,-0.074,1.591,3.964,-0.203,4.187
48.29,1.704,-0.073,1.593,4.163,-0.201,4.188
48.30,1.506,-0.074,1.591,3.986,-0.200,4.187
48.31,1.550,-0.076,1.589,4.264,-0.200,4.188
48.32,1.651,-0.075,1.591,4.047,-0.200,4.186
48.33,1.792,-0.076,1.593,4.027,-0.200,4.184
48.34,1.746,-0.076,1.595,4.076,-0.201,4.182
48.35,1.688,-0.079,1.594,4.189,-0.202,4.180
48.36,1.482,-0.077,1.594,4.087,-0.203,4.179
48.37,1.717,-0.076,1.597,4.305,-0.202,4.181
48.38,1.926,-0.077,1.600,4.101,-0.202,4.180
48.39,1.337,-0.078,1.596,4.252,-0.203,4.180
48.40,1.709,-0.078,1.598,4.300,-0.205,4.180
48.41,1.621,-0.077,1.599,4.168,-0.205,4.179
48.42,1.780,-0.080,1.599,4.083,-0.206,4.177
48.43,1.279,-0.081,1.594,4.215,-0.207,4.177
48.44,1.329,-0.083,1.589,4.127,-0.206,4.178
48.45,1.387,-0.082,1.588,4.159,-0.204,4.179
48.46,1.796,-0.081,1.592,4.221,-0.202,4.181
48.47,1.740,-0.082,1.593,4.411,-0.203,4.184
48.48,1.499,-0.080,1.594,4.283,-0.202,4.185
48.49,1.589,-0.080,1.594,4.115,-0.203,4.184
48.50,1.508,-0.080,1.593,4.158,-0.205,4.182
48.51,1.779,-0.081,1.595,4.132,-0.205,4.181
48.52,1.439,-0.081,1.593,4.284,-0.205,4.182
48.53,1.697,-0.082,1.593,4.487,-0.205,4.186
48.54,1.587,-0.083,1.593,4.228,-0.204,4.188
48.55,1.487,-0.082,1.593,4.149,-0.204,4.187
48.56,1.599,-0.082,1.593,4.233,-0.204,4.188
48.57,1.691,-0.082,1.594,4.049,-0.204,4.186
48.58,1.629,-0.082,1.595,4.356,-0.203,4.189
48.59,1.448,-0.083,1.592,4.208,-0.203,4.190
48.60,1.526,-0.083,1.592,4.095,-0.203,4.189
48.61,1.485,-0.083,1.590,4.012,-0.204,4.185
48.62,1.609,-0.085,1.589,4.419,-0.204,4.189
48.63,1.528,-0.087,1.587,4.002,-0.204,4.186
48.64,1.346,-0.086,1.585,4.088,-0.205,4.184
48.65,1.415,-0.086,1.582,4.202,-0.204,4.185
48.66,1.705,-0.088,1.583,4.134,-0.201,4.187
48.67,1.757,-0.088,1.585,4.081,-0.202,4.185
48.68,1.683,-0.088,1.586,3.994,-0.202,4.183
48.69,1.511,-0.089,1.585,4.266,-0.201,4.184
48.70,1.605,-0.090,1.584,4.155,-0.201,4.184
48.71,1.578,-0.090,1.584,3.991,-0.201,4.181
48.72,1.787,-0.090,1.588,4.142,-0.202,4.181
48.73,1.620,-0.090,1.588,4.290,-0.201,4.182
48.74,1.810,-0.090,1.591,4.447,-0.201,4.186
48.75,1.631,-0.093,1.589,4.159,-0.201,4.186
48.76,1.533,-0.093,1.588,4.151,-0.202,4.184
48.77,1.775,-0.091,1.592,4.045,-0.202,4.182
48.78,1.634,-0.090,1.595,4.455,-0.202,4.186
48.79,1.592,-0.090,1.595,4.183,-0.202,4.186
48.80,1.487,-0.090,1.594,4.167,-0.202,4.185
48.81,1.487,-0.089,1.593,4.123,-0.202,4.185
48.82,1.712,-0.089,1.596,4.259,-0.202,4.186
48.83,1.777,-0.088,1.599,4.064,-0.202,4.184
48.84,1.367,-0.086,1.598,4.183,-0.203,4.183
48.85,1.699,-0.085,1.601,4.395,-0.203,4.186
48.86,1.644,-0.084,1.603,4.446,-0.201,4.191
48.87,1.616,-0.086,1.602,4.288,-0.203,4.191
48.88,1.536,-0.087,1.599,4.141,-0.203,4.190
48.89,1.558,-0.085,1.601,4.208,-0.202,4.192
48.90,1.574,-0.086,1.600,4.130,-0.202,4.191
48.91,1.823,-0.088,1.602,4.380,-0.202,4.193
48.92,1.540,-0.088,1.601,4.201,-0.201,4.195
48.93,1.361,-0.087,1.599,4.021,-0.200,4.193
48.94,1.867,-0.086,1.604,4.347,-0.201,4.195
48.95,1.437,-0.086,1.601,4.060,-0.202,4.192
48.96,1.393,-0.084,1.601,4.157,-0.201,4.192
48.97,1.594,-0.083,1.602,4.357,-0.199,4.196
48.98,1.336,-0.084,1.598,4.253,-0.200,4.196
48.99,1.655,-0.085,1.598,3.914,-0.200,4.192
49.00,1.429,-0.085,1.596,4.003,-0.202,4.188
49.01,1.824,-0.084,1.601,4.064,-0.201,4.187
49.02,1.756,-0.085,1.602,4.169,-0.202,4.187
49.03,1.565,-0.087,1.599,4.237,-0.200,4.189
49.04,1.808,-0.088,1.601,4.295,-0.198,4.192
49.05,1.757,-0.087,1.605,4.295,-0.198,4.194
49.06,1.809,-0.088,1.607,4.337,-0.198,4.196
49.07,1.574,-0.087,1.608,4.273,-0.198,4.197
49.08,1.375,-0.086,1.606,4.286,-0.198,4.198
49.09,1.572,-0.085,1.606,4.101,-0.199,4.196
49.10,1.448,-0.086,1.603,4.266,-0.199,4.197
49.11,1.574,-0.085,1.604,4.056,-0.198,4.196
49.12,1.504,-0.086,1.602,4.137,-0.199,4.194
49.13,1.324,-0.086,1.599,4.245,-0.199,4.195
49.14,1.499,-0.085,1.599,4.065,-0.198,4.194
49.15,1.596,-0.087,1.597,3.941,-0.197,4.191
49.16,1.757,-0.088,1.598,4.173,-0.198,4.191
49.17,1.400,-0.087,1.597,3.849,-0.198,4.186
49.18,1.718,-0.087,1.598,4.333,-0.198,4.188
49.20,1.529,-0.088,1.597,4.163,-0.199,4.187
49.21,1.768,-0.091,1.597,4.344,-0.200,4.188
49.22,1.582,-0.091,1.597,4.320,-0.200,4.190
49.23,1.633,-0.089,1.599,4.136,-0.200,4.189
49.24,1.365,-0.090,1.596,4.039,-0.200,4.187
49.25,1.652,-0.091,1.595,4.158,-0.200,4.187
49.26,1.471,-0.091,1.594,3.990,-0.199,4.185
49.27,1.649,-0.090,1.595,4.275,-0.200,4.185
49.28,1.518,-0.089,1.596,3.941,-0.200,4.182
49.29,1.614,-0.088,1.597,4.357,-0.198,4.186
49.30,1.633,-0.087,1.599,4.307,-0.198,4.187
49.31,1.683,-0.085,1.602,3.887,-0.198,4.184
49.32,1.568,-0.083,1.604,3.942,-0.197,4.181
49.33,1.917,-0.084,1.607,3.854,-0.198,4.176
49.34,1.565,-0.086,1.605,4.166,-0.200,4.174
49.35,1.782,-0.087,1.607,4.391,-0.200,4.177
49.36,1.746,-0.088,1.607,3.954,-0.200,4.173
49.37,1.436,-0.086,1.608,4.468,-0.200,4.178
49.38,1.733,-0.086,1.610,4.006,-0.201,4.175
49.39,1.790,-0.085,1.613,4.510,-0.201,4.179
49.40,1.436,-0.083,1.613,4.469,-0.203,4.181
49.41,1.263,-0.084,1.608,4.179,-0.203,4.180
49.42,1.555,-0.083,1.609,4.282,-0.205,4.180
49.43,1.567,-0.084,1.607,4.224,-0.206,4.179
49.44,1.575,-0.082,1.609,3.949,-0.206,4.176
49.45,1.713,-0.081,1.611,3.765,-0.206,4.171
49.46,1.755,-0.079,1.615,4.060,-0.206,4.170
49.47,1.764,-0.078,1.619,4.265,-0.206,4.171
49.48,1.538,-0.077,1.619,4.223,-0.206,4.171
49.49,1.541,-0.077,1.618,4.155,-0.207,4.170
49.50,1.455,-0.075,1.618,4.032,-0.208,4.167
49.51,1.442,-0.074,1.616,4.190,-0.208,4.168
49.52,1.458,-0.071,1.618,4.074,-0.206,4.168
49.53,1.287,-0.071,1.613,4.276,-0.207,4.169
49.54,1.556,-0.071,1.613,4.085,-0.206,4.169
49.55,1.509,-0.071,1.611,4.356,-0.207,4.170
49.56,1.680,-0.072,1.612,4.385,-0.207,4.173
49.57,1.641,-0.071,1.613,4.062,-0.207,4.171
49.58,1.747,-0.071,1.615,3.934,-0.208,4.167
49.59,1.545,-0.069,1.616,4.382,-0.207,4.170
49.60,1.543,-0.069,1.616,4.370,-0.207,4.173
49.61,1.518,-0.069,1.615,4.259,-0.206,4.175
49.62,1.627,-0.068,1.616,4.174,-0.206,4.175
49.63,1.513,-0.068,1.615,3.869,-0.206,4.171
49.64,1.583,-0.066,1.616,4.357,-0.206,4.174
49.65,1.458,-0.066,1.614,4.342,-0.207,4.175
49.66,1.677,-0.065,1.616,3.921,-0.205,4.174
49.67,1.463,-0.065,1.614,4.017,-0.205,4.171
49.68,1.441,-0.065,1.612,4.369,-0.205,4.174
49.69,1.358,-0.063,1.611,4.266,-0.204,4.176
49.70,1.805,-0.065,1.612,4.437,-0.205,4.178
49.71,1.519,-0.063,1.612,4.092,-0.204,4.178
49.72,1.777,-0.062,1.616,4.197,-0.205,4.178
49.73,1.191,-0.060,1.612,4.120,-0.204,4.178
49.74,1.489,-0.059,1.612,4.040,-0.205,4.175
49.75,1.297,-0.059,1.608,3.890,-0.205,4.171
49.76,1.724,-0.058,1.610,4.326,-0.204,4.174
49.77,1.637,-0.059,1.610,4.194,-0.204,4.174
49.78,1.633,-0.058,1.611,4.174,-0.204,4.175
49.79,1.467,-0.057,1.610,4.197,-0.203,4.175
49.80,1.656,-0.058,1.610,4.193,-0.203,4.176
49.81,1.501,-0.057,1.610,4.316,-0.203,4.177
49.82,1.372,-0.056,1.608,4.373,-0.204,4.180
49.83,1.521,-0.059,1.603,4.109,-0.203,4.179
49.84,1.751,-0.060,1.604,4.157,-0.203,4.179
49.85,1.451,-0.057,1.605,4.428,-0.204,4.182
49.86,1.852,-0.058,1.607,4.197,-0.204,4.182
49.87,1.583,-0.058,1.607,4.042,-0.205,4.178
49.88,1.624,-0.057,1.609,3.984,-0.207,4.174
49.89,1.637,-0.058,1.607,4.126,-0.208,4.172
49.90,1.679,-0.058,1.609,4.312,-0.207,4.175
49.91,1.320,-0.059,1.604,4.279,-0.208,4.176
49.92,1.680,-0.060,1.604,4.073,-0.206,4.176
49.93,1.571,-0.059,1.604,4.169,-0.206,4.176
49.94,1.739,-0.059,1.606,4.131,-0.206,4.175
49.95,1.536,-0.060,1.604,4.243,-0.206,4.176
49.96,1.651,-0.059,1.606,4.458,-0.205,4.181
49.97,1.505,-0.060,1.604,4.274,-0.205,4.182
49.98,1.497,-0.058,1.604,4.497,-0.205,4.187
49.99,1.608,-0.057,1.605,4.200,-0.204,4.188
50.00,1.563,-0.057,1.605,4.391,-0.202,4.192
50.01,1.589,-0.056,1.606,4.299,-0.201,4.194
50.02,1.831,-0.055,1.609,4.266,-0.201,4.195
50.03,1.811,-0.055,1.612,4.030,-0.200,4.194
50.04,1.590,-0.055,1.612,3.998,-0.200,4.192
50.05,1.588,-0.055,1.612,4.246,-0.200,4.193
50.06,1.604,-0.057,1.610,4.272,-0.201,4.193
50.07,1.589,-0.056,1.610,4.284,-0.201,4.194
50.08,1.498,-0.056,1.609,4.213,-0.201,4.195
50.09,1.657,-0.057,1.609,4.212,-0.202,4.193
50.10,1.513,-0.059,1.606,4.231,-0.202,4.194
50.11,1.360,-0.058,1.603,4.405,-0.202,4.197
50.12,1.582,-0.059,1.602,4.648,-0.202,4.204
50.13,1.402,-0.058,1.600,4.247,-0.200,4.206
50.14,1.526,-0.059,1.598,4.313,-0.201,4.206
50.15,1.624,-0.060,1.598,4.358,-0.202,4.208
50.16,1.597,-0.060,1.598,4.267,-0.203,4.207
50.17,1.358,-0.057,1.598,4.038,-0.204,4.205
50.18,1.545,-0.056,1.597,4.317,-0.203,4.207
50.19,1.744,-0.055,1.601,4.067,-0.205,4.204
50.20,1.565,-0.055,1.601,4.309,-0.206,4.204
50.21,1.520,-0.055,1.599,4.215,-0.206,4.204
50.22,1.575,-0.054,1.600,4.302,-0.206,4.205
50.23,1.343,-0.053,1.597,4.141,-0.207,4.204
50.24,1.703,-0.053,1.598,4.201,-0.206,4.205
50.25,1.701,-0.054,1.599,4.242,-0.206,4.206
50.26,1.461,-0.053,1.598,4.301,-0.205,4.208
50.27,1.288,-0.053,1.594,3.964,-0.204,4.206
50.28,1.744,-0.053,1.595,4.167,-0.204,4.206
50.29,1.630,-0.054,1.595,4.384,-0.205,4.207
50.30,1.731,-0.055,1.596,4.160,-0.204,4.208
50.31,1.636,-0.055,1.596,4.050,-0.204,4.206
50.32,1.599,-0.055,1.596,4.116,-0.203,4.205
50.33,1.518,-0.052,1.599,4.160,-0.203,4.205
50.34,1.672,-0.050,1.601,4.136,-0.202,4.205
50.35,1.465,-0.050,1.600,4.344,-0.203,4.206
50.36,1.800,-0.048,1.604,3.989,-0.203,4.203
50.37,1.483,-0.048,1.603,4.392,-0.203,4.206
50.38,1.475,-0.048,1.601,4.118,-0.204,4.204
50.39,2.004,-0.048,1.605,4.087,-0.203,4.204
50.40,1.602,-0.050,1.604,3.989,-0.202,4.202
50.41,1.290,-0.049,1.600,4.012,-0.202,4.200
50.42,1.435,-0.048,1.600,4.178,-0.201,4.200
50.43,1.602,-0.047,1.600,4.114,-0.200,4.200
50.44,1.490,-0.049,1.596,4.175,-0.202,4.198
50.46,1.291,-0.051,1.590,4.234,-0.202,4.198
50.47,1.445,-0.053,1.586,4.283,-0.201,4.201
50.47,1.211,-0.055,1.580,4.389,-0.199,4.205
50.48,1.732,-0.051,1.585,4.222,-0.200,4.204
50.49,1.451,-0.050,1.585,4.385,-0.199,4.208
50.50,1.592,-0.049,1.585,3.931,-0.200,4.204
50.51,1.729,-0.049,1.588,4.081,-0.200,4.202
50.52,1.383,-0.049,1.584,4.112,-0.200,4.201
50.53,1.482,-0.049,1.583,4.291,-0.202,4.200
50.55,1.668,-0.048,1.585,4.198,-0.202,4.200
50.55,1.396,-0.049,1.581,4.033,-0.201,4.199
50.56,1.722,-0.047,1.585,4.341,-0.201,4.201
50.58,1.573,-0.048,1.583,4.147,-0.202,4.199
50.59,1.375,-0.050,1.579,4.094,-0.203,4.197
50.60,1.647,-0.050,1.580,3.869,-0.204,4.192
50.61,1.741,-0.049,1.582,4.149,-0.205,4.190
50.62,1.607,-0.049,1.582,4.112,-0.206,4.188
50.63,1.403,-0.049,1.580,4.084,-0.206,4.187
50.64,1.260,-0.052,1.573,4.387,-0.205,4.190
50.65,1.681,-0.050,1.576,4.144,-0.207,4.188
50.65,1.612,-0.051,1.576,4.369,-0.207,4.190
50.66,1.579,-0.050,1.576,4.153,-0.207,4.190
50.68,1.374,-0.049,1.574,4.178,-0.208,4.189
50.69,1.921,-0.049,1.579,4.308,-0.208,4.190
50.69,1.481,-0.048,1.578,4.345,-0.207,4.193
50.70,1.537,-0.046,1.579,4.318,-0.208,4.195
50.71,1.701,-0.045,1.582,4.097,-0.207,4.194
50.73,1.341,-0.045,1.579,4.239,-0.207,4.194
50.74,1.570,-0.044,1.579,4.205,-0.209,4.192
50.75,1.474,-0.045,1.577,4.285,-0.210,4.193
50.76,1.993,-0.043,1.584,4.374,-0.210,4.195
50.77,1.764,-0.044,1.585,4.181,-0.210,4.196
50.78,1.512,-0.044,1.584,4.192,-0.210,4.196
50.79,1.708,-0.044,1.586,4.115,-0.210,4.194
50.80,1.300,-0.043,1.582,4.202,-0.210,4.195
50.81,1.589,-0.041,1.584,4.297,-0.210,4.196
50.82,1.531,-0.041,1.584,4.059,-0.211,4.193
50.83,1.585,-0.043,1.582,4.287,-0.211,4.194
50.84,1.603,-0.043,1.581,4.680,-0.212,4.200
50.85,1.556,-0.043,1.581,4.027,-0.212,4.198
50.86,1.448,-0.042,1.581,4.451,-0.213,4.201
50.87,1.574,-0.041,1.581,4.157,-0.212,4.201
50.88,1.733,-0.039,1.585,4.502,-0.212,4.205
50.89,1.415,-0.040,1.581,4.387,-0.211,4.209
50.90,1.659,-0.040,1.582,4.529,-0.211,4.213
50.91,1.602,-0.038,1.584,3.905,-0.211,4.209
50.92,1.749,-0.038,1.586,4.086,-0.210,4.209
50.93,1.513,-0.040,1.583,4.170,-0.209,4.209
50.94,1.678,-0.039,1.585,4.007,-0.210,4.206
50.95,1.593,-0.039,1.585,4.051,-0.209,4.205
50.96,1.761,-0.039,1.587,4.159,-0.208,4.205
50.97,1.754,-0.038,1.591,4.181,-0.207,4.206
50.98,1.675,-0.036,1.593,4.302,-0.208,4.207
50.99,1.686,-0.036,1.595,4.256,-0.207,4.208
51.00,1.626,-0.036,1.594,4.182,-0.207,4.208
51.01,1.255,-0.034,1.592,4.193,-0.207,4.208
51.02,1.645,-0.033,1.594,4.033,-0.207,4.206
51.03,1.924,-0.034,1.597,4.136,-0.208,4.204
51.04,1.588,-0.034,1.596,4.172,-0.208,4.204
51.05,1.623,-0.035,1.596,4.187,-0.207,4.204
51.06,1.339,-0.032,1.595,3.956,-0.208,4.201
51.07,1.810,-0.033,1.597,4.041,-0.207,4.200
51.08,1.550,-0.033,1.597,4.304,-0.205,4.202
51.09,1.640,-0.034,1.596,4.237,-0.206,4.202
51.10,1.863,-0.034,1.599,4.347,-0.208,4.203
51.11,1.759,-0.033,1.602,4.277,-0.207,4.205
51.12,1.735,-0.034,1.603,3.963,-0.206,4.202
51.13,1.647,-0.034,1.603,4.112,-0.207,4.201
51.14,1.736,-0.033,1.606,4.422,-0.208,4.202
51.15,1.314,-0.034,1.601,4.258,-0.208,4.203
51.16,1.565,-0.033,1.602,4.385,-0.209,4.205
51.17,1.723,-0.034,1.602,4.467,-0.209,4.208
51.18,1.713,-0.035,1.603,4.167,-0.208,4.208
51.19,1.645,-0.034,1.604,4.121,-0.208,4.208
51.20,1.616,-0.033,1.605,3.904,-0.207,4.205
51.21,1.652,-0.030,1.608,4.198,-0.208,4.204
51.22,1.459,-0.029,1.608,3.957,-0.208,4.201
51.23,1.396,-0.030,1.604,4.024,-0.208,4.199
51.24,1.509,-0.030,1.602,4.369,-0.208,4.201
51.25,1.711,-0.030,1.604,4.256,-0.208,4.202
51.26,1.957,-0.029,1.609,4.128,-0.208,4.201
51.27,1.633,-0.028,1.611,4.053,-0.209,4.198
51.28,1.825,-0.028,1.613,4.021,-0.208,4.196
51.29,1.801,-0.031,1.613,4.159,-0.209,4.195
51.30,1.429,-0.031,1.610,4.172,-0.209,4.195
51.31,1.289,-0.030,1.607,4.173,-0.208,4.195
51.32,1.842,-0.031,1.609,3.954,-0.207,4.193
51.33,1.680,-0.030,1.611,4.166,-0.208,4.192
51.34,1.457,-0.030,1.609,4.028,-0.206,4.192
51.35,1.458,-0.028,1.609,4.145,-0.206,4.192
51.36,1.564,-0.028,1.609,4.175,-0.205,4.192
51.37,1.590,-0.028,1.608,4.237,-0.204,4.194
51.38,1.486,-0.026,1.608,4.243,-0.203,4.196
51.39,1.360,-0.027,1.604,4.297,-0.203,4.197
51.40,1.434,-0.029,1.600,4.298,-0.204,4.197
51.41,1.639,-0.027,1.602,4.249,-0.204,4.198
51.42,1.610,-0.026,1.602,4.230,-0.204,4.198
51.43,1.762,-0.025,1.606,4.174,-0.204,4.198
51.44,1.506,-0.026,1.604,4.202,-0.203,4.199
51.45,1.492,-0.024,1.604,4.175,-0.204,4.197
51.46,1.785,-0.023,1.607,4.135,-0.204,4.196
51.47,1.402,-0.024,1.604,4.238,-0.204,4.197
51.48,1.344,-0.023,1.601,4.195,-0.203,4.198
51.49,1.343,-0.022,1.598,4.330,-0.203,4.200
51.50,1.664,-0.023,1.598,3.985,-0.205,4.196
51.51,1.567,-0.022,1.598,4.197,-0.204,4.196
51.52,1.598,-0.022,1.598,4.054,-0.204,4.194
51.53,1.818,-0.022,1.601,3.889,-0.204,4.191
51.54,1.418,-0.022,1.599,3.859,-0.204,4.186
51.55,1.562,-0.021,1.598,4.184,-0.204,4.186
51.56,1.488,-0.022,1.596,3.918,-0.205,4.181
51.57,1.597,-0.021,1.597,4.318,-0.206,4.182
51.58,1.900,-0.021,1.600,4.074,-0.208,4.179
51.59,1.612,-0.024,1.598,4.100,-0.208,4.178
51.60,1.747,-0.025,1.599,4.147,-0.207,4.179
51.61,1.485,-0.024,1.598,4.212,-0.208,4.178
51.62,1.235,-0.023,1.594,4.301,-0.209,4.178
51.63,1.661,-0.024,1.594,4.524,-0.208,4.184
51.64,1.608,-0.026,1.592,4.234,-0.208,4.184
51.65,1.498,-0.026,1.591,4.302,-0.208,4.186
51.66,1.535,-0.024,1.592,4.324,-0.208,4.188
51.67,1.420,-0.025,1.589,4.174,-0.208,4.188
51.68,1.490,-0.025,1.587,4.008,-0.208,4.185
51.69,1.461,-0.024,1.586,4.202,-0.210,4.184
51.70,1.609,-0.024,1.586,4.056,-0.210,4.182
51.71,1.362,-0.025,1.582,4.114,-0.210,4.181
51.72,1.554,-0.025,1.582,4.224,-0.209,4.182
51.73,1.676,-0.021,1.586,4.207,-0.209,4.183
51.74,1.510,-0.021,1.585,4.045,-0.208,4.181
51.75,1.233,-0.021,1.580,4.162,-0.208,4.182
51.76,1.661,-0.021,1.581,3.938,-0.207,4.179
51.77,1.646,-0.019,1.584,4.341,-0.206,4.182
51.78,1.857,-0.019,1.587,4.177,-0.206,4.182
51.79,1.654,-0.017,1.589,3.987,-0.206,4.180
51.80,1.587,-0.018,1.589,3.796,-0.207,4.174
51.81,1.682,-0.017,1.590,4.113,-0.206,4.173
51.82,1.842,-0.019,1.592,4.282,-0.206,4.175
51.83,1.623,-0.019,1.592,4.129,-0.207,4.173
51.84,1.660,-0.017,1.595,3.999,-0.206,4.172
51.85,1.627,-0.021,1.591,4.451,-0.207,4.175
51.86,1.437,-0.020,1.590,4.270,-0.206,4.177
51.87,1.711,-0.020,1.591,4.112,-0.206,4.176
51.88,1.391,-0.020,1.589,3.899,-0.206,4.171
51.89,1.464,-0.019,1.588,4.369,-0.207,4.173
51.90,1.693,-0.018,1.590,4.368,-0.206,4.177
51.91,1.571,-0.017,1.590,4.252,-0.207,4.177
51.92,1.681,-0.018,1.591,4.193,-0.208,4.176
51.93,1.567,-0.019,1.589,4.039,-0.206,4.176
51.94,1.750,-0.019,1.590,4.146,-0.205,4.176
51.96,1.592,-0.019,1.591,3.830,-0.206,4.171
51.96,1.718,-0.020,1.591,4.261,-0.206,4.172
51.98,1.462,-0.021,1.588,4.151,-0.206,4.171
51.98,1.666,-0.021,1.589,4.303,-0.207,4.172
51.99,1.540,-0.020,1.589,4.205,-0.208,4.172
52.00,1.261,-0.020,1.584,4.431,-0.208,4.175
52.02,1.593,-0.019,1.586,4.318,-0.207,4.177
52.03,1.353,-0.017,1.584,4.082,-0.209,4.174
52.04,1.552,-0.017,1.584,4.125,-0.210,4.173
52.05,1.695,-0.016,1.586,4.326,-0.210,4.174
52.06,1.511,-0.017,1.584,4.351,-0.211,4.176
52.06,1.689,-0.017,1.585,4.556,-0.210,4.182
52.08,1.594,-0.018,1.584,3.910,-0.211,4.177
52.09,1.624,-0.018,1.584,4.066,-0.210,4.177
52.10,1.570,-0.017,1.585,4.339,-0.210,4.179
52.10,1.439,-0.017,1.583,4.021,-0.208,4.179
52.12,1.537,-0.016,1.583,4.291,-0.209,4.179
52.13,1.705,-0.014,1.587,4.132,-0.207,4.180
52.14,1.593,-0.011,1.589,4.418,-0.207,4.184
52.15,1.840,-0.012,1.591,4.006,-0.208,4.181
52.16,1.600,-0.013,1.591,4.434,-0.206,4.185
52.17,1.514,-0.011,1.591,4.300,-0.207,4.186
52.18,1.729,-0.014,1.590,3.890,-0.207,4.182
52.19,1.590,-0.015,1.589,3.912,-0.207,4.179
52.20,1.514,-0.014,1.588,4.189,-0.207,4.179
52.21,1.575,-0.016,1.586,3.936,-0.207,4.176
52.22,1.565,-0.015,1.586,4.153,-0.208,4.174
52.23,1.647,-0.014,1.588,4.062,-0.208,4.173
52.24,1.572,-0.013,1.588,4.184,-0.207,4.173
52.25,1.740,-0.013,1.590,4.340,-0.208,4.175
52.26,1.579,-0.013,1.590,4.313,-0.208,4.176
52.27,1.721,-0.014,1.591,4.377,-0.207,4.180
52.28,1.590,-0.014,1.590,4.455,-0.206,4.184
52.29,1.441,-0.016,1.586,3.969,-0.207,4.181
52.30,1.540,-0.017,1.585,4.194,-0.206,4.182
52.31,1.737,-0.018,1.586,4.200,-0.204,4.185
52.32,1.829,-0.018,1.589,4.136,-0.204,4.183
52.33,1.361,-0.018,1.585,3.963,-0.203,4.181
52.34,1.420,-0.017,1.584,4.138,-0.205,4.179
52.35,1.636,-0.018,1.584,3.962,-0.204,4.177
52.36,1.503,-0.018,1.582,4.338,-0.204,4.179
52.37,1.535,-0.020,1.580,4.483,-0.204,4.183
52.38,1.485,-0.020,1.578,4.237,-0.204,4.184
52.39,1.411,-0.021,1.574,4.341,-0.204,4.186
52.40,1.562,-0.022,1.574,4.242,-0.204,4.187
52.41,1.564,-0.024,1.571,3.972,-0.204,4.183
52.42,1.550,-0.025,1.570,4.213,-0.204,4.184
52.43,1.408,-0.023,1.569,4.186,-0.205,4.183
52.44,1.666,-0.022,1.571,4.132,-0.205,4.182
52.45,1.376,-0.020,1.570,4.319,-0.205,4.184
52.46,1.594,-0.020,1.571,4.313,-0.205,4.186
52.47,1.552,-0.019,1.571,4.223,-0.204,4.188
52.48,1.348,-0.021,1.566,3.796,-0.204,4.182
52.49,1.443,-0.019,1.566,4.302,-0.203,4.184
52.50,1.373,-0.020,1.563,4.241,-0.203,4.185
52.51,1.714,-0.021,1.563,4.289,-0.204,4.186
52.52,1.512,-0.020,1.563,4.183,-0.205,4.184
52.53,1.754,-0.021,1.564,4.091,-0.206,4.182
52.54,1.678,-0.022,1.565,4.186,-0.207,4.182
52.55,1.627,-0.023,1.565,4.415,-0.207,4.184
52.56,1.658,-0.021,1.568,4.031,-0.208,4.181
52.57,1.619,-0.022,1.567,4.144,-0.207,4.182
52.58,1.456,-0.021,1.566,4.108,-0.208,4.180
52.59,1.552,-0.020,1.566,4.258,-0.209,4.180
52.60,1.469,-0.020,1.565,4.228,-0.209,4.180
52.61,1.576,-0.020,1.565,4.355,-0.209,4.183
52.62,1.656,-0.021,1.565,3.951,-0.209,4.180
52.63,1.502,-0.021,1.564,4.241,-0.208,4.182
52.64,1.796,-0.021,1.567,4.111,-0.207,4.182
52.65,1.736,-0.022,1.568,4.560,-0.207,4.186
52.66,1.712,-0.025,1.566,4.184,-0.206,4.187
52.67,1.602,-0.026,1.566,4.249,-0.206,4.188
52.68,1.687,-0.026,1.567,4.343,-0.208,4.189
52.69,1.373,-0.025,1.565,4.004,-0.208,4.186
52.70,1.690,-0.026,1.566,4.314,-0.209,4.187
52.71,1.278,-0.026,1.562,4.322,-0.209,4.188
52.72,1.499,-0.027,1.560,4.155,-0.210,4.188
52.73,1.657,-0.027,1.561,4.296,-0.209,4.189
52.74,1.503,-0.027,1.560,4.387,-0.209,4.193
52.75,1.535,-0.028,1.559,4.093,-0.208,4.192
52.76,1.676,-0.030,1.558,4.399,-0.209,4.194
52.77,1.706,-0.030,1.560,4.252,-0.207,4.196
52.78,1.833,-0.030,1.563,4.300,-0.208,4.197
52.79,1.750,-0.028,1.568,4.546,-0.208,4.201
52.80,1.673,-0.028,1.569,4.333,-0.209,4.202
52.81,1.405,-0.027,1.567,4.090,-0.210,4.200
52.82,1.689,-0.029,1.566,4.299,-0.210,4.202
52.83,1.611,-0.030,1.566,4.603,-0.210,4.207
52.84,1.617,-0.029,1.568,4.075,-0.211,4.204
52.85,1.499,-0.028,1.568,3.919,-0.212,4.200
52.86,1.380,-0.028,1.565,4.429,-0.212,4.203
52.87,1.514,-0.030,1.562,4.281,-0.213,4.203
52.88,1.468,-0.029,1.562,4.224,-0.213,4.204
52.89,1.636,-0.028,1.563,4.425,-0.213,4.207
52.90,1.325,-0.026,1.562,4.103,-0.213,4.205
52.91,1.757,-0.025,1.566,4.381,-0.212,4.209
52.92,1.481,-0.026,1.563,3.951,-0.211,4.206
52.93,1.640,-0.027,1.563,4.034,-0.211,4.204
52.94,1.444,-0.026,1.562,4.197,-0.211,4.205
52.95,1.677,-0.027,1.562,4.461,-0.211,4.208
52.96,1.371,-0.028,1.559,4.106,-0.212,4.206
52.97,1.677,-0.028,1.561,4.050,-0.212,4.204
52.98,1.645,-0.028,1.561,4.540,-0.213,4.208
52.99,1.775,-0.029,1.563,4.326,-0.213,4.209
53.00,1.650,-0.028,1.565,4.302,-0.215,4.209
53.01,1.608,-0.027,1.566,4.283,-0.215,4.209
53.02,1.394,-0.029,1.563,3.751,-0.216,4.203
53.03,1.574,-0.029,1.562,3.973,-0.215,4.201
53.04,1.550,-0.028,1.563,3.887,-0.217,4.195
53.05,1.584,-0.026,1.565,4.022,-0.217,4.193
53.06,1.602,-0.026,1.565,3.919,-0.216,4.190
53.07,1.378,-0.026,1.562,4.414,-0.217,4.193
53.08,1.531,-0.025,1.563,4.220,-0.217,4.193
53.09,1.619,-0.026,1.562,3.960,-0.217,4.190
53.10,1.600,-0.029,1.560,4.312,-0.218,4.190
53.11,1.719,-0.029,1.562,4.575,-0.218,4.196
53.12,1.768,-0.029,1.564,4.079,-0.217,4.195
53.13,1.583,-0.029,1.565,4.325,-0.219,4.195
53.14,1.412,-0.029,1.562,4.199,-0.219,4.195
53.15,1.712,-0.029,1.564,4.537,-0.219,4.200
53.16,1.472,-0.031,1.561,4.025,-0.218,4.198
53.17,1.479,-0.030,1.561,4.438,-0.218,4.202
53.18,1.353,-0.029,1.559,4.096,-0.219,4.200
53.19,1.522,-0.028,1.559,4.328,-0.220,4.200
53.20,1.505,-0.026,1.561,4.016,-0.220,4.198
53.21,1.604,-0.026,1.560,4.202,-0.221,4.198
53.22,1.537,-0.026,1.560,3.951,-0.220,4.195
53.23,1.636,-0.027,1.560,4.340,-0.221,4.196
53.24,1.462,-0.025,1.561,4.125,-0.221,4.195
53.25,1.589,-0.026,1.559,4.091,-0.222,4.193
53.26,1.534,-0.027,1.559,4.404,-0.222,4.196
53.27,1.696,-0.027,1.560,4.228,-0.223,4.196
53.28,1.657,-0.026,1.561,4.151,-0.225,4.193
53.29,1.518,-0.025,1.562,4.369,-0.227,4.193
53.30,1.542,-0.026,1.561,4.074,-0.227,4.192
53.31,1.565,-0.025,1.562,4.059,-0.228,4.190
53.32,1.441,-0.025,1.560,4.262,-0.229,4.189
53.33,1.463,-0.025,1.558,4.185,-0.229,4.189
53.34,1.655,-0.022,1.563,4.398,-0.228,4.193
53.35,1.672,-0.024,1.562,4.053,-0.228,4.192
53.36,1.534,-0.024,1.561,4.203,-0.228,4.192
53.37,1.430,-0.026,1.558,4.130,-0.229,4.190
53.38,1.629,-0.026,1.559,4.333,-0.229,4.192
53.39,1.564,-0.026,1.558,4.259,-0.231,4.192
53.40,1.871,-0.027,1.561,4.186,-0.230,4.193
53.41,1.577,-0.026,1.562,4.523,-0.231,4.196
53.43,1.578,-0.025,1.563,4.126,-0.233,4.193
53.43,1.684,-0.025,1.565,4.133,-0.234,4.192
53.44,1.722,-0.024,1.568,4.321,-0.235,4.192
53.45,1.514,-0.023,1.568,4.478,-0.237,4.194
53.47,1.686,-0.022,1.570,4.267,-0.237,4.195
53.48,1.641,-0.023,1.570,4.221,-0.236,4.197
53.49,1.469,-0.025,1.567,4.052,-0.237,4.194
53.50,1.615,-0.025,1.568,4.108,-0.238,4.192
53.51,1.703,-0.026,1.568,3.994,-0.239,4.189
53.52,1.591,-0.025,1.569,4.171,-0.238,4.189
53.53,1.596,-0.022,1.572,4.073,-0.239,4.187
53.54,1.431,-0.022,1.571,4.178,-0.239,4.188
53.55,1.391,-0.024,1.566,4.291,-0.239,4.189
53.56,1.579,-0.024,1.566,4.034,-0.238,4.188
53.57,1.627,-0.023,1.567,4.123,-0.239,4.186
53.58,1.505,-0.024,1.566,3.815,-0.238,4.182
53.59,1.704,-0.024,1.567,4.105,-0.241,4.179
53.60,1.832,-0.023,1.572,3.936,-0.240,4.176
53.61,1.342,-0.024,1.568,4.026,-0.240,4.174
53.62,1.315,-0.026,1.562,4.325,-0.241,4.176
53.63,1.680,-0.025,1.565,4.072,-0.238,4.177
53.64,1.597,-0.024,1.566,4.125,-0.238,4.177
53.65,1.579,-0.026,1.564,4.129,-0.237,4.177
53.66,1.674,-0.027,1.565,4.069,-0.238,4.175
53.67,1.683,-0.027,1.566,4.189,-0.237,4.176
53.68,1.619,-0.027,1.567,4.129,-0.237,4.175
53.69,1.673,-0.027,1.568,4.165,-0.237,4.175
53.70,1.747,-0.027,1.570,4.020,-0.237,4.174
53.71,1.594,-0.025,1.573,4.421,-0.237,4.177
53.72,1.558,-0.025,1.572,4.290,-0.236,4.179
53.73,1.612,-0.024,1.573,4.319,-0.235,4.182
53.74,1.507,-0.025,1.572,4.267,-0.235,4.183
53.75,1.672,-0.026,1.572,4.256,-0.235,4.184
53.76,1.565,-0.027,1.570,4.410,-0.234,4.188
53.77,1.795,-0.028,1.573,3.816,-0.233,4.185
53.78,1.490,-0.027,1.572,4.082,-0.232,4.185
53.79,1.689,-0.029,1.572,4.239,-0.231,4.186
53.80,1.418,-0.030,1.569,3.729,-0.231,4.180
53.81,1.468,-0.031,1.566,4.242,-0.232,4.180
53.82,1.496,-0.029,1.568,4.231,-0.232,4.181
53.83,1.547,-0.031,1.566,4.454,-0.232,4.184
53.84,1.187,-0.032,1.559,4.766,-0.232,4.192
53.85,1.591,-0.035,1.557,4.228,-0.232,4.193
53.86,1.630,-0.035,1.558,3.768,-0.233,4.187
53.87,1.647,-0.035,1.559,4.319,-0.233,4.188
53.88,1.649,-0.036,1.558,4.251,-0.234,4.188
53.89,1.797,-0.037,1.561,4.513,-0.236,4.190
53.90,1.228,-0.038,1.555,4.252,-0.235,4.192
53.91,1.706,-0.039,1.556,3.891,-0.237,4.187
53.92,1.517,-0.039,1.555,4.139,-0.236,4.186
53.93,1.482,-0.041,1.553,4.111,-0.235,4.187
53.94,1.544,-0.039,1.554,4.272,-0.234,4.189
53.95,1.568,-0.039,1.555,3.797,-0.236,4.183
53.96,1.512,-0.038,1.555,4.445,-0.237,4.185
53.97,1.498,-0.038,1.554,4.255,-0.237,4.186
53.98,1.677,-0.038,1.556,4.402,-0.237,4.189
53.99,1.575,-0.036,1.558,4.277,-0.235,4.192
54.00,1.596,-0.036,1.558,3.856,-0.236,4.186
54.01,1.660,-0.034,1.562,4.303,-0.236,4.189
54.02,1.591,-0.035,1.561,4.155,-0.239,4.185
54.03,1.603,-0.036,1.560,4.200,-0.240,4.185
54.04,1.403,-0.036,1.558,4.079,-0.240,4.183
54.05,1.743,-0.038,1.558,4.187,-0.241,4.182
54.06,1.670,-0.039,1.559,4.640,-0.242,4.188
54.07,1.508,-0.038,1.559,4.184,-0.242,4.187
54.08,1.592,-0.039,1.558,4.090,-0.243,4.186
54.09,1.566,-0.038,1.559,4.230,-0.242,4.187
54.10,1.851,-0.037,1.564,4.270,-0.241,4.189
54.11,1.617,-0.036,1.566,4.139,-0.241,4.188
54.12,1.842,-0.036,1.570,3.948,-0.241,4.185
54.13,1.612,-0.036,1.571,4.337,-0.240,4.189
54.14,1.712,-0.034,1.574,4.538,-0.240,4.194
54.15,1.782,-0.035,1.576,4.175,-0.240,4.193
54.16,1.346,-0.034,1.574,4.058,-0.240,4.192
54.17,1.485,-0.036,1.571,4.143,-0.240,4.192
54.18,1.475,-0.035,1.570,4.372,-0.238,4.195
54.19,1.843,-0.036,1.574,4.201,-0.238,4.196
54.20,1.657,-0.036,1.574,4.404,-0.237,4.200
54.21,1.430,-0.036,1.572,4.391,-0.238,4.202
54.22,1.556,-0.037,1.571,4.045,-0.238,4.199
54.23,1.742,-0.038,1.573,4.221,-0.238,4.200
54.24,1.612,-0.039,1.572,3.918,-0.238,4.196
54.25,1.473,-0.039,1.571,3.995,-0.239,4.193
54.26,1.756,-0.038,1.574,4.002,-0.239,4.191
54.27,1.839,-0.036,1.579,4.215,-0.239,4.191
54.28,1.565,-0.035,1.581,4.106,-0.240,4.189
54.29,1.565,-0.037,1.579,3.782,-0.240,4.184
54.30,1.615,-0.036,1.579,4.059,-0.240,4.182
54.31,1.482,-0.035,1.579,4.068,-0.240,4.181
54.32,1.516,-0.035,1.579,4.286,-0.239,4.183
54.33,1.398,-0.037,1.574,4.207,-0.241,4.182
54.34,1.569,-0.038,1.573,4.322,-0.240,4.184
54.35,1.882,-0.038,1.578,4.186,-0.240,4.185
54.36,1.672,-0.039,1.578,4.269,-0.239,4.187
54.37,1.682,-0.038,1.580,4.270,-0.241,4.186
54.38,1.581,-0.038,1.580,4.159,-0.241,4.186
54.39,1.590,-0.037,1.581,4.217,-0.242,4.185
54.40,1.891,-0.040,1.583,4.129,-0.242,4.185
54.41,1.478,-0.041,1.580,4.494,-0.242,4.189
54.42,1.581,-0.039,1.583,4.010,-0.244,4.185
54.43,1.561,-0.038,1.583,4.581,-0.244,4.190
54.44,1.740,-0.038,1.585,4.112,-0.245,4.188
54.45,1.686,-0.038,1.587,4.484,-0.244,4.194
54.46,1.376,-0.040,1.582,4.459,-0.244,4.197
54.47,1.679,-0.040,1.584,4.079,-0.244,4.195
54.48,1.453,-0.040,1.582,4.385,-0.245,4.197
54.49,1.571,-0.039,1.583,4.083,-0.244,4.197
54.50,1.670,-0.039,1.585,4.279,-0.244,4.198
54.51,1.521,-0.039,1.583,4.231,-0.244,4.198
54.52,1.545,-0.040,1.582,3.928,-0.244,4.196
54.53,1.579,-0.039,1.583,4.213,-0.242,4.197
54.54,1.415,-0.039,1.581,3.791,-0.244,4.191
54.55,1.128,-0.041,1.573,3.985,-0.244,4.188
54.56,1.564,-0.039,1.575,4.323,-0.244,4.190
54.57,1.704,-0.043,1.573,4.048,-0.245,4.187
54.58,1.354,-0.042,1.571,3.909,-0.246,4.183
54.59,1.706,-0.041,1.574,4.027,-0.245,4.182
54.60,1.547,-0.042,1.573,4.076,-0.244,4.181
54.61,1.690,-0.041,1.575,3.928,-0.244,4.177
54.62,1.673,-0.042,1.576,4.165,-0.244,4.177
54.63,1.638,-0.042,1.576,4.339,-0.244,4.180
54.64,1.267,-0.041,1.573,4.258,-0.243,4.182
54.65,1.615,-0.041,1.573,4.193,-0.243,4.182
54.66,1.465,-0.042,1.571,4.191,-0.241,4.184
54.67,1.472,-0.043,1.569,4.256,-0.241,4.185
54.68,1.595,-0.043,1.569,4.287,-0.240,4.188
54.69,1.512,-0.044,1.568,4.086,-0.241,4.186
54.70,1.539,-0.043,1.568,4.285,-0.240,4.187
54.71,1.662,-0.043,1.569,4.075,-0.241,4.185
54.72,1.831,-0.044,1.572,4.449,-0.241,4.189
54.73,1.429,-0.044,1.571,4.270,-0.241,4.190
54.74,1.696,-0.044,1.572,3.952,-0.242,4.186
54.75,1.625,-0.045,1.571,4.095,-0.242,4.185
54.76,1.655,-0.045,1.573,3.972,-0.241,4.183
54.77,1.813,-0.044,1.577,4.122,-0.243,4.181
54.78,1.542,-0.045,1.576,4.123,-0.242,4.181
54.79,1.769,-0.045,1.578,3.936,-0.241,4.179
54.80,1.394,-0.047,1.574,4.127,-0.241,4.178
54.81,1.719,-0.047,1.576,4.057,-0.239,4.178
54.82,1.517,-0.047,1.575,3.880,-0.238,4.175
54.83,1.619,-0.046,1.577,4.371,-0.239,4.178
54.84,1.691,-0.044,1.581,4.315,-0.239,4.179
54.85,1.584,-0.045,1.580,4.103,-0.239,4.178
54.86,1.574,-0.044,1.580,4.242,-0.239,4.178
54.87,1.724,-0.044,1.582,4.542,-0.239,4.184
54.89,1.586,-0.044,1.582,4.265,-0.240,4.184
54.89,1.453,-0.045,1.580,4.333,-0.237,4.188
54.90,1.617,-0.045,1.580,4.350,-0.237,4.191
54.91,1.425,-0.044,1.580,4.348,-0.237,4.193
54.93,1.327,-0.043,1.577,4.149,-0.235,4.194
54.93,1.724,-0.044,1.578,4.386,-0.235,4.197
54.94,1.537,-0.043,1.579,4.025,-0.234,4.196
54.95,1.480,-0.043,1.578,4.083,-0.234,4.195
54.96,1.913,-0.044,1.581,4.181,-0.233,4.195
54.97,1.570,-0.044,1.581,4.528,-0.233,4.200
54.98,1.454,-0.045,1.579,4.245,-0.233,4.201
54.99,1.761,-0.046,1.580,4.317,-0.234,4.201
55.00,1.716,-0.046,1.582,4.125,-0.234,4.200
55.01,1.645,-0.045,1.584,4.132,-0.234,4.200
55.03,1.634,-0.048,1.582,4.520,-0.234,4.204
55.04,1.520,-0.048,1.581,4.343,-0.233,4.207
55.05,1.526,-0.048,1.580,4.322,-0.233,4.209
55.06,1.598,-0.048,1.581,4.389,-0.233,4.211
55.07,1.471,-0.049,1.579,4.132,-0.233,4.210
55.08,1.429,-0.046,1.580,4.128,-0.232,4.210
55.09,1.632,-0.045,1.581,3.953,-0.231,4.208
55.10,1.445,-0.045,1.580,4.115,-0.232,4.206
55.11,1.480,-0.047,1.576,4.218,-0.233,4.205
55.12,1.403,-0.046,1.575,4.139,-0.232,4.205
55.13,1.637,-0.047,1.575,4.353,-0.234,4.205
55.14,1.636,-0.049,1.574,3.927,-0.234,4.201
55.15,1.540,-0.048,1.575,4.190,-0.235,4.201
55.16,1.658,-0.047,1.576,4.272,-0.235,4.202
55.17,1.571,-0.047,1.576,4.292,-0.236,4.202
55.18,1.588,-0.046,1.578,4.186,-0.236,4.202
55.19,1.550,-0.045,1.578,4.261,-0.236,4.203
55.20,1.496,-0.045,1.577,4.019,-0.237,4.200
55.21,1.250,-0.045,1.573,4.271,-0.236,4.201
55.22,1.850,-0.046,1.576,4.049,-0.236,4.199
55.23,1.568,-0.044,1.578,4.051,-0.236,4.198
55.24,1.578,-0.043,1.579,4.225,-0.237,4.198
55.25,1.353,-0.043,1.575,4.102,-0.235,4.199
55.26,1.397,-0.043,1.573,4.046,-0.235,4.196
55.27,1.589,-0.046,1.571,4.176,-0.235,4.197
55.28,1.370,-0.047,1.567,4.189,-0.234,4.197
55.29,1.633,-0.049,1.567,4.575,-0.235,4.201
55.30,1.606,-0.049,1.567,4.522,-0.235,4.206
55.31,1.438,-0.050,1.564,4.198,-0.235,4.205
55.32,1.595,-0.050,1.565,4.346,-0.235,4.208
55.33,1.631,-0.049,1.566,4.049,-0.234,4.207
55.34,1.533,-0.050,1.565,4.067,-0.234,4.204
55.35,1.834,-0.049,1.570,4.068,-0.233,4.204
55.36,1.350,-0.046,1.569,4.183,-0.235,4.202
55.37,1.702,-0.047,1.570,4.136,-0.235,4.201
55.38,1.509,-0.049,1.567,4.380,-0.236,4.203
55.39,1.680,-0.049,1.569,4.250,-0.236,4.203
55.40,1.521,-0.050,1.568,4.334,-0.237,4.204
55.41,1.452,-0.049,1.567,4.290,-0.238,4.205
55.42,1.617,-0.049,1.568,4.139,-0.238,4.204
55.43,1.604,-0.050,1.568,4.336,-0.236,4.207
55.44,1.756,-0.051,1.568,4.387,-0.236,4.210
55.45,1.666,-0.053,1.568,4.173,-0.235,4.211
55.46,1.789,-0.055,1.569,4.289,-0.237,4.210
55.47,1.621,-0.055,1.570,3.931,-0.236,4.207
55.48,1.564,-0.056,1.569,4.273,-0.237,4.207
55.49,1.609,-0.056,1.569,4.349,-0.235,4.211
55.50,1.567,-0.055,1.571,4.098,-0.236,4.209
55.51,1.641,-0.055,1.572,4.111,-0.236,4.208
55.52,1.356,-0.054,1.569,4.131,-0.237,4.206
55.53,1.502,-0.055,1.568,4.482,-0.238,4.209
55.54,1.531,-0.056,1.566,4.672,-0.238,4.215
55.55,1.576,-0.054,1.568,4.179,-0.237,4.216
55.56,1.482,-0.054,1.568,4.071,-0.237,4.214
55.57,1.812,-0.055,1.570,4.453,-0.236,4.219
55.58,1.674,-0.055,1.571,4.276,-0.236,4.219
55.59,1.572,-0.054,1.572,3.774,-0.236,4.214
55.60,1.460,-0.053,1.571,4.242,-0.236,4.214
55.61,1.604,-0.052,1.573,4.272,-0.238,4.213
55.62,1.566,-0.055,1.571,3.928,-0.237,4.210
55.63,1.569,-0.055,1.571,4.118,-0.237,4.209
55.64,1.455,-0.056,1.568,4.338,-0.237,4.212
55.65,1.596,-0.057,1.568,3.926,-0.237,4.208
55.66,1.766,-0.055,1.572,4.243,-0.238,4.207
55.67,1.536,-0.053,1.574,4.122,-0.239,4.205
55.68,1.530,-0.051,1.575,4.192,-0.238,4.206
55.69,1.215,-0.052,1.569,4.117,-0.237,4.206
55.70,1.613,-0.054,1.568,4.455,-0.238,4.208
55.71,1.603,-0.053,1.569,4.262,-0.239,4.208
55.72,1.614,-0.052,1.571,4.409,-0.239,4.211
55.73,1.411,-0.052,1.569,4.156,-0.239,4.210
55.74,1.227,-0.051,1.566,4.586,-0.239,4.216
55.75,1.638,-0.050,1.567,4.064,-0.237,4.215
55.76,1.628,-0.050,1.568,4.161,-0.237,4.215
55.77,1.656,-0.049,1.570,4.279,-0.238,4.215
55.78,1.637,-0.050,1.570,4.580,-0.240,4.218
55.79,1.716,-0.051,1.572,4.124,-0.239,4.218
55.80,1.576,-0.052,1.570,4.255,-0.240,4.217
55.81,1.561,-0.055,1.568,4.169,-0.242,4.215
55.82,1.513,-0.055,1.567,4.362,-0.241,4.218
55.83,1.360,-0.054,1.565,4.275,-0.242,4.218
55.84,1.707,-0.055,1.566,4.330,-0.240,4.222
55.85,1.537,-0.056,1.565,4.001,-0.240,4.219
55.86,1.492,-0.057,1.563,4.266,-0.240,4.220
55.87,1.653,-0.058,1.563,4.042,-0.239,4.219
55.88,1.386,-0.059,1.559,4.231,-0.239,4.219
55.89,1.496,-0.059,1.559,4.351,-0.239,4.221
55.90,1.386,-0.058,1.558,3.660,-0.238,4.215
55.91,1.592,-0.057,1.559,4.088,-0.238,4.213
55.92,1.372,-0.059,1.555,4.277,-0.239,4.214
55.93,1.660,-0.060,1.555,4.372,-0.237,4.217
55.94,1.705,-0.060,1.557,4.156,-0.237,4.217
55.95,1.802,-0.059,1.561,4.178,-0.235,4.218
55.96,1.510,-0.059,1.561,4.019,-0.236,4.215
55.97,1.350,-0.059,1.558,4.297,-0.236,4.216
55.98,1.791,-0.058,1.562,4.243,-0.239,4.214
55.99,1.456,-0.060,1.558,4.173,-0.238,4.214
56.00,1.695,-0.060,1.561,4.583,-0.237,4.220
56.01,1.774,-0.061,1.563,4.215,-0.237,4.220
56.02,1.495,-0.060,1.563,4.047,-0.237,4.218
56.03,1.755,-0.060,1.565,4.386,-0.237,4.220
56.04,1.487,-0.059,1.565,4.181,-0.239,4.219
56.05,1.609,-0.058,1.566,4.188,-0.238,4.219
56.06,1.535,-0.058,1.566,4.324,-0.238,4.221
56.07,1.561,-0.057,1.568,4.167,-0.239,4.219
56.08,1.467,-0.057,1.566,4.459,-0.240,4.222
56.09,1.645,-0.057,1.567,4.372,-0.242,4.222
56.10,1.493,-0.059,1.564,4.018,-0.243,4.218
56.11,1.507,-0.058,1.564,3.869,-0.243,4.213
56.12,1.674,-0.059,1.565,4.448,-0.243,4.217
56.13,1.501,-0.061,1.562,4.129,-0.242,4.217
56.14,1.714,-0.061,1.564,4.322,-0.243,4.217
56.15,1.574,-0.061,1.564,3.914,-0.242,4.215
56.16,1.731,-0.060,1.567,3.928,-0.242,4.211
56.17,1.362,-0.060,1.565,4.387,-0.242,4.213
56.18,1.436,-0.062,1.562,4.340,-0.241,4.216
56.19,1.634,-0.061,1.563,4.164,-0.240,4.217
56.20,1.480,-0.064,1.559,3.929,-0.240,4.213
56.21,1.459,-0.062,1.560,4.420,-0.241,4.215
56.22,1.539,-0.061,1.560,4.385,-0.241,4.218
56.23,1.710,-0.061,1.563,3.793,-0.240,4.213
56.24,1.502,-0.059,1.564,4.252,-0.239,4.214
56.25,1.801,-0.059,1.567,4.059,-0.238,4.213
56.26,1.315,-0.059,1.564,3.933,-0.238,4.210
56.27,1.663,-0.059,1.565,4.311,-0.238,4.211
56.28,1.341,-0.060,1.561,4.077,-0.238,4.209
56.29,1.601,-0.060,1.562,3.963,-0.239,4.206
56.30,1.503,-0.060,1.561,4.102,-0.240,4.203
56.31,1.405,-0.061,1.558,4.214,-0.240,4.203
56.32,1.481,-0.060,1.558,4.202,-0.239,4.204
56.33,1.714,-0.060,1.560,4.481,-0.239,4.208
56.34,1.617,-0.061,1.560,4.159,-0.239,4.208
56.35,1.557,-0.059,1.562,3.955,-0.237,4.206
56.36,1.705,-0.061,1.562,4.190,-0.237,4.207
56.37,1.516,-0.059,1.563,4.059,-0.237,4.204
56.38,1.630,-0.060,1.563,3.929,-0.239,4.199
56.39,1.499,-0.061,1.561,4.141,-0.239,4.198
56.40,1.649,-0.062,1.561,4.156,-0.239,4.198
56.42,1.437,-0.063,1.559,4.149,-0.240,4.196
56.43,1.358,-0.063,1.556,4.113,-0.241,4.194
56.43,1.510,-0.063,1.556,4.311,-0.241,4.196
56.44,1.676,-0.061,1.559,4.205,-0.240,4.196
56.46,1.613,-0.063,1.558,4.137,-0.239,4.197
56.47,1.562,-0.063,1.559,3.908,-0.238,4.194
56.47,1.539,-0.062,1.559,4.031,-0.238,4.191
56.48,1.765,-0.064,1.560,4.362,-0.239,4.193
56.50,1.549,-0.063,1.561,4.141,-0.239,4.192
56.51,1.674,-0.064,1.561,4.118,-0.239,4.191
56.51,1.511,-0.064,1.561,4.107,-0.239,4.190
56.53,1.780,-0.064,1.563,4.608,-0.239,4.196
56.54,1.709,-0.065,1.564,4.459,-0.239,4.199
56.55,1.454,-0.065,1.563,4.325,-0.238,4.201
56.56,1.524,-0.065,1.563,4.439,-0.238,4.205
56.57,1.712,-0.066,1.564,4.124,-0.239,4.203
56.58,1.621,-0.066,1.564,4.182,-0.239,4.202
56.59,1.529,-0.066,1.564,4.064,-0.239,4.200
56.60,1.599,-0.068,1.563,4.201,-0.239,4.201
56.61,1.704,-0.069,1.564,4.130,-0.240,4.199
56.62,1.572,-0.067,1.565,3.993,-0.238,4.198
56.63,1.457,-0.068,1.563,4.241,-0.238,4.199
56.64,1.561,-0.069,1.562,4.096,-0.239,4.196
56.65,1.744,-0.066,1.567,4.334,-0.240,4.197
56.66,1.514,-0.067,1.567,4.305,-0.239,4.200
56.67,1.549,-0.067,1.566,4.125,-0.239,4.199
56.68,1.535,-0.068,1.565,4.260,-0.238,4.200
56.69,1.331,-0.069,1.561,4.050,-0.238,4.198
56.70,1.753,-0.070,1.562,4.118,-0.239,4.197
56.71,1.577,-0.071,1.562,4.149,-0.237,4.198
56.72,1.927,-0.071,1.567,3.998,-0.237,4.195
56.73,1.844,-0.072,1.570,4.263,-0.237,4.196
56.74,1.465,-0.072,1.568,4.373,-0.236,4.199
56.75,1.495,-0.072,1.567,3.778,-0.236,4.194
56.76,1.466,-0.073,1.565,4.202,-0.237,4.193
56.77,1.623,-0.073,1.566,4.163,-0.238,4.192
56.78,1.479,-0.074,1.564,4.299,-0.237,4.194
56.79,1.494,-0.073,1.564,4.177,-0.237,4.193
56.80,1.665,-0.074,1.565,4.423,-0.238,4.196
56.81,1.742,-0.075,1.566,4.126,-0.239,4.194
56.82,1.422,-0.076,1.563,4.210,-0.240,4.193
56.83,1.530,-0.077,1.562,4.369,-0.241,4.195
56.84,1.660,-0.076,1.564,4.193,-0.239,4.196
56.85,1.510,-0.077,1.563,4.022,-0.240,4.193
56.86,1.831,-0.077,1.566,4.222,-0.241,4.193
56.87,1.357,-0.077,1.563,4.178,-0.240,4.193
56.88,1.422,-0.078,1.561,4.229,-0.240,4.193
56.89,1.523,-0.077,1.561,4.433,-0.241,4.196
56.90,1.739,-0.078,1.563,4.338,-0.242,4.197
56.91,1.335,-0.077,1.561,3.995,-0.241,4.195
56.92,1.533,-0.075,1.563,4.258,-0.241,4.196
56.93,1.746,-0.076,1.565,3.992,-0.242,4.192
56.94,1.482,-0.076,1.564,4.305,-0.243,4.193
56.95,1.601,-0.073,1.567,4.037,-0.245,4.189
56.96,1.620,-0.073,1.567,3.948,-0.244,4.186
56.97,1.775,-0.073,1.570,4.374,-0.245,4.189
56.98,1.454,-0.073,1.569,4.349,-0.243,4.192
56.99,1.436,-0.075,1.566,4.297,-0.245,4.192
57.00,1.569,-0.074,1.567,3.995,-0.245,4.189
57.01,1.765,-0.075,1.569,4.107,-0.245,4.188
57.02,1.619,-0.076,1.568,4.320,-0.244,4.190
57.03,1.474,-0.075,1.568,4.107,-0.245,4.188
57.04,1.656,-0.075,1.569,4.342,-0.244,4.191
57.05,1.698,-0.075,1.571,4.149,-0.245,4.190
57.06,1.562,-0.078,1.569,4.437,-0.244,4.194
57.07,1.397,-0.078,1.566,4.616,-0.246,4.198
57.08,1.621,-0.078,1.567,4.326,-0.245,4.200
57.09,1.581,-0.079,1.566,4.148,-0.247,4.198
57.10,1.496,-0.078,1.566,4.375,-0.246,4.202
57.11,1.708,-0.078,1.569,4.357,-0.247,4.203
57.12,1.819,-0.078,1.572,4.069,-0.249,4.199
57.13,1.563,-0.079,1.571,4.054,-0.249,4.197
57.14,1.567,-0.078,1.572,3.979,-0.249,4.195
57.15,1.700,-0.079,1.573,3.807,-0.249,4.189
57.16,1.741,-0.079,1.576,4.362,-0.250,4.190
57.17,1.485,-0.078,1.575,4.274,-0.251,4.191
57.18,1.669,-0.077,1.577,4.261,-0.251,4.192
57.19,1.711,-0.080,1.576,4.012,-0.250,4.190
57.20,1.617,-0.078,1.579,4.532,-0.249,4.195
57.21,1.583,-0.078,1.579,3.849,-0.248,4.192
57.22,1.456,-0.079,1.577,4.301,-0.249,4.192
57.23,1.495,-0.080,1.575,4.356,-0.250,4.194
57.24,1.669,-0.080,1.576,4.262,-0.250,4.195
57.25,1.633,-0.081,1.576,4.078,-0.249,4.194
57.26,1.690,-0.080,1.579,4.182,-0.249,4.195
57.27,1.435,-0.081,1.577,4.165,-0.247,4.196
57.28,1.682,-0.080,1.579,4.151,-0.247,4.196
57.29,1.533,-0.079,1.580,4.332,-0.247,4.197
57.30,1.611,-0.079,1.580,3.987,-0.247,4.195
57.31,1.680,-0.079,1.582,4.485,-0.246,4.199
57.32,1.529,-0.079,1.581,4.214,-0.248,4.197
57.33,1.816,-0.080,1.584,4.354,-0.249,4.199
57.34,1.451,-0.082,1.581,4.130,-0.248,4.199
57.35,1.458,-0.081,1.579,4.149,-0.249,4.197
57.36,1.443,-0.081,1.578,3.942,-0.250,4.193
57.37,1.672,-0.081,1.579,4.086,-0.250,4.192
57.38,1.649,-0.082,1.580,4.081,-0.250,4.190
57.39,1.843,-0.081,1.584,4.369,-0.252,4.191
57.40,1.457,-0.082,1.582,4.263,-0.252,4.192
57.41,1.425,-0.082,1.580,4.475,-0.251,4.196
57.42,1.342,-0.081,1.578,4.379,-0.252,4.198
57.43,1.774,-0.082,1.580,4.239,-0.251,4.199
57.44,1.554,-0.081,1.580,3.719,-0.252,4.192
57.45,1.730,-0.082,1.581,4.292,-0.252,4.193
57.46,1.501,-0.083,1.580,4.055,-0.253,4.191
57.47,1.747,-0.084,1.581,4.063,-0.252,4.190
57.48,1.600,-0.085,1.581,4.009,-0.252,4.188
57.49,1.570,-0.086,1.580,3.803,-0.254,4.181
57.50,1.453,-0.089,1.576,4.137,-0.254,4.180
57.51,1.640,-0.088,1.578,4.239,-0.254,4.181
57.52,1.606,-0.089,1.577,4.024,-0.255,4.178
57.53,1.753,-0.088,1.581,4.683,-0.255,4.184
57.54,1.535,-0.087,1.581,4.262,-0.255,4.186
57.55,1.710,-0.088,1.582,4.423,-0.255,4.189
57.56,1.695,-0.090,1.582,4.304,-0.254,4.191
57.57,1.665,-0.089,1.585,4.205,-0.253,4.192
57.58,1.496,-0.089,1.583,4.667,-0.253,4.199
57.59,1.691,-0.090,1.584,4.146,-0.253,4.199
57.60,1.674,-0.089,1.586,4.032,-0.252,4.197
57.61,1.378,-0.090,1.583,4.236,-0.252,4.198
57.62,1.544,-0.090,1.583,4.030,-0.253,4.194
57.63,1.666,-0.090,1.583,4.233,-0.254,4.194
57.64,1.490,-0.090,1.583,4.369,-0.253,4.197
57.65,1.576,-0.090,1.583,4.306,-0.252,4.200
57.66,1.438,-0.091,1.580,4.323,-0.252,4.202
57.67,1.638,-0.091,1.582,4.640,-0.252,4.208
57.68,1.699,-0.091,1.583,4.152,-0.252,4.206
57.69,1.737,-0.091,1.585,4.297,-0.252,4.208
57.70,1.491,-0.091,1.584,4.152,-0.253,4.207
57.71,1.498,-0.093,1.581,4.236,-0.252,4.208
57.72,1.376,-0.091,1.581,4.408,-0.255,4.208
57.73,1.386,-0.092,1.577,4.495,-0.256,4.211
57.74,1.512,-0.092,1.577,4.025,-0.256,4.209
57.75,1.901,-0.094,1.579,4.280,-0.255,4.211
57.76,1.616,-0.095,1.579,4.522,-0.254,4.216
57.77,1.886,-0.093,1.585,4.050,-0.254,4.214
57.78,1.660,-0.094,1.586,4.001,-0.254,4.212
57.79,1.404,-0.093,1.585,4.254,-0.253,4.213
57.80,1.897,-0.091,1.590,3.983,-0.254,4.209
57.81,1.524,-0.088,1.593,4.259,-0.253,4.211
57.82,1.941,-0.085,1.601,4.071,-0.255,4.208
57.83,1.234,-0.085,1.596,4.190,-0.256,4.207
57.84,1.361,-0.086,1.593,4.046,-0.255,4.205
57.85,1.239,-0.085,1.589,4.523,-0.254,4.210
57.86,1.707,-0.084,1.592,4.365,-0.255,4.212
57.87,1.531,-0.083,1.592,4.135,-0.255,4.211
57.88,1.702,-0.083,1.594,4.327,-0.255,4.213
57.89,1.631,-0.084,1.593,4.412,-0.255,4.216
57.90,1.732,-0.084,1.595,3.895,-0.256,4.210
57.91,1.663,-0.083,1.597,3.984,-0.257,4.207
57.93,1.652,-0.084,1.598,4.114,-0.257,4.206
57.94,1.486,-0.085,1.595,4.164,-0.256,4.206
57.95,1.662,-0.086,1.596,4.112,-0.257,4.204
57.96,1.828,-0.087,1.598,4.382,-0.257,4.206
57.97,1.765,-0.088,1.599,4.316,-0.258,4.207
57.98,1.600,-0.088,1.600,4.134,-0.258,4.206
57.99,1.462,-0.088,1.598,4.159,-0.258,4.206
58.00,1.772,-0.088,1.601,4.335,-0.259,4.207
58.01,1.621,-0.088,1.601,4.292,-0.259,4.208
58.02,1.565,-0.088,1.602,4.279,-0.259,4.208
58.03,1.613,-0.087,1.603,4.281,-0.260,4.209
58.04,1.569,-0.087,1.602,4.153,-0.260,4.208
58.05,1.759,-0.086,1.605,4.082,-0.260,4.206
58.06,1.603,-0.086,1.606,4.089,-0.260,4.205
58.07,1.735,-0.089,1.605,4.046,-0.260,4.203
58.08,1.637,-0.089,1.605,4.317,-0.258,4.206
58.09,1.991,-0.088,1.612,4.209,-0.257,4.208
58.10,1.834,-0.088,1.615,4.070,-0.257,4.206
58.11,1.660,-0.089,1.615,4.203,-0.257,4.206
58.12,1.612,-0.088,1.617,4.353,-0.257,4.208
58.13,1.515,-0.086,1.618,4.152,-0.260,4.205
58.14,1.812,-0.086,1.621,4.285,-0.262,4.204
58.15,1.675,-0.086,1.621,4.398,-0.262,4.206
58.16,1.663,-0.087,1.622,4.405,-0.262,4.210
58.17,1.577,-0.086,1.622,4.358,-0.261,4.212
58.18,1.555,-0.086,1.621,4.067,-0.262,4.210
58.19,1.478,-0.084,1.622,4.160,-0.261,4.210
58.20,1.437,-0.086,1.617,4.310,-0.261,4.212
58.21,1.813,-0.086,1.621,4.639,-0.262,4.217
58.22,1.456,-0.083,1.622,4.257,-0.261,4.218
58.23,1.414,-0.080,1.622,4.133,-0.261,4.217
58.24,1.529,-0.082,1.620,3.947,-0.260,4.215
58.25,1.682,-0.082,1.621,4.281,-0.260,4.216
58.26,1.617,-0.080,1.623,4.098,-0.261,4.213
58.27,1.670,-0.081,1.623,3.901,-0.261,4.209
58.28,1.591,-0.080,1.624,4.174,-0.262,4.209
58.29,1.494,-0.079,1.623,4.284,-0.262,4.210
58.30,1.500,-0.078,1.623,4.108,-0.262,4.209
58.31,1.762,-0.077,1.626,4.453,-0.262,4.212
58.32,1.427,-0.077,1.623,4.312,-0.263,4.212
58.33,1.444,-0.076,1.623,4.037,-0.265,4.208
58.34,1.595,-0.075,1.624,4.096,-0.266,4.206
58.35,1.565,-0.075,1.623,4.033,-0.265,4.204
58.36,1.791,-0.074,1.627,4.209,-0.265,4.205
58.37,1.207,-0.073,1.623,3.931,-0.265,4.202
58.38,1.600,-0.071,1.624,4.396,-0.265,4.204
58.39,1.654,-0.070,1.626,4.094,-0.265,4.203
58.40,1.629,-0.070,1.626,4.382,-0.263,4.207
58.41,1.875,-0.068,1.632,4.084,-0.264,4.205
58.42,1.491,-0.067,1.631,4.479,-0.264,4.209
58.43,1.797,-0.068,1.633,4.116,-0.264,4.208
58.44,1.409,-0.068,1.630,4.334,-0.263,4.210
58.45,1.571,-0.069,1.628,3.864,-0.265,4.204
58.46,1.678,-0.069,1.629,4.076,-0.264,4.203
58.47,1.533,-0.070,1.627,4.308,-0.266,4.203
58.48,1.396,-0.072,1.623,4.092,-0.264,4.204
58.49,1.529,-0.072,1.622,4.508,-0.263,4.209
58.50,1.616,-0.072,1.622,4.156,-0.263,4.208
58.51,1.511,-0.070,1.622,4.217,-0.263,4.208
58.52,1.501,-0.070,1.621,4.188,-0.265,4.206
58.53,1.515,-0.073,1.617,4.151,-0.264,4.206
58.54,1.506,-0.073,1.616,4.405,-0.265,4.208
58.55,1.561,-0.072,1.616,4.300,-0.265,4.209
58.56,1.521,-0.072,1.614,4.058,-0.266,4.207
58.57,1.747,-0.070,1.618,3.917,-0.266,4.203
58.58,1.451,-0.070,1.616,4.272,-0.267,4.203
58.59,1.629,-0.068,1.618,4.044,-0.267,4.201
58.60,1.435,-0.068,1.616,4.145,-0.267,4.201
58.61,1.640,-0.068,1.617,4.276,-0.268,4.200
58.62,1.388,-0.067,1.615,4.322,-0.269,4.202
58.63,1.403,-0.069,1.611,4.102,-0.269,4.200
58.64,1.569,-0.069,1.610,4.018,-0.269,4.198
58.65,1.471,-0.069,1.608,4.059,-0.269,4.196
58.66,1.510,-0.068,1.608,3.779,-0.269,4.190
58.67,1.808,-0.069,1.610,3.998,-0.270,4.187
58.68,1.669,-0.068,1.612,4.326,-0.269,4.190
58.69,1.483,-0.067,1.611,4.184,-0.269,4.190
58.70,1.741,-0.067,1.613,4.328,-0.271,4.190
58.71,1.711,-0.068,1.613,4.525,-0.272,4.194
58.72,1.507,-0.069,1.611,3.820,-0.272,4.189
58.73,1.497,-0.070,1.609,3.782,-0.272,4.183
58.74,1.842,-0.070,1.611,4.053,-0.271,4.182
58.75,1.682,-0.070,1.613,4.236,-0.272,4.183
58.76,1.736,-0.067,1.617,4.231,-0.271,4.184
58.77,1.711,-0.067,1.619,4.257,-0.271,4.185
58.78,1.479,-0.068,1.617,4.233,-0.273,4.184
58.79,1.585,-0.068,1.616,4.223,-0.273,4.184
58.80,1.494,-0.066,1.617,3.968,-0.274,4.181
58.81,1.601,-0.067,1.616,4.397,-0.273,4.184
58.82,1.910,-0.066,1.620,4.717,-0.272,4.192
58.83,1.683,-0.065,1.623,4.164,-0.273,4.191
58.84,1.537,-0.066,1.621,4.488,-0.272,4.196
58.85,1.392,-0.064,1.620,4.122,-0.271,4.196
58.86,1.672,-0.064,1.620,4.160,-0.271,4.195
58.87,1.432,-0.066,1.616,4.095,-0.272,4.193
58.88,1.456,-0.065,1.615,4.051,-0.270,4.194
58.89,1.374,-0.064,1.613,4.307,-0.269,4.196
58.90,1.507,-0.065,1.611,4.135,-0.271,4.194
58.91,1.468,-0.064,1.610,3.920,-0.269,4.191
58.92,1.727,-0.063,1.612,4.244,-0.270,4.191
58.93,1.438,-0.062,1.611,4.142,-0.271,4.190
58.94,1.647,-0.060,1.614,3.967,-0.271,4.187
58.95,1.490,-0.060,1.612,4.438,-0.272,4.189
58.96,1.488,-0.059,1.611,4.061,-0.272,4.188
58.97,1.568,-0.061,1.609,4.199,-0.272,4.188
58.98,1.884,-0.061,1.613,4.081,-0.272,4.186
58.99,1.746,-0.062,1.613,4.381,-0.274,4.187
59.00,1.310,-0.061,1.610,4.185,-0.275,4.186
59.01,1.619,-0.063,1.609,4.337,-0.275,4.189
59.02,1.719,-0.064,1.609,4.032,-0.275,4.187
59.03,1.680,-0.066,1.609,4.023,-0.276,4.183
59.04,1.719,-0.069,1.607,4.131,-0.276,4.182
59.05,1.487,-0.069,1.605,4.363,-0.278,4.183
59.06,1.693,-0.071,1.605,4.248,-0.278,4.184
59.07,1.366,-0.071,1.602,4.122,-0.276,4.185
59.08,1.836,-0.071,1.604,4.197,-0.276,4.185
59.09,1.645,-0.073,1.603,4.289,-0.277,4.186
59.10,1.572,-0.074,1.602,4.454,-0.276,4.190
59.11,1.229,-0.075,1.596,4.160,-0.276,4.190
59.12,1.664,-0.075,1.597,4.044,-0.276,4.188
59.13,1.704,-0.076,1.598,4.155,-0.274,4.189
59.14,1.504,-0.076,1.597,4.257,-0.276,4.189
59.15,1.686,-0.072,1.602,4.002,-0.275,4.187
59.16,1.711,-0.074,1.601,4.769,-0.275,4.195
59.17,1.633,-0.074,1.602,3.860,-0.274,4.192
59.18,1.531,-0.072,1.603,4.420,-0.273,4.195
59.19,1.741,-0.073,1.604,4.026,-0.273,4.194
59.20,1.799,-0.072,1.607,4.406,-0.273,4.196
59.21,1.425,-0.072,1.605,3.958,-0.273,4.194
59.22,1.373,-0.072,1.602,4.097,-0.272,4.193
59.23,1.508,-0.071,1.602,3.897,-0.272,4.189
59.24,1.813,-0.072,1.604,4.296,-0.272,4.191
59.25,1.495,-0.072,1.602,4.264,-0.272,4.192
59.26,1.496,-0.072,1.601,3.930,-0.272,4.188
59.27,1.288,-0.071,1.598,4.098,-0.273,4.187
59.29,1.473,-0.071,1.596,4.367,-0.273,4.189
59.29,1.577,-0.072,1.595,4.375,-0.271,4.193
59.30,1.438,-0.073,1.592,4.002,-0.270,4.192
59.31,1.446,-0.072,1.591,4.193,-0.271,4.191
59.33,1.690,-0.073,1.592,4.570,-0.270,4.197
59.34,1.660,-0.072,1.594,4.153,-0.269,4.197
59.34,1.577,-0.072,1.593,4.549,-0.269,4.202
59.35,1.448,-0.073,1.590,4.050,-0.269,4.200
59.36,1.521,-0.072,1.590,4.157,-0.269,4.200
59.38,1.517,-0.073,1.589,4.248,-0.270,4.200
59.38,1.603,-0.073,1.589,4.200,-0.270,4.200
59.39,1.790,-0.074,1.590,3.939,-0.271,4.196
59.40,1.762,-0.075,1.592,4.185,-0.271,4.194
59.42,1.539,-0.076,1.590,4.385,-0.271,4.197
59.42,1.902,-0.076,1.594,4.599,-0.271,4.203
59.43,1.409,-0.077,1.590,3.983,-0.272,4.199
59.44,1.532,-0.077,1.590,4.304,-0.272,4.201
59.45,1.539,-0.076,1.590,4.064,-0.272,4.199
59.46,1.507,-0.075,1.590,4.328,-0.273,4.200
59.48,1.422,-0.072,1.590,4.210,-0.273,4.200
59.49,1.554,-0.073,1.590,3.955,-0.272,4.198
59.50,1.531,-0.075,1.587,4.025,-0.271,4.196
59.51,1.649,-0.075,1.587,4.369,-0.272,4.198
59.52,1.503,-0.076,1.585,4.146,-0.272,4.197
59.53,1.542,-0.076,1.585,4.196,-0.273,4.197
59.54,1.727,-0.075,1.587,3.923,-0.274,4.192
59.55,1.817,-0.077,1.588,4.165,-0.274,4.192
59.56,1.552,-0.076,1.589,4.379,-0.275,4.193
59.57,1.629,-0.076,1.589,4.154,-0.276,4.192
59.58,1.364,-0.077,1.586,4.169,-0.276,4.192
59.59,1.424,-0.078,1.582,4.091,-0.274,4.192
59.60,1.842,-0.077,1.586,4.307,-0.274,4.194
59.61,1.571,-0.076,1.587,4.108,-0.275,4.191
59.62,1.513,-0.076,1.586,4.514,-0.276,4.195
59.63,1.511,-0.075,1.586,4.180,-0.276,4.194
59.64,1.469,-0.076,1.584,4.354,-0.275,4.198
59.65,1.626,-0.077,1.583,4.239,-0.276,4.198
59.66,1.626,-0.076,1.585,4.197,-0.277,4.197
59.67,1.690,-0.075,1.587,4.181,-0.277,4.197
59.68,1.227,-0.073,1.585,4.237,-0.277,4.197
59.69,1.457,-0.073,1.583,4.111,-0.277,4.196
59.70,1.509,-0.072,1.583,3.874,-0.277,4.192
59.71,1.638,-0.074,1.582,3.970,-0.278,4.188
59.72,1.512,-0.075,1.579,4.074,-0.278,4.187
59.73,1.741,-0.074,1.582,4.278,-0.277,4.189
59.74,1.717,-0.073,1.585,4.270,-0.277,4.190
59.75,1.538,-0.071,1.586,4.221,-0.277,4.191
59.76,1.778,-0.068,1.592,4.392,-0.278,4.192
59.77,1.534,-0.070,1.590,4.159,-0.277,4.193
59.78,1.717,-0.073,1.587,4.126,-0.276,4.193
59.79,1.489,-0.076,1.583,4.245,-0.276,4.194
59.80,1.572,-0.075,1.585,4.270,-0.276,4.195
59.81,1.730,-0.074,1.587,4.082,-0.275,4.195
59.82,1.737,-0.075,1.588,4.610,-0.273,4.202
59.83,1.434,-0.073,1.588,4.588,-0.273,4.207
59.84,1.440,-0.072,1.587,4.229,-0.274,4.206
59.85,1.775,-0.074,1.588,4.083,-0.274,4.205
59.86,1.702,-0.074,1.589,4.018,-0.274,4.203
59.87,1.677,-0.075,1.589,4.030,-0.273,4.202
59.88,1.598,-0.076,1.589,4.306,-0.273,4.203
59.89,1.526,-0.075,1.589,4.312,-0.273,4.204
59.90,1.685,-0.075,1.590,3.986,-0.274,4.201
59.91,1.455,-0.075,1.588,4.233,-0.273,4.202
59.92,1.418,-0.074,1.587,4.049,-0.273,4.200
59.93,1.723,-0.075,1.587,4.234,-0.274,4.200
59.94,1.593,-0.077,1.586,4.394,-0.274,4.202
59.95,1.606,-0.076,1.587,4.040,-0.274,4.201
59.96,1.699,-0.075,1.589,3.890,-0.274,4.197
59.97,1.265,-0.076,1.584,4.153,-0.273,4.197
59.98,1.619,-0.077,1.584,4.513,-0.272,4.202
59.99,1.383,-0.078,1.580,4.144,-0.272,4.201
60.00,1.879,-0.079,1.583,4.201,-0.273,4.200
60.01,1.433,-0.080,1.580,4.352,-0.274,4.201
60.02,1.596,-0.080,1.580,4.278,-0.275,4.202
60.03,1.624,-0.079,1.582,4.176,-0.275,4.201
60.04,1.332,-0.078,1.580,4.418,-0.275,4.205
60.05,1.677,-0.078,1.580,4.342,-0.275,4.207
60.06,1.780,-0.077,1.584,4.316,-0.275,4.208
60.07,1.639,-0.076,1.586,4.322,-0.274,4.211
60.08,1.675,-0.077,1.586,3.869,-0.275,4.206
60.09,1.542,-0.075,1.587,4.210,-0.273,4.207
60.10,1.677,-0.075,1.589,4.090,-0.273,4.206
60.11,1.751,-0.077,1.589,4.366,-0.275,4.206
60.12,1.497,-0.076,1.589,3.879,-0.274,4.203
60.13,1.647,-0.076,1.590,4.303,-0.274,4.205
60.14,1.687,-0.076,1.591,4.114,-0.274,4.203
60.15,1.240,-0.075,1.587,4.094,-0.274,4.203
60.16,1.910,-0.075,1.592,4.040,-0.274,4.200
60.17,1.618,-0.075,1.591,4.268,-0.275,4.201
60.18,1.663,-0.077,1.590,4.334,-0.275,4.202
60.19,1.642,-0.076,1.592,4.138,-0.276,4.200
60.20,1.524,-0.077,1.591,4.183,-0.277,4.199
60.21,1.699,-0.078,1.591,4.252,-0.277,4.200
60.22,1.746,-0.076,1.595,4.137,-0.277,4.199
60.23,1.617,-0.076,1.596,4.158,-0.277,4.198
60.24,1.484,-0.074,1.596,4.290,-0.278,4.199
60.25,1.585,-0.076,1.594,4.261,-0.277,4.200
60.26,1.823,-0.076,1.597,4.179,-0.279,4.199
60.27,1.539,-0.075,1.597,4.105,-0.279,4.197
60.28,1.383,-0.075,1.594,4.099,-0.279,4.197
60.29,1.409,-0.078,1.589,4.345,-0.280,4.198
60.30,1.885,-0.076,1.595,4.231,-0.280,4.198
60.31,1.486,-0.075,1.595,4.213,-0.278,4.200
60.32,1.498,-0.076,1.592,3.725,-0.277,4.195
60.33,1.460,-0.075,1.591,4.201,-0.277,4.195
60.34,1.614,-0.077,1.589,4.140,-0.278,4.193
60.35,1.790,-0.079,1.591,4.316,-0.278,4.195
60.36,1.794,-0.080,1.592,4.505,-0.277,4.200
60.37,1.624,-0.079,1.594,4.359,-0.276,4.203
60.38,1.853,-0.079,1.598,4.357,-0.277,4.204
60.39,1.472,-0.079,1.596,4.050,-0.278,4.202
60.40,1.659,-0.078,1.598,4.275,-0.279,4.202
60.41,1.616,-0.078,1.598,4.171,-0.278,4.202
60.42,1.608,-0.077,1.599,4.020,-0.277,4.201
60.43,1.634,-0.077,1.600,4.349,-0.275,4.205
60.44,1.830,-0.073,1.607,4.229,-0.276,4.205
60.45,1.693,-0.074,1.607,4.357,-0.277,4.206
60.46,1.480,-0.075,1.604,3.888,-0.278,4.201
60.47,1.692,-0.076,1.605,4.174,-0.279,4.199
60.48,1.462,-0.076,1.602,4.517,-0.279,4.203
60.49,1.652,-0.077,1.603,3.857,-0.278,4.200
60.50,1.733,-0.075,1.606,4.695,-0.277,4.207
60.51,1.569,-0.077,1.604,4.103,-0.277,4.206
60.52,1.229,-0.077,1.599,4.007,-0.278,4.203
60.53,1.605,-0.076,1.600,4.316,-0.277,4.205
60.54,1.557,-0.075,1.600,4.267,-0.277,4.206
60.55,1.784,-0.073,1.605,4.347,-0.278,4.207
60.56,1.897,-0.072,1.610,3.933,-0.278,4.204
60.57,1.526,-0.074,1.607,4.033,-0.278,4.201
60.58,1.604,-0.075,1.606,4.322,-0.278,4.203
60.59,1.770,-0.077,1.606,4.003,-0.278,4.200
60.60,1.286,-0.078,1.601,4.119,-0.278,4.200
60.61,1.623,-0.078,1.602,4.054,-0.278,4.198
60.62,1.797,-0.077,1.605,4.211,-0.278,4.198
60.63,1.681,-0.078,1.606,4.254,-0.277,4.200
60.64,1.542,-0.079,1.604,4.425,-0.277,4.203
60.65,1.774,-0.080,1.605,4.348,-0.277,4.205
60.66,1.658,-0.082,1.604,4.065,-0.277,4.203
60.67,1.669,-0.082,1.605,4.107,-0.279,4.201
60.68,1.674,-0.079,1.608,4.541,-0.280,4.204
60.69,1.303,-0.077,1.607,4.077,-0.282,4.200
60.70,1.656,-0.079,1.606,4.219,-0.282,4.201
60.71,1.682,-0.080,1.606,4.152,-0.282,4.200
60.72,1.922,-0.079,1.611,3.993,-0.282,4.197
60.73,1.707,-0.080,1.611,4.256,-0.282,4.199
60.75,1.470,-0.083,1.606,4.383,-0.282,4.200
60.75,1.575,-0.083,1.606,4.252,-0.282,4.201
60.76,1.419,-0.082,1.605,4.414,-0.281,4.205
60.77,1.694,-0.083,1.606,4.262,-0.281,4.207
60.79,1.674,-0.083,1.606,4.143,-0.281,4.205
60.79,1.586,-0.085,1.605,4.098,-0.281,4.204
60.80,1.676,-0.086,1.605,4.232,-0.282,4.204
60.81,1.664,-0.085,1.606,4.322,-0.282,4.205
60.83,1.400,-0.087,1.602,4.120,-0.282,4.204
60.83,1.271,-0.088,1.597,4.476,-0.281,4.209
60.84,1.639,-0.086,1.599,4.170,-0.281,4.209
60.85,1.507,-0.086,1.598,4.039,-0.280,4.207
60.86,1.407,-0.086,1.596,4.205,-0.280,4.207
60.88,1.402,-0.085,1.594,4.220,-0.279,4.208
60.88,1.557,-0.085,1.594,4.048,-0.278,4.207
60.89,1.506,-0.084,1.594,4.109,-0.279,4.206
60.90,1.673,-0.081,1.598,4.296,-0.278,4.208
60.91,1.359,-0.080,1.596,4.352,-0.278,4.210
60.92,1.603,-0.080,1.596,4.224,-0.279,4.209
60.93,1.539,-0.081,1.594,4.251,-0.279,4.210
60.95,1.700,-0.080,1.596,4.130,-0.277,4.210
60.96,1.394,-0.079,1.595,4.195,-0.277,4.211
60.96,1.470,-0.078,1.594,4.565,-0.276,4.216
60.97,1.577,-0.078,1.594,4.113,-0.276,4.215
60.99,1.497,-0.077,1.594,4.161,-0.277,4.213
61.00,1.823,-0.076,1.598,4.336,-0.278,4.215
61.01,1.661,-0.076,1.599,4.086,-0.278,4.213
61.02,1.647,-0.075,1.600,4.186,-0.276,4.215
61.03,1.535,-0.075,1.599,4.011,-0.276,4.212
61.04,1.756,-0.076,1.601,3.992,-0.275,4.210
61.05,1.680,-0.075,1.602,4.167,-0.276,4.209
61.06,1.528,-0.077,1.600,4.430,-0.277,4.211
61.07,1.625,-0.077,1.600,4.044,-0.276,4.210
61.08,1.433,-0.077,1.597,4.331,-0.276,4.212
61.09,1.495,-0.076,1.597,4.181,-0.277,4.210
61.10,1.400,-0.075,1.596,4.311,-0.277,4.211
61.11,1.371,-0.075,1.593,4.008,-0.277,4.209
61.12,1.654,-0.076,1.592,4.337,-0.278,4.210
61.13,1.646,-0.073,1.596,3.928,-0.277,4.207
61.14,1.882,-0.073,1.600,4.335,-0.278,4.208
61.15,1.577,-0.072,1.601,3.847,-0.276,4.205
61.16,1.410,-0.073,1.598,4.287,-0.277,4.205
61.17,1.572,-0.073,1.597,4.170,-0.277,4.204
61.18,1.728,-0.073,1.599,4.162,-0.278,4.203
61.19,1.631,-0.071,1.601,4.497,-0.278,4.208
61.20,1.691,-0.072,1.602,4.305,-0.278,4.209
61.21,1.482,-0.072,1.599,4.136,-0.277,4.209
61.22,1.681,-0.074,1.599,4.254,-0.278,4.208
61.23,1.534,-0.075,1.597,4.262,-0.279,4.209
61.24,1.674,-0.075,1.598,4.069,-0.279,4.207
61.25,1.595,-0.077,1.596,4.022,-0.280,4.203
61.26,1.601,-0.079,1.594,4.162,-0.280,4.203
61.27,1.559,-0.079,1.594,3.993,-0.280,4.200
61.28,1.507,-0.080,1.592,4.048,-0.280,4.198
61.29,1.705,-0.079,1.594,4.192,-0.280,4.198
61.30,1.612,-0.079,1.594,4.339,-0.281,4.199
61.31,1.607,-0.078,1.596,4.473,-0.280,4.203
61.32,1.756,-0.077,1.598,3.978,-0.279,4.201
61.33,1.517,-0.078,1.596,3.989,-0.279,4.199
61.34,1.488,-0.079,1.595,4.188,-0.279,4.199
61.35,1.699,-0.079,1.596,4.108,-0.278,4.199
61.36,1.652,-0.079,1.596,4.029,-0.277,4.197
61.37,1.495,-0.080,1.594,3.996,-0.276,4.195
61.38,1.489,-0.081,1.592,4.380,-0.278,4.196
61.39,1.718,-0.082,1.593,4.359,-0.278,4.199
61.40,1.656,-0.084,1.591,4.002,-0.277,4.197
61.41,1.690,-0.084,1.593,4.579,-0.277,4.202
61.42,1.730,-0.084,1.595,4.351,-0.276,4.205
61.43,1.792,-0.083,1.599,4.306,-0.276,4.206
61.44,1.518,-0.083,1.597,4.344,-0.276,4.208
61.45,1.530,-0.084,1.595,4.300,-0.276,4.209
61.46,1.709,-0.085,1.596,4.252,-0.276,4.210
61.47,1.617,-0.085,1.596,4.241,-0.275,4.211
61.48,1.480,-0.085,1.595,4.081,-0.275,4.210
61.49,1.246,-0.084,1.591,4.414,-0.274,4.213
61.50,1.599,-0.083,1.592,4.129,-0.274,4.213
61.51,1.457,-0.085,1.588,4.139,-0.274,4.212
61.52,1.671,-0.086,1.589,4.425,-0.275,4.214
61.53,1.564,-0.087,1.587,4.223,-0.274,4.215
61.54,1.278,-0.088,1.583,4.170,-0.273,4.215
61.55,1.737,-0.089,1.584,4.284,-0.273,4.216
61.56,1.647,-0.089,1.585,4.210,-0.273,4.216
61.57,1.712,-0.089,1.586,4.161,-0.273,4.216
61.58,1.483,-0.089,1.585,4.289,-0.271,4.218
61.59,1.682,-0.090,1.585,4.054,-0.271,4.217
61.60,1.647,-0.089,1.587,4.621,-0.272,4.221
61.61,1.554,-0.089,1.586,4.031,-0.271,4.220
61.62,1.517,-0.089,1.586,4.316,-0.271,4.221
61.63,1.571,-0.089,1.585,4.351,-0.271,4.223
61.64,1.480,-0.089,1.584,4.140,-0.272,4.221
61.65,1.486,-0.088,1.584,3.924,-0.271,4.218
61.66,1.494,-0.087,1.583,4.161,-0.272,4.216
61.67,1.555,-0.086,1.584,4.057,-0.272,4.215
61.68,1.563,-0.088,1.582,4.245,-0.272,4.214
61.69,1.815,-0.090,1.583,3.941,-0.271,4.213
61.70,1.712,-0.090,1.584,3.965,-0.271,4.209
61.71,1.451,-0.091,1.582,4.266,-0.271,4.210
61.72,1.637,-0.092,1.582,4.165,-0.271,4.209
61.73,1.413,-0.090,1.581,4.152,-0.270,4.210
61.74,1.298,-0.090,1.577,4.095,-0.269,4.209
61.75,1.744,-0.089,1.581,4.239,-0.269,4.209
61.76,1.499,-0.090,1.579,4.275,-0.268,4.211
61.77,1.371,-0.087,1.579,4.395,-0.269,4.213
61.78,1.494,-0.088,1.577,4.321,-0.269,4.214
61.79,1.512,-0.089,1.575,4.219,-0.269,4.214
61.80,1.430,-0.090,1.572,4.342,-0.270,4.215
61.81,1.504,-0.090,1.571,4.113,-0.271,4.213
61.82,1.723,-0.091,1.572,4.140,-0.271,4.211
61.83,1.476,-0.091,1.570,4.070,-0.273,4.208
61.84,1.660,-0.091,1.572,4.228,-0.274,4.207
61.85,1.795,-0.090,1.576,4.349,-0.276,4.208
61.86,1.698,-0.090,1.578,4.391,-0.277,4.209
61.87,1.620,-0.090,1.577,4.072,-0.278,4.206
61.88,1.453,-0.091,1.575,4.127,-0.279,4.205
61.89,1.804,-0.091,1.578,4.529,-0.280,4.208
61.90,1.654,-0.091,1.579,4.212,-0.281,4.207
61.91,1.591,-0.090,1.581,4.230,-0.282,4.206
61.92,1.576,-0.090,1.581,3.978,-0.281,4.204
61.93,1.226,-0.091,1.574,4.103,-0.282,4.202
61.94,1.629,-0.091,1.575,3.995,-0.282,4.199
61.95,1.658,-0.090,1.578,4.224,-0.282,4.199
61.96,1.632,-0.090,1.578,3.883,-0.281,4.196
61.97,1.398,-0.090,1.576,4.098,-0.280,4.196
61.98,1.497,-0.091,1.573,4.111,-0.282,4.193
61.99,1.433,-0.092,1.570,3.964,-0.281,4.191
62.00,1.625,-0.092,1.571,4.553,-0.282,4.194
62.01,1.940,-0.093,1.575,4.429,-0.281,4.199
62.02,1.647,-0.095,1.575,3.953,-0.281,4.195
62.03,1.373,-0.094,1.573,4.340,-0.281,4.198
62.04,1.572,-0.093,1.573,4.294,-0.280,4.199
62.05,1.562,-0.092,1.574,4.299,-0.280,4.201
62.06,1.510,-0.092,1.573,3.851,-0.281,4.196
62.07,1.538,-0.091,1.574,3.826,-0.281,4.190
62.08,1.506,-0.089,1.575,4.069,-0.281,4.189
62.09,1.412,-0.089,1.572,4.294,-0.280,4.191
62.10,1.413,-0.089,1.570,4.027,-0.282,4.187
62.11,1.536,-0.090,1.569,4.098,-0.282,4.186
62.12,1.318,-0.089,1.567,4.205,-0.282,4.187
62.13,1.749,-0.090,1.568,4.287,-0.282,4.188
62.14,1.588,-0.088,1.570,4.148,-0.282,4.187
62.15,1.603,-0.087,1.571,4.052,-0.284,4.183
62.16,1.605,-0.088,1.571,4.096,-0.284,4.181
62.17,1.206,-0.088,1.566,4.190,-0.284,4.182
62.18,1.491,-0.088,1.565,4.011,-0.282,4.181
62.19,1.517,-0.090,1.563,4.292,-0.282,4.183
62.20,1.626,-0.090,1.563,4.088,-0.282,4.182
62.21,1.600,-0.091,1.563,4.346,-0.281,4.185
62.22,1.612,-0.091,1.563,4.244,-0.280,4.186
62.23,1.578,-0.091,1.563,4.041,-0.281,4.183
62.25,1.640,-0.090,1.565,4.085,-0.281,4.183
62.25,1.547,-0.090,1.565,4.162,-0.281,4.182
62.26,1.315,-0.088,1.563,4.503,-0.279,4.188
62.28,1.435,-0.088,1.562,4.105,-0.280,4.186
62.29,1.713,-0.087,1.565,4.116,-0.279,4.185
62.29,1.520,-0.088,1.562,4.263,-0.279,4.187
62.30,1.672,-0.090,1.562,4.162,-0.281,4.185
62.32,1.538,-0.090,1.561,4.229,-0.280,4.186
62.33,1.710,-0.091,1.563,4.160,-0.280,4.186
62.34,1.290,-0.090,1.560,4.085,-0.279,4.185
62.35,1.546,-0.089,1.561,4.336,-0.279,4.187
62.36,1.722,-0.089,1.563,4.148,-0.279,4.187
62.37,1.707,-0.088,1.565,4.256,-0.279,4.187
62.37,1.570,-0.087,1.566,4.215,-0.279,4.188
62.38,1.719,-0.087,1.568,4.396,-0.279,4.190
62.40,1.351,-0.087,1.565,4.210,-0.278,4.191
62.41,1.481,-0.088,1.564,4.093,-0.279,4.190
62.42,1.621,-0.087,1.565,4.144,-0.279,4.189
62.43,1.412,-0.086,1.564,3.975,-0.279,4.186
62.43,1.580,-0.085,1.565,4.018,-0.279,4.184
62.45,1.885,-0.086,1.568,4.367,-0.278,4.187
62.46,1.629,-0.084,1.570,4.187,-0.278,4.187
62.46,1.536,-0.083,1.571,3.914,-0.279,4.183
62.48,1.704,-0.084,1.572,4.054,-0.279,4.180
62.49,1.449,-0.084,1.570,4.231,-0.278,4.182
62.50,1.499,-0.083,1.570,4.130,-0.278,4.181
62.51,1.741,-0.082,1.573,4.210,-0.280,4.179
62.52,1.543,-0.080,1.575,4.309,-0.280,4.181
62.53,1.503,-0.080,1.574,4.160,-0.280,4.181
62.54,1.696,-0.081,1.574,4.231,-0.281,4.181
62.55,1.565,-0.085,1.570,4.469,-0.280,4.185
62.56,1.734,-0.086,1.571,4.360,-0.280,4.188
62.57,1.354,-0.086,1.568,4.352,-0.280,4.190
62.58,1.699,-0.088,1.568,4.442,-0.280,4.193
62.59,1.508,-0.089,1.566,4.065,-0.280,4.191
62.60,1.551,-0.090,1.565,4.215,-0.281,4.190
62.61,1.444,-0.091,1.563,3.859,-0.280,4.187
62.62,1.722,-0.089,1.566,4.488,-0.280,4.191
62.63,1.707,-0.091,1.566,4.454,-0.281,4.194
62.64,1.712,-0.091,1.568,4.040,-0.281,4.191
62.65,1.588,-0.093,1.566,4.487,-0.281,4.195
62.66,1.575,-0.091,1.569,4.108,-0.281,4.194
62.67,1.493,-0.091,1.567,4.100,-0.282,4.192
62.68,1.528,-0.093,1.565,4.556,-0.281,4.198
62.69,1.545,-0.093,1.564,4.041,-0.281,4.196
62.70,1.679,-0.093,1.566,4.165,-0.281,4.195
62.71,1.699,-0.092,1.568,3.824,-0.281,4.190
62.72,1.615,-0.093,1.568,4.134,-0.282,4.189
62.73,1.490,-0.092,1.568,3.973,-0.283,4.185
62.74,1.688,-0.093,1.569,4.445,-0.282,4.190
62.75,1.662,-0.094,1.569,4.419,-0.281,4.194
62.76,1.827,-0.091,1.576,4.102,-0.283,4.191
62.77,1.611,-0.089,1.577,4.099,-0.282,4.190
62.78,1.517,-0.089,1.577,4.121,-0.283,4.189
62.79,1.260,-0.088,1.574,4.100,-0.281,4.189
62.80,1.777,-0.088,1.577,4.345,-0.281,4.191
62.81,1.493,-0.088,1.575,4.342,-0.282,4.192
62.82,1.680,-0.088,1.576,4.148,-0.282,4.192
62.83,1.597,-0.088,1.577,4.544,-0.284,4.194
62.84,1.693,-0.086,1.581,4.264,-0.283,4.196
62.85,1.469,-0.088,1.577,4.118,-0.283,4.195
62.86,1.749,-0.089,1.579,4.094,-0.282,4.195
62.87,1.821,-0.088,1.582,4.031,-0.282,4.192
62.88,1.268,-0.088,1.578,4.256,-0.281,4.194
62.89,1.782,-0.088,1.581,4.379,-0.281,4.196
62.90,1.647,-0.091,1.579,3.943,-0.280,4.195
62.91,1.691,-0.091,1.580,4.157,-0.279,4.195
62.92,1.839,-0.092,1.583,4.166,-0.279,4.195
62.93,1.458,-0.092,1.582,4.184,-0.278,4.195
62.94,1.495,-0.093,1.580,4.213,-0.278,4.196
62.95,1.696,-0.092,1.582,4.110,-0.278,4.195
62.96,1.561,-0.093,1.581,4.412,-0.277,4.198
62.97,1.512,-0.094,1.579,4.014,-0.277,4.196
62.98,1.335,-0.095,1.574,4.330,-0.278,4.197
62.99,1.615,-0.096,1.574,4.109,-0.278,4.196
63.00,1.438,-0.095,1.573,3.736,-0.276,4.191
63.01,1.702,-0.095,1.575,4.018,-0.276,4.189
63.02,1.649,-0.093,1.578,4.527,-0.275,4.194
63.03,1.430,-0.091,1.579,4.133,-0.275,4.194
63.04,1.490,-0.092,1.576,4.605,-0.277,4.197
63.05,1.633,-0.090,1.579,4.028,-0.277,4.195
63.06,1.552,-0.089,1.579,4.185,-0.277,4.195
63.07,1.698,-0.091,1.579,4.225,-0.276,4.196
63.08,1.591,-0.091,1.580,4.362,-0.275,4.199
63.09,1.565,-0.089,1.581,3.983,-0.276,4.196
63.10,1.593,-0.091,1.579,4.092,-0.277,4.193
63.11,1.797,-0.090,1.584,4.270,-0.277,4.194
63.12,1.705,-0.091,1.584,4.384,-0.277,4.196
63.13,1.509,-0.091,1.583,4.042,-0.277,4.195
63.14,1.582,-0.089,1.585,4.346,-0.276,4.197
63.15,1.596,-0.090,1.584,4.351,-0.277,4.199
63.16,1.388,-0.089,1.583,4.429,-0.279,4.200
63.17,1.320,-0.088,1.580,4.219,-0.278,4.201
63.18,1.337,-0.088,1.576,4.143,-0.277,4.201
63.19,1.252,-0.087,1.573,4.293,-0.277,4.202
63.20,1.584,-0.087,1.573,4.418,-0.278,4.204
63.21,1.757,-0.084,1.579,4.307,-0.277,4.206
63.22,1.641,-0.086,1.578,4.147,-0.279,4.204
63.23,1.338,-0.088,1.573,4.172,-0.280,4.203
63.24,1.623,-0.089,1.573,4.383,-0.281,4.204
63.25,1.684,-0.089,1.574,4.383,-0.282,4.206
63.26,1.406,-0.090,1.571,4.334,-0.282,4.207
63.27,1.585,-0.090,1.570,4.119,-0.282,4.206
63.28,1.605,-0.092,1.569,4.492,-0.282,4.210
63.29,1.605,-0.092,1.569,4.423,-0.282,4.213
63.30,1.483,-0.094,1.566,4.316,-0.282,4.214
63.31,1.535,-0.095,1.565,4.418,-0.283,4.217
63.32,1.653,-0.096,1.565,3.943,-0.283,4.213
63.33,1.647,-0.095,1.567,4.404,-0.283,4.215
63.34,1.336,-0.095,1.564,4.130,-0.283,4.214
63.35,1.958,-0.094,1.570,4.217,-0.283,4.214
63.36,1.671,-0.095,1.570,4.292,-0.285,4.214
63.37,1.727,-0.096,1.572,4.135,-0.285,4.213
63.38,1.867,-0.095,1.577,4.225,-0.286,4.213
63.39,1.587,-0.095,1.577,3.785,-0.287,4.206
63.40,1.348,-0.097,1.572,4.340,-0.287,4.208
63.41,1.600,-0.096,1.573,4.287,-0.287,4.209
63.42,1.663,-0.096,1.574,4.356,-0.286,4.212
63.43,1.659,-0.095,1.577,4.167,-0.287,4.210
63.44,1.653,-0.096,1.577,4.270,-0.288,4.211
63.45,1.510,-0.096,1.575,4.262,-0.287,4.212
63.46,1.473,-0.095,1.575,4.057,-0.287,4.210
63.47,1.583,-0.092,1.578,4.257,-0.288,4.210
63.48,1.858,-0.093,1.581,4.072,-0.288,4.208
63.49,1.528,-0.095,1.578,4.220,-0.289,4.207
63.50,1.617,-0.096,1.578,4.400,-0.289,4.210
63.51,1.741,-0.098,1.578,4.183,-0.290,4.209
63.52,1.601,-0.098,1.579,4.111,-0.289,4.208
63.53,1.601,-0.097,1.580,4.422,-0.290,4.211
63.54,1.576,-0.095,1.582,4.330,-0.290,4.213
63.55,1.747,-0.096,1.583,3.930,-0.291,4.208
63.56,1.672,-0.095,1.586,4.221,-0.289,4.210
63.57,1.607,-0.093,1.588,4.256,-0.289,4.211
63.58,1.770,-0.094,1.589,4.337,-0.288,4.213
63.59,1.722,-0.093,1.592,4.429,-0.289,4.216
63.60,1.759,-0.093,1.595,4.215,-0.289,4.216
63.61,1.730,-0.093,1.596,4.073,-0.288,4.215
63.62,1.547,-0.094,1.595,4.475,-0.289,4.218
63.63,1.512,-0.093,1.595,4.242,-0.290,4.218
63.64,1.397,-0.092,1.593,3.809,-0.290,4.212
63.65,1.606,-0.091,1.595,4.361,-0.290,4.214
63.66,1.466,-0.089,1.595,4.602,-0.290,4.220
63.67,1.618,-0.089,1.595,4.341,-0.289,4.222
63.68,1.664,-0.089,1.597,3.828,-0.289,4.217
63.69,1.417,-0.088,1.596,4.233,-0.290,4.217
63.70,1.582,-0.087,1.596,4.398,-0.290,4.219
63.71,1.491,-0.087,1.594,4.118,-0.291,4.217
63.72,1.604,-0.086,1.596,4.406,-0.291,4.220
63.73,1.507,-0.086,1.594,4.207,-0.290,4.220
63.75,1.438,-0.083,1.596,4.357,-0.291,4.222
63.76,1.590,-0.083,1.596,4.266,-0.291,4.222
63.77,1.772,-0.084,1.597,4.307,-0.291,4.223
63.78,1.435,-0.084,1.595,4.009,-0.291,4.221
63.79,1.454,-0.081,1.596,4.310,-0.291,4.222
63.80,1.432,-0.079,1.596,4.379,-0.291,4.224
63.81,1.618,-0.080,1.596,4.235,-0.292,4.224
63.82,1.490,-0.077,1.597,4.333,-0.292,4.225
63.83,1.470,-0.074,1.598,3.997,-0.293,4.221
63.84,1.556,-0.072,1.599,4.373,-0.295,4.222
63.85,1.515,-0.072,1.599,3.914,-0.295,4.218
63.86,1.477,-0.073,1.596,4.453,-0.296,4.220
63.87,1.954,-0.073,1.601,4.167,-0.297,4.219
63.87,1.588,-0.073,1.600,4.454,-0.298,4.221
63.89,1.518,-0.075,1.597,4.167,-0.299,4.220
63.90,1.708,-0.074,1.600,4.115,-0.299,4.218
63.91,1.719,-0.073,1.602,4.530,-0.299,4.223
63.92,1.658,-0.073,1.603,4.232,-0.297,4.225
63.93,1.560,-0.073,1.603,4.096,-0.297,4.224
63.94,1.533,-0.075,1.600,4.333,-0.297,4.225
63.95,1.557,-0.074,1.601,3.940,-0.298,4.221
63.96,1.651,-0.073,1.602,4.306,-0.299,4.221
63.97,1.437,-0.072,1.601,4.099,-0.299,4.219
63.98,1.779,-0.071,1.604,4.359,-0.300,4.220
63.99,1.358,-0.072,1.600,4.146,-0.302,4.218
64.00,1.638,-0.072,1.601,3.923,-0.301,4.216
64.01,1.480,-0.071,1.600,4.106,-0.301,4.214
64.01,1.729,-0.072,1.601,4.031,-0.301,4.211
64.03,1.569,-0.072,1.600,4.153,-0.300,4.212
64.04,1.590,-0.071,1.601,4.228,-0.301,4.212
64.05,1.486,-0.070,1.601,4.405,-0.302,4.213
64.06,1.876,-0.071,1.603,4.089,-0.302,4.212
64.07,1.669,-0.071,1.604,4.287,-0.303,4.212
64.08,1.470,-0.072,1.602,4.371,-0.304,4.213
64.09,1.580,-0.071,1.603,4.290,-0.304,4.215
64.10,1.668,-0.071,1.603,4.284,-0.304,4.216
64.11,1.637,-0.070,1.605,4.387,-0.303,4.219
64.12,1.452,-0.070,1.602,4.194,-0.304,4.218
64.13,1.547,-0.071,1.601,4.365,-0.305,4.219
64.14,1.645,-0.071,1.602,4.274,-0.306,4.219
64.15,1.760,-0.069,1.606,4.156,-0.303,4.221
64.16,1.494,-0.068,1.605,4.009,-0.304,4.218
64.17,1.550,-0.070,1.602,4.289,-0.305,4.218
64.18,1.932,-0.071,1.606,4.505,-0.306,4.221
64.19,1.724,-0.070,1.609,3.815,-0.306,4.216
64.20,1.680,-0.069,1.610,4.096,-0.306,4.215
64.21,1.599,-0.069,1.611,4.175,-0.304,4.216
64.22,1.660,-0.069,1.611,4.192,-0.304,4.216
64.23,1.374,-0.069,1.608,3.921,-0.304,4.212
64.24,1.695,-0.068,1.610,4.265,-0.303,4.214
64.25,1.609,-0.067,1.611,3.996,-0.304,4.210
64.26,1.397,-0.066,1.610,4.092,-0.305,4.208
64.27,1.481,-0.066,1.608,4.189,-0.304,4.208
64.28,1.480,-0.066,1.606,4.443,-0.304,4.212
64.29,1.727,-0.065,1.609,4.210,-0.304,4.212
64.30,1.600,-0.065,1.609,4.134,-0.303,4.213
64.31,1.520,-0.064,1.608,4.264,-0.303,4.213
64.32,1.387,-0.063,1.606,4.307,-0.302,4.215
64.33,1.536,-0.063,1.605,4.274,-0.303,4.216
64.34,1.693,-0.063,1.606,4.329,-0.304,4.216
64.35,1.243,-0.063,1.602,4.296,-0.306,4.215
64.36,1.679,-0.066,1.600,3.972,-0.307,4.211
64.37,1.509,-0.065,1.600,4.392,-0.308,4.213
64.38,1.649,-0.062,1.603,4.067,-0.307,4.212
64.39,1.645,-0.062,1.604,4.156,-0.307,4.211
64.40,1.487,-0.061,1.603,4.149,-0.307,4.211
64.41,1.598,-0.061,1.603,4.197,-0.307,4.210
64.42,1.812,-0.061,1.606,4.234,-0.306,4.212
64.43,1.546,-0.063,1.603,4.136,-0.305,4.212
64.44,1.642,-0.063,1.604,4.377,-0.305,4.215
64.45,1.678,-0.064,1.604,4.212,-0.308,4.212
64.46,1.475,-0.063,1.603,4.137,-0.308,4.211
64.47,1.531,-0.062,1.603,3.674,-0.309,4.203
64.48,1.772,-0.064,1.603,4.318,-0.309,4.204
64.49,1.583,-0.064,1.602,3.979,-0.309,4.202
64.50,1.566,-0.063,1.603,4.422,-0.309,4.205
64.51,1.347,-0.063,1.600,3.967,-0.308,4.203
64.52,1.843,-0.062,1.604,4.249,-0.309,4.202
64.53,1.517,-0.061,1.604,4.122,-0.309,4.201
64.54,1.682,-0.059,1.607,4.077,-0.310,4.199
64.55,1.520,-0.059,1.606,4.209,-0.309,4.201
64.56,1.544,-0.059,1.605,4.285,-0.309,4.202
64.57,1.396,-0.059,1.603,4.082,-0.309,4.200
64.58,1.316,-0.057,1.600,4.343,-0.310,4.201
64.59,1.637,-0.057,1.600,4.328,-0.311,4.201
64.60,1.738,-0.060,1.599,4.162,-0.311,4.202
64.61,1.757,-0.061,1.600,4.196,-0.312,4.200
64.62,1.569,-0.061,1.600,4.220,-0.314,4.199
64.63,1.542,-0.061,1.599,4.220,-0.314,4.199
64.64,1.503,-0.060,1.599,4.293,-0.315,4.200
64.65,1.602,-0.059,1.599,4.357,-0.314,4.203
64.66,1.620,-0.059,1.600,4.139,-0.314,4.202
64.67,1.374,-0.062,1.594,4.073,-0.312,4.202
64.68,1.803,-0.062,1.596,4.190,-0.312,4.202
64.69,1.505,-0.063,1.594,4.221,-0.312,4.202
64.70,1.603,-0.062,1.595,4.057,-0.311,4.201
64.71,1.802,-0.064,1.596,4.439,-0.312,4.204
64.72,1.675,-0.065,1.596,4.106,-0.312,4.203
64.73,1.652,-0.066,1.596,4.256,-0.313,4.202
64.74,1.675,-0.064,1.599,4.253,-0.312,4.204
64.75,1.367,-0.063,1.597,4.238,-0.313,4.204
64.76,1.657,-0.063,1.597,4.255,-0.313,4.205
64.77,1.542,-0.063,1.596,4.378,-0.314,4.207
64.78,1.303,-0.062,1.593,4.195,-0.313,4.207
64.79,1.556,-0.064,1.591,4.168,-0.313,4.207
64.80,1.586,-0.065,1.590,4.315,-0.314,4.208
64.81,1.678,-0.063,1.594,4.161,-0.313,4.208
64.82,1.831,-0.064,1.595,4.232,-0.313,4.209
64.83,1.737,-0.066,1.595,4.065,-0.313,4.206
64.84,1.435,-0.065,1.594,4.298,-0.314,4.207
64.85,1.725,-0.064,1.597,4.507,-0.315,4.210
64.86,1.490,-0.065,1.594,4.275,-0.314,4.212
64.87,1.533,-0.066,1.592,4.199,-0.312,4.214
64.88,1.464,-0.066,1.591,4.578,-0.313,4.218
64.89,1.776,-0.065,1.594,4.219,-0.313,4.218
64.90,1.421,-0.067,1.589,4.203,-0.311,4.220
64.91,1.207,-0.069,1.583,3.914,-0.311,4.216
64.92,1.809,-0.069,1.585,4.069,-0.311,4.215
64.93,1.514,-0.068,1.585,4.189,-0.310,4.215
64.94,1.515,-0.068,1.585,4.418,-0.310,4.218
64.95,1.512,-0.067,1.585,4.191,-0.309,4.219
64.96,1.583,-0.067,1.584,4.421,-0.308,4.223
64.97,1.652,-0.068,1.584,4.184,-0.309,4.222
64.98,1.691,-0.069,1.584,4.039,-0.310,4.218
64.99,1.873,-0.070,1.588,4.228,-0.311,4.218
65.00,1.853,-0.071,1.590,4.217,-0.311,4.218
65.01,1.727,-0.071,1.592,3.968,-0.311,4.214
65.02,1.717,-0.072,1.592,4.598,-0.311,4.220
65.03,1.575,-0.071,1.593,3.975,-0.311,4.217
65.04,1.726,-0.071,1.594,4.281,-0.311,4.218
65.05,1.505,-0.071,1.593,4.089,-0.311,4.216
65.06,1.470,-0.071,1.591,4.312,-0.311,4.217
65.07,1.540,-0.071,1.591,4.227,-0.311,4.217
65.08,1.532,-0.072,1.589,4.582,-0.310,4.223
65.09,1.506,-0.074,1.586,4.143,-0.312,4.221
65.10,1.664,-0.073,1.588,4.210,-0.311,4.222
65.11,1.482,-0.074,1.585,3.962,-0.312,4.218
65.12,1.694,-0.074,1.587,4.260,-0.313,4.217
65.13,1.507,-0.073,1.587,4.532,-0.314,4.221
65.14,1.540,-0.073,1.586,4.422,-0.313,4.225
65.16,1.436,-0.075,1.582,4.098,-0.313,4.223
65.16,1.646,-0.073,1.585,4.461,-0.313,4.227
65.17,1.404,-0.073,1.583,4.137,-0.314,4.225
65.18,1.577,-0.074,1.581,4.015,-0.313,4.223
65.19,1.551,-0.072,1.583,4.032,-0.313,4.221
65.20,1.518,-0.071,1.583,4.042,-0.314,4.217
65.21,1.581,-0.072,1.582,4.167,-0.316,4.215
65.22,1.494,-0.074,1.579,4.186,-0.315,4.215
65.23,1.631,-0.074,1.579,4.207,-0.315,4.215
65.24,1.962,-0.076,1.583,3.950,-0.316,4.211
65.25,1.538,-0.073,1.584,4.185,-0.317,4.210
65.26,1.494,-0.075,1.581,4.336,-0.317,4.212
65.27,1.428,-0.077,1.578,4.036,-0.317,4.210
65.29,1.541,-0.077,1.576,3.918,-0.317,4.206
65.30,1.600,-0.078,1.576,4.153,-0.315,4.207
65.31,1.460,-0.075,1.577,4.205,-0.315,4.208
65.32,1.697,-0.072,1.582,4.339,-0.314,4.210
65.33,1.866,-0.072,1.585,4.365,-0.314,4.213
65.34,1.564,-0.073,1.584,4.106,-0.313,4.212
65.35,1.436,-0.074,1.581,4.231,-0.312,4.213
65.36,1.381,-0.073,1.580,4.008,-0.311,4.212
65.37,1.376,-0.073,1.577,4.209,-0.312,4.211
65.38,1.525,-0.072,1.577,4.119,-0.313,4.209
65.39,1.662,-0.070,1.580,3.990,-0.314,4.205
65.40,1.375,-0.069,1.578,4.337,-0.314,4.207
65.41,1.539,-0.068,1.579,4.030,-0.314,4.205
65.42,1.679,-0.067,1.581,4.044,-0.314,4.203
65.43,1.534,-0.066,1.581,4.042,-0.314,4.201
65.44,1.665,-0.066,1.583,4.216,-0.313,4.202
65.45,1.342,-0.066,1.579,4.221,-0.313,4.203
65.46,1.698,-0.066,1.581,4.056,-0.313,4.200
65.47,1.285,-0.066,1.576,3.952,-0.313,4.197
65.48,1.731,-0.068,1.577,4.136,-0.313,4.196
65.49,1.680,-0.066,1.580,4.058,-0.313,4.194
65.50,1.384,-0.066,1.577,3.982,-0.313,4.192
65.51,1.577,-0.064,1.578,4.424,-0.311,4.197
65.52,1.682,-0.064,1.580,4.137,-0.310,4.197
65.53,1.818,-0.065,1.582,4.008,-0.311,4.194
65.54,1.624,-0.063,1.584,4.140,-0.311,4.193
65.55,1.402,-0.063,1.582,4.272,-0.311,4.194
65.56,1.678,-0.063,1.583,3.923,-0.310,4.191
65.57,1.595,-0.062,1.584,4.188,-0.309,4.192
65.58,1.851,-0.062,1.588,4.280,-0.310,4.193
65.59,1.499,-0.064,1.584,4.351,-0.310,4.194
65.60,1.769,-0.065,1.586,4.067,-0.310,4.192
65.61,1.346,-0.066,1.581,4.231,-0.310,4.193
65.62,1.520,-0.067,1.580,4.290,-0.310,4.194
65.63,1.728,-0.066,1.582,4.187,-0.311,4.193
65.64,1.668,-0.067,1.583,4.093,-0.309,4.193
65.65,1.653,-0.065,1.585,3.993,-0.310,4.191
65.66,1.641,-0.062,1.589,4.330,-0.311,4.191
65.67,1.776,-0.066,1.587,4.183,-0.312,4.190
65.68,1.311,-0.064,1.585,4.158,-0.313,4.189
65.69,1.494,-0.066,1.582,4.400,-0.312,4.192
65.70,1.584,-0.067,1.581,3.936,-0.312,4.189
65.71,1.393,-0.068,1.577,4.050,-0.312,4.187
65.72,1.506,-0.068,1.577,4.010,-0.312,4.184
65.73,1.589,-0.068,1.576,4.140,-0.313,4.184
65.74,1.497,-0.068,1.576,4.221,-0.313,4.183
65.75,1.595,-0.066,1.578,4.141,-0.314,4.182
65.76,1.779,-0.066,1.580,4.166,-0.315,4.181
65.77,1.492,-0.066,1.579,4.137,-0.316,4.179
65.78,1.230,-0.064,1.576,3.993,-0.315,4.177
65.79,1.806,-0.065,1.579,4.039,-0.317,4.173
65.80,1.810,-0.066,1.580,4.172,-0.318,4.173
65.81,1.618,-0.065,1.582,4.225,-0.318,4.173
65.82,1.656,-0.064,1.584,4.000,-0.320,4.169
65.83,1.472,-0.063,1.583,4.160,-0.319,4.170
65.84,1.454,-0.064,1.581,4.578,-0.319,4.174
65.85,1.758,-0.064,1.583,4.139,-0.318,4.175
65.86,1.841,-0.063,1.587,4.403,-0.318,4.178
65.87,1.577,-0.063,1.587,4.064,-0.319,4.176
65.88,1.474,-0.063,1.585,4.316,-0.319,4.178
65.89,1.653,-0.064,1.584,4.076,-0.319,4.176
65.90,1.626,-0.066,1.584,4.436,-0.320,4.178
65.91,1.270,-0.065,1.580,4.110,-0.320,4.177
65.92,1.659,-0.066,1.580,4.529,-0.321,4.182
65.93,1.495,-0.067,1.578,4.229,-0.321,4.181
65.94,1.556,-0.067,1.578,4.060,-0.321,4.180
65.95,1.529,-0.066,1.578,4.175,-0.322,4.179
65.96,1.415,-0.068,1.573,4.314,-0.322,4.180
65.97,1.993,-0.068,1.579,4.384,-0.321,4.185
65.98,1.597,-0.069,1.578,4.211,-0.320,4.186
65.99,1.641,-0.069,1.579,4.281,-0.321,4.186
66.00,1.754,-0.069,1.581,4.289,-0.323,4.186
66.01,1.527,-0.068,1.582,4.099,-0.323,4.184
66.02,1.581,-0.070,1.580,4.073,-0.321,4.185
66.03,1.748,-0.070,1.582,4.068,-0.319,4.186
66.04,1.630,-0.069,1.583,4.316,-0.318,4.188
66.05,1.874,-0.072,1.584,4.542,-0.317,4.193
66.06,1.612,-0.076,1.580,4.002,-0.318,4.190
66.07,1.659,-0.076,1.581,4.285,-0.317,4.192
66.08,1.711,-0.076,1.583,4.349,-0.318,4.194
66.09,1.599,-0.076,1.583,4.469,-0.317,4.198
66.10,1.429,-0.077,1.580,4.379,-0.317,4.201
66.11,1.486,-0.076,1.580,4.312,-0.316,4.203
66.12,1.464,-0.076,1.579,4.306,-0.317,4.204
66.13,1.458,-0.075,1.578,4.123,-0.318,4.202
66.14,1.709,-0.077,1.577,4.360,-0.317,4.204
66.15,1.477,-0.079,1.574,4.114,-0.317,4.204
66.16,1.709,-0.079,1.576,4.370,-0.318,4.205
66.17,1.535,-0.079,1.576,4.396,-0.318,4.207
66.18,1.798,-0.079,1.579,4.336,-0.319,4.209
66.19,1.562,-0.079,1.578,4.053,-0.319,4.207
66.20,1.520,-0.080,1.577,3.934,-0.319,4.203
66.21,1.338,-0.081,1.572,4.306,-0.318,4.205
66.22,1.599,-0.082,1.572,4.342,-0.318,4.208
66.23,1.511,-0.083,1.570,4.287,-0.318,4.208
66.24,1.465,-0.083,1.569,4.091,-0.318,4.207
66.25,1.683,-0.084,1.569,3.838,-0.319,4.201
66.26,1.547,-0.084,1.569,3.831,-0.320,4.195
66.27,1.664,-0.084,1.570,4.274,-0.321,4.196
66.28,1.592,-0.085,1.569,4.014,-0.320,4.194
66.29,1.540,-0.086,1.567,4.120,-0.319,4.194
66.30,1.561,-0.086,1.567,4.253,-0.321,4.193
66.31,1.521,-0.085,1.568,4.319,-0.321,4.195
66.32,1.595,-0.085,1.568,3.948,-0.319,4.193
66.33,1.463,-0.087,1.565,4.326,-0.320,4.195
66.34,1.722,-0.086,1.568,4.422,-0.319,4.199
66.35,1.654,-0.087,1.568,4.187,-0.320,4.197
66.36,1.490,-0.087,1.567,4.142,-0.320,4.196
66.37,1.527,-0.087,1.566,4.400,-0.320,4.200
66.38,1.758,-0.087,1.569,4.417,-0.320,4.203
66.39,1.445,-0.087,1.567,4.141,-0.319,4.203
66.40,1.663,-0.089,1.567,4.017,-0.320,4.200
66.41,1.754,-0.090,1.568,4.166,-0.321,4.198
66.42,1.845,-0.090,1.572,3.989,-0.321,4.195
66.43,1.771,-0.090,1.574,4.256,-0.321,4.196
66.44,1.551,-0.092,1.572,4.097,-0.321,4.195
66.45,1.570,-0.092,1.572,4.321,-0.321,4.196
66.46,1.782,-0.091,1.576,4.149,-0.321,4.196
66.47,1.727,-0.090,1.579,4.462,-0.322,4.199
66.48,1.582,-0.091,1.578,4.127,-0.321,4.199
66.49,1.363,-0.091,1.575,4.054,-0.320,4.198
66.50,1.246,-0.091,1.571,4.572,-0.319,4.203
66.51,1.447,-0.092,1.568,4.155,-0.319,4.203
66.52,1.683,-0.091,1.570,4.021,-0.318,4.202
66.53,1.550,-0.092,1.569,4.487,-0.318,4.205
66.54,1.321,-0.092,1.566,4.260,-0.319,4.206
66.55,1.493,-0.092,1.565,4.244,-0.318,4.207
66.56,1.776,-0.091,1.569,4.134,-0.318,4.206
66.57,1.569,-0.092,1.568,4.020,-0.318,4.204
66.58,1.536,-0.092,1.567,4.375,-0.318,4.206
66.59,1.549,-0.092,1.567,4.527,-0.318,4.210
66.60,1.535,-0.092,1.567,4.354,-0.318,4.213
66.61,1.579,-0.093,1.566,4.298,-0.318,4.214
66.62,1.503,-0.095,1.563,4.145,-0.318,4.213
66.63,1.517,-0.095,1.562,4.117,-0.317,4.213
66.64,1.565,-0.097,1.561,4.383,-0.317,4.215
66.65,1.771,-0.095,1.565,4.157,-0.317,4.215
66.66,1.410,-0.095,1.563,4.347,-0.318,4.216
66.67,1.650,-0.095,1.565,4.046,-0.317,4.214
66.68,1.735,-0.094,1.568,4.095,-0.317,4.213
66.70,1.202,-0.092,1.565,4.234,-0.316,4.214
66.70,1.684,-0.091,1.568,4.370,-0.318,4.214
66.72,1.468,-0.093,1.565,4.366,-0.319,4.216
66.73,1.635,-0.092,1.566,4.423,-0.319,4.218
66.74,1.808,-0.093,1.569,4.445,-0.318,4.222
66.74,1.686,-0.093,1.570,4.374,-0.318,4.225
66.75,1.410,-0.094,1.567,4.179,-0.319,4.223
66.77,1.408,-0.095,1.564,4.332,-0.319,4.225
66.78,1.552,-0.094,1.565,3.991,-0.320,4.221
66.78,1.425,-0.094,1.563,4.395,-0.320,4.224
66.79,1.626,-0.094,1.564,4.088,-0.320,4.222
66.80,1.850,-0.095,1.566,4.206,-0.320,4.222
66.82,1.450,-0.097,1.563,4.009,-0.319,4.220
66.83,1.405,-0.098,1.560,4.223,-0.321,4.219
66.84,1.752,-0.097,1.563,4.092,-0.320,4.218
66.85,1.756,-0.098,1.565,4.268,-0.321,4.218
66.86,1.604,-0.097,1.566,4.214,-0.321,4.218
66.87,1.694,-0.098,1.567,4.479,-0.320,4.223
66.88,1.624,-0.097,1.568,3.923,-0.320,4.219
66.89,1.457,-0.098,1.566,4.111,-0.321,4.216
66.90,1.628,-0.099,1.566,4.116,-0.323,4.213
66.91,1.444,-0.098,1.566,4.173,-0.323,4.213
66.92,1.431,-0.097,1.565,4.008,-0.323,4.211
66.93,1.723,-0.096,1.568,4.141,-0.324,4.209
66.94,1.439,-0.097,1.566,4.351,-0.324,4.210
66.95,1.635,-0.097,1.566,4.226,-0.324,4.211
66.96,1.560,-0.098,1.565,4.070,-0.325,4.208
66.97,1.706,-0.097,1.568,4.328,-0.325,4.210
66.98,1.456,-0.097,1.567,3.876,-0.325,4.205
66.99,1.428,-0.097,1.565,4.318,-0.324,4.208
67.00,1.464,-0.098,1.563,4.439,-0.322,4.213
67.01,1.489,-0.097,1.562,4.067,-0.321,4.212
67.02,1.835,-0.097,1.566,4.325,-0.320,4.215
67.03,1.698,-0.099,1.566,4.366,-0.320,4.218
67.04,1.376,-0.097,1.565,4.231,-0.320,4.218
67.05,1.424,-0.097,1.564,4.016,-0.320,4.215
67.06,1.580,-0.098,1.563,4.023,-0.322,4.211
67.07,1.731,-0.098,1.565,4.342,-0.322,4.212
67.08,1.363,-0.100,1.561,4.054,-0.325,4.208
67.09,1.607,-0.100,1.561,4.499,-0.325,4.211
67.10,1.317,-0.098,1.560,3.907,-0.324,4.208
67.11,1.468,-0.100,1.557,3.916,-0.324,4.205
67.12,1.730,-0.098,1.561,4.242,-0.323,4.206
67.13,1.627,-0.100,1.560,4.224,-0.324,4.206
67.14,1.717,-0.099,1.563,4.076,-0.324,4.204
67.15,1.755,-0.100,1.565,4.060,-0.325,4.201
67.16,1.463,-0.100,1.563,4.187,-0.325,4.201
67.17,1.680,-0.101,1.563,4.167,-0.325,4.201
67.18,1.604,-0.103,1.562,4.095,-0.325,4.199
67.19,1.500,-0.101,1.564,4.326,-0.327,4.199
67.20,1.520,-0.102,1.562,4.288,-0.327,4.200
67.21,1.623,-0.101,1.564,4.281,-0.327,4.202
67.22,1.476,-0.101,1.563,4.290,-0.326,4.203
67.23,1.686,-0.101,1.565,4.231,-0.327,4.203
67.24,1.751,-0.102,1.566,4.088,-0.328,4.201
67.25,1.845,-0.099,1.573,4.337,-0.327,4.203
67.26,1.421,-0.099,1.571,4.276,-0.327,4.205
67.27,1.533,-0.099,1.570,4.444,-0.328,4.207
67.28,1.535,-0.099,1.570,4.164,-0.327,4.208
67.29,1.493,-0.100,1.567,4.201,-0.326,4.208
67.30,1.456,-0.101,1.566,4.045,-0.326,4.206
67.31,1.658,-0.100,1.568,3.677,-0.326,4.200
67.32,1.288,-0.101,1.563,4.046,-0.326,4.198
67.33,1.723,-0.101,1.565,4.209,-0.324,4.199
67.34,1.529,-0.101,1.564,4.213,-0.324,4.200
67.35,1.462,-0.102,1.562,4.482,-0.325,4.203
67.36,1.452,-0.102,1.561,3.881,-0.325,4.199
67.37,1.569,-0.104,1.559,4.371,-0.324,4.202
67.38,1.784,-0.104,1.562,4.228,-0.324,4.202
67.39,1.593,-0.105,1.561,4.603,-0.324,4.207
67.40,1.551,-0.108,1.558,4.400,-0.326,4.208
67.41,1.629,-0.108,1.559,4.118,-0.327,4.206
67.42,1.567,-0.108,1.559,4.268,-0.328,4.206
67.43,1.668,-0.106,1.563,4.527,-0.329,4.210
67.44,1.424,-0.108,1.559,4.184,-0.330,4.208
67.45,1.508,-0.109,1.558,4.244,-0.330,4.209
67.46,1.731,-0.110,1.559,3.834,-0.329,4.204
67.47,1.626,-0.110,1.559,4.196,-0.329,4.205
67.48,1.767,-0.110,1.562,4.355,-0.330,4.206
67.49,1.550,-0.108,1.564,4.070,-0.329,4.205
67.50,1.681,-0.110,1.564,4.218,-0.330,4.205
67.51,1.615,-0.113,1.562,4.277,-0.330,4.205
67.52,1.764,-0.112,1.566,4.131,-0.330,4.204
67.53,1.793,-0.112,1.568,4.213,-0.330,4.205
67.54,1.578,-0.114,1.567,4.309,-0.330,4.206
67.55,1.650,-0.114,1.569,4.370,-0.332,4.207
67.56,1.518,-0.116,1.565,4.463,-0.332,4.210
67.57,1.640,-0.116,1.566,4.127,-0.331,4.210
67.58,1.642,-0.115,1.569,4.051,-0.332,4.207
67.59,1.607,-0.113,1.572,4.151,-0.333,4.206
67.60,1.571,-0.113,1.572,4.075,-0.332,4.205
67.61,1.380,-0.110,1.572,4.050,-0.332,4.203
67.62,1.574,-0.108,1.574,4.156,-0.334,4.201
67.63,1.615,-0.110,1.573,4.218,-0.335,4.199
67.64,1.786,-0.108,1.578,4.508,-0.337,4.202
67.65,1.398,-0.107,1.576,4.064,-0.336,4.201
67.66,1.707,-0.109,1.577,4.068,-0.336,4.199
67.67,1.637,-0.109,1.578,4.086,-0.338,4.197
67.68,1.432,-0.110,1.575,4.278,-0.337,4.198
67.69,1.809,-0.111,1.577,4.059,-0.336,4.197
67.70,1.991,-0.110,1.583,4.161,-0.337,4.196
67.71,1.523,-0.108,1.585,4.240,-0.338,4.196
67.72,1.601,-0.110,1.584,4.265,-0.340,4.195
67.73,1.599,-0.112,1.582,4.131,-0.340,4.195
67.74,1.394,-0.113,1.579,4.078,-0.340,4.193
67.75,1.596,-0.114,1.578,4.250,-0.339,4.194
67.76,1.561,-0.114,1.578,3.925,-0.338,4.192
67.77,1.628,-0.112,1.580,4.067,-0.339,4.189
67.78,1.401,-0.114,1.577,4.403,-0.340,4.191
67.79,1.836,-0.113,1.581,4.242,-0.340,4.192
67.80,1.836,-0.114,1.584,4.400,-0.340,4.195
67.81,1.693,-0.113,1.586,4.212,-0.341,4.194
67.82,1.918,-0.114,1.590,4.410,-0.341,4.197
67.83,1.357,-0.114,1.587,4.010,-0.340,4.196
67.84,1.462,-0.116,1.584,4.121,-0.339,4.195
67.85,1.339,-0.114,1.582,4.321,-0.338,4.198
67.86,1.923,-0.114,1.587,4.312,-0.338,4.200
67.87,1.630,-0.115,1.587,4.229,-0.340,4.198
67.88,1.583,-0.115,1.587,4.247,-0.341,4.199
67.89,1.541,-0.115,1.587,4.386,-0.340,4.202
67.90,1.570,-0.112,1.589,4.166,-0.339,4.202
67.91,1.624,-0.114,1.588,4.133,-0.340,4.201
67.92,1.462,-0.113,1.587,4.234,-0.341,4.200
67.93,1.417,-0.113,1.586,4.492,-0.340,4.205
67.94,1.469,-0.114,1.584,4.237,-0.342,4.204
67.95,1.348,-0.117,1.578,4.081,-0.343,4.201
67.96,1.266,-0.117,1.574,4.299,-0.344,4.202
67.97,1.672,-0.118,1.574,4.367,-0.344,4.204
67.98,1.748,-0.116,1.578,4.106,-0.342,4.205
67.99,1.566,-0.116,1.578,4.349,-0.343,4.206
68.00,1.804,-0.117,1.580,4.183,-0.343,4.206
68.01,1.514,-0.119,1.578,4.271,-0.342,4.207
68.02,1.662,-0.120,1.578,4.293,-0.341,4.210
68.03,1.413,-0.121,1.575,3.992,-0.344,4.205
68.04,1.572,-0.121,1.575,4.196,-0.345,4.203
68.05,1.707,-0.122,1.576,4.212,-0.345,4.204
68.06,1.503,-0.125,1.572,4.184,-0.345,4.203
68.07,1.531,-0.125,1.572,4.455,-0.346,4.206
68.08,1.744,-0.124,1.575,3.950,-0.347,4.202
68.09,1.683,-0.124,1.577,4.006,-0.347,4.199
68.10,1.589,-0.125,1.576,4.225,-0.347,4.200
68.11,1.655,-0.125,1.578,4.231,-0.346,4.202
68.12,1.787,-0.125,1.580,4.093,-0.346,4.200
68.13,1.427,-0.124,1.579,4.274,-0.346,4.201
68.14,1.787,-0.125,1.581,4.151,-0.346,4.201
68.15,1.699,-0.126,1.583,4.299,-0.346,4.202
68.16,1.464,-0.125,1.582,4.260,-0.345,4.203
68.17,1.776,-0.125,1.585,4.233,-0.345,4.205
68.18,1.597,-0.126,1.584,3.928,-0.343,4.202
68.19,1.882,-0.126,1.588,4.127,-0.343,4.202
68.20,1.642,-0.128,1.588,4.222,-0.343,4.202
68.21,1.388,-0.125,1.588,4.221,-0.345,4.201
68.23,1.592,-0.127,1.586,4.256,-0.346,4.201
68.24,1.474,-0.128,1.584,4.228,-0.346,4.201
68.25,1.513,-0.128,1.583,4.328,-0.346,4.203
68.26,1.439,-0.128,1.581,4.157,-0.346,4.202
68.27,1.458,-0.130,1.578,4.199,-0.347,4.202
68.28,1.690,-0.130,1.580,4.399,-0.346,4.205
68.28,1.546,-0.131,1.579,4.157,-0.347,4.204
68.29,1.956,-0.129,1.585,4.440,-0.345,4.209
68.31,1.481,-0.129,1.585,3.807,-0.344,4.204
68.32,1.405,-0.128,1.584,4.163,-0.344,4.204
68.33,1.589,-0.127,1.585,4.056,-0.345,4.202
68.34,1.639,-0.129,1.584,3.997,-0.344,4.199
68.35,1.433,-0.128,1.583,4.043,-0.342,4.200
68.36,1.864,-0.130,1.585,4.400,-0.343,4.202
68.37,1.538,-0.130,1.585,4.319,-0.343,4.203
68.38,1.863,-0.130,1.589,4.054,-0.344,4.200
68.39,1.571,-0.131,1.587,4.290,-0.344,4.202
68.40,1.663,-0.133,1.587,4.067,-0.343,4.201
68.41,1.256,-0.133,1.582,4.396,-0.344,4.203
68.42,1.684,-0.134,1.583,3.958,-0.344,4.200
68.43,1.474,-0.135,1.581,4.349,-0.344,4.202
68.44,1.431,-0.135,1.579,4.107,-0.344,4.201
68.45,1.752,-0.136,1.581,4.175,-0.344,4.200
68.46,1.722,-0.136,1.582,4.186,-0.344,4.200
68.47,1.736,-0.135,1.586,4.137,-0.345,4.199
68.48,1.423,-0.134,1.585,3.603,-0.344,4.191
68.49,1.725,-0.135,1.586,4.229,-0.344,4.192
68.50,1.589,-0.136,1.586,4.095,-0.345,4.190
68.51,1.657,-0.136,1.586,4.221,-0.346,4.189
68.52,1.460,-0.137,1.584,4.155,-0.346,4.189
68.53,1.588,-0.136,1.586,4.341,-0.345,4.192
68.54,1.723,-0.136,1.588,4.284,-0.345,4.193
68.55,1.869,-0.134,1.593,4.328,-0.346,4.194
68.56,1.501,-0.135,1.591,4.056,-0.348,4.190
68.57,1.591,-0.135,1.591,4.301,-0.348,4.191
68.58,1.582,-0.136,1.591,4.196,-0.350,4.190
68.59,1.690,-0.136,1.592,4.349,-0.350,4.192
68.60,1.513,-0.136,1.592,4.237,-0.351,4.192
68.61,1.455,-0.137,1.590,4.446,-0.350,4.196
68.62,1.344,-0.137,1.586,3.972,-0.350,4.193
68.63,1.465,-0.140,1.582,3.947,-0.350,4.190
68.64,1.358,-0.140,1.579,4.374,-0.351,4.192
68.65,1.470,-0.139,1.579,4.203,-0.352,4.191
68.66,1.699,-0.139,1.580,4.260,-0.352,4.192
68.67,1.384,-0.140,1.577,3.958,-0.351,4.190
68.68,1.472,-0.139,1.577,4.246,-0.350,4.191
68.69,1.814,-0.139,1.581,4.409,-0.350,4.195
68.70,1.408,-0.140,1.578,4.091,-0.350,4.193
68.71,1.506,-0.141,1.576,3.962,-0.351,4.190
68.72,1.541,-0.142,1.575,3.962,-0.350,4.188
68.73,1.719,-0.142,1.577,4.022,-0.350,4.185
68.74,1.443,-0.143,1.574,4.176,-0.350,4.185
68.75,1.595,-0.143,1.575,3.998,-0.350,4.183
68.76,1.390,-0.143,1.572,4.182,-0.349,4.184
68.77,1.335,-0.144,1.568,4.137,-0.350,4.182
68.78,1.536,-0.144,1.568,4.385,-0.349,4.186
68.79,1.188,-0.143,1.564,4.288,-0.350,4.186
68.80,1.609,-0.144,1.564,4.029,-0.349,4.185
68.81,1.526,-0.146,1.562,3.989,-0.349,4.183
68.82,1.704,-0.145,1.565,4.297,-0.349,4.184
68.83,1.506,-0.146,1.563,4.237,-0.348,4.185
68.84,1.770,-0.146,1.565,4.205,-0.348,4.186
68.85,1.689,-0.147,1.566,4.205,-0.348,4.187
68.86,1.729,-0.147,1.569,4.299,-0.348,4.188
68.87,1.601,-0.147,1.569,4.422,-0.348,4.191
68.88,1.620,-0.146,1.571,4.181,-0.349,4.190
68.89,1.795,-0.146,1.575,4.145,-0.350,4.188
68.90,1.762,-0.145,1.578,3.923,-0.350,4.185
68.91,1.351,-0.147,1.573,4.258,-0.349,4.187
68.92,1.591,-0.145,1.575,3.819,-0.349,4.182
68.93,1.870,-0.146,1.579,4.279,-0.350,4.183
68.94,1.573,-0.147,1.578,4.392,-0.350,4.185
68.95,1.558,-0.146,1.579,3.991,-0.349,4.184
68.96,1.585,-0.147,1.578,4.213,-0.350,4.183
68.97,1.566,-0.150,1.576,3.976,-0.349,4.181
68.98,1.752,-0.151,1.577,4.184,-0.347,4.183
68.99,1.675,-0.153,1.577,4.203,-0.347,4.183
69.00,1.553,-0.154,1.575,4.271,-0.347,4.184
69.01,1.531,-0.153,1.576,4.218,-0.348,4.184
69.02,2.002,-0.152,1.583,4.417,-0.348,4.187
69.03,1.404,-0.151,1.581,4.244,-0.348,4.188
69.04,1.639,-0.150,1.583,4.092,-0.348,4.187
69.05,1.545,-0.150,1.583,4.249,-0.347,4.188
69.06,1.631,-0.151,1.583,4.402,-0.347,4.191
69.07,1.791,-0.154,1.583,4.183,-0.347,4.191
69.08,1.760,-0.156,1.584,4.327,-0.347,4.193
69.09,1.606,-0.157,1.583,3.999,-0.348,4.190
69.10,1.736,-0.159,1.584,4.098,-0.347,4.189
69.11,1.400,-0.160,1.581,4.293,-0.348,4.190
69.12,1.348,-0.161,1.577,4.450,-0.348,4.193
69.13,1.695,-0.160,1.580,4.033,-0.347,4.192
69.14,1.668,-0.159,1.582,4.263,-0.345,4.195
69.15,1.645,-0.160,1.582,4.130,-0.344,4.195
69.16,1.581,-0.159,1.584,4.301,-0.345,4.196
69.17,1.802,-0.158,1.588,4.365,-0.344,4.199
69.18,1.816,-0.157,1.592,4.186,-0.345,4.198
69.19,1.283,-0.157,1.588,4.118,-0.345,4.197
69.20,1.485,-0.157,1.587,4.151,-0.345,4.197
69.21,1.467,-0.158,1.585,4.256,-0.344,4.198
69.22,1.548,-0.160,1.583,4.174,-0.344,4.198
69.23,1.577,-0.161,1.582,4.305,-0.344,4.199
69.24,1.452,-0.163,1.579,4.040,-0.345,4.196
69.25,1.404,-0.161,1.578,4.137,-0.345,4.196
69.26,1.502,-0.160,1.578,4.133,-0.345,4.195
69.27,1.573,-0.160,1.579,4.245,-0.344,4.197
69.28,1.654,-0.161,1.579,4.068,-0.344,4.195
69.29,1.720,-0.162,1.581,4.073,-0.343,4.194
69.30,1.444,-0.161,1.580,3.861,-0.344,4.189
69.31,1.239,-0.162,1.575,4.332,-0.343,4.191
69.32,1.435,-0.160,1.575,4.314,-0.343,4.194
69.33,1.587,-0.158,1.577,4.150,-0.342,4.194
69.34,1.675,-0.158,1.579,4.288,-0.341,4.196
69.35,1.606,-0.157,1.580,4.194,-0.342,4.195
69.36,1.428,-0.157,1.579,4.301,-0.342,4.197
69.37,1.475,-0.157,1.577,4.202,-0.342,4.197
69.38,1.609,-0.156,1.579,4.217,-0.342,4.197
69.39,1.682,-0.158,1.579,4.448,-0.342,4.200
69.40,1.607,-0.158,1.579,4.389,-0.343,4.202
69.41,1.643,-0.157,1.581,4.427,-0.343,4.205
69.42,1.673,-0.157,1.583,4.333,-0.342,4.208
69.43,1.788,-0.157,1.586,4.128,-0.342,4.206
69.44,1.452,-0.155,1.586,4.057,-0.343,4.204
69.45,1.480,-0.157,1.583,4.466,-0.343,4.207
69.46,1.808,-0.155,1.588,3.966,-0.344,4.203
69.47,1.533,-0.156,1.587,3.957,-0.344,4.200
69.48,1.452,-0.157,1.584,4.014,-0.345,4.197
69.49,1.807,-0.156,1.588,3.793,-0.346,4.191
69.50,1.453,-0.160,1.583,4.347,-0.347,4.192
69.51,1.308,-0.159,1.580,4.057,-0.347,4.190
69.52,1.432,-0.159,1.578,4.181,-0.347,4.190
69.53,1.614,-0.161,1.577,4.314,-0.347,4.191
69.54,1.330,-0.162,1.573,4.264,-0.348,4.192
69.55,1.420,-0.163,1.570,4.367,-0.348,4.194
69.56,1.729,-0.164,1.571,4.082,-0.346,4.194
69.57,1.706,-0.165,1.573,4.303,-0.346,4.196
69.58,1.445,-0.166,1.570,4.342,-0.345,4.199
69.59,1.677,-0.165,1.572,4.139,-0.346,4.197
69.60,1.785,-0.166,1.575,4.197,-0.346,4.197
69.61,1.796,-0.167,1.577,4.256,-0.346,4.198
69.62,1.589,-0.169,1.576,4.273,-0.344,4.201
69.63,1.646,-0.168,1.577,4.035,-0.342,4.200
69.64,1.457,-0.168,1.576,4.234,-0.344,4.199
69.65,1.349,-0.169,1.572,4.142,-0.344,4.199
69.66,1.676,-0.170,1.573,4.351,-0.342,4.203
69.67,1.765,-0.171,1.574,4.015,-0.342,4.200
69.68,1.865,-0.170,1.580,4.219,-0.342,4.201
69.69,1.865,-0.170,1.584,4.362,-0.340,4.205
69.70,1.345,-0.169,1.582,4.521,-0.340,4.208
69.71,1.432,-0.169,1.580,4.288,-0.342,4.208
69.72,1.449,-0.169,1.579,4.052,-0.343,4.205
69.73,1.703,-0.169,1.580,4.223,-0.343,4.206
69.74,1.677,-0.168,1.583,4.031,-0.343,4.204
69.76,1.602,-0.171,1.581,4.124,-0.342,4.203
69.77,1.674,-0.172,1.581,4.227,-0.342,4.204
69.78,1.729,-0.175,1.581,4.021,-0.342,4.202
69.79,1.504,-0.176,1.579,4.296,-0.342,4.203
69.80,1.695,-0.178,1.579,4.327,-0.341,4.205
69.81,1.550,-0.178,1.578,4.582,-0.341,4.210
69.82,1.446,-0.178,1.577,3.865,-0.343,4.204
69.83,1.618,-0.180,1.576,4.369,-0.342,4.207
69.84,1.639,-0.180,1.576,4.334,-0.342,4.208
69.85,1.654,-0.182,1.576,4.339,-0.341,4.211
69.86,1.324,-0.183,1.572,3.967,-0.341,4.208
69.87,1.434,-0.182,1.572,4.118,-0.342,4.207
69.88,1.535,-0.183,1.570,4.433,-0.342,4.209
69.89,1.504,-0.181,1.571,4.138,-0.343,4.208
69.90,1.392,-0.183,1.568,3.852,-0.344,4.202
69.91,1.566,-0.185,1.566,4.205,-0.345,4.201
69.92,1.507,-0.185,1.565,4.407,-0.345,4.204
69.93,1.748,-0.186,1.566,4.225,-0.346,4.203
69.94,1.452,-0.186,1.565,4.278,-0.346,4.204
69.95,1.815,-0.188,1.568,4.242,-0.346,4.205
69.96,1.434,-0.188,1.565,4.018,-0.346,4.203
69.97,1.616,-0.190,1.564,4.174,-0.346,4.202
69.98,1.374,-0.192,1.561,4.161,-0.346,4.202
69.99,1.519,-0.191,1.561,4.421,-0.347,4.204
70.00,1.660,-0.191,1.563,4.155,-0.346,4.204
70.01,1.657,-0.192,1.563,4.054,-0.347,4.201
70.02,1.832,-0.191,1.567,4.041,-0.346,4.200
70.03,1.579,-0.194,1.565,4.262,-0.346,4.201
70.04,1.552,-0.195,1.564,4.442,-0.347,4.203
70.05,1.798,-0.196,1.566,4.237,-0.348,4.203
70.06,1.536,-0.198,1.565,4.252,-0.349,4.203
70.07,1.586,-0.199,1.564,4.265,-0.348,4.204
70.08,1.393,-0.199,1.562,4.216,-0.347,4.206
70.09,1.599,-0.200,1.562,4.441,-0.346,4.210
70.10,1.469,-0.200,1.561,4.335,-0.347,4.210
70.11,1.462,-0.201,1.559,4.414,-0.346,4.214
70.12,1.638,-0.199,1.562,4.004,-0.347,4.211
70.13,1.481,-0.200,1.560,4.422,-0.347,4.214
70.14,1.713,-0.202,1.561,4.346,-0.347,4.216
70.15,1.809,-0.202,1.564,4.204,-0.348,4.215
70.16,1.597,-0.203,1.564,4.160,-0.348,4.214
70.17,1.542,-0.204,1.563,4.255,-0.349,4.214
70.18,1.804,-0.204,1.566,4.516,-0.348,4.218
70.19,1.674,-0.205,1.567,4.334,-0.348,4.220
70.20,1.404,-0.205,1.565,4.160,-0.351,4.217
70.21,1.455,-0.207,1.562,4.221,-0.351,4.217
70.22,1.525,-0.206,1.563,4.272,-0.351,4.218
70.23,1.443,-0.207,1.560,4.109,-0.351,4.216
70.24,1.330,-0.207,1.558,4.065,-0.351,4.215
70.25,1.452,-0.206,1.557,4.061,-0.350,4.214
70.26,1.570,-0.206,1.559,4.189,-0.351,4.213
70.27,1.718,-0.206,1.561,4.213,-0.350,4.214
70.28,1.647,-0.206,1.562,4.087,-0.350,4.213
70.29,1.517,-0.207,1.561,4.210,-0.350,4.212
70.30,1.759,-0.209,1.562,4.118,-0.351,4.210
70.31,1.899,-0.210,1.565,3.996,-0.351,4.208
70.32,1.778,-0.210,1.568,4.139,-0.352,4.206
70.33,1.581,-0.211,1.568,4.351,-0.352,4.208
70.34,1.438,-0.210,1.568,4.501,-0.353,4.211
70.35,1.810,-0.210,1.571,4.196,-0.353,4.211
70.36,1.743,-0.211,1.572,4.198,-0.353,4.211
70.37,1.851,-0.211,1.576,4.354,-0.353,4.213
70.38,1.684,-0.213,1.576,4.157,-0.352,4.213
70.39,1.729,-0.215,1.577,4.156,-0.351,4.214
70.40,1.347,-0.213,1.576,4.046,-0.350,4.212
70.41,1.338,-0.212,1.575,4.133,-0.351,4.211
70.42,1.735,-0.211,1.578,4.448,-0.350,4.215
70.43,1.580,-0.212,1.578,4.096,-0.350,4.214
70.44,1.764,-0.211,1.581,4.189,-0.350,4.213
70.45,1.397,-0.212,1.578,4.724,-0.350,4.220
70.46,1.655,-0.211,1.580,4.225,-0.350,4.221
70.47,1.447,-0.212,1.578,4.530,-0.351,4.223
70.48,1.584,-0.211,1.579,3.958,-0.352,4.220
70.49,1.593,-0.212,1.579,4.293,-0.352,4.220
70.50,1.717,-0.212,1.582,4.281,-0.352,4.221
70.51,1.807,-0.211,1.586,4.382,-0.352,4.224
70.52,1.382,-0.210,1.584,3.921,-0.353,4.219
70.53,1.826,-0.212,1.586,3.959,-0.350,4.218
70.54,1.459,-0.212,1.584,4.315,-0.351,4.219
70.55,1.651,-0.212,1.586,4.498,-0.351,4.223
70.56,1.731,-0.211,1.589,4.486,-0.351,4.226
70.57,1.620,-0.211,1.590,4.240,-0.351,4.227
70.58,1.493,-0.211,1.589,4.040,-0.352,4.223
70.59,1.558,-0.212,1.589,3.858,-0.352,4.219
70.60,1.453,-0.212,1.587,4.134,-0.351,4.219
70.61,1.649,-0.212,1.588,4.215,-0.353,4.218
70.62,1.712,-0.212,1.590,4.282,-0.352,4.219
70.63,1.518,-0.212,1.589,4.451,-0.351,4.223
70.64,1.797,-0.210,1.594,4.403,-0.350,4.227
70.65,1.928,-0.211,1.598,4.094,-0.350,4.225
70.66,1.531,-0.211,1.597,4.346,-0.349,4.228
70.67,1.642,-0.214,1.596,4.148,-0.349,4.227
70.68,1.233,-0.215,1.591,4.221,-0.349,4.228
70.69,1.569,-0.215,1.591,4.230,-0.348,4.228
70.70,1.470,-0.213,1.591,3.971,-0.349,4.225
70.71,1.568,-0.215,1.589,4.371,-0.349,4.226
70.72,1.571,-0.215,1.590,4.206,-0.351,4.224
70.73,1.532,-0.213,1.591,3.939,-0.350,4.221
70.74,1.639,-0.213,1.592,4.189,-0.350,4.221
70.75,1.526,-0.212,1.593,4.052,-0.350,4.219
70.76,1.591,-0.212,1.593,4.388,-0.350,4.221
70.77,1.820,-0.211,1.597,4.230,-0.349,4.223
70.78,1.643,-0.209,1.600,4.141,-0.349,4.222
70.79,1.470,-0.210,1.598,4.143,-0.349,4.221
70.80,1.449,-0.210,1.597,4.015,-0.348,4.219
70.81,1.727,-0.209,1.600,4.391,-0.348,4.221
70.82,1.636,-0.209,1.601,4.376,-0.349,4.223
70.83,1.595,-0.209,1.601,4.314,-0.348,4.225
70.84,1.452,-0.210,1.598,3.991,-0.348,4.222
70.85,1.393,-0.211,1.595,3.832,-0.348,4.217
70.86,1.633,-0.212,1.595,4.224,-0.347,4.219
70.87,1.739,-0.211,1.598,4.347,-0.348,4.220
70.88,1.541,-0.209,1.600,4.062,-0.348,4.217
70.89,1.641,-0.210,1.600,4.390,-0.348,4.219
70.90,1.401,-0.210,1.598,4.360,-0.348,4.221
70.91,1.620,-0.210,1.598,4.482,-0.348,4.225
70.92,1.481,-0.210,1.597,4.108,-0.347,4.225
70.93,1.674,-0.210,1.598,4.312,-0.347,4.226
70.94,1.706,-0.210,1.600,4.278,-0.347,4.227
70.95,1.492,-0.208,1.601,4.089,-0.347,4.225
70.96,1.428,-0.206,1.601,4.029,-0.348,4.222
70.97,1.782,-0.208,1.602,4.359,-0.348,4.223
70.98,1.617,-0.209,1.601,4.099,-0.349,4.221
70.99,1.747,-0.209,1.604,4.209,-0.349,4.221
71.00,1.432,-0.210,1.601,4.096,-0.349,4.220
71.01,1.693,-0.210,1.602,4.284,-0.349,4.221
71.02,1.495,-0.209,1.602,3.997,-0.350,4.217
71.03,1.526,-0.209,1.602,4.291,-0.348,4.219
71.04,1.484,-0.210,1.600,3.941,-0.349,4.215
71.05,2.001,-0.210,1.605,4.199,-0.351,4.213
71.06,1.684,-0.210,1.607,3.924,-0.352,4.208
71.07,1.653,-0.210,1.608,4.117,-0.352,4.207
71.08,1.756,-0.210,1.610,4.193,-0.351,4.208
71.09,1.722,-0.209,1.613,4.414,-0.353,4.209
71.10,1.528,-0.206,1.615,4.101,-0.354,4.207
71.11,1.579,-0.207,1.613,4.381,-0.354,4.209
71.12,1.636,-0.209,1.613,4.061,-0.356,4.205
71.13,1.829,-0.209,1.616,4.445,-0.357,4.207
71.15,1.419,-0.207,1.616,4.522,-0.357,4.212
71.15,1.414,-0.208,1.612,4.264,-0.357,4.213
71.16,1.564,-0.207,1.613,3.971,-0.357,4.210
71.18,1.560,-0.208,1.612,3.878,-0.357,4.205
71.19,1.378,-0.207,1.610,4.191,-0.357,4.205
71.19,1.597,-0.207,1.610,4.389,-0.356,4.208
71.21,1.611,-0.209,1.609,4.291,-0.357,4.209
71.22,1.565,-0.208,1.610,4.108,-0.358,4.207
71.23,1.637,-0.207,1.611,4.027,-0.357,4.204
71.23,1.413,-0.207,1.609,4.223,-0.358,4.204
71.24,1.537,-0.208,1.608,4.242,-0.359,4.204
71.26,1.677,-0.208,1.608,4.450,-0.359,4.207
71.27,1.607,-0.211,1.606,4.280,-0.358,4.209
71.28,1.600,-0.212,1.605,3.874,-0.357,4.206
71.29,1.558,-0.213,1.604,4.224,-0.358,4.205
71.30,1.379,-0.214,1.600,4.038,-0.357,4.203
71.31,1.675,-0.215,1.601,4.279,-0.357,4.205
71.32,1.504,-0.215,1.600,4.086,-0.358,4.203
71.33,1.626,-0.215,1.600,4.266,-0.357,4.205
71.34,1.472,-0.213,1.601,4.237,-0.356,4.206
71.35,1.648,-0.214,1.601,4.334,-0.357,4.207
71.36,1.439,-0.212,1.601,4.300,-0.356,4.209
71.37,1.651,-0.215,1.599,4.229,-0.356,4.209
71.38,1.350,-0.213,1.598,4.193,-0.357,4.208
71.39,1.423,-0.211,1.598,4.286,-0.357,4.209
71.40,1.293,-0.212,1.593,4.051,-0.357,4.207
71.41,1.433,-0.213,1.590,4.322,-0.358,4.208
71.42,1.698,-0.213,1.592,4.164,-0.357,4.208
71.43,1.769,-0.214,1.593,4.240,-0.358,4.208
71.44,1.633,-0.215,1.593,4.554,-0.359,4.211
71.45,1.565,-0.217,1.592,4.301,-0.358,4.214
71.46,1.603,-0.216,1.592,4.224,-0.358,4.214
71.47,1.483,-0.218,1.590,4.195,-0.358,4.214
71.48,1.314,-0.217,1.587,4.208,-0.358,4.214
71.49,1.538,-0.218,1.586,4.540,-0.359,4.217
71.50,1.493,-0.218,1.585,3.991,-0.359,4.215
71.51,1.508,-0.220,1.582,4.101,-0.359,4.213
71.52,1.581,-0.220,1.582,4.352,-0.360,4.214
71.53,1.483,-0.221,1.580,4.347,-0.358,4.217
71.54,1.463,-0.219,1.581,4.005,-0.359,4.214
71.55,1.651,-0.218,1.583,4.375,-0.360,4.216
71.56,1.568,-0.218,1.583,4.404,-0.360,4.218
71.57,1.599,-0.217,1.584,4.368,-0.360,4.220
71.58,1.846,-0.219,1.586,4.415,-0.362,4.221
71.59,1.896,-0.221,1.588,4.368,-0.363,4.222
71.60,1.604,-0.221,1.589,4.104,-0.362,4.221
71.61,1.494,-0.220,1.589,4.505,-0.362,4.226
71.62,1.852,-0.221,1.591,4.031,-0.361,4.224
71.63,1.728,-0.221,1.594,4.271,-0.361,4.225
71.64,1.552,-0.222,1.593,4.035,-0.362,4.222
71.65,1.655,-0.222,1.594,4.251,-0.362,4.221
71.66,1.524,-0.222,1.593,3.922,-0.362,4.218
71.67,1.657,-0.221,1.595,4.556,-0.362,4.223
71.68,1.507,-0.220,1.595,3.661,-0.362,4.215
71.69,1.682,-0.220,1.596,4.221,-0.363,4.215
71.70,1.590,-0.220,1.596,4.058,-0.364,4.211
71.71,1.676,-0.223,1.595,4.181,-0.365,4.211
71.72,1.578,-0.222,1.596,4.042,-0.364,4.210
71.73,1.644,-0.224,1.595,4.044,-0.363,4.209
71.74,1.861,-0.226,1.597,4.114,-0.363,4.208
71.75,1.593,-0.228,1.595,4.185,-0.363,4.206
71.76,1.595,-0.227,1.596,4.249,-0.364,4.206
71.77,1.484,-0.227,1.595,4.091,-0.364,4.205
71.78,1.648,-0.225,1.598,4.429,-0.367,4.206
71.79,1.809,-0.227,1.599,4.045,-0.366,4.204
71.80,1.476,-0.228,1.597,4.021,-0.366,4.202
71.81,1.617,-0.227,1.598,4.014,-0.367,4.199
71.82,1.869,-0.226,1.603,4.197,-0.367,4.198
71.83,1.544,-0.228,1.601,4.019,-0.367,4.196
71.84,1.698,-0.228,1.602,4.634,-0.368,4.201
71.85,1.448,-0.228,1.601,4.198,-0.368,4.201
71.86,1.734,-0.228,1.603,3.999,-0.368,4.198
71.87,1.455,-0.228,1.601,4.130,-0.368,4.197
71.88,1.406,-0.228,1.598,3.933,-0.369,4.193
71.89,1.339,-0.230,1.594,4.285,-0.368,4.195
71.90,1.540,-0.230,1.593,4.194,-0.368,4.195
71.91,1.642,-0.229,1.595,4.509,-0.366,4.201
71.92,1.508,-0.229,1.595,4.233,-0.365,4.203
71.93,1.377,-0.227,1.594,4.022,-0.365,4.201
71.94,1.577,-0.227,1.594,4.014,-0.364,4.199
71.95,1.743,-0.225,1.598,4.367,-0.364,4.202
71.96,1.601,-0.225,1.598,4.156,-0.365,4.200
71.97,1.730,-0.226,1.599,4.097,-0.364,4.200
71.98,1.794,-0.227,1.601,4.218,-0.363,4.201
71.99,1.405,-0.226,1.599,4.243,-0.363,4.202
72.00,1.729,-0.227,1.601,4.056,-0.362,4.200
72.01,1.500,-0.226,1.601,4.194,-0.363,4.200
72.02,1.597,-0.226,1.601,4.220,-0.363,4.200
72.03,1.687,-0.228,1.601,4.165,-0.362,4.200
72.04,1.555,-0.228,1.600,4.301,-0.361,4.203
72.05,1.668,-0.228,1.601,4.343,-0.361,4.205
72.06,1.568,-0.228,1.601,4.116,-0.360,4.204
72.07,1.426,-0.230,1.597,4.275,-0.361,4.204
72.08,1.572,-0.231,1.596,4.099,-0.361,4.203
72.09,1.658,-0.232,1.597,4.309,-0.362,4.203
72.10,1.685,-0.233,1.596,4.373,-0.363,4.205
72.11,1.667,-0.232,1.599,4.221,-0.362,4.206
72.12,1.595,-0.231,1.600,4.131,-0.361,4.206
72.13,1.682,-0.232,1.601,4.246,-0.360,4.207
72.14,1.707,-0.233,1.601,4.306,-0.360,4.209
72.15,1.589,-0.232,1.602,4.324,-0.360,4.210
72.16,1.609,-0.230,1.605,4.055,-0.359,4.209
72.17,1.475,-0.231,1.602,4.338,-0.360,4.210
72.18,1.534,-0.232,1.600,4.117,-0.362,4.207
72.19,1.931,-0.232,1.605,4.196,-0.362,4.207
72.20,1.295,-0.231,1.603,4.125,-0.363,4.205
72.21,1.706,-0.232,1.603,4.546,-0.363,4.210
72.22,1.540,-0.233,1.602,4.133,-0.363,4.209
72.23,1.624,-0.236,1.600,4.275,-0.363,4.209
72.24,1.710,-0.235,1.602,4.134,-0.363,4.208
72.25,1.695,-0.235,1.603,4.374,-0.363,4.211
72.26,1.516,-0.235,1.603,4.085,-0.363,4.209
72.27,1.651,-0.233,1.606,4.111,-0.362,4.209
72.28,1.437,-0.235,1.602,4.067,-0.363,4.206
72.29,1.841,-0.235,1.605,4.295,-0.362,4.208
72.30,1.885,-0.236,1.608,3.940,-0.360,4.206
72.31,1.548,-0.235,1.608,4.004,-0.361,4.203
72.32,1.448,-0.234,1.608,4.291,-0.360,4.205
72.33,1.487,-0.235,1.605,4.050,-0.361,4.203
72.34,1.499,-0.235,1.605,4.390,-0.362,4.204
72.35,1.733,-0.236,1.606,4.418,-0.364,4.205
72.36,1.566,-0.238,1.604,4.179,-0.364,4.205
72.37,1.471,-0.239,1.601,4.158,-0.364,4.204
72.38,1.981,-0.240,1.605,4.348,-0.364,4.206
72.39,1.737,-0.242,1.605,3.931,-0.363,4.203
72.40,1.757,-0.242,1.608,4.196,-0.362,4.204
72.41,1.636,-0.241,1.609,4.159,-0.361,4.204
72.42,1.514,-0.242,1.608,3.922,-0.362,4.200
72.43,1.747,-0.241,1.610,3.701,-0.362,4.193
72.44,1.488,-0.241,1.609,4.079,-0.364,4.190
72.45,1.688,-0.242,1.609,4.360,-0.365,4.191
72.46,1.649,-0.242,1.610,4.419,-0.365,4.194
72.47,1.507,-0.243,1.608,4.071,-0.366,4.191
72.48,1.613,-0.243,1.609,4.531,-0.366,4.196
72.49,1.308,-0.244,1.604,4.493,-0.366,4.200
72.50,1.372,-0.244,1.602,4.194,-0.367,4.199
72.51,1.262,-0.241,1.600,4.373,-0.366,4.202
72.52,1.663,-0.242,1.600,4.101,-0.367,4.200
72.53,1.733,-0.242,1.603,4.382,-0.367,4.202
72.54,1.644,-0.243,1.603,4.046,-0.366,4.201
72.56,1.518,-0.244,1.601,4.091,-0.365,4.201
72.56,1.657,-0.243,1.603,4.212,-0.366,4.200
72.57,1.835,-0.243,1.606,4.096,-0.367,4.197
72.58,1.758,-0.244,1.608,4.584,-0.368,4.202
72.59,1.460,-0.244,1.606,4.017,-0.368,4.200
72.60,1.510,-0.244,1.604,4.205,-0.366,4.201
72.61,1.479,-0.245,1.603,4.340,-0.367,4.202
72.62,1.664,-0.244,1.604,3.933,-0.368,4.198
72.63,1.581,-0.243,1.605,4.001,-0.368,4.196
72.64,1.657,-0.244,1.605,4.235,-0.367,4.197
72.65,1.477,-0.247,1.601,4.114,-0.367,4.196
72.66,1.817,-0.247,1.604,4.064,-0.368,4.193
72.67,1.622,-0.249,1.603,3.910,-0.367,4.191
72.69,1.363,-0.249,1.600,4.186,-0.366,4.191
72.69,1.441,-0.248,1.599,4.290,-0.365,4.194
72.71,1.682,-0.250,1.599,3.787,-0.364,4.189
72.72,1.551,-0.250,1.598,4.281,-0.364,4.191
72.73,1.648,-0.251,1.598,4.163,-0.364,4.190
72.73,1.657,-0.252,1.598,4.128,-0.365,4.188
72.74,1.403,-0.252,1.596,4.217,-0.365,4.189
72.76,1.594,-0.252,1.596,4.093,-0.366,4.186
72.77,1.500,-0.251,1.596,4.176,-0.365,4.187
72.77,1.572,-0.251,1.596,4.210,-0.364,4.188
72.79,1.610,-0.252,1.595,4.297,-0.364,4.190
72.80,1.671,-0.252,1.597,3.942,-0.364,4.187
72.81,1.638,-0.253,1.596,4.487,-0.364,4.190
72.82,1.668,-0.253,1.598,3.945,-0.363,4.188
72.83,1.446,-0.252,1.597,3.975,-0.363,4.185
72.84,1.616,-0.252,1.597,3.843,-0.364,4.180
72.85,1.792,-0.253,1.599,4.138,-0.364,4.179
72.86,1.748,-0.253,1.601,4.334,-0.365,4.180
72.87,1.575,-0.253,1.601,4.193,-0.365,4.180
72.88,1.829,-0.253,1.605,4.183,-0.364,4.181
72.89,1.651,-0.254,1.604,3.918,-0.365,4.177
72.90,1.710,-0.256,1.605,4.327,-0.366,4.177
72.91,1.528,-0.257,1.603,4.126,-0.366,4.176
72.92,1.573,-0.257,1.602,4.129,-0.366,4.175
72.93,1.657,-0.254,1.606,4.295,-0.367,4.176
72.94,1.606,-0.254,1.607,4.412,-0.366,4.180
72.95,1.452,-0.257,1.603,3.891,-0.366,4.176
72.96,1.355,-0.256,1.601,4.142,-0.366,4.175
72.97,1.513,-0.256,1.599,4.170,-0.367,4.174
72.98,1.655,-0.255,1.602,3.996,-0.368,4.171
72.99,1.705,-0.255,1.603,4.015,-0.368,4.169
73.00,1.732,-0.257,1.603,4.389,-0.369,4.171
73.01,1.698,-0.256,1.605,4.150,-0.369,4.170
73.02,1.448,-0.256,1.604,4.241,-0.370,4.170
73.03,1.597,-0.257,1.603,4.027,-0.369,4.169
73.04,1.516,-0.257,1.602,3.876,-0.368,4.166
73.05,1.315,-0.257,1.599,4.202,-0.368,4.166
73.06,1.680,-0.256,1.602,4.096,-0.368,4.166
73.07,1.664,-0.256,1.602,4.143,-0.366,4.167
73.08,1.521,-0.257,1.600,4.325,-0.366,4.169
73.09,1.829,-0.258,1.603,4.252,-0.366,4.170
73.10,1.623,-0.258,1.603,4.105,-0.366,4.169
73.11,1.422,-0.258,1.601,3.926,-0.366,4.166
73.12,1.621,-0.260,1.600,4.048,-0.367,4.163
73.13,1.460,-0.261,1.597,4.262,-0.369,4.162
73.14,1.475,-0.261,1.596,4.412,-0.369,4.166
73.15,1.427,-0.262,1.593,4.403,-0.368,4.170
73.16,1.825,-0.262,1.596,4.218,-0.368,4.170
73.17,1.812,-0.265,1.596,4.260,-0.368,4.170
73.18,1.733,-0.267,1.597,4.259,-0.368,4.172
73.19,1.501,-0.269,1.593,4.161,-0.369,4.171
73.20,1.534,-0.270,1.593,4.262,-0.370,4.171
73.21,1.645,-0.270,1.593,4.048,-0.370,4.169
73.22,1.444,-0.270,1.591,4.170,-0.372,4.167
73.23,1.385,-0.272,1.587,4.164,-0.373,4.166
73.24,1.304,-0.272,1.584,4.223,-0.372,4.167
73.25,1.514,-0.272,1.583,4.057,-0.373,4.165
73.26,1.649,-0.272,1.584,3.982,-0.373,4.162
73.27,1.639,-0.272,1.585,4.439,-0.372,4.167
73.28,1.714,-0.273,1.586,4.011,-0.372,4.164
73.29,1.450,-0.272,1.585,3.902,-0.373,4.160
73.30,1.540,-0.272,1.585,4.203,-0.373,4.161
73.31,1.580,-0.273,1.584,4.071,-0.373,4.160
73.32,1.569,-0.272,1.586,4.318,-0.372,4.162
73.33,1.279,-0.272,1.582,4.156,-0.372,4.162
73.34,1.612,-0.272,1.582,4.185,-0.372,4.162
73.35,1.466,-0.273,1.580,4.181,-0.373,4.162
73.36,1.522,-0.272,1.580,4.000,-0.372,4.160
73.37,1.692,-0.273,1.580,4.184,-0.371,4.161
73.38,1.642,-0.273,1.582,4.332,-0.371,4.164
73.39,1.540,-0.274,1.581,4.083,-0.371,4.162
73.40,1.732,-0.273,1.584,4.070,-0.372,4.160
73.41,1.557,-0.272,1.585,4.617,-0.372,4.166
73.42,1.575,-0.269,1.587,3.934,-0.373,4.161
73.43,1.372,-0.267,1.587,4.218,-0.373,4.162
73.44,1.527,-0.266,1.587,3.916,-0.373,4.159
73.45,1.722,-0.267,1.589,4.537,-0.372,4.165
73.46,1.608,-0.267,1.589,4.189,-0.371,4.166
73.47,1.436,-0.269,1.585,4.509,-0.371,4.171
73.48,1.525,-0.270,1.584,4.352,-0.371,4.172
73.49,1.749,-0.268,1.587,4.188,-0.373,4.171
73.50,1.528,-0.268,1.587,4.286,-0.373,4.173
73.51,1.728,-0.270,1.588,4.202,-0.371,4.175
73.52,1.443,-0.271,1.585,4.377,-0.371,4.178
73.53,1.745,-0.270,1.587,4.362,-0.369,4.181
73.54,1.613,-0.270,1.588,4.016,-0.369,4.179
73.55,1.786,-0.270,1.591,4.367,-0.368,4.183
73.56,1.674,-0.271,1.592,4.275,-0.368,4.184
73.57,1.640,-0.270,1.593,4.253,-0.368,4.186
73.58,1.417,-0.270,1.591,4.269,-0.366,4.189
73.59,1.586,-0.270,1.591,4.107,-0.366,4.187
73.60,1.405,-0.270,1.589,4.006,-0.367,4.184
73.61,1.480,-0.269,1.589,4.131,-0.367,4.183
73.62,1.459,-0.269,1.588,3.980,-0.368,4.179
73.63,1.500,-0.269,1.587,4.363,-0.368,4.182
73.64,1.731,-0.270,1.587,4.328,-0.369,4.182
73.65,1.754,-0.271,1.589,4.591,-0.370,4.187
73.66,1.521,-0.271,1.588,4.352,-0.370,4.189
73.67,1.540,-0.272,1.587,4.134,-0.371,4.187
73.68,1.641,-0.272,1.588,4.304,-0.370,4.191
73.69,1.232,-0.272,1.583,4.218,-0.369,4.191
73.70,1.619,-0.271,1.585,4.118,-0.370,4.190
73.71,1.709,-0.272,1.586,4.589,-0.370,4.195
73.72,1.366,-0.272,1.583,4.116,-0.370,4.194
73.73,1.480,-0.272,1.582,4.115,-0.371,4.192
73.74,1.769,-0.270,1.586,4.133,-0.369,4.194
73.75,1.512,-0.270,1.585,4.316,-0.368,4.196
73.76,1.523,-0.269,1.586,4.430,-0.369,4.198
73.77,1.602,-0.268,1.587,4.242,-0.370,4.198
73.78,1.692,-0.267,1.590,4.149,-0.369,4.199
73.79,1.851,-0.270,1.591,4.632,-0.369,4.204
73.80,1.527,-0.269,1.591,4.149,-0.370,4.203
73.81,1.425,-0.270,1.588,4.212,-0.371,4.202
73.82,1.743,-0.271,1.590,4.271,-0.372,4.202
73.83,1.677,-0.271,1.591,4.244,-0.373,4.202
73.84,1.731,-0.269,1.594,4.084,-0.373,4.199
73.85,1.655,-0.268,1.596,4.291,-0.373,4.201
73.86,1.376,-0.268,1.594,4.526,-0.371,4.208
73.87,1.609,-0.265,1.597,4.351,-0.370,4.211
73.88,1.495,-0.264,1.597,4.247,-0.369,4.212
73.89,1.724,-0.264,1.598,4.287,-0.369,4.213
73.90,1.369,-0.266,1.594,4.053,-0.369,4.212
73.91,1.295,-0.267,1.589,4.281,-0.368,4.214
73.92,1.403,-0.267,1.587,3.910,-0.368,4.210
73.93,1.619,-0.268,1.587,4.238,-0.368,4.210
73.94,1.725,-0.268,1.589,4.180,-0.368,4.210
73.95,1.613,-0.267,1.590,4.516,-0.368,4.214
73.96,1.518,-0.268,1.588,4.065,-0.367,4.213
73.97,1.378,-0.268,1.586,3.974,-0.367,4.210
73.98,1.481,-0.267,1.585,4.010,-0.368,4.207
73.99,1.625,-0.269,1.584,4.287,-0.367,4.209
74.00,1.891,-0.269,1.588,4.006,-0.366,4.207
74.01,1.719,-0.270,1.589,4.107,-0.365,4.207
74.02,1.263,-0.272,1.583,4.011,-0.366,4.204
74.03,1.366,-0.272,1.580,4.317,-0.366,4.205
74.05,1.376,-0.274,1.575,4.300,-0.367,4.206
74.06,1.692,-0.276,1.576,4.364,-0.369,4.206
74.06,1.540,-0.274,1.577,4.442,-0.368,4.210
74.07,1.617,-0.275,1.576,4.111,-0.370,4.207
74.09,1.619,-0.275,1.577,4.020,-0.369,4.205
74.10,1.708,-0.276,1.578,4.299,-0.368,4.208
74.10,1.535,-0.277,1.577,4.265,-0.367,4.209
74.11,1.708,-0.277,1.579,4.189,-0.368,4.208
74.13,1.653,-0.277,1.580,4.093,-0.367,4.207
74.14,1.701,-0.277,1.582,4.114,-0.370,4.204
74.15,1.549,-0.277,1.581,4.166,-0.370,4.203
74.16,1.583,-0.277,1.581,4.456,-0.370,4.207
74.17,1.856,-0.277,1.586,4.341,-0.372,4.207
74.17,1.535,-0.276,1.585,4.180,-0.372,4.207
74.19,1.317,-0.275,1.584,3.940,-0.373,4.202
74.20,1.571,-0.275,1.583,4.340,-0.373,4.205
74.21,1.447,-0.276,1.581,4.087,-0.372,4.204
74.22,1.624,-0.275,1.582,4.545,-0.371,4.210
74.23,1.656,-0.275,1.584,4.253,-0.371,4.210
74.24,1.690,-0.276,1.584,4.277,-0.372,4.210
74.25,1.719,-0.275,1.587,3.962,-0.372,4.207
74.26,1.807,-0.273,1.592,4.056,-0.373,4.204
74.27,1.462,-0.275,1.588,4.005,-0.374,4.200
74.27,1.661,-0.274,1.591,4.314,-0.375,4.201
74.29,1.534,-0.273,1.591,4.312,-0.375,4.202
74.30,1.496,-0.274,1.589,4.132,-0.374,4.203
74.31,1.797,-0.271,1.595,4.379,-0.375,4.204
74.32,1.440,-0.270,1.594,4.114,-0.375,4.203
74.33,1.273,-0.269,1.591,4.424,-0.376,4.205
74.34,2.027,-0.269,1.597,4.133,-0.376,4.204
74.35,1.403,-0.269,1.594,4.297,-0.376,4.206
74.36,1.384,-0.269,1.592,4.016,-0.377,4.202
74.37,1.605,-0.269,1.592,3.745,-0.379,4.195
74.38,1.469,-0.268,1.591,4.245,-0.378,4.196
74.39,1.507,-0.267,1.591,4.304,-0.379,4.197
74.40,1.616,-0.266,1.593,4.405,-0.377,4.201
74.41,1.662,-0.265,1.595,4.467,-0.378,4.204
74.42,1.344,-0.268,1.589,4.124,-0.378,4.203
74.43,1.627,-0.269,1.589,4.331,-0.377,4.206
74.44,1.605,-0.269,1.589,4.316,-0.378,4.206
74.45,1.449,-0.269,1.587,4.017,-0.378,4.204
74.46,1.784,-0.268,1.591,4.120,-0.378,4.204
74.47,1.301,-0.269,1.586,3.818,-0.377,4.199
74.48,1.634,-0.268,1.588,4.419,-0.378,4.202
74.49,1.547,-0.268,1.588,4.087,-0.378,4.200
74.50,1.929,-0.269,1.591,4.255,-0.377,4.202
74.51,1.587,-0.268,1.593,3.712,-0.377,4.195
74.52,1.673,-0.268,1.594,4.251,-0.378,4.195
74.53,1.310,-0.267,1.591,4.020,-0.379,4.192
74.54,1.496,-0.266,1.590,4.459,-0.378,4.196
74.55,1.770,-0.267,1.592,4.304,-0.378,4.198
74.56,1.764,-0.266,1.595,3.996,-0.380,4.194
74.57,1.464,-0.267,1.593,4.021,-0.379,4.192
74.58,1.639,-0.268,1.593,4.043,-0.380,4.190
74.59,1.349,-0.267,1.591,4.141,-0.378,4.190
74.60,1.482,-0.266,1.591,4.291,-0.378,4.192
74.61,1.338,-0.268,1.585,4.439,-0.376,4.197
74.62,1.441,-0.269,1.583,4.248,-0.377,4.197
74.63,1.752,-0.269,1.584,4.078,-0.377,4.196
74.64,1.631,-0.268,1.587,4.099,-0.377,4.195
74.65,1.444,-0.265,1.587,4.170,-0.376,4.195
74.66,1.786,-0.265,1.590,4.098,-0.374,4.196
74.67,1.565,-0.265,1.590,4.334,-0.374,4.198
74.68,1.678,-0.262,1.594,3.994,-0.374,4.195
74.69,1.819,-0.263,1.596,4.520,-0.373,4.200
74.70,1.719,-0.264,1.597,4.274,-0.375,4.199
74.71,1.679,-0.264,1.598,4.431,-0.375,4.203
74.72,1.624,-0.263,1.599,4.235,-0.375,4.203
74.73,1.563,-0.264,1.598,4.392,-0.377,4.203
74.74,1.645,-0.264,1.599,3.988,-0.376,4.201
74.75,1.565,-0.262,1.601,4.287,-0.375,4.204
74.76,1.732,-0.260,1.605,4.078,-0.375,4.202
74.77,1.646,-0.260,1.605,4.303,-0.374,4.205
74.78,1.614,-0.262,1.604,4.215,-0.375,4.205
74.79,1.233,-0.261,1.600,4.101,-0.375,4.203
74.80,1.533,-0.261,1.599,4.157,-0.374,4.203
74.81,1.528,-0.263,1.596,4.004,-0.374,4.201
74.82,1.476,-0.262,1.596,4.151,-0.373,4.201
74.83,1.584,-0.262,1.595,4.067,-0.374,4.199
74.84,1.579,-0.263,1.594,4.162,-0.374,4.198
74.85,1.597,-0.264,1.594,4.152,-0.374,4.198
74.86,1.725,-0.265,1.595,4.437,-0.374,4.200
74.87,1.830,-0.266,1.596,4.254,-0.375,4.200
74.88,1.465,-0.268,1.593,3.914,-0.375,4.197
74.89,1.469,-0.271,1.588,4.161,-0.376,4.195
74.90,1.592,-0.269,1.591,4.197,-0.377,4.195
74.91,1.804,-0.268,1.594,4.122,-0.376,4.194
74.92,1.869,-0.269,1.597,4.565,-0.377,4.199
74.93,1.481,-0.269,1.596,4.307,-0.379,4.198
74.94,1.598,-0.269,1.597,4.021,-0.378,4.197
74.95,1.853,-0.270,1.599,3.957,-0.378,4.193
74.96,1.300,-0.271,1.594,3.945,-0.378,4.190
74.97,1.658,-0.271,1.595,4.355,-0.378,4.193
74.98,1.390,-0.272,1.592,4.159,-0.378,4.193
74.99,1.647,-0.270,1.595,4.086,-0.377,4.192
75.00,1.663,-0.268,1.597,3.943,-0.377,4.189
75.01,1.512,-0.267,1.597,3.977,-0.375,4.188
75.02,1.601,-0.267,1.597,4.221,-0.375,4.188
75.03,1.678,-0.268,1.597,4.296,-0.376,4.189
75.04,1.622,-0.271,1.595,4.339,-0.376,4.191
75.05,1.130,-0.271,1.589,4.485,-0.376,4.195
75.06,1.661,-0.271,1.590,3.865,-0.375,4.191
75.07,1.459,-0.272,1.588,4.247,-0.374,4.193
75.08,1.703,-0.271,1.590,4.260,-0.373,4.195
75.09,1.578,-0.273,1.588,3.982,-0.374,4.191
75.10,1.452,-0.272,1.587,3.973,-0.374,4.188
75.11,1.540,-0.272,1.587,4.033,-0.375,4.185
75.12,1.596,-0.273,1.586,4.167,-0.375,4.185
75.13,1.717,-0.273,1.588,4.246,-0.375,4.185
75.14,1.863,-0.272,1.593,3.882,-0.374,4.183
75.15,1.666,-0.272,1.593,4.132,-0.373,4.183
75.16,1.254,-0.273,1.589,4.261,-0.372,4.185
75.17,1.374,-0.273,1.585,3.968,-0.370,4.183
75.18,1.549,-0.274,1.584,3.968,-0.370,4.181
75.19,1.430,-0.275,1.581,4.283,-0.372,4.181
75.20,1.663,-0.275,1.582,4.142,-0.372,4.180
75.21,1.394,-0.274,1.581,3.954,-0.373,4.176
75.22,1.323,-0.274,1.578,4.593,-0.372,4.182
75.23,1.564,-0.276,1.575,4.326,-0.372,4.184
75.24,1.379,-0.275,1.574,4.518,-0.370,4.190
75.25,1.746,-0.276,1.575,4.221,-0.371,4.190
75.26,1.349,-0.276,1.572,4.007,-0.372,4.186
75.27,1.365,-0.276,1.569,4.215,-0.373,4.186
75.28,1.479,-0.278,1.566,4.087,-0.373,4.184
75.29,1.802,-0.280,1.568,4.069,-0.373,4.183
75.30,1.454,-0.279,1.567,4.331,-0.373,4.184
75.31,1.672,-0.279,1.568,4.393,-0.374,4.187
75.32,1.513,-0.282,1.565,4.223,-0.373,4.188
75.33,1.642,-0.280,1.567,3.797,-0.374,4.182
75.34,1.279,-0.281,1.563,4.200,-0.373,4.182
75.35,1.757,-0.282,1.565,4.332,-0.373,4.185
75.36,1.325,-0.282,1.562,4.067,-0.372,4.184
75.37,1.856,-0.281,1.567,4.150,-0.370,4.185
75.38,1.321,-0.278,1.566,4.416,-0.371,4.188
75.39,1.808,-0.280,1.567,4.209,-0.372,4.187
75.40,1.554,-0.280,1.567,4.634,-0.372,4.193
75.41,1.598,-0.281,1.567,4.439,-0.373,4.195
75.42,1.282,-0.282,1.562,4.220,-0.374,4.195
75.43,1.769,-0.282,1.564,4.252,-0.373,4.196
75.44,1.444,-0.281,1.564,4.220,-0.373,4.196
75.45,1.506,-0.280,1.564,4.602,-0.374,4.201
75.46,1.191,-0.283,1.556,4.165,-0.373,4.201
75.47,1.620,-0.284,1.556,4.274,-0.374,4.201
75.48,1.398,-0.285,1.553,4.004,-0.376,4.196
75.49,1.543,-0.284,1.553,4.273,-0.377,4.197
75.51,1.646,-0.285,1.553,4.000,-0.376,4.195
75.51,1.607,-0.286,1.554,4.382,-0.375,4.199
75.52,1.308,-0.288,1.549,3.831,-0.375,4.194
75.53,1.652,-0.288,1.550,3.869,-0.376,4.189
75.54,1.428,-0.290,1.546,4.242,-0.375,4.191
75.56,1.496,-0.288,1.547,4.243,-0.375,4.191
75.57,1.624,-0.288,1.548,4.236,-0.375,4.192
75.58,1.332,-0.290,1.543,3.838,-0.375,4.187
75.59,1.639,-0.289,1.545,4.150,-0.374,4.187
75.60,1.626,-0.289,1.546,4.413,-0.374,4.190
75.60,1.519,-0.291,1.544,4.033,-0.373,4.189
75.62,1.227,-0.291,1.540,4.166,-0.373,4.189
75.63,1.781,-0.292,1.542,4.197,-0.373,4.189
75.64,1.317,-0.295,1.536,4.352,-0.374,4.191
75.65,1.628,-0.296,1.536,4.553,-0.375,4.194
75.66,1.760,-0.298,1.537,4.265,-0.376,4.195
75.67,1.680,-0.298,1.539,4.216,-0.376,4.195
75.68,1.527,-0.300,1.537,4.322,-0.376,4.196
75.69,1.435,-0.299,1.536,4.299,-0.377,4.196
75.69,1.604,-0.300,1.536,4.445,-0.377,4.200
75.71,1.645,-0.301,1.537,4.096,-0.374,4.201
75.72,1.634,-0.300,1.539,4.263,-0.376,4.201
75.73,1.459,-0.301,1.537,4.245,-0.377,4.200
75.74,1.839,-0.302,1.540,4.168,-0.376,4.201
75.75,1.379,-0.300,1.539,4.185,-0.377,4.200
75.76,1.391,-0.302,1.536,3.970,-0.377,4.197
75.77,1.489,-0.301,1.536,4.349,-0.377,4.199
75.78,1.585,-0.299,1.538,4.130,-0.376,4.199
75.79,1.459,-0.300,1.537,4.077,-0.376,4.197
75.80,1.513,-0.300,1.536,4.152,-0.375,4.198
75.81,1.562,-0.298,1.538,4.134,-0.375,4.197
75.82,1.438,-0.299,1.536,4.282,-0.377,4.196
75.83,1.318,-0.301,1.531,4.275,-0.377,4.197
75.84,1.676,-0.302,1.532,4.231,-0.376,4.198
75.85,1.619,-0.303,1.532,4.313,-0.377,4.200
75.86,1.647,-0.304,1.532,4.246,-0.378,4.199
75.87,1.477,-0.305,1.531,4.369,-0.376,4.203
75.88,1.515,-0.304,1.532,4.235,-0.375,4.205
75.89,1.542,-0.303,1.533,4.369,-0.375,4.207
75.90,1.700,-0.302,1.535,4.337,-0.374,4.210
75.91,1.596,-0.304,1.534,4.341,-0.375,4.211
75.92,1.623,-0.304,1.536,4.331,-0.375,4.213
75.93,1.459,-0.304,1.534,4.101,-0.375,4.211
75.94,1.774,-0.304,1.537,3.939,-0.376,4.206
75.95,1.509,-0.306,1.536,4.503,-0.376,4.211
75.96,1.711,-0.307,1.537,4.207,-0.376,4.210
75.97,1.784,-0.308,1.539,4.347,-0.377,4.212
75.98,1.762,-0.309,1.541,4.259,-0.379,4.211
75.99,1.623,-0.309,1.542,4.330,-0.378,4.213
76.00,1.689,-0.309,1.544,4.665,-0.378,4.219
76.01,1.781,-0.310,1.546,4.086,-0.378,4.218
76.02,1.413,-0.309,1.546,4.322,-0.378,4.219
76.03,1.640,-0.309,1.547,4.011,-0.378,4.217
76.04,1.753,-0.309,1.550,4.311,-0.378,4.218
76.05,1.276,-0.309,1.546,4.070,-0.377,4.217
76.06,1.427,-0.310,1.544,4.264,-0.377,4.218
76.07,1.368,-0.310,1.542,3.704,-0.377,4.211
76.08,1.379,-0.308,1.541,4.200,-0.377,4.211
76.09,1.448,-0.309,1.539,4.198,-0.376,4.212
76.10,1.867,-0.309,1.544,4.214,-0.377,4.211
76.11,1.563,-0.307,1.546,4.198,-0.377,4.212
76.12,1.604,-0.308,1.546,4.128,-0.377,4.210
76.13,1.574,-0.308,1.546,4.177,-0.377,4.210
76.14,1.384,-0.309,1.542,4.308,-0.377,4.212
76.15,1.539,-0.310,1.542,4.107,-0.378,4.210
76.16,1.604,-0.311,1.542,4.312,-0.376,4.212
76.17,1.922,-0.311,1.547,4.421,-0.375,4.216
76.18,1.248,-0.312,1.542,4.025,-0.375,4.214
76.19,1.547,-0.311,1.543,4.100,-0.375,4.212
76.20,1.410,-0.312,1.540,4.143,-0.373,4.213
76.21,1.635,-0.312,1.542,3.924,-0.373,4.211
76.22,1.606,-0.311,1.544,4.014,-0.372,4.209
76.23,1.584,-0.312,1.543,4.239,-0.374,4.207
76.24,1.587,-0.311,1.544,4.220,-0.374,4.208
76.25,1.698,-0.313,1.545,4.092,-0.374,4.206
76.26,1.408,-0.312,1.544,4.138,-0.374,4.205
76.27,1.739,-0.312,1.546,4.086,-0.375,4.203
76.28,1.489,-0.314,1.545,4.365,-0.374,4.206
76.29,1.431,-0.313,1.543,4.059,-0.374,4.204
76.30,1.437,-0.312,1.543,4.183,-0.373,4.205
76.31,1.516,-0.312,1.543,4.434,-0.373,4.208
76.32,1.628,-0.313,1.543,4.055,-0.375,4.204
76.33,1.852,-0.314,1.546,4.237,-0.375,4.204
76.34,1.756,-0.315,1.548,4.536,-0.376,4.208
76.35,1.571,-0.317,1.546,3.951,-0.377,4.204
76.36,1.564,-0.317,1.547,4.175,-0.375,4.205
76.37,1.567,-0.318,1.546,4.257,-0.374,4.206
76.38,1.598,-0.318,1.547,4.357,-0.373,4.210
76.39,1.605,-0.321,1.545,4.301,-0.374,4.210
76.40,1.665,-0.321,1.546,4.023,-0.373,4.208
76.41,1.776,-0.320,1.551,4.099,-0.373,4.207
76.42,1.276,-0.320,1.547,4.157,-0.375,4.205
76.43,1.535,-0.319,1.549,4.131,-0.377,4.202
76.44,1.906,-0.319,1.553,4.162,-0.378,4.201
76.45,1.600,-0.322,1.551,4.069,-0.379,4.198
76.46,1.723,-0.321,1.554,3.935,-0.378,4.195
76.47,1.697,-0.319,1.558,4.137,-0.379,4.194
76.48,1.503,-0.322,1.555,4.026,-0.379,4.191
76.49,1.735,-0.322,1.558,4.218,-0.379,4.191
76.50,1.478,-0.321,1.558,4.447,-0.380,4.194
76.51,1.516,-0.321,1.557,4.135,-0.380,4.194
76.52,1.432,-0.320,1.557,4.075,-0.381,4.191
76.53,1.403,-0.318,1.557,3.890,-0.380,4.187
76.54,1.378,-0.320,1.553,4.429,-0.379,4.192
76.55,1.791,-0.322,1.554,4.295,-0.380,4.193
76.56,1.505,-0.323,1.553,4.176,-0.381,4.191
76.57,1.613,-0.325,1.552,4.321,-0.382,4.192
76.58,1.605,-0.328,1.550,3.972,-0.383,4.188
76.59,1.724,-0.327,1.553,3.928,-0.384,4.184
76.60,1.691,-0.327,1.555,4.234,-0.383,4.185
76.61,1.568,-0.329,1.554,4.352,-0.383,4.188
76.62,1.510,-0.326,1.556,4.178,-0.383,4.187
76.63,1.565,-0.328,1.554,4.334,-0.383,4.190
76.64,1.403,-0.326,1.554,4.425,-0.382,4.193
76.65,1.849,-0.325,1.560,4.339,-0.381,4.196
76.66,1.444,-0.324,1.559,4.146,-0.382,4.195
76.67,1.626,-0.323,1.561,4.034,-0.381,4.193
76.68,1.742,-0.324,1.563,4.426,-0.382,4.195
76.69,1.425,-0.323,1.562,4.041,-0.383,4.192
76.70,1.664,-0.322,1.564,4.239,-0.382,4.194
76.71,1.234,-0.323,1.559,4.266,-0.382,4.195
76.72,1.756,-0.323,1.562,4.231,-0.381,4.196
76.73,1.488,-0.325,1.559,4.018,-0.381,4.194
76.74,1.672,-0.323,1.563,4.138,-0.382,4.193
76.75,1.589,-0.323,1.563,4.357,-0.381,4.195
76.76,1.969,-0.324,1.568,4.157,-0.382,4.194
76.77,1.457,-0.323,1.568,4.095,-0.381,4.194
76.78,1.519,-0.325,1.566,4.213,-0.381,4.194
76.79,1.511,-0.328,1.562,4.013,-0.381,4.192
76.80,1.450,-0.329,1.560,4.298,-0.382,4.192
76.81,1.490,-0.330,1.558,4.106,-0.382,4.191
76.82,1.827,-0.330,1.562,4.310,-0.383,4.192
76.83,1.666,-0.331,1.562,4.171,-0.383,4.192
76.84,1.678,-0.331,1.565,4.018,-0.382,4.190
76.85,1.470,-0.330,1.564,4.183,-0.383,4.189
76.86,1.441,-0.329,1.564,4.181,-0.382,4.190
76.87,1.609,-0.330,1.563,3.920,-0.383,4.186
76.88,1.713,-0.332,1.564,4.234,-0.385,4.185
76.89,1.820,-0.331,1.569,4.034,-0.384,4.183
76.90,1.482,-0.328,1.571,4.207,-0.384,4.183
76.91,1.337,-0.326,1.569,4.192,-0.386,4.182
76.92,1.662,-0.324,1.573,4.208,-0.386,4.182
76.93,1.567,-0.324,1.573,4.291,-0.387,4.182
76.94,1.630,-0.324,1.574,4.106,-0.387,4.182
76.95,1.687,-0.323,1.577,4.124,-0.388,4.179
76.97,1.676,-0.321,1.580,4.205,-0.389,4.179
76.97,1.563,-0.321,1.581,4.294,-0.388,4.181
76.98,1.689,-0.321,1.582,4.035,-0.389,4.178
76.99,1.523,-0.321,1.582,4.073,-0.390,4.176
77.01,1.536,-0.322,1.581,4.226,-0.391,4.176
77.01,1.590,-0.321,1.581,3.915,-0.391,4.173
77.02,1.570,-0.322,1.581,4.045,-0.392,4.170
77.03,1.442,-0.321,1.580,4.285,-0.392,4.171
77.04,1.459,-0.323,1.577,4.235,-0.392,4.172
77.05,1.686,-0.324,1.578,4.027,-0.392,4.170
77.07,1.556,-0.324,1.578,4.494,-0.393,4.174
77.07,1.401,-0.323,1.576,3.983,-0.392,4.172
77.09,1.497,-0.323,1.575,4.270,-0.391,4.174
77.10,1.757,-0.324,1.578,4.297,-0.391,4.176
77.11,1.626,-0.325,1.577,4.281,-0.392,4.176
77.12,1.815,-0.326,1.579,4.375,-0.392,4.178
77.13,1.750,-0.326,1.582,4.387,-0.391,4.182
77.14,1.716,-0.327,1.583,3.930,-0.390,4.179
77.15,1.677,-0.327,1.584,4.208,-0.391,4.179
77.16,1.514,-0.328,1.583,4.367,-0.390,4.183
77.17,1.563,-0.326,1.585,3.944,-0.391,4.179
77.18,1.576,-0.326,1.585,4.239,-0.390,4.180
77.19,1.537,-0.326,1.585,4.061,-0.390,4.179
77.20,1.527,-0.325,1.585,4.376,-0.391,4.180
77.21,1.619,-0.328,1.583,4.119,-0.392,4.179
77.22,1.766,-0.329,1.584,4.003,-0.393,4.175
77.23,1.614,-0.328,1.587,4.368,-0.393,4.178
77.24,1.659,-0.328,1.587,4.106,-0.393,4.177
77.25,1.623,-0.328,1.588,4.128,-0.393,4.176
77.26,1.521,-0.329,1.587,4.217,-0.393,4.177
77.27,1.607,-0.328,1.588,4.380,-0.392,4.181
77.28,1.453,-0.328,1.586,4.144,-0.390,4.181
77.29,1.319,-0.329,1.583,4.553,-0.390,4.187
77.30,1.448,-0.330,1.580,4.090,-0.391,4.184
77.31,1.246,-0.330,1.576,3.888,-0.391,4.180
77.32,1.645,-0.331,1.576,4.408,-0.392,4.183
77.33,1.611,-0.332,1.576,4.227,-0.391,4.184
77.34,1.671,-0.332,1.577,4.553,-0.389,4.191
77.35,1.765,-0.333,1.579,4.023,-0.388,4.189
77.36,1.487,-0.331,1.580,4.042,-0.389,4.187
77.37,1.509,-0.331,1.579,4.202,-0.388,4.188
77.38,1.493,-0.331,1.579,4.030,-0.389,4.185
77.39,1.358,-0.332,1.575,4.072,-0.389,4.184
77.40,1.628,-0.333,1.575,4.443,-0.390,4.187
77.41,1.299,-0.332,1.572,4.453,-0.390,4.189
77.42,1.404,-0.333,1.570,4.261,-0.391,4.190
77.43,1.217,-0.334,1.564,4.396,-0.391,4.192
77.44,1.467,-0.331,1.566,3.919,-0.391,4.189
77.45,1.765,-0.332,1.567,4.085,-0.391,4.187
77.46,1.554,-0.333,1.567,4.365,-0.391,4.190
77.47,1.641,-0.334,1.567,4.171,-0.389,4.192
77.48,1.599,-0.337,1.565,4.277,-0.389,4.193
77.49,1.708,-0.338,1.565,4.367,-0.390,4.194
77.50,1.651,-0.338,1.567,3.914,-0.389,4.192
77.51,1.608,-0.338,1.568,4.432,-0.389,4.195
77.52,1.715,-0.338,1.570,4.458,-0.390,4.197
77.53,1.450,-0.338,1.568,4.248,-0.389,4.199
77.54,1.596,-0.336,1.571,4.303,-0.390,4.200
77.55,1.727,-0.338,1.572,4.283,-0.389,4.202
77.56,1.507,-0.339,1.569,4.424,-0.390,4.204
77.57,1.792,-0.340,1.572,4.261,-0.391,4.204
77.58,1.248,-0.342,1.566,4.446,-0.392,4.206
77.59,1.690,-0.343,1.567,4.484,-0.393,4.209
77.60,1.784,-0.344,1.569,4.254,-0.393,4.209
77.61,1.456,-0.343,1.568,4.058,-0.394,4.207
77.62,1.490,-0.346,1.565,4.082,-0.394,4.205
77.63,1.817,-0.347,1.567,4.233,-0.395,4.205
77.64,1.652,-0.349,1.567,4.158,-0.396,4.204
77.65,1.458,-0.349,1.565,4.098,-0.395,4.203
77.66,1.631,-0.349,1.566,3.978,-0.396,4.199
77.67,1.486,-0.350,1.565,3.881,-0.397,4.194
77.68,1.811,-0.348,1.570,4.243,-0.397,4.195
77.69,1.508,-0.348,1.570,4.354,-0.398,4.197
77.70,1.820,-0.348,1.573,4.156,-0.397,4.197
77.71,1.758,-0.350,1.574,4.299,-0.397,4.198
77.72,1.575,-0.351,1.574,4.370,-0.397,4.201
77.73,1.647,-0.350,1.576,4.161,-0.396,4.202
77.74,1.667,-0.350,1.577,4.027,-0.396,4.199
77.75,1.634,-0.349,1.579,4.082,-0.395,4.198
77.76,1.705,-0.350,1.580,4.444,-0.395,4.202
77.77,1.338,-0.351,1.576,4.195,-0.396,4.201
77.78,1.638,-0.352,1.577,3.907,-0.395,4.198
77.79,1.658,-0.350,1.580,4.307,-0.395,4.200
77.80,1.483,-0.350,1.579,4.257,-0.395,4.201
77.81,1.536,-0.350,1.578,4.640,-0.395,4.207
77.82,1.449,-0.350,1.577,3.958,-0.395,4.203
77.83,1.664,-0.351,1.578,4.153,-0.395,4.203
77.84,1.499,-0.351,1.576,4.135,-0.394,4.203
77.85,1.704,-0.352,1.578,4.179,-0.394,4.203
77.86,1.545,-0.353,1.576,3.997,-0.395,4.200
77.87,1.724,-0.353,1.579,4.107,-0.396,4.197
77.88,1.782,-0.356,1.578,4.129,-0.398,4.195
77.89,1.442,-0.356,1.577,4.275,-0.397,4.196
77.90,1.365,-0.356,1.574,3.883,-0.396,4.194
77.91,1.418,-0.356,1.573,4.135,-0.395,4.194
77.92,1.669,-0.357,1.574,3.962,-0.395,4.191
77.93,1.299,-0.358,1.569,4.284,-0.396,4.192
77.94,1.607,-0.358,1.570,4.524,-0.395,4.197
77.95,1.655,-0.358,1.571,4.299,-0.396,4.197
77.96,1.671,-0.358,1.573,4.569,-0.396,4.202
77.97,1.483,-0.357,1.573,3.773,-0.395,4.198
77.98,1.534,-0.357,1.573,4.394,-0.394,4.201
77.99,1.539,-0.356,1.573,4.232,-0.395,4.201
78.00,1.703,-0.358,1.574,3.834,-0.395,4.196
78.01,1.599,-0.357,1.575,4.367,-0.396,4.198
78.02,1.565,-0.357,1.575,4.410,-0.394,4.202
78.03,1.471,-0.357,1.574,4.107,-0.395,4.200
78.04,1.639,-0.356,1.576,4.299,-0.396,4.201
78.05,1.478,-0.356,1.575,4.195,-0.396,4.200
78.06,1.426,-0.357,1.573,3.912,-0.396,4.197
78.07,1.561,-0.358,1.572,3.829,-0.396,4.192
78.08,1.661,-0.357,1.574,4.122,-0.397,4.190
78.09,1.627,-0.356,1.576,4.242,-0.398,4.190
78.10,1.615,-0.356,1.577,4.231,-0.399,4.190
78.11,1.528,-0.358,1.574,3.977,-0.399,4.187
78.12,1.529,-0.359,1.573,4.234,-0.399,4.188
78.13,1.827,-0.359,1.577,4.455,-0.397,4.193
78.14,1.602,-0.359,1.577,4.088,-0.398,4.191
78.15,1.760,-0.362,1.578,4.328,-0.398,4.193
78.16,1.592,-0.362,1.577,4.098,-0.398,4.192
78.17,1.627,-0.362,1.579,4.462,-0.397,4.196
78.18,1.665,-0.361,1.581,4.202,-0.397,4.196
78.19,1.723,-0.363,1.581,4.452,-0.399,4.198
78.20,1.546,-0.363,1.581,4.326,-0.399,4.200
78.21,1.591,-0.362,1.582,4.204,-0.399,4.199
78.22,1.771,-0.362,1.585,4.534,-0.400,4.203
78.23,1.875,-0.361,1.591,4.217,-0.399,4.205
78.24,1.473,-0.360,1.590,3.971,-0.398,4.203
78.25,1.672,-0.359,1.593,4.231,-0.397,4.204
78.26,1.432,-0.360,1.590,4.011,-0.398,4.201
78.27,1.486,-0.358,1.591,4.410,-0.399,4.203
78.28,1.757,-0.359,1.593,4.516,-0.398,4.207
78.29,1.442,-0.360,1.590,4.210,-0.398,4.208
78.30,1.733,-0.361,1.591,4.057,-0.399,4.206
78.31,1.563,-0.362,1.590,4.039,-0.398,4.204
78.32,1.313,-0.360,1.588,3.918,-0.399,4.200
78.33,1.556,-0.361,1.587,3.953,-0.399,4.197
78.34,1.593,-0.361,1.588,4.160,-0.399,4.196
78.35,1.454,-0.362,1.586,3.972,-0.399,4.193
78.36,1.601,-0.362,1.586,4.155,-0.399,4.193
78.37,1.420,-0.360,1.586,3.996,-0.397,4.192
78.38,1.626,-0.362,1.585,4.372,-0.396,4.196
78.39,1.608,-0.365,1.583,4.045,-0.396,4.193
78.40,1.467,-0.365,1.582,4.136,-0.395,4.194
78.41,1.601,-0.363,1.584,4.337,-0.395,4.196
78.42,1.542,-0.364,1.583,4.240,-0.395,4.197
78.43,1.682,-0.364,1.584,4.355,-0.395,4.198
78.44,1.637,-0.362,1.587,4.185,-0.396,4.198
78.45,1.858,-0.363,1.590,4.071,-0.395,4.196
78.46,1.620,-0.365,1.589,4.081,-0.396,4.194
78.47,1.748,-0.365,1.591,3.874,-0.397,4.189
78.48,1.729,-0.366,1.593,4.129,-0.399,4.187
78.49,1.664,-0.365,1.595,3.891,-0.398,4.184
78.51,1.671,-0.366,1.595,4.318,-0.399,4.184
78.51,1.315,-0.367,1.591,3.894,-0.400,4.180
78.52,1.532,-0.366,1.591,4.281,-0.400,4.181
78.53,1.769,-0.366,1.594,4.044,-0.401,4.178
78.54,1.693,-0.368,1.594,4.044,-0.401,4.177
78.55,1.498,-0.367,1.594,4.188,-0.402,4.176
78.56,1.571,-0.367,1.594,4.232,-0.402,4.176
78.57,1.557,-0.368,1.592,4.264,-0.402,4.178
78.59,1.612,-0.367,1.595,4.086,-0.401,4.177
78.59,1.619,-0.367,1.595,4.437,-0.402,4.179
78.60,1.663,-0.366,1.597,4.453,-0.404,4.181
78.62,1.644,-0.365,1.599,4.313,-0.406,4.181
78.63,1.556,-0.365,1.599,4.168,-0.405,4.182
78.64,1.637,-0.364,1.600,4.125,-0.405,4.182
78.65,1.773,-0.364,1.603,4.380,-0.404,4.185
78.66,1.526,-0.362,1.605,4.401,-0.403,4.188
78.67,1.399,-0.363,1.602,4.260,-0.403,4.190
78.68,1.347,-0.361,1.600,4.326,-0.402,4.193
78.69,1.729,-0.360,1.603,4.213,-0.401,4.194
78.70,1.598,-0.359,1.605,3.969,-0.400,4.192
78.71,1.591,-0.360,1.604,3.892,-0.400,4.188
78.72,1.720,-0.361,1.605,4.326,-0.399,4.191
78.73,1.750,-0.362,1.606,3.962,-0.399,4.188
78.74,1.595,-0.361,1.607,4.154,-0.398,4.188
78.75,1.522,-0.360,1.607,4.101,-0.399,4.187
78.76,1.495,-0.362,1.604,4.238,-0.399,4.187
78.77,1.569,-0.362,1.604,4.285,-0.399,4.188
78.78,1.647,-0.362,1.605,4.319,-0.400,4.189
78.79,1.646,-0.364,1.604,4.568,-0.399,4.195
78.80,1.439,-0.366,1.600,4.231,-0.400,4.195
78.81,1.610,-0.367,1.599,4.031,-0.400,4.193
78.82,1.728,-0.368,1.601,4.349,-0.400,4.195
78.83,1.258,-0.367,1.597,4.287,-0.400,4.196
78.84,1.728,-0.367,1.600,4.381,-0.400,4.199
78.85,1.650,-0.367,1.600,4.036,-0.399,4.197
78.86,1.410,-0.369,1.596,4.371,-0.397,4.202
78.87,1.593,-0.369,1.596,4.343,-0.396,4.205
78.88,1.528,-0.369,1.596,4.197,-0.398,4.203
78.89,1.640,-0.371,1.595,4.252,-0.398,4.204
78.90,1.477,-0.370,1.594,4.166,-0.398,4.203
78.91,1.609,-0.372,1.593,4.481,-0.399,4.206
78.92,1.245,-0.372,1.589,4.326,-0.398,4.208
78.93,1.881,-0.372,1.593,4.268,-0.398,4.209
78.94,1.463,-0.371,1.592,3.991,-0.398,4.207
78.95,1.495,-0.371,1.592,4.423,-0.397,4.211
78.96,1.617,-0.370,1.593,4.113,-0.397,4.209
78.97,1.604,-0.371,1.592,4.009,-0.396,4.208
78.98,1.838,-0.369,1.598,3.959,-0.395,4.206
78.99,1.665,-0.368,1.601,4.024,-0.394,4.205
79.00,1.600,-0.369,1.600,3.960,-0.394,4.202
79.01,1.451,-0.369,1.598,4.167,-0.394,4.201
79.02,1.326,-0.370,1.594,3.953,-0.393,4.199
79.03,1.834,-0.368,1.599,4.177,-0.393,4.198
79.04,1.665,-0.368,1.600,4.217,-0.396,4.196
79.05,1.402,-0.368,1.598,3.794,-0.394,4.192
79.06,1.411,-0.369,1.595,3.898,-0.394,4.189
79.07,1.511,-0.369,1.594,4.182,-0.394,4.188
79.08,1.467,-0.371,1.590,4.281,-0.396,4.188
79.09,1.804,-0.372,1.592,4.383,-0.395,4.192
79.10,1.675,-0.372,1.594,4.346,-0.393,4.195
79.11,1.263,-0.373,1.589,4.219,-0.393,4.196
79.12,1.640,-0.376,1.587,4.252,-0.394,4.196
79.13,1.653,-0.377,1.587,3.982,-0.393,4.193
79.14,1.393,-0.377,1.585,4.316,-0.394,4.195
79.15,1.868,-0.377,1.589,4.224,-0.394,4.195
79.16,1.654,-0.375,1.591,4.178,-0.393,4.196
79.17,1.783,-0.374,1.596,3.928,-0.393,4.192
79.18,1.285,-0.372,1.594,3.962,-0.393,4.189
79.19,1.730,-0.371,1.597,4.025,-0.392,4.188
79.20,1.747,-0.373,1.597,4.020,-0.393,4.185
79.21,1.532,-0.373,1.597,4.047,-0.393,4.183
79.22,1.688,-0.373,1.598,4.052,-0.393,4.181
79.23,1.750,-0.373,1.600,4.135,-0.392,4.182
79.24,1.710,-0.374,1.601,4.413,-0.391,4.185
79.25,1.598,-0.374,1.601,4.172,-0.391,4.185
79.26,1.423,-0.374,1.599,3.940,-0.391,4.182
79.27,1.576,-0.374,1.600,3.943,-0.392,4.178
79.28,1.468,-0.374,1.597,3.789,-0.391,4.173
79.29,1.628,-0.375,1.598,4.017,-0.392,4.170
79.30,1.649,-0.374,1.599,4.351,-0.392,4.173
79.31,1.536,-0.376,1.597,4.243,-0.393,4.173
79.32,1.727,-0.377,1.598,3.984,-0.392,4.170
79.33,1.682,-0.378,1.598,4.356,-0.392,4.173
79.34,1.605,-0.379,1.598,4.398,-0.392,4.176
79.35,1.494,-0.380,1.596,4.119,-0.393,4.174
79.36,1.410,-0.381,1.592,4.043,-0.394,4.171
79.37,1.866,-0.381,1.596,3.946,-0.394,4.168
79.38,1.702,-0.380,1.599,4.149,-0.394,4.168
79.39,1.531,-0.381,1.598,4.329,-0.393,4.171
79.40,1.699,-0.382,1.598,4.092,-0.393,4.169
79.41,1.447,-0.382,1.596,4.196,-0.393,4.169
79.42,1.500,-0.383,1.595,4.236,-0.395,4.169
79.43,1.514,-0.383,1.594,4.007,-0.395,4.167
79.44,1.575,-0.382,1.594,3.985,-0.396,4.163
79.45,1.587,-0.382,1.595,4.052,-0.397,4.160
79.46,1.651,-0.382,1.596,4.240,-0.397,4.161
79.47,1.538,-0.382,1.596,4.062,-0.398,4.158
79.48,1.468,-0.382,1.594,4.312,-0.398,4.161
79.49,1.634,-0.382,1.595,3.972,-0.398,4.158
79.50,1.725,-0.383,1.596,4.216,-0.398,4.158
79.51,1.560,-0.383,1.595,4.338,-0.397,4.162
79.52,1.514,-0.383,1.595,4.231,-0.398,4.162
79.53,1.412,-0.383,1.593,3.994,-0.396,4.161
79.54,1.491,-0.387,1.588,3.942,-0.396,4.158
79.55,1.788,-0.386,1.592,4.286,-0.396,4.160
79.56,1.647,-0.387,1.592,4.077,-0.396,4.158
79.57,1.842,-0.387,1.595,4.215,-0.397,4.158
79.58,1.649,-0.387,1.596,4.393,-0.397,4.161
79.59,1.432,-0.387,1.594,4.036,-0.398,4.158
79.60,1.605,-0.389,1.593,4.146,-0.398,4.158
79.61,1.589,-0.388,1.594,4.031,-0.397,4.157
79.62,1.533,-0.389,1.592,4.150,-0.398,4.156
79.63,1.867,-0.388,1.597,4.477,-0.399,4.159
79.64,1.473,-0.389,1.595,4.382,-0.399,4.162
79.65,1.717,-0.389,1.597,3.859,-0.400,4.156
79.66,1.694,-0.388,1.600,4.164,-0.398,4.159
79.67,1.475,-0.388,1.599,4.157,-0.399,4.158
79.68,1.627,-0.389,1.598,3.991,-0.398,4.156
79.69,1.683,-0.389,1.600,4.392,-0.398,4.159
79.70,1.525,-0.389,1.598,4.742,-0.398,4.166
79.71,1.440,-0.391,1.594,4.257,-0.398,4.168
79.72,1.714,-0.392,1.595,4.229,-0.399,4.168
79.73,1.681,-0.393,1.597,4.469,-0.399,4.172
79.74,1.565,-0.394,1.595,4.474,-0.399,4.176
79.75,1.657,-0.395,1.595,4.004,-0.398,4.174
79.76,1.547,-0.395,1.595,4.209,-0.397,4.175
79.77,1.573,-0.395,1.595,4.102,-0.398,4.174
79.78,1.556,-0.396,1.594,4.371,-0.397,4.177
79.79,1.306,-0.394,1.592,4.257,-0.397,4.178
79.80,1.513,-0.394,1.591,4.026,-0.399,4.175
79.81,1.425,-0.394,1.589,3.932,-0.398,4.172
79.82,1.593,-0.394,1.589,4.006,-0.398,4.169
79.83,1.459,-0.393,1.590,4.145,-0.401,4.166
79.84,1.573,-0.393,1.590,4.258,-0.400,4.168
79.85,1.269,-0.392,1.586,4.054,-0.399,4.168
79.86,1.523,-0.393,1.585,4.367,-0.398,4.171
79.87,1.519,-0.394,1.583,4.034,-0.398,4.169
79.88,1.524,-0.394,1.582,4.310,-0.397,4.172
79.89,1.672,-0.393,1.585,4.231,-0.398,4.172
79.90,1.858,-0.394,1.588,4.395,-0.400,4.173
79.91,1.871,-0.394,1.592,4.117,-0.400,4.172
79.92,1.578,-0.392,1.594,4.200,-0.400,4.172
79.93,1.579,-0.393,1.593,4.311,-0.401,4.174
79.94,1.833,-0.392,1.598,4.200,-0.400,4.175
79.95,1.788,-0.394,1.598,3.854,-0.401,4.169
79.96,1.566,-0.395,1.597,4.602,-0.402,4.174
79.97,1.884,-0.394,1.602,4.120,-0.400,4.175
79.98,1.597,-0.395,1.601,4.414,-0.401,4.178
79.99,1.568,-0.395,1.601,4.114,-0.401,4.177
80.01,1.503,-0.398,1.597,4.116,-0.401,4.176
80.02,1.546,-0.399,1.596,4.410,-0.401,4.179
80.03,1.588,-0.399,1.596,3.862,-0.402,4.174
80.04,1.613,-0.400,1.595,3.882,-0.402,4.170
80.05,1.461,-0.400,1.594,4.126,-0.403,4.169
80.05,1.346,-0.399,1.592,4.208,-0.402,4.170
80.07,1.446,-0.398,1.591,4.455,-0.401,4.175
80.08,1.683,-0.397,1.594,4.635,-0.400,4.182
80.09,1.724,-0.398,1.595,4.192,-0.401,4.181
80.09,1.485,-0.399,1.593,4.221,-0.401,4.181
80.11,1.629,-0.400,1.593,4.342,-0.402,4.183
80.12,1.409,-0.400,1.591,4.067,-0.402,4.181
80.13,1.628,-0.398,1.593,4.125,-0.402,4.180
80.14,1.857,-0.398,1.597,4.225,-0.403,4.180
80.15,1.792,-0.398,1.599,4.298,-0.403,4.182
80.16,1.400,-0.399,1.596,4.015,-0.403,4.180
80.17,1.484,-0.399,1.595,4.041,-0.403,4.177
80.18,1.568,-0.401,1.593,4.442,-0.403,4.181
80.19,1.274,-0.403,1.587,4.267,-0.404,4.181
80.20,1.620,-0.403,1.588,4.231,-0.403,4.183
80.21,1.738,-0.403,1.590,4.344,-0.403,4.185
80.22,1.479,-0.401,1.591,4.054,-0.404,4.183
80.23,1.712,-0.399,1.594,4.041,-0.404,4.181
80.24,1.644,-0.399,1.595,4.395,-0.404,4.184
80.25,1.405,-0.401,1.591,4.513,-0.404,4.188
80.26,1.658,-0.401,1.592,4.079,-0.403,4.187
80.27,1.457,-0.402,1.590,4.001,-0.403,4.185
80.28,1.374,-0.402,1.587,4.289,-0.405,4.184
80.29,1.751,-0.402,1.589,4.090,-0.405,4.183
80.30,1.640,-0.401,1.591,4.454,-0.404,4.188
80.31,1.513,-0.400,1.591,4.088,-0.404,4.187
80.32,1.568,-0.400,1.592,4.091,-0.405,4.185
80.33,1.645,-0.400,1.592,3.853,-0.405,4.180
80.34,1.635,-0.401,1.592,4.279,-0.404,4.183
80.35,2.010,-0.402,1.597,4.412,-0.404,4.186
80.36,1.671,-0.402,1.598,4.144,-0.404,4.185
80.37,1.310,-0.401,1.595,4.173,-0.404,4.185
80.38,1.579,-0.401,1.596,4.144,-0.404,4.184
80.39,1.729,-0.402,1.597,4.105,-0.405,4.183
80.40,1.593,-0.403,1.596,4.185,-0.404,4.183
80.41,1.488,-0.402,1.596,4.273,-0.404,4.185
80.42,1.683,-0.403,1.596,4.359,-0.404,4.187
80.43,1.453,-0.405,1.593,4.321,-0.404,4.190
80.44,1.457,-0.407,1.589,4.459,-0.405,4.192
80.45,1.724,-0.404,1.594,4.454,-0.404,4.196
80.46,1.613,-0.404,1.595,4.454,-0.403,4.201
80.47,1.466,-0.404,1.593,4.168,-0.404,4.200
80.48,1.492,-0.405,1.591,4.340,-0.404,4.202
80.49,1.793,-0.404,1.594,4.299,-0.405,4.202
80.50,1.437,-0.405,1.592,4.051,-0.406,4.199
80.51,1.588,-0.405,1.592,4.104,-0.407,4.197
80.52,1.380,-0.406,1.589,4.302,-0.406,4.200
80.53,1.667,-0.405,1.591,4.136,-0.405,4.200
80.54,1.652,-0.403,1.594,3.991,-0.404,4.198
80.55,1.787,-0.402,1.598,4.309,-0.404,4.200
80.56,1.448,-0.401,1.597,4.169,-0.404,4.199
80.57,1.539,-0.402,1.596,4.041,-0.404,4.198
80.58,1.320,-0.402,1.593,4.473,-0.404,4.201
80.59,1.681,-0.401,1.594,4.451,-0.403,4.206
80.60,1.794,-0.402,1.596,4.637,-0.404,4.211
80.61,1.648,-0.402,1.598,3.778,-0.404,4.206
80.62,1.528,-0.400,1.598,4.003,-0.404,4.203
80.63,1.707,-0.401,1.599,4.018,-0.404,4.201
80.64,1.839,-0.402,1.602,4.216,-0.405,4.200
80.65,1.657,-0.403,1.602,4.037,-0.406,4.197
80.66,1.513,-0.401,1.603,4.446,-0.407,4.199
80.67,1.455,-0.403,1.599,4.329,-0.405,4.203
80.68,1.559,-0.403,1.598,4.092,-0.404,4.203
80.69,1.807,-0.402,1.602,4.392,-0.404,4.206
80.70,1.748,-0.403,1.604,3.898,-0.405,4.201
80.71,1.580,-0.402,1.605,4.206,-0.405,4.200
80.72,1.756,-0.403,1.606,4.343,-0.405,4.203
80.73,1.632,-0.404,1.605,4.245,-0.403,4.205
80.74,1.471,-0.406,1.603,3.915,-0.403,4.201
80.75,1.650,-0.404,1.605,4.463,-0.403,4.205
80.76,1.679,-0.405,1.606,4.021,-0.404,4.202
80.77,1.597,-0.404,1.607,4.137,-0.404,4.201
80.78,1.576,-0.404,1.607,4.097,-0.404,4.200
80.79,1.754,-0.404,1.609,4.167,-0.405,4.199
80.80,1.565,-0.403,1.609,4.143,-0.404,4.199
80.81,1.757,-0.402,1.613,4.415,-0.403,4.203
80.82,1.660,-0.403,1.613,4.034,-0.404,4.200
80.83,1.493,-0.404,1.611,4.183,-0.405,4.199
80.84,1.488,-0.404,1.609,4.194,-0.404,4.200
80.85,1.464,-0.403,1.608,4.102,-0.404,4.199
80.86,1.512,-0.403,1.607,4.315,-0.404,4.201
80.87,1.540,-0.403,1.607,4.191,-0.403,4.201
80.88,1.477,-0.405,1.604,4.173,-0.403,4.201
80.89,1.545,-0.405,1.603,3.803,-0.402,4.197
80.90,1.655,-0.405,1.604,4.206,-0.401,4.197
80.91,1.904,-0.406,1.607,4.194,-0.401,4.198
80.92,1.512,-0.405,1.607,4.472,-0.402,4.201
80.93,1.538,-0.406,1.605,4.256,-0.403,4.201
80.94,1.893,-0.408,1.607,4.010,-0.403,4.198
80.95,1.455,-0.408,1.606,4.423,-0.403,4.201
80.96,1.585,-0.408,1.605,4.165,-0.404,4.200
80.97,1.508,-0.408,1.604,4.207,-0.403,4.201
80.98,1.695,-0.408,1.606,3.855,-0.404,4.195
80.99,1.578,-0.410,1.604,4.354,-0.405,4.197
81.00,1.403,-0.408,1.603,4.271,-0.403,4.200
81.01,1.493,-0.408,1.603,3.725,-0.403,4.194
81.02,1.506,-0.409,1.600,4.518,-0.403,4.198
81.03,1.716,-0.410,1.601,4.149,-0.405,4.196
81.04,1.691,-0.411,1.602,4.074,-0.404,4.195
81.05,1.427,-0.411,1.599,4.156,-0.406,4.193
81.06,1.480,-0.411,1.598,4.116,-0.404,4.193
81.07,1.596,-0.410,1.599,4.274,-0.405,4.194
81.08,1.448,-0.411,1.596,4.004,-0.405,4.191
81.09,1.532,-0.412,1.595,4.375,-0.406,4.193
81.10,1.539,-0.413,1.594,4.301,-0.405,4.195
81.11,1.543,-0.414,1.592,3.824,-0.406,4.189
81.12,1.509,-0.414,1.591,4.162,-0.406,4.189
81.13,1.739,-0.413,1.594,3.962,-0.404,4.188
81.14,1.429,-0.412,1.593,4.324,-0.404,4.190
81.15,1.752,-0.411,1.596,4.260,-0.405,4.190
81.16,1.732,-0.411,1.598,4.295,-0.404,4.192
81.17,1.697,-0.412,1.599,4.378,-0.403,4.196
81.18,1.612,-0.412,1.600,4.278,-0.403,4.197
81.19,1.521,-0.412,1.599,4.471,-0.403,4.200
81.20,1.635,-0.415,1.596,4.142,-0.405,4.198
81.21,1.505,-0.414,1.596,4.224,-0.406,4.197
81.22,1.547,-0.414,1.595,4.452,-0.406,4.201
81.23,1.545,-0.417,1.592,4.383,-0.405,4.204
81.24,1.457,-0.417,1.590,4.101,-0.405,4.203
81.25,1.325,-0.418,1.587,4.446,-0.405,4.206
81.26,1.525,-0.419,1.585,4.422,-0.405,4.210
81.27,1.928,-0.420,1.588,4.080,-0.405,4.208
81.28,1.562,-0.421,1.587,4.461,-0.405,4.211
81.29,1.953,-0.420,1.594,4.056,-0.405,4.209
81.30,1.496,-0.421,1.592,4.316,-0.404,4.212
81.31,1.797,-0.421,1.594,4.270,-0.403,4.214
81.32,1.364,-0.420,1.592,3.983,-0.403,4.211
81.33,1.659,-0.420,1.594,4.518,-0.403,4.215
81.34,1.514,-0.420,1.593,4.132,-0.404,4.213
81.35,1.584,-0.418,1.595,4.224,-0.403,4.215
81.36,1.464,-0.418,1.594,4.272,-0.402,4.217
81.37,1.574,-0.420,1.592,4.042,-0.402,4.214
81.38,1.688,-0.420,1.593,4.225,-0.402,4.214
81.39,1.515,-0.421,1.591,4.133,-0.401,4.214
81.40,1.629,-0.422,1.591,4.043,-0.402,4.211
81.42,1.663,-0.423,1.591,4.393,-0.401,4.215
81.42,1.526,-0.423,1.590,4.190,-0.401,4.215
81.43,1.572,-0.425,1.589,4.087,-0.401,4.213
81.44,1.494,-0.423,1.589,4.171,-0.403,4.211
81.45,1.556,-0.424,1.587,4.174,-0.405,4.209
81.46,1.599,-0.427,1.586,4.156,-0.405,4.208
81.47,1.656,-0.427,1.586,4.522,-0.407,4.210
81.48,1.751,-0.428,1.587,4.222,-0.406,4.212
81.49,1.681,-0.426,1.591,4.134,-0.405,4.212
81.50,1.495,-0.426,1.590,4.264,-0.405,4.213
81.51,1.400,-0.427,1.587,4.144,-0.405,4.212
81.52,1.612,-0.429,1.586,4.295,-0.405,4.213
81.53,1.470,-0.430,1.583,4.179,-0.405,4.212
81.54,1.608,-0.430,1.584,4.349,-0.404,4.215
81.56,1.591,-0.433,1.581,4.097,-0.404,4.214
81.57,1.654,-0.434,1.581,4.095,-0.403,4.214
81.58,1.674,-0.435,1.581,4.250,-0.403,4.214
81.59,1.686,-0.434,1.584,3.880,-0.404,4.209
81.60,1.597,-0.434,1.585,4.229,-0.403,4.211
81.61,1.524,-0.434,1.584,3.934,-0.404,4.206
81.62,1.660,-0.433,1.586,4.337,-0.405,4.207
81.63,1.444,-0.435,1.583,4.002,-0.405,4.204
81.63,1.812,-0.434,1.587,4.041,-0.404,4.203
81.65,1.386,-0.431,1.587,3.927,-0.404,4.200
81.66,1.515,-0.431,1.587,4.107,-0.403,4.200
81.67,1.455,-0.429,1.587,4.008,-0.402,4.198
81.68,1.815,-0.429,1.590,4.184,-0.403,4.197
81.69,1.327,-0.428,1.588,4.159,-0.404,4.196
81.70,1.676,-0.429,1.588,4.157,-0.403,4.196
81.71,1.516,-0.428,1.588,4.059,-0.402,4.195
81.72,1.631,-0.429,1.589,3.987,-0.401,4.193
81.73,1.502,-0.427,1.590,4.445,-0.402,4.196
81.74,1.481,-0.428,1.587,4.328,-0.403,4.196
81.75,1.422,-0.429,1.584,4.181,-0.403,4.196
81.76,1.741,-0.430,1.585,3.931,-0.402,4.194
81.77,1.844,-0.430,1.589,4.302,-0.403,4.195
81.78,1.762,-0.429,1.592,3.886,-0.402,4.191
81.79,1.579,-0.430,1.591,4.247,-0.401,4.193
81.80,1.693,-0.432,1.591,4.238,-0.401,4.193
81.81,1.743,-0.431,1.594,4.308,-0.401,4.195
81.82,1.424,-0.431,1.592,4.335,-0.402,4.196
81.83,1.412,-0.432,1.588,4.084,-0.402,4.195
81.84,1.525,-0.432,1.588,4.070,-0.402,4.193
81.85,1.584,-0.432,1.588,4.308,-0.403,4.194
81.86,1.511,-0.433,1.586,4.208,-0.402,4.194
81.87,1.659,-0.433,1.588,4.260,-0.403,4.195
81.88,1.628,-0.432,1.590,4.309,-0.403,4.196
81.89,1.499,-0.433,1.587,4.190,-0.403,4.196
81.90,1.793,-0.433,1.590,4.283,-0.404,4.196
81.91,1.501,-0.435,1.588,4.280,-0.405,4.196
81.92,1.417,-0.435,1.585,4.139,-0.408,4.193
81.93,1.546,-0.436,1.584,3.891,-0.408,4.189
81.94,1.702,-0.436,1.586,4.259,-0.407,4.191
81.95,1.684,-0.437,1.586,4.358,-0.407,4.193
81.96,1.640,-0.438,1.586,4.494,-0.407,4.197
81.97,1.386,-0.440,1.582,4.190,-0.407,4.197
81.98,1.669,-0.440,1.583,3.897,-0.407,4.193
81.99,1.643,-0.439,1.585,4.329,-0.406,4.195
82.00,1.457,-0.439,1.583,4.028,-0.407,4.192
82.01,1.692,-0.440,1.584,3.992,-0.407,4.190
82.02,1.604,-0.442,1.583,4.238,-0.407,4.191
82.03,1.812,-0.441,1.586,4.226,-0.405,4.193
82.04,1.423,-0.442,1.584,4.137,-0.405,4.192
82.05,1.445,-0.442,1.582,4.141,-0.405,4.191
82.06,1.646,-0.444,1.582,4.412,-0.404,4.195
82.07,1.582,-0.446,1.580,4.197,-0.403,4.197
82.08,1.841,-0.446,1.584,4.246,-0.403,4.197
82.09,1.552,-0.443,1.586,4.219,-0.402,4.198
82.10,1.678,-0.446,1.585,4.261,-0.402,4.200
82.11,1.690,-0.445,1.587,4.323,-0.401,4.202
82.12,1.597,-0.447,1.586,4.236,-0.400,4.204
82.13,1.646,-0.445,1.589,4.076,-0.399,4.203
82.14,1.599,-0.444,1.590,4.214,-0.399,4.203
82.15,1.793,-0.444,1.593,4.033,-0.400,4.200
82.16,1.491,-0.446,1.589,3.962,-0.400,4.197
82.17,1.356,-0.447,1.586,4.368,-0.401,4.198
82.18,1.512,-0.446,1.586,4.499,-0.401,4.202
82.19,1.360,-0.447,1.583,3.985,-0.400,4.200
82.20,1.633,-0.447,1.584,4.128,-0.399,4.200
82.21,1.613,-0.448,1.583,4.360,-0.400,4.202
82.22,1.841,-0.450,1.585,4.171,-0.400,4.201
82.23,1.364,-0.450,1.581,4.130,-0.400,4.200
82.24,1.437,-0.450,1.580,4.317,-0.400,4.202
82.25,1.638,-0.450,1.581,4.415,-0.400,4.204
82.26,1.453,-0.449,1.581,4.455,-0.400,4.208
82.27,1.699,-0.450,1.582,3.934,-0.400,4.205
82.28,1.456,-0.450,1.580,4.222,-0.400,4.204
82.29,1.844,-0.451,1.583,4.217,-0.399,4.206
82.30,1.526,-0.452,1.581,4.231,-0.398,4.207
82.31,1.768,-0.452,1.584,4.418,-0.399,4.209
82.32,1.534,-0.452,1.583,4.186,-0.399,4.209
82.33,1.803,-0.454,1.585,3.812,-0.398,4.205
82.34,1.554,-0.456,1.583,4.197,-0.397,4.205
82.35,1.593,-0.457,1.582,4.184,-0.397,4.205
82.36,1.737,-0.457,1.584,4.334,-0.397,4.207
82.37,1.559,-0.457,1.584,4.311,-0.397,4.209
82.38,1.574,-0.457,1.584,4.366,-0.397,4.211
82.39,1.855,-0.458,1.587,4.364,-0.396,4.214
82.40,1.489,-0.457,1.587,4.006,-0.397,4.210
82.41,1.815,-0.458,1.589,4.208,-0.396,4.211
82.42,1.547,-0.456,1.590,4.284,-0.396,4.212
82.43,1.668,-0.455,1.593,4.493,-0.396,4.216
82.44,1.764,-0.455,1.596,4.383,-0.397,4.218
82.45,1.518,-0.452,1.598,4.451,-0.396,4.222
82.46,1.538,-0.456,1.594,4.389,-0.396,4.224
82.47,1.540,-0.457,1.592,4.250,-0.396,4.224
82.48,1.630,-0.459,1.591,4.321,-0.395,4.227
82.49,1.432,-0.457,1.591,4.146,-0.395,4.225
82.50,1.553,-0.457,1.590,4.147,-0.393,4.226
82.51,1.702,-0.459,1.591,4.149,-0.392,4.226
82.52,1.738,-0.459,1.593,3.985,-0.391,4.225
82.53,1.313,-0.460,1.589,4.318,-0.391,4.226
82.54,1.646,-0.459,1.590,3.999,-0.389,4.225
82.55,1.462,-0.459,1.589,4.184,-0.388,4.226
82.56,1.605,-0.459,1.590,4.249,-0.388,4.226
82.57,1.629,-0.459,1.590,4.103,-0.390,4.223
82.58,1.526,-0.460,1.589,4.206,-0.390,4.222
82.59,1.929,-0.457,1.597,3.986,-0.389,4.221
82.60,1.569,-0.457,1.597,4.093,-0.388,4.220
82.61,1.468,-0.455,1.597,4.237,-0.389,4.219
82.62,1.731,-0.455,1.599,4.344,-0.389,4.221
82.63,1.640,-0.456,1.599,4.228,-0.389,4.221
82.64,1.457,-0.455,1.599,4.280,-0.390,4.220
82.65,1.631,-0.456,1.598,4.130,-0.390,4.220
82.66,1.518,-0.458,1.595,4.056,-0.390,4.217
82.67,1.757,-0.459,1.596,4.256,-0.390,4.218
82.68,1.575,-0.460,1.595,4.346,-0.391,4.219
82.69,1.328,-0.460,1.592,4.406,-0.391,4.221
82.70,1.608,-0.460,1.593,4.101,-0.391,4.220
82.71,1.774,-0.462,1.594,4.129,-0.391,4.219
82.72,1.635,-0.463,1.593,3.807,-0.390,4.214
82.73,1.634,-0.463,1.594,4.217,-0.391,4.214
82.74,1.629,-0.462,1.596,3.861,-0.392,4.208
82.75,1.550,-0.462,1.596,4.242,-0.391,4.209
82.76,1.437,-0.463,1.593,4.169,-0.391,4.209
82.77,1.623,-0.461,1.596,4.115,-0.390,4.208
82.78,1.510,-0.461,1.594,4.240,-0.391,4.208
82.79,1.402,-0.459,1.595,4.380,-0.390,4.211
82.80,1.588,-0.461,1.592,4.247,-0.390,4.212
82.81,1.611,-0.460,1.594,4.012,-0.390,4.209
82.82,1.296,-0.462,1.589,3.973,-0.391,4.205
82.83,1.889,-0.461,1.594,4.061,-0.390,4.204
82.84,1.880,-0.458,1.600,4.390,-0.390,4.206
82.85,1.401,-0.458,1.598,4.433,-0.391,4.209
82.87,1.760,-0.458,1.601,4.507,-0.390,4.213
82.87,1.610,-0.457,1.602,4.473,-0.391,4.216
82.88,1.592,-0.457,1.602,4.097,-0.391,4.214
82.89,1.493,-0.459,1.599,3.663,-0.391,4.207
82.90,1.707,-0.460,1.599,4.221,-0.390,4.209
82.91,1.380,-0.461,1.596,4.188,-0.389,4.209
82.92,1.561,-0.461,1.596,4.217,-0.389,4.209
82.93,1.431,-0.462,1.593,4.542,-0.390,4.213
82.94,1.901,-0.461,1.598,4.139,-0.389,4.212
82.95,1.295,-0.462,1.594,4.194,-0.389,4.213
82.96,1.680,-0.463,1.594,3.973,-0.389,4.209
82.97,1.544,-0.464,1.593,4.262,-0.388,4.210
82.99,1.663,-0.465,1.593,4.512,-0.388,4.215
83.00,1.462,-0.466,1.590,3.918,-0.388,4.211
83.00,1.359,-0.466,1.587,4.209,-0.389,4.210
83.01,1.646,-0.466,1.588,4.316,-0.388,4.213
83.03,1.532,-0.467,1.587,4.122,-0.387,4.212
83.04,1.625,-0.468,1.587,4.059,-0.386,4.211
83.05,1.567,-0.470,1.585,4.158,-0.388,4.209
83.06,1.730,-0.471,1.586,4.191,-0.388,4.208
83.07,1.295,-0.470,1.584,4.387,-0.388,4.210
83.08,1.841,-0.470,1.586,4.137,-0.386,4.211
83.09,1.499,-0.471,1.585,4.150,-0.386,4.210
83.10,1.602,-0.470,1.586,4.004,-0.387,4.207
83.11,1.418,-0.471,1.583,4.159,-0.388,4.206
83.12,1.706,-0.473,1.583,4.387,-0.387,4.209
83.13,1.382,-0.474,1.580,4.096,-0.386,4.208
83.14,1.694,-0.474,1.581,3.948,-0.386,4.205
83.15,1.400,-0.474,1.579,4.130,-0.385,4.205
83.16,1.388,-0.471,1.579,4.002,-0.386,4.201
83.17,1.405,-0.471,1.578,4.417,-0.388,4.202
83.18,1.573,-0.470,1.579,4.173,-0.389,4.200
83.19,1.714,-0.468,1.583,3.949,-0.390,4.196
83.20,1.468,-0.468,1.581,4.371,-0.389,4.199
83.21,1.715,-0.470,1.582,4.350,-0.390,4.200
83.22,1.707,-0.470,1.583,4.026,-0.389,4.198
83.23,1.512,-0.469,1.584,4.025,-0.391,4.195
83.24,1.238,-0.468,1.580,3.938,-0.391,4.191
83.25,1.595,-0.467,1.581,3.997,-0.392,4.187
83.26,1.501,-0.466,1.581,3.937,-0.391,4.185
83.27,1.641,-0.467,1.581,3.964,-0.392,4.181
83.28,1.624,-0.470,1.580,4.225,-0.393,4.181
83.29,1.581,-0.470,1.579,4.154,-0.392,4.181
83.30,1.707,-0.468,1.584,4.390,-0.392,4.183
83.31,1.791,-0.467,1.587,4.473,-0.392,4.188
83.32,1.876,-0.466,1.592,4.236,-0.391,4.188
83.33,1.500,-0.465,1.592,4.246,-0.390,4.190
83.34,1.643,-0.466,1.592,4.245,-0.391,4.190
83.35,1.456,-0.466,1.591,3.975,-0.391,4.187
83.36,1.533,-0.466,1.590,4.210,-0.392,4.186
83.37,1.518,-0.466,1.590,4.210,-0.392,4.187
83.38,1.718,-0.466,1.591,4.189,-0.391,4.187
83.39,1.325,-0.467,1.587,3.752,-0.391,4.181
83.40,1.699,-0.466,1.590,4.154,-0.392,4.180
83.41,1.659,-0.466,1.591,4.309,-0.393,4.181
83.42,1.588,-0.467,1.590,4.403,-0.392,4.184
83.43,1.501,-0.467,1.589,4.141,-0.393,4.183
83.44,1.730,-0.467,1.590,4.324,-0.393,4.184
83.45,1.744,-0.467,1.593,4.181,-0.394,4.184
83.46,1.567,-0.467,1.593,4.138,-0.395,4.182
83.47,1.689,-0.468,1.593,4.424,-0.395,4.184
83.48,1.474,-0.468,1.592,4.325,-0.395,4.187
83.49,1.504,-0.468,1.591,4.291,-0.395,4.188
83.50,1.642,-0.469,1.591,4.148,-0.395,4.187
83.51,1.581,-0.467,1.593,4.218,-0.396,4.187
83.52,1.809,-0.468,1.595,4.278,-0.397,4.187
83.53,1.586,-0.467,1.596,3.890,-0.396,4.183
83.54,1.784,-0.467,1.599,4.301,-0.396,4.185
83.55,1.260,-0.468,1.594,4.100,-0.395,4.184
83.56,1.543,-0.465,1.596,4.332,-0.396,4.186
83.57,1.641,-0.460,1.602,3.988,-0.397,4.183
83.58,1.577,-0.460,1.602,4.352,-0.396,4.185
83.59,1.664,-0.461,1.601,4.272,-0.396,4.187
83.60,1.652,-0.462,1.602,3.823,-0.397,4.181
83.61,1.663,-0.463,1.601,4.344,-0.399,4.181
83.62,1.619,-0.466,1.600,4.397,-0.400,4.182
83.63,1.600,-0.466,1.599,4.070,-0.399,4.182
83.64,1.467,-0.468,1.596,4.110,-0.400,4.180
83.65,1.475,-0.467,1.596,4.285,-0.400,4.181
83.66,1.352,-0.466,1.593,4.120,-0.400,4.180
83.67,1.580,-0.467,1.593,4.205,-0.401,4.180
83.68,1.470,-0.468,1.590,3.861,-0.400,4.176
83.69,1.619,-0.466,1.592,4.034,-0.400,4.174
83.70,1.762,-0.464,1.597,4.310,-0.400,4.176
83.71,1.638,-0.466,1.596,4.235,-0.398,4.178
83.72,1.461,-0.466,1.594,4.248,-0.398,4.179
83.73,1.619,-0.467,1.594,4.504,-0.397,4.185
83.74,1.921,-0.466,1.599,4.283,-0.398,4.185
83.75,1.633,-0.465,1.601,4.435,-0.398,4.188
83.76,1.777,-0.464,1.605,4.102,-0.398,4.187
83.77,1.622,-0.463,1.605,4.535,-0.396,4.193
83.78,1.406,-0.465,1.602,3.958,-0.397,4.190
83.79,1.824,-0.466,1.604,4.106,-0.397,4.188
83.80,1.593,-0.465,1.605,4.208,-0.396,4.189
83.81,1.719,-0.465,1.607,4.349,-0.395,4.192
83.82,1.386,-0.463,1.605,4.433,-0.394,4.196
83.83,1.454,-0.463,1.604,4.163,-0.394,4.196
83.84,1.670,-0.462,1.606,4.339,-0.394,4.198
83.85,1.436,-0.462,1.604,4.400,-0.392,4.202
83.86,1.784,-0.463,1.606,4.253,-0.392,4.203
83.87,1.475,-0.463,1.604,4.018,-0.392,4.201
83.88,1.444,-0.463,1.602,4.128,-0.392,4.200
83.89,1.587,-0.463,1.602,3.952,-0.393,4.196
83.90,1.741,-0.463,1.604,4.000,-0.393,4.193
83.91,1.465,-0.463,1.602,4.260,-0.391,4.196
83.92,1.857,-0.464,1.604,4.100,-0.390,4.196
83.93,1.264,-0.464,1.601,4.184,-0.389,4.196
83.94,1.659,-0.461,1.605,4.216,-0.389,4.196
83.95,1.609,-0.461,1.605,4.008,-0.388,4.195
83.96,1.755,-0.461,1.607,4.386,-0.387,4.199
83.97,1.794,-0.461,1.610,4.203,-0.387,4.198
83.98,1.653,-0.462,1.610,4.246,-0.386,4.200
83.99,1.484,-0.462,1.608,4.258,-0.385,4.202
84.00,1.395,-0.461,1.606,4.548,-0.385,4.206
84.01,1.429,-0.462,1.603,4.066,-0.385,4.204
84.02,1.410,-0.463,1.600,4.155,-0.385,4.204
84.03,1.832,-0.463,1.603,4.189,-0.385,4.203
84.04,1.380,-0.463,1.601,4.189,-0.385,4.203
84.05,1.711,-0.462,1.602,4.136,-0.384,4.203
84.06,1.593,-0.463,1.602,4.411,-0.384,4.206
84.07,1.703,-0.463,1.603,4.116,-0.383,4.206
84.08,1.452,-0.466,1.599,4.196,-0.383,4.206
84.09,1.692,-0.464,1.602,4.367,-0.383,4.208
84.10,1.665,-0.463,1.604,4.252,-0.383,4.208
84.11,1.670,-0.465,1.603,4.363,-0.384,4.210
84.12,1.512,-0.468,1.599,3.926,-0.383,4.207
84.13,1.444,-0.467,1.598,4.402,-0.384,4.209
84.14,1.610,-0.466,1.599,4.312,-0.383,4.211
84.15,1.478,-0.464,1.600,3.967,-0.382,4.209
84.16,1.501,-0.462,1.601,4.372,-0.382,4.210
84.17,1.644,-0.463,1.600,4.351,-0.382,4.212
84.18,1.154,-0.464,1.594,4.255,-0.381,4.214
84.19,1.668,-0.464,1.595,4.245,-0.382,4.214
84.20,1.415,-0.464,1.593,4.069,-0.382,4.212
84.21,1.521,-0.464,1.592,4.416,-0.381,4.215
84.22,1.659,-0.464,1.593,4.361,-0.382,4.216
84.23,1.650,-0.462,1.596,4.011,-0.382,4.213
84.24,1.810,-0.463,1.598,4.398,-0.382,4.216
84.25,1.631,-0.464,1.597,4.085,-0.382,4.215
84.26,1.409,-0.465,1.594,4.140,-0.381,4.215
84.27,1.501,-0.464,1.594,4.346,-0.382,4.215
84.28,1.391,-0.465,1.590,4.440,-0.382,4.218
84.29,1.568,-0.464,1.591,4.392,-0.381,4.221
84.30,1.518,-0.462,1.592,4.015,-0.380,4.220
84.32,1.535,-0.463,1.591,4.245,-0.380,4.220
84.33,1.653,-0.464,1.591,4.041,-0.379,4.219
84.33,1.778,-0.464,1.593,4.223,-0.379,4.219
84.34,1.601,-0.465,1.592,4.146,-0.379,4.217
84.35,1.602,-0.464,1.593,4.444,-0.379,4.221
84.37,1.346,-0.464,1.590,4.234,-0.378,4.222
84.37,1.575,-0.463,1.591,4.420,-0.377,4.225
84.39,1.540,-0.464,1.589,4.252,-0.377,4.226
84.40,1.459,-0.463,1.588,4.182,-0.376,4.226
84.41,1.486,-0.464,1.586,4.120,-0.376,4.225
84.42,1.285,-0.463,1.583,4.051,-0.377,4.222
84.42,1.526,-0.463,1.583,4.161,-0.377,4.221
84.44,1.704,-0.462,1.586,4.189,-0.378,4.220
84.45,1.558,-0.461,1.586,4.075,-0.379,4.217
84.45,1.454,-0.459,1.586,4.160,-0.379,4.216
84.46,1.468,-0.458,1.586,4.242,-0.378,4.217
84.48,1.825,-0.460,1.588,4.207,-0.378,4.217
84.49,1.667,-0.458,1.590,4.305,-0.379,4.218
84.50,1.355,-0.456,1.589,4.104,-0.378,4.217
84.51,1.718,-0.455,1.592,4.237,-0.379,4.217
84.52,1.652,-0.452,1.596,4.099,-0.380,4.214
84.53,1.565,-0.451,1.596,4.346,-0.381,4.215
84.54,1.708,-0.452,1.597,4.022,-0.381,4.212
84.55,1.650,-0.453,1.596,4.252,-0.379,4.214
84.56,1.702,-0.452,1.599,4.307,-0.378,4.216
84.57,1.398,-0.453,1.596,4.202,-0.380,4.215
84.58,1.739,-0.453,1.598,3.947,-0.380,4.211
84.59,1.433,-0.454,1.594,4.056,-0.378,4.211
84.60,1.469,-0.454,1.592,4.235,-0.377,4.212
84.61,1.711,-0.454,1.594,4.156,-0.377,4.211
84.62,1.660,-0.452,1.597,4.397,-0.379,4.212
84.63,1.497,-0.452,1.596,4.364,-0.378,4.215
84.64,1.539,-0.451,1.596,4.323,-0.378,4.216
84.65,1.563,-0.451,1.596,4.147,-0.378,4.216
84.66,1.479,-0.451,1.594,3.911,-0.378,4.211
84.67,1.863,-0.449,1.599,4.337,-0.377,4.214
84.68,1.535,-0.450,1.598,4.161,-0.377,4.213
84.69,1.394,-0.449,1.596,3.928,-0.378,4.209
84.70,1.378,-0.447,1.595,3.951,-0.378,4.205
84.71,1.828,-0.448,1.598,4.359,-0.380,4.206
84.72,1.648,-0.450,1.596,4.105,-0.379,4.204
84.73,1.680,-0.448,1.599,4.386,-0.379,4.207
84.74,1.533,-0.447,1.600,4.502,-0.378,4.212
84.75,1.480,-0.447,1.597,4.200,-0.377,4.212
84.76,1.620,-0.447,1.598,4.072,-0.376,4.212
84.77,1.663,-0.448,1.598,3.923,-0.376,4.208
84.78,1.863,-0.448,1.601,4.564,-0.377,4.211
84.79,1.569,-0.448,1.601,4.262,-0.379,4.210
84.80,1.371,-0.450,1.597,4.192,-0.379,4.210
84.81,1.607,-0.449,1.597,4.003,-0.379,4.207
84.82,1.791,-0.450,1.599,4.076,-0.381,4.204
84.83,1.380,-0.451,1.595,4.257,-0.382,4.204
84.84,1.456,-0.451,1.593,4.191,-0.382,4.203
84.85,1.619,-0.451,1.593,4.371,-0.384,4.204
84.86,1.187,-0.454,1.586,4.322,-0.386,4.203
84.87,1.633,-0.457,1.583,3.996,-0.385,4.201
84.88,1.559,-0.457,1.583,4.270,-0.385,4.202
84.89,1.644,-0.454,1.586,4.297,-0.386,4.203
84.90,1.751,-0.455,1.588,4.158,-0.386,4.202
84.91,1.391,-0.453,1.587,4.368,-0.385,4.205
84.92,1.801,-0.451,1.592,4.194,-0.388,4.202
84.93,1.268,-0.452,1.586,4.297,-0.387,4.204
84.94,1.847,-0.454,1.588,4.536,-0.386,4.209
84.95,1.535,-0.453,1.588,4.120,-0.385,4.209
84.96,1.440,-0.455,1.585,4.058,-0.384,4.208
84.97,1.510,-0.457,1.581,4.078,-0.385,4.205
84.98,1.701,-0.458,1.582,4.344,-0.384,4.208
84.99,1.506,-0.460,1.579,4.347,-0.385,4.209
85.00,1.778,-0.460,1.582,4.442,-0.385,4.212
85.01,1.390,-0.459,1.581,4.413,-0.387,4.213
85.02,1.570,-0.459,1.580,4.447,-0.388,4.215
85.03,1.770,-0.459,1.582,3.844,-0.390,4.208
85.04,1.507,-0.460,1.581,4.063,-0.390,4.206
85.05,1.453,-0.460,1.579,4.427,-0.391,4.208
85.06,1.599,-0.459,1.580,3.983,-0.391,4.206
85.07,1.624,-0.459,1.581,4.543,-0.391,4.210
85.08,1.527,-0.460,1.579,4.310,-0.391,4.211
85.09,1.571,-0.460,1.578,4.466,-0.391,4.214
85.10,1.856,-0.460,1.583,4.425,-0.390,4.218
85.11,1.475,-0.461,1.579,4.263,-0.390,4.219
85.12,1.684,-0.460,1.583,4.151,-0.390,4.218
85.13,1.423,-0.457,1.583,4.316,-0.390,4.219
85.14,1.512,-0.457,1.582,4.316,-0.392,4.219
85.15,1.540,-0.458,1.581,4.092,-0.391,4.218
85.16,1.625,-0.458,1.581,4.229,-0.393,4.217
85.17,1.560,-0.458,1.581,4.162,-0.394,4.215
85.18,1.567,-0.457,1.581,4.172,-0.393,4.216
85.19,1.591,-0.459,1.580,4.229,-0.392,4.217
85.20,1.791,-0.459,1.582,3.944,-0.393,4.213
85.21,1.959,-0.457,1.590,4.399,-0.393,4.215
85.22,1.572,-0.459,1.588,4.035,-0.392,4.213
85.23,1.626,-0.460,1.587,4.376,-0.393,4.215
85.24,1.599,-0.460,1.587,4.417,-0.392,4.218
85.25,1.516,-0.459,1.587,4.196,-0.392,4.218
85.26,1.448,-0.459,1.585,4.268,-0.393,4.218
85.27,1.468,-0.459,1.584,4.051,-0.392,4.217
85.28,1.682,-0.459,1.585,4.232,-0.392,4.217
85.29,1.319,-0.461,1.580,4.129,-0.394,4.214
85.30,1.656,-0.461,1.581,4.546,-0.394,4.218
85.31,1.536,-0.461,1.581,3.930,-0.392,4.217
85.32,1.500,-0.461,1.579,4.279,-0.392,4.218
85.33,1.220,-0.463,1.572,4.200,-0.392,4.217
85.34,1.517,-0.461,1.573,4.295,-0.392,4.219
85.35,1.582,-0.463,1.571,4.390,-0.391,4.222
85.36,1.428,-0.463,1.570,4.099,-0.390,4.221
85.37,1.592,-0.463,1.570,4.137,-0.390,4.220
85.38,1.476,-0.463,1.569,4.256,-0.391,4.220
85.39,1.460,-0.462,1.568,4.119,-0.392,4.218
85.40,1.462,-0.459,1.569,4.169,-0.392,4.218
85.41,1.720,-0.459,1.572,4.373,-0.391,4.220
85.42,1.866,-0.459,1.576,4.305,-0.390,4.222
85.43,1.413,-0.459,1.573,4.583,-0.390,4.227
85.44,1.498,-0.459,1.572,4.271,-0.390,4.228
85.45,1.425,-0.458,1.571,4.044,-0.390,4.226
85.46,1.314,-0.458,1.568,4.333,-0.389,4.228
85.47,1.436,-0.458,1.566,4.211,-0.391,4.227
85.48,1.567,-0.460,1.564,4.267,-0.390,4.227
85.49,1.866,-0.460,1.568,4.281,-0.391,4.228
85.50,1.504,-0.461,1.565,4.271,-0.391,4.228
85.51,1.715,-0.462,1.567,4.217,-0.391,4.229
85.52,1.379,-0.462,1.564,4.201,-0.390,4.229
85.53,1.678,-0.462,1.566,4.128,-0.389,4.229
85.54,1.604,-0.461,1.567,3.998,-0.391,4.224
85.55,1.663,-0.459,1.570,4.187,-0.391,4.224
85.56,1.922,-0.461,1.573,4.398,-0.391,4.226
85.57,1.293,-0.459,1.571,4.023,-0.391,4.223
85.58,1.561,-0.460,1.570,4.452,-0.390,4.228
85.59,1.364,-0.461,1.566,4.321,-0.390,4.229
85.60,1.326,-0.461,1.563,4.316,-0.392,4.229
85.61,1.354,-0.460,1.561,4.183,-0.392,4.227
85.62,1.570,-0.457,1.564,4.312,-0.393,4.228
85.63,1.340,-0.458,1.560,3.932,-0.393,4.224
85.64,1.545,-0.458,1.560,4.120,-0.394,4.222
85.65,1.504,-0.455,1.562,4.307,-0.395,4.223
85.66,1.415,-0.454,1.561,4.177,-0.396,4.221
85.67,1.466,-0.453,1.560,4.476,-0.396,4.224
85.68,1.734,-0.451,1.564,4.059,-0.395,4.224
85.69,1.686,-0.450,1.566,4.004,-0.396,4.219
85.70,1.649,-0.451,1.567,4.344,-0.396,4.221
85.71,1.628,-0.452,1.566,4.127,-0.395,4.221
85.72,1.597,-0.451,1.567,3.967,-0.397,4.216
85.73,1.634,-0.450,1.569,4.301,-0.397,4.217
85.74,1.702,-0.448,1.573,4.511,-0.395,4.223
85.75,1.371,-0.447,1.571,4.201,-0.394,4.224
85.76,1.792,-0.449,1.572,4.196,-0.395,4.223
85.77,1.398,-0.451,1.568,4.000,-0.395,4.219
85.78,1.593,-0.452,1.567,4.478,-0.394,4.224
85.79,1.651,-0.450,1.570,4.398,-0.394,4.226
85.80,1.882,-0.450,1.574,4.183,-0.393,4.227
85.81,1.518,-0.449,1.574,3.752,-0.393,4.221
85.82,1.639,-0.446,1.577,4.106,-0.392,4.220
85.84,1.398,-0.447,1.575,4.693,-0.393,4.226
85.85,1.504,-0.446,1.574,4.321,-0.392,4.228
85.86,1.607,-0.446,1.575,4.133,-0.391,4.228
85.87,1.237,-0.445,1.571,3.999,-0.390,4.226
85.87,1.700,-0.446,1.572,4.086,-0.389,4.225
85.88,1.503,-0.444,1.572,4.086,-0.391,4.222
85.90,1.616,-0.446,1.572,4.347,-0.391,4.223
85.91,1.620,-0.448,1.570,4.011,-0.390,4.221
85.92,1.835,-0.448,1.573,4.423,-0.390,4.225
85.93,1.704,-0.450,1.573,4.191,-0.391,4.223
85.94,1.353,-0.450,1.570,4.315,-0.392,4.223
85.95,1.376,-0.449,1.568,3.974,-0.393,4.219
85.96,1.666,-0.447,1.571,3.866,-0.393,4.214
85.97,1.810,-0.447,1.574,4.592,-0.392,4.220
85.98,1.671,-0.446,1.576,4.410,-0.393,4.222
85.99,1.797,-0.449,1.577,4.249,-0.392,4.223
85.99,1.312,-0.450,1.572,4.359,-0.393,4.224
86.01,1.501,-0.451,1.570,4.188,-0.393,4.224
86.02,1.494,-0.450,1.569,4.555,-0.393,4.228
86.03,1.453,-0.452,1.566,4.269,-0.393,4.229
86.04,1.826,-0.453,1.568,4.280,-0.395,4.228
86.05,1.233,-0.453,1.564,4.010,-0.395,4.225
86.06,1.553,-0.453,1.564,4.076,-0.395,4.223
86.07,1.467,-0.454,1.561,4.288,-0.393,4.226
86.08,1.628,-0.454,1.562,4.419,-0.393,4.229
86.09,1.522,-0.454,1.562,4.404,-0.394,4.231
86.10,1.898,-0.454,1.566,4.193,-0.393,4.231
86.11,1.504,-0.455,1.564,4.089,-0.394,4.229
86.12,1.752,-0.453,1.568,4.099,-0.392,4.228
86.13,1.719,-0.454,1.569,4.191,-0.392,4.228
86.14,1.468,-0.454,1.568,4.535,-0.391,4.233
86.15,1.640,-0.454,1.569,4.193,-0.390,4.233
86.16,1.262,-0.452,1.566,4.252,-0.391,4.233
86.17,1.633,-0.452,1.568,4.164,-0.392,4.232
86.18,1.636,-0.452,1.568,4.168,-0.392,4.231
86.19,1.785,-0.452,1.570,4.062,-0.392,4.229
86.20,1.479,-0.450,1.571,4.115,-0.394,4.226
86.21,1.515,-0.449,1.572,4.052,-0.394,4.223
86.22,1.462,-0.451,1.568,4.317,-0.394,4.224
86.23,1.568,-0.452,1.567,4.201,-0.394,4.224
86.24,1.637,-0.451,1.569,4.387,-0.393,4.227
86.25,1.810,-0.452,1.571,4.434,-0.393,4.230
86.26,1.664,-0.454,1.570,4.096,-0.392,4.229
86.27,1.722,-0.456,1.571,4.115,-0.392,4.228
86.28,1.484,-0.454,1.571,4.102,-0.390,4.228
86.29,1.928,-0.453,1.577,4.324,-0.393,4.227
86.30,1.717,-0.453,1.578,4.136,-0.392,4.227
86.31,1.357,-0.453,1.575,3.918,-0.393,4.222
86.32,1.268,-0.455,1.569,3.892,-0.392,4.218
86.33,1.382,-0.456,1.567,4.336,-0.394,4.218
86.34,1.433,-0.456,1.564,3.907,-0.394,4.214
86.35,1.651,-0.455,1.566,4.156,-0.393,4.214
86.36,1.373,-0.455,1.564,4.205,-0.394,4.213
86.37,1.467,-0.456,1.562,4.370,-0.393,4.216
86.38,1.407,-0.457,1.558,4.423,-0.394,4.218
86.39,1.458,-0.457,1.557,4.308,-0.394,4.220
86.40,1.670,-0.457,1.558,4.388,-0.394,4.221
86.41,1.431,-0.458,1.556,4.444,-0.394,4.225
86.42,1.740,-0.458,1.558,4.255,-0.393,4.226
86.43,1.298,-0.459,1.553,4.071,-0.392,4.225
86.44,1.741,-0.462,1.552,4.328,-0.391,4.227
86.45,1.654,-0.463,1.553,4.103,-0.392,4.225
86.46,1.567,-0.463,1.553,4.148,-0.391,4.225
86.47,1.633,-0.464,1.553,4.160,-0.393,4.222
86.48,1.407,-0.462,1.553,4.196,-0.393,4.222
86.49,1.760,-0.463,1.554,4.231,-0.393,4.222
86.50,1.791,-0.461,1.560,4.294,-0.394,4.222
86.51,1.739,-0.460,1.562,4.348,-0.394,4.224
86.52,1.557,-0.462,1.561,4.205,-0.393,4.224
86.53,1.792,-0.461,1.565,4.451,-0.394,4.227
86.54,1.734,-0.459,1.569,4.252,-0.393,4.228
86.55,1.515,-0.459,1.568,3.983,-0.393,4.224
86.56,1.462,-0.457,1.568,4.252,-0.395,4.223
86.57,1.208,-0.458,1.563,4.017,-0.395,4.221
86.58,1.240,-0.459,1.558,4.143,-0.395,4.219
86.59,1.708,-0.461,1.557,4.492,-0.394,4.224
86.60,1.371,-0.461,1.555,4.141,-0.393,4.225
86.61,1.800,-0.462,1.557,4.065,-0.392,4.223
86.62,1.601,-0.461,1.559,4.231,-0.394,4.222
86.63,1.716,-0.462,1.560,4.125,-0.394,4.220
86.64,1.410,-0.461,1.559,3.900,-0.395,4.215
86.65,1.395,-0.461,1.557,4.175,-0.395,4.214
86.66,1.428,-0.460,1.556,4.318,-0.394,4.216
86.67,1.645,-0.461,1.556,4.534,-0.394,4.221
86.68,1.657,-0.462,1.556,3.953,-0.394,4.218
86.69,1.447,-0.461,1.555,4.085,-0.394,4.216
86.70,1.753,-0.464,1.555,4.069,-0.393,4.214
86.71,1.348,-0.464,1.552,3.939,-0.394,4.210
86.72,1.460,-0.466,1.549,4.029,-0.396,4.206
86.73,1.491,-0.468,1.547,4.328,-0.395,4.208
86.74,1.735,-0.468,1.549,4.265,-0.395,4.209
86.75,1.250,-0.468,1.545,4.237,-0.395,4.210
86.76,1.447,-0.468,1.543,4.191,-0.395,4.209
86.77,1.765,-0.469,1.545,4.045,-0.397,4.205
86.78,1.570,-0.471,1.544,4.154,-0.396,4.206
86.79,1.496,-0.471,1.543,4.134,-0.396,4.205
86.80,1.536,-0.472,1.542,4.251,-0.397,4.204
86.81,1.313,-0.472,1.539,4.241,-0.397,4.204
86.82,1.398,-0.470,1.538,4.123,-0.395,4.205
86.83,1.583,-0.470,1.539,4.064,-0.394,4.204
86.84,1.465,-0.470,1.537,4.465,-0.392,4.210
86.85,1.633,-0.471,1.538,3.956,-0.393,4.205
86.86,1.596,-0.471,1.538,4.348,-0.394,4.206
86.87,1.640,-0.471,1.540,4.153,-0.395,4.204
86.88,1.397,-0.472,1.537,4.168,-0.396,4.203
86.89,1.388,-0.472,1.534,4.102,-0.397,4.201
86.90,1.841,-0.474,1.536,4.390,-0.397,4.203
86.91,1.594,-0.473,1.538,4.262,-0.395,4.206
86.92,1.543,-0.475,1.536,4.332,-0.395,4.207
86.93,1.917,-0.476,1.540,4.294,-0.395,4.209
86.94,1.535,-0.475,1.541,4.177,-0.396,4.208
86.95,1.657,-0.475,1.542,4.354,-0.395,4.210
86.96,1.452,-0.475,1.541,3.739,-0.396,4.203
86.97,1.560,-0.474,1.542,4.121,-0.395,4.202
86.98,1.751,-0.475,1.544,3.964,-0.396,4.199
86.99,1.571,-0.474,1.545,4.098,-0.396,4.197
87.00,1.583,-0.474,1.546,4.283,-0.396,4.198
87.01,1.676,-0.474,1.548,3.879,-0.397,4.193
87.02,1.604,-0.475,1.548,4.247,-0.399,4.192
87.03,1.556,-0.475,1.547,4.237,-0.398,4.193
87.04,1.763,-0.476,1.549,3.834,-0.399,4.188
87.05,1.191,-0.475,1.545,4.408,-0.399,4.190
87.06,1.542,-0.478,1.543,4.097,-0.400,4.188
87.07,1.745,-0.479,1.544,3.734,-0.400,4.182
87.08,1.760,-0.478,1.548,3.914,-0.399,4.179
87.09,1.743,-0.476,1.552,4.588,-0.400,4.184
87.10,1.559,-0.477,1.552,4.153,-0.401,4.182
87.11,1.684,-0.477,1.553,4.009,-0.401,4.179
87.12,1.425,-0.476,1.552,4.056,-0.402,4.176
87.13,1.644,-0.475,1.554,4.044,-0.404,4.173
87.14,1.315,-0.474,1.552,3.993,-0.404,4.171
87.15,1.549,-0.474,1.553,4.142,-0.404,4.170
87.16,1.684,-0.473,1.555,4.479,-0.405,4.173
87.17,1.561,-0.472,1.556,4.328,-0.404,4.175
87.18,1.788,-0.473,1.559,4.188,-0.403,4.176
87.19,1.688,-0.470,1.563,4.105,-0.404,4.175
87.20,1.628,-0.472,1.562,4.101,-0.403,4.174
87.21,1.595,-0.471,1.564,4.080,-0.404,4.172
87.22,1.971,-0.472,1.568,4.402,-0.404,4.175
87.23,1.487,-0.474,1.565,4.051,-0.406,4.171
87.24,1.643,-0.475,1.565,4.328,-0.406,4.173
87.25,1.482,-0.475,1.564,3.878,-0.406,4.169
87.26,1.769,-0.475,1.567,4.277,-0.406,4.170
87.27,1.586,-0.476,1.566,4.047,-0.405,4.169
87.28,1.643,-0.476,1.567,4.244,-0.405,4.170
87.29,1.484,-0.475,1.567,4.017,-0.404,4.169
87.30,1.411,-0.476,1.564,4.147,-0.407,4.166
87.31,1.874,-0.477,1.567,4.300,-0.407,4.167
87.32,1.804,-0.476,1.572,4.383,-0.407,4.170
87.33,1.601,-0.473,1.575,4.071,-0.406,4.169
87.34,1.585,-0.472,1.576,4.262,-0.407,4.169
87.35,1.635,-0.472,1.577,4.024,-0.406,4.168
87.36,1.248,-0.472,1.573,4.542,-0.407,4.172
87.38,1.765,-0.474,1.574,4.193,-0.408,4.172
87.39,1.399,-0.473,1.572,3.907,-0.407,4.169
87.40,1.492,-0.474,1.570,4.241,-0.407,4.170
87.41,1.435,-0.475,1.567,4.069,-0.406,4.169
87.42,1.403,-0.475,1.566,3.954,-0.406,4.166
87.43,1.406,-0.474,1.564,4.141,-0.407,4.164
87.44,1.598,-0.476,1.563,4.393,-0.408,4.166
87.45,1.578,-0.476,1.563,3.933,-0.408,4.164
87.46,1.434,-0.477,1.561,4.295,-0.408,4.165
87.47,1.504,-0.476,1.561,4.021,-0.407,4.164
87.48,1.290,-0.476,1.557,3.861,-0.406,4.160
87.49,1.652,-0.475,1.560,4.198,-0.406,4.161
87.50,1.642,-0.474,1.562,4.231,-0.407,4.161
87.51,1.407,-0.474,1.559,4.099,-0.406,4.161
87.52,1.684,-0.475,1.560,4.326,-0.405,4.164
87.53,1.847,-0.476,1.564,3.993,-0.405,4.162
87.54,1.560,-0.475,1.564,4.056,-0.405,4.160
87.55,1.622,-0.475,1.565,4.161,-0.405,4.160
87.56,1.390,-0.475,1.563,4.327,-0.404,4.163
87.57,1.558,-0.473,1.564,4.354,-0.405,4.164
87.58,1.620,-0.476,1.563,4.205,-0.404,4.166
87.59,1.728,-0.475,1.566,4.345,-0.405,4.166
87.60,1.354,-0.477,1.561,3.884,-0.407,4.161
87.61,1.700,-0.476,1.564,3.936,-0.405,4.159
87.62,1.723,-0.479,1.564,4.271,-0.405,4.161
87.63,1.913,-0.478,1.568,4.142,-0.405,4.160
87.64,1.580,-0.478,1.569,4.300,-0.405,4.162
87.65,1.646,-0.477,1.571,3.702,-0.407,4.154
87.66,1.431,-0.478,1.568,4.287,-0.407,4.155
87.67,1.590,-0.480,1.567,4.386,-0.407,4.158
87.68,1.387,-0.479,1.566,4.268,-0.406,4.160
87.69,1.233,-0.479,1.562,4.354,-0.407,4.162
87.70,1.558,-0.478,1.562,4.126,-0.407,4.161
87.71,1.543,-0.478,1.562,4.318,-0.407,4.163
87.72,1.715,-0.478,1.564,3.987,-0.407,4.161
87.73,1.506,-0.482,1.560,4.168,-0.406,4.161
87.74,1.308,-0.482,1.556,4.492,-0.406,4.166
87.75,1.562,-0.482,1.556,3.967,-0.406,4.163
87.76,1.866,-0.483,1.560,4.148,-0.406,4.162
87.77,1.691,-0.483,1.562,4.254,-0.406,4.164
87.78,1.464,-0.484,1.559,4.360,-0.407,4.165
87.79,1.635,-0.485,1.559,4.131,-0.408,4.163
87.80,1.653,-0.488,1.558,4.661,-0.407,4.171
87.81,1.449,-0.488,1.556,4.068,-0.407,4.170
87.82,1.505,-0.488,1.556,4.487,-0.406,4.175
87.83,1.536,-0.488,1.555,4.218,-0.406,4.175
87.84,1.817,-0.490,1.557,4.415,-0.405,4.180
87.85,1.454,-0.488,1.557,3.910,-0.404,4.176
87.86,1.366,-0.490,1.553,4.037,-0.404,4.175
87.87,1.869,-0.489,1.558,4.005,-0.403,4.173
87.88,1.598,-0.489,1.559,4.322,-0.403,4.175
87.89,1.693,-0.488,1.562,4.357,-0.403,4.178
87.90,1.579,-0.490,1.560,4.202,-0.403,4.178
87.91,1.506,-0.493,1.557,3.937,-0.402,4.175
87.92,1.441,-0.495,1.554,3.995,-0.401,4.174
87.93,1.724,-0.496,1.555,4.144,-0.401,4.173
87.94,1.342,-0.496,1.552,4.195,-0.402,4.173
87.95,1.701,-0.497,1.553,4.205,-0.400,4.175
87.96,1.586,-0.497,1.554,4.305,-0.399,4.178
87.97,1.870,-0.497,1.558,4.240,-0.400,4.177
87.98,1.651,-0.498,1.558,3.918,-0.400,4.174
87.99,1.557,-0.496,1.560,4.098,-0.401,4.172
88.00,1.952,-0.497,1.565,4.467,-0.401,4.175
88.01,1.678,-0.496,1.567,4.454,-0.402,4.178
88.02,1.804,-0.495,1.572,4.072,-0.402,4.177
88.03,1.661,-0.495,1.573,4.531,-0.403,4.181
88.04,1.683,-0.495,1.574,4.189,-0.404,4.179
88.05,1.750,-0.494,1.578,4.085,-0.404,4.178
88.06,1.440,-0.492,1.578,4.048,-0.405,4.175
88.07,1.697,-0.492,1.580,3.870,-0.406,4.170
88.08,1.592,-0.491,1.581,4.450,-0.406,4.174
88.09,1.567,-0.494,1.578,4.281,-0.407,4.175
88.10,1.719,-0.493,1.581,4.275,-0.406,4.177
88.11,1.426,-0.493,1.579,4.192,-0.406,4.176
88.12,1.505,-0.495,1.577,4.056,-0.406,4.175
88.13,1.719,-0.495,1.579,4.190,-0.406,4.175
88.14,1.368,-0.495,1.577,4.018,-0.406,4.173
88.15,1.702,-0.493,1.580,4.185,-0.406,4.173
88.16,1.733,-0.495,1.581,4.392,-0.405,4.176
88.17,1.451,-0.494,1.580,4.241,-0.405,4.178
88.18,1.318,-0.494,1.577,3.997,-0.405,4.176
88.19,1.648,-0.495,1.577,4.030,-0.404,4.174
88.20,1.598,-0.496,1.577,4.003,-0.403,4.173
88.21,1.434,-0.497,1.574,4.116,-0.404,4.171
88.22,1.479,-0.498,1.572,4.450,-0.403,4.176
88.23,1.406,-0.497,1.571,4.131,-0.401,4.177
88.24,1.558,-0.498,1.570,4.428,-0.400,4.181
88.25,1.729,-0.497,1.573,4.191,-0.400,4.181
88.26,1.851,-0.498,1.576,4.453,-0.401,4.184
88.27,1.553,-0.499,1.575,4.413,-0.401,4.187
88.28,1.525,-0.499,1.574,4.507,-0.402,4.190
88.29,1.736,-0.500,1.576,4.350,-0.403,4.191
88.30,1.701,-0.499,1.578,4.012,-0.404,4.188
88.31,1.583,-0.499,1.579,3.991,-0.404,4.185
88.32,1.455,-0.501,1.575,3.985,-0.404,4.183
88.33,1.378,-0.499,1.575,4.000,-0.403,4.181
88.34,1.266,-0.500,1.571,4.291,-0.403,4.183
88.35,1.376,-0.503,1.565,4.234,-0.404,4.183
88.36,1.558,-0.503,1.565,4.065,-0.404,4.181
88.37,1.434,-0.505,1.561,4.663,-0.404,4.187
88.38,1.380,-0.505,1.559,4.070,-0.403,4.186
88.39,1.822,-0.504,1.564,3.958,-0.403,4.183
88.40,1.710,-0.505,1.564,4.397,-0.403,4.186
88.41,1.658,-0.508,1.564,4.089,-0.404,4.184
88.42,1.804,-0.509,1.565,3.973,-0.404,4.181
88.43,1.700,-0.510,1.567,4.169,-0.405,4.180
88.44,1.636,-0.510,1.568,4.099,-0.405,4.179
88.45,1.510,-0.511,1.566,3.911,-0.405,4.175
88.46,1.719,-0.509,1.571,4.191,-0.404,4.176
88.47,1.563,-0.508,1.572,4.283,-0.405,4.176
88.48,1.685,-0.508,1.573,4.422,-0.403,4.182
88.49,1.710,-0.509,1.574,4.050,-0.404,4.179
88.50,1.757,-0.509,1.577,4.321,-0.405,4.180
88.51,1.453,-0.509,1.575,4.197,-0.407,4.179
88.52,1.598,-0.511,1.574,3.801,-0.406,4.174
88.53,1.541,-0.510,1.575,4.326,-0.406,4.176
88.54,1.596,-0.512,1.573,4.384,-0.406,4.179
88.55,1.404,-0.513,1.570,4.100,-0.406,4.178
88.56,1.300,-0.512,1.568,4.034,-0.405,4.176
88.57,1.657,-0.512,1.569,4.195,-0.405,4.177
88.58,1.734,-0.513,1.571,4.344,-0.405,4.180
88.59,1.717,-0.511,1.575,4.280,-0.404,4.181
88.60,1.744,-0.511,1.578,4.081,-0.403,4.181
88.61,1.762,-0.511,1.580,4.235,-0.402,4.183
88.62,1.718,-0.512,1.581,4.245,-0.403,4.183
88.63,1.592,-0.513,1.580,3.941,-0.404,4.178
88.64,1.601,-0.514,1.580,4.195,-0.405,4.178
88.65,1.614,-0.514,1.581,4.367,-0.406,4.179
88.66,1.515,-0.515,1.579,4.049,-0.406,4.177
88.67,1.582,-0.516,1.578,4.137,-0.406,4.177
88.68,1.767,-0.518,1.580,4.212,-0.407,4.177
88.69,1.381,-0.518,1.577,4.252,-0.405,4.179
88.70,1.474,-0.520,1.574,3.980,-0.404,4.177
88.71,1.769,-0.520,1.576,4.371,-0.405,4.179
88.72,1.480,-0.519,1.577,4.089,-0.404,4.179
88.73,1.740,-0.519,1.580,4.554,-0.404,4.184
88.74,1.548,-0.520,1.578,4.273,-0.402,4.187
88.75,1.320,-0.518,1.577,4.415,-0.402,4.190
88.76,1.695,-0.519,1.577,4.082,-0.402,4.188
88.77,1.578,-0.519,1.578,4.293,-0.402,4.190
88.78,1.461,-0.519,1.577,4.395,-0.403,4.192
88.79,1.656,-0.519,1.578,4.026,-0.403,4.190
88.80,1.388,-0.517,1.578,4.198,-0.403,4.189
88.82,1.533,-0.518,1.577,4.088,-0.404,4.187
88.82,1.659,-0.519,1.577,4.190,-0.403,4.188
88.83,1.458,-0.519,1.576,4.076,-0.403,4.187
88.84,1.469,-0.520,1.574,4.473,-0.402,4.192
88.86,1.256,-0.519,1.570,4.121,-0.402,4.190
88.86,1.485,-0.519,1.570,4.104,-0.401,4.190
88.87,1.676,-0.517,1.573,4.398,-0.400,4.194
88.88,1.827,-0.518,1.576,4.261,-0.400,4.196
88.90,1.485,-0.519,1.574,4.461,-0.399,4.200
88.91,1.509,-0.518,1.574,4.293,-0.398,4.202
88.92,1.357,-0.516,1.573,3.986,-0.399,4.199
88.93,1.566,-0.515,1.575,4.328,-0.398,4.201
88.94,1.737,-0.513,1.579,4.260,-0.398,4.202
88.95,1.756,-0.513,1.582,4.487,-0.398,4.206
88.96,1.774,-0.511,1.586,4.254,-0.399,4.206
88.97,1.773,-0.511,1.589,4.504,-0.399,4.210
88.98,1.487,-0.513,1.586,4.314,-0.399,4.211
88.99,1.522,-0.513,1.585,4.452,-0.398,4.215
89.00,1.457,-0.513,1.583,3.786,-0.397,4.210
89.01,1.786,-0.514,1.586,4.041,-0.398,4.208
89.02,1.594,-0.515,1.585,4.319,-0.399,4.208
89.03,1.673,-0.514,1.588,4.041,-0.398,4.207
89.04,1.581,-0.514,1.588,4.123,-0.398,4.205
89.05,1.570,-0.513,1.588,4.120,-0.399,4.204
89.06,1.726,-0.512,1.591,4.341,-0.400,4.205
89.07,1.547,-0.512,1.591,3.966,-0.401,4.201
89.08,1.706,-0.512,1.593,4.318,-0.401,4.202
89.09,1.455,-0.513,1.590,4.357,-0.401,4.204
89.10,1.666,-0.516,1.589,4.303,-0.401,4.206
89.11,1.789,-0.515,1.593,4.226,-0.400,4.207
89.12,1.565,-0.514,1.594,4.237,-0.400,4.208
89.13,1.599,-0.515,1.593,4.107,-0.399,4.207
89.14,1.632,-0.516,1.593,4.002,-0.399,4.205
89.15,1.530,-0.516,1.593,4.141,-0.399,4.204
89.16,1.508,-0.517,1.590,4.171,-0.401,4.202
89.17,1.805,-0.516,1.595,4.218,-0.401,4.202
89.18,1.648,-0.515,1.597,4.115,-0.403,4.199
89.19,1.774,-0.514,1.600,4.180,-0.403,4.199
89.20,2.006,-0.514,1.606,3.987,-0.404,4.195
89.21,1.875,-0.515,1.609,4.137,-0.403,4.195
89.22,1.654,-0.516,1.609,4.347,-0.403,4.198
89.23,1.397,-0.516,1.607,3.902,-0.403,4.194
89.24,1.819,-0.515,1.610,4.228,-0.402,4.195
89.25,1.586,-0.516,1.609,4.280,-0.404,4.194
89.26,1.445,-0.516,1.608,4.235,-0.405,4.194
89.27,1.560,-0.517,1.607,4.047,-0.405,4.192
89.28,1.693,-0.519,1.606,4.477,-0.407,4.194
89.29,1.444,-0.517,1.606,3.910,-0.406,4.191
89.30,1.519,-0.516,1.606,4.034,-0.407,4.187
89.31,1.663,-0.519,1.604,4.246,-0.408,4.188
89.32,1.729,-0.518,1.607,4.420,-0.408,4.191
89.33,1.464,-0.519,1.605,4.117,-0.408,4.190
89.34,1.730,-0.518,1.608,4.290,-0.408,4.191
89.35,1.596,-0.517,1.609,4.099,-0.406,4.192
89.36,1.410,-0.516,1.608,4.103,-0.406,4.191
89.37,1.723,-0.516,1.609,4.166,-0.405,4.191
89.38,1.268,-0.516,1.606,4.170,-0.404,4.193
89.39,1.444,-0.518,1.602,4.247,-0.404,4.193
89.40,1.481,-0.517,1.601,4.168,-0.403,4.194
89.41,1.650,-0.518,1.602,4.035,-0.403,4.192
89.42,1.945,-0.519,1.605,4.147,-0.404,4.190
89.43,1.826,-0.521,1.607,4.284,-0.402,4.193
89.44,1.352,-0.520,1.604,4.489,-0.402,4.198
89.45,1.467,-0.521,1.602,4.398,-0.401,4.201
89.46,1.705,-0.520,1.604,4.350,-0.400,4.204
89.47,1.454,-0.521,1.602,4.112,-0.401,4.202
89.48,1.945,-0.522,1.606,4.093,-0.400,4.201
89.49,1.588,-0.523,1.605,4.222,-0.401,4.201
89.50,1.433,-0.524,1.602,4.006,-0.401,4.198
89.51,1.877,-0.522,1.608,4.150,-0.401,4.197
89.52,1.508,-0.524,1.605,4.318,-0.402,4.198
89.53,1.513,-0.523,1.605,4.125,-0.401,4.198
89.54,1.594,-0.522,1.607,4.010,-0.400,4.196
89.55,1.784,-0.521,1.610,4.134,-0.401,4.195
89.56,1.520,-0.520,1.610,4.164,-0.401,4.195
89.57,1.737,-0.520,1.612,4.065,-0.400,4.194
89.58,1.540,-0.518,1.613,3.983,-0.401,4.191
89.59,1.679,-0.519,1.613,4.104,-0.400,4.190
89.60,1.485,-0.519,1.612,4.046,-0.400,4.188
89.61,1.833,-0.518,1.616,4.131,-0.399,4.188
89.62,1.845,-0.519,1.619,4.063,-0.399,4.187
89.63,1.654,-0.520,1.618,3.886,-0.399,4.183
89.64,1.684,-0.520,1.620,4.240,-0.401,4.182
89.65,1.736,-0.518,1.624,4.231,-0.402,4.181
89.66,1.598,-0.519,1.622,4.324,-0.400,4.185
89.67,1.689,-0.520,1.623,4.374,-0.399,4.188
89.68,1.657,-0.520,1.624,4.172,-0.398,4.189
89.69,1.415,-0.519,1.622,4.218,-0.399,4.188
89.70,1.463,-0.519,1.620,4.208,-0.399,4.188
89.71,1.738,-0.521,1.620,4.178,-0.399,4.188
89.72,1.950,-0.523,1.623,4.172,-0.398,4.189
89.73,1.636,-0.524,1.623,4.217,-0.399,4.188
89.74,1.657,-0.525,1.623,4.053,-0.399,4.186
89.75,1.484,-0.525,1.621,4.117,-0.397,4.187
89.76,1.844,-0.525,1.625,4.135,-0.397,4.187
89.77,1.703,-0.522,1.629,3.898,-0.396,4.184
89.78,1.496,-0.523,1.627,4.122,-0.397,4.183
89.79,1.786,-0.523,1.629,4.425,-0.396,4.186
89.80,1.735,-0.522,1.632,4.036,-0.398,4.182
89.81,1.835,-0.522,1.635,4.291,-0.398,4.184
89.82,1.656,-0.520,1.638,4.497,-0.398,4.187
89.83,1.430,-0.521,1.634,4.091,-0.398,4.187
89.84,1.578,-0.520,1.635,4.308,-0.398,4.188
89.85,1.805,-0.519,1.639,4.385,-0.400,4.189
89.86,1.518,-0.519,1.637,4.007,-0.400,4.186
89.87,1.553,-0.519,1.637,4.242,-0.400,4.187
89.88,1.626,-0.521,1.635,4.061,-0.400,4.185
89.89,1.859,-0.522,1.638,4.194,-0.400,4.185
89.90,1.666,-0.523,1.637,4.303,-0.399,4.187
89.91,1.640,-0.522,1.639,4.455,-0.399,4.191
89.92,1.323,-0.522,1.635,3.988,-0.399,4.189
89.93,1.726,-0.522,1.637,4.414,-0.400,4.190
89.94,1.625,-0.521,1.638,4.165,-0.401,4.189
89.95,1.610,-0.520,1.639,4.324,-0.401,4.191
89.96,1.632,-0.519,1.640,4.207,-0.400,4.192
89.97,1.198,-0.517,1.637,4.118,-0.399,4.192
89.98,1.840,-0.518,1.639,4.107,-0.399,4.191
89.99,1.392,-0.517,1.637,4.020,-0.399,4.189
90.00,1.637,-0.518,1.637,4.526,-0.398,4.194
90.01,1.490,-0.519,1.634,4.202,-0.399,4.193
90.02,1.715,-0.519,1.636,4.361,-0.400,4.195
90.03,1.642,-0.520,1.635,4.388,-0.400,4.197
90.04,1.632,-0.520,1.635,4.256,-0.400,4.198
90.05,1.424,-0.521,1.632,4.091,-0.402,4.195
90.06,1.693,-0.521,1.633,4.162,-0.402,4.194
90.07,1.597,-0.521,1.633,4.304,-0.403,4.195
90.08,1.734,-0.523,1.633,4.310,-0.403,4.196
90.09,1.539,-0.523,1.631,4.200,-0.404,4.195
90.10,1.338,-0.523,1.628,3.844,-0.405,4.189
90.11,1.735,-0.522,1.631,4.061,-0.405,4.188
90.12,1.482,-0.523,1.628,3.979,-0.406,4.185
90.13,1.724,-0.522,1.631,4.153,-0.406,4.184
90.14,1.339,-0.523,1.626,4.352,-0.405,4.187
90.15,1.514,-0.522,1.625,3.913,-0.406,4.182
90.16,1.388,-0.522,1.623,4.218,-0.407,4.182
90.17,1.572,-0.523,1.622,4.446,-0.406,4.186
90.18,1.752,-0.523,1.624,4.269,-0.407,4.186
90.19,1.688,-0.523,1.625,3.973,-0.407,4.183
90.20,1.455,-0.523,1.623,4.334,-0.408,4.185
90.21,1.575,-0.524,1.621,4.237,-0.408,4.186
90.22,1.554,-0.525,1.620,4.034,-0.408,4.183
90.23,1.594,-0.526,1.619,4.143,-0.408,4.183
90.24,1.638,-0.526,1.619,3.970,-0.410,4.178
90.25,1.538,-0.525,1.619,4.447,-0.410,4.182
90.26,1.569,-0.524,1.620,4.392,-0.410,4.184
90.27,1.626,-0.523,1.622,4.197,-0.411,4.184
90.28,1.496,-0.521,1.622,4.252,-0.411,4.185
90.29,1.625,-0.519,1.624,4.261,-0.411,4.185
90.31,1.750,-0.522,1.623,4.085,-0.410,4.185
90.32,1.860,-0.522,1.627,3.980,-0.411,4.182
90.32,1.765,-0.521,1.630,4.449,-0.410,4.186
90.34,1.599,-0.522,1.629,3.848,-0.411,4.181
90.35,1.521,-0.521,1.629,4.048,-0.412,4.178
90.36,1.647,-0.520,1.630,4.430,-0.411,4.182
90.36,1.535,-0.520,1.629,3.887,-0.412,4.177
90.37,1.358,-0.519,1.627,4.147,-0.413,4.176
90.39,1.516,-0.519,1.625,4.195,-0.414,4.176
90.40,1.704,-0.519,1.627,4.094,-0.413,4.175
90.41,1.787,-0.519,1.629,4.403,-0.414,4.177
90.42,1.386,-0.519,1.626,4.013,-0.414,4.175
90.43,1.674,-0.519,1.627,4.420,-0.413,4.179
90.44,1.520,-0.519,1.626,3.972,-0.414,4.175
90.45,1.416,-0.521,1.622,3.813,-0.414,4.170
90.46,1.572,-0.520,1.622,4.062,-0.416,4.167
90.47,1.452,-0.518,1.622,4.169,-0.416,4.167
90.48,1.263,-0.519,1.617,4.036,-0.416,4.166
90.49,1.641,-0.518,1.618,4.207,-0.416,4.166
90.50,1.462,-0.519,1.615,4.481,-0.417,4.169
90.51,1.570,-0.519,1.615,4.179,-0.416,4.170
90.52,1.648,-0.520,1.615,4.200,-0.415,4.171
90.53,1.572,-0.520,1.614,4.210,-0.417,4.170
90.54,1.425,-0.522,1.610,4.455,-0.416,4.175
90.55,1.594,-0.524,1.608,4.019,-0.416,4.173
90.56,1.535,-0.524,1.606,4.477,-0.414,4.178
90.57,1.661,-0.522,1.609,4.231,-0.415,4.178
90.58,1.760,-0.522,1.612,4.179,-0.416,4.178
90.59,1.400,-0.524,1.607,4.228,-0.415,4.179
90.60,1.349,-0.525,1.603,4.200,-0.414,4.180
90.61,1.208,-0.524,1.598,3.947,-0.414,4.178
90.62,1.710,-0.526,1.599,4.346,-0.414,4.180
90.63,1.572,-0.527,1.597,4.212,-0.413,4.181
90.64,1.594,-0.528,1.596,4.236,-0.412,4.182
90.65,1.866,-0.527,1.600,4.107,-0.411,4.183
90.66,1.249,-0.528,1.595,3.966,-0.410,4.180
90.67,1.576,-0.528,1.595,4.204,-0.411,4.180
90.68,1.399,-0.529,1.591,3.989,-0.412,4.177
90.69,1.665,-0.529,1.593,4.216,-0.411,4.178
90.70,1.592,-0.529,1.593,4.292,-0.411,4.180
90.71,1.652,-0.530,1.593,4.247,-0.412,4.179
90.72,1.691,-0.532,1.592,4.050,-0.412,4.178
90.73,1.678,-0.534,1.592,4.502,-0.413,4.181
90.74,1.564,-0.533,1.592,4.023,-0.414,4.178
90.75,1.620,-0.533,1.592,4.356,-0.415,4.179
90.76,1.310,-0.533,1.589,4.160,-0.416,4.178
90.77,1.599,-0.535,1.588,4.215,-0.416,4.179
90.78,1.488,-0.532,1.589,3.969,-0.416,4.176
90.79,1.689,-0.533,1.589,4.071,-0.414,4.176
90.80,1.381,-0.537,1.583,4.118,-0.413,4.176
90.81,1.561,-0.537,1.582,4.374,-0.413,4.179
90.82,1.603,-0.537,1.583,4.585,-0.414,4.183
90.83,1.533,-0.539,1.580,4.015,-0.415,4.180
90.84,1.666,-0.541,1.580,4.268,-0.416,4.181
90.85,1.616,-0.542,1.579,4.046,-0.416,4.179
90.86,1.607,-0.543,1.579,3.894,-0.415,4.176
90.87,1.760,-0.543,1.581,4.156,-0.414,4.177
90.88,1.488,-0.542,1.581,4.293,-0.413,4.180
90.89,1.595,-0.542,1.581,4.122,-0.412,4.180
90.90,1.665,-0.543,1.581,4.192,-0.413,4.179
90.91,1.639,-0.543,1.582,4.325,-0.414,4.180
90.92,1.658,-0.543,1.583,4.367,-0.413,4.183
90.93,1.768,-0.543,1.585,4.072,-0.413,4.182
90.94,1.581,-0.545,1.584,4.287,-0.413,4.183
90.95,1.749,-0.546,1.586,4.046,-0.414,4.181
90.96,1.513,-0.546,1.585,4.195,-0.414,4.180
90.97,1.593,-0.544,1.586,4.209,-0.413,4.182
90.98,1.572,-0.545,1.586,4.041,-0.413,4.180
90.99,1.658,-0.545,1.586,4.129,-0.414,4.179
91.00,1.282,-0.545,1.583,4.173,-0.413,4.179
91.01,1.538,-0.546,1.581,4.027,-0.413,4.177
91.02,1.456,-0.548,1.578,3.929,-0.414,4.173
91.03,1.448,-0.547,1.577,4.375,-0.414,4.176
91.04,1.685,-0.549,1.577,4.109,-0.414,4.175
91.05,1.592,-0.550,1.576,4.317,-0.416,4.175
91.06,1.501,-0.550,1.575,4.061,-0.415,4.174
91.07,1.452,-0.548,1.575,4.083,-0.415,4.173
91.08,1.765,-0.548,1.578,4.109,-0.415,4.172
91.09,2.050,-0.550,1.583,4.323,-0.415,4.174
91.10,1.559,-0.552,1.580,4.372,-0.415,4.177
91.11,1.461,-0.554,1.577,4.469,-0.414,4.182
91.12,1.618,-0.555,1.576,4.209,-0.415,4.181
91.13,1.556,-0.556,1.575,4.145,-0.414,4.181
91.14,1.748,-0.556,1.578,4.166,-0.415,4.180
91.15,1.215,-0.557,1.572,4.346,-0.416,4.181
91.16,1.373,-0.556,1.571,4.158,-0.416,4.181
91.17,1.652,-0.555,1.572,4.282,-0.416,4.182
91.18,1.414,-0.554,1.571,4.351,-0.416,4.185
91.19,1.781,-0.554,1.574,4.338,-0.416,4.186
91.20,1.457,-0.554,1.573,4.122,-0.417,4.185
91.21,1.515,-0.552,1.574,4.229,-0.418,4.185
91.22,1.483,-0.552,1.573,4.550,-0.417,4.191
91.23,1.710,-0.553,1.574,4.046,-0.417,4.189
91.24,1.544,-0.554,1.572,4.379,-0.416,4.192
91.25,1.429,-0.553,1.572,4.328,-0.416,4.194
91.26,1.483,-0.555,1.569,4.098,-0.416,4.193
91.27,1.689,-0.558,1.568,4.383,-0.416,4.195
91.28,1.369,-0.558,1.565,4.170,-0.416,4.196
91.29,1.740,-0.559,1.566,4.323,-0.416,4.198
91.30,1.869,-0.559,1.570,4.398,-0.415,4.201
91.31,1.468,-0.560,1.569,4.184,-0.414,4.201
91.32,1.664,-0.560,1.570,4.239,-0.414,4.203
91.33,1.681,-0.561,1.570,4.000,-0.414,4.200
91.34,1.592,-0.561,1.570,4.138,-0.414,4.199
91.35,1.693,-0.562,1.571,4.236,-0.414,4.200
91.36,1.431,-0.562,1.569,4.334,-0.415,4.201
91.37,1.615,-0.562,1.570,4.201,-0.415,4.201
91.38,1.579,-0.561,1.571,4.202,-0.415,4.201
91.39,1.459,-0.561,1.570,4.211,-0.415,4.201
91.40,1.449,-0.563,1.567,3.943,-0.416,4.197
91.41,1.542,-0.564,1.566,4.015,-0.417,4.194
91.42,1.857,-0.564,1.570,4.258,-0.418,4.194
91.43,1.646,-0.564,1.571,3.882,-0.418,4.190
91.44,1.807,-0.563,1.575,3.955,-0.417,4.188
91.45,1.374,-0.566,1.569,4.318,-0.417,4.190
91.46,1.422,-0.568,1.566,3.988,-0.417,4.187
91.47,1.427,-0.569,1.563,4.432,-0.416,4.191
91.48,1.604,-0.568,1.565,4.247,-0.417,4.191
91.49,2.020,-0.568,1.570,4.159,-0.417,4.190
91.50,1.429,-0.569,1.567,4.340,-0.418,4.192
91.51,1.760,-0.568,1.571,4.062,-0.418,4.190
91.52,1.616,-0.569,1.571,4.121,-0.417,4.190
91.53,1.767,-0.572,1.571,4.340,-0.417,4.192
91.54,1.552,-0.573,1.570,4.017,-0.415,4.192
91.55,1.457,-0.573,1.569,4.231,-0.414,4.193
91.56,1.449,-0.571,1.569,4.262,-0.413,4.195
91.57,1.658,-0.573,1.569,3.913,-0.414,4.191
91.58,1.705,-0.572,1.572,4.205,-0.414,4.191
91.59,1.643,-0.574,1.570,4.419,-0.413,4.195
91.60,1.524,-0.574,1.570,4.352,-0.412,4.198
91.61,1.437,-0.571,1.572,4.059,-0.414,4.195
91.62,1.623,-0.573,1.570,4.306,-0.414,4.196
91.63,1.820,-0.575,1.572,4.263,-0.415,4.196
91.64,1.533,-0.576,1.571,4.377,-0.413,4.200
91.65,1.948,-0.575,1.576,4.104,-0.414,4.199
91.66,1.563,-0.575,1.577,4.147,-0.414,4.198
91.67,1.540,-0.575,1.576,4.334,-0.413,4.201
91.68,1.592,-0.576,1.575,4.305,-0.413,4.202
91.69,1.663,-0.577,1.576,3.885,-0.413,4.198
91.70,1.645,-0.578,1.576,4.266,-0.414,4.198
91.71,1.427,-0.580,1.573,4.074,-0.414,4.196
91.72,1.808,-0.581,1.575,4.082,-0.415,4.194
91.73,1.850,-0.582,1.578,4.074,-0.413,4.195
91.74,1.468,-0.580,1.578,3.872,-0.411,4.192
91.75,1.825,-0.581,1.581,4.315,-0.413,4.192
91.76,1.633,-0.580,1.583,4.153,-0.414,4.190
91.77,1.409,-0.579,1.582,4.487,-0.414,4.195
91.78,1.272,-0.583,1.573,4.117,-0.414,4.193
91.79,1.649,-0.584,1.575,4.260,-0.415,4.194
91.80,1.449,-0.582,1.575,4.291,-0.415,4.195
91.82,1.467,-0.581,1.574,4.155,-0.417,4.193
91.82,1.599,-0.579,1.577,4.344,-0.417,4.195
91.83,1.587,-0.579,1.578,3.928,-0.416,4.192
91.85,1.723,-0.576,1.582,4.127,-0.415,4.192
91.86,1.467,-0.574,1.583,3.938,-0.415,4.189
91.87,1.580,-0.573,1.584,4.081,-0.416,4.186
91.88,1.527,-0.574,1.583,4.168,-0.416,4.187
91.89,1.412,-0.572,1.582,4.049,-0.415,4.185
91.90,1.646,-0.572,1.583,4.269,-0.414,4.188
91.91,1.291,-0.573,1.579,4.016,-0.415,4.185
91.92,1.852,-0.572,1.584,4.365,-0.415,4.187
91.93,1.603,-0.573,1.583,4.199,-0.415,4.187
91.94,1.789,-0.572,1.587,4.398,-0.415,4.190
91.95,1.727,-0.574,1.587,4.550,-0.415,4.195
91.96,1.393,-0.574,1.585,4.208,-0.414,4.195
91.97,1.638,-0.572,1.587,3.802,-0.415,4.190
91.98,1.818,-0.572,1.591,4.057,-0.415,4.188
91.99,1.518,-0.573,1.589,4.237,-0.414,4.189
92.00,1.486,-0.573,1.588,4.148,-0.415,4.188
92.01,1.671,-0.575,1.587,4.375,-0.415,4.191
92.02,1.660,-0.574,1.589,4.423,-0.414,4.195
92.03,1.506,-0.574,1.589,4.201,-0.414,4.195
92.04,1.506,-0.575,1.587,3.975,-0.414,4.192
92.05,1.395,-0.575,1.585,4.330,-0.414,4.194
92.06,1.656,-0.577,1.584,4.411,-0.415,4.196
92.07,1.689,-0.576,1.586,4.347,-0.414,4.199
92.08,1.646,-0.575,1.588,4.192,-0.415,4.198
92.09,1.573,-0.576,1.587,3.995,-0.414,4.197
92.10,1.512,-0.577,1.586,4.086,-0.413,4.196
92.11,1.467,-0.575,1.586,4.088,-0.412,4.195
92.12,1.528,-0.576,1.585,4.295,-0.412,4.197
92.13,1.565,-0.576,1.584,4.118,-0.412,4.196
92.14,1.316,-0.576,1.581,4.007,-0.414,4.192
92.15,1.515,-0.576,1.580,4.190,-0.414,4.192
92.16,1.435,-0.578,1.577,4.020,-0.414,4.190
92.17,1.711,-0.577,1.580,4.112,-0.413,4.189
92.18,1.483,-0.576,1.579,4.366,-0.413,4.192
92.19,1.741,-0.575,1.583,4.486,-0.413,4.196
92.20,1.446,-0.574,1.582,4.385,-0.413,4.198
92.21,1.482,-0.574,1.581,4.582,-0.413,4.204
92.22,1.571,-0.572,1.583,3.948,-0.411,4.202
92.23,1.581,-0.574,1.581,4.386,-0.413,4.203
92.24,1.653,-0.572,1.584,4.260,-0.411,4.205
92.25,1.494,-0.570,1.585,4.202,-0.410,4.206
92.26,1.548,-0.571,1.583,4.039,-0.410,4.204
92.27,1.593,-0.570,1.585,4.377,-0.410,4.207
92.28,1.813,-0.571,1.587,3.924,-0.409,4.204
92.29,1.618,-0.570,1.588,4.234,-0.409,4.204
92.30,1.657,-0.570,1.590,4.170,-0.410,4.203
92.31,1.650,-0.570,1.591,4.287,-0.412,4.202
92.32,1.347,-0.570,1.588,4.543,-0.413,4.206
92.33,1.597,-0.571,1.587,4.256,-0.412,4.208
92.34,1.578,-0.570,1.588,4.117,-0.412,4.206
92.35,1.655,-0.571,1.588,4.107,-0.412,4.205
92.36,1.454,-0.571,1.586,4.004,-0.412,4.202
92.37,1.685,-0.572,1.587,4.253,-0.412,4.204
92.38,1.685,-0.571,1.590,4.287,-0.413,4.204
92.39,1.740,-0.570,1.593,3.998,-0.413,4.201
92.40,1.468,-0.569,1.592,4.051,-0.413,4.199
92.41,1.354,-0.570,1.588,4.190,-0.415,4.197
92.42,1.636,-0.567,1.591,4.361,-0.413,4.201
92.43,1.526,-0.568,1.591,4.214,-0.412,4.202
92.44,1.857,-0.567,1.595,4.491,-0.411,4.208
92.45,1.547,-0.566,1.596,4.112,-0.412,4.205
92.46,1.515,-0.564,1.596,4.225,-0.412,4.206
92.47,1.680,-0.564,1.597,4.435,-0.411,4.210
92.48,1.540,-0.565,1.596,4.109,-0.410,4.210
92.49,1.948,-0.567,1.599,4.274,-0.411,4.210
92.50,1.844,-0.567,1.602,4.411,-0.411,4.213
92.51,1.443,-0.568,1.599,4.184,-0.410,4.213
92.52,1.520,-0.570,1.597,4.063,-0.409,4.212
92.53,1.819,-0.569,1.600,4.118,-0.409,4.211
92.54,1.944,-0.570,1.604,4.180,-0.408,4.211
92.55,1.579,-0.571,1.604,3.839,-0.409,4.206
92.56,1.663,-0.570,1.606,4.056,-0.407,4.206
92.57,1.292,-0.571,1.601,4.116,-0.407,4.205
92.58,1.542,-0.571,1.600,3.988,-0.406,4.203
92.59,1.775,-0.571,1.602,4.097,-0.405,4.203
92.60,1.731,-0.572,1.604,4.059,-0.405,4.201
92.61,1.661,-0.572,1.605,4.111,-0.403,4.202
92.62,1.708,-0.574,1.604,4.284,-0.402,4.203
92.63,1.663,-0.573,1.606,4.309,-0.402,4.205
92.64,1.429,-0.573,1.604,4.473,-0.404,4.207
92.65,1.553,-0.572,1.604,4.210,-0.403,4.208
92.66,1.656,-0.571,1.606,4.219,-0.403,4.208
92.67,1.484,-0.570,1.606,3.931,-0.404,4.204
92.68,1.746,-0.572,1.606,4.331,-0.404,4.205
92.69,1.627,-0.572,1.607,4.174,-0.404,4.204
92.70,1.841,-0.572,1.610,4.306,-0.403,4.207
92.71,1.697,-0.571,1.613,4.079,-0.402,4.206
92.72,1.717,-0.571,1.614,4.376,-0.401,4.210
92.73,1.662,-0.569,1.617,4.208,-0.400,4.210
92.74,1.440,-0.568,1.616,4.125,-0.400,4.210
92.75,1.503,-0.570,1.612,4.480,-0.399,4.215
92.76,1.726,-0.573,1.612,4.390,-0.398,4.218
92.77,1.492,-0.571,1.612,3.809,-0.398,4.212
92.78,1.678,-0.573,1.611,4.211,-0.400,4.210
92.79,1.623,-0.573,1.612,3.970,-0.401,4.206
92.80,1.466,-0.574,1.609,4.425,-0.401,4.209
92.81,1.586,-0.575,1.608,4.375,-0.400,4.212
92.82,1.340,-0.574,1.605,4.336,-0.400,4.214
92.83,1.536,-0.575,1.603,3.925,-0.400,4.210
92.84,1.644,-0.576,1.604,4.179,-0.399,4.210
92.85,1.467,-0.576,1.602,4.180,-0.399,4.210
92.86,1.563,-0.576,1.602,4.211,-0.401,4.209
92.87,1.560,-0.575,1.602,4.314,-0.400,4.211
92.88,1.558,-0.576,1.601,4.032,-0.399,4.210
92.89,1.646,-0.577,1.600,4.436,-0.398,4.214
92.90,1.703,-0.576,1.603,4.247,-0.400,4.213
92.91,1.610,-0.577,1.602,4.362,-0.398,4.216
92.92,1.708,-0.578,1.603,4.610,-0.398,4.222
92.93,1.769,-0.579,1.604,4.134,-0.397,4.221
92.94,1.559,-0.579,1.604,4.104,-0.398,4.219
92.95,1.592,-0.578,1.606,4.065,-0.398,4.217
92.96,1.372,-0.580,1.601,3.807,-0.398,4.211
92.97,1.665,-0.578,1.603,4.314,-0.399,4.212
92.98,1.612,-0.576,1.606,4.027,-0.398,4.210
92.99,1.594,-0.578,1.604,4.354,-0.398,4.213
93.00,1.645,-0.580,1.603,4.289,-0.398,4.214
93.01,1.798,-0.580,1.605,4.530,-0.399,4.217
93.02,1.606,-0.581,1.605,3.771,-0.397,4.213
93.03,1.532,-0.580,1.605,4.147,-0.397,4.212
93.04,1.590,-0.580,1.605,3.480,-0.397,4.202
93.05,1.487,-0.579,1.605,4.033,-0.398,4.199
93.06,1.778,-0.578,1.608,4.080,-0.399,4.197
93.07,1.561,-0.580,1.606,4.125,-0.399,4.196
93.08,1.342,-0.581,1.601,3.990,-0.399,4.193
93.09,1.576,-0.579,1.603,4.145,-0.398,4.193
93.10,1.427,-0.581,1.599,4.024,-0.397,4.192
93.11,1.779,-0.582,1.601,4.200,-0.395,4.193
93.12,1.524,-0.581,1.601,4.077,-0.394,4.193
93.14,1.765,-0.582,1.603,4.277,-0.396,4.192
93.14,1.764,-0.583,1.604,4.298,-0.396,4.193
93.15,1.760,-0.584,1.605,4.204,-0.396,4.194
93.16,1.569,-0.585,1.604,4.426,-0.395,4.197
93.18,1.672,-0.587,1.603,4.199,-0.396,4.197
93.18,1.547,-0.588,1.601,4.063,-0.398,4.193
93.19,1.796,-0.588,1.605,4.208,-0.397,4.194
93.21,1.564,-0.588,1.604,3.838,-0.397,4.189
93.21,1.562,-0.590,1.602,3.759,-0.397,4.183
93.23,1.592,-0.591,1.601,4.229,-0.396,4.185
93.23,1.592,-0.592,1.600,4.375,-0.394,4.189
93.24,1.593,-0.592,1.601,4.101,-0.394,4.188
93.25,1.565,-0.593,1.599,4.482,-0.394,4.192
93.26,1.712,-0.592,1.602,3.896,-0.395,4.186
93.27,1.416,-0.592,1.599,4.307,-0.395,4.188
93.28,1.495,-0.592,1.599,4.096,-0.395,4.187
93.29,1.670,-0.592,1.599,4.313,-0.397,4.187
93.30,1.213,-0.592,1.595,4.155,-0.396,4.187
93.31,1.694,-0.591,1.597,4.047,-0.397,4.184
93.32,1.625,-0.593,1.595,4.360,-0.398,4.185
93.33,1.622,-0.593,1.596,4.043,-0.397,4.184
93.34,1.616,-0.593,1.597,4.304,-0.398,4.185
93.36,1.772,-0.591,1.601,4.417,-0.398,4.187
93.37,1.666,-0.591,1.602,4.087,-0.400,4.184
93.38,1.259,-0.592,1.597,4.456,-0.400,4.187
93.39,1.603,-0.592,1.597,3.899,-0.398,4.186
93.40,1.590,-0.593,1.597,4.494,-0.399,4.189
93.41,1.452,-0.593,1.595,4.330,-0.400,4.190
93.42,1.487,-0.594,1.593,4.326,-0.399,4.192
93.43,1.594,-0.593,1.594,4.045,-0.400,4.189
93.44,1.614,-0.595,1.592,4.175,-0.399,4.190
93.45,1.273,-0.596,1.587,4.337,-0.398,4.193
93.46,1.504,-0.596,1.586,4.306,-0.398,4.194
93.47,1.543,-0.596,1.586,4.287,-0.399,4.195
93.48,1.642,-0.598,1.585,4.292,-0.398,4.196
93.49,1.738,-0.599,1.586,4.311,-0.397,4.199
93.50,1.516,-0.598,1.586,4.444,-0.396,4.203
93.51,1.616,-0.598,1.587,4.062,-0.396,4.201
93.52,1.685,-0.598,1.588,4.179,-0.394,4.203
93.53,1.718,-0.597,1.591,4.272,-0.394,4.204
93.54,1.766,-0.599,1.592,4.269,-0.394,4.204
93.55,1.622,-0.598,1.593,4.462,-0.395,4.207
93.56,1.576,-0.598,1.593,4.448,-0.395,4.210
93.57,1.584,-0.599,1.593,4.130,-0.394,4.210
93.58,1.572,-0.599,1.592,4.445,-0.393,4.214
93.59,1.677,-0.598,1.595,3.983,-0.392,4.212
93.60,1.710,-0.599,1.596,4.193,-0.392,4.212
93.61,1.613,-0.597,1.598,4.148,-0.393,4.210
93.62,1.512,-0.599,1.594,4.050,-0.393,4.208
93.63,1.615,-0.601,1.593,4.401,-0.393,4.211
93.64,1.513,-0.604,1.590,4.600,-0.393,4.216
93.65,1.609,-0.603,1.592,4.068,-0.392,4.215
93.66,1.649,-0.604,1.592,4.157,-0.394,4.213
93.67,1.498,-0.602,1.592,4.247,-0.394,4.212
93.68,1.524,-0.602,1.591,4.165,-0.396,4.210
93.69,1.802,-0.602,1.594,4.296,-0.396,4.211
93.70,1.408,-0.603,1.591,4.049,-0.395,4.210
93.71,1.587,-0.603,1.591,4.085,-0.394,4.209
93.72,1.766,-0.603,1.594,3.992,-0.394,4.207
93.73,1.473,-0.604,1.591,4.053,-0.394,4.204
93.74,1.526,-0.604,1.591,3.792,-0.394,4.200
93.75,1.766,-0.605,1.593,4.462,-0.394,4.203
93.76,1.578,-0.605,1.592,4.347,-0.393,4.205
93.77,1.598,-0.605,1.593,4.238,-0.393,4.206
93.78,1.565,-0.605,1.593,4.134,-0.393,4.205
93.79,1.487,-0.605,1.592,4.235,-0.393,4.205
93.80,1.610,-0.605,1.591,4.204,-0.394,4.205
93.81,1.691,-0.605,1.593,4.124,-0.394,4.203
93.82,1.509,-0.605,1.592,4.297,-0.394,4.204
93.83,1.540,-0.604,1.592,3.874,-0.392,4.202
93.84,1.457,-0.602,1.593,4.221,-0.392,4.203
93.85,1.662,-0.603,1.593,4.075,-0.392,4.201
93.86,1.651,-0.602,1.595,4.438,-0.392,4.204
93.87,1.880,-0.603,1.598,4.305,-0.392,4.205
93.88,1.447,-0.603,1.597,4.151,-0.392,4.204
93.89,1.462,-0.604,1.594,4.492,-0.391,4.209
93.90,1.863,-0.605,1.597,4.455,-0.391,4.212
93.91,1.631,-0.603,1.599,4.050,-0.391,4.210
93.92,1.585,-0.602,1.600,4.169,-0.391,4.210
93.93,1.805,-0.604,1.601,4.244,-0.390,4.211
93.94,1.678,-0.606,1.601,4.270,-0.391,4.211
93.95,1.353,-0.607,1.597,4.265,-0.391,4.212
93.96,1.460,-0.608,1.594,4.243,-0.389,4.214
93.97,1.379,-0.606,1.593,3.958,-0.389,4.211
93.98,1.386,-0.606,1.591,4.158,-0.389,4.210
93.99,1.607,-0.607,1.590,4.320,-0.388,4.212
94.00,1.656,-0.607,1.591,4.387,-0.389,4.214
94.01,1.772,-0.608,1.593,4.234,-0.388,4.215
94.02,1.645,-0.608,1.593,4.157,-0.388,4.214
94.03,1.624,-0.608,1.594,4.342,-0.387,4.217
94.04,1.686,-0.608,1.595,4.064,-0.384,4.218
94.05,1.579,-0.607,1.596,4.405,-0.385,4.220
94.06,1.680,-0.609,1.596,4.276,-0.384,4.221
94.07,1.608,-0.609,1.596,4.042,-0.383,4.220
94.08,1.679,-0.609,1.597,4.189,-0.385,4.217
94.09,1.507,-0.612,1.594,3.928,-0.386,4.213
94.10,1.533,-0.613,1.593,4.015,-0.386,4.210
94.11,1.515,-0.612,1.593,4.132,-0.386,4.209
94.12,1.447,-0.611,1.592,4.240,-0.385,4.210
94.13,1.443,-0.613,1.588,4.145,-0.386,4.209
94.14,1.452,-0.614,1.585,3.938,-0.386,4.205
94.15,1.575,-0.615,1.585,4.303,-0.386,4.206
94.16,1.661,-0.613,1.588,3.954,-0.385,4.203
94.17,1.469,-0.611,1.588,3.958,-0.384,4.201
94.18,1.632,-0.612,1.588,3.908,-0.385,4.196
94.19,1.785,-0.613,1.590,4.012,-0.385,4.193
94.20,1.785,-0.613,1.593,4.220,-0.385,4.194
94.21,1.591,-0.615,1.591,4.219,-0.385,4.194
94.22,1.580,-0.614,1.592,3.937,-0.387,4.189
94.23,1.646,-0.615,1.592,4.387,-0.387,4.191
94.24,1.767,-0.615,1.594,4.454,-0.387,4.195
94.25,1.799,-0.616,1.596,4.249,-0.387,4.195
94.26,1.589,-0.615,1.597,3.947,-0.387,4.191
94.27,1.579,-0.616,1.596,4.197,-0.387,4.192
94.28,1.682,-0.616,1.598,4.321,-0.385,4.195
94.29,1.507,-0.615,1.598,4.429,-0.387,4.197
94.30,1.808,-0.614,1.602,4.369,-0.388,4.198
94.31,1.431,-0.613,1.601,4.504,-0.387,4.202
94.32,1.596,-0.613,1.600,3.974,-0.387,4.199
94.33,1.730,-0.616,1.600,3.941,-0.388,4.195
94.34,1.646,-0.614,1.602,4.099,-0.387,4.195
94.35,1.666,-0.615,1.603,4.388,-0.388,4.196
94.36,1.440,-0.614,1.602,3.982,-0.386,4.195
94.37,1.462,-0.613,1.601,4.194,-0.385,4.196
94.38,1.527,-0.615,1.598,4.233,-0.384,4.197
94.39,1.603,-0.616,1.598,4.551,-0.384,4.201
94.40,1.342,-0.617,1.594,4.218,-0.386,4.200
94.41,1.657,-0.616,1.595,4.271,-0.386,4.201
94.42,1.491,-0.616,1.594,3.917,-0.384,4.199
94.43,1.533,-0.616,1.594,3.620,-0.384,4.191
94.44,1.623,-0.615,1.596,4.296,-0.384,4.193
94.45,1.641,-0.615,1.596,4.195,-0.383,4.193
94.46,1.732,-0.617,1.597,4.256,-0.383,4.195
94.47,1.530,-0.615,1.597,4.008,-0.381,4.193
94.48,1.650,-0.618,1.596,4.093,-0.383,4.190
94.49,1.740,-0.619,1.597,3.914,-0.383,4.187
94.50,1.645,-0.620,1.596,4.096,-0.385,4.183
94.51,1.606,-0.620,1.597,3.938,-0.385,4.180
94.52,1.660,-0.620,1.598,4.337,-0.385,4.181
94.53,1.123,-0.618,1.594,4.015,-0.385,4.180
94.54,1.520,-0.619,1.592,4.012,-0.385,4.177
94.55,1.769,-0.619,1.594,4.116,-0.383,4.177
94.56,1.984,-0.619,1.600,3.993,-0.384,4.174
94.57,1.518,-0.618,1.601,4.076,-0.383,4.173
94.58,1.608,-0.616,1.603,4.516,-0.384,4.177
94.60,1.495,-0.617,1.600,3.888,-0.384,4.172
94.60,1.551,-0.618,1.599,4.181,-0.383,4.174
94.61,1.766,-0.617,1.602,4.388,-0.382,4.177
94.62,1.536,-0.619,1.600,4.362,-0.382,4.179
94.63,1.620,-0.619,1.600,4.080,-0.382,4.178
94.64,1.770,-0.622,1.600,4.279,-0.382,4.180
94.65,1.641,-0.624,1.598,3.963,-0.383,4.175
94.66,1.727,-0.626,1.598,4.430,-0.384,4.177
94.68,1.421,-0.624,1.599,4.236,-0.385,4.177
94.68,1.741,-0.625,1.599,4.471,-0.385,4.180
94.69,1.474,-0.623,1.600,4.326,-0.386,4.181
94.70,1.633,-0.624,1.600,4.284,-0.386,4.183
94.71,1.469,-0.625,1.597,4.346,-0.385,4.186
94.72,1.696,-0.626,1.598,4.168,-0.386,4.184
94.73,1.857,-0.627,1.600,4.465,-0.385,4.189
94.74,1.605,-0.628,1.600,4.467,-0.386,4.192
94.75,1.532,-0.629,1.599,4.394,-0.386,4.194
94.77,1.757,-0.630,1.600,4.648,-0.385,4.201
94.77,1.581,-0.627,1.602,4.268,-0.387,4.200
94.79,1.542,-0.628,1.601,4.062,-0.387,4.198
94.79,1.706,-0.629,1.601,4.412,-0.388,4.200
94.80,1.696,-0.629,1.603,4.035,-0.386,4.199
94.81,1.515,-0.628,1.604,4.312,-0.386,4.201
94.82,1.583,-0.627,1.605,4.027,-0.386,4.199
94.84,1.485,-0.629,1.601,4.448,-0.384,4.204
94.85,1.494,-0.630,1.599,4.102,-0.384,4.202
94.85,1.621,-0.630,1.600,4.109,-0.384,4.201
94.87,1.559,-0.631,1.598,3.946,-0.385,4.197
94.88,1.580,-0.630,1.599,4.205,-0.383,4.199
94.89,1.413,-0.630,1.596,4.053,-0.384,4.196
94.90,1.468,-0.630,1.595,4.123,-0.383,4.196
94.91,1.532,-0.632,1.593,4.280,-0.382,4.198
94.92,1.438,-0.632,1.591,4.336,-0.382,4.199
94.93,1.588,-0.631,1.592,4.079,-0.384,4.196
94.94,1.563,-0.630,1.593,4.429,-0.385,4.198
94.95,1.520,-0.631,1.591,4.457,-0.383,4.203
94.96,1.440,-0.631,1.589,4.208,-0.384,4.202
94.97,1.758,-0.629,1.594,4.407,-0.384,4.205
94.98,1.558,-0.629,1.594,4.173,-0.384,4.205
94.99,1.617,-0.628,1.595,4.233,-0.383,4.206
95.00,1.748,-0.628,1.597,4.418,-0.384,4.208
95.01,1.454,-0.630,1.594,3.993,-0.383,4.206
95.02,1.816,-0.630,1.597,4.522,-0.381,4.212
95.03,1.614,-0.629,1.599,4.188,-0.381,4.211
95.04,1.426,-0.630,1.595,4.314,-0.383,4.211
95.05,1.513,-0.629,1.596,4.247,-0.384,4.211
95.06,1.650,-0.627,1.598,4.144,-0.383,4.210
95.07,1.558,-0.628,1.597,4.379,-0.385,4.211
95.08,1.552,-0.628,1.596,4.076,-0.386,4.208
95.09,1.568,-0.630,1.594,4.166,-0.386,4.207
95.10,1.590,-0.631,1.594,4.326,-0.386,4.209
95.11,1.754,-0.632,1.595,4.048,-0.386,4.207
95.12,1.470,-0.631,1.595,4.019,-0.385,4.205
95.13,1.699,-0.632,1.595,4.202,-0.384,4.206
95.14,1.534,-0.632,1.594,4.202,-0.386,4.205
95.15,1.893,-0.631,1.600,4.372,-0.386,4.207
95.16,1.654,-0.631,1.600,4.227,-0.386,4.207
95.17,1.615,-0.631,1.601,4.262,-0.386,4.208
95.18,1.561,-0.631,1.601,4.301,-0.385,4.210
95.19,1.659,-0.632,1.601,4.262,-0.385,4.210
95.20,1.531,-0.631,1.600,4.279,-0.387,4.210
95.21,1.647,-0.631,1.602,4.320,-0.386,4.212
95.22,1.511,-0.632,1.600,3.904,-0.386,4.208
95.23,1.372,-0.633,1.596,4.190,-0.385,4.209
95.24,1.825,-0.632,1.600,4.081,-0.385,4.207
95.25,1.377,-0.634,1.595,4.560,-0.385,4.212
95.26,1.618,-0.635,1.595,4.283,-0.386,4.212
95.27,1.543,-0.634,1.595,3.763,-0.386,4.206
95.28,1.799,-0.637,1.595,4.362,-0.386,4.208
95.29,1.482,-0.637,1.594,4.273,-0.387,4.208
95.30,1.931,-0.638,1.598,4.151,-0.389,4.206
95.31,1.637,-0.639,1.597,4.379,-0.388,4.208
95.32,1.155,-0.640,1.591,4.199,-0.388,4.208
95.33,1.623,-0.640,1.591,4.281,-0.389,4.209
95.34,1.455,-0.639,1.591,4.328,-0.389,4.210
95.35,1.404,-0.639,1.589,4.214,-0.388,4.211
95.36,1.370,-0.638,1.587,3.930,-0.390,4.206
95.37,1.627,-0.637,1.589,4.207,-0.390,4.206
95.38,1.572,-0.636,1.589,4.042,-0.390,4.204
95.39,1.631,-0.637,1.590,4.277,-0.390,4.204
95.40,1.481,-0.636,1.589,4.192,-0.390,4.204
95.41,1.379,-0.637,1.586,4.244,-0.389,4.205
95.42,1.298,-0.638,1.581,4.266,-0.389,4.207
95.43,1.524,-0.636,1.582,4.214,-0.388,4.207
95.44,1.264,-0.636,1.578,4.088,-0.390,4.204
95.45,1.195,-0.635,1.575,4.177,-0.391,4.202
95.46,1.654,-0.636,1.574,4.320,-0.392,4.203
95.47,1.818,-0.637,1.576,4.284,-0.391,4.205
95.48,1.935,-0.637,1.582,4.354,-0.392,4.207
95.49,1.650,-0.638,1.582,4.036,-0.393,4.204
95.50,1.508,-0.637,1.581,4.161,-0.394,4.201
95.51,1.574,-0.637,1.582,4.324,-0.395,4.202
95.52,1.512,-0.635,1.583,4.051,-0.396,4.200
95.53,1.489,-0.633,1.584,4.443,-0.394,4.204
95.54,1.502,-0.634,1.582,4.035,-0.394,4.203
95.55,1.781,-0.635,1.584,4.029,-0.393,4.201
95.56,1.299,-0.633,1.582,4.291,-0.393,4.202
95.57,1.476,-0.635,1.578,4.189,-0.394,4.201
95.58,1.760,-0.637,1.579,4.196,-0.393,4.202
95.59,1.569,-0.637,1.579,4.187,-0.394,4.201
95.60,1.512,-0.636,1.579,4.151,-0.392,4.202
95.61,1.688,-0.637,1.580,4.227,-0.392,4.203
95.62,1.544,-0.638,1.579,4.612,-0.392,4.208
95.63,1.403,-0.638,1.576,4.188,-0.393,4.207
95.64,1.679,-0.636,1.580,4.299,-0.394,4.207
95.65,1.756,-0.635,1.583,4.076,-0.394,4.205
95.66,1.532,-0.636,1.582,4.156,-0.394,4.205
95.67,1.518,-0.635,1.582,4.003,-0.392,4.204
95.68,1.815,-0.633,1.587,4.107,-0.393,4.202
95.69,1.471,-0.634,1.585,4.141,-0.392,4.202
95.70,1.711,-0.634,1.587,3.979,-0.393,4.198
95.71,1.373,-0.633,1.584,4.157,-0.393,4.198
95.72,1.753,-0.634,1.586,4.272,-0.393,4.199
95.73,1.610,-0.634,1.586,4.220,-0.392,4.200
95.74,1.705,-0.634,1.588,4.181,-0.393,4.198
95.75,1.520,-0.635,1.586,4.232,-0.394,4.198
95.76,1.659,-0.636,1.586,4.274,-0.394,4.199
95.77,1.553,-0.636,1.586,3.895,-0.394,4.195
95.78,1.462,-0.636,1.584,4.316,-0.395,4.196
95.79,1.602,-0.637,1.584,4.266,-0.394,4.197
95.80,1.563,-0.637,1.584,4.089,-0.395,4.195
95.81,1.497,-0.637,1.583,4.253,-0.396,4.195
95.82,1.491,-0.636,1.582,3.952,-0.397,4.191
95.83,1.460,-0.636,1.581,4.262,-0.397,4.191
95.84,1.514,-0.639,1.577,4.394,-0.398,4.193
95.85,1.565,-0.641,1.575,3.830,-0.398,4.189
95.86,1.535,-0.642,1.574,3.985,-0.396,4.188
95.87,1.364,-0.641,1.572,4.175,-0.396,4.188
95.88,1.574,-0.640,1.573,4.042,-0.395,4.186
95.89,1.435,-0.644,1.568,4.180,-0.396,4.186
95.90,1.656,-0.643,1.570,4.301,-0.396,4.187
95.91,1.570,-0.643,1.569,4.133,-0.395,4.187
95.92,1.696,-0.643,1.572,4.229,-0.396,4.186
95.93,1.461,-0.644,1.569,4.379,-0.399,4.186
95.94,1.418,-0.643,1.568,4.076,-0.397,4.186
95.95,1.461,-0.644,1.566,4.029,-0.397,4.185
95.96,1.479,-0.645,1.564,4.003,-0.399,4.180
95.97,1.732,-0.645,1.566,4.147,-0.400,4.179
95.98,1.707,-0.645,1.568,4.037,-0.400,4.176
95.99,1.819,-0.644,1.572,4.083,-0.402,4.174
96.00,1.562,-0.646,1.571,3.952,-0.400,4.172
96.01,1.712,-0.647,1.571,4.200,-0.400,4.172
96.02,1.365,-0.646,1.569,4.182,-0.401,4.172
96.03,1.480,-0.646,1.568,3.957,-0.401,4.168
96.04,1.620,-0.645,1.570,4.205,-0.402,4.168
96.05,1.679,-0.646,1.571,4.356,-0.400,4.172
96.06,1.477,-0.646,1.569,4.335,-0.401,4.174
96.07,1.720,-0.648,1.570,4.266,-0.401,4.175
96.08,1.587,-0.647,1.571,4.111,-0.401,4.173
96.09,1.626,-0.646,1.572,4.001,-0.401,4.171
96.10,1.434,-0.645,1.572,4.161,-0.401,4.171
96.11,1.554,-0.647,1.569,4.282,-0.400,4.173
96.12,1.390,-0.646,1.569,4.258,-0.401,4.173
96.13,1.750,-0.645,1.572,4.590,-0.402,4.178
96.14,1.759,-0.646,1.573,4.036,-0.401,4.176
96.16,1.603,-0.647,1.573,4.333,-0.401,4.179
96.17,1.458,-0.647,1.571,3.821,-0.402,4.173
96.18,1.713,-0.648,1.572,4.127,-0.402,4.172
96.18,1.585,-0.648,1.573,4.329,-0.402,4.174
96.19,1.408,-0.648,1.571,4.332,-0.402,4.176
96.21,1.472,-0.648,1.569,4.128,-0.402,4.175
96.22,1.397,-0.649,1.566,4.027,-0.400,4.175
96.22,1.757,-0.646,1.572,3.815,-0.400,4.171
96.24,1.560,-0.646,1.571,4.249,-0.400,4.172
96.25,1.551,-0.647,1.570,3.974,-0.399,4.169
96.26,1.650,-0.649,1.570,4.069,-0.399,4.168
96.26,1.399,-0.650,1.566,4.463,-0.398,4.173
96.28,1.610,-0.651,1.566,4.329,-0.398,4.175
96.29,1.717,-0.650,1.569,4.236,-0.399,4.175
96.30,1.436,-0.652,1.566,4.192,-0.399,4.175
96.31,1.754,-0.651,1.569,4.443,-0.399,4.178
96.32,1.379,-0.653,1.565,4.101,-0.400,4.176
96.33,1.750,-0.653,1.567,4.547,-0.399,4.182
96.34,1.540,-0.654,1.566,4.217,-0.399,4.183
96.35,1.495,-0.656,1.563,4.145,-0.400,4.181
96.35,1.703,-0.654,1.567,4.034,-0.399,4.180
96.37,1.580,-0.653,1.568,3.963,-0.401,4.176
96.38,1.464,-0.651,1.569,4.188,-0.403,4.174
96.39,1.575,-0.650,1.570,4.094,-0.404,4.171
96.40,1.735,-0.650,1.572,4.352,-0.406,4.172
96.41,1.631,-0.650,1.573,4.289,-0.406,4.173
96.42,1.754,-0.651,1.575,3.974,-0.405,4.171
96.43,1.590,-0.653,1.573,3.926,-0.405,4.168
96.44,1.383,-0.654,1.570,4.233,-0.404,4.170
96.45,1.599,-0.654,1.570,4.297,-0.403,4.172
96.46,1.565,-0.655,1.570,4.455,-0.403,4.176
96.47,1.380,-0.656,1.566,4.258,-0.402,4.178
96.48,1.562,-0.656,1.566,4.053,-0.401,4.177
96.49,1.506,-0.657,1.565,4.178,-0.403,4.176
96.50,1.500,-0.656,1.564,4.069,-0.403,4.174
96.51,1.729,-0.657,1.566,4.248,-0.403,4.175
96.52,1.542,-0.658,1.565,4.242,-0.402,4.177
96.53,1.393,-0.657,1.564,3.951,-0.402,4.174
96.54,1.412,-0.658,1.561,4.367,-0.403,4.175
96.55,1.791,-0.657,1.565,4.169,-0.403,4.175
96.56,1.571,-0.656,1.566,4.122,-0.404,4.174
96.57,1.815,-0.657,1.568,4.167,-0.404,4.173
96.58,1.414,-0.658,1.565,4.276,-0.403,4.175
96.59,1.357,-0.656,1.565,3.962,-0.403,4.172
96.60,1.517,-0.656,1.564,3.939,-0.403,4.170
96.61,1.579,-0.656,1.564,4.162,-0.404,4.168
96.62,1.539,-0.657,1.563,4.323,-0.405,4.169
96.63,1.399,-0.658,1.560,3.980,-0.405,4.167
96.64,1.530,-0.658,1.560,4.107,-0.404,4.167
96.65,1.716,-0.661,1.559,4.060,-0.405,4.164
96.66,1.640,-0.662,1.559,4.204,-0.405,4.165
96.67,1.605,-0.663,1.559,4.467,-0.405,4.168
96.68,1.620,-0.663,1.559,4.355,-0.405,4.171
96.69,1.538,-0.662,1.560,4.282,-0.404,4.173
96.70,1.413,-0.662,1.559,3.884,-0.404,4.169
96.71,1.857,-0.661,1.563,4.323,-0.404,4.172
96.72,1.587,-0.662,1.563,4.484,-0.404,4.176
96.73,1.601,-0.663,1.562,4.280,-0.406,4.175
96.74,1.594,-0.664,1.562,4.345,-0.407,4.176
96.75,1.336,-0.664,1.559,4.393,-0.406,4.180
96.76,1.519,-0.665,1.557,4.102,-0.405,4.179
96.77,1.378,-0.665,1.555,4.346,-0.407,4.180
96.78,1.634,-0.665,1.557,4.580,-0.407,4.185
96.79,1.468,-0.665,1.555,4.160,-0.406,4.186
96.80,1.655,-0.666,1.556,3.998,-0.407,4.182
96.81,1.522,-0.669,1.553,4.318,-0.406,4.186
96.82,1.594,-0.669,1.553,4.336,-0.404,4.189
96.83,1.603,-0.669,1.554,4.345,-0.402,4.193
96.84,1.465,-0.668,1.554,3.922,-0.402,4.190
96.85,1.452,-0.670,1.550,4.208,-0.403,4.189
96.86,1.245,-0.669,1.547,4.228,-0.403,4.190
96.87,1.540,-0.671,1.545,4.176,-0.402,4.191
96.88,1.599,-0.674,1.543,4.106,-0.403,4.188
96.89,1.744,-0.675,1.545,4.033,-0.402,4.187
96.90,1.686,-0.675,1.546,4.330,-0.402,4.189
96.91,1.407,-0.676,1.544,4.109,-0.403,4.187
96.92,1.619,-0.676,1.545,4.247,-0.403,4.188
96.93,1.676,-0.676,1.547,3.919,-0.403,4.185
96.94,1.607,-0.674,1.550,4.415,-0.404,4.187
96.95,1.931,-0.675,1.554,4.560,-0.404,4.192
96.96,1.630,-0.675,1.555,4.107,-0.405,4.190
96.97,1.562,-0.674,1.556,3.883,-0.406,4.185
96.98,1.550,-0.673,1.557,4.353,-0.405,4.188
96.99,1.543,-0.675,1.555,4.311,-0.406,4.188
97.00,1.461,-0.674,1.555,4.045,-0.407,4.186
97.01,1.741,-0.674,1.557,4.511,-0.405,4.192
97.02,1.857,-0.675,1.560,4.298,-0.406,4.192
97.03,1.494,-0.674,1.561,4.201,-0.406,4.193
97.04,1.595,-0.676,1.560,4.037,-0.406,4.191
97.05,1.493,-0.676,1.558,4.199,-0.406,4.191
97.06,1.696,-0.677,1.559,4.244,-0.406,4.191
97.07,1.623,-0.677,1.560,4.405,-0.405,4.195
97.08,1.531,-0.678,1.559,4.144,-0.406,4.194
97.09,1.642,-0.678,1.561,4.332,-0.406,4.195
97.10,1.385,-0.677,1.559,4.639,-0.406,4.202
97.11,1.625,-0.678,1.560,4.253,-0.407,4.202
97.12,1.404,-0.676,1.560,4.004,-0.406,4.200
97.13,1.702,-0.676,1.561,4.160,-0.405,4.200
97.14,1.821,-0.677,1.565,4.450,-0.406,4.203
97.15,1.447,-0.676,1.564,4.111,-0.406,4.202
97.16,1.448,-0.674,1.564,4.197,-0.406,4.202
97.17,1.608,-0.675,1.564,3.944,-0.405,4.199
97.18,1.571,-0.675,1.565,4.293,-0.406,4.200
97.19,1.388,-0.676,1.561,4.011,-0.405,4.199
97.20,1.690,-0.674,1.565,4.206,-0.404,4.200
97.21,1.537,-0.673,1.566,4.235,-0.405,4.199
97.22,1.830,-0.673,1.570,4.204,-0.405,4.199
97.23,1.496,-0.672,1.569,4.243,-0.405,4.200
97.24,1.559,-0.674,1.568,4.008,-0.406,4.196
97.25,1.573,-0.674,1.568,4.414,-0.407,4.199
97.26,1.713,-0.673,1.571,4.296,-0.407,4.200
97.27,1.856,-0.674,1.574,3.787,-0.406,4.195
97.28,1.388,-0.675,1.570,4.405,-0.407,4.197
97.29,1.775,-0.675,1.573,4.360,-0.407,4.200
97.30,1.231,-0.675,1.569,4.153,-0.407,4.199
97.31,1.482,-0.676,1.567,4.098,-0.408,4.197
97.32,1.709,-0.676,1.569,4.058,-0.409,4.194
97.33,1.483,-0.677,1.568,4.332,-0.410,4.195
97.34,1.782,-0.678,1.569,4.173,-0.409,4.196
97.35,1.524,-0.678,1.569,4.409,-0.410,4.198
97.36,1.629,-0.679,1.568,4.314,-0.408,4.201
97.37,1.415,-0.679,1.567,4.312,-0.407,4.204
97.38,1.319,-0.676,1.567,4.259,-0.408,4.204
97.39,1.452,-0.677,1.564,4.278,-0.408,4.205
97.40,1.279,-0.676,1.562,3.975,-0.408,4.202
97.41,1.616,-0.678,1.560,4.397,-0.408,4.204
97.42,1.434,-0.678,1.559,4.552,-0.410,4.207
97.43,1.679,-0.677,1.562,4.139,-0.410,4.206
97.44,1.707,-0.677,1.564,4.062,-0.411,4.204
97.45,1.635,-0.676,1.566,3.867,-0.409,4.201
97.46,1.582,-0.676,1.566,4.123,-0.408,4.202
97.47,1.646,-0.677,1.567,4.387,-0.408,4.204
97.48,1.516,-0.677,1.566,4.239,-0.409,4.204
97.49,1.449,-0.676,1.566,3.989,-0.411,4.200
97.50,1.455,-0.675,1.565,3.912,-0.411,4.196
97.51,1.459,-0.674,1.565,4.394,-0.411,4.198
97.52,1.538,-0.674,1.564,4.170,-0.411,4.198
97.53,1.777,-0.675,1.567,4.245,-0.410,4.199
97.54,1.737,-0.675,1.569,4.550,-0.411,4.203
97.55,1.679,-0.678,1.568,4.203,-0.411,4.203
97.56,1.676,-0.677,1.570,4.341,-0.413,4.204
97.57,1.730,-0.678,1.571,3.998,-0.411,4.203
97.58,1.800,-0.679,1.574,3.896,-0.412,4.198
97.59,1.679,-0.677,1.577,4.464,-0.411,4.203
97.60,1.603,-0.677,1.577,4.234,-0.410,4.204
97.61,1.465,-0.679,1.575,4.393,-0.410,4.207
97.63,1.442,-0.679,1.573,3.840,-0.409,4.203
97.63,1.633,-0.682,1.571,4.341,-0.409,4.205
97.64,1.511,-0.682,1.570,4.180,-0.407,4.207
97.66,1.425,-0.682,1.569,4.175,-0.409,4.204
97.67,1.629,-0.681,1.570,4.466,-0.408,4.209
97.68,1.529,-0.682,1.570,4.272,-0.410,4.208
97.69,1.598,-0.683,1.569,4.088,-0.409,4.208
97.69,1.839,-0.681,1.574,4.145,-0.409,4.207
97.71,1.490,-0.682,1.573,4.219,-0.410,4.206
97.72,1.632,-0.682,1.573,4.256,-0.410,4.207
97.73,1.336,-0.682,1.571,4.260,-0.409,4.209
97.74,1.407,-0.681,1.570,4.554,-0.410,4.213
97.75,1.553,-0.681,1.570,4.434,-0.410,4.216
97.76,1.703,-0.683,1.570,4.141,-0.410,4.215
97.77,1.415,-0.686,1.565,4.351,-0.411,4.216
97.78,1.483,-0.688,1.562,4.233,-0.411,4.216
97.79,1.614,-0.688,1.563,4.625,-0.411,4.222
97.80,1.402,-0.690,1.559,4.193,-0.412,4.221
97.80,1.848,-0.689,1.563,4.347,-0.412,4.222
97.82,1.289,-0.690,1.559,4.416,-0.413,4.224
97.83,1.594,-0.692,1.558,4.202,-0.414,4.224
97.84,1.586,-0.691,1.559,3.998,-0.414,4.221
97.85,1.489,-0.691,1.558,3.944,-0.414,4.217
97.86,1.884,-0.690,1.564,4.433,-0.415,4.219
97.87,1.554,-0.692,1.562,4.223,-0.415,4.219
97.88,1.521,-0.691,1.562,4.157,-0.416,4.218
97.89,1.686,-0.691,1.564,4.398,-0.415,4.221
97.90,1.324,-0.693,1.559,4.343,-0.414,4.224
97.91,1.561,-0.694,1.558,4.156,-0.413,4.224
97.92,1.726,-0.695,1.560,4.112,-0.414,4.223
97.93,1.535,-0.696,1.559,4.036,-0.411,4.223
97.94,1.578,-0.695,1.561,4.210,-0.411,4.223
97.95,1.537,-0.693,1.562,4.075,-0.411,4.221
97.96,1.606,-0.694,1.562,4.323,-0.410,4.223
97.97,1.290,-0.695,1.558,4.313,-0.411,4.224
97.98,1.291,-0.696,1.553,4.091,-0.411,4.223
97.99,1.643,-0.698,1.553,4.234,-0.409,4.225
98.00,1.391,-0.693,1.555,4.038,-0.410,4.222
98.01,1.528,-0.695,1.554,4.470,-0.410,4.225
98.02,1.747,-0.696,1.555,4.164,-0.410,4.225
98.03,1.675,-0.695,1.558,4.045,-0.409,4.224
98.04,1.579,-0.695,1.558,4.431,-0.410,4.225
98.05,1.471,-0.694,1.558,4.206,-0.410,4.225
98.06,1.676,-0.696,1.558,3.978,-0.411,4.221
98.07,1.530,-0.697,1.556,4.368,-0.412,4.222
98.08,1.647,-0.698,1.557,4.185,-0.412,4.222
98.09,1.734,-0.700,1.558,4.218,-0.413,4.221
98.10,1.853,-0.698,1.563,3.795,-0.413,4.216
98.11,1.701,-0.699,1.565,4.148,-0.411,4.217
98.12,1.448,-0.698,1.565,4.341,-0.410,4.219
98.13,1.420,-0.700,1.561,3.848,-0.409,4.216
98.14,1.300,-0.699,1.558,3.995,-0.408,4.214
98.15,1.791,-0.698,1.562,4.051,-0.411,4.210
98.16,1.555,-0.698,1.563,4.043,-0.409,4.210
98.17,1.566,-0.697,1.564,4.221,-0.409,4.210
98.18,1.345,-0.696,1.562,4.437,-0.410,4.212
98.19,1.623,-0.698,1.561,4.212,-0.410,4.211
98.20,1.426,-0.700,1.558,3.984,-0.409,4.210
98.21,1.643,-0.700,1.558,4.359,-0.409,4.212
98.22,1.658,-0.701,1.559,4.407,-0.409,4.214
98.23,1.608,-0.700,1.561,4.383,-0.410,4.216
98.24,1.709,-0.700,1.564,4.586,-0.410,4.221
98.25,1.663,-0.699,1.566,4.336,-0.410,4.223
98.26,1.489,-0.701,1.563,4.429,-0.409,4.226
98.27,1.765,-0.701,1.566,4.268,-0.409,4.228
98.28,1.446,-0.702,1.563,4.134,-0.408,4.227
98.29,1.748,-0.701,1.567,4.753,-0.408,4.234
98.30,1.850,-0.701,1.571,4.218,-0.408,4.234
98.31,1.473,-0.702,1.569,3.989,-0.408,4.231
98.32,1.502,-0.705,1.566,3.842,-0.408,4.226
98.33,1.685,-0.706,1.566,4.193,-0.409,4.225
98.34,1.541,-0.705,1.567,3.962,-0.410,4.221
98.35,1.776,-0.704,1.571,4.303,-0.410,4.222
98.36,1.592,-0.703,1.573,4.050,-0.408,4.222
98.37,1.689,-0.703,1.575,4.348,-0.408,4.224
98.38,1.411,-0.702,1.573,4.147,-0.410,4.221
98.39,1.419,-0.703,1.571,4.250,-0.411,4.220
98.40,1.723,-0.703,1.573,4.342,-0.412,4.221
98.41,1.429,-0.703,1.571,4.355,-0.413,4.222
98.42,1.652,-0.701,1.574,3.965,-0.412,4.220
98.43,1.541,-0.702,1.573,4.095,-0.413,4.217
98.44,1.700,-0.702,1.575,4.312,-0.413,4.219
98.45,1.431,-0.703,1.572,4.246,-0.413,4.219
98.46,1.531,-0.703,1.572,4.036,-0.414,4.216
98.47,1.502,-0.703,1.571,4.361,-0.415,4.217
98.48,1.600,-0.704,1.571,3.936,-0.415,4.214
98.49,1.759,-0.706,1.572,3.807,-0.415,4.208
98.50,1.749,-0.706,1.574,4.518,-0.414,4.213
98.51,1.767,-0.708,1.575,4.296,-0.415,4.213
98.52,1.511,-0.708,1.575,4.248,-0.415,4.215
98.53,1.691,-0.708,1.576,4.315,-0.415,4.215
98.54,1.688,-0.707,1.579,4.126,-0.415,4.215
98.55,1.637,-0.708,1.580,4.461,-0.414,4.219
98.56,1.257,-0.708,1.575,4.460,-0.414,4.222
98.57,1.519,-0.711,1.572,4.203,-0.414,4.222
98.58,1.635,-0.709,1.575,4.412,-0.415,4.224
98.59,1.490,-0.709,1.575,4.169,-0.415,4.223
98.60,1.511,-0.709,1.574,4.121,-0.415,4.222
98.61,1.292,-0.708,1.571,4.316,-0.416,4.223
98.62,1.789,-0.709,1.573,4.130,-0.417,4.221
98.63,1.650,-0.709,1.575,4.144,-0.417,4.220
98.64,1.402,-0.710,1.572,4.358,-0.417,4.222
98.65,1.339,-0.710,1.568,3.786,-0.417,4.216
98.66,1.928,-0.709,1.574,4.175,-0.416,4.216
98.67,1.285,-0.708,1.572,4.414,-0.416,4.219
98.68,1.571,-0.710,1.571,4.425,-0.415,4.223
98.69,1.673,-0.710,1.572,4.212,-0.415,4.224
98.70,1.606,-0.712,1.571,4.242,-0.414,4.225
98.71,1.841,-0.713,1.573,4.052,-0.415,4.221
98.72,1.739,-0.714,1.575,4.095,-0.415,4.220
98.73,1.484,-0.712,1.575,4.187,-0.414,4.221
98.74,1.485,-0.711,1.576,4.337,-0.416,4.220
98.75,1.317,-0.712,1.572,4.287,-0.418,4.219
98.76,1.695,-0.712,1.574,4.131,-0.418,4.218
98.77,1.900,-0.710,1.580,4.354,-0.418,4.221
98.78,1.696,-0.710,1.582,4.327,-0.417,4.223
98.79,1.604,-0.708,1.584,4.033,-0.417,4.220
98.80,1.645,-0.710,1.583,4.167,-0.417,4.220
98.81,1.641,-0.710,1.584,3.987,-0.415,4.219
98.82,1.595,-0.711,1.584,4.022,-0.416,4.215
98.83,1.382,-0.711,1.582,4.155,-0.416,4.214
98.84,1.540,-0.711,1.581,3.916,-0.417,4.210
98.85,1.706,-0.711,1.583,4.183,-0.417,4.210
98.86,1.575,-0.711,1.584,4.578,-0.416,4.215
98.87,1.536,-0.710,1.584,4.274,-0.418,4.214
98.88,1.571,-0.710,1.584,3.929,-0.418,4.211
98.89,1.511,-0.709,1.584,3.949,-0.419,4.207
98.90,1.549,-0.711,1.582,4.162,-0.419,4.206
98.91,1.580,-0.710,1.583,3.947,-0.420,4.202
98.92,1.729,-0.709,1.586,4.205,-0.420,4.202
98.93,1.639,-0.711,1.586,3.948,-0.421,4.198
98.94,1.485,-0.711,1.584,4.035,-0.421,4.196
98.95,1.805,-0.712,1.587,4.463,-0.420,4.200
98.96,1.697,-0.712,1.589,4.147,-0.420,4.199
98.97,1.460,-0.714,1.585,4.150,-0.421,4.198
98.98,1.428,-0.716,1.582,4.252,-0.422,4.198
98.99,1.673,-0.717,1.582,4.417,-0.421,4.201
99.00,1.743,-0.716,1.586,4.138,-0.422,4.199
99.01,1.681,-0.715,1.588,4.075,-0.422,4.198
99.02,1.465,-0.717,1.585,3.956,-0.423,4.194
99.03,1.313,-0.716,1.582,4.279,-0.424,4.194
99.05,1.605,-0.715,1.584,4.290,-0.423,4.196
99.05,1.427,-0.714,1.583,4.180,-0.425,4.194
99.06,1.676,-0.714,1.585,4.280,-0.425,4.195
99.07,1.588,-0.713,1.586,4.257,-0.425,4.196
99.08,1.742,-0.713,1.589,4.271,-0.424,4.198
99.09,1.647,-0.714,1.588,4.004,-0.423,4.197
99.10,1.302,-0.715,1.584,4.244,-0.424,4.197
99.12,1.465,-0.715,1.582,4.581,-0.424,4.201
99.13,1.796,-0.716,1.584,4.524,-0.423,4.207
99.13,1.313,-0.717,1.580,4.255,-0.424,4.207
99.14,1.624,-0.717,1.581,4.166,-0.423,4.207
99.15,1.414,-0.718,1.578,4.205,-0.423,4.207
99.17,1.547,-0.716,1.579,4.378,-0.423,4.209
99.18,1.874,-0.718,1.582,4.290,-0.424,4.210
99.19,1.586,-0.717,1.583,4.349,-0.425,4.210
99.20,1.671,-0.718,1.584,4.072,-0.424,4.210
99.21,1.397,-0.717,1.582,4.205,-0.424,4.210
99.22,1.714,-0.721,1.581,4.406,-0.425,4.212
99.23,1.612,-0.721,1.581,4.163,-0.424,4.212
99.24,1.694,-0.720,1.584,4.384,-0.424,4.214
99.25,1.546,-0.722,1.582,4.395,-0.425,4.216
99.26,1.754,-0.723,1.584,4.166,-0.425,4.216
99.27,1.662,-0.722,1.586,4.187,-0.423,4.217
99.28,1.660,-0.722,1.587,4.530,-0.422,4.222
99.29,1.451,-0.722,1.585,4.146,-0.422,4.221
99.30,1.687,-0.723,1.586,4.367,-0.422,4.224
99.31,1.662,-0.723,1.588,4.342,-0.422,4.226
99.32,1.648,-0.723,1.589,4.188,-0.423,4.224
99.33,1.411,-0.725,1.584,4.423,-0.422,4.228
99.34,1.704,-0.725,1.587,3.970,-0.423,4.224
99.35,1.446,-0.725,1.584,3.782,-0.423,4.218
99.36,1.440,-0.726,1.582,3.974,-0.422,4.216
99.37,1.536,-0.727,1.581,4.167,-0.423,4.215
99.38,1.564,-0.726,1.582,4.081,-0.422,4.214
99.39,1.794,-0.726,1.585,3.998,-0.423,4.210
99.40,1.650,-0.726,1.586,4.361,-0.423,4.212
99.41,1.849,-0.726,1.590,4.274,-0.423,4.213
99.42,1.453,-0.728,1.587,4.493,-0.423,4.217
99.43,1.679,-0.730,1.586,4.314,-0.423,4.219
99.44,1.565,-0.731,1.585,4.289,-0.422,4.220
99.45,1.425,-0.732,1.582,4.297,-0.422,4.221
99.46,1.568,-0.732,1.582,4.609,-0.422,4.227
99.47,1.495,-0.731,1.583,3.878,-0.423,4.221
99.48,1.475,-0.733,1.580,4.177,-0.423,4.221
99.49,1.797,-0.734,1.581,4.042,-0.424,4.217
99.50,1.541,-0.734,1.582,4.046,-0.424,4.216
99.51,1.377,-0.733,1.580,4.427,-0.423,4.219
99.52,1.563,-0.734,1.579,4.198,-0.423,4.219
99.53,1.598,-0.732,1.581,4.392,-0.423,4.221
99.54,1.548,-0.731,1.583,4.223,-0.423,4.222
99.55,1.381,-0.733,1.578,3.826,-0.423,4.217
99.56,1.462,-0.736,1.574,4.354,-0.424,4.218
99.57,1.623,-0.736,1.575,4.359,-0.423,4.221
99.58,1.478,-0.736,1.573,4.011,-0.424,4.217
99.59,1.557,-0.736,1.573,4.366,-0.424,4.219
99.60,1.449,-0.735,1.573,3.992,-0.423,4.217
99.61,1.590,-0.737,1.572,4.178,-0.422,4.218
99.62,1.710,-0.737,1.574,4.083,-0.421,4.217
99.63,1.432,-0.738,1.571,4.338,-0.420,4.220
99.64,1.432,-0.739,1.569,4.290,-0.420,4.221
99.65,1.749,-0.738,1.572,4.311,-0.420,4.223
99.66,1.391,-0.738,1.571,4.285,-0.420,4.223
99.67,1.404,-0.738,1.568,4.269,-0.419,4.224
99.68,1.681,-0.736,1.571,4.219,-0.419,4.225
99.69,1.407,-0.738,1.568,4.035,-0.419,4.223
99.70,1.470,-0.738,1.567,4.296,-0.417,4.225
99.71,1.754,-0.737,1.571,4.080,-0.418,4.223
99.72,1.662,-0.737,1.572,4.174,-0.418,4.222
99.73,1.456,-0.738,1.569,4.087,-0.417,4.221
99.74,1.621,-0.739,1.569,4.015,-0.418,4.218
99.75,1.576,-0.739,1.570,4.207,-0.418,4.218
99.76,1.606,-0.741,1.569,4.461,-0.418,4.222
99.77,1.617,-0.741,1.570,4.113,-0.418,4.220
99.78,1.594,-0.740,1.571,4.287,-0.419,4.219
99.79,1.660,-0.740,1.572,4.010,-0.419,4.217
99.80,1.562,-0.741,1.571,4.330,-0.419,4.219
99.81,1.537,-0.742,1.570,3.952,-0.420,4.215
99.82,1.615,-0.741,1.572,4.346,-0.420,4.216
99.83,1.615,-0.744,1.570,4.094,-0.420,4.215
99.84,1.264,-0.745,1.565,4.231,-0.420,4.215
99.85,1.765,-0.746,1.567,4.026,-0.420,4.213
99.86,1.579,-0.744,1.569,4.373,-0.421,4.214
99.87,1.230,-0.743,1.566,4.151,-0.420,4.214
99.88,1.315,-0.744,1.562,4.288,-0.421,4.214
99.89,1.439,-0.745,1.560,3.931,-0.422,4.209
99.90,1.489,-0.743,1.561,4.137,-0.422,4.208
99.91,1.536,-0.743,1.561,4.225,-0.423,4.208
99.92,1.507,-0.742,1.561,4.207,-0.422,4.209
99.93,1.870,-0.740,1.567,4.024,-0.422,4.206
99.94,1.575,-0.742,1.566,4.422,-0.422,4.209
99.95,1.863,-0.743,1.569,3.945,-0.421,4.207
99.96,1.742,-0.745,1.570,4.101,-0.420,4.206
99.97,1.620,-0.745,1.570,3.839,-0.421,4.201
99.98,1.513,-0.743,1.571,4.356,-0.422,4.202
99.99,1.407,-0.743,1.570,4.121,-0.423,4.200
100.00,1.562,-0.744,1.569,4.136,-0.423,4.199
100.01,1.537,-0.743,1.570,4.160,-0.422,4.199
100.02,1.683,-0.743,1.571,4.139,-0.424,4.197
100.03,1.596,-0.745,1.570,4.023,-0.423,4.195
100.04,1.760,-0.746,1.572,4.531,-0.423,4.199
100.05,1.513,-0.746,1.571,4.270,-0.425,4.199
100.06,1.546,-0.746,1.571,4.276,-0.425,4.199
100.07,1.420,-0.748,1.567,4.437,-0.427,4.201
100.08,1.680,-0.750,1.567,4.217,-0.427,4.201
100.09,1.699,-0.753,1.566,4.141,-0.426,4.201
100.10,1.577,-0.753,1.567,4.461,-0.427,4.204
100.11,1.429,-0.754,1.564,4.387,-0.427,4.206
100.12,1.979,-0.753,1.571,4.265,-0.426,4.207
100.13,1.383,-0.753,1.568,4.114,-0.426,4.207
100.14,1.448,-0.756,1.564,4.157,-0.425,4.207
100.15,1.444,-0.756,1.562,4.295,-0.425,4.209
100.16,1.278,-0.755,1.561,4.347,-0.426,4.210
100.17,1.512,-0.756,1.559,4.149,-0.425,4.209
100.18,1.587,-0.758,1.558,4.037,-0.425,4.207
100.19,1.608,-0.757,1.559,4.348,-0.423,4.211
100.20,1.401,-0.758,1.557,3.963,-0.425,4.206
100.21,1.689,-0.760,1.557,4.094,-0.424,4.205
100.22,1.611,-0.760,1.557,4.256,-0.424,4.206
100.23,1.339,-0.760,1.554,4.090,-0.424,4.205
100.24,1.395,-0.763,1.550,4.548,-0.425,4.208
100.25,1.827,-0.763,1.554,4.355,-0.424,4.211
100.26,1.601,-0.764,1.553,4.240,-0.423,4.213
100.27,1.400,-0.763,1.552,4.242,-0.422,4.214
100.28,1.740,-0.765,1.554,4.267,-0.422,4.215
100.29,1.752,-0.765,1.557,4.293,-0.423,4.215
100.30,1.377,-0.764,1.555,3.996,-0.422,4.213
100.31,1.714,-0.763,1.558,4.056,-0.423,4.210
100.32,1.741,-0.762,1.562,4.193,-0.423,4.210
100.33,1.542,-0.761,1.562,4.562,-0.423,4.214
100.34,1.462,-0.762,1.561,4.143,-0.421,4.216
100.35,1.248,-0.763,1.556,4.591,-0.420,4.222
100.36,1.544,-0.764,1.555,4.371,-0.419,4.225
100.37,1.836,-0.766,1.557,4.028,-0.420,4.222
100.38,1.533,-0.765,1.558,4.334,-0.420,4.223
100.39,1.546,-0.766,1.557,4.099,-0.420,4.222
100.40,1.593,-0.766,1.557,4.353,-0.420,4.223
100.41,1.638,-0.768,1.557,4.446,-0.419,4.228
100.42,1.305,-0.769,1.553,4.112,-0.419,4.226
100.43,1.651,-0.768,1.555,4.180,-0.419,4.225
100.44,1.701,-0.768,1.557,4.677,-0.418,4.232
100.45,1.781,-0.767,1.561,3.979,-0.419,4.228
100.46,1.606,-0.769,1.560,4.242,-0.418,4.229
100.47,1.618,-0.769,1.562,4.403,-0.419,4.231
100.48,1.579,-0.768,1.563,4.043,-0.419,4.229
100.49,1.447,-0.768,1.562,4.205,-0.417,4.230
100.50,1.607,-0.769,1.561,4.196,-0.419,4.228
100.51,1.665,-0.770,1.562,3.929,-0.419,4.224
100.52,1.439,-0.769,1.562,4.285,-0.420,4.224
100.53,1.448,-0.769,1.561,4.047,-0.422,4.220
100.54,1.863,-0.770,1.564,4.204,-0.422,4.220
100.56,1.510,-0.771,1.563,4.146,-0.421,4.220
100.56,1.785,-0.770,1.566,4.037,-0.421,4.217
100.58,1.574,-0.770,1.567,4.176,-0.420,4.218
100.59,1.845,-0.770,1.571,4.231,-0.421,4.217
100.59,1.449,-0.769,1.570,3.924,-0.421,4.213
100.60,1.682,-0.771,1.570,4.111,-0.419,4.214
100.61,1.723,-0.771,1.573,4.248,-0.419,4.214
100.63,1.454,-0.772,1.570,4.019,-0.419,4.212
100.63,1.541,-0.774,1.569,4.035,-0.419,4.210
100.64,1.631,-0.772,1.572,4.411,-0.418,4.213
100.65,1.577,-0.772,1.572,4.040,-0.419,4.210
100.67,1.582,-0.773,1.571,3.763,-0.419,4.205
100.67,1.493,-0.774,1.570,4.452,-0.419,4.207
100.68,1.594,-0.775,1.570,4.313,-0.419,4.209
100.69,1.619,-0.774,1.571,4.212,-0.420,4.208
100.71,1.523,-0.774,1.571,4.246,-0.420,4.209
100.72,1.443,-0.776,1.567,4.186,-0.420,4.208
100.73,1.840,-0.778,1.570,4.361,-0.421,4.209
100.74,1.489,-0.775,1.571,4.115,-0.422,4.207
100.75,1.556,-0.776,1.571,4.279,-0.421,4.209
100.76,1.779,-0.778,1.572,4.225,-0.421,4.209
100.77,1.540,-0.777,1.573,4.082,-0.420,4.208
100.78,1.491,-0.779,1.570,4.228,-0.420,4.209
100.79,1.659,-0.780,1.571,4.274,-0.420,4.210
100.80,1.580,-0.782,1.569,4.265,-0.420,4.211
100.81,1.698,-0.781,1.572,4.298,-0.420,4.211
100.82,1.817,-0.782,1.574,3.978,-0.422,4.207
100.83,1.550,-0.781,1.575,4.473,-0.422,4.210
100.84,1.807,-0.781,1.579,4.130,-0.421,4.209
100.85,1.675,-0.780,1.581,4.277,-0.421,4.210
100.86,1.438,-0.780,1.580,4.539,-0.420,4.216
100.87,1.538,-0.779,1.580,3.970,-0.420,4.213
100.88,1.724,-0.779,1.583,4.120,-0.420,4.212
100.89,1.594,-0.777,1.586,4.035,-0.420,4.209
100.90,1.514,-0.775,1.587,4.115,-0.419,4.209
100.91,1.792,-0.776,1.589,4.163,-0.420,4.208
100.92,1.521,-0.778,1.587,4.450,-0.419,4.212
100.93,1.514,-0.776,1.587,4.115,-0.419,4.210
100.94,1.484,-0.775,1.588,4.394,-0.420,4.212
100.95,1.628,-0.777,1.587,4.379,-0.420,4.214
100.96,1.722,-0.776,1.590,3.996,-0.421,4.210
100.97,1.598,-0.777,1.589,4.223,-0.422,4.210
100.98,1.412,-0.777,1.587,4.294,-0.422,4.210
100.99,1.456,-0.777,1.586,4.058,-0.422,4.209
101.00,1.293,-0.778,1.581,4.271,-0.423,4.208
101.01,1.598,-0.779,1.581,4.063,-0.424,4.206
101.02,1.593,-0.781,1.580,4.526,-0.425,4.209
101.03,1.523,-0.780,1.580,4.455,-0.424,4.214
101.04,1.598,-0.780,1.581,4.331,-0.424,4.215
101.05,1.360,-0.779,1.579,4.164,-0.424,4.214
101.06,1.608,-0.778,1.580,4.248,-0.422,4.216
101.07,1.879,-0.779,1.585,4.303,-0.421,4.219
101.08,1.595,-0.780,1.584,4.384,-0.420,4.222
101.09,1.743,-0.780,1.586,3.911,-0.421,4.217
101.10,1.487,-0.779,1.586,4.181,-0.421,4.217
101.11,1.675,-0.778,1.588,4.010,-0.423,4.212
101.12,1.497,-0.777,1.588,4.151,-0.422,4.212
101.13,1.318,-0.780,1.582,4.027,-0.421,4.211
101.14,1.380,-0.779,1.581,4.128,-0.422,4.209
101.15,1.676,-0.781,1.581,4.438,-0.423,4.211
101.16,1.769,-0.783,1.582,4.252,-0.423,4.212
101.17,1.717,-0.786,1.581,4.076,-0.423,4.210
101.18,1.353,-0.785,1.579,4.266,-0.423,4.211
101.19,1.790,-0.786,1.581,4.184,-0.423,4.210
101.20,1.553,-0.787,1.580,4.162,-0.424,4.209
101.21,1.478,-0.789,1.577,4.287,-0.423,4.210
101.22,1.641,-0.790,1.577,4.430,-0.423,4.213
101.23,1.386,-0.790,1.575,3.877,-0.423,4.209
101.24,1.513,-0.792,1.573,4.269,-0.423,4.210
101.25,1.460,-0.792,1.572,4.290,-0.424,4.210
101.26,1.455,-0.791,1.571,4.423,-0.423,4.214
101.27,1.605,-0.791,1.572,4.180,-0.423,4.213
101.28,1.691,-0.790,1.575,4.269,-0.424,4.213
101.29,1.659,-0.791,1.576,4.056,-0.422,4.213
101.30,1.566,-0.792,1.574,4.087,-0.424,4.210
101.31,1.809,-0.793,1.577,4.287,-0.425,4.210
101.32,1.498,-0.790,1.579,4.346,-0.425,4.212
101.33,1.540,-0.791,1.578,4.461,-0.426,4.214
101.34,1.407,-0.792,1.575,4.070,-0.425,4.213
101.35,1.457,-0.793,1.572,4.121,-0.426,4.211
101.36,1.523,-0.796,1.569,3.894,-0.427,4.206
101.37,1.590,-0.798,1.569,4.178,-0.426,4.207
101.38,1.597,-0.799,1.567,4.061,-0.427,4.204
101.39,1.601,-0.800,1.567,4.388,-0.428,4.204
101.40,1.462,-0.802,1.564,4.390,-0.428,4.207
101.41,1.658,-0.804,1.564,4.685,-0.428,4.213
101.42,1.619,-0.803,1.566,4.288,-0.427,4.216
101.43,1.699,-0.803,1.568,4.344,-0.425,4.219
101.44,1.590,-0.803,1.569,4.345,-0.425,4.221
101.45,1.512,-0.802,1.569,4.085,-0.425,4.220
101.46,1.633,-0.803,1.569,4.129,-0.426,4.217
101.47,1.616,-0.802,1.571,4.240,-0.426,4.218
101.48,1.415,-0.802,1.570,4.145,-0.427,4.216
101.49,1.643,-0.803,1.570,4.067,-0.425,4.216
101.50,1.632,-0.804,1.570,3.965,-0.424,4.214
101.51,1.791,-0.804,1.573,4.210,-0.425,4.213
101.52,1.702,-0.804,1.575,4.353,-0.424,4.216
101.53,1.552,-0.807,1.573,4.075,-0.424,4.214
101.54,1.405,-0.806,1.572,4.500,-0.424,4.217
101.55,1.472,-0.807,1.569,4.294,-0.424,4.219
101.56,1.433,-0.806,1.569,4.242,-0.423,4.220
101.57,1.704,-0.806,1.571,4.382,-0.423,4.222
101.58,1.560,-0.807,1.570,4.188,-0.422,4.223
101.59,1.480,-0.808,1.568,4.552,-0.422,4.228
101.60,1.625,-0.810,1.568,4.360,-0.420,4.231
101.61,1.730,-0.808,1.572,4.351,-0.419,4.233
101.62,1.510,-0.809,1.570,3.972,-0.418,4.231
101.63,1.650,-0.810,1.571,4.178,-0.417,4.232
101.64,1.655,-0.812,1.571,4.206,-0.417,4.232
101.65,1.515,-0.812,1.570,4.169,-0.419,4.229
101.66,1.468,-0.811,1.569,4.417,-0.419,4.231
101.67,1.596,-0.810,1.571,4.159,-0.419,4.231
101.68,1.988,-0.808,1.579,4.156,-0.418,4.231
101.69,1.319,-0.810,1.575,4.020,-0.419,4.227
101.70,1.582,-0.809,1.575,4.123,-0.419,4.226
101.71,1.441,-0.809,1.574,4.021,-0.420,4.223
101.72,1.924,-0.809,1.579,4.017,-0.419,4.221
101.73,1.485,-0.811,1.577,4.347,-0.419,4.222
101.74,1.746,-0.810,1.580,4.185,-0.421,4.219
101.75,1.652,-0.810,1.581,4.114,-0.421,4.218
101.76,1.478,-0.810,1.580,4.510,-0.421,4.223
101.77,1.543,-0.810,1.580,4.198,-0.421,4.222
101.78,1.733,-0.811,1.582,4.393,-0.420,4.225
101.79,1.659,-0.810,1.584,4.420,-0.419,4.229
101.80,1.471,-0.810,1.582,4.218,-0.419,4.229
101.81,1.645,-0.811,1.583,4.107,-0.419,4.228
101.82,1.584,-0.812,1.582,3.729,-0.420,4.220
101.83,1.584,-0.811,1.584,4.083,-0.420,4.218
101.84,1.728,-0.812,1.585,3.921,-0.420,4.215
101.85,1.695,-0.813,1.586,3.914,-0.421,4.210
101.86,1.606,-0.815,1.584,4.293,-0.421,4.211
101.87,1.489,-0.812,1.586,4.370,-0.419,4.215
101.88,1.731,-0.812,1.589,4.243,-0.419,4.215
101.89,1.672,-0.810,1.592,4.320,-0.421,4.215
101.90,1.650,-0.811,1.593,4.135,-0.420,4.215
101.91,1.547,-0.810,1.593,4.195,-0.422,4.212
101.92,1.818,-0.810,1.597,4.225,-0.422,4.212
101.93,1.446,-0.809,1.596,3.865,-0.422,4.207
101.94,1.618,-0.809,1.597,4.285,-0.424,4.207
101.95,1.627,-0.807,1.599,4.006,-0.423,4.205
101.96,1.828,-0.809,1.601,4.214,-0.423,4.205
101.97,1.624,-0.808,1.603,4.141,-0.423,4.204
101.98,1.926,-0.811,1.604,4.235,-0.424,4.204
101.99,1.766,-0.812,1.606,4.171,-0.423,4.204
102.00,1.303,-0.813,1.602,4.257,-0.422,4.206
102.01,1.463,-0.813,1.601,4.437,-0.424,4.207
102.02,1.635,-0.810,1.604,3.841,-0.424,4.202
102.03,1.706,-0.810,1.606,4.183,-0.424,4.202
102.04,1.655,-0.811,1.606,4.229,-0.424,4.202
102.05,1.545,-0.813,1.604,4.106,-0.423,4.201
102.06,1.431,-0.814,1.601,3.633,-0.423,4.194
102.07,1.707,-0.812,1.605,4.063,-0.422,4.194
102.08,1.674,-0.812,1.606,3.983,-0.422,4.191
102.10,1.461,-0.811,1.606,4.380,-0.421,4.194
102.11,1.572,-0.812,1.604,4.712,-0.421,4.201
102.12,1.829,-0.814,1.606,4.301,-0.420,4.203
102.13,1.516,-0.815,1.604,4.094,-0.418,4.203
102.13,1.508,-0.814,1.605,4.486,-0.417,4.208
102.15,1.683,-0.815,1.605,4.283,-0.417,4.209
102.16,1.534,-0.815,1.604,4.044,-0.417,4.207
102.17,1.377,-0.816,1.601,4.293,-0.416,4.209
102.18,1.654,-0.815,1.603,4.188,-0.416,4.209
102.19,1.670,-0.813,1.606,4.205,-0.416,4.209
102.20,1.702,-0.812,1.609,3.932,-0.416,4.205
102.21,1.722,-0.811,1.612,3.838,-0.416,4.200
102.22,1.440,-0.811,1.610,4.203,-0.416,4.200
102.23,1.745,-0.811,1.612,4.050,-0.416,4.198
102.24,1.462,-0.810,1.612,4.348,-0.416,4.199
102.25,1.382,-0.811,1.608,4.239,-0.415,4.201
102.26,1.432,-0.810,1.608,4.288,-0.416,4.201
102.27,1.737,-0.810,1.610,4.123,-0.417,4.199
102.28,1.638,-0.810,1.610,4.174,-0.417,4.199
102.29,1.576,-0.808,1.612,4.146,-0.417,4.198
102.30,1.558,-0.808,1.611,4.067,-0.417,4.196
102.31,1.290,-0.809,1.607,4.151,-0.417,4.195
102.32,1.686,-0.810,1.608,4.290,-0.419,4.194
102.33,1.609,-0.811,1.607,4.045,-0.419,4.193
102.34,1.545,-0.813,1.605,4.223,-0.418,4.193
102.35,1.517,-0.811,1.606,3.702,-0.419,4.187
102.36,1.658,-0.810,1.608,4.478,-0.419,4.190
102.37,1.786,-0.810,1.610,4.524,-0.418,4.195
102.38,1.625,-0.809,1.612,4.252,-0.418,4.195
102.39,1.608,-0.811,1.611,4.267,-0.419,4.196
102.40,1.361,-0.812,1.606,4.350,-0.418,4.199
102.41,1.740,-0.811,1.609,4.048,-0.418,4.196
102.42,1.514,-0.810,1.610,4.201,-0.418,4.197
102.43,1.568,-0.809,1.610,4.174,-0.419,4.195
102.44,1.496,-0.812,1.607,4.099,-0.419,4.194
102.45,1.640,-0.810,1.609,3.951,-0.420,4.190
102.46,1.489,-0.809,1.609,4.113,-0.419,4.189
102.47,1.413,-0.810,1.605,4.236,-0.421,4.188
102.48,1.710,-0.813,1.605,4.348,-0.421,4.190
102.49,1.533,-0.813,1.604,4.266,-0.421,4.191
102.50,1.596,-0.812,1.605,3.990,-0.421,4.188
102.51,1.618,-0.813,1.605,4.295,-0.420,4.191
102.52,1.641,-0.812,1.607,4.097,-0.418,4.191
102.53,1.592,-0.810,1.609,4.063,-0.418,4.189
102.54,1.535,-0.810,1.608,4.070,-0.419,4.186
102.55,1.491,-0.811,1.606,3.962,-0.420,4.182
102.56,1.608,-0.811,1.607,3.981,-0.421,4.179
102.57,1.964,-0.811,1.611,4.447,-0.421,4.182
102.58,1.381,-0.810,1.609,3.977,-0.421,4.179
102.59,1.582,-0.813,1.607,4.314,-0.422,4.180
102.60,1.506,-0.813,1.606,4.303,-0.423,4.180
102.61,1.470,-0.811,1.606,4.024,-0.424,4.177
102.62,1.438,-0.812,1.603,4.565,-0.424,4.182
102.63,1.535,-0.812,1.603,4.103,-0.425,4.180
102.64,1.624,-0.810,1.605,4.470,-0.426,4.183
102.65,1.371,-0.813,1.599,4.234,-0.426,4.183
102.66,1.796,-0.814,1.602,4.040,-0.425,4.182
102.67,1.314,-0.815,1.597,4.334,-0.425,4.184
102.68,1.836,-0.816,1.600,4.114,-0.425,4.183
102.69,1.673,-0.815,1.601,4.367,-0.424,4.186
102.70,1.450,-0.813,1.601,4.228,-0.424,4.186
102.71,1.710,-0.813,1.603,3.768,-0.424,4.181
102.72,1.496,-0.810,1.605,4.451,-0.424,4.185
102.73,1.737,-0.811,1.606,4.611,-0.423,4.191
102.74,1.513,-0.810,1.607,4.053,-0.424,4.188
102.75,1.594,-0.810,1.606,3.994,-0.423,4.186
102.76,1.462,-0.811,1.604,4.293,-0.424,4.187
102.77,1.555,-0.811,1.604,4.082,-0.422,4.187
102.78,1.510,-0.812,1.602,3.694,-0.423,4.180
102.79,1.392,-0.811,1.600,4.274,-0.422,4.182
102.80,1.647,-0.811,1.601,4.270,-0.421,4.184
102.81,1.391,-0.809,1.600,4.375,-0.422,4.185
102.82,1.617,-0.809,1.601,4.256,-0.422,4.186
102.83,1.806,-0.809,1.604,4.111,-0.421,4.186
102.84,1.805,-0.809,1.607,4.413,-0.420,4.190
102.85,1.544,-0.809,1.606,4.008,-0.421,4.187
102.86,1.417,-0.811,1.602,4.216,-0.420,4.188
102.87,1.729,-0.811,1.604,4.323,-0.419,4.191
102.88,1.653,-0.813,1.603,3.885,-0.419,4.186
102.89,1.685,-0.814,1.603,3.940,-0.419,4.183
102.90,1.489,-0.815,1.601,4.137,-0.419,4.182
102.91,1.712,-0.815,1.603,3.813,-0.419,4.177
102.92,1.679,-0.816,1.603,4.433,-0.419,4.180
102.93,1.616,-0.817,1.603,4.037,-0.421,4.177
102.94,1.475,-0.817,1.602,3.899,-0.421,4.173
102.95,1.735,-0.818,1.602,4.155,-0.422,4.171
102.96,1.518,-0.820,1.599,4.115,-0.422,4.170
102.97,1.680,-0.821,1.600,4.012,-0.421,4.169
102.98,1.493,-0.821,1.599,4.159,-0.421,4.169
102.99,1.653,-0.823,1.598,4.077,-0.421,4.167
103.00,1.712,-0.822,1.601,4.334,-0.422,4.168
103.01,1.514,-0.822,1.599,4.333,-0.421,4.171
103.02,1.764,-0.825,1.599,4.467,-0.423,4.173
103.03,1.433,-0.824,1.598,4.258,-0.421,4.176
103.04,1.517,-0.825,1.596,4.208,-0.422,4.175
103.05,1.471,-0.827,1.593,3.989,-0.422,4.173
103.06,1.639,-0.829,1.592,4.249,-0.422,4.173
103.07,1.570,-0.830,1.591,4.492,-0.422,4.177
103.08,1.470,-0.830,1.590,4.349,-0.422,4.180
103.09,1.660,-0.830,1.590,4.133,-0.422,4.179
103.10,1.845,-0.830,1.594,4.254,-0.422,4.180
103.11,1.796,-0.831,1.597,4.004,-0.421,4.178
103.12,1.517,-0.831,1.596,4.458,-0.420,4.183
103.13,1.515,-0.830,1.596,4.108,-0.420,4.182
103.14,1.677,-0.831,1.596,3.908,-0.420,4.178
103.15,1.823,-0.831,1.599,4.237,-0.419,4.179
103.16,1.511,-0.832,1.598,4.289,-0.420,4.180
103.17,1.517,-0.833,1.596,4.258,-0.417,4.184
103.18,1.642,-0.834,1.596,4.293,-0.416,4.186
103.19,1.694,-0.834,1.597,4.120,-0.415,4.186
103.20,1.682,-0.834,1.599,4.246,-0.415,4.187
103.21,1.577,-0.835,1.598,3.981,-0.416,4.183
103.22,1.351,-0.836,1.594,4.027,-0.416,4.181
103.23,1.679,-0.835,1.596,3.996,-0.415,4.180
103.24,1.800,-0.837,1.598,4.058,-0.416,4.177
103.25,1.732,-0.836,1.600,4.078,-0.415,4.176
103.26,1.365,-0.836,1.598,4.159,-0.415,4.176
103.27,1.322,-0.836,1.594,4.179,-0.415,4.176
103.28,1.664,-0.835,1.597,4.143,-0.415,4.175
103.29,1.524,-0.835,1.595,4.349,-0.413,4.179
103.30,1.504,-0.835,1.595,4.148,-0.414,4.178
103.31,1.604,-0.834,1.596,4.009,-0.414,4.175
103.32,1.718,-0.834,1.598,4.334,-0.414,4.178
103.33,1.565,-0.834,1.598,4.301,-0.415,4.178
103.34,1.402,-0.835,1.595,4.264,-0.417,4.177
103.35,1.726,-0.837,1.595,4.280,-0.417,4.178
103.36,1.768,-0.837,1.597,3.781,-0.417,4.172
103.37,1.568,-0.839,1.595,3.991,-0.417,4.170
103.38,1.472,-0.840,1.593,4.136,-0.417,4.169
103.39,1.577,-0.840,1.593,4.053,-0.417,4.168
103.40,1.505,-0.838,1.594,3.850,-0.416,4.164
103.41,1.665,-0.838,1.595,4.148,-0.417,4.162
103.42,1.605,-0.839,1.595,4.374,-0.417,4.166
103.43,1.768,-0.839,1.597,4.409,-0.417,4.169
103.44,1.820,-0.839,1.601,4.134,-0.416,4.169
103.45,1.340,-0.839,1.598,4.335,-0.419,4.168
103.46,1.594,-0.840,1.597,4.128,-0.419,4.167
103.47,1.386,-0.839,1.595,4.207,-0.419,4.167
103.48,1.585,-0.842,1.592,4.362,-0.419,4.170
103.50,1.616,-0.842,1.593,4.121,-0.418,4.170
103.50,1.534,-0.843,1.592,3.994,-0.418,4.167
103.51,1.309,-0.843,1.588,4.193,-0.420,4.166
103.52,1.443,-0.846,1.584,4.002,-0.420,4.163
103.53,1.838,-0.847,1.587,4.143,-0.421,4.162
103.54,1.461,-0.847,1.584,4.019,-0.421,4.160
103.55,1.837,-0.849,1.586,3.997,-0.421,4.157
103.56,1.411,-0.850,1.584,4.158,-0.421,4.157
103.58,1.420,-0.850,1.582,4.223,-0.421,4.158
103.58,1.509,-0.850,1.581,4.419,-0.421,4.161
103.59,1.600,-0.851,1.580,4.202,-0.422,4.161
103.61,1.835,-0.851,1.584,4.133,-0.423,4.160
103.62,1.462,-0.852,1.581,3.918,-0.422,4.157
103.62,1.415,-0.851,1.580,4.497,-0.421,4.162
103.64,1.600,-0.851,1.581,4.326,-0.420,4.165
103.65,1.500,-0.851,1.580,4.093,-0.420,4.164
103.66,1.927,-0.851,1.585,4.418,-0.420,4.168
103.67,1.457,-0.849,1.585,4.194,-0.420,4.168
103.67,1.417,-0.849,1.584,4.046,-0.418,4.167
103.69,1.707,-0.850,1.584,4.053,-0.418,4.166
103.70,1.436,-0.852,1.581,4.270,-0.418,4.167
103.71,1.600,-0.852,1.581,4.010,-0.417,4.166
103.72,1.408,-0.855,1.576,4.064,-0.418,4.164
103.73,1.645,-0.855,1.577,4.299,-0.417,4.166
103.74,1.524,-0.855,1.577,3.883,-0.417,4.162
103.75,1.594,-0.857,1.575,4.238,-0.419,4.161
103.76,1.491,-0.855,1.577,4.434,-0.418,4.166
103.77,1.423,-0.855,1.575,4.130,-0.418,4.165
103.78,1.734,-0.855,1.577,4.503,-0.418,4.170
103.79,1.498,-0.855,1.576,4.104,-0.418,4.168
103.80,1.243,-0.857,1.570,4.310,-0.416,4.172
103.81,1.790,-0.857,1.573,4.544,-0.417,4.176
103.82,1.519,-0.858,1.571,4.572,-0.416,4.181
103.83,1.720,-0.860,1.571,4.277,-0.417,4.182
103.84,1.495,-0.861,1.570,4.300,-0.417,4.184
103.85,1.526,-0.861,1.569,4.290,-0.417,4.185
103.86,1.711,-0.864,1.569,4.037,-0.417,4.183
103.87,1.484,-0.867,1.565,4.355,-0.416,4.186
103.88,1.922,-0.864,1.572,4.186,-0.416,4.186
103.89,1.663,-0.865,1.573,4.336,-0.415,4.189
103.90,1.707,-0.864,1.576,4.061,-0.415,4.187
103.91,1.689,-0.864,1.578,4.055,-0.415,4.185
103.92,1.625,-0.864,1.579,4.084,-0.416,4.183
103.93,1.765,-0.861,1.584,4.075,-0.416,4.182
103.94,1.543,-0.861,1.584,4.126,-0.415,4.182
103.95,1.694,-0.860,1.587,4.192,-0.415,4.182
103.96,1.587,-0.860,1.587,4.353,-0.414,4.185
103.97,1.592,-0.860,1.588,4.099,-0.414,4.183
103.98,1.843,-0.860,1.592,3.816,-0.414,4.179
103.99,1.704,-0.860,1.593,4.179,-0.414,4.179
104.00,1.653,-0.862,1.592,4.418,-0.413,4.182
104.01,1.681,-0.864,1.591,4.025,-0.414,4.180
104.02,1.575,-0.863,1.592,4.329,-0.414,4.181
104.03,1.632,-0.865,1.592,4.112,-0.414,4.181
104.04,1.564,-0.865,1.591,4.149,-0.416,4.179
104.05,1.524,-0.866,1.590,4.249,-0.415,4.180
104.06,1.704,-0.866,1.592,3.902,-0.415,4.177
104.07,1.857,-0.867,1.595,4.175,-0.415,4.176
104.08,1.568,-0.865,1.596,4.427,-0.414,4.180
104.09,1.591,-0.868,1.594,4.518,-0.414,4.184
104.10,1.742,-0.869,1.595,4.161,-0.414,4.184
104.11,1.749,-0.869,1.597,3.936,-0.413,4.182
104.12,1.333,-0.868,1.595,4.322,-0.414,4.183
104.13,1.608,-0.870,1.594,4.116,-0.414,4.181
104.14,1.462,-0.872,1.591,4.183,-0.416,4.180
104.15,1.476,-0.872,1.590,4.070,-0.415,4.179
104.16,1.338,-0.872,1.587,4.182,-0.415,4.179
104.17,1.643,-0.874,1.586,3.944,-0.415,4.176
104.18,1.420,-0.873,1.584,4.129,-0.415,4.175
104.19,1.496,-0.873,1.584,4.176,-0.416,4.174
104.20,1.675,-0.873,1.585,3.938,-0.416,4.171
104.21,1.269,-0.873,1.581,4.105,-0.416,4.170
104.22,1.849,-0.875,1.583,4.651,-0.417,4.175
104.23,1.520,-0.877,1.581,4.567,-0.418,4.180
104.24,1.771,-0.875,1.585,4.197,-0.418,4.179
104.25,1.820,-0.876,1.588,4.136,-0.418,4.179
104.26,1.678,-0.872,1.593,4.187,-0.418,4.179
104.27,1.690,-0.873,1.594,4.374,-0.420,4.180
104.28,1.670,-0.873,1.595,3.914,-0.420,4.176
104.29,1.882,-0.874,1.599,4.142,-0.422,4.174
104.30,1.462,-0.873,1.598,4.334,-0.421,4.177
104.31,1.812,-0.872,1.602,4.414,-0.420,4.181
104.32,1.526,-0.873,1.600,4.206,-0.421,4.180
104.33,1.531,-0.873,1.600,4.312,-0.421,4.182
104.34,1.838,-0.872,1.605,4.143,-0.422,4.180
104.35,1.772,-0.871,1.608,4.283,-0.422,4.181
104.36,1.374,-0.872,1.605,4.140,-0.421,4.181
104.37,1.494,-0.871,1.604,4.009,-0.421,4.179
104.38,1.519,-0.872,1.603,4.042,-0.422,4.177
104.39,1.677,-0.873,1.603,4.016,-0.421,4.176
104.40,1.398,-0.873,1.601,3.931,-0.421,4.173
104.41,1.650,-0.876,1.598,4.120,-0.421,4.172
104.42,1.659,-0.877,1.598,4.082,-0.421,4.171
104.43,1.694,-0.878,1.600,4.223,-0.421,4.171
104.44,1.651,-0.878,1.600,3.871,-0.421,4.167
104.45,1.475,-0.879,1.599,4.258,-0.421,4.168
104.46,1.705,-0.880,1.599,3.998,-0.421,4.165
104.47,1.733,-0.880,1.601,4.214,-0.421,4.166
104.48,1.640,-0.880,1.602,4.193,-0.421,4.166
104.49,1.754,-0.878,1.606,4.156,-0.422,4.165
104.50,1.576,-0.879,1.606,4.172,-0.422,4.166
104.51,1.648,-0.879,1.606,4.539,-0.421,4.171
104.52,1.433,-0.881,1.603,3.966,-0.421,4.168
104.53,1.449,-0.881,1.601,4.103,-0.420,4.168
104.54,1.714,-0.881,1.602,4.081,-0.421,4.166
104.55,1.527,-0.883,1.600,4.360,-0.420,4.169
104.56,1.882,-0.884,1.603,4.187,-0.420,4.169
104.57,1.681,-0.886,1.603,4.326,-0.422,4.170
104.58,1.644,-0.888,1.601,3.947,-0.421,4.167
104.59,1.455,-0.889,1.599,4.263,-0.422,4.168
104.60,1.709,-0.889,1.601,4.469,-0.422,4.172
104.61,1.479,-0.889,1.600,4.172,-0.422,4.172
104.62,1.344,-0.890,1.596,4.213,-0.424,4.170
104.63,1.562,-0.890,1.596,4.208,-0.423,4.171
104.64,1.715,-0.890,1.598,3.963,-0.423,4.169
104.65,1.491,-0.891,1.596,4.326,-0.421,4.173
104.66,1.631,-0.891,1.597,4.242,-0.421,4.173
104.67,1.751,-0.891,1.599,4.158,-0.421,4.173
104.68,1.503,-0.891,1.598,4.228,-0.421,4.174
104.69,1.882,-0.892,1.601,3.824,-0.420,4.170
104.70,1.622,-0.892,1.602,4.151,-0.421,4.169
104.71,1.665,-0.894,1.601,4.036,-0.421,4.167
104.72,1.509,-0.895,1.600,4.394,-0.422,4.169
104.73,1.504,-0.894,1.599,4.383,-0.422,4.172
104.74,1.770,-0.895,1.602,4.194,-0.423,4.171
104.75,1.507,-0.896,1.599,4.047,-0.423,4.169
104.76,1.383,-0.896,1.597,4.237,-0.423,4.170
104.77,1.732,-0.897,1.598,4.089,-0.423,4.169
104.78,1.344,-0.896,1.596,4.086,-0.424,4.167
104.79,1.693,-0.897,1.596,4.476,-0.425,4.169
104.80,1.762,-0.898,1.599,4.223,-0.426,4.169
104.81,1.477,-0.899,1.596,4.233,-0.427,4.169
104.82,1.533,-0.898,1.597,4.198,-0.428,4.168
104.83,1.504,-0.898,1.596,4.271,-0.429,4.169
104.84,1.753,-0.899,1.597,4.118,-0.429,4.168
104.85,1.498,-0.899,1.596,4.321,-0.429,4.170
104.86,1.298,-0.899,1.593,4.375,-0.429,4.173
104.87,1.575,-0.897,1.594,4.328,-0.428,4.176
104.88,1.587,-0.899,1.593,4.144,-0.429,4.175
104.89,1.621,-0.897,1.595,4.290,-0.428,4.177
104.90,1.650,-0.897,1.597,3.831,-0.427,4.174
104.91,1.334,-0.896,1.594,4.184,-0.427,4.174
104.92,1.322,-0.896,1.591,4.109,-0.430,4.170
104.93,1.557,-0.897,1.590,4.039,-0.430,4.168
104.94,1.474,-0.896,1.591,4.005,-0.429,4.167
104.95,1.544,-0.896,1.590,4.213,-0.430,4.167
104.96,1.706,-0.896,1.592,4.099,-0.428,4.167
104.97,1.708,-0.896,1.594,4.332,-0.429,4.169
104.98,1.509,-0.896,1.593,4.187,-0.430,4.168
104.99,1.547,-0.897,1.591,4.211,-0.431,4.168
105.00,1.371,-0.897,1.588,3.983,-0.432,4.164
105.01,1.564,-0.897,1.589,4.056,-0.431,4.164
105.02,1.404,-0.896,1.587,4.028,-0.430,4.163
105.04,1.714,-0.898,1.587,4.406,-0.431,4.165
105.04,1.490,-0.899,1.585,4.277,-0.432,4.165
105.05,1.646,-0.901,1.584,4.050,-0.433,4.163
105.06,1.666,-0.901,1.586,4.132,-0.432,4.164
105.08,1.510,-0.899,1.587,4.181,-0.433,4.163
105.08,1.534,-0.900,1.586,4.143,-0.434,4.162
105.09,1.775,-0.901,1.587,4.171,-0.433,4.162
105.11,1.590,-0.901,1.588,4.059,-0.434,4.160
105.12,1.817,-0.901,1.591,4.063,-0.433,4.160
105.12,1.564,-0.902,1.590,4.323,-0.434,4.161
105.13,1.412,-0.903,1.587,4.327,-0.434,4.163
105.14,1.473,-0.904,1.585,4.390,-0.434,4.166
105.16,1.499,-0.904,1.584,3.966,-0.436,4.161
105.17,1.530,-0.905,1.583,3.806,-0.435,4.157
105.18,1.855,-0.904,1.587,4.473,-0.436,4.161
105.19,1.677,-0.905,1.588,4.139,-0.436,4.161
105.20,1.680,-0.906,1.589,4.386,-0.436,4.163
105.21,1.437,-0.906,1.587,4.149,-0.436,4.163
105.22,1.230,-0.908,1.580,4.095,-0.436,4.162
105.23,1.794,-0.908,1.584,3.889,-0.436,4.158
105.24,1.561,-0.908,1.583,4.191,-0.437,4.158
105.25,1.707,-0.908,1.585,4.246,-0.436,4.160
105.26,1.505,-0.907,1.585,4.272,-0.436,4.162
105.27,1.594,-0.908,1.585,3.900,-0.434,4.160
105.28,1.355,-0.905,1.585,4.223,-0.433,4.162
105.29,1.409,-0.908,1.580,4.235,-0.433,4.163
105.30,1.570,-0.910,1.579,3.947,-0.432,4.161
105.31,1.494,-0.910,1.578,4.129,-0.431,4.161
105.32,1.519,-0.912,1.576,3.960,-0.432,4.157
105.33,1.831,-0.911,1.580,4.054,-0.431,4.157
105.34,1.600,-0.912,1.579,4.034,-0.432,4.155
105.35,1.606,-0.912,1.580,4.169,-0.433,4.154
105.36,1.685,-0.911,1.583,4.239,-0.431,4.156
105.37,1.645,-0.911,1.584,3.914,-0.432,4.152
105.38,1.578,-0.910,1.585,4.125,-0.434,4.150
105.39,1.500,-0.911,1.583,4.378,-0.435,4.152
105.40,1.733,-0.911,1.585,4.056,-0.436,4.150
105.41,1.453,-0.911,1.584,4.221,-0.435,4.151
105.42,1.738,-0.911,1.586,4.226,-0.434,4.153
105.43,1.375,-0.911,1.583,4.197,-0.434,4.153
105.44,1.633,-0.912,1.583,4.248,-0.434,4.155
105.45,1.354,-0.914,1.579,4.099,-0.435,4.153
105.46,1.398,-0.915,1.576,4.367,-0.435,4.156
105.47,1.440,-0.914,1.575,4.312,-0.434,4.159
105.48,1.679,-0.913,1.577,4.188,-0.434,4.160
105.49,1.847,-0.912,1.582,4.010,-0.434,4.157
105.50,1.527,-0.911,1.583,4.185,-0.434,4.157
105.51,1.678,-0.910,1.585,4.429,-0.434,4.161
105.52,1.423,-0.913,1.581,4.227,-0.433,4.163
105.53,1.787,-0.914,1.583,4.354,-0.433,4.165
105.54,1.757,-0.915,1.584,4.296,-0.432,4.168
105.55,1.651,-0.915,1.586,3.940,-0.433,4.164
105.56,1.456,-0.914,1.585,4.177,-0.433,4.164
105.57,1.770,-0.914,1.588,3.937,-0.434,4.161
105.58,1.616,-0.912,1.590,4.135,-0.434,4.160
105.59,1.516,-0.915,1.587,4.062,-0.435,4.158
105.60,1.870,-0.913,1.593,3.920,-0.435,4.154
105.61,1.485,-0.913,1.592,4.046,-0.436,4.152
105.62,1.375,-0.913,1.589,4.431,-0.437,4.155
105.63,1.547,-0.914,1.588,4.197,-0.436,4.156
105.64,1.607,-0.915,1.588,4.063,-0.436,4.155
105.65,1.810,-0.915,1.590,4.325,-0.435,4.158
105.66,1.542,-0.917,1.588,4.318,-0.435,4.160
105.67,1.704,-0.918,1.589,4.104,-0.436,4.158
105.68,1.743,-0.919,1.590,4.330,-0.435,4.161
105.69,1.599,-0.920,1.590,4.090,-0.436,4.160
105.70,1.397,-0.921,1.587,4.144,-0.436,4.159
105.71,1.345,-0.921,1.584,4.254,-0.436,4.161
105.72,1.514,-0.920,1.584,4.341,-0.434,4.164
105.73,1.562,-0.921,1.583,4.390,-0.433,4.169
105.74,1.705,-0.919,1.587,4.122,-0.433,4.168
105.75,1.374,-0.919,1.585,3.859,-0.433,4.164
105.76,1.640,-0.918,1.587,4.084,-0.436,4.160
105.77,1.547,-0.917,1.587,4.271,-0.436,4.162
105.78,1.601,-0.915,1.589,4.179,-0.435,4.162
105.79,1.400,-0.915,1.588,4.337,-0.435,4.166
105.80,1.384,-0.916,1.584,4.320,-0.434,4.169
105.81,1.599,-0.916,1.584,4.164,-0.435,4.167
105.82,1.555,-0.917,1.584,4.108,-0.434,4.168
105.83,1.163,-0.916,1.579,4.177,-0.433,4.168
105.84,1.638,-0.914,1.582,4.021,-0.434,4.165
105.85,1.375,-0.916,1.578,4.178,-0.432,4.168
105.86,1.700,-0.917,1.578,3.902,-0.431,4.165
105.87,1.685,-0.917,1.580,4.218,-0.431,4.165
105.88,1.334,-0.916,1.578,3.834,-0.431,4.161
105.89,1.618,-0.916,1.579,4.355,-0.431,4.164
105.90,1.745,-0.917,1.580,4.109,-0.432,4.163
105.91,1.403,-0.917,1.578,4.296,-0.432,4.164
105.92,1.597,-0.916,1.579,4.001,-0.432,4.162
105.93,1.863,-0.915,1.585,4.154,-0.431,4.162
105.94,1.645,-0.916,1.585,4.325,-0.432,4.164
105.95,1.361,-0.916,1.581,3.853,-0.433,4.158
105.96,1.485,-0.916,1.581,4.079,-0.433,4.158
105.97,1.555,-0.916,1.581,3.890,-0.432,4.155
105.98,1.374,-0.917,1.577,4.159,-0.431,4.156
105.99,1.466,-0.918,1.575,4.286,-0.432,4.157
106.00,1.410,-0.917,1.574,4.119,-0.433,4.155
106.01,1.684,-0.914,1.578,4.325,-0.435,4.156
106.02,1.402,-0.913,1.577,4.021,-0.434,4.155
106.03,1.439,-0.912,1.576,4.503,-0.432,4.160
106.04,1.679,-0.913,1.577,4.327,-0.432,4.163
106.05,1.782,-0.913,1.579,3.971,-0.434,4.159
106.06,1.733,-0.915,1.580,3.994,-0.436,4.154
106.07,1.441,-0.916,1.577,4.189,-0.435,4.156
106.08,1.819,-0.915,1.582,4.277,-0.435,4.157
106.09,1.872,-0.915,1.585,4.246,-0.433,4.161
106.10,1.946,-0.914,1.592,4.065,-0.433,4.159
106.11,1.369,-0.914,1.589,4.409,-0.435,4.161
106.12,1.901,-0.916,1.591,4.280,-0.435,4.162
106.13,1.712,-0.916,1.594,4.184,-0.435,4.162
106.14,1.564,-0.914,1.595,3.957,-0.434,4.161
106.15,1.587,-0.914,1.595,4.126,-0.435,4.159
106.16,1.530,-0.916,1.593,4.311,-0.433,4.163
106.17,1.563,-0.916,1.592,4.075,-0.433,4.162
106.18,1.517,-0.919,1.589,4.014,-0.432,4.161
106.19,1.372,-0.917,1.588,4.153,-0.433,4.159
106.20,1.593,-0.917,1.588,4.067,-0.434,4.157
106.21,1.641,-0.918,1.588,4.221,-0.434,4.158
106.22,1.469,-0.919,1.586,4.379,-0.434,4.161
106.23,1.536,-0.918,1.587,4.386,-0.434,4.164
106.24,1.658,-0.920,1.586,4.306,-0.433,4.167
106.25,1.529,-0.919,1.586,4.129,-0.433,4.167
106.26,1.351,-0.919,1.584,4.244,-0.433,4.168
106.27,1.556,-0.919,1.583,4.096,-0.433,4.167
106.28,1.651,-0.920,1.583,4.348,-0.433,4.169
106.29,1.762,-0.919,1.586,4.244,-0.432,4.171
106.30,1.723,-0.920,1.588,4.273,-0.432,4.172
106.31,1.601,-0.920,1.588,4.161,-0.431,4.173
106.32,1.449,-0.923,1.584,4.173,-0.431,4.173
106.33,1.552,-0.924,1.582,4.452,-0.432,4.176
106.34,1.569,-0.924,1.582,4.104,-0.431,4.176
106.35,1.745,-0.926,1.583,4.253,-0.432,4.176
106.36,1.383,-0.927,1.580,4.207,-0.432,4.177
106.37,1.591,-0.928,1.579,4.155,-0.433,4.176
106.38,1.556,-0.928,1.579,4.084,-0.431,4.176
106.39,1.547,-0.926,1.580,3.993,-0.432,4.172
106.41,1.491,-0.926,1.579,4.011,-0.434,4.169
106.42,1.686,-0.927,1.580,4.458,-0.434,4.172
106.43,1.838,-0.929,1.582,4.187,-0.435,4.172
106.44,1.243,-0.930,1.576,4.357,-0.435,4.174
106.45,1.524,-0.931,1.575,4.026,-0.436,4.171
106.45,1.638,-0.931,1.576,4.320,-0.436,4.174
106.46,1.940,-0.930,1.582,4.221,-0.436,4.174
106.47,1.510,-0.931,1.580,4.228,-0.437,4.174
106.48,1.611,-0.931,1.581,4.201,-0.437,4.174
106.49,1.556,-0.931,1.581,4.003,-0.437,4.172
106.50,1.707,-0.934,1.580,4.052,-0.437,4.171
106.52,1.385,-0.935,1.577,4.019,-0.438,4.167
106.53,1.633,-0.937,1.575,4.137,-0.441,4.165
106.53,1.464,-0.938,1.573,3.946,-0.440,4.163
106.54,1.600,-0.939,1.573,4.108,-0.440,4.161
106.55,1.516,-0.938,1.573,4.155,-0.440,4.162
106.57,1.598,-0.937,1.575,4.129,-0.440,4.161
106.58,1.349,-0.935,1.574,4.067,-0.440,4.160
106.58,1.547,-0.934,1.574,4.246,-0.440,4.161
106.59,1.557,-0.934,1.574,4.088,-0.440,4.160
106.61,1.513,-0.936,1.572,4.296,-0.438,4.164
106.62,1.771,-0.936,1.575,4.351,-0.438,4.166
106.63,1.457,-0.937,1.573,4.231,-0.438,4.167
106.64,1.604,-0.936,1.574,4.282,-0.439,4.168
106.65,1.730,-0.934,1.579,4.048,-0.440,4.165
106.66,1.588,-0.936,1.577,4.201,-0.440,4.166
106.67,1.731,-0.936,1.579,4.362,-0.440,4.168
106.68,1.646,-0.936,1.580,4.208,-0.441,4.168
106.69,1.739,-0.936,1.583,4.300,-0.442,4.169
106.70,1.458,-0.935,1.582,4.174,-0.443,4.168
106.71,1.572,-0.939,1.579,4.446,-0.444,4.171
106.72,1.498,-0.940,1.577,4.102,-0.443,4.171
106.73,1.849,-0.941,1.579,4.359,-0.444,4.173
106.74,1.520,-0.941,1.579,4.386,-0.443,4.176
106.75,1.627,-0.941,1.579,4.185,-0.444,4.175
106.76,1.590,-0.942,1.579,3.841,-0.445,4.170
106.77,1.597,-0.942,1.579,4.246,-0.444,4.172
106.78,1.784,-0.942,1.583,4.228,-0.444,4.174
106.79,1.706,-0.942,1.584,4.122,-0.441,4.175
106.80,1.716,-0.943,1.585,4.218,-0.440,4.177
106.81,1.853,-0.944,1.589,4.456,-0.439,4.182
106.82,1.446,-0.943,1.587,4.391,-0.440,4.184
106.83,1.638,-0.944,1.588,4.404,-0.440,4.187
106.84,1.377,-0.943,1.586,3.938,-0.441,4.183
106.85,1.660,-0.943,1.587,4.229,-0.439,4.185
106.86,1.675,-0.944,1.588,3.996,-0.438,4.184
106.87,1.630,-0.947,1.586,4.230,-0.439,4.184
106.88,1.878,-0.948,1.589,4.228,-0.440,4.184
106.89,1.198,-0.947,1.585,3.811,-0.441,4.178
106.90,1.640,-0.948,1.585,4.481,-0.441,4.182
106.91,1.746,-0.949,1.587,4.426,-0.440,4.187
106.92,1.385,-0.947,1.586,4.347,-0.439,4.189
106.93,1.660,-0.947,1.588,4.001,-0.439,4.188
106.94,1.804,-0.949,1.589,4.520,-0.439,4.192
106.95,1.501,-0.950,1.587,4.215,-0.438,4.193
106.96,1.593,-0.949,1.588,3.982,-0.438,4.191
106.97,1.584,-0.950,1.588,4.235,-0.437,4.192
106.98,1.861,-0.949,1.592,3.981,-0.437,4.190
106.99,1.591,-0.949,1.592,4.155,-0.436,4.191
107.00,1.542,-0.950,1.592,4.183,-0.435,4.192
107.01,1.648,-0.950,1.593,4.199,-0.436,4.191
107.02,1.744,-0.949,1.596,4.107,-0.436,4.190
107.03,1.562,-0.950,1.594,4.158,-0.436,4.189
107.04,1.773,-0.950,1.598,4.187,-0.436,4.190
107.05,1.801,-0.951,1.599,3.993,-0.434,4.189
107.06,1.700,-0.950,1.602,4.237,-0.436,4.188
107.07,1.727,-0.949,1.604,4.586,-0.436,4.194
107.08,1.452,-0.950,1.602,4.274,-0.436,4.194
107.09,1.783,-0.951,1.605,4.236,-0.436,4.195
107.10,1.752,-0.951,1.606,4.176,-0.436,4.195
107.11,1.632,-0.951,1.607,3.873,-0.435,4.192
107.12,1.278,-0.952,1.602,4.344,-0.435,4.194
107.13,1.489,-0.953,1.600,4.221,-0.434,4.195
107.14,1.755,-0.953,1.602,4.058,-0.434,4.194
107.15,1.788,-0.954,1.604,4.262,-0.434,4.195
107.16,1.676,-0.953,1.607,4.132,-0.436,4.193
107.17,1.695,-0.954,1.608,4.070,-0.435,4.192
107.18,1.459,-0.954,1.606,3.969,-0.434,4.190
107.19,1.535,-0.953,1.606,4.037,-0.434,4.188
107.20,1.682,-0.954,1.606,4.295,-0.432,4.191
107.21,1.371,-0.954,1.604,4.685,-0.432,4.198
107.22,1.409,-0.955,1.601,3.951,-0.433,4.194
107.23,1.565,-0.954,1.602,3.914,-0.433,4.190
107.24,1.708,-0.955,1.602,4.045,-0.433,4.189
107.25,1.656,-0.956,1.602,4.401,-0.434,4.191
107.26,1.948,-0.955,1.608,4.046,-0.434,4.189
107.27,1.846,-0.954,1.613,3.867,-0.435,4.184
107.28,1.610,-0.956,1.611,4.264,-0.434,4.185
107.29,1.690,-0.956,1.612,4.205,-0.435,4.185
107.30,1.653,-0.956,1.614,4.219,-0.434,4.186
107.31,1.970,-0.956,1.619,4.029,-0.435,4.184
107.32,1.831,-0.957,1.621,3.846,-0.432,4.182
107.33,1.556,-0.959,1.619,4.083,-0.433,4.180
107.34,1.644,-0.958,1.620,4.143,-0.433,4.179
107.35,1.552,-0.959,1.619,3.991,-0.433,4.177
107.36,1.557,-0.961,1.616,4.330,-0.432,4.180
107.37,1.623,-0.963,1.616,4.199,-0.433,4.180
107.38,1.546,-0.964,1.614,4.245,-0.432,4.181
107.39,1.715,-0.962,1.618,4.215,-0.433,4.181
107.40,1.652,-0.962,1.619,4.139,-0.433,4.180
107.41,1.743,-0.961,1.621,4.165,-0.434,4.179
107.42,1.703,-0.960,1.624,3.994,-0.434,4.176
107.43,1.559,-0.962,1.622,3.945,-0.436,4.172
107.44,1.445,-0.960,1.622,4.092,-0.435,4.172
107.45,1.804,-0.960,1.625,4.265,-0.435,4.173
107.46,1.557,-0.958,1.626,4.207,-0.436,4.172
107.47,1.460,-0.958,1.625,3.960,-0.436,4.170
107.48,1.671,-0.958,1.625,4.276,-0.435,4.172
107.49,1.554,-0.958,1.625,4.281,-0.435,4.173
107.50,1.560,-0.957,1.625,3.927,-0.434,4.171
107.51,1.678,-0.958,1.626,4.333,-0.435,4.172
107.52,1.577,-0.959,1.625,3.931,-0.435,4.169
107.53,1.586,-0.959,1.625,4.111,-0.435,4.168
107.54,1.351,-0.957,1.623,4.200,-0.435,4.168
107.55,1.568,-0.958,1.622,4.233,-0.436,4.168
107.56,1.525,-0.958,1.621,4.186,-0.436,4.169
107.57,1.661,-0.957,1.623,4.458,-0.434,4.174
107.58,1.676,-0.957,1.624,4.038,-0.434,4.173
107.59,1.446,-0.959,1.621,4.176,-0.435,4.172
107.60,1.676,-0.960,1.620,4.049,-0.434,4.171
107.61,1.635,-0.960,1.621,4.072,-0.433,4.170
107.62,1.516,-0.959,1.620,4.336,-0.435,4.171
107.63,1.629,-0.958,1.622,4.274,-0.435,4.172
107.64,1.409,-0.958,1.620,4.042,-0.435,4.170
107.65,1.674,-0.959,1.620,4.153,-0.435,4.170
107.66,1.724,-0.959,1.622,4.069,-0.433,4.171
107.67,1.456,-0.960,1.619,4.035,-0.432,4.170
107.68,1.357,-0.960,1.616,3.987,-0.434,4.166
107.69,1.464,-0.960,1.614,4.031,-0.435,4.162
107.70,1.535,-0.963,1.611,4.044,-0.435,4.161
107.71,1.692,-0.963,1.612,4.318,-0.435,4.163
107.72,1.659,-0.962,1.614,4.505,-0.435,4.167
107.73,1.307,-0.963,1.610,4.028,-0.437,4.164
107.74,1.656,-0.962,1.611,4.268,-0.437,4.165
107.75,1.430,-0.963,1.609,4.525,-0.436,4.171
107.76,1.496,-0.962,1.608,4.268,-0.436,4.172
107.77,1.566,-0.961,1.608,4.361,-0.438,4.173
107.78,1.569,-0.963,1.607,4.320,-0.437,4.175
107.79,1.508,-0.964,1.605,4.266,-0.437,4.177
107.80,1.288,-0.964,1.601,4.086,-0.438,4.175
107.81,1.761,-0.965,1.603,4.112,-0.438,4.174
107.82,1.591,-0.964,1.603,4.194,-0.438,4.174
107.83,1.661,-0.963,1.606,4.438,-0.439,4.177
107.84,1.663,-0.963,1.606,4.161,-0.438,4.178
107.85,1.314,-0.963,1.603,4.292,-0.436,4.181
107.86,1.509,-0.963,1.602,4.188,-0.436,4.181
107.87,1.646,-0.963,1.603,4.495,-0.438,4.184
107.88,1.599,-0.963,1.603,4.300,-0.437,4.186
107.89,1.631,-0.965,1.602,4.341,-0.436,4.189
107.90,1.412,-0.964,1.601,4.220,-0.438,4.187
107.91,1.849,-0.962,1.606,4.252,-0.439,4.188
107.92,1.577,-0.963,1.605,4.137,-0.439,4.187
107.94,1.657,-0.961,1.608,4.456,-0.439,4.191
107.95,1.646,-0.959,1.610,4.073,-0.438,4.190
107.95,1.479,-0.959,1.609,4.270,-0.438,4.192
107.97,1.579,-0.959,1.609,4.189,-0.437,4.193
107.98,1.449,-0.961,1.605,4.235,-0.437,4.194
107.99,1.706,-0.961,1.606,4.134,-0.437,4.192
108.00,1.552,-0.961,1.606,3.818,-0.437,4.188
108.01,1.355,-0.961,1.603,4.218,-0.437,4.188
108.02,1.737,-0.962,1.604,4.224,-0.437,4.189
108.03,1.316,-0.962,1.601,4.071,-0.437,4.188
108.04,1.697,-0.963,1.601,3.995,-0.438,4.184
108.05,1.504,-0.963,1.600,4.197,-0.439,4.183
108.06,1.680,-0.963,1.602,4.467,-0.439,4.187
108.07,1.663,-0.963,1.602,4.151,-0.439,4.186
108.08,1.851,-0.965,1.604,4.463,-0.439,4.190
108.09,1.603,-0.966,1.603,4.211,-0.439,4.190
108.10,1.805,-0.968,1.604,4.244,-0.439,4.191
108.11,1.590,-0.969,1.604,4.336,-0.441,4.191
108.12,1.649,-0.967,1.606,4.324,-0.441,4.194
108.13,1.697,-0.967,1.607,4.030,-0.441,4.191
108.14,1.559,-0.969,1.605,4.226,-0.441,4.192
108.15,1.835,-0.970,1.608,4.015,-0.442,4.189
108.16,1.398,-0.971,1.604,3.966,-0.443,4.185
108.17,1.622,-0.971,1.605,4.136,-0.442,4.185
108.18,1.975,-0.968,1.612,4.125,-0.441,4.186
108.19,1.849,-0.968,1.616,4.290,-0.441,4.187
108.20,1.642,-0.968,1.617,4.184,-0.441,4.187
108.21,1.358,-0.969,1.613,4.137,-0.441,4.187
108.22,1.750,-0.969,1.615,4.181,-0.442,4.186
108.23,1.500,-0.968,1.614,4.463,-0.441,4.190
108.24,1.981,-0.969,1.619,3.902,-0.441,4.187
108.25,1.736,-0.970,1.620,4.088,-0.440,4.187
108.26,1.656,-0.969,1.621,4.450,-0.439,4.191
108.27,1.591,-0.969,1.622,4.229,-0.440,4.191
108.28,1.649,-0.970,1.621,4.009,-0.439,4.189
108.29,1.749,-0.970,1.623,4.217,-0.439,4.190
108.30,1.309,-0.969,1.620,4.108,-0.438,4.189
108.31,1.297,-0.968,1.617,3.936,-0.437,4.187
108.32,1.427,-0.969,1.615,3.964,-0.437,4.184
108.33,1.427,-0.968,1.613,4.396,-0.437,4.187
108.34,1.737,-0.966,1.617,4.367,-0.439,4.188
108.35,1.619,-0.968,1.616,4.044,-0.439,4.186
108.36,1.661,-0.968,1.616,4.221,-0.437,4.188
108.37,1.907,-0.969,1.619,4.053,-0.439,4.185
108.38,1.738,-0.969,1.621,4.262,-0.439,4.187
108.39,1.448,-0.970,1.618,4.259,-0.439,4.187
108.40,1.521,-0.968,1.620,4.167,-0.438,4.188
108.41,1.395,-0.969,1.616,3.945,-0.438,4.185
108.42,1.573,-0.969,1.615,4.247,-0.439,4.185
108.43,1.516,-0.970,1.613,4.239,-0.440,4.185
108.44,1.685,-0.971,1.614,4.002,-0.441,4.181
108.45,1.397,-0.970,1.612,3.793,-0.442,4.175
108.46,1.558,-0.971,1.611,4.124,-0.441,4.175
108.47,1.748,-0.970,1.614,4.368,-0.442,4.178
108.48,1.526,-0.970,1.613,4.167,-0.443,4.176
108.49,1.602,-0.969,1.614,4.198,-0.441,4.178
108.50,1.484,-0.968,1.613,4.352,-0.442,4.180
108.51,1.416,-0.968,1.611,4.137,-0.440,4.181
108.52,1.660,-0.969,1.611,4.312,-0.441,4.182
108.53,1.661,-0.969,1.612,4.256,-0.441,4.183
108.54,1.697,-0.967,1.615,4.536,-0.442,4.187
108.55,1.497,-0.969,1.611,4.015,-0.441,4.185
108.56,1.495,-0.971,1.609,4.146,-0.440,4.186
108.57,1.138,-0.973,1.601,3.826,-0.441,4.180
108.58,1.646,-0.973,1.602,4.242,-0.441,4.182
108.59,1.710,-0.973,1.603,4.329,-0.440,4.184
108.60,1.624,-0.974,1.603,4.150,-0.441,4.183
108.61,1.689,-0.975,1.603,4.190,-0.439,4.185
108.62,1.538,-0.975,1.603,4.550,-0.439,4.190
108.63,1.651,-0.977,1.602,4.388,-0.439,4.192
108.64,2.009,-0.977,1.607,4.128,-0.440,4.191
108.65,1.613,-0.977,1.608,4.366,-0.440,4.193
108.66,1.622,-0.978,1.607,4.126,-0.441,4.191
108.67,1.410,-0.978,1.604,4.143,-0.440,4.192
108.68,1.651,-0.977,1.606,4.323,-0.440,4.194
108.69,1.743,-0.977,1.608,4.356,-0.439,4.197
108.70,1.429,-0.976,1.607,4.272,-0.442,4.195
108.71,1.499,-0.976,1.605,4.022,-0.441,4.194
108.72,1.655,-0.977,1.606,4.460,-0.441,4.197
108.73,1.501,-0.975,1.606,4.430,-0.442,4.200
108.74,1.408,-0.973,1.606,4.341,-0.443,4.201
108.75,1.491,-0.973,1.605,4.484,-0.442,4.206
108.76,1.547,-0.973,1.604,4.180,-0.443,4.204
108.77,1.588,-0.974,1.603,4.187,-0.444,4.204
108.78,1.661,-0.975,1.604,4.280,-0.444,4.205
108.79,1.340,-0.976,1.599,4.314,-0.444,4.207
108.80,1.524,-0.977,1.597,4.410,-0.444,4.209
108.81,1.736,-0.976,1.600,4.305,-0.443,4.212
108.82,1.694,-0.975,1.603,4.012,-0.442,4.210
108.83,1.354,-0.975,1.600,4.142,-0.442,4.209
108.84,1.655,-0.976,1.599,4.107,-0.443,4.208
108.85,1.969,-0.977,1.604,4.048,-0.444,4.205
108.86,1.515,-0.975,1.604,4.277,-0.443,4.207
108.87,1.337,-0.976,1.601,4.093,-0.443,4.205
108.88,1.755,-0.976,1.602,4.013,-0.444,4.202
108.89,1.665,-0.976,1.603,4.340,-0.443,4.205
108.90,1.599,-0.975,1.604,4.326,-0.443,4.207
108.91,1.887,-0.975,1.608,4.246,-0.442,4.209
108.92,1.914,-0.975,1.613,4.148,-0.441,4.209
108.93,1.644,-0.973,1.615,4.276,-0.441,4.210
108.94,1.577,-0.975,1.613,4.268,-0.441,4.211
108.95,1.826,-0.977,1.615,4.270,-0.443,4.210
108.96,1.605,-0.979,1.613,4.433,-0.443,4.213
108.97,1.493,-0.979,1.611,3.980,-0.443,4.210
108.98,1.543,-0.978,1.611,4.211,-0.442,4.211
108.99,1.793,-0.979,1.613,4.258,-0.443,4.211
109.00,1.670,-0.979,1.614,4.243,-0.444,4.211
109.01,1.605,-0.980,1.613,4.146,-0.444,4.210
109.02,1.639,-0.979,1.615,4.043,-0.443,4.209
109.03,1.633,-0.980,1.614,3.870,-0.443,4.205
109.04,1.463,-0.982,1.611,3.978,-0.443,4.202
109.05,1.578,-0.982,1.611,4.260,-0.441,4.205
109.06,1.543,-0.983,1.609,4.347,-0.441,4.207
109.07,1.428,-0.981,1.609,4.035,-0.441,4.205
109.08,1.344,-0.981,1.605,4.184,-0.441,4.204
109.09,1.521,-0.984,1.601,4.058,-0.442,4.202
109.10,1.878,-0.984,1.605,4.249,-0.444,4.201
109.11,1.562,-0.985,1.604,4.026,-0.446,4.196
109.12,1.665,-0.982,1.608,4.315,-0.446,4.198
109.13,1.341,-0.982,1.604,4.426,-0.445,4.202
109.14,1.730,-0.981,1.607,4.014,-0.445,4.200
109.15,1.796,-0.983,1.609,4.266,-0.446,4.200
109.16,1.439,-0.984,1.605,4.249,-0.445,4.202
109.17,1.451,-0.984,1.603,4.058,-0.445,4.200
109.18,1.434,-0.983,1.602,4.161,-0.445,4.200
109.19,1.735,-0.984,1.603,4.363,-0.445,4.202
109.20,1.459,-0.985,1.601,4.285,-0.444,4.204
109.21,1.383,-0.985,1.598,4.237,-0.444,4.204
109.22,1.401,-0.983,1.597,4.275,-0.445,4.204
109.23,1.575,-0.982,1.598,3.984,-0.446,4.201
109.24,1.382,-0.980,1.597,4.000,-0.446,4.198
109.25,1.656,-0.980,1.598,4.278,-0.448,4.197
109.26,1.512,-0.980,1.598,4.255,-0.448,4.199
109.27,1.567,-0.980,1.597,4.148,-0.448,4.198
109.28,1.470,-0.982,1.593,4.356,-0.447,4.201
109.29,1.598,-0.982,1.594,3.910,-0.448,4.197
109.30,1.460,-0.982,1.592,4.623,-0.449,4.202
109.32,1.832,-0.981,1.596,4.261,-0.448,4.203
109.32,1.712,-0.980,1.599,4.067,-0.448,4.202
109.33,1.566,-0.982,1.597,4.121,-0.448,4.200
109.34,1.509,-0.982,1.596,4.161,-0.449,4.199
109.36,1.345,-0.983,1.591,4.213,-0.450,4.199
109.36,1.682,-0.985,1.591,4.171,-0.450,4.198
109.37,1.663,-0.984,1.593,4.294,-0.448,4.202
109.38,1.686,-0.988,1.591,4.063,-0.448,4.200
109.39,1.386,-0.987,1.589,4.338,-0.449,4.202
109.40,1.626,-0.989,1.588,3.937,-0.447,4.200
109.41,1.412,-0.990,1.585,4.220,-0.447,4.200
109.42,1.716,-0.990,1.586,4.124,-0.446,4.200
109.43,1.604,-0.988,1.588,4.189,-0.446,4.200
109.44,1.429,-0.991,1.584,4.052,-0.445,4.199
109.46,1.628,-0.991,1.584,4.117,-0.446,4.197
109.47,1.443,-0.991,1.582,4.345,-0.445,4.200
109.48,1.419,-0.994,1.577,4.170,-0.445,4.200
109.49,1.641,-0.997,1.575,4.337,-0.446,4.201
109.50,1.554,-0.998,1.574,4.005,-0.444,4.200
109.51,1.870,-0.999,1.577,3.963,-0.445,4.197
109.52,1.345,-0.999,1.575,4.272,-0.444,4.199
109.53,1.707,-0.998,1.577,4.086,-0.445,4.196
109.53,1.701,-1.000,1.577,4.040,-0.445,4.195
109.55,1.501,-1.000,1.576,4.322,-0.444,4.196
109.56,1.545,-1.000,1.576,4.357,-0.445,4.198
109.57,1.724,-1.002,1.576,3.970,-0.444,4.196
109.58,1.468,-1.002,1.575,4.150,-0.443,4.197
109.59,1.782,-1.003,1.576,3.946,-0.445,4.191
109.60,1.469,-1.004,1.574,4.008,-0.445,4.189
109.61,1.441,-1.005,1.572,4.238,-0.445,4.189
109.62,1.400,-1.005,1.569,4.448,-0.446,4.192
109.63,1.488,-1.006,1.567,4.188,-0.448,4.191
109.64,2.007,-1.005,1.574,4.119,-0.447,4.191
109.65,1.793,-1.005,1.577,4.190,-0.447,4.190
109.66,1.446,-1.005,1.575,4.143,-0.448,4.189
109.67,1.746,-1.008,1.575,4.411,-0.448,4.192
109.68,1.541,-1.009,1.574,4.263,-0.448,4.192
109.69,1.520,-1.010,1.572,4.154,-0.449,4.191
109.70,1.501,-1.012,1.569,3.977,-0.449,4.188
109.71,1.660,-1.012,1.570,4.145,-0.449,4.188
109.72,1.727,-1.013,1.572,4.427,-0.449,4.191
109.73,1.570,-1.011,1.574,4.240,-0.450,4.191
109.74,1.338,-1.011,1.571,4.304,-0.450,4.193
109.75,1.725,-1.012,1.573,4.145,-0.450,4.192
109.76,1.522,-1.013,1.570,4.086,-0.449,4.192
109.77,1.717,-1.012,1.574,4.152,-0.450,4.191
109.78,1.555,-1.013,1.572,4.024,-0.449,4.189
109.79,1.927,-1.015,1.576,4.418,-0.449,4.192
109.80,1.855,-1.014,1.580,3.939,-0.449,4.189
109.81,1.478,-1.014,1.579,4.052,-0.450,4.187
109.82,1.439,-1.016,1.576,4.255,-0.449,4.189
109.83,1.287,-1.014,1.574,4.168,-0.448,4.189
109.84,1.406,-1.015,1.571,4.152,-0.450,4.186
109.85,1.470,-1.016,1.569,4.205,-0.450,4.187
109.86,1.598,-1.016,1.569,4.270,-0.448,4.189
109.87,1.774,-1.018,1.570,3.903,-0.450,4.185
109.88,1.507,-1.018,1.569,4.256,-0.448,4.187
109.89,1.207,-1.019,1.564,4.242,-0.448,4.188
109.90,1.896,-1.019,1.568,4.080,-0.448,4.187
109.91,1.717,-1.020,1.569,4.025,-0.449,4.184
109.92,1.520,-1.021,1.568,4.181,-0.448,4.184
109.93,1.583,-1.021,1.568,4.283,-0.447,4.187
109.94,1.439,-1.022,1.565,4.133,-0.447,4.186
109.95,1.348,-1.022,1.563,4.357,-0.447,4.188
109.96,1.574,-1.022,1.563,4.140,-0.449,4.186
109.97,1.635,-1.022,1.564,4.398,-0.449,4.189
109.98,1.480,-1.024,1.562,3.848,-0.449,4.184
109.99,1.712,-1.024,1.564,4.307,-0.449,4.186
110.00,1.798,-1.025,1.566,4.236,-0.449,4.186
110.01,1.498,-1.024,1.566,4.112,-0.449,4.186
110.02,1.720,-1.024,1.568,4.194,-0.448,4.187
110.03,1.627,-1.024,1.569,4.197,-0.448,4.186
110.04,1.535,-1.026,1.567,4.250,-0.448,4.188
110.05,1.413,-1.025,1.566,4.221,-0.449,4.187
110.06,1.741,-1.027,1.566,4.194,-0.449,4.187
110.07,1.526,-1.029,1.564,3.998,-0.448,4.186
110.08,1.675,-1.031,1.564,4.206,-0.447,4.187
110.09,1.717,-1.031,1.566,4.152,-0.447,4.186
110.10,1.453,-1.033,1.563,3.909,-0.448,4.182
110.11,1.605,-1.036,1.560,4.166,-0.449,4.181
110.12,1.658,-1.034,1.564,4.088,-0.451,4.178
110.13,1.467,-1.035,1.562,4.183,-0.449,4.179
110.14,1.736,-1.035,1.564,4.474,-0.447,4.185
110.15,1.536,-1.036,1.563,4.032,-0.447,4.183
110.16,1.457,-1.036,1.562,4.175,-0.447,4.184
110.17,1.741,-1.037,1.563,4.328,-0.447,4.185
110.18,1.628,-1.037,1.565,4.226,-0.447,4.186
110.19,1.848,-1.037,1.569,4.163,-0.446,4.186
110.20,1.567,-1.036,1.569,4.207,-0.445,4.188
110.21,1.455,-1.036,1.569,4.085,-0.444,4.187
110.22,1.464,-1.034,1.569,4.326,-0.445,4.188
110.23,1.511,-1.032,1.570,4.276,-0.447,4.188
110.24,1.565,-1.032,1.571,4.275,-0.447,4.189
110.25,1.608,-1.033,1.570,4.347,-0.446,4.192
110.26,1.391,-1.035,1.567,4.221,-0.446,4.193
110.27,1.602,-1.034,1.568,4.113,-0.445,4.193
110.28,1.688,-1.032,1.572,4.092,-0.445,4.191
110.29,1.655,-1.032,1.573,4.275,-0.446,4.191
110.30,1.561,-1.034,1.571,4.303,-0.446,4.193
110.31,1.656,-1.034,1.573,4.343,-0.445,4.195
110.32,1.670,-1.032,1.576,3.974,-0.444,4.193
110.33,1.582,-1.032,1.576,4.221,-0.444,4.194
110.34,1.494,-1.033,1.574,4.077,-0.445,4.192
110.35,1.648,-1.032,1.576,3.888,-0.444,4.188
110.36,1.356,-1.034,1.572,4.121,-0.446,4.186
110.37,1.482,-1.034,1.570,4.195,-0.445,4.187
110.38,1.504,-1.033,1.571,4.147,-0.445,4.186
110.39,1.532,-1.034,1.570,4.330,-0.445,4.188
110.40,1.515,-1.033,1.571,4.190,-0.445,4.188
110.41,1.432,-1.033,1.568,4.497,-0.445,4.192
110.42,1.562,-1.033,1.569,4.052,-0.445,4.191
110.43,1.646,-1.034,1.569,4.085,-0.444,4.190
110.44,1.654,-1.034,1.570,4.019,-0.445,4.187
110.45,1.610,-1.033,1.572,3.948,-0.444,4.185
110.46,1.494,-1.033,1.571,4.213,-0.442,4.187
110.47,1.695,-1.035,1.571,4.158,-0.442,4.187
110.48,1.654,-1.034,1.573,4.405,-0.443,4.188
110.49,1.688,-1.033,1.575,4.262,-0.444,4.188
110.50,1.320,-1.035,1.571,3.945,-0.445,4.185
110.51,1.506,-1.036,1.569,4.135,-0.444,4.185
110.52,1.356,-1.034,1.569,4.418,-0.445,4.187
110.53,1.450,-1.034,1.567,3.874,-0.445,4.182
110.54,1.596,-1.033,1.568,4.386,-0.445,4.185
110.55,1.310,-1.033,1.566,4.186,-0.446,4.185
110.56,1.585,-1.033,1.566,4.178,-0.445,4.185
110.57,1.568,-1.033,1.566,4.198,-0.445,4.185
110.58,1.644,-1.033,1.568,3.970,-0.445,4.182
110.59,1.543,-1.034,1.566,3.947,-0.444,4.181
110.60,1.603,-1.035,1.566,4.404,-0.443,4.184
110.61,1.500,-1.037,1.563,4.029,-0.444,4.181
110.62,1.699,-1.038,1.564,4.325,-0.446,4.181
110.63,1.256,-1.038,1.560,4.089,-0.446,4.180
110.64,1.619,-1.038,1.561,4.610,-0.447,4.184
110.65,1.807,-1.037,1.566,4.199,-0.446,4.186
110.66,1.520,-1.035,1.567,4.020,-0.446,4.183
110.67,1.735,-1.035,1.569,4.178,-0.446,4.184
110.68,1.707,-1.035,1.571,4.271,-0.446,4.185
110.69,1.598,-1.036,1.571,3.946,-0.445,4.183
110.70,1.355,-1.037,1.567,4.030,-0.445,4.181
110.71,1.399,-1.038,1.564,4.016,-0.444,4.180
110.72,1.662,-1.039,1.565,3.989,-0.443,4.178
110.73,1.289,-1.041,1.559,4.197,-0.444,4.177
110.74,1.636,-1.040,1.561,4.193,-0.444,4.177
110.75,1.415,-1.041,1.558,4.060,-0.445,4.175
110.76,1.709,-1.040,1.561,4.384,-0.445,4.177
110.77,1.307,-1.042,1.556,4.233,-0.444,4.179
110.78,1.592,-1.042,1.557,4.207,-0.444,4.179
110.79,1.652,-1.043,1.557,3.981,-0.445,4.176
110.80,1.589,-1.044,1.557,4.116,-0.445,4.175
110.81,1.467,-1.045,1.554,4.180,-0.445,4.175
110.82,1.446,-1.045,1.553,4.378,-0.445,4.177
110.83,1.509,-1.045,1.553,4.262,-0.446,4.178
110.84,1.484,-1.046,1.551,4.172,-0.444,4.180
110.85,1.120,-1.046,1.545,4.005,-0.445,4.176
110.86,1.525,-1.046,1.545,4.287,-0.444,4.178
110.87,1.481,-1.048,1.543,4.110,-0.444,4.177
110.88,1.239,-1.048,1.538,4.267,-0.442,4.180
110.90,1.626,-1.047,1.541,4.157,-0.443,4.179
110.90,1.546,-1.047,1.541,4.319,-0.442,4.182
110.91,1.666,-1.045,1.544,4.000,-0.442,4.179
110.93,1.646,-1.044,1.547,4.361,-0.441,4.183
110.94,1.604,-1.043,1.549,4.422,-0.440,4.187
110.95,1.593,-1.044,1.549,4.367,-0.441,4.188
110.96,1.597,-1.043,1.551,3.883,-0.443,4.183
110.97,1.543,-1.043,1.550,4.065,-0.443,4.181
110.98,1.939,-1.043,1.555,4.473,-0.442,4.185
110.99,1.652,-1.046,1.554,4.100,-0.443,4.184
111.00,1.680,-1.048,1.554,4.292,-0.442,4.186
111.01,1.463,-1.047,1.554,4.173,-0.442,4.186
111.02,1.292,-1.047,1.551,4.292,-0.443,4.186
111.03,1.610,-1.046,1.552,4.193,-0.444,4.186
111.04,1.590,-1.045,1.554,4.034,-0.444,4.183
111.05,1.580,-1.046,1.553,4.398,-0.444,4.186
111.06,1.722,-1.048,1.553,4.099,-0.444,4.185
111.07,1.725,-1.048,1.556,4.179,-0.444,4.185
111.08,1.523,-1.050,1.554,4.406,-0.444,4.187
111.09,1.274,-1.050,1.550,4.115,-0.444,4.187
111.10,1.743,-1.051,1.551,4.359,-0.445,4.189
111.11,1.742,-1.052,1.553,3.945,-0.444,4.186
111.12,1.605,-1.053,1.553,4.071,-0.443,4.185
111.13,1.337,-1.055,1.548,4.011,-0.443,4.183
111.14,1.970,-1.055,1.554,4.351,-0.444,4.184
111.15,1.648,-1.054,1.557,4.283,-0.446,4.184
111.16,1.824,-1.053,1.561,4.274,-0.445,4.186
111.17,1.673,-1.053,1.563,4.355,-0.445,4.188
111.18,1.349,-1.052,1.562,4.319,-0.444,4.191
111.19,1.454,-1.052,1.560,4.320,-0.443,4.193
111.20,1.399,-1.052,1.558,4.120,-0.443,4.193
111.21,1.424,-1.054,1.554,4.354,-0.442,4.196
111.22,1.662,-1.053,1.557,3.955,-0.442,4.193
111.23,1.683,-1.053,1.559,4.223,-0.441,4.194
111.24,1.791,-1.055,1.560,4.185,-0.442,4.193
111.25,1.501,-1.057,1.558,4.120,-0.442,4.192
111.26,1.675,-1.058,1.559,3.985,-0.440,4.191
111.27,1.446,-1.056,1.559,4.261,-0.441,4.192
111.28,1.642,-1.057,1.560,4.292,-0.441,4.193
111.29,1.483,-1.058,1.558,4.049,-0.441,4.191
111.30,1.457,-1.058,1.556,4.172,-0.441,4.191
111.31,1.650,-1.058,1.558,4.389,-0.440,4.194
111.32,1.678,-1.057,1.561,4.052,-0.440,4.192
111.33,1.478,-1.057,1.559,4.311,-0.440,4.194
111.34,1.572,-1.056,1.561,4.220,-0.440,4.194
111.35,1.665,-1.056,1.562,4.192,-0.438,4.196
111.36,1.560,-1.057,1.562,4.247,-0.439,4.196
111.37,1.721,-1.057,1.564,4.278,-0.438,4.198
111.38,1.570,-1.056,1.565,3.937,-0.437,4.195
111.39,1.690,-1.056,1.567,4.024,-0.438,4.193
111.40,1.617,-1.057,1.567,3.989,-0.437,4.190
111.41,1.699,-1.056,1.570,4.214,-0.438,4.190
111.42,1.353,-1.055,1.568,4.331,-0.439,4.191
111.43,1.668,-1.056,1.569,3.934,-0.440,4.187
111.44,1.910,-1.057,1.573,3.850,-0.441,4.181
111.45,1.674,-1.056,1.575,4.478,-0.441,4.185
111.46,1.508,-1.056,1.575,4.065,-0.441,4.184
111.47,1.413,-1.057,1.572,4.173,-0.440,4.184
111.48,1.527,-1.057,1.571,4.099,-0.440,4.183
111.49,1.548,-1.058,1.571,4.307,-0.440,4.185
111.50,1.337,-1.056,1.569,4.422,-0.439,4.188
111.51,1.464,-1.055,1.569,4.272,-0.440,4.189
111.52,1.792,-1.055,1.572,4.439,-0.439,4.193
111.53,1.644,-1.054,1.574,4.164,-0.439,4.193
111.54,1.754,-1.055,1.576,4.022,-0.438,4.192
111.55,1.466,-1.056,1.573,4.435,-0.438,4.194
111.56,1.268,-1.057,1.569,4.029,-0.437,4.193
111.57,1.630,-1.057,1.570,4.274,-0.439,4.192
111.58,1.491,-1.058,1.568,4.346,-0.440,4.194
111.59,1.376,-1.059,1.565,4.241,-0.440,4.194
111.60,1.865,-1.060,1.569,4.110,-0.441,4.193
111.61,1.402,-1.060,1.566,4.045,-0.441,4.191
111.62,1.648,-1.061,1.567,4.115,-0.440,4.190
111.63,1.550,-1.059,1.568,4.272,-0.440,4.191
111.64,1.497,-1.060,1.567,4.427,-0.441,4.194
111.65,1.506,-1.061,1.565,4.386,-0.441,4.196
111.66,1.968,-1.063,1.569,3.955,-0.442,4.192
111.67,1.458,-1.062,1.568,4.075,-0.441,4.191
111.68,1.658,-1.064,1.568,4.232,-0.440,4.193
111.69,1.355,-1.062,1.567,4.188,-0.439,4.194
111.70,1.564,-1.063,1.566,4.175,-0.439,4.193
111.71,1.514,-1.064,1.565,4.272,-0.439,4.194
111.72,1.535,-1.065,1.564,4.309,-0.438,4.197
111.73,1.578,-1.066,1.563,4.417,-0.440,4.198
111.74,1.624,-1.066,1.564,4.305,-0.440,4.200
111.75,1.589,-1.067,1.564,4.297,-0.441,4.200
111.76,1.605,-1.065,1.566,4.366,-0.441,4.202
111.77,1.433,-1.066,1.564,4.172,-0.442,4.201
111.78,1.718,-1.065,1.567,4.441,-0.442,4.204
111.79,1.652,-1.066,1.568,4.113,-0.443,4.202
111.80,1.638,-1.066,1.569,4.101,-0.444,4.200
111.81,1.700,-1.066,1.570,4.096,-0.443,4.199
111.82,1.746,-1.066,1.573,4.206,-0.442,4.200
111.83,1.480,-1.067,1.572,4.418,-0.442,4.203
111.84,1.573,-1.067,1.571,3.994,-0.442,4.201
111.85,1.672,-1.068,1.572,4.294,-0.442,4.202
111.86,1.650,-1.069,1.573,3.891,-0.442,4.198
111.87,1.421,-1.068,1.571,4.225,-0.443,4.197
111.88,1.801,-1.068,1.575,4.463,-0.444,4.201
111.89,1.662,-1.070,1.574,4.402,-0.442,4.205
111.90,1.603,-1.069,1.576,4.186,-0.443,4.204
111.91,1.930,-1.071,1.579,4.241,-0.443,4.204
111.92,1.578,-1.071,1.580,4.116,-0.443,4.203
111.93,1.404,-1.071,1.578,4.413,-0.443,4.206
111.94,1.900,-1.070,1.583,4.052,-0.442,4.205
111.95,1.320,-1.070,1.579,4.218,-0.443,4.204
111.96,1.448,-1.071,1.577,4.390,-0.443,4.206
111.97,1.657,-1.071,1.579,3.967,-0.442,4.205
111.98,1.373,-1.071,1.576,4.265,-0.442,4.206
111.99,1.382,-1.070,1.575,4.302,-0.440,4.209
112.00,1.538,-1.070,1.574,3.810,-0.440,4.204
112.01,1.631,-1.070,1.575,4.159,-0.439,4.204
112.02,1.764,-1.070,1.578,4.288,-0.439,4.205
112.03,1.474,-1.071,1.577,3.837,-0.439,4.200
112.04,1.468,-1.072,1.574,4.307,-0.438,4.203
112.05,1.432,-1.070,1.574,3.986,-0.437,4.201
112.06,1.597,-1.072,1.573,4.151,-0.437,4.200
112.07,1.684,-1.071,1.575,4.305,-0.437,4.202
112.08,1.280,-1.071,1.573,4.422,-0.437,4.205
112.09,1.564,-1.070,1.573,4.420,-0.437,4.208
112.10,1.655,-1.070,1.575,4.071,-0.436,4.207
112.11,1.281,-1.072,1.569,4.197,-0.438,4.205
112.12,1.342,-1.071,1.567,4.195,-0.437,4.206
112.13,1.556,-1.071,1.567,4.170,-0.438,4.205
112.14,1.324,-1.070,1.565,4.184,-0.436,4.206
112.15,1.582,-1.069,1.567,4.321,-0.437,4.207
112.16,1.725,-1.069,1.569,4.097,-0.438,4.205
112.17,1.815,-1.071,1.570,4.410,-0.438,4.207
112.18,1.696,-1.071,1.572,4.195,-0.438,4.208
112.19,1.445,-1.071,1.571,4.200,-0.439,4.206
112.20,1.638,-1.072,1.571,4.080,-0.439,4.204
112.21,1.321,-1.072,1.568,4.416,-0.439,4.207
112.22,1.504,-1.073,1.566,4.231,-0.440,4.207
112.23,1.554,-1.073,1.566,4.257,-0.440,4.207
112.24,1.552,-1.073,1.566,3.980,-0.439,4.206
112.25,1.582,-1.072,1.568,4.205,-0.439,4.206
112.26,1.436,-1.073,1.565,4.182,-0.438,4.206
112.27,1.530,-1.074,1.563,4.197,-0.439,4.206
112.28,1.803,-1.076,1.565,4.189,-0.439,4.205
112.29,1.644,-1.076,1.566,4.019,-0.440,4.201
112.30,1.494,-1.078,1.564,4.225,-0.439,4.203
112.31,1.492,-1.080,1.561,4.086,-0.440,4.201
112.32,1.622,-1.080,1.561,4.195,-0.439,4.201
112.33,1.504,-1.081,1.560,4.355,-0.438,4.205
112.34,1.490,-1.081,1.559,4.168,-0.438,4.204
112.35,1.533,-1.080,1.561,3.907,-0.439,4.199
112.36,1.426,-1.078,1.561,4.251,-0.438,4.201
112.37,1.613,-1.079,1.561,4.429,-0.438,4.204
112.39,1.440,-1.078,1.560,4.242,-0.438,4.205
112.40,1.656,-1.080,1.560,4.326,-0.438,4.206
112.40,1.350,-1.079,1.558,4.311,-0.439,4.207
112.42,1.501,-1.079,1.557,4.331,-0.440,4.208
112.42,1.325,-1.080,1.553,4.236,-0.440,4.208
112.44,1.513,-1.081,1.553,4.163,-0.442,4.205
112.45,1.575,-1.080,1.554,4.044,-0.441,4.205
112.46,1.751,-1.080,1.556,4.294,-0.442,4.205
112.47,1.687,-1.079,1.559,3.797,-0.442,4.199
112.48,1.604,-1.079,1.560,4.297,-0.442,4.201
112.49,1.485,-1.080,1.559,4.103,-0.443,4.199
112.50,1.657,-1.079,1.561,4.295,-0.444,4.199
112.50,1.539,-1.079,1.561,4.247,-0.443,4.201
112.52,1.388,-1.077,1.560,4.321,-0.443,4.202
112.53,1.621,-1.078,1.561,4.192,-0.444,4.201
112.54,1.321,-1.078,1.558,4.440,-0.445,4.204
112.55,1.432,-1.076,1.558,4.027,-0.445,4.201
112.56,1.443,-1.076,1.556,4.117,-0.445,4.200
112.57,1.566,-1.078,1.555,4.413,-0.447,4.201
112.58,1.660,-1.078,1.556,3.975,-0.447,4.198
112.59,1.662,-1.075,1.561,3.956,-0.447,4.195
112.60,1.779,-1.075,1.564,4.157,-0.447,4.194
112.61,1.504,-1.073,1.565,4.054,-0.446,4.193
112.62,1.367,-1.072,1.563,4.194,-0.446,4.193
112.63,1.700,-1.072,1.565,4.326,-0.446,4.195
112.64,1.748,-1.072,1.568,4.357,-0.446,4.198
112.65,1.569,-1.071,1.569,4.228,-0.446,4.198
112.66,1.814,-1.073,1.571,4.083,-0.445,4.198
112.67,1.440,-1.073,1.569,4.203,-0.445,4.198
112.68,1.512,-1.072,1.569,3.890,-0.444,4.195
112.69,1.555,-1.074,1.567,4.168,-0.443,4.195
112.70,1.986,-1.074,1.573,3.912,-0.442,4.193
112.71,1.551,-1.074,1.573,4.466,-0.442,4.196
112.72,1.559,-1.074,1.573,4.151,-0.442,4.195
112.73,1.622,-1.075,1.573,4.318,-0.443,4.196
112.74,1.581,-1.074,1.574,4.278,-0.444,4.197
112.75,1.381,-1.077,1.569,4.148,-0.442,4.197
112.76,1.535,-1.077,1.569,4.012,-0.443,4.194
112.77,1.570,-1.077,1.569,4.213,-0.443,4.195
112.78,1.688,-1.079,1.569,4.057,-0.444,4.192
112.79,1.840,-1.080,1.572,4.268,-0.443,4.193
112.80,1.412,-1.081,1.569,4.074,-0.443,4.192
112.81,1.360,-1.083,1.564,4.188,-0.444,4.191
112.82,1.850,-1.083,1.568,4.023,-0.444,4.189
112.83,1.569,-1.085,1.566,4.308,-0.443,4.191
112.84,1.682,-1.088,1.565,4.197,-0.443,4.192
112.85,1.660,-1.087,1.567,4.448,-0.443,4.195
112.86,1.792,-1.087,1.571,4.247,-0.442,4.197
112.87,1.188,-1.086,1.567,3.891,-0.441,4.194
112.88,1.456,-1.087,1.565,4.261,-0.441,4.194
112.89,1.751,-1.088,1.566,4.330,-0.441,4.196
112.90,1.347,-1.088,1.563,4.114,-0.442,4.194
112.91,1.844,-1.088,1.567,4.362,-0.442,4.196
112.92,1.591,-1.088,1.568,4.124,-0.443,4.195
112.93,1.335,-1.088,1.565,4.448,-0.444,4.197
112.94,1.485,-1.085,1.567,4.164,-0.445,4.195
112.95,1.688,-1.086,1.568,3.898,-0.444,4.192
112.96,1.500,-1.086,1.567,4.144,-0.444,4.192
112.97,1.813,-1.088,1.569,3.632,-0.445,4.184
112.98,1.713,-1.086,1.573,4.355,-0.444,4.186
112.99,1.638,-1.086,1.574,4.297,-0.445,4.187
113.00,1.524,-1.090,1.570,4.259,-0.446,4.187
113.01,1.546,-1.090,1.570,4.252,-0.445,4.189
113.02,1.605,-1.089,1.571,4.107,-0.447,4.186
113.03,1.594,-1.092,1.569,4.337,-0.447,4.188
113.04,1.731,-1.092,1.571,4.412,-0.447,4.191
113.05,1.541,-1.090,1.573,4.457,-0.446,4.195
113.06,1.597,-1.090,1.573,4.219,-0.446,4.196
113.07,1.629,-1.090,1.575,4.033,-0.447,4.192
113.08,1.550,-1.089,1.576,4.264,-0.449,4.192
113.09,1.679,-1.087,1.579,4.119,-0.450,4.190
113.10,1.619,-1.086,1.581,4.262,-0.451,4.190
113.11,1.389,-1.087,1.577,3.929,-0.452,4.185
113.12,1.647,-1.088,1.578,3.859,-0.451,4.181
113.13,1.628,-1.088,1.578,4.007,-0.451,4.179
113.14,1.580,-1.087,1.580,4.250,-0.452,4.179
113.15,1.394,-1.085,1.580,4.136,-0.451,4.179
113.16,1.516,-1.086,1.578,3.807,-0.450,4.175
113.17,1.629,-1.086,1.579,4.215,-0.450,4.176
113.18,1.361,-1.088,1.574,4.290,-0.450,4.178
113.19,1.623,-1.089,1.574,4.348,-0.449,4.181
113.20,1.737,-1.090,1.575,4.357,-0.448,4.184
113.21,1.514,-1.090,1.575,4.295,-0.448,4.186
113.22,1.726,-1.089,1.578,4.548,-0.447,4.191
113.23,1.662,-1.089,1.579,4.484,-0.446,4.196
113.24,1.523,-1.088,1.580,4.172,-0.447,4.195
113.25,1.726,-1.088,1.582,4.449,-0.447,4.198
113.26,1.302,-1.088,1.579,4.342,-0.447,4.200
113.27,1.513,-1.088,1.578,4.416,-0.447,4.203
113.28,1.463,-1.086,1.579,4.297,-0.447,4.204
113.29,1.819,-1.086,1.582,4.169,-0.449,4.203
113.30,1.115,-1.085,1.578,4.095,-0.449,4.200
113.31,1.616,-1.085,1.578,3.868,-0.450,4.195
113.32,1.873,-1.084,1.583,4.094,-0.452,4.192
113.33,1.668,-1.086,1.582,4.162,-0.450,4.194
113.34,1.636,-1.088,1.582,4.122,-0.451,4.192
113.35,1.341,-1.086,1.581,4.410,-0.450,4.196
113.36,1.626,-1.088,1.579,4.013,-0.449,4.194
113.37,1.774,-1.088,1.582,4.190,-0.452,4.192
113.38,1.587,-1.088,1.582,4.316,-0.450,4.195
113.39,1.627,-1.087,1.584,3.956,-0.451,4.191
113.40,1.574,-1.089,1.583,4.199,-0.452,4.191
113.41,1.501,-1.088,1.582,4.249,-0.452,4.192
113.42,1.568,-1.088,1.583,4.531,-0.452,4.196
113.43,1.650,-1.087,1.585,4.497,-0.451,4.200
113.44,1.536,-1.087,1.585,3.974,-0.452,4.197
113.45,1.313,-1.087,1.581,4.063,-0.451,4.196
113.46,1.631,-1.088,1.580,4.243,-0.451,4.197
113.47,1.624,-1.089,1.580,4.142,-0.453,4.194
113.48,1.228,-1.089,1.576,4.146,-0.452,4.194
113.49,1.797,-1.089,1.580,4.127,-0.451,4.195
113.50,1.582,-1.088,1.580,4.305,-0.451,4.196
113.51,1.262,-1.088,1.576,4.177,-0.451,4.196
113.52,1.429,-1.088,1.575,4.325,-0.451,4.198
113.53,1.288,-1.089,1.570,4.165,-0.451,4.198
113.54,1.567,-1.088,1.571,4.460,-0.451,4.201
113.55,1.605,-1.089,1.571,4.151,-0.451,4.200
113.56,1.486,-1.087,1.572,4.121,-0.451,4.200
113.57,1.647,-1.090,1.570,4.304,-0.449,4.203
113.58,1.316,-1.090,1.567,4.291,-0.450,4.203
113.59,1.693,-1.090,1.569,3.852,-0.450,4.199
113.60,1.523,-1.091,1.567,4.501,-0.449,4.203
113.61,1.491,-1.092,1.565,4.559,-0.448,4.209
113.62,1.642,-1.093,1.566,4.401,-0.448,4.212
113.63,1.592,-1.094,1.565,4.412,-0.450,4.213
113.64,1.453,-1.093,1.565,4.476,-0.450,4.216
113.65,1.608,-1.093,1.565,4.402,-0.449,4.220
113.66,1.720,-1.096,1.565,4.216,-0.451,4.219
113.67,1.534,-1.096,1.564,4.396,-0.451,4.221
113.68,1.468,-1.099,1.561,4.317,-0.452,4.221
113.69,1.658,-1.098,1.563,4.258,-0.452,4.221
113.70,1.335,-1.099,1.559,3.860,-0.454,4.216
113.71,1.577,-1.099,1.559,4.243,-0.453,4.216
113.72,1.487,-1.097,1.560,4.086,-0.455,4.213
113.73,1.413,-1.096,1.560,4.270,-0.456,4.213
113.74,1.514,-1.097,1.558,4.187,-0.457,4.212
113.75,1.601,-1.096,1.560,4.135,-0.456,4.212
113.76,1.600,-1.097,1.560,3.960,-0.455,4.210
113.77,1.679,-1.096,1.562,4.119,-0.454,4.210
113.78,1.507,-1.096,1.561,4.181,-0.454,4.210
113.79,1.577,-1.098,1.560,3.906,-0.453,4.206
113.80,1.388,-1.099,1.557,4.270,-0.454,4.206
113.81,1.677,-1.101,1.556,4.198,-0.453,4.207
113.82,1.357,-1.102,1.553,4.145,-0.453,4.207
113.83,1.393,-1.103,1.550,4.469,-0.453,4.210
113.84,1.716,-1.104,1.551,4.306,-0.452,4.213
113.85,1.519,-1.102,1.553,4.286,-0.452,4.214
113.86,1.479,-1.101,1.553,4.053,-0.451,4.213
113.87,1.746,-1.103,1.554,4.229,-0.453,4.211
113.88,1.603,-1.102,1.556,4.404,-0.453,4.214
113.90,1.453,-1.104,1.553,4.049,-0.454,4.211
113.91,1.762,-1.104,1.555,4.165,-0.454,4.211
113.92,1.826,-1.104,1.559,4.344,-0.455,4.212
113.93,1.457,-1.105,1.557,4.388,-0.455,4.214
113.94,1.422,-1.105,1.555,4.205,-0.456,4.213
113.95,1.625,-1.106,1.556,4.374,-0.456,4.216
113.96,1.932,-1.107,1.560,4.296,-0.456,4.217
113.97,1.648,-1.109,1.559,4.476,-0.456,4.220
113.98,1.550,-1.109,1.559,4.448,-0.456,4.223
113.99,1.575,-1.109,1.559,4.328,-0.457,4.224
114.00,1.741,-1.110,1.560,4.278,-0.458,4.224
114.01,1.572,-1.110,1.561,3.967,-0.457,4.222
114.02,1.164,-1.110,1.556,4.207,-0.456,4.223
114.03,1.652,-1.109,1.558,4.090,-0.456,4.221
114.04,1.363,-1.110,1.555,4.213,-0.457,4.221
114.05,1.704,-1.110,1.557,4.431,-0.456,4.224
114.06,1.598,-1.110,1.558,4.247,-0.456,4.225
114.07,1.641,-1.110,1.559,3.987,-0.456,4.222
114.08,1.608,-1.109,1.560,3.919,-0.456,4.218
114.09,1.693,-1.109,1.563,4.223,-0.455,4.219
114.10,1.341,-1.109,1.560,4.269,-0.454,4.221
114.11,1.659,-1.108,1.563,4.285,-0.454,4.222
114.12,1.478,-1.108,1.561,4.203,-0.454,4.222
114.13,1.516,-1.110,1.559,4.420,-0.453,4.226
114.14,1.556,-1.110,1.559,4.481,-0.453,4.230
114.15,1.764,-1.111,1.562,4.131,-0.452,4.229
114.16,1.486,-1.112,1.559,3.939,-0.452,4.226
114.17,1.460,-1.113,1.557,4.378,-0.451,4.228
114.18,1.507,-1.113,1.557,4.207,-0.451,4.229
114.19,1.878,-1.113,1.561,4.202,-0.450,4.229
114.20,1.579,-1.114,1.561,4.144,-0.450,4.228
114.21,1.499,-1.115,1.559,4.369,-0.451,4.230
114.22,1.367,-1.115,1.556,4.104,-0.451,4.228
114.23,1.463,-1.117,1.554,4.064,-0.451,4.226
114.24,1.411,-1.119,1.550,4.058,-0.451,4.224
114.25,1.336,-1.118,1.548,3.932,-0.451,4.220
114.26,1.662,-1.118,1.550,3.820,-0.451,4.215
114.27,1.619,-1.117,1.552,4.128,-0.451,4.214
114.28,1.495,-1.118,1.550,4.205,-0.452,4.214
114.29,1.624,-1.119,1.551,4.132,-0.451,4.213
114.30,1.713,-1.121,1.550,4.117,-0.451,4.212
114.31,1.741,-1.121,1.554,4.016,-0.451,4.210
114.32,1.568,-1.121,1.554,4.115,-0.450,4.209
114.33,1.655,-1.121,1.555,4.132,-0.449,4.209
114.34,1.317,-1.121,1.553,4.016,-0.450,4.206
114.35,1.605,-1.122,1.553,4.384,-0.449,4.209
114.36,1.708,-1.121,1.555,4.199,-0.450,4.208
114.37,1.461,-1.121,1.554,3.963,-0.450,4.205
114.38,1.410,-1.121,1.553,4.093,-0.451,4.203
114.39,1.345,-1.119,1.552,3.851,-0.452,4.197
114.40,1.546,-1.117,1.554,4.015,-0.453,4.193
114.41,1.702,-1.117,1.556,4.307,-0.454,4.194
114.42,1.584,-1.118,1.556,3.983,-0.454,4.191
114.43,1.569,-1.119,1.555,3.995,-0.453,4.189
114.44,1.359,-1.117,1.554,4.454,-0.453,4.193
114.45,1.422,-1.116,1.554,3.976,-0.452,4.191
114.46,1.512,-1.117,1.552,4.184,-0.453,4.190
114.47,1.491,-1.118,1.551,4.420,-0.453,4.193
114.48,1.528,-1.119,1.550,4.056,-0.452,4.192
114.49,1.409,-1.119,1.548,4.032,-0.453,4.189
114.50,1.822,-1.117,1.554,4.173,-0.454,4.188
114.51,1.647,-1.117,1.556,4.087,-0.454,4.186
114.52,1.408,-1.116,1.555,4.004,-0.455,4.183
114.53,1.537,-1.114,1.556,4.508,-0.455,4.187
114.54,1.528,-1.115,1.555,4.076,-0.454,4.186
114.55,1.600,-1.118,1.553,4.313,-0.454,4.188
114.56,1.761,-1.116,1.558,4.342,-0.455,4.189
114.57,1.739,-1.115,1.561,4.155,-0.455,4.189
114.58,1.457,-1.116,1.559,4.231,-0.454,4.190
114.59,1.694,-1.117,1.560,4.312,-0.456,4.190
114.60,1.607,-1.117,1.561,4.429,-0.456,4.193
114.61,1.725,-1.118,1.562,4.373,-0.457,4.194
114.62,1.444,-1.118,1.560,4.079,-0.457,4.193
114.63,1.385,-1.118,1.558,3.910,-0.456,4.190
114.64,1.679,-1.118,1.561,4.188,-0.457,4.189
114.65,1.697,-1.117,1.564,4.257,-0.457,4.190
114.66,1.649,-1.116,1.565,4.131,-0.457,4.189
114.67,1.485,-1.116,1.564,4.248,-0.456,4.191
114.68,1.201,-1.116,1.560,4.004,-0.456,4.188
114.69,1.316,-1.117,1.556,4.241,-0.457,4.188
114.70,1.814,-1.118,1.559,4.374,-0.458,4.190
114.71,1.559,-1.119,1.558,4.162,-0.457,4.190
114.72,1.664,-1.120,1.558,4.188,-0.458,4.189
114.73,1.444,-1.120,1.556,4.131,-0.459,4.188
114.74,1.558,-1.121,1.556,4.317,-0.459,4.189
114.75,1.444,-1.118,1.558,4.088,-0.458,4.189
114.76,1.691,-1.117,1.560,4.197,-0.457,4.190
114.77,1.823,-1.117,1.564,4.020,-0.458,4.187
114.78,1.586,-1.116,1.565,4.106,-0.457,4.186
114.79,1.696,-1.117,1.567,4.495,-0.456,4.191
114.80,1.572,-1.117,1.566,4.427,-0.457,4.194
114.81,1.528,-1.119,1.565,4.100,-0.457,4.193
114.82,1.382,-1.119,1.563,4.337,-0.457,4.195
114.83,1.540,-1.118,1.563,4.092,-0.457,4.193
114.84,1.600,-1.117,1.564,4.179,-0.458,4.192
114.85,1.465,-1.115,1.565,4.056,-0.459,4.189
114.86,1.671,-1.113,1.569,4.161,-0.458,4.190
114.87,1.470,-1.115,1.566,4.203,-0.458,4.190
114.88,1.637,-1.116,1.566,4.377,-0.457,4.194
114.89,1.470,-1.117,1.564,4.156,-0.457,4.193
114.90,1.724,-1.118,1.565,4.334,-0.456,4.196
114.91,1.455,-1.119,1.563,4.431,-0.456,4.199
114.92,1.570,-1.121,1.561,3.972,-0.454,4.198
114.93,2.009,-1.122,1.567,4.122,-0.454,4.197
114.94,1.457,-1.124,1.564,4.015,-0.453,4.195
114.95,1.535,-1.123,1.564,4.313,-0.454,4.196
114.96,1.576,-1.124,1.563,4.458,-0.452,4.201
114.97,1.665,-1.125,1.564,4.265,-0.452,4.202
114.98,1.817,-1.126,1.567,4.475,-0.453,4.205
114.99,1.753,-1.128,1.567,4.562,-0.453,4.210
115.00,1.749,-1.128,1.570,4.059,-0.451,4.209
115.01,1.602,-1.127,1.572,4.222,-0.451,4.210
115.02,1.562,-1.126,1.573,4.062,-0.451,4.208
115.03,1.480,-1.125,1.572,4.328,-0.451,4.210
115.04,1.535,-1.125,1.573,4.120,-0.451,4.208
115.05,1.677,-1.125,1.574,4.184,-0.451,4.209
115.06,1.706,-1.123,1.578,3.943,-0.451,4.205
115.07,1.367,-1.123,1.575,4.190,-0.450,4.206
115.08,1.672,-1.124,1.576,4.170,-0.450,4.205
115.09,1.731,-1.124,1.578,4.159,-0.451,4.204
115.10,1.564,-1.125,1.577,4.283,-0.452,4.204
115.11,1.528,-1.125,1.577,4.319,-0.452,4.206
115.12,1.558,-1.123,1.579,4.594,-0.452,4.210
115.13,1.466,-1.123,1.577,4.010,-0.454,4.206
115.14,1.613,-1.125,1.577,4.490,-0.453,4.211
115.15,1.671,-1.125,1.578,3.962,-0.454,4.207
115.16,1.452,-1.126,1.576,4.565,-0.454,4.212
115.17,1.536,-1.124,1.577,4.316,-0.453,4.214
115.18,1.423,-1.125,1.574,3.966,-0.454,4.210
115.19,1.477,-1.125,1.573,4.165,-0.455,4.208
115.20,1.329,-1.124,1.571,4.226,-0.456,4.208
115.21,1.761,-1.123,1.575,4.088,-0.458,4.204
115.22,1.660,-1.123,1.576,4.001,-0.457,4.202
115.23,1.491,-1.123,1.576,4.415,-0.458,4.204
115.24,1.525,-1.124,1.575,4.204,-0.458,4.205
115.25,1.434,-1.123,1.573,4.335,-0.459,4.205
115.26,1.544,-1.125,1.571,4.312,-0.457,4.209
115.27,1.515,-1.126,1.570,4.203,-0.459,4.207
115.28,1.691,-1.125,1.572,4.174,-0.459,4.206
115.30,1.341,-1.128,1.567,4.509,-0.460,4.210
115.30,1.363,-1.127,1.565,4.540,-0.460,4.214
115.31,1.461,-1.126,1.565,4.162,-0.463,4.211
115.32,1.408,-1.127,1.562,4.281,-0.462,4.212
115.33,1.575,-1.128,1.561,4.178,-0.462,4.212
115.34,1.553,-1.127,1.563,4.403,-0.462,4.215
115.35,1.749,-1.127,1.565,4.237,-0.460,4.217
115.37,1.704,-1.126,1.568,4.130,-0.460,4.216
115.38,1.518,-1.126,1.567,3.858,-0.461,4.211
115.39,1.665,-1.128,1.567,4.240,-0.460,4.212
115.39,1.799,-1.128,1.570,4.237,-0.460,4.212
115.40,1.425,-1.128,1.569,3.877,-0.460,4.208
115.41,1.693,-1.129,1.570,3.911,-0.461,4.204
115.42,1.515,-1.129,1.569,4.312,-0.460,4.206
115.44,1.564,-1.129,1.569,4.417,-0.462,4.207
115.45,1.568,-1.129,1.569,3.991,-0.462,4.205
115.46,1.878,-1.129,1.573,3.950,-0.463,4.200
115.47,1.550,-1.132,1.571,4.279,-0.462,4.202
115.48,1.460,-1.134,1.567,4.078,-0.462,4.200
115.49,1.733,-1.135,1.569,3.860,-0.463,4.195
115.50,1.644,-1.134,1.571,4.488,-0.463,4.199
115.51,1.629,-1.134,1.572,4.187,-0.463,4.199
115.52,1.629,-1.136,1.571,4.356,-0.463,4.201
115.53,1.833,-1.138,1.573,4.058,-0.463,4.199
115.54,1.515,-1.140,1.570,4.108,-0.462,4.199
115.55,1.646,-1.139,1.572,4.183,-0.461,4.199
115.56,1.144,-1.140,1.566,4.469,-0.461,4.203
115.57,1.535,-1.138,1.567,4.331,-0.461,4.205
115.58,1.691,-1.137,1.571,4.084,-0.463,4.202
115.59,1.447,-1.136,1.570,4.225,-0.465,4.200
115.60,1.561,-1.137,1.569,4.033,-0.465,4.198
115.61,1.571,-1.137,1.569,4.024,-0.466,4.195
115.62,1.597,-1.139,1.568,4.279,-0.466,4.196
115.63,1.737,-1.138,1.572,4.233,-0.466,4.196
115.64,1.496,-1.137,1.572,4.073,-0.465,4.196
115.65,1.413,-1.135,1.571,4.246,-0.467,4.195
115.66,1.445,-1.137,1.569,4.357,-0.468,4.196
115.67,1.611,-1.136,1.571,4.132,-0.468,4.195
115.68,1.378,-1.135,1.569,4.258,-0.468,4.196
115.69,1.764,-1.136,1.571,4.014,-0.468,4.193
115.70,1.634,-1.138,1.570,4.286,-0.468,4.195
115.71,1.650,-1.138,1.571,4.420,-0.466,4.200
115.72,1.462,-1.137,1.571,3.976,-0.466,4.197
115.73,1.725,-1.136,1.574,4.196,-0.467,4.196
115.74,1.462,-1.137,1.572,4.142,-0.467,4.195
115.75,1.498,-1.135,1.573,4.102,-0.467,4.194
115.76,1.539,-1.135,1.573,4.215,-0.466,4.195
115.77,1.240,-1.135,1.568,4.117,-0.465,4.196
115.78,1.535,-1.137,1.567,4.190,-0.465,4.195
115.79,1.501,-1.138,1.564,3.796,-0.466,4.189
115.80,1.542,-1.142,1.561,4.291,-0.466,4.190
115.81,1.515,-1.141,1.561,4.068,-0.465,4.189
115.82,1.520,-1.139,1.562,4.300,-0.466,4.191
115.83,1.713,-1.138,1.566,3.943,-0.466,4.187
115.84,1.682,-1.141,1.564,4.042,-0.465,4.186
115.85,1.508,-1.142,1.563,3.881,-0.465,4.182
115.86,1.694,-1.142,1.565,4.177,-0.464,4.182
115.87,1.659,-1.144,1.565,4.285,-0.466,4.182
115.88,1.728,-1.144,1.567,4.104,-0.466,4.181
115.89,1.388,-1.144,1.565,4.212,-0.466,4.181
115.90,1.699,-1.144,1.567,4.398,-0.465,4.186
115.91,1.386,-1.143,1.566,4.769,-0.465,4.193
115.92,1.711,-1.143,1.568,4.474,-0.466,4.196
115.93,1.597,-1.142,1.569,4.194,-0.466,4.196
115.94,1.333,-1.144,1.564,4.458,-0.466,4.199
115.95,1.571,-1.143,1.566,4.233,-0.466,4.200
115.96,1.785,-1.145,1.567,3.978,-0.466,4.197
115.97,1.571,-1.146,1.566,4.099,-0.468,4.194
115.98,1.621,-1.147,1.566,4.098,-0.467,4.193
115.99,1.349,-1.150,1.560,4.336,-0.468,4.194
116.00,1.598,-1.149,1.561,4.474,-0.470,4.196
116.01,1.653,-1.151,1.562,4.162,-0.468,4.197
116.02,1.403,-1.152,1.559,4.360,-0.469,4.199
116.03,1.535,-1.152,1.558,4.162,-0.470,4.198
116.04,1.626,-1.154,1.557,3.939,-0.468,4.196
116.05,1.631,-1.156,1.557,4.293,-0.467,4.198
116.06,1.710,-1.157,1.558,4.412,-0.466,4.203
116.07,1.252,-1.157,1.554,4.348,-0.465,4.205
116.08,1.646,-1.159,1.554,4.412,-0.467,4.206
116.09,1.552,-1.160,1.552,4.117,-0.467,4.205
116.10,1.729,-1.159,1.556,4.467,-0.467,4.208
116.11,1.318,-1.159,1.553,4.373,-0.467,4.211
116.12,1.710,-1.158,1.556,4.437,-0.468,4.213
116.13,1.709,-1.158,1.558,4.460,-0.468,4.216
116.14,1.581,-1.157,1.560,4.292,-0.468,4.217
116.15,1.683,-1.157,1.563,4.234,-0.469,4.217
116.16,1.511,-1.157,1.562,4.258,-0.470,4.217
116.17,1.387,-1.158,1.559,4.190,-0.470,4.216
116.18,1.776,-1.158,1.561,4.169,-0.469,4.217
116.19,1.596,-1.158,1.562,4.265,-0.468,4.218
116.20,1.433,-1.158,1.561,4.353,-0.466,4.222
116.21,1.331,-1.160,1.556,4.306,-0.466,4.224
116.22,1.511,-1.163,1.553,4.253,-0.467,4.223
116.23,1.955,-1.166,1.555,4.341,-0.468,4.224
116.24,1.507,-1.164,1.557,3.868,-0.468,4.220
116.25,1.310,-1.164,1.554,3.953,-0.467,4.217
116.26,1.354,-1.165,1.551,4.446,-0.467,4.221
116.27,1.530,-1.164,1.551,4.386,-0.467,4.223
116.28,1.522,-1.163,1.552,4.051,-0.467,4.221
116.29,1.646,-1.165,1.552,4.459,-0.468,4.223
116.30,1.564,-1.165,1.551,4.518,-0.467,4.228
116.31,1.674,-1.166,1.553,4.079,-0.466,4.228
116.32,1.643,-1.166,1.554,4.260,-0.465,4.229
116.33,1.647,-1.164,1.557,4.113,-0.465,4.228
116.34,1.805,-1.164,1.561,3.837,-0.467,4.221
116.35,1.789,-1.164,1.564,3.927,-0.466,4.218
116.36,1.673,-1.163,1.567,4.297,-0.466,4.219
116.37,1.246,-1.161,1.565,4.021,-0.466,4.216
116.38,1.551,-1.160,1.566,3.999,-0.465,4.215
116.39,1.493,-1.162,1.564,4.333,-0.466,4.216
116.40,1.676,-1.159,1.568,4.240,-0.466,4.216
116.41,1.699,-1.161,1.568,3.985,-0.467,4.213
116.42,1.915,-1.160,1.573,4.356,-0.468,4.213
116.43,1.815,-1.159,1.578,4.206,-0.468,4.213
116.44,1.700,-1.160,1.579,4.620,-0.469,4.218
116.45,1.507,-1.160,1.579,4.205,-0.470,4.217
116.46,1.617,-1.162,1.577,4.231,-0.471,4.217
116.47,1.434,-1.162,1.575,4.289,-0.470,4.218
116.48,1.765,-1.166,1.575,4.125,-0.470,4.217
116.49,1.668,-1.165,1.577,4.065,-0.470,4.215
116.50,1.856,-1.164,1.583,4.172,-0.470,4.215
116.51,1.505,-1.162,1.583,4.067,-0.471,4.212
116.52,1.956,-1.164,1.587,4.161,-0.472,4.211
116.53,1.780,-1.163,1.591,4.168,-0.473,4.209
116.54,1.646,-1.162,1.593,4.084,-0.472,4.208
116.55,1.365,-1.161,1.591,4.556,-0.471,4.214
116.56,1.655,-1.160,1.594,4.411,-0.471,4.217
116.57,1.540,-1.159,1.594,4.034,-0.472,4.213
116.58,1.798,-1.160,1.596,4.345,-0.473,4.214
116.59,1.679,-1.162,1.596,4.081,-0.474,4.212
116.60,1.463,-1.161,1.595,4.431,-0.473,4.216
116.61,1.541,-1.161,1.595,4.145,-0.473,4.215
116.62,1.195,-1.160,1.590,4.407,-0.474,4.217
116.63,1.449,-1.161,1.588,4.201,-0.474,4.217
116.64,1.674,-1.161,1.590,4.190,-0.475,4.216
116.65,1.574,-1.162,1.589,4.200,-0.476,4.215
116.66,1.759,-1.163,1.590,4.301,-0.474,4.218
116.68,1.405,-1.163,1.589,4.060,-0.473,4.217
116.68,1.720,-1.162,1.591,4.557,-0.474,4.221
116.69,1.618,-1.165,1.589,4.018,-0.474,4.218
116.71,1.475,-1.164,1.589,4.351,-0.473,4.221
116.71,1.656,-1.163,1.591,4.025,-0.473,4.218
116.72,1.666,-1.163,1.593,4.487,-0.473,4.222
116.73,1.469,-1.164,1.591,4.355,-0.474,4.223
116.74,1.586,-1.164,1.590,4.375,-0.474,4.226
116.76,1.354,-1.165,1.587,4.300,-0.474,4.226
116.76,1.633,-1.163,1.590,4.210,-0.473,4.227
116.77,1.592,-1.161,1.592,4.222,-0.475,4.226
116.78,1.395,-1.161,1.590,4.065,-0.474,4.225
116.79,1.617,-1.160,1.591,4.449,-0.475,4.227
116.80,1.600,-1.159,1.593,4.009,-0.474,4.225
116.81,1.602,-1.159,1.593,4.324,-0.474,4.227
116.82,1.784,-1.160,1.595,4.239,-0.475,4.226
116.83,1.427,-1.161,1.592,4.015,-0.475,4.224
116.85,1.650,-1.161,1.593,4.217,-0.475,4.224
116.85,1.487,-1.161,1.592,3.951,-0.476,4.219
116.86,1.358,-1.160,1.590,3.948,-0.477,4.214
116.88,1.512,-1.161,1.589,4.181,-0.476,4.216
116.89,1.568,-1.162,1.588,4.256,-0.477,4.215
116.89,1.789,-1.161,1.592,4.324,-0.476,4.218
116.90,1.458,-1.164,1.587,4.098,-0.476,4.216
116.92,1.739,-1.163,1.590,4.118,-0.477,4.215
116.93,1.734,-1.163,1.592,4.326,-0.476,4.216
116.93,1.502,-1.163,1.592,4.361,-0.477,4.218
116.95,1.673,-1.163,1.593,4.041,-0.477,4.216
116.96,1.481,-1.163,1.592,4.175,-0.477,4.215
116.97,1.759,-1.164,1.594,4.056,-0.477,4.213
116.98,1.566,-1.163,1.594,4.606,-0.478,4.218
116.99,1.469,-1.163,1.593,4.369,-0.478,4.219
117.00,1.621,-1.162,1.595,4.375,-0.479,4.221
117.01,1.497,-1.161,1.595,3.992,-0.480,4.218
117.02,1.746,-1.159,1.599,4.231,-0.479,4.219
117.03,1.588,-1.161,1.597,4.197,-0.479,4.219
117.04,1.855,-1.161,1.601,4.168,-0.479,4.218
117.05,1.420,-1.159,1.600,3.932,-0.478,4.215
117.06,1.367,-1.160,1.597,3.812,-0.478,4.210
117.07,1.518,-1.161,1.595,4.200,-0.478,4.210
117.08,1.668,-1.162,1.596,4.129,-0.477,4.210
117.09,1.913,-1.161,1.601,4.508,-0.479,4.212
117.10,1.534,-1.162,1.600,3.945,-0.477,4.211
117.11,1.566,-1.161,1.600,4.344,-0.476,4.213
117.12,1.554,-1.160,1.601,4.079,-0.475,4.212
117.13,1.390,-1.160,1.598,4.172,-0.475,4.213
117.14,1.508,-1.158,1.599,4.015,-0.475,4.210
117.15,1.249,-1.161,1.592,4.327,-0.475,4.212
117.16,1.576,-1.161,1.592,4.137,-0.476,4.210
117.17,1.341,-1.162,1.589,4.156,-0.476,4.209
117.18,1.688,-1.163,1.589,4.360,-0.474,4.213
117.19,1.817,-1.164,1.591,3.866,-0.473,4.210
117.20,1.898,-1.164,1.595,4.137,-0.474,4.208
117.21,1.657,-1.161,1.599,3.834,-0.472,4.204
117.22,1.579,-1.161,1.599,4.408,-0.473,4.207
117.23,2.049,-1.162,1.604,4.133,-0.472,4.206
117.24,1.503,-1.162,1.603,3.942,-0.474,4.202
117.25,1.641,-1.162,1.604,3.977,-0.475,4.197
117.26,1.625,-1.161,1.606,4.345,-0.474,4.200
117.27,1.578,-1.163,1.604,4.285,-0.475,4.200
117.28,1.384,-1.165,1.599,4.298,-0.475,4.202
117.29,1.633,-1.165,1.600,4.154,-0.474,4.202
117.30,1.582,-1.164,1.601,4.390,-0.474,4.204
117.31,1.689,-1.165,1.601,4.239,-0.476,4.203
117.32,1.601,-1.167,1.601,3.986,-0.475,4.201
117.33,1.685,-1.167,1.602,4.252,-0.475,4.201
117.34,1.794,-1.169,1.602,4.396,-0.474,4.205
117.35,1.649,-1.170,1.602,3.983,-0.473,4.203
117.36,1.471,-1.172,1.599,4.218,-0.474,4.203
117.37,1.526,-1.172,1.599,4.289,-0.475,4.203
117.38,1.637,-1.169,1.602,4.307,-0.474,4.206
117.39,1.598,-1.171,1.600,4.105,-0.473,4.206
117.40,1.667,-1.172,1.601,4.246,-0.472,4.206
117.41,1.570,-1.171,1.602,4.071,-0.473,4.204
117.42,1.536,-1.171,1.601,4.324,-0.473,4.206
117.43,1.888,-1.172,1.604,4.106,-0.473,4.205
117.44,1.791,-1.172,1.607,4.377,-0.470,4.209
117.45,1.552,-1.171,1.608,4.144,-0.470,4.208
117.46,1.565,-1.172,1.607,4.435,-0.471,4.211
117.47,1.510,-1.171,1.606,3.937,-0.470,4.208
117.48,1.506,-1.171,1.606,4.396,-0.471,4.209
117.49,1.396,-1.170,1.604,4.201,-0.471,4.209
117.50,1.574,-1.169,1.605,4.384,-0.472,4.211
117.51,1.802,-1.169,1.608,4.162,-0.473,4.209
117.52,1.612,-1.168,1.609,3.942,-0.473,4.206
117.53,1.603,-1.169,1.608,4.052,-0.473,4.204
117.54,1.522,-1.171,1.606,3.758,-0.473,4.198
117.55,1.514,-1.172,1.604,4.370,-0.473,4.201
117.56,1.617,-1.173,1.603,4.015,-0.472,4.199
117.57,1.557,-1.172,1.604,4.022,-0.472,4.197
117.58,1.561,-1.172,1.604,4.316,-0.472,4.198
117.59,1.371,-1.171,1.602,4.031,-0.471,4.197
117.60,1.616,-1.172,1.602,4.086,-0.472,4.194
117.61,1.455,-1.172,1.600,4.392,-0.474,4.195
117.62,1.681,-1.171,1.602,4.427,-0.474,4.198
117.63,1.805,-1.171,1.605,4.125,-0.473,4.198
117.64,1.570,-1.171,1.605,4.263,-0.473,4.199
117.65,1.703,-1.173,1.604,4.235,-0.473,4.199
117.66,1.564,-1.173,1.605,4.105,-0.473,4.198
117.67,1.644,-1.172,1.606,4.203,-0.472,4.199
117.68,1.663,-1.171,1.608,4.199,-0.470,4.201
117.69,1.722,-1.171,1.610,4.172,-0.471,4.200
117.70,1.426,-1.170,1.608,4.359,-0.472,4.201
117.71,1.253,-1.172,1.603,4.256,-0.472,4.201
117.72,1.650,-1.171,1.604,4.448,-0.472,4.204
117.73,1.637,-1.170,1.606,4.055,-0.472,4.203
117.74,1.607,-1.169,1.607,4.235,-0.472,4.204
117.75,1.621,-1.170,1.606,4.268,-0.471,4.205
117.76,1.786,-1.170,1.609,4.307,-0.472,4.206
117.77,1.577,-1.173,1.607,4.241,-0.473,4.205
117.78,1.560,-1.174,1.605,4.055,-0.473,4.203
117.79,1.856,-1.172,1.611,4.513,-0.474,4.206
117.80,1.655,-1.172,1.612,4.107,-0.474,4.205
117.81,1.431,-1.172,1.609,4.153,-0.472,4.206
117.82,1.570,-1.171,1.611,4.289,-0.471,4.209
117.83,1.816,-1.172,1.612,4.294,-0.470,4.211
117.84,1.740,-1.174,1.613,4.325,-0.469,4.213
117.85,1.230,-1.174,1.608,4.380,-0.470,4.214
117.86,1.476,-1.173,1.607,4.239,-0.469,4.215
117.87,1.797,-1.173,1.609,4.151,-0.468,4.216
117.88,1.456,-1.174,1.607,4.146,-0.468,4.215
117.89,1.620,-1.175,1.607,4.120,-0.468,4.213
117.90,1.540,-1.173,1.608,4.142,-0.467,4.213
117.91,1.426,-1.173,1.606,4.320,-0.467,4.215
117.92,1.402,-1.171,1.605,4.268,-0.467,4.216
117.93,1.395,-1.172,1.602,3.981,-0.468,4.212
117.94,1.558,-1.172,1.601,4.292,-0.468,4.213
117.95,1.427,-1.173,1.599,4.125,-0.468,4.212
117.96,1.409,-1.173,1.596,4.201,-0.467,4.213
117.97,1.894,-1.171,1.603,4.303,-0.468,4.214
117.98,1.273,-1.170,1.599,4.279,-0.467,4.215
117.99,1.429,-1.170,1.597,4.246,-0.466,4.217
118.00,1.736,-1.168,1.601,4.029,-0.465,4.215
118.01,1.733,-1.169,1.602,4.308,-0.465,4.216
118.02,1.680,-1.169,1.603,4.059,-0.467,4.212
118.03,1.526,-1.170,1.602,4.051,-0.466,4.211
118.04,1.482,-1.172,1.599,4.305,-0.465,4.213
118.05,1.449,-1.171,1.598,4.176,-0.466,4.212
118.06,1.759,-1.171,1.599,4.225,-0.466,4.212
118.07,1.446,-1.172,1.597,4.311,-0.466,4.213
118.08,1.611,-1.172,1.597,4.399,-0.467,4.215
118.09,1.427,-1.171,1.597,4.013,-0.466,4.213
118.10,1.749,-1.170,1.599,3.816,-0.466,4.208
118.11,1.649,-1.172,1.599,4.250,-0.466,4.209
118.12,1.469,-1.172,1.597,4.161,-0.466,4.208
118.13,1.605,-1.172,1.598,4.289,-0.466,4.209
118.14,1.624,-1.172,1.598,4.151,-0.466,4.208
118.15,1.357,-1.169,1.597,4.239,-0.465,4.210
118.16,1.455,-1.169,1.596,3.696,-0.464,4.204
118.17,1.518,-1.169,1.595,4.570,-0.463,4.210
118.18,1.706,-1.170,1.596,4.100,-0.463,4.209
118.19,1.651,-1.168,1.599,4.376,-0.464,4.210
118.20,1.539,-1.168,1.598,3.971,-0.463,4.207
118.22,1.426,-1.167,1.596,4.277,-0.464,4.208
118.22,1.549,-1.169,1.594,4.221,-0.464,4.207
118.24,1.605,-1.172,1.592,4.274,-0.465,4.208
118.25,1.739,-1.170,1.596,4.070,-0.465,4.205
118.26,1.552,-1.170,1.596,3.846,-0.467,4.199
118.27,1.441,-1.169,1.594,4.161,-0.469,4.196
118.27,1.559,-1.170,1.593,4.321,-0.468,4.199
118.29,1.733,-1.168,1.597,4.456,-0.468,4.202
118.30,1.674,-1.169,1.597,4.344,-0.468,4.204
118.30,1.849,-1.168,1.601,4.014,-0.467,4.202
118.32,1.734,-1.168,1.603,4.326,-0.468,4.203
118.33,1.830,-1.169,1.606,4.263,-0.469,4.203
118.34,1.667,-1.170,1.606,4.076,-0.468,4.202
118.34,1.550,-1.169,1.606,4.108,-0.467,4.202
118.36,1.433,-1.168,1.605,4.164,-0.468,4.200
118.36,1.532,-1.168,1.604,4.415,-0.469,4.203
118.38,1.376,-1.169,1.601,4.251,-0.468,4.204
118.39,1.418,-1.168,1.600,4.327,-0.468,4.205
118.40,1.746,-1.170,1.599,4.221,-0.468,4.205
118.41,1.655,-1.172,1.598,4.433,-0.468,4.209
118.42,1.769,-1.172,1.600,4.010,-0.469,4.205
118.43,1.465,-1.175,1.597,4.133,-0.469,4.204
118.44,1.503,-1.173,1.597,4.194,-0.470,4.203
118.45,1.380,-1.175,1.592,4.054,-0.471,4.200
118.46,1.555,-1.173,1.594,4.535,-0.471,4.205
118.47,1.573,-1.171,1.596,4.439,-0.470,4.209
118.47,1.576,-1.170,1.597,4.338,-0.470,4.211
118.49,1.913,-1.171,1.600,4.099,-0.469,4.210
118.50,1.786,-1.172,1.602,4.193,-0.469,4.209
118.51,1.542,-1.173,1.601,4.257,-0.469,4.210
118.52,1.846,-1.171,1.606,4.231,-0.468,4.211
118.53,1.511,-1.171,1.605,3.854,-0.468,4.206
118.54,1.801,-1.171,1.608,4.126,-0.469,4.205
118.55,1.684,-1.169,1.610,4.009,-0.468,4.203
118.56,1.370,-1.169,1.607,4.295,-0.468,4.204
118.57,1.748,-1.170,1.609,4.201,-0.468,4.204
118.58,1.786,-1.169,1.612,4.175,-0.469,4.203
118.59,1.475,-1.170,1.609,4.426,-0.469,4.206
118.60,1.853,-1.171,1.612,4.023,-0.470,4.203
118.61,1.367,-1.172,1.608,4.179,-0.470,4.202
118.62,1.096,-1.172,1.601,4.321,-0.471,4.203
118.63,1.498,-1.170,1.602,4.112,-0.471,4.202
118.64,1.375,-1.169,1.601,4.147,-0.471,4.201
118.65,1.661,-1.168,1.602,3.878,-0.470,4.197
118.66,1.645,-1.168,1.603,4.155,-0.471,4.196
118.67,1.536,-1.167,1.603,4.267,-0.472,4.196
118.68,1.501,-1.167,1.602,3.893,-0.472,4.192
118.69,1.510,-1.167,1.601,4.131,-0.472,4.191
118.70,1.654,-1.166,1.602,4.179,-0.472,4.190
118.71,1.446,-1.165,1.602,4.093,-0.472,4.190
118.72,1.590,-1.166,1.600,4.346,-0.470,4.193
118.73,1.607,-1.167,1.600,4.438,-0.471,4.196
118.74,1.489,-1.166,1.600,4.246,-0.469,4.198
118.75,1.455,-1.165,1.599,4.263,-0.470,4.198
118.76,1.670,-1.164,1.601,4.215,-0.471,4.197
118.77,1.514,-1.164,1.599,4.090,-0.473,4.194
118.78,1.782,-1.166,1.601,4.232,-0.472,4.195
118.79,1.503,-1.164,1.601,4.319,-0.473,4.196
118.80,1.403,-1.166,1.596,4.153,-0.473,4.196
118.81,1.699,-1.167,1.597,4.008,-0.472,4.193
118.82,1.532,-1.168,1.595,4.074,-0.472,4.192
118.83,1.643,-1.169,1.595,4.450,-0.472,4.196
118.84,1.559,-1.170,1.594,4.151,-0.472,4.195
118.85,1.261,-1.170,1.589,3.802,-0.474,4.188
118.86,1.507,-1.169,1.589,4.137,-0.473,4.188
118.87,1.502,-1.170,1.587,4.060,-0.474,4.185
118.88,1.441,-1.169,1.586,4.087,-0.472,4.185
118.89,1.588,-1.170,1.586,4.064,-0.472,4.184
118.90,1.696,-1.171,1.586,4.218,-0.474,4.183
118.91,1.745,-1.172,1.587,4.351,-0.474,4.185
118.92,1.476,-1.171,1.587,4.292,-0.473,4.187
118.93,1.567,-1.172,1.585,3.846,-0.472,4.184
118.94,1.569,-1.171,1.586,4.372,-0.472,4.186
118.95,1.464,-1.173,1.583,4.493,-0.472,4.190
118.96,1.768,-1.172,1.586,4.297,-0.472,4.191
118.97,1.489,-1.172,1.585,4.088,-0.473,4.189
118.98,1.665,-1.170,1.588,4.266,-0.472,4.191
118.99,1.739,-1.169,1.591,4.555,-0.471,4.196
119.00,1.514,-1.170,1.589,4.283,-0.471,4.198
119.01,1.528,-1.170,1.589,4.318,-0.472,4.198
119.02,1.546,-1.171,1.587,4.495,-0.473,4.201
119.03,1.534,-1.168,1.589,4.220,-0.474,4.200
119.04,1.542,-1.169,1.588,4.310,-0.473,4.203
119.05,1.635,-1.169,1.588,4.000,-0.471,4.202
119.06,1.900,-1.169,1.592,4.126,-0.472,4.200
119.07,1.569,-1.169,1.592,3.900,-0.471,4.197
119.08,1.278,-1.170,1.587,4.389,-0.471,4.199
119.09,1.936,-1.172,1.590,4.287,-0.471,4.201
119.10,1.329,-1.174,1.585,4.079,-0.472,4.198
119.11,1.519,-1.173,1.585,4.247,-0.472,4.199
119.12,1.645,-1.173,1.586,4.057,-0.471,4.198
119.13,1.852,-1.171,1.591,3.968,-0.472,4.194
119.14,1.650,-1.173,1.590,4.203,-0.472,4.194
119.15,1.416,-1.173,1.587,4.331,-0.472,4.196
119.16,1.603,-1.175,1.586,3.923,-0.472,4.192
119.17,1.584,-1.177,1.585,4.261,-0.473,4.192
119.18,1.570,-1.178,1.583,4.095,-0.472,4.191
119.19,1.933,-1.179,1.587,4.470,-0.472,4.195
119.20,1.451,-1.180,1.584,4.164,-0.472,4.195
119.21,1.575,-1.179,1.585,4.144,-0.472,4.194
119.22,1.542,-1.179,1.585,4.156,-0.472,4.194
119.23,1.580,-1.180,1.584,4.241,-0.472,4.195
119.24,1.799,-1.183,1.584,4.423,-0.473,4.196
119.25,1.553,-1.183,1.584,4.245,-0.475,4.195
119.26,1.750,-1.180,1.588,3.809,-0.475,4.190
119.27,1.544,-1.183,1.585,4.068,-0.475,4.188
119.28,1.496,-1.184,1.583,4.124,-0.474,4.188
119.29,1.626,-1.185,1.582,4.001,-0.475,4.185
119.30,1.397,-1.187,1.578,4.156,-0.476,4.183
119.31,1.604,-1.186,1.580,4.034,-0.477,4.181
119.32,1.701,-1.185,1.582,4.047,-0.476,4.180
119.33,1.751,-1.186,1.583,4.222,-0.476,4.180
119.34,1.718,-1.186,1.585,4.273,-0.477,4.180
119.35,1.475,-1.189,1.582,4.192,-0.476,4.181
119.36,1.329,-1.188,1.579,4.493,-0.476,4.185
119.37,1.685,-1.189,1.580,4.194,-0.477,4.184
119.38,1.421,-1.189,1.578,4.107,-0.476,4.184
119.39,1.560,-1.192,1.575,4.384,-0.478,4.185
119.40,1.414,-1.193,1.571,4.165,-0.478,4.184
119.41,1.755,-1.193,1.574,4.292,-0.479,4.184
119.42,1.844,-1.195,1.575,4.202,-0.479,4.185
119.43,1.599,-1.195,1.576,4.308,-0.479,4.187
119.44,1.492,-1.196,1.574,4.374,-0.479,4.189
119.45,1.581,-1.197,1.573,4.209,-0.479,4.189
119.46,1.563,-1.199,1.571,4.247,-0.478,4.191
119.47,1.829,-1.198,1.576,4.058,-0.479,4.189
119.48,1.458,-1.199,1.573,4.271,-0.478,4.190
119.49,1.565,-1.198,1.574,4.588,-0.479,4.194
119.50,1.700,-1.198,1.576,4.071,-0.479,4.192
119.51,1.457,-1.200,1.572,4.665,-0.480,4.198
119.52,1.467,-1.201,1.571,3.919,-0.481,4.194
119.53,1.735,-1.202,1.572,4.437,-0.481,4.197
119.54,1.939,-1.203,1.575,4.402,-0.480,4.200
119.55,1.550,-1.202,1.576,4.164,-0.479,4.201
119.56,1.536,-1.201,1.577,4.293,-0.479,4.202
119.57,1.651,-1.203,1.576,4.155,-0.479,4.201
119.58,1.412,-1.202,1.575,4.149,-0.479,4.201
119.59,1.720,-1.204,1.575,4.252,-0.479,4.202
119.60,1.754,-1.204,1.578,4.146,-0.480,4.200
119.61,1.546,-1.204,1.577,4.134,-0.481,4.198
119.62,1.547,-1.207,1.574,4.151,-0.481,4.198
119.63,1.698,-1.208,1.575,4.199,-0.481,4.198
119.64,1.811,-1.209,1.577,4.113,-0.481,4.197
119.65,1.528,-1.209,1.577,4.187,-0.480,4.197
119.67,1.468,-1.210,1.575,4.159,-0.481,4.196
119.67,1.514,-1.211,1.573,4.113,-0.482,4.194
119.68,1.920,-1.212,1.577,4.365,-0.482,4.196
119.69,1.550,-1.211,1.578,4.083,-0.482,4.195
119.70,1.775,-1.209,1.582,4.133,-0.484,4.192
119.72,1.493,-1.209,1.581,3.990,-0.484,4.189
119.73,1.462,-1.209,1.580,4.330,-0.486,4.190
119.74,1.394,-1.211,1.576,4.244,-0.486,4.190
119.75,1.536,-1.210,1.577,4.485,-0.486,4.195
119.76,1.646,-1.209,1.579,4.242,-0.486,4.194
119.77,1.576,-1.209,1.579,4.171,-0.488,4.192
119.78,1.813,-1.209,1.582,4.187,-0.490,4.191
119.79,1.309,-1.207,1.581,4.017,-0.489,4.190
119.80,1.621,-1.207,1.581,4.341,-0.489,4.192
119.80,1.661,-1.206,1.583,4.088,-0.490,4.189
119.82,1.477,-1.208,1.580,3.998,-0.491,4.185
119.83,1.759,-1.207,1.584,4.132,-0.492,4.184
119.84,1.480,-1.205,1.584,4.082,-0.493,4.181
119.85,1.617,-1.207,1.583,4.205,-0.494,4.181
119.86,1.670,-1.208,1.584,4.352,-0.493,4.184
119.87,1.630,-1.210,1.582,4.105,-0.494,4.182
119.88,1.672,-1.209,1.584,4.147,-0.493,4.183
119.88,1.546,-1.211,1.583,4.568,-0.492,4.189
119.90,1.525,-1.213,1.580,4.179,-0.493,4.188
119.91,1.579,-1.213,1.580,4.177,-0.493,4.188
119.92,1.720,-1.213,1.582,4.399,-0.493,4.191
119.93,1.653,-1.214,1.582,4.394,-0.492,4.194
119.94,1.400,-1.214,1.580,4.322,-0.494,4.195
119.95,1.499,-1.216,1.577,4.198,-0.493,4.195
119.96,1.629,-1.215,1.579,4.093,-0.494,4.193
119.97,1.423,-1.214,1.578,4.223,-0.495,4.192
119.98,1.844,-1.214,1.582,4.157,-0.497,4.190
119.99,1.512,-1.212,1.583,3.917,-0.497,4.187
120.00,1.708,-1.213,1.584,3.922,-0.496,4.185
120.01,1.213,-1.214,1.579,3.936,-0.495,4.182
120.02,1.718,-1.214,1.580,4.165,-0.496,4.181
120.03,1.532,-1.215,1.579,4.329,-0.496,4.183
120.04,1.597,-1.216,1.578,3.799,-0.496,4.178
120.05,1.575,-1.217,1.577,4.166,-0.495,4.179
120.06,1.833,-1.216,1.582,4.142,-0.497,4.176
120.07,1.324,-1.216,1.579,4.401,-0.497,4.179
120.08,1.701,-1.219,1.578,4.072,-0.496,4.178
120.09,1.640,-1.219,1.579,4.278,-0.496,4.180
120.10,1.460,-1.218,1.578,3.960,-0.496,4.177
120.11,1.700,-1.218,1.580,4.229,-0.495,4.179
120.12,1.725,-1.220,1.581,4.348,-0.494,4.182
120.13,1.755,-1.220,1.582,4.059,-0.496,4.179
120.14,1.462,-1.218,1.583,3.931,-0.496,4.175
120.15,1.357,-1.220,1.579,4.070,-0.497,4.173
120.16,1.772,-1.221,1.581,4.511,-0.496,4.178
120.17,1.471,-1.221,1.579,4.451,-0.496,4.182
120.18,1.363,-1.221,1.576,4.305,-0.496,4.183
120.19,1.434,-1.221,1.574,4.143,-0.495,4.184
120.20,1.486,-1.221,1.573,4.208,-0.495,4.184
120.21,1.370,-1.223,1.570,4.073,-0.495,4.183
120.22,1.261,-1.222,1.566,4.091,-0.495,4.182
120.23,1.764,-1.224,1.567,4.288,-0.495,4.183
120.24,1.618,-1.224,1.568,3.966,-0.494,4.181
120.25,1.300,-1.225,1.563,4.286,-0.494,4.183
120.26,1.534,-1.224,1.564,3.874,-0.494,4.179
120.27,1.341,-1.223,1.562,4.014,-0.493,4.178
120.28,1.806,-1.224,1.565,4.161,-0.493,4.177
120.29,1.641,-1.223,1.567,4.390,-0.493,4.180
120.30,1.404,-1.224,1.564,4.200,-0.492,4.181
120.31,1.752,-1.224,1.566,4.293,-0.494,4.181
120.32,1.674,-1.224,1.568,4.236,-0.493,4.182
120.33,1.378,-1.225,1.564,4.152,-0.493,4.182
120.34,1.626,-1.226,1.565,4.145,-0.494,4.181
120.35,1.561,-1.225,1.565,4.191,-0.494,4.181
120.36,1.374,-1.226,1.563,4.018,-0.493,4.179
120.37,1.644,-1.227,1.562,3.944,-0.491,4.178
120.38,1.626,-1.228,1.562,3.999,-0.493,4.174
120.39,1.263,-1.230,1.556,4.001,-0.493,4.172
120.40,1.828,-1.229,1.561,4.223,-0.493,4.172
120.41,1.612,-1.229,1.562,4.363,-0.492,4.176
120.42,1.633,-1.230,1.563,4.299,-0.491,4.178
120.43,1.346,-1.229,1.561,4.141,-0.492,4.177
120.44,1.511,-1.228,1.561,4.132,-0.492,4.176
120.45,1.570,-1.230,1.559,4.314,-0.492,4.178
120.46,1.397,-1.230,1.557,4.230,-0.492,4.179
120.47,1.626,-1.232,1.556,4.229,-0.491,4.180
120.48,1.760,-1.233,1.558,4.240,-0.491,4.182
120.49,1.539,-1.232,1.558,4.367,-0.491,4.184
120.50,1.559,-1.231,1.560,4.164,-0.491,4.183
120.51,1.647,-1.233,1.560,4.281,-0.492,4.184
120.52,1.560,-1.235,1.558,4.213,-0.492,4.184
120.53,1.499,-1.235,1.557,4.459,-0.491,4.188
120.54,1.360,-1.234,1.555,4.019,-0.492,4.186
120.55,1.624,-1.236,1.555,4.575,-0.492,4.190
120.56,1.662,-1.238,1.554,4.341,-0.491,4.193
120.57,1.520,-1.238,1.553,4.379,-0.491,4.197
120.58,1.639,-1.238,1.555,4.106,-0.490,4.196
120.59,1.455,-1.239,1.552,4.324,-0.490,4.198
120.60,1.508,-1.241,1.550,3.967,-0.489,4.195
120.61,1.977,-1.240,1.557,4.177,-0.489,4.196
120.62,1.394,-1.240,1.555,4.119,-0.490,4.194
120.63,1.634,-1.241,1.555,4.023,-0.490,4.192
120.64,1.481,-1.242,1.554,3.984,-0.489,4.190
120.65,1.496,-1.242,1.553,4.015,-0.489,4.188
120.66,1.485,-1.242,1.552,3.861,-0.488,4.184
120.67,1.782,-1.241,1.556,4.079,-0.489,4.182
120.68,1.743,-1.240,1.559,4.308,-0.489,4.184
120.69,1.604,-1.240,1.561,4.154,-0.489,4.184
120.70,1.643,-1.238,1.564,4.345,-0.488,4.186
120.71,1.601,-1.236,1.566,4.288,-0.489,4.187
120.72,1.456,-1.238,1.563,4.177,-0.488,4.188
120.73,1.428,-1.238,1.562,4.236,-0.489,4.187
120.74,1.632,-1.239,1.561,4.160,-0.489,4.187
120.75,1.603,-1.239,1.562,4.201,-0.489,4.187
120.76,1.627,-1.240,1.563,4.140,-0.488,4.188
120.77,1.599,-1.240,1.563,3.872,-0.488,4.183
120.78,1.376,-1.240,1.561,4.106,-0.488,4.182
120.79,1.435,-1.241,1.558,4.304,-0.489,4.183
120.80,1.589,-1.240,1.559,4.120,-0.490,4.181
120.81,1.323,-1.240,1.556,4.047,-0.491,4.178
120.82,1.823,-1.241,1.560,4.430,-0.491,4.181
120.83,1.679,-1.240,1.562,4.190,-0.491,4.181
120.84,1.733,-1.242,1.563,4.131,-0.492,4.180
120.85,1.751,-1.242,1.565,4.007,-0.491,4.178
120.86,1.451,-1.242,1.564,4.057,-0.491,4.177
120.87,1.511,-1.241,1.565,4.156,-0.491,4.177
120.88,1.635,-1.240,1.567,4.141,-0.491,4.177
120.89,1.670,-1.239,1.569,4.179,-0.491,4.176
120.90,1.455,-1.241,1.566,4.150,-0.491,4.176
120.91,1.569,-1.239,1.567,4.009,-0.490,4.175
120.92,1.458,-1.239,1.567,3.854,-0.490,4.170
120.93,1.597,-1.237,1.569,4.363,-0.489,4.174
120.94,1.662,-1.235,1.573,3.857,-0.490,4.169
120.95,1.556,-1.237,1.571,4.155,-0.490,4.168
120.96,1.685,-1.238,1.571,4.070,-0.488,4.169
120.97,1.553,-1.239,1.570,4.594,-0.488,4.174
120.98,1.426,-1.239,1.569,4.030,-0.488,4.172
120.99,1.688,-1.240,1.569,4.429,-0.489,4.175
121.00,1.689,-1.239,1.572,4.263,-0.489,4.176
121.01,1.840,-1.239,1.576,4.170,-0.489,4.176
121.02,1.652,-1.239,1.577,4.074,-0.488,4.175
121.03,1.609,-1.240,1.577,4.131,-0.488,4.175
121.04,1.516,-1.240,1.576,3.927,-0.487,4.172
121.05,1.576,-1.240,1.576,4.145,-0.487,4.172
121.06,1.469,-1.239,1.576,4.141,-0.487,4.171
121.07,1.832,-1.239,1.579,4.274,-0.488,4.172
121.08,1.495,-1.237,1.581,4.035,-0.489,4.169
121.09,1.627,-1.238,1.581,4.199,-0.489,4.169
121.10,1.526,-1.238,1.580,4.130,-0.488,4.170
121.11,1.637,-1.241,1.578,4.004,-0.487,4.168
121.12,1.494,-1.242,1.576,4.200,-0.486,4.169
121.13,1.614,-1.242,1.577,4.140,-0.488,4.168
121.14,1.617,-1.242,1.578,4.350,-0.487,4.170
121.15,1.480,-1.242,1.576,3.933,-0.486,4.168
121.16,1.382,-1.244,1.572,4.223,-0.486,4.168
121.17,1.620,-1.242,1.575,4.097,-0.487,4.167
121.18,1.446,-1.242,1.573,4.068,-0.488,4.164
121.20,1.356,-1.243,1.570,4.393,-0.489,4.167
121.21,1.708,-1.244,1.571,4.040,-0.489,4.164
121.21,1.988,-1.243,1.578,4.145,-0.489,4.165
121.22,1.397,-1.243,1.576,4.258,-0.489,4.166
121.23,1.613,-1.242,1.577,4.295,-0.489,4.167
121.25,1.492,-1.242,1.576,4.111,-0.488,4.167
121.26,1.625,-1.244,1.576,4.277,-0.489,4.167
121.27,1.628,-1.245,1.575,4.076,-0.489,4.166
121.28,1.481,-1.247,1.572,4.169,-0.489,4.166
121.29,1.787,-1.246,1.576,4.270,-0.490,4.166
121.30,1.584,-1.246,1.576,4.177,-0.492,4.165
121.31,1.520,-1.248,1.574,4.215,-0.491,4.166
121.32,1.335,-1.249,1.570,4.354,-0.491,4.169
121.33,1.689,-1.248,1.572,4.236,-0.491,4.169
121.34,1.459,-1.246,1.574,4.231,-0.491,4.170
121.35,1.487,-1.247,1.572,4.226,-0.492,4.170
121.36,1.601,-1.250,1.569,4.239,-0.492,4.170
121.37,1.472,-1.248,1.570,4.280,-0.494,4.170
121.38,1.592,-1.246,1.572,4.156,-0.493,4.170
121.39,1.682,-1.250,1.570,4.232,-0.493,4.171
121.40,1.452,-1.249,1.570,4.121,-0.494,4.170
121.41,1.539,-1.249,1.570,4.080,-0.494,4.169
121.42,1.513,-1.246,1.572,3.979,-0.494,4.166
121.43,1.352,-1.246,1.569,4.126,-0.494,4.166
121.44,1.796,-1.247,1.571,4.064,-0.495,4.164
121.45,1.289,-1.248,1.567,4.293,-0.494,4.165
121.46,1.837,-1.245,1.573,4.161,-0.494,4.166
121.47,1.657,-1.245,1.575,4.103,-0.494,4.164
121.48,1.616,-1.246,1.575,4.213,-0.495,4.164
121.49,1.452,-1.246,1.573,4.159,-0.496,4.163
121.50,1.397,-1.244,1.573,3.891,-0.495,4.160
121.51,1.895,-1.246,1.576,4.316,-0.496,4.162
121.52,1.605,-1.247,1.575,3.754,-0.496,4.156
121.53,1.502,-1.247,1.575,4.267,-0.497,4.156
121.54,1.692,-1.246,1.577,4.483,-0.498,4.160
121.55,1.615,-1.248,1.576,4.182,-0.500,4.158
121.56,1.572,-1.250,1.574,4.043,-0.499,4.157
121.57,1.625,-1.247,1.577,4.134,-0.500,4.156
121.58,1.516,-1.247,1.577,3.975,-0.500,4.154
121.59,1.572,-1.247,1.577,4.352,-0.500,4.156
121.60,1.669,-1.247,1.579,4.240,-0.501,4.156
121.61,1.648,-1.247,1.580,4.214,-0.503,4.155
121.62,1.654,-1.245,1.583,3.969,-0.504,4.152
121.63,1.646,-1.246,1.583,3.974,-0.502,4.151
121.64,1.357,-1.245,1.581,4.227,-0.501,4.153
121.65,1.663,-1.243,1.584,4.480,-0.502,4.156
121.66,1.377,-1.243,1.582,4.190,-0.502,4.156
121.67,1.433,-1.244,1.580,4.166,-0.501,4.158
121.68,1.560,-1.243,1.580,4.212,-0.500,4.160
121.69,1.516,-1.243,1.580,4.163,-0.500,4.159
121.70,1.395,-1.242,1.578,3.837,-0.499,4.156
121.71,1.789,-1.242,1.581,4.433,-0.500,4.158
121.72,1.484,-1.243,1.579,4.162,-0.498,4.160
121.73,1.625,-1.242,1.581,4.095,-0.498,4.159
121.74,1.885,-1.241,1.586,4.243,-0.499,4.159
121.75,1.890,-1.240,1.591,4.126,-0.499,4.159
121.76,1.490,-1.241,1.589,4.243,-0.498,4.161
121.77,1.706,-1.241,1.591,4.229,-0.498,4.162
121.78,1.781,-1.240,1.595,3.892,-0.498,4.158
121.79,1.535,-1.240,1.594,3.995,-0.497,4.157
121.80,1.739,-1.240,1.596,4.036,-0.497,4.156
121.81,1.465,-1.239,1.596,4.116,-0.497,4.155
121.82,1.869,-1.239,1.599,3.948,-0.496,4.153
121.83,1.492,-1.239,1.599,4.183,-0.495,4.154
121.84,1.555,-1.240,1.597,4.151,-0.495,4.154
121.85,1.518,-1.241,1.595,4.476,-0.495,4.158
121.86,1.834,-1.240,1.600,4.218,-0.494,4.160
121.87,1.594,-1.241,1.599,3.669,-0.493,4.155
121.88,1.712,-1.241,1.601,4.234,-0.494,4.154
121.89,1.490,-1.241,1.600,4.032,-0.494,4.153
121.90,1.908,-1.241,1.604,4.231,-0.494,4.154
121.91,1.743,-1.241,1.606,4.285,-0.494,4.155
121.92,1.738,-1.240,1.609,4.069,-0.494,4.154
121.93,1.478,-1.240,1.607,4.292,-0.494,4.156
121.94,1.511,-1.241,1.605,4.157,-0.493,4.157
121.95,1.460,-1.242,1.603,4.079,-0.492,4.156
121.96,1.464,-1.242,1.602,4.187,-0.493,4.156
121.97,1.314,-1.241,1.599,4.209,-0.494,4.155
121.98,1.464,-1.241,1.598,4.165,-0.493,4.156
121.99,1.649,-1.241,1.598,4.141,-0.493,4.156
122.00,1.758,-1.241,1.600,3.972,-0.495,4.152
122.01,1.759,-1.240,1.604,3.973,-0.495,4.149
122.02,1.497,-1.241,1.601,4.353,-0.494,4.153
122.03,1.462,-1.241,1.600,4.278,-0.493,4.155
122.04,1.603,-1.242,1.599,4.453,-0.492,4.160
122.05,1.410,-1.243,1.596,4.313,-0.491,4.163
122.06,1.676,-1.243,1.597,4.231,-0.491,4.164
122.07,1.751,-1.243,1.599,4.048,-0.490,4.163
122.08,1.505,-1.244,1.598,4.023,-0.490,4.161
122.09,1.657,-1.244,1.598,4.162,-0.490,4.161
122.10,1.488,-1.243,1.598,4.318,-0.490,4.163
122.11,1.416,-1.243,1.596,3.977,-0.490,4.161
122.12,1.597,-1.243,1.596,4.229,-0.490,4.161
122.13,1.661,-1.243,1.598,4.328,-0.491,4.163
122.14,1.664,-1.243,1.598,4.456,-0.492,4.166
122.15,1.519,-1.243,1.598,4.339,-0.491,4.168
122.16,1.345,-1.243,1.595,4.429,-0.493,4.170
122.17,1.699,-1.245,1.595,4.060,-0.493,4.169
122.18,1.571,-1.247,1.593,4.266,-0.494,4.169
122.19,1.374,-1.245,1.591,4.050,-0.496,4.165
122.20,1.432,-1.245,1.590,4.205,-0.497,4.165
122.21,1.892,-1.244,1.594,4.041,-0.497,4.164
122.22,1.598,-1.245,1.594,4.407,-0.497,4.166
122.23,1.452,-1.245,1.592,4.136,-0.496,4.167
122.24,1.516,-1.247,1.589,4.397,-0.496,4.170
122.25,1.518,-1.247,1.588,4.159,-0.497,4.169
122.26,1.594,-1.247,1.589,4.261,-0.496,4.172
122.27,1.590,-1.249,1.588,4.083,-0.497,4.169
122.28,1.709,-1.246,1.592,4.106,-0.496,4.169
122.29,1.500,-1.246,1.591,4.228,-0.495,4.171
122.30,1.780,-1.246,1.593,4.228,-0.494,4.172
122.31,1.508,-1.247,1.591,4.181,-0.494,4.173
122.32,1.604,-1.248,1.592,4.188,-0.494,4.173
122.33,1.487,-1.249,1.589,4.050,-0.493,4.173
122.34,1.384,-1.248,1.587,3.942,-0.493,4.170
122.35,1.415,-1.248,1.585,4.207,-0.491,4.172
122.36,1.663,-1.248,1.587,4.260,-0.490,4.174
122.37,1.630,-1.247,1.588,4.274,-0.490,4.175
122.38,1.583,-1.246,1.589,3.850,-0.490,4.171
122.39,1.372,-1.247,1.585,4.194,-0.489,4.173
122.40,1.679,-1.248,1.586,4.190,-0.488,4.174
122.41,1.715,-1.249,1.587,4.255,-0.486,4.177
122.42,1.559,-1.249,1.586,3.968,-0.486,4.173
122.43,1.461,-1.252,1.583,4.182,-0.485,4.175
122.44,1.737,-1.252,1.584,4.116,-0.485,4.174
122.45,1.693,-1.251,1.587,4.090,-0.485,4.173
122.46,1.577,-1.251,1.587,4.267,-0.485,4.174
122.47,1.728,-1.251,1.589,3.996,-0.485,4.172
122.48,1.759,-1.251,1.591,4.394,-0.485,4.175
122.49,1.448,-1.250,1.591,4.231,-0.484,4.176
122.50,1.647,-1.247,1.595,4.221,-0.485,4.176
122.51,1.492,-1.248,1.592,4.007,-0.485,4.174
122.52,1.569,-1.247,1.594,4.263,-0.485,4.175
122.53,1.500,-1.248,1.591,4.313,-0.486,4.175
122.54,1.770,-1.247,1.595,4.168,-0.485,4.177
122.55,1.428,-1.247,1.593,4.054,-0.484,4.176
122.56,1.457,-1.247,1.591,4.382,-0.484,4.179
122.57,1.436,-1.246,1.590,3.939,-0.485,4.175
122.58,1.380,-1.247,1.587,4.271,-0.483,4.177
122.59,1.507,-1.247,1.585,4.212,-0.483,4.178
122.60,1.474,-1.245,1.586,4.117,-0.481,4.179
122.61,1.507,-1.246,1.585,3.918,-0.482,4.175
122.62,1.348,-1.246,1.582,4.063,-0.484,4.171
122.63,1.768,-1.245,1.585,4.369,-0.483,4.174
122.65,1.467,-1.244,1.584,4.096,-0.484,4.173
122.66,1.508,-1.243,1.584,4.156,-0.485,4.172
122.67,1.390,-1.243,1.582,4.100,-0.484,4.171
122.67,1.657,-1.241,1.585,4.126,-0.485,4.170
122.68,1.622,-1.241,1.586,4.028,-0.485,4.168
122.69,1.402,-1.241,1.583,4.025,-0.485,4.166
122.71,1.620,-1.242,1.583,4.316,-0.484,4.169
122.71,1.570,-1.242,1.583,3.913,-0.482,4.167
122.73,1.582,-1.243,1.582,4.456,-0.482,4.171
122.74,1.622,-1.241,1.584,4.195,-0.481,4.173
122.75,1.580,-1.241,1.585,4.167,-0.480,4.173
122.75,1.489,-1.241,1.584,4.128,-0.481,4.172
122.76,1.305,-1.240,1.581,4.398,-0.482,4.174
122.77,1.663,-1.240,1.582,4.430,-0.481,4.177
122.79,1.546,-1.240,1.581,4.192,-0.481,4.178
122.80,1.732,-1.241,1.583,4.320,-0.481,4.180
122.81,1.489,-1.243,1.579,4.306,-0.479,4.183
122.82,1.326,-1.245,1.574,4.482,-0.478,4.189
122.83,1.552,-1.247,1.572,4.109,-0.478,4.188
122.84,1.387,-1.246,1.571,4.299,-0.478,4.188
122.85,1.804,-1.245,1.575,4.351,-0.478,4.191
122.86,1.773,-1.245,1.577,4.285,-0.478,4.192
122.87,1.581,-1.246,1.577,4.320,-0.478,4.194
122.88,1.589,-1.247,1.576,4.391,-0.478,4.196
122.89,1.496,-1.248,1.574,4.034,-0.478,4.194
122.90,1.288,-1.249,1.569,3.892,-0.479,4.190
122.91,1.760,-1.247,1.574,4.085,-0.479,4.189
122.92,1.627,-1.245,1.576,4.317,-0.477,4.192
122.93,1.688,-1.245,1.578,3.983,-0.477,4.189
122.94,1.503,-1.244,1.578,4.294,-0.477,4.191
122.95,1.676,-1.246,1.577,4.424,-0.476,4.195
122.96,1.449,-1.246,1.576,4.118,-0.475,4.195
122.97,1.815,-1.245,1.580,4.216,-0.474,4.196
122.98,1.612,-1.244,1.581,4.293,-0.472,4.199
122.99,1.656,-1.246,1.581,4.110,-0.472,4.198
123.00,1.653,-1.244,1.583,3.993,-0.473,4.195
123.01,1.757,-1.242,1.587,4.053,-0.473,4.193
123.02,1.546,-1.246,1.583,3.856,-0.473,4.189
123.03,1.813,-1.246,1.586,4.322,-0.472,4.191
123.04,1.525,-1.246,1.585,4.108,-0.472,4.190
123.05,1.717,-1.248,1.585,4.345,-0.472,4.192
123.06,1.616,-1.247,1.587,4.414,-0.474,4.193
123.07,1.498,-1.246,1.587,3.700,-0.476,4.184
123.08,1.623,-1.246,1.588,3.980,-0.477,4.181
123.09,1.430,-1.244,1.588,4.436,-0.476,4.185
123.10,1.644,-1.243,1.589,4.055,-0.477,4.183
123.11,1.540,-1.244,1.588,4.242,-0.477,4.183
123.12,1.607,-1.244,1.589,4.211,-0.478,4.183
123.13,1.472,-1.243,1.588,4.002,-0.479,4.179
123.14,1.481,-1.247,1.582,4.345,-0.477,4.183
123.15,1.561,-1.248,1.582,4.325,-0.476,4.186
123.16,1.447,-1.246,1.581,4.086,-0.476,4.185
123.17,1.561,-1.246,1.581,3.963,-0.475,4.183
123.18,1.753,-1.246,1.584,3.994,-0.476,4.179
123.19,1.698,-1.246,1.586,4.282,-0.477,4.180
123.20,1.759,-1.244,1.590,4.134,-0.477,4.179
123.21,1.462,-1.243,1.589,4.211,-0.476,4.180
123.22,1.577,-1.242,1.590,4.122,-0.477,4.179
123.23,1.487,-1.241,1.589,4.075,-0.479,4.176
123.24,1.607,-1.241,1.590,4.052,-0.478,4.174
123.25,1.564,-1.241,1.590,4.349,-0.477,4.178
123.26,1.649,-1.239,1.593,3.802,-0.475,4.175
123.27,1.540,-1.239,1.592,4.120,-0.475,4.174
123.28,1.738,-1.240,1.593,4.077,-0.475,4.172
123.29,1.607,-1.239,1.594,4.474,-0.476,4.175
123.30,1.829,-1.240,1.597,4.022,-0.476,4.173
123.31,1.598,-1.237,1.599,4.365,-0.477,4.174
123.32,1.563,-1.238,1.598,3.919,-0.476,4.173
123.33,1.886,-1.240,1.600,3.883,-0.476,4.169
123.34,1.775,-1.239,1.604,4.401,-0.476,4.172
123.35,1.354,-1.238,1.601,4.195,-0.476,4.172
123.36,1.573,-1.237,1.603,4.347,-0.477,4.173
123.37,1.621,-1.237,1.603,3.950,-0.477,4.170
123.38,1.842,-1.236,1.607,4.130,-0.476,4.171
123.39,1.599,-1.235,1.608,4.105,-0.477,4.168
123.40,1.465,-1.235,1.606,4.325,-0.476,4.171
123.41,1.538,-1.236,1.604,4.236,-0.477,4.172
123.42,1.584,-1.236,1.605,3.969,-0.477,4.169
123.43,1.661,-1.236,1.605,3.744,-0.476,4.164
123.44,1.509,-1.235,1.605,3.811,-0.475,4.160
123.45,1.402,-1.236,1.601,4.224,-0.475,4.161
123.46,1.760,-1.238,1.602,4.364,-0.477,4.161
123.47,1.437,-1.235,1.603,4.153,-0.477,4.161
123.48,1.241,-1.235,1.598,4.349,-0.477,4.164
123.49,1.574,-1.237,1.595,4.234,-0.477,4.164
123.50,1.513,-1.240,1.592,4.377,-0.477,4.166
123.51,1.547,-1.240,1.592,4.345,-0.477,4.169
123.52,1.580,-1.239,1.592,3.914,-0.476,4.167
123.53,1.459,-1.236,1.593,4.344,-0.475,4.169
123.54,1.556,-1.235,1.594,4.121,-0.475,4.169
123.55,1.537,-1.234,1.594,4.244,-0.475,4.170
123.56,1.688,-1.234,1.595,4.187,-0.476,4.169
123.57,1.831,-1.235,1.598,4.162,-0.475,4.170
123.58,1.705,-1.236,1.599,4.108,-0.476,4.168
123.59,1.830,-1.237,1.601,4.040,-0.476,4.166
123.60,1.609,-1.236,1.601,4.236,-0.475,4.168
123.61,1.556,-1.236,1.601,4.179,-0.475,4.168
123.62,1.673,-1.236,1.602,4.282,-0.475,4.170
123.63,1.572,-1.236,1.602,4.344,-0.475,4.172
123.64,1.511,-1.237,1.600,4.231,-0.474,4.173
123.65,1.576,-1.238,1.598,4.146,-0.475,4.172
123.66,1.518,-1.239,1.596,4.140,-0.474,4.173
123.67,1.648,-1.238,1.599,4.031,-0.474,4.170
123.68,1.653,-1.238,1.599,4.294,-0.474,4.172
123.69,1.398,-1.240,1.594,4.408,-0.476,4.173
123.70,1.409,-1.241,1.592,4.452,-0.476,4.177
123.71,1.681,-1.241,1.593,4.343,-0.477,4.178
123.72,1.495,-1.240,1.592,4.190,-0.477,4.178
123.73,1.512,-1.242,1.590,4.469,-0.477,4.182
123.74,1.732,-1.243,1.590,4.087,-0.477,4.181
123.75,1.422,-1.245,1.586,4.522,-0.477,4.185
123.76,1.447,-1.246,1.584,4.220,-0.476,4.186
123.77,1.582,-1.246,1.583,4.221,-0.477,4.186
123.78,1.346,-1.248,1.578,4.012,-0.477,4.183
123.79,1.166,-1.250,1.571,4.275,-0.478,4.184
123.80,1.313,-1.250,1.568,4.248,-0.479,4.184
123.81,1.598,-1.250,1.568,4.214,-0.479,4.184
123.82,1.457,-1.247,1.569,4.229,-0.480,4.184
123.83,1.371,-1.247,1.566,4.008,-0.480,4.182
123.84,1.446,-1.244,1.568,4.192,-0.481,4.181
123.85,1.703,-1.242,1.572,4.420,-0.481,4.184
123.86,1.544,-1.243,1.571,4.202,-0.480,4.185
123.87,1.776,-1.244,1.572,4.523,-0.482,4.188
123.88,1.599,-1.244,1.572,4.324,-0.483,4.189
123.89,1.497,-1.244,1.572,4.305,-0.482,4.191
123.90,1.710,-1.243,1.575,4.420,-0.481,4.195
123.91,1.587,-1.242,1.576,4.170,-0.482,4.194
123.92,1.487,-1.241,1.575,4.336,-0.482,4.196
123.93,1.691,-1.241,1.577,4.193,-0.482,4.196
123.94,1.301,-1.242,1.572,4.105,-0.481,4.196
123.95,1.498,-1.241,1.572,4.363,-0.483,4.196
123.96,1.517,-1.238,1.574,4.064,-0.484,4.194
123.97,1.615,-1.237,1.576,4.218,-0.483,4.195
123.98,1.556,-1.236,1.576,4.196,-0.482,4.196
123.99,1.646,-1.236,1.577,4.292,-0.482,4.198
124.00,1.425,-1.236,1.575,4.094,-0.482,4.196
124.01,1.561,-1.236,1.575,4.349,-0.483,4.197
124.02,1.681,-1.234,1.579,4.134,-0.482,4.198
124.03,1.807,-1.233,1.583,4.088,-0.483,4.195
124.04,1.364,-1.234,1.579,4.071,-0.482,4.195
124.05,1.678,-1.234,1.579,4.296,-0.482,4.197
124.06,1.720,-1.233,1.583,4.083,-0.482,4.195
124.07,1.681,-1.232,1.585,4.169,-0.482,4.195
124.08,1.686,-1.232,1.586,4.206,-0.481,4.196
124.09,1.470,-1.233,1.584,4.249,-0.482,4.196
124.10,1.583,-1.233,1.583,4.051,-0.479,4.196
124.11,1.820,-1.235,1.585,4.095,-0.479,4.195
124.12,1.537,-1.232,1.587,4.170,-0.480,4.194
124.13,1.435,-1.233,1.584,4.143,-0.481,4.193
124.14,1.569,-1.232,1.585,4.094,-0.481,4.191
124.15,1.405,-1.235,1.580,4.230,-0.481,4.192
124.16,1.708,-1.235,1.581,4.139,-0.482,4.190
124.18,1.429,-1.236,1.578,4.175,-0.483,4.189
124.19,1.452,-1.238,1.575,4.086,-0.483,4.188
124.20,1.528,-1.237,1.575,4.037,-0.484,4.185
124.21,1.764,-1.238,1.576,4.265,-0.483,4.187
124.22,1.799,-1.238,1.580,4.228,-0.484,4.187
124.23,1.502,-1.238,1.578,4.181,-0.483,4.188
124.24,1.654,-1.236,1.581,3.875,-0.482,4.185
124.25,1.313,-1.236,1.577,4.304,-0.481,4.188
124.26,1.543,-1.236,1.576,4.151,-0.481,4.187
124.27,1.516,-1.236,1.576,3.918,-0.480,4.184
124.28,1.339,-1.236,1.573,4.090,-0.479,4.184
124.29,1.758,-1.236,1.575,4.107,-0.479,4.184
124.30,1.703,-1.237,1.576,4.225,-0.478,4.185
124.31,1.564,-1.235,1.577,3.982,-0.479,4.181
124.32,1.586,-1.233,1.579,4.181,-0.478,4.182
124.33,1.839,-1.233,1.583,4.035,-0.480,4.178
124.34,1.416,-1.233,1.581,4.207,-0.480,4.179
124.35,1.822,-1.232,1.586,4.183,-0.479,4.180
124.36,1.551,-1.232,1.585,4.014,-0.479,4.177
124.37,1.611,-1.233,1.584,4.122,-0.479,4.177
124.38,1.300,-1.234,1.579,4.336,-0.480,4.178
124.39,1.741,-1.233,1.582,4.209,-0.478,4.179
124.40,1.699,-1.232,1.585,4.132,-0.478,4.179
124.41,1.524,-1.230,1.586,4.293,-0.478,4.181
124.42,1.608,-1.231,1.585,4.050,-0.477,4.180
124.43,1.430,-1.232,1.582,4.031,-0.477,4.178
124.44,1.657,-1.232,1.583,4.245,-0.478,4.178
124.45,1.552,-1.232,1.583,4.362,-0.478,4.180
124.46,1.594,-1.233,1.582,4.286,-0.477,4.183
124.47,1.387,-1.235,1.577,4.496,-0.477,4.187
124.48,1.521,-1.237,1.574,4.041,-0.477,4.184
124.49,1.604,-1.236,1.576,4.264,-0.478,4.185
124.50,1.439,-1.236,1.574,4.305,-0.478,4.186
124.51,1.598,-1.238,1.572,4.347,-0.478,4.189
124.52,1.449,-1.239,1.569,4.443,-0.479,4.191
124.53,1.614,-1.241,1.568,4.235,-0.480,4.191
124.54,1.512,-1.242,1.567,3.866,-0.481,4.186
124.55,1.523,-1.238,1.570,4.049,-0.480,4.184
124.56,1.580,-1.239,1.569,4.097,-0.480,4.184
124.57,1.605,-1.239,1.569,4.021,-0.479,4.182
124.58,1.653,-1.238,1.571,4.353,-0.480,4.183
124.59,1.507,-1.238,1.570,3.979,-0.480,4.181
124.60,1.682,-1.239,1.571,4.365,-0.481,4.183
124.61,1.743,-1.238,1.574,4.089,-0.480,4.182
124.62,1.747,-1.237,1.577,4.332,-0.479,4.185
124.63,1.402,-1.236,1.576,4.022,-0.480,4.182
124.64,1.472,-1.238,1.573,4.280,-0.481,4.183
124.65,1.191,-1.237,1.569,4.408,-0.481,4.185
124.66,1.704,-1.237,1.571,4.322,-0.480,4.188
124.67,1.350,-1.238,1.566,3.926,-0.480,4.185
124.68,1.483,-1.237,1.566,4.113,-0.479,4.184
124.69,1.650,-1.240,1.565,4.237,-0.479,4.185
124.70,1.749,-1.240,1.566,4.059,-0.480,4.183
124.71,1.451,-1.239,1.566,4.121,-0.479,4.183
124.72,1.566,-1.237,1.568,4.196,-0.480,4.182
124.73,1.667,-1.237,1.569,4.087,-0.481,4.180
124.74,1.450,-1.237,1.568,4.510,-0.480,4.185
124.75,1.738,-1.236,1.570,4.236,-0.480,4.186
124.76,1.501,-1.236,1.570,4.119,-0.480,4.185
124.77,1.573,-1.237,1.569,4.138,-0.481,4.184
124.78,1.430,-1.237,1.567,4.298,-0.482,4.184
124.79,1.567,-1.238,1.566,4.315,-0.483,4.185
124.80,1.682,-1.240,1.565,4.151,-0.483,4.185
124.81,1.561,-1.238,1.566,4.014,-0.483,4.182
124.82,1.670,-1.238,1.568,4.023,-0.483,4.180
124.83,1.839,-1.240,1.569,4.383,-0.484,4.182
124.84,1.503,-1.240,1.569,3.994,-0.485,4.178
124.85,1.487,-1.242,1.566,4.193,-0.487,4.177
124.86,1.942,-1.243,1.570,4.116,-0.485,4.178
124.87,1.745,-1.243,1.572,3.953,-0.486,4.173
124.88,1.772,-1.243,1.575,3.997,-0.485,4.172
124.89,1.489,-1.243,1.573,4.406,-0.484,4.176
124.90,1.630,-1.241,1.576,4.146,-0.484,4.176
124.91,1.640,-1.241,1.577,4.059,-0.483,4.175
124.92,1.907,-1.239,1.584,4.177,-0.482,4.176
124.93,1.480,-1.239,1.582,4.106,-0.484,4.174
124.94,1.602,-1.239,1.582,4.088,-0.484,4.172
124.95,1.666,-1.239,1.584,4.037,-0.485,4.169
124.96,1.677,-1.239,1.584,4.198,-0.484,4.170
124.97,1.349,-1.240,1.580,4.184,-0.485,4.170
124.98,1.733,-1.239,1.584,4.129,-0.486,4.169
124.99,1.645,-1.239,1.585,4.166,-0.486,4.168
125.00,1.752,-1.239,1.586,4.487,-0.487,4.171
125.01,1.776,-1.240,1.589,4.134,-0.488,4.170
125.02,1.482,-1.238,1.588,4.135,-0.488,4.169
125.03,1.475,-1.240,1.586,4.353,-0.489,4.171
125.04,1.607,-1.241,1.585,4.052,-0.489,4.169
125.05,1.757,-1.244,1.584,4.102,-0.488,4.169
125.06,1.128,-1.243,1.579,4.312,-0.489,4.171
125.07,1.594,-1.243,1.579,4.162,-0.489,4.171
125.08,1.195,-1.245,1.572,4.217,-0.488,4.172
125.09,1.834,-1.244,1.576,4.422,-0.488,4.175
125.10,1.593,-1.245,1.577,4.318,-0.487,4.178
125.11,1.461,-1.244,1.576,4.095,-0.487,4.177
125.12,1.359,-1.245,1.572,4.052,-0.487,4.175
125.13,1.411,-1.247,1.568,4.316,-0.488,4.177
125.14,1.640,-1.247,1.568,4.168,-0.488,4.176
125.15,1.564,-1.248,1.568,4.282,-0.488,4.177
125.16,1.869,-1.250,1.569,4.133,-0.488,4.177
125.17,1.679,-1.250,1.571,3.923,-0.488,4.173
125.18,1.401,-1.247,1.572,4.265,-0.488,4.175
125.19,1.297,-1.246,1.569,4.107,-0.488,4.174
125.20,1.451,-1.246,1.567,4.056,-0.488,4.173
125.21,1.787,-1.246,1.570,4.031,-0.488,4.171
125.22,1.776,-1.247,1.572,4.234,-0.488,4.172
125.23,1.769,-1.247,1.575,4.142,-0.488,4.171
125.24,1.619,-1.247,1.575,4.245,-0.489,4.171
125.25,1.646,-1.247,1.576,4.278,-0.487,4.174
125.26,1.516,-1.249,1.574,4.387,-0.487,4.177
125.27,1.529,-1.249,1.573,4.197,-0.488,4.176
125.28,1.648,-1.249,1.574,4.464,-0.489,4.180
125.29,1.712,-1.248,1.576,4.258,-0.487,4.182
125.30,1.412,-1.249,1.573,4.000,-0.487,4.180
125.31,1.834,-1.248,1.578,4.123,-0.487,4.179
125.32,1.301,-1.249,1.574,4.482,-0.489,4.181
125.33,1.699,-1.249,1.575,3.710,-0.489,4.175
125.34,1.603,-1.249,1.576,4.244,-0.491,4.174
125.35,1.539,-1.249,1.575,4.054,-0.492,4.172
125.36,1.692,-1.250,1.576,4.092,-0.491,4.171
125.37,1.604,-1.250,1.577,3.900,-0.491,4.168
125.38,1.543,-1.248,1.578,4.283,-0.492,4.168
125.39,1.718,-1.249,1.578,4.198,-0.493,4.167
125.40,1.954,-1.248,1.585,4.396,-0.493,4.171
125.41,1.633,-1.247,1.586,4.135,-0.492,4.171
125.42,1.672,-1.249,1.586,4.037,-0.493,4.169
125.43,1.463,-1.250,1.584,4.146,-0.493,4.168
125.44,1.835,-1.250,1.586,4.325,-0.494,4.169
125.45,1.509,-1.252,1.583,4.226,-0.495,4.169
125.46,1.441,-1.252,1.582,4.078,-0.494,4.168
125.47,1.702,-1.251,1.584,4.125,-0.495,4.167
125.48,1.516,-1.252,1.583,4.203,-0.495,4.168
125.49,1.271,-1.250,1.580,4.065,-0.494,4.167
125.50,1.550,-1.251,1.579,4.142,-0.495,4.166
125.51,1.475,-1.251,1.578,4.263,-0.496,4.167
125.52,1.766,-1.250,1.582,4.195,-0.495,4.168
125.53,1.446,-1.250,1.580,4.144,-0.495,4.167
125.54,1.598,-1.253,1.577,4.212,-0.497,4.166
125.55,1.375,-1.253,1.574,4.009,-0.498,4.163
125.56,1.557,-1.255,1.572,4.003,-0.497,4.161
125.57,1.574,-1.256,1.572,4.287,-0.499,4.162
125.58,1.812,-1.258,1.572,4.125,-0.499,4.160
125.59,1.545,-1.259,1.572,4.440,-0.499,4.165
125.60,1.618,-1.257,1.574,4.076,-0.499,4.164
125.61,1.430,-1.256,1.574,4.174,-0.500,4.163
125.62,1.686,-1.255,1.576,4.136,-0.500,4.163
125.63,1.703,-1.254,1.579,4.102,-0.499,4.162
125.64,1.595,-1.254,1.578,4.071,-0.499,4.161
125.65,1.387,-1.255,1.575,4.243,-0.499,4.162
125.66,1.624,-1.257,1.574,4.042,-0.499,4.161
125.67,1.656,-1.256,1.577,4.194,-0.498,4.162
125.68,1.531,-1.256,1.576,4.035,-0.498,4.160
125.69,1.586,-1.256,1.576,3.988,-0.497,4.159
125.71,1.512,-1.257,1.574,4.206,-0.499,4.158
125.72,1.430,-1.258,1.572,4.105,-0.500,4.156
125.73,1.359,-1.259,1.567,4.184,-0.501,4.155
125.74,1.617,-1.259,1.569,4.505,-0.502,4.159
125.75,1.664,-1.260,1.569,3.816,-0.501,4.155
125.75,1.692,-1.260,1.570,4.255,-0.501,4.156
125.77,1.653,-1.260,1.571,3.909,-0.502,4.153
125.78,1.586,-1.259,1.573,4.306,-0.502,4.154
125.79,1.457,-1.259,1.572,4.111,-0.502,4.154
125.80,1.514,-1.260,1.570,4.199,-0.500,4.156
125.81,1.353,-1.261,1.565,4.158,-0.500,4.156
125.82,1.392,-1.261,1.563,4.139,-0.499,4.157
125.83,1.744,-1.260,1.567,4.048,-0.500,4.155
125.84,1.376,-1.258,1.567,4.338,-0.500,4.157
125.85,1.731,-1.259,1.567,4.194,-0.499,4.158
125.86,1.550,-1.259,1.567,4.187,-0.499,4.158
125.87,1.460,-1.258,1.566,4.209,-0.499,4.159
125.88,1.679,-1.258,1.568,4.188,-0.499,4.160
125.89,1.565,-1.258,1.568,4.042,-0.498,4.159
125.90,1.573,-1.259,1.567,4.089,-0.498,4.158
125.91,1.493,-1.259,1.566,4.292,-0.500,4.158
125.92,1.632,-1.258,1.569,3.957,-0.500,4.155
125.93,1.660,-1.257,1.571,4.203,-0.500,4.156
125.94,1.696,-1.257,1.572,4.293,-0.498,4.159
125.95,1.650,-1.256,1.575,3.917,-0.499,4.156
125.96,1.815,-1.258,1.576,4.123,-0.498,4.156
125.97,1.502,-1.256,1.577,4.319,-0.499,4.157
125.98,1.727,-1.255,1.580,4.233,-0.498,4.160
125.99,1.533,-1.253,1.581,4.342,-0.497,4.162
126.00,1.624,-1.252,1.582,4.434,-0.496,4.167
126.01,1.526,-1.253,1.581,4.213,-0.495,4.169
126.02,1.634,-1.254,1.581,4.166,-0.494,4.170
126.03,1.498,-1.255,1.578,4.079,-0.495,4.168
126.04,1.687,-1.255,1.581,4.140,-0.494,4.168
126.05,1.757,-1.253,1.585,4.213,-0.496,4.167
126.06,1.722,-1.250,1.590,4.212,-0.496,4.167
126.07,1.653,-1.251,1.590,4.355,-0.495,4.170
126.08,1.585,-1.250,1.591,4.178,-0.496,4.170
126.09,1.922,-1.251,1.594,3.987,-0.495,4.168
126.10,1.430,-1.251,1.592,4.283,-0.495,4.170
126.11,1.372,-1.251,1.589,4.420,-0.494,4.174
126.12,1.595,-1.250,1.591,4.070,-0.492,4.175
126.13,1.456,-1.252,1.587,4.252,-0.492,4.176
126.14,1.618,-1.252,1.588,4.199,-0.490,4.178
126.15,1.651,-1.250,1.590,4.132,-0.490,4.178
126.16,1.404,-1.250,1.588,4.387,-0.488,4.182
126.17,1.554,-1.249,1.589,4.273,-0.489,4.183
126.18,1.579,-1.248,1.589,4.162,-0.488,4.183
126.19,1.735,-1.248,1.592,4.448,-0.487,4.188
126.20,1.670,-1.246,1.594,4.122,-0.489,4.185
126.21,1.632,-1.245,1.596,4.043,-0.490,4.182
126.22,1.633,-1.244,1.597,4.198,-0.490,4.183
126.23,1.419,-1.244,1.595,3.920,-0.490,4.179
126.24,1.523,-1.244,1.594,4.044,-0.490,4.178
126.25,1.410,-1.243,1.593,4.378,-0.489,4.181
126.26,1.402,-1.242,1.592,4.253,-0.489,4.182
126.27,1.496,-1.240,1.593,3.975,-0.488,4.180
126.28,1.539,-1.240,1.592,4.164,-0.487,4.181
126.29,1.569,-1.239,1.593,4.203,-0.487,4.182
126.30,1.652,-1.239,1.594,4.242,-0.486,4.183
126.31,1.932,-1.239,1.598,4.442,-0.488,4.185
126.32,1.730,-1.239,1.600,4.301,-0.489,4.186
126.33,1.596,-1.241,1.598,4.048,-0.488,4.185
126.34,1.367,-1.240,1.595,4.358,-0.489,4.186
126.35,1.470,-1.240,1.594,4.381,-0.488,4.189
126.36,1.489,-1.239,1.594,3.954,-0.488,4.187
126.37,1.508,-1.239,1.593,3.967,-0.488,4.184
126.38,1.612,-1.240,1.593,4.037,-0.488,4.182
126.39,1.668,-1.241,1.592,4.053,-0.487,4.181
126.40,1.589,-1.241,1.592,4.041,-0.485,4.182
126.41,1.506,-1.240,1.593,4.217,-0.484,4.183
126.42,1.762,-1.236,1.598,4.244,-0.483,4.185
126.43,1.450,-1.237,1.596,4.190,-0.482,4.186
126.44,1.811,-1.237,1.599,3.811,-0.483,4.181
126.45,1.534,-1.236,1.598,3.884,-0.482,4.177
126.46,1.786,-1.236,1.601,4.038,-0.482,4.175
126.47,1.798,-1.236,1.604,4.381,-0.481,4.179
126.48,1.230,-1.236,1.599,4.344,-0.480,4.182
126.49,1.642,-1.234,1.602,4.199,-0.479,4.183
126.50,1.846,-1.234,1.604,3.990,-0.480,4.180
126.51,1.792,-1.235,1.606,4.281,-0.480,4.181
126.52,1.436,-1.235,1.604,4.252,-0.479,4.183
126.53,1.766,-1.233,1.608,4.171,-0.479,4.183
126.54,1.594,-1.232,1.609,4.381,-0.479,4.186
126.55,1.559,-1.231,1.610,3.943,-0.479,4.182
126.56,1.419,-1.230,1.608,4.088,-0.477,4.183
126.57,1.681,-1.231,1.608,4.461,-0.477,4.187
126.58,1.388,-1.232,1.605,4.186,-0.477,4.187
126.59,1.429,-1.232,1.602,4.186,-0.475,4.189
126.60,1.591,-1.233,1.602,4.239,-0.476,4.188
126.61,1.420,-1.232,1.600,4.332,-0.475,4.191
126.62,1.511,-1.232,1.599,4.223,-0.477,4.190
126.63,1.781,-1.231,1.602,4.379,-0.477,4.192
126.64,1.690,-1.231,1.603,4.058,-0.477,4.190
126.65,1.592,-1.232,1.602,3.796,-0.477,4.185
126.66,1.468,-1.232,1.601,4.259,-0.479,4.184
126.67,1.601,-1.231,1.601,4.136,-0.480,4.182
126.68,1.706,-1.234,1.600,4.412,-0.480,4.186
126.69,1.726,-1.235,1.601,4.256,-0.479,4.187
126.70,1.388,-1.235,1.597,4.416,-0.479,4.190
126.71,1.403,-1.236,1.595,4.247,-0.480,4.191
126.72,1.592,-1.235,1.595,3.915,-0.480,4.187
126.73,1.701,-1.236,1.596,4.208,-0.479,4.188
126.74,1.546,-1.235,1.596,4.074,-0.479,4.187
126.75,1.868,-1.236,1.599,3.959,-0.480,4.183
126.76,1.569,-1.236,1.599,4.455,-0.480,4.186
126.77,1.372,-1.236,1.595,4.046,-0.479,4.185
126.78,1.600,-1.236,1.595,4.117,-0.480,4.183
126.79,1.679,-1.237,1.596,4.420,-0.481,4.185
126.80,1.473,-1.238,1.593,4.137,-0.481,4.185
126.81,1.637,-1.239,1.593,4.139,-0.481,4.184
126.82,1.533,-1.240,1.591,4.124,-0.481,4.184
126.83,1.738,-1.240,1.593,4.465,-0.481,4.187
126.84,1.585,-1.238,1.595,4.128,-0.481,4.187
126.85,1.822,-1.238,1.598,4.208,-0.481,4.187
126.86,1.646,-1.239,1.598,4.385,-0.481,4.189
126.87,1.725,-1.239,1.599,4.239,-0.482,4.190
126.88,1.686,-1.239,1.601,4.398,-0.482,4.192
126.89,1.617,-1.240,1.599,3.955,-0.483,4.188
126.90,1.708,-1.242,1.599,4.676,-0.483,4.195
126.91,1.649,-1.243,1.599,4.175,-0.483,4.194
126.92,1.267,-1.242,1.596,4.234,-0.482,4.196
126.93,1.642,-1.240,1.599,3.847,-0.482,4.192
126.94,1.705,-1.238,1.601,3.770,-0.482,4.186
126.95,1.542,-1.237,1.602,4.142,-0.482,4.186
126.96,1.707,-1.237,1.603,4.187,-0.482,4.185
126.97,1.600,-1.238,1.602,4.264,-0.483,4.185
126.98,1.358,-1.238,1.599,4.422,-0.482,4.190
126.99,1.780,-1.238,1.602,4.387,-0.481,4.193
127.00,1.467,-1.238,1.600,4.098,-0.481,4.193
127.01,1.531,-1.237,1.600,4.252,-0.480,4.193
127.02,1.663,-1.238,1.600,4.091,-0.480,4.192
127.03,1.656,-1.237,1.602,4.293,-0.482,4.192
127.04,1.750,-1.237,1.604,4.448,-0.482,4.195
127.05,1.564,-1.237,1.604,4.189,-0.482,4.195
127.06,1.643,-1.237,1.605,4.067,-0.484,4.192
127.07,1.592,-1.238,1.603,4.157,-0.485,4.190
127.08,1.755,-1.238,1.606,4.316,-0.484,4.193
127.10,1.690,-1.238,1.607,4.013,-0.484,4.190
127.11,1.426,-1.237,1.605,4.162,-0.486,4.188
127.12,1.357,-1.237,1.602,4.134,-0.488,4.186
127.12,1.361,-1.238,1.598,4.243,-0.488,4.186
127.13,1.514,-1.238,1.597,4.115,-0.487,4.187
127.14,1.605,-1.240,1.595,4.359,-0.488,4.188
127.15,1.592,-1.241,1.594,4.231,-0.488,4.189
127.16,1.707,-1.241,1.595,4.088,-0.489,4.186
127.18,1.521,-1.240,1.595,4.301,-0.491,4.186
127.18,1.628,-1.239,1.597,4.256,-0.492,4.186
127.19,1.787,-1.241,1.598,4.512,-0.492,4.191
127.20,1.641,-1.240,1.599,4.398,-0.493,4.192
127.21,1.660,-1.240,1.600,4.120,-0.493,4.192
127.23,1.520,-1.239,1.600,4.322,-0.493,4.194
127.24,1.742,-1.242,1.599,4.270,-0.493,4.194
127.25,1.537,-1.242,1.599,4.211,-0.491,4.196
127.26,1.637,-1.242,1.598,4.171,-0.491,4.197
127.27,1.519,-1.245,1.595,4.009,-0.491,4.195
127.28,1.672,-1.244,1.597,3.835,-0.492,4.189
127.29,1.565,-1.243,1.598,3.958,-0.492,4.186
127.30,1.570,-1.245,1.595,4.289,-0.491,4.189
127.31,1.568,-1.246,1.594,4.208,-0.491,4.188
127.32,1.623,-1.245,1.596,4.247,-0.492,4.189
127.33,1.554,-1.242,1.597,4.189,-0.492,4.188
127.34,1.760,-1.243,1.599,4.169,-0.491,4.189
127.35,1.569,-1.241,1.601,4.054,-0.491,4.187
127.36,1.657,-1.240,1.602,3.800,-0.490,4.184
127.37,1.471,-1.241,1.600,4.024,-0.490,4.181
127.38,1.955,-1.242,1.604,4.179,-0.489,4.182
127.39,1.301,-1.242,1.600,4.073,-0.489,4.181
127.40,1.429,-1.242,1.597,4.281,-0.487,4.184
127.41,1.740,-1.242,1.599,4.216,-0.487,4.185
127.42,1.650,-1.242,1.600,3.878,-0.486,4.182
127.43,1.458,-1.243,1.597,4.065,-0.486,4.181
127.44,1.861,-1.241,1.603,4.261,-0.485,4.182
127.45,1.349,-1.239,1.602,4.069,-0.485,4.181
127.46,1.902,-1.238,1.606,4.166,-0.485,4.181
127.47,1.616,-1.236,1.609,4.319,-0.483,4.184
127.48,1.588,-1.235,1.609,4.389,-0.481,4.189
127.49,1.391,-1.237,1.605,4.367,-0.480,4.192
127.50,1.530,-1.238,1.603,4.092,-0.481,4.190
127.51,1.376,-1.240,1.598,4.027,-0.480,4.189
127.52,1.356,-1.239,1.596,4.191,-0.481,4.188
127.53,1.564,-1.240,1.595,4.240,-0.481,4.189
127.54,1.526,-1.240,1.593,4.382,-0.482,4.190
127.55,1.754,-1.241,1.594,4.205,-0.482,4.190
127.56,1.448,-1.241,1.593,4.340,-0.482,4.193
127.57,1.699,-1.241,1.595,4.093,-0.482,4.192
127.58,1.686,-1.240,1.596,4.255,-0.481,4.194
127.59,1.745,-1.242,1.597,4.169,-0.481,4.193
127.60,1.543,-1.243,1.595,4.117,-0.480,4.193
127.61,1.472,-1.244,1.593,4.368,-0.482,4.193
127.62,1.397,-1.242,1.591,3.854,-0.482,4.189
127.63,1.323,-1.242,1.588,4.112,-0.482,4.187
127.64,1.610,-1.241,1.589,4.179,-0.483,4.186
127.65,1.727,-1.241,1.591,4.309,-0.482,4.189
127.66,1.627,-1.242,1.591,4.158,-0.483,4.188
127.67,2.001,-1.242,1.596,4.023,-0.484,4.185
127.68,1.576,-1.243,1.595,4.194,-0.484,4.185
127.69,1.553,-1.244,1.594,4.185,-0.483,4.186
127.70,1.622,-1.244,1.594,4.052,-0.484,4.183
127.71,1.662,-1.245,1.594,4.234,-0.484,4.184
127.72,1.574,-1.245,1.593,4.284,-0.484,4.185
127.73,1.780,-1.246,1.595,4.387,-0.485,4.187
127.74,1.700,-1.246,1.597,4.156,-0.485,4.186
127.75,1.708,-1.245,1.599,4.309,-0.485,4.188
127.76,1.796,-1.242,1.604,4.149,-0.485,4.187
127.77,1.653,-1.243,1.604,4.126,-0.485,4.186
127.78,1.781,-1.243,1.607,4.162,-0.486,4.186
127.79,1.724,-1.243,1.609,4.397,-0.486,4.188
127.80,1.543,-1.243,1.608,4.235,-0.486,4.189
127.81,1.552,-1.246,1.604,4.252,-0.486,4.190
127.82,1.741,-1.247,1.605,4.438,-0.485,4.194
127.83,1.493,-1.246,1.604,3.956,-0.485,4.191
127.84,1.775,-1.247,1.606,4.146,-0.485,4.191
127.85,1.558,-1.246,1.606,3.847,-0.485,4.186
127.86,1.625,-1.247,1.606,4.252,-0.485,4.187
127.87,1.490,-1.246,1.605,4.008,-0.485,4.184
127.88,1.591,-1.247,1.605,4.036,-0.485,4.182
127.89,1.426,-1.246,1.603,4.326,-0.485,4.184
127.90,1.750,-1.245,1.606,4.181,-0.486,4.184
127.91,1.655,-1.246,1.606,4.333,-0.486,4.185
127.92,1.544,-1.245,1.606,4.285,-0.486,4.187
127.93,1.734,-1.246,1.607,4.301,-0.487,4.187
127.94,1.412,-1.245,1.606,4.318,-0.487,4.190
127.95,1.480,-1.245,1.604,4.107,-0.486,4.189
127.96,1.571,-1.246,1.603,4.377,-0.486,4.191
127.97,1.565,-1.247,1.602,4.042,-0.486,4.190
127.98,1.525,-1.247,1.600,4.396,-0.488,4.191
127.99,1.538,-1.248,1.598,4.188,-0.486,4.192
128.00,1.810,-1.249,1.601,4.255,-0.486,4.194
128.01,1.430,-1.247,1.600,3.838,-0.486,4.189
128.02,1.605,-1.248,1.599,4.205,-0.486,4.189
128.03,1.462,-1.249,1.596,4.402,-0.488,4.190
128.04,1.397,-1.250,1.593,3.951,-0.486,4.189
128.05,1.655,-1.251,1.593,4.385,-0.487,4.191
128.06,1.705,-1.251,1.595,4.131,-0.487,4.190
128.07,1.555,-1.250,1.595,4.034,-0.486,4.188
128.08,1.645,-1.250,1.596,4.132,-0.487,4.187
128.09,1.531,-1.251,1.594,4.111,-0.487,4.186
128.10,1.443,-1.251,1.592,4.177,-0.487,4.186
128.11,1.311,-1.250,1.589,4.250,-0.487,4.187
128.12,1.635,-1.251,1.589,4.362,-0.487,4.189
128.13,1.576,-1.253,1.587,4.181,-0.489,4.187
128.14,1.679,-1.255,1.586,4.178,-0.489,4.187
128.15,1.526,-1.253,1.587,4.256,-0.489,4.188
128.16,1.323,-1.254,1.582,4.314,-0.489,4.190
128.17,1.395,-1.254,1.580,4.273,-0.489,4.191
128.18,1.646,-1.254,1.581,4.124,-0.489,4.190
128.19,1.497,-1.255,1.579,4.244,-0.491,4.189
128.20,1.600,-1.257,1.578,3.960,-0.490,4.186
128.21,1.709,-1.255,1.581,4.286,-0.489,4.189
128.22,1.453,-1.255,1.580,4.405,-0.489,4.192
128.23,1.426,-1.252,1.580,4.081,-0.489,4.191
128.24,1.648,-1.249,1.585,4.020,-0.488,4.189
128.25,1.653,-1.248,1.586,4.076,-0.488,4.188
128.26,1.722,-1.248,1.588,4.269,-0.488,4.189
128.27,1.318,-1.251,1.581,4.247,-0.489,4.189
128.28,1.501,-1.251,1.580,4.356,-0.489,4.191
128.29,1.602,-1.249,1.582,4.090,-0.489,4.190
128.30,1.570,-1.250,1.582,4.154,-0.488,4.190
128.31,1.374,-1.252,1.577,4.428,-0.486,4.196
128.32,1.531,-1.254,1.574,4.285,-0.485,4.198
128.33,1.410,-1.254,1.571,4.215,-0.487,4.197
128.34,1.113,-1.254,1.566,4.050,-0.486,4.195
128.35,1.332,-1.254,1.562,4.178,-0.486,4.195
128.36,1.445,-1.256,1.559,4.234,-0.486,4.196
128.37,1.748,-1.256,1.561,4.150,-0.485,4.196
128.38,1.630,-1.255,1.563,3.988,-0.486,4.193
128.39,1.534,-1.255,1.563,4.285,-0.487,4.193
128.40,1.540,-1.257,1.560,3.925,-0.487,4.189
128.41,1.684,-1.256,1.563,4.349,-0.487,4.191
128.42,1.554,-1.256,1.563,3.838,-0.488,4.186
128.43,1.432,-1.256,1.561,4.288,-0.488,4.188
128.44,1.557,-1.256,1.560,4.331,-0.488,4.190
128.45,1.636,-1.255,1.562,4.400,-0.487,4.193
128.46,1.773,-1.255,1.566,4.041,-0.487,4.191
128.48,1.662,-1.255,1.567,4.309,-0.488,4.192
128.49,1.618,-1.254,1.568,4.233,-0.488,4.192
128.49,1.632,-1.254,1.568,4.428,-0.489,4.194
128.50,1.514,-1.254,1.568,4.092,-0.490,4.192
128.51,1.577,-1.253,1.569,4.281,-0.490,4.193
128.53,1.594,-1.254,1.568,4.094,-0.491,4.191
128.53,1.710,-1.254,1.570,4.396,-0.489,4.196
128.55,1.686,-1.254,1.572,4.291,-0.488,4.198
128.56,1.593,-1.254,1.572,4.141,-0.489,4.196
128.57,1.606,-1.254,1.573,4.327,-0.490,4.198
128.57,1.628,-1.254,1.573,4.016,-0.490,4.195
128.58,1.561,-1.255,1.572,3.999,-0.489,4.194
128.60,1.388,-1.253,1.571,4.187,-0.491,4.192
128.61,1.523,-1.252,1.571,4.476,-0.489,4.197
128.61,1.647,-1.252,1.572,4.330,-0.488,4.200
128.62,1.516,-1.253,1.571,4.306,-0.488,4.201
128.64,1.630,-1.254,1.570,4.128,-0.488,4.201
128.65,1.625,-1.253,1.572,4.143,-0.488,4.200
128.66,1.673,-1.254,1.573,4.366,-0.488,4.202
128.66,1.595,-1.254,1.573,4.157,-0.489,4.201
128.68,1.657,-1.253,1.575,4.086,-0.488,4.200
128.69,1.274,-1.253,1.571,4.307,-0.489,4.201
128.70,1.544,-1.254,1.570,4.289,-0.489,4.202
128.70,1.453,-1.255,1.566,3.991,-0.489,4.200
128.72,1.442,-1.256,1.564,4.348,-0.488,4.203
128.73,1.837,-1.256,1.568,3.957,-0.488,4.200
128.74,1.446,-1.256,1.566,4.193,-0.486,4.201
128.75,1.787,-1.257,1.568,4.128,-0.487,4.200
128.76,1.470,-1.257,1.566,4.188,-0.488,4.199
128.77,1.463,-1.258,1.565,4.268,-0.488,4.199
128.78,1.351,-1.259,1.560,4.105,-0.488,4.198
128.79,1.519,-1.262,1.557,4.230,-0.489,4.198
128.80,1.395,-1.263,1.554,4.221,-0.489,4.198
128.81,1.451,-1.262,1.553,4.192,-0.489,4.198
128.82,1.723,-1.262,1.555,4.286,-0.490,4.199
128.83,1.606,-1.260,1.557,4.058,-0.490,4.197
128.84,1.495,-1.259,1.558,4.035,-0.492,4.193
128.85,1.248,-1.259,1.554,3.892,-0.491,4.190
128.86,1.671,-1.260,1.555,4.253,-0.491,4.191
128.87,1.669,-1.260,1.556,4.142,-0.491,4.190
128.88,1.684,-1.260,1.558,4.192,-0.491,4.190
128.89,1.292,-1.260,1.554,3.921,-0.491,4.187
128.90,1.692,-1.259,1.556,4.175,-0.488,4.189
128.91,1.631,-1.259,1.557,4.361,-0.488,4.192
128.92,1.581,-1.261,1.556,3.941,-0.488,4.189
128.93,1.580,-1.260,1.557,4.167,-0.486,4.190
128.94,1.394,-1.259,1.555,4.244,-0.487,4.190
128.95,1.714,-1.258,1.558,4.337,-0.487,4.192
128.96,1.764,-1.260,1.559,4.300,-0.488,4.192
128.97,1.416,-1.260,1.557,4.012,-0.488,4.190
128.98,1.675,-1.260,1.558,4.131,-0.486,4.191
128.99,1.914,-1.260,1.564,4.217,-0.485,4.192
129.00,1.627,-1.260,1.564,3.981,-0.484,4.190
129.01,1.708,-1.259,1.566,4.299,-0.483,4.193
129.02,1.372,-1.259,1.564,4.316,-0.484,4.194
129.03,1.757,-1.260,1.566,4.087,-0.484,4.192
129.04,1.877,-1.259,1.571,4.271,-0.484,4.194
129.05,1.605,-1.261,1.570,4.385,-0.484,4.196
129.06,1.589,-1.262,1.569,4.092,-0.484,4.195
129.07,1.650,-1.260,1.571,4.204,-0.482,4.197
129.08,1.455,-1.261,1.569,4.242,-0.482,4.198
129.09,1.508,-1.261,1.568,4.398,-0.482,4.200
129.10,1.570,-1.261,1.568,4.274,-0.480,4.203
129.11,1.493,-1.260,1.568,4.090,-0.480,4.202
129.12,1.708,-1.259,1.571,4.467,-0.480,4.205
129.13,1.484,-1.260,1.569,4.374,-0.479,4.208
129.14,1.177,-1.260,1.564,4.105,-0.481,4.206
129.15,1.390,-1.259,1.563,4.142,-0.481,4.205
129.16,1.625,-1.258,1.564,4.143,-0.480,4.204
129.17,1.338,-1.260,1.560,4.304,-0.478,4.208
129.18,1.348,-1.258,1.558,4.382,-0.478,4.210
129.19,1.750,-1.260,1.559,3.785,-0.479,4.204
129.20,1.636,-1.259,1.561,4.112,-0.479,4.203
129.21,1.464,-1.258,1.560,4.255,-0.479,4.203
129.22,1.504,-1.259,1.559,4.232,-0.481,4.202
129.23,1.742,-1.260,1.560,4.077,-0.481,4.201
129.24,1.772,-1.263,1.560,4.235,-0.480,4.202
129.25,1.798,-1.262,1.564,4.248,-0.479,4.203
129.26,1.392,-1.263,1.561,4.403,-0.479,4.206
129.27,1.429,-1.263,1.559,4.063,-0.479,4.205
129.28,1.547,-1.263,1.559,4.254,-0.479,4.205
129.29,1.624,-1.262,1.560,4.273,-0.480,4.205
129.30,1.600,-1.261,1.562,4.133,-0.480,4.204
129.31,1.621,-1.261,1.563,4.302,-0.480,4.206
129.32,1.659,-1.261,1.564,4.215,-0.479,4.206
129.33,1.614,-1.260,1.566,4.325,-0.478,4.209
129.34,1.485,-1.259,1.566,4.221,-0.478,4.209
129.35,1.681,-1.257,1.569,4.100,-0.477,4.209
129.36,1.429,-1.258,1.566,4.045,-0.479,4.205
129.37,1.473,-1.258,1.564,3.979,-0.480,4.201
129.38,1.579,-1.259,1.564,4.068,-0.479,4.201
129.39,1.479,-1.260,1.562,4.330,-0.478,4.203
129.40,1.850,-1.262,1.563,4.414,-0.478,4.206
129.41,1.558,-1.263,1.563,4.114,-0.478,4.205
129.42,1.339,-1.263,1.559,3.992,-0.477,4.203
129.43,1.802,-1.262,1.564,3.812,-0.477,4.198
129.44,1.654,-1.261,1.566,4.213,-0.477,4.198
129.45,1.338,-1.262,1.562,4.098,-0.476,4.198
129.46,1.493,-1.263,1.559,4.074,-0.477,4.195
129.47,1.561,-1.265,1.558,4.165,-0.476,4.195
129.48,1.587,-1.264,1.559,4.170,-0.475,4.196
129.49,1.767,-1.267,1.559,4.028,-0.476,4.193
129.50,1.485,-1.267,1.558,4.314,-0.476,4.195
129.51,1.629,-1.268,1.558,4.204,-0.474,4.196
129.52,1.448,-1.268,1.557,4.150,-0.475,4.195
129.53,1.901,-1.265,1.564,4.244,-0.475,4.195
129.54,1.234,-1.266,1.558,4.157,-0.474,4.196
129.55,1.500,-1.267,1.557,4.218,-0.475,4.196
129.56,1.900,-1.266,1.563,4.319,-0.475,4.197
129.57,1.586,-1.266,1.563,4.071,-0.474,4.196
129.58,1.594,-1.267,1.562,4.119,-0.474,4.195
129.59,1.586,-1.268,1.561,4.181,-0.472,4.196
129.60,1.935,-1.269,1.566,4.301,-0.472,4.199
129.61,1.354,-1.269,1.562,4.145,-0.472,4.197
129.62,1.444,-1.269,1.561,4.585,-0.473,4.202
129.63,1.658,-1.270,1.561,3.931,-0.472,4.199
129.64,1.768,-1.272,1.562,4.176,-0.471,4.199
129.65,1.788,-1.272,1.565,4.046,-0.472,4.196
129.66,1.913,-1.271,1.571,4.443,-0.471,4.201
129.67,1.596,-1.270,1.572,4.207,-0.471,4.201
129.68,1.538,-1.269,1.573,4.029,-0.471,4.198
129.69,1.448,-1.268,1.572,4.422,-0.472,4.201
129.70,1.718,-1.268,1.574,4.129,-0.472,4.199
129.71,1.705,-1.270,1.574,3.997,-0.472,4.197
129.72,1.499,-1.271,1.572,4.180,-0.472,4.196
129.73,1.770,-1.270,1.576,4.328,-0.472,4.198
129.74,1.392,-1.270,1.573,4.331,-0.474,4.198
129.75,1.794,-1.270,1.576,4.287,-0.475,4.199
129.76,1.890,-1.270,1.580,4.279,-0.475,4.199
129.77,1.620,-1.270,1.581,3.781,-0.475,4.194
129.78,1.503,-1.273,1.577,4.184,-0.476,4.192
129.79,1.446,-1.272,1.576,4.010,-0.477,4.189
129.80,1.461,-1.272,1.576,4.020,-0.477,4.187
129.81,1.499,-1.274,1.573,4.045,-0.478,4.184
129.82,1.446,-1.273,1.572,4.262,-0.476,4.187
129.83,1.464,-1.273,1.571,4.474,-0.476,4.191
129.84,1.685,-1.274,1.571,3.951,-0.476,4.187
129.85,1.756,-1.273,1.574,4.149,-0.476,4.187
129.86,1.545,-1.275,1.573,4.358,-0.477,4.187
129.87,1.512,-1.274,1.572,4.125,-0.478,4.186
129.88,1.649,-1.274,1.573,4.395,-0.478,4.189
129.89,1.814,-1.274,1.577,3.828,-0.477,4.185
129.90,1.659,-1.272,1.580,4.068,-0.478,4.183
129.91,1.432,-1.273,1.577,4.195,-0.479,4.181
129.92,1.646,-1.271,1.580,4.133,-0.480,4.180
129.93,1.674,-1.271,1.582,4.286,-0.481,4.180
129.94,1.394,-1.268,1.583,4.448,-0.481,4.184
129.95,1.423,-1.269,1.580,4.487,-0.481,4.188
129.96,1.550,-1.266,1.582,4.213,-0.481,4.188
129.97,1.542,-1.267,1.581,4.256,-0.481,4.189
129.98,1.733,-1.267,1.583,4.022,-0.481,4.187
130.00,1.854,-1.266,1.588,4.435,-0.481,4.189
130.01,1.539,-1.265,1.588,4.080,-0.482,4.188
130.02,1.540,-1.266,1.586,4.070,-0.481,4.187
130.03,1.503,-1.265,1.586,4.091,-0.481,4.185
130.04,1.536,-1.266,1.585,4.251,-0.483,4.185
130.05,1.601,-1.265,1.586,4.304,-0.481,4.188
130.06,1.240,-1.267,1.580,3.992,-0.479,4.187
130.07,1.494,-1.266,1.580,4.379,-0.480,4.189
130.07,1.654,-1.265,1.582,4.020,-0.478,4.189
130.09,1.464,-1.268,1.577,3.886,-0.477,4.185
130.10,1.386,-1.267,1.576,4.048,-0.479,4.182
130.11,1.434,-1.265,1.576,4.077,-0.480,4.179
130.12,1.436,-1.264,1.575,4.022,-0.480,4.176
130.13,1.540,-1.263,1.575,4.180,-0.480,4.177
130.14,1.396,-1.264,1.573,3.849,-0.481,4.172
130.15,1.504,-1.262,1.573,4.081,-0.479,4.172
130.15,1.458,-1.262,1.572,4.091,-0.479,4.171
130.17,1.405,-1.262,1.569,4.497,-0.478,4.176
130.18,1.519,-1.262,1.569,4.246,-0.478,4.177
130.19,1.399,-1.263,1.566,4.234,-0.478,4.177
130.20,1.428,-1.264,1.563,4.172,-0.480,4.175
130.21,1.448,-1.261,1.564,4.031,-0.478,4.175
130.22,1.639,-1.263,1.564,4.069,-0.479,4.173
130.23,1.321,-1.262,1.561,4.189,-0.478,4.174
130.24,1.583,-1.262,1.562,3.979,-0.480,4.170
130.25,1.553,-1.261,1.562,4.370,-0.480,4.172
130.26,1.734,-1.261,1.565,4.250,-0.479,4.174
130.27,1.645,-1.261,1.565,4.215,-0.479,4.174
130.28,1.526,-1.260,1.566,4.291,-0.479,4.176
130.29,1.460,-1.258,1.566,4.373,-0.480,4.177
130.30,1.587,-1.256,1.568,4.170,-0.481,4.176
130.31,1.660,-1.257,1.568,4.203,-0.479,4.178
130.32,1.736,-1.255,1.573,4.037,-0.480,4.175
130.33,1.420,-1.254,1.572,4.105,-0.482,4.172
130.34,1.595,-1.253,1.573,4.120,-0.482,4.171
130.35,1.603,-1.254,1.573,4.310,-0.481,4.174
130.36,1.350,-1.255,1.568,4.182,-0.481,4.174
130.37,1.653,-1.255,1.570,4.227,-0.480,4.176
130.38,1.353,-1.255,1.567,3.949,-0.477,4.175
130.39,1.606,-1.256,1.566,4.169,-0.477,4.175
130.40,1.903,-1.257,1.570,4.062,-0.476,4.174
130.41,1.647,-1.256,1.572,4.053,-0.476,4.173
130.42,1.364,-1.257,1.568,4.115,-0.476,4.172
130.43,1.547,-1.258,1.566,4.171,-0.477,4.171
130.44,1.557,-1.259,1.565,4.366,-0.478,4.173
130.45,1.228,-1.261,1.559,4.181,-0.478,4.172
130.46,1.453,-1.262,1.557,4.278,-0.480,4.171
130.47,1.537,-1.263,1.556,4.145,-0.481,4.170
130.48,1.770,-1.263,1.558,4.239,-0.479,4.173
130.49,1.751,-1.266,1.558,4.234,-0.479,4.174
130.50,1.405,-1.266,1.556,3.982,-0.479,4.172
130.51,1.480,-1.264,1.556,4.382,-0.480,4.173
130.52,1.507,-1.264,1.555,4.182,-0.480,4.173
130.53,1.482,-1.265,1.554,4.291,-0.480,4.175
130.54,1.489,-1.264,1.553,4.281,-0.480,4.176
130.55,1.599,-1.264,1.554,4.249,-0.480,4.176
130.56,1.299,-1.263,1.552,4.257,-0.481,4.177
130.57,1.596,-1.263,1.552,4.217,-0.481,4.177
130.58,1.502,-1.263,1.551,4.035,-0.482,4.175
130.59,1.713,-1.264,1.553,4.430,-0.480,4.179
130.60,1.410,-1.261,1.553,4.273,-0.480,4.181
130.61,1.795,-1.261,1.556,4.205,-0.480,4.181
130.62,1.447,-1.261,1.555,4.202,-0.480,4.181
130.63,1.643,-1.261,1.556,4.235,-0.480,4.182
130.64,1.365,-1.261,1.553,4.183,-0.480,4.182
130.65,1.594,-1.262,1.553,4.221,-0.480,4.182
130.66,1.483,-1.261,1.552,4.004,-0.481,4.179
130.67,1.431,-1.261,1.551,4.084,-0.480,4.178
130.68,1.656,-1.261,1.552,4.303,-0.479,4.181
130.69,1.735,-1.259,1.557,4.195,-0.482,4.178
130.70,1.537,-1.258,1.557,4.253,-0.481,4.180
130.71,1.721,-1.257,1.560,4.256,-0.483,4.180
130.72,1.377,-1.257,1.558,4.040,-0.482,4.178
130.73,1.497,-1.259,1.555,4.414,-0.482,4.182
130.74,1.729,-1.261,1.556,4.181,-0.481,4.182
130.75,1.398,-1.261,1.553,4.183,-0.481,4.182
130.76,1.682,-1.261,1.555,4.256,-0.481,4.183
130.77,1.784,-1.260,1.559,4.000,-0.481,4.181
130.78,1.467,-1.259,1.558,4.196,-0.482,4.180
130.79,1.404,-1.261,1.554,4.214,-0.482,4.181
130.80,1.374,-1.262,1.551,3.906,-0.481,4.178
130.81,1.610,-1.262,1.552,4.080,-0.482,4.175
130.82,1.408,-1.264,1.548,4.208,-0.481,4.176
130.83,1.685,-1.263,1.550,4.083,-0.482,4.175
130.84,1.545,-1.264,1.549,4.300,-0.482,4.176
130.85,1.542,-1.264,1.549,4.098,-0.482,4.175
130.86,1.477,-1.264,1.548,4.276,-0.481,4.177
130.87,1.857,-1.264,1.552,4.223,-0.481,4.178
130.88,1.238,-1.263,1.548,4.322,-0.480,4.180
130.89,1.645,-1.265,1.548,4.241,-0.482,4.179
130.90,1.703,-1.263,1.552,4.225,-0.484,4.178
130.91,1.648,-1.263,1.553,4.007,-0.485,4.175
130.92,1.513,-1.266,1.550,4.339,-0.485,4.177
130.93,1.678,-1.267,1.550,4.043,-0.485,4.175
130.94,1.368,-1.266,1.548,4.431,-0.485,4.178
130.95,1.356,-1.267,1.545,4.383,-0.485,4.181
130.96,1.670,-1.268,1.546,4.143,-0.485,4.181
130.97,1.727,-1.267,1.549,4.125,-0.486,4.179
130.98,1.576,-1.267,1.549,4.400,-0.486,4.182
130.99,1.518,-1.269,1.547,4.015,-0.487,4.179
131.00,1.457,-1.271,1.544,4.036,-0.487,4.177
131.01,1.655,-1.272,1.544,4.157,-0.487,4.176
131.02,1.823,-1.274,1.546,3.962,-0.487,4.174
131.03,1.372,-1.274,1.544,4.304,-0.487,4.176
131.04,1.675,-1.276,1.543,4.239,-0.487,4.176
131.05,1.605,-1.277,1.543,3.998,-0.489,4.171
131.06,1.515,-1.278,1.541,3.933,-0.490,4.168
131.07,1.463,-1.280,1.538,4.441,-0.489,4.172
131.08,1.509,-1.279,1.538,4.212,-0.489,4.173
131.09,1.647,-1.279,1.540,4.319,-0.488,4.175
131.10,1.406,-1.281,1.536,3.914,-0.490,4.170
131.11,1.478,-1.281,1.535,4.229,-0.489,4.171
131.12,1.727,-1.282,1.537,4.116,-0.489,4.171
131.13,1.522,-1.282,1.537,3.978,-0.490,4.168
131.14,1.525,-1.283,1.536,4.479,-0.491,4.171
131.15,1.410,-1.282,1.535,4.094,-0.491,4.170
131.16,1.572,-1.281,1.536,4.061,-0.490,4.169
131.17,1.619,-1.283,1.535,4.119,-0.488,4.170
131.18,1.494,-1.281,1.536,4.297,-0.488,4.172
131.19,1.523,-1.281,1.536,4.019,-0.488,4.170
131.20,1.866,-1.282,1.540,3.995,-0.488,4.168
131.21,1.598,-1.281,1.542,3.970,-0.487,4.165
131.22,1.576,-1.281,1.542,4.509,-0.487,4.171
131.23,1.577,-1.281,1.542,4.330,-0.485,4.174
131.24,1.741,-1.283,1.544,4.328,-0.485,4.176
131.25,1.876,-1.281,1.550,4.210,-0.485,4.177
131.26,1.612,-1.281,1.550,4.195,-0.484,4.178
131.27,1.734,-1.282,1.552,4.025,-0.484,4.175
131.28,1.457,-1.283,1.549,4.220,-0.484,4.177
131.29,1.591,-1.284,1.549,4.086,-0.483,4.177
131.30,1.647,-1.284,1.550,4.102,-0.481,4.177
131.31,1.733,-1.283,1.553,4.367,-0.482,4.179
131.32,1.637,-1.283,1.555,4.026,-0.482,4.177
131.33,1.441,-1.283,1.554,4.038,-0.481,4.175
131.34,1.604,-1.285,1.552,4.095,-0.483,4.173
131.35,1.633,-1.285,1.553,4.185,-0.482,4.173
131.36,1.654,-1.284,1.556,4.396,-0.483,4.176
131.37,1.718,-1.284,1.558,4.138,-0.483,4.175
131.38,1.676,-1.285,1.559,4.197,-0.484,4.175
131.39,1.484,-1.285,1.558,3.799,-0.483,4.171
131.40,1.497,-1.285,1.557,4.120,-0.481,4.171
131.41,1.566,-1.287,1.556,3.904,-0.481,4.168
131.42,1.350,-1.286,1.554,3.904,-0.480,4.165
131.43,1.565,-1.286,1.554,4.325,-0.479,4.168
131.44,1.710,-1.286,1.556,4.195,-0.480,4.168
131.45,1.642,-1.285,1.558,4.100,-0.479,4.167
131.46,1.703,-1.286,1.559,4.294,-0.479,4.169
131.47,1.545,-1.287,1.558,4.104,-0.479,4.168
131.48,1.767,-1.289,1.559,4.090,-0.479,4.167
131.49,1.645,-1.290,1.560,4.340,-0.480,4.168
131.50,1.592,-1.288,1.562,4.181,-0.479,4.170
131.51,1.704,-1.287,1.565,4.565,-0.479,4.174
131.53,1.517,-1.286,1.566,3.895,-0.479,4.171
131.54,1.383,-1.286,1.563,4.339,-0.478,4.174
131.55,1.577,-1.286,1.563,4.028,-0.479,4.171
131.56,1.470,-1.288,1.560,4.143,-0.477,4.172
131.57,1.406,-1.287,1.560,4.370,-0.478,4.174
131.58,1.618,-1.288,1.560,3.835,-0.477,4.170
131.59,1.633,-1.288,1.561,4.456,-0.476,4.175
131.60,1.511,-1.289,1.559,4.206,-0.475,4.176
131.61,1.575,-1.289,1.559,4.253,-0.476,4.176
131.62,1.665,-1.287,1.562,4.167,-0.478,4.174
131.63,1.516,-1.288,1.561,4.504,-0.476,4.181
131.64,1.405,-1.291,1.556,4.158,-0.476,4.180
131.65,1.775,-1.292,1.558,4.167,-0.476,4.179
131.66,1.493,-1.295,1.555,3.921,-0.476,4.177
131.67,1.448,-1.295,1.553,4.317,-0.476,4.178
131.68,1.485,-1.297,1.550,4.019,-0.475,4.177
131.69,1.568,-1.298,1.550,4.268,-0.475,4.178
131.70,1.647,-1.298,1.551,4.454,-0.476,4.181
131.71,1.574,-1.296,1.553,4.299,-0.477,4.181
131.72,1.813,-1.296,1.557,4.144,-0.477,4.181
131.73,1.454,-1.298,1.554,4.047,-0.477,4.179
131.74,1.453,-1.298,1.552,4.146,-0.476,4.180
131.75,1.415,-1.298,1.551,4.143,-0.476,4.179
131.76,1.538,-1.297,1.552,4.231,-0.475,4.180
131.77,1.528,-1.298,1.550,4.229,-0.476,4.180
131.78,1.518,-1.298,1.550,4.118,-0.476,4.180
131.79,1.535,-1.296,1.552,4.037,-0.475,4.178
131.80,1.779,-1.297,1.555,3.998,-0.475,4.176
131.81,1.689,-1.300,1.553,4.213,-0.474,4.177
131.82,1.661,-1.301,1.554,4.220,-0.475,4.177
131.83,1.733,-1.300,1.558,3.957,-0.475,4.174
131.84,1.310,-1.299,1.555,4.319,-0.476,4.175
131.85,1.629,-1.301,1.554,4.322,-0.475,4.178
131.86,1.356,-1.303,1.549,4.342,-0.473,4.181
131.87,1.731,-1.308,1.547,4.086,-0.472,4.181
131.88,1.351,-1.306,1.547,4.408,-0.473,4.183
131.89,1.487,-1.305,1.547,4.074,-0.474,4.181
131.90,1.661,-1.303,1.551,4.531,-0.474,4.185
131.91,1.526,-1.303,1.551,4.331,-0.475,4.186
131.92,1.591,-1.304,1.551,3.928,-0.473,4.185
131.93,1.631,-1.305,1.550,4.242,-0.472,4.187
131.94,1.433,-1.304,1.550,3.981,-0.472,4.183
131.95,1.664,-1.306,1.550,4.225,-0.472,4.184
131.96,1.532,-1.305,1.550,4.205,-0.471,4.186
131.97,1.751,-1.307,1.552,4.350,-0.471,4.188
131.98,1.419,-1.306,1.551,4.111,-0.470,4.187
131.99,1.670,-1.306,1.552,3.941,-0.471,4.184
132.00,1.604,-1.307,1.552,4.347,-0.471,4.186
132.01,1.463,-1.307,1.551,4.085,-0.471,4.184
132.02,1.557,-1.306,1.553,4.281,-0.470,4.186
132.03,1.289,-1.307,1.548,4.115,-0.471,4.185
132.04,1.442,-1.307,1.547,4.048,-0.471,4.183
132.05,1.541,-1.306,1.548,4.012,-0.472,4.179
132.06,1.510,-1.305,1.548,3.910,-0.473,4.174
132.07,1.792,-1.305,1.552,4.162,-0.474,4.174
132.08,1.535,-1.307,1.550,4.011,-0.474,4.171
132.09,1.338,-1.306,1.548,4.267,-0.475,4.172
132.10,1.639,-1.305,1.551,4.236,-0.475,4.172
132.11,1.570,-1.305,1.551,4.046,-0.477,4.169
132.12,1.444,-1.305,1.549,4.231,-0.476,4.171
132.13,1.500,-1.307,1.547,4.227,-0.476,4.170
132.14,1.731,-1.306,1.550,3.979,-0.477,4.167
132.15,1.788,-1.305,1.554,4.128,-0.477,4.166
132.16,1.736,-1.305,1.557,4.147,-0.476,4.167
132.17,1.556,-1.305,1.557,4.014,-0.478,4.163
132.18,1.719,-1.304,1.561,4.022,-0.479,4.160
132.19,1.657,-1.303,1.563,4.235,-0.478,4.163
132.20,1.754,-1.301,1.567,3.901,-0.477,4.160
132.21,1.683,-1.304,1.567,4.223,-0.477,4.161
132.22,1.648,-1.303,1.568,4.148,-0.476,4.161
132.23,1.565,-1.302,1.570,3.998,-0.477,4.157
132.24,1.336,-1.303,1.566,4.053,-0.477,4.156
132.25,1.542,-1.302,1.567,4.282,-0.478,4.157
132.26,1.566,-1.301,1.568,4.062,-0.476,4.157
132.27,1.613,-1.299,1.571,4.295,-0.477,4.158
132.28,1.760,-1.298,1.574,4.181,-0.477,4.159
132.29,1.357,-1.297,1.573,4.223,-0.477,4.158
132.30,1.324,-1.296,1.571,4.260,-0.479,4.158
132.31,1.516,-1.296,1.570,4.328,-0.479,4.160
132.32,1.472,-1.297,1.568,4.195,-0.479,4.160
132.33,1.529,-1.297,1.568,4.021,-0.479,4.159
132.34,1.591,-1.298,1.567,4.280,-0.480,4.159
132.35,1.434,-1.296,1.568,4.247,-0.481,4.159
132.36,1.634,-1.296,1.568,4.055,-0.481,4.158
132.37,1.366,-1.297,1.565,4.185,-0.481,4.158
132.38,1.506,-1.296,1.565,4.504,-0.481,4.162
132.39,1.449,-1.297,1.563,4.344,-0.481,4.165
132.40,1.679,-1.296,1.565,4.298,-0.481,4.166
132.41,1.595,-1.297,1.565,4.291,-0.482,4.167
132.42,1.771,-1.296,1.569,4.221,-0.482,4.168
132.43,1.508,-1.297,1.567,4.216,-0.482,4.168
132.44,1.652,-1.298,1.567,4.147,-0.481,4.168
132.45,1.631,-1.300,1.567,4.353,-0.482,4.170
132.46,1.652,-1.300,1.568,4.139,-0.485,4.167
132.47,1.462,-1.299,1.568,4.243,-0.484,4.169
132.48,1.486,-1.300,1.566,4.321,-0.486,4.169
132.49,1.297,-1.300,1.562,4.009,-0.487,4.166
132.50,1.624,-1.300,1.563,3.998,-0.486,4.164
132.51,1.295,-1.300,1.560,4.403,-0.484,4.169
132.52,1.348,-1.300,1.557,4.240,-0.486,4.169
132.53,1.559,-1.303,1.554,4.033,-0.486,4.167
132.54,1.606,-1.303,1.555,4.244,-0.485,4.168
132.55,1.557,-1.303,1.555,4.205,-0.486,4.168
132.56,1.767,-1.305,1.556,4.197,-0.487,4.167
132.57,1.904,-1.305,1.561,4.121,-0.485,4.169
132.58,1.583,-1.305,1.561,4.659,-0.485,4.175
132.59,1.789,-1.306,1.564,4.164,-0.485,4.175
132.60,1.463,-1.307,1.562,4.185,-0.486,4.175
132.61,1.625,-1.308,1.561,4.109,-0.487,4.173
132.62,1.698,-1.308,1.563,4.234,-0.486,4.174
132.63,1.703,-1.308,1.565,4.379,-0.486,4.177
132.64,1.483,-1.310,1.562,4.244,-0.487,4.177
132.65,1.601,-1.310,1.563,4.446,-0.487,4.180
132.66,1.593,-1.309,1.564,4.419,-0.488,4.183
132.67,1.100,-1.311,1.556,4.315,-0.486,4.187
132.68,1.530,-1.312,1.555,3.874,-0.486,4.183
132.69,1.658,-1.313,1.556,4.140,-0.486,4.182
132.70,1.559,-1.313,1.556,4.018,-0.486,4.180
132.71,1.685,-1.315,1.556,4.422,-0.485,4.184
132.72,1.734,-1.316,1.557,4.418,-0.485,4.188
132.73,1.604,-1.317,1.558,4.272,-0.485,4.189
132.74,1.550,-1.314,1.561,4.142,-0.485,4.188
132.75,1.698,-1.314,1.562,4.345,-0.484,4.191
132.76,1.706,-1.314,1.564,4.195,-0.484,4.191
132.77,1.663,-1.315,1.564,4.186,-0.485,4.190
132.78,1.669,-1.316,1.565,4.117,-0.485,4.190
132.79,1.678,-1.314,1.569,4.044,-0.484,4.188
132.80,1.429,-1.314,1.567,4.280,-0.483,4.190
132.81,1.703,-1.316,1.568,4.210,-0.484,4.190
132.82,1.706,-1.319,1.567,4.126,-0.483,4.190
132.83,1.315,-1.319,1.563,4.349,-0.485,4.191
132.84,1.629,-1.318,1.566,4.298,-0.484,4.193
132.85,1.543,-1.319,1.564,4.426,-0.484,4.196
132.86,1.404,-1.321,1.561,4.116,-0.484,4.196
132.87,1.717,-1.320,1.564,4.304,-0.484,4.197
132.88,1.954,-1.320,1.569,4.203,-0.484,4.197
132.89,1.565,-1.321,1.569,4.260,-0.483,4.199
132.90,1.705,-1.321,1.570,4.096,-0.484,4.197
132.91,1.431,-1.322,1.567,4.237,-0.482,4.200
132.92,1.651,-1.323,1.568,4.097,-0.480,4.200
132.94,1.556,-1.323,1.568,4.219,-0.480,4.200
132.94,1.804,-1.323,1.572,4.216,-0.480,4.201
132.95,1.673,-1.323,1.573,4.306,-0.479,4.204
132.96,1.618,-1.324,1.573,4.209,-0.479,4.203
132.97,1.649,-1.325,1.573,4.216,-0.479,4.204
132.98,1.538,-1.325,1.573,4.103,-0.479,4.203
132.99,1.696,-1.326,1.574,3.966,-0.477,4.201
133.00,1.672,-1.327,1.575,4.308,-0.477,4.203
133.01,1.531,-1.330,1.572,4.177,-0.478,4.202
133.02,1.074,-1.332,1.563,4.160,-0.478,4.202
133.03,1.487,-1.331,1.564,3.891,-0.477,4.199
133.04,1.734,-1.330,1.567,4.167,-0.476,4.199
133.05,1.657,-1.331,1.568,4.211,-0.477,4.198
133.07,1.470,-1.330,1.567,4.189,-0.475,4.200
133.08,1.380,-1.328,1.567,4.060,-0.477,4.197
133.09,1.750,-1.328,1.570,4.605,-0.478,4.201
133.10,1.815,-1.326,1.576,4.363,-0.477,4.204
133.11,1.596,-1.325,1.577,4.219,-0.476,4.205
133.12,1.543,-1.323,1.579,3.897,-0.478,4.200
133.13,1.689,-1.324,1.579,4.262,-0.479,4.199
133.14,1.431,-1.325,1.577,4.402,-0.480,4.201
133.15,1.688,-1.325,1.578,4.142,-0.481,4.200
133.16,1.334,-1.324,1.577,4.194,-0.481,4.200
133.17,1.448,-1.324,1.575,3.955,-0.482,4.196
133.18,1.485,-1.325,1.573,4.130,-0.482,4.195
133.19,1.553,-1.326,1.573,3.979,-0.480,4.194
133.20,1.620,-1.324,1.575,4.371,-0.480,4.196
133.21,1.436,-1.325,1.572,3.971,-0.479,4.194
133.22,1.492,-1.325,1.571,3.929,-0.480,4.190
133.23,1.440,-1.327,1.569,4.066,-0.481,4.188
133.24,1.529,-1.328,1.567,4.331,-0.481,4.189
133.25,1.650,-1.328,1.568,4.085,-0.481,4.188
133.26,1.782,-1.328,1.571,4.308,-0.481,4.190
133.27,1.562,-1.328,1.572,4.086,-0.481,4.188
133.28,1.450,-1.325,1.573,4.120,-0.480,4.188
133.29,1.795,-1.327,1.574,4.181,-0.479,4.189
133.30,1.540,-1.327,1.573,4.235,-0.481,4.189
133.31,1.449,-1.329,1.571,4.256,-0.480,4.190
133.32,1.591,-1.329,1.571,3.828,-0.479,4.186
133.33,1.569,-1.330,1.570,4.211,-0.478,4.187
133.34,1.158,-1.329,1.566,4.125,-0.476,4.188
133.35,1.660,-1.331,1.566,4.203,-0.475,4.189
133.36,1.626,-1.331,1.567,4.305,-0.476,4.190
133.37,1.518,-1.331,1.566,4.091,-0.477,4.189
133.38,1.567,-1.330,1.567,4.138,-0.476,4.189
133.39,1.440,-1.330,1.565,4.229,-0.476,4.189
133.40,1.575,-1.329,1.567,4.178,-0.476,4.189
133.41,1.684,-1.328,1.570,3.998,-0.475,4.187
133.42,1.644,-1.328,1.571,4.247,-0.474,4.189
133.43,1.560,-1.328,1.571,3.972,-0.475,4.186
133.44,1.563,-1.329,1.570,4.028,-0.475,4.183
133.45,1.507,-1.330,1.568,4.328,-0.475,4.185
133.46,1.653,-1.333,1.567,4.150,-0.474,4.186
133.47,1.562,-1.334,1.566,4.270,-0.476,4.185
133.48,1.523,-1.335,1.565,4.232,-0.474,4.187
133.49,1.738,-1.333,1.570,4.211,-0.475,4.187
133.50,1.785,-1.333,1.572,4.314,-0.474,4.190
133.51,1.682,-1.333,1.574,4.247,-0.474,4.191
133.52,1.797,-1.331,1.580,4.081,-0.473,4.189
133.53,1.507,-1.331,1.578,3.905,-0.473,4.185
133.54,1.707,-1.331,1.580,4.163,-0.474,4.184
133.55,1.515,-1.332,1.579,4.043,-0.473,4.184
133.56,1.363,-1.333,1.576,4.337,-0.473,4.185
133.57,1.398,-1.334,1.572,4.451,-0.473,4.189
133.58,1.523,-1.334,1.572,4.322,-0.473,4.191
133.59,1.700,-1.336,1.572,4.096,-0.474,4.189
133.60,1.571,-1.336,1.573,4.122,-0.473,4.189
133.61,1.382,-1.333,1.573,4.110,-0.474,4.187
133.62,1.614,-1.333,1.573,4.214,-0.474,4.187
133.63,1.418,-1.335,1.570,3.849,-0.474,4.182
133.64,1.709,-1.333,1.573,4.277,-0.474,4.184
133.65,1.386,-1.334,1.570,4.073,-0.473,4.184
133.66,1.597,-1.334,1.571,4.278,-0.473,4.185
133.67,1.448,-1.335,1.569,4.342,-0.471,4.189
133.68,1.738,-1.336,1.570,4.202,-0.471,4.188
133.69,1.165,-1.335,1.566,4.075,-0.471,4.187
133.70,1.834,-1.335,1.570,3.822,-0.470,4.183
133.71,1.507,-1.333,1.571,4.351,-0.471,4.184
133.72,1.426,-1.332,1.571,4.425,-0.472,4.187
133.73,1.565,-1.330,1.573,4.193,-0.473,4.186
133.74,1.588,-1.331,1.572,4.039,-0.472,4.184
133.75,1.517,-1.332,1.571,4.157,-0.472,4.184
133.76,1.577,-1.333,1.570,4.090,-0.472,4.183
133.77,1.591,-1.333,1.570,3.913,-0.472,4.179
133.78,1.593,-1.334,1.570,4.324,-0.473,4.180
133.79,1.813,-1.334,1.574,4.162,-0.471,4.182
133.80,1.412,-1.333,1.573,4.149,-0.470,4.182
133.81,1.467,-1.332,1.572,4.096,-0.470,4.182
133.82,1.621,-1.332,1.573,4.098,-0.470,4.180
133.83,1.491,-1.332,1.572,4.002,-0.470,4.177
133.84,1.774,-1.332,1.575,4.071,-0.470,4.176
133.85,1.751,-1.331,1.578,4.182,-0.470,4.177
133.86,1.703,-1.332,1.579,4.019,-0.470,4.174
133.87,1.481,-1.331,1.579,4.083,-0.471,4.172
133.88,1.521,-1.333,1.577,4.435,-0.470,4.176
133.89,1.533,-1.334,1.575,4.065,-0.470,4.175
133.90,1.562,-1.334,1.576,4.427,-0.470,4.178
133.91,1.439,-1.334,1.573,4.398,-0.469,4.181
133.92,1.210,-1.334,1.569,3.978,-0.470,4.178
133.93,1.511,-1.335,1.568,4.485,-0.471,4.181
133.94,1.364,-1.335,1.565,4.349,-0.470,4.184
133.95,1.607,-1.337,1.564,4.039,-0.471,4.181
133.96,1.656,-1.335,1.568,4.232,-0.470,4.183
133.97,1.469,-1.336,1.565,4.042,-0.470,4.181
133.98,1.608,-1.336,1.566,4.075,-0.470,4.179
133.99,1.614,-1.335,1.568,4.325,-0.470,4.181
134.00,1.403,-1.336,1.565,4.223,-0.470,4.181
134.01,1.537,-1.335,1.565,4.077,-0.470,4.180
134.02,1.272,-1.336,1.561,4.152,-0.468,4.182
134.03,1.786,-1.336,1.563,3.941,-0.469,4.177
134.04,1.379,-1.338,1.559,3.977,-0.469,4.175
134.05,1.400,-1.340,1.556,3.944,-0.469,4.172
134.06,1.515,-1.338,1.557,4.252,-0.469,4.173
134.07,1.540,-1.338,1.557,4.397,-0.469,4.175
134.08,1.710,-1.337,1.560,4.000,-0.469,4.173
134.09,1.685,-1.336,1.563,4.302,-0.469,4.174
134.10,1.743,-1.336,1.566,3.710,-0.470,4.168
134.11,1.491,-1.334,1.567,4.217,-0.469,4.168
134.12,1.654,-1.335,1.567,3.902,-0.470,4.164
134.13,1.650,-1.334,1.569,3.987,-0.469,4.163
134.14,1.592,-1.333,1.570,4.013,-0.469,4.161
134.15,1.660,-1.334,1.571,4.194,-0.469,4.161
134.16,1.832,-1.335,1.574,4.259,-0.469,4.162
134.17,1.678,-1.335,1.575,4.309,-0.468,4.165
134.18,1.685,-1.336,1.576,4.220,-0.469,4.165
134.19,1.691,-1.337,1.576,4.403,-0.468,4.168
134.20,1.638,-1.336,1.579,4.128,-0.469,4.167
134.21,1.799,-1.334,1.583,4.190,-0.469,4.166
134.22,1.697,-1.334,1.586,4.188,-0.470,4.166
134.23,1.677,-1.334,1.587,4.268,-0.470,4.167
134.24,1.712,-1.334,1.589,4.281,-0.471,4.168
134.25,1.807,-1.333,1.592,4.183,-0.470,4.169
134.26,1.791,-1.333,1.595,4.328,-0.468,4.173
134.27,1.357,-1.334,1.592,4.069,-0.466,4.173
134.28,1.624,-1.335,1.592,4.312,-0.466,4.175
134.29,1.676,-1.335,1.593,4.241,-0.465,4.176
134.30,1.433,-1.336,1.590,3.652,-0.467,4.168
134.31,1.755,-1.336,1.593,4.252,-0.467,4.169
134.32,1.255,-1.337,1.588,4.351,-0.465,4.173
134.33,1.722,-1.336,1.591,4.125,-0.464,4.173
134.34,1.467,-1.334,1.591,3.988,-0.464,4.171
134.35,1.709,-1.333,1.594,4.215,-0.464,4.171
134.36,1.506,-1.333,1.593,4.361,-0.465,4.173
134.37,1.695,-1.332,1.595,4.122,-0.464,4.172
134.38,1.437,-1.332,1.593,3.793,-0.465,4.167
134.39,1.399,-1.333,1.591,4.018,-0.464,4.165
134.40,1.446,-1.333,1.588,4.237,-0.465,4.166
134.41,1.739,-1.333,1.591,4.229,-0.465,4.166
134.42,1.481,-1.334,1.589,4.302,-0.465,4.168
134.43,1.820,-1.332,1.594,4.230,-0.465,4.168
134.45,1.480,-1.333,1.592,4.092,-0.465,4.167
134.45,1.371,-1.331,1.591,3.815,-0.465,4.162
134.47,1.828,-1.331,1.595,4.205,-0.466,4.162
134.48,1.501,-1.330,1.594,4.238,-0.465,4.164
134.48,1.768,-1.331,1.596,4.369,-0.467,4.165
134.49,1.712,-1.331,1.598,4.611,-0.468,4.169
134.51,1.449,-1.330,1.597,4.428,-0.467,4.173
134.52,1.550,-1.331,1.596,4.093,-0.466,4.173
134.52,1.460,-1.332,1.594,4.358,-0.467,4.174
134.54,1.407,-1.332,1.591,4.264,-0.468,4.175
134.55,1.578,-1.333,1.590,4.092,-0.467,4.174
134.56,1.593,-1.333,1.590,3.908,-0.468,4.170
134.57,1.718,-1.333,1.592,4.333,-0.468,4.172
134.58,1.873,-1.334,1.595,4.205,-0.468,4.172
134.59,1.695,-1.333,1.597,4.143,-0.469,4.171
134.60,1.676,-1.333,1.599,4.048,-0.468,4.170
134.61,1.407,-1.334,1.596,3.902,-0.469,4.166
134.62,1.463,-1.335,1.594,4.136,-0.468,4.166
134.63,1.585,-1.334,1.594,4.080,-0.470,4.163
134.64,1.625,-1.334,1.595,4.361,-0.471,4.164
134.65,1.709,-1.335,1.595,3.872,-0.472,4.159
134.66,1.492,-1.337,1.593,4.304,-0.471,4.162
134.67,1.517,-1.338,1.591,4.087,-0.472,4.160
134.68,1.596,-1.338,1.591,4.184,-0.471,4.161
134.69,1.457,-1.340,1.588,4.155,-0.471,4.161
134.70,1.722,-1.340,1.589,4.255,-0.472,4.161
134.71,1.951,-1.342,1.593,4.129,-0.472,4.161
134.72,1.654,-1.343,1.593,4.163,-0.472,4.160
134.73,1.351,-1.342,1.591,4.402,-0.472,4.164
134.74,1.180,-1.341,1.587,4.260,-0.472,4.165
134.75,1.508,-1.340,1.587,4.215,-0.471,4.166
134.76,1.711,-1.342,1.587,4.291,-0.472,4.167
134.77,1.771,-1.340,1.591,4.257,-0.473,4.167
134.78,1.774,-1.338,1.596,4.189,-0.472,4.168
134.79,1.854,-1.339,1.599,4.143,-0.473,4.167
134.80,1.453,-1.339,1.597,4.244,-0.472,4.169
134.81,1.560,-1.338,1.597,4.467,-0.473,4.172
134.82,1.373,-1.338,1.595,4.459,-0.472,4.176
134.83,1.578,-1.339,1.594,4.187,-0.471,4.177
134.84,1.433,-1.339,1.592,4.207,-0.471,4.177
134.85,1.645,-1.339,1.593,3.948,-0.471,4.175
134.86,1.621,-1.339,1.594,4.359,-0.473,4.175
134.87,1.646,-1.339,1.595,4.412,-0.473,4.179
134.88,1.640,-1.339,1.595,4.094,-0.472,4.178
134.89,1.766,-1.341,1.596,4.051,-0.472,4.176
134.90,1.771,-1.341,1.598,4.197,-0.472,4.177
134.91,1.764,-1.341,1.601,3.928,-0.472,4.174
134.92,1.448,-1.342,1.598,4.149,-0.472,4.173
134.93,1.776,-1.345,1.598,4.175,-0.472,4.173
134.94,1.575,-1.346,1.597,4.275,-0.472,4.174
134.95,1.688,-1.346,1.599,4.177,-0.473,4.174
134.96,1.866,-1.345,1.603,3.955,-0.472,4.171
134.97,1.436,-1.348,1.598,4.177,-0.471,4.173
134.98,1.443,-1.347,1.597,4.302,-0.470,4.175
134.99,1.716,-1.349,1.597,4.343,-0.472,4.176
135.00,1.591,-1.349,1.598,4.179,-0.473,4.174
135.01,1.592,-1.348,1.599,3.990,-0.473,4.172
135.02,1.521,-1.348,1.598,4.450,-0.474,4.174
135.03,1.475,-1.350,1.594,4.652,-0.475,4.180
135.04,1.814,-1.352,1.596,3.947,-0.478,4.174
135.05,1.495,-1.354,1.593,4.190,-0.477,4.175
135.06,1.648,-1.354,1.594,3.789,-0.478,4.169
135.07,1.759,-1.355,1.596,4.067,-0.477,4.168
135.08,2.018,-1.357,1.599,4.166,-0.477,4.168
135.09,1.719,-1.356,1.602,4.312,-0.477,4.171
135.10,1.448,-1.357,1.599,4.301,-0.476,4.173
135.11,1.568,-1.359,1.598,4.231,-0.477,4.173
135.12,1.562,-1.361,1.596,4.210,-0.474,4.176
135.13,1.417,-1.360,1.594,4.265,-0.474,4.178
135.14,1.521,-1.362,1.592,3.795,-0.473,4.174
135.15,1.646,-1.361,1.593,4.293,-0.473,4.175
135.16,1.440,-1.361,1.592,4.590,-0.473,4.181
135.17,1.644,-1.362,1.592,4.152,-0.473,4.180
135.18,1.661,-1.363,1.592,3.917,-0.473,4.176
135.19,1.380,-1.363,1.590,4.513,-0.474,4.180
135.20,1.730,-1.365,1.590,4.279,-0.472,4.183
135.21,1.456,-1.366,1.587,4.250,-0.472,4.184
135.22,1.624,-1.367,1.587,3.680,-0.471,4.179
135.23,1.321,-1.367,1.584,4.175,-0.470,4.179
135.24,1.805,-1.369,1.586,4.364,-0.468,4.184
135.25,1.956,-1.368,1.592,4.369,-0.468,4.186
135.26,1.539,-1.367,1.592,4.298,-0.470,4.186
135.27,1.485,-1.369,1.589,4.212,-0.470,4.186
135.28,1.656,-1.371,1.588,4.472,-0.471,4.189
135.29,1.685,-1.371,1.590,3.928,-0.470,4.187
135.30,1.575,-1.371,1.589,4.280,-0.471,4.187
135.31,1.549,-1.371,1.590,4.283,-0.470,4.189
135.32,1.696,-1.370,1.592,4.301,-0.470,4.190
135.33,1.614,-1.370,1.593,4.200,-0.469,4.192
135.34,1.569,-1.370,1.593,4.392,-0.468,4.196
135.35,1.569,-1.371,1.592,3.875,-0.466,4.193
135.36,1.616,-1.373,1.590,4.036,-0.465,4.192
135.37,1.879,-1.372,1.596,4.276,-0.465,4.193
135.38,1.871,-1.372,1.600,4.019,-0.464,4.192
135.39,1.554,-1.373,1.598,4.104,-0.463,4.192
135.40,1.628,-1.375,1.597,4.092,-0.462,4.192
135.41,1.355,-1.375,1.594,4.031,-0.462,4.190
135.42,1.714,-1.374,1.597,4.228,-0.461,4.191
135.43,1.529,-1.375,1.596,4.222,-0.460,4.192
135.44,1.419,-1.376,1.593,4.037,-0.459,4.191
135.45,1.448,-1.375,1.592,4.243,-0.458,4.193
135.46,1.534,-1.376,1.591,4.067,-0.458,4.191
135.47,1.362,-1.376,1.588,4.344,-0.459,4.193
135.48,1.656,-1.375,1.591,4.343,-0.458,4.195
135.49,1.694,-1.377,1.590,4.262,-0.459,4.195
135.50,1.654,-1.376,1.592,4.516,-0.459,4.199
135.51,1.570,-1.379,1.590,4.146,-0.460,4.198
135.52,1.672,-1.380,1.590,3.970,-0.459,4.196
135.53,1.468,-1.380,1.588,4.213,-0.460,4.195
135.54,1.498,-1.380,1.588,4.279,-0.460,4.197
135.55,1.386,-1.380,1.585,4.267,-0.459,4.198
135.56,1.572,-1.381,1.585,4.060,-0.459,4.197
135.57,1.569,-1.380,1.585,4.128,-0.460,4.195
135.58,1.798,-1.378,1.590,4.298,-0.459,4.197
135.59,1.262,-1.380,1.585,3.985,-0.458,4.195
135.60,1.445,-1.380,1.583,4.273,-0.459,4.195
135.61,1.440,-1.378,1.583,4.367,-0.460,4.196
135.62,1.842,-1.377,1.588,4.173,-0.461,4.195
135.63,1.627,-1.378,1.587,4.291,-0.461,4.196
135.64,1.599,-1.380,1.586,3.997,-0.462,4.193
135.65,1.594,-1.379,1.588,3.985,-0.463,4.189
135.66,1.288,-1.379,1.584,4.239,-0.465,4.188
135.67,1.394,-1.376,1.584,4.194,-0.464,4.189
135.68,1.615,-1.377,1.584,3.961,-0.464,4.186
135.69,1.760,-1.375,1.589,4.112,-0.464,4.185
135.70,1.497,-1.377,1.586,3.942,-0.464,4.182
135.71,1.619,-1.377,1.587,4.009,-0.464,4.180
135.72,1.651,-1.378,1.587,3.988,-0.464,4.177
135.73,1.580,-1.376,1.589,3.939,-0.465,4.173
135.74,1.511,-1.377,1.587,4.141,-0.463,4.174
135.75,1.661,-1.377,1.588,4.424,-0.464,4.176
135.76,1.610,-1.379,1.587,4.287,-0.463,4.179
135.77,1.566,-1.378,1.588,3.893,-0.461,4.176
135.78,1.623,-1.379,1.588,4.173,-0.461,4.177
135.79,1.621,-1.379,1.588,4.167,-0.461,4.177
135.80,1.317,-1.376,1.588,4.020,-0.461,4.175
135.81,1.151,-1.377,1.582,4.253,-0.461,4.175
135.82,1.290,-1.377,1.578,4.213,-0.462,4.175
135.83,1.478,-1.376,1.578,4.219,-0.462,4.176
135.84,1.841,-1.378,1.580,4.281,-0.463,4.176
135.85,1.600,-1.376,1.582,4.250,-0.463,4.176
135.86,1.428,-1.375,1.581,4.244,-0.464,4.176
135.87,1.851,-1.376,1.583,4.353,-0.464,4.179
135.88,1.535,-1.375,1.584,4.166,-0.465,4.178
135.89,1.497,-1.375,1.584,4.345,-0.463,4.181
135.90,1.801,-1.375,1.586,4.135,-0.462,4.182
135.91,1.558,-1.373,1.588,4.098,-0.462,4.181
135.92,1.330,-1.373,1.585,3.916,-0.462,4.178
135.93,1.700,-1.374,1.586,4.071,-0.461,4.176
135.94,1.551,-1.375,1.585,4.087,-0.460,4.176
135.95,1.530,-1.376,1.583,4.298,-0.460,4.178
135.96,1.266,-1.375,1.580,4.384,-0.459,4.182
135.98,1.388,-1.375,1.578,4.178,-0.458,4.182
135.99,1.724,-1.375,1.580,4.359,-0.457,4.185
136.00,1.329,-1.375,1.577,4.084,-0.458,4.184
136.01,1.722,-1.377,1.576,4.172,-0.459,4.182
136.02,1.341,-1.375,1.575,4.316,-0.457,4.186
136.03,1.750,-1.375,1.578,4.255,-0.456,4.188
136.04,1.774,-1.374,1.582,4.190,-0.456,4.188
136.05,1.430,-1.375,1.579,4.309,-0.455,4.190
136.06,1.706,-1.377,1.579,4.410,-0.457,4.192
136.07,1.482,-1.377,1.577,4.350,-0.458,4.193
136.08,1.275,-1.377,1.574,4.296,-0.458,4.194
136.09,1.662,-1.378,1.574,4.233,-0.459,4.193
136.10,1.621,-1.377,1.576,4.275,-0.458,4.196
136.11,1.537,-1.376,1.577,4.404,-0.458,4.198
136.12,1.776,-1.376,1.580,4.496,-0.458,4.202
136.13,1.774,-1.376,1.582,4.348,-0.458,4.204
136.14,1.577,-1.378,1.581,4.207,-0.458,4.204
136.15,1.767,-1.376,1.585,3.972,-0.458,4.201
136.16,1.515,-1.378,1.583,4.299,-0.458,4.203
136.17,1.347,-1.377,1.580,4.135,-0.457,4.203
136.18,1.296,-1.379,1.575,4.148,-0.457,4.202
136.19,1.677,-1.378,1.577,4.427,-0.456,4.206
136.20,1.520,-1.379,1.576,4.012,-0.456,4.204
136.21,1.689,-1.379,1.578,4.190,-0.455,4.204
136.22,1.525,-1.380,1.575,4.326,-0.456,4.205
136.23,1.859,-1.382,1.578,3.961,-0.455,4.203
136.24,1.681,-1.381,1.580,3.956,-0.455,4.199
136.25,1.771,-1.380,1.584,4.306,-0.457,4.199
136.26,1.788,-1.378,1.589,4.179,-0.458,4.198
136.27,1.670,-1.378,1.590,4.373,-0.459,4.199
136.28,1.607,-1.378,1.590,4.271,-0.458,4.201
136.29,1.235,-1.379,1.585,3.991,-0.459,4.198
136.30,1.612,-1.381,1.584,4.204,-0.458,4.199
136.31,1.489,-1.382,1.582,4.063,-0.457,4.197
136.32,1.322,-1.381,1.580,4.286,-0.457,4.199
136.33,1.770,-1.382,1.581,4.456,-0.458,4.202
136.34,1.694,-1.382,1.583,4.106,-0.456,4.202
136.35,1.264,-1.384,1.577,4.233,-0.454,4.204
136.36,1.860,-1.384,1.581,4.448,-0.454,4.208
136.37,1.405,-1.383,1.579,4.263,-0.454,4.209
136.38,1.439,-1.381,1.579,4.158,-0.455,4.207
136.39,1.670,-1.381,1.582,4.224,-0.455,4.208
136.40,1.649,-1.383,1.580,4.008,-0.454,4.206
136.41,1.460,-1.384,1.578,4.136,-0.454,4.205
136.42,1.647,-1.381,1.582,4.320,-0.453,4.208
136.43,1.645,-1.383,1.581,4.058,-0.454,4.204
136.44,1.519,-1.384,1.579,4.142,-0.456,4.202
136.45,1.584,-1.383,1.581,4.105,-0.456,4.201
136.46,1.798,-1.383,1.583,4.371,-0.457,4.202
136.47,1.564,-1.384,1.583,4.275,-0.460,4.200
136.48,1.518,-1.385,1.581,4.225,-0.461,4.200
136.49,1.763,-1.387,1.582,3.924,-0.461,4.196
136.50,1.558,-1.386,1.582,3.834,-0.460,4.192
136.51,1.527,-1.388,1.580,4.183,-0.460,4.192
136.52,1.720,-1.389,1.581,4.277,-0.460,4.193
136.53,1.533,-1.387,1.583,4.244,-0.459,4.194
136.54,1.856,-1.387,1.587,4.147,-0.460,4.193
136.55,1.445,-1.389,1.582,4.105,-0.458,4.193
136.56,1.673,-1.389,1.584,4.316,-0.459,4.195
136.57,1.826,-1.388,1.588,3.984,-0.458,4.193
136.58,1.327,-1.388,1.585,4.099,-0.459,4.191
136.59,1.647,-1.389,1.585,4.127,-0.460,4.189
136.60,1.688,-1.388,1.588,4.142,-0.458,4.190
136.61,1.408,-1.390,1.584,4.048,-0.459,4.187
136.62,1.600,-1.388,1.587,4.152,-0.460,4.186
136.63,1.388,-1.389,1.583,4.221,-0.460,4.186
136.64,1.688,-1.389,1.584,4.514,-0.461,4.190
136.65,1.580,-1.390,1.584,4.264,-0.460,4.192
136.66,1.350,-1.386,1.585,3.861,-0.460,4.187
136.67,1.787,-1.387,1.587,4.125,-0.460,4.186
136.68,1.657,-1.387,1.587,3.885,-0.461,4.181
136.69,1.518,-1.388,1.586,4.118,-0.462,4.180
136.70,1.863,-1.389,1.589,4.489,-0.462,4.183
136.71,1.531,-1.390,1.587,4.210,-0.463,4.183
136.72,1.542,-1.391,1.586,4.364,-0.460,4.187
136.73,1.534,-1.392,1.585,4.346,-0.460,4.190
136.74,1.351,-1.392,1.581,4.361,-0.460,4.192
136.75,1.547,-1.392,1.581,4.060,-0.461,4.189
136.76,1.543,-1.392,1.581,4.161,-0.460,4.190
136.77,1.626,-1.395,1.579,3.928,-0.459,4.187
136.78,1.710,-1.393,1.582,4.179,-0.460,4.186
136.79,1.557,-1.392,1.583,4.122,-0.461,4.185
136.80,1.673,-1.392,1.585,4.381,-0.462,4.186
136.81,1.662,-1.393,1.586,4.259,-0.464,4.185
136.82,1.580,-1.394,1.585,4.215,-0.465,4.184
136.83,1.748,-1.394,1.586,4.250,-0.467,4.184
136.84,1.672,-1.395,1.587,4.209,-0.468,4.183
136.85,1.708,-1.395,1.589,4.080,-0.468,4.181
136.86,1.233,-1.394,1.585,4.307,-0.469,4.182
136.87,1.654,-1.394,1.587,4.465,-0.468,4.187
136.88,1.592,-1.392,1.588,4.049,-0.469,4.184
136.89,1.515,-1.393,1.587,3.933,-0.468,4.181
136.90,1.382,-1.392,1.586,4.135,-0.467,4.182
136.91,1.627,-1.390,1.588,4.367,-0.467,4.185
136.92,1.652,-1.391,1.589,4.283,-0.465,4.187
136.93,1.572,-1.393,1.587,4.001,-0.466,4.185
136.94,1.479,-1.391,1.587,4.450,-0.466,4.188
136.95,1.711,-1.390,1.590,4.172,-0.466,4.187
136.96,1.541,-1.390,1.590,3.986,-0.467,4.184
136.97,1.781,-1.390,1.592,3.810,-0.467,4.179
136.98,1.566,-1.391,1.591,4.262,-0.468,4.179
136.99,1.619,-1.390,1.593,3.996,-0.469,4.175
137.00,1.732,-1.390,1.595,3.910,-0.468,4.174
137.01,1.439,-1.390,1.593,4.334,-0.466,4.177
137.02,1.623,-1.389,1.595,4.390,-0.466,4.180
137.03,1.571,-1.390,1.593,4.099,-0.465,4.179
137.04,1.690,-1.389,1.596,4.277,-0.465,4.181
137.05,1.370,-1.390,1.592,4.020,-0.464,4.179
137.06,1.645,-1.390,1.593,4.410,-0.464,4.183
137.07,1.738,-1.392,1.594,4.203,-0.466,4.182
137.08,1.623,-1.394,1.592,4.222,-0.466,4.182
137.09,1.745,-1.396,1.593,4.158,-0.467,4.181
137.10,1.730,-1.396,1.594,4.121,-0.468,4.179
137.11,1.786,-1.397,1.597,4.332,-0.467,4.181
137.12,1.559,-1.396,1.597,4.043,-0.468,4.178
137.13,1.675,-1.397,1.598,4.094,-0.470,4.176
137.14,1.315,-1.398,1.593,4.356,-0.468,4.180
137.15,1.792,-1.399,1.595,4.021,-0.469,4.177
137.16,1.754,-1.401,1.595,4.131,-0.467,4.178
137.17,1.430,-1.401,1.593,4.139,-0.468,4.177
137.18,1.747,-1.400,1.596,4.334,-0.467,4.179
137.19,1.899,-1.401,1.599,4.229,-0.467,4.181
137.20,1.364,-1.401,1.597,4.082,-0.466,4.180
137.21,1.588,-1.401,1.597,4.270,-0.466,4.181
137.22,1.658,-1.400,1.600,4.031,-0.465,4.180
137.23,1.302,-1.399,1.596,4.058,-0.466,4.178
137.24,1.839,-1.400,1.599,4.109,-0.465,4.178
137.25,1.575,-1.402,1.597,4.301,-0.466,4.178
137.26,1.507,-1.403,1.595,4.304,-0.465,4.180
137.27,1.703,-1.406,1.594,3.924,-0.466,4.177
137.28,1.600,-1.406,1.594,3.934,-0.465,4.174
137.29,1.296,-1.409,1.588,3.897,-0.466,4.170
137.30,1.630,-1.409,1.588,4.310,-0.465,4.172
137.31,1.544,-1.410,1.587,3.886,-0.464,4.169
137.32,1.597,-1.411,1.587,4.256,-0.465,4.169
137.33,1.660,-1.410,1.588,4.059,-0.464,4.169
137.34,1.714,-1.410,1.590,4.288,-0.464,4.171
137.35,1.566,-1.410,1.590,4.036,-0.465,4.168
137.36,1.542,-1.411,1.589,3.881,-0.466,4.162
137.37,1.456,-1.412,1.587,4.332,-0.467,4.164
137.39,1.662,-1.413,1.587,3.942,-0.467,4.160
137.39,1.731,-1.413,1.589,4.270,-0.467,4.162
137.40,1.640,-1.414,1.589,3.723,-0.468,4.155
137.42,1.749,-1.414,1.592,4.470,-0.468,4.159
137.43,1.671,-1.414,1.592,4.076,-0.467,4.158
137.43,1.590,-1.415,1.592,4.153,-0.468,4.157
137.44,1.722,-1.413,1.597,4.224,-0.468,4.159
137.45,1.792,-1.412,1.600,4.323,-0.467,4.162
137.47,1.675,-1.416,1.598,4.195,-0.467,4.162
137.47,1.387,-1.416,1.595,4.464,-0.467,4.166
137.48,1.452,-1.417,1.592,4.141,-0.466,4.166
137.49,1.537,-1.417,1.592,4.293,-0.465,4.169
137.50,1.339,-1.416,1.590,4.199,-0.465,4.169
137.52,1.482,-1.417,1.588,4.111,-0.464,4.169
137.53,1.782,-1.418,1.589,4.130,-0.465,4.168
137.54,1.646,-1.420,1.588,4.073,-0.465,4.166
137.55,1.453,-1.421,1.586,4.228,-0.465,4.167
137.56,1.673,-1.422,1.587,4.306,-0.466,4.167
137.57,1.453,-1.423,1.584,4.074,-0.466,4.166
137.58,1.831,-1.423,1.588,4.028,-0.465,4.165
137.59,1.530,-1.424,1.587,4.114,-0.467,4.163
137.60,1.767,-1.424,1.589,3.944,-0.467,4.160
137.61,1.767,-1.423,1.592,4.221,-0.468,4.160
137.62,1.726,-1.423,1.594,4.112,-0.469,4.158
137.63,1.413,-1.424,1.591,4.197,-0.468,4.159
137.64,1.519,-1.423,1.591,4.269,-0.467,4.162
137.65,1.515,-1.423,1.591,4.151,-0.467,4.161
137.66,1.704,-1.424,1.592,4.263,-0.468,4.161
137.67,1.505,-1.422,1.593,4.225,-0.469,4.161
137.68,1.554,-1.424,1.591,4.321,-0.469,4.163
137.69,2.023,-1.426,1.595,4.275,-0.470,4.164
137.70,1.626,-1.426,1.596,4.230,-0.470,4.165
137.71,1.620,-1.425,1.597,4.180,-0.471,4.163
137.72,1.574,-1.427,1.596,4.006,-0.471,4.161
137.73,1.614,-1.426,1.597,4.095,-0.471,4.161
137.74,1.374,-1.425,1.595,4.289,-0.470,4.163
137.75,1.566,-1.425,1.595,4.281,-0.470,4.164
137.76,1.600,-1.425,1.596,4.035,-0.468,4.164
137.77,1.782,-1.427,1.597,4.013,-0.469,4.161
137.78,1.462,-1.427,1.595,4.096,-0.470,4.160
137.79,1.497,-1.428,1.592,4.129,-0.471,4.159
137.80,1.296,-1.429,1.588,3.997,-0.470,4.157
137.81,1.270,-1.430,1.583,3.975,-0.470,4.155
137.82,1.460,-1.429,1.583,4.019,-0.470,4.153
137.83,1.722,-1.429,1.586,4.112,-0.470,4.152
137.84,1.518,-1.428,1.586,4.100,-0.470,4.151
137.85,1.571,-1.427,1.586,4.318,-0.470,4.153
137.86,1.567,-1.427,1.587,3.846,-0.471,4.148
137.87,1.730,-1.428,1.588,4.073,-0.470,4.148
137.88,1.300,-1.428,1.584,4.068,-0.471,4.146
137.89,1.470,-1.428,1.583,4.215,-0.471,4.147
137.90,1.738,-1.429,1.584,4.153,-0.470,4.147
137.91,1.620,-1.430,1.584,4.398,-0.471,4.150
137.92,1.413,-1.430,1.582,4.336,-0.472,4.151
137.93,1.407,-1.427,1.583,4.314,-0.472,4.152
137.94,1.726,-1.427,1.585,4.281,-0.472,4.154
137.95,1.563,-1.426,1.586,4.128,-0.472,4.154
137.96,1.793,-1.425,1.590,4.213,-0.471,4.156
137.97,1.470,-1.425,1.589,4.238,-0.471,4.157
137.98,1.565,-1.424,1.590,4.069,-0.471,4.156
137.99,1.630,-1.424,1.590,4.190,-0.469,4.157
138.00,1.456,-1.425,1.588,4.493,-0.470,4.161
138.01,1.372,-1.425,1.585,4.144,-0.470,4.161
138.02,1.641,-1.425,1.586,3.823,-0.471,4.155
138.03,1.713,-1.427,1.586,3.994,-0.471,4.153
138.04,1.734,-1.429,1.587,4.384,-0.471,4.156
138.05,1.437,-1.429,1.585,4.363,-0.472,4.158
138.06,1.385,-1.430,1.581,4.248,-0.473,4.158
138.07,1.601,-1.431,1.581,4.372,-0.473,4.161
138.08,1.710,-1.430,1.584,4.061,-0.473,4.159
138.09,1.624,-1.430,1.584,3.913,-0.471,4.157
138.10,1.874,-1.429,1.589,4.192,-0.472,4.157
138.11,1.674,-1.430,1.590,4.008,-0.473,4.154
138.12,1.538,-1.431,1.589,4.388,-0.473,4.157
138.13,1.562,-1.432,1.588,4.152,-0.472,4.158
138.14,1.512,-1.431,1.587,4.126,-0.472,4.157
138.15,1.680,-1.432,1.588,4.205,-0.471,4.159
138.16,1.420,-1.431,1.587,4.223,-0.471,4.160
138.17,1.623,-1.431,1.588,4.054,-0.473,4.156
138.18,1.701,-1.430,1.590,4.388,-0.474,4.159
138.19,1.491,-1.429,1.590,4.253,-0.474,4.159
138.20,1.708,-1.432,1.589,4.333,-0.473,4.163
138.21,1.600,-1.433,1.589,4.201,-0.473,4.163
138.22,1.920,-1.432,1.594,3.983,-0.473,4.161
138.23,1.523,-1.435,1.590,4.247,-0.474,4.161
138.24,1.700,-1.437,1.590,4.371,-0.474,4.164
138.25,1.468,-1.437,1.589,4.098,-0.475,4.162
138.26,1.719,-1.439,1.589,4.023,-0.474,4.161
138.27,1.788,-1.439,1.592,4.356,-0.474,4.164
138.28,1.722,-1.439,1.594,3.929,-0.473,4.161
138.29,1.457,-1.439,1.593,4.121,-0.474,4.160
138.30,1.344,-1.440,1.588,3.848,-0.474,4.156
138.31,1.506,-1.441,1.587,3.962,-0.475,4.153
138.32,1.566,-1.441,1.587,4.422,-0.476,4.155
138.33,1.559,-1.441,1.587,4.371,-0.476,4.157
138.34,1.600,-1.440,1.588,4.336,-0.477,4.159
138.35,1.853,-1.441,1.591,4.077,-0.478,4.157
138.36,1.164,-1.442,1.585,4.072,-0.478,4.156
138.37,1.728,-1.442,1.586,4.311,-0.478,4.158
138.38,1.638,-1.444,1.586,3.912,-0.478,4.154
138.39,1.750,-1.445,1.587,4.132,-0.479,4.153
138.40,1.593,-1.446,1.586,4.115,-0.477,4.155
138.41,1.743,-1.445,1.590,4.347,-0.476,4.158
138.42,1.770,-1.445,1.593,4.158,-0.476,4.157
138.43,1.592,-1.446,1.592,4.221,-0.476,4.158
138.44,1.563,-1.445,1.593,3.944,-0.477,4.154
138.45,1.660,-1.442,1.596,3.851,-0.478,4.150
138.46,1.703,-1.442,1.598,4.465,-0.477,4.155
138.47,1.534,-1.441,1.599,4.270,-0.477,4.156
138.48,1.593,-1.441,1.599,4.065,-0.475,4.157
138.49,1.539,-1.442,1.598,4.249,-0.476,4.157
138.50,1.662,-1.442,1.599,4.041,-0.476,4.155
138.51,1.710,-1.444,1.599,4.204,-0.475,4.157
138.52,1.799,-1.446,1.600,4.289,-0.475,4.158
138.53,1.735,-1.447,1.601,4.219,-0.474,4.160
138.54,1.792,-1.446,1.605,4.042,-0.475,4.158
138.55,1.644,-1.444,1.607,4.177,-0.473,4.160
138.56,1.479,-1.445,1.605,4.094,-0.473,4.159
138.57,1.670,-1.448,1.604,4.144,-0.473,4.159
138.58,1.435,-1.450,1.600,4.205,-0.474,4.158
138.59,1.547,-1.449,1.600,4.281,-0.474,4.160
138.60,1.599,-1.449,1.600,4.285,-0.474,4.162
138.61,1.433,-1.450,1.598,4.075,-0.474,4.161
138.62,1.495,-1.450,1.597,4.046,-0.474,4.159
138.63,1.492,-1.452,1.594,4.367,-0.475,4.161
138.64,1.786,-1.452,1.597,4.367,-0.476,4.163
138.65,1.565,-1.451,1.597,4.059,-0.475,4.162
138.66,1.471,-1.450,1.597,4.303,-0.475,4.164
138.67,1.475,-1.451,1.595,4.353,-0.474,4.168
138.68,1.592,-1.450,1.596,4.222,-0.473,4.170
138.69,1.479,-1.451,1.594,4.005,-0.472,4.168
138.70,1.315,-1.451,1.591,4.371,-0.473,4.169
138.71,1.579,-1.450,1.592,4.287,-0.473,4.171
138.72,1.428,-1.449,1.591,4.333,-0.473,4.174
138.73,1.503,-1.448,1.591,4.126,-0.472,4.174
138.75,1.589,-1.447,1.592,4.344,-0.471,4.177
138.76,1.785,-1.449,1.593,4.230,-0.472,4.177
138.76,1.708,-1.449,1.595,4.174,-0.472,4.177
138.77,1.661,-1.450,1.595,3.952,-0.470,4.176
138.79,1.608,-1.451,1.595,4.477,-0.470,4.180
138.80,1.792,-1.450,1.598,4.213,-0.470,4.180
138.80,1.679,-1.450,1.600,4.213,-0.471,4.180
138.81,1.621,-1.449,1.601,4.533,-0.470,4.185
138.82,1.855,-1.448,1.606,4.263,-0.470,4.186
138.84,1.780,-1.449,1.607,4.253,-0.469,4.189
138.84,1.222,-1.450,1.602,4.077,-0.469,4.188
138.85,1.385,-1.450,1.599,3.969,-0.469,4.185
138.87,1.527,-1.450,1.598,3.881,-0.469,4.180
138.88,1.343,-1.450,1.596,4.173,-0.469,4.181
138.88,1.539,-1.449,1.596,3.923,-0.470,4.176
138.89,1.832,-1.449,1.600,4.367,-0.471,4.178
138.90,1.491,-1.450,1.597,4.390,-0.470,4.182
138.91,1.690,-1.449,1.599,4.037,-0.470,4.180
138.93,1.685,-1.451,1.599,4.362,-0.471,4.181
138.93,1.660,-1.450,1.601,4.228,-0.472,4.181
138.95,1.789,-1.452,1.602,4.423,-0.473,4.184
138.95,1.623,-1.451,1.604,4.355,-0.473,4.186
138.96,1.602,-1.449,1.606,4.484,-0.472,4.191
138.97,1.489,-1.448,1.606,4.320,-0.471,4.193
138.99,1.428,-1.448,1.604,4.183,-0.471,4.193
139.00,1.701,-1.447,1.606,4.134,-0.470,4.194
139.01,1.758,-1.447,1.609,3.902,-0.471,4.189
139.01,1.532,-1.448,1.607,4.277,-0.470,4.191
139.03,1.609,-1.448,1.608,4.103,-0.471,4.189
139.03,1.616,-1.447,1.609,4.339,-0.471,4.191
139.05,1.440,-1.447,1.606,4.090,-0.472,4.189
139.06,1.750,-1.449,1.607,4.026,-0.471,4.188
139.07,1.682,-1.449,1.608,4.020,-0.470,4.186
139.08,1.471,-1.451,1.605,4.167,-0.472,4.185
139.09,1.877,-1.452,1.608,4.296,-0.470,4.188
139.10,1.484,-1.450,1.608,4.103,-0.471,4.186
139.11,1.451,-1.453,1.604,4.290,-0.473,4.186
139.12,1.676,-1.452,1.606,4.315,-0.474,4.186
139.13,1.577,-1.452,1.606,4.183,-0.474,4.186
139.14,1.508,-1.451,1.606,4.387,-0.473,4.190
139.15,1.510,-1.449,1.607,4.313,-0.475,4.190
139.16,1.466,-1.449,1.605,4.286,-0.473,4.193
139.17,1.553,-1.449,1.605,4.405,-0.474,4.195
139.18,1.578,-1.449,1.605,4.170,-0.475,4.195
139.19,1.837,-1.447,1.609,4.079,-0.476,4.192
139.20,1.299,-1.446,1.607,4.183,-0.475,4.193
139.21,1.841,-1.448,1.608,4.041,-0.475,4.191
139.22,1.521,-1.447,1.608,4.277,-0.477,4.191
139.23,1.388,-1.449,1.604,4.355,-0.477,4.193
139.24,1.632,-1.449,1.605,4.295,-0.477,4.194
139.25,1.573,-1.450,1.604,4.270,-0.477,4.195
139.26,1.627,-1.449,1.605,4.227,-0.476,4.196
139.27,1.499,-1.449,1.604,4.116,-0.478,4.194
139.28,1.577,-1.449,1.604,4.268,-0.477,4.196
139.29,1.574,-1.447,1.605,4.260,-0.476,4.198
139.30,1.564,-1.448,1.604,4.021,-0.475,4.197
139.31,1.485,-1.449,1.602,4.055,-0.475,4.195
139.32,1.708,-1.449,1.604,4.334,-0.474,4.198
139.33,1.806,-1.448,1.608,4.270,-0.475,4.198
139.34,1.771,-1.450,1.608,4.159,-0.474,4.199
139.35,1.491,-1.450,1.606,4.177,-0.475,4.198
139.36,1.455,-1.449,1.605,4.178,-0.476,4.197
139.37,1.523,-1.449,1.605,4.223,-0.475,4.198
139.38,1.462,-1.447,1.605,4.217,-0.474,4.199
139.39,1.581,-1.447,1.605,4.099,-0.475,4.198
139.40,1.684,-1.447,1.607,4.081,-0.475,4.196
139.41,1.156,-1.447,1.601,4.273,-0.474,4.198
139.42,1.656,-1.446,1.602,4.461,-0.474,4.202
139.43,1.553,-1.444,1.604,4.137,-0.473,4.202
139.44,1.724,-1.444,1.606,3.795,-0.472,4.197
139.45,1.445,-1.445,1.604,4.105,-0.472,4.197
139.46,1.692,-1.443,1.607,4.351,-0.474,4.197
139.47,1.577,-1.442,1.608,4.243,-0.474,4.198
139.48,1.879,-1.442,1.612,4.145,-0.473,4.198
139.49,1.743,-1.443,1.612,4.213,-0.474,4.198
139.50,1.622,-1.444,1.612,3.859,-0.474,4.193
139.51,1.587,-1.447,1.608,4.233,-0.473,4.195
139.52,1.649,-1.448,1.608,4.166,-0.472,4.195
139.53,1.377,-1.447,1.606,4.165,-0.471,4.196
139.54,1.503,-1.446,1.606,4.293,-0.471,4.197
139.55,1.556,-1.445,1.607,4.410,-0.471,4.200
139.56,1.578,-1.445,1.606,3.897,-0.472,4.195
139.57,1.414,-1.445,1.605,4.091,-0.473,4.194
139.58,1.773,-1.446,1.606,4.381,-0.475,4.194
139.59,1.496,-1.445,1.606,4.067,-0.475,4.193
139.60,1.611,-1.446,1.605,4.109,-0.475,4.191
139.61,1.734,-1.446,1.607,4.156,-0.475,4.191
139.62,1.781,-1.444,1.611,4.471,-0.475,4.195
139.63,1.631,-1.443,1.612,4.124,-0.474,4.195
139.64,1.894,-1.444,1.615,4.230,-0.474,4.195
139.65,1.668,-1.445,1.616,4.153,-0.475,4.194
139.66,1.413,-1.446,1.612,4.198,-0.475,4.195
139.67,1.625,-1.446,1.612,4.059,-0.474,4.193
139.68,1.522,-1.446,1.612,4.159,-0.473,4.195
139.69,1.710,-1.447,1.612,4.135,-0.472,4.195
139.70,1.575,-1.447,1.612,4.178,-0.472,4.195
139.71,1.568,-1.447,1.611,4.234,-0.472,4.194
139.72,1.608,-1.447,1.611,4.307,-0.473,4.195
139.73,1.441,-1.449,1.608,4.312,-0.474,4.196
139.74,1.461,-1.450,1.604,4.356,-0.474,4.199
139.75,1.660,-1.453,1.603,4.180,-0.475,4.197
139.76,1.373,-1.454,1.599,3.905,-0.475,4.194
139.77,1.687,-1.454,1.601,4.402,-0.475,4.196
139.78,1.576,-1.454,1.601,4.072,-0.475,4.195
139.79,1.491,-1.452,1.601,4.152,-0.475,4.194
139.80,1.621,-1.452,1.601,4.125,-0.476,4.192
139.81,1.850,-1.454,1.603,4.046,-0.478,4.189
139.82,1.731,-1.455,1.604,4.100,-0.478,4.188
139.83,1.407,-1.455,1.602,4.329,-0.479,4.188
139.84,1.447,-1.454,1.600,4.364,-0.478,4.192
139.85,1.566,-1.454,1.601,4.322,-0.478,4.194
139.86,1.508,-1.454,1.599,4.091,-0.478,4.193
139.87,1.379,-1.452,1.598,4.131,-0.478,4.192
139.88,1.508,-1.455,1.595,4.090,-0.479,4.190
139.89,1.543,-1.455,1.594,4.260,-0.479,4.190
139.90,1.656,-1.458,1.592,3.893,-0.481,4.185
139.91,1.622,-1.458,1.593,4.170,-0.482,4.184
139.92,1.682,-1.459,1.593,4.246,-0.482,4.185
139.93,1.695,-1.458,1.595,4.070,-0.483,4.183
139.94,1.687,-1.457,1.598,4.343,-0.482,4.185
139.95,1.585,-1.458,1.597,4.243,-0.480,4.188
139.96,1.704,-1.458,1.598,4.347,-0.480,4.190
139.97,1.848,-1.459,1.601,4.177,-0.479,4.191
139.98,1.726,-1.461,1.601,4.137,-0.480,4.190
139.99,1.748,-1.460,1.604,4.190,-0.480,4.190
140.00,1.610,-1.461,1.604,4.121,-0.479,4.190
140.01,1.610,-1.459,1.605,3.899,-0.478,4.187
140.02,1.813,-1.459,1.609,4.188,-0.479,4.186
140.03,1.631,-1.460,1.608,3.805,-0.478,4.183
140.04,1.544,-1.460,1.607,4.374,-0.479,4.184
140.05,1.444,-1.459,1.606,4.272,-0.479,4.185
140.06,1.493,-1.459,1.606,4.118,-0.479,4.185
140.07,1.667,-1.460,1.606,4.091,-0.479,4.183
140.08,1.500,-1.461,1.603,4.187,-0.480,4.182
140.09,1.589,-1.459,1.605,4.259,-0.479,4.184
140.10,1.467,-1.459,1.603,4.468,-0.479,4.188
140.11,1.796,-1.462,1.603,4.270,-0.478,4.190
140.12,1.468,-1.464,1.600,4.322,-0.478,4.192
140.13,1.354,-1.466,1.595,3.928,-0.477,4.190
140.14,1.553,-1.466,1.595,4.262,-0.477,4.190
140.15,1.479,-1.466,1.593,4.003,-0.478,4.187
140.16,1.377,-1.467,1.589,3.998,-0.478,4.185
140.17,1.621,-1.468,1.589,3.892,-0.479,4.180
140.18,1.467,-1.471,1.585,4.137,-0.480,4.178
140.19,1.276,-1.471,1.581,4.297,-0.479,4.181
140.20,1.157,-1.471,1.575,4.253,-0.480,4.181
140.21,1.587,-1.471,1.576,3.751,-0.480,4.176
140.22,1.570,-1.473,1.574,3.888,-0.482,4.170
140.23,1.573,-1.473,1.574,4.429,-0.481,4.174
140.24,1.518,-1.471,1.575,4.403,-0.483,4.176
140.25,1.266,-1.471,1.571,4.174,-0.483,4.175
140.26,1.759,-1.471,1.574,4.075,-0.484,4.173
140.27,1.765,-1.468,1.579,4.277,-0.483,4.175
140.29,1.825,-1.466,1.584,3.940,-0.484,4.171
140.30,1.709,-1.464,1.588,4.201,-0.484,4.171
140.31,1.586,-1.466,1.586,4.049,-0.485,4.169
140.31,1.592,-1.467,1.586,4.063,-0.485,4.168
140.33,1.421,-1.467,1.584,4.346,-0.485,4.170
140.34,1.662,-1.468,1.583,4.015,-0.485,4.168
140.34,1.643,-1.469,1.584,4.076,-0.486,4.166
140.35,1.476,-1.469,1.582,4.096,-0.487,4.164
140.36,1.722,-1.469,1.584,4.137,-0.488,4.162
140.38,1.577,-1.468,1.586,4.291,-0.488,4.164
140.38,1.573,-1.469,1.584,4.365,-0.488,4.167
140.40,1.873,-1.469,1.589,4.132,-0.489,4.165
140.41,1.598,-1.468,1.590,4.064,-0.490,4.163
140.42,1.629,-1.466,1.592,4.225,-0.490,4.164
140.42,1.313,-1.465,1.589,4.306,-0.490,4.165
140.43,1.910,-1.467,1.592,4.230,-0.490,4.167
140.45,1.568,-1.468,1.591,4.308,-0.491,4.167
140.46,1.373,-1.469,1.587,4.014,-0.491,4.166
140.47,1.649,-1.470,1.588,4.394,-0.491,4.169
140.48,1.649,-1.471,1.588,4.433,-0.491,4.172
140.49,1.705,-1.472,1.588,4.158,-0.490,4.173
140.50,1.444,-1.473,1.585,4.128,-0.491,4.171
140.51,1.550,-1.472,1.586,4.194,-0.491,4.172
140.52,1.671,-1.472,1.587,3.927,-0.492,4.167
140.53,1.943,-1.473,1.591,4.045,-0.492,4.166
140.54,1.544,-1.474,1.590,4.339,-0.492,4.168
140.55,1.712,-1.473,1.592,4.065,-0.492,4.167
140.56,1.681,-1.474,1.593,3.928,-0.491,4.164
140.57,1.602,-1.476,1.591,4.157,-0.493,4.163
140.58,1.628,-1.476,1.592,4.042,-0.492,4.162
140.59,1.532,-1.476,1.591,4.421,-0.493,4.164
140.60,1.570,-1.477,1.590,4.155,-0.493,4.164
140.61,1.407,-1.480,1.585,4.239,-0.493,4.165
140.62,1.942,-1.481,1.588,4.131,-0.495,4.163
140.63,1.725,-1.481,1.591,4.303,-0.494,4.165
140.64,1.680,-1.481,1.592,4.299,-0.495,4.167
140.65,1.559,-1.480,1.593,4.175,-0.496,4.166
140.66,1.648,-1.482,1.592,3.889,-0.495,4.163
140.67,1.515,-1.482,1.591,4.092,-0.496,4.161
140.68,1.629,-1.482,1.592,3.970,-0.497,4.158
140.69,1.662,-1.482,1.593,4.283,-0.496,4.161
140.70,1.752,-1.478,1.599,4.090,-0.496,4.159
140.71,1.900,-1.478,1.603,4.078,-0.498,4.157
140.72,1.814,-1.477,1.607,4.106,-0.498,4.156
140.73,1.751,-1.478,1.608,4.232,-0.497,4.157
140.74,1.573,-1.477,1.609,4.281,-0.496,4.160
140.75,1.756,-1.478,1.611,4.209,-0.496,4.161
140.76,1.779,-1.477,1.614,3.943,-0.498,4.156
140.77,1.652,-1.476,1.616,4.197,-0.496,4.159
140.78,1.732,-1.477,1.617,4.197,-0.496,4.159
140.79,1.424,-1.478,1.614,4.051,-0.496,4.158
140.80,1.651,-1.478,1.614,3.989,-0.496,4.155
140.81,1.506,-1.477,1.614,4.204,-0.495,4.157
140.82,1.644,-1.476,1.616,3.885,-0.496,4.153
140.83,1.705,-1.478,1.616,4.316,-0.496,4.154
140.84,1.522,-1.477,1.615,4.280,-0.497,4.155
140.85,1.548,-1.478,1.614,4.198,-0.496,4.157
140.86,1.800,-1.478,1.616,4.147,-0.496,4.157
140.87,1.642,-1.476,1.619,4.127,-0.497,4.156
140.88,1.539,-1.478,1.617,4.391,-0.498,4.157
140.89,1.593,-1.479,1.615,4.393,-0.498,4.160
140.90,1.479,-1.478,1.615,3.895,-0.499,4.156
140.91,1.424,-1.478,1.612,4.115,-0.498,4.156
140.92,1.509,-1.478,1.611,4.203,-0.498,4.157
140.93,1.554,-1.476,1.613,4.366,-0.498,4.160
140.94,1.351,-1.476,1.610,3.948,-0.497,4.158
140.95,1.714,-1.478,1.610,4.128,-0.496,4.158
140.96,1.491,-1.479,1.607,4.352,-0.497,4.160
140.97,1.580,-1.480,1.606,4.314,-0.497,4.162
140.98,1.833,-1.481,1.608,4.225,-0.497,4.163
140.99,1.730,-1.480,1.611,3.929,-0.498,4.159
141.00,1.557,-1.481,1.610,4.097,-0.497,4.159
141.01,1.530,-1.481,1.609,4.098,-0.497,4.159
141.02,1.617,-1.483,1.607,4.241,-0.498,4.159
141.03,1.756,-1.484,1.609,4.126,-0.498,4.158
141.04,1.670,-1.483,1.611,4.556,-0.498,4.163
141.05,1.762,-1.485,1.611,4.162,-0.498,4.163
141.06,1.485,-1.484,1.610,3.931,-0.498,4.161
141.07,1.514,-1.483,1.611,4.004,-0.496,4.160
141.08,1.549,-1.479,1.614,4.115,-0.496,4.159
141.09,1.629,-1.478,1.616,4.129,-0.496,4.159
141.10,1.714,-1.478,1.617,4.130,-0.496,4.159
141.11,1.647,-1.479,1.617,4.078,-0.496,4.158
141.12,1.687,-1.481,1.616,4.075,-0.495,4.157
141.13,1.359,-1.479,1.614,4.394,-0.496,4.159
141.14,1.759,-1.477,1.619,3.925,-0.496,4.157
141.15,1.631,-1.477,1.620,4.303,-0.496,4.159
141.16,1.603,-1.477,1.619,4.052,-0.496,4.158
141.17,1.692,-1.479,1.618,4.149,-0.496,4.157
141.18,1.691,-1.481,1.618,4.453,-0.497,4.159
141.19,1.706,-1.482,1.619,4.002,-0.498,4.157
141.20,1.550,-1.481,1.618,4.085,-0.498,4.156
141.21,1.517,-1.482,1.617,4.173,-0.498,4.156
141.22,1.605,-1.481,1.618,4.072,-0.497,4.156
141.23,1.435,-1.481,1.615,3.970,-0.497,4.154
141.24,1.543,-1.481,1.615,4.142,-0.496,4.154
141.25,1.807,-1.483,1.616,3.959,-0.496,4.152
141.26,1.597,-1.484,1.615,4.229,-0.496,4.153
141.27,1.594,-1.484,1.615,4.337,-0.495,4.156
141.28,1.603,-1.483,1.616,4.355,-0.497,4.157
141.29,1.713,-1.481,1.619,4.235,-0.498,4.157
141.30,1.592,-1.484,1.617,3.989,-0.498,4.155
141.31,1.404,-1.484,1.613,3.909,-0.497,4.152
141.32,1.718,-1.485,1.615,4.237,-0.497,4.153
141.33,1.495,-1.487,1.611,4.155,-0.498,4.152
141.34,1.689,-1.486,1.614,4.204,-0.499,4.152
141.35,1.825,-1.488,1.615,4.385,-0.499,4.155
141.36,1.448,-1.489,1.611,4.350,-0.500,4.157
141.37,1.801,-1.490,1.613,4.327,-0.499,4.160
141.38,1.878,-1.491,1.616,4.093,-0.499,4.159
141.39,1.583,-1.491,1.616,4.223,-0.501,4.158
141.40,1.642,-1.492,1.616,4.207,-0.501,4.159
141.41,1.692,-1.494,1.615,3.953,-0.502,4.155
141.42,1.129,-1.495,1.608,3.930,-0.502,4.152
141.43,1.321,-1.492,1.607,4.008,-0.501,4.151
141.44,1.699,-1.493,1.608,4.492,-0.502,4.155
141.45,1.667,-1.492,1.610,4.283,-0.503,4.155
141.46,1.407,-1.492,1.607,4.087,-0.504,4.154
141.47,1.442,-1.494,1.604,4.190,-0.504,4.154
141.48,1.640,-1.495,1.603,4.178,-0.504,4.155
141.49,1.395,-1.495,1.601,4.061,-0.504,4.153
141.50,1.569,-1.494,1.602,4.010,-0.505,4.150
141.51,1.555,-1.493,1.602,4.123,-0.504,4.150
141.52,1.488,-1.495,1.599,4.043,-0.504,4.150
141.53,1.548,-1.494,1.599,4.183,-0.504,4.150
141.54,1.537,-1.496,1.597,4.002,-0.505,4.147
141.55,1.578,-1.496,1.597,4.100,-0.504,4.147
141.56,1.580,-1.497,1.596,4.298,-0.504,4.150
141.57,1.623,-1.496,1.597,3.871,-0.503,4.146
141.58,1.662,-1.497,1.597,4.377,-0.502,4.150
141.59,1.797,-1.498,1.599,4.344,-0.502,4.153
141.60,1.518,-1.498,1.598,4.099,-0.502,4.153
141.61,1.610,-1.499,1.598,4.189,-0.502,4.152
141.62,1.470,-1.499,1.596,4.089,-0.503,4.151
141.63,1.491,-1.499,1.595,4.122,-0.503,4.151
141.64,1.599,-1.499,1.595,4.466,-0.504,4.153
141.65,1.669,-1.501,1.595,4.006,-0.505,4.151
141.66,1.844,-1.501,1.598,4.278,-0.505,4.153
141.67,1.956,-1.500,1.604,4.290,-0.504,4.155
141.68,1.567,-1.501,1.603,4.279,-0.505,4.156
141.69,1.658,-1.503,1.602,3.754,-0.505,4.151
141.70,1.488,-1.503,1.600,4.127,-0.506,4.150
141.71,1.709,-1.504,1.601,3.866,-0.507,4.145
141.72,1.612,-1.504,1.601,4.195,-0.506,4.146
141.73,1.565,-1.502,1.603,4.117,-0.506,4.146
141.74,1.793,-1.501,1.607,4.226,-0.507,4.146
141.75,1.662,-1.503,1.606,4.377,-0.508,4.148
141.76,1.618,-1.503,1.606,4.268,-0.508,4.150
141.77,1.426,-1.503,1.604,3.904,-0.508,4.147
141.78,1.497,-1.505,1.601,4.517,-0.507,4.153
141.80,1.661,-1.505,1.602,4.484,-0.508,4.156
141.81,1.696,-1.505,1.603,4.330,-0.508,4.158
141.82,1.378,-1.505,1.601,4.173,-0.508,4.158
141.83,1.545,-1.504,1.602,4.179,-0.508,4.159
141.84,1.355,-1.503,1.600,4.217,-0.507,4.160
141.85,1.709,-1.503,1.601,4.687,-0.507,4.167
141.86,1.574,-1.503,1.601,4.333,-0.506,4.171
141.86,1.655,-1.503,1.601,4.205,-0.507,4.170
141.88,1.833,-1.504,1.604,3.985,-0.506,4.169
141.88,1.372,-1.504,1.601,3.961,-0.505,4.168
141.90,1.684,-1.503,1.603,4.300,-0.505,4.169
141.91,1.374,-1.503,1.600,4.336,-0.503,4.173
141.92,1.603,-1.504,1.600,3.991,-0.504,4.170
141.93,1.621,-1.506,1.599,4.192,-0.504,4.171
141.94,1.877,-1.508,1.600,4.281,-0.504,4.172
141.95,1.469,-1.508,1.599,3.858,-0.505,4.167
141.96,1.782,-1.509,1.601,4.475,-0.506,4.171
141.97,1.397,-1.509,1.598,4.012,-0.507,4.168
141.98,1.465,-1.511,1.595,4.001,-0.505,4.167
141.99,1.180,-1.510,1.590,4.141,-0.505,4.167
142.00,1.490,-1.509,1.590,3.814,-0.505,4.162
142.01,1.782,-1.509,1.593,3.886,-0.506,4.158
142.01,1.533,-1.509,1.592,4.150,-0.505,4.158
142.03,1.623,-1.509,1.592,4.341,-0.506,4.161
142.04,1.658,-1.508,1.594,3.981,-0.506,4.158
142.05,1.759,-1.508,1.597,4.069,-0.504,4.158
142.06,1.705,-1.509,1.598,4.335,-0.503,4.162
142.07,1.457,-1.509,1.596,4.372,-0.503,4.165
142.08,1.624,-1.508,1.598,4.520,-0.503,4.170
142.09,1.577,-1.507,1.598,4.316,-0.503,4.172
142.10,1.717,-1.506,1.601,3.993,-0.501,4.171
142.11,1.535,-1.507,1.600,4.071,-0.502,4.169
142.12,1.612,-1.506,1.601,4.184,-0.502,4.169
142.13,1.515,-1.506,1.600,3.899,-0.501,4.167
142.14,1.410,-1.506,1.598,4.129,-0.501,4.166
142.15,1.624,-1.507,1.597,4.190,-0.500,4.168
142.16,1.761,-1.506,1.600,3.872,-0.501,4.163
142.17,1.589,-1.506,1.600,4.090,-0.501,4.162
142.18,1.676,-1.505,1.603,3.963,-0.502,4.159
142.19,1.536,-1.506,1.601,4.218,-0.502,4.159
142.20,1.320,-1.506,1.598,4.203,-0.502,4.160
142.21,1.395,-1.507,1.595,4.550,-0.502,4.166
142.22,1.521,-1.507,1.594,4.124,-0.500,4.166
142.23,1.423,-1.507,1.591,3.966,-0.501,4.163
142.24,1.813,-1.508,1.593,4.381,-0.501,4.166
142.25,1.734,-1.507,1.597,4.369,-0.501,4.169
142.26,1.196,-1.507,1.591,4.028,-0.500,4.168
142.27,1.752,-1.509,1.591,4.307,-0.499,4.171
142.28,1.872,-1.508,1.597,4.292,-0.499,4.172
142.29,1.711,-1.510,1.596,4.246,-0.500,4.173
142.30,1.492,-1.511,1.594,4.153,-0.500,4.173
142.31,1.562,-1.508,1.596,4.146,-0.502,4.170
142.32,1.237,-1.508,1.592,4.260,-0.502,4.171
142.33,1.744,-1.507,1.595,4.032,-0.501,4.170
142.34,1.761,-1.506,1.599,3.899,-0.500,4.168
142.35,1.514,-1.506,1.597,4.392,-0.502,4.169
142.36,1.351,-1.506,1.595,4.221,-0.502,4.170
142.37,1.730,-1.506,1.597,3.917,-0.502,4.167
142.38,1.689,-1.506,1.598,4.104,-0.502,4.166
142.39,1.537,-1.505,1.598,4.388,-0.502,4.169
142.40,1.632,-1.507,1.596,3.978,-0.503,4.165
142.41,1.499,-1.506,1.596,3.933,-0.502,4.164
142.42,1.691,-1.505,1.599,4.242,-0.501,4.165
142.43,1.662,-1.506,1.599,4.149,-0.501,4.165
142.44,1.450,-1.506,1.597,3.920,-0.501,4.162
142.45,1.483,-1.508,1.594,4.173,-0.501,4.162
142.46,1.585,-1.509,1.593,4.105,-0.501,4.161
142.47,1.492,-1.510,1.591,4.221,-0.501,4.162
142.48,1.680,-1.511,1.591,4.107,-0.502,4.161
142.49,1.652,-1.510,1.593,4.185,-0.502,4.161
142.50,1.678,-1.508,1.596,4.235,-0.501,4.163
142.51,1.772,-1.505,1.601,4.007,-0.501,4.161
142.52,1.484,-1.504,1.601,4.334,-0.501,4.163
142.53,1.308,-1.505,1.597,4.541,-0.500,4.169
142.54,1.491,-1.505,1.595,4.037,-0.501,4.166
142.55,1.686,-1.508,1.593,3.879,-0.502,4.162
142.56,1.510,-1.507,1.593,4.290,-0.502,4.164
142.57,1.468,-1.507,1.592,4.352,-0.502,4.166
142.58,1.532,-1.507,1.592,4.154,-0.502,4.166
142.59,1.814,-1.506,1.595,4.166,-0.501,4.167
142.60,1.275,-1.506,1.591,4.042,-0.501,4.165
142.61,1.908,-1.507,1.595,4.264,-0.501,4.166
142.62,1.391,-1.508,1.591,4.122,-0.501,4.166
142.63,1.398,-1.508,1.589,4.257,-0.501,4.167
142.64,1.632,-1.508,1.590,4.473,-0.501,4.171
142.65,1.405,-1.507,1.588,4.213,-0.501,4.172
142.66,1.435,-1.505,1.588,4.322,-0.502,4.173
142.67,1.688,-1.506,1.588,4.106,-0.502,4.172
142.68,1.745,-1.507,1.590,4.109,-0.502,4.171
142.69,1.556,-1.507,1.589,4.144,-0.501,4.172
142.70,1.411,-1.509,1.585,4.106,-0.502,4.170
142.71,1.568,-1.509,1.585,3.967,-0.501,4.169
142.72,1.713,-1.509,1.587,4.528,-0.502,4.172
142.73,1.607,-1.508,1.588,4.038,-0.503,4.170
142.74,1.885,-1.508,1.592,4.109,-0.503,4.169
142.75,1.565,-1.506,1.593,4.477,-0.503,4.173
142.76,1.707,-1.506,1.595,4.054,-0.503,4.172
142.77,1.338,-1.508,1.590,4.229,-0.505,4.171
142.78,1.363,-1.508,1.587,4.187,-0.505,4.171
142.79,1.410,-1.510,1.583,4.119,-0.505,4.170
142.80,1.593,-1.510,1.583,4.259,-0.505,4.172
142.81,1.277,-1.511,1.578,4.192,-0.506,4.171
142.82,1.508,-1.509,1.579,4.139,-0.506,4.170
142.83,1.573,-1.507,1.581,4.340,-0.507,4.172
142.84,1.568,-1.508,1.580,4.270,-0.507,4.174
142.85,1.508,-1.509,1.578,3.990,-0.506,4.172
142.86,1.727,-1.509,1.580,4.283,-0.505,4.174
142.87,1.583,-1.510,1.579,4.079,-0.505,4.174
142.88,1.758,-1.510,1.582,4.224,-0.506,4.173
142.89,1.377,-1.509,1.580,4.030,-0.505,4.172
142.90,1.403,-1.510,1.576,4.198,-0.505,4.173
142.91,1.528,-1.509,1.578,4.345,-0.506,4.174
142.92,1.692,-1.509,1.579,4.212,-0.506,4.175
142.93,1.533,-1.510,1.577,4.184,-0.506,4.175
142.94,1.598,-1.509,1.578,4.103,-0.507,4.173
142.95,1.836,-1.509,1.582,4.098,-0.507,4.172
142.96,1.754,-1.510,1.583,4.215,-0.507,4.173
142.97,1.813,-1.509,1.587,4.119,-0.506,4.174
142.98,1.459,-1.510,1.585,4.260,-0.505,4.176
142.99,1.485,-1.509,1.585,4.348,-0.505,4.178
143.00,1.643,-1.511,1.583,4.245,-0.505,4.179
143.01,1.425,-1.511,1.581,4.200,-0.504,4.180
143.02,1.873,-1.511,1.585,4.165,-0.504,4.180
143.03,1.760,-1.512,1.587,4.169,-0.504,4.181
143.04,1.607,-1.513,1.586,4.111,-0.504,4.180
143.05,1.513,-1.515,1.583,4.303,-0.504,4.182
143.06,1.786,-1.514,1.587,3.796,-0.503,4.177
143.07,1.261,-1.513,1.584,4.140,-0.502,4.178
143.08,1.385,-1.514,1.580,4.068,-0.502,4.177
143.09,1.572,-1.513,1.581,4.061,-0.502,4.175
143.10,1.855,-1.512,1.585,4.279,-0.502,4.177
143.11,1.612,-1.511,1.587,4.037,-0.503,4.174
143.12,1.602,-1.510,1.588,4.183,-0.503,4.174
143.13,1.563,-1.512,1.586,4.054,-0.502,4.173
143.14,1.504,-1.512,1.586,4.488,-0.502,4.178
143.15,1.595,-1.511,1.587,4.180,-0.502,4.177
143.16,1.608,-1.511,1.587,4.090,-0.502,4.177
143.17,1.440,-1.513,1.583,4.202,-0.501,4.179
143.18,1.550,-1.513,1.583,4.056,-0.499,4.179
143.19,1.467,-1.513,1.581,4.422,-0.498,4.182
143.20,1.672,-1.514,1.581,4.245,-0.499,4.183
143.21,1.791,-1.513,1.585,4.269,-0.500,4.183
143.22,1.467,-1.513,1.584,4.155,-0.498,4.185
143.23,1.791,-1.513,1.587,3.886,-0.497,4.182
143.25,1.526,-1.513,1.586,4.048,-0.496,4.181
143.25,1.531,-1.511,1.587,4.069,-0.496,4.180
143.26,1.361,-1.513,1.582,4.046,-0.496,4.178
143.28,1.401,-1.514,1.579,4.404,-0.498,4.179
143.29,1.604,-1.515,1.578,4.247,-0.500,4.178
143.29,1.666,-1.514,1.581,4.253,-0.501,4.178
143.30,1.701,-1.514,1.583,3.940,-0.501,4.175
143.32,1.496,-1.515,1.580,4.018,-0.501,4.173
143.32,1.431,-1.516,1.577,4.300,-0.500,4.175
143.34,1.333,-1.515,1.575,4.047,-0.501,4.173
143.35,1.800,-1.517,1.576,4.340,-0.501,4.175
143.36,1.606,-1.514,1.579,4.278,-0.502,4.175
143.37,1.715,-1.513,1.582,4.250,-0.501,4.178
143.38,1.433,-1.511,1.582,4.140,-0.501,4.177
143.39,1.393,-1.510,1.581,4.384,-0.500,4.181
143.40,1.469,-1.508,1.581,4.091,-0.501,4.179
143.41,1.542,-1.507,1.582,4.013,-0.502,4.176
143.42,1.584,-1.507,1.582,4.393,-0.501,4.180
143.43,1.191,-1.507,1.577,4.450,-0.501,4.183
143.44,1.751,-1.507,1.579,4.219,-0.501,4.184
143.45,1.367,-1.507,1.576,3.947,-0.500,4.182
143.46,1.704,-1.506,1.578,4.144,-0.502,4.180
143.46,1.677,-1.507,1.579,3.991,-0.501,4.178
143.48,1.622,-1.510,1.577,4.036,-0.501,4.176
143.49,1.759,-1.510,1.580,3.987,-0.503,4.173
143.50,1.604,-1.508,1.581,4.256,-0.502,4.174
143.51,1.497,-1.508,1.580,4.126,-0.503,4.173
143.52,1.586,-1.511,1.578,4.384,-0.502,4.177
143.53,1.372,-1.513,1.573,4.071,-0.502,4.175
143.54,1.558,-1.512,1.574,4.476,-0.502,4.179
143.55,1.666,-1.509,1.578,3.891,-0.503,4.175
143.56,1.506,-1.508,1.578,4.470,-0.503,4.179
143.57,1.631,-1.507,1.580,4.534,-0.504,4.182
143.58,1.540,-1.507,1.579,4.194,-0.503,4.183
143.59,1.360,-1.507,1.576,4.187,-0.503,4.183
143.60,1.703,-1.506,1.578,4.162,-0.503,4.183
143.61,1.773,-1.507,1.580,3.960,-0.504,4.180
143.62,1.271,-1.508,1.576,4.105,-0.503,4.179
143.63,1.523,-1.508,1.574,4.063,-0.504,4.177
143.64,1.457,-1.508,1.573,4.369,-0.504,4.180
143.65,1.493,-1.508,1.572,4.140,-0.504,4.180
143.66,1.728,-1.508,1.574,3.730,-0.503,4.175
143.67,1.746,-1.511,1.573,3.884,-0.503,4.171
143.68,1.586,-1.514,1.571,4.084,-0.503,4.170
143.69,1.541,-1.514,1.570,4.155,-0.502,4.170
143.70,1.469,-1.516,1.567,4.068,-0.502,4.169
143.71,1.502,-1.517,1.565,4.183,-0.502,4.169
143.72,1.482,-1.519,1.562,4.213,-0.503,4.169
143.73,1.757,-1.520,1.563,4.151,-0.503,4.169
143.74,1.567,-1.519,1.564,4.029,-0.503,4.167
143.75,1.782,-1.519,1.568,4.407,-0.503,4.170
143.76,1.497,-1.520,1.566,3.893,-0.504,4.166
143.77,1.536,-1.521,1.564,3.964,-0.503,4.163
143.78,1.681,-1.521,1.565,4.462,-0.502,4.169
143.79,1.369,-1.522,1.562,4.242,-0.502,4.169
143.80,1.448,-1.521,1.562,4.306,-0.502,4.171
143.81,1.781,-1.522,1.563,4.002,-0.502,4.169
143.82,1.586,-1.524,1.562,4.206,-0.501,4.170
143.83,1.487,-1.525,1.560,4.216,-0.501,4.172
143.84,1.393,-1.525,1.558,4.191,-0.503,4.170
143.85,1.673,-1.523,1.561,3.911,-0.502,4.167
143.86,1.569,-1.524,1.560,4.185,-0.502,4.167
143.87,1.654,-1.524,1.561,4.053,-0.503,4.165
143.88,1.572,-1.523,1.563,4.126,-0.502,4.165
143.89,1.564,-1.523,1.563,4.142,-0.501,4.166
143.90,1.609,-1.522,1.564,4.118,-0.501,4.165
143.91,1.707,-1.523,1.565,4.270,-0.500,4.168
143.92,1.650,-1.523,1.566,3.961,-0.501,4.164
143.93,1.468,-1.522,1.565,4.173,-0.501,4.164
143.94,1.785,-1.521,1.570,4.329,-0.501,4.166
143.95,1.629,-1.522,1.569,4.254,-0.501,4.167
143.96,1.585,-1.522,1.570,4.333,-0.502,4.169
143.97,1.418,-1.524,1.566,4.261,-0.503,4.169
143.98,1.512,-1.524,1.565,3.926,-0.503,4.166
143.99,1.727,-1.524,1.567,4.223,-0.503,4.166
144.00,1.689,-1.523,1.570,4.373,-0.503,4.169
144.01,1.515,-1.521,1.571,3.924,-0.503,4.166
144.02,1.553,-1.521,1.572,4.201,-0.502,4.167
144.03,1.453,-1.519,1.572,4.367,-0.501,4.171
144.04,1.725,-1.520,1.573,4.146,-0.500,4.172
144.05,1.730,-1.521,1.573,4.015,-0.500,4.170
144.06,1.478,-1.524,1.569,4.292,-0.497,4.174
144.07,1.595,-1.524,1.570,4.107,-0.498,4.172
144.08,1.517,-1.526,1.568,4.399,-0.498,4.176
144.09,1.490,-1.526,1.567,4.214,-0.496,4.178
144.10,1.735,-1.528,1.567,4.338,-0.497,4.179
144.11,1.545,-1.530,1.565,4.121,-0.497,4.178
144.12,1.686,-1.529,1.567,4.220,-0.496,4.180
144.13,1.495,-1.528,1.567,4.156,-0.497,4.179
144.14,1.290,-1.527,1.564,4.226,-0.497,4.179
144.15,1.600,-1.526,1.566,3.961,-0.498,4.175
144.16,1.635,-1.529,1.564,4.373,-0.500,4.177
144.17,1.674,-1.531,1.563,4.252,-0.499,4.178
144.18,1.841,-1.534,1.564,3.693,-0.499,4.172
144.19,1.647,-1.534,1.565,4.244,-0.500,4.172
144.20,1.952,-1.534,1.571,4.285,-0.500,4.173
144.21,1.839,-1.533,1.575,4.134,-0.500,4.173
144.22,1.701,-1.535,1.575,4.305,-0.499,4.175
144.23,1.595,-1.535,1.575,4.055,-0.499,4.174
144.24,1.501,-1.534,1.576,4.356,-0.498,4.177
144.25,1.531,-1.534,1.575,4.193,-0.499,4.177
144.26,1.488,-1.534,1.574,4.244,-0.500,4.177
144.27,1.299,-1.535,1.570,4.225,-0.500,4.178
144.28,1.556,-1.534,1.571,4.036,-0.501,4.175
144.29,1.532,-1.534,1.570,4.375,-0.501,4.178
144.30,1.631,-1.537,1.569,4.098,-0.502,4.175
144.31,1.495,-1.536,1.569,4.339,-0.503,4.177
144.32,1.611,-1.537,1.568,4.162,-0.503,4.176
144.33,1.574,-1.536,1.569,4.299,-0.502,4.179
144.34,1.710,-1.536,1.571,4.145,-0.503,4.178
144.35,1.483,-1.535,1.571,4.333,-0.503,4.179
144.36,1.464,-1.534,1.571,4.505,-0.503,4.184
144.37,1.656,-1.532,1.574,4.168,-0.504,4.183
144.38,1.547,-1.532,1.573,4.086,-0.503,4.182
144.39,1.390,-1.532,1.571,4.118,-0.503,4.182
144.40,1.513,-1.532,1.570,3.885,-0.502,4.179
144.41,1.548,-1.534,1.569,4.029,-0.502,4.177
144.42,1.734,-1.534,1.570,4.410,-0.502,4.181
144.43,1.479,-1.534,1.569,4.188,-0.501,4.181
144.44,1.766,-1.535,1.572,4.255,-0.501,4.182
144.45,1.647,-1.533,1.574,4.688,-0.500,4.190
144.46,1.538,-1.533,1.574,3.884,-0.498,4.188
144.47,1.935,-1.535,1.577,3.989,-0.498,4.186
144.48,1.793,-1.536,1.579,4.518,-0.498,4.190
144.49,1.554,-1.536,1.579,4.128,-0.498,4.190
144.50,1.406,-1.538,1.574,4.237,-0.497,4.191
144.51,1.856,-1.538,1.579,4.209,-0.497,4.192
144.52,1.698,-1.538,1.580,4.115,-0.496,4.191
144.53,1.844,-1.538,1.584,3.936,-0.498,4.187
144.54,1.489,-1.537,1.584,4.186,-0.498,4.186
144.55,1.864,-1.535,1.590,4.082,-0.497,4.186
144.56,1.448,-1.533,1.590,4.184,-0.497,4.186
144.57,1.460,-1.532,1.589,4.052,-0.496,4.185
144.58,1.761,-1.533,1.591,4.137,-0.495,4.185
144.59,1.575,-1.533,1.590,4.384,-0.495,4.189
144.60,1.505,-1.534,1.589,3.933,-0.494,4.186
144.61,1.735,-1.532,1.593,4.267,-0.495,4.186
144.62,1.802,-1.532,1.596,4.041,-0.496,4.184
144.63,1.716,-1.530,1.600,4.219,-0.498,4.182
144.64,1.635,-1.529,1.601,4.107,-0.497,4.182
144.65,1.630,-1.528,1.602,4.315,-0.497,4.184
144.66,1.491,-1.526,1.603,4.134,-0.496,4.184
144.67,1.459,-1.524,1.604,4.053,-0.497,4.181
144.68,1.398,-1.524,1.601,4.112,-0.498,4.180
144.69,1.407,-1.524,1.599,4.220,-0.499,4.179
144.70,1.900,-1.527,1.600,4.038,-0.498,4.178
144.71,1.699,-1.528,1.601,4.079,-0.497,4.178
144.72,1.747,-1.528,1.603,4.248,-0.498,4.179
144.73,1.512,-1.529,1.600,4.027,-0.497,4.177
144.75,1.661,-1.529,1.602,4.230,-0.497,4.178
144.75,1.518,-1.531,1.599,4.312,-0.496,4.180
144.76,1.465,-1.532,1.596,3.998,-0.497,4.177
144.77,1.804,-1.535,1.597,4.480,-0.496,4.182
144.78,1.790,-1.534,1.600,4.108,-0.496,4.182
144.79,1.383,-1.533,1.598,3.953,-0.494,4.180
144.81,1.548,-1.534,1.597,4.098,-0.493,4.180
144.82,1.598,-1.534,1.597,4.339,-0.493,4.183
144.83,1.828,-1.535,1.599,4.214,-0.494,4.182
144.83,1.780,-1.536,1.601,4.327,-0.494,4.183
144.84,1.657,-1.537,1.601,4.296,-0.495,4.184
144.85,1.468,-1.537,1.600,4.258,-0.495,4.185
144.87,1.428,-1.537,1.598,4.183,-0.496,4.185
144.88,1.514,-1.539,1.594,4.409,-0.495,4.188
144.89,1.442,-1.539,1.592,4.012,-0.496,4.185
144.90,1.580,-1.541,1.591,4.348,-0.496,4.188
144.91,1.591,-1.540,1.592,4.337,-0.497,4.188
144.92,1.681,-1.542,1.592,4.244,-0.497,4.189
144.93,1.573,-1.542,1.591,4.162,-0.497,4.189
144.94,1.511,-1.544,1.588,4.400,-0.497,4.192
144.95,1.622,-1.548,1.585,4.076,-0.498,4.190
144.96,1.435,-1.549,1.582,4.158,-0.497,4.190
144.97,1.649,-1.549,1.584,4.344,-0.499,4.190
144.98,1.599,-1.551,1.582,4.200,-0.500,4.190
144.99,1.420,-1.549,1.582,4.249,-0.500,4.190
145.00,1.263,-1.549,1.578,4.388,-0.501,4.192
145.01,1.322,-1.551,1.573,4.069,-0.499,4.192
145.02,1.859,-1.549,1.579,3.842,-0.499,4.188
145.03,1.497,-1.548,1.579,4.393,-0.498,4.192
145.04,1.642,-1.550,1.578,4.148,-0.498,4.191
145.05,1.557,-1.552,1.576,4.241,-0.497,4.193
145.06,1.302,-1.553,1.571,4.158,-0.497,4.192
145.07,1.353,-1.554,1.567,4.432,-0.497,4.195
145.08,1.869,-1.555,1.571,4.179,-0.496,4.196
145.09,1.378,-1.556,1.567,4.167,-0.496,4.196
145.10,1.340,-1.557,1.563,4.313,-0.498,4.196
145.11,1.427,-1.559,1.560,4.171,-0.497,4.197
145.12,1.542,-1.561,1.558,4.318,-0.497,4.198
145.13,1.608,-1.560,1.559,3.943,-0.497,4.195
145.14,1.692,-1.563,1.558,4.271,-0.497,4.196
145.15,1.597,-1.564,1.558,4.363,-0.498,4.198
145.16,1.590,-1.564,1.559,4.127,-0.499,4.196
145.17,1.680,-1.565,1.560,4.048,-0.500,4.193
145.18,1.482,-1.565,1.559,4.437,-0.500,4.197
145.19,1.693,-1.563,1.562,4.575,-0.500,4.201
145.20,1.565,-1.563,1.562,3.767,-0.500,4.195
145.21,1.603,-1.561,1.565,4.333,-0.501,4.197
145.22,1.610,-1.561,1.566,4.634,-0.500,4.203
145.23,1.525,-1.561,1.566,4.279,-0.500,4.205
145.24,1.663,-1.561,1.566,4.200,-0.499,4.206
145.25,1.454,-1.563,1.564,4.221,-0.500,4.205
145.26,1.626,-1.562,1.565,4.304,-0.501,4.206
145.27,1.779,-1.563,1.567,4.227,-0.498,4.209
145.28,1.600,-1.565,1.566,4.069,-0.498,4.208
145.29,1.507,-1.565,1.565,4.230,-0.497,4.208
145.30,1.596,-1.568,1.563,4.207,-0.497,4.209
145.31,1.662,-1.568,1.564,4.090,-0.495,4.210
145.32,1.517,-1.568,1.564,4.088,-0.495,4.208
145.33,1.558,-1.566,1.566,4.015,-0.494,4.206
145.34,1.645,-1.564,1.569,4.350,-0.494,4.209
145.35,1.667,-1.562,1.573,4.234,-0.493,4.210
145.36,1.559,-1.564,1.570,3.851,-0.492,4.207
145.37,1.816,-1.563,1.575,4.234,-0.492,4.207
145.38,1.489,-1.560,1.577,4.349,-0.492,4.209
145.39,1.564,-1.562,1.576,4.056,-0.492,4.207
145.40,1.372,-1.561,1.573,4.287,-0.493,4.207
145.41,1.643,-1.562,1.574,3.898,-0.493,4.203
145.42,1.708,-1.562,1.576,4.173,-0.494,4.202
145.43,1.448,-1.562,1.574,4.005,-0.496,4.198
145.44,1.884,-1.563,1.577,4.328,-0.498,4.198
145.45,1.688,-1.564,1.578,4.403,-0.496,4.202
145.46,1.559,-1.565,1.577,3.899,-0.497,4.197
145.47,1.294,-1.566,1.573,3.831,-0.496,4.194
145.48,1.561,-1.563,1.575,3.948,-0.498,4.189
145.49,1.613,-1.565,1.574,4.053,-0.497,4.188
145.50,1.869,-1.564,1.579,4.011,-0.498,4.184
145.51,1.660,-1.563,1.581,4.108,-0.499,4.183
145.52,1.440,-1.563,1.580,4.058,-0.498,4.182
145.53,1.606,-1.562,1.581,3.976,-0.497,4.180
145.54,1.710,-1.563,1.583,4.011,-0.498,4.177
145.55,1.701,-1.561,1.586,4.048,-0.498,4.176
145.56,1.608,-1.558,1.590,4.200,-0.499,4.174
145.57,1.726,-1.556,1.593,3.796,-0.498,4.170
145.58,1.512,-1.555,1.594,4.098,-0.498,4.169
145.59,1.800,-1.554,1.597,4.058,-0.498,4.168
145.60,1.350,-1.555,1.594,3.944,-0.498,4.164
145.61,1.561,-1.552,1.596,4.377,-0.500,4.166
145.62,1.429,-1.552,1.595,4.052,-0.501,4.163
145.63,1.763,-1.553,1.596,4.045,-0.501,4.161
145.64,1.372,-1.554,1.592,4.219,-0.501,4.162
145.65,1.436,-1.553,1.591,4.375,-0.501,4.165
145.66,1.526,-1.555,1.589,3.988,-0.500,4.163
145.67,1.588,-1.553,1.591,3.823,-0.501,4.158
145.68,1.456,-1.552,1.590,4.285,-0.501,4.159
145.69,1.406,-1.553,1.587,4.033,-0.500,4.159
145.70,1.581,-1.553,1.587,4.193,-0.501,4.158
145.71,1.624,-1.553,1.587,3.873,-0.500,4.155
145.72,1.661,-1.553,1.589,3.939,-0.499,4.153
145.73,1.596,-1.554,1.588,4.334,-0.499,4.156
145.74,1.695,-1.555,1.589,4.050,-0.499,4.154
145.75,1.511,-1.556,1.587,4.461,-0.499,4.158
145.76,1.323,-1.556,1.584,4.205,-0.499,4.159
145.77,1.667,-1.556,1.585,4.195,-0.500,4.158
145.78,1.592,-1.558,1.583,4.112,-0.499,4.158
145.79,1.651,-1.559,1.583,3.988,-0.500,4.154
145.80,1.602,-1.558,1.584,3.894,-0.501,4.150
145.81,1.539,-1.557,1.585,4.149,-0.501,4.149
145.82,1.605,-1.558,1.585,4.205,-0.501,4.150
145.83,1.596,-1.559,1.584,4.025,-0.501,4.148
145.84,1.396,-1.560,1.581,4.131,-0.502,4.147
145.85,1.402,-1.561,1.577,4.262,-0.502,4.149
145.86,1.680,-1.560,1.579,4.109,-0.501,4.149
145.87,1.614,-1.560,1.581,4.131,-0.501,4.149
145.88,1.638,-1.560,1.582,4.271,-0.500,4.151
145.89,1.880,-1.563,1.582,4.379,-0.501,4.153
145.90,1.674,-1.564,1.583,4.324,-0.502,4.154
145.91,1.604,-1.564,1.583,4.213,-0.500,4.156
145.92,1.567,-1.565,1.583,3.954,-0.498,4.156
145.93,1.511,-1.566,1.581,4.189,-0.498,4.156
145.94,1.763,-1.567,1.582,4.067,-0.498,4.155
145.95,1.599,-1.565,1.584,4.130,-0.498,4.154
145.96,1.575,-1.565,1.584,4.554,-0.499,4.158
145.97,1.533,-1.566,1.584,4.091,-0.499,4.157
145.98,1.897,-1.567,1.587,4.238,-0.500,4.158
145.99,1.520,-1.568,1.585,4.493,-0.500,4.162
146.00,1.405,-1.569,1.582,4.011,-0.500,4.159
146.01,1.406,-1.570,1.579,3.839,-0.503,4.153
146.02,1.449,-1.571,1.576,4.334,-0.504,4.154
146.03,1.515,-1.572,1.575,4.166,-0.503,4.154
146.04,1.564,-1.572,1.574,4.157,-0.505,4.153
146.05,1.766,-1.573,1.577,4.193,-0.505,4.153
146.06,1.363,-1.572,1.575,4.063,-0.507,4.150
146.07,1.952,-1.573,1.579,4.154,-0.506,4.151
146.08,1.808,-1.574,1.581,4.250,-0.506,4.152
146.09,1.598,-1.573,1.582,4.329,-0.507,4.154
146.10,1.410,-1.577,1.577,4.343,-0.507,4.156
146.11,1.827,-1.577,1.579,4.196,-0.507,4.156
146.12,1.787,-1.578,1.582,3.968,-0.506,4.154
146.13,1.558,-1.579,1.581,3.981,-0.505,4.153
146.14,1.624,-1.579,1.581,4.176,-0.504,4.155
146.15,1.502,-1.579,1.581,4.033,-0.503,4.153
146.16,1.515,-1.580,1.579,4.116,-0.503,4.154
146.17,1.656,-1.580,1.580,4.269,-0.502,4.155
146.18,1.695,-1.581,1.582,4.250,-0.501,4.157
146.19,1.492,-1.579,1.582,3.870,-0.501,4.154
146.20,1.750,-1.579,1.584,4.329,-0.500,4.157
146.21,1.496,-1.581,1.582,4.116,-0.500,4.156
146.22,1.537,-1.581,1.581,4.439,-0.500,4.160
146.23,1.698,-1.581,1.583,4.165,-0.501,4.159
146.24,1.485,-1.583,1.581,3.946,-0.499,4.158
146.26,1.649,-1.583,1.581,4.344,-0.500,4.160
146.27,1.717,-1.583,1.584,4.321,-0.499,4.162
146.28,1.869,-1.583,1.588,4.110,-0.500,4.160
146.29,1.347,-1.584,1.584,3.896,-0.501,4.156
146.30,1.532,-1.586,1.581,4.375,-0.500,4.160
146.31,1.625,-1.586,1.582,4.134,-0.501,4.159
146.32,1.489,-1.587,1.580,4.139,-0.502,4.157
146.33,1.371,-1.586,1.579,4.140,-0.502,4.157
146.34,1.573,-1.584,1.580,4.104,-0.501,4.157
146.35,1.638,-1.583,1.583,4.335,-0.502,4.159
146.36,1.398,-1.582,1.581,4.400,-0.503,4.161
146.37,1.695,-1.582,1.583,3.959,-0.503,4.158
146.37,1.443,-1.583,1.581,4.278,-0.502,4.161
146.39,1.441,-1.585,1.577,4.260,-0.501,4.163
146.40,1.764,-1.584,1.580,4.337,-0.501,4.165
146.41,1.499,-1.585,1.579,4.045,-0.501,4.163
146.42,1.356,-1.586,1.575,4.298,-0.503,4.163
146.43,1.498,-1.585,1.575,4.014,-0.504,4.160
146.44,1.581,-1.586,1.575,4.168,-0.505,4.160
146.45,1.597,-1.586,1.575,4.644,-0.503,4.168
146.46,1.576,-1.586,1.576,3.938,-0.505,4.162
146.47,1.538,-1.586,1.575,3.954,-0.506,4.159
146.48,1.567,-1.588,1.573,4.267,-0.506,4.160
146.49,1.615,-1.589,1.573,4.118,-0.507,4.158
146.50,1.611,-1.589,1.573,4.267,-0.507,4.160
146.51,1.888,-1.590,1.577,4.200,-0.507,4.160
146.52,1.651,-1.590,1.578,4.401,-0.507,4.163
146.53,1.543,-1.591,1.577,4.377,-0.508,4.166
146.54,1.811,-1.590,1.581,4.052,-0.507,4.165
146.55,1.892,-1.592,1.583,4.408,-0.506,4.169
146.56,1.851,-1.593,1.586,4.118,-0.506,4.168
146.57,1.587,-1.596,1.583,4.461,-0.505,4.173
146.58,1.639,-1.597,1.584,4.708,-0.505,4.181
146.59,1.388,-1.596,1.582,4.151,-0.505,4.181
146.60,1.629,-1.598,1.581,4.153,-0.505,4.180
146.61,1.573,-1.598,1.582,4.019,-0.505,4.178
146.62,1.807,-1.597,1.586,4.031,-0.504,4.177
146.63,1.818,-1.596,1.590,4.249,-0.504,4.178
146.64,1.761,-1.598,1.591,4.208,-0.504,4.178
146.65,1.544,-1.597,1.591,4.237,-0.506,4.178
146.66,1.702,-1.597,1.593,4.124,-0.505,4.178
146.67,1.549,-1.597,1.593,3.956,-0.505,4.175
146.68,1.343,-1.598,1.589,4.323,-0.505,4.177
146.69,1.318,-1.599,1.585,4.367,-0.504,4.180
146.70,1.964,-1.598,1.591,4.111,-0.504,4.179
146.71,1.820,-1.598,1.594,4.050,-0.505,4.177
146.72,1.440,-1.598,1.592,4.101,-0.503,4.178
146.73,1.468,-1.601,1.588,4.244,-0.503,4.179
146.74,1.678,-1.602,1.589,4.537,-0.502,4.185
146.75,1.421,-1.602,1.587,4.310,-0.501,4.188
146.76,1.623,-1.602,1.588,4.188,-0.500,4.188
146.77,1.839,-1.602,1.591,4.012,-0.500,4.186
146.78,1.467,-1.603,1.589,4.055,-0.500,4.184
146.79,1.539,-1.604,1.588,4.281,-0.501,4.185
146.80,1.591,-1.605,1.587,4.072,-0.501,4.184
146.81,1.478,-1.606,1.585,4.188,-0.502,4.182
146.82,1.737,-1.607,1.586,4.031,-0.503,4.179
146.83,1.537,-1.607,1.586,4.577,-0.504,4.184
146.84,1.613,-1.605,1.588,4.039,-0.504,4.182
146.85,1.620,-1.607,1.587,3.863,-0.505,4.177
146.86,1.624,-1.608,1.587,3.932,-0.506,4.173
146.87,1.565,-1.609,1.587,4.042,-0.506,4.171
146.88,1.397,-1.611,1.583,4.422,-0.506,4.175
146.89,1.329,-1.611,1.579,3.998,-0.505,4.173
146.90,1.511,-1.607,1.582,4.273,-0.505,4.174
146.91,1.750,-1.608,1.584,3.691,-0.506,4.168
146.92,1.446,-1.608,1.582,4.152,-0.506,4.167
146.93,1.743,-1.608,1.585,4.576,-0.506,4.173
146.94,1.456,-1.608,1.584,4.094,-0.507,4.171
146.95,1.717,-1.607,1.587,4.344,-0.507,4.173
146.96,1.733,-1.605,1.590,4.054,-0.507,4.171
146.97,1.751,-1.605,1.593,4.256,-0.506,4.173
146.98,1.499,-1.607,1.590,4.197,-0.507,4.173
146.99,1.711,-1.608,1.591,4.534,-0.509,4.176
147.00,1.445,-1.607,1.591,3.924,-0.510,4.172
147.01,1.511,-1.605,1.592,4.131,-0.511,4.170
147.02,1.748,-1.605,1.594,4.141,-0.512,4.169
147.03,1.773,-1.606,1.595,4.312,-0.512,4.171
147.04,1.771,-1.607,1.598,4.184,-0.511,4.172
147.05,1.684,-1.607,1.599,4.143,-0.510,4.172
147.06,1.320,-1.607,1.595,4.305,-0.509,4.175
147.07,1.594,-1.608,1.595,4.166,-0.509,4.175
147.08,1.523,-1.608,1.594,3.941,-0.511,4.170
147.09,1.680,-1.609,1.595,4.206,-0.510,4.171
147.10,1.813,-1.608,1.599,4.103,-0.511,4.169
147.11,1.597,-1.609,1.599,4.270,-0.511,4.171
147.12,1.517,-1.609,1.598,4.231,-0.510,4.173
147.13,1.427,-1.606,1.598,4.233,-0.511,4.173
147.14,1.915,-1.607,1.602,4.035,-0.510,4.172
147.15,1.540,-1.608,1.600,3.779,-0.510,4.166
147.16,1.429,-1.609,1.598,4.244,-0.511,4.166
147.17,1.848,-1.610,1.601,4.045,-0.512,4.164
147.18,1.919,-1.609,1.606,4.155,-0.513,4.163
147.19,1.545,-1.608,1.606,3.828,-0.514,4.158
147.20,1.445,-1.608,1.605,4.151,-0.514,4.158
147.21,1.560,-1.606,1.606,4.105,-0.513,4.158
147.22,1.620,-1.607,1.606,4.048,-0.513,4.157
147.23,1.440,-1.606,1.605,4.050,-0.513,4.155
147.24,1.763,-1.607,1.607,3.997,-0.515,4.151
147.25,1.779,-1.607,1.609,4.107,-0.516,4.149
147.26,1.743,-1.608,1.610,4.456,-0.516,4.154
147.27,1.650,-1.607,1.612,4.253,-0.516,4.155
147.28,1.618,-1.608,1.612,4.270,-0.515,4.157
147.29,1.251,-1.608,1.607,4.154,-0.514,4.158
147.30,1.841,-1.609,1.610,4.188,-0.515,4.158
147.31,1.619,-1.612,1.608,4.223,-0.515,4.159
147.32,1.603,-1.611,1.609,4.176,-0.514,4.159
147.33,1.517,-1.611,1.608,4.062,-0.515,4.158
147.34,1.325,-1.611,1.605,4.430,-0.515,4.160
147.35,1.392,-1.610,1.603,4.175,-0.515,4.161
147.36,1.564,-1.607,1.606,4.115,-0.514,4.161
147.37,1.562,-1.608,1.605,4.170,-0.515,4.161
147.38,1.770,-1.608,1.607,4.288,-0.515,4.163
147.39,1.535,-1.609,1.605,4.447,-0.515,4.166
147.40,1.761,-1.610,1.607,4.316,-0.516,4.167
147.41,1.614,-1.608,1.610,4.150,-0.515,4.168
147.42,1.466,-1.609,1.607,4.144,-0.516,4.167
147.43,1.855,-1.610,1.609,4.254,-0.514,4.169
147.44,1.491,-1.611,1.608,4.145,-0.515,4.168
147.45,1.382,-1.611,1.604,4.410,-0.515,4.172
147.46,1.463,-1.613,1.601,4.210,-0.515,4.172
147.47,1.819,-1.612,1.606,4.119,-0.516,4.171
147.48,1.604,-1.613,1.604,4.287,-0.518,4.170
147.49,1.490,-1.615,1.602,4.312,-0.519,4.171
147.50,1.287,-1.616,1.597,4.118,-0.517,4.173
147.51,1.561,-1.617,1.595,4.263,-0.518,4.173
147.52,1.768,-1.618,1.598,4.273,-0.517,4.175
147.53,1.433,-1.615,1.599,4.063,-0.517,4.174
147.54,1.598,-1.614,1.600,4.271,-0.517,4.175
147.55,1.481,-1.612,1.600,4.261,-0.517,4.176
147.56,1.565,-1.611,1.601,4.059,-0.519,4.173
147.57,1.769,-1.613,1.602,3.998,-0.518,4.172
147.58,1.504,-1.614,1.600,4.162,-0.519,4.171
147.59,1.580,-1.614,1.599,4.350,-0.520,4.173
147.60,1.312,-1.614,1.596,4.054,-0.519,4.172
147.61,1.678,-1.616,1.596,4.152,-0.520,4.171
147.62,1.809,-1.616,1.599,3.975,-0.519,4.170
147.63,1.664,-1.614,1.602,4.056,-0.519,4.168
147.64,1.665,-1.614,1.602,4.423,-0.519,4.171
147.65,1.861,-1.614,1.606,4.461,-0.519,4.175
147.66,1.585,-1.615,1.605,4.158,-0.519,4.175
147.67,1.886,-1.617,1.608,4.137,-0.519,4.174
147.68,1.401,-1.617,1.605,4.054,-0.518,4.174
147.69,1.866,-1.619,1.607,4.103,-0.519,4.172
147.70,1.535,-1.618,1.608,4.223,-0.519,4.173
147.71,1.150,-1.618,1.602,4.435,-0.517,4.178
147.72,1.653,-1.618,1.603,3.935,-0.516,4.176
147.74,1.741,-1.619,1.604,4.278,-0.518,4.176
147.74,1.405,-1.620,1.601,4.007,-0.518,4.174
147.75,1.407,-1.618,1.600,4.555,-0.518,4.179
147.77,1.809,-1.618,1.603,3.985,-0.517,4.178
147.78,1.657,-1.620,1.603,3.783,-0.517,4.173
147.79,1.540,-1.621,1.601,3.998,-0.516,4.171
147.80,1.681,-1.621,1.602,4.316,-0.516,4.173
147.81,1.668,-1.622,1.602,3.995,-0.517,4.170
147.82,1.509,-1.623,1.601,4.092,-0.517,4.169
147.83,1.600,-1.623,1.601,4.344,-0.516,4.172
147.84,1.402,-1.622,1.599,4.402,-0.515,4.176
147.85,1.623,-1.622,1.600,4.138,-0.515,4.176
147.86,1.392,-1.623,1.596,3.794,-0.514,4.172
147.87,1.687,-1.624,1.597,4.267,-0.514,4.174
147.88,1.552,-1.624,1.597,4.278,-0.513,4.176
147.89,1.572,-1.623,1.598,4.037,-0.513,4.174
147.90,1.521,-1.625,1.595,4.192,-0.514,4.173
147.91,1.462,-1.625,1.593,4.073,-0.513,4.173
147.92,1.506,-1.627,1.591,4.393,-0.513,4.176
147.93,1.559,-1.627,1.590,4.193,-0.512,4.177
147.94,1.783,-1.629,1.591,4.235,-0.512,4.178
147.95,1.357,-1.631,1.587,4.344,-0.512,4.180
147.96,1.420,-1.630,1.585,4.242,-0.512,4.181
147.97,1.646,-1.628,1.588,4.569,-0.513,4.186
147.98,1.552,-1.628,1.588,4.209,-0.514,4.185
147.99,1.501,-1.629,1.587,4.231,-0.514,4.186
148.00,1.584,-1.628,1.588,4.090,-0.515,4.183
148.01,1.805,-1.626,1.592,4.252,-0.515,4.185
148.02,1.559,-1.626,1.592,4.446,-0.516,4.187
148.03,1.579,-1.628,1.591,4.213,-0.516,4.187
148.04,1.426,-1.627,1.590,4.330,-0.516,4.190
148.05,1.697,-1.627,1.591,4.128,-0.515,4.189
148.06,1.580,-1.627,1.591,4.400,-0.513,4.195
148.07,1.588,-1.628,1.590,4.147,-0.513,4.194
148.08,1.554,-1.628,1.590,4.066,-0.514,4.192
148.09,1.524,-1.630,1.588,4.219,-0.514,4.192
148.10,1.376,-1.630,1.586,4.399,-0.512,4.197
148.11,1.588,-1.628,1.588,4.330,-0.511,4.200
148.12,1.789,-1.628,1.590,4.145,-0.511,4.199
148.13,1.647,-1.628,1.591,4.086,-0.511,4.198
148.14,1.618,-1.628,1.592,3.983,-0.512,4.195
148.15,1.446,-1.626,1.592,4.406,-0.513,4.196
148.16,1.664,-1.626,1.593,4.338,-0.514,4.197
148.17,1.678,-1.624,1.597,4.334,-0.514,4.199
148.18,1.516,-1.623,1.597,4.289,-0.513,4.202
148.19,1.605,-1.623,1.597,4.205,-0.512,4.203
148.20,1.648,-1.623,1.598,4.367,-0.511,4.206
148.21,1.417,-1.623,1.596,4.318,-0.509,4.210
148.22,1.583,-1.624,1.595,4.332,-0.508,4.213
148.23,1.617,-1.624,1.595,4.283,-0.508,4.213
148.24,1.512,-1.625,1.593,4.112,-0.508,4.212
148.25,1.690,-1.626,1.594,4.253,-0.508,4.213
148.26,1.316,-1.629,1.588,4.229,-0.507,4.215
148.27,1.192,-1.629,1.583,4.032,-0.506,4.213
148.28,1.656,-1.630,1.583,4.084,-0.507,4.212
148.29,1.665,-1.632,1.582,4.314,-0.507,4.213
148.30,1.592,-1.632,1.583,4.205,-0.506,4.214
148.31,1.500,-1.630,1.583,4.260,-0.507,4.214
148.32,1.269,-1.632,1.577,4.252,-0.507,4.214
148.33,1.549,-1.633,1.577,4.319,-0.509,4.214
148.34,1.726,-1.634,1.578,3.918,-0.509,4.211
148.35,1.301,-1.633,1.575,4.241,-0.509,4.211
148.36,1.379,-1.632,1.574,3.981,-0.508,4.209
148.37,1.833,-1.632,1.577,4.143,-0.507,4.209
148.38,1.737,-1.633,1.578,4.391,-0.506,4.213
148.39,1.445,-1.635,1.575,4.165,-0.506,4.212
148.40,1.540,-1.633,1.577,4.217,-0.507,4.212
148.41,1.755,-1.631,1.582,4.410,-0.506,4.215
148.42,1.628,-1.631,1.582,4.151,-0.507,4.214
148.43,1.620,-1.631,1.582,4.121,-0.506,4.214
148.44,1.573,-1.631,1.582,4.231,-0.506,4.215
148.45,1.356,-1.631,1.579,4.393,-0.505,4.217
148.46,1.596,-1.634,1.578,3.915,-0.506,4.213
148.47,1.806,-1.635,1.580,4.400,-0.507,4.215
148.48,1.330,-1.635,1.576,4.354,-0.507,4.217
148.49,1.405,-1.634,1.576,4.105,-0.506,4.216
148.50,1.626,-1.634,1.576,4.240,-0.506,4.217
148.51,1.533,-1.633,1.576,4.284,-0.506,4.218
148.52,1.799,-1.636,1.577,4.349,-0.507,4.220
148.53,1.543,-1.636,1.577,4.260,-0.508,4.219
148.54,1.813,-1.634,1.582,4.312,-0.509,4.220
148.55,1.560,-1.636,1.580,4.215,-0.509,4.220
148.56,1.482,-1.635,1.580,3.904,-0.508,4.216
148.57,1.565,-1.636,1.579,4.391,-0.507,4.220
148.58,1.496,-1.634,1.579,4.340,-0.507,4.222
148.59,1.479,-1.635,1.577,4.391,-0.506,4.225
148.60,1.476,-1.634,1.577,4.012,-0.506,4.223
148.61,1.743,-1.636,1.578,4.154,-0.505,4.223
148.62,1.766,-1.632,1.584,4.329,-0.505,4.224
148.63,1.490,-1.634,1.581,4.033,-0.506,4.222
148.64,1.529,-1.634,1.580,4.173,-0.505,4.222
148.65,1.598,-1.634,1.580,4.187,-0.505,4.222
148.66,1.789,-1.634,1.584,3.972,-0.505,4.219
148.67,1.651,-1.634,1.585,4.305,-0.505,4.220
148.68,1.389,-1.632,1.585,4.021,-0.506,4.217
148.69,1.538,-1.631,1.585,4.076,-0.507,4.214
148.70,1.749,-1.632,1.586,3.985,-0.507,4.211
148.71,1.536,-1.632,1.585,4.192,-0.507,4.211
148.72,1.467,-1.633,1.583,3.937,-0.507,4.207
148.73,1.899,-1.634,1.587,3.937,-0.508,4.203
148.74,1.607,-1.633,1.588,3.943,-0.508,4.200
148.75,1.810,-1.632,1.592,4.266,-0.506,4.202
148.76,1.703,-1.631,1.595,4.369,-0.507,4.204
148.77,1.653,-1.629,1.598,4.161,-0.507,4.203
148.78,1.646,-1.629,1.599,4.148,-0.508,4.202
148.79,1.575,-1.628,1.600,3.792,-0.509,4.196
148.80,1.481,-1.628,1.598,4.083,-0.508,4.195
148.81,1.572,-1.629,1.597,4.244,-0.507,4.197
148.82,1.503,-1.627,1.598,4.125,-0.507,4.196
148.83,1.444,-1.629,1.595,4.341,-0.507,4.198
148.84,1.511,-1.629,1.593,4.206,-0.506,4.199
148.85,1.419,-1.633,1.588,4.112,-0.505,4.199
148.86,1.708,-1.632,1.590,4.128,-0.505,4.198
148.87,1.883,-1.633,1.593,4.263,-0.504,4.200
148.88,1.517,-1.633,1.592,4.235,-0.504,4.200
148.89,1.528,-1.631,1.593,4.128,-0.504,4.199
148.90,1.457,-1.632,1.591,4.340,-0.504,4.201
148.91,1.464,-1.631,1.590,4.079,-0.504,4.200
148.92,1.519,-1.632,1.589,4.151,-0.505,4.198
148.93,1.488,-1.630,1.589,4.549,-0.504,4.204
148.94,1.610,-1.631,1.589,4.110,-0.503,4.204
148.95,1.602,-1.631,1.589,4.368,-0.502,4.207
148.96,1.846,-1.632,1.592,4.268,-0.502,4.208
148.97,1.359,-1.630,1.591,4.334,-0.502,4.210
148.98,1.434,-1.632,1.586,3.874,-0.502,4.205
148.99,1.610,-1.632,1.587,4.471,-0.502,4.209
149.00,1.632,-1.632,1.589,4.161,-0.501,4.209
149.01,1.514,-1.633,1.587,4.187,-0.501,4.210
149.02,1.533,-1.634,1.585,4.155,-0.501,4.209
149.03,1.319,-1.634,1.581,4.394,-0.501,4.211
149.04,1.419,-1.634,1.580,4.379,-0.501,4.213
149.05,1.683,-1.632,1.583,4.332,-0.501,4.215
149.06,1.709,-1.633,1.584,4.260,-0.502,4.214
149.07,1.610,-1.633,1.584,4.338,-0.504,4.214
149.08,1.641,-1.632,1.585,4.239,-0.505,4.214
149.09,1.765,-1.636,1.585,4.484,-0.504,4.218
149.10,1.488,-1.636,1.584,4.195,-0.504,4.219
149.11,1.820,-1.637,1.585,4.086,-0.502,4.218
149.12,1.644,-1.636,1.587,4.564,-0.502,4.224
149.13,1.386,-1.636,1.585,4.097,-0.500,4.224
149.14,1.692,-1.637,1.586,3.899,-0.500,4.220
149.15,1.659,-1.639,1.585,4.067,-0.499,4.219
149.16,1.650,-1.638,1.587,4.000,-0.499,4.216
149.17,1.507,-1.637,1.587,4.375,-0.498,4.219
149.18,1.546,-1.636,1.588,4.083,-0.499,4.217
149.19,1.764,-1.637,1.589,4.349,-0.497,4.220
149.20,1.381,-1.638,1.585,4.221,-0.498,4.220
149.22,1.338,-1.642,1.579,4.474,-0.498,4.223
149.23,1.393,-1.641,1.577,4.362,-0.498,4.225
149.24,1.596,-1.642,1.576,4.341,-0.497,4.228
149.24,1.319,-1.644,1.571,4.252,-0.497,4.228
149.25,1.432,-1.643,1.570,4.278,-0.497,4.229
149.26,1.595,-1.644,1.570,4.022,-0.496,4.227
149.27,1.797,-1.643,1.574,4.562,-0.496,4.232
149.28,1.686,-1.640,1.579,4.221,-0.497,4.231
149.29,1.321,-1.640,1.575,4.342,-0.498,4.232
149.30,1.668,-1.642,1.575,3.717,-0.499,4.224
149.32,1.382,-1.642,1.572,4.209,-0.499,4.224
149.33,1.691,-1.642,1.574,4.289,-0.499,4.225
149.34,1.484,-1.642,1.573,4.234,-0.499,4.226
149.35,1.387,-1.641,1.571,4.218,-0.498,4.227
149.36,1.241,-1.640,1.568,3.956,-0.497,4.224
149.37,1.494,-1.639,1.568,4.213,-0.498,4.223
149.38,1.631,-1.641,1.567,4.292,-0.496,4.226
149.39,1.593,-1.639,1.570,4.319,-0.496,4.228
149.40,1.647,-1.639,1.570,3.909,-0.494,4.226
149.41,1.772,-1.641,1.571,4.402,-0.493,4.228
149.42,1.599,-1.641,1.571,4.469,-0.494,4.231
149.43,1.885,-1.641,1.576,4.109,-0.493,4.230
149.44,1.642,-1.641,1.577,3.922,-0.493,4.226
149.45,1.581,-1.642,1.576,4.351,-0.493,4.228
149.46,1.514,-1.640,1.577,4.129,-0.493,4.227
149.47,1.620,-1.641,1.577,4.031,-0.495,4.223
149.48,1.793,-1.640,1.581,4.610,-0.494,4.229
149.49,1.594,-1.639,1.582,4.044,-0.494,4.227
149.50,1.295,-1.639,1.578,4.002,-0.493,4.225
149.51,1.671,-1.639,1.580,4.551,-0.493,4.229
149.52,1.418,-1.640,1.577,4.273,-0.492,4.231
149.53,1.468,-1.640,1.576,4.197,-0.491,4.232
149.54,1.315,-1.639,1.573,4.503,-0.492,4.234
149.55,1.754,-1.639,1.575,4.314,-0.492,4.235
149.56,1.376,-1.640,1.572,3.994,-0.492,4.232
149.57,1.580,-1.640,1.572,4.047,-0.491,4.231
149.58,1.913,-1.639,1.577,4.031,-0.494,4.226
149.59,1.647,-1.640,1.578,4.246,-0.492,4.228
149.60,1.265,-1.640,1.574,4.162,-0.493,4.226
149.61,1.509,-1.641,1.572,4.244,-0.493,4.226
149.62,1.689,-1.640,1.575,4.334,-0.493,4.228
149.63,1.620,-1.638,1.577,4.107,-0.493,4.226
149.64,1.670,-1.639,1.578,4.181,-0.494,4.225
149.65,1.437,-1.639,1.576,4.151,-0.494,4.224
149.66,1.554,-1.638,1.576,3.970,-0.494,4.221
149.67,1.701,-1.637,1.579,4.062,-0.494,4.219
149.68,1.487,-1.637,1.578,4.170,-0.494,4.219
149.69,1.616,-1.638,1.577,4.135,-0.493,4.218
149.70,1.622,-1.638,1.579,4.147,-0.493,4.217
149.71,1.558,-1.639,1.577,4.309,-0.493,4.219
149.72,1.651,-1.640,1.577,4.122,-0.492,4.218
149.73,1.587,-1.640,1.578,4.229,-0.493,4.218
149.74,1.540,-1.641,1.576,3.973,-0.492,4.215
149.75,1.727,-1.643,1.576,4.100,-0.492,4.213
149.76,1.481,-1.644,1.574,4.367,-0.491,4.217
149.77,1.593,-1.644,1.574,4.199,-0.492,4.216
149.78,1.464,-1.646,1.571,3.946,-0.493,4.211
149.79,1.622,-1.645,1.573,4.146,-0.492,4.211
149.80,1.652,-1.647,1.572,4.486,-0.493,4.214
149.81,1.674,-1.644,1.576,4.191,-0.494,4.212
149.82,1.514,-1.645,1.575,4.006,-0.494,4.210
149.83,1.712,-1.644,1.578,4.283,-0.493,4.211
149.84,1.505,-1.644,1.577,4.064,-0.492,4.211
149.85,1.404,-1.645,1.573,4.340,-0.489,4.215
149.86,1.880,-1.646,1.577,4.158,-0.489,4.215
149.87,1.731,-1.645,1.580,4.329,-0.491,4.215
149.88,1.704,-1.646,1.580,4.298,-0.492,4.215
149.89,1.533,-1.646,1.580,4.268,-0.493,4.214
149.90,1.547,-1.645,1.580,4.454,-0.493,4.218
149.91,1.572,-1.646,1.580,4.183,-0.492,4.218
149.92,1.766,-1.644,1.584,4.243,-0.491,4.219
149.93,1.543,-1.644,1.584,3.990,-0.491,4.216
149.94,1.845,-1.644,1.588,4.280,-0.491,4.217
149.95,1.447,-1.644,1.586,4.428,-0.491,4.220
149.96,1.764,-1.645,1.588,4.121,-0.490,4.220
149.97,1.549,-1.643,1.589,4.105,-0.491,4.217
149.98,1.685,-1.644,1.589,4.279,-0.493,4.217
149.99,1.431,-1.643,1.588,4.494,-0.491,4.221
150.00,1.581,-1.644,1.587,4.342,-0.492,4.222
150.01,1.705,-1.645,1.588,4.385,-0.492,4.224
150.02,1.580,-1.644,1.590,4.482,-0.492,4.228
150.03,1.868,-1.643,1.594,4.469,-0.492,4.231
150.04,1.693,-1.643,1.595,4.322,-0.492,4.233
150.05,1.370,-1.643,1.593,4.173,-0.494,4.230
150.06,1.542,-1.645,1.590,4.148,-0.494,4.229
150.07,1.602,-1.644,1.591,4.053,-0.494,4.227
150.08,1.565,-1.644,1.592,4.203,-0.494,4.226
150.09,1.364,-1.644,1.589,4.021,-0.494,4.224
150.10,1.702,-1.642,1.592,3.896,-0.493,4.221
150.11,1.750,-1.643,1.593,4.179,-0.493,4.220
150.12,1.711,-1.644,1.594,4.281,-0.494,4.220
150.13,1.712,-1.646,1.594,4.210,-0.494,4.220
150.14,1.577,-1.647,1.593,4.315,-0.495,4.221
150.15,1.573,-1.648,1.592,4.189,-0.495,4.220
150.16,1.730,-1.650,1.592,4.400,-0.494,4.223
150.17,1.719,-1.651,1.593,4.131,-0.493,4.223
150.18,1.455,-1.651,1.592,4.213,-0.494,4.222
150.19,1.507,-1.651,1.590,4.070,-0.494,4.221
150.20,1.753,-1.653,1.591,4.420,-0.494,4.223
150.21,1.606,-1.652,1.592,4.403,-0.493,4.227
150.22,1.427,-1.652,1.590,4.352,-0.492,4.230
150.23,1.619,-1.653,1.590,4.237,-0.490,4.231
150.24,1.580,-1.653,1.589,4.215,-0.490,4.231
150.25,1.735,-1.655,1.590,4.457,-0.488,4.236
150.26,1.653,-1.657,1.589,4.019,-0.489,4.233
150.27,1.513,-1.658,1.587,4.196,-0.489,4.232
150.28,1.644,-1.659,1.587,4.178,-0.488,4.233
150.29,1.388,-1.659,1.585,4.089,-0.489,4.229
150.30,1.899,-1.660,1.588,4.099,-0.489,4.228
150.31,1.613,-1.660,1.589,4.522,-0.489,4.232
150.32,1.762,-1.660,1.591,4.368,-0.488,4.235
150.33,1.307,-1.659,1.588,4.487,-0.489,4.238
150.34,1.780,-1.661,1.589,4.035,-0.488,4.236
150.35,1.424,-1.662,1.586,4.309,-0.487,4.237
150.36,1.645,-1.662,1.588,4.373,-0.487,4.239
150.37,1.541,-1.661,1.588,4.422,-0.487,4.242
150.38,1.553,-1.661,1.587,4.403,-0.488,4.243
150.39,1.723,-1.662,1.589,4.476,-0.489,4.246
150.40,1.730,-1.663,1.590,4.156,-0.490,4.244
150.41,1.466,-1.664,1.587,4.121,-0.489,4.243
150.42,1.889,-1.664,1.591,4.032,-0.490,4.240
150.43,1.533,-1.665,1.590,4.243,-0.489,4.240
150.44,1.709,-1.667,1.590,3.900,-0.490,4.235
150.45,1.533,-1.669,1.588,4.075,-0.490,4.233
150.46,1.336,-1.670,1.584,4.043,-0.491,4.230
150.47,1.444,-1.670,1.582,3.984,-0.491,4.227
150.48,1.606,-1.671,1.581,3.976,-0.491,4.224
150.49,1.538,-1.671,1.581,4.172,-0.489,4.225
150.50,1.680,-1.670,1.583,4.316,-0.491,4.224
150.51,1.644,-1.671,1.583,4.153,-0.491,4.223
150.52,1.732,-1.672,1.585,4.197,-0.492,4.222
150.53,1.682,-1.673,1.586,4.365,-0.492,4.223
150.54,1.731,-1.673,1.587,4.060,-0.494,4.220
150.55,1.852,-1.674,1.590,4.129,-0.493,4.220
150.57,1.743,-1.675,1.591,4.332,-0.492,4.222
150.57,1.751,-1.677,1.592,4.007,-0.492,4.219
150.58,1.707,-1.675,1.595,4.211,-0.492,4.219
150.59,1.529,-1.675,1.595,4.197,-0.493,4.217
150.60,1.587,-1.673,1.597,4.075,-0.494,4.215
150.61,1.508,-1.672,1.597,4.283,-0.493,4.217
150.62,1.799,-1.673,1.599,4.120,-0.494,4.215
150.63,1.663,-1.674,1.600,3.943,-0.493,4.212
150.64,1.702,-1.676,1.599,4.160,-0.492,4.212
150.66,1.901,-1.677,1.603,4.076,-0.492,4.210
150.66,1.455,-1.679,1.599,4.254,-0.491,4.212
150.68,1.470,-1.681,1.596,4.312,-0.491,4.213
150.69,1.599,-1.681,1.596,4.586,-0.490,4.220
150.69,1.796,-1.683,1.597,4.098,-0.490,4.218
150.70,1.607,-1.681,1.599,4.390,-0.490,4.220
150.72,1.577,-1.683,1.598,3.931,-0.492,4.214
150.73,1.123,-1.681,1.593,4.388,-0.492,4.216
150.74,1.505,-1.683,1.591,4.404,-0.491,4.220
150.74,1.558,-1.681,1.593,4.260,-0.491,4.220
150.76,1.571,-1.681,1.593,4.326,-0.492,4.221
150.77,1.977,-1.681,1.598,4.348,-0.491,4.223
150.78,1.407,-1.682,1.595,4.313,-0.491,4.225
150.79,1.469,-1.682,1.593,4.101,-0.492,4.222
150.80,1.632,-1.682,1.594,4.356,-0.491,4.224
150.81,1.539,-1.681,1.595,4.405,-0.492,4.226
150.82,1.344,-1.682,1.591,4.136,-0.491,4.226
150.83,1.382,-1.680,1.590,3.986,-0.490,4.224
150.84,1.632,-1.680,1.591,4.002,-0.490,4.221
150.84,1.556,-1.679,1.592,4.264,-0.488,4.223
150.86,1.846,-1.679,1.596,4.485,-0.488,4.227
150.87,1.438,-1.679,1.594,4.326,-0.490,4.227
150.88,1.688,-1.679,1.595,4.247,-0.490,4.227
150.89,1.526,-1.677,1.596,4.290,-0.489,4.228
150.90,1.622,-1.675,1.599,4.172,-0.490,4.227
150.91,1.525,-1.676,1.598,4.034,-0.489,4.225
150.92,1.916,-1.675,1.603,4.162,-0.490,4.224
150.93,1.662,-1.675,1.604,4.390,-0.490,4.226
150.94,1.453,-1.677,1.600,4.499,-0.490,4.229
150.95,1.680,-1.678,1.601,4.340,-0.491,4.230
150.96,1.731,-1.678,1.603,4.278,-0.491,4.231
150.97,1.751,-1.678,1.605,4.182,-0.491,4.230
150.98,1.464,-1.677,1.604,4.231,-0.491,4.231
150.99,1.521,-1.677,1.604,4.387,-0.491,4.232
151.00,1.599,-1.677,1.604,4.491,-0.490,4.237
151.01,1.634,-1.676,1.605,3.986,-0.490,4.234
151.02,1.540,-1.677,1.604,4.083,-0.489,4.233
151.03,1.626,-1.678,1.603,4.281,-0.488,4.234
151.04,1.432,-1.680,1.600,4.412,-0.489,4.236
151.05,1.619,-1.679,1.601,4.465,-0.487,4.240
151.06,1.262,-1.680,1.596,3.983,-0.488,4.236
151.07,1.581,-1.679,1.597,4.305,-0.487,4.238
151.08,1.532,-1.679,1.597,4.197,-0.486,4.239
151.09,1.458,-1.677,1.597,4.149,-0.487,4.237
151.10,1.704,-1.678,1.597,4.372,-0.488,4.238
151.11,1.701,-1.681,1.596,4.533,-0.488,4.242
151.12,1.940,-1.681,1.601,4.172,-0.487,4.242
151.13,1.561,-1.680,1.602,4.284,-0.487,4.243
151.14,1.521,-1.682,1.599,4.459,-0.487,4.246
151.15,1.643,-1.682,1.600,4.327,-0.488,4.246
151.16,1.533,-1.684,1.597,4.223,-0.488,4.246
151.17,1.488,-1.682,1.598,4.278,-0.488,4.246
151.18,1.839,-1.681,1.602,4.542,-0.487,4.251
151.19,1.352,-1.681,1.600,4.169,-0.488,4.249
151.20,1.491,-1.682,1.597,4.144,-0.487,4.249
151.21,1.752,-1.681,1.601,4.139,-0.489,4.246
151.22,1.639,-1.681,1.601,4.176,-0.489,4.245
151.23,1.557,-1.680,1.602,4.282,-0.490,4.245
151.24,1.470,-1.681,1.600,3.861,-0.491,4.239
151.25,1.373,-1.679,1.598,4.366,-0.491,4.241
151.26,1.549,-1.678,1.599,4.185,-0.491,4.240
151.27,1.439,-1.678,1.597,4.116,-0.491,4.238
151.28,1.665,-1.680,1.597,4.241,-0.492,4.238
151.29,1.605,-1.681,1.596,4.216,-0.492,4.237
151.30,1.564,-1.680,1.597,4.006,-0.493,4.233
151.31,1.430,-1.680,1.595,4.235,-0.492,4.235
151.32,1.635,-1.678,1.597,4.167,-0.492,4.234
151.33,1.561,-1.676,1.599,4.167,-0.492,4.233
151.34,1.682,-1.675,1.601,4.414,-0.493,4.234
151.35,1.461,-1.676,1.599,4.369,-0.494,4.235
151.36,1.754,-1.674,1.603,4.228,-0.494,4.235
151.37,1.589,-1.674,1.603,3.970,-0.495,4.231
151.38,1.942,-1.673,1.608,4.502,-0.493,4.236
151.39,1.547,-1.674,1.607,4.306,-0.492,4.238
151.40,1.496,-1.674,1.606,4.107,-0.492,4.237
151.41,1.707,-1.674,1.607,4.220,-0.491,4.237
151.42,1.651,-1.675,1.607,4.556,-0.489,4.243
151.43,1.545,-1.675,1.607,4.008,-0.489,4.241
151.44,1.373,-1.675,1.604,4.181,-0.487,4.242
151.45,1.733,-1.675,1.606,4.272,-0.486,4.243
151.46,1.157,-1.674,1.601,4.317,-0.486,4.244
151.47,1.837,-1.675,1.604,4.021,-0.486,4.242
151.48,1.455,-1.673,1.603,4.333,-0.486,4.244
151.49,1.404,-1.674,1.600,4.485,-0.486,4.246
151.50,1.691,-1.674,1.601,4.403,-0.486,4.249
151.51,1.593,-1.673,1.603,4.316,-0.486,4.250
151.52,1.394,-1.674,1.599,4.076,-0.485,4.249
151.53,1.445,-1.674,1.597,3.947,-0.486,4.244
151.54,1.713,-1.675,1.598,3.966,-0.485,4.241
151.55,1.437,-1.675,1.596,4.002,-0.483,4.240
151.56,1.760,-1.676,1.598,4.171,-0.484,4.238
151.57,1.542,-1.676,1.597,4.172,-0.484,4.237
151.58,1.700,-1.676,1.598,4.228,-0.485,4.236
151.59,1.574,-1.676,1.598,4.176,-0.485,4.235
151.60,2.063,-1.676,1.604,4.180,-0.485,4.235
151.61,1.396,-1.676,1.603,3.981,-0.484,4.232
151.62,1.670,-1.675,1.604,4.300,-0.483,4.234
151.63,1.502,-1.673,1.605,4.003,-0.483,4.231
151.64,1.508,-1.673,1.603,4.025,-0.483,4.229
151.65,1.610,-1.671,1.607,4.083,-0.482,4.228
151.66,1.747,-1.670,1.609,4.284,-0.483,4.227
151.67,1.847,-1.670,1.613,4.355,-0.482,4.230
151.68,1.536,-1.670,1.612,4.131,-0.483,4.228
151.69,1.647,-1.670,1.612,4.195,-0.482,4.228
151.70,1.624,-1.672,1.611,4.023,-0.483,4.224
151.71,1.424,-1.674,1.607,4.372,-0.483,4.226
151.72,1.682,-1.674,1.608,4.151,-0.482,4.226
151.73,1.428,-1.674,1.605,3.883,-0.483,4.221
151.74,1.672,-1.674,1.607,4.113,-0.483,4.219
151.75,1.558,-1.674,1.606,4.424,-0.483,4.221
151.76,1.538,-1.674,1.605,4.186,-0.484,4.220
151.77,1.626,-1.675,1.605,4.533,-0.486,4.222
151.78,1.484,-1.674,1.605,4.174,-0.486,4.222
151.79,1.472,-1.673,1.604,4.492,-0.485,4.226
151.80,1.710,-1.673,1.606,4.120,-0.486,4.224
151.81,1.584,-1.672,1.606,4.369,-0.485,4.226
151.82,1.571,-1.673,1.605,4.422,-0.484,4.230
151.83,1.470,-1.672,1.604,4.049,-0.483,4.229
151.84,1.612,-1.672,1.605,4.233,-0.483,4.229
151.85,1.517,-1.671,1.605,4.137,-0.483,4.228
151.86,1.544,-1.670,1.605,4.488,-0.484,4.230
151.87,1.542,-1.670,1.604,4.137,-0.486,4.227
151.88,1.559,-1.671,1.603,4.259,-0.486,4.227
151.89,1.827,-1.672,1.605,4.347,-0.486,4.229
151.90,1.566,-1.672,1.605,4.407,-0.488,4.230
151.91,1.731,-1.672,1.606,4.403,-0.488,4.232
151.92,1.652,-1.673,1.606,3.981,-0.488,4.228
151.93,1.662,-1.674,1.606,4.268,-0.488,4.228
151.94,1.577,-1.673,1.607,4.005,-0.487,4.227
151.95,1.597,-1.673,1.607,4.170,-0.488,4.226
151.96,1.562,-1.675,1.605,4.144,-0.488,4.224
151.97,1.684,-1.675,1.606,4.260,-0.488,4.225
151.98,1.509,-1.673,1.606,4.093,-0.488,4.222
151.99,1.452,-1.672,1.605,4.290,-0.488,4.224
152.00,1.803,-1.672,1.609,4.139,-0.488,4.222
152.01,1.450,-1.671,1.607,4.027,-0.489,4.219
152.02,1.640,-1.671,1.608,4.278,-0.489,4.220
152.03,1.635,-1.670,1.610,4.168,-0.489,4.219
152.04,1.734,-1.669,1.612,4.554,-0.490,4.222
152.05,1.700,-1.671,1.612,4.505,-0.490,4.226
152.06,1.559,-1.671,1.611,4.189,-0.491,4.225
152.07,1.434,-1.673,1.608,4.276,-0.491,4.225
152.08,1.783,-1.673,1.610,4.250,-0.491,4.225
152.10,1.420,-1.672,1.608,3.946,-0.492,4.221
152.11,2.003,-1.671,1.615,4.538,-0.493,4.224
152.11,1.592,-1.670,1.616,4.049,-0.494,4.221
152.13,1.703,-1.670,1.617,4.152,-0.494,4.219
152.14,1.714,-1.671,1.617,3.776,-0.496,4.212
152.15,1.762,-1.672,1.619,4.165,-0.495,4.212
152.15,1.352,-1.672,1.616,4.521,-0.495,4.216
152.16,1.727,-1.672,1.617,4.209,-0.495,4.216
152.18,1.752,-1.672,1.619,4.114,-0.496,4.214
152.19,1.407,-1.672,1.616,4.566,-0.496,4.219
152.19,1.577,-1.672,1.616,4.375,-0.496,4.220
152.20,1.840,-1.671,1.620,4.157,-0.496,4.220
152.22,1.752,-1.670,1.623,4.283,-0.494,4.222
152.23,1.595,-1.670,1.623,4.178,-0.494,4.222
152.23,1.387,-1.669,1.621,4.303,-0.495,4.222
152.25,1.662,-1.671,1.620,3.965,-0.495,4.219
152.26,1.877,-1.671,1.623,4.082,-0.495,4.217
152.27,1.611,-1.670,1.624,4.058,-0.495,4.214
152.28,1.624,-1.671,1.623,4.131,-0.495,4.213
152.29,1.457,-1.672,1.621,4.082,-0.495,4.212
152.30,1.618,-1.670,1.622,3.971,-0.494,4.210
152.31,1.797,-1.672,1.623,4.417,-0.496,4.210
152.32,1.721,-1.671,1.626,4.375,-0.496,4.212
152.33,1.516,-1.672,1.623,4.425,-0.496,4.215
152.34,1.622,-1.672,1.624,4.244,-0.497,4.214
152.35,1.829,-1.673,1.625,4.184,-0.496,4.215
152.36,1.568,-1.671,1.627,4.184,-0.498,4.213
152.37,1.379,-1.671,1.624,4.106,-0.497,4.213
152.38,1.684,-1.669,1.627,3.972,-0.499,4.207
152.39,1.558,-1.667,1.628,4.258,-0.498,4.209
152.40,1.421,-1.666,1.627,4.359,-0.499,4.210
152.41,1.601,-1.666,1.627,3.869,-0.499,4.206
152.42,1.547,-1.666,1.626,4.344,-0.500,4.206
152.43,1.626,-1.667,1.625,4.397,-0.498,4.210
152.44,1.497,-1.667,1.624,4.344,-0.497,4.213
152.45,1.507,-1.669,1.620,3.940,-0.497,4.210
152.46,1.574,-1.671,1.617,4.200,-0.497,4.209
152.47,1.520,-1.673,1.615,4.447,-0.498,4.212
152.48,1.651,-1.672,1.617,4.459,-0.498,4.215
152.49,1.536,-1.672,1.615,4.303,-0.497,4.217
152.50,1.579,-1.670,1.617,3.817,-0.497,4.212
152.51,1.622,-1.671,1.616,4.086,-0.496,4.211
152.52,1.629,-1.672,1.615,3.851,-0.495,4.207
152.53,1.711,-1.672,1.617,3.938,-0.494,4.205
152.54,1.590,-1.673,1.616,4.119,-0.494,4.203
152.55,1.606,-1.674,1.615,4.293,-0.495,4.204
152.56,1.601,-1.674,1.615,3.878,-0.496,4.198
152.57,1.470,-1.674,1.613,4.639,-0.498,4.202
152.58,1.596,-1.675,1.612,4.149,-0.498,4.201
152.59,1.604,-1.675,1.612,4.380,-0.499,4.202
152.60,1.388,-1.676,1.609,3.954,-0.499,4.198
152.61,1.356,-1.675,1.606,4.008,-0.500,4.195
152.62,1.632,-1.676,1.605,4.152,-0.500,4.195
152.63,1.719,-1.677,1.606,4.239,-0.498,4.197
152.64,1.616,-1.677,1.607,4.243,-0.499,4.197
152.65,1.787,-1.676,1.610,4.295,-0.499,4.198
152.66,1.526,-1.675,1.610,4.430,-0.500,4.200
152.67,1.820,-1.674,1.614,4.312,-0.500,4.202
152.68,1.778,-1.674,1.616,4.115,-0.499,4.201
152.69,1.469,-1.676,1.613,4.290,-0.500,4.201
152.70,1.815,-1.673,1.618,4.170,-0.501,4.200
152.71,1.455,-1.675,1.614,4.233,-0.501,4.200
152.72,1.762,-1.674,1.617,4.150,-0.501,4.200
152.73,1.634,-1.674,1.618,4.080,-0.501,4.197
152.74,1.660,-1.674,1.619,4.025,-0.501,4.195
152.75,1.759,-1.674,1.620,4.177,-0.501,4.195
152.76,1.590,-1.673,1.621,3.758,-0.502,4.188
152.77,1.854,-1.674,1.624,3.907,-0.502,4.184
152.78,1.630,-1.674,1.623,4.375,-0.504,4.185
152.79,1.680,-1.675,1.624,4.315,-0.502,4.188
152.80,1.443,-1.675,1.621,3.991,-0.504,4.184
152.81,1.753,-1.676,1.623,4.201,-0.504,4.184
152.82,1.430,-1.677,1.619,3.899,-0.504,4.179
152.83,1.489,-1.679,1.616,4.429,-0.505,4.182
152.84,1.630,-1.679,1.616,4.340,-0.504,4.184
152.85,1.514,-1.677,1.617,4.130,-0.504,4.184
152.86,1.405,-1.676,1.615,4.321,-0.505,4.185
152.87,1.720,-1.675,1.617,3.857,-0.505,4.180
152.88,1.448,-1.675,1.615,4.293,-0.505,4.181
152.89,1.177,-1.675,1.610,4.282,-0.506,4.182
152.90,1.620,-1.676,1.609,4.190,-0.506,4.182
152.91,1.568,-1.677,1.608,4.065,-0.505,4.181
152.92,1.701,-1.677,1.609,4.136,-0.505,4.180
152.93,1.446,-1.678,1.606,4.227,-0.505,4.181
152.94,1.374,-1.677,1.604,4.236,-0.505,4.182
152.95,1.655,-1.678,1.604,4.359,-0.505,4.184
152.96,1.660,-1.678,1.604,3.939,-0.503,4.182
152.97,1.376,-1.677,1.602,4.499,-0.502,4.187
152.98,1.435,-1.677,1.601,4.165,-0.503,4.186
152.99,1.793,-1.674,1.606,4.393,-0.505,4.187
153.00,1.670,-1.674,1.607,3.815,-0.504,4.182
153.01,1.440,-1.674,1.605,4.183,-0.506,4.181
153.02,1.569,-1.672,1.606,4.203,-0.506,4.181
153.03,1.477,-1.672,1.605,4.025,-0.506,4.178
153.04,1.558,-1.673,1.603,4.116,-0.508,4.175
153.05,1.489,-1.673,1.601,4.306,-0.509,4.176
153.06,1.290,-1.673,1.598,4.406,-0.509,4.179
153.07,1.485,-1.670,1.599,4.329,-0.508,4.182
153.08,1.376,-1.670,1.596,4.081,-0.508,4.181
153.09,1.620,-1.671,1.595,4.398,-0.507,4.184
153.10,1.630,-1.671,1.596,4.147,-0.506,4.185
153.11,1.801,-1.669,1.600,4.040,-0.506,4.182
153.12,1.493,-1.669,1.600,4.006,-0.505,4.181
153.13,1.493,-1.671,1.596,4.234,-0.505,4.182
153.14,1.626,-1.667,1.600,4.484,-0.506,4.185
153.15,1.518,-1.666,1.600,3.845,-0.506,4.180
153.16,1.455,-1.665,1.599,4.196,-0.506,4.180
153.17,1.681,-1.668,1.597,4.328,-0.505,4.182
153.18,1.573,-1.667,1.598,4.103,-0.505,4.182
153.19,1.629,-1.668,1.597,4.763,-0.505,4.189
153.20,1.716,-1.666,1.600,4.340,-0.507,4.190
153.21,1.455,-1.666,1.599,4.367,-0.507,4.191
153.22,1.695,-1.664,1.602,4.352,-0.509,4.192
153.23,1.727,-1.666,1.601,3.909,-0.508,4.189
153.24,1.559,-1.667,1.601,4.137,-0.508,4.188
153.25,1.832,-1.668,1.602,3.997,-0.507,4.186
153.26,1.619,-1.668,1.603,4.153,-0.507,4.186
153.27,1.667,-1.667,1.604,4.101,-0.506,4.186
153.28,1.291,-1.669,1.599,4.121,-0.507,4.183
153.29,1.563,-1.667,1.600,4.128,-0.507,4.183
153.30,1.651,-1.667,1.600,4.220,-0.507,4.183
153.31,1.563,-1.668,1.599,3.945,-0.507,4.180
153.32,1.695,-1.668,1.600,4.218,-0.507,4.181
153.33,1.523,-1.666,1.601,4.281,-0.507,4.182
153.34,1.683,-1.667,1.601,4.466,-0.506,4.186
153.35,1.616,-1.667,1.601,4.328,-0.506,4.189
153.36,1.596,-1.666,1.602,4.085,-0.506,4.187
153.37,1.693,-1.669,1.601,4.175,-0.506,4.187
153.38,1.943,-1.669,1.605,4.095,-0.506,4.185
153.39,1.510,-1.668,1.605,3.994,-0.506,4.183
153.40,1.789,-1.668,1.607,4.155,-0.505,4.183
153.41,1.511,-1.669,1.605,4.182,-0.504,4.184
153.42,1.322,-1.668,1.602,4.192,-0.507,4.181
153.43,1.539,-1.669,1.601,4.032,-0.506,4.180
153.44,1.623,-1.667,1.603,4.162,-0.507,4.179
153.45,1.461,-1.669,1.599,4.411,-0.507,4.182
153.46,1.641,-1.671,1.598,4.399,-0.506,4.185
153.47,1.750,-1.669,1.601,4.170,-0.508,4.184
153.48,1.508,-1.669,1.601,4.115,-0.508,4.183
153.49,1.445,-1.669,1.599,4.055,-0.508,4.181
153.50,1.157,-1.668,1.594,3.840,-0.507,4.177
153.52,1.649,-1.670,1.593,4.250,-0.508,4.176
153.52,1.763,-1.671,1.594,4.202,-0.509,4.177
153.53,1.661,-1.672,1.594,4.373,-0.509,4.178
153.54,1.779,-1.672,1.596,4.325,-0.508,4.181
153.55,1.500,-1.672,1.594,4.314,-0.508,4.183
153.56,1.489,-1.672,1.593,4.019,-0.507,4.182
153.57,1.773,-1.672,1.596,4.151,-0.506,4.182
153.58,1.300,-1.671,1.593,4.163,-0.506,4.182
153.59,1.540,-1.671,1.592,4.438,-0.505,4.186
153.60,1.430,-1.670,1.590,3.912,-0.505,4.182
153.61,1.688,-1.670,1.591,4.067,-0.505,4.181
153.63,1.546,-1.670,1.591,3.963,-0.505,4.178
153.64,1.669,-1.671,1.591,3.779,-0.506,4.172
153.65,1.631,-1.671,1.592,4.000,-0.506,4.169
153.66,1.780,-1.672,1.594,4.615,-0.507,4.174
153.67,1.563,-1.672,1.593,4.417,-0.506,4.178
153.68,1.811,-1.672,1.596,4.622,-0.506,4.184
153.69,1.556,-1.672,1.595,4.027,-0.505,4.183
153.70,1.417,-1.672,1.593,4.181,-0.505,4.182
153.71,1.660,-1.670,1.596,4.185,-0.506,4.182
153.72,1.679,-1.670,1.596,4.180,-0.506,4.181
153.73,1.781,-1.674,1.595,3.979,-0.507,4.177
153.74,1.581,-1.673,1.596,4.014,-0.508,4.175
153.74,1.371,-1.675,1.591,4.115,-0.507,4.174
153.76,1.704,-1.675,1.592,4.203,-0.508,4.174
153.77,1.429,-1.677,1.588,4.004,-0.508,4.172
153.78,1.752,-1.678,1.590,3.956,-0.509,4.167
153.79,1.341,-1.678,1.586,4.100,-0.509,4.166
153.80,1.572,-1.676,1.588,4.145,-0.509,4.166
153.81,1.692,-1.675,1.590,4.574,-0.508,4.172
153.82,1.705,-1.677,1.590,4.544,-0.509,4.176
153.83,1.495,-1.677,1.589,4.229,-0.508,4.178
153.84,1.641,-1.678,1.588,4.181,-0.509,4.177
153.85,1.519,-1.679,1.586,4.454,-0.508,4.181
153.86,1.688,-1.680,1.587,4.335,-0.508,4.183
153.87,1.757,-1.681,1.588,4.163,-0.508,4.183
153.88,1.634,-1.682,1.588,4.069,-0.508,4.181
153.89,1.717,-1.681,1.591,4.319,-0.507,4.184
153.90,1.551,-1.682,1.589,4.180,-0.509,4.182
153.91,1.365,-1.683,1.585,4.217,-0.510,4.181
153.92,1.445,-1.683,1.583,4.282,-0.511,4.181
153.93,1.500,-1.683,1.582,4.029,-0.512,4.179
153.94,1.595,-1.683,1.582,4.147,-0.511,4.179
153.95,1.641,-1.682,1.584,4.088,-0.511,4.178
153.96,1.604,-1.681,1.585,4.227,-0.511,4.178
153.97,1.558,-1.684,1.582,4.243,-0.512,4.178
153.98,1.937,-1.684,1.586,4.516,-0.512,4.183
153.99,1.287,-1.685,1.582,4.010,-0.512,4.180
154.00,1.488,-1.685,1.581,4.273,-0.511,4.182
154.01,1.714,-1.686,1.581,4.423,-0.511,4.186
154.02,1.303,-1.685,1.579,4.524,-0.512,4.189
154.03,1.397,-1.683,1.578,4.522,-0.513,4.192
154.04,1.534,-1.682,1.578,4.272,-0.513,4.193
154.05,1.748,-1.681,1.581,4.299,-0.513,4.195
154.06,1.726,-1.681,1.583,4.267,-0.514,4.195
154.07,1.610,-1.682,1.583,4.193,-0.513,4.196
154.08,1.529,-1.682,1.582,4.314,-0.514,4.196
154.09,1.453,-1.680,1.582,3.894,-0.514,4.193
154.10,1.682,-1.680,1.583,4.247,-0.513,4.194
154.11,1.693,-1.681,1.584,4.561,-0.513,4.199
154.12,1.647,-1.682,1.583,4.474,-0.516,4.200
154.13,1.498,-1.681,1.583,4.202,-0.516,4.200
154.14,1.396,-1.680,1.582,4.024,-0.514,4.200
154.15,1.711,-1.679,1.585,4.482,-0.514,4.203
154.16,1.593,-1.678,1.586,4.174,-0.514,4.203
154.17,1.583,-1.678,1.586,4.128,-0.515,4.202
154.18,1.447,-1.676,1.586,4.422,-0.514,4.206
154.19,1.508,-1.676,1.585,4.125,-0.514,4.205
154.20,1.720,-1.675,1.588,4.324,-0.514,4.207
154.21,1.624,-1.675,1.588,4.130,-0.514,4.205
154.22,1.425,-1.675,1.586,4.312,-0.514,4.206
154.23,1.631,-1.676,1.585,4.049,-0.516,4.203
154.24,1.512,-1.675,1.585,4.236,-0.516,4.204
154.25,1.702,-1.676,1.586,4.208,-0.516,4.203
154.26,1.519,-1.676,1.585,4.143,-0.515,4.204
154.27,1.626,-1.677,1.585,4.290,-0.514,4.206
154.28,1.697,-1.678,1.585,4.365,-0.515,4.208
154.29,1.606,-1.677,1.587,4.065,-0.515,4.205
154.30,1.462,-1.676,1.586,4.423,-0.517,4.207
154.31,1.616,-1.675,1.587,3.819,-0.516,4.203
154.32,1.219,-1.675,1.583,4.189,-0.515,4.204
154.33,1.735,-1.675,1.584,4.387,-0.516,4.205
154.34,1.642,-1.677,1.583,4.283,-0.516,4.206
154.35,1.741,-1.678,1.584,4.343,-0.516,4.208
154.36,1.757,-1.676,1.588,4.147,-0.518,4.206
154.37,1.415,-1.677,1.585,4.035,-0.518,4.203
154.38,1.595,-1.677,1.585,4.616,-0.516,4.210
154.39,1.756,-1.677,1.587,4.233,-0.517,4.210
154.40,1.456,-1.678,1.585,4.010,-0.517,4.207
154.41,1.445,-1.680,1.581,4.129,-0.517,4.207
154.42,1.517,-1.681,1.579,4.037,-0.516,4.206
154.43,1.666,-1.680,1.580,3.964,-0.517,4.201
154.44,1.624,-1.681,1.580,4.251,-0.517,4.202
154.45,1.660,-1.680,1.582,4.263,-0.517,4.204
154.46,1.873,-1.681,1.585,4.372,-0.516,4.206
154.47,1.664,-1.680,1.587,4.201,-0.517,4.205
154.48,1.499,-1.679,1.587,4.140,-0.518,4.204
154.49,1.559,-1.679,1.587,4.055,-0.517,4.203
154.50,1.712,-1.678,1.590,4.233,-0.517,4.204
154.51,1.627,-1.677,1.590,4.075,-0.518,4.201
154.52,1.662,-1.677,1.591,4.269,-0.517,4.203
154.53,1.361,-1.678,1.587,4.290,-0.517,4.204
154.54,1.473,-1.677,1.587,3.988,-0.520,4.199
154.55,1.520,-1.678,1.585,4.012,-0.520,4.196
154.56,1.390,-1.678,1.582,4.217,-0.520,4.197
154.57,1.296,-1.682,1.575,3.995,-0.519,4.195
154.58,1.747,-1.681,1.578,3.979,-0.519,4.192
154.59,1.342,-1.682,1.574,4.000,-0.519,4.189
154.60,1.689,-1.683,1.575,4.237,-0.519,4.190
154.61,1.792,-1.682,1.578,4.330,-0.518,4.193
154.62,1.712,-1.682,1.580,4.209,-0.519,4.193
154.63,1.454,-1.681,1.580,4.284,-0.519,4.193
154.64,1.852,-1.680,1.583,4.238,-0.521,4.192
154.65,1.525,-1.681,1.582,4.019,-0.522,4.189
154.66,1.707,-1.680,1.584,3.993,-0.521,4.187
154.67,1.943,-1.681,1.588,4.011,-0.521,4.185
154.68,1.681,-1.681,1.590,4.135,-0.520,4.185
154.69,1.582,-1.681,1.590,4.188,-0.520,4.186
154.70,1.513,-1.683,1.586,4.152,-0.520,4.185
154.71,1.544,-1.683,1.587,4.239,-0.521,4.185
154.72,1.777,-1.682,1.589,4.246,-0.520,4.186
154.73,1.847,-1.684,1.591,4.429,-0.521,4.189
154.74,1.686,-1.683,1.593,4.171,-0.522,4.187
154.75,1.717,-1.683,1.594,4.185,-0.524,4.186
154.76,1.605,-1.686,1.593,4.205,-0.525,4.185
154.77,1.558,-1.684,1.593,4.065,-0.525,4.183
154.78,1.405,-1.685,1.590,4.054,-0.524,4.182
154.79,1.492,-1.686,1.589,4.339,-0.525,4.184
154.80,1.560,-1.687,1.587,4.037,-0.522,4.185
154.81,1.639,-1.689,1.586,4.117,-0.522,4.184
154.82,1.711,-1.688,1.588,4.122,-0.521,4.184
154.83,1.520,-1.689,1.586,4.243,-0.520,4.186
154.84,1.589,-1.690,1.586,4.260,-0.519,4.187
154.85,1.531,-1.693,1.582,4.397,-0.519,4.191
154.86,1.577,-1.694,1.581,4.485,-0.518,4.196
154.87,1.490,-1.694,1.580,4.298,-0.518,4.197
154.88,1.592,-1.694,1.580,4.124,-0.519,4.195
154.89,1.669,-1.696,1.579,3.937,-0.518,4.192
154.90,1.734,-1.697,1.581,4.326,-0.519,4.194
154.91,1.494,-1.695,1.581,4.320,-0.519,4.195
154.92,1.634,-1.695,1.582,4.081,-0.519,4.194
154.93,1.543,-1.695,1.581,3.873,-0.518,4.190
154.94,1.492,-1.694,1.582,4.269,-0.518,4.192
154.95,1.539,-1.693,1.581,3.957,-0.518,4.189
154.96,1.514,-1.694,1.580,4.200,-0.518,4.188
154.97,1.447,-1.691,1.581,4.372,-0.519,4.190
154.98,1.741,-1.690,1.584,4.427,-0.518,4.194
155.00,1.430,-1.692,1.580,4.106,-0.517,4.194
155.01,1.573,-1.692,1.581,3.955,-0.517,4.191
155.02,1.426,-1.693,1.577,4.054,-0.518,4.188
155.02,1.534,-1.692,1.578,4.008,-0.518,4.186
155.03,1.545,-1.691,1.578,4.277,-0.516,4.189
155.04,1.543,-1.691,1.578,4.205,-0.517,4.189
155.06,1.591,-1.694,1.575,4.263,-0.515,4.191
155.06,1.655,-1.693,1.577,4.121,-0.515,4.191
155.07,1.648,-1.693,1.578,3.862,-0.513,4.188
155.08,1.345,-1.694,1.574,3.926,-0.513,4.185
155.09,1.382,-1.693,1.572,4.179,-0.515,4.183
155.10,1.571,-1.692,1.573,4.058,-0.516,4.180
155.11,1.524,-1.693,1.572,4.349,-0.515,4.183
155.12,1.431,-1.691,1.572,3.817,-0.515,4.178
155.14,1.613,-1.691,1.573,4.177,-0.516,4.177
155.15,1.712,-1.690,1.575,4.317,-0.516,4.178
155.16,1.292,-1.693,1.569,4.075,-0.514,4.179
155.17,1.837,-1.692,1.573,4.235,-0.514,4.179
155.18,1.580,-1.689,1.576,4.205,-0.515,4.180
155.19,1.572,-1.689,1.576,4.279,-0.516,4.179
155.20,1.514,-1.689,1.576,4.090,-0.516,4.178
155.21,1.653,-1.690,1.575,3.992,-0.517,4.175
155.22,1.529,-1.689,1.576,4.301,-0.517,4.176
155.23,1.706,-1.690,1.576,4.209,-0.518,4.175
155.24,1.617,-1.692,1.575,4.184,-0.518,4.175
155.25,1.488,-1.691,1.575,4.253,-0.517,4.178
155.26,1.725,-1.690,1.577,3.979,-0.518,4.174
155.27,1.578,-1.692,1.575,4.309,-0.518,4.175
155.28,1.639,-1.691,1.577,4.130,-0.518,4.175
155.29,1.504,-1.693,1.575,3.955,-0.518,4.172
155.30,1.795,-1.694,1.577,4.133,-0.517,4.172
155.31,1.488,-1.694,1.575,4.145,-0.517,4.172
155.32,1.486,-1.694,1.574,3.974,-0.516,4.170
155.33,1.479,-1.696,1.571,4.341,-0.516,4.172
155.34,1.668,-1.697,1.571,4.054,-0.516,4.171
155.35,1.742,-1.697,1.573,4.280,-0.517,4.171
155.36,1.591,-1.698,1.573,4.119,-0.517,4.171
155.37,1.437,-1.699,1.570,4.211,-0.517,4.171
155.38,1.559,-1.700,1.569,4.234,-0.517,4.171
155.39,1.752,-1.699,1.572,4.283,-0.518,4.172
155.40,1.686,-1.700,1.573,3.880,-0.517,4.169
155.41,1.799,-1.700,1.576,4.155,-0.517,4.169
155.42,1.665,-1.700,1.577,4.425,-0.517,4.172
155.43,1.542,-1.701,1.575,4.427,-0.516,4.176
155.44,1.450,-1.699,1.576,4.322,-0.515,4.179
155.45,1.671,-1.699,1.577,4.500,-0.516,4.182
155.46,1.646,-1.697,1.580,4.242,-0.516,4.183
155.47,1.378,-1.697,1.578,4.326,-0.517,4.184
155.48,1.294,-1.697,1.574,4.259,-0.517,4.185
155.49,1.435,-1.698,1.572,4.145,-0.514,4.187
155.50,1.488,-1.698,1.571,4.470,-0.514,4.191
155.51,1.410,-1.696,1.570,4.289,-0.513,4.194
155.52,1.687,-1.697,1.570,4.184,-0.513,4.194
155.53,1.498,-1.697,1.569,4.406,-0.512,4.197
155.54,1.448,-1.696,1.569,4.099,-0.513,4.195
155.55,1.858,-1.696,1.573,4.121,-0.514,4.193
155.56,1.403,-1.697,1.569,3.857,-0.513,4.189
155.57,1.685,-1.698,1.570,4.314,-0.514,4.190
155.58,1.370,-1.696,1.570,3.921,-0.514,4.187
155.59,1.391,-1.697,1.566,4.221,-0.514,4.187
155.60,1.688,-1.700,1.565,4.405,-0.515,4.189
155.61,1.510,-1.700,1.564,4.155,-0.515,4.189
155.62,1.849,-1.701,1.567,4.240,-0.515,4.189
155.63,1.791,-1.701,1.569,4.220,-0.516,4.188
155.64,1.637,-1.701,1.570,4.367,-0.515,4.192
155.65,1.506,-1.700,1.571,4.169,-0.516,4.191
155.66,1.642,-1.701,1.571,4.005,-0.514,4.190
155.67,1.505,-1.700,1.571,4.081,-0.514,4.189
155.68,1.436,-1.698,1.571,4.266,-0.513,4.191
155.69,1.571,-1.699,1.570,4.147,-0.513,4.190
155.70,1.299,-1.702,1.564,4.281,-0.515,4.190
155.71,1.763,-1.701,1.567,4.043,-0.514,4.189
155.72,1.739,-1.701,1.569,4.194,-0.513,4.190
155.73,1.731,-1.702,1.571,4.036,-0.513,4.187
155.74,1.504,-1.703,1.569,4.054,-0.513,4.185
155.75,1.587,-1.701,1.571,4.076,-0.513,4.184
155.76,1.538,-1.698,1.573,4.113,-0.513,4.184
155.77,1.559,-1.699,1.572,4.034,-0.512,4.182
155.78,1.687,-1.699,1.574,4.124,-0.512,4.181
155.79,1.894,-1.697,1.580,4.136,-0.512,4.181
155.80,1.797,-1.697,1.583,4.318,-0.511,4.183
155.81,1.692,-1.698,1.583,4.281,-0.513,4.183
155.82,1.433,-1.699,1.580,3.979,-0.514,4.179
155.83,1.616,-1.701,1.579,4.303,-0.515,4.180
155.84,1.472,-1.702,1.577,4.353,-0.516,4.181
155.85,1.488,-1.703,1.575,4.353,-0.515,4.184
155.86,1.441,-1.704,1.572,4.087,-0.516,4.182
155.87,1.376,-1.704,1.569,4.318,-0.515,4.184
155.88,1.441,-1.703,1.568,3.960,-0.515,4.181
155.89,1.571,-1.703,1.569,3.998,-0.515,4.179
155.90,1.629,-1.706,1.567,4.449,-0.515,4.183
155.91,1.408,-1.706,1.564,4.207,-0.516,4.182
155.92,1.598,-1.707,1.564,4.282,-0.516,4.183
155.93,1.648,-1.707,1.566,4.081,-0.516,4.182
155.94,1.601,-1.707,1.565,4.135,-0.516,4.181
155.95,1.545,-1.708,1.565,4.431,-0.516,4.184
155.96,1.791,-1.709,1.567,4.473,-0.518,4.187
155.97,1.421,-1.707,1.566,3.921,-0.517,4.184
155.98,1.734,-1.707,1.569,4.157,-0.518,4.183
155.99,1.079,-1.707,1.562,4.169,-0.516,4.184
156.00,1.678,-1.705,1.566,4.574,-0.516,4.189
156.01,1.277,-1.706,1.561,3.978,-0.516,4.186
156.02,1.733,-1.706,1.563,4.065,-0.515,4.186
156.03,1.563,-1.705,1.564,4.127,-0.515,4.186
156.04,1.532,-1.704,1.565,4.157,-0.513,4.186
156.05,1.456,-1.704,1.563,4.218,-0.513,4.187
156.06,1.619,-1.704,1.564,4.143,-0.513,4.187
156.07,1.498,-1.704,1.564,4.198,-0.513,4.187
156.08,1.606,-1.704,1.564,4.120,-0.512,4.187
156.09,1.702,-1.705,1.565,4.292,-0.511,4.189
156.10,1.415,-1.702,1.566,4.343,-0.510,4.192
156.11,1.474,-1.701,1.565,4.114,-0.511,4.190
156.12,1.470,-1.703,1.562,4.164,-0.510,4.191
156.13,1.509,-1.703,1.561,4.213,-0.509,4.192
156.14,1.452,-1.704,1.559,4.194,-0.510,4.191
156.15,1.154,-1.705,1.553,3.978,-0.509,4.189
156.16,1.574,-1.705,1.553,4.116,-0.509,4.188
156.17,1.676,-1.704,1.555,4.132,-0.510,4.187
156.18,1.524,-1.703,1.556,4.008,-0.511,4.183
156.19,1.670,-1.705,1.555,4.268,-0.509,4.186
156.20,1.639,-1.706,1.555,4.274,-0.509,4.187
156.21,1.362,-1.706,1.553,4.138,-0.508,4.188
156.22,1.578,-1.705,1.554,4.379,-0.508,4.190
156.23,1.532,-1.706,1.553,4.290,-0.507,4.193
156.24,1.696,-1.706,1.555,4.136,-0.507,4.192
156.25,1.553,-1.708,1.553,4.093,-0.508,4.189
156.26,1.278,-1.711,1.546,4.053,-0.507,4.188
156.27,1.515,-1.713,1.544,4.358,-0.506,4.191
156.28,1.479,-1.713,1.542,4.139,-0.507,4.190
156.29,1.519,-1.715,1.540,4.335,-0.507,4.192
156.30,1.520,-1.715,1.540,4.384,-0.509,4.193
156.31,1.789,-1.715,1.543,4.275,-0.509,4.193
156.32,1.464,-1.713,1.544,4.247,-0.509,4.194
156.33,1.700,-1.713,1.546,4.144,-0.509,4.194
156.34,1.515,-1.714,1.545,4.310,-0.510,4.194
156.35,1.665,-1.716,1.544,4.484,-0.511,4.197
156.36,1.486,-1.716,1.543,4.130,-0.509,4.198
156.37,1.533,-1.715,1.544,4.125,-0.508,4.198
156.38,1.509,-1.716,1.543,4.295,-0.508,4.199
156.39,1.475,-1.716,1.542,4.277,-0.507,4.201
156.40,1.844,-1.715,1.547,4.117,-0.507,4.200
156.41,1.671,-1.714,1.549,4.122,-0.508,4.199
156.42,1.496,-1.712,1.550,4.169,-0.508,4.198
156.43,1.899,-1.713,1.554,4.409,-0.508,4.201
156.44,1.656,-1.715,1.554,4.218,-0.507,4.202
156.45,1.474,-1.713,1.554,4.082,-0.506,4.202
156.46,1.527,-1.713,1.554,4.060,-0.507,4.199
156.47,1.798,-1.711,1.559,4.312,-0.507,4.200
156.48,1.713,-1.714,1.558,4.076,-0.508,4.198
156.49,1.586,-1.717,1.556,4.590,-0.507,4.204
156.50,1.363,-1.718,1.552,4.477,-0.509,4.206
156.51,1.386,-1.719,1.549,4.239,-0.510,4.205
156.52,1.268,-1.719,1.546,4.247,-0.511,4.205
156.54,1.459,-1.718,1.545,4.266,-0.510,4.206
156.54,1.578,-1.718,1.545,4.211,-0.511,4.206
156.56,1.617,-1.720,1.545,3.787,-0.512,4.200
156.56,1.685,-1.718,1.548,4.096,-0.511,4.199
156.58,1.532,-1.719,1.547,4.316,-0.512,4.200
156.59,1.464,-1.719,1.546,4.078,-0.512,4.198
156.60,1.655,-1.716,1.550,4.267,-0.512,4.198
156.60,1.500,-1.717,1.548,4.428,-0.512,4.202
156.61,1.757,-1.717,1.552,4.044,-0.512,4.200
156.63,1.702,-1.718,1.552,4.040,-0.511,4.198
156.64,1.390,-1.718,1.550,4.091,-0.512,4.197
156.65,1.224,-1.717,1.547,4.181,-0.512,4.196
156.65,1.414,-1.718,1.544,4.157,-0.512,4.196
156.66,1.475,-1.717,1.545,4.200,-0.510,4.198
156.68,1.224,-1.716,1.542,4.181,-0.510,4.198
156.69,1.510,-1.716,1.540,4.190,-0.511,4.197
156.70,1.731,-1.716,1.543,4.061,-0.511,4.195
156.71,1.514,-1.716,1.542,4.142,-0.511,4.194
156.72,1.369,-1.716,1.540,4.208,-0.512,4.194
156.73,1.480,-1.716,1.539,4.004,-0.511,4.192
156.74,1.681,-1.714,1.543,4.209,-0.511,4.192
156.75,1.267,-1.715,1.538,4.159,-0.511,4.192
156.76,1.666,-1.717,1.538,4.000,-0.511,4.189
156.77,1.718,-1.717,1.540,4.211,-0.512,4.189
156.78,1.442,-1.717,1.539,4.206,-0.512,4.188
156.79,1.648,-1.716,1.542,4.081,-0.511,4.188
156.80,1.675,-1.717,1.543,4.135,-0.511,4.187
156.81,1.733,-1.717,1.544,4.224,-0.511,4.188
156.82,1.444,-1.718,1.542,4.102,-0.512,4.185
156.83,1.831,-1.717,1.547,4.320,-0.513,4.187
156.84,1.592,-1.717,1.548,3.929,-0.513,4.183
156.85,1.393,-1.717,1.546,3.932,-0.513,4.180
156.86,1.812,-1.716,1.550,4.201,-0.512,4.181
156.87,1.684,-1.716,1.552,4.192,-0.513,4.180
156.88,1.515,-1.716,1.552,3.890,-0.512,4.177
156.89,1.571,-1.716,1.552,3.963,-0.512,4.174
156.90,1.543,-1.715,1.553,4.115,-0.512,4.173
156.91,1.409,-1.716,1.550,3.897,-0.511,4.170
156.92,1.946,-1.717,1.554,4.356,-0.511,4.173
156.93,1.812,-1.716,1.559,3.960,-0.511,4.171
156.94,1.439,-1.715,1.558,4.132,-0.511,4.169
156.95,1.622,-1.716,1.558,3.870,-0.510,4.166
156.96,1.587,-1.715,1.559,3.953,-0.510,4.163
156.97,1.639,-1.714,1.562,4.289,-0.510,4.165
156.98,1.498,-1.714,1.561,4.187,-0.510,4.165
156.99,1.786,-1.715,1.562,4.259,-0.512,4.164
157.00,1.748,-1.715,1.565,4.126,-0.514,4.162
157.01,1.464,-1.714,1.565,4.188,-0.515,4.161
157.02,1.603,-1.715,1.564,4.610,-0.515,4.166
157.03,1.894,-1.717,1.567,3.993,-0.514,4.165
157.04,1.747,-1.715,1.571,4.149,-0.512,4.166
157.05,1.594,-1.716,1.571,4.237,-0.512,4.167
157.06,1.410,-1.716,1.569,4.204,-0.514,4.166
157.07,1.753,-1.718,1.569,4.102,-0.514,4.165
157.08,1.650,-1.719,1.569,4.237,-0.513,4.167
157.09,1.488,-1.719,1.569,4.145,-0.512,4.167
157.10,1.574,-1.718,1.569,4.421,-0.511,4.172
157.11,1.584,-1.718,1.570,4.175,-0.510,4.173
157.12,1.567,-1.720,1.568,4.341,-0.510,4.175
157.13,1.715,-1.719,1.571,4.180,-0.510,4.174
157.14,1.593,-1.719,1.571,4.116,-0.509,4.175
157.15,1.792,-1.718,1.575,4.405,-0.509,4.178
157.16,1.496,-1.718,1.574,4.450,-0.509,4.181
157.17,1.540,-1.719,1.573,4.227,-0.507,4.184
157.18,1.420,-1.720,1.571,4.139,-0.507,4.183
157.19,1.523,-1.721,1.569,4.357,-0.507,4.186
157.20,1.695,-1.720,1.572,4.412,-0.507,4.189
157.21,1.622,-1.721,1.571,4.229,-0.507,4.189
157.22,1.569,-1.720,1.573,4.330,-0.506,4.192
157.23,1.478,-1.722,1.570,4.168,-0.506,4.191
157.24,1.589,-1.721,1.571,4.130,-0.505,4.191
157.25,1.589,-1.720,1.572,4.067,-0.505,4.189
157.26,1.678,-1.719,1.574,4.210,-0.506,4.189
157.27,1.626,-1.718,1.576,4.157,-0.508,4.187
157.28,1.701,-1.720,1.576,4.256,-0.508,4.187
157.29,1.534,-1.719,1.577,4.019,-0.509,4.185
157.30,1.424,-1.720,1.574,3.992,-0.509,4.182
157.31,1.827,-1.721,1.576,3.989,-0.508,4.180
157.32,1.635,-1.720,1.579,4.033,-0.509,4.177
157.33,1.626,-1.719,1.580,4.012,-0.508,4.176
157.34,1.558,-1.720,1.579,4.184,-0.509,4.175
157.35,1.887,-1.720,1.584,4.119,-0.507,4.176
157.36,1.711,-1.720,1.586,4.330,-0.506,4.179
157.37,1.619,-1.720,1.586,3.996,-0.507,4.175
157.38,1.497,-1.720,1.585,4.571,-0.507,4.180
157.39,1.626,-1.722,1.583,3.979,-0.508,4.177
157.40,1.699,-1.721,1.586,4.200,-0.508,4.177
157.41,1.620,-1.720,1.588,4.358,-0.508,4.179
157.42,1.810,-1.720,1.591,4.197,-0.509,4.179
157.43,1.781,-1.718,1.595,4.170,-0.507,4.180
157.44,1.632,-1.717,1.597,4.235,-0.507,4.181
157.45,1.496,-1.720,1.593,4.014,-0.507,4.179
157.46,1.652,-1.720,1.594,3.981,-0.507,4.176
157.47,1.544,-1.719,1.595,4.396,-0.507,4.179
157.48,1.512,-1.720,1.593,4.278,-0.506,4.181
157.49,1.539,-1.722,1.591,4.284,-0.504,4.184
157.50,1.519,-1.722,1.590,4.320,-0.505,4.185
157.51,1.934,-1.720,1.597,4.106,-0.505,4.184
157.52,1.656,-1.719,1.598,4.446,-0.505,4.187
157.53,1.611,-1.721,1.597,3.990,-0.506,4.184
157.54,1.882,-1.721,1.602,4.403,-0.506,4.187
157.55,1.502,-1.719,1.602,4.131,-0.506,4.186
157.56,1.640,-1.720,1.602,4.252,-0.505,4.188
157.57,1.792,-1.720,1.604,4.188,-0.504,4.189
157.58,1.538,-1.722,1.602,4.231,-0.504,4.189
157.59,1.486,-1.723,1.599,4.278,-0.505,4.190
157.60,1.661,-1.725,1.599,4.231,-0.505,4.190
157.61,1.834,-1.726,1.602,4.203,-0.505,4.191
157.62,1.538,-1.725,1.602,4.112,-0.506,4.189
157.63,1.701,-1.724,1.604,4.193,-0.507,4.188
157.64,1.816,-1.725,1.607,3.951,-0.506,4.185
157.65,1.556,-1.724,1.607,4.045,-0.506,4.183
157.66,1.794,-1.725,1.609,4.046,-0.507,4.181
157.67,1.770,-1.725,1.612,3.938,-0.508,4.177
157.68,1.354,-1.727,1.606,4.170,-0.508,4.176
157.69,1.314,-1.727,1.603,4.115,-0.506,4.177
157.70,1.642,-1.724,1.607,3.989,-0.506,4.175
157.71,1.562,-1.724,1.606,4.210,-0.506,4.175
157.72,1.511,-1.723,1.606,4.303,-0.506,4.177
157.73,1.690,-1.723,1.607,4.251,-0.505,4.178
157.74,1.774,-1.722,1.611,4.265,-0.506,4.179
157.75,1.710,-1.722,1.613,4.168,-0.506,4.178
157.76,1.795,-1.719,1.618,4.086,-0.505,4.178
157.77,1.402,-1.720,1.615,4.210,-0.505,4.178
157.78,1.584,-1.718,1.617,4.031,-0.505,4.177
157.79,1.650,-1.718,1.617,4.212,-0.504,4.177
157.80,1.261,-1.720,1.611,4.104,-0.505,4.175
157.81,1.534,-1.717,1.613,3.968,-0.505,4.173
157.82,1.367,-1.720,1.607,4.325,-0.506,4.173
157.83,1.698,-1.720,1.608,4.189,-0.506,4.174
157.84,1.550,-1.721,1.607,3.874,-0.505,4.171
157.85,1.637,-1.721,1.608,3.928,-0.504,4.169
157.86,1.626,-1.723,1.607,3.928,-0.505,4.164
157.87,1.453,-1.722,1.606,4.272,-0.506,4.164
157.88,1.601,-1.722,1.606,4.086,-0.506,4.164
157.89,1.918,-1.722,1.610,4.076,-0.508,4.160
157.90,1.598,-1.721,1.611,4.324,-0.508,4.162
157.91,1.481,-1.720,1.611,4.135,-0.508,4.161
157.92,1.575,-1.721,1.609,4.108,-0.508,4.160
157.93,1.647,-1.722,1.609,4.185,-0.510,4.159
157.94,1.475,-1.721,1.609,4.391,-0.511,4.161
157.95,1.701,-1.721,1.610,4.182,-0.512,4.160
157.96,1.430,-1.723,1.606,4.093,-0.512,4.158
157.97,1.574,-1.722,1.607,4.167,-0.513,4.158
157.98,1.512,-1.723,1.605,4.194,-0.515,4.156
157.99,1.807,-1.724,1.607,4.139,-0.515,4.155
158.00,1.789,-1.725,1.609,4.334,-0.517,4.156
158.01,1.738,-1.724,1.612,4.311,-0.516,4.159
158.02,1.579,-1.725,1.611,4.153,-0.518,4.157
158.03,1.592,-1.724,1.612,3.939,-0.518,4.154
158.04,1.582,-1.724,1.611,4.488,-0.517,4.159
158.06,1.426,-1.724,1.609,4.192,-0.517,4.160
158.07,1.495,-1.724,1.607,4.144,-0.516,4.160
158.08,1.448,-1.727,1.603,4.232,-0.517,4.160
158.09,1.605,-1.728,1.602,4.181,-0.518,4.159
158.10,1.435,-1.729,1.599,4.188,-0.518,4.160
158.11,1.722,-1.729,1.601,4.164,-0.517,4.160
158.12,1.568,-1.729,1.601,4.262,-0.518,4.161
158.13,1.685,-1.731,1.601,4.239,-0.517,4.163
158.14,1.528,-1.732,1.599,4.261,-0.518,4.163
158.14,1.528,-1.731,1.599,4.319,-0.519,4.164
158.16,1.585,-1.733,1.597,4.223,-0.519,4.165
158.17,1.240,-1.732,1.593,4.213,-0.519,4.165
158.18,1.491,-1.735,1.590,4.227,-0.520,4.165
158.19,1.494,-1.734,1.589,4.143,-0.520,4.165
158.20,1.692,-1.735,1.590,4.246,-0.520,4.166
158.21,1.439,-1.736,1.587,4.239,-0.519,4.168
158.22,1.481,-1.735,1.586,4.219,-0.520,4.167
158.23,1.680,-1.734,1.589,4.592,-0.521,4.172
158.24,1.464,-1.735,1.587,4.394,-0.521,4.175
158.25,1.360,-1.735,1.584,4.228,-0.520,4.176
158.26,1.455,-1.735,1.583,3.958,-0.520,4.174
158.27,1.618,-1.735,1.583,4.115,-0.521,4.172
158.28,1.690,-1.735,1.584,3.819,-0.521,4.167
158.29,1.456,-1.737,1.581,4.330,-0.521,4.170
158.30,1.391,-1.736,1.579,4.318,-0.521,4.172
158.31,1.542,-1.734,1.581,4.183,-0.522,4.171
158.32,1.622,-1.734,1.582,4.062,-0.521,4.170
158.33,1.617,-1.735,1.582,4.137,-0.521,4.169
158.34,1.427,-1.734,1.581,4.084,-0.520,4.169
158.35,1.670,-1.733,1.583,4.012,-0.520,4.168
158.36,1.608,-1.733,1.583,4.200,-0.520,4.168
158.37,1.380,-1.734,1.580,4.197,-0.520,4.169
158.38,1.456,-1.732,1.580,4.025,-0.520,4.166
158.39,1.330,-1.732,1.577,4.172,-0.520,4.166
158.40,1.585,-1.730,1.579,4.134,-0.520,4.166
158.41,1.647,-1.731,1.579,4.365,-0.520,4.168
158.42,1.492,-1.730,1.579,3.938,-0.520,4.165
158.43,1.600,-1.730,1.579,4.133,-0.519,4.166
158.44,1.724,-1.732,1.580,4.603,-0.519,4.172
158.45,1.310,-1.733,1.575,4.002,-0.518,4.170
158.46,1.448,-1.732,1.575,4.090,-0.518,4.169
158.47,1.708,-1.733,1.575,4.139,-0.517,4.170
158.48,1.695,-1.733,1.577,4.069,-0.518,4.167
158.49,1.567,-1.731,1.579,3.870,-0.519,4.162
158.50,1.660,-1.730,1.581,4.035,-0.520,4.160
158.51,1.515,-1.731,1.579,3.538,-0.519,4.152
158.52,1.551,-1.731,1.579,4.083,-0.519,4.152
158.53,1.655,-1.729,1.582,4.299,-0.520,4.152
158.54,1.686,-1.729,1.583,4.137,-0.522,4.150
158.55,1.870,-1.728,1.588,3.939,-0.522,4.148
158.56,1.558,-1.729,1.586,4.198,-0.522,4.148
158.57,1.511,-1.731,1.584,4.341,-0.521,4.152
158.58,1.580,-1.730,1.585,4.458,-0.520,4.156
158.59,1.761,-1.729,1.588,4.306,-0.521,4.157
158.60,1.627,-1.730,1.588,4.115,-0.520,4.157
158.61,1.587,-1.730,1.588,4.249,-0.519,4.160
158.62,1.567,-1.730,1.588,3.904,-0.518,4.157
158.63,1.624,-1.732,1.587,4.200,-0.518,4.157
158.64,1.567,-1.732,1.587,4.054,-0.520,4.154
158.65,1.504,-1.732,1.586,4.258,-0.520,4.155
158.66,1.369,-1.732,1.583,4.326,-0.520,4.157
158.67,1.569,-1.732,1.583,4.212,-0.521,4.157
158.68,1.756,-1.731,1.586,4.377,-0.521,4.160
158.69,1.838,-1.730,1.590,4.144,-0.520,4.161
158.70,1.648,-1.733,1.588,4.007,-0.521,4.158
158.71,1.783,-1.733,1.591,4.201,-0.520,4.159
158.72,1.574,-1.733,1.591,4.090,-0.520,4.158
158.73,1.709,-1.733,1.593,4.490,-0.519,4.163
158.74,1.351,-1.732,1.590,4.126,-0.518,4.164
158.75,1.580,-1.734,1.589,4.373,-0.518,4.167
158.76,1.583,-1.732,1.591,3.991,-0.519,4.163
158.77,1.376,-1.731,1.589,4.057,-0.521,4.160
158.78,1.626,-1.731,1.590,4.155,-0.520,4.161
158.79,1.479,-1.731,1.588,4.264,-0.519,4.163
158.80,1.750,-1.734,1.588,4.036,-0.519,4.162
158.81,1.749,-1.734,1.590,3.782,-0.519,4.156
158.82,1.523,-1.735,1.589,4.281,-0.520,4.157
158.83,1.656,-1.734,1.590,4.316,-0.520,4.159
158.84,1.602,-1.735,1.590,4.419,-0.520,4.163
158.85,1.512,-1.735,1.588,4.136,-0.519,4.163
158.86,1.450,-1.734,1.588,3.935,-0.518,4.161
158.87,1.444,-1.735,1.585,4.179,-0.518,4.161
158.88,1.723,-1.736,1.586,4.299,-0.518,4.163
158.89,1.373,-1.734,1.585,4.280,-0.517,4.165
158.90,1.597,-1.735,1.585,4.221,-0.517,4.166
158.91,1.733,-1.737,1.585,4.189,-0.516,4.167
158.92,1.516,-1.735,1.586,4.036,-0.518,4.164
158.93,1.762,-1.736,1.587,4.103,-0.519,4.162
158.94,1.618,-1.737,1.587,4.124,-0.519,4.161
158.95,1.470,-1.736,1.586,4.446,-0.519,4.165
158.96,1.615,-1.735,1.588,3.975,-0.519,4.162
158.97,1.382,-1.733,1.587,4.232,-0.518,4.164
158.98,1.730,-1.732,1.590,4.167,-0.519,4.163
158.99,1.576,-1.729,1.593,4.366,-0.518,4.167
159.00,1.555,-1.730,1.592,4.293,-0.518,4.168
159.01,1.692,-1.731,1.593,4.355,-0.517,4.172
159.02,1.425,-1.731,1.590,4.459,-0.517,4.176
159.03,1.589,-1.730,1.591,3.849,-0.516,4.172
159.04,1.448,-1.731,1.588,4.449,-0.518,4.174
159.05,1.541,-1.732,1.587,4.095,-0.517,4.174
159.06,1.649,-1.734,1.586,3.973,-0.518,4.171
159.07,1.557,-1.734,1.586,4.340,-0.518,4.172
159.08,1.698,-1.733,1.589,4.225,-0.519,4.173
159.09,1.383,-1.734,1.585,4.039,-0.519,4.170
159.10,1.578,-1.734,1.585,4.322,-0.519,4.172
159.11,1.704,-1.734,1.586,4.383,-0.519,4.175
159.12,1.833,-1.733,1.591,4.384,-0.519,4.178
159.13,1.504,-1.731,1.592,4.113,-0.520,4.176
159.14,1.626,-1.731,1.592,4.374,-0.520,4.179
159.15,1.417,-1.731,1.590,4.334,-0.521,4.180
159.16,1.428,-1.729,1.589,4.356,-0.520,4.183
159.17,1.784,-1.729,1.592,4.371,-0.520,4.186
159.18,1.547,-1.728,1.593,4.136,-0.520,4.185
159.19,1.646,-1.727,1.595,4.278,-0.520,4.187
159.20,1.495,-1.727,1.593,4.165,-0.519,4.188
159.21,1.401,-1.727,1.591,4.068,-0.518,4.187
159.22,1.245,-1.726,1.587,4.244,-0.519,4.187
159.23,1.592,-1.726,1.587,4.198,-0.521,4.185
159.24,1.553,-1.726,1.587,3.969,-0.521,4.182
159.25,1.508,-1.727,1.585,4.123,-0.520,4.183
159.26,1.618,-1.724,1.589,4.174,-0.520,4.183
159.27,1.571,-1.723,1.589,4.268,-0.519,4.185
159.28,1.632,-1.722,1.591,4.124,-0.521,4.182
159.29,1.603,-1.724,1.590,4.176,-0.521,4.182
159.30,1.452,-1.728,1.584,3.948,-0.519,4.181
159.31,1.616,-1.732,1.581,4.193,-0.520,4.181
159.32,1.621,-1.731,1.582,4.232,-0.520,4.181
159.33,1.241,-1.730,1.578,4.166,-0.517,4.184
159.34,1.278,-1.730,1.574,4.171,-0.517,4.184
159.35,1.276,-1.730,1.571,4.021,-0.516,4.182
159.36,1.637,-1.729,1.572,4.171,-0.516,4.183
159.37,1.899,-1.729,1.576,4.145,-0.515,4.183
159.38,1.745,-1.729,1.579,4.327,-0.515,4.185
159.39,1.356,-1.728,1.576,4.007,-0.515,4.182
159.40,1.597,-1.728,1.577,4.415,-0.515,4.186
159.41,1.605,-1.727,1.578,4.285,-0.515,4.188
159.42,1.666,-1.727,1.579,4.109,-0.515,4.186
159.43,1.327,-1.727,1.576,4.110,-0.514,4.186
159.44,1.789,-1.727,1.579,4.056,-0.515,4.183
159.45,1.544,-1.730,1.576,3.909,-0.515,4.180
159.47,1.536,-1.731,1.574,4.490,-0.516,4.184
159.47,1.548,-1.732,1.573,4.054,-0.516,4.182
159.48,1.470,-1.732,1.572,4.314,-0.516,4.184
159.49,1.538,-1.734,1.569,4.329,-0.516,4.185
159.51,1.440,-1.734,1.567,4.426,-0.516,4.189
159.51,1.457,-1.735,1.565,4.398,-0.514,4.193
159.52,1.897,-1.735,1.569,4.131,-0.514,4.192
159.54,1.655,-1.735,1.570,4.249,-0.513,4.194
159.54,1.455,-1.735,1.569,4.104,-0.513,4.193
159.55,1.202,-1.736,1.563,4.225,-0.514,4.193
159.56,1.434,-1.735,1.563,4.202,-0.515,4.192
159.57,1.736,-1.734,1.565,4.207,-0.514,4.194
159.58,1.510,-1.736,1.563,4.311,-0.512,4.197
159.59,1.662,-1.734,1.566,4.039,-0.513,4.194
159.61,1.512,-1.735,1.565,3.953,-0.512,4.191
159.62,1.515,-1.735,1.563,4.032,-0.512,4.190
159.63,1.663,-1.734,1.566,4.212,-0.513,4.189
159.64,1.742,-1.733,1.569,4.221,-0.514,4.189
159.65,1.380,-1.733,1.567,4.128,-0.513,4.189
159.66,1.403,-1.732,1.565,4.282,-0.513,4.190
159.67,1.579,-1.733,1.565,4.093,-0.512,4.190
159.68,1.465,-1.736,1.560,4.042,-0.512,4.189
159.69,1.674,-1.736,1.562,4.264,-0.512,4.190
159.70,1.896,-1.736,1.566,4.023,-0.512,4.187
159.71,1.663,-1.736,1.567,4.201,-0.513,4.186
159.72,1.685,-1.736,1.569,4.085,-0.514,4.184
159.73,1.515,-1.734,1.570,4.327,-0.513,4.187
159.74,1.700,-1.734,1.572,4.239,-0.513,4.187
159.75,1.557,-1.735,1.571,4.049,-0.512,4.187
159.76,1.546,-1.735,1.571,4.451,-0.512,4.190
159.77,1.521,-1.734,1.571,4.344,-0.512,4.193
159.78,1.645,-1.733,1.572,4.299,-0.513,4.193
159.79,1.540,-1.733,1.572,4.092,-0.513,4.191
159.80,1.502,-1.733,1.572,4.425,-0.514,4.194
159.81,1.879,-1.733,1.576,4.326,-0.513,4.197
159.82,1.571,-1.733,1.575,4.451,-0.513,4.200
159.83,1.699,-1.732,1.578,4.009,-0.511,4.200
159.84,1.402,-1.732,1.576,4.032,-0.511,4.198
159.85,1.627,-1.731,1.577,4.029,-0.510,4.197
159.86,1.520,-1.732,1.576,4.096,-0.510,4.195
159.87,1.604,-1.733,1.575,3.910,-0.510,4.192
159.88,1.469,-1.733,1.574,4.459,-0.510,4.195
159.89,1.514,-1.731,1.575,4.104,-0.509,4.195
159.90,1.446,-1.732,1.572,4.209,-0.509,4.195
159.91,1.565,-1.733,1.571,3.889,-0.508,4.192
159.92,1.433,-1.732,1.570,4.139,-0.507,4.192
159.93,1.520,-1.732,1.569,4.248,-0.506,4.194
159.94,1.787,-1.732,1.573,4.394,-0.507,4.196
159.95,1.375,-1.731,1.571,4.123,-0.507,4.195
159.96,1.798,-1.730,1.575,4.247,-0.508,4.195
159.97,1.375,-1.729,1.573,4.465,-0.507,4.200
159.98,1.670,-1.730,1.573,4.226,-0.506,4.201
159.99,1.533,-1.729,1.574,4.245,-0.507,4.201
160.00,1.864,-1.729,1.578,4.218,-0.507,4.200
160.01,1.548,-1.728,1.578,4.248,-0.508,4.200
160.02,1.490,-1.728,1.577,4.169,-0.509,4.199
160.03,1.620,-1.729,1.577,4.300,-0.509,4.201
160.04,1.602,-1.729,1.577,4.441,-0.508,4.204
160.05,1.508,-1.730,1.575,4.125,-0.507,4.205
160.06,1.639,-1.731,1.575,4.367,-0.507,4.207
160.07,1.707,-1.731,1.577,3.977,-0.508,4.203
160.08,1.716,-1.730,1.579,4.040,-0.508,4.202
160.09,1.316,-1.731,1.575,3.878,-0.508,4.197
160.10,1.556,-1.731,1.575,4.578,-0.507,4.203
160.11,1.947,-1.730,1.581,4.102,-0.507,4.202
160.12,1.745,-1.731,1.582,4.133,-0.506,4.202
160.13,1.368,-1.729,1.581,4.109,-0.506,4.201
160.14,1.780,-1.729,1.584,4.186,-0.506,4.200
160.15,1.675,-1.730,1.584,4.195,-0.505,4.201
160.16,1.463,-1.731,1.582,4.475,-0.505,4.205
160.17,1.523,-1.732,1.580,4.018,-0.505,4.203
160.18,1.392,-1.733,1.577,4.131,-0.505,4.202
160.19,1.560,-1.732,1.577,4.448,-0.506,4.204
160.20,1.583,-1.734,1.576,4.382,-0.507,4.206
160.21,1.674,-1.734,1.577,4.230,-0.507,4.206
160.22,1.742,-1.733,1.580,4.271,-0.506,4.208
160.23,1.782,-1.732,1.584,4.199,-0.507,4.207
160.24,1.703,-1.733,1.584,4.052,-0.506,4.206
160.25,1.459,-1.735,1.581,4.423,-0.507,4.208
160.26,1.767,-1.734,1.585,4.490,-0.506,4.213
160.27,1.444,-1.735,1.582,4.363,-0.508,4.213
160.28,1.771,-1.734,1.585,4.065,-0.508,4.212
160.29,1.564,-1.734,1.585,4.056,-0.507,4.210
160.30,1.469,-1.734,1.583,4.236,-0.506,4.212
160.31,1.772,-1.732,1.588,4.464,-0.506,4.215
160.32,1.512,-1.732,1.587,4.324,-0.506,4.217
160.33,1.453,-1.732,1.585,3.943,-0.505,4.214
160.34,1.695,-1.732,1.586,4.229,-0.505,4.214
160.35,1.700,-1.732,1.588,4.001,-0.506,4.211
160.36,1.462,-1.732,1.586,3.976,-0.507,4.207
160.37,1.767,-1.732,1.590,4.365,-0.507,4.209
160.38,1.558,-1.731,1.590,4.116,-0.506,4.209
160.39,1.395,-1.734,1.585,4.343,-0.506,4.211
160.40,1.607,-1.733,1.586,4.357,-0.507,4.212
160.41,1.437,-1.733,1.584,4.102,-0.507,4.211
160.42,1.452,-1.734,1.581,4.171,-0.507,4.210
160.43,1.469,-1.734,1.580,4.059,-0.507,4.209
160.44,1.625,-1.735,1.580,4.276,-0.505,4.211
160.45,1.490,-1.733,1.580,4.131,-0.507,4.209
160.46,1.615,-1.734,1.580,4.094,-0.507,4.207
160.47,1.347,-1.735,1.576,4.195,-0.507,4.206
160.48,1.729,-1.734,1.579,3.988,-0.508,4.204
160.49,1.768,-1.732,1.583,4.273,-0.507,4.205
160.50,1.631,-1.731,1.585,3.905,-0.509,4.199
160.51,1.890,-1.728,1.592,4.210,-0.510,4.199
160.52,1.882,-1.729,1.595,3.923,-0.510,4.195
160.53,1.543,-1.730,1.594,4.237,-0.511,4.194
160.54,1.660,-1.729,1.595,4.001,-0.511,4.192
160.55,1.296,-1.730,1.590,3.931,-0.512,4.188
160.56,1.539,-1.729,1.591,4.129,-0.510,4.188
160.57,1.806,-1.727,1.596,4.266,-0.511,4.188
160.58,1.584,-1.727,1.595,4.309,-0.511,4.190
160.59,1.603,-1.727,1.596,4.226,-0.512,4.190
160.60,1.660,-1.728,1.596,4.277,-0.513,4.190
160.61,1.523,-1.726,1.597,4.053,-0.514,4.187
160.62,1.690,-1.725,1.599,3.963,-0.515,4.183
160.63,1.659,-1.728,1.598,4.058,-0.514,4.183
160.64,1.562,-1.728,1.597,4.050,-0.514,4.181
160.65,1.792,-1.728,1.600,4.151,-0.515,4.180
160.66,1.379,-1.726,1.599,4.270,-0.516,4.180
160.67,1.612,-1.726,1.599,4.199,-0.515,4.180
160.68,1.528,-1.726,1.598,4.012,-0.514,4.179
160.69,1.667,-1.727,1.598,4.116,-0.514,4.179
160.70,1.612,-1.728,1.598,4.437,-0.514,4.182
160.71,1.848,-1.725,1.604,4.188,-0.514,4.182
160.72,1.467,-1.726,1.601,4.157,-0.516,4.180
160.73,1.440,-1.725,1.600,4.133,-0.516,4.179
160.74,1.362,-1.725,1.597,4.201,-0.517,4.179
160.75,1.418,-1.727,1.593,4.002,-0.516,4.177
160.76,1.773,-1.725,1.597,4.127,-0.516,4.176
160.77,1.870,-1.724,1.602,4.425,-0.517,4.178
160.78,1.546,-1.723,1.602,4.268,-0.518,4.179
160.79,1.604,-1.721,1.604,4.237,-0.518,4.180
160.80,1.650,-1.719,1.606,4.277,-0.518,4.181
160.81,1.752,-1.721,1.607,4.161,-0.519,4.180
160.82,1.770,-1.719,1.611,4.219,-0.518,4.181
160.84,1.736,-1.720,1.612,4.306,-0.519,4.182
160.84,1.252,-1.718,1.610,4.206,-0.519,4.182
160.85,1.310,-1.717,1.606,4.427,-0.519,4.186
160.86,1.631,-1.718,1.606,4.233,-0.519,4.186
160.87,1.564,-1.718,1.606,3.862,-0.518,4.182
160.88,1.645,-1.716,1.608,4.493,-0.518,4.187
160.89,1.632,-1.716,1.609,4.627,-0.518,4.193
160.91,1.595,-1.717,1.607,4.121,-0.518,4.192
160.92,1.664,-1.718,1.607,4.247,-0.519,4.192
160.92,1.381,-1.718,1.604,4.092,-0.520,4.189
160.93,1.521,-1.718,1.603,4.303,-0.520,4.191
160.95,1.493,-1.718,1.602,3.966,-0.519,4.189
160.95,1.749,-1.717,1.604,4.262,-0.520,4.189
160.96,1.592,-1.718,1.604,3.605,-0.520,4.182
160.97,1.646,-1.718,1.604,4.036,-0.519,4.180
160.98,1.737,-1.718,1.606,4.417,-0.519,4.184
160.99,1.620,-1.718,1.607,4.239,-0.518,4.185
161.01,1.735,-1.719,1.607,4.181,-0.519,4.185
161.01,1.557,-1.719,1.607,3.989,-0.517,4.184
161.03,1.581,-1.718,1.607,4.193,-0.517,4.184
161.03,1.519,-1.719,1.605,4.312,-0.517,4.185
161.05,1.618,-1.717,1.608,4.028,-0.517,4.184
161.05,1.651,-1.717,1.608,4.137,-0.517,4.183
161.06,1.781,-1.718,1.610,4.280,-0.517,4.184
161.08,1.595,-1.717,1.610,4.340,-0.518,4.185
161.08,1.749,-1.717,1.612,4.237,-0.516,4.188
161.09,1.387,-1.716,1.610,4.040,-0.515,4.187
161.10,1.588,-1.716,1.611,3.969,-0.516,4.183
161.12,1.560,-1.716,1.610,4.137,-0.516,4.182
161.13,1.700,-1.717,1.610,4.304,-0.517,4.183
161.14,1.514,-1.717,1.609,4.380,-0.518,4.185
161.15,1.748,-1.716,1.612,3.924,-0.517,4.182
161.16,1.533,-1.715,1.612,4.292,-0.516,4.185
161.17,1.474,-1.717,1.608,4.274,-0.516,4.186
161.18,1.658,-1.717,1.609,4.189,-0.518,4.184
161.19,1.586,-1.718,1.608,4.141,-0.518,4.184
161.20,1.625,-1.718,1.608,4.110,-0.517,4.183
161.21,1.740,-1.719,1.608,4.038,-0.517,4.182
161.22,1.846,-1.719,1.611,4.224,-0.518,4.181
161.23,1.696,-1.720,1.612,4.193,-0.519,4.181
161.24,1.546,-1.719,1.613,4.015,-0.520,4.178
161.25,1.480,-1.718,1.612,4.190,-0.520,4.177
161.26,1.534,-1.716,1.612,3.923,-0.521,4.173
161.27,1.412,-1.717,1.610,4.100,-0.523,4.170
161.28,1.427,-1.718,1.606,4.107,-0.523,4.170
161.29,1.545,-1.719,1.604,4.022,-0.522,4.168
161.30,1.452,-1.718,1.603,4.320,-0.523,4.169
161.31,1.702,-1.717,1.606,3.990,-0.525,4.165
161.32,1.596,-1.718,1.604,4.125,-0.525,4.164
161.33,1.266,-1.719,1.599,4.322,-0.524,4.167
161.34,1.747,-1.722,1.598,4.404,-0.524,4.170
161.35,1.622,-1.722,1.599,3.933,-0.525,4.166
161.36,1.844,-1.720,1.604,4.580,-0.526,4.171
161.37,1.563,-1.719,1.604,4.197,-0.527,4.170
161.38,1.349,-1.719,1.601,4.427,-0.526,4.174
161.39,1.449,-1.717,1.601,4.270,-0.527,4.175
161.40,1.562,-1.719,1.598,4.354,-0.528,4.176
161.41,1.776,-1.722,1.598,4.244,-0.528,4.177
161.42,1.373,-1.723,1.594,4.137,-0.528,4.176
161.43,1.655,-1.725,1.593,4.426,-0.528,4.180
161.44,1.617,-1.725,1.593,4.375,-0.529,4.182
161.45,1.657,-1.726,1.593,4.319,-0.529,4.183
161.46,1.540,-1.725,1.593,4.436,-0.530,4.186
161.47,1.542,-1.727,1.590,4.257,-0.529,4.188
161.48,1.358,-1.727,1.587,3.993,-0.528,4.186
161.49,1.509,-1.725,1.588,4.234,-0.528,4.187
161.50,1.645,-1.725,1.589,4.467,-0.528,4.191
161.51,1.377,-1.725,1.586,4.263,-0.527,4.192
161.52,1.563,-1.726,1.586,4.491,-0.528,4.196
161.53,1.654,-1.724,1.588,4.347,-0.528,4.198
161.54,1.556,-1.725,1.586,4.290,-0.529,4.199
161.55,1.403,-1.726,1.583,4.490,-0.527,4.205
161.56,1.308,-1.725,1.580,4.263,-0.527,4.205
161.57,1.695,-1.724,1.583,4.252,-0.526,4.207
161.58,1.622,-1.726,1.581,4.280,-0.526,4.208
161.59,1.600,-1.726,1.582,4.034,-0.526,4.206
161.60,1.521,-1.725,1.582,4.073,-0.526,4.204
161.61,1.786,-1.725,1.584,4.256,-0.526,4.205
161.62,1.265,-1.726,1.580,4.294,-0.525,4.207
161.63,1.447,-1.724,1.579,4.349,-0.526,4.208
161.64,1.678,-1.726,1.579,4.355,-0.526,4.211
161.65,1.735,-1.727,1.580,4.327,-0.526,4.212
161.66,1.862,-1.728,1.583,4.354,-0.527,4.213
161.67,1.588,-1.728,1.583,4.212,-0.528,4.212
161.68,1.361,-1.729,1.579,4.166,-0.528,4.213
161.69,1.456,-1.729,1.577,4.198,-0.527,4.213
161.70,1.425,-1.731,1.573,4.213,-0.529,4.211
161.71,1.759,-1.732,1.574,4.395,-0.530,4.214
161.72,1.587,-1.731,1.576,4.387,-0.530,4.216
161.73,1.743,-1.732,1.577,4.298,-0.529,4.218
161.74,1.597,-1.733,1.576,4.380,-0.529,4.220
161.75,1.573,-1.735,1.574,4.281,-0.529,4.222
161.76,1.440,-1.736,1.571,4.307,-0.529,4.223
161.77,1.464,-1.739,1.567,4.224,-0.529,4.223
161.78,1.675,-1.737,1.570,4.134,-0.529,4.222
161.79,1.562,-1.735,1.572,4.110,-0.530,4.220
161.80,1.375,-1.735,1.569,4.262,-0.529,4.222
161.81,1.730,-1.735,1.571,3.966,-0.530,4.218
161.82,1.355,-1.735,1.568,4.173,-0.529,4.218
161.83,1.528,-1.736,1.567,4.076,-0.529,4.217
161.84,1.485,-1.735,1.566,4.151,-0.528,4.217
161.85,1.703,-1.735,1.568,4.008,-0.528,4.215
161.86,1.392,-1.735,1.566,4.259,-0.528,4.216
161.87,1.778,-1.736,1.568,4.129,-0.526,4.216
161.88,1.712,-1.737,1.569,3.966,-0.526,4.213
161.89,1.679,-1.737,1.570,4.287,-0.526,4.214
161.90,1.782,-1.739,1.571,4.429,-0.526,4.217
161.91,1.215,-1.740,1.565,4.174,-0.526,4.217
161.92,1.455,-1.740,1.564,4.205,-0.526,4.218
161.93,1.463,-1.737,1.565,4.346,-0.526,4.219
161.94,1.328,-1.739,1.560,3.968,-0.526,4.216
161.95,1.777,-1.738,1.564,3.977,-0.526,4.213
161.96,1.383,-1.739,1.560,4.307,-0.527,4.213
161.97,1.635,-1.741,1.559,4.412,-0.527,4.216
161.98,1.768,-1.742,1.560,4.224,-0.528,4.216
161.99,1.625,-1.742,1.562,4.252,-0.527,4.217
162.00,1.647,-1.741,1.564,3.979,-0.527,4.214
162.01,1.672,-1.741,1.565,4.231,-0.526,4.216
162.02,1.437,-1.741,1.563,4.094,-0.526,4.214
162.03,1.772,-1.741,1.566,3.942,-0.526,4.211
162.04,1.465,-1.742,1.564,4.031,-0.526,4.209
162.05,1.513,-1.743,1.562,4.018,-0.528,4.204
162.06,1.659,-1.741,1.565,4.066,-0.527,4.203
162.07,1.433,-1.742,1.562,4.090,-0.529,4.200
162.08,1.550,-1.742,1.562,4.180,-0.529,4.200
162.09,1.743,-1.744,1.563,4.370,-0.529,4.202
162.10,1.676,-1.744,1.565,4.113,-0.529,4.202
162.11,1.792,-1.745,1.567,3.979,-0.530,4.197
162.12,1.499,-1.746,1.564,4.155,-0.530,4.197
162.13,1.539,-1.747,1.563,4.518,-0.531,4.201
162.14,1.338,-1.746,1.561,4.087,-0.529,4.201
162.15,1.620,-1.747,1.560,4.131,-0.528,4.201
162.16,1.565,-1.748,1.560,4.508,-0.527,4.207
162.17,1.838,-1.747,1.565,4.093,-0.525,4.207
162.18,1.272,-1.746,1.562,4.076,-0.526,4.204
162.19,1.593,-1.747,1.561,4.141,-0.526,4.203
162.20,1.662,-1.748,1.561,4.378,-0.525,4.207
162.21,1.658,-1.747,1.563,4.055,-0.526,4.204
162.22,1.795,-1.748,1.566,4.121,-0.526,4.203
162.23,1.751,-1.748,1.568,4.231,-0.527,4.203
162.24,1.579,-1.747,1.569,4.069,-0.527,4.201
162.25,1.574,-1.746,1.570,4.214,-0.527,4.201
162.26,1.535,-1.745,1.571,4.036,-0.527,4.199
162.27,1.683,-1.745,1.572,4.381,-0.528,4.201
162.28,1.567,-1.743,1.574,4.207,-0.527,4.201
162.29,1.340,-1.744,1.570,4.204,-0.528,4.201
162.30,1.356,-1.742,1.569,4.171,-0.528,4.201
162.31,1.569,-1.744,1.568,4.371,-0.527,4.204
162.32,1.629,-1.745,1.568,4.128,-0.527,4.203
162.33,1.689,-1.742,1.572,4.188,-0.527,4.203
162.34,1.620,-1.740,1.575,4.324,-0.528,4.204
162.36,1.617,-1.739,1.576,4.570,-0.527,4.210
162.37,1.572,-1.739,1.576,4.125,-0.527,4.209
162.38,1.572,-1.741,1.574,4.151,-0.525,4.210
162.38,1.444,-1.741,1.572,4.063,-0.526,4.207
162.40,1.660,-1.741,1.574,4.302,-0.527,4.208
162.40,1.410,-1.743,1.570,4.104,-0.526,4.207
162.42,1.573,-1.743,1.569,4.255,-0.528,4.206
162.42,1.611,-1.744,1.569,4.217,-0.528,4.206
162.43,1.593,-1.743,1.570,4.295,-0.529,4.207
162.45,1.356,-1.743,1.567,4.250,-0.531,4.206
162.46,1.337,-1.744,1.563,4.059,-0.530,4.204
162.46,1.576,-1.744,1.563,4.012,-0.529,4.203
162.47,1.472,-1.744,1.562,4.294,-0.530,4.203
162.49,1.399,-1.744,1.560,4.239,-0.531,4.203
162.50,1.415,-1.744,1.558,4.422,-0.531,4.205
162.50,1.487,-1.746,1.555,4.209,-0.530,4.207
162.51,1.648,-1.745,1.557,4.637,-0.530,4.213
162.52,1.481,-1.745,1.556,4.337,-0.530,4.215
162.54,1.304,-1.746,1.552,4.223,-0.531,4.214
162.55,1.659,-1.747,1.553,4.132,-0.532,4.212
162.56,1.664,-1.747,1.553,4.154,-0.533,4.211
162.57,1.689,-1.747,1.555,3.732,-0.535,4.202
162.58,1.296,-1.745,1.554,4.200,-0.537,4.201
162.59,1.494,-1.746,1.552,4.151,-0.537,4.200
162.60,1.591,-1.748,1.550,3.660,-0.537,4.193
162.61,1.485,-1.747,1.551,4.423,-0.537,4.196
162.62,1.537,-1.748,1.550,3.866,-0.537,4.191
162.63,1.633,-1.748,1.550,4.077,-0.539,4.189
162.63,1.489,-1.748,1.550,4.408,-0.539,4.191
162.64,1.742,-1.750,1.550,4.150,-0.539,4.191
162.66,1.620,-1.752,1.549,4.249,-0.539,4.191
162.67,1.556,-1.752,1.549,4.003,-0.539,4.189
162.68,1.509,-1.754,1.547,4.161,-0.538,4.190
162.69,1.620,-1.753,1.548,4.225,-0.537,4.192
162.70,1.722,-1.754,1.549,4.428,-0.537,4.194
162.71,1.472,-1.754,1.548,4.390,-0.538,4.196
162.72,1.492,-1.753,1.548,4.002,-0.539,4.193
162.73,1.460,-1.755,1.546,4.239,-0.538,4.194
162.74,1.507,-1.754,1.546,4.241,-0.539,4.194
162.75,1.559,-1.754,1.546,4.042,-0.538,4.193
162.76,1.427,-1.756,1.543,4.353,-0.537,4.196
162.77,1.805,-1.754,1.547,4.185,-0.539,4.194
162.78,1.701,-1.755,1.549,4.158,-0.539,4.194
162.79,1.860,-1.756,1.552,4.291,-0.540,4.195
162.80,1.535,-1.755,1.552,4.503,-0.540,4.198
162.81,1.395,-1.755,1.550,4.218,-0.540,4.199
162.82,1.678,-1.755,1.552,4.420,-0.539,4.202
162.83,1.493,-1.757,1.549,4.199,-0.539,4.203
162.84,1.580,-1.757,1.549,4.057,-0.540,4.200
162.85,1.229,-1.757,1.545,4.015,-0.542,4.196
162.86,1.888,-1.757,1.550,4.334,-0.542,4.198
162.87,1.460,-1.757,1.548,4.103,-0.542,4.197
162.88,1.817,-1.758,1.551,4.406,-0.542,4.200
162.89,1.524,-1.759,1.549,4.383,-0.542,4.202
162.90,1.588,-1.760,1.549,4.340,-0.543,4.204
162.91,1.847,-1.759,1.555,4.235,-0.544,4.203
162.92,1.361,-1.760,1.551,3.838,-0.544,4.198
162.93,1.552,-1.761,1.549,4.051,-0.544,4.196
162.94,1.595,-1.762,1.549,4.180,-0.543,4.197
162.95,1.879,-1.760,1.556,4.032,-0.545,4.193
162.96,1.639,-1.756,1.561,3.933,-0.545,4.190
162.97,1.633,-1.756,1.562,4.215,-0.545,4.190
162.98,1.706,-1.755,1.564,4.002,-0.545,4.188
162.99,1.496,-1.757,1.562,4.098,-0.544,4.188
163.00,1.681,-1.758,1.562,4.017,-0.545,4.185
163.01,1.650,-1.758,1.564,4.289,-0.545,4.186
163.02,1.491,-1.759,1.562,4.202,-0.544,4.187
163.03,1.783,-1.759,1.564,3.974,-0.544,4.184
163.04,1.572,-1.760,1.564,4.026,-0.545,4.181
163.05,1.338,-1.762,1.559,3.954,-0.545,4.178
163.06,1.965,-1.761,1.566,4.197,-0.546,4.177
163.07,1.787,-1.760,1.569,4.270,-0.547,4.178
163.08,1.797,-1.760,1.572,4.209,-0.547,4.178
163.09,1.479,-1.760,1.572,4.162,-0.546,4.179
163.10,1.273,-1.761,1.566,4.155,-0.546,4.179
163.11,1.608,-1.762,1.566,4.334,-0.545,4.181
163.12,1.351,-1.764,1.562,4.127,-0.547,4.179
163.13,1.772,-1.762,1.566,4.260,-0.547,4.180
163.14,1.504,-1.761,1.567,4.054,-0.547,4.179
163.15,1.376,-1.762,1.564,4.093,-0.545,4.179
163.16,1.574,-1.762,1.564,4.175,-0.547,4.177
163.17,1.599,-1.761,1.566,4.226,-0.547,4.178
163.18,1.664,-1.760,1.567,4.163,-0.548,4.177
163.19,1.777,-1.761,1.569,4.281,-0.549,4.178
163.20,1.436,-1.761,1.568,4.081,-0.550,4.175
163.21,1.513,-1.760,1.568,4.194,-0.548,4.177
163.22,1.502,-1.762,1.565,4.063,-0.548,4.176
163.23,1.456,-1.763,1.563,4.250,-0.547,4.178
163.24,1.541,-1.762,1.564,4.178,-0.546,4.179
163.25,1.626,-1.763,1.564,4.038,-0.546,4.177
163.26,1.530,-1.763,1.564,4.153,-0.545,4.177
163.27,1.402,-1.763,1.561,4.120,-0.545,4.177
163.28,1.431,-1.764,1.559,4.177,-0.544,4.178
163.29,1.623,-1.762,1.561,4.197,-0.546,4.177
163.30,1.449,-1.763,1.560,4.286,-0.546,4.178
163.31,1.735,-1.764,1.561,3.986,-0.547,4.174
163.32,1.537,-1.763,1.562,4.561,-0.548,4.178
163.33,1.577,-1.761,1.564,4.375,-0.547,4.182
163.34,1.565,-1.761,1.564,4.044,-0.549,4.179
163.35,1.743,-1.759,1.568,4.261,-0.549,4.180
163.36,1.708,-1.760,1.569,4.149,-0.548,4.180
163.37,1.899,-1.762,1.571,4.047,-0.549,4.178
163.38,1.783,-1.761,1.575,4.381,-0.548,4.181
163.39,1.470,-1.761,1.574,3.828,-0.548,4.176
163.40,1.398,-1.760,1.573,4.207,-0.549,4.176
163.41,1.743,-1.758,1.577,4.119,-0.550,4.174
163.42,1.307,-1.758,1.573,4.028,-0.551,4.171
163.43,1.578,-1.760,1.572,4.244,-0.552,4.172
163.44,1.631,-1.758,1.575,4.159,-0.551,4.172
163.45,1.583,-1.756,1.577,4.389,-0.552,4.174
163.46,1.295,-1.754,1.575,4.110,-0.551,4.174
163.47,1.558,-1.756,1.574,4.207,-0.552,4.173
163.48,1.705,-1.757,1.575,4.206,-0.553,4.173
163.49,1.816,-1.757,1.578,4.137,-0.552,4.173
163.50,1.711,-1.756,1.581,4.146,-0.551,4.174
163.51,1.618,-1.755,1.582,4.067,-0.551,4.173
163.52,1.537,-1.758,1.578,3.882,-0.551,4.169
163.53,1.761,-1.756,1.583,4.072,-0.552,4.167
163.54,1.592,-1.758,1.581,4.449,-0.551,4.171
163.55,1.686,-1.757,1.584,4.181,-0.552,4.170
163.56,1.518,-1.757,1.583,4.051,-0.553,4.168
163.57,1.660,-1.756,1.585,3.840,-0.554,4.163
163.58,1.623,-1.754,1.588,4.282,-0.554,4.164
163.59,1.820,-1.756,1.589,4.122,-0.553,4.164
163.60,1.500,-1.758,1.586,4.277,-0.552,4.167
163.61,1.750,-1.758,1.588,4.136,-0.553,4.165
163.62,1.760,-1.757,1.592,4.135,-0.554,4.164
163.63,1.633,-1.760,1.590,4.186,-0.553,4.165
163.64,1.583,-1.761,1.589,4.332,-0.552,4.168
163.65,1.727,-1.761,1.591,3.857,-0.553,4.163
163.66,1.597,-1.761,1.591,3.907,-0.554,4.159
163.67,1.576,-1.761,1.591,3.986,-0.555,4.156
163.68,1.603,-1.760,1.592,4.393,-0.554,4.160
163.69,1.690,-1.763,1.591,4.129,-0.553,4.161
163.70,1.386,-1.762,1.589,4.013,-0.552,4.159
163.71,1.570,-1.762,1.589,4.105,-0.551,4.160
163.72,1.245,-1.763,1.584,4.076,-0.551,4.158
163.73,1.679,-1.763,1.585,3.935,-0.551,4.156
163.74,1.650,-1.762,1.587,4.177,-0.551,4.156
163.75,1.452,-1.764,1.584,4.208,-0.552,4.155
163.76,1.785,-1.762,1.588,4.061,-0.553,4.153
163.77,1.675,-1.761,1.591,4.262,-0.552,4.155
163.78,1.737,-1.764,1.590,4.451,-0.553,4.158
163.79,1.814,-1.764,1.594,4.373,-0.552,4.162
163.80,1.701,-1.763,1.596,4.349,-0.551,4.166
163.81,1.336,-1.764,1.592,4.136,-0.552,4.164
163.82,1.533,-1.763,1.592,4.088,-0.552,4.163
163.83,1.647,-1.763,1.593,4.196,-0.551,4.164
163.84,1.467,-1.764,1.591,4.170,-0.551,4.164
163.85,1.786,-1.763,1.595,4.207,-0.552,4.164
163.86,1.502,-1.763,1.593,4.224,-0.553,4.163
163.88,1.910,-1.764,1.597,4.317,-0.553,4.166
163.89,1.782,-1.764,1.599,4.174,-0.554,4.165
163.89,1.668,-1.764,1.601,4.299,-0.554,4.167
163.91,1.665,-1.763,1.603,4.300,-0.553,4.169
163.92,1.779,-1.762,1.606,4.133,-0.552,4.169
163.93,1.784,-1.764,1.607,4.370,-0.551,4.173
163.94,1.761,-1.763,1.610,4.305,-0.551,4.175
163.95,1.859,-1.763,1.614,4.204,-0.551,4.176
163.96,1.649,-1.761,1.616,4.250,-0.551,4.176
163.96,1.408,-1.762,1.613,4.098,-0.551,4.175
163.97,1.472,-1.762,1.611,3.913,-0.551,4.172
163.99,1.431,-1.762,1.609,4.410,-0.551,4.175
164.00,1.634,-1.763,1.609,4.029,-0.552,4.173
164.01,1.677,-1.763,1.610,3.749,-0.553,4.166
164.02,1.644,-1.762,1.612,4.212,-0.552,4.168
164.03,1.665,-1.761,1.614,4.085,-0.553,4.165
164.04,1.630,-1.762,1.613,4.226,-0.553,4.166
164.04,1.461,-1.762,1.612,4.316,-0.552,4.169
164.06,1.434,-1.762,1.610,4.369,-0.554,4.170
164.07,1.553,-1.763,1.608,4.237,-0.553,4.172
164.08,1.628,-1.762,1.609,4.042,-0.553,4.170
164.09,1.403,-1.763,1.606,4.079,-0.553,4.168
164.10,1.600,-1.765,1.605,4.399,-0.553,4.172
164.11,1.499,-1.765,1.603,4.028,-0.553,4.170
164.12,1.517,-1.767,1.601,4.063,-0.553,4.168
164.13,1.558,-1.766,1.601,4.005,-0.554,4.166
164.14,1.447,-1.766,1.599,4.280,-0.553,4.168
164.15,1.846,-1.766,1.603,4.331,-0.553,4.170
164.16,1.489,-1.765,1.603,4.388,-0.554,4.172
164.17,1.534,-1.766,1.601,4.237,-0.555,4.172
164.18,1.694,-1.766,1.602,4.104,-0.556,4.170
164.19,1.497,-1.766,1.601,4.330,-0.555,4.173
164.20,1.455,-1.767,1.598,4.333,-0.554,4.176
164.21,1.645,-1.766,1.600,4.023,-0.553,4.175
164.22,1.742,-1.766,1.602,4.152,-0.553,4.175
164.23,1.444,-1.767,1.599,3.994,-0.552,4.174
164.24,1.381,-1.768,1.596,4.168,-0.552,4.173
164.25,1.645,-1.767,1.597,4.517,-0.553,4.177
164.26,1.714,-1.768,1.598,4.046,-0.553,4.176
164.27,1.863,-1.768,1.602,3.950,-0.553,4.173
164.28,1.451,-1.768,1.600,4.024,-0.554,4.169
164.29,1.583,-1.766,1.602,3.991,-0.553,4.168
164.30,1.400,-1.767,1.599,3.876,-0.553,4.164
164.31,1.565,-1.767,1.599,3.791,-0.552,4.160
164.32,1.730,-1.765,1.602,4.099,-0.552,4.159
164.33,1.569,-1.764,1.603,4.368,-0.553,4.161
164.34,1.487,-1.764,1.602,4.123,-0.553,4.160
164.35,1.655,-1.765,1.602,4.383,-0.554,4.163
164.36,1.821,-1.765,1.605,4.041,-0.554,4.161
164.37,1.734,-1.766,1.606,4.000,-0.554,4.159
164.38,1.787,-1.765,1.609,4.403,-0.554,4.162
164.39,1.720,-1.765,1.611,4.242,-0.553,4.164
164.40,1.531,-1.764,1.611,4.085,-0.552,4.163
164.41,1.678,-1.763,1.613,4.237,-0.553,4.164
164.42,1.589,-1.764,1.612,4.289,-0.553,4.165
164.43,1.682,-1.764,1.613,4.063,-0.553,4.164
164.44,1.474,-1.766,1.610,4.006,-0.554,4.161
164.45,1.407,-1.766,1.608,4.071,-0.555,4.159
164.46,1.590,-1.767,1.607,4.119,-0.555,4.158
164.47,1.715,-1.767,1.608,4.544,-0.555,4.163
164.48,1.745,-1.768,1.609,4.327,-0.556,4.165
164.49,1.714,-1.770,1.608,4.056,-0.557,4.162
164.50,1.516,-1.771,1.607,3.961,-0.555,4.161
164.51,1.303,-1.771,1.602,4.044,-0.557,4.158
164.52,1.651,-1.773,1.602,4.195,-0.556,4.159
164.53,1.680,-1.772,1.604,4.190,-0.556,4.160
164.54,1.750,-1.771,1.607,4.388,-0.555,4.163
164.55,1.368,-1.771,1.604,4.083,-0.557,4.161
164.56,1.641,-1.770,1.606,4.096,-0.557,4.160
164.57,1.705,-1.769,1.608,4.385,-0.557,4.162
164.58,1.800,-1.769,1.611,4.400,-0.557,4.165
164.59,1.511,-1.768,1.611,4.276,-0.555,4.169
164.60,1.681,-1.766,1.614,4.074,-0.557,4.166
164.61,1.554,-1.766,1.614,4.321,-0.556,4.169
164.62,1.656,-1.767,1.613,4.217,-0.557,4.169
164.63,1.589,-1.767,1.613,4.344,-0.557,4.172
164.64,1.487,-1.767,1.612,4.151,-0.556,4.172
164.65,1.863,-1.766,1.616,4.026,-0.556,4.170
164.66,1.640,-1.767,1.616,4.436,-0.556,4.173
164.67,1.496,-1.768,1.614,4.362,-0.556,4.176
164.68,1.546,-1.767,1.614,4.226,-0.556,4.176
164.69,1.782,-1.767,1.616,4.183,-0.557,4.176
164.70,1.336,-1.767,1.613,4.132,-0.558,4.175
164.71,1.798,-1.767,1.616,4.144,-0.557,4.175
164.72,1.570,-1.766,1.616,4.338,-0.556,4.178
164.73,1.552,-1.768,1.614,4.259,-0.556,4.179
164.74,1.692,-1.769,1.615,4.355,-0.556,4.182
164.75,1.437,-1.770,1.611,4.194,-0.556,4.182
164.76,1.530,-1.770,1.610,4.291,-0.556,4.183
164.77,1.634,-1.770,1.611,4.080,-0.555,4.183
164.78,1.660,-1.771,1.611,4.229,-0.554,4.185
164.79,1.755,-1.771,1.613,4.073,-0.554,4.184
164.80,1.821,-1.772,1.615,4.266,-0.554,4.185
164.81,1.356,-1.771,1.612,3.998,-0.554,4.183
164.82,1.606,-1.772,1.612,3.975,-0.553,4.181
164.83,1.568,-1.771,1.612,3.982,-0.554,4.178
164.84,1.461,-1.774,1.608,4.241,-0.554,4.178
164.85,1.280,-1.774,1.604,4.157,-0.553,4.179
164.86,1.668,-1.776,1.603,4.221,-0.552,4.180
164.87,1.549,-1.777,1.601,4.423,-0.551,4.185
164.88,1.509,-1.775,1.602,4.474,-0.552,4.188
164.89,1.595,-1.775,1.602,4.408,-0.551,4.192
164.90,1.540,-1.776,1.601,4.235,-0.550,4.193
164.91,1.562,-1.778,1.598,4.183,-0.553,4.190
164.92,1.616,-1.778,1.598,4.303,-0.552,4.193
164.93,1.570,-1.776,1.600,4.163,-0.551,4.193
164.94,1.712,-1.777,1.601,4.115,-0.551,4.193
164.95,1.717,-1.777,1.602,4.172,-0.551,4.193
164.96,1.429,-1.778,1.599,4.294,-0.550,4.195
164.97,1.513,-1.779,1.598,4.172,-0.551,4.194
164.98,1.604,-1.778,1.599,3.970,-0.551,4.191
164.99,1.488,-1.778,1.598,3.968,-0.551,4.188
165.00,1.604,-1.779,1.597,4.247,-0.552,4.188
165.01,1.508,-1.781,1.594,3.991,-0.553,4.185
165.02,1.428,-1.781,1.592,4.212,-0.553,4.185
165.03,1.539,-1.781,1.591,4.197,-0.553,4.186
165.04,1.397,-1.782,1.588,4.155,-0.552,4.186
165.05,1.490,-1.783,1.585,4.592,-0.552,4.191
165.06,1.379,-1.787,1.579,3.868,-0.553,4.186
165.07,1.639,-1.786,1.581,3.909,-0.552,4.183
165.08,1.612,-1.787,1.581,4.173,-0.553,4.183
165.09,1.493,-1.787,1.580,4.332,-0.554,4.183
165.10,1.571,-1.787,1.579,3.988,-0.554,4.181
165.11,1.590,-1.787,1.580,4.260,-0.555,4.181
165.12,1.747,-1.789,1.580,3.981,-0.557,4.177
165.13,1.463,-1.790,1.578,4.331,-0.556,4.180
165.14,1.363,-1.790,1.575,4.430,-0.557,4.182
165.15,1.754,-1.792,1.576,4.120,-0.558,4.180
165.16,1.771,-1.791,1.579,4.124,-0.560,4.178
165.17,1.566,-1.791,1.579,3.963,-0.559,4.176
165.18,1.452,-1.791,1.578,4.606,-0.559,4.182
165.19,1.703,-1.791,1.579,4.052,-0.557,4.182
165.20,1.552,-1.791,1.579,4.184,-0.557,4.182
165.21,1.491,-1.792,1.577,4.628,-0.557,4.188
165.22,1.539,-1.791,1.578,4.105,-0.559,4.186
165.23,1.648,-1.790,1.579,4.369,-0.559,4.188
165.24,1.521,-1.790,1.579,4.317,-0.560,4.189
165.25,1.455,-1.791,1.576,4.287,-0.561,4.189
165.26,1.743,-1.792,1.578,3.994,-0.562,4.186
165.27,1.645,-1.792,1.579,4.107,-0.561,4.186
165.28,1.709,-1.792,1.581,4.360,-0.561,4.188
165.29,1.316,-1.791,1.578,4.340,-0.562,4.190
165.30,1.814,-1.792,1.581,4.215,-0.562,4.190
165.31,1.700,-1.791,1.583,3.950,-0.561,4.187
165.32,1.596,-1.791,1.583,4.123,-0.561,4.187
165.33,1.595,-1.791,1.584,4.192,-0.562,4.187
165.35,1.729,-1.789,1.588,4.348,-0.560,4.190
165.36,1.620,-1.791,1.587,3.904,-0.562,4.185
165.36,1.853,-1.789,1.592,4.443,-0.562,4.188
165.37,1.303,-1.790,1.588,4.270,-0.562,4.190
165.38,1.426,-1.790,1.585,4.093,-0.561,4.189
165.39,1.612,-1.792,1.584,3.785,-0.560,4.185
165.41,1.523,-1.793,1.583,4.281,-0.561,4.186
165.41,1.514,-1.792,1.582,4.140,-0.562,4.184
165.43,1.490,-1.795,1.579,4.310,-0.561,4.186
165.44,1.722,-1.794,1.581,4.306,-0.561,4.188
165.45,1.490,-1.793,1.582,3.840,-0.561,4.184
165.46,1.462,-1.792,1.581,4.354,-0.560,4.187
165.47,1.279,-1.794,1.575,4.238,-0.561,4.187
165.48,1.489,-1.792,1.576,4.246,-0.561,4.188
165.49,1.647,-1.793,1.576,4.414,-0.561,4.191
165.50,1.663,-1.794,1.576,4.092,-0.563,4.188
165.51,1.387,-1.794,1.574,4.218,-0.563,4.188
165.52,1.528,-1.795,1.572,4.195,-0.563,4.189
165.53,1.642,-1.796,1.572,4.258,-0.563,4.190
165.54,1.520,-1.797,1.571,4.180,-0.563,4.190
165.55,1.534,-1.795,1.573,4.356,-0.562,4.193
165.56,1.490,-1.795,1.571,3.982,-0.563,4.190
165.57,1.459,-1.795,1.570,4.133,-0.562,4.189
165.58,1.484,-1.794,1.570,4.260,-0.564,4.189
165.59,1.764,-1.794,1.573,4.121,-0.564,4.188
165.60,1.592,-1.794,1.573,4.499,-0.565,4.192
165.61,1.682,-1.795,1.573,4.126,-0.566,4.190
165.62,1.496,-1.795,1.572,4.385,-0.566,4.193
165.63,1.353,-1.796,1.568,4.372,-0.566,4.195
165.64,1.779,-1.792,1.575,4.359,-0.566,4.198
165.65,1.689,-1.793,1.577,4.129,-0.564,4.199
165.66,1.681,-1.794,1.577,4.160,-0.565,4.197
165.67,1.502,-1.794,1.576,4.518,-0.564,4.202
165.68,1.356,-1.793,1.574,4.225,-0.563,4.204
165.69,1.637,-1.793,1.574,4.147,-0.564,4.203
165.70,1.368,-1.794,1.571,4.177,-0.564,4.202
165.71,1.402,-1.792,1.571,3.974,-0.566,4.198
165.72,1.665,-1.794,1.570,4.190,-0.567,4.197
165.73,1.739,-1.794,1.573,4.096,-0.567,4.195
165.74,1.574,-1.794,1.573,4.234,-0.567,4.197
165.75,1.724,-1.796,1.573,4.652,-0.568,4.201
165.76,1.375,-1.794,1.572,4.079,-0.568,4.200
165.77,1.340,-1.795,1.568,4.102,-0.567,4.200
165.78,1.650,-1.794,1.570,4.254,-0.566,4.201
165.79,1.624,-1.794,1.571,3.982,-0.567,4.198
165.80,1.661,-1.792,1.574,4.037,-0.566,4.197
165.81,1.462,-1.793,1.572,3.941,-0.566,4.194
165.82,1.502,-1.793,1.571,4.164,-0.567,4.192
165.83,1.329,-1.795,1.566,4.175,-0.567,4.192
165.84,1.538,-1.795,1.565,3.821,-0.567,4.188
165.85,1.460,-1.794,1.565,4.011,-0.568,4.185
165.86,1.594,-1.793,1.567,3.935,-0.567,4.182
165.87,1.791,-1.793,1.569,4.162,-0.568,4.181
165.88,1.390,-1.795,1.565,4.058,-0.570,4.178
165.89,1.721,-1.795,1.567,4.495,-0.569,4.183
165.90,1.352,-1.793,1.566,4.220,-0.570,4.183
165.91,1.574,-1.794,1.566,4.065,-0.568,4.183
165.92,1.864,-1.793,1.570,4.349,-0.567,4.187
165.93,1.880,-1.791,1.576,4.111,-0.567,4.185
165.94,1.358,-1.791,1.574,4.182,-0.567,4.186
165.95,1.607,-1.793,1.572,4.306,-0.567,4.187
165.96,1.760,-1.792,1.576,4.026,-0.567,4.185
165.97,1.246,-1.792,1.572,4.232,-0.566,4.187
165.98,1.519,-1.791,1.572,4.405,-0.567,4.189
165.99,1.595,-1.791,1.572,4.333,-0.566,4.192
166.00,1.775,-1.793,1.573,4.316,-0.566,4.194
166.01,1.634,-1.791,1.576,4.331,-0.566,4.196
166.02,1.712,-1.791,1.578,4.016,-0.566,4.194
166.03,1.517,-1.790,1.577,4.097,-0.566,4.192
166.04,1.318,-1.790,1.574,4.314,-0.566,4.194
166.05,1.468,-1.792,1.572,3.981,-0.565,4.192
166.06,1.461,-1.792,1.570,4.316,-0.564,4.195
166.07,1.664,-1.792,1.571,4.215,-0.564,4.196
166.08,1.464,-1.791,1.571,4.200,-0.567,4.193
166.09,1.456,-1.790,1.570,3.901,-0.567,4.189
166.10,1.707,-1.789,1.573,4.102,-0.568,4.187
166.11,1.316,-1.790,1.568,3.825,-0.568,4.183
166.12,1.188,-1.791,1.563,4.395,-0.569,4.184
166.13,1.488,-1.792,1.560,4.043,-0.570,4.181
166.14,1.495,-1.794,1.558,4.146,-0.570,4.181
166.15,1.777,-1.796,1.559,4.198,-0.570,4.181
166.16,1.737,-1.794,1.563,4.052,-0.570,4.180
166.17,1.566,-1.795,1.562,4.416,-0.569,4.184
166.18,1.748,-1.795,1.564,4.141,-0.569,4.184
166.19,1.268,-1.794,1.561,4.304,-0.568,4.186
166.20,1.906,-1.796,1.565,4.233,-0.568,4.187
166.21,1.712,-1.795,1.567,4.343,-0.569,4.188
166.22,1.329,-1.794,1.565,4.022,-0.569,4.186
166.23,1.984,-1.795,1.569,4.147,-0.568,4.186
166.24,1.543,-1.793,1.571,4.174,-0.569,4.185
166.25,1.505,-1.794,1.569,4.449,-0.569,4.188
166.26,1.628,-1.796,1.568,3.864,-0.569,4.184
166.27,1.578,-1.795,1.569,4.065,-0.570,4.182
166.28,1.533,-1.793,1.571,4.184,-0.571,4.181
166.29,1.546,-1.794,1.570,3.989,-0.571,4.179
166.30,1.603,-1.794,1.570,4.259,-0.569,4.182
166.31,1.449,-1.794,1.568,4.271,-0.569,4.183
166.32,1.493,-1.794,1.568,4.115,-0.567,4.184
166.33,1.657,-1.795,1.568,4.270,-0.566,4.186
166.34,1.555,-1.796,1.567,4.393,-0.566,4.189
166.35,1.825,-1.794,1.572,4.158,-0.567,4.188
166.36,1.503,-1.796,1.570,4.298,-0.568,4.189
166.37,1.515,-1.796,1.569,4.516,-0.568,4.193
166.38,1.593,-1.797,1.568,4.116,-0.568,4.192
166.39,1.428,-1.797,1.566,4.543,-0.567,4.197
166.40,1.740,-1.798,1.567,4.305,-0.567,4.200
166.41,1.513,-1.797,1.567,4.079,-0.566,4.199
166.42,1.711,-1.798,1.569,4.122,-0.566,4.198
166.43,1.384,-1.798,1.567,4.355,-0.566,4.200
166.44,1.216,-1.798,1.562,4.145,-0.567,4.198
166.45,1.744,-1.798,1.564,4.215,-0.567,4.199
166.46,1.541,-1.798,1.564,4.086,-0.568,4.197
166.47,1.674,-1.797,1.566,4.192,-0.567,4.198
166.48,1.439,-1.798,1.564,4.048,-0.568,4.195
166.49,1.623,-1.799,1.564,4.173,-0.569,4.194
166.50,1.499,-1.801,1.560,4.116,-0.567,4.195
166.51,1.640,-1.801,1.562,4.083,-0.568,4.193
166.52,1.467,-1.800,1.562,4.436,-0.569,4.195
166.53,1.485,-1.800,1.561,4.240,-0.568,4.196
166.54,1.764,-1.798,1.565,4.072,-0.568,4.195
166.55,1.653,-1.799,1.566,4.286,-0.568,4.196
166.56,1.656,-1.798,1.568,4.026,-0.568,4.194
166.57,1.759,-1.798,1.570,4.057,-0.567,4.194
166.58,1.469,-1.798,1.569,4.612,-0.568,4.198
166.59,1.676,-1.798,1.570,4.423,-0.567,4.202
166.60,1.489,-1.799,1.569,4.128,-0.567,4.202
166.61,1.450,-1.799,1.567,4.163,-0.566,4.202
166.62,1.568,-1.800,1.566,3.714,-0.565,4.196
166.63,1.552,-1.800,1.566,4.133,-0.564,4.197
166.64,1.506,-1.799,1.566,3.961,-0.564,4.194
166.65,1.340,-1.800,1.562,4.356,-0.564,4.196
166.66,1.886,-1.801,1.565,4.135,-0.565,4.195
166.67,1.715,-1.802,1.567,4.643,-0.563,4.202
166.68,1.677,-1.803,1.567,4.283,-0.564,4.203
166.69,1.658,-1.803,1.568,4.249,-0.564,4.203
166.70,1.509,-1.804,1.567,3.860,-0.563,4.200
166.71,1.460,-1.805,1.564,4.012,-0.563,4.198
166.72,1.797,-1.805,1.567,4.283,-0.562,4.200
166.73,1.437,-1.804,1.567,4.254,-0.562,4.201
166.74,1.662,-1.807,1.565,4.234,-0.561,4.202
166.75,1.444,-1.807,1.563,4.474,-0.562,4.205
166.76,1.705,-1.808,1.565,4.340,-0.563,4.206
166.77,1.393,-1.808,1.563,4.226,-0.563,4.206
166.78,1.430,-1.808,1.561,4.041,-0.563,4.204
166.79,1.747,-1.809,1.562,4.172,-0.562,4.205
166.80,1.503,-1.811,1.560,4.432,-0.563,4.207
166.81,1.595,-1.809,1.562,4.190,-0.561,4.209
166.82,1.777,-1.811,1.563,4.162,-0.560,4.209
166.84,1.231,-1.811,1.558,4.517,-0.559,4.214
166.84,1.282,-1.811,1.555,4.436,-0.559,4.217
166.85,1.645,-1.813,1.555,4.250,-0.560,4.217
166.87,1.769,-1.814,1.556,4.066,-0.560,4.216
166.87,1.592,-1.813,1.558,4.139,-0.560,4.214
166.89,1.831,-1.813,1.561,4.376,-0.560,4.217
166.90,1.822,-1.813,1.565,4.185,-0.561,4.216
166.91,1.505,-1.812,1.565,3.731,-0.560,4.211
166.91,1.445,-1.812,1.564,4.392,-0.560,4.213
166.92,1.593,-1.812,1.564,4.234,-0.560,4.214
166.94,1.534,-1.812,1.564,4.135,-0.560,4.213
166.95,1.584,-1.813,1.563,4.277,-0.560,4.213
166.96,1.388,-1.814,1.560,3.980,-0.562,4.209
166.97,1.578,-1.812,1.562,4.185,-0.561,4.209
166.98,1.556,-1.811,1.563,4.012,-0.561,4.207
166.99,1.676,-1.810,1.566,3.918,-0.560,4.204
167.00,1.530,-1.810,1.565,4.252,-0.561,4.204
167.01,1.575,-1.810,1.566,4.035,-0.559,4.204
167.02,1.379,-1.809,1.564,4.165,-0.559,4.203
167.03,1.459,-1.810,1.562,4.181,-0.560,4.202
167.04,1.560,-1.811,1.561,4.181,-0.559,4.203
167.05,1.396,-1.808,1.562,4.024,-0.560,4.200
167.06,1.514,-1.807,1.562,4.106,-0.559,4.200
167.07,1.623,-1.806,1.564,4.137,-0.559,4.199
167.08,1.688,-1.805,1.567,4.140,-0.559,4.198
167.09,1.467,-1.804,1.567,4.388,-0.557,4.202
167.10,1.692,-1.803,1.569,3.918,-0.557,4.199
167.11,1.666,-1.803,1.571,4.181,-0.558,4.198
167.12,1.660,-1.803,1.572,3.975,-0.558,4.195
167.13,1.600,-1.802,1.573,4.418,-0.558,4.198
167.14,1.350,-1.802,1.571,4.202,-0.558,4.198
167.15,1.560,-1.803,1.570,4.118,-0.557,4.198
167.16,1.871,-1.802,1.574,3.872,-0.558,4.192
167.17,1.594,-1.802,1.575,3.850,-0.559,4.187
167.18,1.579,-1.804,1.573,4.263,-0.559,4.188
167.19,1.346,-1.804,1.570,4.176,-0.559,4.188
167.20,1.413,-1.803,1.569,4.302,-0.558,4.190
167.21,1.868,-1.802,1.574,4.106,-0.557,4.190
167.22,1.390,-1.802,1.572,4.262,-0.559,4.189
167.23,1.602,-1.804,1.570,4.120,-0.559,4.189
167.24,1.757,-1.803,1.574,4.005,-0.558,4.187
167.25,1.657,-1.804,1.574,4.195,-0.558,4.187
167.26,1.640,-1.804,1.574,4.277,-0.561,4.186
167.27,1.680,-1.804,1.576,4.324,-0.559,4.189
167.28,1.552,-1.803,1.577,4.163,-0.558,4.190
167.29,1.405,-1.801,1.577,3.961,-0.558,4.187
167.30,1.649,-1.802,1.577,4.217,-0.557,4.188
167.31,1.512,-1.802,1.576,4.087,-0.556,4.187
167.32,1.539,-1.800,1.577,4.548,-0.557,4.191
167.33,1.584,-1.800,1.578,4.446,-0.558,4.194
167.34,1.463,-1.799,1.578,3.992,-0.558,4.191
167.35,1.882,-1.800,1.581,4.371,-0.557,4.194
167.36,1.443,-1.800,1.579,4.135,-0.557,4.194
167.37,1.645,-1.801,1.579,4.374,-0.557,4.196
167.38,1.744,-1.799,1.583,4.382,-0.558,4.198
167.39,1.314,-1.798,1.581,3.941,-0.559,4.193
167.40,1.585,-1.799,1.580,4.263,-0.558,4.195
167.41,1.406,-1.799,1.577,4.176,-0.558,4.195
167.42,1.556,-1.800,1.576,4.356,-0.558,4.197
167.43,1.505,-1.798,1.577,4.007,-0.558,4.195
167.44,1.497,-1.801,1.574,4.202,-0.560,4.192
167.45,1.805,-1.799,1.579,4.423,-0.560,4.196
167.46,1.644,-1.799,1.579,4.613,-0.560,4.201
167.47,1.846,-1.799,1.583,4.266,-0.561,4.202
167.48,1.622,-1.799,1.583,3.918,-0.560,4.198
167.49,1.623,-1.798,1.585,4.342,-0.561,4.199
167.50,1.693,-1.795,1.590,4.064,-0.562,4.197
167.51,1.678,-1.794,1.592,4.117,-0.560,4.197
167.52,1.640,-1.795,1.592,3.928,-0.560,4.194
167.53,1.610,-1.795,1.592,4.656,-0.560,4.200
167.54,1.567,-1.795,1.592,4.390,-0.561,4.202
167.55,1.710,-1.795,1.594,3.899,-0.559,4.200
167.56,1.620,-1.794,1.595,4.046,-0.559,4.198
167.57,1.605,-1.792,1.597,4.145,-0.559,4.197
167.58,1.673,-1.789,1.601,4.128,-0.559,4.197
167.59,1.225,-1.789,1.597,4.100,-0.560,4.194
167.60,1.829,-1.788,1.601,4.519,-0.560,4.198
167.61,1.674,-1.789,1.601,4.118,-0.563,4.195
167.62,1.535,-1.789,1.600,4.399,-0.563,4.197
167.63,1.455,-1.790,1.598,4.150,-0.564,4.196
167.64,1.189,-1.790,1.593,4.174,-0.563,4.196
167.65,1.629,-1.788,1.595,4.272,-0.563,4.197
167.66,1.659,-1.788,1.595,3.983,-0.564,4.194
167.67,1.614,-1.789,1.595,4.166,-0.566,4.191
167.68,1.427,-1.786,1.596,4.288,-0.565,4.194
167.69,1.753,-1.787,1.597,4.236,-0.565,4.195
167.70,1.702,-1.788,1.598,4.006,-0.566,4.191
167.71,1.657,-1.788,1.598,4.330,-0.566,4.193
167.72,1.641,-1.789,1.598,3.893,-0.567,4.188
167.73,1.704,-1.788,1.601,4.346,-0.568,4.189
167.74,1.799,-1.789,1.603,4.037,-0.567,4.188
167.75,1.704,-1.791,1.602,4.072,-0.569,4.184
167.76,1.319,-1.791,1.599,4.164,-0.569,4.184
167.77,1.603,-1.789,1.600,4.101,-0.569,4.184
167.78,1.568,-1.791,1.598,4.429,-0.570,4.186
167.79,1.562,-1.791,1.598,4.362,-0.567,4.190
167.80,1.681,-1.791,1.599,4.185,-0.568,4.190
167.81,1.470,-1.791,1.598,4.190,-0.567,4.191
167.82,1.868,-1.791,1.601,3.891,-0.568,4.186
167.83,1.433,-1.790,1.600,4.332,-0.568,4.188
167.84,1.707,-1.790,1.601,4.455,-0.568,4.191
167.85,1.402,-1.790,1.599,4.357,-0.568,4.194
167.86,1.444,-1.790,1.597,4.295,-0.567,4.197
167.87,1.562,-1.789,1.598,3.977,-0.566,4.195
167.88,1.647,-1.790,1.597,4.102,-0.566,4.193
167.89,1.603,-1.789,1.599,4.115,-0.565,4.193
167.90,1.383,-1.788,1.597,4.124,-0.564,4.193
167.91,1.150,-1.787,1.592,3.975,-0.564,4.191
167.92,1.678,-1.787,1.593,4.162,-0.565,4.189
167.93,1.578,-1.787,1.593,3.966,-0.564,4.187
167.94,1.600,-1.786,1.594,3.916,-0.565,4.183
167.95,1.683,-1.787,1.595,4.451,-0.565,4.187
167.96,1.544,-1.785,1.596,4.227,-0.565,4.187
167.97,1.576,-1.785,1.596,4.072,-0.565,4.185
167.98,1.707,-1.784,1.598,4.138,-0.565,4.185
167.99,1.553,-1.786,1.596,4.338,-0.565,4.187
168.00,1.568,-1.786,1.596,4.052,-0.566,4.183
168.01,1.388,-1.786,1.593,4.281,-0.566,4.185
168.02,1.301,-1.785,1.590,4.231,-0.566,4.186
168.03,1.593,-1.783,1.592,4.418,-0.566,4.189
168.04,1.646,-1.783,1.593,4.437,-0.567,4.191
168.05,1.645,-1.781,1.596,4.230,-0.568,4.191
168.06,1.650,-1.781,1.596,4.370,-0.568,4.193
168.07,1.516,-1.781,1.596,4.277,-0.569,4.193
168.08,1.421,-1.781,1.593,4.250,-0.568,4.195
168.09,1.575,-1.779,1.594,4.191,-0.568,4.195
168.10,1.520,-1.778,1.595,4.517,-0.568,4.199
168.11,1.563,-1.778,1.594,4.120,-0.569,4.198
168.12,1.753,-1.778,1.596,4.104,-0.569,4.196
168.13,1.328,-1.777,1.593,4.322,-0.567,4.200
168.14,1.465,-1.777,1.592,4.032,-0.567,4.198
168.15,1.479,-1.776,1.591,4.149,-0.566,4.199
168.16,1.504,-1.776,1.590,4.194,-0.564,4.200
168.17,1.766,-1.778,1.591,4.102,-0.564,4.199
168.18,1.651,-1.777,1.593,3.763,-0.565,4.192
168.19,1.450,-1.777,1.591,4.348,-0.564,4.195
168.20,1.325,-1.775,1.589,4.514,-0.565,4.199
168.21,1.554,-1.776,1.588,4.090,-0.565,4.197
168.22,1.654,-1.776,1.588,4.204,-0.565,4.197
168.23,1.476,-1.774,1.589,4.011,-0.565,4.195
168.24,1.595,-1.774,1.589,3.923,-0.565,4.192
168.25,1.901,-1.774,1.593,4.453,-0.564,4.196
168.26,1.500,-1.773,1.593,4.211,-0.566,4.194
168.27,1.740,-1.773,1.595,4.229,-0.567,4.194
168.28,1.606,-1.774,1.594,4.025,-0.567,4.192
168.29,1.550,-1.775,1.593,4.302,-0.567,4.193
168.30,1.679,-1.775,1.593,4.046,-0.568,4.190
168.31,1.344,-1.774,1.591,4.050,-0.568,4.189
168.33,1.628,-1.775,1.591,4.151,-0.568,4.188
168.33,1.818,-1.775,1.593,4.418,-0.570,4.189
168.34,1.560,-1.776,1.592,4.156,-0.569,4.189
168.36,1.646,-1.776,1.592,4.194,-0.570,4.189
168.37,1.304,-1.777,1.588,4.030,-0.570,4.186
168.37,1.701,-1.776,1.590,4.048,-0.569,4.186
168.39,1.711,-1.778,1.590,4.257,-0.569,4.186
168.40,1.532,-1.778,1.589,4.277,-0.569,4.188
168.41,1.353,-1.779,1.585,4.339,-0.568,4.190
168.42,1.363,-1.779,1.582,4.161,-0.569,4.190
168.43,1.630,-1.779,1.583,3.852,-0.570,4.185
168.44,1.301,-1.779,1.579,4.216,-0.569,4.185
168.45,1.681,-1.779,1.580,4.110,-0.570,4.184
168.46,1.547,-1.780,1.579,4.362,-0.572,4.184
168.46,1.798,-1.780,1.582,4.044,-0.572,4.182
168.48,1.602,-1.778,1.583,3.940,-0.573,4.178
168.49,1.561,-1.779,1.583,4.157,-0.573,4.177
168.50,1.381,-1.778,1.581,4.106,-0.573,4.177
168.51,1.580,-1.778,1.580,4.450,-0.573,4.180
168.52,1.471,-1.781,1.577,4.320,-0.572,4.183
168.53,1.359,-1.782,1.572,4.244,-0.572,4.184
168.54,1.227,-1.782,1.567,4.276,-0.572,4.185
168.55,1.406,-1.781,1.567,3.900,-0.573,4.181
168.56,1.567,-1.781,1.567,4.049,-0.572,4.180
168.57,1.444,-1.781,1.564,4.216,-0.572,4.181
168.58,1.423,-1.780,1.564,4.390,-0.572,4.183
168.59,1.506,-1.780,1.563,4.386,-0.573,4.185
168.60,1.541,-1.778,1.564,4.085,-0.571,4.185
168.61,1.181,-1.778,1.559,3.851,-0.572,4.180
168.62,1.737,-1.776,1.563,4.245,-0.572,4.180
168.63,1.742,-1.776,1.565,4.256,-0.571,4.183
168.64,1.644,-1.775,1.567,3.837,-0.570,4.179
168.65,1.621,-1.773,1.569,3.929,-0.569,4.177
168.66,1.555,-1.774,1.568,4.202,-0.570,4.177
168.67,1.540,-1.773,1.569,4.252,-0.570,4.177
168.68,1.616,-1.772,1.570,4.311,-0.570,4.179
168.69,1.471,-1.773,1.568,4.148,-0.571,4.178
168.70,1.843,-1.773,1.571,4.516,-0.571,4.182
168.71,1.731,-1.773,1.573,4.377,-0.570,4.185
168.72,1.571,-1.771,1.575,4.072,-0.571,4.183
168.73,1.389,-1.770,1.573,4.215,-0.572,4.182
168.74,1.453,-1.770,1.572,4.228,-0.573,4.182
168.75,1.462,-1.772,1.568,4.412,-0.575,4.183
168.76,1.342,-1.774,1.564,4.344,-0.576,4.185
168.77,1.604,-1.775,1.562,4.298,-0.577,4.185
168.78,1.413,-1.774,1.561,4.011,-0.576,4.184
168.79,1.767,-1.776,1.562,4.020,-0.576,4.182
168.80,1.702,-1.774,1.565,4.402,-0.576,4.184
168.81,1.384,-1.775,1.562,4.117,-0.576,4.183
168.82,1.377,-1.775,1.559,4.046,-0.575,4.183
168.83,1.723,-1.776,1.561,4.235,-0.577,4.181
168.84,1.546,-1.775,1.561,4.159,-0.577,4.181
168.85,1.532,-1.776,1.560,4.558,-0.576,4.187
168.86,1.579,-1.776,1.559,3.944,-0.577,4.183
168.87,1.406,-1.776,1.558,4.434,-0.577,4.186
168.88,1.542,-1.778,1.555,4.247,-0.577,4.187
168.89,1.657,-1.777,1.557,3.979,-0.578,4.184
168.90,1.310,-1.774,1.556,4.294,-0.576,4.187
168.91,1.652,-1.775,1.556,4.158,-0.576,4.187
168.92,1.413,-1.776,1.554,4.360,-0.575,4.190
168.93,1.462,-1.776,1.553,4.131,-0.574,4.190
168.94,1.608,-1.776,1.553,4.600,-0.574,4.196
168.95,1.386,-1.774,1.553,4.121,-0.574,4.195
168.96,1.354,-1.772,1.551,4.086,-0.574,4.194
168.97,1.819,-1.772,1.555,4.192,-0.572,4.196
168.98,1.796,-1.772,1.558,4.331,-0.572,4.198
168.99,1.706,-1.771,1.560,4.363,-0.571,4.200
169.00,1.536,-1.771,1.560,4.132,-0.572,4.199
169.01,1.405,-1.770,1.559,4.109,-0.573,4.197
169.02,1.792,-1.769,1.563,4.489,-0.573,4.201
169.03,1.401,-1.769,1.561,3.994,-0.573,4.198
169.04,1.640,-1.768,1.562,4.108,-0.572,4.198
169.05,1.626,-1.767,1.564,4.263,-0.573,4.198
169.06,1.691,-1.766,1.567,3.907,-0.572,4.195
169.07,1.636,-1.766,1.567,4.266,-0.573,4.195
169.08,1.616,-1.766,1.567,3.783,-0.573,4.190
169.09,1.437,-1.766,1.566,4.111,-0.574,4.188
169.10,1.663,-1.766,1.567,4.346,-0.573,4.191
169.11,1.495,-1.765,1.567,4.156,-0.573,4.191
169.12,1.369,-1.764,1.565,4.318,-0.572,4.193
169.13,1.565,-1.765,1.564,4.542,-0.572,4.198
169.14,1.452,-1.766,1.561,4.111,-0.571,4.198
169.15,1.629,-1.765,1.563,4.490,-0.571,4.202
169.16,1.588,-1.765,1.563,4.087,-0.572,4.200
169.17,1.937,-1.765,1.568,4.257,-0.572,4.201
169.18,1.516,-1.766,1.566,4.145,-0.571,4.200
169.19,1.336,-1.766,1.562,4.165,-0.572,4.199
169.20,1.687,-1.766,1.564,4.342,-0.574,4.200
169.21,1.682,-1.766,1.566,4.449,-0.575,4.202
169.22,1.533,-1.766,1.565,4.234,-0.576,4.202
169.23,1.482,-1.767,1.563,4.003,-0.576,4.198
169.24,1.703,-1.767,1.565,4.235,-0.576,4.200
169.25,1.817,-1.766,1.569,4.129,-0.575,4.200
169.26,1.327,-1.766,1.566,4.267,-0.575,4.201
169.27,1.665,-1.767,1.566,3.830,-0.576,4.195
169.28,1.408,-1.768,1.563,4.350,-0.575,4.198
169.29,1.566,-1.767,1.563,4.304,-0.575,4.199
169.30,1.583,-1.768,1.563,4.217,-0.576,4.198
169.31,1.748,-1.770,1.563,4.151,-0.575,4.199
169.32,1.656,-1.771,1.563,4.277,-0.577,4.199
169.33,1.374,-1.771,1.560,4.379,-0.578,4.200
169.34,1.407,-1.771,1.558,4.262,-0.579,4.199
169.35,1.819,-1.771,1.561,4.278,-0.580,4.200
169.36,1.327,-1.772,1.557,4.125,-0.579,4.200
169.37,1.656,-1.772,1.558,4.376,-0.577,4.204
169.38,1.354,-1.771,1.556,4.145,-0.578,4.203
169.39,1.554,-1.771,1.556,4.305,-0.577,4.206
169.40,1.467,-1.770,1.556,4.318,-0.576,4.208
169.41,1.730,-1.771,1.557,4.290,-0.576,4.209
169.42,1.579,-1.771,1.557,4.314,-0.575,4.212
169.43,1.683,-1.771,1.559,4.223,-0.575,4.212
169.44,1.619,-1.771,1.559,4.034,-0.575,4.209
169.45,1.405,-1.772,1.556,4.524,-0.574,4.215
169.46,1.626,-1.772,1.557,4.388,-0.575,4.217
169.47,1.549,-1.771,1.557,3.826,-0.575,4.211
169.48,1.453,-1.773,1.554,4.101,-0.576,4.210
169.49,1.712,-1.774,1.555,4.333,-0.576,4.211
169.50,1.632,-1.772,1.558,4.235,-0.576,4.211
169.51,1.809,-1.773,1.560,4.093,-0.575,4.211
169.52,1.483,-1.774,1.557,4.375,-0.576,4.213
169.53,1.722,-1.773,1.561,4.379,-0.575,4.216
169.54,1.516,-1.772,1.561,4.083,-0.574,4.215
169.55,1.540,-1.775,1.558,4.424,-0.575,4.217
169.56,1.624,-1.775,1.559,3.848,-0.574,4.214
169.57,1.530,-1.776,1.557,4.334,-0.574,4.215
169.58,1.597,-1.776,1.557,4.099,-0.574,4.214
169.59,1.654,-1.776,1.558,4.336,-0.573,4.217
169.60,1.557,-1.776,1.558,4.604,-0.573,4.222
169.61,1.661,-1.775,1.561,4.087,-0.573,4.220
169.62,1.708,-1.775,1.563,4.200,-0.574,4.219
169.63,1.687,-1.775,1.565,4.259,-0.575,4.219
169.64,1.518,-1.775,1.564,4.420,-0.574,4.222
169.65,1.640,-1.775,1.564,4.301,-0.573,4.225
169.66,1.370,-1.774,1.562,4.212,-0.574,4.224
169.67,1.463,-1.771,1.564,4.446,-0.575,4.227
169.68,1.673,-1.772,1.565,4.104,-0.575,4.225
169.69,1.712,-1.771,1.567,4.125,-0.575,4.224
169.70,1.354,-1.771,1.564,4.279,-0.576,4.224
169.71,1.507,-1.773,1.562,4.028,-0.575,4.223
169.72,1.625,-1.773,1.563,4.229,-0.576,4.222
169.73,1.526,-1.771,1.563,3.927,-0.576,4.217
169.74,1.451,-1.771,1.562,4.202,-0.577,4.217
169.75,1.430,-1.770,1.562,3.839,-0.578,4.211
169.76,1.542,-1.768,1.563,4.532,-0.578,4.215
169.77,1.525,-1.767,1.563,4.462,-0.577,4.219
169.78,1.568,-1.767,1.563,4.283,-0.576,4.221
169.79,1.723,-1.767,1.566,4.056,-0.577,4.219
169.80,1.299,-1.766,1.562,4.151,-0.576,4.219
169.81,1.729,-1.766,1.565,4.240,-0.577,4.219
169.82,1.741,-1.768,1.565,4.256,-0.576,4.220
169.83,1.551,-1.767,1.565,4.673,-0.574,4.228
169.84,1.407,-1.766,1.564,4.046,-0.575,4.225
169.86,1.530,-1.765,1.565,3.998,-0.577,4.221
169.86,1.585,-1.766,1.564,4.380,-0.575,4.225
169.87,1.673,-1.766,1.566,4.342,-0.577,4.224
169.89,1.577,-1.764,1.567,3.771,-0.577,4.218
169.90,1.551,-1.762,1.569,4.240,-0.577,4.219
169.91,1.509,-1.764,1.566,3.900,-0.577,4.215
169.92,1.537,-1.764,1.566,4.051,-0.577,4.213
169.93,1.743,-1.763,1.569,4.094,-0.578,4.211
169.94,1.369,-1.763,1.566,4.146,-0.577,4.210
169.95,1.496,-1.764,1.565,4.461,-0.577,4.214
169.96,1.770,-1.764,1.567,4.168,-0.577,4.214
169.97,1.665,-1.764,1.568,4.147,-0.575,4.215
169.98,1.605,-1.764,1.568,4.009,-0.576,4.212
169.99,1.591,-1.766,1.566,4.096,-0.576,4.210
170.00,1.578,-1.767,1.565,4.336,-0.576,4.212
170.01,1.456,-1.768,1.563,4.367,-0.575,4.215
170.02,1.384,-1.769,1.560,4.007,-0.576,4.211
170.03,1.582,-1.767,1.562,3.856,-0.577,4.206
170.04,1.535,-1.767,1.561,3.972,-0.577,4.202
170.05,1.466,-1.766,1.560,4.237,-0.578,4.202
170.06,1.362,-1.767,1.557,3.905,-0.577,4.200
170.07,1.726,-1.767,1.559,4.098,-0.576,4.199
170.08,1.670,-1.767,1.560,4.108,-0.576,4.198
170.09,1.404,-1.769,1.557,4.076,-0.578,4.195
170.10,1.514,-1.769,1.555,4.091,-0.578,4.193
170.11,1.514,-1.769,1.555,4.082,-0.577,4.192
170.12,1.538,-1.769,1.555,4.212,-0.577,4.193
170.13,1.509,-1.768,1.555,4.143,-0.578,4.192
170.14,1.610,-1.768,1.556,4.327,-0.576,4.195
170.15,1.504,-1.768,1.555,4.052,-0.574,4.195
170.16,1.668,-1.768,1.557,3.996,-0.574,4.192
170.17,1.400,-1.769,1.553,4.034,-0.574,4.191
170.18,1.665,-1.769,1.554,4.558,-0.574,4.195
170.19,1.293,-1.767,1.552,4.263,-0.573,4.197
170.20,1.645,-1.768,1.553,4.165,-0.574,4.196
170.21,1.353,-1.769,1.549,3.924,-0.573,4.193
170.22,1.683,-1.770,1.550,4.550,-0.572,4.199
170.23,1.630,-1.770,1.551,4.240,-0.573,4.198
170.24,1.574,-1.772,1.549,3.982,-0.573,4.196
170.25,1.537,-1.773,1.547,4.227,-0.572,4.196
170.26,1.397,-1.771,1.547,4.255,-0.572,4.197
170.27,1.444,-1.771,1.546,4.102,-0.573,4.196
170.28,1.499,-1.770,1.546,4.116,-0.572,4.195
170.29,1.735,-1.769,1.549,4.496,-0.571,4.201
170.30,1.634,-1.770,1.549,4.297,-0.570,4.202
170.31,1.510,-1.769,1.549,4.043,-0.570,4.200
170.32,1.513,-1.771,1.547,4.318,-0.571,4.201
170.33,1.599,-1.767,1.552,4.190,-0.572,4.200
170.34,1.540,-1.767,1.551,4.304,-0.571,4.202
170.35,1.394,-1.768,1.548,3.994,-0.571,4.199
170.36,1.813,-1.767,1.552,4.298,-0.571,4.201
170.37,1.970,-1.767,1.558,4.098,-0.571,4.199
170.38,1.828,-1.767,1.561,4.080,-0.570,4.199
170.39,1.485,-1.765,1.562,4.212,-0.572,4.197
170.40,1.469,-1.767,1.559,4.143,-0.572,4.197
170.41,1.353,-1.769,1.554,4.017,-0.571,4.195
170.42,1.606,-1.769,1.555,4.148,-0.572,4.194
170.43,1.595,-1.768,1.556,4.082,-0.572,4.192
170.44,1.683,-1.768,1.557,4.307,-0.571,4.195
170.45,1.504,-1.768,1.557,4.408,-0.571,4.197
170.46,1.640,-1.768,1.558,3.841,-0.570,4.194
170.47,1.602,-1.767,1.559,4.375,-0.570,4.195
170.48,1.751,-1.764,1.564,3.979,-0.570,4.193
170.49,1.488,-1.765,1.563,4.185,-0.570,4.193
170.50,1.663,-1.765,1.563,3.933,-0.570,4.189
170.51,1.487,-1.765,1.562,4.269,-0.570,4.190
170.52,1.527,-1.766,1.561,4.291,-0.570,4.192
170.53,1.515,-1.767,1.560,3.933,-0.569,4.190
170.54,1.589,-1.768,1.558,4.130,-0.569,4.189
170.55,1.572,-1.768,1.558,4.281,-0.569,4.190
170.56,1.630,-1.767,1.561,4.201,-0.568,4.191
170.57,1.478,-1.767,1.559,4.318,-0.568,4.192
170.58,1.324,-1.768,1.555,4.334,-0.570,4.192
170.59,1.532,-1.766,1.557,4.062,-0.569,4.192
170.60,1.506,-1.764,1.558,4.069,-0.569,4.189
170.61,1.773,-1.762,1.563,4.152,-0.569,4.189
170.62,1.560,-1.762,1.562,4.029,-0.568,4.188
170.63,1.519,-1.764,1.560,4.054,-0.570,4.184
170.64,1.675,-1.765,1.560,4.193,-0.570,4.184
170.65,1.516,-1.765,1.560,4.133,-0.570,4.184
170.66,1.623,-1.765,1.560,4.247,-0.568,4.186
170.67,1.601,-1.767,1.559,4.171,-0.568,4.186
170.68,1.513,-1.770,1.556,4.392,-0.567,4.189
170.69,1.706,-1.769,1.558,4.336,-0.567,4.191
170.70,1.452,-1.767,1.558,4.254,-0.566,4.193
170.71,1.725,-1.768,1.559,4.121,-0.565,4.193
170.72,1.723,-1.768,1.562,4.031,-0.565,4.191
170.73,1.446,-1.767,1.562,4.359,-0.566,4.192
170.74,1.395,-1.766,1.560,4.105,-0.566,4.191
170.75,1.649,-1.764,1.563,4.082,-0.566,4.189
170.76,1.528,-1.763,1.563,4.076,-0.566,4.188
170.77,1.376,-1.765,1.559,4.240,-0.567,4.188
170.78,1.585,-1.766,1.558,4.302,-0.565,4.190
170.79,1.578,-1.765,1.559,3.873,-0.565,4.186
170.80,1.339,-1.765,1.557,4.141,-0.566,4.185
170.81,1.549,-1.767,1.555,4.067,-0.566,4.184
170.82,1.567,-1.768,1.553,4.474,-0.565,4.188
170.83,1.620,-1.767,1.555,4.225,-0.566,4.187
170.84,1.459,-1.766,1.555,3.984,-0.567,4.184
170.85,1.649,-1.767,1.555,4.368,-0.569,4.184
170.86,1.623,-1.767,1.556,4.165,-0.569,4.184
170.87,1.568,-1.767,1.555,4.281,-0.569,4.185
170.88,1.801,-1.766,1.560,4.059,-0.568,4.184
170.89,1.707,-1.766,1.562,4.029,-0.568,4.182
170.90,1.623,-1.765,1.563,3.895,-0.568,4.178
170.91,1.563,-1.765,1.564,4.196,-0.569,4.177
170.92,1.569,-1.764,1.564,4.128,-0.570,4.176
170.93,1.472,-1.764,1.563,4.138,-0.569,4.175
170.94,1.670,-1.762,1.566,4.327,-0.569,4.177
170.95,1.619,-1.764,1.565,4.117,-0.569,4.177
170.96,1.494,-1.763,1.565,4.093,-0.569,4.176
170.97,1.383,-1.763,1.563,4.342,-0.570,4.177
170.98,1.462,-1.764,1.560,4.344,-0.569,4.179
170.99,1.491,-1.764,1.560,3.892,-0.569,4.176
171.00,1.575,-1.764,1.559,4.193,-0.571,4.174
171.01,1.658,-1.763,1.561,4.233,-0.571,4.174
171.02,1.771,-1.763,1.564,4.241,-0.571,4.175
171.03,1.955,-1.762,1.570,4.082,-0.572,4.173
171.04,1.640,-1.760,1.573,4.326,-0.571,4.176
171.05,1.849,-1.758,1.578,4.046,-0.572,4.173
171.06,1.533,-1.757,1.579,4.141,-0.571,4.173
171.07,1.533,-1.758,1.578,4.308,-0.571,4.175
171.08,1.662,-1.758,1.579,4.075,-0.572,4.173
171.09,1.417,-1.762,1.573,4.452,-0.572,4.176
171.10,1.533,-1.763,1.571,4.270,-0.573,4.177
171.11,1.432,-1.762,1.570,4.001,-0.574,4.173
171.12,1.734,-1.762,1.572,4.289,-0.574,4.174
171.13,1.687,-1.762,1.574,4.332,-0.575,4.175
171.15,1.587,-1.761,1.575,4.086,-0.576,4.173
171.15,1.531,-1.762,1.574,4.388,-0.577,4.175
171.16,1.543,-1.762,1.573,4.309,-0.579,4.175
171.17,1.562,-1.763,1.572,4.256,-0.578,4.177
171.18,1.459,-1.763,1.570,4.271,-0.578,4.178
171.19,1.510,-1.764,1.569,4.202,-0.578,4.178
171.20,1.346,-1.765,1.564,4.176,-0.577,4.179
171.21,1.655,-1.764,1.567,4.290,-0.577,4.181
171.22,1.593,-1.762,1.569,4.090,-0.576,4.180
171.23,1.502,-1.762,1.568,4.159,-0.577,4.179
171.24,1.543,-1.762,1.568,4.199,-0.577,4.179
171.25,1.671,-1.761,1.570,4.550,-0.577,4.184
171.27,1.519,-1.762,1.568,4.151,-0.578,4.183
171.28,1.772,-1.763,1.570,4.402,-0.578,4.186
171.28,1.525,-1.761,1.571,4.393,-0.578,4.189
171.29,1.492,-1.761,1.570,4.225,-0.578,4.189
171.30,1.741,-1.762,1.572,4.256,-0.578,4.190
171.32,1.597,-1.762,1.571,4.318,-0.579,4.190
171.32,1.462,-1.762,1.571,3.881,-0.578,4.188
171.33,1.769,-1.760,1.574,4.218,-0.578,4.188
171.34,1.465,-1.761,1.572,4.423,-0.578,4.191
171.35,1.506,-1.762,1.571,4.224,-0.578,4.192
171.36,1.596,-1.762,1.571,4.207,-0.578,4.192
171.37,1.624,-1.761,1.572,4.031,-0.578,4.189
171.38,1.682,-1.764,1.571,4.173,-0.578,4.189
171.40,1.686,-1.766,1.571,4.330,-0.579,4.191
171.41,1.419,-1.765,1.570,4.086,-0.579,4.189
171.42,1.514,-1.763,1.571,4.325,-0.578,4.192
171.43,1.626,-1.764,1.571,3.902,-0.577,4.189
171.44,1.714,-1.763,1.573,4.322,-0.577,4.191
171.45,1.472,-1.764,1.571,4.227,-0.577,4.191
171.46,1.799,-1.765,1.573,4.339,-0.577,4.193
171.47,1.793,-1.765,1.576,3.899,-0.576,4.190
171.48,1.641,-1.765,1.577,4.073,-0.577,4.188
171.49,1.445,-1.766,1.574,4.283,-0.577,4.189
171.50,1.630,-1.767,1.574,3.972,-0.576,4.187
171.51,1.677,-1.766,1.577,4.308,-0.576,4.189
171.52,1.718,-1.766,1.578,4.029,-0.577,4.186
171.53,1.397,-1.769,1.573,4.302,-0.577,4.187
171.54,1.533,-1.768,1.574,4.049,-0.577,4.186
171.55,1.414,-1.769,1.570,4.393,-0.577,4.188
171.56,1.550,-1.771,1.568,3.960,-0.577,4.186
171.57,1.666,-1.771,1.570,4.184,-0.576,4.186
171.58,1.904,-1.773,1.572,4.302,-0.574,4.189
171.59,1.661,-1.773,1.573,4.291,-0.573,4.192
171.60,1.488,-1.772,1.573,4.172,-0.574,4.191
171.61,1.852,-1.773,1.576,4.272,-0.574,4.192
171.62,1.659,-1.772,1.578,4.410,-0.575,4.194
171.63,1.670,-1.772,1.579,4.205,-0.574,4.194
171.64,1.379,-1.772,1.577,4.031,-0.574,4.192
171.65,1.493,-1.772,1.576,4.308,-0.574,4.194
171.66,1.563,-1.771,1.576,3.994,-0.574,4.192
171.67,1.317,-1.772,1.572,4.495,-0.575,4.195
171.68,1.741,-1.769,1.577,4.400,-0.575,4.198
171.69,1.644,-1.769,1.579,4.311,-0.575,4.199
171.70,1.502,-1.771,1.575,4.048,-0.575,4.197
171.71,1.417,-1.770,1.574,4.015,-0.575,4.195
171.72,1.596,-1.768,1.576,3.865,-0.577,4.188
171.73,1.439,-1.768,1.574,4.155,-0.576,4.189
171.74,1.559,-1.768,1.575,4.009,-0.577,4.186
171.75,1.426,-1.766,1.574,4.010,-0.577,4.184
171.76,1.497,-1.764,1.576,4.336,-0.578,4.185
171.77,1.405,-1.764,1.574,4.199,-0.579,4.184
171.78,1.764,-1.764,1.575,4.033,-0.579,4.181
171.79,1.395,-1.765,1.573,3.911,-0.581,4.176
171.80,1.649,-1.765,1.574,4.131,-0.580,4.176
171.81,1.624,-1.765,1.574,4.157,-0.581,4.175
171.82,1.827,-1.764,1.578,4.188,-0.581,4.176
171.83,1.544,-1.764,1.579,4.254,-0.581,4.176
171.84,1.684,-1.766,1.578,4.225,-0.582,4.176
171.85,1.644,-1.768,1.577,3.875,-0.581,4.173
171.86,1.488,-1.769,1.574,4.197,-0.580,4.174
171.87,1.396,-1.771,1.570,4.118,-0.580,4.174
171.88,1.657,-1.772,1.571,4.320,-0.579,4.176
171.89,1.642,-1.771,1.572,4.127,-0.578,4.177
171.90,1.761,-1.772,1.574,4.171,-0.578,4.176
171.91,1.300,-1.773,1.570,3.924,-0.578,4.173
171.92,1.100,-1.774,1.562,4.326,-0.579,4.174
171.93,1.462,-1.775,1.559,4.295,-0.578,4.176
171.94,1.519,-1.777,1.558,4.335,-0.578,4.179
171.95,1.672,-1.776,1.559,4.170,-0.578,4.178
171.96,1.550,-1.776,1.560,4.179,-0.579,4.177
171.97,1.489,-1.776,1.558,4.429,-0.579,4.180
171.98,1.577,-1.776,1.559,3.844,-0.578,4.177
171.99,1.490,-1.777,1.557,4.411,-0.578,4.180
172.00,1.528,-1.777,1.556,3.932,-0.578,4.177
172.01,1.399,-1.777,1.555,4.259,-0.579,4.177
172.02,1.644,-1.776,1.557,4.044,-0.579,4.175
172.03,1.690,-1.776,1.558,4.062,-0.580,4.172
172.04,1.667,-1.776,1.559,3.953,-0.578,4.172
172.05,1.730,-1.777,1.561,4.276,-0.578,4.173
172.06,1.348,-1.777,1.558,4.088,-0.579,4.171
172.07,1.750,-1.778,1.560,4.181,-0.579,4.170
172.08,1.562,-1.778,1.560,4.408,-0.580,4.173
172.09,1.727,-1.779,1.561,3.885,-0.581,4.168
172.10,1.532,-1.780,1.560,4.079,-0.579,4.168
172.11,1.601,-1.780,1.560,4.348,-0.579,4.171
172.12,1.664,-1.779,1.562,4.239,-0.581,4.170
172.13,1.676,-1.779,1.564,4.304,-0.579,4.173
172.14,1.542,-1.779,1.563,4.331,-0.579,4.175
172.15,1.769,-1.781,1.564,4.081,-0.578,4.175
172.16,1.695,-1.781,1.567,4.099,-0.578,4.174
172.17,1.278,-1.781,1.563,4.127,-0.578,4.174
172.18,1.648,-1.782,1.563,4.128,-0.577,4.174
172.19,1.436,-1.783,1.560,3.998,-0.577,4.172
172.20,1.432,-1.782,1.559,4.279,-0.577,4.172
172.21,1.612,-1.781,1.561,4.196,-0.578,4.172
172.22,1.610,-1.782,1.561,3.975,-0.577,4.170
172.23,1.470,-1.782,1.560,3.911,-0.579,4.165
172.24,1.832,-1.783,1.562,4.189,-0.579,4.166
172.25,1.640,-1.783,1.563,4.095,-0.579,4.164
172.26,1.884,-1.784,1.567,4.238,-0.581,4.163
172.27,1.533,-1.784,1.566,3.738,-0.581,4.157
172.28,1.499,-1.786,1.563,4.074,-0.581,4.156
172.29,1.319,-1.786,1.560,4.293,-0.580,4.159
172.30,1.631,-1.785,1.562,4.244,-0.580,4.160
172.31,1.562,-1.786,1.561,4.051,-0.579,4.159
172.32,1.659,-1.786,1.562,4.008,-0.580,4.156
172.33,1.538,-1.787,1.562,4.223,-0.581,4.156
172.34,1.573,-1.786,1.563,3.870,-0.580,4.153
172.35,1.631,-1.787,1.563,4.098,-0.580,4.151
172.36,1.604,-1.789,1.562,3.657,-0.581,4.145
172.37,1.601,-1.790,1.561,4.145,-0.579,4.146
172.38,1.594,-1.789,1.562,4.337,-0.580,4.147
172.39,1.625,-1.790,1.562,4.628,-0.580,4.153
172.40,1.437,-1.788,1.563,4.076,-0.580,4.152
172.41,1.713,-1.790,1.563,4.380,-0.581,4.154
172.42,1.592,-1.789,1.564,4.221,-0.582,4.154
172.43,1.692,-1.788,1.567,4.077,-0.583,4.152
172.44,1.584,-1.790,1.565,4.250,-0.583,4.153
172.45,1.460,-1.790,1.564,4.116,-0.584,4.151
172.46,1.766,-1.791,1.566,4.244,-0.585,4.152
172.47,1.645,-1.790,1.568,4.167,-0.585,4.151
172.48,1.695,-1.791,1.569,4.069,-0.587,4.148
172.49,1.846,-1.789,1.574,4.006,-0.588,4.145
172.50,1.700,-1.789,1.576,4.341,-0.587,4.149
172.51,1.582,-1.789,1.576,3.953,-0.587,4.146
172.52,1.582,-1.793,1.573,4.113,-0.588,4.145
172.53,1.594,-1.793,1.573,4.203,-0.587,4.146
172.54,1.775,-1.795,1.574,4.097,-0.587,4.146
172.55,1.678,-1.795,1.576,4.103,-0.587,4.145
172.56,1.564,-1.796,1.574,4.273,-0.586,4.147
172.57,1.378,-1.797,1.571,4.600,-0.586,4.153
172.58,1.697,-1.796,1.574,4.128,-0.586,4.152
172.59,1.643,-1.795,1.575,4.151,-0.587,4.151
172.60,1.639,-1.796,1.576,3.949,-0.587,4.149
172.61,1.584,-1.794,1.578,4.068,-0.588,4.146
172.62,1.584,-1.793,1.579,4.354,-0.588,4.149
172.63,1.407,-1.792,1.578,3.917,-0.589,4.145
172.65,1.401,-1.793,1.575,4.423,-0.589,4.148
172.65,1.636,-1.794,1.575,3.842,-0.590,4.144
172.66,1.852,-1.792,1.581,3.989,-0.591,4.141
172.68,1.389,-1.794,1.577,4.225,-0.591,4.141
172.69,1.512,-1.794,1.576,4.319,-0.591,4.143
172.69,1.661,-1.795,1.576,4.305,-0.591,4.145
172.70,1.624,-1.797,1.575,4.141,-0.592,4.144
172.71,1.444,-1.795,1.575,4.162,-0.593,4.144
172.73,1.506,-1.794,1.575,4.155,-0.594,4.143
172.73,1.569,-1.794,1.575,4.272,-0.594,4.144
172.74,1.612,-1.795,1.575,4.002,-0.594,4.142
172.75,1.519,-1.796,1.574,4.460,-0.595,4.145
172.77,1.633,-1.796,1.575,4.322,-0.594,4.148
172.77,1.490,-1.797,1.573,4.505,-0.595,4.152
172.78,1.424,-1.797,1.571,4.007,-0.595,4.150
172.80,1.571,-1.795,1.573,4.266,-0.595,4.152
172.81,1.613,-1.796,1.572,4.256,-0.593,4.155
172.82,1.595,-1.798,1.571,3.939,-0.595,4.150
172.82,1.623,-1.799,1.571,4.457,-0.596,4.153
172.84,1.628,-1.799,1.571,4.360,-0.595,4.156
172.85,1.533,-1.800,1.570,4.091,-0.595,4.156
172.86,1.760,-1.798,1.575,4.219,-0.595,4.157
172.86,1.805,-1.797,1.580,4.229,-0.595,4.158
172.88,1.437,-1.797,1.577,4.220,-0.595,4.159
172.89,1.497,-1.798,1.576,4.355,-0.595,4.161
172.90,1.274,-1.801,1.569,4.150,-0.595,4.161
172.91,1.576,-1.801,1.569,4.141,-0.594,4.162
172.91,1.875,-1.800,1.575,4.108,-0.594,4.161
172.93,1.501,-1.802,1.571,4.104,-0.594,4.160
172.94,1.430,-1.803,1.569,3.923,-0.593,4.158
172.95,1.544,-1.803,1.569,3.969,-0.593,4.155
172.96,1.590,-1.803,1.569,4.059,-0.594,4.153
172.97,1.527,-1.803,1.568,4.149,-0.592,4.155
172.98,1.605,-1.802,1.570,4.021,-0.591,4.155
172.99,1.350,-1.803,1.567,4.093,-0.592,4.152
173.00,1.422,-1.799,1.569,4.520,-0.593,4.157
173.01,1.415,-1.798,1.568,4.398,-0.593,4.159
173.02,1.564,-1.798,1.568,4.417,-0.593,4.162
173.03,1.400,-1.798,1.565,4.101,-0.594,4.161
173.04,1.495,-1.799,1.564,4.021,-0.594,4.159
173.05,1.504,-1.799,1.563,4.341,-0.593,4.162
173.06,1.804,-1.800,1.565,4.433,-0.593,4.166
173.07,1.756,-1.800,1.568,4.170,-0.593,4.166
173.08,1.462,-1.801,1.566,4.209,-0.593,4.167
173.09,1.374,-1.802,1.563,4.160,-0.593,4.166
173.10,1.677,-1.800,1.566,4.224,-0.594,4.166
173.11,1.489,-1.801,1.564,4.115,-0.594,4.166
173.12,1.734,-1.800,1.567,4.069,-0.594,4.164
173.13,1.556,-1.800,1.568,3.987,-0.596,4.160
173.14,1.450,-1.799,1.567,4.299,-0.597,4.161
173.15,1.676,-1.799,1.568,4.132,-0.598,4.160
173.16,1.604,-1.800,1.568,4.093,-0.599,4.158
173.17,1.518,-1.802,1.565,4.200,-0.598,4.160
173.18,1.650,-1.801,1.568,4.252,-0.597,4.162
173.19,1.805,-1.804,1.568,3.967,-0.599,4.157
173.20,1.603,-1.804,1.569,4.065,-0.597,4.158
173.21,1.484,-1.803,1.568,4.271,-0.596,4.160
173.22,1.679,-1.803,1.570,4.262,-0.595,4.163
173.23,1.730,-1.804,1.572,4.075,-0.594,4.163
173.24,1.663,-1.803,1.574,4.429,-0.595,4.165
173.25,1.738,-1.802,1.577,4.151,-0.594,4.166
173.26,1.602,-1.802,1.578,4.198,-0.594,4.167
173.27,1.616,-1.801,1.579,4.158,-0.593,4.168
173.28,1.382,-1.800,1.578,4.278,-0.594,4.168
173.29,1.565,-1.800,1.578,4.060,-0.594,4.166
173.30,1.669,-1.798,1.581,4.325,-0.593,4.169
173.31,1.714,-1.800,1.581,4.213,-0.595,4.169
173.32,1.305,-1.799,1.578,4.058,-0.594,4.168
173.33,1.488,-1.800,1.577,4.253,-0.594,4.170
173.34,1.653,-1.800,1.578,3.969,-0.594,4.166
173.35,1.432,-1.798,1.578,4.224,-0.594,4.167
173.36,1.647,-1.798,1.579,3.920,-0.594,4.165
173.37,1.733,-1.798,1.581,4.128,-0.593,4.164
173.38,1.468,-1.796,1.581,4.441,-0.592,4.169
173.39,1.364,-1.796,1.579,4.177,-0.593,4.169
173.40,1.717,-1.795,1.582,4.414,-0.592,4.173
173.41,1.562,-1.794,1.582,4.399,-0.592,4.176
173.42,1.430,-1.793,1.582,4.364,-0.590,4.180
173.43,1.606,-1.794,1.582,4.486,-0.592,4.183
173.44,1.666,-1.794,1.583,4.363,-0.592,4.185
173.45,1.831,-1.796,1.584,4.221,-0.591,4.186
173.46,1.506,-1.796,1.583,4.175,-0.591,4.187
173.47,1.515,-1.795,1.584,3.744,-0.591,4.180
173.48,1.576,-1.795,1.583,4.181,-0.592,4.180
173.49,1.441,-1.793,1.583,4.112,-0.592,4.179
173.50,1.474,-1.793,1.582,4.214,-0.591,4.181
173.51,1.803,-1.793,1.585,4.091,-0.590,4.180
173.52,1.810,-1.791,1.590,3.928,-0.592,4.175
173.53,1.669,-1.792,1.591,3.794,-0.591,4.171
173.54,1.675,-1.793,1.591,4.204,-0.590,4.172
173.55,1.721,-1.793,1.593,4.086,-0.590,4.171
173.56,1.801,-1.793,1.596,3.944,-0.591,4.168
173.57,1.533,-1.794,1.594,4.314,-0.592,4.169
173.58,1.578,-1.793,1.595,4.271,-0.593,4.169
173.59,1.608,-1.793,1.595,4.392,-0.593,4.172
173.60,1.686,-1.796,1.594,4.012,-0.593,4.170
173.61,1.342,-1.798,1.589,4.303,-0.593,4.172
173.62,1.501,-1.798,1.587,4.020,-0.592,4.171
173.63,1.578,-1.800,1.586,4.102,-0.593,4.169
173.64,2.041,-1.799,1.593,4.122,-0.592,4.170
173.65,1.627,-1.798,1.594,4.198,-0.591,4.171
173.66,1.278,-1.799,1.590,4.170,-0.591,4.171
173.67,1.492,-1.798,1.589,4.280,-0.589,4.174
173.68,1.593,-1.798,1.590,4.399,-0.588,4.178
173.69,1.695,-1.797,1.593,3.975,-0.587,4.176
173.70,1.739,-1.798,1.594,4.204,-0.587,4.177
173.71,1.660,-1.799,1.593,4.194,-0.586,4.178
173.72,1.628,-1.799,1.594,4.101,-0.586,4.177
173.73,1.546,-1.800,1.592,4.109,-0.587,4.176
173.74,1.502,-1.800,1.592,4.073,-0.587,4.174
173.75,1.601,-1.801,1.591,4.171,-0.587,4.174
173.76,1.459,-1.804,1.587,4.187,-0.585,4.176
173.77,1.584,-1.806,1.585,4.542,-0.585,4.181
173.78,1.410,-1.806,1.582,4.070,-0.586,4.179
173.79,1.704,-1.807,1.583,4.297,-0.587,4.179
173.80,1.568,-1.808,1.583,4.160,-0.587,4.179
173.81,1.389,-1.809,1.580,4.518,-0.587,4.184
173.82,1.615,-1.809,1.580,4.044,-0.587,4.182
173.83,1.550,-1.810,1.578,4.292,-0.588,4.182
173.84,1.648,-1.811,1.578,4.173,-0.588,4.183
173.85,1.351,-1.811,1.576,4.319,-0.587,4.185
173.86,1.696,-1.810,1.579,4.087,-0.586,4.185
173.87,1.779,-1.809,1.582,4.241,-0.586,4.186
173.88,1.458,-1.812,1.578,4.005,-0.586,4.183
173.89,1.620,-1.812,1.579,4.190,-0.586,4.183
173.90,1.593,-1.810,1.580,4.032,-0.586,4.182
173.91,1.567,-1.810,1.581,3.989,-0.587,4.178
173.92,1.687,-1.810,1.583,3.922,-0.587,4.175
173.93,1.817,-1.812,1.584,4.256,-0.586,4.177
173.94,1.409,-1.812,1.582,3.932,-0.584,4.175
173.95,1.627,-1.813,1.582,4.030,-0.584,4.174
173.96,1.669,-1.812,1.583,4.132,-0.584,4.173
173.97,1.971,-1.812,1.589,4.141,-0.585,4.171
173.98,1.785,-1.812,1.592,4.290,-0.585,4.173
173.99,1.527,-1.812,1.591,4.123,-0.584,4.174
174.00,1.698,-1.813,1.592,4.322,-0.583,4.176
174.01,1.477,-1.814,1.590,4.249,-0.585,4.176
174.02,1.598,-1.813,1.591,3.979,-0.586,4.172
174.03,1.475,-1.812,1.591,3.973,-0.585,4.170
174.04,1.485,-1.812,1.589,4.136,-0.585,4.170
174.05,1.790,-1.810,1.594,4.058,-0.585,4.169
174.06,1.792,-1.810,1.597,4.163,-0.586,4.168
174.07,1.638,-1.810,1.598,4.054,-0.585,4.167
174.08,1.841,-1.811,1.600,4.149,-0.585,4.167
174.09,1.447,-1.812,1.597,4.229,-0.585,4.168
174.10,1.431,-1.813,1.595,4.009,-0.584,4.166
174.11,1.572,-1.813,1.595,4.106,-0.585,4.164
174.12,1.676,-1.812,1.597,4.281,-0.585,4.166
174.13,1.729,-1.813,1.598,4.046,-0.585,4.164
174.14,1.711,-1.813,1.599,4.181,-0.586,4.163
174.15,1.822,-1.814,1.602,4.151,-0.586,4.164
174.17,1.492,-1.815,1.600,4.221,-0.585,4.165
174.17,1.411,-1.817,1.596,4.058,-0.585,4.163
174.18,1.515,-1.815,1.596,3.948,-0.584,4.161
174.19,1.575,-1.815,1.597,4.170,-0.585,4.161
174.21,1.509,-1.816,1.595,4.162,-0.586,4.160
174.21,1.561,-1.814,1.596,4.047,-0.585,4.159
174.23,1.442,-1.815,1.594,4.333,-0.585,4.161
174.23,1.655,-1.814,1.596,4.289,-0.586,4.162
174.24,1.467,-1.814,1.594,4.254,-0.586,4.163
174.25,1.417,-1.816,1.591,4.368,-0.586,4.166
174.27,1.381,-1.817,1.587,3.924,-0.586,4.162
174.27,1.568,-1.816,1.588,3.941,-0.587,4.159
174.28,1.644,-1.816,1.588,4.154,-0.585,4.160
174.30,1.516,-1.817,1.587,4.134,-0.587,4.158
174.31,1.629,-1.817,1.588,4.177,-0.586,4.159
174.31,1.622,-1.816,1.589,4.136,-0.587,4.158
174.32,1.695,-1.817,1.590,3.964,-0.588,4.154
174.33,1.506,-1.819,1.587,4.192,-0.587,4.156
174.35,1.890,-1.820,1.590,4.270,-0.586,4.158
174.36,1.700,-1.822,1.590,4.097,-0.588,4.155
174.36,1.642,-1.822,1.591,4.030,-0.587,4.154
174.38,1.620,-1.822,1.591,4.033,-0.587,4.153
174.39,1.464,-1.821,1.591,4.131,-0.585,4.155
174.40,1.628,-1.821,1.592,3.947,-0.584,4.153
174.41,1.450,-1.821,1.590,4.189,-0.583,4.153
174.42,1.494,-1.820,1.590,4.044,-0.583,4.152
174.43,1.657,-1.819,1.592,4.018,-0.583,4.150
174.44,1.528,-1.818,1.593,4.038,-0.583,4.149
174.45,1.702,-1.817,1.595,4.352,-0.581,4.153
174.46,1.576,-1.819,1.593,4.304,-0.582,4.154
174.47,1.591,-1.819,1.593,4.061,-0.581,4.154
174.48,1.696,-1.819,1.595,4.110,-0.581,4.153
174.49,1.642,-1.818,1.596,4.441,-0.582,4.156
174.50,1.656,-1.818,1.598,4.183,-0.581,4.157
174.51,1.417,-1.819,1.594,4.233,-0.581,4.158
174.52,1.634,-1.820,1.594,4.006,-0.581,4.155
174.53,1.627,-1.820,1.595,4.293,-0.581,4.157
174.54,1.496,-1.821,1.593,4.133,-0.581,4.157
174.55,1.494,-1.823,1.590,4.045,-0.583,4.154
174.56,1.406,-1.822,1.589,4.106,-0.584,4.152
174.57,1.687,-1.824,1.588,4.124,-0.584,4.151
174.58,1.488,-1.825,1.586,4.112,-0.584,4.150
174.59,1.574,-1.826,1.585,4.033,-0.586,4.148
174.60,1.660,-1.826,1.586,4.240,-0.587,4.147
174.61,1.662,-1.827,1.587,4.445,-0.587,4.151
174.62,1.618,-1.825,1.589,4.042,-0.585,4.151
174.63,1.593,-1.825,1.590,4.335,-0.585,4.154
174.64,1.496,-1.825,1.588,3.974,-0.586,4.151
174.65,1.559,-1.827,1.586,4.337,-0.585,4.154
174.66,1.556,-1.829,1.584,4.119,-0.584,4.154
174.67,1.462,-1.832,1.580,4.170,-0.583,4.155
174.68,1.538,-1.834,1.577,3.895,-0.583,4.152
174.69,1.664,-1.832,1.580,4.094,-0.584,4.150
174.70,1.599,-1.832,1.581,4.342,-0.584,4.152
174.71,1.579,-1.831,1.582,4.162,-0.585,4.152
174.72,1.631,-1.831,1.583,4.048,-0.583,4.152
174.73,1.640,-1.832,1.583,4.119,-0.584,4.150
174.74,1.652,-1.833,1.583,4.704,-0.585,4.156
174.75,1.420,-1.832,1.582,3.982,-0.586,4.153
174.76,1.741,-1.832,1.584,4.100,-0.586,4.153
174.77,1.703,-1.833,1.586,4.379,-0.586,4.156
174.78,1.679,-1.833,1.586,4.129,-0.586,4.155
174.79,1.604,-1.835,1.585,4.070,-0.586,4.154
174.80,1.566,-1.836,1.584,3.793,-0.586,4.149
174.81,1.652,-1.837,1.584,4.247,-0.587,4.149
174.82,1.547,-1.838,1.583,4.303,-0.587,4.151
174.83,1.638,-1.840,1.582,4.129,-0.587,4.151
174.84,1.951,-1.840,1.588,4.126,-0.586,4.151
174.85,1.495,-1.841,1.585,4.408,-0.586,4.154
174.86,1.564,-1.842,1.584,3.779,-0.586,4.150
174.87,1.767,-1.841,1.588,3.979,-0.586,4.147
174.88,1.623,-1.842,1.588,4.257,-0.587,4.147
174.89,1.513,-1.840,1.589,4.129,-0.587,4.147
174.90,1.632,-1.840,1.589,4.183,-0.588,4.147
174.91,1.394,-1.839,1.589,4.185,-0.587,4.148
174.92,1.514,-1.839,1.588,4.323,-0.587,4.151
174.93,1.352,-1.840,1.584,4.119,-0.587,4.149
174.94,1.430,-1.840,1.582,3.950,-0.588,4.146
174.95,1.676,-1.840,1.584,4.147,-0.589,4.145
174.96,1.620,-1.841,1.583,4.312,-0.589,4.147
174.97,1.361,-1.841,1.581,4.328,-0.590,4.148
174.98,1.533,-1.841,1.581,4.217,-0.591,4.149
174.99,1.837,-1.840,1.585,4.119,-0.592,4.147
175.00,1.648,-1.839,1.587,4.321,-0.593,4.148
175.01,1.699,-1.838,1.589,4.370,-0.594,4.150
175.02,1.753,-1.840,1.590,3.861,-0.594,4.146
175.03,1.646,-1.838,1.593,3.950,-0.594,4.144
175.04,1.452,-1.838,1.591,3.988,-0.594,4.141
175.05,1.644,-1.839,1.591,4.262,-0.596,4.141
175.06,1.640,-1.838,1.593,4.085,-0.596,4.140
175.07,1.862,-1.840,1.595,4.030,-0.596,4.139
175.08,1.538,-1.842,1.592,4.440,-0.597,4.142
175.09,1.522,-1.844,1.589,4.263,-0.597,4.143
175.10,1.458,-1.846,1.587,4.333,-0.596,4.147
175.11,1.626,-1.847,1.586,4.207,-0.595,4.148
175.12,1.529,-1.846,1.587,3.896,-0.595,4.145
175.13,1.229,-1.847,1.582,4.291,-0.596,4.145
175.14,1.546,-1.848,1.580,4.143,-0.597,4.144
175.15,1.591,-1.847,1.582,4.120,-0.596,4.145
175.16,1.641,-1.846,1.583,4.221,-0.598,4.144
175.17,1.711,-1.846,1.585,4.205,-0.598,4.145
175.18,1.607,-1.845,1.586,4.062,-0.599,4.143
175.19,1.548,-1.845,1.586,4.417,-0.599,4.146
175.20,1.467,-1.844,1.586,4.264,-0.599,4.148
175.21,1.725,-1.846,1.586,4.290,-0.598,4.151
175.22,1.564,-1.846,1.586,4.249,-0.597,4.153
175.23,1.758,-1.848,1.587,4.008,-0.597,4.151
175.24,1.457,-1.848,1.585,4.205,-0.597,4.152
175.25,1.726,-1.846,1.589,4.158,-0.595,4.154
175.26,1.494,-1.850,1.584,4.008,-0.595,4.152
175.27,1.643,-1.851,1.584,4.070,-0.595,4.151
175.28,1.772,-1.851,1.587,4.142,-0.595,4.151
175.29,1.669,-1.853,1.586,4.311,-0.595,4.153
175.30,1.574,-1.855,1.585,4.008,-0.594,4.151
175.31,1.756,-1.855,1.587,4.000,-0.595,4.149
175.32,1.684,-1.857,1.586,4.116,-0.595,4.148
175.33,1.561,-1.855,1.589,4.293,-0.595,4.151
175.34,1.568,-1.854,1.589,4.175,-0.595,4.151
175.35,1.771,-1.854,1.593,4.159,-0.594,4.151
175.36,1.564,-1.855,1.591,4.311,-0.596,4.152
175.37,1.462,-1.857,1.588,4.274,-0.596,4.154
175.38,1.602,-1.857,1.588,3.929,-0.595,4.151
175.39,1.347,-1.854,1.588,4.135,-0.594,4.152
175.40,1.540,-1.856,1.586,4.368,-0.595,4.154
175.41,1.361,-1.854,1.586,4.108,-0.594,4.155
175.42,1.771,-1.854,1.588,4.005,-0.593,4.153
175.43,1.575,-1.856,1.586,4.261,-0.592,4.156
175.44,1.577,-1.856,1.586,4.137,-0.591,4.157
175.45,1.738,-1.857,1.588,4.187,-0.591,4.157
175.46,1.641,-1.859,1.587,4.156,-0.590,4.158
175.47,1.524,-1.858,1.587,3.983,-0.589,4.156
175.48,1.421,-1.860,1.583,4.502,-0.589,4.161
175.49,1.657,-1.861,1.584,4.270,-0.589,4.163
175.50,1.588,-1.860,1.585,4.128,-0.589,4.162
175.51,1.632,-1.863,1.582,4.356,-0.588,4.165
175.52,1.806,-1.864,1.585,4.020,-0.589,4.163
175.53,1.443,-1.865,1.582,4.099,-0.589,4.162
175.54,1.338,-1.865,1.580,3.938,-0.589,4.159
175.55,1.639,-1.865,1.581,4.275,-0.588,4.162
175.56,1.632,-1.865,1.581,4.183,-0.588,4.162
175.57,1.264,-1.866,1.577,4.197,-0.589,4.162
175.58,1.574,-1.866,1.577,3.719,-0.589,4.156
175.60,1.674,-1.868,1.576,4.118,-0.590,4.154
175.60,1.701,-1.866,1.580,4.291,-0.590,4.155
175.61,1.355,-1.866,1.577,4.133,-0.589,4.156
175.62,1.593,-1.865,1.578,4.041,-0.589,4.155
175.63,1.521,-1.866,1.577,4.449,-0.589,4.159
175.64,1.487,-1.868,1.575,4.300,-0.588,4.162
175.65,1.525,-1.868,1.574,3.851,-0.587,4.158
175.66,1.471,-1.867,1.574,4.425,-0.587,4.162
175.67,1.190,-1.864,1.572,4.200,-0.587,4.163
175.68,1.618,-1.862,1.574,4.394,-0.587,4.166
175.70,1.599,-1.863,1.574,4.386,-0.586,4.169
175.71,1.813,-1.862,1.578,4.381,-0.587,4.172
175.72,1.376,-1.863,1.575,4.071,-0.587,4.170
175.73,1.561,-1.863,1.575,4.157,-0.588,4.169
175.74,1.639,-1.863,1.576,3.875,-0.589,4.165
175.75,1.733,-1.861,1.580,4.082,-0.589,4.163
175.76,1.392,-1.861,1.578,4.205,-0.589,4.164
175.77,1.841,-1.860,1.583,4.439,-0.591,4.166
175.77,1.400,-1.860,1.580,4.155,-0.590,4.166
175.79,1.708,-1.858,1.585,4.149,-0.591,4.165
175.80,1.620,-1.858,1.586,4.239,-0.592,4.165
175.81,1.699,-1.858,1.587,4.153,-0.591,4.166
175.82,1.411,-1.857,1.586,3.814,-0.591,4.161
175.83,1.685,-1.857,1.587,4.110,-0.592,4.160
175.84,1.677,-1.858,1.588,4.209,-0.592,4.160
175.85,1.704,-1.858,1.589,4.228,-0.593,4.160
175.86,1.510,-1.859,1.587,4.081,-0.594,4.158
175.87,1.532,-1.860,1.586,4.398,-0.595,4.161
175.88,1.793,-1.863,1.586,4.190,-0.596,4.160
175.89,1.678,-1.862,1.589,4.380,-0.594,4.165
175.90,1.542,-1.861,1.590,4.438,-0.593,4.169
175.91,1.650,-1.859,1.592,4.083,-0.594,4.168
175.92,1.494,-1.859,1.591,4.044,-0.594,4.166
175.93,1.553,-1.859,1.591,3.928,-0.594,4.163
175.94,1.638,-1.862,1.588,4.079,-0.595,4.161
175.95,1.597,-1.864,1.587,4.271,-0.594,4.163
175.96,1.724,-1.864,1.590,4.252,-0.593,4.165
175.97,1.568,-1.863,1.590,4.560,-0.593,4.170
175.98,1.727,-1.864,1.591,4.184,-0.593,4.171
175.99,1.281,-1.862,1.589,4.087,-0.593,4.170
176.00,1.571,-1.860,1.591,4.167,-0.592,4.171
176.01,1.441,-1.860,1.589,4.189,-0.591,4.172
176.02,1.512,-1.860,1.589,4.086,-0.590,4.172
176.03,1.595,-1.859,1.590,4.192,-0.589,4.173
176.04,1.705,-1.859,1.592,4.316,-0.589,4.175
176.05,1.320,-1.858,1.589,3.979,-0.590,4.172
176.06,1.385,-1.859,1.586,4.297,-0.590,4.174
176.07,1.790,-1.858,1.589,4.023,-0.591,4.171
176.08,1.276,-1.857,1.586,3.937,-0.591,4.168
176.09,1.280,-1.859,1.581,4.202,-0.590,4.169
176.10,1.631,-1.860,1.581,4.171,-0.591,4.169
176.11,1.598,-1.860,1.581,4.175,-0.591,4.168
176.12,1.339,-1.860,1.578,4.294,-0.591,4.170
176.13,1.790,-1.860,1.581,4.266,-0.591,4.172
176.14,1.403,-1.861,1.578,4.003,-0.590,4.170
176.15,1.518,-1.860,1.578,4.101,-0.592,4.168
176.16,1.354,-1.858,1.577,4.131,-0.592,4.167
176.17,1.470,-1.857,1.577,4.081,-0.592,4.166
176.18,1.673,-1.859,1.577,3.972,-0.594,4.162
176.19,1.398,-1.860,1.574,4.316,-0.594,4.163
176.20,1.802,-1.861,1.576,4.295,-0.594,4.165
176.21,1.467,-1.858,1.577,3.868,-0.594,4.161
176.22,1.468,-1.859,1.575,4.149,-0.595,4.160
176.23,1.798,-1.857,1.580,4.287,-0.597,4.160
176.24,1.698,-1.857,1.581,4.322,-0.595,4.164
176.25,1.744,-1.859,1.582,4.033,-0.595,4.162
176.26,1.691,-1.858,1.584,4.099,-0.596,4.161
176.27,1.765,-1.859,1.586,4.170,-0.596,4.161
176.28,1.504,-1.859,1.585,4.129,-0.596,4.160
176.29,1.608,-1.859,1.586,4.348,-0.596,4.163
176.30,1.779,-1.860,1.588,4.250,-0.594,4.166
176.31,1.518,-1.861,1.586,4.260,-0.594,4.168
176.32,1.860,-1.864,1.587,4.006,-0.596,4.164
176.33,1.516,-1.865,1.585,4.085,-0.597,4.162
176.34,1.621,-1.863,1.588,4.386,-0.596,4.165
176.35,1.641,-1.863,1.589,4.364,-0.596,4.168
176.36,1.453,-1.862,1.588,4.442,-0.598,4.170
176.37,1.495,-1.862,1.587,4.145,-0.598,4.169
176.38,1.509,-1.863,1.585,4.233,-0.597,4.171
176.39,1.772,-1.863,1.588,4.141,-0.598,4.170
176.40,1.781,-1.862,1.591,3.894,-0.598,4.166
176.41,1.675,-1.863,1.592,4.204,-0.598,4.167
176.42,1.610,-1.861,1.594,4.254,-0.598,4.168
176.43,1.564,-1.859,1.596,4.309,-0.599,4.170
176.44,1.722,-1.859,1.597,4.413,-0.599,4.172
176.45,1.400,-1.859,1.596,4.287,-0.600,4.173
176.46,1.497,-1.858,1.595,4.171,-0.601,4.172
176.47,1.471,-1.857,1.595,4.167,-0.601,4.172
176.48,1.639,-1.859,1.594,4.130,-0.603,4.170
176.49,1.797,-1.860,1.596,4.246,-0.601,4.173
176.50,1.533,-1.859,1.596,4.352,-0.602,4.175
176.51,1.701,-1.858,1.598,4.524,-0.602,4.179
176.52,1.800,-1.860,1.600,4.240,-0.602,4.180
176.53,1.475,-1.861,1.597,3.983,-0.600,4.180
176.54,1.463,-1.860,1.596,4.213,-0.600,4.180
176.55,1.781,-1.860,1.599,4.062,-0.600,4.179
176.56,1.772,-1.861,1.600,4.163,-0.600,4.179
176.57,1.604,-1.863,1.599,4.143,-0.600,4.178
176.58,1.491,-1.862,1.598,4.069,-0.601,4.176
176.59,1.633,-1.861,1.600,4.245,-0.601,4.178
176.60,1.685,-1.862,1.600,4.278,-0.601,4.179
176.61,1.747,-1.861,1.604,4.032,-0.601,4.177
176.62,1.556,-1.860,1.604,4.071,-0.601,4.176
176.63,1.525,-1.859,1.605,4.253,-0.601,4.177
176.64,1.536,-1.859,1.604,4.233,-0.601,4.178
176.65,1.202,-1.859,1.599,4.275,-0.601,4.179
176.66,1.338,-1.861,1.594,4.121,-0.601,4.178
176.67,1.766,-1.861,1.596,4.453,-0.603,4.181
176.68,1.558,-1.862,1.595,4.377,-0.605,4.181
176.69,1.654,-1.861,1.596,4.118,-0.605,4.181
176.70,1.627,-1.861,1.597,4.051,-0.606,4.178
176.71,1.572,-1.862,1.596,4.356,-0.605,4.182
176.72,1.414,-1.862,1.594,3.975,-0.604,4.180
176.73,1.596,-1.862,1.594,4.434,-0.603,4.184
176.74,1.764,-1.860,1.599,4.241,-0.604,4.184
176.75,1.461,-1.859,1.598,4.038,-0.604,4.182
176.76,1.740,-1.860,1.599,4.241,-0.605,4.183
176.77,1.714,-1.859,1.601,4.228,-0.604,4.184
176.78,1.564,-1.860,1.601,4.275,-0.605,4.185
176.79,1.702,-1.860,1.602,4.283,-0.604,4.187
176.80,1.593,-1.860,1.602,4.224,-0.603,4.188
176.81,1.508,-1.860,1.601,4.174,-0.604,4.188
176.82,1.756,-1.861,1.602,4.194,-0.603,4.189
176.83,1.371,-1.862,1.598,4.202,-0.603,4.190
176.84,1.577,-1.862,1.598,3.761,-0.603,4.184
176.85,1.595,-1.866,1.594,4.314,-0.602,4.187
176.86,1.749,-1.868,1.595,4.326,-0.603,4.188
176.87,1.312,-1.869,1.591,4.218,-0.602,4.189
176.88,1.460,-1.867,1.590,4.172,-0.601,4.191
176.89,1.424,-1.866,1.590,4.160,-0.600,4.191
176.90,1.588,-1.868,1.588,4.340,-0.599,4.194
176.91,1.488,-1.867,1.588,4.173,-0.602,4.191
176.92,1.571,-1.867,1.587,3.949,-0.601,4.189
176.93,1.256,-1.866,1.584,4.363,-0.601,4.192
176.94,1.665,-1.865,1.586,4.146,-0.601,4.191
176.95,1.608,-1.866,1.586,4.299,-0.602,4.192
176.96,1.780,-1.865,1.589,4.086,-0.602,4.191
176.97,1.427,-1.867,1.585,4.190,-0.601,4.191
176.98,1.527,-1.866,1.586,4.164,-0.599,4.193
176.99,1.718,-1.867,1.587,4.021,-0.600,4.190
177.00,1.650,-1.867,1.588,4.135,-0.602,4.188
177.01,1.785,-1.867,1.591,4.071,-0.602,4.187
177.02,1.560,-1.866,1.592,4.268,-0.601,4.189
177.03,1.474,-1.864,1.592,4.130,-0.600,4.189
177.04,1.593,-1.864,1.592,4.148,-0.602,4.187
177.05,1.288,-1.865,1.587,4.171,-0.602,4.187
177.06,1.696,-1.863,1.591,4.125,-0.601,4.187
177.07,1.419,-1.862,1.590,4.295,-0.600,4.190
177.08,1.605,-1.860,1.592,4.324,-0.601,4.191
177.09,1.640,-1.860,1.593,4.010,-0.602,4.188
177.10,1.597,-1.860,1.592,4.185,-0.602,4.187
177.11,1.516,-1.858,1.594,4.204,-0.601,4.188
177.12,1.464,-1.858,1.593,4.272,-0.602,4.190
177.14,1.674,-1.857,1.595,4.286,-0.602,4.191
177.14,1.324,-1.857,1.591,4.243,-0.600,4.193
177.15,1.744,-1.857,1.593,4.333,-0.602,4.194
177.16,1.744,-1.859,1.593,4.092,-0.602,4.192
177.17,1.395,-1.860,1.590,4.080,-0.602,4.191
177.18,2.065,-1.859,1.598,4.283,-0.601,4.193
177.19,1.732,-1.859,1.599,4.187,-0.602,4.192
177.20,1.732,-1.859,1.601,4.256,-0.604,4.191
177.21,1.330,-1.862,1.595,4.109,-0.603,4.191
177.22,1.511,-1.862,1.594,4.250,-0.605,4.191
177.24,1.747,-1.862,1.596,4.125,-0.604,4.191
177.25,1.640,-1.863,1.596,4.237,-0.604,4.191
177.26,1.473,-1.863,1.594,4.054,-0.604,4.190
177.27,1.408,-1.864,1.591,4.182,-0.604,4.190
177.28,1.786,-1.864,1.593,4.209,-0.604,4.190
177.29,1.427,-1.865,1.590,4.443,-0.605,4.193
177.30,1.218,-1.867,1.584,4.019,-0.605,4.191
177.31,1.663,-1.866,1.586,4.488,-0.605,4.195
177.32,1.769,-1.867,1.587,4.326,-0.605,4.197
177.33,1.595,-1.868,1.587,4.104,-0.604,4.197
177.34,1.747,-1.867,1.590,4.174,-0.605,4.196
177.35,1.514,-1.867,1.589,3.998,-0.604,4.194
177.36,1.385,-1.867,1.586,3.961,-0.605,4.191
177.37,1.648,-1.867,1.587,4.367,-0.603,4.195
177.38,1.526,-1.865,1.589,4.298,-0.603,4.196
177.39,1.429,-1.863,1.589,3.846,-0.605,4.190
177.40,1.535,-1.861,1.590,4.403,-0.606,4.192
177.41,1.470,-1.862,1.588,4.011,-0.605,4.191
177.42,1.571,-1.861,1.589,4.216,-0.605,4.191
177.43,1.412,-1.861,1.586,4.426,-0.605,4.195
177.44,1.426,-1.861,1.584,4.097,-0.605,4.193
177.45,1.401,-1.862,1.581,4.156,-0.606,4.192
177.46,1.568,-1.862,1.581,4.008,-0.607,4.189
177.47,1.769,-1.863,1.583,4.396,-0.607,4.191
177.48,1.399,-1.863,1.580,3.965,-0.609,4.187
177.49,1.530,-1.864,1.578,4.424,-0.609,4.190
177.50,1.340,-1.866,1.574,4.053,-0.609,4.189
177.51,1.267,-1.860,1.575,4.343,-0.610,4.189
177.52,1.653,-1.861,1.575,4.201,-0.611,4.189
177.53,1.528,-1.861,1.575,4.116,-0.612,4.187
177.54,1.369,-1.861,1.572,3.967,-0.610,4.186
177.55,1.571,-1.862,1.571,4.109,-0.609,4.186
177.56,1.422,-1.862,1.569,4.240,-0.609,4.187
177.57,1.637,-1.863,1.569,4.170,-0.608,4.188
177.58,1.790,-1.862,1.572,4.086,-0.607,4.188
177.59,1.709,-1.863,1.574,3.998,-0.607,4.186
177.60,1.506,-1.861,1.574,4.070,-0.607,4.184
177.61,1.182,-1.862,1.569,4.122,-0.607,4.183
177.62,1.642,-1.859,1.572,4.281,-0.608,4.184
177.63,1.673,-1.859,1.574,4.355,-0.608,4.187
177.64,1.635,-1.857,1.577,4.001,-0.607,4.185
177.65,1.444,-1.856,1.576,4.103,-0.607,4.184
177.66,1.453,-1.856,1.574,4.338,-0.606,4.187
177.67,1.802,-1.858,1.575,3.894,-0.607,4.182
177.68,1.582,-1.856,1.577,4.229,-0.608,4.183
177.69,1.869,-1.855,1.581,4.002,-0.606,4.182
177.70,1.635,-1.854,1.583,4.265,-0.606,4.183
177.71,1.812,-1.854,1.587,4.392,-0.606,4.186
177.72,1.706,-1.852,1.590,4.293,-0.607,4.186
177.73,1.862,-1.853,1.593,4.098,-0.607,4.186
177.74,1.372,-1.853,1.590,4.273,-0.606,4.188
177.75,1.223,-1.853,1.585,3.902,-0.606,4.184
177.76,1.679,-1.853,1.587,3.851,-0.605,4.180
177.77,1.397,-1.852,1.585,4.134,-0.605,4.181
177.78,1.506,-1.851,1.585,4.371,-0.604,4.184
177.79,1.769,-1.850,1.589,4.345,-0.604,4.186
177.80,1.336,-1.849,1.586,3.912,-0.605,4.181
177.81,1.910,-1.848,1.591,4.025,-0.605,4.179
177.82,1.524,-1.847,1.591,4.338,-0.604,4.183
177.83,1.363,-1.847,1.589,4.246,-0.604,4.184
177.84,1.587,-1.847,1.588,4.076,-0.605,4.181
177.85,1.711,-1.845,1.592,4.121,-0.606,4.180
177.86,1.660,-1.845,1.593,4.180,-0.605,4.180
177.87,1.725,-1.845,1.595,4.471,-0.605,4.185
177.88,1.576,-1.845,1.595,4.417,-0.605,4.188
177.89,1.720,-1.844,1.597,3.941,-0.607,4.183
177.90,1.359,-1.844,1.594,4.289,-0.607,4.184
177.91,1.866,-1.842,1.599,4.189,-0.607,4.184
177.92,1.592,-1.841,1.600,4.146,-0.607,4.184
177.93,1.595,-1.842,1.600,3.972,-0.607,4.181
177.94,1.528,-1.840,1.601,4.245,-0.607,4.182
177.95,1.397,-1.839,1.599,4.059,-0.606,4.182
177.96,1.625,-1.838,1.600,4.133,-0.607,4.180
177.97,1.431,-1.837,1.599,4.602,-0.606,4.186
177.98,1.447,-1.837,1.597,4.011,-0.606,4.185
177.99,1.528,-1.839,1.594,4.244,-0.606,4.186
178.00,1.872,-1.839,1.598,4.287,-0.605,4.188
178.01,1.687,-1.840,1.598,4.234,-0.606,4.187
178.02,1.647,-1.841,1.597,4.196,-0.606,4.188
178.03,1.247,-1.840,1.594,4.176,-0.606,4.188
178.04,1.726,-1.842,1.594,4.350,-0.605,4.190
178.05,1.432,-1.841,1.592,4.289,-0.606,4.191
178.06,1.660,-1.841,1.594,3.916,-0.607,4.187
178.07,1.568,-1.841,1.593,3.823,-0.608,4.181
178.08,1.652,-1.842,1.593,4.367,-0.609,4.182
178.09,1.665,-1.840,1.596,4.156,-0.609,4.183
178.10,1.620,-1.840,1.596,4.012,-0.610,4.179
178.11,1.753,-1.840,1.598,3.775,-0.609,4.174
178.12,1.605,-1.838,1.600,4.021,-0.609,4.173
178.13,1.398,-1.840,1.596,4.123,-0.608,4.173
178.14,1.546,-1.839,1.596,4.157,-0.608,4.174
178.15,1.293,-1.839,1.592,3.939,-0.608,4.170
178.16,1.512,-1.840,1.589,4.246,-0.608,4.171
178.17,1.572,-1.839,1.590,4.127,-0.607,4.171
178.18,1.432,-1.839,1.588,4.253,-0.608,4.171
178.19,1.741,-1.838,1.591,3.866,-0.607,4.168
178.20,1.307,-1.837,1.589,4.126,-0.606,4.169
178.21,1.493,-1.839,1.585,4.051,-0.605,4.169
178.22,1.248,-1.841,1.579,4.239,-0.605,4.169
178.23,1.406,-1.840,1.578,4.176,-0.606,4.169
178.24,1.585,-1.840,1.577,4.189,-0.606,4.169
178.25,1.509,-1.839,1.577,4.104,-0.607,4.167
178.26,1.530,-1.839,1.576,4.309,-0.607,4.169
178.27,1.727,-1.837,1.581,4.284,-0.607,4.170
178.28,1.526,-1.836,1.581,3.914,-0.607,4.167
178.29,1.394,-1.837,1.577,3.970,-0.605,4.166
178.30,1.681,-1.836,1.579,4.302,-0.606,4.166
178.31,1.668,-1.837,1.579,4.261,-0.607,4.167
178.32,1.165,-1.838,1.573,4.317,-0.609,4.167
178.33,1.772,-1.835,1.579,4.067,-0.608,4.166
178.34,1.753,-1.836,1.579,4.247,-0.609,4.167
178.35,1.641,-1.835,1.582,3.870,-0.608,4.164
178.36,1.561,-1.835,1.581,4.108,-0.609,4.162
178.37,1.583,-1.834,1.582,4.273,-0.609,4.164
178.38,1.844,-1.835,1.584,3.818,-0.609,4.159
178.39,1.413,-1.835,1.582,4.198,-0.608,4.160
178.40,1.675,-1.835,1.583,4.059,-0.608,4.160
178.41,1.771,-1.836,1.585,4.243,-0.607,4.161
178.42,1.879,-1.839,1.585,4.351,-0.606,4.165
178.43,1.764,-1.839,1.588,4.122,-0.605,4.165
178.44,1.695,-1.837,1.591,4.241,-0.605,4.166
178.45,1.418,-1.839,1.586,4.183,-0.607,4.164
178.46,1.513,-1.839,1.586,4.415,-0.609,4.166
178.47,1.465,-1.837,1.586,4.091,-0.609,4.165
178.48,1.613,-1.837,1.586,4.330,-0.609,4.167
178.49,1.557,-1.836,1.586,4.002,-0.609,4.164
178.50,1.489,-1.835,1.587,4.164,-0.609,4.165
178.51,1.471,-1.835,1.584,4.377,-0.609,4.167
178.52,1.693,-1.836,1.585,4.176,-0.610,4.166
178.53,1.516,-1.836,1.584,4.024,-0.610,4.164
178.54,1.559,-1.835,1.585,4.237,-0.610,4.165
178.55,1.522,-1.835,1.584,3.992,-0.610,4.163
178.56,1.873,-1.836,1.587,4.070,-0.611,4.161
178.57,1.504,-1.838,1.584,4.297,-0.613,4.161
178.58,1.558,-1.838,1.583,4.283,-0.611,4.164
178.59,1.593,-1.839,1.582,3.859,-0.611,4.161
178.60,1.680,-1.840,1.582,4.301,-0.612,4.161
178.61,1.565,-1.840,1.582,4.386,-0.611,4.165
178.63,1.491,-1.839,1.582,4.239,-0.611,4.166
178.64,1.332,-1.837,1.580,4.165,-0.611,4.166
178.64,1.428,-1.837,1.579,4.446,-0.610,4.171
178.65,1.432,-1.836,1.577,4.171,-0.610,4.171
178.67,1.750,-1.833,1.583,4.113,-0.610,4.170
178.68,1.410,-1.831,1.582,4.174,-0.609,4.171
178.69,1.730,-1.832,1.583,4.098,-0.611,4.169
178.70,1.652,-1.832,1.584,4.133,-0.610,4.168
178.71,1.736,-1.832,1.586,4.137,-0.610,4.169
178.72,1.555,-1.832,1.585,4.150,-0.609,4.169
178.73,1.729,-1.831,1.588,4.119,-0.609,4.168
178.74,1.668,-1.830,1.590,4.165,-0.611,4.166
178.75,1.500,-1.831,1.587,3.970,-0.611,4.164
178.76,1.817,-1.831,1.590,4.256,-0.611,4.165
178.77,1.501,-1.831,1.590,4.165,-0.611,4.165
178.78,1.465,-1.830,1.589,4.471,-0.611,4.169
178.79,1.608,-1.831,1.588,4.183,-0.611,4.170
178.80,1.531,-1.829,1.589,4.085,-0.611,4.169
178.81,1.660,-1.830,1.589,4.085,-0.610,4.168
178.82,1.784,-1.830,1.592,4.178,-0.610,4.168
178.83,1.569,-1.829,1.592,3.860,-0.611,4.163
178.84,1.695,-1.830,1.592,4.334,-0.614,4.163
178.85,1.450,-1.831,1.589,4.322,-0.613,4.165
178.86,1.976,-1.829,1.597,4.076,-0.614,4.163
178.87,1.748,-1.829,1.599,4.640,-0.614,4.170
178.88,1.566,-1.829,1.598,3.710,-0.612,4.165
178.89,1.488,-1.829,1.596,4.307,-0.614,4.166
178.90,1.673,-1.829,1.598,4.106,-0.614,4.165
178.91,1.607,-1.830,1.597,4.221,-0.615,4.164
178.92,1.603,-1.829,1.597,4.268,-0.615,4.166
178.93,1.376,-1.831,1.593,4.236,-0.614,4.168
178.94,1.444,-1.832,1.590,4.147,-0.615,4.167
178.95,1.701,-1.831,1.592,4.047,-0.614,4.166
178.96,1.596,-1.832,1.591,4.314,-0.614,4.168
178.97,1.367,-1.832,1.588,4.094,-0.615,4.166
178.98,1.827,-1.831,1.592,3.971,-0.614,4.164
178.99,1.757,-1.831,1.594,4.089,-0.614,4.164
179.00,1.432,-1.830,1.593,4.380,-0.615,4.166
179.01,1.589,-1.831,1.592,4.500,-0.615,4.170
179.02,1.679,-1.830,1.594,4.054,-0.614,4.169
179.03,1.784,-1.829,1.598,3.976,-0.614,4.167
179.04,1.690,-1.828,1.600,3.962,-0.613,4.165
179.05,1.622,-1.828,1.600,4.197,-0.614,4.165
179.06,1.544,-1.828,1.600,4.444,-0.612,4.170
179.07,1.655,-1.829,1.600,4.033,-0.613,4.168
179.08,1.511,-1.827,1.600,4.288,-0.612,4.170
179.09,1.806,-1.824,1.606,4.211,-0.611,4.172
179.10,1.786,-1.825,1.607,4.307,-0.613,4.171
179.11,1.526,-1.825,1.606,3.830,-0.614,4.167
179.12,1.477,-1.823,1.606,4.315,-0.613,4.169
179.13,1.676,-1.823,1.607,4.207,-0.614,4.168
179.14,1.539,-1.824,1.606,4.105,-0.614,4.168
179.15,1.717,-1.823,1.608,3.953,-0.614,4.165
179.16,1.705,-1.823,1.609,4.291,-0.613,4.167
179.17,1.314,-1.823,1.606,4.283,-0.614,4.168
179.18,1.428,-1.821,1.604,4.298,-0.615,4.169
179.19,1.560,-1.823,1.602,4.180,-0.613,4.171
179.20,1.550,-1.824,1.601,3.866,-0.613,4.167
179.21,1.420,-1.824,1.598,4.273,-0.613,4.168
179.22,1.409,-1.823,1.597,4.369,-0.614,4.170
179.23,1.722,-1.823,1.598,4.211,-0.614,4.171
179.24,1.653,-1.822,1.599,4.335,-0.612,4.175
179.25,1.650,-1.822,1.600,4.070,-0.612,4.173
179.26,1.571,-1.822,1.600,4.084,-0.612,4.172
179.27,1.452,-1.822,1.599,4.033,-0.612,4.171
179.28,1.304,-1.820,1.596,4.155,-0.610,4.172
179.29,1.609,-1.819,1.597,3.852,-0.611,4.167
179.30,1.526,-1.818,1.597,3.925,-0.611,4.164
179.31,1.578,-1.817,1.597,4.161,-0.612,4.163
179.32,1.647,-1.818,1.597,4.195,-0.612,4.164
179.33,1.488,-1.818,1.596,4.405,-0.613,4.166
179.34,1.539,-1.816,1.597,4.150,-0.612,4.166
179.35,1.535,-1.815,1.597,4.069,-0.613,4.165
179.36,1.692,-1.817,1.596,4.436,-0.612,4.169
179.37,1.629,-1.816,1.597,4.153,-0.612,4.168
179.38,1.644,-1.816,1.598,4.297,-0.612,4.170
179.39,1.588,-1.814,1.600,4.306,-0.611,4.173
179.40,1.644,-1.814,1.600,4.103,-0.611,4.172
179.41,1.621,-1.815,1.600,4.335,-0.613,4.173
179.42,1.324,-1.815,1.596,4.317,-0.613,4.174
179.43,1.547,-1.814,1.596,4.220,-0.613,4.175
179.44,1.796,-1.813,1.599,4.256,-0.611,4.179
179.45,1.414,-1.814,1.596,4.117,-0.611,4.177
179.46,1.429,-1.812,1.596,4.412,-0.612,4.180
179.47,1.605,-1.814,1.594,4.058,-0.612,4.179
179.48,1.716,-1.813,1.596,4.149,-0.612,4.178
179.49,1.546,-1.812,1.596,4.232,-0.611,4.179
179.50,1.244,-1.812,1.592,4.157,-0.612,4.178
179.51,1.821,-1.812,1.594,4.306,-0.612,4.180
179.52,1.294,-1.811,1.591,4.167,-0.612,4.180
179.53,1.433,-1.811,1.589,4.375,-0.613,4.182
179.54,1.590,-1.812,1.588,4.033,-0.613,4.180
179.55,1.642,-1.810,1.591,4.281,-0.613,4.181
179.56,1.715,-1.811,1.591,4.291,-0.614,4.182
179.57,1.510,-1.810,1.591,4.080,-0.614,4.181
179.58,1.395,-1.811,1.587,4.197,-0.615,4.180
179.59,1.406,-1.812,1.584,4.108,-0.614,4.180
179.60,1.462,-1.810,1.584,4.216,-0.614,4.181
179.61,1.604,-1.810,1.584,4.247,-0.614,4.182
179.62,1.792,-1.812,1.585,4.391,-0.613,4.186
179.63,1.317,-1.810,1.583,4.133,-0.613,4.185
179.64,1.567,-1.809,1.584,4.350,-0.613,4.187
179.65,1.313,-1.810,1.578,4.374,-0.612,4.190
179.66,1.434,-1.810,1.577,4.052,-0.613,4.188
179.67,1.678,-1.808,1.579,4.153,-0.614,4.187
179.68,1.551,-1.808,1.579,4.450,-0.614,4.190
179.69,1.446,-1.806,1.579,4.008,-0.615,4.187
179.70,1.505,-1.808,1.576,4.333,-0.617,4.187
179.71,1.594,-1.809,1.575,4.512,-0.617,4.191
179.72,1.754,-1.810,1.576,4.037,-0.617,4.189
179.73,1.515,-1.810,1.575,4.225,-0.618,4.190
179.74,1.684,-1.810,1.577,4.192,-0.617,4.190
179.75,1.833,-1.809,1.581,4.236,-0.617,4.191
179.76,1.504,-1.809,1.579,4.246,-0.619,4.190
179.77,1.437,-1.808,1.578,4.318,-0.621,4.190
179.78,1.707,-1.809,1.579,3.787,-0.621,4.185
179.79,1.690,-1.810,1.579,4.290,-0.621,4.187
179.80,1.651,-1.809,1.581,3.939,-0.621,4.184
179.81,1.318,-1.811,1.575,4.298,-0.621,4.185
179.82,1.355,-1.810,1.573,4.222,-0.620,4.186
179.83,1.573,-1.810,1.573,4.186,-0.620,4.186
179.84,1.743,-1.812,1.573,4.011,-0.621,4.184
179.85,1.449,-1.812,1.571,4.200,-0.620,4.185
179.86,1.405,-1.813,1.568,4.008,-0.621,4.182
179.87,1.729,-1.813,1.570,4.165,-0.621,4.181
179.88,1.666,-1.813,1.570,4.293,-0.621,4.183
179.89,1.809,-1.813,1.573,4.345,-0.621,4.185
179.90,1.732,-1.814,1.575,4.271,-0.622,4.185
179.91,1.339,-1.811,1.574,4.307,-0.622,4.187
179.92,1.491,-1.814,1.570,4.153,-0.621,4.187
179.93,1.518,-1.815,1.568,4.258,-0.622,4.188
179.94,1.584,-1.815,1.568,4.019,-0.620,4.188
179.95,1.787,-1.814,1.571,3.968,-0.623,4.183
179.96,1.406,-1.814,1.569,4.275,-0.623,4.183
179.97,1.518,-1.816,1.567,4.076,-0.622,4.183
179.98,1.560,-1.817,1.565,4.096,-0.622,4.182
179.99,1.514,-1.817,1.564,4.199,-0.623,4.182
180.00,1.519,-1.816,1.564,3.995,-0.623,4.179
180.01,1.665,-1.818,1.564,4.213,-0.624,4.179
180.02,1.425,-1.818,1.561,4.268,-0.624,4.180
180.03,1.839,-1.818,1.565,4.096,-0.624,4.179
180.04,1.637,-1.817,1.567,4.317,-0.624,4.182
180.05,1.642,-1.818,1.567,4.173,-0.623,4.182
180.06,1.485,-1.817,1.566,3.986,-0.624,4.179
180.07,1.951,-1.817,1.571,4.476,-0.623,4.183
180.08,1.787,-1.818,1.573,4.200,-0.624,4.183
180.09,1.734,-1.819,1.574,4.009,-0.625,4.180
180.10,1.596,-1.819,1.574,4.048,-0.626,4.177
180.11,1.681,-1.818,1.576,4.195,-0.625,4.178
180.13,1.632,-1.817,1.578,4.197,-0.625,4.179
180.14,1.542,-1.816,1.578,4.064,-0.626,4.177
180.15,1.704,-1.816,1.580,4.347,-0.626,4.179
180.16,1.531,-1.816,1.579,3.987,-0.626,4.176
180.17,1.720,-1.816,1.581,4.313,-0.626,4.179
180.18,1.499,-1.814,1.581,4.175,-0.625,4.179
180.19,1.725,-1.814,1.583,4.087,-0.625,4.178
180.20,1.533,-1.815,1.582,4.225,-0.624,4.180
180.21,1.654,-1.816,1.581,4.381,-0.623,4.183
180.22,1.731,-1.814,1.585,4.318,-0.623,4.185
180.23,1.351,-1.814,1.582,4.281,-0.623,4.187
180.24,1.469,-1.813,1.581,4.262,-0.624,4.187
180.25,1.429,-1.813,1.579,4.170,-0.622,4.189
180.26,1.581,-1.813,1.579,4.209,-0.622,4.190
180.26,1.454,-1.813,1.578,4.079,-0.622,4.188
180.28,1.752,-1.811,1.582,3.897,-0.622,4.185
180.29,1.777,-1.812,1.583,4.355,-0.622,4.186
180.30,1.590,-1.812,1.583,4.267,-0.623,4.187
180.31,1.566,-1.811,1.584,4.146,-0.623,4.186
180.32,1.354,-1.811,1.581,4.253,-0.624,4.186
180.33,1.661,-1.810,1.582,4.072,-0.625,4.184
180.34,1.675,-1.812,1.582,4.279,-0.626,4.185
180.35,1.480,-1.814,1.578,4.163,-0.627,4.183
180.36,1.540,-1.814,1.577,4.202,-0.626,4.184
180.37,1.559,-1.813,1.578,4.310,-0.627,4.186
180.38,1.474,-1.810,1.579,4.175,-0.627,4.186
180.39,1.853,-1.809,1.584,4.175,-0.628,4.185
180.40,1.594,-1.808,1.585,4.228,-0.628,4.185
180.41,1.419,-1.807,1.584,4.429,-0.628,4.189
180.42,1.532,-1.807,1.584,3.905,-0.627,4.186
180.43,1.279,-1.806,1.580,4.140,-0.628,4.185
180.44,1.799,-1.806,1.583,4.239,-0.628,4.186
180.45,1.440,-1.805,1.582,4.114,-0.626,4.186
180.46,1.430,-1.806,1.578,4.279,-0.627,4.187
180.47,1.797,-1.806,1.581,4.354,-0.626,4.190
180.48,1.577,-1.804,1.583,3.921,-0.626,4.187
180.49,1.617,-1.806,1.581,4.050,-0.626,4.185
180.50,1.549,-1.804,1.583,4.091,-0.627,4.183
180.51,1.480,-1.805,1.581,4.031,-0.627,4.181
180.52,1.386,-1.805,1.578,4.073,-0.627,4.180
180.53,1.351,-1.804,1.575,4.251,-0.627,4.181
180.54,1.376,-1.805,1.572,4.156,-0.626,4.182
180.55,1.403,-1.805,1.569,4.405,-0.625,4.186
180.56,1.401,-1.803,1.569,4.251,-0.625,4.186
180.57,1.725,-1.804,1.570,4.121,-0.625,4.185
180.58,1.525,-1.806,1.567,3.909,-0.625,4.182
180.59,1.692,-1.806,1.568,4.294,-0.625,4.184
180.60,1.803,-1.805,1.573,4.299,-0.625,4.185
180.61,1.586,-1.804,1.573,4.062,-0.626,4.183
180.62,1.630,-1.804,1.574,4.301,-0.626,4.185
180.63,1.536,-1.804,1.573,4.358,-0.625,4.188
180.64,1.370,-1.804,1.570,3.938,-0.626,4.184
180.65,1.655,-1.804,1.571,4.291,-0.626,4.185
180.66,1.632,-1.805,1.571,4.114,-0.626,4.185
180.67,1.770,-1.805,1.573,4.412,-0.626,4.188
180.68,1.701,-1.805,1.574,4.314,-0.627,4.189
180.69,1.464,-1.807,1.571,4.028,-0.625,4.188
180.70,1.486,-1.806,1.570,3.878,-0.626,4.184
180.71,1.436,-1.806,1.569,4.250,-0.626,4.185
180.72,1.714,-1.805,1.572,4.054,-0.624,4.185
180.73,1.628,-1.804,1.573,4.175,-0.624,4.185
180.74,1.654,-1.804,1.574,4.337,-0.625,4.186
180.75,1.437,-1.806,1.570,3.936,-0.623,4.184
180.76,1.651,-1.804,1.572,4.132,-0.623,4.184
180.77,1.487,-1.804,1.571,4.073,-0.623,4.183
180.78,1.634,-1.805,1.571,4.227,-0.623,4.184
180.79,1.664,-1.806,1.571,3.937,-0.622,4.181
180.80,1.513,-1.807,1.569,3.909,-0.624,4.176
180.81,1.751,-1.808,1.570,4.256,-0.624,4.177
180.82,1.624,-1.808,1.571,4.067,-0.622,4.177
180.83,1.651,-1.808,1.572,4.036,-0.621,4.176
180.84,1.715,-1.808,1.574,3.772,-0.620,4.172
180.85,1.651,-1.809,1.574,3.871,-0.620,4.168
180.86,1.618,-1.812,1.572,4.052,-0.621,4.166
180.87,1.830,-1.810,1.576,4.520,-0.622,4.170
180.88,1.639,-1.810,1.577,3.900,-0.622,4.166
180.89,1.637,-1.808,1.579,3.954,-0.622,4.163
180.90,1.338,-1.809,1.576,4.096,-0.623,4.161
180.91,1.673,-1.810,1.576,4.257,-0.622,4.163
180.92,1.610,-1.809,1.577,3.899,-0.622,4.159
180.93,1.563,-1.810,1.576,4.280,-0.622,4.161
180.94,1.484,-1.811,1.573,4.066,-0.622,4.160
180.95,1.558,-1.812,1.572,4.016,-0.620,4.160
180.96,1.543,-1.811,1.573,4.116,-0.620,4.159
180.97,1.659,-1.811,1.574,4.106,-0.622,4.157
180.98,1.656,-1.812,1.573,4.227,-0.621,4.158
180.99,1.668,-1.812,1.575,4.503,-0.622,4.162
181.00,1.767,-1.812,1.577,4.040,-0.622,4.160
181.01,1.616,-1.812,1.577,4.196,-0.620,4.162
181.02,1.573,-1.813,1.577,4.322,-0.620,4.165
181.03,1.461,-1.815,1.573,4.095,-0.620,4.164
181.04,1.432,-1.817,1.569,4.195,-0.621,4.163
181.05,1.597,-1.818,1.568,4.410,-0.620,4.167
181.06,1.743,-1.818,1.571,4.379,-0.621,4.169
181.07,1.392,-1.816,1.570,3.988,-0.620,4.168
181.08,1.471,-1.816,1.569,4.387,-0.621,4.169
181.09,1.471,-1.816,1.567,3.915,-0.621,4.166
181.10,1.785,-1.817,1.569,4.349,-0.623,4.167
181.11,1.809,-1.818,1.571,3.951,-0.621,4.165
181.12,1.934,-1.817,1.577,4.414,-0.620,4.169
181.13,1.562,-1.815,1.579,4.144,-0.621,4.168
181.14,1.766,-1.813,1.583,4.363,-0.620,4.172
181.15,1.453,-1.814,1.581,4.376,-0.619,4.176
181.16,1.617,-1.812,1.582,4.374,-0.617,4.180
181.17,1.776,-1.816,1.582,4.318,-0.618,4.182
181.18,1.675,-1.816,1.582,4.193,-0.617,4.182
181.19,1.583,-1.818,1.580,4.065,-0.617,4.181
181.20,1.483,-1.821,1.576,4.308,-0.617,4.182
181.21,1.434,-1.823,1.573,4.141,-0.617,4.182
181.22,1.659,-1.823,1.573,4.351,-0.618,4.183
181.23,1.393,-1.823,1.571,4.075,-0.617,4.182
181.24,1.470,-1.823,1.570,4.348,-0.618,4.185
181.25,1.529,-1.823,1.569,4.115,-0.619,4.182
181.26,1.809,-1.824,1.571,4.145,-0.619,4.182
181.27,1.471,-1.823,1.571,4.252,-0.621,4.181
181.28,1.310,-1.825,1.565,4.231,-0.620,4.182
181.29,1.561,-1.825,1.565,4.341,-0.619,4.185
181.30,1.532,-1.827,1.563,4.280,-0.619,4.187
181.31,1.855,-1.828,1.566,4.195,-0.619,4.187
181.32,1.589,-1.826,1.568,3.720,-0.619,4.181
181.33,1.711,-1.826,1.569,4.098,-0.618,4.181
181.34,1.468,-1.825,1.570,4.461,-0.618,4.185
181.35,1.569,-1.826,1.568,4.104,-0.619,4.183
181.36,1.617,-1.826,1.569,4.124,-0.620,4.181
181.37,1.791,-1.826,1.572,3.979,-0.619,4.179
181.38,1.330,-1.824,1.571,4.119,-0.620,4.178
181.39,1.627,-1.823,1.572,4.269,-0.619,4.180
181.40,1.682,-1.823,1.573,4.256,-0.622,4.178
181.41,1.453,-1.826,1.569,4.076,-0.621,4.177
181.42,1.937,-1.825,1.575,4.281,-0.622,4.178
181.43,1.462,-1.826,1.573,3.832,-0.622,4.174
181.44,1.710,-1.826,1.574,4.135,-0.622,4.173
181.46,1.568,-1.825,1.575,4.312,-0.623,4.174
181.46,1.504,-1.824,1.575,4.281,-0.622,4.176
181.47,1.695,-1.824,1.577,4.423,-0.622,4.180
181.48,1.679,-1.825,1.577,4.081,-0.623,4.178
181.49,1.595,-1.827,1.576,4.164,-0.622,4.178
181.50,1.505,-1.828,1.573,4.408,-0.622,4.181
181.51,1.909,-1.829,1.577,4.124,-0.623,4.179
181.52,1.597,-1.829,1.577,3.892,-0.624,4.175
181.53,1.631,-1.829,1.578,3.966,-0.625,4.171
181.54,1.266,-1.829,1.574,4.230,-0.623,4.173
181.55,1.902,-1.830,1.577,3.899,-0.624,4.170
181.56,1.517,-1.831,1.575,4.536,-0.623,4.175
181.57,1.677,-1.829,1.579,4.293,-0.625,4.175
181.58,1.639,-1.831,1.578,3.974,-0.625,4.172
181.59,1.398,-1.831,1.575,4.157,-0.624,4.173
181.60,1.782,-1.831,1.578,4.089,-0.625,4.171
181.61,1.426,-1.833,1.574,4.469,-0.625,4.175
181.62,1.627,-1.834,1.574,4.249,-0.624,4.177
181.63,1.370,-1.833,1.572,4.347,-0.626,4.178
181.64,1.724,-1.836,1.572,4.108,-0.626,4.177
181.65,1.624,-1.837,1.571,4.298,-0.624,4.180
181.66,1.723,-1.839,1.571,3.825,-0.625,4.174
181.68,1.382,-1.837,1.570,4.379,-0.624,4.178
181.69,1.740,-1.836,1.574,4.123,-0.624,4.177
181.70,1.653,-1.835,1.576,4.092,-0.624,4.176
181.71,1.546,-1.833,1.578,4.074,-0.626,4.173
181.72,1.890,-1.833,1.582,4.391,-0.625,4.177
181.73,1.635,-1.830,1.586,4.216,-0.626,4.177
181.74,1.510,-1.830,1.585,4.190,-0.625,4.177
181.75,1.520,-1.829,1.585,4.423,-0.626,4.180
181.76,1.859,-1.826,1.591,4.171,-0.626,4.180
181.77,1.919,-1.826,1.596,4.071,-0.626,4.179
181.78,1.732,-1.826,1.598,4.054,-0.626,4.177
181.79,1.687,-1.826,1.600,4.041,-0.625,4.176
181.80,1.470,-1.826,1.597,4.287,-0.625,4.177
181.81,1.660,-1.827,1.597,4.204,-0.625,4.178
181.82,1.508,-1.827,1.597,3.824,-0.624,4.174
181.83,1.541,-1.826,1.596,4.315,-0.625,4.175
181.84,1.704,-1.827,1.597,4.371,-0.626,4.177
181.85,1.403,-1.827,1.595,4.134,-0.625,4.177
181.86,1.701,-1.827,1.597,4.449,-0.626,4.180
181.87,1.675,-1.828,1.596,4.229,-0.626,4.181
181.88,1.733,-1.826,1.600,3.980,-0.626,4.178
181.89,1.725,-1.828,1.601,4.339,-0.627,4.179
181.90,1.320,-1.829,1.596,3.940,-0.627,4.177
181.91,1.457,-1.832,1.591,4.072,-0.626,4.176
181.92,1.326,-1.833,1.587,4.508,-0.626,4.180
181.93,1.558,-1.832,1.587,4.315,-0.625,4.183
181.94,1.542,-1.830,1.589,4.547,-0.625,4.188
181.95,1.510,-1.831,1.587,4.384,-0.625,4.191
181.96,1.431,-1.831,1.585,4.144,-0.625,4.191
181.97,1.597,-1.831,1.585,4.043,-0.627,4.186
181.98,1.414,-1.831,1.583,4.299,-0.625,4.190
181.99,1.721,-1.833,1.583,4.294,-0.626,4.191
182.00,1.494,-1.831,1.583,4.385,-0.624,4.195
182.01,1.637,-1.832,1.583,4.223,-0.623,4.197
182.02,1.779,-1.833,1.586,4.361,-0.623,4.199
182.03,1.408,-1.832,1.584,4.266,-0.623,4.199
182.04,1.621,-1.830,1.587,4.219,-0.624,4.199
182.05,1.410,-1.830,1.584,4.096,-0.625,4.197
182.06,1.785,-1.831,1.586,4.423,-0.624,4.201
182.07,1.597,-1.831,1.586,4.326,-0.624,4.202
182.08,1.452,-1.832,1.584,3.942,-0.624,4.200
182.09,1.592,-1.832,1.584,4.305,-0.624,4.201
182.10,1.522,-1.834,1.581,4.346,-0.624,4.203
182.11,1.248,-1.833,1.578,4.121,-0.625,4.201
182.12,1.628,-1.831,1.580,4.161,-0.626,4.200
182.13,1.667,-1.830,1.582,4.430,-0.627,4.203
182.14,1.682,-1.828,1.586,4.128,-0.626,4.203
182.15,1.696,-1.829,1.587,4.052,-0.626,4.200
182.16,1.633,-1.830,1.586,4.090,-0.627,4.198
182.17,1.705,-1.827,1.590,4.252,-0.627,4.199
182.18,1.533,-1.828,1.589,4.184,-0.628,4.198
182.19,1.602,-1.832,1.586,4.157,-0.629,4.197
182.20,1.552,-1.831,1.586,4.253,-0.631,4.196
182.21,1.762,-1.831,1.588,4.162,-0.631,4.196
182.22,1.454,-1.829,1.588,4.417,-0.630,4.199
182.23,1.735,-1.829,1.590,4.170,-0.631,4.199
182.24,1.455,-1.833,1.584,4.368,-0.630,4.201
182.25,1.675,-1.833,1.586,4.580,-0.629,4.207
182.26,1.320,-1.834,1.582,4.277,-0.628,4.210
182.27,1.628,-1.833,1.584,4.295,-0.629,4.210
182.28,1.582,-1.834,1.583,3.988,-0.629,4.207
182.29,1.603,-1.833,1.584,4.004,-0.630,4.204
182.30,1.528,-1.833,1.583,4.270,-0.630,4.205
182.31,1.531,-1.830,1.586,3.723,-0.630,4.199
182.32,1.547,-1.831,1.584,4.170,-0.629,4.200
182.33,1.630,-1.830,1.585,4.266,-0.630,4.200
182.34,1.367,-1.828,1.585,4.613,-0.630,4.205
182.35,1.375,-1.829,1.581,4.015,-0.630,4.204
182.36,1.357,-1.829,1.578,4.347,-0.629,4.206
182.37,1.508,-1.828,1.578,4.038,-0.630,4.203
182.38,1.384,-1.828,1.576,4.309,-0.630,4.204
182.39,1.551,-1.828,1.575,4.443,-0.630,4.208
182.40,1.297,-1.829,1.571,4.396,-0.631,4.210
182.41,1.493,-1.827,1.571,4.208,-0.631,4.210
182.42,1.546,-1.827,1.571,4.122,-0.632,4.208
182.43,1.433,-1.829,1.567,4.207,-0.632,4.208
182.44,1.653,-1.831,1.566,4.245,-0.632,4.209
182.45,1.529,-1.829,1.567,4.321,-0.632,4.211
182.46,1.540,-1.829,1.567,4.229,-0.630,4.213
182.47,1.627,-1.829,1.568,4.233,-0.632,4.211
182.48,1.653,-1.830,1.568,4.354,-0.632,4.214
182.49,1.430,-1.831,1.565,4.106,-0.633,4.212
182.50,1.758,-1.832,1.567,4.189,-0.634,4.211
182.51,1.699,-1.832,1.569,3.825,-0.634,4.206
182.52,1.417,-1.834,1.565,4.095,-0.632,4.206
182.53,1.510,-1.837,1.561,4.190,-0.632,4.206
182.54,1.516,-1.836,1.561,4.010,-0.632,4.204
182.55,1.453,-1.836,1.560,4.273,-0.633,4.204
182.56,1.618,-1.835,1.561,4.293,-0.633,4.206
182.57,1.504,-1.836,1.559,4.128,-0.632,4.205
182.58,1.641,-1.837,1.560,4.046,-0.633,4.202
182.59,1.509,-1.838,1.558,4.163,-0.634,4.201
182.60,1.518,-1.838,1.557,4.379,-0.634,4.203
182.61,1.451,-1.838,1.556,4.371,-0.635,4.206
182.62,1.656,-1.838,1.557,4.167,-0.634,4.206
182.63,1.560,-1.838,1.557,4.095,-0.635,4.204
182.64,1.554,-1.838,1.557,4.405,-0.635,4.206
182.65,1.599,-1.840,1.555,4.082,-0.635,4.205
182.66,1.740,-1.840,1.558,3.986,-0.636,4.201
182.67,1.519,-1.839,1.558,4.505,-0.636,4.205
182.68,1.734,-1.840,1.560,4.480,-0.637,4.208
182.69,1.514,-1.838,1.561,4.056,-0.637,4.206
182.70,1.181,-1.839,1.555,4.433,-0.637,4.209
182.71,1.701,-1.837,1.558,4.374,-0.637,4.212
182.72,1.586,-1.838,1.558,4.265,-0.638,4.212
182.73,1.859,-1.838,1.561,4.178,-0.637,4.212
182.74,1.559,-1.838,1.562,4.176,-0.639,4.211
182.75,1.490,-1.838,1.561,4.235,-0.638,4.212
182.76,1.588,-1.837,1.562,3.535,-0.638,4.203
182.77,1.456,-1.836,1.561,4.171,-0.638,4.203
182.78,1.349,-1.839,1.556,4.118,-0.637,4.203
182.79,1.674,-1.840,1.556,4.443,-0.638,4.206
182.80,1.449,-1.839,1.556,4.034,-0.638,4.203
182.81,1.578,-1.841,1.554,4.175,-0.640,4.201
182.82,1.445,-1.840,1.554,3.932,-0.640,4.197
182.83,1.684,-1.842,1.554,3.721,-0.641,4.191
182.84,1.678,-1.840,1.557,4.236,-0.639,4.193
182.85,1.563,-1.841,1.556,4.128,-0.638,4.194
182.86,1.934,-1.839,1.563,4.459,-0.638,4.197
182.87,1.478,-1.841,1.560,4.052,-0.640,4.194
182.88,1.641,-1.844,1.558,4.343,-0.640,4.196
182.89,1.598,-1.844,1.559,4.414,-0.640,4.199
182.90,1.352,-1.845,1.555,4.105,-0.639,4.198
182.91,1.430,-1.844,1.554,4.334,-0.640,4.200
182.92,1.690,-1.843,1.557,4.192,-0.639,4.201
182.93,1.569,-1.842,1.558,4.220,-0.639,4.201
182.94,1.548,-1.842,1.558,4.088,-0.637,4.202
182.95,1.637,-1.841,1.560,4.387,-0.637,4.204
182.96,1.704,-1.841,1.562,3.964,-0.637,4.201
182.97,1.588,-1.840,1.563,4.380,-0.637,4.203
182.98,1.518,-1.839,1.563,4.237,-0.637,4.204
183.00,1.576,-1.841,1.562,4.458,-0.637,4.208
183.00,1.721,-1.843,1.562,4.062,-0.637,4.206
183.01,1.696,-1.845,1.562,3.943,-0.636,4.203
183.02,1.657,-1.845,1.563,4.196,-0.636,4.203
183.03,1.344,-1.847,1.558,4.125,-0.637,4.202
183.04,1.274,-1.847,1.554,4.049,-0.637,4.200
183.05,1.518,-1.846,1.555,4.031,-0.638,4.197
183.06,1.655,-1.846,1.556,4.180,-0.639,4.196
183.07,1.799,-1.845,1.560,4.229,-0.639,4.196
183.09,1.614,-1.846,1.560,4.132,-0.638,4.196
183.09,1.641,-1.846,1.561,4.204,-0.640,4.195
183.10,1.640,-1.845,1.563,4.083,-0.640,4.194
183.12,1.544,-1.846,1.562,4.187,-0.639,4.194
183.13,1.509,-1.847,1.560,3.850,-0.640,4.189
183.13,1.577,-1.847,1.561,4.291,-0.641,4.190
183.14,1.424,-1.847,1.558,4.150,-0.641,4.189
183.16,1.353,-1.848,1.555,4.334,-0.640,4.192
183.17,1.704,-1.849,1.556,4.012,-0.640,4.190
183.17,1.655,-1.847,1.559,4.509,-0.641,4.193
183.19,1.494,-1.848,1.557,4.245,-0.642,4.193
183.20,1.626,-1.850,1.556,4.002,-0.642,4.190
183.21,1.684,-1.850,1.558,4.334,-0.642,4.192
183.22,1.800,-1.852,1.559,4.191,-0.644,4.191
183.23,1.870,-1.852,1.563,4.003,-0.644,4.188
183.24,1.600,-1.852,1.563,4.237,-0.645,4.188
183.25,1.646,-1.854,1.563,4.109,-0.645,4.187
183.26,1.567,-1.854,1.563,4.004,-0.646,4.184
183.27,1.638,-1.851,1.567,4.431,-0.647,4.186
183.28,1.744,-1.850,1.570,4.361,-0.647,4.188
183.29,1.481,-1.850,1.569,4.390,-0.647,4.191
183.30,1.443,-1.848,1.570,4.301,-0.649,4.190
183.31,1.612,-1.848,1.570,3.735,-0.650,4.184
183.32,1.679,-1.849,1.571,4.104,-0.652,4.181
183.33,1.601,-1.851,1.570,4.304,-0.652,4.183
183.34,1.600,-1.853,1.569,3.850,-0.652,4.179
183.35,1.551,-1.853,1.568,4.122,-0.652,4.178
183.36,1.478,-1.852,1.568,4.278,-0.650,4.181
183.37,1.563,-1.852,1.568,4.113,-0.651,4.179
183.38,1.558,-1.849,1.571,4.139,-0.652,4.178
183.39,1.680,-1.848,1.573,4.156,-0.652,4.177
183.40,1.700,-1.847,1.576,4.241,-0.653,4.177
183.41,1.929,-1.847,1.581,4.047,-0.653,4.176
183.42,1.502,-1.845,1.582,4.275,-0.653,4.177
183.43,1.620,-1.844,1.583,4.205,-0.654,4.177
183.44,1.518,-1.844,1.583,4.268,-0.652,4.180
183.45,1.805,-1.845,1.585,4.277,-0.652,4.182
183.46,1.572,-1.845,1.585,4.484,-0.650,4.187
183.47,1.718,-1.845,1.587,4.153,-0.649,4.188
183.48,1.649,-1.844,1.589,3.983,-0.651,4.184
183.49,1.445,-1.845,1.586,4.150,-0.650,4.184
183.50,1.662,-1.846,1.585,4.367,-0.650,4.186
183.51,1.439,-1.847,1.584,4.217,-0.650,4.187
183.52,1.666,-1.846,1.585,4.278,-0.650,4.188
183.53,1.354,-1.846,1.583,4.359,-0.650,4.191
183.54,1.505,-1.845,1.583,4.132,-0.649,4.191
183.55,1.459,-1.846,1.581,4.050,-0.650,4.188
183.56,1.538,-1.844,1.581,4.269,-0.651,4.188
183.57,1.726,-1.844,1.584,3.932,-0.652,4.184
183.58,1.736,-1.844,1.585,4.004,-0.652,4.182
183.59,1.449,-1.842,1.586,4.186,-0.651,4.183
183.60,1.379,-1.841,1.585,4.106,-0.652,4.181
183.61,1.363,-1.840,1.583,4.407,-0.651,4.185
183.62,1.485,-1.841,1.580,4.288,-0.652,4.185
183.63,1.582,-1.841,1.580,4.415,-0.651,4.190
183.64,1.453,-1.842,1.578,3.846,-0.651,4.185
183.65,1.991,-1.842,1.583,4.281,-0.650,4.188
183.66,1.658,-1.841,1.585,4.538,-0.649,4.193
183.67,1.533,-1.840,1.585,4.173,-0.650,4.193
183.68,1.404,-1.840,1.583,4.131,-0.649,4.193
183.69,1.500,-1.840,1.583,4.205,-0.650,4.192
183.70,1.553,-1.841,1.581,3.871,-0.649,4.189
183.71,1.452,-1.840,1.580,4.349,-0.650,4.190
183.72,1.840,-1.841,1.583,4.193,-0.650,4.190
183.73,1.568,-1.841,1.583,3.990,-0.650,4.187
183.74,1.573,-1.841,1.583,4.273,-0.651,4.188
183.75,1.516,-1.840,1.583,4.494,-0.650,4.193
183.76,1.554,-1.840,1.583,4.164,-0.650,4.193
183.77,2.038,-1.838,1.591,4.012,-0.651,4.190
183.78,1.299,-1.838,1.587,4.150,-0.652,4.188
183.79,1.661,-1.837,1.589,4.157,-0.651,4.188
183.80,1.426,-1.838,1.586,4.097,-0.652,4.186
183.81,1.556,-1.838,1.586,4.134,-0.652,4.186
183.82,1.489,-1.840,1.583,4.065,-0.653,4.183
183.83,1.542,-1.842,1.580,4.290,-0.653,4.185
183.84,1.516,-1.842,1.579,4.027,-0.653,4.183
183.85,1.513,-1.841,1.579,4.162,-0.653,4.183
183.86,1.723,-1.840,1.583,3.934,-0.653,4.180
183.87,1.591,-1.840,1.583,4.602,-0.653,4.185
183.88,1.468,-1.839,1.582,4.168,-0.653,4.185
183.89,1.590,-1.838,1.583,4.022,-0.653,4.183
183.90,1.598,-1.838,1.583,4.112,-0.651,4.184
183.91,1.739,-1.838,1.586,4.154,-0.650,4.184
183.92,1.383,-1.838,1.583,4.441,-0.649,4.189
183.93,1.653,-1.838,1.584,4.226,-0.649,4.190
183.94,1.575,-1.838,1.585,4.120,-0.651,4.187
183.95,1.735,-1.840,1.584,4.255,-0.650,4.189
183.96,1.606,-1.841,1.584,4.303,-0.651,4.190
183.97,1.755,-1.841,1.586,4.109,-0.652,4.187
183.98,1.073,-1.841,1.579,4.256,-0.652,4.189
183.99,1.609,-1.841,1.580,4.438,-0.651,4.193
184.00,1.644,-1.842,1.580,4.213,-0.652,4.192
184.01,1.504,-1.841,1.579,4.232,-0.654,4.192
184.02,1.622,-1.841,1.580,4.135,-0.654,4.190
184.03,1.487,-1.842,1.579,4.354,-0.656,4.191
184.04,1.745,-1.842,1.581,4.133,-0.661,4.185
184.05,1.746,-1.843,1.582,4.232,-0.661,4.185
184.06,1.487,-1.842,1.581,4.185,-0.660,4.187
184.07,1.396,-1.842,1.580,4.442,-0.657,4.194
184.08,1.831,-1.842,1.583,4.255,-0.658,4.193
184.09,1.673,-1.840,1.585,4.212,-0.659,4.193
184.10,1.442,-1.839,1.585,3.996,-0.658,4.191
184.11,1.653,-1.839,1.586,4.066,-0.657,4.191
184.12,1.436,-1.840,1.583,3.856,-0.656,4.187
184.13,1.720,-1.840,1.585,4.245,-0.657,4.188
184.14,1.454,-1.839,1.584,4.110,-0.657,4.186
184.15,1.688,-1.839,1.585,4.199,-0.656,4.188
184.16,1.964,-1.839,1.590,3.918,-0.655,4.185
184.17,1.775,-1.840,1.592,4.131,-0.655,4.184
184.18,1.666,-1.841,1.593,3.856,-0.657,4.178
184.19,1.656,-1.841,1.593,4.049,-0.657,4.177
184.20,1.830,-1.842,1.596,3.960,-0.656,4.175
184.21,1.485,-1.844,1.592,4.037,-0.657,4.172
184.22,1.562,-1.845,1.591,4.338,-0.659,4.173
184.23,1.594,-1.845,1.591,4.178,-0.659,4.173
184.24,1.698,-1.845,1.592,4.225,-0.660,4.172
184.25,1.788,-1.844,1.596,4.380,-0.659,4.176
184.26,1.602,-1.842,1.598,4.241,-0.659,4.177
184.27,1.533,-1.843,1.597,4.308,-0.659,4.179
184.28,1.480,-1.843,1.595,4.022,-0.660,4.176
184.29,1.254,-1.841,1.593,4.067,-0.659,4.175
184.30,1.630,-1.841,1.593,4.208,-0.659,4.176
184.31,1.660,-1.842,1.594,3.890,-0.659,4.172
184.32,1.468,-1.842,1.592,4.367,-0.660,4.174
184.33,1.769,-1.843,1.594,4.143,-0.660,4.173
184.34,1.599,-1.843,1.594,4.227,-0.660,4.174
184.35,1.431,-1.844,1.591,4.300,-0.663,4.173
184.36,1.508,-1.845,1.589,4.266,-0.664,4.173
184.37,1.544,-1.844,1.590,4.247,-0.665,4.174
184.38,1.651,-1.844,1.590,3.928,-0.666,4.170
184.39,1.879,-1.842,1.596,4.262,-0.666,4.171
184.40,1.843,-1.842,1.599,4.081,-0.666,4.169
184.41,1.679,-1.840,1.603,4.357,-0.665,4.172
184.42,1.499,-1.839,1.603,4.208,-0.663,4.175
184.44,1.747,-1.841,1.603,3.979,-0.663,4.173
184.45,1.313,-1.841,1.599,4.004,-0.662,4.171
184.46,1.815,-1.843,1.600,4.185,-0.662,4.172
184.46,1.710,-1.844,1.600,4.243,-0.663,4.172
184.48,1.644,-1.846,1.600,4.143,-0.662,4.173
184.49,1.630,-1.845,1.601,4.316,-0.662,4.174
184.50,1.577,-1.845,1.601,4.002,-0.663,4.171
184.50,1.699,-1.844,1.604,4.334,-0.663,4.173
184.52,1.592,-1.845,1.603,4.172,-0.662,4.174
184.53,1.966,-1.845,1.607,4.376,-0.661,4.178
184.54,1.586,-1.845,1.607,4.465,-0.661,4.182
184.54,1.825,-1.845,1.610,3.905,-0.660,4.179
184.55,1.378,-1.845,1.607,4.109,-0.660,4.178
184.57,1.643,-1.847,1.607,4.127,-0.660,4.177
184.58,1.542,-1.846,1.607,4.137,-0.662,4.176
184.58,1.585,-1.845,1.607,4.239,-0.663,4.175
184.60,1.502,-1.844,1.607,4.149,-0.663,4.175
184.61,1.513,-1.844,1.606,4.362,-0.661,4.179
184.62,1.577,-1.847,1.603,4.259,-0.662,4.179
184.63,1.352,-1.845,1.602,4.319,-0.662,4.181
184.63,1.433,-1.846,1.599,4.048,-0.662,4.180
184.65,1.550,-1.845,1.599,3.865,-0.662,4.176
184.66,1.640,-1.845,1.600,4.094,-0.663,4.174
184.67,1.612,-1.843,1.602,4.052,-0.662,4.173
184.68,1.762,-1.844,1.603,4.123,-0.664,4.171
184.69,1.544,-1.842,1.605,4.162,-0.664,4.170
184.70,1.501,-1.842,1.604,4.120,-0.664,4.170
184.71,1.637,-1.842,1.604,4.017,-0.666,4.166
184.72,1.724,-1.841,1.607,4.167,-0.666,4.166
184.73,1.721,-1.841,1.608,4.126,-0.666,4.166
184.74,1.606,-1.842,1.608,4.301,-0.667,4.166
184.75,1.896,-1.843,1.611,4.184,-0.668,4.165
184.76,1.459,-1.844,1.608,3.872,-0.668,4.162
184.77,1.287,-1.845,1.603,4.237,-0.668,4.163
184.78,1.748,-1.843,1.606,4.225,-0.670,4.162
184.79,1.406,-1.844,1.604,4.276,-0.670,4.163
184.80,1.546,-1.843,1.604,4.266,-0.670,4.165
184.81,1.724,-1.843,1.605,4.109,-0.669,4.164
184.82,1.588,-1.846,1.603,4.197,-0.670,4.165
184.83,1.664,-1.846,1.604,4.324,-0.670,4.166
184.84,1.451,-1.848,1.600,4.058,-0.669,4.166
184.85,1.797,-1.847,1.604,4.140,-0.671,4.164
184.86,1.455,-1.846,1.602,4.190,-0.671,4.164
184.87,1.446,-1.847,1.600,4.175,-0.671,4.164
184.88,1.725,-1.848,1.601,3.986,-0.672,4.161
184.89,1.312,-1.848,1.597,4.607,-0.673,4.166
184.90,1.545,-1.846,1.598,4.508,-0.674,4.170
184.91,1.662,-1.845,1.600,4.357,-0.674,4.171
184.92,1.509,-1.843,1.601,4.163,-0.675,4.171
