elapsed_sec,pitch_accel,pitch_gyro,pitch_kalman,roll_accel,roll_gyro,roll_kalman
3.89,1.242,-0.000,0.000,4.132,-0.000,0.001
3.90,1.628,-0.001,0.001,3.908,0.002,0.006
3.91,1.465,-0.001,0.002,4.142,0.001,0.010
3.92,1.588,-0.001,0.004,4.260,0.001,0.015
3.93,1.620,-0.001,0.007,4.083,0.001,0.022
3.94,1.312,-0.001,0.009,4.155,0.002,0.031
3.95,1.611,-0.001,0.014,4.227,0.002,0.040
3.96,1.579,0.000,0.019,4.138,0.002,0.052
3.97,1.813,-0.000,0.024,4.506,0.003,0.066
3.98,1.560,-0.001,0.028,4.321,0.003,0.080
3.99,1.594,0.001,0.036,3.995,0.002,0.093
4.00,1.211,0.000,0.039,4.405,0.002,0.111
4.01,1.500,-0.000,0.045,3.921,0.002,0.127
4.02,1.241,-0.000,0.051,4.232,0.003,0.147
4.03,1.560,-0.001,0.058,4.131,0.002,0.166
4.04,1.578,-0.000,0.067,4.209,0.001,0.187
4.05,1.385,0.000,0.074,4.154,0.000,0.209
4.06,1.630,-0.000,0.083,3.973,-0.002,0.230
4.07,1.644,0.001,0.094,4.178,-0.003,0.254
4.08,1.533,-0.000,0.103,4.283,-0.001,0.282
4.09,1.442,0.001,0.113,4.107,-0.000,0.310
4.10,1.646,-0.000,0.124,4.119,0.000,0.339
4.11,1.635,-0.000,0.136,4.224,0.001,0.369
4.12,1.450,-0.001,0.145,4.239,0.002,0.401
4.13,1.380,-0.002,0.155,4.189,0.002,0.434
4.14,1.436,0.000,0.168,4.146,0.002,0.466
4.15,1.589,0.002,0.183,3.889,0.001,0.496
4.16,1.520,0.002,0.196,4.046,0.001,0.531
4.17,1.584,0.001,0.208,4.137,0.001,0.566
4.18,1.739,-0.000,0.223,4.213,0.001,0.603
4.19,1.585,-0.001,0.236,4.081,0.002,0.641
4.20,1.680,-0.000,0.253,4.048,0.001,0.678
4.21,1.446,0.001,0.268,4.361,0.001,0.719
4.22,1.508,0.001,0.283,3.981,0.001,0.757
4.23,1.535,0.001,0.297,4.313,0.002,0.801
4.24,1.269,0.001,0.310,4.359,0.002,0.845
4.25,1.435,0.003,0.326,4.020,0.001,0.885
4.26,1.378,0.004,0.341,4.250,0.000,0.928
4.27,1.427,0.006,0.357,4.142,0.000,0.972
4.28,1.680,0.005,0.374,3.914,0.001,1.014
4.29,1.378,0.005,0.389,4.159,0.001,1.059
4.30,1.586,0.003,0.405,4.133,0.000,1.103
4.31,1.482,0.004,0.422,3.976,0.000,1.147
4.32,1.520,0.002,0.437,4.313,0.000,1.195
4.33,1.666,0.001,0.456,4.159,-0.000,1.242
4.34,1.275,0.002,0.470,4.163,0.001,1.290
4.35,1.863,0.002,0.493,4.104,0.001,1.337
4.36,1.542,0.001,0.509,4.439,0.000,1.389
4.37,1.261,-0.000,0.522,4.029,-0.000,1.435
4.38,1.785,-0.002,0.542,4.207,-0.001,1.483
4.39,1.478,-0.003,0.558,4.228,0.000,1.534
4.40,1.706,-0.003,0.579,4.277,0.002,1.587
4.41,1.606,-0.003,0.599,4.293,0.001,1.638
4.42,1.835,-0.003,0.622,3.967,0.001,1.683
4.43,1.651,-0.006,0.640,4.329,0.000,1.735
4.44,1.580,-0.005,0.660,3.929,-0.001,1.779
4.45,1.641,-0.006,0.678,4.073,-0.002,1.826
4.46,1.386,-0.007,0.693,4.098,-0.002,1.874
4.47,1.538,-0.008,0.711,4.320,-0.003,1.926
4.48,1.485,-0.009,0.727,4.261,-0.004,1.976
4.49,1.513,-0.009,0.745,4.273,-0.004,2.028
4.50,1.385,-0.009,0.761,4.397,-0.003,2.083
4.51,1.272,-0.008,0.774,4.336,-0.002,2.136
4.52,1.535,-0.008,0.794,4.155,-0.001,2.187
4.53,1.438,-0.007,0.810,4.187,-0.001,2.236
4.54,1.539,-0.009,0.827,4.224,-0.002,2.285
4.55,1.372,-0.010,0.841,4.362,-0.003,2.337
4.56,1.529,-0.010,0.858,4.104,-0.003,2.383
4.57,1.796,-0.011,0.881,3.940,-0.003,2.426
4.58,1.451,-0.012,0.896,4.215,-0.003,2.475
4.59,1.378,-0.011,0.912,4.322,-0.004,2.524
4.60,1.562,-0.010,0.931,4.447,-0.003,2.578
4.61,1.473,-0.009,0.947,4.181,-0.004,2.623
4.62,1.637,-0.011,0.965,4.125,-0.003,2.669
4.63,1.482,-0.012,0.979,4.146,-0.005,2.712
4.64,1.589,-0.013,0.997,4.104,-0.005,2.755
4.65,1.549,-0.011,1.016,4.299,-0.006,2.802
4.66,1.570,-0.011,1.033,4.021,-0.007,2.842
4.67,1.516,-0.011,1.050,4.095,-0.007,2.885
4.68,1.503,-0.010,1.065,4.038,-0.006,2.925
4.69,1.451,-0.013,1.077,4.093,-0.007,2.967
4.70,1.633,-0.013,1.096,3.837,-0.008,3.001
4.71,1.592,-0.013,1.113,4.305,-0.008,3.046
4.72,1.423,-0.013,1.125,3.877,-0.007,3.081
4.73,1.541,-0.014,1.139,3.901,-0.009,3.114
4.74,1.774,-0.016,1.158,3.962,-0.009,3.149
4.75,1.297,-0.016,1.167,4.134,-0.007,3.189
4.76,1.760,-0.019,1.185,4.023,-0.007,3.225
4.77,1.676,-0.019,1.203,4.230,-0.008,3.265
4.78,1.544,-0.020,1.216,4.067,-0.009,3.299
4.79,1.409,-0.020,1.226,3.933,-0.010,3.329
4.80,1.614,-0.019,1.243,3.923,-0.011,3.360
4.81,1.511,-0.021,1.254,4.095,-0.010,3.395
4.82,1.723,-0.021,1.273,3.998,-0.009,3.428
4.83,1.281,-0.021,1.279,4.158,-0.008,3.463
4.84,1.700,-0.022,1.295,4.130,-0.008,3.497
4.85,1.808,-0.023,1.314,4.142,-0.009,3.530
4.86,1.733,-0.025,1.329,4.091,-0.010,3.560
4.87,1.651,-0.025,1.344,4.155,-0.011,3.591
4.88,1.686,-0.025,1.359,4.098,-0.011,3.621
4.89,1.433,-0.024,1.369,3.896,-0.011,3.646
4.90,1.463,-0.022,1.380,4.050,-0.013,3.672
4.91,1.611,-0.023,1.392,4.099,-0.012,3.701
4.92,1.717,-0.022,1.408,4.043,-0.013,3.727
4.93,1.381,-0.023,1.413,4.202,-0.013,3.757
4.94,1.845,-0.023,1.432,4.144,-0.012,3.786
4.95,1.454,-0.023,1.439,3.994,-0.012,3.809
4.96,1.529,-0.020,1.452,4.212,-0.013,3.837
4.97,1.745,-0.021,1.466,4.134,-0.013,3.863
4.99,1.207,-0.019,1.468,4.280,-0.013,3.892
4.99,1.641,-0.019,1.480,4.180,-0.013,3.918
5.00,1.244,-0.020,1.479,4.348,-0.014,3.947
5.01,1.502,-0.019,1.487,4.241,-0.013,3.974
5.03,1.754,-0.020,1.502,4.289,-0.013,4.002
5.04,1.475,-0.018,1.510,3.958,-0.014,4.019
5.05,1.672,-0.017,1.522,3.969,-0.015,4.035
5.06,1.460,-0.018,1.527,4.359,-0.015,4.063
5.07,1.516,-0.019,1.533,4.168,-0.015,4.084
5.08,1.441,-0.021,1.536,4.154,-0.016,4.104
5.09,1.745,-0.022,1.548,4.493,-0.016,4.133
5.10,1.571,-0.022,1.556,3.831,-0.018,4.141
5.11,1.453,-0.023,1.559,3.966,-0.020,4.153
5.12,1.804,-0.025,1.571,4.242,-0.021,4.173
5.13,1.483,-0.026,1.574,4.088,-0.021,4.189
5.14,1.788,-0.026,1.587,4.237,-0.021,4.209
5.15,1.562,-0.025,1.595,4.015,-0.021,4.222
5.16,1.596,-0.026,1.601,4.207,-0.021,4.240
5.17,1.771,-0.026,1.613,4.375,-0.020,4.263
5.18,1.729,-0.025,1.625,4.313,-0.020,4.282
5.19,1.407,-0.027,1.624,4.220,-0.021,4.299
5.20,1.451,-0.028,1.625,4.163,-0.021,4.313
5.21,1.522,-0.026,1.632,4.411,-0.020,4.337
5.22,1.566,-0.026,1.637,4.086,-0.021,4.347
5.23,1.566,-0.027,1.641,3.986,-0.019,4.357
5.24,1.371,-0.025,1.642,4.140,-0.018,4.370
5.25,1.767,-0.027,1.651,3.955,-0.017,4.377
5.26,1.382,-0.028,1.650,4.360,-0.017,4.394
5.27,1.636,-0.028,1.655,4.182,-0.017,4.406
5.28,1.506,-0.030,1.657,3.960,-0.016,4.412
5.29,1.644,-0.030,1.663,4.094,-0.016,4.420
5.30,1.471,-0.033,1.661,4.013,-0.015,4.427
5.31,1.467,-0.032,1.663,4.364,-0.016,4.442
5.32,1.587,-0.033,1.667,4.076,-0.016,4.449
5.33,1.397,-0.033,1.666,4.025,-0.016,4.454
5.34,1.461,-0.033,1.667,4.236,-0.016,4.464
5.35,1.628,-0.032,1.673,4.113,-0.017,4.471
5.36,1.425,-0.033,1.672,4.523,-0.018,4.489
5.37,1.632,-0.034,1.676,4.126,-0.018,4.495
5.38,1.564,-0.035,1.678,4.115,-0.019,4.500
5.39,1.320,-0.035,1.674,4.083,-0.017,4.506
5.40,1.658,-0.035,1.680,4.040,-0.016,4.510
5.41,1.513,-0.034,1.682,4.170,-0.017,4.516
5.42,1.905,-0.034,1.695,4.180,-0.018,4.521
5.43,1.569,-0.035,1.696,4.234,-0.019,4.529
5.44,1.675,-0.035,1.702,4.084,-0.018,4.533
5.45,1.498,-0.036,1.702,4.013,-0.018,4.534
5.46,1.648,-0.036,1.706,4.297,-0.017,4.543
5.47,1.562,-0.036,1.708,4.429,-0.016,4.557
5.48,1.418,-0.037,1.705,4.158,-0.017,4.561
5.49,1.769,-0.039,1.711,4.419,-0.016,4.573
5.50,1.518,-0.041,1.710,4.209,-0.017,4.577
5.51,1.695,-0.040,1.716,4.073,-0.015,4.580
5.52,1.507,-0.038,1.718,4.241,-0.016,4.584
5.53,1.660,-0.039,1.722,4.328,-0.016,4.592
5.54,1.412,-0.039,1.718,4.125,-0.015,4.594
5.55,1.639,-0.040,1.721,4.309,-0.015,4.602
5.56,1.585,-0.039,1.724,4.273,-0.016,4.606
5.57,1.460,-0.039,1.722,3.936,-0.018,4.600
5.58,1.479,-0.038,1.721,4.195,-0.017,4.603
5.59,1.508,-0.040,1.718,4.133,-0.017,4.604
5.60,1.756,-0.041,1.724,3.908,-0.016,4.598
5.61,1.450,-0.041,1.722,4.067,-0.017,4.596
5.62,1.438,-0.041,1.719,4.097,-0.016,4.596
5.63,1.376,-0.041,1.714,3.968,-0.017,4.591
5.64,1.828,-0.042,1.722,4.273,-0.017,4.594
5.65,1.596,-0.041,1.725,4.142,-0.016,4.596
5.66,1.530,-0.040,1.725,4.126,-0.015,4.596
5.67,1.594,-0.039,1.727,3.921,-0.014,4.590
5.68,1.731,-0.038,1.733,4.076,-0.015,4.587
5.69,1.578,-0.040,1.732,4.234,-0.015,4.589
5.70,1.670,-0.037,1.738,3.989,-0.016,4.583
5.71,1.478,-0.039,1.733,4.244,-0.016,4.586
5.72,1.479,-0.039,1.732,3.802,-0.015,4.577
5.73,1.207,-0.038,1.721,4.025,-0.014,4.574
5.74,1.437,-0.039,1.716,4.160,-0.014,4.573
5.75,1.712,-0.041,1.720,4.124,-0.014,4.572
5.76,1.604,-0.040,1.721,4.287,-0.014,4.576
5.77,1.526,-0.041,1.719,4.153,-0.013,4.576
5.78,1.471,-0.043,1.715,4.341,-0.014,4.580
5.79,1.573,-0.043,1.715,4.329,-0.013,4.585
5.80,1.593,-0.045,1.714,4.052,-0.014,4.579
5.81,1.545,-0.044,1.714,4.151,-0.014,4.578
5.82,1.464,-0.046,1.710,4.004,-0.014,4.572
5.83,1.814,-0.046,1.717,4.250,-0.013,4.574
5.84,1.584,-0.047,1.716,3.995,-0.014,4.566
5.85,1.663,-0.047,1.719,4.140,-0.014,4.564
5.86,1.769,-0.048,1.725,4.069,-0.013,4.561
5.87,1.444,-0.043,1.724,4.379,-0.014,4.566
5.88,1.679,-0.042,1.728,4.429,-0.016,4.570
5.89,1.645,-0.042,1.731,4.239,-0.017,4.570
5.90,1.576,-0.042,1.730,4.355,-0.016,4.574
5.91,1.584,-0.043,1.728,4.118,-0.014,4.572
5.92,1.417,-0.041,1.726,4.209,-0.015,4.571
5.93,1.559,-0.039,1.726,4.293,-0.014,4.574
5.94,1.640,-0.038,1.729,4.219,-0.013,4.574
5.95,1.476,-0.037,1.726,4.391,-0.014,4.577
5.96,1.587,-0.038,1.725,4.061,-0.015,4.570
5.97,1.560,-0.039,1.722,4.318,-0.016,4.572
5.98,1.758,-0.039,1.728,3.984,-0.017,4.563
5.99,1.902,-0.042,1.734,4.008,-0.017,4.555
6.00,1.442,-0.041,1.730,4.141,-0.018,4.551
6.01,1.529,-0.039,1.730,4.439,-0.019,4.555
6.02,1.670,-0.039,1.731,4.060,-0.019,4.550
6.03,1.521,-0.038,1.730,4.177,-0.018,4.548
6.04,1.690,-0.039,1.732,4.012,-0.017,4.542
6.05,1.392,-0.040,1.723,4.095,-0.015,4.538
6.06,1.561,-0.040,1.723,4.206,-0.017,4.536
6.07,1.587,-0.039,1.723,4.086,-0.016,4.532
6.08,1.334,-0.039,1.714,4.362,-0.015,4.535
6.09,1.423,-0.040,1.708,4.226,-0.016,4.534
6.10,1.633,-0.040,1.708,4.466,-0.016,4.540
6.11,1.708,-0.039,1.713,4.333,-0.017,4.541
6.12,1.348,-0.038,1.706,3.894,-0.016,4.529
6.13,1.584,-0.039,1.704,4.069,-0.015,4.525
6.14,1.543,-0.041,1.701,4.269,-0.014,4.526
6.15,1.910,-0.042,1.709,3.969,-0.014,4.516
6.16,1.506,-0.043,1.705,4.059,-0.012,4.512
6.17,1.639,-0.043,1.706,4.416,-0.013,4.516
6.18,1.612,-0.044,1.705,4.102,-0.012,4.511
6.19,1.421,-0.044,1.700,4.260,-0.011,4.512
6.20,1.422,-0.044,1.694,4.179,-0.010,4.509
6.21,1.720,-0.043,1.698,4.035,-0.010,4.501
6.22,1.786,-0.044,1.703,4.184,-0.011,4.498
6.23,1.402,-0.046,1.695,4.205,-0.010,4.498
6.24,1.546,-0.045,1.693,4.410,-0.010,4.501
6.25,1.614,-0.046,1.693,4.043,-0.011,4.493
6.26,1.729,-0.046,1.697,4.312,-0.012,4.493
6.28,1.490,-0.045,1.695,4.176,-0.012,4.490
6.28,1.756,-0.044,1.700,4.145,-0.012,4.486
6.29,1.669,-0.046,1.700,4.118,-0.011,4.482
6.30,1.533,-0.046,1.697,4.098,-0.011,4.476
6.31,1.703,-0.045,1.701,4.067,-0.011,4.470
6.32,1.539,-0.045,1.699,4.079,-0.010,4.465
6.33,1.313,-0.044,1.690,4.163,-0.011,4.460
6.34,1.298,-0.045,1.680,4.205,-0.010,4.459
6.35,1.574,-0.045,1.679,4.393,-0.010,4.463
6.36,1.421,-0.045,1.673,4.444,-0.010,4.468
6.37,1.897,-0.047,1.680,4.141,-0.011,4.463
6.38,1.459,-0.048,1.675,4.142,-0.009,4.460
6.39,1.511,-0.050,1.670,4.506,-0.009,4.466
6.40,1.652,-0.052,1.670,4.184,-0.010,4.463
6.41,1.614,-0.052,1.670,4.299,-0.009,4.464
6.42,1.742,-0.053,1.673,3.790,-0.009,4.449
6.44,1.751,-0.051,1.680,4.326,-0.008,4.450
6.45,1.927,-0.051,1.689,3.984,-0.008,4.441
6.45,1.660,-0.054,1.688,4.085,-0.008,4.435
6.47,1.762,-0.054,1.692,4.210,-0.008,4.433
6.48,1.754,-0.052,1.698,4.182,-0.006,4.432
6.49,1.510,-0.053,1.694,4.285,-0.006,4.432
6.49,1.543,-0.054,1.690,4.293,-0.006,4.433
6.50,1.546,-0.052,1.690,4.182,-0.005,4.430
6.51,1.641,-0.052,1.691,4.241,-0.006,4.428
6.53,1.338,-0.053,1.681,4.061,-0.007,4.421
6.53,1.483,-0.052,1.678,4.333,-0.006,4.423
6.55,1.688,-0.052,1.680,4.444,-0.006,4.427
6.55,1.430,-0.053,1.673,4.140,-0.005,4.424
6.57,1.710,-0.056,1.674,4.347,-0.006,4.425
6.58,1.650,-0.055,1.675,4.059,-0.005,4.419
6.59,1.434,-0.053,1.672,4.007,-0.005,4.411
6.60,1.655,-0.052,1.675,4.166,-0.005,4.407
6.61,1.567,-0.053,1.672,4.013,-0.005,4.399
6.62,1.680,-0.054,1.673,4.190,-0.004,4.397
6.63,1.413,-0.054,1.667,4.174,-0.004,4.394
6.64,1.476,-0.054,1.663,4.272,-0.003,4.394
6.65,1.590,-0.053,1.663,3.960,-0.003,4.385
6.66,1.503,-0.054,1.659,4.387,-0.002,4.389
6.67,1.550,-0.053,1.657,4.285,-0.001,4.391
6.68,1.600,-0.054,1.656,4.118,-0.001,4.386
6.69,1.450,-0.053,1.652,4.263,0.001,4.387
6.70,1.593,-0.052,1.653,4.161,0.001,4.384
6.71,1.581,-0.050,1.654,4.345,0.002,4.386
6.72,1.710,-0.049,1.658,4.279,0.002,4.386
6.73,1.465,-0.048,1.655,4.068,0.001,4.379
6.74,1.525,-0.048,1.652,4.481,-0.000,4.384
6.75,1.723,-0.047,1.657,4.299,0.001,4.386
6.76,1.218,-0.047,1.645,4.203,0.002,4.384
6.77,1.654,-0.045,1.648,3.947,0.001,4.373
6.78,1.574,-0.045,1.647,4.224,0.001,4.371
6.79,1.616,-0.047,1.645,3.938,-0.003,4.357
6.80,1.623,-0.045,1.648,4.113,-0.003,4.352
6.81,1.741,-0.044,1.652,4.170,-0.002,4.350
6.82,1.629,-0.044,1.653,3.875,-0.003,4.337
6.83,1.697,-0.044,1.656,4.186,-0.002,4.335
6.84,1.597,-0.045,1.654,3.967,-0.002,4.327
6.85,1.556,-0.045,1.652,4.237,-0.002,4.326
6.86,1.561,-0.045,1.650,4.165,-0.002,4.323
6.87,1.477,-0.046,1.645,4.315,-0.003,4.325
6.88,1.723,-0.046,1.649,4.041,-0.003,4.318
6.89,1.678,-0.048,1.649,3.923,-0.002,4.309
6.90,1.450,-0.047,1.645,4.295,-0.003,4.309
6.91,1.531,-0.046,1.643,3.808,-0.004,4.295
6.92,1.622,-0.047,1.643,4.244,-0.003,4.297
6.93,1.662,-0.047,1.644,3.956,-0.001,4.289
6.94,1.495,-0.046,1.641,4.181,-0.001,4.288
6.95,1.385,-0.045,1.635,4.108,-0.001,4.284
6.96,1.630,-0.046,1.636,4.469,-0.002,4.291
6.97,1.657,-0.045,1.638,4.513,-0.001,4.300
6.98,1.504,-0.045,1.635,4.232,-0.002,4.299
6.99,1.596,-0.045,1.634,3.939,-0.003,4.288
7.00,1.771,-0.044,1.640,3.740,-0.005,4.271
7.01,1.730,-0.042,1.645,4.542,-0.005,4.281
7.02,1.555,-0.043,1.643,4.033,-0.004,4.276
7.03,1.674,-0.044,1.643,4.452,-0.004,4.282
7.04,1.839,-0.045,1.650,4.482,-0.005,4.289
7.05,1.645,-0.044,1.652,3.904,-0.006,4.278
7.06,1.575,-0.044,1.650,3.891,-0.005,4.268
7.07,1.501,-0.043,1.647,4.231,-0.006,4.268
7.08,1.430,-0.042,1.642,4.090,-0.006,4.264
7.09,1.720,-0.042,1.646,4.218,-0.005,4.264
7.10,1.591,-0.042,1.645,4.095,-0.005,4.261
7.11,1.531,-0.043,1.641,4.393,-0.004,4.267
7.12,1.714,-0.041,1.646,4.399,-0.003,4.273
7.13,1.253,-0.043,1.633,4.428,-0.004,4.278
7.14,1.341,-0.042,1.625,4.130,-0.006,4.273
7.15,1.713,-0.043,1.628,4.226,-0.006,4.273
7.16,1.579,-0.044,1.626,4.202,-0.008,4.270
7.17,1.626,-0.043,1.628,4.038,-0.008,4.264
7.18,1.539,-0.044,1.625,4.321,-0.006,4.269
7.19,1.643,-0.046,1.624,4.235,-0.005,4.270
7.20,1.236,-0.046,1.612,4.571,-0.004,4.281
7.21,1.708,-0.047,1.614,3.920,-0.005,4.270
7.22,1.416,-0.048,1.608,4.093,-0.004,4.267
7.23,1.507,-0.047,1.606,4.482,-0.004,4.275
7.24,1.798,-0.044,1.616,4.212,-0.003,4.275
7.25,1.860,-0.041,1.627,4.305,-0.004,4.276
7.26,1.681,-0.041,1.629,4.536,-0.005,4.284
7.27,1.614,-0.041,1.628,4.081,-0.007,4.277
7.28,1.535,-0.039,1.628,4.163,-0.008,4.274
7.29,1.645,-0.039,1.630,4.490,-0.008,4.282
7.30,1.779,-0.037,1.637,3.999,-0.009,4.274
7.31,1.483,-0.038,1.631,4.417,-0.009,4.279
7.32,1.566,-0.038,1.630,4.254,-0.008,4.280
7.33,1.511,-0.039,1.626,4.191,-0.008,4.279
7.34,1.859,-0.039,1.633,4.086,-0.008,4.274
7.35,1.821,-0.039,1.639,4.160,-0.008,4.271
7.36,1.765,-0.038,1.645,3.976,-0.007,4.264
7.37,1.404,-0.037,1.639,4.339,-0.005,4.269
7.38,1.378,-0.038,1.630,4.073,-0.006,4.264
7.39,1.668,-0.036,1.634,3.755,-0.004,4.251
7.40,1.591,-0.039,1.631,4.046,-0.003,4.246
7.41,1.501,-0.037,1.629,4.057,-0.003,4.241
7.42,1.719,-0.038,1.631,4.181,-0.002,4.240
7.43,1.371,-0.037,1.624,4.517,-0.003,4.249
7.44,1.586,-0.037,1.624,4.265,-0.003,4.250
7.45,1.707,-0.035,1.628,4.020,-0.003,4.243
7.46,1.610,-0.035,1.628,3.815,-0.003,4.231
7.47,1.378,-0.036,1.620,3.999,-0.003,4.224
7.48,1.566,-0.036,1.618,3.878,-0.004,4.213
7.49,1.645,-0.035,1.621,4.556,-0.005,4.223
7.50,1.574,-0.035,1.620,4.080,-0.006,4.219
7.51,1.512,-0.035,1.616,4.191,-0.005,4.219
7.52,1.627,-0.035,1.617,4.208,-0.004,4.220
7.53,1.457,-0.035,1.613,4.347,-0.005,4.223
7.54,1.560,-0.035,1.611,4.287,-0.005,4.225
7.55,1.603,-0.034,1.612,4.255,-0.006,4.225
7.56,1.670,-0.032,1.615,4.081,-0.005,4.222
7.57,1.610,-0.032,1.616,4.461,-0.005,4.230
7.58,1.956,-0.033,1.626,4.085,-0.006,4.226
7.59,1.498,-0.034,1.620,4.315,-0.004,4.230
7.60,1.644,-0.033,1.622,4.247,-0.005,4.231
7.61,1.745,-0.034,1.626,4.217,-0.004,4.232
7.62,1.391,-0.032,1.621,4.475,-0.003,4.240
7.63,1.576,-0.033,1.619,4.205,-0.003,4.240
7.64,1.547,-0.035,1.615,3.942,-0.003,4.231
7.65,1.265,-0.037,1.602,3.961,-0.004,4.222
7.66,1.445,-0.037,1.597,3.979,-0.005,4.215
7.67,1.152,-0.038,1.583,4.064,-0.006,4.209
7.68,1.540,-0.040,1.580,4.144,-0.004,4.209
7.69,1.541,-0.040,1.578,4.027,-0.003,4.205
7.70,1.492,-0.041,1.575,4.457,-0.002,4.213
7.71,1.684,-0.041,1.578,4.334,-0.002,4.217
7.72,1.626,-0.043,1.578,4.423,-0.002,4.224
7.73,1.588,-0.043,1.577,4.089,-0.001,4.221
7.74,1.568,-0.045,1.575,3.808,-0.001,4.208
7.75,1.401,-0.046,1.569,3.944,-0.003,4.199
7.76,1.483,-0.046,1.566,3.989,-0.004,4.192
7.77,1.614,-0.045,1.568,4.300,-0.004,4.194
7.78,1.525,-0.044,1.568,4.117,-0.006,4.191
7.79,1.531,-0.044,1.566,4.239,-0.008,4.190
7.80,1.608,-0.044,1.567,4.284,-0.009,4.192
7.81,1.660,-0.045,1.570,3.962,-0.009,4.185
7.82,1.653,-0.046,1.571,4.268,-0.011,4.185
7.83,1.272,-0.048,1.560,4.435,-0.011,4.193
7.85,1.635,-0.046,1.563,4.081,-0.012,4.189
7.86,1.431,-0.048,1.558,3.875,-0.013,4.179
7.86,1.812,-0.047,1.566,4.463,-0.013,4.187
7.87,1.772,-0.049,1.570,4.174,-0.015,4.185
7.88,1.542,-0.047,1.571,4.088,-0.015,4.182
7.90,1.396,-0.048,1.565,4.215,-0.015,4.183
7.90,1.661,-0.048,1.568,4.398,-0.014,4.190
7.91,1.726,-0.046,1.574,4.568,-0.013,4.203
7.92,1.480,-0.046,1.571,4.270,-0.013,4.206
7.94,1.536,-0.046,1.570,4.614,-0.013,4.218
7.94,1.309,-0.045,1.563,4.026,-0.011,4.214
7.95,1.546,-0.047,1.560,4.486,-0.010,4.224
7.96,1.616,-0.048,1.561,4.303,-0.010,4.227
7.98,1.509,-0.047,1.560,3.992,-0.010,4.220
7.99,1.395,-0.048,1.554,4.224,-0.010,4.221
7.99,1.620,-0.048,1.555,4.181,-0.009,4.221
8.00,1.375,-0.047,1.551,4.218,-0.008,4.221
8.02,1.664,-0.045,1.556,4.163,-0.009,4.219
8.03,1.735,-0.046,1.561,4.277,-0.010,4.221
8.04,1.616,-0.047,1.561,4.111,-0.010,4.217
8.05,1.489,-0.046,1.559,3.738,-0.011,4.202
8.06,1.515,-0.046,1.558,4.203,-0.010,4.203
8.07,1.576,-0.044,1.560,3.770,-0.009,4.191
8.07,1.323,-0.044,1.553,4.013,-0.008,4.187
8.09,1.421,-0.044,1.548,4.142,-0.008,4.185
8.10,1.661,-0.044,1.551,4.088,-0.009,4.181
8.11,1.655,-0.045,1.554,4.300,-0.009,4.185
8.12,1.507,-0.045,1.552,4.331,-0.010,4.188
8.13,1.619,-0.045,1.554,4.152,-0.012,4.185
8.14,1.402,-0.045,1.548,4.055,-0.012,4.181
8.15,1.532,-0.045,1.548,4.312,-0.012,4.185
8.16,1.595,-0.044,1.550,4.180,-0.013,4.184
8.17,1.485,-0.043,1.549,4.228,-0.015,4.183
8.18,1.535,-0.044,1.547,4.071,-0.016,4.179
8.19,1.500,-0.045,1.544,4.212,-0.015,4.180
8.20,1.458,-0.046,1.541,4.557,-0.014,4.193
8.21,1.545,-0.045,1.541,4.225,-0.013,4.195
8.22,1.537,-0.045,1.540,4.228,-0.013,4.196
8.23,1.529,-0.043,1.542,4.031,-0.012,4.192
8.24,1.540,-0.044,1.541,4.069,-0.013,4.188
8.25,1.591,-0.042,1.544,4.180,-0.013,4.187
8.26,1.559,-0.044,1.542,4.201,-0.013,4.188
8.27,1.596,-0.044,1.543,4.108,-0.012,4.186
8.28,1.421,-0.044,1.539,4.141,-0.013,4.183
8.29,1.430,-0.044,1.536,4.130,-0.013,4.182
8.30,1.550,-0.045,1.535,4.279,-0.013,4.185
8.31,1.485,-0.045,1.532,4.324,-0.015,4.187
8.32,1.604,-0.047,1.532,4.080,-0.017,4.182
8.33,1.317,-0.045,1.527,4.209,-0.017,4.183
8.34,1.563,-0.044,1.529,4.172,-0.018,4.182
8.35,1.715,-0.045,1.534,4.071,-0.018,4.178
8.36,1.714,-0.045,1.538,3.937,-0.017,4.172
8.37,1.524,-0.046,1.537,4.460,-0.018,4.179
8.38,1.376,-0.045,1.533,4.057,-0.018,4.175
8.39,1.442,-0.043,1.531,4.046,-0.018,4.172
8.40,1.620,-0.043,1.534,4.038,-0.019,4.166
8.41,1.386,-0.041,1.531,4.120,-0.018,4.166
8.42,1.297,-0.042,1.522,4.345,-0.019,4.171
8.43,1.604,-0.040,1.526,4.371,-0.019,4.177
8.44,1.371,-0.038,1.523,4.286,-0.019,4.180
8.45,1.612,-0.039,1.524,3.944,-0.019,4.173
8.46,1.293,-0.039,1.517,3.902,-0.019,4.164
8.47,1.493,-0.040,1.514,4.064,-0.017,4.162
8.48,1.523,-0.042,1.512,4.025,-0.019,4.156
8.49,1.359,-0.044,1.505,4.176,-0.018,4.158
8.50,1.530,-0.044,1.505,4.191,-0.018,4.159
8.51,1.642,-0.046,1.507,4.138,-0.017,4.159
8.52,1.727,-0.047,1.512,4.461,-0.017,4.168
8.53,1.529,-0.046,1.513,4.129,-0.015,4.168
8.54,1.784,-0.048,1.519,4.071,-0.015,4.165
8.55,1.986,-0.047,1.534,4.221,-0.016,4.166
8.56,1.642,-0.049,1.535,4.594,-0.017,4.178
8.57,1.638,-0.050,1.537,4.489,-0.016,4.188
8.58,1.502,-0.049,1.537,3.816,-0.018,4.175
8.59,1.569,-0.052,1.535,4.188,-0.017,4.176
8.60,1.586,-0.052,1.536,4.306,-0.018,4.179
8.61,1.650,-0.055,1.537,3.874,-0.017,4.171
8.62,1.791,-0.055,1.544,4.111,-0.016,4.170
8.63,1.541,-0.055,1.544,4.306,-0.017,4.173
8.64,1.687,-0.055,1.549,4.140,-0.016,4.173
8.65,1.602,-0.054,1.551,4.013,-0.015,4.168
8.66,1.557,-0.054,1.551,3.989,-0.017,4.162
8.67,1.707,-0.054,1.555,4.103,-0.016,4.160
8.68,1.681,-0.054,1.560,4.205,-0.017,4.161
8.69,1.796,-0.053,1.568,4.340,-0.017,4.166
8.70,1.516,-0.051,1.568,4.237,-0.017,4.168
8.71,1.530,-0.050,1.568,3.741,-0.016,4.156
8.72,1.405,-0.050,1.563,4.549,-0.016,4.167
8.73,1.420,-0.050,1.559,4.361,-0.017,4.172
8.74,1.692,-0.048,1.565,4.160,-0.018,4.171
8.75,1.290,-0.048,1.557,3.904,-0.019,4.162
8.76,1.725,-0.045,1.565,4.280,-0.020,4.164
8.77,1.492,-0.046,1.562,4.205,-0.020,4.165
8.78,1.391,-0.046,1.556,3.995,-0.020,4.160
8.79,1.711,-0.046,1.561,4.048,-0.019,4.157
8.80,1.668,-0.045,1.566,4.052,-0.017,4.156
8.81,1.772,-0.045,1.572,4.463,-0.017,4.165
8.82,1.587,-0.046,1.571,4.110,-0.017,4.163
8.83,1.617,-0.048,1.571,4.039,-0.017,4.159
8.84,1.581,-0.048,1.572,3.999,-0.018,4.153
8.85,1.666,-0.046,1.576,4.098,-0.019,4.150
8.86,1.840,-0.047,1.584,4.603,-0.019,4.164
8.87,1.515,-0.047,1.582,4.274,-0.020,4.167
8.88,1.478,-0.048,1.578,4.351,-0.020,4.172
8.89,1.489,-0.049,1.574,4.064,-0.020,4.169
8.90,1.533,-0.049,1.573,4.333,-0.020,4.174
8.91,1.436,-0.050,1.568,4.207,-0.020,4.175
8.92,1.423,-0.049,1.565,4.262,-0.020,4.177
8.93,1.439,-0.051,1.560,4.259,-0.020,4.180
8.94,1.586,-0.050,1.561,4.083,-0.021,4.176
8.95,1.660,-0.051,1.563,4.167,-0.020,4.176
8.96,1.788,-0.051,1.570,4.405,-0.019,4.185
8.97,1.711,-0.051,1.575,4.399,-0.020,4.191
8.98,1.612,-0.050,1.577,4.170,-0.020,4.190
8.99,1.429,-0.048,1.575,3.860,-0.021,4.179
9.00,1.464,-0.047,1.572,4.148,-0.021,4.178
9.01,1.662,-0.047,1.575,4.138,-0.022,4.176
9.02,1.776,-0.049,1.580,4.042,-0.024,4.170
9.03,1.523,-0.047,1.580,4.447,-0.023,4.179
9.04,1.617,-0.046,1.582,4.196,-0.023,4.180
9.05,1.630,-0.045,1.585,4.192,-0.025,4.179
9.06,1.484,-0.045,1.582,3.882,-0.025,4.170
9.07,1.493,-0.046,1.578,4.039,-0.025,4.166
9.08,1.460,-0.045,1.576,4.152,-0.025,4.165
9.09,1.644,-0.043,1.580,4.020,-0.026,4.160
9.10,1.517,-0.040,1.581,4.197,-0.026,4.161
9.11,1.789,-0.041,1.587,3.962,-0.026,4.154
9.12,1.593,-0.039,1.589,4.566,-0.027,4.167
9.13,1.458,-0.040,1.584,4.366,-0.026,4.173
9.14,1.714,-0.041,1.587,4.177,-0.026,4.174
9.15,1.531,-0.038,1.588,4.177,-0.027,4.173
9.16,1.670,-0.039,1.590,4.057,-0.027,4.169
9.17,1.572,-0.040,1.589,4.037,-0.027,4.165
9.18,1.619,-0.041,1.589,4.094,-0.027,4.163
9.19,1.613,-0.041,1.590,4.197,-0.027,4.164
9.20,1.412,-0.042,1.584,4.140,-0.027,4.163
9.21,1.750,-0.041,1.590,4.170,-0.027,4.163
9.22,1.470,-0.043,1.585,4.104,-0.027,4.161
9.23,1.674,-0.042,1.589,4.260,-0.027,4.164
9.24,1.803,-0.042,1.595,3.903,-0.028,4.155
9.25,1.361,-0.042,1.588,4.269,-0.027,4.160
9.26,1.626,-0.044,1.588,4.135,-0.029,4.157
9.27,1.284,-0.042,1.580,4.074,-0.030,4.153
9.28,1.634,-0.043,1.581,4.242,-0.029,4.156
9.29,1.606,-0.042,1.583,3.999,-0.029,4.152
9.30,1.556,-0.042,1.582,4.152,-0.031,4.150
9.31,1.648,-0.045,1.581,4.298,-0.031,4.155
9.32,1.702,-0.045,1.585,4.174,-0.030,4.155
9.33,1.700,-0.046,1.588,4.239,-0.029,4.159
9.35,1.821,-0.045,1.596,4.316,-0.029,4.164
9.36,1.372,-0.044,1.591,4.237,-0.028,4.167
9.36,1.405,-0.044,1.586,4.232,-0.028,4.169
9.38,1.758,-0.045,1.589,4.082,-0.027,4.167
9.39,1.452,-0.047,1.584,4.041,-0.028,4.163
9.40,1.479,-0.047,1.581,4.039,-0.028,4.159
9.40,1.696,-0.046,1.586,4.194,-0.027,4.161
9.42,1.499,-0.046,1.583,4.135,-0.026,4.161
9.43,1.385,-0.043,1.580,4.262,-0.025,4.165
9.44,1.627,-0.044,1.581,3.942,-0.026,4.158
9.45,1.616,-0.045,1.581,4.387,-0.026,4.164
9.46,1.705,-0.045,1.585,4.290,-0.025,4.169
9.47,1.783,-0.044,1.592,4.009,-0.025,4.164
9.48,1.494,-0.043,1.590,4.371,-0.024,4.171
9.49,1.402,-0.043,1.584,4.404,-0.024,4.178
9.50,1.410,-0.044,1.578,4.229,-0.024,4.180
9.51,1.626,-0.044,1.579,4.520,-0.022,4.193
9.52,1.361,-0.046,1.572,4.227,-0.024,4.192
9.53,1.775,-0.044,1.579,4.266,-0.024,4.194
9.54,1.717,-0.044,1.584,4.270,-0.025,4.197
9.55,1.572,-0.045,1.582,4.144,-0.023,4.196
9.56,1.690,-0.044,1.587,4.213,-0.024,4.196
9.57,1.698,-0.044,1.590,4.199,-0.025,4.196
9.58,1.463,-0.043,1.588,4.326,-0.024,4.201
9.59,1.626,-0.045,1.587,4.197,-0.025,4.201
9.60,1.529,-0.046,1.584,4.031,-0.025,4.196
9.61,1.341,-0.046,1.577,4.229,-0.023,4.198
9.62,1.363,-0.046,1.570,3.675,-0.024,4.182
9.63,1.566,-0.045,1.572,4.204,-0.023,4.184
9.64,1.972,-0.045,1.584,4.201,-0.024,4.184
9.65,1.535,-0.045,1.582,3.936,-0.022,4.178
9.66,1.590,-0.045,1.583,3.961,-0.023,4.171
9.67,1.654,-0.044,1.586,4.011,-0.025,4.163
9.68,1.610,-0.044,1.587,4.463,-0.023,4.174
9.69,1.518,-0.042,1.587,4.001,-0.025,4.167
9.70,1.566,-0.040,1.588,4.095,-0.025,4.165
9.71,1.707,-0.041,1.590,4.280,-0.024,4.169
9.72,1.487,-0.044,1.585,4.348,-0.026,4.173
9.73,1.494,-0.044,1.583,4.412,-0.026,4.180
9.74,1.595,-0.044,1.583,4.045,-0.025,4.177
9.75,1.630,-0.044,1.584,4.128,-0.025,4.175
9.76,1.511,-0.044,1.582,4.489,-0.026,4.185
9.77,1.587,-0.045,1.582,4.252,-0.024,4.188
9.78,1.361,-0.045,1.575,4.399,-0.024,4.195
9.79,1.755,-0.046,1.579,4.340,-0.026,4.198
9.80,1.367,-0.046,1.573,4.404,-0.027,4.203
9.81,1.464,-0.048,1.567,4.089,-0.028,4.200
9.82,1.317,-0.049,1.559,4.586,-0.027,4.212
9.83,1.582,-0.047,1.561,4.428,-0.028,4.218
9.84,1.725,-0.049,1.565,4.135,-0.029,4.216
9.85,1.430,-0.050,1.559,4.032,-0.029,4.210
9.86,1.531,-0.053,1.555,4.167,-0.031,4.208
9.87,1.568,-0.054,1.555,3.874,-0.030,4.199
9.88,1.610,-0.052,1.558,4.274,-0.029,4.202
9.89,1.416,-0.053,1.553,4.119,-0.029,4.200
9.90,1.426,-0.054,1.547,3.939,-0.030,4.191
9.91,1.482,-0.053,1.547,3.979,-0.028,4.187
9.92,1.675,-0.054,1.550,4.496,-0.027,4.197
9.93,1.744,-0.053,1.556,4.349,-0.028,4.201
9.94,1.462,-0.053,1.553,4.221,-0.028,4.202
9.95,1.874,-0.053,1.563,4.215,-0.027,4.203
9.96,1.795,-0.052,1.572,4.097,-0.026,4.202
9.97,1.603,-0.050,1.574,4.165,-0.026,4.201
9.98,1.717,-0.051,1.578,4.414,-0.024,4.209
9.99,1.490,-0.053,1.573,3.766,-0.026,4.194
10.00,1.756,-0.053,1.578,4.362,-0.026,4.199
10.01,1.457,-0.054,1.574,4.069,-0.026,4.196
10.02,1.328,-0.053,1.568,4.346,-0.026,4.200
10.03,1.407,-0.053,1.563,3.768,-0.027,4.187
10.04,1.526,-0.054,1.561,4.422,-0.026,4.195
10.05,1.463,-0.053,1.559,4.026,-0.025,4.191
10.06,1.492,-0.053,1.557,3.854,-0.026,4.180
10.07,1.447,-0.054,1.552,4.239,-0.025,4.182
10.08,1.369,-0.053,1.547,4.520,-0.024,4.194
10.09,1.594,-0.053,1.549,3.984,-0.023,4.189
10.10,1.665,-0.052,1.552,4.179,-0.022,4.190
10.11,1.894,-0.051,1.564,4.087,-0.023,4.185
10.12,1.565,-0.050,1.565,4.109,-0.022,4.184
10.13,1.459,-0.049,1.563,4.389,-0.024,4.189
10.14,1.430,-0.049,1.559,4.129,-0.023,4.188
10.15,1.567,-0.048,1.560,4.229,-0.024,4.188
10.16,1.895,-0.049,1.569,4.182,-0.023,4.189
10.17,1.578,-0.050,1.568,4.150,-0.024,4.187
10.18,1.606,-0.047,1.572,4.149,-0.024,4.185
10.19,1.500,-0.047,1.570,4.118,-0.025,4.183
10.20,1.719,-0.045,1.576,3.873,-0.025,4.173
10.21,1.465,-0.045,1.574,4.493,-0.025,4.183
10.22,1.439,-0.043,1.571,4.005,-0.025,4.178
10.23,1.424,-0.044,1.566,4.102,-0.025,4.175
10.24,1.506,-0.044,1.564,4.059,-0.024,4.172
10.25,1.533,-0.044,1.563,4.205,-0.026,4.171
10.26,1.658,-0.045,1.565,4.273,-0.027,4.173
10.27,1.695,-0.045,1.569,4.483,-0.028,4.182
10.28,1.704,-0.047,1.571,4.422,-0.026,4.191
10.29,1.654,-0.045,1.575,4.238,-0.025,4.194
10.30,1.520,-0.045,1.574,4.314,-0.025,4.198
10.31,1.494,-0.045,1.571,4.211,-0.026,4.198
10.32,1.448,-0.044,1.568,4.086,-0.026,4.194
10.33,1.448,-0.045,1.564,4.427,-0.025,4.203
10.34,1.767,-0.044,1.570,3.930,-0.025,4.194
10.35,1.752,-0.046,1.574,4.042,-0.025,4.189
10.36,1.679,-0.045,1.579,4.333,-0.025,4.195
10.37,1.440,-0.048,1.571,4.116,-0.023,4.194
10.38,1.463,-0.049,1.567,3.978,-0.023,4.187
10.39,1.707,-0.048,1.573,4.152,-0.023,4.187
10.40,1.823,-0.048,1.580,3.886,-0.023,4.177
10.41,1.708,-0.046,1.586,4.248,-0.024,4.178
10.42,1.683,-0.045,1.591,4.044,-0.023,4.175
10.43,1.397,-0.045,1.584,3.829,-0.023,4.164
10.44,1.429,-0.044,1.581,4.413,-0.025,4.170
10.45,1.494,-0.044,1.578,4.309,-0.025,4.174
10.46,1.674,-0.044,1.581,4.237,-0.024,4.176
10.47,1.331,-0.043,1.575,4.209,-0.024,4.178
10.48,1.661,-0.044,1.577,4.340,-0.023,4.184
10.49,1.641,-0.043,1.579,4.157,-0.023,4.182
10.50,1.695,-0.042,1.584,4.216,-0.023,4.184
10.51,1.266,-0.042,1.574,4.412,-0.024,4.190
10.52,1.697,-0.043,1.577,4.315,-0.025,4.193
10.53,1.397,-0.042,1.573,4.141,-0.025,4.192
10.54,1.426,-0.042,1.568,4.493,-0.026,4.200
10.55,1.641,-0.041,1.571,4.215,-0.025,4.201
10.56,1.462,-0.041,1.568,4.169,-0.027,4.199
10.57,1.574,-0.040,1.569,4.157,-0.028,4.197
10.58,1.749,-0.043,1.571,4.035,-0.030,4.190
10.59,1.505,-0.042,1.570,4.032,-0.031,4.184
10.60,1.465,-0.042,1.567,3.933,-0.032,4.176
10.61,1.391,-0.041,1.562,4.236,-0.032,4.178
10.62,1.762,-0.040,1.569,4.354,-0.032,4.183
10.63,1.578,-0.040,1.570,4.452,-0.031,4.192
10.64,1.519,-0.039,1.569,4.112,-0.031,4.190
10.65,1.389,-0.038,1.564,4.361,-0.032,4.195
10.66,1.517,-0.038,1.563,4.012,-0.031,4.189
10.67,1.531,-0.039,1.561,4.192,-0.032,4.189
10.68,1.134,-0.039,1.547,4.188,-0.032,4.189
10.69,1.514,-0.040,1.545,4.163,-0.032,4.188
10.70,1.533,-0.039,1.546,3.942,-0.032,4.181
10.71,1.492,-0.041,1.542,4.270,-0.032,4.184
10.72,1.693,-0.041,1.546,4.117,-0.033,4.181
10.73,1.296,-0.039,1.539,4.006,-0.033,4.176
10.74,1.702,-0.040,1.543,4.099,-0.034,4.172
10.75,1.740,-0.043,1.546,4.205,-0.034,4.174
10.76,1.704,-0.043,1.551,4.265,-0.033,4.177
10.77,1.552,-0.044,1.550,4.075,-0.032,4.175
10.78,1.404,-0.043,1.546,4.404,-0.031,4.182
10.79,1.753,-0.043,1.552,4.163,-0.032,4.181
10.80,1.623,-0.044,1.553,4.139,-0.033,4.179
10.81,1.501,-0.044,1.551,3.922,-0.034,4.171
10.82,1.712,-0.044,1.557,4.318,-0.034,4.175
10.83,1.583,-0.042,1.559,4.007,-0.035,4.169
10.85,1.831,-0.043,1.566,4.291,-0.034,4.173
10.86,1.464,-0.040,1.566,4.222,-0.034,4.174
10.87,1.712,-0.044,1.567,4.235,-0.034,4.177
10.88,1.777,-0.043,1.574,4.270,-0.035,4.179
10.89,1.585,-0.042,1.576,3.997,-0.034,4.174
10.90,1.731,-0.041,1.581,4.437,-0.033,4.183
10.91,1.799,-0.042,1.587,4.493,-0.032,4.193
10.92,1.478,-0.043,1.583,4.268,-0.031,4.197
10.93,1.682,-0.045,1.584,4.197,-0.031,4.197
10.94,1.693,-0.044,1.588,4.354,-0.032,4.202
10.95,1.603,-0.044,1.589,3.994,-0.032,4.195
10.96,1.480,-0.045,1.585,3.814,-0.031,4.185
10.97,1.702,-0.044,1.589,4.151,-0.032,4.182
10.98,1.568,-0.044,1.590,4.113,-0.032,4.180
10.99,1.605,-0.043,1.591,4.123,-0.032,4.179
11.00,1.389,-0.043,1.584,4.045,-0.032,4.175
11.01,1.381,-0.046,1.576,4.286,-0.031,4.179
11.02,1.387,-0.046,1.570,4.208,-0.033,4.178
11.03,1.396,-0.048,1.563,4.122,-0.033,4.177
11.04,1.649,-0.047,1.566,3.924,-0.032,4.169
11.05,1.425,-0.047,1.562,4.046,-0.031,4.166
11.06,1.423,-0.047,1.558,4.144,-0.030,4.167
11.07,1.525,-0.046,1.557,4.085,-0.031,4.163
11.08,1.623,-0.045,1.560,4.113,-0.032,4.161
11.09,1.807,-0.043,1.570,4.008,-0.031,4.157
11.10,1.456,-0.046,1.564,4.644,-0.031,4.171
11.11,1.450,-0.045,1.560,4.184,-0.031,4.172
11.12,1.272,-0.043,1.554,4.487,-0.031,4.181
11.13,1.685,-0.044,1.557,4.254,-0.030,4.184
11.14,1.334,-0.045,1.549,4.402,-0.030,4.191
11.15,1.803,-0.045,1.557,4.323,-0.029,4.196
11.16,1.500,-0.046,1.554,4.043,-0.029,4.192
11.17,1.509,-0.046,1.552,4.212,-0.029,4.192
11.18,1.380,-0.046,1.547,4.223,-0.029,4.194
11.19,1.854,-0.047,1.555,4.302,-0.028,4.199
11.20,1.452,-0.048,1.551,4.218,-0.027,4.200
11.21,1.509,-0.050,1.547,4.094,-0.028,4.196
11.22,1.317,-0.050,1.541,4.109,-0.028,4.194
11.23,1.632,-0.049,1.544,4.453,-0.027,4.202
11.24,1.681,-0.050,1.547,4.229,-0.025,4.205
11.25,1.681,-0.051,1.550,3.975,-0.026,4.197
11.26,1.618,-0.052,1.551,4.343,-0.026,4.202
11.27,1.448,-0.053,1.547,4.293,-0.027,4.205
11.28,1.499,-0.053,1.545,4.066,-0.026,4.201
11.29,1.645,-0.052,1.549,4.190,-0.027,4.200
11.30,1.754,-0.053,1.554,4.058,-0.027,4.196
11.31,1.736,-0.051,1.561,3.922,-0.026,4.189
11.32,1.322,-0.054,1.552,3.975,-0.027,4.181
11.33,1.755,-0.052,1.559,4.015,-0.026,4.177
11.34,1.629,-0.052,1.562,3.974,-0.026,4.170
11.35,1.503,-0.051,1.561,3.950,-0.026,4.164
11.36,1.595,-0.050,1.563,4.058,-0.025,4.161
11.37,1.439,-0.050,1.559,3.856,-0.027,4.149
11.38,1.568,-0.049,1.561,4.041,-0.028,4.145
11.39,1.505,-0.049,1.559,4.584,-0.028,4.158
11.40,1.490,-0.050,1.555,4.364,-0.027,4.166
11.41,1.596,-0.051,1.556,4.000,-0.025,4.162
11.42,1.733,-0.051,1.562,3.945,-0.026,4.154
11.43,1.350,-0.050,1.556,4.148,-0.027,4.153
11.44,1.533,-0.050,1.555,4.090,-0.027,4.150
11.45,1.509,-0.049,1.555,4.199,-0.027,4.151
11.46,1.494,-0.051,1.551,3.899,-0.027,4.144
11.47,1.590,-0.048,1.554,3.926,-0.026,4.137
11.48,1.738,-0.048,1.560,4.034,-0.026,4.134
11.49,1.460,-0.048,1.557,4.152,-0.026,4.134
11.50,1.529,-0.049,1.555,4.214,-0.027,4.135
11.51,1.459,-0.052,1.550,4.356,-0.027,4.141
11.52,1.521,-0.053,1.547,4.344,-0.026,4.148
11.53,1.368,-0.053,1.542,4.166,-0.027,4.147
11.54,1.624,-0.052,1.545,4.106,-0.028,4.145
11.55,1.348,-0.051,1.540,4.167,-0.027,4.146
11.56,1.624,-0.052,1.541,4.273,-0.026,4.150
11.57,1.504,-0.052,1.540,4.148,-0.026,4.150
11.58,1.595,-0.051,1.542,4.021,-0.025,4.146
11.59,1.636,-0.051,1.545,4.218,-0.025,4.149
11.60,1.515,-0.051,1.544,3.850,-0.026,4.139
11.61,1.593,-0.051,1.546,4.201,-0.024,4.142
11.62,1.572,-0.052,1.545,4.269,-0.021,4.148
11.63,1.666,-0.053,1.548,4.218,-0.021,4.150
11.64,1.639,-0.051,1.552,3.948,-0.021,4.144
11.65,1.678,-0.052,1.555,4.247,-0.020,4.148
11.66,1.770,-0.051,1.563,4.385,-0.021,4.153
11.67,1.566,-0.053,1.561,4.304,-0.019,4.159
11.68,1.621,-0.052,1.564,3.974,-0.017,4.156
11.69,1.555,-0.053,1.563,3.958,-0.018,4.148
11.70,1.572,-0.052,1.564,4.017,-0.018,4.144
11.71,1.721,-0.052,1.569,4.254,-0.018,4.147
11.72,1.489,-0.054,1.565,4.473,-0.016,4.158
11.73,1.699,-0.056,1.567,3.985,-0.018,4.151
11.74,1.498,-0.056,1.565,4.374,-0.019,4.157
11.75,1.607,-0.057,1.566,3.917,-0.020,4.148
11.76,2.005,-0.059,1.577,4.150,-0.020,4.148
11.77,1.771,-0.057,1.585,3.852,-0.020,4.139
11.78,1.530,-0.057,1.584,3.957,-0.020,4.133
11.79,1.316,-0.061,1.572,4.266,-0.019,4.137
11.80,1.512,-0.061,1.571,4.058,-0.018,4.135
11.81,1.649,-0.061,1.573,4.083,-0.018,4.133
11.82,1.408,-0.061,1.568,4.231,-0.017,4.137
11.83,1.513,-0.062,1.566,4.268,-0.017,4.140
11.84,1.696,-0.063,1.569,4.134,-0.017,4.140
11.85,1.568,-0.065,1.567,4.293,-0.017,4.144
11.86,1.679,-0.067,1.569,3.924,-0.018,4.136
11.87,1.520,-0.068,1.567,4.316,-0.018,4.141
11.88,1.804,-0.069,1.573,4.358,-0.016,4.149
11.89,1.678,-0.071,1.574,4.405,-0.015,4.158
11.90,1.469,-0.073,1.570,4.101,-0.014,4.157
11.91,1.516,-0.072,1.569,4.061,-0.014,4.154
11.92,1.594,-0.070,1.572,4.178,-0.014,4.155
11.93,1.606,-0.068,1.575,4.238,-0.015,4.156
11.94,1.536,-0.070,1.573,3.697,-0.015,4.142
11.95,1.488,-0.068,1.572,4.087,-0.015,4.140
11.96,1.949,-0.068,1.584,4.048,-0.015,4.136
11.97,1.641,-0.068,1.586,4.122,-0.014,4.136
11.98,1.852,-0.069,1.594,4.331,-0.013,4.142
11.99,1.326,-0.070,1.585,4.190,-0.012,4.145
12.00,1.362,-0.070,1.579,4.423,-0.012,4.153
12.01,1.774,-0.069,1.586,4.096,-0.010,4.153
12.02,1.307,-0.069,1.578,3.985,-0.011,4.147
12.03,1.447,-0.067,1.576,4.121,-0.011,4.146
12.04,1.766,-0.067,1.582,4.303,-0.013,4.148
12.05,1.472,-0.067,1.579,4.002,-0.012,4.145
12.06,1.650,-0.066,1.583,4.086,-0.012,4.142
12.07,1.651,-0.066,1.585,4.073,-0.011,4.140
12.08,1.571,-0.067,1.584,3.856,-0.012,4.131
12.09,1.372,-0.067,1.578,4.415,-0.012,4.139
12.10,1.494,-0.068,1.575,4.260,-0.011,4.143
12.11,1.835,-0.067,1.583,4.304,-0.011,4.148
12.12,1.513,-0.068,1.581,4.198,-0.011,4.149
12.13,1.421,-0.069,1.576,3.985,-0.010,4.145
12.14,1.438,-0.068,1.573,4.088,-0.011,4.142
12.15,1.652,-0.067,1.576,3.981,-0.010,4.138
12.16,1.882,-0.066,1.587,4.311,-0.010,4.143
12.17,1.313,-0.064,1.580,4.018,-0.010,4.138
12.18,1.448,-0.063,1.577,4.241,-0.011,4.140
12.19,1.369,-0.063,1.572,4.183,-0.012,4.141
12.20,1.187,-0.064,1.559,4.234,-0.010,4.145
12.21,1.669,-0.064,1.562,4.033,-0.011,4.140
12.22,1.365,-0.064,1.556,4.087,-0.010,4.139
12.23,1.539,-0.065,1.554,3.946,-0.009,4.134
12.24,1.477,-0.065,1.552,4.378,-0.009,4.141
12.25,1.725,-0.064,1.559,4.155,-0.009,4.141
12.26,1.727,-0.064,1.563,4.328,-0.010,4.146
12.27,1.393,-0.065,1.557,3.829,-0.008,4.137
12.28,1.627,-0.066,1.559,4.218,-0.009,4.139
12.30,1.523,-0.067,1.557,4.063,-0.009,4.136
12.31,1.483,-0.067,1.554,4.064,-0.010,4.133
12.31,1.513,-0.068,1.552,4.320,-0.008,4.140
12.33,1.447,-0.067,1.550,4.111,-0.009,4.137
12.34,1.518,-0.066,1.550,4.012,-0.009,4.134
12.34,1.535,-0.065,1.550,4.186,-0.009,4.135
12.35,1.406,-0.066,1.545,3.878,-0.009,4.126
12.36,1.832,-0.067,1.552,4.213,-0.010,4.128
12.37,1.430,-0.068,1.548,4.249,-0.010,4.131
12.39,1.484,-0.067,1.547,4.395,-0.010,4.139
12.40,1.464,-0.066,1.545,4.190,-0.010,4.140
12.41,1.423,-0.066,1.541,4.172,-0.009,4.142
12.42,1.385,-0.065,1.537,4.201,-0.009,4.143
12.43,1.520,-0.066,1.535,4.057,-0.010,4.139
12.44,1.393,-0.066,1.531,4.033,-0.010,4.136
12.45,1.356,-0.065,1.526,4.106,-0.010,4.134
12.46,1.598,-0.066,1.527,4.245,-0.010,4.138
12.47,1.457,-0.067,1.524,4.329,-0.010,4.143
12.48,1.573,-0.066,1.526,4.295,-0.012,4.146
12.49,1.387,-0.064,1.523,4.286,-0.012,4.150
12.50,1.802,-0.065,1.531,4.088,-0.013,4.147
12.51,1.796,-0.065,1.538,3.932,-0.015,4.139
12.52,1.970,-0.065,1.552,4.029,-0.014,4.135
12.53,1.672,-0.065,1.555,3.863,-0.014,4.127
12.54,1.484,-0.067,1.551,4.183,-0.015,4.128
12.55,1.703,-0.065,1.557,3.961,-0.014,4.124
12.56,1.637,-0.067,1.559,4.147,-0.013,4.125
12.57,1.548,-0.066,1.559,4.256,-0.012,4.129
12.58,2.013,-0.065,1.574,4.130,-0.012,4.129
12.59,1.678,-0.065,1.577,4.069,-0.011,4.128
12.60,1.454,-0.065,1.574,4.340,-0.011,4.134
12.61,1.510,-0.065,1.572,4.020,-0.012,4.129
12.62,1.640,-0.066,1.573,4.108,-0.013,4.128
12.63,1.361,-0.066,1.567,4.457,-0.014,4.136
12.64,1.606,-0.066,1.568,4.303,-0.014,4.141
12.65,1.594,-0.067,1.568,4.138,-0.013,4.142
12.66,1.459,-0.069,1.563,4.246,-0.011,4.146
12.67,1.489,-0.070,1.560,4.078,-0.011,4.145
12.68,1.743,-0.070,1.565,4.093,-0.012,4.142
12.69,1.555,-0.070,1.566,4.260,-0.010,4.147
12.70,1.756,-0.069,1.572,4.377,-0.011,4.153
12.71,1.248,-0.070,1.562,4.037,-0.010,4.150
12.72,1.302,-0.070,1.554,4.217,-0.009,4.154
12.73,1.451,-0.070,1.551,4.204,-0.010,4.154
12.74,1.464,-0.072,1.547,4.415,-0.009,4.163
12.75,1.517,-0.071,1.546,4.532,-0.009,4.175
12.76,1.337,-0.070,1.541,4.134,-0.009,4.173
12.77,1.784,-0.070,1.548,4.131,-0.008,4.173
12.78,1.505,-0.069,1.548,4.008,-0.008,4.168
12.79,1.549,-0.069,1.548,4.125,-0.008,4.167
12.80,1.677,-0.068,1.552,4.114,-0.007,4.167
12.81,1.809,-0.067,1.562,4.085,-0.007,4.164
12.82,1.642,-0.068,1.563,4.316,-0.007,4.169
12.83,1.648,-0.069,1.565,4.316,-0.007,4.173
12.84,1.798,-0.070,1.571,4.163,-0.007,4.173
12.85,1.579,-0.070,1.572,4.123,-0.007,4.171
12.86,1.570,-0.071,1.570,4.322,-0.007,4.177
12.87,1.571,-0.072,1.570,4.082,-0.006,4.174
12.88,1.708,-0.072,1.574,4.004,-0.006,4.169
12.89,1.572,-0.073,1.573,4.160,-0.005,4.170
12.90,1.736,-0.074,1.578,4.137,-0.005,4.169
12.91,1.600,-0.072,1.581,4.068,-0.004,4.167
12.92,1.484,-0.072,1.578,3.897,-0.005,4.158
12.93,1.701,-0.073,1.582,4.439,-0.005,4.167
12.94,1.507,-0.074,1.578,4.304,-0.006,4.170
12.95,1.473,-0.073,1.576,4.062,-0.005,4.167
12.96,1.534,-0.074,1.574,3.943,-0.005,4.160
12.97,1.570,-0.074,1.574,4.120,-0.005,4.159
12.98,1.592,-0.073,1.577,4.159,-0.007,4.158
12.99,1.516,-0.072,1.575,4.328,-0.007,4.162
13.00,1.390,-0.071,1.571,4.367,-0.007,4.169
13.01,1.772,-0.072,1.577,4.052,-0.006,4.166
13.02,1.586,-0.073,1.576,4.316,-0.007,4.170
13.03,1.624,-0.072,1.579,4.092,-0.007,4.167
13.04,1.454,-0.072,1.575,4.172,-0.008,4.166
13.05,1.656,-0.072,1.577,4.125,-0.007,4.166
13.06,1.612,-0.073,1.578,4.051,-0.008,4.162
13.07,1.441,-0.073,1.575,4.297,-0.007,4.167
13.08,1.834,-0.073,1.582,3.938,-0.006,4.161
13.09,1.635,-0.072,1.585,4.122,-0.006,4.160
13.10,1.476,-0.073,1.581,3.922,-0.006,4.152
13.11,1.365,-0.071,1.577,4.421,-0.007,4.159
13.12,1.619,-0.070,1.579,4.029,-0.009,4.154
13.13,1.764,-0.069,1.586,4.239,-0.010,4.155
13.14,1.563,-0.068,1.586,4.003,-0.010,4.151
13.15,1.696,-0.068,1.590,4.086,-0.009,4.149
13.16,1.577,-0.069,1.589,4.340,-0.008,4.156
13.17,1.573,-0.070,1.588,4.147,-0.008,4.156
13.18,1.310,-0.069,1.580,4.365,-0.008,4.162
13.19,1.643,-0.068,1.584,4.221,-0.008,4.164
13.20,1.274,-0.067,1.575,4.064,-0.009,4.160
13.21,1.550,-0.067,1.575,4.346,-0.010,4.165
13.22,1.654,-0.068,1.576,4.263,-0.010,4.167
13.23,1.528,-0.068,1.575,4.146,-0.009,4.168
13.24,1.561,-0.068,1.574,4.423,-0.010,4.175
13.25,1.627,-0.066,1.578,4.375,-0.010,4.181
13.26,1.477,-0.068,1.573,4.299,-0.010,4.185
13.27,1.502,-0.068,1.572,4.193,-0.011,4.184
13.28,1.724,-0.067,1.577,4.129,-0.011,4.183
13.29,1.640,-0.066,1.580,4.070,-0.011,4.180
13.30,1.712,-0.067,1.583,4.115,-0.011,4.178
13.31,1.814,-0.066,1.592,3.972,-0.012,4.171
13.32,1.535,-0.066,1.590,4.406,-0.012,4.178
13.33,1.653,-0.067,1.591,4.076,-0.011,4.176
13.34,1.650,-0.068,1.593,4.277,-0.012,4.179
13.35,1.559,-0.067,1.592,3.959,-0.011,4.173
13.36,1.581,-0.067,1.593,4.110,-0.011,4.171
13.37,1.500,-0.066,1.590,4.361,-0.011,4.178
13.38,1.563,-0.067,1.589,4.120,-0.009,4.178
13.39,1.644,-0.068,1.590,4.262,-0.009,4.181
13.40,1.644,-0.068,1.592,4.296,-0.008,4.185
13.41,1.674,-0.067,1.596,4.286,-0.008,4.188
13.42,1.443,-0.065,1.594,4.228,-0.008,4.189
13.43,1.386,-0.065,1.587,4.192,-0.009,4.189
13.44,1.311,-0.065,1.579,4.515,-0.009,4.199
13.45,1.480,-0.065,1.576,3.980,-0.008,4.194
13.46,1.663,-0.068,1.576,3.943,-0.007,4.187
13.47,1.476,-0.069,1.572,4.346,-0.008,4.192
13.48,1.663,-0.069,1.575,4.404,-0.008,4.198
13.49,1.717,-0.071,1.577,4.429,-0.008,4.206
13.50,1.621,-0.070,1.580,4.408,-0.010,4.211
13.51,1.716,-0.071,1.583,4.243,-0.009,4.212
13.52,1.832,-0.071,1.591,4.283,-0.010,4.214
13.53,1.553,-0.072,1.589,3.930,-0.009,4.207
13.54,1.579,-0.073,1.588,3.936,-0.010,4.198
13.55,1.320,-0.073,1.580,4.231,-0.010,4.200
13.56,1.702,-0.074,1.583,4.341,-0.008,4.206
13.57,1.674,-0.075,1.585,4.226,-0.008,4.207
13.58,1.383,-0.074,1.580,4.255,-0.009,4.208
13.59,1.432,-0.076,1.573,4.047,-0.009,4.204
13.60,1.638,-0.077,1.574,4.113,-0.008,4.201
13.61,1.484,-0.076,1.573,4.209,-0.009,4.201
13.62,1.712,-0.077,1.577,4.334,-0.010,4.205
13.63,1.511,-0.078,1.574,4.022,-0.009,4.201
13.64,1.714,-0.078,1.578,3.947,-0.010,4.192
13.65,1.530,-0.080,1.575,4.438,-0.010,4.199
13.66,1.296,-0.080,1.567,4.433,-0.012,4.205
13.67,1.427,-0.079,1.563,4.142,-0.012,4.204
13.68,1.345,-0.078,1.557,4.471,-0.013,4.211
13.69,1.809,-0.079,1.564,4.061,-0.014,4.206
13.70,1.609,-0.079,1.566,4.011,-0.013,4.201
13.71,1.413,-0.078,1.562,4.256,-0.013,4.203
13.72,1.892,-0.079,1.571,4.177,-0.013,4.203
13.73,1.630,-0.079,1.574,3.962,-0.012,4.197
13.74,1.503,-0.078,1.572,3.941,-0.013,4.188
13.75,1.473,-0.078,1.570,4.097,-0.013,4.186
13.76,1.544,-0.077,1.570,4.315,-0.013,4.190
13.77,1.448,-0.075,1.567,4.178,-0.012,4.190
13.78,1.573,-0.076,1.567,4.147,-0.012,4.190
13.79,1.583,-0.074,1.570,4.199,-0.012,4.190
13.81,1.587,-0.073,1.571,4.495,-0.011,4.201
13.82,1.571,-0.074,1.570,4.376,-0.011,4.206
13.83,1.640,-0.074,1.572,4.228,-0.010,4.208
13.84,1.774,-0.072,1.580,4.322,-0.011,4.211
13.85,1.508,-0.072,1.578,3.922,-0.010,4.203
13.86,1.693,-0.071,1.583,3.827,-0.011,4.191
13.87,1.594,-0.073,1.582,3.910,-0.010,4.183
13.88,1.606,-0.073,1.582,4.528,-0.009,4.195
13.89,1.371,-0.072,1.577,4.117,-0.008,4.194
13.90,1.385,-0.072,1.571,4.213,-0.008,4.195
13.91,1.872,-0.072,1.580,4.455,-0.008,4.202
13.92,1.602,-0.070,1.583,4.415,-0.010,4.207
13.93,1.727,-0.071,1.586,4.344,-0.010,4.212
13.94,1.552,-0.070,1.587,4.268,-0.010,4.214
13.95,1.615,-0.068,1.590,4.193,-0.010,4.214
13.96,1.816,-0.065,1.599,4.197,-0.010,4.214
13.97,1.351,-0.066,1.591,4.093,-0.011,4.209
13.98,1.543,-0.065,1.591,4.234,-0.013,4.208
13.99,1.456,-0.066,1.586,4.150,-0.014,4.206
14.00,1.553,-0.065,1.586,4.172,-0.013,4.206
14.01,1.480,-0.067,1.582,4.082,-0.013,4.202
14.02,1.710,-0.068,1.585,4.134,-0.013,4.201
14.03,1.713,-0.066,1.590,4.236,-0.014,4.201
14.04,1.847,-0.066,1.598,4.019,-0.014,4.196
14.05,1.742,-0.066,1.603,4.308,-0.015,4.199
14.06,1.670,-0.066,1.605,4.191,-0.016,4.198
14.07,1.422,-0.065,1.601,4.225,-0.016,4.198
14.08,1.479,-0.066,1.596,4.077,-0.016,4.195
14.09,1.700,-0.066,1.600,4.144,-0.015,4.195
14.10,1.637,-0.066,1.601,3.919,-0.015,4.186
14.11,1.439,-0.066,1.596,4.305,-0.015,4.190
14.12,1.634,-0.068,1.595,4.287,-0.015,4.193
14.13,1.624,-0.071,1.594,4.249,-0.016,4.194
14.14,1.392,-0.070,1.589,4.104,-0.016,4.191
14.15,1.503,-0.069,1.587,4.298,-0.015,4.196
14.16,1.467,-0.070,1.583,4.253,-0.016,4.197
14.17,1.281,-0.071,1.573,4.196,-0.015,4.198
14.18,1.530,-0.072,1.570,4.227,-0.015,4.199
14.19,1.573,-0.070,1.572,3.979,-0.016,4.192
14.20,1.401,-0.069,1.568,3.994,-0.016,4.186
14.21,1.597,-0.069,1.569,4.050,-0.016,4.181
14.22,1.513,-0.071,1.565,4.293,-0.017,4.184
14.23,1.765,-0.072,1.570,4.084,-0.017,4.181
14.24,1.379,-0.073,1.563,4.100,-0.016,4.179
14.25,1.449,-0.074,1.559,4.479,-0.018,4.187
14.26,1.587,-0.075,1.559,4.159,-0.018,4.186
14.27,1.443,-0.074,1.556,4.244,-0.019,4.187
14.28,1.417,-0.073,1.552,4.323,-0.019,4.191
14.29,1.550,-0.076,1.549,4.331,-0.018,4.196
14.30,1.759,-0.077,1.555,4.345,-0.019,4.201
14.31,1.450,-0.076,1.552,4.027,-0.016,4.198
14.32,1.762,-0.075,1.559,4.093,-0.016,4.195
14.33,1.614,-0.075,1.561,4.166,-0.016,4.195
14.34,1.746,-0.075,1.567,4.535,-0.015,4.205
14.35,1.461,-0.074,1.564,4.120,-0.016,4.202
14.36,1.484,-0.072,1.564,4.042,-0.016,4.198
14.37,1.262,-0.072,1.554,3.876,-0.015,4.190
14.38,1.663,-0.072,1.558,4.106,-0.015,4.187
14.39,1.770,-0.069,1.566,4.339,-0.013,4.193
14.40,1.322,-0.070,1.559,4.204,-0.013,4.194
14.41,1.643,-0.071,1.560,4.235,-0.011,4.197
14.42,1.587,-0.071,1.560,4.050,-0.011,4.193
14.43,1.500,-0.072,1.557,4.418,-0.011,4.200
14.44,1.910,-0.073,1.567,4.209,-0.011,4.200
14.45,1.510,-0.075,1.564,4.054,-0.011,4.196
14.46,1.648,-0.074,1.567,4.115,-0.011,4.193
14.47,1.512,-0.074,1.565,4.227,-0.011,4.194
14.48,1.643,-0.076,1.566,4.293,-0.010,4.198
14.49,1.752,-0.075,1.572,4.342,-0.011,4.202
14.50,1.793,-0.074,1.580,4.226,-0.012,4.202
14.51,1.269,-0.075,1.570,4.081,-0.010,4.200
14.52,1.609,-0.075,1.571,4.201,-0.010,4.200
14.53,1.569,-0.077,1.569,4.346,-0.009,4.206
14.54,1.259,-0.079,1.558,4.134,-0.007,4.206
14.55,1.859,-0.080,1.566,4.218,-0.007,4.206
14.56,1.512,-0.079,1.566,4.380,-0.007,4.212
14.57,1.640,-0.081,1.566,3.770,-0.006,4.200
14.58,1.503,-0.081,1.563,4.278,-0.007,4.201
14.59,1.665,-0.084,1.564,4.167,-0.008,4.200
14.60,1.592,-0.084,1.565,4.064,-0.007,4.196
14.61,1.546,-0.083,1.565,4.227,-0.007,4.197
14.62,1.516,-0.084,1.563,4.086,-0.005,4.195
14.63,1.462,-0.084,1.560,4.404,-0.005,4.202
14.64,1.720,-0.087,1.562,4.099,-0.005,4.199
14.65,1.559,-0.086,1.563,4.136,-0.005,4.197
14.66,1.800,-0.085,1.571,3.941,-0.007,4.188
14.67,1.404,-0.085,1.566,4.135,-0.007,4.185
14.68,1.780,-0.086,1.571,4.316,-0.008,4.189
14.69,1.400,-0.085,1.568,3.968,-0.008,4.182
14.70,1.728,-0.085,1.573,4.119,-0.008,4.179
14.71,1.180,-0.084,1.562,4.284,-0.008,4.183
14.72,1.634,-0.085,1.563,4.512,-0.010,4.191
14.73,1.653,-0.084,1.567,4.135,-0.011,4.189
14.74,1.485,-0.084,1.565,4.235,-0.010,4.191
14.75,1.822,-0.084,1.572,4.309,-0.009,4.195
14.76,1.389,-0.084,1.566,4.175,-0.010,4.194
14.77,1.512,-0.084,1.565,4.183,-0.010,4.193
14.78,1.654,-0.085,1.567,4.561,-0.010,4.205
14.79,1.818,-0.086,1.574,4.046,-0.010,4.200
14.80,1.646,-0.084,1.578,4.292,-0.011,4.202
14.81,1.409,-0.083,1.575,4.185,-0.011,4.202
14.82,1.853,-0.082,1.584,4.073,-0.012,4.197
14.83,1.720,-0.080,1.590,4.361,-0.012,4.202
14.84,1.878,-0.079,1.600,4.217,-0.011,4.203
14.85,1.424,-0.080,1.594,4.132,-0.011,4.201
14.86,1.619,-0.082,1.593,4.154,-0.013,4.198
14.87,1.742,-0.080,1.600,4.327,-0.013,4.202
14.88,1.925,-0.078,1.612,4.451,-0.013,4.210
14.89,1.449,-0.079,1.607,4.236,-0.013,4.211
14.90,1.526,-0.079,1.605,4.214,-0.014,4.211
14.91,1.563,-0.080,1.602,4.078,-0.015,4.206
14.92,1.570,-0.081,1.601,4.164,-0.015,4.205
14.93,1.480,-0.083,1.596,4.130,-0.015,4.202
14.94,1.477,-0.085,1.591,4.383,-0.016,4.208
14.95,1.538,-0.086,1.588,4.087,-0.015,4.204
14.96,1.589,-0.088,1.587,3.913,-0.015,4.196
14.97,1.539,-0.089,1.584,4.149,-0.014,4.195
14.98,1.557,-0.089,1.584,4.131,-0.015,4.193
14.99,1.575,-0.088,1.585,4.420,-0.014,4.201
15.00,1.671,-0.090,1.586,4.050,-0.014,4.196
15.01,1.555,-0.090,1.586,4.092,-0.014,4.193
15.02,1.479,-0.088,1.584,4.269,-0.014,4.196
15.03,1.782,-0.086,1.592,4.054,-0.014,4.191
15.04,1.592,-0.086,1.593,4.132,-0.015,4.188
15.05,1.709,-0.088,1.595,4.326,-0.015,4.193
15.06,1.514,-0.087,1.593,3.887,-0.013,4.185
15.07,1.719,-0.086,1.598,3.903,-0.011,4.178
15.08,1.595,-0.088,1.596,4.291,-0.011,4.181
15.09,1.528,-0.089,1.594,4.170,-0.012,4.180
15.10,1.587,-0.087,1.596,3.909,-0.013,4.171
15.11,1.461,-0.087,1.592,4.213,-0.014,4.171
15.12,1.750,-0.087,1.597,4.349,-0.014,4.176
15.13,1.420,-0.089,1.590,4.243,-0.015,4.178
15.14,1.490,-0.090,1.587,4.323,-0.016,4.181
15.15,1.716,-0.089,1.592,4.325,-0.016,4.185
15.16,1.437,-0.087,1.589,4.284,-0.015,4.189
15.18,1.520,-0.089,1.585,4.209,-0.016,4.189
15.18,1.448,-0.089,1.581,4.124,-0.014,4.189
15.19,1.571,-0.089,1.581,4.303,-0.013,4.194
15.20,1.513,-0.091,1.577,4.379,-0.013,4.199
15.22,1.460,-0.092,1.573,3.995,-0.013,4.193
15.22,1.798,-0.091,1.580,4.143,-0.012,4.192
15.23,1.770,-0.094,1.584,4.496,-0.013,4.201
15.24,1.321,-0.094,1.575,4.299,-0.013,4.204
15.25,1.308,-0.095,1.566,4.125,-0.013,4.201
15.26,1.802,-0.097,1.572,4.331,-0.012,4.207
15.27,1.670,-0.098,1.574,4.205,-0.012,4.206
15.29,1.612,-0.099,1.575,4.270,-0.013,4.208
15.29,1.620,-0.097,1.578,4.048,-0.012,4.204
15.30,1.701,-0.099,1.580,4.171,-0.013,4.203
15.31,1.418,-0.099,1.575,4.350,-0.012,4.207
15.33,1.677,-0.101,1.577,4.114,-0.012,4.205
15.34,1.206,-0.100,1.566,4.213,-0.013,4.204
15.35,1.224,-0.100,1.556,4.205,-0.013,4.204
15.36,1.532,-0.099,1.556,4.361,-0.014,4.208
15.37,1.400,-0.100,1.550,4.009,-0.016,4.200
15.38,1.459,-0.101,1.547,4.018,-0.016,4.195
15.39,1.639,-0.098,1.552,4.334,-0.016,4.200
15.40,1.646,-0.100,1.553,3.833,-0.016,4.189
15.41,1.634,-0.101,1.555,4.395,-0.015,4.195
15.42,1.716,-0.101,1.560,4.306,-0.014,4.200
15.43,1.397,-0.099,1.557,4.304,-0.012,4.206
15.44,1.618,-0.098,1.560,3.874,-0.012,4.196
15.45,1.452,-0.097,1.557,4.303,-0.012,4.199
15.46,1.499,-0.095,1.557,4.206,-0.012,4.199
15.47,1.594,-0.095,1.558,4.330,-0.011,4.204
15.48,1.474,-0.095,1.555,4.133,-0.012,4.201
15.49,1.658,-0.098,1.556,3.981,-0.012,4.194
15.50,1.197,-0.098,1.545,4.326,-0.011,4.199
15.51,1.644,-0.097,1.549,4.212,-0.011,4.199
15.52,1.330,-0.097,1.542,4.256,-0.010,4.202
15.53,1.430,-0.098,1.537,3.839,-0.009,4.193
15.54,1.737,-0.097,1.544,4.258,-0.008,4.195
15.55,1.593,-0.097,1.545,4.090,-0.007,4.193
15.56,1.559,-0.097,1.546,4.045,-0.007,4.189
15.57,1.721,-0.097,1.551,4.318,-0.007,4.192
15.58,1.495,-0.097,1.549,4.163,-0.006,4.192
15.59,1.530,-0.097,1.548,4.176,-0.007,4.191
15.60,1.501,-0.097,1.547,3.880,-0.008,4.181
15.61,1.468,-0.098,1.544,4.382,-0.007,4.187
15.62,1.355,-0.095,1.541,4.142,-0.007,4.186
15.63,1.754,-0.093,1.549,4.407,-0.008,4.192
15.64,1.666,-0.094,1.552,4.170,-0.008,4.191
15.65,1.494,-0.093,1.550,3.985,-0.008,4.185
15.66,1.529,-0.093,1.549,3.847,-0.007,4.175
15.67,1.870,-0.094,1.558,4.150,-0.008,4.173
15.68,1.831,-0.096,1.565,4.221,-0.008,4.174
15.69,1.722,-0.096,1.570,4.499,-0.008,4.184
15.70,1.558,-0.095,1.570,4.400,-0.009,4.190
15.71,1.580,-0.096,1.570,4.190,-0.010,4.188
15.72,1.535,-0.096,1.569,4.213,-0.010,4.189
15.73,1.528,-0.095,1.568,4.337,-0.008,4.195
15.74,1.477,-0.096,1.565,4.335,-0.008,4.200
15.75,1.704,-0.094,1.571,4.178,-0.009,4.199
15.76,1.679,-0.095,1.573,4.396,-0.011,4.203
15.77,1.383,-0.095,1.568,4.291,-0.011,4.205
15.78,1.497,-0.094,1.567,4.311,-0.012,4.208
15.79,1.519,-0.093,1.566,3.958,-0.010,4.202
15.80,1.671,-0.093,1.570,3.917,-0.011,4.193
15.81,1.581,-0.093,1.570,4.183,-0.010,4.193
15.82,1.605,-0.093,1.571,4.251,-0.010,4.195
15.83,1.494,-0.096,1.566,4.027,-0.011,4.189
15.84,1.683,-0.096,1.569,3.838,-0.010,4.179
15.85,1.489,-0.097,1.566,4.162,-0.009,4.179
15.86,1.736,-0.095,1.574,4.676,-0.009,4.195
15.87,1.396,-0.095,1.569,3.995,-0.009,4.189
15.88,1.482,-0.093,1.568,4.001,-0.008,4.184
15.89,1.804,-0.093,1.575,4.398,-0.009,4.189
15.90,1.447,-0.094,1.570,4.398,-0.009,4.195
15.91,1.580,-0.093,1.571,4.071,-0.009,4.192
15.92,1.583,-0.094,1.570,4.256,-0.009,4.193
15.93,1.552,-0.094,1.570,4.159,-0.010,4.192
15.94,1.483,-0.093,1.568,3.831,-0.010,4.180
15.95,1.831,-0.096,1.574,4.256,-0.010,4.183
15.96,1.724,-0.097,1.578,4.152,-0.011,4.181
15.97,1.781,-0.096,1.585,3.955,-0.010,4.174
15.98,1.755,-0.096,1.591,4.048,-0.009,4.171
15.99,1.588,-0.094,1.592,4.245,-0.010,4.172
16.00,1.734,-0.094,1.597,4.301,-0.012,4.175
16.01,1.840,-0.095,1.604,4.208,-0.011,4.176
16.02,1.401,-0.096,1.597,4.265,-0.012,4.177
16.03,1.671,-0.097,1.599,4.228,-0.011,4.180
16.04,1.661,-0.096,1.602,4.472,-0.012,4.188
16.05,1.613,-0.096,1.603,4.020,-0.011,4.184
16.06,1.802,-0.097,1.608,4.171,-0.010,4.184
16.07,1.455,-0.097,1.604,4.040,-0.011,4.179
16.08,1.629,-0.098,1.604,3.850,-0.011,4.168
16.09,1.569,-0.098,1.603,3.995,-0.012,4.162
16.10,1.556,-0.099,1.602,4.145,-0.011,4.162
16.11,1.466,-0.099,1.598,3.993,-0.012,4.156
16.12,1.680,-0.099,1.600,4.508,-0.012,4.166
16.13,1.562,-0.102,1.597,4.027,-0.012,4.162
16.14,1.499,-0.103,1.594,4.276,-0.013,4.164
16.15,1.579,-0.104,1.592,4.237,-0.012,4.167
16.16,1.705,-0.103,1.597,4.192,-0.011,4.168
16.17,1.580,-0.102,1.598,4.260,-0.011,4.171
16.18,1.415,-0.101,1.594,4.398,-0.010,4.179
16.19,1.404,-0.103,1.586,4.621,-0.011,4.191
16.20,1.506,-0.103,1.584,4.407,-0.012,4.197
16.21,1.657,-0.103,1.586,4.185,-0.014,4.195
16.22,1.429,-0.103,1.582,4.255,-0.016,4.195
16.23,1.599,-0.103,1.583,4.031,-0.016,4.190
16.24,1.703,-0.104,1.586,4.393,-0.016,4.197
16.25,1.244,-0.106,1.574,4.082,-0.015,4.194
16.26,1.543,-0.107,1.571,4.233,-0.015,4.195
16.27,1.314,-0.106,1.565,4.319,-0.015,4.200
16.28,1.557,-0.106,1.564,4.171,-0.014,4.200
16.29,1.372,-0.109,1.556,4.373,-0.014,4.205
16.30,1.342,-0.111,1.548,4.011,-0.015,4.198
16.31,1.620,-0.110,1.550,4.056,-0.012,4.197
16.32,1.639,-0.111,1.552,4.081,-0.011,4.194
16.33,1.604,-0.112,1.553,4.213,-0.011,4.195
16.34,1.483,-0.111,1.552,3.979,-0.011,4.188
16.35,1.618,-0.110,1.554,4.151,-0.010,4.188
16.36,1.790,-0.110,1.562,4.015,-0.010,4.183
16.37,1.470,-0.111,1.558,3.972,-0.011,4.175
16.38,1.581,-0.110,1.559,4.243,-0.010,4.178
16.39,1.581,-0.111,1.559,4.263,-0.010,4.181
16.40,1.638,-0.112,1.561,4.608,-0.009,4.195
16.41,1.623,-0.112,1.562,4.137,-0.009,4.193
16.42,1.713,-0.112,1.567,3.959,-0.009,4.186
16.43,1.462,-0.113,1.564,4.397,-0.009,4.192
16.44,1.555,-0.112,1.564,4.106,-0.010,4.188
16.45,1.410,-0.114,1.557,4.466,-0.010,4.197
16.46,1.721,-0.114,1.563,4.027,-0.009,4.193
16.47,1.488,-0.113,1.561,3.978,-0.009,4.187
16.48,1.546,-0.112,1.562,3.891,-0.008,4.179
16.49,1.685,-0.112,1.566,4.496,-0.008,4.188
16.50,1.780,-0.112,1.572,4.203,-0.008,4.188
16.51,1.598,-0.112,1.573,4.325,-0.008,4.193
16.52,1.656,-0.111,1.577,4.135,-0.009,4.190
16.53,1.565,-0.112,1.576,4.057,-0.008,4.187
16.55,1.659,-0.113,1.578,4.106,-0.009,4.183
16.55,1.753,-0.110,1.586,4.355,-0.010,4.187
16.56,1.457,-0.110,1.582,4.088,-0.010,4.184
16.57,1.453,-0.109,1.579,4.174,-0.010,4.184
16.58,1.288,-0.112,1.568,3.933,-0.010,4.176
16.59,1.740,-0.110,1.575,4.167,-0.010,4.176
16.60,1.385,-0.109,1.571,4.313,-0.009,4.180
16.61,1.476,-0.109,1.568,4.190,-0.010,4.180
16.62,1.787,-0.109,1.575,4.246,-0.011,4.181
16.63,1.555,-0.111,1.572,4.133,-0.012,4.179
16.64,1.658,-0.112,1.575,4.199,-0.010,4.181
16.66,1.535,-0.112,1.573,4.046,-0.010,4.176
16.66,1.553,-0.114,1.571,3.704,-0.010,4.162
16.67,1.555,-0.115,1.569,3.998,-0.009,4.158
16.68,1.464,-0.115,1.567,4.161,-0.011,4.156
16.69,2.071,-0.115,1.581,4.057,-0.011,4.152
16.71,1.577,-0.117,1.580,4.305,-0.012,4.155
16.72,1.591,-0.117,1.581,4.070,-0.013,4.152
16.72,1.716,-0.118,1.584,4.363,-0.012,4.159
16.73,1.576,-0.117,1.585,4.131,-0.012,4.158
16.74,1.537,-0.116,1.585,4.337,-0.013,4.162
16.75,1.659,-0.117,1.587,4.299,-0.013,4.166
16.76,1.421,-0.118,1.581,4.174,-0.013,4.166
16.77,1.571,-0.119,1.580,4.546,-0.015,4.176
16.79,1.447,-0.121,1.574,4.135,-0.017,4.173
16.80,1.377,-0.122,1.567,4.151,-0.016,4.172
16.80,1.671,-0.123,1.570,4.411,-0.016,4.180
16.81,1.560,-0.124,1.568,4.324,-0.016,4.184
16.82,1.608,-0.123,1.571,4.456,-0.016,4.192
16.84,1.802,-0.122,1.579,4.129,-0.017,4.190
16.85,1.352,-0.121,1.574,3.912,-0.015,4.183
16.86,1.376,-0.120,1.569,3.998,-0.016,4.177
16.87,1.440,-0.118,1.567,3.958,-0.016,4.170
16.88,1.475,-0.119,1.563,4.404,-0.017,4.176
16.89,1.606,-0.119,1.564,4.436,-0.017,4.184
16.90,1.721,-0.119,1.570,4.087,-0.018,4.180
16.91,1.654,-0.117,1.574,4.045,-0.018,4.176
16.92,1.652,-0.118,1.576,4.159,-0.019,4.175
16.93,1.547,-0.116,1.577,4.053,-0.019,4.171
16.94,1.429,-0.115,1.573,3.980,-0.018,4.166
16.95,1.629,-0.117,1.573,4.406,-0.018,4.173
16.96,1.514,-0.117,1.572,4.212,-0.017,4.175
16.97,1.481,-0.117,1.569,4.234,-0.019,4.176
16.98,1.495,-0.118,1.565,4.324,-0.018,4.180
16.99,1.728,-0.119,1.570,4.479,-0.019,4.189
17.00,1.564,-0.121,1.568,4.030,-0.018,4.185
17.01,1.556,-0.119,1.570,4.386,-0.019,4.191
17.02,1.313,-0.116,1.564,4.272,-0.019,4.193
17.03,1.624,-0.116,1.567,4.105,-0.018,4.192
17.04,1.550,-0.116,1.566,4.238,-0.018,4.193
17.05,1.750,-0.116,1.571,3.829,-0.019,4.181
17.06,1.518,-0.117,1.569,4.127,-0.019,4.179
17.07,1.561,-0.116,1.570,4.240,-0.019,4.181
17.08,1.334,-0.115,1.564,3.978,-0.017,4.177
17.09,1.752,-0.115,1.570,4.101,-0.017,4.174
17.10,1.835,-0.114,1.579,4.112,-0.016,4.173
17.11,1.624,-0.114,1.581,3.983,-0.017,4.167
17.12,1.685,-0.115,1.583,4.229,-0.017,4.169
17.13,1.578,-0.116,1.582,4.224,-0.016,4.171
17.14,1.579,-0.116,1.582,4.148,-0.015,4.171
17.15,1.690,-0.116,1.585,3.974,-0.014,4.166
17.16,1.681,-0.117,1.587,4.437,-0.012,4.176
17.17,1.660,-0.118,1.589,3.937,-0.012,4.169
17.18,1.902,-0.118,1.599,4.242,-0.011,4.171
17.19,1.570,-0.121,1.596,4.130,-0.011,4.170
17.20,1.663,-0.120,1.599,4.334,-0.011,4.175
17.21,1.503,-0.121,1.596,3.967,-0.011,4.169
17.22,1.792,-0.120,1.603,4.189,-0.012,4.169
17.23,1.512,-0.122,1.598,4.400,-0.014,4.173
17.24,1.357,-0.124,1.590,4.229,-0.016,4.173
17.25,1.609,-0.124,1.591,4.477,-0.015,4.183
17.26,1.768,-0.124,1.597,4.433,-0.015,4.191
17.27,1.599,-0.122,1.599,4.435,-0.014,4.199
17.28,1.668,-0.120,1.603,4.185,-0.013,4.200
17.29,1.559,-0.121,1.601,4.247,-0.014,4.201
17.30,1.643,-0.121,1.603,4.293,-0.014,4.204
17.31,1.290,-0.121,1.594,4.097,-0.013,4.202
17.32,1.607,-0.120,1.596,4.157,-0.012,4.202
17.33,1.482,-0.122,1.591,4.398,-0.012,4.208
17.34,1.486,-0.121,1.589,4.397,-0.011,4.215
17.35,1.737,-0.119,1.595,4.066,-0.011,4.211
17.36,1.504,-0.117,1.594,3.871,-0.011,4.201
17.37,1.586,-0.118,1.594,3.950,-0.011,4.193
17.38,1.418,-0.116,1.590,4.387,-0.012,4.198
17.39,1.405,-0.117,1.584,4.130,-0.011,4.197
17.40,1.591,-0.117,1.585,4.322,-0.012,4.200
17.41,1.864,-0.116,1.594,4.206,-0.012,4.200
17.42,1.556,-0.116,1.593,4.226,-0.011,4.202
17.43,1.638,-0.116,1.595,3.980,-0.013,4.194
17.44,1.650,-0.116,1.596,4.372,-0.013,4.199
17.45,1.591,-0.116,1.596,4.130,-0.013,4.198
17.46,1.542,-0.116,1.595,4.185,-0.012,4.198
17.47,1.832,-0.118,1.601,3.670,-0.012,4.181
17.48,1.427,-0.118,1.596,4.358,-0.012,4.187
17.49,1.429,-0.122,1.587,3.751,-0.011,4.175
17.50,1.614,-0.121,1.589,4.152,-0.010,4.175
17.51,1.839,-0.122,1.596,3.976,-0.010,4.169
17.52,1.473,-0.120,1.594,4.087,-0.011,4.165
17.53,1.509,-0.122,1.590,4.244,-0.012,4.166
17.54,1.349,-0.124,1.581,4.154,-0.012,4.165
17.55,1.615,-0.122,1.584,4.334,-0.012,4.170
17.56,1.612,-0.120,1.588,4.269,-0.011,4.174
17.57,1.720,-0.122,1.590,4.434,-0.010,4.183
17.58,1.465,-0.121,1.587,4.139,-0.011,4.180
17.59,1.742,-0.121,1.592,4.116,-0.011,4.178
17.60,1.750,-0.119,1.599,4.038,-0.012,4.174
17.61,1.414,-0.119,1.593,3.988,-0.012,4.168
17.62,1.485,-0.120,1.589,4.144,-0.011,4.167
17.63,1.590,-0.120,1.590,4.143,-0.014,4.163
17.64,1.517,-0.120,1.588,3.920,-0.016,4.155
17.65,1.771,-0.120,1.593,4.450,-0.017,4.163
17.66,1.648,-0.120,1.595,4.456,-0.016,4.172
17.67,1.597,-0.122,1.593,4.160,-0.018,4.170
17.68,1.767,-0.123,1.598,4.148,-0.018,4.169
17.69,1.737,-0.126,1.600,4.174,-0.017,4.170
17.70,1.352,-0.127,1.592,4.346,-0.017,4.175
17.71,1.624,-0.126,1.594,3.888,-0.018,4.166
17.72,1.562,-0.127,1.592,4.254,-0.017,4.169
17.73,1.521,-0.125,1.592,4.293,-0.017,4.172
17.74,1.711,-0.125,1.596,3.989,-0.017,4.167
17.75,1.634,-0.123,1.599,4.054,-0.017,4.163
17.76,1.424,-0.124,1.593,4.246,-0.018,4.165
17.77,1.694,-0.123,1.597,4.287,-0.018,4.169
17.78,1.409,-0.122,1.592,4.240,-0.018,4.170
17.79,1.498,-0.122,1.590,4.323,-0.017,4.177
17.80,1.485,-0.123,1.586,3.970,-0.016,4.171
17.81,1.444,-0.124,1.581,4.364,-0.016,4.177
17.82,1.657,-0.123,1.584,4.159,-0.015,4.177
17.83,1.586,-0.123,1.585,4.191,-0.014,4.178
17.84,1.582,-0.122,1.585,4.131,-0.015,4.176
17.85,1.374,-0.121,1.580,4.003,-0.016,4.170
17.86,1.424,-0.123,1.573,4.199,-0.016,4.170
17.87,1.484,-0.126,1.568,4.268,-0.016,4.174
17.88,1.559,-0.126,1.568,4.310,-0.016,4.178
17.89,1.640,-0.125,1.570,4.178,-0.016,4.177
17.90,1.244,-0.126,1.559,3.974,-0.017,4.170
17.91,1.448,-0.126,1.556,4.277,-0.015,4.175
17.92,1.732,-0.127,1.560,4.231,-0.013,4.179
17.93,1.465,-0.129,1.555,4.248,-0.013,4.181
17.94,1.521,-0.130,1.553,4.276,-0.012,4.185
17.95,1.723,-0.132,1.556,4.551,-0.014,4.194
17.96,1.712,-0.132,1.561,4.463,-0.015,4.202
17.97,1.801,-0.132,1.568,4.278,-0.016,4.204
17.98,1.612,-0.135,1.567,4.279,-0.016,4.206
17.99,1.531,-0.135,1.566,3.892,-0.015,4.197
18.00,1.553,-0.136,1.564,4.142,-0.016,4.195
18.01,1.374,-0.135,1.560,4.442,-0.016,4.203
18.02,1.727,-0.137,1.563,4.185,-0.017,4.202
18.03,1.462,-0.136,1.561,4.323,-0.018,4.205
18.04,1.721,-0.138,1.564,4.220,-0.017,4.206
18.05,1.547,-0.135,1.566,4.013,-0.017,4.200
18.06,1.529,-0.137,1.564,4.104,-0.017,4.197
18.07,1.414,-0.139,1.557,4.046,-0.019,4.192
18.08,1.674,-0.139,1.561,4.428,-0.019,4.198
18.09,1.525,-0.141,1.558,4.176,-0.021,4.196
18.11,1.620,-0.142,1.558,4.558,-0.022,4.207
18.12,1.429,-0.141,1.556,3.869,-0.023,4.196
18.12,1.501,-0.140,1.555,3.939,-0.022,4.189
18.13,1.556,-0.141,1.554,4.025,-0.023,4.184
18.14,1.430,-0.143,1.548,4.332,-0.022,4.189
18.15,1.529,-0.142,1.548,3.921,-0.024,4.179
18.17,1.710,-0.143,1.552,3.845,-0.024,4.169
18.17,1.490,-0.143,1.550,3.756,-0.023,4.157
18.18,1.771,-0.141,1.559,4.137,-0.023,4.156
18.20,1.626,-0.143,1.560,4.182,-0.022,4.158
18.21,1.376,-0.141,1.556,3.919,-0.022,4.150
18.21,1.672,-0.141,1.559,4.355,-0.022,4.156
18.22,1.545,-0.142,1.558,4.228,-0.021,4.159
18.24,1.712,-0.142,1.563,3.982,-0.021,4.154
18.25,1.543,-0.142,1.562,4.283,-0.020,4.158
18.26,1.557,-0.145,1.559,4.303,-0.021,4.162
18.26,1.249,-0.147,1.548,4.392,-0.021,4.168
18.27,1.706,-0.146,1.553,4.328,-0.021,4.174
18.28,1.587,-0.147,1.554,3.928,-0.020,4.167
18.30,1.661,-0.145,1.559,4.266,-0.021,4.169
18.30,1.497,-0.147,1.556,4.336,-0.019,4.175
18.32,1.573,-0.147,1.556,4.576,-0.019,4.188
18.33,1.623,-0.146,1.559,4.297,-0.018,4.192
18.34,1.320,-0.144,1.554,4.221,-0.018,4.194
18.34,1.607,-0.143,1.556,4.280,-0.018,4.196
18.36,1.498,-0.143,1.555,4.339,-0.018,4.201
18.37,1.620,-0.145,1.554,4.338,-0.019,4.204
18.38,1.429,-0.145,1.550,4.330,-0.018,4.209
18.39,1.452,-0.146,1.546,4.013,-0.018,4.204
18.40,1.601,-0.148,1.546,4.086,-0.019,4.200
18.41,1.318,-0.148,1.540,4.315,-0.019,4.203
18.42,1.726,-0.147,1.546,3.820,-0.020,4.190
18.43,1.679,-0.147,1.550,4.070,-0.020,4.187
18.44,1.623,-0.148,1.552,4.129,-0.020,4.185
18.45,1.842,-0.149,1.559,4.240,-0.021,4.186
18.46,1.842,-0.150,1.567,4.223,-0.022,4.186
18.47,1.773,-0.152,1.571,4.119,-0.021,4.185
18.48,1.616,-0.153,1.572,4.171,-0.021,4.185
18.49,1.399,-0.152,1.568,4.443,-0.023,4.191
18.50,1.401,-0.153,1.562,4.103,-0.025,4.187
18.51,1.393,-0.155,1.556,4.018,-0.024,4.182
18.52,1.617,-0.155,1.557,4.040,-0.023,4.179
18.53,1.865,-0.155,1.567,3.993,-0.024,4.172
18.54,1.508,-0.155,1.565,4.151,-0.025,4.170
18.55,1.613,-0.155,1.567,4.174,-0.026,4.170
18.56,1.667,-0.155,1.571,3.706,-0.026,4.156
18.57,1.318,-0.154,1.564,4.396,-0.026,4.163
18.58,1.639,-0.153,1.567,4.224,-0.027,4.163
18.59,1.254,-0.152,1.558,4.116,-0.027,4.162
18.60,1.717,-0.151,1.565,4.632,-0.026,4.177
18.61,1.563,-0.153,1.563,4.421,-0.027,4.184
18.62,1.388,-0.153,1.558,4.164,-0.027,4.184
18.63,1.577,-0.154,1.557,4.241,-0.026,4.187
18.64,1.400,-0.154,1.553,4.307,-0.027,4.189
18.65,1.622,-0.153,1.556,4.101,-0.026,4.188
18.66,1.526,-0.154,1.555,4.306,-0.025,4.192
18.67,1.427,-0.154,1.551,4.193,-0.026,4.192
18.68,1.514,-0.155,1.548,4.172,-0.025,4.192
18.69,1.580,-0.155,1.549,4.126,-0.026,4.189
18.70,1.460,-0.156,1.546,4.384,-0.025,4.196
18.71,1.478,-0.155,1.545,4.220,-0.025,4.197
18.72,1.444,-0.155,1.542,4.197,-0.026,4.197
18.73,1.721,-0.155,1.547,4.126,-0.025,4.196
18.74,1.875,-0.155,1.557,4.377,-0.024,4.202
18.75,1.554,-0.156,1.556,3.921,-0.026,4.192
18.76,1.735,-0.155,1.563,4.204,-0.027,4.192
18.77,1.525,-0.156,1.561,4.211,-0.026,4.193
18.78,1.603,-0.155,1.563,4.066,-0.027,4.188
18.79,1.599,-0.154,1.565,4.433,-0.027,4.196
18.80,1.679,-0.153,1.569,4.407,-0.027,4.203
18.81,1.605,-0.155,1.570,4.096,-0.029,4.198
18.82,1.413,-0.155,1.564,4.477,-0.029,4.207
18.83,1.536,-0.155,1.564,4.467,-0.030,4.214
18.84,1.379,-0.155,1.558,4.255,-0.029,4.216
18.85,1.448,-0.155,1.555,4.453,-0.029,4.224
18.86,1.676,-0.155,1.559,4.230,-0.028,4.226
18.87,1.227,-0.154,1.550,3.975,-0.027,4.220
18.88,1.490,-0.152,1.550,4.095,-0.027,4.217
18.89,1.931,-0.153,1.560,4.270,-0.026,4.219
18.90,1.592,-0.154,1.561,4.088,-0.028,4.213
18.91,1.596,-0.154,1.562,4.097,-0.028,4.210
18.92,1.752,-0.155,1.567,4.292,-0.029,4.212
18.93,1.571,-0.154,1.568,4.183,-0.027,4.213
18.94,1.501,-0.155,1.565,4.296,-0.025,4.218
18.95,1.152,-0.157,1.551,4.139,-0.026,4.216
18.96,1.719,-0.158,1.555,3.998,-0.025,4.210
18.97,1.575,-0.158,1.556,4.287,-0.025,4.212
18.98,1.600,-0.158,1.557,4.109,-0.023,4.212
18.99,1.597,-0.157,1.560,4.170,-0.023,4.211
19.00,1.386,-0.156,1.556,4.048,-0.022,4.207
19.01,1.322,-0.156,1.549,4.456,-0.023,4.214
19.02,1.187,-0.154,1.539,4.006,-0.023,4.208
19.03,1.421,-0.155,1.534,3.948,-0.022,4.201
19.04,1.786,-0.156,1.541,4.281,-0.022,4.204
19.05,1.533,-0.156,1.541,4.174,-0.023,4.202
19.06,1.768,-0.157,1.547,4.140,-0.024,4.199
19.07,1.568,-0.160,1.545,4.125,-0.023,4.198
19.08,1.514,-0.160,1.544,4.104,-0.023,4.195
19.09,1.469,-0.160,1.542,4.310,-0.023,4.198
19.10,1.624,-0.158,1.546,4.249,-0.023,4.200
19.11,1.538,-0.159,1.545,4.078,-0.023,4.197
19.12,1.585,-0.158,1.547,4.141,-0.022,4.196
19.13,1.478,-0.156,1.546,4.220,-0.022,4.197
19.14,1.528,-0.159,1.543,4.271,-0.022,4.199
19.15,1.625,-0.162,1.543,3.951,-0.023,4.191
19.16,1.481,-0.162,1.541,4.001,-0.023,4.185
19.17,1.499,-0.162,1.539,4.149,-0.024,4.183
19.18,1.810,-0.162,1.548,4.071,-0.023,4.180
19.19,1.602,-0.164,1.548,4.169,-0.024,4.179
19.20,1.556,-0.164,1.548,4.251,-0.024,4.181
19.21,1.565,-0.163,1.550,4.252,-0.023,4.184
19.22,1.537,-0.163,1.549,4.376,-0.025,4.188
19.23,1.424,-0.163,1.546,4.180,-0.026,4.187
19.24,1.780,-0.162,1.554,4.292,-0.025,4.191
19.25,1.514,-0.164,1.551,3.922,-0.025,4.183
19.26,1.720,-0.164,1.555,4.183,-0.025,4.183
19.27,1.317,-0.166,1.547,4.083,-0.026,4.179
19.28,1.460,-0.165,1.546,4.289,-0.026,4.182
19.29,1.775,-0.165,1.552,4.105,-0.026,4.180
19.30,1.670,-0.165,1.556,4.023,-0.026,4.175
19.31,1.617,-0.165,1.558,4.414,-0.025,4.183
19.32,1.486,-0.165,1.556,4.362,-0.025,4.189
19.33,1.573,-0.165,1.557,4.331,-0.025,4.193
19.34,1.521,-0.164,1.557,4.034,-0.024,4.189
19.35,1.638,-0.164,1.559,4.172,-0.023,4.190
19.36,1.439,-0.166,1.554,4.089,-0.021,4.188
19.37,1.407,-0.168,1.548,4.145,-0.021,4.187
19.38,1.567,-0.168,1.549,4.400,-0.021,4.193
19.39,1.568,-0.165,1.552,4.280,-0.022,4.196
19.40,1.376,-0.163,1.549,4.435,-0.021,4.204
19.41,1.654,-0.161,1.554,4.120,-0.021,4.201
19.42,1.737,-0.160,1.561,4.268,-0.021,4.203
19.43,1.437,-0.159,1.557,4.318,-0.021,4.207
19.44,1.563,-0.158,1.559,3.935,-0.022,4.198
19.45,1.461,-0.159,1.555,4.400,-0.022,4.204
19.46,1.565,-0.160,1.555,4.058,-0.021,4.200
19.47,1.641,-0.160,1.558,3.822,-0.023,4.188
19.48,1.548,-0.160,1.557,4.182,-0.024,4.186
19.49,1.812,-0.160,1.565,4.270,-0.025,4.188
19.50,1.778,-0.158,1.574,4.323,-0.024,4.193
19.51,1.354,-0.158,1.567,4.076,-0.024,4.189
19.52,1.657,-0.161,1.567,4.282,-0.026,4.190
19.53,1.520,-0.161,1.566,4.338,-0.026,4.195
19.54,1.646,-0.162,1.568,4.218,-0.027,4.195
19.55,1.662,-0.161,1.572,4.140,-0.026,4.194
19.56,1.564,-0.162,1.571,4.422,-0.026,4.201
19.57,1.527,-0.164,1.568,4.015,-0.025,4.196
19.58,1.556,-0.162,1.569,4.370,-0.024,4.203
19.59,1.667,-0.162,1.572,4.025,-0.025,4.196
19.60,1.230,-0.162,1.562,4.010,-0.026,4.190
19.62,1.707,-0.163,1.566,4.306,-0.027,4.193
19.63,1.457,-0.166,1.560,3.984,-0.027,4.187
19.64,1.528,-0.166,1.559,4.146,-0.026,4.186
19.65,1.512,-0.167,1.557,4.159,-0.027,4.185
19.66,1.327,-0.166,1.551,3.981,-0.029,4.176
19.66,1.535,-0.166,1.551,4.119,-0.028,4.176
19.67,1.522,-0.166,1.550,4.280,-0.028,4.178
19.69,1.748,-0.169,1.553,4.319,-0.029,4.182
19.70,1.509,-0.168,1.552,4.092,-0.030,4.178
19.71,1.356,-0.169,1.546,3.998,-0.030,4.172
19.71,1.472,-0.168,1.545,4.125,-0.029,4.172
19.73,1.557,-0.169,1.544,4.063,-0.028,4.169
19.74,1.347,-0.168,1.539,4.245,-0.028,4.171
19.75,1.693,-0.167,1.545,4.235,-0.029,4.173
19.76,1.493,-0.169,1.541,4.159,-0.030,4.171
19.77,1.583,-0.169,1.542,4.209,-0.030,4.172
19.78,1.771,-0.170,1.548,4.098,-0.029,4.170
19.79,1.459,-0.171,1.545,4.173,-0.030,4.170
19.80,1.923,-0.172,1.556,4.070,-0.029,4.167
19.81,1.543,-0.173,1.554,4.030,-0.029,4.162
19.82,1.540,-0.174,1.553,4.168,-0.030,4.162
19.83,1.749,-0.174,1.559,4.168,-0.029,4.163
19.84,1.542,-0.174,1.559,4.221,-0.028,4.165
19.85,1.316,-0.175,1.550,4.242,-0.029,4.167
19.86,1.452,-0.174,1.548,4.054,-0.029,4.163
19.87,1.453,-0.177,1.543,4.302,-0.030,4.166
19.88,1.569,-0.176,1.545,4.210,-0.029,4.168
19.89,1.503,-0.177,1.542,3.932,-0.029,4.161
19.90,1.616,-0.177,1.545,3.918,-0.030,4.152
19.91,1.769,-0.178,1.551,4.024,-0.030,4.148
19.92,1.443,-0.182,1.544,4.170,-0.030,4.148
19.93,1.598,-0.182,1.546,4.029,-0.030,4.144
19.94,1.622,-0.182,1.548,4.294,-0.029,4.149
19.95,1.565,-0.182,1.549,4.094,-0.029,4.148
19.96,1.487,-0.182,1.547,4.571,-0.030,4.159
19.97,1.488,-0.183,1.545,4.415,-0.030,4.167
19.98,1.354,-0.183,1.539,4.124,-0.033,4.163
19.99,1.503,-0.183,1.537,4.002,-0.033,4.158
20.00,1.511,-0.182,1.538,4.159,-0.033,4.158
20.01,1.647,-0.183,1.540,4.187,-0.033,4.158
20.02,1.735,-0.184,1.545,4.242,-0.033,4.161
20.03,1.397,-0.184,1.541,3.923,-0.032,4.154
20.04,1.652,-0.184,1.544,4.281,-0.031,4.159
20.05,1.489,-0.184,1.543,4.286,-0.031,4.163
20.06,1.621,-0.183,1.546,4.000,-0.030,4.159
20.07,1.437,-0.184,1.542,4.091,-0.031,4.155
20.08,1.526,-0.183,1.543,4.288,-0.031,4.159
20.09,1.535,-0.183,1.542,4.154,-0.032,4.158
20.10,1.310,-0.183,1.536,4.471,-0.031,4.168
20.11,1.666,-0.184,1.539,4.388,-0.031,4.175
20.12,1.447,-0.185,1.535,4.225,-0.030,4.178
20.13,1.437,-0.184,1.533,4.052,-0.029,4.174
20.14,1.422,-0.183,1.530,3.890,-0.030,4.164
20.15,1.776,-0.184,1.538,4.028,-0.030,4.160
20.16,1.523,-0.182,1.539,4.207,-0.029,4.163
20.17,1.690,-0.183,1.543,3.845,-0.030,4.152
20.18,1.629,-0.184,1.544,3.909,-0.029,4.146
20.19,1.470,-0.183,1.543,4.071,-0.028,4.144
20.20,1.798,-0.185,1.549,4.347,-0.029,4.148
20.21,1.613,-0.184,1.553,4.029,-0.030,4.143
20.22,1.228,-0.185,1.542,4.289,-0.031,4.147
20.23,1.494,-0.185,1.540,4.431,-0.030,4.156
20.24,1.602,-0.185,1.543,4.064,-0.029,4.154
20.25,1.652,-0.186,1.545,4.307,-0.031,4.157
20.26,1.384,-0.185,1.541,3.991,-0.030,4.153
20.27,1.674,-0.185,1.545,4.107,-0.029,4.152
20.28,1.812,-0.183,1.555,4.184,-0.030,4.152
20.29,1.472,-0.183,1.553,4.334,-0.032,4.156
20.30,1.566,-0.182,1.554,3.894,-0.031,4.148
20.31,1.637,-0.182,1.558,4.053,-0.030,4.146
20.32,1.853,-0.180,1.568,4.096,-0.029,4.145
20.33,1.618,-0.180,1.570,4.199,-0.030,4.145
20.34,1.471,-0.181,1.567,4.218,-0.030,4.147
20.35,1.625,-0.181,1.569,3.916,-0.029,4.141
20.36,1.755,-0.180,1.575,4.276,-0.030,4.144
20.37,1.601,-0.180,1.576,4.012,-0.031,4.139
20.38,1.654,-0.181,1.579,4.179,-0.033,4.138
20.39,1.556,-0.179,1.580,4.370,-0.033,4.145
20.40,1.636,-0.181,1.581,4.025,-0.033,4.140
20.41,1.453,-0.178,1.579,4.256,-0.034,4.143
20.42,1.662,-0.180,1.581,4.174,-0.034,4.144
20.43,1.604,-0.181,1.581,4.144,-0.034,4.144
20.44,1.749,-0.182,1.586,4.009,-0.033,4.140
20.45,1.560,-0.181,1.587,4.430,-0.033,4.149
20.46,1.488,-0.183,1.582,3.928,-0.032,4.143
20.47,1.361,-0.183,1.575,4.528,-0.031,4.155
20.48,1.384,-0.183,1.570,4.401,-0.032,4.161
20.49,1.808,-0.182,1.578,4.394,-0.032,4.169
20.50,1.909,-0.182,1.589,3.804,-0.031,4.158
20.51,1.438,-0.184,1.583,4.417,-0.030,4.167
20.52,1.615,-0.182,1.586,4.118,-0.031,4.165
20.53,1.371,-0.182,1.580,4.042,-0.031,4.161
20.54,1.532,-0.181,1.580,4.193,-0.032,4.162
20.55,1.706,-0.181,1.584,4.327,-0.032,4.166
20.56,1.632,-0.180,1.587,4.028,-0.033,4.161
20.57,1.291,-0.182,1.576,4.532,-0.033,4.173
20.58,1.639,-0.181,1.579,4.451,-0.032,4.182
20.59,1.931,-0.181,1.590,4.443,-0.032,4.190
20.60,1.479,-0.182,1.586,4.197,-0.032,4.190
20.61,1.644,-0.181,1.590,3.913,-0.031,4.183
20.62,1.926,-0.181,1.601,4.382,-0.033,4.188
20.63,1.848,-0.181,1.609,4.227,-0.033,4.189
20.64,1.521,-0.181,1.606,4.084,-0.034,4.185
20.65,1.697,-0.181,1.610,4.389,-0.034,4.192
20.66,1.699,-0.183,1.611,4.262,-0.033,4.195
20.67,1.616,-0.181,1.614,3.830,-0.032,4.185
20.68,1.704,-0.181,1.617,4.128,-0.034,4.181
20.69,1.459,-0.182,1.612,4.114,-0.033,4.180
20.70,1.321,-0.181,1.604,3.973,-0.033,4.174
20.71,1.433,-0.180,1.601,4.112,-0.033,4.173
20.72,1.645,-0.180,1.603,4.013,-0.032,4.169
20.73,1.616,-0.179,1.604,4.239,-0.032,4.171
20.74,1.676,-0.181,1.605,4.062,-0.030,4.169
20.75,1.359,-0.182,1.598,4.317,-0.029,4.175
20.76,1.388,-0.182,1.592,3.895,-0.028,4.167
20.77,1.658,-0.181,1.595,3.997,-0.027,4.163
20.78,1.704,-0.179,1.600,4.322,-0.025,4.169
20.79,1.707,-0.180,1.603,4.137,-0.028,4.166
20.80,1.569,-0.180,1.602,4.286,-0.028,4.169
20.81,1.665,-0.179,1.606,4.128,-0.028,4.168
20.82,1.381,-0.177,1.601,3.984,-0.026,4.164
20.83,1.614,-0.177,1.602,4.225,-0.027,4.165
20.84,1.542,-0.177,1.600,4.399,-0.027,4.172
20.85,1.446,-0.175,1.598,4.139,-0.027,4.171
20.86,1.385,-0.176,1.590,4.133,-0.027,4.170
20.87,1.501,-0.176,1.589,4.191,-0.028,4.170
20.88,1.561,-0.175,1.589,4.215,-0.028,4.171
20.89,1.608,-0.175,1.589,4.066,-0.028,4.168
20.90,1.503,-0.175,1.587,3.884,-0.028,4.159
20.91,1.521,-0.177,1.583,4.073,-0.028,4.156
20.92,1.504,-0.178,1.581,3.955,-0.029,4.149
20.93,1.620,-0.177,1.582,4.164,-0.029,4.149
20.94,1.395,-0.179,1.575,4.172,-0.031,4.148
20.95,1.538,-0.179,1.574,4.054,-0.028,4.147
20.96,1.818,-0.177,1.584,4.309,-0.028,4.152
20.97,1.563,-0.179,1.581,4.439,-0.028,4.161
20.98,1.709,-0.179,1.585,4.082,-0.029,4.157
20.99,1.373,-0.179,1.579,4.390,-0.029,4.165
21.00,1.650,-0.178,1.582,4.045,-0.028,4.162
21.01,1.680,-0.179,1.585,4.082,-0.028,4.160
21.02,1.384,-0.178,1.579,3.925,-0.027,4.153
21.04,1.693,-0.179,1.582,4.079,-0.028,4.150
21.04,1.614,-0.178,1.584,4.106,-0.029,4.147
21.05,1.318,-0.177,1.577,4.024,-0.029,4.143
21.06,1.664,-0.176,1.581,4.019,-0.030,4.138
21.07,1.579,-0.174,1.583,4.054,-0.029,4.136
21.08,1.673,-0.172,1.588,4.273,-0.029,4.140
21.09,1.591,-0.172,1.588,4.145,-0.028,4.141
21.10,1.461,-0.171,1.585,4.020,-0.027,4.138
21.12,1.617,-0.171,1.586,3.905,-0.028,4.129
21.12,1.465,-0.171,1.583,4.226,-0.027,4.133
21.13,1.397,-0.172,1.576,4.086,-0.027,4.131
21.15,1.592,-0.172,1.577,3.914,-0.026,4.125
21.16,1.630,-0.174,1.577,4.059,-0.025,4.123
21.17,1.466,-0.173,1.574,3.985,-0.024,4.120
21.18,1.626,-0.173,1.575,4.362,-0.023,4.128
21.19,1.444,-0.174,1.570,4.162,-0.023,4.129
21.20,1.618,-0.173,1.573,4.007,-0.022,4.125
21.21,1.425,-0.173,1.569,4.093,-0.023,4.123
21.21,1.827,-0.172,1.577,4.262,-0.022,4.128
21.23,1.586,-0.174,1.576,4.192,-0.022,4.130
21.24,1.743,-0.175,1.580,4.069,-0.022,4.127
21.25,1.434,-0.175,1.576,4.144,-0.021,4.128
21.26,1.518,-0.177,1.572,4.367,-0.021,4.135
21.27,1.426,-0.180,1.564,4.070,-0.022,4.132
21.28,1.510,-0.182,1.561,4.513,-0.020,4.145
21.29,1.451,-0.179,1.560,4.482,-0.019,4.156
21.30,1.558,-0.181,1.559,4.030,-0.019,4.152
21.31,1.617,-0.181,1.561,4.073,-0.019,4.149
21.32,1.468,-0.182,1.557,4.268,-0.020,4.152
21.33,1.561,-0.183,1.556,4.192,-0.020,4.153
21.34,1.370,-0.181,1.551,4.340,-0.020,4.159
21.35,1.643,-0.181,1.555,4.042,-0.019,4.155
21.36,1.654,-0.180,1.558,4.213,-0.020,4.156
21.37,1.585,-0.181,1.557,4.327,-0.021,4.161
21.38,1.646,-0.181,1.561,4.303,-0.021,4.165
21.39,1.766,-0.181,1.566,3.993,-0.022,4.159
21.40,1.558,-0.181,1.567,4.007,-0.023,4.153
21.41,1.392,-0.182,1.561,4.431,-0.023,4.162
21.42,1.529,-0.180,1.561,4.170,-0.022,4.162
21.43,1.487,-0.181,1.558,4.123,-0.021,4.163
21.44,1.608,-0.180,1.560,4.333,-0.021,4.167
21.45,1.535,-0.181,1.559,4.069,-0.023,4.163
21.46,1.788,-0.179,1.567,4.154,-0.023,4.162
21.47,1.516,-0.181,1.564,4.109,-0.024,4.160
21.48,1.396,-0.180,1.560,4.340,-0.025,4.165
21.49,1.561,-0.179,1.560,3.988,-0.025,4.159
21.50,1.409,-0.179,1.556,4.035,-0.026,4.154
21.51,1.347,-0.178,1.551,4.081,-0.025,4.152
21.52,1.563,-0.177,1.552,4.054,-0.026,4.149
21.53,1.718,-0.175,1.558,4.176,-0.026,4.150
21.54,1.650,-0.176,1.560,4.220,-0.026,4.152
21.55,1.622,-0.177,1.561,4.132,-0.027,4.150
21.56,1.568,-0.178,1.561,4.391,-0.026,4.158
21.57,1.591,-0.177,1.562,4.194,-0.027,4.159
21.58,1.661,-0.176,1.566,4.087,-0.026,4.157
21.59,1.699,-0.175,1.571,4.541,-0.026,4.169
21.60,1.853,-0.176,1.579,4.284,-0.025,4.173
21.61,1.582,-0.176,1.579,4.028,-0.026,4.168
21.62,1.447,-0.177,1.574,3.952,-0.025,4.162
21.63,1.238,-0.176,1.565,4.219,-0.025,4.165
21.64,1.621,-0.176,1.567,4.059,-0.024,4.162
21.65,1.614,-0.176,1.568,4.259,-0.023,4.165
21.66,1.708,-0.176,1.573,4.190,-0.023,4.167
21.67,1.490,-0.175,1.571,4.249,-0.023,4.169
21.68,1.534,-0.174,1.570,4.067,-0.022,4.167
21.69,1.496,-0.173,1.569,4.340,-0.022,4.172
21.70,1.690,-0.174,1.572,4.446,-0.021,4.181
21.71,1.245,-0.173,1.563,4.147,-0.022,4.180
21.72,1.561,-0.172,1.563,4.038,-0.022,4.176
21.73,1.464,-0.171,1.562,4.078,-0.021,4.174
21.74,1.767,-0.172,1.567,4.246,-0.021,4.176
21.75,1.473,-0.172,1.564,4.072,-0.021,4.173
21.76,1.954,-0.173,1.575,4.072,-0.022,4.169
21.77,1.680,-0.172,1.579,4.022,-0.023,4.164
21.78,1.508,-0.172,1.577,4.196,-0.023,4.165
21.79,1.635,-0.172,1.579,4.107,-0.022,4.163
21.80,1.513,-0.170,1.578,4.210,-0.022,4.165
21.81,1.398,-0.171,1.572,3.868,-0.022,4.156
21.82,1.213,-0.173,1.559,3.999,-0.023,4.150
21.83,1.500,-0.173,1.558,4.354,-0.023,4.156
21.84,1.916,-0.173,1.568,4.021,-0.023,4.152
21.85,1.287,-0.175,1.557,4.217,-0.024,4.153
21.86,1.640,-0.177,1.558,3.760,-0.022,4.143
21.87,1.318,-0.177,1.551,3.988,-0.022,4.138
21.88,1.548,-0.177,1.551,4.266,-0.023,4.140
21.89,1.773,-0.177,1.557,4.010,-0.024,4.135
21.90,1.562,-0.178,1.557,4.110,-0.023,4.135
21.91,1.675,-0.179,1.559,4.252,-0.023,4.139
21.92,1.649,-0.179,1.562,4.008,-0.022,4.136
21.93,1.440,-0.178,1.559,4.200,-0.022,4.137
21.94,1.371,-0.177,1.554,4.234,-0.021,4.140
21.95,1.629,-0.177,1.556,4.019,-0.021,4.136
21.96,1.640,-0.176,1.560,4.229,-0.022,4.139
21.97,1.712,-0.176,1.564,3.966,-0.022,4.133
21.98,1.913,-0.178,1.573,4.192,-0.023,4.133
21.99,1.686,-0.180,1.574,4.230,-0.024,4.135
22.00,1.603,-0.181,1.575,4.115,-0.025,4.133
22.01,1.508,-0.181,1.572,4.379,-0.026,4.139
22.02,1.541,-0.182,1.571,4.263,-0.026,4.143
22.03,1.408,-0.182,1.566,4.158,-0.025,4.144
22.04,1.767,-0.184,1.570,4.148,-0.024,4.145
22.05,1.695,-0.186,1.572,4.001,-0.024,4.140
22.06,1.457,-0.186,1.569,4.196,-0.025,4.142
22.07,1.354,-0.188,1.561,3.927,-0.024,4.136
22.08,1.531,-0.187,1.561,4.226,-0.022,4.140
22.09,1.442,-0.186,1.557,4.404,-0.022,4.148
22.10,1.544,-0.187,1.556,3.826,-0.022,4.138
22.11,1.478,-0.188,1.553,4.377,-0.023,4.144
22.12,1.350,-0.187,1.548,4.147,-0.025,4.142
22.13,1.851,-0.187,1.557,4.236,-0.026,4.143
22.14,1.697,-0.187,1.561,4.028,-0.025,4.141
22.15,1.509,-0.190,1.556,4.459,-0.026,4.150
22.16,1.474,-0.189,1.555,3.773,-0.024,4.140
22.17,1.374,-0.190,1.548,4.397,-0.024,4.148
22.18,1.587,-0.190,1.550,4.387,-0.025,4.154
22.19,1.553,-0.191,1.549,4.053,-0.025,4.151
22.20,1.541,-0.191,1.548,4.000,-0.024,4.147
22.21,1.629,-0.190,1.552,4.225,-0.025,4.148
22.22,1.482,-0.190,1.550,4.111,-0.026,4.147
22.23,1.734,-0.192,1.554,4.177,-0.025,4.148
22.24,1.488,-0.190,1.553,3.869,-0.027,4.138
22.25,1.493,-0.187,1.555,4.050,-0.026,4.136
22.26,1.562,-0.187,1.555,3.968,-0.026,4.130
22.27,1.407,-0.186,1.551,4.156,-0.026,4.131
22.28,1.542,-0.188,1.549,4.183,-0.026,4.133
22.29,1.664,-0.188,1.552,3.960,-0.025,4.128
22.30,1.414,-0.188,1.548,4.112,-0.025,4.127
22.31,1.699,-0.189,1.551,3.912,-0.025,4.120
22.32,1.634,-0.190,1.554,4.262,-0.026,4.124
22.33,1.736,-0.191,1.558,4.040,-0.025,4.121
22.34,1.502,-0.190,1.557,4.208,-0.023,4.126
22.35,1.456,-0.188,1.556,4.502,-0.024,4.137
22.36,1.661,-0.187,1.561,4.181,-0.024,4.138
22.37,1.769,-0.187,1.566,3.923,-0.023,4.131
22.38,1.546,-0.188,1.565,3.988,-0.023,4.127
22.39,1.354,-0.188,1.559,4.579,-0.023,4.141
22.40,1.482,-0.189,1.556,4.419,-0.023,4.149
22.41,1.520,-0.189,1.554,4.015,-0.023,4.145
22.42,1.389,-0.191,1.548,3.963,-0.023,4.139
22.43,1.358,-0.190,1.543,4.183,-0.025,4.139
22.44,1.655,-0.191,1.545,4.314,-0.025,4.144
22.45,1.375,-0.192,1.539,3.961,-0.025,4.138
22.46,1.817,-0.193,1.547,4.066,-0.024,4.136
22.47,1.743,-0.192,1.553,3.962,-0.024,4.131
22.48,1.625,-0.193,1.554,3.792,-0.023,4.121
22.49,1.476,-0.193,1.552,4.164,-0.022,4.123
22.50,1.649,-0.193,1.555,4.165,-0.021,4.125
22.51,1.585,-0.192,1.556,4.464,-0.023,4.134
22.52,1.825,-0.193,1.564,4.427,-0.023,4.142
22.54,1.611,-0.194,1.565,3.951,-0.023,4.136
22.54,1.406,-0.194,1.560,4.478,-0.024,4.146
22.55,1.514,-0.195,1.558,4.066,-0.025,4.143
22.56,1.800,-0.194,1.566,3.823,-0.026,4.131
22.57,1.654,-0.196,1.568,4.154,-0.026,4.132
22.58,1.535,-0.194,1.569,4.138,-0.024,4.134
22.59,1.727,-0.195,1.572,4.199,-0.023,4.136
22.61,1.808,-0.195,1.580,3.958,-0.023,4.131
22.62,1.486,-0.196,1.576,4.046,-0.023,4.128
22.62,1.501,-0.198,1.573,4.023,-0.025,4.123
22.63,1.887,-0.198,1.582,3.971,-0.026,4.117
22.64,1.487,-0.198,1.580,3.949,-0.026,4.112
22.66,1.657,-0.198,1.582,4.028,-0.026,4.109
22.67,1.500,-0.199,1.580,4.019,-0.026,4.106
22.68,1.744,-0.200,1.584,4.142,-0.025,4.108
22.69,1.653,-0.201,1.586,4.175,-0.024,4.110
22.70,1.621,-0.201,1.586,4.142,-0.024,4.111
22.71,1.568,-0.202,1.585,4.236,-0.025,4.113
22.72,1.874,-0.202,1.595,4.085,-0.026,4.110
22.73,1.441,-0.201,1.591,4.122,-0.025,4.111
22.74,1.580,-0.199,1.594,4.264,-0.026,4.116
22.75,1.865,-0.200,1.601,4.303,-0.024,4.122
22.76,1.392,-0.200,1.596,4.033,-0.025,4.119
22.77,1.614,-0.201,1.595,4.392,-0.026,4.126
22.78,1.778,-0.202,1.600,4.065,-0.026,4.124
22.79,1.365,-0.203,1.593,4.133,-0.026,4.124
22.80,1.525,-0.202,1.593,4.043,-0.024,4.123
22.81,1.636,-0.202,1.593,4.192,-0.026,4.124
22.82,1.587,-0.205,1.591,4.099,-0.024,4.124
22.83,1.717,-0.205,1.595,4.255,-0.024,4.128
22.84,1.458,-0.206,1.591,4.390,-0.024,4.136
22.85,1.650,-0.206,1.593,4.228,-0.025,4.137
22.86,1.552,-0.208,1.590,3.992,-0.026,4.132
22.87,1.461,-0.208,1.587,4.058,-0.025,4.131
22.88,1.683,-0.209,1.589,4.247,-0.023,4.136
22.89,1.433,-0.210,1.584,4.163,-0.022,4.138
22.90,1.579,-0.210,1.584,4.313,-0.022,4.144
22.91,1.524,-0.211,1.582,4.307,-0.022,4.148
22.92,1.682,-0.209,1.586,4.061,-0.024,4.144
22.93,1.428,-0.210,1.582,4.184,-0.022,4.146
22.94,1.415,-0.208,1.579,4.399,-0.023,4.154
22.95,1.673,-0.208,1.581,4.091,-0.022,4.153
22.96,1.697,-0.208,1.586,4.364,-0.020,4.161
22.97,1.672,-0.208,1.589,4.136,-0.021,4.159
22.98,1.591,-0.210,1.587,4.361,-0.020,4.167
22.99,1.656,-0.209,1.590,4.217,-0.021,4.168
23.00,1.523,-0.210,1.588,4.053,-0.023,4.163
23.01,1.716,-0.211,1.591,4.050,-0.023,4.160
23.02,1.366,-0.211,1.585,3.955,-0.023,4.153
23.03,1.383,-0.211,1.579,4.111,-0.023,4.152
23.04,1.725,-0.209,1.586,4.145,-0.023,4.152
23.05,1.605,-0.208,1.587,4.374,-0.022,4.159
23.06,1.688,-0.208,1.591,4.310,-0.023,4.163
23.07,1.427,-0.208,1.586,4.318,-0.023,4.168
23.08,1.513,-0.209,1.583,4.036,-0.022,4.165
23.09,1.628,-0.210,1.584,4.428,-0.021,4.174
23.10,1.613,-0.208,1.587,4.320,-0.022,4.179
23.11,1.734,-0.209,1.591,4.153,-0.022,4.178
23.12,1.496,-0.210,1.588,4.407,-0.021,4.186
23.13,1.811,-0.211,1.594,4.352,-0.020,4.192
23.14,1.454,-0.209,1.592,3.954,-0.021,4.185
23.15,1.789,-0.212,1.595,4.013,-0.020,4.180
23.16,1.416,-0.213,1.589,4.420,-0.021,4.188
23.17,1.491,-0.214,1.586,4.046,-0.021,4.184
23.18,1.763,-0.214,1.591,4.079,-0.020,4.182
23.19,1.153,-0.215,1.577,4.108,-0.020,4.179
23.20,1.429,-0.216,1.572,4.064,-0.020,4.176
23.21,1.731,-0.218,1.576,4.036,-0.020,4.172
23.22,1.771,-0.218,1.581,4.061,-0.020,4.169
23.23,1.469,-0.217,1.580,4.200,-0.020,4.170
23.24,1.567,-0.217,1.579,4.013,-0.021,4.165
23.25,1.570,-0.215,1.581,4.189,-0.019,4.167
23.26,1.457,-0.214,1.579,4.180,-0.020,4.166
23.27,1.737,-0.214,1.583,4.042,-0.022,4.162
23.28,1.512,-0.215,1.581,4.265,-0.021,4.165
23.29,1.654,-0.214,1.585,3.962,-0.020,4.160
23.30,1.640,-0.213,1.588,4.278,-0.021,4.163
23.31,1.486,-0.215,1.582,4.213,-0.022,4.164
23.32,1.677,-0.215,1.586,4.175,-0.022,4.164
23.33,1.619,-0.214,1.588,4.189,-0.023,4.164
23.34,1.746,-0.212,1.595,4.196,-0.022,4.166
23.35,1.524,-0.214,1.592,4.435,-0.022,4.174
23.36,1.515,-0.212,1.591,4.279,-0.024,4.176
23.37,1.876,-0.211,1.601,4.223,-0.025,4.177
23.38,1.464,-0.214,1.595,4.088,-0.025,4.174
23.39,1.492,-0.212,1.593,4.205,-0.023,4.177
23.40,1.659,-0.214,1.594,3.889,-0.025,4.167
23.41,1.486,-0.214,1.591,4.312,-0.024,4.173
23.42,1.603,-0.215,1.591,3.922,-0.023,4.166
23.43,1.414,-0.217,1.584,4.325,-0.023,4.171
23.44,1.707,-0.216,1.589,4.128,-0.022,4.171
23.45,1.536,-0.216,1.588,4.301,-0.020,4.176
23.46,1.515,-0.217,1.584,4.235,-0.020,4.179
23.47,1.530,-0.218,1.582,3.658,-0.021,4.162
23.48,1.612,-0.218,1.583,4.292,-0.021,4.166
23.49,1.825,-0.218,1.591,4.316,-0.021,4.171
23.50,1.315,-0.221,1.580,4.023,-0.021,4.166
23.51,1.580,-0.222,1.579,3.911,-0.021,4.159
23.52,1.780,-0.221,1.587,4.255,-0.019,4.163
23.53,1.598,-0.220,1.588,4.054,-0.020,4.159
23.54,1.466,-0.222,1.583,4.192,-0.021,4.159
23.55,1.702,-0.221,1.587,4.007,-0.022,4.154
23.56,1.535,-0.221,1.586,4.031,-0.022,4.150
23.57,1.607,-0.220,1.588,4.364,-0.022,4.156
23.58,1.707,-0.220,1.592,4.597,-0.022,4.170
23.59,1.251,-0.222,1.580,3.947,-0.022,4.163
23.60,1.562,-0.222,1.580,4.210,-0.021,4.166
23.61,1.360,-0.222,1.573,4.309,-0.021,4.170
23.62,1.532,-0.222,1.572,4.290,-0.021,4.174
23.63,1.643,-0.222,1.574,4.285,-0.020,4.179
23.64,1.460,-0.223,1.571,4.175,-0.019,4.180
23.65,1.808,-0.222,1.579,4.130,-0.019,4.178
23.66,1.744,-0.221,1.585,3.948,-0.019,4.172
23.67,1.557,-0.221,1.584,4.086,-0.019,4.169
23.68,1.369,-0.218,1.581,4.244,-0.019,4.171
23.69,1.367,-0.217,1.575,4.147,-0.020,4.170
23.70,1.417,-0.218,1.570,4.072,-0.019,4.168
23.71,1.727,-0.216,1.576,3.900,-0.019,4.159
23.72,1.754,-0.217,1.581,4.106,-0.020,4.157
23.73,1.591,-0.218,1.581,4.196,-0.019,4.159
23.74,1.486,-0.219,1.577,4.192,-0.019,4.160
23.75,1.563,-0.219,1.577,4.163,-0.019,4.160
23.76,1.375,-0.220,1.570,4.144,-0.019,4.160
23.77,1.449,-0.220,1.566,4.216,-0.020,4.161
23.78,1.713,-0.218,1.572,4.091,-0.019,4.159
23.79,1.656,-0.219,1.574,4.149,-0.019,4.159
23.80,1.424,-0.221,1.567,4.037,-0.020,4.155
23.81,1.451,-0.222,1.563,4.332,-0.019,4.161
23.82,1.705,-0.222,1.568,4.014,-0.017,4.158
23.83,1.752,-0.223,1.572,4.184,-0.017,4.159
23.84,1.903,-0.224,1.582,4.108,-0.017,4.158
23.85,1.812,-0.224,1.589,4.079,-0.017,4.154
23.86,1.531,-0.224,1.588,4.201,-0.018,4.155
23.87,1.605,-0.224,1.588,4.276,-0.018,4.159
23.88,1.518,-0.224,1.586,4.126,-0.017,4.159
23.89,1.378,-0.224,1.580,4.024,-0.018,4.153
23.90,1.501,-0.224,1.578,4.356,-0.018,4.160
23.91,1.436,-0.224,1.574,3.879,-0.018,4.151
23.92,1.722,-0.225,1.578,4.512,-0.017,4.163
23.93,1.577,-0.225,1.578,4.183,-0.017,4.164
23.94,1.350,-0.222,1.573,4.015,-0.017,4.159
23.95,1.419,-0.223,1.568,4.255,-0.016,4.163
23.96,1.250,-0.225,1.556,4.235,-0.016,4.165
23.97,1.728,-0.224,1.563,4.321,-0.015,4.171
23.98,1.551,-0.223,1.564,4.098,-0.015,4.169
23.99,1.530,-0.223,1.562,4.250,-0.015,4.171
24.00,1.346,-0.222,1.556,3.814,-0.015,4.160
24.01,1.561,-0.224,1.555,4.299,-0.016,4.164
24.02,1.355,-0.224,1.548,4.087,-0.015,4.162
24.03,1.765,-0.224,1.555,4.060,-0.015,4.159
24.04,1.506,-0.225,1.553,4.410,-0.015,4.167
24.05,1.810,-0.224,1.562,4.036,-0.016,4.162
24.07,1.779,-0.223,1.569,4.107,-0.015,4.161
24.08,1.702,-0.224,1.572,3.957,-0.015,4.155
24.08,1.567,-0.225,1.571,3.980,-0.015,4.149
24.09,1.349,-0.225,1.564,4.215,-0.016,4.151
24.11,1.488,-0.224,1.563,4.471,-0.016,4.160
24.12,1.766,-0.225,1.569,3.915,-0.016,4.153
24.12,1.368,-0.224,1.564,4.000,-0.015,4.148
24.14,1.501,-0.224,1.562,4.139,-0.016,4.147
24.15,1.611,-0.222,1.565,4.109,-0.017,4.145
24.16,1.375,-0.221,1.560,4.090,-0.016,4.144
24.16,1.388,-0.222,1.554,4.246,-0.016,4.147
24.17,1.572,-0.222,1.554,4.101,-0.016,4.145
24.18,1.676,-0.225,1.555,4.481,-0.016,4.155
24.20,1.685,-0.224,1.560,4.388,-0.015,4.164
24.21,1.508,-0.223,1.560,4.270,-0.015,4.167
24.22,1.427,-0.224,1.554,4.166,-0.015,4.167
24.23,1.632,-0.222,1.558,4.242,-0.015,4.169
24.24,1.685,-0.224,1.560,4.009,-0.015,4.164
24.25,1.544,-0.225,1.559,4.052,-0.016,4.160
24.26,1.445,-0.224,1.557,4.376,-0.016,4.167
24.27,1.700,-0.228,1.557,4.144,-0.017,4.166
24.28,1.438,-0.226,1.555,4.002,-0.017,4.160
24.29,1.674,-0.224,1.561,4.252,-0.017,4.163
24.30,1.730,-0.225,1.565,4.183,-0.018,4.163
24.31,1.484,-0.225,1.562,4.066,-0.018,4.159
24.32,1.194,-0.226,1.551,4.147,-0.018,4.159
24.33,1.489,-0.227,1.548,4.415,-0.019,4.166
24.34,1.461,-0.226,1.546,4.332,-0.019,4.172
24.35,1.447,-0.227,1.541,4.446,-0.019,4.180
24.36,1.835,-0.225,1.553,4.088,-0.018,4.178
24.37,1.674,-0.226,1.555,4.190,-0.016,4.181
24.38,1.782,-0.225,1.563,4.214,-0.015,4.183
24.39,1.543,-0.224,1.563,4.040,-0.016,4.178
24.40,1.586,-0.225,1.563,4.300,-0.014,4.184
24.41,1.489,-0.226,1.560,4.121,-0.014,4.182
24.42,1.617,-0.225,1.563,4.307,-0.014,4.186
24.43,1.463,-0.226,1.558,4.174,-0.014,4.185
24.44,1.597,-0.225,1.561,4.218,-0.013,4.187
24.45,1.640,-0.224,1.564,3.744,-0.014,4.173
24.46,1.768,-0.225,1.570,4.151,-0.014,4.173
24.47,1.719,-0.223,1.576,4.164,-0.014,4.172
24.48,1.734,-0.223,1.581,3.950,-0.014,4.165
24.49,1.736,-0.223,1.586,4.088,-0.015,4.162
24.50,1.507,-0.223,1.584,4.255,-0.014,4.166
24.51,1.618,-0.222,1.586,4.199,-0.014,4.167
24.52,1.451,-0.221,1.583,3.904,-0.014,4.160
24.53,1.688,-0.221,1.586,4.356,-0.012,4.168
24.54,1.595,-0.222,1.586,4.231,-0.011,4.170
24.55,1.756,-0.224,1.589,4.255,-0.011,4.173
24.56,1.645,-0.222,1.594,4.013,-0.011,4.168
24.57,1.504,-0.220,1.593,4.282,-0.011,4.172
24.58,1.730,-0.222,1.596,4.071,-0.010,4.169
24.59,1.691,-0.223,1.598,4.173,-0.009,4.170
24.60,1.665,-0.222,1.601,4.096,-0.010,4.167
24.61,1.354,-0.224,1.592,4.360,-0.009,4.174
24.62,1.817,-0.224,1.599,4.189,-0.010,4.174
24.63,1.642,-0.223,1.602,4.064,-0.009,4.171
24.64,1.704,-0.222,1.606,4.120,-0.009,4.169
24.65,1.491,-0.223,1.602,4.326,-0.008,4.176
24.66,1.537,-0.224,1.599,4.293,-0.009,4.178
24.67,1.514,-0.223,1.598,4.007,-0.008,4.174
24.68,1.790,-0.222,1.605,4.267,-0.007,4.177
24.69,1.176,-0.225,1.590,3.908,-0.007,4.170
24.70,1.722,-0.225,1.594,4.296,-0.007,4.173
24.71,1.736,-0.226,1.597,4.137,-0.005,4.174
24.72,1.517,-0.225,1.596,4.233,-0.005,4.175
24.73,1.506,-0.223,1.595,3.951,-0.007,4.167
24.74,1.661,-0.226,1.595,3.942,-0.008,4.159
24.75,1.626,-0.226,1.596,4.180,-0.008,4.160
24.76,1.851,-0.227,1.603,4.328,-0.008,4.165
24.77,1.565,-0.226,1.603,4.371,-0.008,4.170
24.78,1.405,-0.226,1.598,4.066,-0.009,4.166
24.79,1.474,-0.226,1.595,4.349,-0.009,4.172
24.80,1.584,-0.228,1.593,4.157,-0.010,4.171
24.81,1.691,-0.230,1.594,4.348,-0.010,4.176
24.82,1.283,-0.229,1.586,4.065,-0.010,4.173
24.83,1.458,-0.231,1.580,4.262,-0.010,4.176
24.84,1.353,-0.232,1.573,4.385,-0.011,4.181
24.85,1.444,-0.232,1.568,4.063,-0.012,4.177
24.86,1.388,-0.234,1.561,4.250,-0.014,4.177
24.87,1.806,-0.232,1.570,3.728,-0.013,4.164
24.88,1.487,-0.232,1.568,4.565,-0.013,4.176
24.89,1.818,-0.233,1.574,4.215,-0.014,4.177
24.90,1.558,-0.234,1.573,4.040,-0.014,4.173
24.91,1.999,-0.234,1.587,4.151,-0.011,4.175
24.92,1.593,-0.235,1.585,4.325,-0.013,4.178
24.93,1.852,-0.234,1.595,4.046,-0.013,4.174
24.94,1.455,-0.233,1.592,4.214,-0.014,4.174
24.95,1.860,-0.233,1.601,4.329,-0.015,4.179
24.96,1.509,-0.231,1.600,4.287,-0.014,4.182
24.97,1.494,-0.233,1.595,3.933,-0.016,4.173
24.98,1.589,-0.233,1.595,4.315,-0.016,4.178
24.99,1.530,-0.233,1.594,4.418,-0.017,4.184
25.00,1.682,-0.233,1.596,4.054,-0.018,4.179
25.01,1.377,-0.233,1.591,3.972,-0.017,4.174
25.02,1.978,-0.233,1.602,4.085,-0.018,4.171
25.03,1.968,-0.233,1.614,4.277,-0.017,4.175
25.04,1.516,-0.233,1.612,4.239,-0.017,4.177
25.05,1.841,-0.234,1.618,4.270,-0.016,4.181
25.06,1.390,-0.235,1.611,4.312,-0.017,4.184
25.07,1.614,-0.236,1.610,3.932,-0.016,4.178
25.08,1.428,-0.237,1.604,4.209,-0.015,4.179
25.09,1.653,-0.238,1.605,4.327,-0.015,4.184
25.10,1.542,-0.236,1.606,4.307,-0.015,4.188
25.11,1.581,-0.236,1.605,4.427,-0.015,4.196
25.12,1.496,-0.236,1.602,4.122,-0.015,4.194
25.13,1.541,-0.237,1.600,4.203,-0.015,4.195
25.14,1.510,-0.237,1.597,4.373,-0.015,4.200
25.15,1.504,-0.237,1.595,4.129,-0.015,4.198
25.16,1.473,-0.237,1.591,4.223,-0.014,4.200
25.17,1.560,-0.239,1.589,4.105,-0.015,4.197
25.18,1.646,-0.239,1.590,4.125,-0.014,4.195
25.19,1.420,-0.240,1.584,4.282,-0.015,4.198
25.20,1.729,-0.241,1.588,4.297,-0.015,4.201
25.21,1.779,-0.243,1.592,4.008,-0.014,4.196
25.22,1.494,-0.242,1.590,4.211,-0.013,4.198
25.23,1.600,-0.241,1.592,4.118,-0.013,4.195
25.24,1.633,-0.242,1.593,4.308,-0.014,4.198
25.25,1.733,-0.243,1.596,4.333,-0.014,4.202
25.26,1.813,-0.242,1.604,3.910,-0.013,4.195
25.27,1.656,-0.241,1.607,4.244,-0.013,4.197
25.28,1.875,-0.242,1.615,4.126,-0.010,4.197
25.29,1.443,-0.239,1.613,4.110,-0.011,4.194
25.30,1.547,-0.240,1.610,4.210,-0.013,4.193
25.31,1.560,-0.242,1.607,4.022,-0.012,4.189
25.32,1.320,-0.242,1.599,4.003,-0.012,4.183
25.33,1.386,-0.241,1.594,4.071,-0.012,4.179
25.34,1.619,-0.242,1.594,3.922,-0.012,4.172
25.35,1.572,-0.243,1.592,4.087,-0.012,4.170
25.36,1.691,-0.242,1.596,4.157,-0.012,4.169
25.37,1.649,-0.243,1.597,4.151,-0.014,4.166
25.38,1.769,-0.241,1.605,4.025,-0.014,4.162
25.39,1.398,-0.243,1.597,4.311,-0.014,4.167
25.40,1.740,-0.243,1.602,4.122,-0.014,4.165
25.41,1.532,-0.242,1.600,3.879,-0.014,4.156
25.42,1.673,-0.244,1.601,4.525,-0.016,4.166
25.43,1.514,-0.244,1.599,4.130,-0.016,4.164
25.44,1.718,-0.244,1.603,4.162,-0.014,4.166
25.45,1.743,-0.242,1.610,4.391,-0.014,4.172
25.46,1.660,-0.242,1.611,4.565,-0.015,4.184
25.47,1.850,-0.242,1.619,4.593,-0.014,4.198
25.49,1.607,-0.242,1.619,3.990,-0.015,4.190
25.49,1.927,-0.245,1.626,4.103,-0.014,4.188
25.50,1.384,-0.247,1.618,4.150,-0.015,4.187
25.51,1.373,-0.248,1.610,3.940,-0.014,4.180
25.52,1.634,-0.248,1.611,4.379,-0.013,4.188
25.53,1.547,-0.246,1.611,3.988,-0.012,4.182
25.54,1.325,-0.247,1.601,4.228,-0.012,4.184
25.55,1.538,-0.248,1.599,4.136,-0.012,4.182
25.56,1.519,-0.246,1.598,4.356,-0.015,4.185
25.57,1.667,-0.247,1.600,4.161,-0.014,4.185
25.59,1.482,-0.249,1.594,4.310,-0.014,4.190
25.60,1.479,-0.249,1.591,4.005,-0.015,4.183
25.61,1.375,-0.249,1.585,4.162,-0.015,4.182
25.62,1.503,-0.249,1.583,3.952,-0.016,4.175
25.63,1.737,-0.248,1.588,4.403,-0.015,4.182
25.64,1.410,-0.249,1.583,4.237,-0.016,4.183
25.65,1.503,-0.247,1.582,4.255,-0.016,4.185
25.66,1.605,-0.246,1.584,4.398,-0.017,4.191
25.67,1.355,-0.246,1.576,4.188,-0.019,4.189
25.68,1.737,-0.245,1.582,4.139,-0.020,4.187
25.69,1.611,-0.245,1.584,4.183,-0.020,4.187
25.70,1.621,-0.244,1.586,4.169,-0.021,4.186
25.70,1.481,-0.242,1.584,4.134,-0.022,4.183
25.72,1.697,-0.243,1.587,4.321,-0.020,4.190
25.73,1.577,-0.243,1.587,4.317,-0.019,4.194
25.74,1.535,-0.241,1.587,4.121,-0.019,4.192
25.75,1.578,-0.241,1.587,4.161,-0.017,4.193
25.76,1.476,-0.242,1.583,4.097,-0.017,4.191
25.77,1.655,-0.241,1.586,4.147,-0.017,4.189
25.78,1.398,-0.241,1.581,4.098,-0.017,4.187
25.79,1.553,-0.242,1.579,4.078,-0.017,4.184
25.80,1.508,-0.241,1.577,4.332,-0.018,4.188
25.81,1.581,-0.243,1.576,3.953,-0.017,4.182
25.82,1.504,-0.243,1.574,4.233,-0.015,4.185
25.83,1.586,-0.242,1.575,4.143,-0.016,4.183
25.84,1.711,-0.239,1.581,4.113,-0.015,4.181
25.85,1.383,-0.239,1.576,4.376,-0.017,4.186
25.86,1.370,-0.241,1.568,4.187,-0.016,4.187
25.87,1.858,-0.240,1.577,4.044,-0.015,4.184
25.88,1.529,-0.241,1.575,3.861,-0.014,4.174
25.89,1.480,-0.242,1.570,4.234,-0.014,4.176
25.90,1.589,-0.240,1.573,4.367,-0.013,4.184
25.91,1.574,-0.243,1.570,4.416,-0.012,4.191
25.92,1.438,-0.244,1.565,4.264,-0.012,4.194
25.93,1.621,-0.244,1.567,4.168,-0.012,4.193
25.94,1.617,-0.244,1.568,4.207,-0.010,4.196
25.95,1.539,-0.245,1.566,4.325,-0.010,4.200
25.96,1.777,-0.246,1.571,3.911,-0.009,4.192
25.97,1.585,-0.247,1.571,4.237,-0.009,4.194
25.98,1.532,-0.247,1.570,4.169,-0.011,4.191
25.99,1.427,-0.248,1.564,4.243,-0.010,4.194
26.00,1.733,-0.248,1.569,4.021,-0.010,4.188
26.01,1.427,-0.249,1.564,3.829,-0.010,4.177
26.02,1.244,-0.248,1.556,3.862,-0.009,4.168
26.03,1.507,-0.245,1.556,4.429,-0.011,4.175
26.04,1.556,-0.245,1.556,4.423,-0.012,4.182
26.05,1.376,-0.246,1.550,4.126,-0.011,4.181
26.06,1.735,-0.247,1.554,4.303,-0.012,4.183
26.07,1.752,-0.246,1.561,4.210,-0.012,4.184
26.08,1.533,-0.246,1.560,4.462,-0.012,4.192
26.09,1.428,-0.247,1.555,4.219,-0.012,4.193
26.10,1.371,-0.246,1.550,4.431,-0.013,4.200
26.11,1.684,-0.250,1.550,3.983,-0.015,4.192
26.12,1.470,-0.250,1.548,4.340,-0.015,4.196
26.13,2.076,-0.251,1.563,3.989,-0.014,4.190
26.14,1.654,-0.253,1.563,4.396,-0.014,4.197
26.15,1.512,-0.252,1.563,4.074,-0.015,4.193
26.16,1.634,-0.252,1.565,4.139,-0.014,4.192
26.17,1.650,-0.252,1.568,4.177,-0.014,4.192
26.18,1.893,-0.253,1.576,4.153,-0.014,4.191
26.19,1.776,-0.252,1.584,4.111,-0.014,4.188
26.20,1.739,-0.251,1.589,4.290,-0.015,4.190
26.21,1.439,-0.251,1.585,4.158,-0.014,4.191
26.22,1.746,-0.253,1.588,4.337,-0.013,4.196
26.23,1.457,-0.253,1.585,4.305,-0.012,4.201
26.24,1.572,-0.253,1.584,3.943,-0.013,4.192
26.25,1.351,-0.253,1.578,4.353,-0.012,4.198
26.26,1.552,-0.251,1.578,4.075,-0.012,4.194
26.27,1.498,-0.250,1.577,4.304,-0.014,4.196
26.28,1.451,-0.252,1.572,4.154,-0.016,4.193
26.29,1.753,-0.249,1.580,4.178,-0.016,4.193
26.30,1.621,-0.250,1.580,4.357,-0.015,4.199
26.31,1.630,-0.250,1.583,4.047,-0.015,4.194
26.32,1.706,-0.249,1.587,4.269,-0.014,4.198
26.33,1.672,-0.250,1.589,4.028,-0.013,4.194
26.34,1.654,-0.249,1.592,4.021,-0.013,4.188
26.35,1.583,-0.248,1.593,4.479,-0.013,4.197
26.36,1.574,-0.249,1.591,4.226,-0.013,4.198
26.37,1.455,-0.246,1.591,4.250,-0.013,4.200
26.38,1.572,-0.245,1.591,4.101,-0.014,4.196
26.39,1.396,-0.245,1.585,4.009,-0.014,4.191
26.40,1.554,-0.245,1.584,4.165,-0.013,4.191
26.41,1.449,-0.246,1.579,4.304,-0.013,4.194
26.42,1.811,-0.247,1.586,4.332,-0.014,4.198
26.43,1.653,-0.248,1.587,4.268,-0.014,4.200
26.44,1.548,-0.247,1.587,4.449,-0.013,4.208
26.45,1.563,-0.249,1.584,4.223,-0.014,4.208
26.46,1.711,-0.247,1.590,4.197,-0.014,4.208
26.47,1.348,-0.248,1.582,3.818,-0.014,4.196
26.48,1.579,-0.250,1.580,4.143,-0.015,4.194
26.49,1.491,-0.252,1.575,4.444,-0.015,4.202
26.50,1.536,-0.251,1.575,4.410,-0.016,4.208
26.51,1.641,-0.251,1.577,4.424,-0.015,4.215
26.52,1.585,-0.251,1.577,4.249,-0.014,4.218
26.53,1.658,-0.254,1.577,4.365,-0.016,4.221
26.54,1.670,-0.254,1.580,4.289,-0.016,4.223
26.55,1.508,-0.256,1.576,4.048,-0.016,4.218
26.56,1.597,-0.258,1.575,4.171,-0.016,4.217
26.57,1.614,-0.259,1.575,4.283,-0.014,4.221
26.58,1.453,-0.259,1.571,4.103,-0.015,4.217
26.59,1.400,-0.260,1.565,4.456,-0.015,4.225
26.60,1.608,-0.259,1.568,3.957,-0.015,4.217
26.61,1.483,-0.258,1.566,4.223,-0.015,4.218
26.62,1.609,-0.259,1.567,4.178,-0.015,4.216
26.63,1.446,-0.259,1.563,4.150,-0.014,4.215
26.64,1.397,-0.259,1.557,4.136,-0.015,4.213
26.65,1.804,-0.262,1.562,4.068,-0.015,4.208
26.66,1.624,-0.264,1.563,4.021,-0.015,4.203
26.67,1.553,-0.264,1.562,4.147,-0.015,4.201
26.68,1.289,-0.265,1.553,3.931,-0.014,4.194
26.69,1.555,-0.265,1.552,4.215,-0.014,4.194
26.70,1.657,-0.264,1.556,4.429,-0.015,4.201
26.71,1.741,-0.264,1.562,4.256,-0.015,4.203
26.72,1.369,-0.264,1.556,4.427,-0.015,4.210
26.73,1.476,-0.265,1.553,4.106,-0.015,4.206
26.74,1.298,-0.265,1.545,4.157,-0.015,4.205
26.75,1.584,-0.264,1.547,4.487,-0.016,4.213
26.76,1.643,-0.263,1.551,4.175,-0.015,4.213
26.77,1.608,-0.262,1.554,4.307,-0.014,4.217
26.78,1.263,-0.262,1.545,4.605,-0.015,4.229
26.79,1.352,-0.262,1.539,4.418,-0.014,4.236
26.80,1.424,-0.261,1.536,4.254,-0.014,4.237
26.81,1.439,-0.261,1.533,4.038,-0.012,4.233
26.82,1.657,-0.262,1.535,4.220,-0.011,4.234
26.83,1.562,-0.260,1.537,4.279,-0.012,4.235
26.84,1.536,-0.259,1.538,4.517,-0.011,4.244
26.85,1.444,-0.261,1.534,4.137,-0.011,4.242
26.86,1.757,-0.259,1.541,4.256,-0.011,4.243
26.87,1.583,-0.259,1.543,4.158,-0.010,4.241
26.88,1.705,-0.258,1.549,4.148,-0.009,4.240
26.89,1.706,-0.258,1.553,4.318,-0.008,4.244
26.90,1.463,-0.258,1.550,4.194,-0.008,4.243
26.91,1.693,-0.260,1.553,4.309,-0.008,4.245
26.93,1.595,-0.262,1.552,4.405,-0.008,4.250
26.93,1.494,-0.262,1.550,4.296,-0.008,4.252
26.94,1.616,-0.261,1.553,4.398,-0.007,4.258
26.95,1.581,-0.261,1.554,4.128,-0.005,4.257
26.96,1.553,-0.261,1.554,3.968,-0.005,4.249
26.97,1.347,-0.261,1.547,4.125,-0.004,4.246
26.99,1.437,-0.262,1.543,3.959,-0.004,4.237
26.99,1.514,-0.261,1.543,3.910,-0.004,4.228
27.00,1.536,-0.261,1.542,4.241,-0.004,4.228
27.01,1.484,-0.261,1.540,4.090,-0.003,4.225
27.02,1.529,-0.261,1.540,4.415,-0.003,4.231
27.03,1.595,-0.261,1.542,4.665,-0.003,4.244
27.04,1.336,-0.259,1.537,4.213,-0.004,4.243
27.05,1.743,-0.261,1.541,4.188,-0.004,4.242
27.06,1.495,-0.260,1.541,4.148,-0.004,4.239
27.07,1.646,-0.257,1.547,4.170,-0.005,4.236
27.08,1.373,-0.257,1.541,4.013,-0.004,4.230
27.09,1.357,-0.255,1.537,4.109,-0.002,4.229
27.10,1.698,-0.255,1.542,4.333,-0.002,4.232
27.12,1.518,-0.256,1.540,4.191,-0.002,4.231
27.13,1.654,-0.257,1.542,4.118,-0.002,4.228
27.14,1.719,-0.257,1.548,3.887,-0.002,4.217
27.15,1.361,-0.256,1.543,4.254,-0.002,4.219
27.16,1.429,-0.256,1.539,4.245,-0.001,4.220
27.17,1.535,-0.256,1.539,4.273,-0.001,4.222
27.18,1.655,-0.254,1.544,4.372,-0.000,4.228
27.19,1.529,-0.256,1.541,4.129,-0.001,4.224
27.20,1.702,-0.256,1.546,4.292,-0.001,4.226
27.21,1.753,-0.258,1.550,4.019,-0.002,4.219
27.22,1.450,-0.260,1.546,4.396,-0.001,4.225
27.23,1.778,-0.260,1.552,4.297,-0.002,4.227
27.24,1.710,-0.260,1.557,4.277,0.001,4.231
27.25,1.569,-0.261,1.556,4.153,0.001,4.229
27.26,1.717,-0.260,1.563,4.245,0.002,4.230
27.27,1.602,-0.260,1.564,4.090,0.000,4.224
27.28,1.719,-0.261,1.568,4.311,-0.000,4.227
27.29,1.419,-0.261,1.563,3.953,-0.001,4.217
27.30,1.667,-0.264,1.564,3.993,-0.002,4.209
27.31,1.827,-0.265,1.571,4.356,-0.003,4.213
27.32,1.414,-0.266,1.565,3.896,-0.002,4.205
27.33,1.577,-0.267,1.565,4.266,0.000,4.208
27.34,1.405,-0.270,1.558,4.224,-0.000,4.208
27.35,1.559,-0.272,1.555,4.042,-0.000,4.203
27.36,1.579,-0.273,1.556,4.104,-0.001,4.199
27.37,1.898,-0.273,1.566,4.143,0.002,4.200
27.38,1.724,-0.272,1.572,4.119,0.002,4.197
27.39,1.536,-0.272,1.571,4.073,0.004,4.195
27.40,1.650,-0.271,1.574,4.412,0.004,4.202
27.41,1.463,-0.274,1.569,4.086,0.004,4.198
27.42,1.635,-0.275,1.570,3.732,0.005,4.184
27.43,1.344,-0.276,1.562,4.194,0.006,4.185
27.44,1.657,-0.278,1.564,4.124,0.004,4.181
27.45,1.576,-0.277,1.565,4.205,0.004,4.181
27.46,1.606,-0.277,1.567,4.060,0.005,4.178
27.47,1.537,-0.277,1.566,4.228,0.006,4.181
27.48,1.635,-0.277,1.568,4.241,0.005,4.181
27.49,1.399,-0.277,1.563,4.182,0.005,4.180
27.50,1.519,-0.275,1.564,3.979,0.005,4.174
27.51,1.655,-0.275,1.567,4.359,0.004,4.178
27.52,1.672,-0.274,1.571,4.412,0.004,4.185
27.53,1.614,-0.275,1.572,3.957,0.004,4.178
27.54,1.681,-0.276,1.575,4.269,0.002,4.178
27.55,1.433,-0.277,1.570,4.509,0.002,4.188
27.56,1.689,-0.279,1.572,4.215,0.001,4.188
27.57,1.363,-0.280,1.565,4.137,0.001,4.186
27.58,1.567,-0.279,1.566,3.954,0.001,4.179
27.59,1.710,-0.280,1.570,4.328,0.002,4.183
27.60,1.721,-0.280,1.575,4.161,0.003,4.183
27.61,1.831,-0.279,1.583,3.911,0.003,4.175
27.62,1.716,-0.280,1.588,3.976,0.002,4.168
27.63,1.657,-0.279,1.591,4.064,0.002,4.164
27.64,1.746,-0.280,1.595,4.136,0.002,4.162
27.65,1.709,-0.278,1.601,4.360,0.003,4.169
27.66,1.475,-0.280,1.596,4.354,0.004,4.176
27.67,1.784,-0.279,1.603,4.252,0.005,4.178
27.68,1.380,-0.280,1.596,4.396,0.007,4.186
27.69,1.730,-0.281,1.600,4.022,0.006,4.180
27.70,1.448,-0.282,1.595,4.123,0.005,4.177
27.71,1.638,-0.282,1.596,4.079,0.005,4.174
27.72,1.675,-0.281,1.600,4.129,0.005,4.172
27.73,1.573,-0.280,1.601,4.154,0.005,4.171
27.74,1.622,-0.282,1.600,4.212,0.005,4.172
27.75,1.463,-0.282,1.597,4.152,0.006,4.172
27.76,1.720,-0.281,1.601,4.373,0.007,4.179
27.77,1.465,-0.280,1.598,4.283,0.006,4.180
27.78,1.294,-0.280,1.590,4.191,0.004,4.179
27.79,1.577,-0.280,1.590,4.208,0.004,4.179
27.80,1.368,-0.281,1.582,4.316,0.005,4.184
27.81,1.599,-0.280,1.584,4.460,0.005,4.192
27.82,1.312,-0.278,1.578,4.260,0.005,4.195
27.83,1.440,-0.280,1.572,3.899,0.006,4.186
27.84,1.649,-0.278,1.577,4.366,0.006,4.191
27.85,1.500,-0.279,1.573,4.233,0.007,4.193
27.86,1.615,-0.279,1.575,4.227,0.006,4.193
27.87,1.552,-0.278,1.575,4.268,0.007,4.196
27.88,1.810,-0.279,1.582,4.281,0.007,4.199
27.89,1.578,-0.279,1.582,4.146,0.005,4.196
27.90,1.697,-0.277,1.588,4.270,0.006,4.198
27.91,1.637,-0.279,1.588,4.196,0.005,4.198
27.92,1.640,-0.279,1.590,4.129,0.004,4.195
27.93,1.386,-0.280,1.583,4.266,0.004,4.196
27.94,1.674,-0.280,1.585,4.167,0.002,4.194
27.95,1.441,-0.280,1.581,4.069,0.000,4.188
27.96,1.635,-0.282,1.581,4.214,0.001,4.189
27.97,1.390,-0.282,1.576,3.874,0.000,4.179
27.98,1.738,-0.284,1.580,4.454,0.001,4.188
27.99,1.525,-0.283,1.579,4.053,0.001,4.183
28.00,1.473,-0.282,1.577,4.255,0.001,4.186
28.01,1.547,-0.282,1.576,4.314,0.001,4.190
28.02,1.637,-0.282,1.578,4.328,0.003,4.195
28.03,1.519,-0.280,1.579,4.490,0.002,4.203
28.04,1.931,-0.280,1.589,3.976,0.001,4.195
28.05,1.611,-0.284,1.586,4.359,0.001,4.200
28.06,1.717,-0.283,1.592,3.993,0.001,4.194
28.07,1.732,-0.282,1.597,4.340,0.001,4.198
28.08,1.715,-0.283,1.600,4.213,0.001,4.199
28.09,1.407,-0.284,1.594,3.987,0.000,4.191
28.10,1.711,-0.285,1.597,4.172,-0.002,4.189
28.11,1.764,-0.284,1.603,4.082,-0.002,4.185
28.12,1.665,-0.284,1.606,4.106,-0.001,4.184
28.13,1.370,-0.285,1.598,4.222,-0.001,4.185
28.14,1.505,-0.284,1.596,4.201,0.000,4.186
28.15,1.514,-0.283,1.595,4.224,-0.001,4.186
28.16,1.659,-0.285,1.596,4.092,-0.001,4.183
28.17,1.731,-0.286,1.599,4.075,-0.002,4.179
28.18,1.351,-0.288,1.591,4.234,-0.002,4.180
28.19,1.594,-0.287,1.592,4.188,-0.002,4.181
28.20,1.691,-0.286,1.596,4.181,-0.001,4.181
28.21,1.482,-0.286,1.593,4.119,-0.002,4.179
28.22,1.863,-0.289,1.599,4.141,-0.002,4.177
28.23,1.658,-0.288,1.602,4.198,-0.001,4.178
28.24,1.786,-0.290,1.606,4.013,-0.002,4.172
28.25,1.721,-0.289,1.611,4.229,-0.002,4.174
28.26,1.294,-0.291,1.600,4.155,-0.002,4.173
28.27,1.466,-0.292,1.595,4.252,-0.001,4.176
28.28,1.535,-0.293,1.593,4.399,-0.002,4.182
28.29,1.489,-0.291,1.592,3.896,-0.003,4.172
28.30,1.547,-0.292,1.590,3.824,-0.002,4.162
28.31,1.533,-0.292,1.588,4.377,-0.000,4.170
28.32,1.522,-0.293,1.586,4.021,-0.000,4.165
28.33,1.449,-0.293,1.582,3.924,-0.000,4.157
28.34,1.742,-0.294,1.586,4.062,0.001,4.155
28.35,1.737,-0.294,1.591,3.907,0.001,4.147
28.36,1.446,-0.295,1.586,4.472,0.001,4.157
28.37,1.685,-0.296,1.588,4.133,0.001,4.156
28.38,1.600,-0.297,1.588,4.059,0.002,4.153
28.40,1.682,-0.298,1.590,4.077,0.000,4.149
28.40,1.303,-0.299,1.580,4.247,0.001,4.152
28.41,1.475,-0.298,1.578,4.085,0.002,4.150
28.42,1.341,-0.297,1.572,4.249,0.003,4.154
28.43,1.569,-0.295,1.575,4.263,0.003,4.157
28.44,1.718,-0.293,1.581,4.020,0.002,4.151
28.45,1.848,-0.294,1.589,4.070,0.002,4.149
28.46,1.551,-0.295,1.587,4.188,0.002,4.149
28.48,1.477,-0.293,1.585,4.131,0.002,4.149
28.48,1.462,-0.292,1.583,4.097,0.003,4.148
28.49,1.629,-0.292,1.585,3.890,0.002,4.138
28.50,1.429,-0.293,1.580,3.837,0.002,4.129
28.52,1.516,-0.293,1.577,4.108,0.002,4.127
28.53,1.595,-0.295,1.576,4.096,0.001,4.124
28.53,1.510,-0.294,1.576,4.240,0.001,4.128
28.54,1.797,-0.295,1.582,4.610,0.000,4.141
28.55,1.349,-0.293,1.576,4.233,-0.001,4.143
28.57,1.535,-0.291,1.577,4.487,-0.001,4.153
28.57,1.586,-0.291,1.577,4.542,-0.001,4.165
28.58,1.303,-0.292,1.568,4.248,-0.002,4.165
28.60,1.690,-0.294,1.570,4.037,-0.002,4.161
28.61,1.647,-0.296,1.570,4.306,-0.002,4.166
28.61,1.292,-0.296,1.562,4.285,-0.001,4.170
28.63,1.495,-0.295,1.561,4.431,-0.001,4.177
28.64,1.387,-0.294,1.557,4.040,0.000,4.175
28.65,1.204,-0.293,1.547,4.148,0.000,4.174
28.66,1.591,-0.290,1.551,4.193,-0.001,4.173
28.67,1.525,-0.291,1.549,3.960,-0.001,4.167
28.68,1.479,-0.294,1.544,4.281,-0.001,4.170
28.69,1.539,-0.293,1.544,4.109,-0.001,4.168
28.70,1.323,-0.294,1.537,4.363,0.001,4.175
28.71,1.740,-0.295,1.541,4.240,-0.000,4.177
28.72,1.756,-0.296,1.547,4.270,-0.000,4.179
28.73,1.477,-0.297,1.544,4.048,-0.001,4.175
28.74,1.713,-0.298,1.548,4.227,-0.002,4.175
28.75,1.487,-0.299,1.545,4.434,-0.002,4.183
28.76,1.716,-0.298,1.551,4.040,-0.002,4.178
28.77,1.733,-0.296,1.558,4.215,-0.001,4.180
28.78,1.657,-0.296,1.561,3.967,-0.000,4.175
28.79,1.413,-0.297,1.556,4.164,-0.001,4.174
28.80,1.741,-0.297,1.562,4.133,-0.001,4.173
28.81,1.671,-0.298,1.564,4.075,-0.000,4.170
28.82,1.429,-0.301,1.557,4.162,-0.000,4.170
28.83,1.452,-0.299,1.556,4.490,-0.001,4.179
28.84,1.507,-0.298,1.555,4.154,-0.001,4.178
28.85,1.407,-0.298,1.551,4.219,-0.001,4.179
28.86,1.380,-0.298,1.546,4.040,-0.003,4.173
28.87,1.491,-0.298,1.543,4.311,-0.003,4.177
28.88,1.533,-0.298,1.543,3.981,-0.005,4.169
28.89,1.805,-0.298,1.552,4.435,-0.005,4.177
28.90,1.750,-0.297,1.558,4.011,-0.004,4.173
28.91,1.591,-0.301,1.555,4.277,-0.006,4.175
28.92,1.638,-0.302,1.557,4.064,-0.005,4.172
28.93,1.236,-0.304,1.545,4.006,-0.005,4.167
28.94,1.409,-0.306,1.539,4.293,-0.004,4.171
28.95,1.592,-0.307,1.540,3.989,-0.005,4.165
28.96,1.523,-0.307,1.539,3.980,-0.004,4.160
28.97,1.343,-0.307,1.533,4.358,-0.006,4.164
28.98,1.556,-0.307,1.533,4.278,-0.005,4.168
28.99,1.529,-0.306,1.534,4.088,-0.006,4.164
29.00,1.413,-0.307,1.529,4.211,-0.007,4.165
29.01,1.729,-0.307,1.535,4.263,-0.007,4.168
29.02,1.265,-0.308,1.526,4.253,-0.006,4.171
29.03,1.649,-0.310,1.528,4.189,-0.007,4.171
29.04,1.648,-0.308,1.533,4.055,-0.007,4.167
29.05,1.531,-0.307,1.534,4.036,-0.006,4.164
29.06,1.764,-0.309,1.539,4.180,-0.007,4.164
29.07,1.287,-0.310,1.530,4.227,-0.007,4.166
29.08,1.570,-0.310,1.532,4.203,-0.008,4.166
29.09,1.644,-0.310,1.535,4.202,-0.009,4.166
29.10,1.465,-0.309,1.534,4.249,-0.008,4.169
29.11,1.380,-0.309,1.529,4.103,-0.008,4.168
29.12,1.826,-0.308,1.538,4.283,-0.008,4.171
29.13,1.422,-0.307,1.535,4.522,-0.007,4.182
29.14,1.713,-0.310,1.538,4.336,-0.008,4.186
29.15,1.297,-0.310,1.531,4.153,-0.008,4.186
29.16,1.592,-0.312,1.531,4.266,-0.007,4.189
29.17,1.570,-0.310,1.533,3.972,-0.006,4.184
29.18,1.660,-0.312,1.536,4.515,-0.005,4.195
29.19,1.378,-0.310,1.532,4.236,-0.005,4.196
29.20,1.622,-0.311,1.534,4.364,-0.007,4.200
29.21,1.654,-0.313,1.536,4.070,-0.006,4.197
29.22,1.457,-0.314,1.533,4.120,-0.008,4.193
29.23,1.764,-0.315,1.539,4.122,-0.008,4.191
29.24,1.569,-0.317,1.538,4.354,-0.010,4.194
29.25,1.376,-0.318,1.531,4.435,-0.009,4.202
29.26,1.799,-0.319,1.539,4.022,-0.009,4.198
29.27,1.651,-0.320,1.541,4.230,-0.009,4.199
29.28,1.636,-0.321,1.543,4.168,-0.007,4.200
29.29,1.596,-0.323,1.544,4.407,-0.008,4.205
29.30,1.568,-0.324,1.544,4.355,-0.008,4.210
29.31,1.449,-0.324,1.541,4.205,-0.007,4.212
29.32,1.475,-0.323,1.539,4.235,-0.007,4.213
29.33,1.588,-0.324,1.540,4.231,-0.005,4.216
29.34,1.624,-0.326,1.541,4.221,-0.005,4.216
29.35,1.490,-0.327,1.539,4.334,-0.004,4.220
29.36,1.440,-0.326,1.537,4.342,-0.006,4.223
29.37,1.290,-0.327,1.528,3.978,-0.005,4.217
29.38,1.454,-0.327,1.526,3.966,-0.006,4.209
29.39,1.589,-0.329,1.526,4.560,-0.006,4.220
29.40,1.685,-0.330,1.530,4.084,-0.006,4.216
29.41,1.477,-0.330,1.528,4.023,-0.007,4.209
29.42,1.776,-0.331,1.535,4.318,-0.006,4.213
29.43,1.681,-0.333,1.538,4.159,-0.006,4.212
29.44,1.876,-0.333,1.548,3.995,-0.006,4.207
29.45,1.577,-0.334,1.549,4.074,-0.005,4.203
29.46,1.448,-0.336,1.544,4.302,-0.004,4.207
29.47,1.539,-0.336,1.544,3.997,-0.004,4.201
29.48,1.597,-0.337,1.545,3.951,-0.006,4.192
29.49,1.649,-0.337,1.548,4.008,-0.004,4.188
29.50,1.464,-0.337,1.546,3.945,-0.004,4.181
29.51,1.617,-0.337,1.548,4.124,-0.004,4.179
29.52,1.486,-0.339,1.545,4.105,-0.007,4.174
29.53,1.770,-0.339,1.552,4.110,-0.007,4.172
29.54,1.924,-0.339,1.564,3.991,-0.006,4.167
29.55,1.444,-0.341,1.559,4.195,-0.005,4.169
29.56,1.909,-0.342,1.569,4.167,-0.005,4.169
29.57,1.470,-0.342,1.567,4.219,-0.006,4.169
29.58,1.856,-0.342,1.576,3.811,-0.005,4.158
29.59,1.498,-0.341,1.575,4.097,-0.004,4.158
29.60,1.571,-0.340,1.576,4.165,-0.003,4.158
29.61,1.600,-0.340,1.578,4.093,-0.004,4.156
29.62,1.622,-0.340,1.579,4.363,-0.003,4.162
29.63,1.537,-0.340,1.579,4.110,-0.004,4.160
29.64,1.682,-0.340,1.583,4.272,-0.004,4.163
29.65,1.814,-0.339,1.591,4.025,-0.005,4.158
29.66,1.353,-0.344,1.580,4.141,-0.005,4.156
29.67,1.532,-0.344,1.579,4.329,-0.006,4.161
29.68,1.644,-0.345,1.581,4.464,-0.005,4.170
29.69,1.239,-0.345,1.571,4.342,-0.005,4.176
29.70,1.735,-0.345,1.577,4.159,-0.005,4.175
29.71,1.782,-0.345,1.583,4.173,-0.004,4.176
29.72,1.539,-0.345,1.582,4.283,-0.004,4.179
29.73,1.547,-0.345,1.582,4.240,-0.004,4.181
29.74,1.636,-0.343,1.586,4.316,-0.005,4.184
29.75,1.477,-0.343,1.583,3.973,-0.003,4.180
29.76,1.416,-0.345,1.577,4.010,-0.003,4.175
29.77,1.546,-0.344,1.577,4.236,-0.004,4.175
29.78,1.445,-0.344,1.573,4.066,-0.004,4.172
29.79,1.355,-0.346,1.565,4.163,-0.003,4.173
29.80,1.682,-0.346,1.570,4.187,-0.003,4.173
29.81,1.586,-0.345,1.572,4.433,-0.003,4.181
29.82,1.394,-0.344,1.567,4.145,-0.003,4.180
29.83,1.395,-0.344,1.562,4.030,-0.002,4.176
29.84,1.642,-0.346,1.564,4.317,-0.004,4.179
29.85,1.398,-0.348,1.557,3.964,-0.004,4.172
29.86,1.655,-0.347,1.561,4.141,-0.003,4.172
29.87,1.373,-0.346,1.557,4.290,-0.001,4.177
29.89,1.447,-0.345,1.555,4.545,-0.000,4.189
29.90,1.674,-0.343,1.560,4.133,-0.000,4.188
29.90,1.407,-0.344,1.555,4.011,0.001,4.183
29.92,1.520,-0.343,1.555,4.011,0.000,4.177
29.93,1.757,-0.342,1.562,4.273,-0.001,4.179
29.94,1.480,-0.342,1.560,4.079,-0.001,4.176
29.94,1.470,-0.342,1.558,4.203,-0.001,4.176
29.95,1.761,-0.342,1.564,3.966,-0.001,4.170
29.96,1.543,-0.343,1.563,4.377,-0.001,4.176
29.98,1.423,-0.343,1.559,4.063,-0.001,4.173
29.98,1.621,-0.342,1.562,4.144,-0.002,4.171
29.99,1.706,-0.344,1.565,3.993,-0.003,4.164
30.00,1.385,-0.344,1.560,4.347,-0.003,4.169
30.02,1.708,-0.344,1.564,4.391,-0.003,4.176
30.03,1.399,-0.344,1.559,4.061,-0.003,4.173
30.04,1.539,-0.346,1.558,4.130,-0.004,4.170
30.05,1.685,-0.347,1.561,4.219,-0.005,4.171
30.06,1.513,-0.345,1.561,4.269,-0.006,4.173
30.07,1.484,-0.347,1.557,4.247,-0.006,4.175
30.07,1.561,-0.347,1.557,4.240,-0.006,4.177
30.08,1.631,-0.346,1.561,4.255,-0.006,4.179
30.10,1.456,-0.348,1.557,4.424,-0.005,4.188
30.11,1.640,-0.347,1.560,4.179,-0.006,4.187
30.12,1.681,-0.348,1.563,4.220,-0.007,4.187
30.13,1.710,-0.348,1.567,4.195,-0.008,4.187
30.14,1.590,-0.348,1.569,4.116,-0.009,4.183
30.15,1.387,-0.351,1.560,4.280,-0.010,4.185
30.16,1.558,-0.352,1.560,3.980,-0.010,4.179
30.17,1.520,-0.353,1.558,4.144,-0.009,4.179
30.18,1.626,-0.353,1.560,4.088,-0.009,4.176
30.19,1.375,-0.354,1.554,4.019,-0.011,4.170
30.20,1.678,-0.353,1.559,4.101,-0.009,4.169
30.21,1.902,-0.353,1.570,4.107,-0.010,4.166
30.22,1.623,-0.356,1.569,4.274,-0.010,4.170
30.23,1.591,-0.356,1.570,4.012,-0.010,4.165
30.24,1.444,-0.356,1.566,4.330,-0.010,4.170
30.25,1.621,-0.358,1.567,4.001,-0.009,4.165
30.26,1.587,-0.358,1.568,4.458,-0.008,4.175
30.27,1.426,-0.359,1.563,4.093,-0.010,4.171
30.28,1.596,-0.361,1.562,4.192,-0.010,4.171
30.29,1.376,-0.359,1.559,4.014,-0.011,4.165
30.30,1.736,-0.361,1.563,4.112,-0.012,4.162
30.31,1.660,-0.361,1.566,4.237,-0.012,4.165
30.32,1.773,-0.362,1.572,4.213,-0.014,4.165
30.33,1.914,-0.363,1.582,4.123,-0.013,4.164
30.34,1.567,-0.364,1.581,4.181,-0.012,4.165
30.35,1.562,-0.363,1.582,4.026,-0.014,4.159
30.36,1.650,-0.363,1.584,4.345,-0.014,4.165
30.37,1.652,-0.359,1.591,4.315,-0.013,4.170
30.38,1.704,-0.360,1.594,4.189,-0.014,4.171
30.39,1.439,-0.362,1.588,4.374,-0.014,4.176
30.40,1.441,-0.362,1.584,3.778,-0.014,4.165
30.41,1.795,-0.360,1.593,4.290,-0.016,4.167
30.42,1.555,-0.362,1.591,4.216,-0.016,4.168
30.43,1.590,-0.362,1.591,4.142,-0.015,4.167
30.44,1.413,-0.361,1.587,4.253,-0.016,4.169
30.45,1.453,-0.362,1.583,4.227,-0.017,4.171
30.46,1.457,-0.363,1.578,4.044,-0.018,4.166
30.47,1.829,-0.364,1.586,4.471,-0.017,4.176
30.48,1.560,-0.365,1.584,4.163,-0.016,4.177
30.49,1.759,-0.365,1.591,4.057,-0.017,4.172
30.50,1.554,-0.366,1.589,4.298,-0.017,4.175
30.51,1.667,-0.366,1.592,4.414,-0.017,4.183
30.52,1.532,-0.365,1.591,4.171,-0.018,4.182
30.53,1.638,-0.363,1.595,4.090,-0.020,4.178
30.54,1.556,-0.363,1.595,4.086,-0.019,4.176
30.55,1.266,-0.363,1.585,4.306,-0.019,4.180
30.56,1.628,-0.364,1.586,4.112,-0.018,4.179
30.57,1.907,-0.364,1.596,4.187,-0.018,4.179
30.58,1.787,-0.364,1.603,4.043,-0.018,4.175
30.59,1.709,-0.363,1.608,4.044,-0.018,4.171
30.60,1.329,-0.364,1.599,4.155,-0.017,4.172
30.61,1.722,-0.364,1.603,4.296,-0.019,4.174
30.62,1.451,-0.366,1.597,4.118,-0.020,4.171
30.63,1.646,-0.366,1.599,4.436,-0.019,4.180
30.64,1.568,-0.366,1.599,4.042,-0.020,4.175
30.65,1.715,-0.366,1.603,3.915,-0.020,4.167
30.66,1.646,-0.367,1.604,4.240,-0.020,4.170
30.67,1.445,-0.367,1.599,4.189,-0.020,4.170
30.68,1.498,-0.368,1.596,4.073,-0.020,4.167
30.69,1.572,-0.368,1.597,4.196,-0.021,4.167
30.70,1.419,-0.367,1.592,4.052,-0.021,4.163
30.71,1.507,-0.365,1.592,4.003,-0.021,4.159
30.72,1.582,-0.366,1.591,4.339,-0.023,4.163
30.73,1.783,-0.365,1.599,4.117,-0.022,4.162
30.74,1.651,-0.364,1.601,4.281,-0.023,4.164
30.75,1.260,-0.365,1.591,4.036,-0.024,4.160
30.76,1.602,-0.366,1.591,4.342,-0.025,4.165
30.77,1.641,-0.364,1.595,4.205,-0.025,4.166
30.78,1.651,-0.365,1.595,4.096,-0.024,4.164
30.79,1.555,-0.365,1.595,3.949,-0.024,4.158
30.80,1.414,-0.364,1.591,3.982,-0.024,4.153
30.81,1.532,-0.366,1.587,3.979,-0.025,4.146
30.82,1.484,-0.366,1.584,4.017,-0.023,4.144
30.83,1.457,-0.367,1.580,4.225,-0.022,4.147
30.84,1.266,-0.368,1.569,3.942,-0.021,4.142
30.85,1.559,-0.370,1.568,4.092,-0.022,4.139
30.86,1.722,-0.369,1.573,4.197,-0.022,4.140
30.87,1.591,-0.369,1.574,4.287,-0.023,4.144
30.88,1.580,-0.370,1.574,4.105,-0.023,4.142
30.89,1.835,-0.370,1.582,4.438,-0.022,4.152
30.90,1.514,-0.370,1.581,4.340,-0.021,4.159
30.91,1.912,-0.370,1.591,4.289,-0.023,4.161
30.92,1.538,-0.369,1.591,3.970,-0.022,4.156
30.93,1.722,-0.369,1.596,4.137,-0.022,4.156
30.94,1.308,-0.370,1.586,4.181,-0.023,4.156
30.95,1.625,-0.370,1.587,4.169,-0.025,4.154
30.96,1.605,-0.370,1.588,4.019,-0.024,4.150
30.97,1.299,-0.373,1.577,4.223,-0.025,4.152
30.98,1.676,-0.374,1.579,3.764,-0.024,4.140
30.99,1.654,-0.373,1.582,3.947,-0.026,4.133
31.00,1.530,-0.374,1.581,4.468,-0.026,4.143
31.01,1.544,-0.374,1.580,4.212,-0.026,4.145
31.02,1.349,-0.374,1.573,4.120,-0.026,4.144
31.03,1.550,-0.375,1.572,4.105,-0.026,4.143
31.04,1.377,-0.373,1.568,4.057,-0.026,4.139
31.05,1.748,-0.371,1.576,4.234,-0.027,4.142
31.06,1.461,-0.370,1.573,4.130,-0.025,4.142
31.07,1.625,-0.369,1.576,4.059,-0.027,4.139
31.08,1.521,-0.367,1.576,3.973,-0.026,4.134
31.09,1.779,-0.366,1.584,4.241,-0.026,4.137
31.10,1.445,-0.367,1.579,4.273,-0.026,4.141
31.11,1.630,-0.368,1.580,3.828,-0.026,4.132
31.12,1.652,-0.369,1.581,4.426,-0.025,4.141
31.13,1.394,-0.368,1.576,4.462,-0.025,4.151
31.14,2.038,-0.368,1.591,4.265,-0.025,4.154
31.15,1.562,-0.367,1.591,4.132,-0.025,4.154
31.16,1.657,-0.368,1.593,3.886,-0.025,4.145
31.17,1.639,-0.368,1.595,4.176,-0.025,4.146
31.18,1.585,-0.368,1.594,4.382,-0.026,4.152
31.19,1.364,-0.370,1.586,4.214,-0.026,4.154
31.20,1.296,-0.370,1.577,4.111,-0.025,4.154
31.21,1.603,-0.370,1.578,4.142,-0.026,4.153
31.22,1.469,-0.371,1.574,4.019,-0.026,4.149
31.23,1.383,-0.370,1.569,4.283,-0.025,4.154
31.24,1.380,-0.370,1.564,4.273,-0.024,4.158
31.25,1.614,-0.372,1.564,4.416,-0.025,4.165
31.26,1.850,-0.372,1.572,4.065,-0.024,4.163
31.27,1.220,-0.374,1.560,4.463,-0.024,4.172
31.28,1.453,-0.375,1.556,4.602,-0.024,4.185
31.29,1.762,-0.375,1.562,4.463,-0.025,4.193
31.30,1.556,-0.375,1.562,4.262,-0.025,4.196
31.31,1.475,-0.374,1.560,3.992,-0.025,4.190
31.32,1.708,-0.374,1.565,4.274,-0.023,4.195
31.33,1.805,-0.375,1.572,4.052,-0.023,4.190
31.34,1.370,-0.375,1.566,4.189,-0.023,4.191
31.35,1.285,-0.375,1.557,3.910,-0.023,4.183
31.36,1.666,-0.376,1.560,4.230,-0.023,4.184
31.37,1.376,-0.377,1.553,4.028,-0.023,4.180
31.38,1.599,-0.378,1.553,4.435,-0.023,4.187
31.39,1.349,-0.379,1.546,4.130,-0.024,4.185
31.40,1.482,-0.379,1.544,4.147,-0.023,4.185
31.42,1.614,-0.378,1.547,4.189,-0.021,4.187
31.43,1.546,-0.378,1.547,4.048,-0.022,4.183
31.44,1.463,-0.379,1.543,4.292,-0.023,4.185
31.44,1.678,-0.378,1.548,4.029,-0.022,4.182
31.45,1.441,-0.379,1.544,4.203,-0.023,4.182
31.47,1.624,-0.380,1.545,4.106,-0.022,4.181
31.48,1.681,-0.382,1.548,4.025,-0.022,4.175
31.49,1.611,-0.381,1.551,4.193,-0.023,4.175
31.50,1.483,-0.383,1.547,4.234,-0.022,4.179
31.50,1.708,-0.382,1.553,4.189,-0.023,4.178
31.52,1.685,-0.382,1.556,4.010,-0.024,4.172
31.53,1.576,-0.382,1.557,4.169,-0.024,4.172
31.54,1.453,-0.382,1.555,4.242,-0.025,4.173
31.55,1.386,-0.380,1.551,4.004,-0.025,4.168
31.56,1.647,-0.381,1.553,4.137,-0.026,4.166
31.57,1.600,-0.383,1.553,3.916,-0.026,4.159
31.58,1.735,-0.385,1.556,4.230,-0.026,4.161
31.59,1.656,-0.386,1.558,4.362,-0.025,4.168
31.60,1.367,-0.386,1.553,4.394,-0.026,4.174
31.61,1.572,-0.386,1.554,4.306,-0.027,4.178
31.62,1.664,-0.384,1.559,4.337,-0.026,4.183
31.63,1.511,-0.385,1.556,4.048,-0.025,4.180
31.64,1.758,-0.386,1.562,4.083,-0.026,4.177
31.65,1.785,-0.388,1.567,4.424,-0.026,4.184
31.66,1.584,-0.387,1.569,4.277,-0.025,4.188
31.67,1.856,-0.387,1.578,4.221,-0.025,4.189
31.68,1.554,-0.387,1.578,3.863,-0.026,4.178
31.69,1.597,-0.385,1.580,4.351,-0.025,4.185
31.70,1.452,-0.384,1.577,4.265,-0.025,4.187
31.71,1.440,-0.385,1.573,4.218,-0.026,4.188
31.72,1.514,-0.385,1.571,4.105,-0.025,4.186
31.73,1.997,-0.386,1.584,4.153,-0.026,4.185
31.74,1.712,-0.385,1.589,4.355,-0.026,4.190
31.75,1.588,-0.387,1.588,4.296,-0.026,4.194
31.76,1.729,-0.387,1.592,4.120,-0.026,4.192
31.77,2.048,-0.387,1.607,4.115,-0.025,4.191
31.78,1.849,-0.388,1.614,4.004,-0.025,4.185
31.79,1.701,-0.390,1.615,4.266,-0.024,4.189
31.80,1.590,-0.390,1.615,3.960,-0.024,4.182
31.81,1.838,-0.389,1.624,4.097,-0.024,4.180
31.82,1.720,-0.390,1.626,4.242,-0.024,4.182
31.83,1.562,-0.390,1.625,4.135,-0.023,4.181
31.84,1.388,-0.389,1.619,3.927,-0.024,4.173
31.85,1.775,-0.390,1.624,4.158,-0.023,4.173
31.86,1.731,-0.390,1.628,3.928,-0.024,4.165
31.87,1.458,-0.390,1.624,3.930,-0.024,4.157
31.88,1.513,-0.389,1.622,4.427,-0.024,4.166
31.89,1.461,-0.389,1.618,4.242,-0.024,4.168
31.90,1.411,-0.390,1.611,3.928,-0.021,4.164
31.91,1.619,-0.390,1.611,4.261,-0.020,4.167
31.92,1.522,-0.392,1.608,4.131,-0.020,4.166
31.93,1.454,-0.395,1.601,3.996,-0.021,4.160
31.94,1.499,-0.396,1.597,4.116,-0.021,4.159
31.95,1.840,-0.395,1.606,4.294,-0.020,4.163
31.96,1.806,-0.395,1.612,4.039,-0.021,4.159
31.97,1.491,-0.396,1.609,4.312,-0.022,4.163
31.98,1.654,-0.395,1.611,4.422,-0.021,4.171
31.99,1.475,-0.398,1.605,4.252,-0.021,4.174
32.00,1.455,-0.397,1.602,4.112,-0.021,4.172
32.01,1.464,-0.395,1.600,4.147,-0.021,4.171
32.02,1.564,-0.394,1.600,4.021,-0.019,4.168
32.03,1.544,-0.396,1.597,4.069,-0.020,4.165
32.04,1.670,-0.395,1.600,4.180,-0.021,4.164
32.05,1.521,-0.394,1.600,4.067,-0.020,4.162
32.06,1.467,-0.393,1.597,4.013,-0.019,4.158
32.07,1.820,-0.393,1.604,4.146,-0.021,4.155
32.08,1.290,-0.394,1.594,4.103,-0.022,4.153
32.09,1.703,-0.393,1.598,4.286,-0.022,4.157
32.10,1.611,-0.396,1.597,4.276,-0.023,4.159
32.11,1.723,-0.394,1.603,4.491,-0.023,4.169
32.12,1.722,-0.393,1.608,4.390,-0.022,4.177
32.13,1.543,-0.394,1.605,4.235,-0.024,4.177
32.14,1.720,-0.394,1.610,3.976,-0.023,4.172
32.15,1.484,-0.395,1.605,4.091,-0.024,4.169
32.16,1.526,-0.396,1.602,4.027,-0.024,4.164
32.17,1.558,-0.395,1.602,4.283,-0.024,4.168
32.18,1.631,-0.394,1.604,4.208,-0.023,4.170
32.19,1.596,-0.395,1.603,4.143,-0.023,4.170
32.20,1.244,-0.396,1.591,3.689,-0.022,4.155
32.21,1.836,-0.396,1.599,4.257,-0.023,4.157
32.22,1.651,-0.396,1.602,4.097,-0.024,4.155
32.23,1.793,-0.396,1.608,4.695,-0.025,4.170
32.24,1.534,-0.398,1.604,3.933,-0.024,4.164
32.25,1.536,-0.396,1.604,4.073,-0.024,4.161
32.26,1.635,-0.397,1.605,4.069,-0.024,4.158
32.27,1.286,-0.398,1.594,3.902,-0.024,4.150
32.28,1.644,-0.398,1.597,4.010,-0.022,4.148
32.29,1.326,-0.399,1.587,4.359,-0.023,4.153
32.30,1.713,-0.402,1.589,4.107,-0.021,4.153
32.31,1.777,-0.402,1.594,4.295,-0.022,4.156
32.32,1.486,-0.401,1.593,4.011,-0.023,4.151
32.33,1.645,-0.401,1.594,4.190,-0.023,4.152
32.34,1.556,-0.403,1.591,3.892,-0.023,4.144
32.35,1.490,-0.406,1.585,4.141,-0.022,4.144
32.36,1.567,-0.407,1.585,4.183,-0.022,4.145
32.37,1.784,-0.406,1.592,4.204,-0.022,4.148
32.38,1.715,-0.405,1.597,4.148,-0.023,4.146
32.39,1.539,-0.403,1.597,4.091,-0.020,4.147
32.40,1.307,-0.404,1.588,4.045,-0.020,4.144
32.41,1.528,-0.404,1.587,4.570,-0.019,4.157
32.42,1.678,-0.403,1.590,4.210,-0.019,4.159
32.43,1.645,-0.403,1.593,4.385,-0.018,4.167
32.44,1.691,-0.403,1.596,4.293,-0.019,4.170
32.45,1.758,-0.403,1.601,4.226,-0.018,4.173
32.46,1.264,-0.403,1.591,4.440,-0.018,4.181
32.47,1.688,-0.401,1.596,4.236,-0.017,4.184
32.48,1.519,-0.402,1.594,4.094,-0.016,4.182
32.49,1.352,-0.404,1.584,4.080,-0.016,4.179
32.50,1.673,-0.403,1.588,4.306,-0.015,4.184
32.51,1.748,-0.401,1.596,4.008,-0.015,4.178
32.52,1.523,-0.400,1.594,3.834,-0.015,4.168
32.53,1.489,-0.400,1.591,4.020,-0.015,4.164
32.54,1.536,-0.401,1.589,4.122,-0.015,4.162
32.55,1.502,-0.404,1.584,4.208,-0.016,4.162
32.56,1.461,-0.404,1.580,4.262,-0.016,4.165
32.57,1.514,-0.406,1.577,3.970,-0.015,4.160
32.58,1.363,-0.406,1.570,4.260,-0.014,4.164
32.59,1.452,-0.404,1.568,4.303,-0.016,4.166
32.60,1.647,-0.406,1.569,4.270,-0.017,4.169
32.61,1.463,-0.404,1.568,4.163,-0.017,4.168
32.62,1.805,-0.403,1.576,4.255,-0.017,4.171
32.63,1.691,-0.404,1.578,4.338,-0.016,4.177
32.64,1.658,-0.404,1.581,4.030,-0.017,4.172
32.65,1.591,-0.405,1.580,4.397,-0.017,4.178
32.66,1.590,-0.407,1.579,4.300,-0.015,4.184
32.67,1.507,-0.407,1.577,4.145,-0.016,4.182
32.68,1.632,-0.408,1.577,4.404,-0.016,4.189
32.69,1.590,-0.411,1.575,4.227,-0.016,4.191
32.70,1.341,-0.412,1.567,4.241,-0.016,4.192
32.71,1.355,-0.412,1.561,4.173,-0.017,4.191
32.72,1.368,-0.412,1.555,4.424,-0.017,4.198
32.73,1.631,-0.411,1.558,4.135,-0.017,4.196
32.74,1.993,-0.413,1.569,4.437,-0.016,4.205
32.75,1.556,-0.413,1.570,3.962,-0.017,4.197
32.76,1.653,-0.412,1.573,4.402,-0.018,4.202
32.77,1.794,-0.414,1.578,4.134,-0.018,4.201
32.78,1.538,-0.412,1.579,4.147,-0.017,4.201
32.79,1.795,-0.411,1.586,4.255,-0.015,4.204
32.81,1.766,-0.413,1.590,4.255,-0.015,4.206
32.81,1.563,-0.412,1.591,4.253,-0.015,4.208
32.82,1.414,-0.410,1.588,4.216,-0.016,4.208
32.83,1.356,-0.409,1.582,4.551,-0.015,4.219
32.84,1.657,-0.410,1.584,4.152,-0.016,4.217
32.85,1.574,-0.410,1.583,4.105,-0.017,4.212
32.86,1.427,-0.409,1.579,4.466,-0.016,4.221
32.87,1.714,-0.410,1.583,4.408,-0.016,4.228
32.88,1.641,-0.409,1.586,4.240,-0.017,4.228
32.89,1.744,-0.406,1.594,4.298,-0.018,4.230
32.90,1.316,-0.407,1.585,4.606,-0.017,4.243
32.91,1.323,-0.406,1.578,3.988,-0.016,4.236
32.92,1.731,-0.406,1.583,3.952,-0.016,4.228
32.93,1.501,-0.406,1.580,4.163,-0.018,4.225
32.94,1.689,-0.404,1.585,4.369,-0.019,4.229
32.96,1.446,-0.405,1.580,4.094,-0.019,4.225
32.97,1.894,-0.404,1.592,4.399,-0.017,4.232
32.98,1.659,-0.403,1.594,4.420,-0.017,4.239
32.99,1.615,-0.403,1.595,4.168,-0.017,4.237
33.00,1.714,-0.402,1.600,4.289,-0.017,4.240
33.01,1.336,-0.403,1.591,3.836,-0.018,4.227
33.02,1.539,-0.401,1.592,4.464,-0.019,4.233
33.03,1.627,-0.402,1.592,4.233,-0.020,4.233
33.04,1.805,-0.403,1.598,4.303,-0.019,4.236
33.05,1.472,-0.403,1.594,4.041,-0.021,4.230
33.06,1.761,-0.404,1.599,4.209,-0.020,4.230
33.07,1.704,-0.405,1.601,3.988,-0.021,4.222
33.08,1.609,-0.404,1.602,4.356,-0.022,4.226
33.09,1.319,-0.404,1.595,4.519,-0.022,4.235
33.10,1.403,-0.404,1.589,4.208,-0.022,4.235
33.11,1.501,-0.403,1.587,4.223,-0.023,4.234
33.12,1.503,-0.403,1.584,4.185,-0.023,4.233
33.13,1.538,-0.403,1.583,4.364,-0.022,4.238
33.14,1.442,-0.402,1.580,4.164,-0.022,4.236
33.15,1.345,-0.404,1.571,4.307,-0.021,4.240
33.16,1.532,-0.404,1.570,4.113,-0.022,4.236
33.17,1.730,-0.404,1.574,4.159,-0.023,4.233
33.18,1.409,-0.405,1.569,4.334,-0.020,4.240
33.19,1.788,-0.407,1.573,4.395,-0.020,4.245
33.20,1.671,-0.409,1.574,3.977,-0.020,4.237
33.21,1.502,-0.408,1.573,4.167,-0.022,4.234
33.22,1.582,-0.409,1.573,4.246,-0.021,4.235
33.23,1.824,-0.409,1.581,4.313,-0.021,4.238
33.24,1.712,-0.408,1.585,4.268,-0.021,4.240
33.25,1.463,-0.405,1.585,4.086,-0.021,4.235
33.26,1.675,-0.404,1.588,4.194,-0.020,4.235
33.27,1.451,-0.405,1.583,4.354,-0.020,4.240
33.28,1.620,-0.405,1.585,4.205,-0.020,4.239
33.29,1.640,-0.405,1.587,3.927,-0.019,4.231
33.30,1.503,-0.405,1.584,4.220,-0.019,4.230
33.31,1.316,-0.404,1.577,3.996,-0.019,4.224
33.32,1.664,-0.404,1.579,4.167,-0.018,4.223
33.33,1.458,-0.403,1.576,4.511,-0.018,4.233
33.34,1.531,-0.405,1.574,4.001,-0.018,4.226
33.35,1.442,-0.404,1.570,4.142,-0.019,4.223
33.36,1.551,-0.405,1.569,3.890,-0.019,4.212
33.37,1.574,-0.404,1.569,4.277,-0.021,4.213
33.38,1.618,-0.405,1.571,4.007,-0.022,4.205
33.39,1.758,-0.405,1.576,4.239,-0.022,4.207
33.40,1.416,-0.403,1.573,4.152,-0.022,4.205
33.41,1.560,-0.400,1.575,4.081,-0.023,4.201
33.42,1.853,-0.403,1.581,4.166,-0.023,4.200
33.43,1.640,-0.404,1.582,4.202,-0.022,4.201
33.44,1.600,-0.404,1.583,4.158,-0.024,4.198
33.45,1.518,-0.405,1.580,4.234,-0.025,4.198
33.46,1.792,-0.404,1.587,4.212,-0.024,4.200
33.47,1.640,-0.404,1.589,4.436,-0.024,4.207
33.48,1.568,-0.404,1.588,4.158,-0.023,4.206
33.49,1.412,-0.403,1.584,4.067,-0.022,4.203
33.50,1.477,-0.405,1.579,4.374,-0.023,4.207
33.51,1.663,-0.404,1.583,4.456,-0.024,4.214
33.52,1.657,-0.405,1.584,4.075,-0.023,4.211
33.53,1.482,-0.404,1.582,4.279,-0.024,4.212
33.54,1.485,-0.402,1.581,4.186,-0.024,4.212
33.55,1.466,-0.404,1.575,4.221,-0.023,4.213
33.56,1.452,-0.405,1.570,4.244,-0.022,4.215
33.57,1.431,-0.405,1.567,4.226,-0.023,4.215
33.58,1.474,-0.405,1.564,4.108,-0.024,4.211
33.59,1.398,-0.407,1.557,3.911,-0.024,4.201
33.60,1.424,-0.406,1.554,4.259,-0.024,4.203
33.61,1.310,-0.405,1.547,3.783,-0.024,4.190
33.62,1.527,-0.406,1.545,4.276,-0.024,4.193
33.63,1.625,-0.407,1.546,3.935,-0.025,4.185
33.64,1.347,-0.407,1.539,4.188,-0.025,4.184
33.65,1.781,-0.409,1.544,4.339,-0.025,4.189
33.66,1.634,-0.409,1.547,4.213,-0.025,4.190
33.67,1.659,-0.408,1.551,4.117,-0.025,4.188
33.68,1.634,-0.408,1.553,4.007,-0.025,4.182
33.69,1.715,-0.407,1.559,4.046,-0.025,4.178
33.70,1.515,-0.409,1.556,4.060,-0.024,4.174
33.71,1.635,-0.410,1.557,4.250,-0.025,4.176
33.72,1.692,-0.411,1.560,4.041,-0.025,4.171
33.73,1.710,-0.411,1.565,4.036,-0.026,4.167
33.74,1.661,-0.412,1.567,4.168,-0.025,4.167
33.75,1.348,-0.411,1.561,4.291,-0.025,4.171
33.76,1.520,-0.411,1.560,4.412,-0.025,4.178
33.77,1.663,-0.412,1.562,3.949,-0.024,4.171
33.78,1.600,-0.412,1.563,4.370,-0.024,4.177
33.79,1.336,-0.412,1.556,4.166,-0.022,4.178
33.80,1.650,-0.414,1.557,4.086,-0.023,4.175
33.81,1.601,-0.412,1.561,4.146,-0.023,4.174
33.82,1.556,-0.412,1.561,4.448,-0.022,4.183
33.83,1.537,-0.412,1.559,4.236,-0.020,4.186
33.84,1.427,-0.412,1.555,4.407,-0.020,4.193
33.85,1.593,-0.410,1.558,4.269,-0.020,4.195
33.86,1.751,-0.409,1.565,4.281,-0.019,4.198
33.87,1.650,-0.409,1.567,4.311,-0.020,4.201
33.88,1.501,-0.411,1.564,4.287,-0.022,4.202
33.89,1.664,-0.410,1.568,4.228,-0.022,4.203
33.90,1.578,-0.410,1.568,4.151,-0.022,4.201
33.91,1.426,-0.411,1.563,4.384,-0.023,4.206
33.92,1.621,-0.410,1.566,4.191,-0.024,4.205
33.93,1.744,-0.412,1.569,4.048,-0.024,4.200
33.94,1.514,-0.412,1.567,4.597,-0.026,4.211
33.95,1.451,-0.412,1.564,4.271,-0.025,4.214
33.96,1.675,-0.411,1.569,4.239,-0.025,4.215
33.97,1.631,-0.411,1.570,4.134,-0.024,4.213
33.98,1.667,-0.410,1.574,4.114,-0.023,4.211
33.99,1.421,-0.410,1.569,3.997,-0.023,4.205
34.00,1.735,-0.411,1.574,4.159,-0.024,4.203
34.01,1.829,-0.412,1.581,4.083,-0.024,4.199
34.02,1.561,-0.411,1.581,4.191,-0.026,4.197
34.03,1.441,-0.412,1.576,4.079,-0.027,4.192
34.04,1.405,-0.411,1.572,4.471,-0.027,4.201
34.05,1.400,-0.407,1.570,4.119,-0.027,4.199
34.06,1.521,-0.407,1.569,3.949,-0.027,4.191
34.07,1.438,-0.406,1.565,4.277,-0.026,4.195
34.08,1.621,-0.404,1.569,4.387,-0.027,4.200
34.09,1.411,-0.405,1.564,3.914,-0.027,4.191
34.10,1.451,-0.404,1.561,4.242,-0.027,4.193
34.11,1.393,-0.404,1.556,3.843,-0.027,4.182
34.12,1.591,-0.403,1.557,3.927,-0.026,4.175
34.13,1.724,-0.401,1.564,3.806,-0.026,4.164
34.14,1.656,-0.403,1.565,3.999,-0.026,4.158
34.15,1.448,-0.403,1.562,4.088,-0.025,4.157
34.16,1.652,-0.405,1.562,4.162,-0.026,4.155
34.17,1.462,-0.405,1.559,4.072,-0.028,4.151
34.18,1.460,-0.405,1.556,4.034,-0.027,4.147
34.19,1.557,-0.405,1.556,4.002,-0.027,4.142
34.20,1.709,-0.404,1.561,4.216,-0.026,4.145
34.21,1.506,-0.403,1.561,4.513,-0.027,4.156
34.22,1.550,-0.403,1.560,4.133,-0.026,4.155
34.23,1.633,-0.403,1.562,4.544,-0.026,4.167
34.24,1.551,-0.404,1.561,4.139,-0.025,4.167
34.25,1.456,-0.404,1.557,4.191,-0.024,4.168
34.26,1.971,-0.406,1.568,4.241,-0.024,4.170
34.27,1.616,-0.405,1.570,4.254,-0.024,4.172
34.28,1.445,-0.407,1.565,4.199,-0.022,4.175
34.29,1.592,-0.407,1.565,3.880,-0.022,4.166
34.30,1.603,-0.408,1.565,4.553,-0.024,4.176
34.31,1.404,-0.409,1.560,4.293,-0.023,4.180
34.33,1.596,-0.410,1.559,4.169,-0.023,4.179
34.34,1.737,-0.407,1.568,4.245,-0.024,4.181
34.34,1.707,-0.407,1.572,4.186,-0.024,4.181
34.35,1.485,-0.409,1.568,4.028,-0.023,4.177
34.36,1.818,-0.410,1.574,4.298,-0.023,4.180
34.38,1.634,-0.410,1.577,4.212,-0.021,4.183
34.39,1.562,-0.410,1.576,4.036,-0.022,4.178
34.39,1.396,-0.412,1.569,4.231,-0.022,4.179
34.40,1.674,-0.412,1.572,3.958,-0.022,4.172
34.41,1.765,-0.413,1.577,4.318,-0.022,4.177
34.42,1.789,-0.414,1.583,4.105,-0.022,4.174
34.43,1.604,-0.417,1.581,4.381,-0.023,4.180
34.44,1.677,-0.418,1.583,4.208,-0.021,4.182
34.45,1.544,-0.419,1.581,4.262,-0.023,4.183
34.47,1.674,-0.421,1.582,4.250,-0.023,4.184
34.48,1.234,-0.420,1.573,3.904,-0.023,4.176
34.49,1.568,-0.419,1.574,4.243,-0.025,4.176
34.50,1.386,-0.418,1.569,4.146,-0.025,4.175
34.51,1.746,-0.419,1.573,4.387,-0.026,4.180
34.52,1.402,-0.419,1.568,3.947,-0.026,4.173
34.53,1.345,-0.420,1.561,4.087,-0.026,4.171
34.54,1.662,-0.420,1.564,4.343,-0.025,4.176
34.55,1.674,-0.421,1.566,4.153,-0.026,4.175
34.56,1.401,-0.421,1.561,4.220,-0.026,4.176
34.57,1.588,-0.420,1.563,4.161,-0.026,4.176
34.58,1.453,-0.421,1.559,4.163,-0.025,4.176
34.59,1.740,-0.421,1.564,4.423,-0.025,4.184
34.60,1.651,-0.422,1.566,4.373,-0.023,4.191
34.61,1.620,-0.423,1.567,4.180,-0.022,4.192
34.62,1.432,-0.425,1.561,4.413,-0.024,4.197
34.63,1.566,-0.425,1.561,4.275,-0.023,4.200
34.64,1.951,-0.427,1.572,4.223,-0.022,4.202
34.65,1.701,-0.426,1.577,4.156,-0.021,4.201
34.66,1.268,-0.427,1.566,3.912,-0.020,4.194
34.67,1.351,-0.426,1.561,3.850,-0.021,4.183
34.68,1.451,-0.426,1.557,4.157,-0.020,4.182
34.69,1.535,-0.429,1.554,4.393,-0.021,4.188
34.70,1.423,-0.430,1.549,4.223,-0.022,4.188
34.71,1.602,-0.430,1.551,4.252,-0.022,4.190
34.72,1.414,-0.429,1.547,3.947,-0.023,4.182
34.73,1.238,-0.428,1.538,3.975,-0.022,4.176
34.74,1.731,-0.430,1.543,4.521,-0.022,4.186
34.75,1.592,-0.429,1.545,4.133,-0.023,4.184
34.76,1.609,-0.430,1.546,3.998,-0.024,4.177
34.77,1.429,-0.432,1.541,4.104,-0.024,4.175
34.78,1.545,-0.432,1.540,4.106,-0.024,4.173
34.79,1.754,-0.433,1.546,4.096,-0.024,4.170
34.80,1.409,-0.432,1.543,4.200,-0.024,4.171
34.81,1.846,-0.434,1.551,4.150,-0.025,4.169
34.82,1.559,-0.434,1.551,4.017,-0.026,4.163
34.83,1.607,-0.436,1.551,4.221,-0.026,4.165
34.84,1.850,-0.438,1.557,3.919,-0.025,4.158
34.85,1.458,-0.439,1.554,4.367,-0.025,4.165
34.86,1.379,-0.438,1.549,4.027,-0.024,4.161
34.87,1.493,-0.437,1.549,4.148,-0.024,4.161
34.88,1.527,-0.438,1.547,4.347,-0.024,4.166
34.89,1.618,-0.437,1.551,4.259,-0.024,4.169
34.90,1.638,-0.437,1.553,4.187,-0.023,4.170
34.91,1.730,-0.438,1.558,4.276,-0.024,4.172
34.92,1.651,-0.439,1.560,4.062,-0.024,4.169
34.93,1.677,-0.440,1.563,4.417,-0.022,4.178
34.94,1.464,-0.440,1.560,4.281,-0.022,4.181
34.95,1.380,-0.442,1.553,4.333,-0.023,4.185
34.96,1.771,-0.442,1.559,4.295,-0.023,4.188
34.97,1.537,-0.442,1.559,4.278,-0.024,4.189
34.98,1.457,-0.443,1.555,4.350,-0.025,4.194
34.99,1.372,-0.441,1.551,4.069,-0.024,4.192
35.00,1.629,-0.442,1.553,4.143,-0.024,4.189
35.01,1.590,-0.440,1.556,4.084,-0.025,4.185
35.02,1.537,-0.443,1.553,4.050,-0.025,4.182
35.03,1.723,-0.443,1.558,4.368,-0.024,4.189
35.04,1.772,-0.445,1.563,4.333,-0.022,4.195
35.05,1.461,-0.446,1.559,3.986,-0.021,4.189
35.06,1.664,-0.447,1.562,4.248,-0.021,4.191
35.07,1.540,-0.448,1.560,4.250,-0.021,4.193
35.08,1.526,-0.447,1.561,3.998,-0.021,4.187
35.09,1.605,-0.446,1.563,4.215,-0.021,4.188
35.10,1.511,-0.448,1.560,4.191,-0.021,4.188
35.11,1.237,-0.445,1.553,4.226,-0.020,4.190
35.12,1.459,-0.444,1.552,4.399,-0.019,4.197
35.13,1.501,-0.444,1.550,3.880,-0.019,4.188
35.14,1.478,-0.444,1.548,4.159,-0.019,4.187
35.15,1.463,-0.444,1.546,4.075,-0.019,4.183
35.16,1.537,-0.447,1.543,4.126,-0.020,4.181
35.17,1.634,-0.446,1.546,3.853,-0.020,4.171
35.18,1.601,-0.449,1.545,4.328,-0.020,4.175
35.19,1.524,-0.450,1.544,4.367,-0.021,4.180
35.20,1.684,-0.450,1.548,4.274,-0.021,4.183
35.21,1.902,-0.449,1.559,4.141,-0.021,4.181
35.22,1.222,-0.449,1.550,4.123,-0.021,4.180
35.23,1.442,-0.450,1.546,3.904,-0.020,4.172
35.24,1.706,-0.451,1.549,4.136,-0.019,4.172
35.25,1.580,-0.452,1.549,4.182,-0.019,4.172
35.26,1.753,-0.453,1.555,4.287,-0.018,4.176
35.27,1.434,-0.455,1.550,4.043,-0.018,4.172
35.28,1.247,-0.455,1.540,4.057,-0.018,4.168
35.29,1.663,-0.457,1.542,4.260,-0.019,4.170
35.30,1.692,-0.459,1.545,4.391,-0.019,4.176
35.31,1.724,-0.458,1.552,3.935,-0.020,4.168
35.32,1.584,-0.459,1.552,4.236,-0.020,4.170
35.33,1.645,-0.460,1.554,4.107,-0.022,4.166
35.34,1.440,-0.459,1.552,4.067,-0.021,4.164
35.35,1.465,-0.460,1.548,4.357,-0.020,4.170
35.36,1.825,-0.461,1.557,4.183,-0.020,4.171
35.37,1.638,-0.462,1.558,4.379,-0.020,4.177
35.38,1.319,-0.463,1.550,4.494,-0.020,4.187
35.39,1.564,-0.462,1.552,4.322,-0.020,4.191
35.40,1.659,-0.461,1.556,4.409,-0.020,4.198
35.41,1.780,-0.462,1.563,4.277,-0.020,4.201
35.42,1.714,-0.460,1.569,4.145,-0.020,4.199
35.43,1.730,-0.461,1.574,4.216,-0.019,4.200
35.44,1.611,-0.460,1.576,3.975,-0.021,4.192
35.45,1.703,-0.461,1.580,4.285,-0.022,4.194
35.46,1.376,-0.461,1.574,4.344,-0.021,4.199
35.47,1.381,-0.464,1.565,4.118,-0.023,4.195
35.48,1.464,-0.465,1.562,3.920,-0.024,4.186
35.49,1.482,-0.464,1.561,4.360,-0.023,4.192
35.50,1.571,-0.462,1.563,3.864,-0.022,4.183
35.51,1.444,-0.463,1.559,4.624,-0.022,4.197
35.52,1.625,-0.462,1.562,3.767,-0.022,4.183
35.53,1.534,-0.461,1.562,4.162,-0.021,4.184
35.54,1.579,-0.460,1.565,3.995,-0.022,4.177
35.55,1.420,-0.461,1.560,4.163,-0.022,4.176
35.56,1.555,-0.460,1.560,4.092,-0.023,4.173
35.57,1.617,-0.463,1.560,4.197,-0.023,4.173
35.58,1.533,-0.464,1.558,4.075,-0.024,4.170
35.59,1.696,-0.463,1.564,4.126,-0.024,4.168
35.60,1.719,-0.462,1.570,4.274,-0.023,4.172
35.61,1.549,-0.461,1.571,4.156,-0.023,4.172
35.62,1.436,-0.461,1.566,4.510,-0.024,4.181
35.63,1.738,-0.462,1.571,4.236,-0.023,4.183
35.64,1.452,-0.463,1.567,4.398,-0.024,4.189
35.65,1.622,-0.462,1.570,3.919,-0.025,4.180
35.66,1.580,-0.462,1.571,4.235,-0.024,4.182
35.67,1.394,-0.461,1.566,4.362,-0.023,4.189
35.68,1.501,-0.462,1.564,4.155,-0.022,4.189
35.69,1.626,-0.463,1.565,4.162,-0.023,4.187
35.70,1.250,-0.460,1.558,4.235,-0.023,4.189
35.71,1.355,-0.460,1.553,4.244,-0.024,4.190
35.72,1.655,-0.461,1.555,4.250,-0.024,4.192
35.73,1.472,-0.462,1.551,3.986,-0.021,4.188
35.74,1.705,-0.463,1.555,4.250,-0.022,4.189
35.75,1.433,-0.464,1.551,4.149,-0.022,4.188
35.76,1.181,-0.466,1.538,4.096,-0.022,4.185
35.77,1.595,-0.466,1.540,4.179,-0.023,4.184
35.78,1.675,-0.465,1.545,4.144,-0.022,4.184
35.79,1.557,-0.465,1.545,4.048,-0.022,4.180
35.80,1.712,-0.466,1.549,4.123,-0.022,4.178
35.81,1.864,-0.466,1.559,3.921,-0.022,4.170
35.82,1.586,-0.465,1.561,4.221,-0.023,4.171
35.83,1.449,-0.463,1.560,4.142,-0.023,4.170
35.84,1.831,-0.465,1.567,4.319,-0.023,4.174
35.86,1.566,-0.467,1.565,4.071,-0.024,4.170
35.87,1.269,-0.466,1.557,4.351,-0.023,4.176
35.88,1.489,-0.466,1.555,4.063,-0.024,4.172
35.89,1.737,-0.465,1.562,4.038,-0.025,4.166
35.89,1.648,-0.467,1.563,4.340,-0.025,4.171
35.91,1.686,-0.465,1.569,4.113,-0.025,4.169
35.91,1.536,-0.465,1.568,4.290,-0.025,4.173
35.93,1.586,-0.464,1.570,4.156,-0.026,4.172
35.93,1.675,-0.464,1.573,4.362,-0.024,4.179
35.94,1.949,-0.463,1.587,4.160,-0.026,4.177
35.96,1.764,-0.462,1.593,3.940,-0.027,4.168
35.97,1.271,-0.461,1.585,4.052,-0.029,4.163
35.97,1.296,-0.462,1.576,4.104,-0.029,4.161
35.98,1.703,-0.462,1.579,4.511,-0.029,4.172
36.00,1.657,-0.461,1.583,4.147,-0.029,4.171
36.01,1.746,-0.462,1.588,4.145,-0.029,4.170
36.02,1.469,-0.464,1.582,3.978,-0.028,4.165
36.03,1.678,-0.464,1.586,4.126,-0.028,4.164
36.04,1.496,-0.465,1.582,4.259,-0.027,4.167
36.05,1.480,-0.464,1.581,4.148,-0.029,4.165
36.06,1.442,-0.467,1.574,4.167,-0.028,4.165
36.07,1.443,-0.465,1.572,4.360,-0.028,4.171
36.08,1.689,-0.465,1.576,3.947,-0.028,4.165
36.09,1.516,-0.465,1.574,3.817,-0.027,4.155
36.10,1.601,-0.464,1.577,4.179,-0.027,4.156
36.11,1.338,-0.462,1.572,4.062,-0.026,4.153
36.12,1.411,-0.463,1.566,4.339,-0.026,4.158
36.13,1.479,-0.460,1.566,4.103,-0.027,4.156
36.14,1.708,-0.460,1.570,4.213,-0.028,4.157
36.15,1.489,-0.460,1.569,4.582,-0.028,4.170
36.16,1.520,-0.458,1.569,4.482,-0.027,4.180
36.17,1.544,-0.458,1.568,4.321,-0.028,4.183
36.18,1.463,-0.457,1.567,4.446,-0.028,4.191
36.19,1.457,-0.457,1.563,4.003,-0.029,4.185
36.20,1.323,-0.458,1.555,4.218,-0.029,4.186
36.21,1.455,-0.458,1.551,4.322,-0.028,4.191
36.22,1.456,-0.460,1.547,4.136,-0.028,4.190
36.23,1.184,-0.458,1.537,4.105,-0.027,4.188
36.24,1.488,-0.458,1.536,4.220,-0.027,4.189
36.25,1.704,-0.460,1.539,4.044,-0.027,4.185
36.26,1.741,-0.461,1.544,4.363,-0.026,4.191
36.27,1.524,-0.461,1.543,3.848,-0.026,4.181
36.28,1.339,-0.461,1.537,4.041,-0.025,4.178
36.29,1.668,-0.461,1.541,4.161,-0.026,4.177
36.30,1.235,-0.459,1.533,4.244,-0.026,4.178
36.31,1.349,-0.460,1.527,4.226,-0.027,4.179
36.32,1.723,-0.461,1.532,4.042,-0.027,4.174
36.33,1.697,-0.463,1.535,3.847,-0.028,4.163
36.34,1.591,-0.464,1.535,4.228,-0.028,4.165
36.35,1.456,-0.463,1.533,3.985,-0.028,4.160
36.36,1.610,-0.460,1.539,4.070,-0.028,4.158
36.37,1.577,-0.458,1.542,4.223,-0.028,4.159
36.38,1.507,-0.457,1.541,4.279,-0.029,4.162
36.39,1.273,-0.457,1.533,4.231,-0.028,4.164
36.40,1.797,-0.460,1.538,4.140,-0.027,4.165
36.41,1.530,-0.460,1.538,4.235,-0.027,4.167
36.42,1.851,-0.461,1.547,4.028,-0.028,4.162
36.43,1.506,-0.462,1.544,3.975,-0.027,4.157
36.44,1.356,-0.461,1.539,4.394,-0.027,4.163
36.45,1.610,-0.463,1.539,3.972,-0.027,4.158
36.46,1.420,-0.461,1.537,4.188,-0.027,4.158
36.47,1.738,-0.459,1.546,4.143,-0.028,4.157
36.48,1.589,-0.458,1.548,4.283,-0.027,4.161
36.49,1.798,-0.459,1.554,4.248,-0.026,4.165
36.50,1.427,-0.458,1.552,4.324,-0.026,4.170
36.51,1.453,-0.459,1.548,4.052,-0.026,4.166
36.52,1.435,-0.459,1.544,3.945,-0.026,4.159
36.53,1.381,-0.459,1.539,4.132,-0.027,4.157
36.54,1.534,-0.456,1.541,4.271,-0.028,4.160
36.55,1.645,-0.457,1.543,4.374,-0.027,4.167
36.56,1.408,-0.456,1.540,3.920,-0.027,4.160
36.57,1.393,-0.455,1.537,4.359,-0.027,4.166
36.58,1.775,-0.455,1.544,4.314,-0.027,4.169
36.59,1.665,-0.455,1.548,4.047,-0.027,4.166
36.60,1.780,-0.455,1.555,4.049,-0.026,4.163
36.61,1.426,-0.456,1.550,4.093,-0.027,4.160
36.62,1.518,-0.457,1.547,4.182,-0.027,4.160
36.63,1.896,-0.457,1.558,4.140,-0.028,4.159
36.64,1.584,-0.457,1.559,4.345,-0.027,4.165
36.65,1.870,-0.456,1.570,4.156,-0.026,4.166
36.66,1.611,-0.455,1.572,4.280,-0.026,4.169
36.67,1.405,-0.453,1.569,4.213,-0.026,4.171
36.68,1.345,-0.453,1.562,4.103,-0.026,4.169
36.69,1.643,-0.453,1.565,4.175,-0.026,4.168
36.70,1.750,-0.455,1.569,3.683,-0.027,4.153
36.71,1.843,-0.456,1.576,4.226,-0.028,4.154
36.72,1.287,-0.456,1.568,4.120,-0.028,4.152
36.73,1.496,-0.456,1.566,4.126,-0.029,4.151
36.74,1.609,-0.455,1.568,3.777,-0.029,4.139
36.75,1.834,-0.456,1.576,4.212,-0.029,4.141
36.76,1.835,-0.457,1.583,4.147,-0.029,4.141
36.77,1.377,-0.458,1.576,4.287,-0.029,4.145
36.78,1.652,-0.457,1.579,4.307,-0.029,4.150
36.79,1.743,-0.456,1.586,3.888,-0.029,4.141
36.80,1.871,-0.455,1.595,4.212,-0.030,4.142
36.81,1.860,-0.456,1.603,4.365,-0.031,4.148
36.82,1.693,-0.455,1.607,4.224,-0.032,4.149
36.83,1.757,-0.455,1.612,4.340,-0.033,4.154
36.84,1.459,-0.454,1.609,4.320,-0.033,4.159
36.85,1.431,-0.454,1.604,4.192,-0.033,4.160
36.86,1.478,-0.454,1.601,4.159,-0.032,4.161
36.87,1.233,-0.453,1.590,4.380,-0.032,4.168
36.88,1.577,-0.453,1.590,3.930,-0.032,4.160
36.89,1.738,-0.453,1.595,4.058,-0.032,4.157
36.90,1.445,-0.453,1.591,4.451,-0.033,4.165
36.91,1.677,-0.454,1.594,4.065,-0.033,4.162
36.92,1.515,-0.453,1.592,4.058,-0.033,4.158
36.93,1.231,-0.452,1.582,4.346,-0.034,4.164
36.94,1.475,-0.452,1.580,3.875,-0.035,4.154
36.95,1.547,-0.453,1.577,3.918,-0.035,4.146
36.96,1.661,-0.454,1.579,4.497,-0.035,4.157
36.97,1.457,-0.453,1.576,4.172,-0.035,4.157
36.98,1.799,-0.453,1.583,4.408,-0.035,4.165
36.99,1.664,-0.453,1.586,4.011,-0.033,4.162
37.00,1.414,-0.453,1.581,4.205,-0.032,4.164
37.01,1.423,-0.454,1.576,4.233,-0.031,4.168
37.02,1.685,-0.452,1.581,4.237,-0.031,4.170
37.03,1.673,-0.451,1.585,4.323,-0.029,4.176
37.04,1.866,-0.449,1.596,4.320,-0.028,4.182
37.05,1.462,-0.449,1.591,3.975,-0.028,4.176
37.06,1.498,-0.450,1.588,3.931,-0.028,4.168
37.07,1.624,-0.449,1.590,4.433,-0.027,4.177
37.08,1.752,-0.448,1.596,4.418,-0.027,4.185
37.09,1.401,-0.448,1.591,4.127,-0.027,4.183
37.10,1.509,-0.448,1.588,4.143,-0.027,4.182
37.11,1.693,-0.449,1.591,4.079,-0.027,4.179
37.12,1.461,-0.447,1.589,3.912,-0.028,4.170
37.13,1.314,-0.448,1.580,4.370,-0.028,4.176
37.14,1.784,-0.448,1.586,4.288,-0.029,4.179
37.15,1.451,-0.447,1.583,3.909,-0.030,4.170
37.16,1.434,-0.448,1.577,4.235,-0.031,4.171
37.17,1.458,-0.449,1.573,3.990,-0.030,4.166
37.18,1.629,-0.450,1.574,4.153,-0.031,4.165
37.19,1.528,-0.450,1.573,4.245,-0.029,4.169
37.20,1.632,-0.451,1.573,4.002,-0.029,4.165
37.21,1.581,-0.452,1.573,3.940,-0.027,4.159
37.22,1.706,-0.450,1.579,4.075,-0.027,4.156
37.23,1.558,-0.450,1.578,4.339,-0.026,4.163
37.24,1.400,-0.450,1.572,4.286,-0.026,4.167
37.25,1.701,-0.451,1.575,4.062,-0.027,4.163
37.26,1.454,-0.451,1.572,4.127,-0.026,4.162
37.27,1.500,-0.453,1.568,4.277,-0.027,4.165
37.28,1.695,-0.451,1.574,4.122,-0.027,4.164
37.29,1.696,-0.451,1.577,4.544,-0.027,4.175
37.30,1.579,-0.451,1.578,4.187,-0.026,4.177
37.31,1.528,-0.450,1.577,3.994,-0.026,4.171
37.32,1.318,-0.451,1.568,4.238,-0.025,4.174
37.34,1.358,-0.450,1.563,3.993,-0.025,4.169
37.34,1.521,-0.450,1.561,4.000,-0.024,4.164
37.35,1.611,-0.450,1.563,3.976,-0.024,4.158
37.36,1.700,-0.448,1.569,4.180,-0.024,4.158
37.37,1.352,-0.448,1.563,3.951,-0.023,4.153
37.39,1.350,-0.448,1.555,4.113,-0.023,4.151
37.40,1.512,-0.447,1.555,4.267,-0.025,4.154
37.41,1.356,-0.446,1.550,4.130,-0.024,4.153
37.42,1.586,-0.445,1.552,4.215,-0.024,4.155
37.43,1.307,-0.446,1.543,4.029,-0.023,4.152
37.44,1.736,-0.445,1.549,3.820,-0.024,4.141
37.45,1.559,-0.445,1.549,4.136,-0.022,4.142
37.46,1.762,-0.447,1.554,4.174,-0.023,4.141
37.47,1.565,-0.448,1.553,3.960,-0.024,4.135
37.48,1.526,-0.449,1.551,4.375,-0.026,4.141
37.49,1.383,-0.450,1.545,4.281,-0.027,4.143
37.50,1.093,-0.450,1.531,4.284,-0.028,4.147
37.51,1.255,-0.449,1.523,4.213,-0.027,4.149
37.52,1.666,-0.449,1.527,4.216,-0.027,4.151
37.53,1.572,-0.450,1.526,3.993,-0.028,4.145
37.54,1.590,-0.450,1.528,4.107,-0.027,4.144
37.55,1.431,-0.448,1.527,3.752,-0.028,4.131
37.56,1.564,-0.449,1.527,3.898,-0.028,4.124
37.57,1.258,-0.450,1.517,4.154,-0.029,4.124
37.58,1.517,-0.449,1.518,4.156,-0.030,4.123
37.59,1.586,-0.449,1.519,3.941,-0.029,4.118
37.60,1.763,-0.450,1.526,4.456,-0.029,4.128
37.61,1.936,-0.448,1.539,4.077,-0.028,4.127
37.62,1.884,-0.447,1.551,4.349,-0.027,4.135
37.63,1.686,-0.446,1.555,4.243,-0.027,4.138
37.64,1.700,-0.446,1.560,4.372,-0.027,4.145
37.65,1.592,-0.445,1.562,4.231,-0.026,4.148
37.66,1.529,-0.445,1.561,4.031,-0.026,4.145
37.67,1.619,-0.445,1.563,4.221,-0.026,4.146
37.68,1.650,-0.445,1.565,4.010,-0.026,4.142
37.69,1.537,-0.445,1.565,4.316,-0.025,4.148
37.70,1.772,-0.444,1.572,4.462,-0.025,4.158
37.71,1.688,-0.445,1.574,4.211,-0.024,4.160
37.72,1.562,-0.446,1.573,4.318,-0.025,4.164
37.73,1.787,-0.446,1.580,4.354,-0.026,4.168
37.74,1.594,-0.447,1.580,4.238,-0.026,4.171
37.75,1.400,-0.446,1.574,4.346,-0.025,4.178
37.76,1.192,-0.445,1.564,4.521,-0.025,4.188
37.77,1.464,-0.444,1.562,4.128,-0.025,4.187
37.78,1.773,-0.444,1.569,4.262,-0.024,4.190
37.79,1.571,-0.445,1.568,4.457,-0.024,4.199
37.80,1.736,-0.445,1.572,4.147,-0.023,4.198
37.81,1.363,-0.446,1.565,3.992,-0.023,4.193
37.82,1.540,-0.446,1.564,4.108,-0.022,4.191
37.83,1.258,-0.446,1.555,4.119,-0.023,4.188
37.84,1.634,-0.447,1.556,4.008,-0.023,4.182
37.85,1.569,-0.447,1.556,4.137,-0.023,4.182
37.86,1.745,-0.447,1.563,4.134,-0.022,4.181
37.87,1.622,-0.447,1.564,4.377,-0.022,4.187
37.88,1.626,-0.446,1.567,4.412,-0.023,4.193
37.89,1.345,-0.448,1.558,4.180,-0.023,4.193
37.90,1.422,-0.449,1.553,4.205,-0.023,4.193
37.91,1.706,-0.449,1.557,4.294,-0.022,4.198
37.92,1.510,-0.448,1.557,4.666,-0.021,4.214
37.93,1.453,-0.449,1.553,4.212,-0.020,4.215
37.94,1.552,-0.448,1.554,3.844,-0.021,4.203
37.95,1.496,-0.450,1.550,4.309,-0.020,4.207
37.96,1.670,-0.450,1.554,4.190,-0.019,4.208
37.97,1.660,-0.449,1.558,3.937,-0.018,4.202
37.98,1.375,-0.448,1.553,4.388,-0.018,4.207
37.99,1.588,-0.447,1.555,4.462,-0.018,4.216
38.00,1.535,-0.447,1.554,4.331,-0.017,4.220
38.01,1.760,-0.449,1.558,4.264,-0.018,4.221
38.02,1.225,-0.450,1.547,4.326,-0.017,4.226
38.03,1.583,-0.450,1.548,4.242,-0.017,4.226
38.04,1.644,-0.452,1.549,3.898,-0.017,4.217
38.05,1.671,-0.453,1.552,3.860,-0.017,4.207
38.06,1.817,-0.453,1.560,4.223,-0.016,4.208
38.07,1.444,-0.454,1.555,4.019,-0.017,4.202
38.08,1.387,-0.454,1.550,4.074,-0.017,4.198
38.09,1.275,-0.455,1.541,4.248,-0.018,4.199
38.10,1.315,-0.454,1.534,4.304,-0.017,4.203
38.11,1.752,-0.454,1.541,4.185,-0.018,4.201
38.12,1.502,-0.454,1.539,4.109,-0.018,4.199
38.13,1.720,-0.453,1.546,3.993,-0.020,4.191
38.14,1.461,-0.455,1.541,3.962,-0.020,4.184
38.15,1.560,-0.456,1.541,4.044,-0.020,4.179
38.16,1.782,-0.453,1.551,4.223,-0.020,4.181
38.17,1.676,-0.455,1.553,4.014,-0.018,4.178
38.18,1.500,-0.455,1.552,4.110,-0.018,4.176
38.19,1.599,-0.454,1.554,4.679,-0.018,4.192
38.20,1.619,-0.455,1.555,4.080,-0.017,4.189
38.21,1.311,-0.455,1.547,4.150,-0.018,4.187
38.22,1.444,-0.455,1.544,4.488,-0.019,4.195
38.23,1.714,-0.457,1.547,4.254,-0.019,4.197
38.24,1.523,-0.456,1.547,3.915,-0.019,4.189
38.25,1.590,-0.456,1.549,3.998,-0.019,4.182
38.26,1.447,-0.456,1.545,4.135,-0.019,4.181
38.27,1.743,-0.457,1.550,3.921,-0.020,4.172
38.28,1.405,-0.457,1.546,4.273,-0.020,4.176
38.29,1.565,-0.457,1.546,4.176,-0.020,4.176
38.30,1.558,-0.455,1.548,4.113,-0.020,4.173
38.31,1.498,-0.458,1.544,4.197,-0.019,4.175
38.32,1.660,-0.459,1.547,4.153,-0.019,4.174
38.33,1.502,-0.460,1.544,4.242,-0.020,4.175
38.34,1.716,-0.461,1.549,4.365,-0.021,4.180
38.35,1.649,-0.461,1.551,4.116,-0.021,4.179
38.36,1.662,-0.462,1.554,4.195,-0.021,4.179
38.37,1.588,-0.462,1.555,4.429,-0.020,4.187
38.38,1.500,-0.462,1.553,4.029,-0.022,4.181
38.39,1.644,-0.463,1.556,4.406,-0.021,4.188
38.40,1.517,-0.463,1.554,4.157,-0.023,4.186
38.41,1.492,-0.463,1.553,4.388,-0.022,4.193
38.42,1.604,-0.462,1.555,4.017,-0.023,4.187
38.43,1.624,-0.462,1.557,4.191,-0.022,4.188
38.44,1.587,-0.463,1.558,4.036,-0.022,4.184
38.45,1.467,-0.463,1.555,4.135,-0.022,4.182
38.46,1.731,-0.463,1.560,4.620,-0.023,4.194
38.47,1.969,-0.462,1.573,4.231,-0.024,4.195
38.48,1.884,-0.463,1.583,4.133,-0.023,4.194
38.49,1.543,-0.463,1.582,4.234,-0.023,4.196
38.50,1.855,-0.463,1.591,4.170,-0.023,4.195
38.51,1.494,-0.463,1.588,3.900,-0.023,4.186
38.52,1.622,-0.462,1.590,4.101,-0.025,4.181
38.53,1.530,-0.460,1.591,4.260,-0.025,4.184
38.54,1.504,-0.458,1.590,4.128,-0.026,4.182
38.55,1.518,-0.458,1.588,4.332,-0.027,4.185
38.56,1.699,-0.457,1.593,4.301,-0.026,4.190
38.57,1.766,-0.458,1.598,4.253,-0.025,4.192
38.58,1.579,-0.460,1.596,4.237,-0.027,4.193
38.59,1.506,-0.460,1.594,4.609,-0.026,4.206
38.60,1.505,-0.458,1.594,4.033,-0.026,4.201
38.61,1.632,-0.460,1.593,4.374,-0.026,4.206
38.62,1.392,-0.459,1.588,4.097,-0.027,4.203
38.63,1.691,-0.457,1.593,4.063,-0.027,4.199
38.64,1.825,-0.458,1.600,4.301,-0.027,4.202
38.65,1.241,-0.457,1.591,4.104,-0.026,4.200
38.66,1.593,-0.456,1.592,4.326,-0.026,4.204
38.67,1.734,-0.456,1.597,4.033,-0.025,4.200
38.68,1.696,-0.457,1.599,4.219,-0.026,4.201
38.69,1.548,-0.459,1.596,4.213,-0.025,4.201
38.70,1.410,-0.461,1.588,4.045,-0.026,4.196
38.71,1.597,-0.458,1.591,4.183,-0.026,4.196
38.72,1.597,-0.457,1.593,4.305,-0.026,4.199
38.73,1.596,-0.457,1.593,4.334,-0.025,4.204
38.74,1.515,-0.456,1.592,3.998,-0.025,4.199
38.75,1.725,-0.458,1.595,4.047,-0.025,4.194
38.76,1.478,-0.460,1.589,4.184,-0.026,4.193
38.77,1.351,-0.460,1.583,4.082,-0.028,4.188
38.78,1.532,-0.459,1.582,4.111,-0.028,4.185
38.79,1.485,-0.458,1.581,4.029,-0.029,4.181
38.80,1.456,-0.459,1.576,4.355,-0.028,4.187
38.82,1.467,-0.459,1.572,3.964,-0.028,4.179
38.82,1.457,-0.461,1.568,4.285,-0.028,4.183
38.84,1.557,-0.461,1.567,3.831,-0.029,4.171
38.84,1.322,-0.460,1.560,3.936,-0.029,4.164
38.85,1.554,-0.460,1.560,4.279,-0.029,4.167
38.86,1.604,-0.460,1.562,4.118,-0.029,4.166
38.87,1.518,-0.458,1.562,4.051,-0.030,4.161
38.88,1.443,-0.458,1.559,3.750,-0.030,4.149
38.89,1.608,-0.459,1.559,4.477,-0.030,4.159
38.91,1.454,-0.459,1.556,4.222,-0.030,4.160
38.92,1.399,-0.459,1.551,3.990,-0.029,4.155
38.93,1.496,-0.459,1.549,4.350,-0.028,4.162
38.94,1.637,-0.458,1.552,4.497,-0.030,4.171
38.95,1.414,-0.456,1.550,4.031,-0.030,4.166
38.96,1.540,-0.457,1.549,4.421,-0.030,4.173
38.97,1.407,-0.457,1.544,4.181,-0.031,4.173
38.98,1.757,-0.456,1.551,4.149,-0.030,4.173
38.99,1.493,-0.457,1.549,4.123,-0.031,4.171
39.00,1.641,-0.457,1.551,4.111,-0.030,4.170
39.01,1.681,-0.459,1.553,4.076,-0.031,4.166
39.02,1.676,-0.456,1.560,3.760,-0.031,4.154
39.03,1.611,-0.456,1.561,4.450,-0.031,4.162
39.04,1.549,-0.457,1.560,4.076,-0.033,4.158
39.05,1.681,-0.460,1.561,4.277,-0.033,4.161
39.06,1.337,-0.461,1.553,4.064,-0.032,4.159
39.07,1.710,-0.462,1.556,4.159,-0.033,4.158
39.08,1.295,-0.463,1.547,3.979,-0.033,4.152
39.09,1.460,-0.464,1.544,4.409,-0.033,4.160
39.10,1.309,-0.465,1.535,4.125,-0.032,4.160
39.11,1.611,-0.465,1.538,4.196,-0.032,4.161
39.12,1.645,-0.464,1.542,4.180,-0.032,4.162
39.13,1.455,-0.466,1.538,4.258,-0.033,4.163
39.14,1.693,-0.466,1.542,4.441,-0.033,4.172
39.15,1.763,-0.467,1.548,4.465,-0.031,4.183
39.16,1.571,-0.466,1.549,4.266,-0.032,4.185
39.17,1.675,-0.464,1.555,4.287,-0.032,4.188
39.18,1.374,-0.464,1.550,4.321,-0.030,4.194
39.19,1.687,-0.464,1.554,4.470,-0.030,4.202
39.20,1.692,-0.465,1.557,3.968,-0.031,4.195
39.21,1.806,-0.465,1.565,4.221,-0.029,4.198
39.22,1.505,-0.465,1.563,3.972,-0.029,4.191
39.23,1.653,-0.466,1.565,4.152,-0.029,4.190
39.24,1.575,-0.465,1.566,4.153,-0.029,4.189
39.25,1.592,-0.467,1.565,4.099,-0.028,4.187
39.26,1.588,-0.466,1.567,4.038,-0.027,4.183
39.27,1.695,-0.467,1.570,4.025,-0.028,4.178
39.28,1.344,-0.469,1.561,4.377,-0.029,4.183
39.29,1.743,-0.468,1.568,4.468,-0.028,4.193
39.30,1.715,-0.467,1.574,4.014,-0.028,4.188
39.31,1.557,-0.467,1.573,4.365,-0.026,4.195
39.32,1.724,-0.468,1.577,4.153,-0.026,4.194
39.33,1.655,-0.468,1.579,4.301,-0.026,4.197
39.34,1.688,-0.468,1.583,4.403,-0.026,4.203
39.35,1.410,-0.466,1.580,4.162,-0.026,4.202
39.36,1.603,-0.466,1.582,4.491,-0.027,4.211
39.37,1.410,-0.466,1.577,4.035,-0.027,4.206
39.38,1.446,-0.466,1.572,4.192,-0.027,4.205
39.39,1.632,-0.469,1.572,3.942,-0.027,4.198
39.40,1.522,-0.469,1.570,3.844,-0.027,4.187
39.41,1.729,-0.470,1.574,4.046,-0.027,4.183
39.42,1.562,-0.469,1.575,3.884,-0.026,4.174
39.43,1.423,-0.469,1.571,3.990,-0.026,4.169
39.44,1.658,-0.468,1.575,4.247,-0.027,4.170
39.45,1.597,-0.468,1.575,4.461,-0.027,4.179
39.46,1.375,-0.469,1.569,4.099,-0.025,4.178
39.47,1.482,-0.469,1.566,4.136,-0.027,4.176
39.48,1.548,-0.470,1.564,4.023,-0.027,4.171
39.49,1.557,-0.471,1.563,4.387,-0.027,4.177
39.50,1.782,-0.470,1.571,4.149,-0.028,4.175
39.51,1.488,-0.470,1.569,4.318,-0.029,4.178
39.52,1.457,-0.469,1.567,4.281,-0.030,4.180
39.53,1.225,-0.466,1.559,4.099,-0.031,4.177
39.54,1.525,-0.466,1.558,3.887,-0.031,4.169
39.55,1.526,-0.464,1.559,4.273,-0.031,4.172
39.56,1.497,-0.466,1.555,4.253,-0.031,4.174
39.57,1.655,-0.467,1.557,4.324,-0.031,4.178
39.58,1.467,-0.467,1.554,4.291,-0.032,4.181
39.59,1.499,-0.468,1.551,4.234,-0.032,4.183
39.60,1.402,-0.465,1.550,4.348,-0.031,4.189
39.61,1.414,-0.466,1.545,4.207,-0.031,4.190
39.62,1.315,-0.464,1.540,4.229,-0.031,4.191
39.63,1.703,-0.466,1.542,4.187,-0.032,4.190
39.64,1.489,-0.467,1.539,4.364,-0.032,4.195
39.65,1.352,-0.467,1.534,4.212,-0.032,4.197
39.66,1.592,-0.468,1.534,3.941,-0.031,4.189
39.67,1.507,-0.469,1.532,3.844,-0.033,4.178
39.68,1.370,-0.468,1.528,4.267,-0.031,4.181
39.69,1.562,-0.467,1.529,4.303,-0.032,4.185
39.70,1.783,-0.467,1.538,4.250,-0.033,4.186
39.71,1.726,-0.467,1.543,3.907,-0.033,4.177
39.72,1.446,-0.467,1.540,4.094,-0.034,4.174
39.73,1.605,-0.466,1.542,4.131,-0.034,4.172
39.74,1.693,-0.467,1.546,4.069,-0.034,4.169
39.75,1.723,-0.467,1.552,4.260,-0.032,4.174
39.76,1.621,-0.469,1.552,4.385,-0.032,4.181
39.77,1.523,-0.471,1.549,4.198,-0.031,4.182
39.78,1.708,-0.473,1.552,4.129,-0.031,4.180
39.79,1.593,-0.474,1.552,3.834,-0.031,4.170
39.80,1.456,-0.473,1.550,3.936,-0.030,4.163
39.81,1.578,-0.474,1.550,4.067,-0.031,4.159
39.82,1.538,-0.473,1.550,4.377,-0.032,4.165
39.83,1.469,-0.475,1.547,3.796,-0.031,4.154
39.84,1.535,-0.476,1.545,4.314,-0.033,4.158
39.85,1.481,-0.474,1.545,4.252,-0.034,4.159
39.86,1.750,-0.474,1.551,4.229,-0.033,4.162
39.87,1.369,-0.474,1.545,4.279,-0.032,4.166
39.88,1.488,-0.476,1.542,3.968,-0.033,4.159
39.89,1.478,-0.475,1.540,4.099,-0.033,4.157
39.90,1.886,-0.476,1.551,4.461,-0.033,4.166
39.91,1.588,-0.476,1.551,4.091,-0.033,4.164
39.92,1.584,-0.476,1.553,4.676,-0.033,4.180
39.93,1.637,-0.475,1.556,4.278,-0.033,4.183
39.94,1.830,-0.476,1.564,4.471,-0.034,4.191
39.95,1.465,-0.476,1.561,3.813,-0.035,4.179
39.96,1.528,-0.477,1.559,4.169,-0.035,4.178
39.97,1.640,-0.475,1.563,4.203,-0.036,4.178
39.98,1.755,-0.477,1.568,3.882,-0.037,4.168
39.99,1.681,-0.476,1.573,4.352,-0.037,4.174
40.00,1.382,-0.474,1.568,4.059,-0.038,4.169
40.01,1.741,-0.474,1.574,4.243,-0.040,4.170
40.02,1.552,-0.474,1.573,4.118,-0.039,4.169
40.03,1.440,-0.476,1.568,3.998,-0.040,4.163
40.04,1.621,-0.476,1.570,4.676,-0.041,4.178
40.05,1.473,-0.477,1.566,4.492,-0.040,4.188
40.06,1.703,-0.478,1.569,4.262,-0.040,4.190
40.07,1.472,-0.481,1.563,4.235,-0.042,4.190
40.08,1.867,-0.482,1.572,3.869,-0.042,4.181
40.09,1.641,-0.482,1.575,4.172,-0.043,4.180
40.10,1.481,-0.483,1.571,4.301,-0.042,4.185
40.11,1.652,-0.482,1.575,3.941,-0.042,4.177
40.12,1.379,-0.481,1.570,4.604,-0.042,4.190
40.13,1.870,-0.482,1.579,3.920,-0.042,4.182
40.14,1.561,-0.481,1.580,4.157,-0.042,4.181
40.15,1.520,-0.481,1.578,3.948,-0.042,4.174
40.16,1.600,-0.482,1.578,4.179,-0.042,4.175
40.17,1.778,-0.483,1.584,4.080,-0.040,4.174
40.18,1.556,-0.484,1.582,4.194,-0.040,4.174
40.19,1.511,-0.485,1.580,4.165,-0.041,4.174
40.20,1.367,-0.485,1.574,4.273,-0.040,4.177
40.21,1.623,-0.486,1.574,4.044,-0.040,4.173
40.22,1.342,-0.486,1.567,4.125,-0.041,4.171
40.24,1.809,-0.487,1.574,4.192,-0.040,4.172
40.24,1.568,-0.485,1.576,3.799,-0.040,4.161
40.25,1.858,-0.484,1.586,4.227,-0.041,4.162
40.26,1.639,-0.485,1.587,4.299,-0.042,4.165
40.27,1.561,-0.485,1.587,4.057,-0.043,4.161
40.28,1.494,-0.485,1.584,4.028,-0.044,4.156
40.29,1.572,-0.486,1.583,4.101,-0.044,4.154
40.30,1.530,-0.487,1.581,4.034,-0.046,4.149
40.31,1.445,-0.486,1.578,4.112,-0.045,4.148
40.33,1.801,-0.488,1.583,4.496,-0.045,4.159
40.34,1.446,-0.487,1.580,4.173,-0.044,4.160
40.34,1.550,-0.487,1.580,4.189,-0.042,4.163
40.35,1.821,-0.488,1.587,4.296,-0.042,4.166
40.37,1.872,-0.489,1.594,4.320,-0.042,4.171
40.38,1.327,-0.490,1.586,4.268,-0.042,4.174
40.38,1.654,-0.490,1.588,4.094,-0.042,4.172
40.39,1.559,-0.492,1.586,4.128,-0.041,4.172
40.41,1.701,-0.493,1.589,4.157,-0.041,4.171
40.41,1.774,-0.493,1.595,4.602,-0.040,4.186
40.42,1.715,-0.496,1.596,4.304,-0.039,4.191
40.43,1.371,-0.495,1.591,4.059,-0.038,4.187
40.45,1.711,-0.496,1.594,4.101,-0.038,4.185
40.46,1.630,-0.498,1.594,4.146,-0.039,4.183
40.47,1.479,-0.500,1.589,4.324,-0.039,4.187
40.48,1.617,-0.501,1.590,4.048,-0.039,4.183
40.49,1.713,-0.501,1.594,4.297,-0.039,4.187
40.50,1.820,-0.500,1.602,4.291,-0.040,4.189
40.51,1.574,-0.499,1.602,4.149,-0.040,4.188
40.52,1.620,-0.500,1.603,4.205,-0.039,4.190
40.53,1.711,-0.500,1.607,4.088,-0.039,4.187
40.54,1.701,-0.499,1.611,4.281,-0.038,4.191
40.55,1.525,-0.500,1.609,4.246,-0.037,4.194
40.56,1.645,-0.500,1.611,4.122,-0.037,4.192
40.57,1.632,-0.501,1.610,4.355,-0.037,4.197
40.58,1.507,-0.504,1.605,4.036,-0.037,4.193
40.59,1.435,-0.502,1.603,4.447,-0.035,4.202
40.60,1.368,-0.502,1.596,4.057,-0.035,4.198
40.61,1.386,-0.502,1.590,4.076,-0.036,4.194
40.62,1.759,-0.502,1.596,4.218,-0.035,4.195
40.63,1.711,-0.504,1.597,4.231,-0.035,4.197
40.64,1.530,-0.502,1.598,4.258,-0.033,4.200
40.65,1.809,-0.504,1.604,4.169,-0.033,4.200
40.66,1.372,-0.505,1.596,4.094,-0.034,4.196
40.67,1.635,-0.505,1.597,4.134,-0.033,4.196
40.68,1.313,-0.504,1.590,4.548,-0.032,4.207
40.69,1.672,-0.504,1.593,4.340,-0.032,4.211
40.70,1.637,-0.506,1.593,4.303,-0.031,4.215
40.71,1.744,-0.506,1.598,4.047,-0.033,4.209
40.72,1.520,-0.508,1.594,3.934,-0.031,4.202
40.73,1.835,-0.509,1.601,4.547,-0.031,4.213
40.74,1.567,-0.507,1.602,4.207,-0.033,4.212
40.75,1.749,-0.510,1.605,4.302,-0.033,4.215
40.76,1.593,-0.508,1.607,4.283,-0.033,4.217
40.77,1.709,-0.508,1.611,4.166,-0.032,4.216
40.78,1.470,-0.507,1.608,4.162,-0.034,4.214
40.79,1.594,-0.507,1.608,4.118,-0.032,4.212
40.80,1.679,-0.508,1.610,4.129,-0.031,4.211
40.81,1.373,-0.510,1.601,4.267,-0.031,4.213
40.82,1.506,-0.509,1.600,4.095,-0.031,4.210
40.83,1.673,-0.509,1.603,4.281,-0.030,4.214
40.84,1.783,-0.509,1.608,3.899,-0.031,4.203
40.85,1.945,-0.509,1.620,4.207,-0.032,4.202
40.86,1.474,-0.511,1.613,4.050,-0.032,4.197
40.87,1.320,-0.510,1.606,4.027,-0.032,4.193
40.88,1.704,-0.511,1.608,4.273,-0.030,4.197
40.89,1.452,-0.513,1.603,4.364,-0.029,4.203
40.90,1.177,-0.510,1.593,4.091,-0.029,4.199
40.91,1.451,-0.509,1.590,4.163,-0.030,4.198
40.92,1.239,-0.509,1.580,4.268,-0.031,4.199
40.93,1.589,-0.510,1.579,4.356,-0.031,4.204
40.94,1.269,-0.508,1.571,4.193,-0.029,4.205
40.95,1.619,-0.509,1.572,4.237,-0.031,4.205
40.96,1.788,-0.509,1.579,4.163,-0.031,4.203
40.97,1.772,-0.510,1.585,4.367,-0.030,4.210
40.98,1.648,-0.511,1.586,4.405,-0.029,4.217
40.99,1.172,-0.510,1.574,3.965,-0.030,4.209
41.00,1.392,-0.509,1.570,4.030,-0.029,4.204
41.01,1.480,-0.509,1.567,4.140,-0.029,4.203
41.02,1.338,-0.509,1.561,4.033,-0.029,4.197
41.03,1.676,-0.510,1.563,3.989,-0.029,4.191
41.04,1.684,-0.511,1.566,4.131,-0.029,4.189
41.05,1.612,-0.509,1.569,4.087,-0.028,4.187
41.06,1.402,-0.509,1.564,4.046,-0.029,4.181
41.07,1.453,-0.510,1.560,4.335,-0.028,4.188
41.08,1.623,-0.510,1.562,4.039,-0.026,4.184
41.09,1.710,-0.508,1.568,4.036,-0.026,4.180
41.10,1.593,-0.508,1.569,4.115,-0.028,4.176
41.11,1.578,-0.508,1.569,4.075,-0.028,4.173
41.12,1.547,-0.507,1.569,3.941,-0.028,4.166
41.13,1.760,-0.507,1.576,4.155,-0.028,4.165
41.14,1.141,-0.506,1.563,4.080,-0.028,4.162
41.15,1.458,-0.506,1.560,4.088,-0.029,4.159
41.16,1.344,-0.507,1.553,3.992,-0.028,4.154
41.17,1.652,-0.506,1.556,3.941,-0.026,4.149
41.18,1.739,-0.505,1.563,4.145,-0.024,4.150
41.19,1.399,-0.505,1.558,4.033,-0.024,4.146
41.20,1.530,-0.505,1.557,4.043,-0.022,4.145
41.21,1.665,-0.505,1.560,3.972,-0.022,4.139
41.22,1.557,-0.503,1.562,4.422,-0.021,4.147
41.23,1.667,-0.506,1.563,4.281,-0.022,4.150
41.24,1.497,-0.504,1.563,4.389,-0.024,4.155
41.25,1.614,-0.504,1.564,4.273,-0.024,4.159
41.26,1.677,-0.504,1.568,4.209,-0.023,4.161
41.27,1.707,-0.503,1.572,4.449,-0.024,4.169
41.28,1.671,-0.502,1.577,4.182,-0.024,4.169
41.29,1.375,-0.501,1.571,4.133,-0.025,4.167
41.30,1.617,-0.500,1.575,4.050,-0.024,4.163
41.31,1.612,-0.500,1.576,4.339,-0.025,4.167
41.32,1.625,-0.498,1.579,3.925,-0.026,4.159
41.33,1.784,-0.498,1.586,4.518,-0.025,4.171
41.34,1.617,-0.497,1.587,4.472,-0.024,4.181
41.35,1.474,-0.498,1.583,4.026,-0.022,4.178
41.36,1.884,-0.499,1.592,4.616,-0.023,4.191
41.37,1.485,-0.500,1.588,4.043,-0.022,4.187
41.38,1.715,-0.500,1.592,4.154,-0.022,4.186
41.39,1.462,-0.499,1.589,4.389,-0.022,4.192
41.40,1.743,-0.500,1.592,4.247,-0.022,4.194
41.41,1.731,-0.501,1.596,4.025,-0.022,4.189
41.42,1.733,-0.502,1.600,4.416,-0.021,4.196
41.43,1.481,-0.502,1.596,4.135,-0.021,4.194
41.44,1.393,-0.501,1.592,4.124,-0.021,4.193
41.45,1.547,-0.500,1.591,4.195,-0.021,4.193
41.46,1.842,-0.500,1.599,4.323,-0.020,4.198
41.47,1.838,-0.497,1.609,4.407,-0.021,4.204
41.48,1.696,-0.497,1.613,3.966,-0.022,4.195
41.49,1.494,-0.496,1.610,4.196,-0.020,4.197
41.50,1.449,-0.498,1.604,4.156,-0.020,4.196
41.51,1.619,-0.497,1.605,4.203,-0.018,4.198
41.52,1.762,-0.497,1.611,4.233,-0.017,4.200
41.53,1.462,-0.496,1.607,4.293,-0.017,4.203
41.54,1.385,-0.498,1.599,4.455,-0.017,4.211
41.55,1.468,-0.498,1.596,3.895,-0.017,4.201
41.56,1.544,-0.499,1.593,4.271,-0.018,4.202
41.57,1.566,-0.499,1.592,3.937,-0.019,4.193
41.58,1.697,-0.500,1.595,4.270,-0.019,4.196
41.59,1.671,-0.499,1.598,4.194,-0.020,4.195
41.60,1.318,-0.497,1.592,4.191,-0.020,4.195
41.61,1.683,-0.498,1.594,4.029,-0.021,4.189
41.62,1.726,-0.498,1.598,4.157,-0.022,4.187
41.63,1.422,-0.497,1.593,3.988,-0.022,4.181
41.64,1.626,-0.496,1.595,4.070,-0.022,4.177
41.65,1.653,-0.498,1.595,4.160,-0.023,4.176
41.66,1.445,-0.498,1.591,4.141,-0.022,4.175
41.67,1.243,-0.499,1.579,4.195,-0.023,4.175
41.69,1.608,-0.500,1.580,4.298,-0.022,4.179
41.70,1.574,-0.500,1.580,4.324,-0.023,4.183
41.71,1.647,-0.502,1.580,4.171,-0.022,4.183
41.71,1.773,-0.501,1.587,3.902,-0.023,4.173
41.72,1.546,-0.500,1.586,4.277,-0.023,4.177
41.74,1.633,-0.501,1.587,4.307,-0.022,4.181
41.75,1.456,-0.503,1.581,4.250,-0.021,4.184
41.76,1.687,-0.503,1.584,4.115,-0.022,4.181
41.77,1.782,-0.503,1.591,3.955,-0.022,4.174
41.77,1.783,-0.502,1.597,4.176,-0.022,4.174
41.78,1.518,-0.502,1.595,3.882,-0.022,4.165
41.79,1.629,-0.502,1.596,4.262,-0.021,4.169
41.80,1.724,-0.503,1.600,4.250,-0.020,4.172
41.81,1.784,-0.504,1.605,4.370,-0.020,4.178
41.83,1.356,-0.505,1.596,4.087,-0.021,4.174
41.83,1.542,-0.504,1.596,4.147,-0.021,4.173
41.84,1.554,-0.503,1.595,3.837,-0.021,4.162
41.85,1.825,-0.506,1.600,4.191,-0.022,4.162
41.87,1.723,-0.506,1.604,4.333,-0.021,4.168
41.88,1.576,-0.505,1.604,4.162,-0.021,4.168
41.88,1.628,-0.505,1.606,4.116,-0.019,4.168
41.90,1.497,-0.502,1.605,4.186,-0.019,4.168
41.91,1.517,-0.502,1.603,4.248,-0.018,4.171
41.92,1.701,-0.503,1.605,4.146,-0.018,4.171
41.93,1.450,-0.504,1.600,4.199,-0.018,4.171
41.94,1.734,-0.504,1.604,4.056,-0.018,4.168
41.95,1.388,-0.504,1.598,4.172,-0.018,4.167
41.96,1.667,-0.505,1.599,4.077,-0.018,4.164
41.97,1.722,-0.504,1.604,4.379,-0.019,4.170
41.98,1.396,-0.504,1.599,4.301,-0.019,4.174
41.99,1.540,-0.505,1.596,4.082,-0.020,4.170
42.00,1.461,-0.507,1.590,4.020,-0.020,4.165
42.01,1.617,-0.503,1.595,4.290,-0.022,4.167
42.02,1.616,-0.501,1.597,4.215,-0.022,4.168
42.03,1.464,-0.500,1.595,4.647,-0.024,4.180
42.04,1.666,-0.500,1.597,4.109,-0.024,4.178
42.05,1.704,-0.499,1.601,4.265,-0.024,4.180
42.06,1.571,-0.499,1.600,4.278,-0.022,4.185
42.07,1.641,-0.498,1.603,4.087,-0.020,4.184
42.08,1.545,-0.497,1.602,3.983,-0.021,4.177
42.09,1.876,-0.498,1.609,4.126,-0.021,4.176
42.10,1.711,-0.498,1.613,4.267,-0.021,4.179
42.11,1.581,-0.497,1.614,4.178,-0.019,4.180
42.12,1.561,-0.496,1.613,3.889,-0.020,4.170
42.13,1.524,-0.497,1.609,4.505,-0.020,4.180
42.14,1.752,-0.497,1.614,4.259,-0.020,4.183
42.15,1.642,-0.498,1.614,3.991,-0.020,4.177
42.16,1.582,-0.496,1.615,4.064,-0.019,4.174
42.17,1.467,-0.496,1.611,4.146,-0.019,4.174
42.18,1.406,-0.496,1.605,4.083,-0.017,4.172
42.19,1.562,-0.496,1.604,4.387,-0.018,4.178
42.20,1.646,-0.496,1.605,4.219,-0.017,4.180
42.21,1.327,-0.494,1.599,3.971,-0.018,4.172
42.22,1.660,-0.493,1.601,4.261,-0.018,4.175
42.23,1.479,-0.492,1.599,4.079,-0.019,4.171
42.24,1.732,-0.491,1.604,4.103,-0.018,4.170
42.25,1.507,-0.490,1.602,4.063,-0.017,4.167
42.26,1.666,-0.488,1.606,3.964,-0.018,4.160
42.27,1.560,-0.490,1.603,4.093,-0.018,4.158
42.28,1.650,-0.490,1.604,4.311,-0.017,4.163
42.29,1.640,-0.491,1.605,4.288,-0.018,4.166
42.30,1.393,-0.492,1.598,4.452,-0.018,4.174
42.31,1.326,-0.493,1.588,4.096,-0.020,4.170
42.32,1.563,-0.493,1.587,4.341,-0.019,4.176
42.33,1.715,-0.493,1.591,3.963,-0.018,4.170
42.34,1.578,-0.493,1.590,4.487,-0.017,4.180
42.35,1.762,-0.494,1.595,4.487,-0.018,4.189
42.36,1.507,-0.495,1.591,4.241,-0.019,4.190
42.37,1.486,-0.494,1.589,4.159,-0.019,4.189
42.38,1.621,-0.493,1.591,4.168,-0.021,4.186
42.39,1.479,-0.496,1.585,4.029,-0.022,4.181
42.40,1.627,-0.494,1.587,4.267,-0.022,4.184
42.41,1.603,-0.493,1.589,4.041,-0.022,4.179
42.42,1.775,-0.493,1.595,4.483,-0.022,4.188
42.43,1.655,-0.492,1.598,4.122,-0.022,4.186
42.44,1.535,-0.493,1.595,4.213,-0.022,4.188
42.45,1.759,-0.494,1.599,4.286,-0.023,4.190
42.46,1.887,-0.496,1.606,4.018,-0.022,4.185
42.47,1.502,-0.496,1.602,4.315,-0.021,4.190
42.48,1.707,-0.497,1.605,4.356,-0.021,4.195
42.49,1.516,-0.494,1.605,4.229,-0.020,4.197
42.50,1.567,-0.495,1.603,4.340,-0.020,4.202
42.51,1.387,-0.496,1.596,4.124,-0.021,4.198
42.52,1.759,-0.497,1.600,4.455,-0.022,4.206
42.53,1.377,-0.496,1.594,4.269,-0.021,4.209
42.54,1.654,-0.494,1.598,4.188,-0.020,4.210
42.55,1.594,-0.495,1.597,3.960,-0.019,4.203
42.56,1.623,-0.493,1.600,4.128,-0.021,4.199
42.57,1.568,-0.493,1.599,4.017,-0.021,4.193
42.58,1.610,-0.493,1.599,4.133,-0.023,4.190
42.59,1.563,-0.493,1.599,4.463,-0.021,4.200
42.60,1.576,-0.494,1.597,4.072,-0.020,4.197
42.61,1.464,-0.496,1.591,4.115,-0.020,4.195
42.62,1.637,-0.496,1.592,4.329,-0.019,4.200
42.63,1.481,-0.495,1.589,4.342,-0.020,4.204
42.64,1.498,-0.495,1.587,4.156,-0.020,4.203
42.65,1.517,-0.494,1.585,3.846,-0.020,4.192
42.66,1.269,-0.494,1.575,4.265,-0.019,4.195
42.67,1.382,-0.495,1.569,4.204,-0.019,4.195
42.68,1.474,-0.494,1.566,4.275,-0.019,4.198
42.69,1.504,-0.494,1.565,4.379,-0.017,4.206
42.70,1.422,-0.492,1.561,4.087,-0.016,4.203
42.71,1.510,-0.493,1.558,4.081,-0.016,4.199
42.72,1.741,-0.491,1.566,3.774,-0.017,4.186
42.73,1.352,-0.489,1.560,4.236,-0.017,4.187
42.74,1.656,-0.488,1.565,4.086,-0.018,4.183
42.75,1.476,-0.489,1.560,4.272,-0.019,4.185
42.76,1.562,-0.490,1.559,4.170,-0.018,4.185
42.77,1.446,-0.491,1.554,4.000,-0.017,4.180
42.78,1.518,-0.490,1.554,4.075,-0.016,4.177
42.79,1.711,-0.489,1.559,4.207,-0.017,4.178
42.80,1.574,-0.490,1.558,4.476,-0.018,4.186
42.81,1.743,-0.489,1.564,4.312,-0.018,4.189
42.82,1.700,-0.488,1.569,4.179,-0.018,4.190
42.83,1.532,-0.488,1.568,4.497,-0.017,4.200
42.84,1.303,-0.487,1.560,4.175,-0.016,4.200
42.85,1.606,-0.487,1.562,4.180,-0.016,4.199
42.86,1.238,-0.485,1.554,4.046,-0.018,4.193
42.87,1.782,-0.485,1.560,4.148,-0.018,4.192
42.88,1.568,-0.485,1.560,4.427,-0.020,4.197
42.89,1.503,-0.486,1.557,4.437,-0.019,4.205
42.90,1.564,-0.484,1.559,3.873,-0.020,4.195
42.91,1.447,-0.486,1.553,4.289,-0.019,4.198
42.92,1.475,-0.486,1.550,4.505,-0.019,4.208
42.93,1.602,-0.486,1.551,4.139,-0.019,4.206
42.94,1.756,-0.486,1.558,4.135,-0.018,4.205
42.95,1.461,-0.486,1.554,4.048,-0.019,4.199
42.96,1.877,-0.486,1.563,4.021,-0.017,4.195
42.97,1.515,-0.487,1.560,4.397,-0.016,4.203
42.98,1.683,-0.488,1.563,4.491,-0.017,4.211
42.99,1.518,-0.486,1.563,4.144,-0.017,4.209
43.00,1.800,-0.487,1.569,3.919,-0.018,4.199
43.01,1.467,-0.488,1.565,4.179,-0.016,4.200
43.02,1.321,-0.488,1.557,4.418,-0.017,4.207
43.03,1.253,-0.488,1.548,4.573,-0.015,4.220
43.04,1.432,-0.487,1.544,4.303,-0.014,4.224
43.05,1.406,-0.487,1.540,4.393,-0.012,4.231
43.06,1.558,-0.488,1.539,4.242,-0.011,4.232
43.07,1.511,-0.489,1.537,4.080,-0.011,4.228
43.08,1.786,-0.490,1.543,4.005,-0.010,4.223
43.09,1.561,-0.491,1.542,4.374,-0.010,4.228
43.10,1.553,-0.493,1.540,4.185,-0.011,4.226
43.11,1.688,-0.494,1.543,3.876,-0.011,4.215
43.12,1.655,-0.494,1.547,3.672,-0.011,4.199
43.13,1.599,-0.493,1.549,4.166,-0.010,4.198
43.14,1.634,-0.491,1.553,4.246,-0.012,4.199
43.15,1.551,-0.491,1.553,4.226,-0.012,4.199
43.16,1.773,-0.492,1.558,4.128,-0.012,4.197
43.17,1.629,-0.491,1.561,3.742,-0.011,4.183
43.18,1.644,-0.493,1.562,4.070,-0.012,4.180
43.19,1.513,-0.494,1.559,3.943,-0.012,4.172
43.20,1.070,-0.493,1.545,3.969,-0.011,4.166
43.21,1.591,-0.493,1.546,4.329,-0.011,4.171
43.23,1.602,-0.493,1.548,4.259,-0.010,4.175
43.24,1.395,-0.495,1.540,4.379,-0.009,4.181
43.25,1.588,-0.495,1.542,4.379,-0.009,4.187
43.25,1.427,-0.495,1.537,4.167,-0.009,4.186
43.27,1.669,-0.495,1.542,3.949,-0.009,4.179
43.28,1.655,-0.493,1.547,3.856,-0.010,4.168
43.29,1.680,-0.491,1.552,3.974,-0.010,4.161
43.30,1.465,-0.493,1.548,4.091,-0.011,4.158
43.31,1.503,-0.494,1.544,4.037,-0.011,4.154
43.32,1.452,-0.495,1.541,3.816,-0.011,4.143
43.33,1.621,-0.494,1.544,4.000,-0.011,4.138
43.34,1.486,-0.495,1.541,4.380,-0.012,4.145
43.35,1.658,-0.495,1.544,4.540,-0.012,4.156
43.36,1.457,-0.494,1.542,4.059,-0.011,4.154
43.37,1.584,-0.496,1.542,3.968,-0.012,4.147
43.38,1.607,-0.497,1.542,4.439,-0.013,4.154
43.39,1.775,-0.498,1.548,4.291,-0.014,4.157
43.40,1.702,-0.498,1.552,4.116,-0.015,4.155
43.41,1.558,-0.499,1.552,3.848,-0.016,4.144
43.42,1.466,-0.499,1.549,4.035,-0.016,4.140
43.43,1.564,-0.500,1.548,4.175,-0.015,4.141
43.44,1.699,-0.502,1.550,4.250,-0.016,4.143
43.45,1.762,-0.502,1.557,4.090,-0.016,4.141
43.46,1.742,-0.502,1.563,3.983,-0.016,4.136
43.47,1.640,-0.503,1.564,4.262,-0.016,4.139
43.48,1.535,-0.503,1.564,4.238,-0.017,4.141
43.49,1.530,-0.502,1.564,4.498,-0.018,4.151
43.50,1.622,-0.500,1.567,4.196,-0.019,4.151
43.51,1.703,-0.500,1.571,3.993,-0.019,4.145
43.52,1.759,-0.498,1.579,4.553,-0.019,4.157
43.53,1.595,-0.500,1.578,4.157,-0.021,4.156
43.54,1.538,-0.499,1.577,4.002,-0.021,4.150
43.55,1.908,-0.497,1.590,4.143,-0.021,4.150
43.56,1.401,-0.497,1.584,4.156,-0.022,4.149
43.57,1.452,-0.497,1.581,4.513,-0.022,4.160
43.58,1.525,-0.499,1.577,4.187,-0.023,4.159
43.59,1.709,-0.499,1.581,4.191,-0.024,4.159
43.60,1.823,-0.499,1.589,3.776,-0.025,4.146
43.61,1.453,-0.498,1.586,3.916,-0.026,4.139
43.62,1.374,-0.497,1.581,4.387,-0.025,4.147
43.63,1.469,-0.498,1.576,4.354,-0.023,4.154
43.64,1.577,-0.500,1.574,4.232,-0.024,4.156
43.65,1.643,-0.502,1.575,4.344,-0.024,4.162
43.66,1.631,-0.501,1.577,4.322,-0.025,4.165
43.67,1.446,-0.499,1.575,4.218,-0.026,4.166
43.68,1.638,-0.497,1.579,4.330,-0.026,4.171
43.69,1.512,-0.498,1.576,4.315,-0.026,4.175
43.70,1.780,-0.499,1.581,4.463,-0.026,4.185
43.71,1.752,-0.500,1.586,4.161,-0.024,4.186
43.72,1.392,-0.499,1.581,4.180,-0.023,4.186
43.73,1.686,-0.499,1.584,3.886,-0.023,4.178
43.74,1.526,-0.500,1.582,4.346,-0.023,4.183
43.75,1.679,-0.501,1.584,4.287,-0.024,4.185
43.76,1.468,-0.502,1.580,4.098,-0.022,4.184
43.77,1.532,-0.503,1.577,4.255,-0.022,4.187
43.78,1.628,-0.504,1.578,3.923,-0.023,4.178
43.79,1.399,-0.504,1.573,4.090,-0.023,4.175
43.80,1.315,-0.503,1.566,4.163,-0.022,4.175
43.81,1.236,-0.504,1.555,4.341,-0.021,4.182
43.82,1.591,-0.504,1.556,4.264,-0.020,4.185
43.83,1.765,-0.504,1.563,4.035,-0.021,4.180
43.84,1.630,-0.502,1.566,4.071,-0.020,4.177
43.85,1.569,-0.500,1.568,4.019,-0.022,4.171
43.86,1.665,-0.503,1.568,3.913,-0.022,4.163
43.87,1.598,-0.503,1.569,4.258,-0.022,4.166
43.88,1.571,-0.504,1.569,4.268,-0.021,4.169
43.89,1.556,-0.503,1.569,4.288,-0.021,4.173
43.90,1.423,-0.503,1.564,4.088,-0.021,4.171
43.91,1.680,-0.504,1.567,4.301,-0.019,4.176
43.92,1.642,-0.505,1.569,4.232,-0.019,4.178
43.93,1.533,-0.506,1.567,4.183,-0.020,4.177
43.94,1.669,-0.505,1.570,3.903,-0.020,4.169
43.95,1.596,-0.503,1.573,3.939,-0.020,4.161
43.96,1.496,-0.503,1.571,4.116,-0.021,4.159
43.97,1.514,-0.505,1.567,4.549,-0.020,4.172
43.98,1.760,-0.506,1.573,4.204,-0.020,4.173
43.99,1.522,-0.507,1.570,4.013,-0.020,4.168
44.00,1.877,-0.505,1.581,4.112,-0.019,4.167
44.01,1.812,-0.506,1.588,4.394,-0.020,4.173
44.02,1.551,-0.506,1.587,4.265,-0.020,4.175
44.03,1.666,-0.507,1.589,4.122,-0.021,4.173
44.04,1.484,-0.506,1.586,4.531,-0.021,4.184
44.05,1.438,-0.506,1.582,4.223,-0.022,4.185
44.06,1.626,-0.507,1.583,4.073,-0.021,4.182
44.07,1.395,-0.507,1.577,4.340,-0.021,4.187
44.08,1.535,-0.507,1.576,4.104,-0.020,4.186
44.09,1.659,-0.506,1.580,4.152,-0.020,4.185
44.10,1.560,-0.506,1.580,4.130,-0.020,4.183
44.11,1.478,-0.506,1.576,4.244,-0.021,4.184
44.12,1.508,-0.507,1.574,4.067,-0.024,4.177
44.13,1.560,-0.506,1.574,4.311,-0.025,4.181
44.14,1.593,-0.506,1.574,4.309,-0.024,4.185
44.15,1.397,-0.506,1.569,4.193,-0.023,4.187
44.16,1.439,-0.506,1.566,4.158,-0.023,4.186
44.17,1.522,-0.507,1.563,4.303,-0.023,4.190
44.18,1.177,-0.508,1.550,4.082,-0.024,4.186
44.19,1.647,-0.508,1.554,4.127,-0.024,4.184
44.20,1.659,-0.507,1.558,4.157,-0.023,4.184
44.21,1.598,-0.508,1.557,4.341,-0.023,4.189
44.22,1.471,-0.510,1.553,3.999,-0.024,4.183
44.23,1.532,-0.511,1.552,4.265,-0.023,4.187
44.24,1.605,-0.513,1.551,4.107,-0.023,4.184
44.25,1.453,-0.512,1.549,4.085,-0.025,4.179
44.26,1.445,-0.512,1.546,4.105,-0.025,4.177
44.27,1.456,-0.511,1.543,4.305,-0.025,4.180
44.28,1.206,-0.512,1.532,4.022,-0.025,4.176
44.29,1.689,-0.513,1.536,4.320,-0.026,4.179
44.30,1.904,-0.514,1.546,4.155,-0.026,4.179
44.31,1.516,-0.515,1.543,3.961,-0.027,4.171
44.32,1.627,-0.517,1.544,4.038,-0.027,4.167
44.33,1.515,-0.519,1.541,4.383,-0.029,4.172
44.34,1.476,-0.520,1.539,4.405,-0.029,4.179
44.35,1.729,-0.522,1.542,3.972,-0.027,4.174
44.36,1.615,-0.521,1.545,3.986,-0.028,4.168
44.37,1.744,-0.520,1.552,3.999,-0.027,4.164
44.38,1.485,-0.520,1.550,4.476,-0.028,4.172
44.39,1.717,-0.520,1.556,3.992,-0.028,4.166
44.40,1.340,-0.520,1.549,4.197,-0.028,4.167
44.41,1.885,-0.519,1.561,4.190,-0.029,4.167
44.42,1.686,-0.519,1.564,4.533,-0.028,4.179
44.43,1.531,-0.518,1.564,4.338,-0.030,4.183
44.44,1.570,-0.519,1.564,4.139,-0.028,4.183
44.45,1.798,-0.518,1.572,4.153,-0.027,4.183
44.46,1.578,-0.518,1.572,4.234,-0.027,4.185
44.47,1.308,-0.517,1.565,4.397,-0.028,4.191
44.48,1.692,-0.517,1.569,4.175,-0.029,4.189
44.49,1.731,-0.518,1.574,4.327,-0.029,4.194
44.50,1.514,-0.519,1.571,4.240,-0.028,4.196
44.51,1.403,-0.520,1.565,4.385,-0.027,4.203
44.52,1.594,-0.521,1.565,4.019,-0.029,4.196
44.53,1.458,-0.523,1.560,4.029,-0.029,4.191
44.54,1.438,-0.523,1.556,4.306,-0.029,4.195
44.55,1.663,-0.526,1.557,4.355,-0.029,4.200
44.56,1.648,-0.524,1.561,4.054,-0.029,4.196
44.57,1.544,-0.526,1.559,4.405,-0.030,4.201
44.58,1.642,-0.526,1.562,3.750,-0.031,4.187
44.59,1.592,-0.526,1.563,3.941,-0.030,4.180
44.60,1.650,-0.526,1.566,4.179,-0.030,4.181
44.62,1.600,-0.525,1.568,4.178,-0.031,4.180
44.62,1.509,-0.524,1.567,4.209,-0.029,4.182
44.63,1.429,-0.525,1.562,4.365,-0.031,4.187
44.64,1.288,-0.524,1.555,4.123,-0.029,4.187
44.65,1.330,-0.524,1.548,3.932,-0.030,4.178
44.66,1.639,-0.524,1.551,4.175,-0.031,4.177
44.67,1.607,-0.522,1.554,4.015,-0.031,4.172
44.68,1.475,-0.523,1.551,4.158,-0.030,4.172
44.69,1.348,-0.523,1.545,3.820,-0.030,4.162
44.70,1.450,-0.524,1.541,3.984,-0.030,4.156
44.71,1.558,-0.525,1.541,3.992,-0.030,4.151
44.73,1.598,-0.525,1.542,4.064,-0.031,4.147
44.73,1.499,-0.528,1.538,4.183,-0.031,4.148
44.75,1.542,-0.530,1.536,4.063,-0.030,4.146
44.76,1.392,-0.529,1.532,4.139,-0.029,4.146
44.77,1.494,-0.528,1.532,4.362,-0.026,4.155
44.78,1.426,-0.528,1.529,4.350,-0.027,4.161
44.79,1.521,-0.528,1.529,3.904,-0.027,4.153
44.80,1.540,-0.529,1.528,4.300,-0.028,4.156
44.81,1.533,-0.531,1.526,3.991,-0.027,4.152
44.82,1.497,-0.532,1.524,4.193,-0.027,4.153
44.83,1.432,-0.534,1.519,4.403,-0.027,4.161
44.84,1.874,-0.535,1.529,4.215,-0.028,4.161
44.85,1.526,-0.535,1.529,3.781,-0.027,4.151
44.86,1.207,-0.535,1.519,4.025,-0.026,4.147
44.87,1.311,-0.534,1.513,4.358,-0.026,4.153
44.88,1.709,-0.536,1.517,4.479,-0.027,4.162
44.89,1.528,-0.535,1.518,4.278,-0.028,4.164
44.90,1.635,-0.538,1.519,4.181,-0.027,4.166
44.91,1.459,-0.539,1.516,4.074,-0.026,4.164
44.92,1.445,-0.538,1.514,4.066,-0.026,4.161
44.93,1.486,-0.536,1.515,4.072,-0.025,4.159
44.94,1.446,-0.534,1.515,4.000,-0.024,4.155
44.95,1.564,-0.536,1.514,4.273,-0.025,4.158
44.96,1.444,-0.535,1.513,3.910,-0.026,4.149
44.97,1.205,-0.534,1.504,4.126,-0.026,4.148
44.98,1.747,-0.534,1.511,4.298,-0.026,4.152
44.99,1.475,-0.533,1.510,4.202,-0.026,4.154
45.00,1.598,-0.534,1.513,4.388,-0.026,4.160
45.01,1.569,-0.534,1.514,4.045,-0.026,4.157
45.02,1.539,-0.534,1.514,4.091,-0.026,4.155
45.03,1.504,-0.538,1.510,4.271,-0.026,4.158
45.04,1.521,-0.537,1.512,3.975,-0.026,4.153
45.05,1.496,-0.535,1.512,4.082,-0.025,4.151
45.06,1.769,-0.536,1.519,4.311,-0.024,4.156
45.07,1.487,-0.536,1.518,3.857,-0.024,4.147
45.08,1.540,-0.535,1.520,4.200,-0.023,4.149
45.09,1.729,-0.534,1.527,4.023,-0.024,4.144
45.10,1.363,-0.534,1.521,4.127,-0.024,4.144
45.11,1.565,-0.534,1.523,4.217,-0.024,4.146
45.12,1.450,-0.533,1.521,4.229,-0.025,4.147
45.13,1.529,-0.534,1.521,4.367,-0.025,4.154
45.14,1.532,-0.535,1.520,3.760,-0.026,4.141
45.15,1.562,-0.535,1.522,4.001,-0.027,4.135
45.16,1.449,-0.535,1.519,3.915,-0.026,4.129
45.17,1.534,-0.536,1.518,4.044,-0.026,4.126
45.18,1.625,-0.535,1.522,4.044,-0.025,4.124
45.19,1.535,-0.534,1.523,4.117,-0.025,4.123
45.20,1.473,-0.536,1.520,3.806,-0.024,4.114
45.21,1.739,-0.538,1.525,4.373,-0.023,4.122
45.22,1.769,-0.538,1.532,4.301,-0.023,4.127
45.23,1.675,-0.539,1.536,4.312,-0.025,4.131
45.24,1.774,-0.540,1.543,4.240,-0.024,4.135
45.25,1.499,-0.541,1.540,3.958,-0.024,4.129
45.26,1.578,-0.540,1.543,4.560,-0.024,4.142
45.27,1.554,-0.541,1.542,3.730,-0.023,4.129
45.28,1.460,-0.542,1.539,4.347,-0.023,4.136
45.29,1.778,-0.545,1.543,4.083,-0.023,4.134
45.30,1.616,-0.544,1.547,3.853,-0.022,4.126
45.31,1.596,-0.545,1.548,4.192,-0.021,4.129
45.32,1.396,-0.543,1.545,3.920,-0.022,4.121
45.33,1.452,-0.544,1.541,4.193,-0.022,4.123
45.34,1.648,-0.542,1.546,4.382,-0.022,4.130
45.35,1.677,-0.544,1.549,4.244,-0.023,4.133
45.36,1.507,-0.544,1.547,4.339,-0.022,4.139
45.37,1.652,-0.543,1.552,4.198,-0.022,4.141
45.38,1.715,-0.544,1.556,4.206,-0.023,4.142
45.39,1.531,-0.544,1.556,3.444,-0.023,4.120
45.40,1.654,-0.543,1.561,4.430,-0.024,4.129
45.41,1.711,-0.544,1.564,4.390,-0.025,4.136
45.42,1.568,-0.544,1.565,4.375,-0.024,4.143
45.43,1.282,-0.541,1.559,4.259,-0.023,4.148
45.44,1.402,-0.542,1.554,4.213,-0.023,4.150
45.45,1.253,-0.543,1.544,4.413,-0.022,4.159
45.46,1.735,-0.542,1.551,4.388,-0.022,4.166
45.47,1.682,-0.540,1.557,3.886,-0.023,4.156
45.48,1.805,-0.540,1.565,4.104,-0.022,4.156
45.49,1.647,-0.538,1.570,4.365,-0.022,4.162
45.50,1.233,-0.539,1.559,4.152,-0.021,4.162
45.51,1.471,-0.540,1.555,4.559,-0.020,4.175
45.52,1.610,-0.542,1.556,4.131,-0.021,4.174
45.53,1.786,-0.541,1.564,4.197,-0.021,4.174
45.54,1.564,-0.542,1.563,4.298,-0.021,4.178
45.55,1.591,-0.543,1.563,4.482,-0.022,4.187
45.56,1.799,-0.541,1.572,3.923,-0.021,4.180
45.57,1.388,-0.542,1.566,4.109,-0.022,4.177
45.58,1.342,-0.543,1.559,4.041,-0.021,4.174
45.59,1.552,-0.543,1.559,4.519,-0.020,4.186
45.60,1.659,-0.543,1.562,3.949,-0.020,4.178
45.61,1.701,-0.542,1.568,4.304,-0.019,4.183
45.62,1.698,-0.540,1.574,3.973,-0.020,4.176
45.63,1.489,-0.541,1.571,4.365,-0.020,4.182
45.64,1.374,-0.543,1.564,4.418,-0.019,4.190
45.65,1.657,-0.542,1.567,4.076,-0.019,4.187
45.66,1.652,-0.542,1.571,4.351,-0.020,4.191
45.67,1.829,-0.543,1.578,4.109,-0.021,4.188
45.68,1.751,-0.543,1.584,4.183,-0.020,4.189
45.69,1.602,-0.543,1.584,4.266,-0.020,4.192
45.70,1.662,-0.544,1.586,4.209,-0.019,4.194
45.71,1.471,-0.546,1.582,4.182,-0.018,4.194
45.72,1.641,-0.545,1.585,4.279,-0.018,4.197
45.73,1.731,-0.546,1.589,3.884,-0.019,4.187
45.74,1.593,-0.546,1.589,4.379,-0.019,4.193
45.75,1.531,-0.546,1.588,4.428,-0.018,4.201
45.76,1.480,-0.546,1.585,4.418,-0.019,4.207
45.77,1.505,-0.546,1.584,4.226,-0.020,4.207
45.78,1.924,-0.545,1.595,4.254,-0.020,4.209
45.79,1.619,-0.545,1.597,4.068,-0.019,4.206
45.80,1.496,-0.545,1.594,3.818,-0.019,4.195
45.81,1.265,-0.543,1.586,4.101,-0.019,4.192
45.82,1.478,-0.541,1.585,4.209,-0.020,4.192
45.83,1.444,-0.541,1.582,4.099,-0.021,4.188
45.84,1.608,-0.543,1.580,4.359,-0.021,4.193
45.85,1.615,-0.544,1.581,4.326,-0.021,4.198
45.86,1.724,-0.543,1.587,4.133,-0.020,4.197
45.87,1.591,-0.543,1.588,4.253,-0.021,4.198
45.88,1.404,-0.543,1.583,4.244,-0.022,4.198
45.89,1.495,-0.543,1.580,4.246,-0.022,4.201
45.90,1.596,-0.546,1.578,4.314,-0.022,4.204
45.91,1.650,-0.546,1.580,4.302,-0.021,4.208
45.92,1.560,-0.545,1.581,4.146,-0.022,4.206
45.93,1.654,-0.543,1.585,4.320,-0.020,4.212
45.94,1.331,-0.543,1.578,4.291,-0.020,4.215
45.95,1.665,-0.543,1.581,3.987,-0.021,4.207
45.96,1.582,-0.541,1.584,4.072,-0.022,4.203
45.97,1.784,-0.541,1.590,4.095,-0.022,4.200
45.98,1.526,-0.541,1.589,4.154,-0.020,4.200
45.99,1.527,-0.542,1.586,4.267,-0.020,4.202
46.00,1.500,-0.542,1.583,4.162,-0.020,4.201
46.01,1.687,-0.543,1.586,4.283,-0.019,4.205
46.02,1.597,-0.543,1.587,4.427,-0.018,4.213
46.03,1.300,-0.544,1.578,4.295,-0.019,4.215
46.04,1.393,-0.545,1.571,4.617,-0.019,4.228
46.05,1.635,-0.544,1.575,4.359,-0.020,4.231
46.06,1.564,-0.544,1.575,3.788,-0.020,4.218
46.07,1.513,-0.545,1.572,4.172,-0.020,4.217
46.08,1.323,-0.545,1.564,4.207,-0.021,4.216
46.09,1.316,-0.545,1.557,3.825,-0.022,4.204
46.10,1.606,-0.546,1.557,4.013,-0.023,4.197
46.11,1.640,-0.543,1.562,4.471,-0.023,4.205
46.12,1.376,-0.540,1.560,4.079,-0.023,4.202
46.13,1.569,-0.541,1.560,4.043,-0.022,4.199
46.14,1.647,-0.541,1.562,3.931,-0.021,4.191
46.15,1.408,-0.542,1.557,4.028,-0.022,4.186
46.16,1.586,-0.542,1.558,4.058,-0.023,4.180
46.17,1.787,-0.542,1.565,3.982,-0.023,4.175
46.19,1.442,-0.543,1.560,4.516,-0.022,4.186
46.20,1.607,-0.542,1.562,3.882,-0.023,4.176
46.20,1.652,-0.542,1.565,4.140,-0.021,4.176
46.21,1.569,-0.540,1.568,4.138,-0.022,4.174
46.22,1.395,-0.539,1.564,4.149,-0.022,4.174
46.24,1.806,-0.539,1.571,4.078,-0.021,4.171
46.24,1.308,-0.539,1.563,4.131,-0.021,4.170
46.26,1.625,-0.541,1.563,4.360,-0.021,4.176
46.27,1.591,-0.542,1.563,4.168,-0.020,4.177
46.28,1.533,-0.542,1.562,4.391,-0.019,4.184
46.29,1.584,-0.543,1.562,4.187,-0.019,4.184
46.30,1.677,-0.541,1.568,4.065,-0.018,4.182
46.31,1.480,-0.542,1.564,4.054,-0.018,4.177
46.32,1.739,-0.542,1.569,4.384,-0.020,4.183
46.33,1.560,-0.543,1.569,4.164,-0.020,4.181
46.34,1.941,-0.542,1.581,4.236,-0.019,4.184
46.35,1.464,-0.543,1.576,3.969,-0.020,4.177
46.36,1.563,-0.544,1.576,4.187,-0.020,4.177
46.37,1.477,-0.542,1.574,4.266,-0.019,4.181
46.38,1.757,-0.542,1.580,4.005,-0.018,4.176
46.39,1.619,-0.542,1.582,3.921,-0.018,4.169
46.40,1.368,-0.542,1.576,3.949,-0.017,4.163
46.41,1.400,-0.542,1.570,3.967,-0.017,4.156
46.42,1.531,-0.541,1.570,4.386,-0.017,4.163
46.43,1.358,-0.541,1.564,4.039,-0.017,4.159
46.44,1.315,-0.541,1.556,4.236,-0.018,4.161
46.45,1.748,-0.541,1.562,4.225,-0.018,4.162
46.46,1.623,-0.543,1.562,3.837,-0.019,4.151
46.47,1.634,-0.543,1.564,4.047,-0.019,4.147
46.48,1.441,-0.543,1.561,4.310,-0.019,4.152
46.49,1.609,-0.543,1.562,4.188,-0.019,4.153
46.50,1.531,-0.545,1.559,4.387,-0.018,4.160
46.51,1.596,-0.545,1.561,4.265,-0.018,4.164
46.52,1.593,-0.545,1.561,4.245,-0.019,4.165
46.53,1.536,-0.545,1.561,4.224,-0.019,4.166
46.54,1.809,-0.548,1.566,3.806,-0.020,4.154
46.55,1.533,-0.548,1.564,4.242,-0.022,4.155
46.56,1.542,-0.549,1.563,4.284,-0.022,4.159
46.57,1.376,-0.549,1.558,4.081,-0.023,4.156
46.58,1.802,-0.550,1.565,4.077,-0.022,4.154
46.59,1.449,-0.550,1.560,4.256,-0.022,4.157
46.60,1.576,-0.550,1.561,4.255,-0.022,4.159
46.61,1.770,-0.550,1.568,4.071,-0.022,4.157
46.62,1.272,-0.550,1.559,4.286,-0.023,4.160
46.63,1.570,-0.550,1.559,4.381,-0.024,4.165
46.64,1.465,-0.551,1.556,4.225,-0.025,4.166
46.65,1.619,-0.551,1.557,4.069,-0.027,4.161
46.66,1.448,-0.550,1.555,4.140,-0.027,4.161
46.67,1.427,-0.553,1.549,4.223,-0.027,4.162
46.68,1.790,-0.552,1.557,4.168,-0.026,4.163
46.69,1.498,-0.552,1.556,3.929,-0.026,4.156
46.70,1.568,-0.551,1.557,4.159,-0.027,4.155
46.71,1.592,-0.550,1.558,4.114,-0.029,4.152
46.72,1.459,-0.551,1.555,4.052,-0.030,4.148
46.73,1.611,-0.550,1.557,4.267,-0.029,4.152
46.74,1.656,-0.550,1.561,4.520,-0.029,4.163
46.75,1.602,-0.551,1.561,4.197,-0.029,4.164
46.76,1.453,-0.552,1.557,3.918,-0.030,4.155
46.77,1.532,-0.549,1.559,4.136,-0.031,4.154
46.78,1.508,-0.548,1.558,3.981,-0.032,4.147
46.79,1.542,-0.550,1.556,4.399,-0.032,4.155
46.80,1.732,-0.551,1.561,4.197,-0.031,4.158
46.81,1.576,-0.551,1.561,4.011,-0.031,4.153
46.82,1.898,-0.550,1.572,4.163,-0.031,4.153
46.83,1.699,-0.550,1.577,4.262,-0.031,4.156
46.84,1.365,-0.548,1.572,4.472,-0.030,4.167
46.85,1.750,-0.549,1.577,4.422,-0.028,4.176
46.86,1.714,-0.549,1.582,4.431,-0.028,4.185
46.87,1.537,-0.548,1.581,4.229,-0.027,4.187
46.88,1.585,-0.548,1.582,4.237,-0.026,4.190
46.89,1.367,-0.547,1.576,4.055,-0.025,4.187
46.90,1.538,-0.549,1.574,4.236,-0.027,4.186
46.91,1.517,-0.549,1.572,4.414,-0.028,4.193
46.92,1.493,-0.549,1.570,3.763,-0.029,4.179
46.93,1.623,-0.548,1.572,4.147,-0.029,4.178
46.94,1.525,-0.548,1.571,3.937,-0.031,4.169
46.95,1.609,-0.550,1.570,4.326,-0.030,4.175
46.96,1.798,-0.553,1.575,4.202,-0.030,4.176
46.97,1.631,-0.549,1.580,4.075,-0.031,4.172
46.98,1.517,-0.547,1.581,4.266,-0.033,4.173
46.99,1.743,-0.545,1.587,4.656,-0.034,4.187
47.00,1.865,-0.543,1.598,4.253,-0.034,4.189
47.01,1.539,-0.546,1.595,4.041,-0.035,4.184
47.02,1.444,-0.547,1.589,4.170,-0.037,4.182
47.03,1.743,-0.545,1.595,3.913,-0.037,4.174
47.04,1.589,-0.545,1.596,4.364,-0.036,4.181
47.05,1.557,-0.545,1.595,4.063,-0.036,4.177
47.06,1.546,-0.546,1.593,4.275,-0.035,4.181
47.07,1.685,-0.549,1.593,4.361,-0.035,4.187
47.08,1.325,-0.548,1.586,4.262,-0.035,4.190
47.09,1.504,-0.550,1.583,4.415,-0.036,4.196
47.10,1.460,-0.552,1.577,4.322,-0.036,4.200
47.11,1.611,-0.553,1.577,4.171,-0.036,4.199
47.12,1.753,-0.551,1.584,3.945,-0.037,4.191
47.13,1.709,-0.551,1.588,4.370,-0.037,4.197
47.14,1.572,-0.549,1.590,4.124,-0.036,4.196
47.15,1.552,-0.551,1.587,3.882,-0.036,4.186
47.16,1.441,-0.552,1.582,3.945,-0.037,4.179
47.17,1.424,-0.552,1.577,4.231,-0.036,4.181
47.18,1.473,-0.554,1.573,4.505,-0.036,4.191
47.19,1.560,-0.556,1.571,3.971,-0.037,4.184
47.20,1.478,-0.559,1.565,3.917,-0.037,4.175
47.21,1.477,-0.559,1.562,4.334,-0.038,4.180
47.22,1.516,-0.559,1.561,4.434,-0.038,4.188
47.23,1.648,-0.560,1.563,4.105,-0.038,4.186
47.24,1.687,-0.559,1.568,4.006,-0.039,4.179
47.25,1.408,-0.558,1.564,3.998,-0.039,4.173
47.26,1.795,-0.558,1.572,4.447,-0.040,4.181
47.27,1.584,-0.557,1.573,4.326,-0.038,4.187
47.28,1.663,-0.555,1.577,4.139,-0.039,4.185
47.29,1.368,-0.556,1.571,4.079,-0.039,4.183
47.30,1.589,-0.556,1.571,4.439,-0.039,4.190
47.31,1.619,-0.558,1.570,3.766,-0.038,4.178
47.32,1.453,-0.557,1.568,4.269,-0.037,4.182
47.33,1.485,-0.557,1.566,4.093,-0.039,4.179
47.34,1.310,-0.559,1.556,4.004,-0.037,4.175
47.35,1.331,-0.559,1.549,4.135,-0.037,4.174
47.36,1.835,-0.560,1.557,4.498,-0.035,4.185
47.37,1.371,-0.561,1.550,4.189,-0.036,4.185
47.38,1.480,-0.560,1.549,3.814,-0.036,4.174
47.39,1.553,-0.559,1.550,4.221,-0.036,4.175
47.40,1.309,-0.559,1.543,3.916,-0.034,4.169
47.41,1.728,-0.560,1.547,4.178,-0.035,4.169
47.42,1.597,-0.559,1.550,4.648,-0.034,4.184
47.43,1.372,-0.560,1.544,4.229,-0.034,4.186
47.44,1.587,-0.559,1.546,4.484,-0.035,4.194
47.45,1.655,-0.558,1.550,3.863,-0.035,4.184
47.46,1.550,-0.558,1.550,4.356,-0.037,4.188
47.47,1.377,-0.559,1.543,4.049,-0.036,4.185
47.48,1.650,-0.555,1.550,4.227,-0.037,4.185
47.49,1.572,-0.554,1.552,4.387,-0.036,4.192
47.50,1.406,-0.556,1.546,4.301,-0.037,4.195
47.51,1.592,-0.556,1.547,4.149,-0.037,4.194
47.52,1.824,-0.555,1.556,4.014,-0.036,4.189
47.53,1.657,-0.555,1.559,4.295,-0.037,4.193
47.54,1.567,-0.555,1.559,4.365,-0.036,4.198
47.55,1.676,-0.553,1.565,3.904,-0.036,4.190
47.56,1.709,-0.553,1.569,4.176,-0.034,4.191
47.57,1.509,-0.553,1.568,4.188,-0.034,4.192
47.58,1.605,-0.555,1.567,4.467,-0.034,4.201
47.59,1.524,-0.553,1.568,3.850,-0.034,4.190
47.60,1.604,-0.554,1.568,4.315,-0.035,4.193
47.61,1.783,-0.552,1.576,3.998,-0.035,4.187
47.62,1.459,-0.552,1.573,3.849,-0.036,4.176
47.63,1.710,-0.554,1.576,4.516,-0.036,4.187
47.64,1.716,-0.553,1.581,3.932,-0.036,4.179
47.65,1.639,-0.553,1.583,4.249,-0.037,4.180
47.67,1.546,-0.552,1.583,4.129,-0.037,4.178
47.68,1.587,-0.551,1.584,4.229,-0.037,4.180
47.69,1.586,-0.552,1.583,4.383,-0.037,4.186
47.70,1.510,-0.554,1.580,4.610,-0.037,4.199
47.71,1.381,-0.554,1.574,4.106,-0.038,4.196
47.72,1.914,-0.552,1.586,4.338,-0.038,4.201
47.73,1.692,-0.552,1.590,4.151,-0.038,4.199
47.74,1.416,-0.552,1.585,4.368,-0.038,4.204
47.75,1.576,-0.553,1.583,3.918,-0.040,4.194
47.76,1.499,-0.555,1.580,4.018,-0.039,4.190
47.77,1.666,-0.555,1.582,4.059,-0.039,4.186
47.78,1.662,-0.557,1.583,4.207,-0.040,4.186
47.79,1.446,-0.556,1.580,4.093,-0.040,4.184
47.80,1.389,-0.555,1.575,4.087,-0.040,4.181
47.81,1.462,-0.555,1.572,4.098,-0.040,4.178
47.82,1.437,-0.556,1.567,4.151,-0.040,4.177
47.83,1.571,-0.558,1.566,4.328,-0.042,4.181
47.84,1.507,-0.557,1.564,4.037,-0.041,4.176
47.85,1.429,-0.558,1.559,3.944,-0.042,4.169
47.86,1.443,-0.560,1.554,3.807,-0.043,4.157
47.87,1.649,-0.559,1.558,4.200,-0.042,4.158
47.88,1.869,-0.558,1.568,3.809,-0.044,4.146
47.89,1.397,-0.560,1.561,3.937,-0.044,4.140
47.90,1.980,-0.562,1.572,4.260,-0.044,4.143
47.91,1.446,-0.562,1.568,4.107,-0.045,4.141
47.92,1.490,-0.560,1.568,4.042,-0.043,4.139
47.93,1.707,-0.561,1.571,4.345,-0.043,4.146
47.94,1.564,-0.562,1.570,3.873,-0.043,4.137
47.95,1.645,-0.562,1.573,4.121,-0.041,4.137
47.96,1.420,-0.562,1.569,4.197,-0.041,4.140
47.97,1.773,-0.562,1.575,4.043,-0.042,4.135
47.98,1.644,-0.563,1.576,4.438,-0.043,4.143
47.99,1.572,-0.561,1.578,4.052,-0.044,4.139
48.00,1.851,-0.562,1.585,4.254,-0.044,4.143
48.01,1.912,-0.561,1.597,4.127,-0.045,4.141
48.02,1.555,-0.562,1.595,4.297,-0.045,4.145
48.03,1.509,-0.563,1.592,4.054,-0.044,4.143
48.04,1.357,-0.566,1.582,3.986,-0.043,4.139
48.05,1.724,-0.564,1.589,4.494,-0.043,4.150
48.06,1.565,-0.561,1.591,4.203,-0.044,4.150
48.07,1.804,-0.562,1.597,4.048,-0.044,4.148
48.08,1.555,-0.563,1.595,4.009,-0.045,4.142
48.09,1.501,-0.564,1.592,3.781,-0.044,4.132
48.10,1.600,-0.566,1.590,4.447,-0.044,4.140
48.11,1.512,-0.565,1.589,3.857,-0.044,4.132
48.12,1.297,-0.566,1.580,4.189,-0.044,4.133
48.13,1.360,-0.566,1.573,4.212,-0.044,4.136
48.14,1.234,-0.568,1.561,4.225,-0.042,4.140
48.15,1.593,-0.570,1.560,4.355,-0.041,4.147
48.16,1.493,-0.569,1.559,4.310,-0.042,4.151
48.17,1.704,-0.569,1.564,4.070,-0.040,4.150
48.18,1.661,-0.568,1.568,4.458,-0.040,4.159
48.19,1.868,-0.566,1.579,4.118,-0.041,4.158
48.20,1.694,-0.567,1.582,4.139,-0.041,4.157
48.21,1.521,-0.569,1.578,3.973,-0.039,4.153
48.22,1.394,-0.569,1.573,4.411,-0.039,4.160
48.23,1.856,-0.568,1.582,4.126,-0.040,4.159
48.24,1.702,-0.568,1.586,4.292,-0.041,4.162
48.25,1.236,-0.569,1.575,3.803,-0.040,4.152
48.26,1.596,-0.569,1.576,4.290,-0.041,4.155
48.27,1.744,-0.569,1.582,3.922,-0.041,4.148
48.28,1.570,-0.570,1.580,4.297,-0.040,4.153
48.29,1.541,-0.571,1.578,4.465,-0.041,4.162
48.30,1.635,-0.571,1.580,4.275,-0.041,4.166
48.31,1.426,-0.569,1.578,4.156,-0.042,4.164
48.32,1.691,-0.568,1.582,4.074,-0.042,4.162
48.33,1.613,-0.568,1.583,4.354,-0.041,4.168
48.34,1.600,-0.568,1.584,4.277,-0.043,4.170
48.35,1.626,-0.568,1.586,4.171,-0.042,4.171
48.36,1.721,-0.569,1.590,4.062,-0.041,4.168
48.37,1.720,-0.570,1.592,4.254,-0.042,4.170
48.38,1.728,-0.569,1.598,4.119,-0.040,4.170
48.39,1.555,-0.570,1.596,4.549,-0.041,4.181
48.40,1.652,-0.569,1.599,4.281,-0.040,4.186
48.41,1.501,-0.572,1.594,4.313,-0.038,4.191
48.42,1.847,-0.571,1.602,4.142,-0.041,4.188
48.43,1.524,-0.570,1.602,3.968,-0.040,4.182
48.44,1.467,-0.570,1.598,4.241,-0.039,4.184
48.45,1.429,-0.569,1.594,4.270,-0.038,4.188
48.46,1.198,-0.571,1.581,4.330,-0.039,4.192
48.47,1.540,-0.572,1.578,4.010,-0.042,4.184
48.48,1.914,-0.574,1.587,4.294,-0.042,4.188
48.49,1.510,-0.574,1.585,4.337,-0.041,4.193
48.50,1.478,-0.574,1.582,4.303,-0.041,4.196
48.51,1.651,-0.572,1.586,4.023,-0.042,4.191
48.52,1.403,-0.573,1.580,3.700,-0.041,4.177
48.53,1.376,-0.572,1.574,4.250,-0.040,4.180
48.54,1.633,-0.573,1.576,4.136,-0.040,4.179
48.55,1.719,-0.573,1.581,3.913,-0.041,4.170
48.56,1.410,-0.573,1.576,4.212,-0.041,4.171
48.57,1.554,-0.572,1.576,4.164,-0.041,4.171
48.58,1.735,-0.574,1.579,4.061,-0.042,4.167
48.59,1.426,-0.576,1.572,4.119,-0.042,4.165
48.60,1.630,-0.574,1.576,4.096,-0.043,4.163
48.61,1.645,-0.574,1.578,4.013,-0.043,4.158
48.62,1.547,-0.574,1.578,3.784,-0.042,4.148
48.63,1.518,-0.572,1.578,4.377,-0.042,4.154
48.64,1.534,-0.574,1.575,4.077,-0.042,4.152
48.65,1.865,-0.576,1.582,4.158,-0.042,4.152
48.66,1.703,-0.576,1.586,4.285,-0.042,4.155
48.67,1.704,-0.576,1.589,4.205,-0.042,4.157
48.68,1.465,-0.578,1.584,4.190,-0.043,4.157
48.69,1.659,-0.578,1.587,4.346,-0.041,4.164
48.70,1.446,-0.579,1.582,4.237,-0.042,4.166
48.71,1.703,-0.578,1.587,4.356,-0.043,4.171
48.72,1.607,-0.579,1.587,4.077,-0.043,4.168
48.73,1.717,-0.579,1.591,4.244,-0.042,4.172
48.74,1.555,-0.580,1.589,4.057,-0.043,4.167
48.75,1.421,-0.581,1.584,4.201,-0.044,4.167
48.76,1.832,-0.582,1.590,4.105,-0.042,4.167
48.77,1.764,-0.581,1.597,4.048,-0.042,4.164
48.78,1.401,-0.584,1.589,4.122,-0.041,4.163
48.79,1.500,-0.584,1.586,4.127,-0.040,4.163
48.80,1.699,-0.583,1.591,4.106,-0.039,4.162
48.81,1.605,-0.584,1.591,4.146,-0.039,4.162
48.82,1.236,-0.585,1.579,3.832,-0.040,4.151
48.83,1.487,-0.585,1.576,4.048,-0.039,4.148
48.84,1.675,-0.586,1.579,3.987,-0.039,4.143
48.85,1.378,-0.586,1.573,4.109,-0.041,4.140
48.86,1.546,-0.586,1.573,4.073,-0.040,4.138
48.87,1.572,-0.585,1.573,4.327,-0.040,4.144
48.88,1.529,-0.586,1.571,4.129,-0.040,4.143
48.89,1.531,-0.588,1.568,4.372,-0.040,4.150
48.90,1.648,-0.587,1.571,4.222,-0.040,4.152
48.91,1.875,-0.589,1.579,4.083,-0.040,4.150
48.92,1.833,-0.589,1.587,4.143,-0.039,4.150
48.93,1.421,-0.588,1.584,3.840,-0.038,4.141
48.94,1.549,-0.587,1.584,4.215,-0.037,4.144
48.95,1.676,-0.585,1.589,4.197,-0.038,4.146
48.96,1.534,-0.585,1.587,4.091,-0.037,4.145
48.97,1.658,-0.587,1.588,4.249,-0.035,4.149
48.98,1.789,-0.587,1.595,4.423,-0.034,4.158
48.99,1.510,-0.585,1.594,4.078,-0.035,4.155
49.00,1.611,-0.588,1.592,4.098,-0.034,4.154
49.01,1.533,-0.587,1.592,4.090,-0.033,4.152
49.02,1.593,-0.588,1.591,4.028,-0.035,4.147
49.03,1.612,-0.588,1.592,4.205,-0.035,4.148
49.04,1.447,-0.590,1.586,4.205,-0.037,4.148
49.05,1.367,-0.590,1.579,3.971,-0.037,4.142
49.06,1.571,-0.588,1.581,4.252,-0.037,4.145
49.07,1.440,-0.588,1.577,4.067,-0.036,4.144
49.08,1.629,-0.587,1.580,4.407,-0.035,4.153
49.09,1.736,-0.588,1.584,4.207,-0.034,4.155
49.10,1.434,-0.588,1.579,4.285,-0.034,4.159
49.11,1.633,-0.589,1.581,4.213,-0.034,4.160
49.12,1.585,-0.588,1.582,3.963,-0.035,4.153
49.13,1.535,-0.589,1.580,3.913,-0.033,4.148
49.14,1.379,-0.589,1.574,3.967,-0.033,4.142
49.15,1.692,-0.589,1.578,4.306,-0.033,4.147
49.16,1.711,-0.588,1.582,4.027,-0.033,4.143
49.18,1.613,-0.589,1.582,4.197,-0.034,4.144
49.18,1.574,-0.590,1.582,4.165,-0.034,4.144
49.19,1.419,-0.590,1.577,4.245,-0.034,4.147
49.20,1.518,-0.591,1.575,4.184,-0.034,4.148
49.22,2.005,-0.592,1.587,4.487,-0.034,4.158
49.23,1.191,-0.591,1.576,3.985,-0.035,4.152
49.24,1.541,-0.592,1.574,4.203,-0.035,4.154
49.25,1.403,-0.592,1.569,4.334,-0.034,4.160
49.26,1.502,-0.591,1.568,4.148,-0.034,4.159
49.27,1.403,-0.590,1.564,4.122,-0.033,4.159
49.28,1.638,-0.592,1.564,3.955,-0.033,4.153
49.29,1.630,-0.592,1.566,4.231,-0.034,4.154
49.30,1.550,-0.594,1.564,4.187,-0.033,4.156
49.31,1.459,-0.594,1.561,4.340,-0.033,4.161
49.32,1.428,-0.593,1.558,4.138,-0.034,4.160
49.33,1.538,-0.596,1.555,4.256,-0.034,4.163
49.34,1.594,-0.598,1.554,4.271,-0.034,4.165
49.35,1.719,-0.596,1.560,4.495,-0.035,4.175
49.36,1.614,-0.596,1.563,4.189,-0.034,4.176
49.37,1.706,-0.595,1.568,4.061,-0.034,4.173
49.38,1.599,-0.597,1.567,4.042,-0.034,4.169
49.39,1.462,-0.596,1.564,4.121,-0.033,4.168
49.40,1.502,-0.597,1.562,4.218,-0.034,4.169
49.41,1.707,-0.597,1.566,4.296,-0.035,4.173
49.42,1.666,-0.598,1.569,4.113,-0.034,4.171
49.43,1.673,-0.596,1.574,4.165,-0.034,4.171
49.44,1.454,-0.597,1.570,4.388,-0.035,4.177
49.45,1.797,-0.596,1.578,4.552,-0.035,4.189
49.46,1.405,-0.595,1.573,4.223,-0.034,4.191
49.47,1.432,-0.596,1.568,4.155,-0.034,4.190
49.48,1.425,-0.594,1.566,4.382,-0.035,4.195
49.49,1.516,-0.595,1.563,3.649,-0.035,4.179
49.50,1.659,-0.596,1.566,4.359,-0.035,4.184
49.51,1.618,-0.594,1.569,4.293,-0.036,4.187
49.52,1.372,-0.595,1.562,4.356,-0.035,4.193
49.53,1.345,-0.594,1.556,4.006,-0.036,4.187
49.54,1.451,-0.596,1.551,4.361,-0.036,4.193
49.55,1.261,-0.596,1.542,3.970,-0.036,4.186
49.56,1.769,-0.600,1.545,4.051,-0.037,4.181
49.57,1.433,-0.601,1.541,4.184,-0.037,4.182
49.58,1.482,-0.602,1.538,4.157,-0.038,4.180
49.59,1.421,-0.602,1.534,4.336,-0.038,4.185
49.60,1.752,-0.601,1.542,4.368,-0.038,4.191
49.61,1.810,-0.601,1.550,4.147,-0.037,4.190
49.62,1.797,-0.603,1.556,4.141,-0.037,4.190
49.63,1.445,-0.603,1.552,3.923,-0.037,4.182
49.64,1.444,-0.603,1.549,4.281,-0.037,4.185
49.65,1.228,-0.605,1.538,4.229,-0.036,4.187
49.66,1.569,-0.606,1.538,4.186,-0.036,4.187
49.67,1.539,-0.606,1.537,4.189,-0.037,4.186
49.68,1.583,-0.606,1.538,4.400,-0.037,4.193
49.69,1.576,-0.606,1.540,4.136,-0.037,4.191
49.70,1.530,-0.606,1.539,4.199,-0.037,4.192
49.71,1.804,-0.608,1.546,4.334,-0.035,4.199
49.72,1.648,-0.608,1.549,4.079,-0.036,4.194
49.73,1.749,-0.606,1.557,4.435,-0.036,4.202
49.74,1.538,-0.606,1.556,3.978,-0.037,4.194
49.75,1.589,-0.606,1.557,3.983,-0.037,4.189
49.76,1.456,-0.605,1.555,4.226,-0.037,4.190
49.77,1.538,-0.607,1.553,4.220,-0.037,4.190
49.78,1.618,-0.609,1.553,4.114,-0.038,4.188
49.79,1.305,-0.608,1.546,3.940,-0.037,4.181
49.80,1.532,-0.608,1.547,3.988,-0.038,4.174
49.81,1.417,-0.610,1.541,3.829,-0.039,4.163
49.82,1.846,-0.609,1.550,4.064,-0.041,4.158
49.83,1.688,-0.608,1.556,4.151,-0.041,4.158
49.84,1.502,-0.609,1.553,4.192,-0.041,4.159
49.85,1.528,-0.609,1.553,3.943,-0.042,4.151
49.86,1.561,-0.609,1.553,4.324,-0.044,4.155
49.87,1.730,-0.609,1.558,4.314,-0.044,4.159
49.88,1.619,-0.611,1.558,4.337,-0.042,4.166
49.89,1.491,-0.612,1.556,4.276,-0.043,4.169
49.90,1.627,-0.611,1.559,4.158,-0.043,4.168
49.91,1.714,-0.612,1.563,4.188,-0.044,4.168
49.92,1.699,-0.609,1.570,4.083,-0.044,4.165
49.93,1.371,-0.610,1.563,4.122,-0.045,4.163
49.94,1.513,-0.609,1.563,4.318,-0.045,4.168
49.95,1.383,-0.609,1.557,4.440,-0.045,4.176
49.96,1.472,-0.611,1.553,4.077,-0.044,4.174
49.97,1.718,-0.610,1.560,3.996,-0.044,4.169
49.98,1.735,-0.611,1.564,4.230,-0.044,4.171
49.99,1.511,-0.611,1.562,4.316,-0.044,4.176
50.00,1.392,-0.611,1.557,4.120,-0.045,4.173
50.01,1.812,-0.611,1.565,3.985,-0.044,4.168
50.02,1.683,-0.610,1.570,4.140,-0.045,4.167
50.03,1.365,-0.612,1.562,4.208,-0.044,4.169
50.04,1.533,-0.614,1.560,4.235,-0.043,4.172
50.05,1.636,-0.614,1.562,4.277,-0.043,4.176
50.06,1.816,-0.615,1.569,4.113,-0.043,4.174
50.07,1.513,-0.614,1.568,4.076,-0.043,4.170
50.08,1.517,-0.615,1.566,3.938,-0.043,4.164
50.09,1.363,-0.615,1.560,4.107,-0.041,4.163
50.10,1.502,-0.615,1.559,4.326,-0.040,4.169
50.11,1.498,-0.616,1.556,4.048,-0.041,4.165
50.12,1.774,-0.618,1.561,4.265,-0.039,4.170
50.13,1.494,-0.617,1.560,4.170,-0.040,4.169
50.14,1.535,-0.616,1.560,4.138,-0.040,4.168
50.15,1.537,-0.615,1.560,4.144,-0.040,4.167
50.16,1.362,-0.615,1.555,4.354,-0.040,4.173
50.17,1.637,-0.616,1.557,4.195,-0.041,4.173
50.18,1.698,-0.617,1.560,4.115,-0.042,4.170
50.19,1.531,-0.617,1.559,4.025,-0.043,4.165
50.20,1.655,-0.618,1.562,4.190,-0.042,4.167
50.21,1.609,-0.617,1.564,4.245,-0.043,4.168
50.22,1.610,-0.616,1.567,4.463,-0.042,4.178
50.23,1.256,-0.617,1.557,3.941,-0.042,4.171
50.24,1.557,-0.617,1.557,3.855,-0.043,4.160
50.25,1.639,-0.617,1.559,4.176,-0.045,4.159
50.26,1.791,-0.617,1.566,4.052,-0.046,4.154
50.27,1.783,-0.618,1.573,3.928,-0.045,4.148
50.28,1.802,-0.620,1.578,4.139,-0.045,4.148
50.29,1.513,-0.619,1.577,4.253,-0.046,4.150
50.30,1.806,-0.619,1.584,3.921,-0.045,4.143
50.31,1.629,-0.623,1.583,4.371,-0.046,4.150
50.32,1.519,-0.623,1.581,4.320,-0.047,4.154
50.33,1.748,-0.624,1.586,4.058,-0.048,4.150
50.34,1.709,-0.621,1.592,4.166,-0.048,4.150
50.35,1.579,-0.624,1.590,4.187,-0.048,4.151
50.36,1.516,-0.624,1.588,4.455,-0.045,4.163
50.37,1.711,-0.625,1.592,4.399,-0.047,4.168
50.38,1.533,-0.625,1.590,4.413,-0.046,4.177
50.39,1.704,-0.624,1.595,4.274,-0.047,4.179
50.40,1.510,-0.624,1.593,3.878,-0.048,4.169
50.41,1.571,-0.623,1.594,4.240,-0.046,4.173
50.42,1.536,-0.622,1.594,4.241,-0.047,4.175
50.43,1.796,-0.622,1.600,4.098,-0.047,4.173
50.44,1.676,-0.622,1.603,4.387,-0.048,4.178
50.45,1.430,-0.624,1.596,4.466,-0.050,4.186
50.46,1.495,-0.626,1.592,4.190,-0.049,4.187
50.47,1.589,-0.626,1.593,4.123,-0.048,4.186
50.48,1.637,-0.627,1.593,3.953,-0.047,4.180
50.49,1.401,-0.629,1.586,4.013,-0.046,4.176
50.50,1.432,-0.626,1.584,4.339,-0.046,4.181
50.51,1.597,-0.625,1.586,3.818,-0.046,4.171
50.52,1.671,-0.627,1.588,4.208,-0.045,4.173
50.53,1.444,-0.627,1.583,4.103,-0.044,4.171
50.54,1.733,-0.626,1.589,4.433,-0.043,4.180
50.55,1.602,-0.626,1.590,3.605,-0.043,4.163
50.56,1.462,-0.628,1.584,4.274,-0.044,4.166
50.57,1.663,-0.628,1.587,4.143,-0.044,4.165
50.58,1.452,-0.629,1.583,4.126,-0.043,4.164
50.60,1.513,-0.629,1.580,3.977,-0.042,4.159
50.61,1.259,-0.629,1.571,4.467,-0.044,4.167
50.61,1.674,-0.631,1.573,4.118,-0.043,4.167
50.62,1.945,-0.632,1.583,4.156,-0.043,4.166
50.63,1.500,-0.633,1.580,4.527,-0.043,4.177
50.65,1.687,-0.634,1.583,4.172,-0.044,4.176
50.65,1.674,-0.635,1.586,4.034,-0.044,4.172
50.66,1.644,-0.633,1.589,4.143,-0.045,4.170
50.67,1.641,-0.634,1.590,4.156,-0.044,4.170
50.69,1.945,-0.634,1.601,4.098,-0.046,4.167
50.69,1.665,-0.635,1.603,4.311,-0.047,4.170
50.71,1.576,-0.637,1.601,4.204,-0.047,4.171
50.72,1.662,-0.637,1.603,4.353,-0.048,4.176
50.73,1.516,-0.636,1.602,3.928,-0.050,4.167
50.74,1.457,-0.637,1.597,4.436,-0.048,4.177
50.75,1.425,-0.637,1.593,4.461,-0.047,4.186
50.76,1.387,-0.639,1.585,4.018,-0.046,4.182
50.77,1.589,-0.641,1.583,3.949,-0.046,4.176
50.78,1.237,-0.641,1.574,4.107,-0.045,4.174
50.79,1.597,-0.641,1.574,4.061,-0.043,4.173
50.80,1.514,-0.643,1.571,4.231,-0.044,4.174
50.81,1.275,-0.645,1.560,4.119,-0.045,4.171
50.82,1.667,-0.645,1.564,3.800,-0.044,4.161
50.83,1.737,-0.644,1.570,4.007,-0.044,4.156
50.84,1.617,-0.645,1.571,4.089,-0.045,4.153
50.85,1.482,-0.645,1.568,4.027,-0.045,4.149
50.86,1.647,-0.645,1.571,4.196,-0.044,4.151
50.87,1.372,-0.645,1.566,4.228,-0.044,4.153
50.88,1.306,-0.645,1.558,4.233,-0.044,4.156
50.89,1.666,-0.646,1.560,4.471,-0.044,4.165
50.90,1.693,-0.647,1.563,4.259,-0.044,4.168
50.91,1.558,-0.647,1.563,4.361,-0.045,4.173
50.92,1.561,-0.648,1.562,4.334,-0.046,4.177
50.93,1.628,-0.649,1.564,3.971,-0.047,4.170
50.94,1.453,-0.649,1.561,4.123,-0.046,4.170
50.95,1.479,-0.651,1.557,4.129,-0.046,4.168
50.96,1.507,-0.650,1.556,4.135,-0.046,4.167
50.97,1.602,-0.650,1.558,4.350,-0.046,4.173
50.98,1.696,-0.649,1.563,4.252,-0.045,4.177
50.99,1.844,-0.649,1.572,4.348,-0.044,4.183
51.00,1.651,-0.650,1.574,4.459,-0.044,4.191
51.01,1.624,-0.649,1.577,4.431,-0.044,4.200
51.02,1.728,-0.649,1.582,3.984,-0.042,4.195
51.03,1.646,-0.648,1.585,4.242,-0.044,4.195
51.04,1.506,-0.650,1.581,4.382,-0.045,4.199
51.05,1.566,-0.649,1.582,4.290,-0.045,4.203
51.06,1.725,-0.650,1.586,3.904,-0.044,4.195
51.07,1.572,-0.651,1.585,4.461,-0.043,4.204
51.08,1.716,-0.650,1.590,4.388,-0.044,4.210
51.09,1.681,-0.650,1.594,4.303,-0.044,4.212
51.10,1.676,-0.649,1.597,4.279,-0.043,4.216
51.11,1.676,-0.647,1.602,4.181,-0.043,4.215
51.12,1.708,-0.649,1.605,4.188,-0.043,4.215
51.13,1.367,-0.650,1.597,4.237,-0.042,4.217
51.14,1.568,-0.652,1.594,4.124,-0.041,4.215
51.15,1.691,-0.653,1.597,4.197,-0.040,4.216
51.16,1.658,-0.653,1.599,4.574,-0.040,4.228
51.17,1.718,-0.653,1.603,4.356,-0.039,4.233
51.18,1.596,-0.653,1.604,4.244,-0.037,4.235
51.19,1.568,-0.656,1.600,3.968,-0.037,4.228
51.20,1.642,-0.657,1.602,4.234,-0.035,4.230
51.21,1.285,-0.657,1.592,4.271,-0.034,4.234
51.22,1.647,-0.657,1.594,4.377,-0.035,4.238
51.23,1.490,-0.657,1.591,4.226,-0.035,4.237
51.24,1.707,-0.660,1.593,4.320,-0.035,4.241
51.25,1.467,-0.660,1.590,4.380,-0.036,4.245
51.26,1.884,-0.659,1.600,4.058,-0.035,4.240
51.27,1.649,-0.662,1.599,4.384,-0.035,4.245
51.28,1.454,-0.664,1.593,3.778,-0.034,4.232
51.29,1.796,-0.664,1.600,4.115,-0.036,4.228
51.30,1.666,-0.663,1.603,4.038,-0.037,4.221
51.31,1.685,-0.660,1.609,4.145,-0.037,4.218
51.32,1.936,-0.660,1.621,4.103,-0.037,4.215
51.33,1.453,-0.660,1.616,4.316,-0.036,4.220
51.34,1.718,-0.660,1.620,4.237,-0.036,4.221
51.35,1.295,-0.660,1.610,4.002,-0.033,4.217
51.36,1.431,-0.659,1.607,4.221,-0.034,4.217
51.37,1.727,-0.658,1.612,4.200,-0.033,4.218
51.38,1.620,-0.659,1.611,4.096,-0.033,4.214
51.39,1.596,-0.659,1.612,4.334,-0.034,4.217
51.40,1.652,-0.659,1.614,3.873,-0.032,4.208
51.41,1.482,-0.658,1.611,4.201,-0.033,4.207
51.42,1.703,-0.656,1.616,3.923,-0.032,4.200
51.43,1.536,-0.656,1.614,4.206,-0.031,4.201
51.44,1.460,-0.657,1.610,4.228,-0.031,4.202
51.45,1.582,-0.659,1.607,4.195,-0.033,4.200
51.46,1.532,-0.658,1.606,4.227,-0.033,4.201
51.47,1.501,-0.659,1.603,3.771,-0.033,4.187
51.48,1.587,-0.659,1.603,4.025,-0.033,4.183
51.49,1.520,-0.660,1.599,4.205,-0.033,4.183
51.50,1.574,-0.660,1.599,4.252,-0.032,4.186
51.51,1.677,-0.661,1.601,4.015,-0.031,4.181
51.52,1.558,-0.661,1.600,4.015,-0.031,4.177
51.53,1.561,-0.663,1.598,3.973,-0.032,4.169
51.54,1.760,-0.663,1.603,4.374,-0.031,4.176
51.55,1.485,-0.663,1.599,4.211,-0.030,4.177
51.56,1.750,-0.666,1.602,4.230,-0.031,4.179
51.57,1.591,-0.666,1.602,3.952,-0.031,4.172
51.58,1.561,-0.666,1.601,4.097,-0.031,4.168
51.59,1.533,-0.667,1.598,4.352,-0.032,4.173
51.60,1.598,-0.669,1.597,4.130,-0.033,4.171
51.61,1.556,-0.670,1.596,4.447,-0.033,4.179
51.62,1.677,-0.670,1.598,3.908,-0.033,4.171
51.63,1.620,-0.669,1.600,4.070,-0.033,4.167
51.64,1.820,-0.670,1.607,4.496,-0.033,4.177
51.65,1.562,-0.669,1.607,4.321,-0.031,4.183
51.66,1.556,-0.669,1.606,4.410,-0.031,4.190
51.67,1.332,-0.668,1.599,4.260,-0.031,4.192
51.68,1.415,-0.669,1.592,4.437,-0.031,4.200
51.69,1.484,-0.668,1.590,4.053,-0.031,4.195
51.70,1.399,-0.669,1.584,4.065,-0.031,4.191
51.71,1.361,-0.670,1.576,4.290,-0.032,4.193
51.72,1.691,-0.670,1.580,4.378,-0.032,4.199
51.73,1.555,-0.670,1.579,4.492,-0.033,4.207
51.74,1.455,-0.670,1.576,4.023,-0.033,4.201
51.75,1.581,-0.672,1.575,4.376,-0.034,4.206
51.76,1.771,-0.672,1.581,3.711,-0.034,4.191
51.77,1.571,-0.672,1.580,4.216,-0.033,4.192
51.78,1.372,-0.672,1.575,3.956,-0.033,4.185
51.79,1.666,-0.672,1.577,4.264,-0.034,4.187
51.80,1.465,-0.673,1.574,4.106,-0.034,4.184
51.81,1.380,-0.673,1.568,4.282,-0.033,4.188
51.82,1.112,-0.672,1.555,4.146,-0.032,4.188
51.83,1.543,-0.669,1.557,4.483,-0.031,4.198
51.84,1.520,-0.670,1.555,4.405,-0.032,4.203
51.85,1.471,-0.669,1.553,3.975,-0.032,4.196
51.86,1.482,-0.668,1.552,4.395,-0.032,4.203
51.87,1.376,-0.669,1.545,4.264,-0.032,4.204
51.88,1.525,-0.672,1.542,4.133,-0.032,4.203
51.89,1.583,-0.669,1.546,4.388,-0.031,4.209
51.90,1.698,-0.667,1.553,3.933,-0.031,4.201
51.91,1.515,-0.668,1.550,4.023,-0.032,4.195
51.92,1.283,-0.668,1.542,4.154,-0.030,4.195
51.93,1.489,-0.665,1.543,4.149,-0.030,4.194
51.94,1.555,-0.664,1.544,4.166,-0.029,4.194
51.95,1.556,-0.667,1.542,4.398,-0.029,4.200
51.96,1.348,-0.666,1.536,4.098,-0.030,4.196
51.97,1.765,-0.665,1.544,4.110,-0.031,4.193
51.98,1.428,-0.664,1.541,4.087,-0.030,4.190
51.99,1.455,-0.664,1.539,4.250,-0.030,4.192
52.00,1.781,-0.665,1.545,4.340,-0.031,4.196
52.01,1.542,-0.666,1.544,4.499,-0.032,4.204
52.02,1.646,-0.669,1.544,4.025,-0.031,4.200
52.03,1.761,-0.670,1.550,4.268,-0.030,4.203
52.04,1.536,-0.671,1.548,4.193,-0.029,4.203
52.05,1.727,-0.671,1.553,4.160,-0.030,4.201
52.06,1.856,-0.670,1.563,4.274,-0.029,4.204
52.07,1.411,-0.670,1.559,4.083,-0.031,4.199
52.09,1.779,-0.668,1.568,4.334,-0.032,4.202
52.09,1.521,-0.668,1.567,4.059,-0.032,4.198
52.10,1.450,-0.668,1.563,3.899,-0.031,4.190
52.11,1.475,-0.667,1.561,4.184,-0.033,4.187
52.12,1.704,-0.669,1.564,4.441,-0.033,4.196
52.14,1.643,-0.669,1.567,4.343,-0.033,4.200
52.15,1.841,-0.672,1.572,4.194,-0.032,4.201
52.15,1.340,-0.671,1.566,4.063,-0.031,4.197
52.17,1.612,-0.672,1.566,4.319,-0.031,4.201
52.18,1.519,-0.673,1.564,4.042,-0.030,4.197
52.19,1.530,-0.672,1.564,4.260,-0.029,4.200
52.20,1.568,-0.674,1.563,4.241,-0.029,4.201
52.21,1.256,-0.674,1.553,4.207,-0.029,4.202
52.22,1.560,-0.677,1.551,4.212,-0.029,4.202
52.23,1.475,-0.676,1.549,4.162,-0.028,4.202
52.24,1.482,-0.676,1.547,4.063,-0.027,4.199
52.25,1.644,-0.677,1.549,4.120,-0.027,4.196
52.26,1.280,-0.679,1.539,4.168,-0.029,4.194
52.27,1.297,-0.680,1.530,4.326,-0.028,4.198
52.28,1.243,-0.679,1.522,3.852,-0.027,4.189
52.29,1.499,-0.682,1.518,4.259,-0.026,4.192
52.30,1.477,-0.682,1.517,4.324,-0.025,4.196
52.31,1.743,-0.681,1.524,4.088,-0.026,4.192
52.32,1.702,-0.682,1.529,4.208,-0.027,4.192
52.33,1.676,-0.681,1.535,4.232,-0.027,4.193
52.34,1.399,-0.680,1.531,4.323,-0.025,4.199
52.35,1.608,-0.679,1.534,4.164,-0.024,4.198
52.36,1.351,-0.681,1.527,4.328,-0.023,4.204
52.37,1.676,-0.681,1.531,4.181,-0.022,4.204
52.38,1.581,-0.681,1.532,4.000,-0.023,4.197
52.39,1.349,-0.682,1.525,4.213,-0.022,4.198
52.40,1.599,-0.684,1.526,4.199,-0.021,4.199
52.41,1.451,-0.684,1.523,4.202,-0.021,4.199
52.42,1.293,-0.682,1.518,4.287,-0.022,4.201
52.43,1.871,-0.684,1.527,4.211,-0.022,4.201
52.44,1.455,-0.684,1.525,4.130,-0.024,4.197
52.45,1.567,-0.684,1.525,4.147,-0.023,4.196
52.46,1.880,-0.685,1.535,4.111,-0.023,4.194
52.47,1.623,-0.684,1.538,3.826,-0.023,4.182
52.48,1.715,-0.684,1.544,3.947,-0.023,4.175
52.49,1.724,-0.684,1.550,4.009,-0.023,4.169
52.50,1.517,-0.684,1.549,4.375,-0.024,4.175
52.51,1.624,-0.685,1.551,4.133,-0.024,4.173
52.52,1.799,-0.685,1.558,4.071,-0.023,4.170
52.53,1.592,-0.686,1.558,3.871,-0.025,4.160
52.54,1.577,-0.687,1.558,4.197,-0.023,4.162
52.55,1.324,-0.687,1.551,4.283,-0.023,4.165
52.56,1.586,-0.687,1.552,3.974,-0.023,4.159
52.57,1.378,-0.688,1.547,4.033,-0.022,4.155
52.58,1.480,-0.689,1.544,4.032,-0.022,4.151
52.59,1.792,-0.689,1.551,4.234,-0.023,4.152
52.60,1.640,-0.690,1.553,4.095,-0.025,4.149
52.61,1.859,-0.690,1.563,4.373,-0.025,4.155
52.62,1.583,-0.689,1.564,4.268,-0.027,4.156
52.63,1.225,-0.690,1.554,4.084,-0.025,4.155
52.64,1.691,-0.689,1.558,3.992,-0.025,4.150
52.65,1.870,-0.689,1.568,4.158,-0.024,4.151
52.66,1.575,-0.690,1.568,4.236,-0.024,4.153
52.67,1.737,-0.689,1.574,4.259,-0.024,4.156
52.68,1.550,-0.690,1.573,4.019,-0.023,4.152
52.69,1.739,-0.691,1.577,4.418,-0.022,4.160
52.70,1.488,-0.691,1.575,4.170,-0.022,4.161
52.71,1.527,-0.690,1.575,4.015,-0.023,4.155
52.72,1.531,-0.689,1.575,4.457,-0.024,4.163
52.73,1.652,-0.690,1.576,4.402,-0.025,4.169
52.74,1.615,-0.691,1.578,4.059,-0.025,4.165
52.75,1.716,-0.692,1.581,4.149,-0.024,4.166
52.76,1.501,-0.692,1.579,4.141,-0.023,4.166
52.77,1.370,-0.692,1.573,4.029,-0.022,4.162
52.78,1.448,-0.691,1.570,3.920,-0.021,4.155
52.79,1.435,-0.691,1.567,4.011,-0.021,4.151
52.80,1.543,-0.691,1.566,4.353,-0.020,4.157
52.81,1.329,-0.691,1.559,3.920,-0.018,4.151
52.82,1.377,-0.690,1.555,4.096,-0.019,4.149
52.83,1.702,-0.690,1.560,4.208,-0.018,4.151
52.84,1.557,-0.689,1.560,4.323,-0.017,4.156
52.85,1.276,-0.689,1.552,4.301,-0.016,4.161
52.86,1.646,-0.689,1.554,3.883,-0.016,4.153
52.87,1.141,-0.689,1.542,3.895,-0.017,4.143
52.88,1.741,-0.688,1.549,4.209,-0.018,4.145
52.89,1.385,-0.689,1.543,4.237,-0.018,4.147
52.90,1.609,-0.690,1.545,4.450,-0.018,4.155
52.91,1.461,-0.688,1.544,4.400,-0.017,4.163
52.92,1.274,-0.687,1.537,4.259,-0.018,4.165
52.93,1.500,-0.687,1.536,4.236,-0.018,4.167
52.94,1.589,-0.687,1.537,4.250,-0.017,4.170
52.95,1.577,-0.688,1.537,3.944,-0.016,4.164
52.96,1.534,-0.688,1.537,4.485,-0.015,4.174
52.97,1.710,-0.690,1.540,4.387,-0.016,4.180
52.98,1.439,-0.690,1.537,4.340,-0.016,4.185
52.99,1.356,-0.689,1.533,4.274,-0.016,4.188
53.00,1.554,-0.691,1.531,4.129,-0.016,4.186
53.01,1.788,-0.692,1.538,4.574,-0.016,4.197
53.02,1.533,-0.692,1.537,4.196,-0.017,4.196
53.03,1.410,-0.694,1.532,4.145,-0.019,4.193
53.04,1.654,-0.696,1.534,4.119,-0.018,4.192
53.05,1.536,-0.696,1.534,4.131,-0.019,4.189
53.06,1.655,-0.697,1.537,4.457,-0.020,4.196
53.07,1.509,-0.695,1.537,4.260,-0.021,4.198
53.08,1.565,-0.694,1.539,3.839,-0.019,4.188
53.09,1.615,-0.695,1.541,4.084,-0.020,4.184
53.10,1.376,-0.696,1.535,4.162,-0.020,4.184
53.11,1.664,-0.695,1.540,4.203,-0.019,4.185
53.12,1.576,-0.695,1.541,4.061,-0.020,4.181
53.13,1.721,-0.695,1.547,4.337,-0.019,4.186
53.14,1.445,-0.692,1.546,4.352,-0.020,4.191
53.15,1.616,-0.693,1.547,4.303,-0.020,4.194
53.16,1.557,-0.694,1.547,4.180,-0.019,4.194
53.17,1.631,-0.695,1.548,4.263,-0.019,4.196
53.18,1.637,-0.696,1.551,4.293,-0.018,4.201
53.19,1.673,-0.693,1.557,4.006,-0.018,4.195
53.20,1.699,-0.693,1.562,4.177,-0.019,4.194
53.21,1.658,-0.692,1.566,3.947,-0.018,4.186
53.22,1.489,-0.692,1.564,4.054,-0.017,4.183
53.23,1.466,-0.694,1.559,4.469,-0.019,4.191
53.24,1.654,-0.694,1.562,4.285,-0.020,4.192
53.25,1.268,-0.693,1.554,4.345,-0.019,4.198
53.26,1.834,-0.693,1.563,3.902,-0.018,4.190
53.27,1.512,-0.692,1.563,4.014,-0.018,4.184
53.28,1.507,-0.692,1.561,4.148,-0.017,4.184
53.29,1.841,-0.692,1.570,4.281,-0.017,4.187
53.30,1.497,-0.694,1.566,4.110,-0.016,4.186
53.31,1.725,-0.694,1.571,4.337,-0.016,4.190
53.32,1.810,-0.694,1.579,4.365,-0.017,4.195
53.33,1.355,-0.693,1.573,3.739,-0.017,4.181
53.34,1.516,-0.695,1.569,4.134,-0.018,4.179
53.35,1.702,-0.695,1.574,4.244,-0.017,4.181
53.36,1.590,-0.695,1.575,4.191,-0.017,4.181
53.37,1.443,-0.695,1.571,4.049,-0.017,4.178
53.38,1.647,-0.694,1.574,4.002,-0.019,4.170
53.39,1.349,-0.694,1.568,3.921,-0.019,4.162
53.40,1.676,-0.693,1.573,4.122,-0.019,4.161
53.41,1.695,-0.692,1.577,4.099,-0.018,4.160
53.42,1.634,-0.695,1.577,4.068,-0.017,4.158
53.43,1.528,-0.695,1.576,4.426,-0.017,4.165
53.44,1.533,-0.695,1.575,4.160,-0.017,4.165
53.45,1.764,-0.695,1.581,4.384,-0.017,4.171
53.46,1.568,-0.696,1.580,4.224,-0.018,4.172
53.47,1.541,-0.696,1.579,4.218,-0.017,4.173
53.48,1.694,-0.697,1.581,3.913,-0.016,4.167
53.50,1.544,-0.698,1.580,4.430,-0.017,4.174
53.51,1.787,-0.698,1.586,4.285,-0.017,4.177
53.52,1.521,-0.697,1.586,4.200,-0.017,4.177
53.52,1.676,-0.695,1.591,3.771,-0.017,4.164
53.53,1.524,-0.695,1.589,4.234,-0.017,4.167
53.55,1.670,-0.694,1.594,4.082,-0.017,4.164
53.56,1.620,-0.695,1.594,4.120,-0.015,4.164
53.56,1.797,-0.696,1.599,4.284,-0.014,4.169
53.58,1.475,-0.696,1.597,4.437,-0.014,4.177
53.58,1.559,-0.695,1.596,4.019,-0.014,4.172
53.60,1.464,-0.694,1.594,4.079,-0.013,4.169
53.61,1.535,-0.696,1.591,4.186,-0.012,4.171
53.62,1.485,-0.694,1.590,4.010,-0.012,4.166
53.63,1.565,-0.692,1.591,3.974,-0.011,4.161
53.64,1.666,-0.693,1.593,4.159,-0.010,4.161
53.64,1.634,-0.694,1.593,4.031,-0.010,4.157
53.66,1.632,-0.694,1.595,4.305,-0.009,4.162
53.67,1.657,-0.694,1.597,4.102,-0.008,4.161
53.68,1.524,-0.696,1.594,4.269,-0.008,4.164
53.69,1.642,-0.695,1.597,4.049,-0.009,4.159
53.70,1.526,-0.694,1.596,4.072,-0.009,4.157
53.71,1.574,-0.694,1.595,4.357,-0.008,4.163
53.72,1.560,-0.695,1.594,4.106,-0.008,4.162
53.73,1.627,-0.697,1.594,4.419,-0.008,4.169
53.74,1.456,-0.697,1.590,4.609,-0.008,4.182
53.75,1.558,-0.696,1.590,4.242,-0.009,4.183
53.76,1.435,-0.697,1.584,4.322,-0.007,4.189
53.77,1.499,-0.699,1.580,4.244,-0.007,4.190
53.78,1.596,-0.698,1.582,4.402,-0.009,4.195
53.79,1.761,-0.699,1.587,4.183,-0.009,4.195
53.80,1.578,-0.697,1.589,4.462,-0.007,4.205
53.81,1.699,-0.698,1.592,4.192,-0.009,4.203
53.82,1.389,-0.697,1.586,4.190,-0.009,4.202
53.83,1.943,-0.699,1.596,4.367,-0.010,4.207
53.84,1.754,-0.700,1.600,4.071,-0.009,4.204
53.85,1.587,-0.702,1.598,4.193,-0.008,4.204
53.86,1.298,-0.702,1.589,4.155,-0.009,4.202
53.87,1.397,-0.703,1.583,4.061,-0.009,4.198
53.88,1.597,-0.703,1.584,4.076,-0.007,4.196
53.89,1.436,-0.703,1.579,4.469,-0.007,4.204
53.90,1.306,-0.703,1.572,3.991,-0.007,4.198
53.91,1.560,-0.705,1.570,4.020,-0.007,4.193
53.92,1.524,-0.704,1.569,4.008,-0.008,4.186
53.93,1.831,-0.703,1.578,4.307,-0.009,4.189
53.94,1.611,-0.703,1.579,4.059,-0.009,4.185
53.95,1.489,-0.702,1.578,4.063,-0.010,4.180
53.96,1.552,-0.702,1.577,4.385,-0.010,4.186
53.97,1.450,-0.703,1.573,4.154,-0.009,4.186
53.98,1.733,-0.704,1.577,4.105,-0.009,4.184
53.99,1.649,-0.704,1.579,3.998,-0.008,4.179
54.00,1.655,-0.706,1.580,4.290,-0.008,4.182
54.01,1.562,-0.704,1.581,4.187,-0.007,4.183
54.02,1.618,-0.704,1.583,4.135,-0.008,4.181
54.03,1.394,-0.705,1.576,4.196,-0.008,4.182
54.04,1.296,-0.705,1.568,4.324,-0.007,4.186
54.05,1.703,-0.705,1.573,3.874,-0.007,4.176
54.06,1.664,-0.704,1.576,4.054,-0.008,4.172
54.07,1.373,-0.702,1.572,3.869,-0.009,4.161
54.08,1.582,-0.703,1.571,4.413,-0.009,4.169
54.09,1.513,-0.704,1.569,4.209,-0.009,4.170
54.10,1.808,-0.703,1.577,3.875,-0.010,4.160
54.11,1.487,-0.704,1.574,4.324,-0.010,4.164
54.12,1.402,-0.705,1.568,4.364,-0.011,4.169
54.13,1.536,-0.706,1.565,4.141,-0.013,4.166
54.14,1.586,-0.708,1.565,4.335,-0.013,4.171
54.15,1.597,-0.709,1.564,4.183,-0.013,4.172
54.16,1.617,-0.709,1.566,4.098,-0.012,4.170
54.17,1.394,-0.709,1.561,4.003,-0.012,4.165
54.18,1.640,-0.709,1.564,4.204,-0.012,4.166
54.19,1.518,-0.708,1.563,4.260,-0.012,4.168
54.20,1.489,-0.709,1.561,4.380,-0.012,4.174
54.21,1.275,-0.708,1.552,4.245,-0.013,4.176
54.22,1.532,-0.707,1.553,4.028,-0.013,4.171
54.23,1.595,-0.707,1.555,3.963,-0.013,4.164
54.24,1.746,-0.706,1.561,4.127,-0.014,4.162
54.25,1.350,-0.707,1.554,4.143,-0.015,4.161
54.26,1.698,-0.708,1.557,4.259,-0.014,4.164
54.27,1.453,-0.707,1.555,4.376,-0.014,4.171
54.28,1.561,-0.707,1.555,4.073,-0.014,4.168
54.29,1.578,-0.709,1.554,3.942,-0.013,4.161
54.30,1.518,-0.708,1.554,4.139,-0.014,4.160
54.31,1.765,-0.707,1.561,4.099,-0.015,4.157
54.32,1.381,-0.706,1.556,4.340,-0.015,4.162
54.33,1.957,-0.708,1.567,4.143,-0.014,4.162
54.34,1.403,-0.710,1.560,4.124,-0.013,4.162
54.35,1.532,-0.710,1.560,4.364,-0.013,4.168
54.36,1.670,-0.708,1.565,4.314,-0.015,4.171
54.37,1.601,-0.709,1.565,4.436,-0.014,4.179
54.38,1.487,-0.708,1.564,4.023,-0.013,4.176
54.39,1.501,-0.710,1.560,4.055,-0.015,4.170
54.40,1.317,-0.710,1.553,4.019,-0.012,4.168
54.41,1.602,-0.710,1.554,4.015,-0.013,4.162
54.42,1.562,-0.711,1.554,4.320,-0.014,4.166
54.43,1.520,-0.709,1.555,4.179,-0.015,4.165
54.44,1.413,-0.709,1.550,4.152,-0.015,4.165
54.45,1.517,-0.709,1.549,4.266,-0.016,4.167
54.46,1.469,-0.707,1.548,4.267,-0.017,4.169
54.47,1.863,-0.708,1.557,4.348,-0.018,4.173
54.48,1.813,-0.711,1.562,4.337,-0.018,4.178
54.49,1.637,-0.713,1.563,4.279,-0.017,4.182
54.50,1.318,-0.714,1.554,3.881,-0.018,4.172
54.51,1.538,-0.715,1.552,4.171,-0.018,4.172
54.52,1.483,-0.718,1.548,3.895,-0.019,4.163
54.53,1.699,-0.717,1.553,4.034,-0.020,4.158
54.54,2.006,-0.717,1.567,4.042,-0.019,4.155
54.55,1.437,-0.718,1.562,3.875,-0.019,4.146
54.56,1.502,-0.718,1.561,4.134,-0.018,4.147
54.57,1.394,-0.717,1.557,4.094,-0.017,4.145
54.58,1.448,-0.719,1.552,4.259,-0.017,4.149
54.59,1.534,-0.718,1.552,4.017,-0.017,4.145
54.60,1.419,-0.718,1.548,4.118,-0.016,4.144
54.61,1.714,-0.716,1.555,3.769,-0.015,4.133
54.62,1.605,-0.714,1.559,3.987,-0.015,4.128
54.63,1.463,-0.714,1.555,4.282,-0.015,4.133
54.64,1.813,-0.715,1.562,4.021,-0.016,4.128
54.65,1.422,-0.715,1.559,4.255,-0.017,4.131
54.66,1.463,-0.716,1.554,4.101,-0.017,4.130
54.67,1.511,-0.716,1.553,4.141,-0.016,4.130
54.68,1.476,-0.715,1.552,3.852,-0.017,4.121
54.69,1.531,-0.711,1.555,4.068,-0.017,4.118
54.70,1.773,-0.710,1.563,4.203,-0.017,4.120
54.71,1.673,-0.712,1.565,4.124,-0.018,4.119
54.72,1.616,-0.713,1.565,4.087,-0.018,4.117
54.73,1.483,-0.713,1.563,4.131,-0.017,4.118
54.74,1.722,-0.713,1.568,4.272,-0.019,4.120
54.75,1.559,-0.713,1.568,4.104,-0.020,4.119
54.76,1.548,-0.711,1.569,4.040,-0.018,4.118
54.77,1.558,-0.712,1.569,3.981,-0.018,4.113
54.78,1.436,-0.712,1.564,4.107,-0.018,4.112
54.79,1.701,-0.714,1.567,4.063,-0.018,4.110
54.80,1.734,-0.715,1.571,4.276,-0.018,4.115
54.81,1.787,-0.712,1.581,4.142,-0.018,4.115
54.82,1.643,-0.711,1.583,4.068,-0.019,4.113
54.83,1.616,-0.710,1.586,4.204,-0.019,4.115
54.84,1.510,-0.711,1.583,4.030,-0.018,4.112
54.85,1.510,-0.712,1.580,4.045,-0.018,4.110
54.86,1.596,-0.712,1.581,4.217,-0.018,4.113
54.87,1.719,-0.710,1.587,4.238,-0.019,4.116
54.88,1.613,-0.711,1.588,3.979,-0.021,4.109
54.89,1.478,-0.710,1.585,4.058,-0.020,4.108
54.90,1.609,-0.710,1.586,3.837,-0.019,4.100
54.91,1.570,-0.709,1.587,4.179,-0.020,4.101
54.92,1.543,-0.712,1.583,4.377,-0.019,4.109
54.93,1.367,-0.711,1.578,4.164,-0.020,4.110
54.94,1.311,-0.712,1.569,4.199,-0.020,4.112
54.95,1.454,-0.711,1.566,4.224,-0.020,4.115
54.96,1.685,-0.711,1.570,4.045,-0.022,4.111
54.97,1.465,-0.712,1.566,4.021,-0.022,4.108
54.98,1.490,-0.709,1.566,4.091,-0.021,4.107
54.99,1.950,-0.710,1.577,4.272,-0.023,4.110
55.00,1.658,-0.712,1.578,4.214,-0.023,4.113
55.01,1.899,-0.711,1.589,4.170,-0.024,4.114
55.02,1.559,-0.710,1.589,4.509,-0.022,4.127
55.04,1.481,-0.708,1.588,4.083,-0.023,4.124
55.05,1.752,-0.709,1.593,4.443,-0.024,4.133
55.06,1.651,-0.709,1.595,4.071,-0.024,4.131
55.07,1.406,-0.709,1.589,4.002,-0.024,4.127
55.08,1.463,-0.708,1.586,4.037,-0.024,4.125
55.09,1.581,-0.710,1.584,4.228,-0.023,4.128
55.10,1.326,-0.711,1.576,4.135,-0.023,4.128
55.11,1.642,-0.709,1.580,3.980,-0.023,4.123
55.12,1.363,-0.708,1.574,4.162,-0.024,4.123
55.13,1.593,-0.708,1.575,3.923,-0.023,4.118
55.14,1.788,-0.707,1.583,4.178,-0.022,4.120
55.15,1.711,-0.709,1.585,4.102,-0.023,4.119
55.16,1.524,-0.709,1.583,4.101,-0.023,4.118
55.17,1.569,-0.708,1.584,4.285,-0.024,4.122
55.18,1.520,-0.707,1.583,4.166,-0.023,4.124
55.19,1.552,-0.707,1.582,4.074,-0.023,4.122
55.20,1.371,-0.708,1.576,4.191,-0.023,4.124
55.21,1.601,-0.707,1.577,3.843,-0.024,4.115
55.22,1.666,-0.706,1.581,3.980,-0.024,4.110
55.23,1.596,-0.706,1.581,4.192,-0.023,4.113
55.24,1.557,-0.708,1.579,4.123,-0.021,4.115
55.25,1.700,-0.706,1.585,4.156,-0.021,4.116
55.26,1.594,-0.705,1.586,4.080,-0.022,4.114
55.27,1.748,-0.704,1.592,4.068,-0.022,4.112
55.28,1.348,-0.705,1.584,3.963,-0.022,4.107
55.29,1.492,-0.704,1.582,4.180,-0.022,4.109
55.30,1.415,-0.706,1.576,3.983,-0.023,4.103
55.31,1.588,-0.707,1.574,4.172,-0.025,4.103
55.32,1.571,-0.707,1.575,4.013,-0.026,4.099
55.33,1.888,-0.708,1.584,3.757,-0.026,4.089
55.34,1.338,-0.708,1.576,4.241,-0.024,4.094
55.35,1.844,-0.709,1.584,4.314,-0.024,4.101
55.36,1.684,-0.710,1.586,4.202,-0.024,4.104
55.37,1.455,-0.710,1.581,3.824,-0.023,4.095
55.38,1.559,-0.711,1.580,3.958,-0.023,4.091
55.39,1.508,-0.711,1.578,4.334,-0.023,4.098
55.40,1.358,-0.711,1.572,4.087,-0.024,4.096
55.41,1.766,-0.711,1.578,4.253,-0.024,4.101
55.42,1.268,-0.710,1.569,3.985,-0.025,4.096
55.43,1.286,-0.711,1.559,4.298,-0.023,4.103
55.44,1.584,-0.710,1.561,4.214,-0.023,4.107
55.45,1.549,-0.709,1.562,4.150,-0.022,4.108
55.46,1.654,-0.709,1.565,4.031,-0.021,4.107
55.47,1.538,-0.708,1.564,4.037,-0.021,4.104
55.48,1.713,-0.706,1.571,4.092,-0.022,4.103
55.49,1.250,-0.708,1.560,4.286,-0.023,4.108
55.50,1.667,-0.709,1.562,4.159,-0.024,4.108
55.51,1.536,-0.708,1.562,3.855,-0.024,4.100
55.52,1.460,-0.707,1.559,3.826,-0.023,4.092
55.53,1.464,-0.707,1.556,3.955,-0.024,4.086
55.54,1.573,-0.708,1.556,4.382,-0.024,4.095
55.55,1.641,-0.707,1.559,4.197,-0.025,4.097
55.56,1.445,-0.707,1.555,4.065,-0.024,4.096
55.57,1.633,-0.707,1.558,4.332,-0.024,4.103
55.58,1.444,-0.709,1.553,3.763,-0.025,4.091
55.59,1.723,-0.708,1.558,4.234,-0.027,4.094
55.60,1.243,-0.709,1.548,3.952,-0.027,4.089
55.61,1.425,-0.708,1.544,4.514,-0.027,4.102
55.62,1.516,-0.707,1.544,4.531,-0.027,4.115
55.63,1.374,-0.705,1.541,4.071,-0.028,4.112
55.64,1.483,-0.704,1.540,4.029,-0.027,4.110
55.65,1.590,-0.705,1.540,4.084,-0.027,4.109
55.66,1.448,-0.705,1.537,4.375,-0.028,4.117
55.67,1.539,-0.705,1.537,4.117,-0.027,4.117
55.68,1.429,-0.706,1.532,4.281,-0.030,4.120
55.69,1.579,-0.705,1.534,4.271,-0.030,4.125
55.70,1.574,-0.708,1.533,4.225,-0.030,4.127
55.71,1.338,-0.709,1.525,3.963,-0.029,4.123
55.72,1.788,-0.709,1.532,3.780,-0.029,4.113
55.73,1.952,-0.709,1.545,4.271,-0.029,4.117
55.74,1.569,-0.709,1.546,4.019,-0.029,4.114
55.75,1.564,-0.708,1.547,4.079,-0.030,4.112
55.76,1.534,-0.708,1.547,4.335,-0.030,4.119
55.77,1.707,-0.708,1.552,3.955,-0.030,4.114
55.78,1.511,-0.707,1.551,4.297,-0.031,4.119
55.79,1.591,-0.707,1.552,4.036,-0.031,4.116
55.80,1.482,-0.706,1.551,4.276,-0.031,4.120
55.81,1.403,-0.707,1.546,4.213,-0.033,4.122
55.82,1.524,-0.707,1.544,4.050,-0.033,4.120
55.83,1.594,-0.706,1.547,4.118,-0.033,4.120
55.84,1.465,-0.707,1.543,3.973,-0.032,4.116
55.85,1.663,-0.707,1.546,4.212,-0.032,4.119
55.86,1.478,-0.708,1.544,4.318,-0.031,4.126
55.87,1.809,-0.709,1.550,4.237,-0.032,4.128
55.88,1.785,-0.710,1.557,4.074,-0.031,4.128
55.89,1.503,-0.708,1.557,4.117,-0.030,4.129
55.90,1.720,-0.709,1.560,4.120,-0.030,4.128
55.91,1.554,-0.710,1.559,3.922,-0.031,4.121
55.92,1.673,-0.711,1.562,3.871,-0.031,4.113
55.93,1.450,-0.713,1.557,4.235,-0.032,4.116
55.94,1.593,-0.714,1.557,4.025,-0.033,4.112
55.95,1.404,-0.713,1.553,4.249,-0.033,4.117
55.96,1.659,-0.714,1.555,4.252,-0.033,4.121
55.97,1.561,-0.714,1.556,3.965,-0.034,4.115
55.98,1.767,-0.713,1.563,4.128,-0.033,4.116
55.99,1.629,-0.713,1.565,4.079,-0.032,4.116
56.00,1.687,-0.716,1.566,3.947,-0.030,4.112
56.01,1.645,-0.714,1.570,4.120,-0.033,4.111
56.02,1.379,-0.716,1.563,4.360,-0.032,4.119
56.03,1.125,-0.713,1.552,4.096,-0.033,4.117
56.04,1.699,-0.712,1.558,4.260,-0.033,4.121
56.05,1.664,-0.712,1.561,4.214,-0.034,4.124
56.06,1.648,-0.713,1.563,4.040,-0.033,4.121
56.07,1.582,-0.713,1.564,4.270,-0.034,4.126
56.08,1.784,-0.712,1.571,3.988,-0.033,4.122
56.09,1.436,-0.714,1.565,4.071,-0.032,4.121
56.10,1.579,-0.713,1.567,4.169,-0.033,4.122
56.11,1.726,-0.714,1.571,4.197,-0.032,4.125
56.12,1.376,-0.715,1.564,4.216,-0.031,4.129
56.13,1.672,-0.715,1.567,4.076,-0.030,4.128
56.14,1.869,-0.715,1.577,4.155,-0.031,4.129
56.15,1.650,-0.716,1.579,4.178,-0.031,4.130
56.16,1.682,-0.714,1.584,4.304,-0.030,4.136
56.17,1.605,-0.713,1.586,3.862,-0.029,4.129
56.18,1.501,-0.713,1.583,3.927,-0.030,4.122
56.19,1.805,-0.714,1.589,3.984,-0.031,4.117
56.20,1.628,-0.712,1.593,4.394,-0.030,4.126
56.21,1.836,-0.712,1.600,4.210,-0.031,4.128
56.22,1.867,-0.713,1.608,4.103,-0.029,4.129
56.23,1.742,-0.713,1.613,4.260,-0.032,4.130
56.24,1.521,-0.713,1.611,4.134,-0.033,4.130
56.25,1.617,-0.712,1.612,4.375,-0.033,4.137
56.26,1.481,-0.711,1.609,4.298,-0.032,4.143
56.27,1.649,-0.712,1.610,4.459,-0.033,4.152
56.28,1.728,-0.712,1.614,3.993,-0.034,4.146
56.29,1.642,-0.713,1.615,3.932,-0.035,4.140
56.30,1.802,-0.714,1.620,3.960,-0.035,4.134
56.31,1.534,-0.713,1.618,4.043,-0.036,4.130
56.32,1.655,-0.712,1.621,4.130,-0.035,4.131
56.33,1.476,-0.711,1.618,4.268,-0.035,4.136
56.34,1.626,-0.711,1.619,4.217,-0.036,4.138
56.35,1.682,-0.711,1.621,4.171,-0.037,4.138
56.36,1.419,-0.711,1.616,4.281,-0.036,4.144
56.37,1.779,-0.712,1.620,4.032,-0.034,4.142
56.38,1.467,-0.712,1.616,4.026,-0.033,4.140
56.39,1.602,-0.715,1.613,4.197,-0.033,4.142
56.40,1.473,-0.718,1.606,4.077,-0.034,4.139
56.41,1.727,-0.718,1.611,3.956,-0.032,4.135
56.42,1.763,-0.718,1.616,3.888,-0.032,4.128
56.43,1.719,-0.719,1.619,4.240,-0.033,4.131
56.44,1.543,-0.718,1.618,3.908,-0.032,4.125
56.46,1.415,-0.720,1.610,4.284,-0.032,4.130
56.46,1.654,-0.721,1.611,4.179,-0.031,4.132
56.47,1.639,-0.721,1.612,4.007,-0.032,4.127
56.49,1.722,-0.721,1.616,4.621,-0.033,4.142
56.49,1.662,-0.722,1.617,4.476,-0.034,4.151
56.51,1.501,-0.722,1.614,4.056,-0.033,4.149
56.51,1.575,-0.720,1.615,4.009,-0.033,4.146
56.52,1.654,-0.719,1.618,4.488,-0.033,4.156
56.53,1.325,-0.718,1.611,3.960,-0.034,4.150
56.55,1.703,-0.717,1.614,4.295,-0.034,4.154
56.56,1.855,-0.718,1.621,3.992,-0.036,4.148
56.57,1.647,-0.718,1.623,3.886,-0.035,4.140
56.58,1.480,-0.718,1.618,4.066,-0.037,4.137
56.59,1.340,-0.718,1.610,4.094,-0.036,4.136
56.60,1.569,-0.719,1.609,4.053,-0.037,4.133
56.61,1.562,-0.718,1.608,4.185,-0.037,4.135
56.62,1.595,-0.718,1.609,3.962,-0.036,4.130
56.63,1.511,-0.719,1.604,3.973,-0.036,4.126
56.64,1.654,-0.719,1.607,4.104,-0.036,4.125
56.65,1.760,-0.718,1.613,4.135,-0.036,4.125
56.66,1.462,-0.721,1.606,4.453,-0.034,4.137
56.67,1.515,-0.722,1.603,4.176,-0.034,4.139
56.68,1.411,-0.721,1.598,4.300,-0.036,4.142
56.69,1.388,-0.720,1.592,4.367,-0.035,4.150
56.70,1.850,-0.720,1.600,4.376,-0.035,4.158
56.71,1.798,-0.720,1.607,4.288,-0.034,4.162
56.72,1.723,-0.717,1.614,4.090,-0.035,4.160
56.73,1.706,-0.719,1.615,4.099,-0.036,4.157
56.74,1.603,-0.721,1.613,4.147,-0.036,4.157
56.75,1.549,-0.721,1.611,4.354,-0.038,4.162
56.76,1.825,-0.722,1.617,3.873,-0.037,4.154
56.77,1.417,-0.723,1.611,3.840,-0.036,4.145
56.78,1.516,-0.722,1.609,4.231,-0.035,4.150
56.79,1.628,-0.722,1.610,4.067,-0.035,4.147
56.80,1.884,-0.722,1.619,4.114,-0.036,4.146
56.81,1.479,-0.723,1.614,4.244,-0.034,4.150
56.82,1.658,-0.722,1.616,4.103,-0.034,4.150
56.83,1.454,-0.723,1.611,4.006,-0.033,4.146
56.84,1.660,-0.721,1.615,4.588,-0.032,4.160
56.85,1.634,-0.721,1.616,4.069,-0.032,4.158
56.86,1.592,-0.719,1.617,4.352,-0.031,4.166
56.87,1.527,-0.718,1.616,3.927,-0.030,4.159
56.88,1.716,-0.719,1.619,4.278,-0.030,4.163
56.89,1.529,-0.719,1.616,4.224,-0.031,4.164
56.90,1.596,-0.720,1.614,4.349,-0.030,4.171
56.91,1.759,-0.720,1.619,4.083,-0.030,4.169
56.92,1.744,-0.721,1.622,3.772,-0.031,4.156
56.93,1.977,-0.720,1.635,4.217,-0.031,4.158
56.94,1.556,-0.720,1.633,3.986,-0.031,4.153
56.95,1.540,-0.721,1.630,4.132,-0.030,4.154
56.96,1.724,-0.721,1.633,3.926,-0.031,4.146
56.97,1.399,-0.721,1.626,4.287,-0.031,4.150
56.98,1.536,-0.722,1.623,4.288,-0.031,4.155
56.99,1.416,-0.720,1.619,4.154,-0.028,4.157
57.00,1.674,-0.719,1.622,4.082,-0.028,4.155
57.01,1.534,-0.719,1.620,4.355,-0.028,4.161
57.02,1.781,-0.721,1.623,4.197,-0.028,4.163
57.03,1.452,-0.723,1.616,4.342,-0.027,4.169
57.04,1.449,-0.722,1.612,4.153,-0.027,4.169
57.05,1.669,-0.724,1.613,4.055,-0.028,4.165
57.06,1.341,-0.725,1.604,4.558,-0.027,4.179
57.07,1.748,-0.725,1.608,4.284,-0.025,4.184
57.08,1.489,-0.725,1.604,4.130,-0.025,4.183
57.09,1.419,-0.725,1.599,3.952,-0.023,4.178
57.10,1.438,-0.725,1.594,4.046,-0.023,4.174
57.11,1.861,-0.726,1.602,4.029,-0.026,4.168
57.12,1.390,-0.725,1.596,4.133,-0.025,4.168
57.13,1.458,-0.727,1.590,4.087,-0.025,4.165
57.14,1.563,-0.725,1.591,4.305,-0.025,4.170
57.15,1.418,-0.726,1.585,4.056,-0.024,4.168
57.16,1.590,-0.727,1.585,4.252,-0.024,4.170
57.17,1.448,-0.727,1.580,4.198,-0.023,4.173
57.18,1.506,-0.726,1.579,4.319,-0.022,4.178
57.19,1.354,-0.724,1.574,4.145,-0.021,4.178
57.20,1.745,-0.724,1.579,4.243,-0.021,4.180
57.21,1.697,-0.723,1.584,4.163,-0.021,4.181
57.22,1.627,-0.723,1.584,3.965,-0.022,4.173
57.23,1.538,-0.724,1.582,4.318,-0.023,4.176
57.24,1.489,-0.725,1.578,4.172,-0.022,4.177
57.25,1.490,-0.725,1.576,4.067,-0.023,4.173
57.26,1.555,-0.725,1.575,3.914,-0.024,4.165
57.27,1.379,-0.726,1.568,4.388,-0.025,4.171
57.28,1.652,-0.726,1.570,4.415,-0.024,4.179
57.29,1.855,-0.728,1.577,4.339,-0.025,4.183
57.30,1.739,-0.726,1.584,4.146,-0.026,4.182
57.31,1.514,-0.724,1.583,4.115,-0.027,4.179
57.32,1.357,-0.726,1.575,3.925,-0.026,4.173
57.33,1.678,-0.728,1.576,4.226,-0.027,4.174
57.34,1.670,-0.728,1.579,4.334,-0.026,4.180
57.35,1.500,-0.726,1.579,4.103,-0.025,4.179
57.36,1.625,-0.725,1.581,4.204,-0.025,4.180
57.37,1.696,-0.723,1.586,4.278,-0.024,4.184
57.38,1.586,-0.723,1.586,4.326,-0.025,4.188
57.39,1.330,-0.723,1.578,4.387,-0.026,4.193
57.40,1.673,-0.722,1.582,4.199,-0.024,4.195
57.41,1.561,-0.723,1.581,4.048,-0.023,4.192
57.42,1.840,-0.723,1.588,4.220,-0.024,4.192
57.43,1.385,-0.721,1.584,4.310,-0.024,4.197
57.44,1.484,-0.721,1.581,4.344,-0.024,4.202
57.45,1.578,-0.719,1.582,4.077,-0.024,4.198
57.46,1.595,-0.718,1.584,4.081,-0.024,4.195
57.47,1.651,-0.718,1.586,4.375,-0.022,4.202
57.48,1.730,-0.718,1.590,4.183,-0.022,4.202
57.49,1.482,-0.719,1.586,4.277,-0.023,4.204
57.50,1.712,-0.720,1.589,4.199,-0.023,4.205
57.51,1.494,-0.720,1.586,4.161,-0.022,4.205
57.52,1.511,-0.719,1.585,4.238,-0.022,4.206
57.53,1.283,-0.718,1.576,4.015,-0.022,4.201
57.54,1.731,-0.717,1.582,4.233,-0.023,4.201
57.55,1.637,-0.717,1.583,4.160,-0.023,4.200
57.56,1.691,-0.717,1.586,3.956,-0.023,4.193
57.57,1.529,-0.718,1.584,4.272,-0.024,4.195
57.58,1.696,-0.719,1.586,4.208,-0.024,4.195
57.59,1.656,-0.720,1.587,4.302,-0.025,4.199
57.60,1.512,-0.720,1.585,3.831,-0.024,4.188
57.61,1.463,-0.721,1.581,4.279,-0.023,4.192
57.62,1.479,-0.719,1.579,4.147,-0.024,4.190
57.63,1.672,-0.720,1.581,4.054,-0.023,4.187
57.64,1.465,-0.721,1.577,4.214,-0.023,4.189
57.65,1.648,-0.720,1.579,4.224,-0.022,4.190
57.66,1.407,-0.721,1.573,4.287,-0.023,4.193
57.67,1.607,-0.721,1.574,4.433,-0.024,4.200
57.68,1.587,-0.721,1.574,4.184,-0.024,4.200
57.69,1.179,-0.721,1.562,4.231,-0.024,4.200
57.70,1.681,-0.722,1.565,4.146,-0.025,4.198
57.71,1.455,-0.722,1.561,4.523,-0.025,4.209
57.72,1.362,-0.724,1.553,4.278,-0.026,4.210
57.73,1.332,-0.722,1.548,4.221,-0.027,4.210
57.74,1.564,-0.723,1.547,4.297,-0.026,4.214
57.75,1.530,-0.723,1.546,4.395,-0.027,4.219
57.76,1.895,-0.724,1.555,4.048,-0.027,4.215
57.77,1.776,-0.722,1.563,4.208,-0.028,4.214
57.78,1.563,-0.721,1.564,4.030,-0.027,4.209
57.79,1.683,-0.721,1.568,4.246,-0.028,4.211
57.80,1.654,-0.721,1.570,3.960,-0.029,4.202
57.81,1.475,-0.721,1.567,4.362,-0.029,4.207
57.82,1.669,-0.721,1.571,4.106,-0.029,4.205
57.83,1.758,-0.723,1.574,4.152,-0.029,4.203
57.84,1.805,-0.725,1.580,3.928,-0.029,4.195
57.85,1.422,-0.725,1.574,4.057,-0.028,4.192
57.86,1.571,-0.725,1.574,4.443,-0.029,4.200
57.87,1.614,-0.726,1.574,4.165,-0.029,4.198
57.88,1.584,-0.725,1.575,4.092,-0.031,4.194
57.89,1.723,-0.725,1.580,4.308,-0.031,4.197
57.90,1.609,-0.726,1.580,4.103,-0.031,4.195
57.91,1.671,-0.728,1.581,3.953,-0.031,4.188
57.92,1.443,-0.729,1.576,4.123,-0.030,4.187
57.93,1.731,-0.728,1.581,4.101,-0.030,4.184
57.95,1.479,-0.729,1.577,4.352,-0.030,4.190
57.96,1.802,-0.732,1.582,4.178,-0.030,4.190
57.97,1.408,-0.732,1.576,4.241,-0.029,4.192
57.97,1.444,-0.731,1.573,4.402,-0.030,4.198
57.98,1.597,-0.732,1.573,4.353,-0.030,4.203
58.00,1.599,-0.732,1.574,3.997,-0.029,4.198
58.01,1.548,-0.731,1.574,4.256,-0.030,4.199
58.01,1.666,-0.730,1.578,4.169,-0.030,4.198
58.03,1.450,-0.731,1.573,4.263,-0.029,4.201
58.03,1.639,-0.733,1.573,4.409,-0.030,4.208
58.05,1.544,-0.736,1.569,4.187,-0.030,4.208
58.05,1.647,-0.736,1.572,3.845,-0.031,4.196
58.07,1.586,-0.734,1.574,4.399,-0.032,4.201
58.08,1.743,-0.733,1.580,4.246,-0.032,4.203
58.09,1.523,-0.733,1.579,4.196,-0.033,4.202
58.10,1.599,-0.733,1.579,4.189,-0.034,4.200
58.11,1.542,-0.734,1.577,4.339,-0.036,4.203
58.12,1.608,-0.735,1.577,4.090,-0.036,4.200
58.13,1.780,-0.736,1.583,4.388,-0.036,4.206
58.14,1.573,-0.736,1.582,4.280,-0.036,4.209
58.15,1.644,-0.737,1.583,4.297,-0.036,4.212
58.16,1.568,-0.738,1.582,4.292,-0.036,4.215
58.17,1.349,-0.737,1.577,4.251,-0.037,4.215
58.18,1.277,-0.737,1.567,4.427,-0.038,4.222
58.19,1.608,-0.736,1.570,4.451,-0.039,4.229
58.20,1.565,-0.735,1.570,4.133,-0.039,4.226
58.21,1.601,-0.734,1.572,4.012,-0.040,4.219
58.22,1.529,-0.737,1.568,3.764,-0.039,4.207
58.23,1.549,-0.737,1.568,4.260,-0.039,4.209
58.24,1.789,-0.738,1.573,4.167,-0.038,4.208
58.25,1.340,-0.738,1.566,4.133,-0.038,4.206
58.26,1.595,-0.739,1.566,3.998,-0.038,4.201
58.27,1.811,-0.740,1.572,4.074,-0.037,4.198
58.28,1.580,-0.743,1.570,4.260,-0.036,4.201
58.29,1.470,-0.742,1.568,4.081,-0.036,4.198
58.30,1.338,-0.744,1.559,4.012,-0.036,4.192
58.31,1.177,-0.742,1.549,3.999,-0.035,4.187
58.32,1.617,-0.741,1.552,4.230,-0.036,4.188
58.33,1.658,-0.741,1.555,4.130,-0.036,4.186
58.34,1.646,-0.743,1.556,4.291,-0.036,4.189
58.35,1.478,-0.744,1.553,4.336,-0.038,4.192
58.36,1.359,-0.743,1.547,4.210,-0.038,4.193
58.37,1.461,-0.745,1.543,4.192,-0.038,4.193
58.38,1.655,-0.744,1.547,3.999,-0.037,4.188
58.39,1.509,-0.744,1.545,4.202,-0.037,4.188
58.40,1.390,-0.743,1.541,4.180,-0.037,4.189
58.41,1.562,-0.744,1.541,4.009,-0.036,4.184
58.42,1.525,-0.743,1.541,4.103,-0.036,4.181
58.43,1.351,-0.743,1.536,4.048,-0.035,4.178
58.44,1.619,-0.744,1.537,4.489,-0.036,4.188
58.45,1.642,-0.745,1.539,4.115,-0.034,4.187
58.46,1.705,-0.745,1.544,4.217,-0.034,4.188
58.47,1.661,-0.744,1.548,4.255,-0.034,4.190
58.48,1.575,-0.744,1.549,3.962,-0.036,4.182
58.49,1.463,-0.744,1.546,4.172,-0.036,4.181
58.50,1.760,-0.745,1.552,4.121,-0.037,4.179
58.51,1.704,-0.747,1.554,4.057,-0.036,4.176
58.52,1.517,-0.746,1.554,4.197,-0.037,4.175
58.53,1.369,-0.744,1.550,4.096,-0.039,4.171
58.54,1.460,-0.742,1.550,4.027,-0.039,4.167
58.55,1.601,-0.742,1.551,4.003,-0.038,4.162
58.56,1.379,-0.742,1.546,4.226,-0.040,4.162
58.57,1.489,-0.742,1.544,3.895,-0.040,4.154
58.58,1.703,-0.742,1.549,4.128,-0.042,4.151
58.59,1.540,-0.741,1.549,4.201,-0.042,4.152
58.60,1.608,-0.740,1.552,4.283,-0.042,4.157
58.61,1.750,-0.739,1.559,4.179,-0.042,4.157
58.62,1.562,-0.739,1.559,4.402,-0.041,4.166
58.63,1.605,-0.739,1.560,4.167,-0.040,4.166
58.64,1.663,-0.740,1.562,4.207,-0.039,4.168
58.65,1.730,-0.742,1.566,4.085,-0.039,4.166
58.66,1.527,-0.738,1.568,4.228,-0.040,4.166
58.67,1.456,-0.740,1.563,4.435,-0.039,4.175
58.68,1.660,-0.741,1.565,4.312,-0.038,4.181
58.69,1.663,-0.742,1.567,4.334,-0.037,4.187
58.70,1.781,-0.742,1.574,4.303,-0.038,4.190
58.71,1.686,-0.742,1.577,4.291,-0.038,4.193
58.72,1.542,-0.741,1.577,3.858,-0.037,4.184
58.73,1.393,-0.741,1.572,4.241,-0.035,4.187
58.74,1.684,-0.741,1.575,4.217,-0.035,4.188
58.75,1.639,-0.742,1.577,4.478,-0.036,4.196
58.76,1.599,-0.743,1.577,4.309,-0.037,4.199
58.77,1.540,-0.743,1.576,4.301,-0.034,4.205
58.78,1.529,-0.742,1.575,4.140,-0.034,4.203
58.79,1.598,-0.743,1.575,4.128,-0.034,4.201
58.80,1.571,-0.741,1.577,4.191,-0.033,4.203
58.81,1.781,-0.743,1.582,4.055,-0.032,4.199
58.82,1.746,-0.743,1.587,4.121,-0.030,4.199
58.83,1.429,-0.743,1.582,4.387,-0.029,4.205
58.84,1.754,-0.743,1.588,4.290,-0.030,4.207
58.85,1.629,-0.744,1.588,3.850,-0.031,4.196
58.86,1.614,-0.743,1.590,4.284,-0.030,4.199
58.87,1.519,-0.743,1.588,4.188,-0.032,4.198
58.88,1.587,-0.742,1.590,4.061,-0.032,4.193
58.89,1.709,-0.741,1.594,4.301,-0.031,4.197
58.90,1.419,-0.742,1.589,4.249,-0.032,4.198
58.91,1.445,-0.741,1.585,4.195,-0.032,4.198
58.92,1.825,-0.742,1.592,4.232,-0.031,4.200
58.93,1.770,-0.741,1.598,4.229,-0.032,4.201
58.94,1.521,-0.741,1.597,4.084,-0.032,4.197
58.95,1.631,-0.739,1.600,4.254,-0.031,4.200
58.96,1.472,-0.740,1.595,4.309,-0.030,4.204
58.97,1.945,-0.742,1.605,4.147,-0.031,4.202
58.98,1.472,-0.742,1.601,4.305,-0.031,4.205
58.99,1.425,-0.743,1.595,3.944,-0.032,4.196
59.00,1.647,-0.743,1.596,4.197,-0.032,4.196
59.01,1.320,-0.744,1.588,4.137,-0.032,4.195
59.02,1.571,-0.744,1.587,3.880,-0.033,4.184
59.03,1.597,-0.746,1.585,4.185,-0.031,4.186
59.04,1.525,-0.747,1.583,4.287,-0.032,4.189
59.05,1.543,-0.746,1.583,4.116,-0.032,4.186
59.06,1.924,-0.747,1.593,4.578,-0.031,4.199
59.07,1.625,-0.748,1.593,3.852,-0.032,4.188
59.08,1.565,-0.749,1.591,3.924,-0.032,4.180
59.09,1.874,-0.750,1.599,4.100,-0.032,4.177
59.10,1.592,-0.751,1.598,4.266,-0.032,4.180
59.11,1.585,-0.750,1.599,4.188,-0.033,4.179
59.12,1.557,-0.751,1.597,4.204,-0.031,4.181
59.13,1.501,-0.752,1.594,4.141,-0.032,4.180
59.14,1.279,-0.753,1.584,4.059,-0.032,4.176
59.15,1.597,-0.752,1.585,4.195,-0.032,4.176
59.16,1.713,-0.752,1.589,4.258,-0.032,4.179
59.17,1.465,-0.752,1.586,3.731,-0.032,4.165
59.18,1.546,-0.752,1.585,4.059,-0.032,4.161
59.19,1.510,-0.753,1.582,4.145,-0.031,4.162
59.20,1.339,-0.754,1.574,4.161,-0.031,4.161
59.21,1.554,-0.754,1.573,4.165,-0.031,4.161
59.22,1.590,-0.753,1.575,4.311,-0.030,4.166
59.23,1.584,-0.753,1.576,4.285,-0.029,4.171
59.24,1.353,-0.754,1.567,4.224,-0.029,4.172
59.25,1.572,-0.755,1.567,4.076,-0.030,4.168
59.26,1.645,-0.755,1.570,3.831,-0.031,4.157
59.27,1.846,-0.756,1.577,4.032,-0.031,4.152
59.28,1.591,-0.755,1.579,4.278,-0.031,4.156
59.29,1.377,-0.755,1.573,4.141,-0.032,4.155
59.30,1.705,-0.755,1.577,4.577,-0.031,4.169
59.31,1.326,-0.755,1.569,4.205,-0.031,4.169
59.32,1.376,-0.756,1.562,4.071,-0.031,4.166
59.33,1.621,-0.758,1.562,4.109,-0.030,4.165
59.34,1.471,-0.760,1.558,4.276,-0.031,4.167
59.36,1.625,-0.760,1.560,4.346,-0.031,4.173
59.36,1.511,-0.762,1.556,4.333,-0.031,4.178
59.38,1.338,-0.763,1.549,4.220,-0.031,4.179
59.38,1.532,-0.762,1.549,4.398,-0.032,4.184
59.39,1.444,-0.762,1.546,4.230,-0.033,4.185
59.40,1.486,-0.761,1.544,4.193,-0.034,4.185
59.41,1.735,-0.761,1.551,4.205,-0.033,4.186
59.42,1.434,-0.761,1.547,3.994,-0.032,4.181
59.43,1.656,-0.760,1.551,4.409,-0.031,4.189
59.44,1.636,-0.762,1.552,4.228,-0.030,4.192
59.45,1.699,-0.763,1.555,4.142,-0.030,4.190
59.46,1.510,-0.763,1.553,4.463,-0.029,4.199
59.47,1.568,-0.764,1.553,4.149,-0.028,4.199
59.49,1.568,-0.763,1.555,4.391,-0.027,4.206
59.50,1.675,-0.763,1.558,4.278,-0.027,4.208
59.51,1.685,-0.765,1.561,4.436,-0.027,4.215
59.52,1.914,-0.765,1.571,4.644,-0.028,4.228
59.53,1.510,-0.766,1.569,4.056,-0.026,4.225
59.54,1.448,-0.768,1.564,4.307,-0.027,4.227
59.55,1.709,-0.769,1.567,4.479,-0.026,4.236
59.56,1.426,-0.769,1.563,4.354,-0.027,4.239
59.57,1.567,-0.768,1.564,4.147,-0.026,4.237
59.58,1.538,-0.768,1.564,4.340,-0.026,4.242
59.59,1.172,-0.769,1.551,4.231,-0.025,4.242
59.60,1.797,-0.769,1.559,3.871,-0.025,4.232
59.61,1.389,-0.770,1.552,4.249,-0.024,4.233
59.62,1.289,-0.770,1.545,4.139,-0.024,4.231
59.63,1.563,-0.767,1.548,4.187,-0.025,4.229
59.64,1.734,-0.766,1.554,4.454,-0.025,4.236
59.65,1.709,-0.765,1.560,4.262,-0.025,4.238
59.66,1.644,-0.766,1.562,4.103,-0.024,4.234
59.67,1.347,-0.767,1.555,4.147,-0.025,4.232
59.68,1.687,-0.767,1.558,4.268,-0.025,4.233
59.69,1.679,-0.765,1.564,4.322,-0.025,4.236
59.70,1.711,-0.765,1.569,4.423,-0.026,4.242
59.71,1.534,-0.764,1.568,4.077,-0.025,4.238
59.72,1.390,-0.765,1.562,4.015,-0.024,4.232
59.73,1.590,-0.766,1.563,4.178,-0.023,4.232
59.74,1.431,-0.767,1.558,4.168,-0.025,4.228
59.75,1.501,-0.767,1.556,3.997,-0.024,4.222
59.76,1.377,-0.766,1.551,4.209,-0.024,4.222
59.77,1.701,-0.767,1.555,4.039,-0.023,4.217
59.78,1.578,-0.765,1.558,4.234,-0.025,4.217
59.79,1.593,-0.766,1.558,4.454,-0.025,4.224
59.80,1.647,-0.767,1.560,4.102,-0.026,4.220
59.81,1.639,-0.768,1.561,3.949,-0.027,4.210
59.82,1.579,-0.769,1.561,4.237,-0.027,4.211
59.83,1.530,-0.770,1.559,3.935,-0.027,4.203
59.84,1.590,-0.770,1.560,3.926,-0.027,4.195
59.85,1.730,-0.769,1.567,4.001,-0.029,4.187
59.86,1.349,-0.769,1.560,4.001,-0.030,4.180
59.87,1.577,-0.768,1.561,4.207,-0.030,4.180
59.88,1.639,-0.767,1.565,4.130,-0.031,4.178
59.89,1.745,-0.768,1.570,4.385,-0.032,4.183
59.90,1.612,-0.768,1.571,3.979,-0.032,4.177
59.91,1.586,-0.769,1.571,4.181,-0.031,4.178
59.92,1.436,-0.772,1.564,4.266,-0.032,4.179
59.93,1.535,-0.773,1.562,4.239,-0.030,4.183
59.94,1.790,-0.774,1.569,4.219,-0.030,4.184
59.95,1.325,-0.775,1.561,3.970,-0.029,4.178
59.96,1.555,-0.775,1.560,4.570,-0.028,4.191
59.97,1.685,-0.776,1.564,3.918,-0.027,4.184
59.98,1.556,-0.773,1.566,4.226,-0.028,4.184
59.99,1.409,-0.772,1.562,4.283,-0.027,4.188
60.00,1.524,-0.771,1.562,4.031,-0.026,4.184
60.01,1.591,-0.772,1.563,4.235,-0.027,4.184
60.02,1.727,-0.770,1.570,4.293,-0.027,4.187
60.03,1.470,-0.769,1.567,4.300,-0.028,4.190
60.04,1.464,-0.771,1.562,4.229,-0.028,4.191
60.05,1.394,-0.771,1.557,3.966,-0.027,4.185
60.06,1.468,-0.771,1.555,4.286,-0.027,4.188
60.07,1.540,-0.770,1.556,4.059,-0.027,4.184
60.08,1.721,-0.771,1.560,4.136,-0.028,4.182
60.09,1.771,-0.771,1.566,4.222,-0.028,4.183
60.10,1.482,-0.771,1.564,4.205,-0.027,4.184
60.11,1.655,-0.772,1.566,4.265,-0.027,4.186
60.12,1.516,-0.773,1.563,4.472,-0.027,4.195
60.13,1.392,-0.773,1.558,4.360,-0.026,4.201
60.14,1.681,-0.775,1.560,3.894,-0.027,4.191
60.15,1.512,-0.774,1.560,3.915,-0.028,4.182
60.16,1.975,-0.774,1.572,4.177,-0.028,4.180
60.17,1.586,-0.774,1.573,4.291,-0.029,4.183
60.18,1.558,-0.775,1.572,3.923,-0.028,4.176
60.19,1.784,-0.775,1.579,4.204,-0.030,4.175
60.20,1.458,-0.774,1.576,4.417,-0.030,4.182
60.21,1.664,-0.775,1.578,4.312,-0.029,4.187
60.22,1.637,-0.775,1.580,4.245,-0.030,4.188
60.23,1.391,-0.775,1.574,4.151,-0.031,4.185
60.24,1.779,-0.775,1.581,4.384,-0.031,4.192
60.25,1.653,-0.774,1.584,4.137,-0.031,4.190
60.26,1.480,-0.774,1.582,4.283,-0.031,4.193
60.27,1.518,-0.775,1.580,4.108,-0.032,4.190
60.28,1.214,-0.775,1.569,4.181,-0.034,4.187
60.29,1.651,-0.774,1.572,4.375,-0.034,4.193
60.30,1.754,-0.775,1.577,4.122,-0.034,4.191
60.31,1.512,-0.776,1.574,4.408,-0.034,4.198
60.32,1.733,-0.774,1.581,4.105,-0.036,4.193
60.33,1.598,-0.773,1.583,4.163,-0.036,4.192
60.34,1.504,-0.773,1.581,4.340,-0.037,4.195
60.35,1.407,-0.774,1.575,4.228,-0.037,4.196
60.36,1.568,-0.771,1.577,4.174,-0.038,4.196
60.37,1.394,-0.770,1.573,4.210,-0.038,4.196
60.38,1.796,-0.770,1.580,4.459,-0.036,4.206
60.39,1.776,-0.773,1.584,4.233,-0.035,4.207
60.40,1.685,-0.774,1.586,4.145,-0.036,4.205
60.41,1.502,-0.773,1.584,4.290,-0.036,4.208
60.42,1.595,-0.773,1.585,4.433,-0.037,4.214
60.43,1.520,-0.774,1.582,4.295,-0.036,4.217
60.44,1.659,-0.773,1.586,4.106,-0.036,4.214
60.45,1.636,-0.772,1.589,4.227,-0.036,4.215
60.46,1.634,-0.771,1.591,4.334,-0.037,4.218
60.47,1.600,-0.770,1.593,4.000,-0.038,4.211
60.48,1.782,-0.772,1.598,4.199,-0.037,4.212
60.49,1.744,-0.774,1.600,4.491,-0.037,4.221
60.50,1.730,-0.773,1.606,4.276,-0.038,4.222
60.51,1.557,-0.772,1.605,4.087,-0.040,4.216
60.52,1.616,-0.773,1.605,3.976,-0.041,4.208
60.53,1.241,-0.773,1.595,4.146,-0.041,4.206
60.54,1.839,-0.774,1.601,4.217,-0.041,4.207
60.55,1.578,-0.774,1.601,4.184,-0.039,4.208
60.56,1.676,-0.774,1.604,4.522,-0.039,4.218
60.57,1.787,-0.771,1.612,4.127,-0.040,4.215
60.58,1.593,-0.770,1.613,3.749,-0.041,4.200
60.59,1.605,-0.770,1.613,4.212,-0.041,4.200
60.60,1.507,-0.768,1.613,4.364,-0.040,4.206
60.61,1.684,-0.768,1.615,4.227,-0.041,4.206
60.62,1.653,-0.767,1.618,4.377,-0.041,4.211
60.63,1.486,-0.768,1.613,4.312,-0.041,4.215
60.64,1.566,-0.769,1.612,4.387,-0.042,4.219
60.65,1.436,-0.769,1.606,4.205,-0.042,4.219
60.66,1.731,-0.771,1.609,4.137,-0.042,4.217
60.67,1.622,-0.771,1.610,4.185,-0.042,4.216
60.68,1.571,-0.771,1.609,4.013,-0.042,4.210
60.69,1.842,-0.771,1.617,4.433,-0.043,4.217
60.70,1.639,-0.771,1.617,4.298,-0.043,4.219
60.71,1.515,-0.771,1.615,4.194,-0.043,4.219
60.72,1.562,-0.772,1.612,4.158,-0.042,4.218
60.73,1.323,-0.773,1.604,4.170,-0.042,4.217
60.74,1.639,-0.772,1.606,4.176,-0.042,4.216
60.75,1.598,-0.771,1.607,4.365,-0.041,4.222
60.76,1.553,-0.771,1.605,4.329,-0.042,4.225
60.77,1.628,-0.771,1.606,4.471,-0.043,4.231
60.78,1.588,-0.771,1.606,4.429,-0.043,4.238
60.79,1.746,-0.773,1.609,4.244,-0.042,4.239
60.80,1.455,-0.772,1.605,4.313,-0.041,4.244
60.81,1.593,-0.773,1.605,4.353,-0.039,4.250
60.82,1.533,-0.772,1.603,4.183,-0.037,4.249
60.83,1.672,-0.774,1.604,4.185,-0.036,4.249
60.84,1.458,-0.772,1.602,4.258,-0.036,4.249
60.85,1.797,-0.773,1.607,4.210,-0.037,4.248
60.86,1.327,-0.772,1.599,4.208,-0.036,4.248
60.87,1.371,-0.774,1.591,4.151,-0.036,4.246
60.88,1.514,-0.773,1.590,4.129,-0.036,4.243
60.89,1.336,-0.772,1.583,4.092,-0.035,4.239
60.90,1.375,-0.773,1.576,4.371,-0.037,4.242
60.92,1.788,-0.774,1.582,4.047,-0.037,4.236
60.92,1.463,-0.774,1.578,4.316,-0.038,4.238
60.93,1.657,-0.774,1.581,4.196,-0.037,4.238
60.94,1.646,-0.773,1.584,4.229,-0.037,4.238
60.95,1.425,-0.773,1.579,4.076,-0.037,4.234
60.96,1.587,-0.772,1.580,4.328,-0.036,4.238
60.97,1.565,-0.770,1.581,4.312,-0.036,4.240
60.98,1.771,-0.771,1.587,4.124,-0.036,4.237
61.00,1.499,-0.772,1.583,3.959,-0.036,4.229
61.01,1.603,-0.774,1.581,4.224,-0.037,4.228
61.02,1.545,-0.774,1.580,4.200,-0.036,4.228
61.03,1.742,-0.775,1.585,3.909,-0.036,4.219
61.04,1.323,-0.775,1.577,4.314,-0.036,4.221
61.05,1.821,-0.774,1.586,4.075,-0.035,4.218
61.06,1.559,-0.775,1.584,4.051,-0.034,4.214
61.07,1.639,-0.775,1.585,4.140,-0.033,4.213
61.08,1.529,-0.777,1.581,4.081,-0.031,4.211
61.09,1.697,-0.779,1.584,4.090,-0.031,4.207
61.10,1.413,-0.780,1.577,4.365,-0.030,4.213
61.11,1.475,-0.780,1.575,4.118,-0.030,4.210
61.12,1.388,-0.779,1.569,4.085,-0.030,4.206
61.13,1.721,-0.780,1.573,3.872,-0.031,4.195
61.14,1.652,-0.780,1.575,4.316,-0.032,4.198
61.15,1.789,-0.781,1.582,4.166,-0.031,4.198
61.16,1.606,-0.781,1.582,4.213,-0.031,4.198
61.17,1.668,-0.782,1.584,4.457,-0.031,4.206
61.18,1.287,-0.782,1.575,4.168,-0.030,4.205
61.19,1.699,-0.782,1.579,4.192,-0.030,4.205
61.20,1.150,-0.780,1.568,4.206,-0.030,4.205
61.21,1.772,-0.779,1.575,4.077,-0.030,4.201
61.22,1.811,-0.778,1.583,3.643,-0.029,4.185
61.23,1.682,-0.779,1.586,3.918,-0.029,4.176
61.24,1.712,-0.778,1.591,4.210,-0.028,4.177
61.25,1.758,-0.776,1.598,4.008,-0.028,4.172
61.26,1.481,-0.777,1.594,3.975,-0.028,4.166
61.27,1.499,-0.777,1.590,4.166,-0.027,4.166
61.28,1.496,-0.776,1.589,4.201,-0.027,4.167
61.29,1.637,-0.777,1.590,4.170,-0.029,4.165
61.30,1.585,-0.778,1.589,3.839,-0.028,4.155
61.31,1.620,-0.780,1.588,4.046,-0.028,4.151
61.32,1.466,-0.781,1.583,4.153,-0.028,4.151
61.33,1.886,-0.782,1.591,4.365,-0.030,4.155
61.34,1.496,-0.783,1.588,4.326,-0.029,4.160
61.35,1.577,-0.783,1.588,3.964,-0.029,4.154
61.36,1.547,-0.782,1.587,4.159,-0.028,4.155
61.37,1.509,-0.782,1.585,3.874,-0.027,4.146
61.38,1.340,-0.780,1.580,4.172,-0.026,4.148
61.39,1.588,-0.781,1.580,4.161,-0.026,4.147
61.40,1.768,-0.781,1.586,4.382,-0.027,4.153
61.41,1.448,-0.780,1.583,4.305,-0.028,4.156
61.42,1.683,-0.782,1.584,3.848,-0.028,4.147
61.43,1.736,-0.783,1.587,4.157,-0.027,4.147
61.44,1.856,-0.783,1.596,4.128,-0.025,4.148
61.45,1.779,-0.781,1.603,4.433,-0.025,4.156
61.46,1.580,-0.781,1.603,4.157,-0.025,4.155
61.47,1.639,-0.780,1.605,4.260,-0.024,4.159
61.48,1.724,-0.779,1.610,4.336,-0.024,4.164
61.49,1.401,-0.778,1.605,4.123,-0.022,4.164
61.50,1.587,-0.776,1.607,4.253,-0.022,4.167
61.51,1.472,-0.776,1.603,4.278,-0.022,4.170
61.52,1.387,-0.776,1.597,4.025,-0.022,4.165
61.53,1.571,-0.776,1.596,4.169,-0.023,4.164
61.54,1.623,-0.775,1.598,4.321,-0.023,4.168
61.55,1.596,-0.776,1.597,4.097,-0.023,4.165
61.56,1.424,-0.775,1.592,4.201,-0.022,4.167
61.57,1.552,-0.777,1.590,4.446,-0.021,4.176
61.58,1.788,-0.777,1.596,4.238,-0.022,4.178
61.59,1.726,-0.775,1.602,4.013,-0.022,4.171
61.60,1.528,-0.776,1.599,3.967,-0.023,4.165
61.61,1.605,-0.776,1.600,4.038,-0.022,4.161
61.62,1.385,-0.776,1.593,4.118,-0.022,4.159
61.63,1.603,-0.775,1.594,4.370,-0.022,4.165
61.64,1.437,-0.776,1.589,4.226,-0.022,4.167
61.65,1.399,-0.776,1.583,4.369,-0.021,4.173
61.66,1.111,-0.775,1.569,3.998,-0.021,4.168
61.67,1.720,-0.775,1.574,4.133,-0.021,4.167
61.68,1.678,-0.775,1.577,4.320,-0.021,4.171
61.69,1.511,-0.776,1.575,4.382,-0.020,4.178
61.70,1.596,-0.773,1.577,4.193,-0.021,4.178
61.71,1.456,-0.774,1.572,4.132,-0.021,4.176
61.72,1.420,-0.774,1.568,4.247,-0.021,4.177
61.73,1.449,-0.774,1.564,4.157,-0.022,4.176
61.74,1.590,-0.774,1.565,4.084,-0.022,4.173
61.75,1.656,-0.773,1.568,4.015,-0.021,4.168
61.76,1.574,-0.773,1.568,4.190,-0.021,4.169
61.77,1.402,-0.774,1.562,3.991,-0.023,4.161
61.78,1.521,-0.774,1.560,3.914,-0.024,4.153
61.79,1.587,-0.775,1.560,4.318,-0.024,4.157
61.80,1.609,-0.776,1.561,4.094,-0.024,4.155
61.81,1.467,-0.775,1.559,4.195,-0.025,4.155
61.82,1.508,-0.775,1.557,4.183,-0.024,4.156
61.83,1.660,-0.775,1.560,4.276,-0.023,4.160
61.84,1.758,-0.775,1.566,3.997,-0.023,4.155
61.85,1.351,-0.775,1.559,4.219,-0.024,4.156
61.86,1.626,-0.776,1.560,3.950,-0.024,4.149
61.87,1.485,-0.774,1.559,4.215,-0.023,4.152
61.88,1.519,-0.774,1.558,3.924,-0.023,4.145
61.89,1.693,-0.777,1.559,4.103,-0.022,4.144
61.90,1.552,-0.777,1.558,3.965,-0.022,4.138
61.91,1.740,-0.776,1.565,4.157,-0.022,4.137
61.92,1.500,-0.776,1.563,4.145,-0.022,4.137
61.93,1.518,-0.777,1.560,4.032,-0.021,4.134
61.94,1.758,-0.777,1.566,4.140,-0.020,4.135
61.95,1.623,-0.778,1.566,4.029,-0.021,4.131
61.96,1.476,-0.781,1.561,4.465,-0.020,4.140
61.97,1.555,-0.781,1.560,4.642,-0.019,4.156
61.98,1.389,-0.781,1.555,4.110,-0.020,4.154
61.99,1.458,-0.782,1.551,4.063,-0.018,4.153
62.00,1.570,-0.784,1.550,4.215,-0.019,4.153
62.01,1.434,-0.784,1.546,3.993,-0.018,4.149
62.02,1.523,-0.787,1.542,4.232,-0.018,4.151
62.03,1.774,-0.786,1.550,4.155,-0.019,4.150
62.04,1.591,-0.789,1.548,4.239,-0.019,4.153
62.05,1.903,-0.788,1.560,4.202,-0.019,4.154
62.06,1.626,-0.788,1.561,4.117,-0.017,4.154
62.07,1.553,-0.791,1.559,4.387,-0.018,4.160
62.08,1.836,-0.792,1.567,3.969,-0.019,4.153
62.09,1.551,-0.794,1.564,4.190,-0.019,4.154
62.10,1.531,-0.794,1.563,4.143,-0.020,4.152
62.11,1.296,-0.794,1.555,4.115,-0.022,4.149
62.12,1.567,-0.794,1.555,4.063,-0.020,4.147
62.13,1.533,-0.796,1.553,4.342,-0.020,4.153
62.14,1.613,-0.796,1.555,4.271,-0.019,4.157
62.15,1.559,-0.795,1.556,4.211,-0.019,4.158
62.16,1.655,-0.794,1.559,4.156,-0.020,4.158
62.17,1.708,-0.797,1.561,4.041,-0.020,4.153
62.18,1.720,-0.797,1.566,3.894,-0.022,4.144
62.19,1.576,-0.795,1.568,4.278,-0.021,4.148
62.20,1.620,-0.795,1.570,4.189,-0.022,4.148
62.21,1.740,-0.794,1.576,4.217,-0.021,4.151
62.22,1.436,-0.795,1.571,4.221,-0.021,4.153
62.23,1.209,-0.797,1.558,4.240,-0.020,4.156
62.24,1.366,-0.798,1.552,4.182,-0.019,4.157
62.25,1.786,-0.796,1.560,4.269,-0.018,4.161
62.26,1.559,-0.795,1.562,4.312,-0.019,4.166
62.27,1.487,-0.795,1.560,3.951,-0.019,4.158
62.28,1.313,-0.796,1.551,4.146,-0.017,4.159
62.29,1.674,-0.796,1.555,4.141,-0.018,4.158
62.30,1.720,-0.797,1.559,4.217,-0.017,4.161
62.31,1.450,-0.798,1.555,4.210,-0.017,4.162
62.32,1.770,-0.797,1.562,4.349,-0.017,4.167
62.33,1.710,-0.797,1.567,4.373,-0.017,4.173
62.34,1.639,-0.797,1.569,3.801,-0.017,4.162
62.35,1.568,-0.798,1.568,4.307,-0.017,4.167
62.36,1.736,-0.796,1.575,4.256,-0.015,4.171
62.37,1.792,-0.794,1.584,4.298,-0.015,4.175
62.38,1.575,-0.796,1.582,4.107,-0.015,4.172
62.39,1.483,-0.796,1.579,4.314,-0.014,4.177
62.40,1.553,-0.797,1.577,4.277,-0.014,4.181
62.41,1.512,-0.798,1.575,3.841,-0.015,4.169
62.42,1.375,-0.797,1.570,4.414,-0.015,4.176
62.43,1.396,-0.797,1.564,4.420,-0.014,4.184
62.45,1.581,-0.798,1.564,4.109,-0.014,4.182
62.46,1.715,-0.800,1.567,4.072,-0.015,4.179
62.46,1.703,-0.799,1.573,3.910,-0.016,4.169
62.47,1.648,-0.797,1.577,4.258,-0.017,4.170
62.49,1.332,-0.799,1.567,3.991,-0.018,4.164
62.50,1.801,-0.799,1.575,4.175,-0.019,4.163
62.50,1.295,-0.801,1.565,4.003,-0.021,4.157
62.51,1.793,-0.800,1.572,4.367,-0.020,4.164
62.53,1.607,-0.800,1.574,4.531,-0.021,4.174
62.54,1.542,-0.799,1.574,4.265,-0.022,4.176
62.55,1.444,-0.803,1.566,4.271,-0.021,4.179
62.56,1.751,-0.803,1.572,4.138,-0.021,4.179
62.57,1.647,-0.804,1.574,4.404,-0.021,4.185
62.58,1.619,-0.803,1.576,4.055,-0.020,4.182
62.59,1.376,-0.803,1.570,4.252,-0.020,4.184
62.60,1.766,-0.803,1.576,4.062,-0.019,4.181
62.61,1.610,-0.804,1.576,3.949,-0.018,4.176
62.62,1.624,-0.804,1.578,4.342,-0.017,4.181
62.63,1.918,-0.804,1.589,4.277,-0.018,4.184
62.64,1.446,-0.804,1.585,4.336,-0.017,4.189
62.65,1.713,-0.806,1.588,4.067,-0.018,4.184
62.66,1.344,-0.804,1.582,4.327,-0.020,4.187
62.67,1.319,-0.804,1.574,4.134,-0.019,4.186
62.68,1.703,-0.803,1.579,4.117,-0.019,4.185
62.69,1.448,-0.804,1.575,4.197,-0.019,4.185
62.70,1.456,-0.805,1.570,4.360,-0.020,4.190
62.71,1.573,-0.807,1.568,3.921,-0.020,4.182
62.72,1.579,-0.808,1.568,4.128,-0.019,4.180
62.73,1.383,-0.808,1.563,3.918,-0.019,4.173
62.74,1.822,-0.809,1.570,3.960,-0.019,4.166
62.75,1.423,-0.811,1.563,3.938,-0.020,4.158
62.76,1.866,-0.814,1.570,4.032,-0.019,4.155
62.77,1.622,-0.814,1.572,4.219,-0.020,4.156
62.78,1.700,-0.815,1.575,4.035,-0.020,4.152
62.79,1.460,-0.815,1.571,4.258,-0.018,4.157
62.80,1.656,-0.815,1.575,3.952,-0.019,4.149
62.81,1.312,-0.816,1.566,4.328,-0.019,4.154
62.82,1.582,-0.817,1.566,3.915,-0.019,4.147
62.83,1.768,-0.815,1.574,4.323,-0.019,4.152
62.84,1.658,-0.817,1.575,4.369,-0.019,4.158
62.85,1.568,-0.820,1.572,3.859,-0.019,4.149
62.86,1.636,-0.822,1.572,4.326,-0.020,4.153
62.87,1.574,-0.821,1.574,4.368,-0.022,4.158
62.88,1.747,-0.823,1.577,4.113,-0.022,4.156
62.89,1.589,-0.825,1.576,4.223,-0.023,4.157
62.90,1.447,-0.823,1.574,4.135,-0.023,4.156
62.91,1.448,-0.824,1.570,4.156,-0.024,4.155
62.92,1.579,-0.824,1.571,4.163,-0.023,4.156
62.93,1.791,-0.823,1.578,4.403,-0.022,4.165
62.94,1.300,-0.826,1.568,4.212,-0.022,4.166
62.95,1.541,-0.826,1.567,3.614,-0.022,4.149
62.96,1.440,-0.827,1.563,4.318,-0.023,4.153
62.97,1.450,-0.829,1.557,4.354,-0.025,4.157
62.98,1.877,-0.831,1.566,4.382,-0.024,4.165
62.99,1.480,-0.829,1.565,4.029,-0.025,4.160
63.00,1.553,-0.828,1.565,4.029,-0.026,4.155
63.01,1.582,-0.828,1.566,4.205,-0.026,4.156
63.02,1.417,-0.827,1.563,3.954,-0.026,4.149
63.03,1.975,-0.827,1.576,4.169,-0.026,4.150
63.04,1.434,-0.825,1.573,3.965,-0.027,4.143
63.05,1.765,-0.825,1.580,4.252,-0.027,4.146
63.06,1.476,-0.825,1.577,4.072,-0.025,4.146
63.07,1.633,-0.826,1.579,4.007,-0.025,4.142
63.08,1.799,-0.827,1.585,4.014,-0.025,4.137
63.09,1.585,-0.826,1.586,4.264,-0.024,4.142
63.10,1.587,-0.825,1.587,4.411,-0.026,4.148
63.11,1.505,-0.825,1.585,3.839,-0.025,4.139
63.12,1.397,-0.827,1.578,4.095,-0.026,4.137
63.13,1.607,-0.827,1.579,4.255,-0.026,4.140
63.14,1.501,-0.827,1.577,4.106,-0.027,4.138
63.15,1.561,-0.828,1.575,4.267,-0.026,4.142
63.16,1.618,-0.828,1.577,4.653,-0.027,4.157
63.17,1.649,-0.828,1.580,4.381,-0.027,4.164
63.18,1.449,-0.827,1.577,3.991,-0.027,4.158
63.19,1.559,-0.827,1.577,3.909,-0.025,4.153
63.20,1.380,-0.826,1.572,4.115,-0.024,4.152
63.21,1.272,-0.826,1.563,4.143,-0.026,4.150
63.22,1.475,-0.827,1.559,4.069,-0.026,4.148
63.23,1.586,-0.825,1.562,4.166,-0.026,4.147
63.24,1.674,-0.826,1.566,4.177,-0.026,4.148
63.25,1.539,-0.827,1.564,4.632,-0.025,4.164
63.26,1.516,-0.828,1.561,4.218,-0.025,4.166
63.27,1.618,-0.828,1.563,4.135,-0.025,4.165
63.28,1.588,-0.830,1.562,4.484,-0.025,4.175
63.29,1.481,-0.832,1.558,4.372,-0.024,4.182
63.30,1.638,-0.831,1.561,4.281,-0.025,4.184
63.31,1.772,-0.832,1.567,4.343,-0.024,4.191
63.32,1.579,-0.831,1.568,4.362,-0.023,4.196
63.33,1.510,-0.833,1.565,4.285,-0.024,4.198
63.34,1.560,-0.834,1.565,4.440,-0.023,4.207
63.35,1.753,-0.835,1.570,4.247,-0.023,4.209
63.36,1.485,-0.834,1.568,4.318,-0.022,4.214
63.37,1.504,-0.833,1.567,3.978,-0.023,4.206
63.38,1.650,-0.834,1.569,4.168,-0.022,4.206
63.39,1.534,-0.834,1.568,4.367,-0.021,4.213
63.40,1.677,-0.834,1.572,4.099,-0.023,4.207
63.41,1.826,-0.836,1.578,4.176,-0.022,4.208
63.42,1.477,-0.834,1.577,4.403,-0.022,4.215
63.43,1.566,-0.835,1.576,3.961,-0.022,4.207
63.44,1.642,-0.835,1.578,4.090,-0.023,4.202
63.45,1.883,-0.835,1.588,4.230,-0.023,4.204
63.46,1.704,-0.835,1.592,3.924,-0.023,4.196
63.47,1.612,-0.837,1.591,4.247,-0.021,4.199
63.48,1.549,-0.836,1.592,4.378,-0.021,4.205
63.49,1.936,-0.835,1.603,4.223,-0.021,4.206
63.50,1.772,-0.835,1.609,4.452,-0.020,4.215
63.51,1.606,-0.835,1.610,3.949,-0.019,4.208
63.52,1.708,-0.834,1.614,4.234,-0.019,4.209
63.53,1.522,-0.832,1.614,4.414,-0.020,4.215
63.54,1.457,-0.831,1.610,3.828,-0.020,4.203
63.55,1.366,-0.833,1.602,3.835,-0.018,4.194
63.56,1.528,-0.833,1.600,4.319,-0.018,4.198
63.57,1.691,-0.834,1.603,4.063,-0.018,4.194
63.58,1.640,-0.834,1.604,4.213,-0.017,4.195
63.59,1.576,-0.833,1.605,4.265,-0.018,4.197
63.60,2.055,-0.835,1.617,4.213,-0.017,4.198
63.61,1.842,-0.834,1.625,4.452,-0.018,4.206
63.62,1.444,-0.835,1.620,4.488,-0.017,4.215
63.63,1.447,-0.835,1.615,4.009,-0.018,4.209
63.64,1.755,-0.834,1.621,4.134,-0.017,4.207
63.65,1.756,-0.833,1.626,4.195,-0.018,4.207
63.66,1.511,-0.835,1.622,4.080,-0.020,4.201
63.67,1.831,-0.836,1.628,4.247,-0.021,4.201
63.68,1.592,-0.836,1.628,3.989,-0.021,4.195
63.69,1.365,-0.836,1.620,4.058,-0.021,4.191
63.70,1.474,-0.835,1.618,4.493,-0.021,4.200
63.71,1.723,-0.834,1.622,4.299,-0.021,4.203
63.72,1.646,-0.834,1.624,4.244,-0.022,4.204
63.73,1.678,-0.833,1.626,4.118,-0.022,4.202
63.74,1.694,-0.832,1.630,4.095,-0.023,4.198
63.75,1.497,-0.835,1.624,4.236,-0.022,4.200
63.77,1.620,-0.835,1.624,4.047,-0.022,4.196
63.78,1.602,-0.834,1.625,3.980,-0.022,4.189
63.79,1.472,-0.835,1.620,4.252,-0.022,4.191
63.79,1.925,-0.836,1.629,4.437,-0.023,4.198
63.81,1.453,-0.835,1.625,4.099,-0.023,4.195
63.82,1.751,-0.835,1.630,4.424,-0.022,4.204
63.83,1.348,-0.835,1.622,4.375,-0.022,4.209
63.83,1.339,-0.835,1.614,4.210,-0.021,4.210
63.84,1.597,-0.833,1.615,4.146,-0.021,4.208
63.86,1.657,-0.833,1.617,4.002,-0.021,4.202
63.87,1.380,-0.833,1.611,4.089,-0.022,4.198
63.87,1.639,-0.832,1.613,4.200,-0.022,4.198
63.89,1.504,-0.833,1.608,4.281,-0.023,4.200
63.90,1.492,-0.835,1.604,4.240,-0.024,4.200
63.91,1.443,-0.834,1.600,4.293,-0.024,4.204
63.91,1.604,-0.836,1.599,4.230,-0.023,4.205
63.92,1.462,-0.835,1.595,4.141,-0.024,4.203
63.94,1.370,-0.836,1.588,4.257,-0.025,4.204
63.95,1.684,-0.836,1.591,4.429,-0.026,4.210
63.96,1.945,-0.840,1.598,4.069,-0.025,4.207
63.96,1.508,-0.841,1.595,3.966,-0.026,4.199
63.98,1.633,-0.842,1.595,3.885,-0.026,4.189
63.99,1.551,-0.842,1.594,4.141,-0.026,4.187
64.00,1.551,-0.845,1.591,4.421,-0.027,4.194
64.00,1.335,-0.844,1.584,4.054,-0.027,4.190
64.02,1.524,-0.843,1.583,4.018,-0.027,4.185
64.03,1.560,-0.843,1.582,4.235,-0.028,4.185
64.04,1.477,-0.845,1.578,4.033,-0.028,4.180
64.05,1.534,-0.843,1.578,4.042,-0.029,4.175
64.06,1.600,-0.841,1.581,4.192,-0.029,4.176
64.07,1.397,-0.841,1.576,4.111,-0.029,4.174
64.08,2.009,-0.838,1.591,4.078,-0.029,4.171
64.09,1.565,-0.840,1.590,4.224,-0.028,4.174
64.10,1.603,-0.840,1.589,4.185,-0.027,4.175
64.11,1.246,-0.841,1.578,4.173,-0.028,4.174
64.12,1.494,-0.842,1.575,4.062,-0.027,4.171
64.13,1.657,-0.839,1.580,4.453,-0.028,4.179
64.14,1.677,-0.840,1.582,4.292,-0.028,4.182
64.15,1.591,-0.842,1.581,4.181,-0.028,4.182
64.16,1.638,-0.844,1.581,4.104,-0.028,4.180
64.17,1.595,-0.844,1.582,4.120,-0.027,4.179
64.18,1.355,-0.845,1.574,3.845,-0.028,4.168
64.19,1.499,-0.844,1.572,4.251,-0.028,4.171
64.20,1.818,-0.845,1.579,4.176,-0.027,4.172
64.21,1.553,-0.844,1.579,4.365,-0.029,4.176
64.22,1.616,-0.843,1.582,4.279,-0.029,4.179
64.23,1.580,-0.844,1.581,4.200,-0.028,4.180
64.24,1.479,-0.844,1.578,4.319,-0.027,4.185
64.25,1.359,-0.843,1.572,4.335,-0.028,4.189
64.26,1.709,-0.842,1.577,3.913,-0.028,4.181
64.27,1.491,-0.842,1.575,4.178,-0.027,4.181
64.28,1.374,-0.841,1.570,4.193,-0.028,4.181
64.29,1.537,-0.842,1.567,4.244,-0.027,4.184
64.30,1.439,-0.844,1.562,3.715,-0.027,4.169
64.31,1.570,-0.845,1.561,4.275,-0.027,4.172
64.32,1.906,-0.844,1.573,4.259,-0.028,4.175
64.33,1.508,-0.844,1.571,4.207,-0.028,4.176
64.34,1.562,-0.846,1.569,4.331,-0.027,4.181
64.35,1.714,-0.846,1.573,4.262,-0.026,4.184
64.36,1.516,-0.846,1.571,4.345,-0.027,4.188
64.37,1.610,-0.846,1.573,4.096,-0.027,4.186
64.38,1.291,-0.845,1.565,4.124,-0.026,4.185
64.39,1.734,-0.846,1.569,4.168,-0.025,4.185
64.40,1.363,-0.845,1.563,4.197,-0.026,4.185
64.41,1.770,-0.846,1.569,4.037,-0.025,4.181
64.42,1.802,-0.845,1.578,4.077,-0.025,4.178
64.43,1.379,-0.844,1.573,4.091,-0.026,4.174
64.44,1.624,-0.842,1.575,4.323,-0.025,4.180
64.45,1.432,-0.841,1.573,3.904,-0.023,4.173
64.46,1.475,-0.840,1.570,4.177,-0.023,4.173
64.47,1.707,-0.840,1.575,4.404,-0.025,4.179
64.48,1.206,-0.839,1.564,4.289,-0.026,4.181
64.49,1.520,-0.840,1.562,4.166,-0.026,4.180
64.50,1.470,-0.841,1.558,4.205,-0.026,4.181
64.51,1.488,-0.840,1.557,4.470,-0.024,4.192
64.52,1.606,-0.841,1.557,4.167,-0.025,4.190
64.53,1.534,-0.841,1.556,4.162,-0.027,4.187
64.54,1.626,-0.844,1.555,4.684,-0.026,4.204
64.55,1.584,-0.844,1.556,4.679,-0.026,4.218
64.56,1.817,-0.844,1.564,3.810,-0.025,4.207
64.57,1.838,-0.845,1.572,3.998,-0.026,4.201
64.58,1.556,-0.845,1.571,3.951,-0.026,4.192
64.59,1.866,-0.843,1.582,4.126,-0.027,4.190
64.60,1.652,-0.842,1.585,4.367,-0.028,4.195
64.61,1.899,-0.843,1.594,4.218,-0.028,4.195
64.62,1.662,-0.843,1.597,4.485,-0.029,4.204
64.63,1.502,-0.844,1.593,4.181,-0.028,4.204
64.64,1.594,-0.843,1.594,4.491,-0.027,4.214
64.65,1.641,-0.845,1.594,4.155,-0.027,4.212
64.66,1.591,-0.846,1.593,4.095,-0.026,4.210
64.67,1.660,-0.843,1.598,3.891,-0.026,4.201
64.68,1.602,-0.844,1.598,4.122,-0.026,4.198
64.69,1.708,-0.844,1.601,4.238,-0.027,4.199
64.70,1.618,-0.846,1.600,4.429,-0.026,4.207
64.71,1.572,-0.848,1.598,4.427,-0.027,4.213
64.72,1.580,-0.846,1.599,4.059,-0.026,4.209
64.73,1.516,-0.848,1.595,4.001,-0.026,4.204
64.74,1.405,-0.847,1.590,4.259,-0.025,4.206
64.75,1.346,-0.848,1.582,4.152,-0.027,4.203
64.76,1.700,-0.848,1.586,4.262,-0.027,4.205
64.77,1.556,-0.848,1.585,4.219,-0.026,4.206
64.78,1.427,-0.848,1.581,4.121,-0.025,4.205
64.79,1.745,-0.849,1.585,4.326,-0.027,4.207
64.80,1.628,-0.846,1.590,3.932,-0.027,4.199
64.81,1.501,-0.847,1.586,3.962,-0.027,4.191
64.82,1.388,-0.845,1.582,4.104,-0.028,4.188
64.83,1.621,-0.845,1.583,4.122,-0.027,4.187
64.84,1.786,-0.845,1.589,4.439,-0.027,4.195
64.85,1.600,-0.846,1.589,4.469,-0.026,4.204
64.86,1.518,-0.846,1.587,4.444,-0.027,4.211
64.87,1.640,-0.845,1.590,4.319,-0.025,4.216
64.88,1.524,-0.846,1.587,4.258,-0.025,4.217
64.89,1.441,-0.845,1.583,4.093,-0.025,4.214
64.90,1.531,-0.847,1.580,3.783,-0.025,4.201
64.91,1.722,-0.846,1.586,4.186,-0.026,4.200
64.92,1.525,-0.845,1.585,3.996,-0.027,4.193
64.93,1.752,-0.844,1.591,3.881,-0.026,4.184
64.94,1.522,-0.846,1.587,4.193,-0.026,4.184
64.95,1.654,-0.844,1.591,4.287,-0.026,4.188
64.96,1.641,-0.843,1.594,4.087,-0.025,4.185
64.97,1.719,-0.844,1.597,4.157,-0.026,4.183
64.98,1.648,-0.844,1.599,4.148,-0.025,4.183
64.99,1.384,-0.845,1.591,4.209,-0.026,4.183
65.00,1.738,-0.846,1.595,4.043,-0.027,4.178
65.01,1.733,-0.845,1.601,4.190,-0.027,4.178
65.02,1.544,-0.845,1.599,4.163,-0.028,4.177
65.03,1.537,-0.845,1.597,4.483,-0.027,4.187
65.04,1.558,-0.845,1.596,3.991,-0.027,4.181
65.05,1.763,-0.846,1.601,4.332,-0.027,4.186
65.06,1.546,-0.846,1.599,4.383,-0.027,4.192
65.07,1.722,-0.846,1.603,4.247,-0.025,4.195
65.08,1.671,-0.844,1.607,4.017,-0.025,4.190
65.09,1.566,-0.844,1.607,4.254,-0.024,4.193
65.10,1.429,-0.846,1.600,4.187,-0.024,4.193
65.11,1.374,-0.846,1.592,3.977,-0.023,4.187
65.12,1.284,-0.845,1.584,4.218,-0.024,4.187
65.13,1.776,-0.847,1.589,4.040,-0.024,4.182
65.14,1.527,-0.847,1.586,3.941,-0.024,4.175
65.15,1.448,-0.847,1.582,4.452,-0.022,4.185
65.16,1.414,-0.848,1.577,4.063,-0.023,4.180
65.17,1.658,-0.848,1.579,4.283,-0.024,4.183
65.18,1.646,-0.847,1.582,4.123,-0.024,4.181
65.19,1.561,-0.848,1.581,4.033,-0.024,4.176
65.20,1.482,-0.848,1.578,4.410,-0.024,4.183
65.21,1.518,-0.847,1.577,4.135,-0.025,4.181
65.22,1.710,-0.845,1.583,4.135,-0.025,4.179
65.23,1.792,-0.845,1.589,4.259,-0.024,4.182
65.24,1.508,-0.846,1.586,4.182,-0.025,4.181
65.25,1.592,-0.845,1.587,4.281,-0.025,4.184
65.26,1.564,-0.845,1.586,4.357,-0.025,4.189
65.27,1.781,-0.847,1.591,4.078,-0.026,4.186
65.28,1.646,-0.847,1.592,4.521,-0.024,4.197
65.29,1.600,-0.848,1.592,4.311,-0.023,4.202
65.30,1.651,-0.847,1.595,4.131,-0.024,4.199
65.32,1.696,-0.846,1.599,4.086,-0.025,4.195
65.33,1.686,-0.847,1.601,4.112,-0.025,4.192
65.33,1.630,-0.848,1.601,3.988,-0.023,4.188
65.35,1.705,-0.849,1.604,3.998,-0.024,4.181
65.36,1.864,-0.850,1.611,4.109,-0.023,4.179
65.37,1.637,-0.848,1.614,4.038,-0.024,4.174
65.37,1.427,-0.847,1.609,3.797,-0.024,4.162
65.38,1.572,-0.848,1.608,4.136,-0.024,4.161
65.40,1.604,-0.847,1.609,4.531,-0.025,4.172
65.41,1.424,-0.847,1.604,4.288,-0.025,4.175
65.42,1.386,-0.849,1.595,4.096,-0.027,4.170
65.43,1.772,-0.850,1.600,4.259,-0.028,4.172
65.44,1.533,-0.851,1.597,4.090,-0.026,4.172
65.45,1.744,-0.853,1.600,4.131,-0.027,4.169
65.45,1.446,-0.850,1.598,4.105,-0.026,4.167
65.47,1.373,-0.853,1.589,3.919,-0.025,4.161
65.48,1.477,-0.852,1.586,4.107,-0.024,4.160
65.49,1.644,-0.854,1.586,3.971,-0.024,4.154
65.50,1.444,-0.854,1.582,4.538,-0.024,4.166
65.51,1.539,-0.854,1.581,3.947,-0.023,4.160
65.52,1.590,-0.852,1.583,3.900,-0.023,4.151
65.53,1.587,-0.852,1.584,4.144,-0.023,4.151
65.54,1.397,-0.852,1.578,4.095,-0.024,4.148
65.55,1.755,-0.852,1.583,3.927,-0.023,4.142
65.56,1.402,-0.853,1.576,4.149,-0.023,4.142
65.57,1.762,-0.855,1.580,4.221,-0.023,4.143
65.58,1.633,-0.854,1.583,4.393,-0.022,4.152
65.59,1.454,-0.854,1.579,4.187,-0.021,4.153
65.60,1.506,-0.854,1.577,4.193,-0.021,4.154
65.61,1.449,-0.852,1.575,4.538,-0.021,4.165
65.62,1.493,-0.852,1.572,3.991,-0.022,4.159
65.63,1.623,-0.854,1.572,3.996,-0.019,4.157
65.64,1.384,-0.854,1.566,4.435,-0.019,4.165
65.65,1.691,-0.855,1.569,4.264,-0.018,4.168
65.66,1.660,-0.855,1.572,4.337,-0.019,4.173
65.67,1.656,-0.854,1.575,4.100,-0.019,4.171
65.68,1.578,-0.856,1.573,4.310,-0.020,4.174
65.69,1.462,-0.856,1.570,4.407,-0.020,4.180
65.70,1.138,-0.857,1.556,3.985,-0.020,4.175
65.71,1.531,-0.856,1.556,4.035,-0.019,4.171
65.72,1.660,-0.858,1.557,4.153,-0.020,4.170
65.73,1.514,-0.859,1.554,4.385,-0.021,4.176
65.74,1.536,-0.860,1.553,4.131,-0.019,4.175
65.75,1.782,-0.861,1.559,4.138,-0.018,4.176
65.76,1.461,-0.862,1.555,4.187,-0.017,4.176
65.77,1.619,-0.864,1.555,4.287,-0.016,4.181
65.78,1.644,-0.862,1.559,4.019,-0.017,4.175
65.79,1.400,-0.864,1.552,4.046,-0.018,4.170
65.80,1.642,-0.863,1.556,4.332,-0.018,4.174
65.81,1.281,-0.862,1.548,4.041,-0.018,4.170
65.82,1.451,-0.862,1.545,4.250,-0.018,4.173
65.83,1.591,-0.861,1.547,4.213,-0.019,4.173
65.84,1.890,-0.864,1.555,4.143,-0.019,4.172
65.85,1.771,-0.865,1.560,4.223,-0.020,4.172
65.86,1.474,-0.865,1.558,4.334,-0.019,4.178
65.87,1.449,-0.864,1.555,4.015,-0.020,4.172
65.88,1.424,-0.865,1.550,4.087,-0.020,4.169
65.89,1.513,-0.866,1.548,4.245,-0.021,4.171
65.90,1.720,-0.864,1.555,3.993,-0.020,4.166
65.91,1.567,-0.865,1.555,4.509,-0.019,4.178
65.92,1.396,-0.865,1.550,4.069,-0.018,4.175
65.93,1.445,-0.863,1.548,4.368,-0.018,4.181
65.94,1.642,-0.863,1.550,4.039,-0.017,4.177
65.95,1.357,-0.866,1.542,4.205,-0.016,4.179
65.96,1.746,-0.866,1.548,4.245,-0.016,4.181
65.97,1.701,-0.868,1.551,4.351,-0.016,4.186
65.98,1.617,-0.870,1.551,4.291,-0.016,4.189
65.99,1.435,-0.869,1.548,4.297,-0.016,4.193
66.00,1.651,-0.871,1.549,4.773,-0.017,4.210
66.01,1.652,-0.872,1.551,3.966,-0.017,4.202
66.02,1.376,-0.871,1.546,4.295,-0.018,4.205
66.03,1.694,-0.874,1.549,4.057,-0.017,4.201
66.04,1.525,-0.873,1.548,4.345,-0.018,4.204
66.05,1.593,-0.874,1.549,4.161,-0.018,4.204
66.06,1.747,-0.873,1.556,4.246,-0.018,4.205
66.07,1.417,-0.874,1.551,4.223,-0.017,4.207
66.08,1.405,-0.873,1.547,4.056,-0.016,4.204
66.09,1.649,-0.874,1.549,3.923,-0.016,4.195
66.10,1.372,-0.874,1.543,4.348,-0.017,4.199
66.11,1.515,-0.876,1.541,4.418,-0.017,4.205
66.12,1.392,-0.876,1.536,4.224,-0.018,4.205
66.13,1.546,-0.877,1.536,4.425,-0.019,4.212
66.14,1.567,-0.878,1.535,4.411,-0.018,4.219
66.15,1.742,-0.877,1.543,4.342,-0.018,4.223
66.16,1.741,-0.877,1.549,4.374,-0.018,4.228
66.17,1.566,-0.878,1.548,4.096,-0.018,4.225
66.18,1.484,-0.878,1.546,4.212,-0.018,4.224
66.19,1.460,-0.880,1.542,3.993,-0.017,4.218
66.20,1.557,-0.881,1.541,4.215,-0.016,4.219
66.21,1.523,-0.881,1.540,4.207,-0.017,4.218
66.22,1.764,-0.880,1.548,3.915,-0.019,4.208
66.23,1.558,-0.878,1.550,4.334,-0.019,4.211
66.24,1.536,-0.880,1.549,4.206,-0.020,4.211
66.25,1.491,-0.880,1.546,4.420,-0.019,4.218
66.26,1.492,-0.880,1.545,4.289,-0.020,4.219
66.27,1.829,-0.882,1.552,4.335,-0.020,4.223
66.28,1.568,-0.881,1.553,4.390,-0.020,4.229
66.29,1.315,-0.882,1.545,4.457,-0.019,4.237
66.30,1.434,-0.882,1.541,4.161,-0.020,4.235
66.31,1.478,-0.882,1.540,4.092,-0.020,4.230
66.32,1.756,-0.882,1.547,4.605,-0.020,4.242
66.33,1.479,-0.883,1.543,4.330,-0.020,4.246
66.34,1.469,-0.882,1.542,4.053,-0.021,4.240
66.35,1.303,-0.882,1.535,4.136,-0.022,4.236
66.36,1.493,-0.882,1.533,4.140,-0.022,4.233
66.37,1.738,-0.886,1.536,4.336,-0.023,4.236
66.38,1.453,-0.887,1.532,3.977,-0.024,4.227
66.39,1.688,-0.887,1.537,4.032,-0.023,4.223
66.40,1.467,-0.888,1.534,4.305,-0.022,4.227
66.41,1.657,-0.888,1.538,4.017,-0.022,4.220
66.42,1.674,-0.890,1.540,4.384,-0.021,4.227
66.43,1.420,-0.891,1.535,4.105,-0.021,4.224
66.44,1.533,-0.890,1.536,3.942,-0.021,4.215
66.45,1.459,-0.891,1.533,4.091,-0.020,4.212
66.46,1.513,-0.890,1.533,4.231,-0.019,4.214
66.47,1.523,-0.891,1.532,3.846,-0.021,4.201
66.48,1.406,-0.892,1.527,4.394,-0.021,4.207
66.49,1.735,-0.893,1.532,4.205,-0.021,4.207
66.50,1.724,-0.894,1.538,4.529,-0.022,4.216
66.51,1.420,-0.896,1.532,4.003,-0.022,4.210
66.52,1.523,-0.898,1.530,4.103,-0.021,4.208
66.53,1.643,-0.895,1.536,4.234,-0.020,4.209
66.54,1.669,-0.896,1.539,4.503,-0.019,4.219
66.55,1.479,-0.896,1.537,4.500,-0.021,4.227
66.56,1.640,-0.898,1.539,4.278,-0.022,4.228
66.57,1.533,-0.899,1.538,4.293,-0.023,4.229
66.58,1.574,-0.899,1.539,4.418,-0.023,4.235
66.59,1.609,-0.900,1.541,4.379,-0.024,4.239
66.60,1.638,-0.900,1.543,4.222,-0.023,4.239
66.61,1.562,-0.898,1.546,4.028,-0.024,4.233
66.62,1.683,-0.898,1.550,4.199,-0.025,4.231
66.63,1.478,-0.898,1.549,3.958,-0.025,4.223
66.64,1.548,-0.899,1.548,4.223,-0.026,4.223
66.65,1.644,-0.900,1.550,4.287,-0.027,4.224
66.66,1.645,-0.900,1.553,4.433,-0.027,4.230
66.67,1.937,-0.900,1.565,4.431,-0.027,4.237
66.68,1.864,-0.902,1.573,4.078,-0.027,4.232
66.70,1.379,-0.902,1.567,3.942,-0.027,4.224
66.70,1.703,-0.902,1.572,4.226,-0.026,4.225
66.71,1.252,-0.903,1.562,4.194,-0.026,4.224
66.72,1.583,-0.901,1.565,4.307,-0.028,4.225
66.73,1.452,-0.904,1.558,4.058,-0.028,4.220
66.74,1.670,-0.904,1.562,4.219,-0.029,4.220
66.75,1.760,-0.904,1.568,4.205,-0.030,4.219
66.77,1.612,-0.905,1.570,3.811,-0.029,4.207
66.77,1.573,-0.905,1.570,4.442,-0.029,4.215
66.78,1.678,-0.906,1.573,3.827,-0.030,4.202
66.79,1.594,-0.905,1.575,4.176,-0.029,4.202
66.80,1.546,-0.906,1.573,4.128,-0.029,4.200
66.82,1.403,-0.907,1.568,4.133,-0.030,4.197
66.83,1.560,-0.906,1.569,4.396,-0.029,4.204
66.84,1.465,-0.907,1.566,4.166,-0.030,4.202
66.85,1.462,-0.905,1.564,4.373,-0.029,4.209
66.86,1.362,-0.905,1.558,4.244,-0.028,4.210
66.87,1.623,-0.907,1.559,4.258,-0.029,4.211
66.88,1.502,-0.910,1.555,4.488,-0.030,4.219
66.89,1.327,-0.909,1.548,4.000,-0.030,4.212
66.90,1.348,-0.910,1.541,4.318,-0.031,4.215
66.91,1.720,-0.911,1.547,3.808,-0.031,4.203
66.92,1.554,-0.912,1.546,4.416,-0.031,4.209
66.93,1.639,-0.914,1.547,3.874,-0.032,4.198
66.94,1.507,-0.915,1.545,4.087,-0.032,4.194
66.95,1.542,-0.915,1.545,4.048,-0.032,4.190
66.96,1.400,-0.915,1.541,4.124,-0.032,4.188
66.97,1.656,-0.916,1.544,4.160,-0.030,4.189
66.98,1.782,-0.915,1.552,4.390,-0.029,4.196
66.99,1.800,-0.915,1.560,4.306,-0.030,4.198
67.00,1.606,-0.916,1.561,4.244,-0.030,4.200
67.01,1.636,-0.917,1.562,4.266,-0.031,4.201
67.02,1.602,-0.920,1.561,4.052,-0.031,4.196
67.03,1.359,-0.921,1.555,4.102,-0.032,4.193
67.04,1.586,-0.921,1.556,4.250,-0.031,4.196
67.05,1.702,-0.922,1.560,4.244,-0.031,4.197
67.06,1.703,-0.925,1.562,3.934,-0.031,4.189
67.07,1.434,-0.926,1.557,3.976,-0.031,4.182
67.08,1.774,-0.926,1.564,4.144,-0.032,4.180
67.09,1.514,-0.926,1.563,4.248,-0.031,4.183
67.10,1.462,-0.928,1.559,4.106,-0.030,4.182
67.11,1.519,-0.927,1.559,4.104,-0.030,4.178
67.12,1.508,-0.926,1.559,4.244,-0.031,4.180
67.13,1.710,-0.925,1.565,3.734,-0.030,4.167
67.14,1.763,-0.924,1.573,4.129,-0.030,4.165
67.15,1.430,-0.923,1.570,4.273,-0.030,4.169
67.16,1.375,-0.922,1.564,4.325,-0.028,4.174
67.17,1.369,-0.920,1.561,4.352,-0.029,4.179
67.18,1.380,-0.919,1.557,4.258,-0.029,4.181
67.19,1.526,-0.920,1.555,3.949,-0.029,4.174
67.20,1.417,-0.920,1.552,4.358,-0.029,4.179
67.21,1.675,-0.921,1.555,4.361,-0.030,4.184
67.22,1.625,-0.921,1.557,4.218,-0.030,4.185
67.23,1.651,-0.921,1.560,4.355,-0.029,4.192
67.24,1.550,-0.922,1.559,3.837,-0.028,4.181
67.25,1.690,-0.923,1.563,4.277,-0.028,4.184
67.26,1.764,-0.923,1.569,4.314,-0.027,4.189
67.27,1.432,-0.924,1.564,3.928,-0.027,4.181
67.28,1.627,-0.925,1.566,3.615,-0.028,4.163
67.29,1.791,-0.922,1.576,4.111,-0.027,4.161
67.30,1.618,-0.921,1.579,4.135,-0.026,4.161
67.31,1.699,-0.920,1.584,4.227,-0.024,4.164
67.32,1.624,-0.920,1.585,4.420,-0.024,4.172
67.33,1.384,-0.920,1.580,4.125,-0.025,4.170
67.34,1.682,-0.921,1.582,4.128,-0.024,4.169
67.35,1.245,-0.921,1.573,4.170,-0.025,4.168
67.36,1.511,-0.920,1.572,3.947,-0.025,4.161
67.37,1.561,-0.920,1.573,4.218,-0.024,4.163
67.38,1.622,-0.922,1.573,4.522,-0.022,4.175
67.39,1.425,-0.924,1.566,4.090,-0.022,4.173
67.40,1.550,-0.924,1.566,4.120,-0.022,4.171
67.41,1.566,-0.924,1.566,3.950,-0.023,4.163
67.42,1.675,-0.925,1.570,4.110,-0.024,4.160
67.43,1.768,-0.924,1.576,4.216,-0.024,4.161
67.44,1.572,-0.927,1.574,3.991,-0.026,4.154
67.45,1.363,-0.927,1.568,4.104,-0.025,4.153
67.46,1.395,-0.926,1.564,4.218,-0.025,4.155
67.47,1.474,-0.927,1.560,4.106,-0.025,4.153
67.48,1.480,-0.929,1.557,4.132,-0.023,4.154
67.49,1.781,-0.931,1.562,4.170,-0.024,4.153
67.50,1.582,-0.932,1.562,4.112,-0.023,4.152
67.51,1.633,-0.932,1.564,4.093,-0.024,4.149
67.52,1.642,-0.933,1.566,4.441,-0.024,4.158
67.53,1.551,-0.933,1.566,4.205,-0.023,4.159
67.54,1.791,-0.933,1.573,3.866,-0.024,4.150
67.55,1.674,-0.933,1.577,4.299,-0.024,4.153
67.56,1.594,-0.934,1.577,4.247,-0.024,4.156
67.57,1.641,-0.934,1.579,4.047,-0.023,4.153
67.58,1.785,-0.933,1.587,4.290,-0.023,4.157
67.59,1.630,-0.932,1.590,4.107,-0.022,4.156
67.60,1.584,-0.933,1.589,4.116,-0.023,4.154
67.61,1.645,-0.933,1.592,3.863,-0.023,4.145
67.62,1.512,-0.933,1.589,3.992,-0.023,4.140
67.63,1.659,-0.935,1.590,3.696,-0.024,4.124
67.64,1.695,-0.937,1.592,4.183,-0.025,4.124
67.65,1.465,-0.937,1.589,4.066,-0.026,4.122
67.66,1.441,-0.939,1.584,4.203,-0.028,4.122
67.67,1.644,-0.939,1.586,4.272,-0.027,4.126
67.68,1.589,-0.938,1.587,4.166,-0.027,4.127
67.69,1.645,-0.939,1.589,4.542,-0.026,4.140
67.70,1.228,-0.939,1.578,4.085,-0.026,4.138
67.71,1.353,-0.941,1.570,4.307,-0.026,4.142
67.72,1.616,-0.940,1.573,3.962,-0.026,4.136
67.73,1.760,-0.939,1.580,4.287,-0.025,4.142
67.74,1.409,-0.940,1.574,4.595,-0.024,4.156
67.75,1.473,-0.940,1.571,4.079,-0.023,4.154
67.76,1.632,-0.940,1.574,4.473,-0.024,4.163
67.77,1.674,-0.940,1.577,4.372,-0.024,4.169
67.78,1.928,-0.939,1.590,4.252,-0.025,4.171
67.79,1.757,-0.938,1.596,4.221,-0.025,4.172
67.80,1.311,-0.936,1.589,4.258,-0.028,4.172
67.81,1.836,-0.934,1.599,4.184,-0.027,4.174
67.82,1.343,-0.936,1.590,4.290,-0.026,4.178
67.83,1.839,-0.936,1.599,3.906,-0.027,4.168
67.84,1.656,-0.938,1.599,4.074,-0.026,4.167
67.85,1.574,-0.937,1.600,4.214,-0.026,4.168
67.86,1.665,-0.938,1.601,3.894,-0.025,4.160
67.87,1.706,-0.938,1.605,4.060,-0.025,4.157
67.88,1.563,-0.939,1.604,4.388,-0.024,4.165
67.89,1.728,-0.940,1.607,4.188,-0.024,4.165
67.90,1.483,-0.939,1.605,4.307,-0.026,4.168
67.91,1.575,-0.939,1.605,4.362,-0.026,4.174
67.92,1.537,-0.937,1.605,3.907,-0.026,4.165
67.93,1.727,-0.936,1.610,3.994,-0.026,4.160
67.94,1.617,-0.938,1.609,4.207,-0.027,4.160
67.95,1.660,-0.938,1.612,4.373,-0.026,4.167
67.96,1.789,-0.935,1.620,4.190,-0.027,4.167
67.97,1.906,-0.935,1.630,4.354,-0.027,4.173
67.98,1.457,-0.934,1.626,4.135,-0.027,4.172
67.99,1.307,-0.933,1.618,4.238,-0.028,4.173
68.00,1.646,-0.934,1.619,3.918,-0.029,4.164
68.01,1.607,-0.934,1.619,4.298,-0.029,4.168
68.02,1.791,-0.934,1.625,4.126,-0.029,4.167
68.03,1.366,-0.933,1.618,4.148,-0.030,4.165
68.04,1.603,-0.933,1.619,4.562,-0.030,4.177
68.05,1.621,-0.933,1.620,4.467,-0.031,4.185
68.06,1.535,-0.932,1.618,4.177,-0.030,4.186
68.07,1.165,-0.933,1.604,3.906,-0.031,4.177
68.08,1.880,-0.935,1.612,4.181,-0.033,4.175
68.09,1.837,-0.935,1.619,4.356,-0.034,4.179
68.10,1.571,-0.933,1.620,4.433,-0.032,4.189
68.11,1.669,-0.933,1.622,4.108,-0.032,4.187
68.12,1.342,-0.932,1.615,4.093,-0.031,4.186
68.13,1.527,-0.930,1.614,4.163,-0.030,4.186
68.14,1.605,-0.933,1.612,3.962,-0.030,4.179
68.15,1.533,-0.933,1.610,4.241,-0.030,4.181
68.16,1.682,-0.933,1.613,3.886,-0.030,4.172
68.17,1.529,-0.932,1.612,4.129,-0.030,4.171
68.18,1.499,-0.931,1.609,4.008,-0.031,4.165
68.19,1.239,-0.933,1.596,4.257,-0.032,4.167
68.20,1.751,-0.934,1.600,4.266,-0.032,4.169
68.21,1.428,-0.933,1.596,4.385,-0.031,4.177
68.23,1.407,-0.932,1.592,4.097,-0.032,4.174
68.24,1.283,-0.932,1.583,4.356,-0.032,4.179
68.24,1.559,-0.932,1.583,4.357,-0.032,4.184
68.25,1.518,-0.933,1.580,3.932,-0.033,4.176
68.27,1.374,-0.932,1.574,4.525,-0.035,4.185
68.28,1.401,-0.933,1.568,4.202,-0.036,4.185
68.28,1.531,-0.932,1.568,4.456,-0.036,4.193
68.29,1.653,-0.932,1.570,4.283,-0.037,4.195
68.30,1.618,-0.935,1.569,4.234,-0.037,4.197
68.31,1.704,-0.936,1.572,4.358,-0.037,4.202
68.32,1.702,-0.935,1.577,4.184,-0.038,4.201
68.34,1.351,-0.935,1.571,4.105,-0.039,4.198
68.35,1.654,-0.934,1.574,4.163,-0.038,4.197
68.36,1.565,-0.934,1.574,4.164,-0.038,4.197
68.37,1.415,-0.933,1.570,4.136,-0.037,4.196
68.38,1.492,-0.932,1.569,4.048,-0.038,4.191
68.39,1.604,-0.934,1.568,3.995,-0.039,4.184
68.40,1.502,-0.933,1.567,4.250,-0.040,4.185
68.41,1.792,-0.931,1.576,4.223,-0.040,4.187
68.42,1.618,-0.931,1.577,4.611,-0.039,4.201
68.43,1.650,-0.931,1.579,4.010,-0.038,4.196
68.44,1.418,-0.933,1.573,4.329,-0.037,4.202
68.45,1.678,-0.933,1.576,4.126,-0.034,4.202
68.46,1.540,-0.934,1.574,4.225,-0.034,4.203
68.47,1.648,-0.934,1.576,3.863,-0.036,4.192
68.48,1.617,-0.934,1.578,3.919,-0.035,4.184
68.49,1.451,-0.935,1.573,4.129,-0.036,4.182
68.50,1.424,-0.934,1.570,4.379,-0.036,4.188
68.51,1.638,-0.934,1.572,3.811,-0.037,4.176
68.52,1.590,-0.935,1.571,4.068,-0.036,4.173
68.53,1.319,-0.933,1.565,4.310,-0.038,4.176
68.54,1.533,-0.934,1.563,4.183,-0.038,4.175
68.55,1.431,-0.935,1.558,3.960,-0.038,4.169
68.56,1.574,-0.937,1.556,4.007,-0.039,4.163
68.57,1.684,-0.938,1.559,4.118,-0.038,4.163
68.58,1.392,-0.938,1.554,3.962,-0.038,4.156
68.59,1.556,-0.937,1.555,4.239,-0.038,4.159
68.60,1.611,-0.938,1.557,4.181,-0.038,4.159
68.61,1.860,-0.937,1.567,4.351,-0.039,4.164
68.62,1.413,-0.936,1.563,4.053,-0.040,4.160
68.63,1.771,-0.934,1.571,4.291,-0.041,4.163
68.64,1.388,-0.934,1.566,4.173,-0.040,4.164
68.65,1.538,-0.937,1.561,4.111,-0.041,4.162
68.66,1.731,-0.938,1.566,4.147,-0.040,4.162
68.67,1.120,-0.936,1.554,4.333,-0.039,4.168
68.68,1.602,-0.937,1.555,4.340,-0.038,4.174
68.69,1.789,-0.939,1.560,4.129,-0.038,4.173
68.70,1.658,-0.939,1.563,4.199,-0.037,4.175
68.71,1.491,-0.938,1.561,4.372,-0.036,4.182
68.72,1.296,-0.939,1.552,4.600,-0.037,4.194
68.73,1.518,-0.941,1.549,4.385,-0.037,4.200
68.74,1.640,-0.941,1.552,4.059,-0.037,4.195
68.75,1.568,-0.940,1.553,4.005,-0.038,4.189
68.76,1.321,-0.939,1.547,4.056,-0.037,4.186
68.77,1.660,-0.939,1.551,4.362,-0.038,4.191
68.78,1.682,-0.940,1.554,4.405,-0.038,4.198
68.79,1.788,-0.939,1.562,4.139,-0.038,4.196
68.80,1.655,-0.940,1.563,4.121,-0.039,4.193
68.81,1.362,-0.939,1.558,3.808,-0.039,4.181
68.82,1.665,-0.937,1.563,4.217,-0.040,4.181
68.83,1.817,-0.936,1.573,4.415,-0.041,4.188
68.84,1.694,-0.936,1.576,4.395,-0.041,4.195
68.85,1.790,-0.935,1.584,4.277,-0.040,4.198
68.86,1.766,-0.937,1.588,4.546,-0.041,4.208
68.87,1.248,-0.936,1.578,4.109,-0.043,4.204
68.88,1.589,-0.938,1.577,4.176,-0.043,4.203
68.89,1.384,-0.937,1.572,4.476,-0.045,4.210
68.90,1.637,-0.939,1.572,4.185,-0.045,4.209
68.91,1.869,-0.940,1.580,4.145,-0.047,4.206
68.92,1.520,-0.941,1.578,4.538,-0.047,4.216
68.93,1.544,-0.939,1.579,4.176,-0.047,4.216
68.94,1.630,-0.941,1.579,4.240,-0.047,4.217
68.95,1.660,-0.942,1.580,4.059,-0.047,4.212
68.96,1.642,-0.943,1.582,4.110,-0.047,4.210
68.97,1.728,-0.945,1.584,4.237,-0.046,4.212
68.98,1.597,-0.945,1.585,3.991,-0.045,4.207
68.99,1.534,-0.945,1.583,4.381,-0.046,4.211
69.00,1.582,-0.946,1.582,4.016,-0.047,4.205
69.01,1.659,-0.946,1.585,4.284,-0.046,4.209
69.02,1.760,-0.946,1.591,4.147,-0.046,4.207
69.03,1.603,-0.947,1.591,4.454,-0.046,4.215
69.04,1.577,-0.947,1.591,4.183,-0.047,4.213
69.05,1.317,-0.946,1.584,4.295,-0.049,4.215
69.06,1.402,-0.947,1.578,3.947,-0.047,4.208
69.07,1.349,-0.948,1.569,4.213,-0.047,4.209
69.08,1.541,-0.947,1.569,4.095,-0.047,4.206
69.09,1.611,-0.948,1.571,4.085,-0.047,4.202
69.10,1.439,-0.946,1.568,4.256,-0.048,4.204
69.11,1.417,-0.946,1.563,3.987,-0.048,4.197
69.12,1.452,-0.947,1.559,4.239,-0.049,4.198
69.13,1.348,-0.948,1.552,4.535,-0.049,4.209
69.14,1.967,-0.947,1.565,4.098,-0.049,4.205
69.15,1.857,-0.949,1.573,4.105,-0.048,4.203
69.16,1.489,-0.948,1.571,4.247,-0.049,4.204
69.17,1.560,-0.949,1.570,4.080,-0.048,4.201
69.18,1.384,-0.949,1.565,4.116,-0.049,4.198
69.19,1.555,-0.950,1.563,3.959,-0.048,4.192
69.20,1.607,-0.950,1.564,4.097,-0.047,4.190
69.21,1.513,-0.948,1.565,4.187,-0.048,4.189
69.22,1.713,-0.948,1.570,4.053,-0.047,4.186
69.23,1.484,-0.948,1.567,4.320,-0.048,4.189
69.24,1.518,-0.947,1.566,4.422,-0.048,4.197
69.25,1.644,-0.946,1.570,4.189,-0.049,4.196
69.26,1.760,-0.944,1.578,4.087,-0.048,4.193
69.27,1.706,-0.945,1.581,4.229,-0.048,4.195
69.28,1.577,-0.945,1.581,4.223,-0.048,4.196
69.29,1.636,-0.945,1.583,4.305,-0.048,4.199
69.30,1.633,-0.946,1.584,4.342,-0.048,4.204
69.31,1.537,-0.946,1.582,4.318,-0.047,4.208
69.32,1.449,-0.947,1.578,4.428,-0.046,4.216
69.33,1.468,-0.948,1.574,3.931,-0.047,4.207
69.34,1.476,-0.949,1.570,4.272,-0.047,4.210
69.35,1.456,-0.949,1.566,4.276,-0.047,4.212
69.36,1.593,-0.951,1.566,4.345,-0.047,4.217
69.37,1.619,-0.951,1.567,4.248,-0.046,4.219
69.38,1.613,-0.950,1.569,4.104,-0.045,4.217
69.39,1.515,-0.952,1.565,4.369,-0.044,4.222
69.40,1.556,-0.953,1.565,4.641,-0.045,4.235
69.41,1.893,-0.953,1.575,4.131,-0.044,4.233
69.42,1.692,-0.953,1.579,3.899,-0.045,4.223
69.43,1.690,-0.951,1.584,4.409,-0.044,4.229
69.44,1.315,-0.952,1.576,4.078,-0.043,4.226
69.45,1.446,-0.950,1.573,4.227,-0.041,4.228
69.46,1.575,-0.950,1.574,4.144,-0.042,4.225
69.47,1.447,-0.951,1.569,3.829,-0.041,4.214
69.48,1.399,-0.953,1.562,4.362,-0.041,4.219
69.49,1.710,-0.953,1.567,4.036,-0.041,4.214
69.50,1.568,-0.952,1.567,4.200,-0.041,4.213
69.51,1.626,-0.954,1.568,3.917,-0.040,4.205
69.52,1.653,-0.954,1.570,4.234,-0.039,4.207
69.53,1.797,-0.954,1.577,3.923,-0.041,4.197
69.54,1.559,-0.951,1.580,3.995,-0.042,4.190
69.55,1.683,-0.952,1.582,4.347,-0.040,4.197
69.56,1.622,-0.952,1.584,4.146,-0.039,4.196
69.57,1.559,-0.953,1.582,4.054,-0.040,4.191
69.58,1.565,-0.955,1.580,4.192,-0.039,4.192
69.59,1.643,-0.956,1.581,3.919,-0.040,4.183
69.60,1.410,-0.958,1.574,4.262,-0.040,4.185
69.61,1.696,-0.958,1.578,4.134,-0.039,4.184
69.62,1.408,-0.959,1.572,4.350,-0.039,4.189
69.63,1.489,-0.958,1.571,4.137,-0.040,4.187
69.64,1.446,-0.960,1.566,4.134,-0.041,4.184
69.65,1.549,-0.959,1.565,3.984,-0.041,4.177
69.66,1.715,-0.961,1.569,4.120,-0.040,4.177
69.67,1.629,-0.959,1.572,4.143,-0.043,4.173
69.68,1.496,-0.958,1.571,4.368,-0.042,4.180
69.69,1.592,-0.960,1.571,3.905,-0.041,4.171
69.70,1.420,-0.960,1.566,3.928,-0.041,4.165
69.71,1.500,-0.960,1.564,3.958,-0.040,4.159
69.72,1.361,-0.959,1.558,4.269,-0.042,4.160
69.73,1.446,-0.960,1.554,4.106,-0.042,4.158
69.74,1.436,-0.962,1.548,4.300,-0.042,4.162
69.75,1.610,-0.961,1.552,4.381,-0.041,4.169
69.77,1.548,-0.962,1.551,4.233,-0.042,4.170
69.78,1.374,-0.961,1.546,4.332,-0.042,4.175
69.79,1.688,-0.960,1.551,4.320,-0.041,4.180
69.80,1.547,-0.959,1.552,4.270,-0.040,4.183
69.81,1.512,-0.957,1.553,4.024,-0.041,4.178
69.82,1.715,-0.958,1.556,4.484,-0.041,4.187
69.82,1.885,-0.958,1.567,4.159,-0.040,4.187
69.84,1.566,-0.959,1.566,4.338,-0.040,4.191
69.85,1.441,-0.958,1.563,4.272,-0.040,4.194
69.86,1.710,-0.956,1.569,4.095,-0.039,4.192
69.87,1.598,-0.955,1.572,4.247,-0.038,4.195
69.88,1.669,-0.953,1.577,4.167,-0.040,4.192
69.89,1.537,-0.953,1.576,4.025,-0.039,4.189
69.90,1.595,-0.951,1.579,3.818,-0.038,4.178
69.91,1.507,-0.950,1.577,4.254,-0.039,4.179
69.92,1.434,-0.950,1.573,4.161,-0.039,4.179
69.93,1.640,-0.949,1.576,4.639,-0.038,4.194
69.94,1.469,-0.951,1.571,3.958,-0.036,4.188
69.95,1.656,-0.952,1.573,4.497,-0.036,4.198
69.96,1.632,-0.952,1.574,4.207,-0.034,4.199
69.97,1.511,-0.952,1.573,4.293,-0.033,4.203
69.98,1.526,-0.951,1.572,4.073,-0.034,4.199
69.99,1.453,-0.951,1.569,4.416,-0.031,4.208
70.00,1.138,-0.950,1.557,4.132,-0.030,4.207
70.01,1.568,-0.948,1.559,4.160,-0.030,4.205
70.02,1.570,-0.949,1.558,4.265,-0.031,4.207
70.03,1.633,-0.950,1.560,4.272,-0.031,4.209
70.04,1.429,-0.948,1.557,4.281,-0.030,4.212
70.05,1.523,-0.947,1.557,4.147,-0.030,4.210
70.06,1.590,-0.948,1.557,4.226,-0.029,4.212
70.07,1.646,-0.949,1.559,4.218,-0.028,4.213
70.08,1.481,-0.949,1.556,3.891,-0.026,4.205
70.09,1.593,-0.949,1.558,4.007,-0.027,4.198
70.10,1.556,-0.948,1.558,3.868,-0.027,4.188
70.11,1.565,-0.948,1.559,4.164,-0.026,4.187
70.12,1.502,-0.949,1.555,4.192,-0.027,4.187
70.13,1.282,-0.949,1.547,4.018,-0.027,4.182
70.14,1.716,-0.948,1.552,4.040,-0.027,4.177
70.15,1.322,-0.949,1.545,4.544,-0.027,4.188
70.16,1.634,-0.948,1.548,4.188,-0.027,4.188
70.17,1.565,-0.950,1.547,3.801,-0.027,4.176
70.18,1.477,-0.951,1.544,4.133,-0.027,4.174
70.19,1.659,-0.951,1.547,4.167,-0.028,4.173
70.20,1.566,-0.951,1.547,4.472,-0.028,4.182
70.21,1.680,-0.950,1.552,4.373,-0.028,4.187
70.22,1.654,-0.951,1.554,4.418,-0.028,4.194
70.23,1.742,-0.951,1.559,4.126,-0.029,4.192
70.24,1.703,-0.952,1.563,4.221,-0.029,4.192
70.25,1.638,-0.952,1.566,4.246,-0.029,4.194
70.26,1.384,-0.951,1.561,4.224,-0.028,4.195
70.27,1.559,-0.954,1.558,4.183,-0.029,4.194
70.28,1.482,-0.955,1.555,3.880,-0.030,4.183
70.29,1.436,-0.954,1.552,4.386,-0.031,4.189
70.30,1.547,-0.954,1.552,4.102,-0.030,4.187
70.31,1.409,-0.954,1.547,3.907,-0.031,4.177
70.32,1.470,-0.954,1.545,3.947,-0.030,4.171
70.33,1.621,-0.952,1.549,3.976,-0.029,4.166
70.34,1.851,-0.952,1.558,3.993,-0.029,4.160
70.35,1.709,-0.951,1.564,4.227,-0.028,4.162
70.36,1.925,-0.950,1.575,4.040,-0.027,4.159
70.37,1.699,-0.950,1.579,3.911,-0.027,4.152
70.38,1.661,-0.949,1.583,4.012,-0.027,4.147
70.39,1.663,-0.948,1.587,3.933,-0.026,4.141
70.40,1.455,-0.948,1.583,4.450,-0.026,4.150
70.41,1.533,-0.948,1.581,4.174,-0.025,4.151
70.42,1.514,-0.950,1.578,4.080,-0.026,4.147
70.43,1.716,-0.950,1.582,4.134,-0.026,4.146
70.44,1.618,-0.951,1.583,4.126,-0.025,4.146
70.45,1.463,-0.952,1.578,4.316,-0.025,4.151
70.46,1.295,-0.954,1.568,4.101,-0.026,4.148
70.47,1.481,-0.955,1.564,4.239,-0.025,4.151
70.48,1.600,-0.956,1.564,4.385,-0.026,4.157
70.49,1.532,-0.957,1.563,4.087,-0.025,4.155
70.50,1.706,-0.956,1.568,4.135,-0.025,4.154
70.51,1.522,-0.956,1.567,3.995,-0.026,4.148
70.52,1.494,-0.957,1.563,4.262,-0.025,4.153
70.53,1.382,-0.959,1.556,4.180,-0.024,4.154
70.54,1.512,-0.958,1.555,4.404,-0.022,4.162
70.55,1.614,-0.957,1.558,4.057,-0.023,4.158
70.56,1.595,-0.957,1.559,4.048,-0.023,4.155
70.57,1.873,-0.958,1.568,4.334,-0.021,4.161
70.58,1.392,-0.958,1.563,4.164,-0.022,4.161
70.59,1.235,-0.958,1.553,3.991,-0.021,4.155
70.60,1.568,-0.959,1.552,4.075,-0.021,4.153
70.61,1.730,-0.959,1.558,4.098,-0.021,4.151
70.62,1.348,-0.958,1.552,4.210,-0.020,4.154
70.63,1.645,-0.961,1.552,4.013,-0.020,4.148
70.64,1.444,-0.961,1.548,4.157,-0.021,4.148
70.65,1.460,-0.963,1.544,4.121,-0.021,4.146
70.66,1.614,-0.963,1.546,4.394,-0.021,4.154
70.67,1.565,-0.962,1.547,4.125,-0.020,4.153
70.68,1.654,-0.961,1.552,3.947,-0.018,4.148
70.69,1.452,-0.962,1.548,4.600,-0.017,4.162
70.70,1.666,-0.960,1.553,4.113,-0.019,4.159
70.71,1.440,-0.962,1.548,4.052,-0.019,4.155
70.72,1.466,-0.963,1.545,4.177,-0.019,4.155
70.73,1.272,-0.961,1.538,4.176,-0.019,4.155
70.74,1.406,-0.961,1.534,4.433,-0.019,4.164
70.75,1.538,-0.962,1.532,4.321,-0.019,4.169
70.76,1.471,-0.962,1.530,4.251,-0.018,4.172
70.77,1.393,-0.963,1.525,3.907,-0.018,4.163
70.78,1.549,-0.964,1.525,4.258,-0.018,4.166
70.79,1.434,-0.963,1.523,3.952,-0.017,4.160
70.80,1.731,-0.964,1.527,4.124,-0.018,4.158
70.81,1.762,-0.965,1.534,4.187,-0.017,4.160
70.82,1.567,-0.965,1.535,4.004,-0.016,4.155
70.83,1.712,-0.964,1.541,4.570,-0.017,4.166
70.84,1.628,-0.964,1.543,4.079,-0.017,4.164
70.85,1.373,-0.965,1.537,4.299,-0.017,4.167
70.86,1.655,-0.967,1.539,3.853,-0.018,4.156
70.87,1.756,-0.967,1.546,4.136,-0.018,4.156
70.88,1.433,-0.967,1.542,4.209,-0.017,4.158
70.89,1.520,-0.968,1.540,4.381,-0.017,4.164
70.90,1.462,-0.969,1.537,4.374,-0.016,4.171
70.91,1.581,-0.971,1.537,4.084,-0.017,4.168
70.92,1.563,-0.972,1.536,3.821,-0.017,4.157
70.93,1.404,-0.972,1.532,4.171,-0.018,4.156
70.94,1.543,-0.973,1.531,4.235,-0.017,4.159
70.95,1.408,-0.976,1.525,4.182,-0.018,4.158
70.96,1.902,-0.976,1.536,4.175,-0.020,4.157
70.97,1.411,-0.978,1.530,4.133,-0.021,4.156
70.98,1.589,-0.979,1.531,4.176,-0.020,4.156
70.99,1.567,-0.977,1.534,3.964,-0.020,4.150
71.00,1.482,-0.977,1.532,4.309,-0.022,4.153
71.01,1.598,-0.980,1.531,4.029,-0.021,4.150
71.02,1.409,-0.979,1.529,4.270,-0.021,4.153
71.03,1.490,-0.981,1.526,4.105,-0.021,4.151
71.04,1.422,-0.982,1.521,4.085,-0.021,4.149
71.05,1.794,-0.983,1.529,4.455,-0.021,4.158
71.06,1.812,-0.984,1.537,3.981,-0.023,4.151
71.07,1.506,-0.982,1.537,4.044,-0.022,4.148
71.08,1.813,-0.984,1.544,4.382,-0.023,4.154
71.09,1.529,-0.986,1.542,4.121,-0.022,4.154
71.10,1.388,-0.987,1.536,4.211,-0.022,4.155
71.11,1.425,-0.984,1.535,4.296,-0.021,4.161
71.12,1.518,-0.987,1.533,4.260,-0.022,4.162
71.13,1.693,-0.986,1.538,4.198,-0.022,4.163
71.14,1.611,-0.987,1.539,4.074,-0.021,4.161
71.15,1.587,-0.986,1.542,4.338,-0.022,4.166
71.16,1.308,-0.986,1.535,3.988,-0.023,4.159
71.17,1.462,-0.986,1.533,4.047,-0.024,4.155
71.19,1.773,-0.987,1.540,4.408,-0.025,4.161
71.19,1.744,-0.988,1.545,4.326,-0.025,4.166
71.20,1.642,-0.988,1.548,4.231,-0.024,4.169
71.21,1.406,-0.989,1.543,4.108,-0.025,4.167
71.23,1.789,-0.992,1.548,4.142,-0.026,4.164
71.23,1.704,-0.992,1.553,4.313,-0.028,4.167
71.24,1.285,-0.994,1.543,4.287,-0.026,4.172
71.25,1.432,-0.995,1.539,4.135,-0.028,4.169
71.26,1.504,-0.994,1.539,4.257,-0.027,4.173
71.27,1.711,-0.993,1.545,3.963,-0.028,4.166
71.29,1.113,-0.994,1.531,4.064,-0.028,4.163
71.30,1.623,-0.995,1.533,4.247,-0.028,4.165
71.31,1.603,-0.995,1.536,4.115,-0.030,4.162
71.32,1.403,-0.995,1.531,4.077,-0.030,4.159
71.33,1.664,-0.997,1.535,4.288,-0.030,4.163
71.34,1.681,-0.997,1.539,4.149,-0.029,4.163
71.35,1.558,-0.996,1.540,4.184,-0.028,4.164
71.36,1.707,-0.995,1.547,4.171,-0.029,4.164
71.37,1.541,-0.995,1.547,4.228,-0.029,4.166
71.38,1.397,-0.995,1.543,4.339,-0.030,4.171
71.39,1.281,-0.994,1.536,4.377,-0.031,4.176
71.40,1.592,-0.994,1.538,4.258,-0.031,4.178
71.40,1.597,-0.993,1.541,4.159,-0.030,4.179
71.42,1.495,-0.992,1.540,4.181,-0.030,4.179
71.43,1.776,-0.992,1.547,3.952,-0.029,4.173
71.44,1.336,-0.992,1.542,3.998,-0.029,4.167
71.45,1.422,-0.993,1.537,4.496,-0.032,4.175
71.46,1.502,-0.994,1.535,4.107,-0.032,4.172
71.47,1.781,-0.995,1.541,4.512,-0.032,4.183
71.48,1.737,-0.994,1.549,4.065,-0.032,4.180
71.49,1.558,-0.989,1.554,4.025,-0.031,4.176
71.50,1.728,-0.986,1.562,4.247,-0.030,4.180
71.51,1.627,-0.988,1.563,4.160,-0.030,4.179
71.52,1.465,-0.987,1.561,4.207,-0.031,4.179
71.53,1.565,-0.988,1.560,4.009,-0.030,4.174
71.54,1.629,-0.991,1.561,4.189,-0.031,4.175
71.55,1.648,-0.991,1.563,4.257,-0.029,4.179
71.56,1.650,-0.991,1.566,4.336,-0.030,4.183
71.57,1.709,-0.991,1.571,4.325,-0.029,4.188
71.58,1.889,-0.991,1.581,3.928,-0.029,4.181
71.59,2.007,-0.989,1.597,4.206,-0.028,4.182
71.60,1.775,-0.989,1.603,4.435,-0.027,4.191
71.61,1.399,-0.990,1.596,4.110,-0.028,4.188
71.62,1.515,-0.990,1.594,4.023,-0.028,4.183
71.63,1.449,-0.993,1.588,4.295,-0.029,4.185
71.64,1.598,-0.990,1.591,4.212,-0.030,4.186
71.65,1.431,-0.989,1.588,4.172,-0.029,4.186
71.66,1.831,-0.988,1.597,3.955,-0.028,4.180
71.67,1.761,-0.987,1.604,4.307,-0.029,4.183
71.68,1.676,-0.987,1.606,4.073,-0.028,4.181
71.69,1.625,-0.989,1.606,4.374,-0.029,4.186
71.70,1.764,-0.989,1.611,4.191,-0.030,4.186
71.71,1.648,-0.988,1.614,4.004,-0.030,4.180
71.72,1.605,-0.989,1.613,4.316,-0.029,4.185
71.73,1.802,-0.988,1.621,3.901,-0.029,4.177
71.74,1.662,-0.989,1.621,4.199,-0.027,4.179
71.75,1.504,-0.989,1.619,4.173,-0.027,4.179
71.76,1.453,-0.988,1.615,4.355,-0.026,4.186
71.77,1.706,-0.989,1.619,4.269,-0.024,4.190
71.78,1.423,-0.990,1.612,4.351,-0.025,4.194
71.79,1.689,-0.989,1.616,4.396,-0.025,4.201
71.80,1.486,-0.990,1.611,4.420,-0.025,4.208
71.81,1.522,-0.989,1.610,4.428,-0.025,4.215
71.82,1.652,-0.989,1.612,4.207,-0.024,4.216
71.83,1.470,-0.988,1.609,4.250,-0.025,4.216
71.84,1.457,-0.988,1.605,4.357,-0.025,4.221
71.85,1.571,-0.990,1.603,4.290,-0.025,4.224
71.86,1.686,-0.989,1.607,3.725,-0.025,4.209
71.87,1.654,-0.990,1.608,4.237,-0.026,4.209
71.88,1.566,-0.991,1.607,4.070,-0.026,4.204
71.89,1.650,-0.989,1.610,4.069,-0.027,4.200
71.90,1.420,-0.989,1.605,4.163,-0.027,4.199
71.91,1.576,-0.989,1.605,4.422,-0.027,4.206
71.92,1.476,-0.989,1.602,4.439,-0.027,4.214
71.93,1.457,-0.988,1.598,4.026,-0.028,4.207
71.94,1.648,-0.988,1.600,4.150,-0.027,4.207
71.95,1.828,-0.988,1.608,4.191,-0.026,4.207
71.96,1.598,-0.987,1.609,4.512,-0.027,4.216
71.97,1.501,-0.986,1.607,4.239,-0.026,4.218
71.98,1.234,-0.986,1.596,4.026,-0.027,4.211
71.99,1.690,-0.985,1.600,4.558,-0.026,4.223
72.00,1.357,-0.983,1.595,4.398,-0.026,4.229
72.01,1.678,-0.984,1.597,4.309,-0.026,4.232
72.02,1.334,-0.985,1.588,4.101,-0.026,4.229
72.03,1.678,-0.983,1.593,4.334,-0.026,4.233
72.04,1.472,-0.984,1.589,4.211,-0.025,4.233
72.05,1.812,-0.983,1.597,3.857,-0.025,4.222
72.06,1.611,-0.982,1.599,3.915,-0.024,4.214
72.07,1.457,-0.983,1.594,3.991,-0.025,4.206
72.08,1.617,-0.981,1.597,4.401,-0.025,4.213
72.09,1.576,-0.983,1.594,4.314,-0.026,4.215
72.10,1.614,-0.982,1.596,3.864,-0.026,4.205
72.11,1.734,-0.983,1.599,4.301,-0.026,4.207
72.12,1.718,-0.984,1.603,4.308,-0.027,4.210
72.13,1.814,-0.984,1.610,4.191,-0.026,4.211
72.14,1.521,-0.984,1.607,4.107,-0.026,4.208
72.15,1.837,-0.980,1.618,4.186,-0.027,4.206
72.16,1.643,-0.978,1.621,4.463,-0.025,4.217
72.17,1.334,-0.979,1.612,4.294,-0.024,4.220
72.18,1.246,-0.981,1.600,4.272,-0.023,4.222
72.19,1.533,-0.979,1.599,4.377,-0.024,4.227
72.20,1.535,-0.980,1.597,4.372,-0.023,4.233
72.21,1.324,-0.979,1.590,4.452,-0.023,4.240
72.22,1.537,-0.981,1.587,4.026,-0.023,4.234
72.23,1.731,-0.981,1.591,4.146,-0.023,4.231
72.24,1.707,-0.981,1.595,4.197,-0.023,4.231
72.25,1.314,-0.982,1.586,4.200,-0.024,4.229
72.26,1.488,-0.981,1.583,4.328,-0.024,4.232
72.27,1.565,-0.983,1.581,4.107,-0.024,4.229
72.28,1.639,-0.983,1.583,4.140,-0.024,4.226
72.29,1.646,-0.982,1.586,4.099,-0.025,4.222
72.30,1.341,-0.982,1.579,3.899,-0.023,4.214
72.31,1.273,-0.984,1.567,4.156,-0.024,4.212
72.32,1.717,-0.983,1.573,4.067,-0.022,4.209
72.33,1.524,-0.982,1.573,4.421,-0.023,4.215
72.34,1.698,-0.979,1.579,4.223,-0.024,4.215
72.35,1.533,-0.979,1.578,3.982,-0.021,4.210
72.36,1.553,-0.977,1.579,4.038,-0.020,4.206
72.37,1.518,-0.979,1.575,4.108,-0.022,4.202
72.38,1.668,-0.978,1.579,4.101,-0.021,4.199
72.39,1.229,-0.976,1.570,4.007,-0.022,4.193
72.40,1.410,-0.975,1.566,4.383,-0.021,4.199
72.41,1.528,-0.976,1.564,3.844,-0.020,4.189
72.42,1.733,-0.976,1.569,4.030,-0.020,4.184
72.43,1.565,-0.977,1.568,4.152,-0.020,4.183
72.44,1.711,-0.976,1.573,4.197,-0.021,4.182
72.45,1.666,-0.976,1.575,4.123,-0.022,4.180
72.46,1.833,-0.976,1.583,4.322,-0.021,4.185
72.47,1.598,-0.976,1.584,4.054,-0.023,4.179
72.48,1.532,-0.975,1.583,4.484,-0.025,4.186
72.49,1.370,-0.975,1.577,4.199,-0.026,4.185
72.50,1.410,-0.976,1.571,4.401,-0.025,4.192
72.51,1.272,-0.977,1.561,4.151,-0.025,4.191
72.52,1.692,-0.977,1.564,4.183,-0.025,4.191
72.53,1.711,-0.976,1.570,4.256,-0.026,4.192
72.54,1.633,-0.975,1.573,4.219,-0.026,4.193
72.55,1.656,-0.974,1.576,4.184,-0.026,4.193
72.56,1.400,-0.972,1.572,4.019,-0.028,4.186
72.57,1.313,-0.972,1.565,3.928,-0.031,4.175
72.58,1.335,-0.972,1.557,4.395,-0.029,4.183
72.59,1.645,-0.971,1.561,4.325,-0.029,4.188
72.60,1.783,-0.972,1.566,4.344,-0.027,4.194
72.61,1.532,-0.971,1.566,4.374,-0.027,4.200
72.62,1.769,-0.971,1.573,4.168,-0.028,4.198
72.63,1.555,-0.971,1.571,4.307,-0.028,4.201
72.64,1.662,-0.973,1.573,4.183,-0.027,4.202
72.65,1.483,-0.976,1.567,3.942,-0.027,4.194
72.66,1.689,-0.976,1.570,4.144,-0.027,4.192
72.67,1.513,-0.976,1.569,4.027,-0.027,4.188
72.69,1.661,-0.977,1.570,4.388,-0.027,4.194
72.69,1.571,-0.978,1.569,4.000,-0.026,4.188
72.70,1.533,-0.977,1.569,4.264,-0.027,4.190
72.71,1.463,-0.977,1.566,4.321,-0.027,4.194
72.72,1.529,-0.977,1.564,4.199,-0.027,4.194
72.73,1.516,-0.976,1.564,4.086,-0.028,4.190
72.74,1.639,-0.974,1.568,4.126,-0.027,4.189
72.75,1.646,-0.973,1.571,4.293,-0.027,4.192
72.77,1.639,-0.973,1.573,3.959,-0.026,4.186
72.77,1.484,-0.975,1.569,4.242,-0.026,4.188
72.78,1.812,-0.974,1.577,4.379,-0.025,4.194
72.80,1.802,-0.974,1.584,4.369,-0.026,4.199
72.80,1.444,-0.974,1.579,4.471,-0.026,4.207
72.82,1.776,-0.975,1.585,4.184,-0.027,4.205
72.83,1.515,-0.977,1.580,4.023,-0.027,4.200
72.84,1.436,-0.977,1.576,4.251,-0.027,4.201
72.85,1.465,-0.978,1.571,4.191,-0.028,4.200
72.86,1.486,-0.978,1.569,4.155,-0.028,4.199
72.87,1.639,-0.978,1.571,4.324,-0.027,4.204
72.88,1.530,-0.978,1.570,4.527,-0.026,4.215
72.89,1.316,-0.979,1.562,4.318,-0.027,4.218
72.90,1.396,-0.980,1.555,4.176,-0.026,4.217
72.91,1.798,-0.982,1.560,4.409,-0.027,4.223
72.92,1.528,-0.980,1.561,3.750,-0.027,4.208
72.93,1.575,-0.981,1.561,4.108,-0.027,4.205
72.94,1.746,-0.980,1.568,4.206,-0.028,4.204
72.95,1.478,-0.983,1.562,4.244,-0.029,4.204
72.96,1.412,-0.985,1.555,3.952,-0.029,4.197
72.97,1.717,-0.985,1.560,4.296,-0.028,4.201
72.98,1.575,-0.985,1.561,4.276,-0.029,4.203
72.99,1.611,-0.985,1.562,4.359,-0.029,4.208
73.00,1.525,-0.986,1.560,4.104,-0.029,4.204
73.01,1.558,-0.987,1.558,4.354,-0.030,4.208
73.02,1.731,-0.987,1.564,4.352,-0.031,4.212
73.03,1.459,-0.988,1.560,4.093,-0.032,4.207
73.04,1.609,-0.986,1.563,4.237,-0.033,4.208
73.05,1.533,-0.986,1.562,4.157,-0.033,4.207
73.06,1.712,-0.987,1.565,4.080,-0.032,4.204
73.07,1.577,-0.988,1.565,4.134,-0.033,4.201
73.08,1.621,-0.990,1.565,4.098,-0.033,4.198
73.09,1.511,-0.988,1.565,4.240,-0.032,4.200
73.10,1.244,-0.987,1.556,3.906,-0.030,4.192
73.11,1.507,-0.987,1.554,4.321,-0.031,4.196
73.12,1.381,-0.989,1.548,4.032,-0.031,4.191
73.13,1.324,-0.987,1.542,4.354,-0.030,4.197
73.14,1.547,-0.989,1.540,4.050,-0.030,4.192
73.15,1.378,-0.989,1.535,3.974,-0.030,4.185
73.16,1.299,-0.991,1.526,4.267,-0.031,4.187
73.17,1.543,-0.993,1.524,4.377,-0.032,4.192
73.18,1.480,-0.994,1.521,4.394,-0.031,4.199
73.19,1.459,-0.995,1.518,4.418,-0.030,4.206
73.20,1.617,-0.998,1.518,4.316,-0.032,4.209
73.21,1.423,-1.000,1.513,4.108,-0.033,4.205
73.22,1.592,-1.001,1.514,4.039,-0.036,4.197
73.23,1.597,-1.001,1.516,4.256,-0.035,4.200
73.24,1.654,-1.001,1.520,4.202,-0.035,4.199
73.25,1.291,-1.002,1.512,4.398,-0.035,4.206
73.26,1.430,-1.000,1.510,4.174,-0.035,4.205
73.27,1.672,-1.002,1.514,4.229,-0.035,4.206
73.28,1.402,-1.003,1.509,4.437,-0.036,4.213
73.29,1.614,-1.004,1.511,4.344,-0.036,4.217
73.30,1.594,-1.006,1.511,4.381,-0.036,4.222
73.31,1.569,-1.005,1.513,4.212,-0.036,4.222
73.32,1.772,-1.006,1.520,4.116,-0.036,4.219
73.33,1.815,-1.006,1.529,4.125,-0.034,4.218
73.34,1.556,-1.005,1.531,4.036,-0.034,4.213
73.35,1.606,-1.005,1.533,4.580,-0.034,4.224
73.36,1.465,-1.005,1.531,4.475,-0.035,4.231
73.37,1.518,-1.005,1.530,4.243,-0.036,4.232
73.38,1.656,-1.004,1.535,4.208,-0.036,4.231
73.39,1.798,-1.006,1.541,4.276,-0.035,4.234
73.40,1.718,-1.007,1.546,4.093,-0.035,4.230
73.41,1.510,-1.009,1.543,4.354,-0.034,4.235
73.42,1.380,-1.010,1.537,4.296,-0.034,4.238
73.43,1.667,-1.009,1.541,4.291,-0.033,4.240
73.44,1.669,-1.008,1.547,4.191,-0.032,4.240
73.45,1.710,-1.006,1.554,4.413,-0.032,4.246
73.46,1.578,-1.006,1.555,4.319,-0.031,4.250
73.47,1.589,-1.005,1.557,4.357,-0.031,4.253
73.48,1.419,-1.005,1.553,4.074,-0.030,4.249
73.49,1.755,-1.003,1.561,4.252,-0.029,4.251
73.50,1.833,-1.004,1.569,4.434,-0.029,4.257
73.51,1.489,-1.004,1.566,4.311,-0.029,4.259
73.52,1.510,-1.002,1.567,4.121,-0.030,4.255
73.53,1.448,-1.000,1.566,4.063,-0.029,4.250
73.54,1.562,-0.999,1.567,4.358,-0.029,4.254
73.55,1.803,-1.000,1.573,4.313,-0.028,4.258
73.56,1.596,-1.002,1.572,4.156,-0.027,4.256
73.57,1.673,-1.002,1.575,4.199,-0.027,4.254
73.58,1.681,-1.004,1.577,4.486,-0.027,4.262
73.59,1.598,-1.002,1.580,4.388,-0.028,4.266
73.60,1.375,-0.999,1.576,4.094,-0.028,4.260
73.61,1.709,-0.999,1.581,3.924,-0.028,4.250
73.62,1.742,-1.001,1.585,4.365,-0.028,4.254
73.63,1.566,-0.998,1.587,4.097,-0.028,4.250
73.64,1.899,-0.998,1.597,4.056,-0.028,4.245
73.65,1.581,-0.996,1.599,4.100,-0.028,4.241
73.66,1.414,-0.996,1.594,4.113,-0.027,4.238
73.67,1.756,-0.996,1.599,4.145,-0.027,4.236
73.68,1.462,-0.998,1.593,4.155,-0.026,4.234
73.69,1.779,-0.998,1.599,4.442,-0.026,4.240
73.70,1.707,-1.001,1.601,4.330,-0.026,4.244
73.71,1.548,-0.999,1.601,4.123,-0.025,4.241
73.72,1.351,-1.001,1.592,4.016,-0.025,4.235
73.73,1.640,-1.000,1.595,4.035,-0.024,4.230
73.74,1.268,-1.000,1.585,4.211,-0.025,4.228
73.75,1.429,-1.000,1.581,4.039,-0.025,4.222
73.76,1.552,-0.999,1.581,4.241,-0.025,4.223
73.77,1.509,-0.998,1.580,4.201,-0.024,4.223
73.78,1.507,-0.999,1.577,4.285,-0.024,4.226
73.79,1.746,-0.998,1.583,4.185,-0.024,4.224
73.80,1.690,-0.999,1.586,4.002,-0.022,4.220
73.81,1.636,-1.000,1.587,4.376,-0.022,4.224
73.82,1.684,-1.001,1.589,4.225,-0.023,4.223
73.83,1.570,-1.001,1.589,4.046,-0.023,4.218
73.84,1.686,-1.000,1.594,4.459,-0.023,4.225
73.85,1.834,-0.998,1.603,4.135,-0.023,4.222
73.86,1.589,-0.997,1.604,3.912,-0.022,4.214
73.87,1.640,-0.997,1.605,4.109,-0.022,4.211
73.88,1.747,-0.997,1.610,4.197,-0.022,4.210
73.89,1.910,-0.998,1.619,4.244,-0.021,4.212
73.90,1.624,-0.998,1.620,4.106,-0.020,4.209
73.91,1.741,-0.999,1.623,4.427,-0.020,4.216
73.92,1.510,-0.999,1.620,4.202,-0.020,4.216
73.93,1.697,-1.001,1.621,4.271,-0.021,4.216
73.94,1.845,-1.001,1.629,4.339,-0.021,4.221
73.95,1.623,-1.001,1.630,4.020,-0.020,4.215
73.96,1.829,-1.002,1.635,3.925,-0.019,4.207
73.97,1.304,-1.002,1.626,4.007,-0.020,4.200
73.98,1.587,-1.001,1.626,4.268,-0.020,4.202
73.99,1.508,-1.000,1.624,4.111,-0.019,4.200
74.00,1.841,-0.997,1.634,4.212,-0.019,4.200
74.01,1.629,-0.997,1.635,4.614,-0.020,4.211
74.02,1.338,-0.997,1.626,4.158,-0.020,4.210
74.03,1.524,-0.999,1.622,3.751,-0.021,4.195
74.04,1.462,-0.998,1.619,4.073,-0.022,4.190
74.06,1.680,-0.998,1.620,4.408,-0.021,4.196
74.06,1.478,-0.999,1.616,4.459,-0.021,4.205
74.07,1.302,-1.001,1.605,4.217,-0.021,4.205
74.08,1.728,-1.001,1.609,4.454,-0.021,4.213
74.09,1.528,-1.000,1.608,4.002,-0.020,4.207
74.10,1.597,-1.001,1.607,4.126,-0.020,4.204
74.11,1.767,-0.998,1.615,4.475,-0.020,4.213
74.12,1.450,-0.998,1.610,4.401,-0.019,4.219
74.13,1.460,-0.997,1.607,4.162,-0.020,4.216
74.14,1.628,-0.999,1.606,3.982,-0.019,4.210
74.15,1.746,-1.000,1.610,4.303,-0.019,4.213
74.17,1.403,-1.000,1.603,4.157,-0.019,4.211
74.18,1.417,-0.999,1.599,4.190,-0.018,4.211
74.18,1.733,-0.999,1.603,4.023,-0.017,4.206
74.20,1.537,-1.001,1.599,4.244,-0.017,4.207
74.20,1.641,-1.000,1.602,4.013,-0.017,4.202
74.22,1.658,-0.998,1.606,4.112,-0.017,4.198
74.23,1.400,-0.998,1.600,4.120,-0.018,4.195
74.23,1.375,-0.997,1.595,4.247,-0.018,4.196
74.24,1.703,-0.998,1.597,4.354,-0.020,4.199
74.25,1.783,-0.998,1.603,4.334,-0.021,4.202
74.27,1.592,-1.000,1.601,4.015,-0.021,4.196
74.27,1.188,-0.999,1.589,4.447,-0.020,4.204
74.28,1.617,-1.001,1.589,4.149,-0.022,4.200
74.29,1.620,-1.000,1.591,3.855,-0.022,4.190
74.31,1.562,-0.999,1.591,4.025,-0.021,4.186
74.32,1.722,-0.999,1.595,4.355,-0.021,4.190
74.33,1.532,-0.998,1.594,4.322,-0.022,4.193
74.34,1.431,-0.997,1.591,4.027,-0.024,4.186
74.35,1.609,-0.996,1.592,4.104,-0.024,4.183
74.36,1.622,-0.995,1.594,4.306,-0.024,4.186
74.37,1.555,-0.992,1.596,4.191,-0.024,4.187
74.38,1.402,-0.995,1.587,4.205,-0.024,4.187
74.39,1.717,-0.994,1.592,4.377,-0.024,4.193
74.40,1.566,-0.994,1.591,4.302,-0.024,4.196
74.41,1.415,-0.993,1.587,3.941,-0.023,4.189
74.42,1.590,-0.995,1.585,4.325,-0.022,4.193
74.43,1.451,-0.996,1.580,4.266,-0.022,4.195
74.44,1.624,-0.996,1.581,4.441,-0.021,4.204
74.45,1.538,-0.998,1.578,4.137,-0.020,4.202
74.46,1.413,-0.998,1.573,4.179,-0.019,4.203
74.47,1.460,-0.998,1.570,4.173,-0.020,4.201
74.48,1.522,-0.998,1.568,4.016,-0.020,4.195
74.49,1.542,-1.000,1.565,4.304,-0.020,4.199
74.50,1.365,-1.002,1.556,4.203,-0.019,4.199
74.51,1.484,-1.002,1.554,4.374,-0.019,4.205
74.52,1.503,-1.001,1.553,4.220,-0.019,4.205
74.53,1.688,-1.000,1.558,4.081,-0.019,4.201
74.54,1.596,-1.001,1.559,4.169,-0.019,4.200
74.55,1.634,-1.002,1.560,4.204,-0.018,4.201
74.56,1.708,-1.001,1.565,4.080,-0.019,4.196
74.57,1.781,-1.001,1.572,4.171,-0.019,4.195
74.58,1.467,-1.001,1.568,4.339,-0.019,4.200
74.59,1.720,-1.002,1.572,4.363,-0.017,4.206
74.60,1.981,-1.002,1.584,4.041,-0.017,4.201
74.61,1.618,-1.002,1.585,4.135,-0.016,4.200
74.62,1.577,-1.003,1.585,4.025,-0.016,4.194
74.63,1.695,-1.003,1.588,4.360,-0.018,4.197
74.64,1.205,-1.002,1.577,4.212,-0.018,4.198
74.65,1.612,-1.003,1.577,4.352,-0.018,4.202
74.66,1.720,-1.004,1.582,4.315,-0.017,4.206
74.67,1.680,-1.004,1.584,3.904,-0.019,4.196
74.68,1.446,-1.002,1.582,4.236,-0.019,4.196
74.69,1.714,-1.001,1.587,3.927,-0.021,4.186
74.70,1.628,-1.002,1.588,3.922,-0.021,4.178
74.71,1.603,-1.001,1.589,4.184,-0.021,4.178
74.72,1.834,-1.002,1.596,4.278,-0.021,4.181
74.73,1.354,-1.000,1.590,4.244,-0.020,4.183
74.74,1.456,-1.002,1.585,4.012,-0.020,4.177
74.75,1.316,-1.004,1.575,4.215,-0.020,4.178
74.76,1.446,-1.003,1.572,4.058,-0.020,4.174
74.77,1.368,-1.004,1.565,4.324,-0.019,4.180
74.78,1.572,-1.004,1.564,4.228,-0.018,4.181
74.79,1.357,-1.005,1.557,4.155,-0.018,4.180
74.80,1.671,-1.006,1.559,4.112,-0.019,4.177
74.81,1.604,-1.008,1.559,4.078,-0.018,4.175
74.82,1.535,-1.009,1.557,3.828,-0.017,4.165
74.83,1.525,-1.009,1.556,4.188,-0.019,4.164
74.84,1.567,-1.012,1.553,4.223,-0.019,4.165
74.85,1.503,-1.012,1.552,3.977,-0.019,4.159
74.86,1.344,-1.012,1.545,4.159,-0.018,4.159
74.87,1.507,-1.012,1.543,4.221,-0.018,4.161
74.88,1.521,-1.013,1.542,4.414,-0.017,4.169
74.89,1.481,-1.014,1.539,4.288,-0.016,4.173
74.90,1.643,-1.013,1.542,4.355,-0.016,4.178
74.91,1.583,-1.012,1.544,4.256,-0.016,4.180
74.92,1.512,-1.010,1.545,4.375,-0.016,4.186
74.93,1.627,-1.011,1.547,4.283,-0.016,4.189
74.94,1.729,-1.013,1.550,4.095,-0.017,4.185
74.95,1.508,-1.013,1.549,4.283,-0.017,4.188
74.96,1.749,-1.015,1.553,4.385,-0.017,4.193
74.97,1.628,-1.013,1.557,4.345,-0.017,4.198
74.98,1.493,-1.015,1.553,4.090,-0.016,4.195
74.99,1.553,-1.014,1.554,3.869,-0.016,4.185
75.00,1.905,-1.015,1.564,4.281,-0.016,4.188
75.01,1.640,-1.016,1.565,4.286,-0.015,4.192
75.02,1.556,-1.016,1.565,4.071,-0.015,4.188
75.03,1.804,-1.015,1.573,3.939,-0.015,4.180
75.04,1.522,-1.015,1.572,4.072,-0.015,4.177
75.05,1.298,-1.015,1.564,3.855,-0.014,4.167
75.06,1.485,-1.014,1.562,4.137,-0.015,4.165
75.07,1.568,-1.014,1.562,4.391,-0.015,4.172
75.08,1.596,-1.014,1.564,4.169,-0.016,4.171
75.09,1.535,-1.012,1.565,3.971,-0.016,4.164
75.10,1.534,-1.010,1.565,4.345,-0.017,4.169
75.11,1.568,-1.011,1.565,3.898,-0.018,4.159
75.12,1.495,-1.010,1.563,4.378,-0.017,4.166
75.13,1.565,-1.012,1.562,4.551,-0.016,4.178
75.14,1.456,-1.013,1.557,4.193,-0.017,4.177
75.15,1.687,-1.011,1.563,4.353,-0.015,4.185
75.16,1.733,-1.010,1.569,4.190,-0.017,4.183
75.17,1.645,-1.013,1.569,4.033,-0.017,4.178
75.18,1.731,-1.012,1.575,3.993,-0.016,4.173
75.19,1.387,-1.011,1.570,3.833,-0.016,4.162
75.20,1.843,-1.011,1.579,4.008,-0.019,4.154
75.21,1.802,-1.012,1.585,4.190,-0.018,4.156
75.22,1.290,-1.013,1.575,4.153,-0.019,4.155
75.23,1.586,-1.012,1.577,4.240,-0.019,4.157
75.24,1.310,-1.010,1.570,4.279,-0.019,4.160
75.25,1.840,-1.011,1.577,4.303,-0.019,4.164
75.26,1.861,-1.014,1.583,4.137,-0.020,4.162
75.27,1.712,-1.015,1.587,4.005,-0.019,4.158
75.28,1.674,-1.016,1.588,4.358,-0.018,4.165
75.29,1.463,-1.015,1.586,4.220,-0.019,4.165
75.30,1.824,-1.013,1.595,4.094,-0.021,4.161
75.31,1.584,-1.012,1.596,3.970,-0.021,4.155
75.32,1.704,-1.015,1.598,4.289,-0.022,4.158
75.33,1.657,-1.014,1.601,4.078,-0.021,4.155
75.34,1.115,-1.013,1.587,4.179,-0.021,4.156
75.35,1.751,-1.014,1.591,4.399,-0.021,4.164
75.36,1.749,-1.014,1.597,4.021,-0.020,4.159
75.37,1.694,-1.011,1.602,4.238,-0.020,4.161
75.38,1.452,-1.011,1.598,4.023,-0.019,4.158
75.39,1.730,-1.011,1.602,4.241,-0.020,4.160
75.40,1.652,-1.011,1.604,4.073,-0.021,4.156
75.41,1.636,-1.010,1.606,4.227,-0.021,4.157
75.42,1.519,-1.012,1.603,4.202,-0.021,4.159
75.43,1.427,-1.010,1.599,4.371,-0.020,4.166
75.44,1.382,-1.011,1.592,4.229,-0.019,4.168
75.45,1.317,-1.012,1.582,4.110,-0.021,4.164
75.46,1.782,-1.011,1.590,4.174,-0.021,4.165
75.47,1.555,-1.011,1.589,3.924,-0.020,4.158
75.48,1.546,-1.010,1.589,4.084,-0.020,4.156
75.49,1.542,-1.011,1.587,4.398,-0.020,4.162
75.50,1.372,-1.011,1.580,4.455,-0.022,4.169
75.51,1.451,-1.012,1.575,4.046,-0.022,4.165
75.52,1.531,-1.013,1.573,4.412,-0.023,4.171
75.53,1.363,-1.014,1.566,4.059,-0.022,4.169
75.54,1.643,-1.012,1.570,4.175,-0.021,4.170
75.55,1.647,-1.012,1.573,4.256,-0.022,4.172
75.56,1.643,-1.013,1.573,3.885,-0.021,4.163
75.58,1.427,-1.014,1.568,4.165,-0.021,4.163
75.59,1.722,-1.016,1.571,4.296,-0.022,4.167
75.60,1.329,-1.016,1.563,4.054,-0.021,4.164
75.60,1.756,-1.016,1.570,4.109,-0.022,4.161
75.62,1.479,-1.015,1.568,4.119,-0.022,4.160
75.63,1.608,-1.015,1.569,4.174,-0.021,4.160
75.64,1.642,-1.014,1.571,4.242,-0.021,4.163
75.64,1.570,-1.012,1.574,4.120,-0.021,4.161
75.66,1.415,-1.010,1.571,4.042,-0.022,4.157
75.67,1.823,-1.009,1.579,4.395,-0.022,4.163
75.68,1.480,-1.011,1.575,4.196,-0.022,4.165
75.68,1.589,-1.011,1.575,4.040,-0.022,4.160
75.70,1.658,-1.013,1.576,4.045,-0.023,4.156
75.71,1.976,-1.014,1.587,4.196,-0.024,4.156
75.72,1.396,-1.015,1.580,4.166,-0.024,4.156
75.73,1.439,-1.015,1.576,4.031,-0.024,4.152
75.74,1.872,-1.015,1.586,4.312,-0.024,4.156
75.75,1.773,-1.014,1.592,4.421,-0.024,4.165
75.76,1.658,-1.013,1.596,4.281,-0.024,4.168
75.77,1.438,-1.013,1.591,4.253,-0.024,4.171
75.78,1.504,-1.013,1.589,4.230,-0.023,4.173
75.79,1.565,-1.010,1.590,4.191,-0.023,4.174
75.80,1.554,-1.010,1.590,4.016,-0.022,4.170
75.81,1.463,-1.010,1.586,4.377,-0.022,4.176
75.82,1.703,-1.011,1.589,4.403,-0.022,4.183
75.83,1.676,-1.011,1.592,4.290,-0.022,4.186
75.84,1.461,-1.011,1.588,4.213,-0.023,4.186
75.85,1.479,-1.010,1.586,3.920,-0.023,4.178
75.86,1.398,-1.011,1.579,4.292,-0.023,4.182
75.87,1.596,-1.011,1.580,3.939,-0.023,4.174
75.88,1.531,-1.010,1.579,4.304,-0.025,4.176
75.89,1.815,-1.008,1.588,4.209,-0.026,4.176
75.90,1.645,-1.007,1.591,4.241,-0.026,4.178
75.91,1.904,-1.006,1.602,4.398,-0.026,4.186
75.92,1.782,-1.007,1.606,4.150,-0.025,4.185
75.93,1.399,-1.009,1.599,4.024,-0.024,4.181
75.94,1.537,-1.010,1.596,4.168,-0.025,4.180
75.95,1.515,-1.010,1.594,4.287,-0.024,4.184
75.96,1.657,-1.008,1.598,4.389,-0.022,4.192
75.97,1.429,-1.009,1.592,3.952,-0.023,4.184
75.98,1.833,-1.008,1.600,3.983,-0.024,4.177
75.99,1.710,-1.009,1.603,4.203,-0.024,4.178
76.00,1.574,-1.010,1.602,4.225,-0.026,4.178
76.01,1.558,-1.009,1.602,4.173,-0.028,4.176
76.02,1.423,-1.007,1.598,4.172,-0.029,4.174
76.03,1.471,-1.006,1.595,3.890,-0.029,4.166
76.04,1.494,-1.007,1.591,4.094,-0.029,4.164
76.05,1.440,-1.007,1.586,3.918,-0.029,4.156
76.06,1.597,-1.008,1.586,4.036,-0.029,4.152
76.07,1.580,-1.008,1.586,3.960,-0.027,4.147
76.08,1.683,-1.007,1.590,4.357,-0.028,4.153
76.09,1.506,-1.007,1.587,3.802,-0.028,4.142
76.10,1.499,-1.007,1.585,4.184,-0.027,4.144
76.11,1.400,-1.007,1.579,4.322,-0.026,4.150
76.12,1.604,-1.009,1.578,4.296,-0.025,4.155
76.13,1.690,-1.010,1.580,4.386,-0.024,4.163
76.14,1.494,-1.012,1.576,3.934,-0.027,4.153
76.15,1.518,-1.013,1.573,4.115,-0.028,4.150
76.16,1.676,-1.012,1.577,4.196,-0.030,4.150
76.17,1.654,-1.012,1.579,4.311,-0.028,4.156
76.18,1.575,-1.013,1.578,4.134,-0.028,4.156
76.19,1.853,-1.013,1.587,4.382,-0.027,4.163
76.20,1.620,-1.013,1.588,4.350,-0.029,4.168
76.21,1.575,-1.012,1.589,4.108,-0.028,4.167
76.22,1.550,-1.013,1.586,4.138,-0.028,4.165
76.23,1.438,-1.015,1.580,3.953,-0.028,4.159
76.24,1.765,-1.015,1.586,4.122,-0.029,4.156
76.25,1.376,-1.014,1.580,4.019,-0.030,4.151
76.26,1.625,-1.013,1.583,4.640,-0.030,4.167
76.27,1.449,-1.013,1.579,4.133,-0.031,4.165
76.28,1.314,-1.014,1.570,4.537,-0.030,4.176
76.29,1.436,-1.015,1.565,4.390,-0.030,4.184
76.30,1.838,-1.015,1.573,4.104,-0.032,4.179
76.31,1.635,-1.015,1.574,3.998,-0.032,4.174
76.32,1.737,-1.015,1.579,4.210,-0.032,4.175
76.33,1.340,-1.015,1.573,3.993,-0.031,4.170
76.34,1.482,-1.015,1.569,4.146,-0.030,4.170
76.35,1.454,-1.015,1.567,4.523,-0.032,4.180
76.36,1.748,-1.013,1.573,4.393,-0.032,4.187
76.37,1.559,-1.014,1.572,4.347,-0.031,4.192
76.38,1.595,-1.013,1.573,4.070,-0.031,4.188
76.39,1.643,-1.014,1.575,4.259,-0.032,4.190
76.40,1.511,-1.014,1.573,4.432,-0.031,4.198
76.41,1.444,-1.016,1.567,4.038,-0.032,4.193
76.42,1.554,-1.016,1.567,4.366,-0.032,4.198
76.43,1.553,-1.015,1.567,4.112,-0.033,4.196
76.44,1.710,-1.015,1.572,4.229,-0.032,4.197
76.45,1.923,-1.016,1.581,4.626,-0.034,4.209
76.46,1.548,-1.018,1.579,4.147,-0.033,4.209
76.47,1.620,-1.017,1.580,4.333,-0.033,4.213
76.48,1.754,-1.017,1.586,4.145,-0.034,4.210
76.49,1.353,-1.017,1.579,4.225,-0.033,4.212
76.50,1.646,-1.016,1.582,4.110,-0.033,4.209
76.51,1.367,-1.018,1.573,4.045,-0.033,4.205
76.52,1.561,-1.020,1.572,4.082,-0.033,4.201
76.53,1.455,-1.019,1.569,4.339,-0.032,4.207
76.54,1.619,-1.018,1.571,4.154,-0.032,4.206
76.55,1.519,-1.018,1.570,4.285,-0.032,4.208
76.56,1.530,-1.019,1.567,4.224,-0.032,4.209
76.57,1.375,-1.020,1.560,4.305,-0.033,4.212
76.58,1.571,-1.021,1.560,4.058,-0.031,4.209
76.59,1.669,-1.022,1.563,4.048,-0.031,4.205
76.60,1.712,-1.021,1.568,4.249,-0.030,4.207
76.61,1.758,-1.021,1.574,4.083,-0.031,4.203
76.62,1.563,-1.019,1.575,4.477,-0.032,4.210
76.63,1.569,-1.019,1.576,3.935,-0.031,4.203
76.64,1.545,-1.018,1.576,4.423,-0.031,4.210
76.65,1.746,-1.018,1.580,4.206,-0.032,4.210
76.66,1.374,-1.019,1.573,4.181,-0.030,4.210
76.67,1.620,-1.021,1.572,4.215,-0.031,4.210
76.68,1.726,-1.022,1.576,4.231,-0.032,4.210
76.69,1.604,-1.023,1.577,4.307,-0.032,4.213
76.70,1.726,-1.021,1.583,3.712,-0.033,4.197
76.71,1.391,-1.021,1.577,4.175,-0.032,4.198
76.72,1.328,-1.023,1.568,3.894,-0.031,4.190
76.73,1.751,-1.024,1.573,4.098,-0.030,4.188
76.74,1.658,-1.024,1.575,4.103,-0.031,4.185
76.75,1.863,-1.025,1.583,4.177,-0.031,4.185
76.76,1.649,-1.026,1.584,4.107,-0.031,4.182
76.77,1.578,-1.027,1.583,4.102,-0.031,4.180
76.78,1.325,-1.029,1.573,4.555,-0.032,4.191
76.79,1.645,-1.028,1.577,4.081,-0.031,4.188
76.80,1.574,-1.030,1.575,4.165,-0.030,4.188
76.81,1.563,-1.030,1.575,4.172,-0.031,4.187
76.82,1.525,-1.031,1.572,4.011,-0.031,4.182
76.83,1.668,-1.032,1.575,4.079,-0.031,4.179
76.84,1.398,-1.033,1.569,4.424,-0.030,4.186
76.85,1.768,-1.032,1.576,3.888,-0.030,4.178
76.86,1.475,-1.031,1.573,4.246,-0.030,4.180
76.87,1.678,-1.031,1.577,4.269,-0.030,4.182
76.88,1.228,-1.031,1.566,4.071,-0.029,4.180
76.89,1.367,-1.032,1.560,4.381,-0.029,4.186
76.90,1.402,-1.032,1.555,4.372,-0.029,4.193
76.91,1.679,-1.031,1.559,4.248,-0.029,4.194
76.92,1.641,-1.029,1.564,4.086,-0.029,4.190
76.93,1.435,-1.028,1.561,4.253,-0.028,4.193
76.94,1.646,-1.027,1.564,4.207,-0.027,4.195
76.95,1.619,-1.029,1.564,4.177,-0.027,4.195
76.96,1.453,-1.029,1.560,4.292,-0.027,4.198
76.97,1.422,-1.030,1.555,3.984,-0.027,4.192
76.98,1.307,-1.031,1.547,4.094,-0.026,4.189
76.99,1.315,-1.029,1.541,4.014,-0.026,4.184
77.00,1.395,-1.031,1.534,4.021,-0.025,4.180
77.01,1.426,-1.031,1.531,4.010,-0.025,4.174
77.02,1.617,-1.031,1.534,4.240,-0.025,4.176
77.03,1.674,-1.029,1.539,4.058,-0.025,4.173
77.04,1.640,-1.030,1.541,4.084,-0.024,4.171
77.05,1.547,-1.029,1.542,4.075,-0.023,4.169
77.06,1.513,-1.029,1.541,4.101,-0.023,4.166
77.07,1.646,-1.032,1.541,4.133,-0.023,4.165
77.08,1.834,-1.035,1.548,3.993,-0.021,4.161
77.09,1.557,-1.036,1.547,4.231,-0.022,4.163
77.11,1.376,-1.035,1.542,4.275,-0.022,4.166
77.12,1.761,-1.036,1.548,3.881,-0.022,4.157
77.13,1.691,-1.036,1.552,4.148,-0.022,4.156
77.14,1.397,-1.036,1.547,3.844,-0.021,4.147
77.15,1.515,-1.037,1.545,4.082,-0.020,4.146
77.16,1.585,-1.038,1.545,4.348,-0.019,4.152
77.17,1.377,-1.038,1.541,4.106,-0.018,4.151
77.18,1.590,-1.039,1.541,3.826,-0.019,4.140
77.19,1.594,-1.039,1.542,4.053,-0.020,4.137
77.20,1.416,-1.040,1.537,4.183,-0.022,4.136
77.21,1.733,-1.040,1.543,4.333,-0.023,4.140
77.22,1.761,-1.039,1.551,4.199,-0.023,4.141
77.23,1.385,-1.042,1.543,4.118,-0.025,4.139
77.24,1.601,-1.043,1.544,4.278,-0.025,4.142
77.25,1.775,-1.043,1.551,4.058,-0.026,4.138
77.26,1.520,-1.042,1.551,3.948,-0.027,4.131
77.26,1.325,-1.043,1.543,4.237,-0.026,4.135
77.28,1.537,-1.044,1.542,4.252,-0.025,4.139
77.29,1.595,-1.045,1.542,4.240,-0.024,4.143
77.30,1.645,-1.045,1.546,4.241,-0.024,4.145
77.31,1.789,-1.045,1.553,4.289,-0.025,4.148
77.32,1.840,-1.044,1.563,4.209,-0.025,4.150
77.33,1.497,-1.042,1.563,3.991,-0.025,4.145
77.34,1.547,-1.043,1.562,4.296,-0.026,4.148
77.35,1.810,-1.042,1.570,4.061,-0.027,4.145
77.36,1.608,-1.042,1.572,4.105,-0.026,4.143
77.37,1.663,-1.042,1.575,4.236,-0.026,4.146
77.38,1.497,-1.042,1.573,4.384,-0.026,4.154
77.39,1.650,-1.041,1.576,3.841,-0.024,4.146
77.40,1.537,-1.043,1.574,4.026,-0.025,4.141
77.41,1.783,-1.044,1.579,4.277,-0.024,4.146
77.42,1.314,-1.043,1.572,4.151,-0.023,4.146
77.43,1.731,-1.043,1.577,4.195,-0.022,4.148
77.44,1.575,-1.043,1.577,4.353,-0.022,4.155
77.45,1.557,-1.044,1.576,4.222,-0.022,4.156
77.46,1.685,-1.045,1.579,4.195,-0.023,4.156
77.47,1.531,-1.044,1.579,4.059,-0.023,4.153
77.48,1.430,-1.044,1.575,4.130,-0.023,4.152
77.49,1.524,-1.046,1.572,4.359,-0.024,4.158
77.50,1.441,-1.045,1.569,4.139,-0.024,4.156
77.51,1.837,-1.046,1.576,4.404,-0.024,4.164
77.52,1.610,-1.046,1.577,4.130,-0.024,4.163
77.53,1.570,-1.046,1.577,4.237,-0.025,4.164
77.54,1.757,-1.049,1.580,4.079,-0.026,4.161
77.55,1.453,-1.051,1.574,4.168,-0.026,4.161
77.56,1.691,-1.052,1.577,4.365,-0.025,4.168
77.57,1.752,-1.053,1.582,4.079,-0.025,4.165
77.58,1.599,-1.054,1.582,4.332,-0.025,4.170
77.59,1.779,-1.053,1.589,4.142,-0.024,4.170
77.60,1.528,-1.053,1.589,4.100,-0.023,4.169
77.61,1.796,-1.053,1.596,4.197,-0.024,4.168
77.62,1.517,-1.052,1.594,4.023,-0.024,4.164
77.63,1.398,-1.053,1.587,4.045,-0.024,4.160
77.64,1.677,-1.053,1.591,3.992,-0.024,4.155
77.65,1.797,-1.053,1.598,4.160,-0.024,4.155
77.66,1.671,-1.052,1.602,4.110,-0.024,4.154
77.67,1.349,-1.051,1.595,4.234,-0.024,4.156
77.68,1.727,-1.053,1.598,4.319,-0.024,4.160
77.69,1.537,-1.051,1.598,4.161,-0.024,4.161
77.70,1.687,-1.051,1.601,4.138,-0.024,4.159
77.71,1.516,-1.051,1.599,4.153,-0.025,4.159
77.72,1.598,-1.052,1.598,3.979,-0.024,4.154
77.73,1.646,-1.054,1.599,4.000,-0.023,4.150
77.74,1.577,-1.055,1.598,4.157,-0.023,4.150
77.75,1.697,-1.053,1.603,4.321,-0.023,4.155
77.76,1.585,-1.054,1.602,4.287,-0.024,4.158
77.77,1.770,-1.055,1.607,4.135,-0.024,4.157
77.78,1.374,-1.055,1.601,4.114,-0.024,4.156
77.79,1.467,-1.054,1.597,4.220,-0.024,4.157
77.80,1.532,-1.054,1.596,4.207,-0.023,4.159
77.81,1.485,-1.052,1.595,4.235,-0.023,4.162
77.82,1.676,-1.055,1.595,4.266,-0.023,4.165
77.83,1.657,-1.055,1.597,3.993,-0.023,4.160
77.84,1.600,-1.057,1.596,3.951,-0.022,4.154
77.85,1.900,-1.060,1.603,3.969,-0.022,4.148
77.86,1.635,-1.058,1.606,4.265,-0.020,4.153
77.87,1.697,-1.056,1.611,4.173,-0.021,4.153
77.88,1.369,-1.056,1.605,4.126,-0.021,4.152
77.89,1.648,-1.055,1.608,4.105,-0.020,4.151
77.90,1.652,-1.054,1.610,4.367,-0.019,4.159
77.91,1.643,-1.054,1.612,4.209,-0.017,4.162
77.92,1.380,-1.054,1.605,4.365,-0.015,4.170
77.93,1.748,-1.056,1.608,4.337,-0.014,4.176
77.94,1.664,-1.057,1.609,4.287,-0.014,4.180
77.95,1.731,-1.057,1.613,4.436,-0.014,4.188
77.96,1.546,-1.057,1.611,4.232,-0.013,4.190
77.97,1.719,-1.056,1.617,4.156,-0.012,4.190
77.98,1.396,-1.055,1.612,4.469,-0.012,4.199
77.99,1.639,-1.055,1.613,4.382,-0.013,4.204
78.00,1.415,-1.056,1.606,4.065,-0.012,4.200
78.01,1.624,-1.055,1.608,4.006,-0.012,4.195
78.02,1.712,-1.054,1.613,4.223,-0.011,4.197
78.03,1.691,-1.056,1.614,3.966,-0.011,4.190
78.04,1.622,-1.057,1.614,4.219,-0.010,4.191
78.05,1.673,-1.060,1.613,4.020,-0.010,4.187
78.06,1.425,-1.061,1.606,3.883,-0.010,4.177
78.07,1.775,-1.060,1.614,4.123,-0.009,4.176
78.08,1.571,-1.061,1.612,4.231,-0.009,4.178
78.09,1.573,-1.060,1.611,4.297,-0.009,4.181
78.10,1.664,-1.060,1.614,4.093,-0.008,4.179
78.11,1.556,-1.062,1.611,4.181,-0.008,4.180
78.12,1.610,-1.062,1.611,4.178,-0.008,4.180
78.13,1.603,-1.062,1.612,4.226,-0.008,4.181
78.14,1.550,-1.063,1.610,4.213,-0.007,4.183
78.15,1.700,-1.063,1.612,4.134,-0.007,4.182
78.16,1.605,-1.064,1.612,4.167,-0.007,4.181
78.17,1.555,-1.065,1.610,4.092,-0.006,4.179
78.18,1.357,-1.065,1.602,4.026,-0.008,4.173
78.19,1.460,-1.063,1.600,4.190,-0.007,4.174
78.20,1.465,-1.063,1.596,4.158,-0.006,4.174
78.21,1.604,-1.064,1.596,4.208,-0.006,4.175
78.22,1.543,-1.065,1.594,4.235,-0.006,4.177
78.23,1.631,-1.065,1.596,4.075,-0.008,4.172
78.24,1.571,-1.063,1.596,3.939,-0.008,4.164
78.25,1.399,-1.064,1.590,4.577,-0.009,4.176
78.26,1.543,-1.065,1.588,4.041,-0.007,4.173
78.27,1.479,-1.064,1.585,4.389,-0.008,4.180
78.28,1.333,-1.064,1.578,4.240,-0.008,4.181
78.29,1.404,-1.064,1.573,4.175,-0.008,4.181
78.30,1.487,-1.064,1.570,4.107,-0.006,4.180
78.31,1.674,-1.065,1.573,4.344,-0.005,4.186
78.32,1.397,-1.063,1.569,4.230,-0.006,4.187
78.33,1.663,-1.062,1.573,3.948,-0.006,4.180
78.34,1.705,-1.062,1.577,3.949,-0.005,4.173
78.35,1.315,-1.063,1.568,4.162,-0.005,4.173
78.36,1.415,-1.061,1.565,4.283,-0.005,4.176
78.37,1.412,-1.062,1.560,3.966,-0.004,4.171
78.38,1.876,-1.063,1.569,4.173,-0.004,4.171
78.39,1.588,-1.064,1.568,4.138,-0.004,4.170
78.40,1.785,-1.065,1.574,4.088,-0.004,4.167
78.41,1.596,-1.064,1.576,4.132,-0.002,4.168
78.42,1.747,-1.066,1.579,4.222,-0.003,4.168
78.43,1.831,-1.067,1.586,3.944,-0.004,4.160
78.44,1.761,-1.066,1.592,4.183,-0.004,4.161
78.45,1.612,-1.066,1.593,4.267,-0.004,4.163
78.46,1.806,-1.067,1.599,4.128,-0.004,4.162
78.47,1.702,-1.068,1.601,4.377,-0.003,4.169
78.48,1.846,-1.070,1.608,4.341,-0.001,4.176
78.49,1.612,-1.069,1.609,4.402,-0.003,4.181
78.50,1.477,-1.068,1.606,4.518,-0.003,4.191
78.51,1.761,-1.069,1.611,4.174,-0.004,4.190
78.52,1.792,-1.070,1.616,4.164,-0.004,4.190
78.53,1.461,-1.072,1.610,3.862,-0.004,4.179
78.55,1.604,-1.073,1.609,3.751,-0.004,4.166
78.55,1.224,-1.073,1.598,3.854,-0.004,4.157
78.56,1.588,-1.073,1.598,4.137,-0.002,4.157
78.57,1.676,-1.075,1.599,4.315,-0.002,4.162
78.58,1.556,-1.076,1.597,4.373,-0.002,4.168
78.59,1.457,-1.075,1.594,4.303,-0.003,4.172
78.60,1.407,-1.078,1.586,3.977,-0.001,4.167
78.61,1.558,-1.080,1.583,4.233,-0.002,4.168
78.62,1.428,-1.081,1.577,4.172,-0.002,4.168
78.64,1.368,-1.081,1.571,4.347,-0.002,4.174
78.65,1.655,-1.081,1.574,3.962,-0.001,4.167
78.66,1.697,-1.083,1.576,4.379,-0.001,4.174
78.67,1.468,-1.086,1.570,4.123,-0.002,4.171
78.68,1.436,-1.088,1.564,4.270,-0.001,4.175
78.69,1.750,-1.088,1.570,4.136,-0.001,4.174
78.70,1.868,-1.088,1.579,4.009,-0.001,4.169
78.71,1.450,-1.088,1.575,4.342,-0.001,4.174
78.72,1.655,-1.088,1.578,4.072,0.000,4.172
78.73,1.555,-1.090,1.576,4.309,0.000,4.176
78.74,1.375,-1.091,1.569,4.233,0.000,4.178
78.75,1.602,-1.092,1.569,4.125,0.001,4.176
78.76,1.754,-1.093,1.574,4.189,0.000,4.176
78.77,1.523,-1.093,1.573,4.181,0.001,4.176
78.78,1.517,-1.094,1.570,4.148,0.000,4.175
78.79,1.462,-1.093,1.568,4.082,-0.001,4.171
78.80,1.590,-1.092,1.570,4.286,-0.002,4.173
78.81,1.520,-1.092,1.568,4.129,-0.002,4.172
78.82,1.806,-1.092,1.576,4.513,-0.002,4.182
78.83,1.424,-1.092,1.572,4.151,-0.003,4.181
78.84,1.344,-1.091,1.566,4.401,-0.002,4.188
78.85,1.568,-1.091,1.566,4.211,-0.002,4.189
78.86,1.848,-1.093,1.573,4.228,-0.002,4.190
78.87,1.562,-1.095,1.571,4.195,-0.000,4.192
78.88,1.685,-1.096,1.574,4.036,-0.000,4.187
78.89,1.636,-1.094,1.578,4.075,-0.001,4.183
78.90,1.543,-1.093,1.578,4.075,0.000,4.181
78.91,1.704,-1.093,1.582,4.249,-0.001,4.182
78.92,1.457,-1.093,1.578,4.152,-0.000,4.182
78.93,1.519,-1.092,1.578,4.102,-0.000,4.179
78.94,1.504,-1.091,1.577,4.055,-0.000,4.175
78.95,1.548,-1.092,1.576,4.098,0.000,4.173
78.96,1.723,-1.094,1.578,4.274,-0.001,4.175
78.97,1.547,-1.095,1.577,3.993,-0.001,4.170
78.98,1.690,-1.094,1.581,4.121,0.000,4.169
78.99,1.790,-1.095,1.587,4.450,0.001,4.178
79.00,1.547,-1.096,1.585,4.087,0.002,4.176
79.01,1.677,-1.096,1.589,4.417,0.002,4.184
79.02,1.504,-1.097,1.586,4.222,0.002,4.185
79.03,1.282,-1.098,1.575,4.330,0.002,4.189
79.04,1.761,-1.099,1.580,3.968,0.003,4.184
79.05,1.288,-1.100,1.570,3.879,0.002,4.173
79.06,1.374,-1.100,1.565,3.831,0.001,4.162
79.07,1.534,-1.101,1.564,4.153,0.002,4.162
79.08,1.646,-1.102,1.565,4.060,0.002,4.159
79.09,1.672,-1.105,1.566,4.210,0.003,4.161
79.10,1.449,-1.105,1.562,4.247,0.003,4.163
79.11,1.500,-1.102,1.563,4.085,0.004,4.161
79.12,1.684,-1.104,1.565,3.782,0.004,4.149
79.13,1.471,-1.103,1.563,4.140,0.003,4.148
79.14,1.663,-1.104,1.566,4.622,0.003,4.163
79.15,1.490,-1.107,1.561,4.105,0.005,4.162
79.16,1.587,-1.106,1.562,4.267,0.005,4.165
79.17,1.473,-1.106,1.560,3.859,0.005,4.156
79.18,1.535,-1.107,1.558,4.080,0.006,4.154
79.19,1.232,-1.108,1.548,4.461,0.004,4.161
79.20,1.522,-1.108,1.547,4.195,0.003,4.161
79.21,1.613,-1.108,1.549,4.113,0.004,4.160
79.22,1.802,-1.108,1.557,4.119,0.003,4.158
79.23,1.650,-1.109,1.559,4.084,0.004,4.156
79.24,1.650,-1.108,1.563,4.422,0.002,4.162
79.25,1.568,-1.108,1.563,4.406,0.002,4.170
79.26,1.714,-1.108,1.568,3.927,0.001,4.161
79.27,1.640,-1.109,1.569,3.887,0.002,4.153
79.28,1.300,-1.109,1.562,4.465,0.002,4.163
79.29,1.635,-1.108,1.565,3.905,0.002,4.154
79.30,1.531,-1.108,1.564,3.985,0.003,4.150
79.31,1.602,-1.107,1.566,4.223,0.003,4.152
79.32,1.571,-1.108,1.566,4.110,0.002,4.150
79.33,1.442,-1.106,1.564,4.141,0.002,4.149
79.34,1.601,-1.106,1.566,4.219,0.002,4.151
79.35,1.448,-1.105,1.563,4.048,0.001,4.147
79.36,1.421,-1.106,1.557,4.228,0.002,4.149
79.37,1.559,-1.107,1.557,4.202,0.002,4.151
79.38,1.595,-1.107,1.558,4.181,0.003,4.153
79.39,1.573,-1.109,1.557,4.087,0.004,4.151
79.40,1.724,-1.109,1.562,4.192,0.005,4.153
79.41,1.841,-1.109,1.571,4.003,0.004,4.147
79.42,1.570,-1.108,1.572,3.818,0.002,4.135
79.43,1.313,-1.108,1.564,4.256,0.003,4.139
79.44,1.388,-1.110,1.557,4.466,0.002,4.148
79.45,1.814,-1.111,1.564,4.446,0.004,4.159
79.46,1.841,-1.109,1.575,4.127,0.003,4.157
79.47,1.747,-1.109,1.580,4.115,0.001,4.154
79.48,1.701,-1.110,1.584,4.281,0.001,4.157
79.49,1.664,-1.111,1.585,4.175,-0.001,4.156
79.50,1.564,-1.111,1.585,4.115,-0.000,4.155
79.51,1.697,-1.111,1.589,4.030,-0.000,4.151
79.52,1.631,-1.109,1.592,4.263,0.000,4.154
79.53,1.748,-1.111,1.596,4.368,-0.001,4.160
79.54,1.550,-1.113,1.593,4.094,0.000,4.159
79.55,1.511,-1.112,1.592,4.360,-0.001,4.163
79.56,1.423,-1.113,1.586,4.312,-0.001,4.168
79.57,1.602,-1.113,1.587,4.560,0.001,4.182
79.58,1.473,-1.114,1.583,4.391,0.001,4.188
79.59,1.486,-1.114,1.580,4.291,0.001,4.192
79.60,1.430,-1.112,1.578,4.149,0.001,4.191
79.61,1.802,-1.114,1.583,4.390,0.002,4.198
79.62,1.436,-1.117,1.576,4.030,0.001,4.192
79.63,1.558,-1.116,1.576,4.317,0.003,4.197
79.64,1.448,-1.116,1.574,4.259,0.003,4.200
79.65,1.467,-1.115,1.571,4.448,0.003,4.208
79.66,1.529,-1.117,1.569,4.149,0.005,4.208
79.67,1.317,-1.117,1.561,4.268,0.006,4.211
79.68,1.333,-1.117,1.554,3.856,0.006,4.200
79.69,1.499,-1.117,1.552,4.435,0.006,4.209
79.70,1.440,-1.118,1.548,4.461,0.006,4.216
79.71,1.267,-1.120,1.538,3.983,0.006,4.209
79.72,1.608,-1.120,1.540,4.258,0.006,4.212
79.73,1.959,-1.119,1.553,4.416,0.005,4.217
79.74,1.640,-1.120,1.555,4.367,0.004,4.221
79.75,1.746,-1.120,1.561,4.402,0.004,4.227
79.76,1.791,-1.121,1.568,4.543,0.005,4.238
79.77,1.483,-1.122,1.564,3.955,0.005,4.230
79.78,1.945,-1.122,1.576,4.099,0.005,4.226
79.79,1.512,-1.124,1.572,3.699,0.004,4.210
79.80,1.554,-1.124,1.572,4.112,0.005,4.207
79.81,1.785,-1.125,1.578,4.023,0.004,4.201
79.82,1.684,-1.126,1.580,4.324,0.005,4.206
79.83,1.619,-1.127,1.581,4.162,0.005,4.205
79.84,1.709,-1.127,1.586,4.552,0.006,4.217
79.85,1.576,-1.125,1.587,4.027,0.006,4.211
79.86,1.378,-1.123,1.583,3.816,0.005,4.199
79.87,1.460,-1.124,1.580,4.190,0.005,4.199
79.88,1.690,-1.125,1.582,4.505,0.003,4.207
79.89,1.330,-1.127,1.572,3.880,0.004,4.197
79.90,1.590,-1.127,1.574,4.465,0.004,4.205
79.91,1.601,-1.127,1.575,4.299,0.003,4.208
79.92,1.584,-1.128,1.574,3.912,0.004,4.200
79.93,1.542,-1.129,1.573,3.952,0.004,4.193
79.94,1.513,-1.129,1.571,4.446,0.005,4.201
79.95,1.651,-1.131,1.572,4.013,0.004,4.195
79.96,1.431,-1.130,1.569,4.420,0.005,4.202
79.97,1.535,-1.130,1.568,4.538,0.004,4.213
79.98,1.525,-1.130,1.567,4.118,0.004,4.209
79.99,1.549,-1.131,1.566,4.367,0.004,4.215
80.00,1.599,-1.131,1.567,4.322,0.004,4.218
80.01,1.634,-1.129,1.572,4.246,0.004,4.219
80.03,1.544,-1.129,1.571,4.465,0.004,4.227
80.04,1.475,-1.128,1.570,3.886,0.003,4.216
80.05,1.452,-1.128,1.566,4.132,0.003,4.214
80.06,1.842,-1.128,1.574,3.974,0.003,4.207
80.07,1.476,-1.130,1.570,4.081,0.003,4.203
80.08,1.646,-1.131,1.571,4.125,0.003,4.201
80.09,1.654,-1.133,1.573,4.213,0.003,4.201
80.09,1.656,-1.134,1.575,4.435,0.003,4.209
80.10,1.251,-1.134,1.564,4.298,0.004,4.212
80.12,1.660,-1.133,1.569,4.203,0.003,4.212
80.13,1.523,-1.132,1.568,3.882,0.004,4.202
80.14,1.598,-1.131,1.571,4.474,0.004,4.211
80.15,1.438,-1.131,1.567,4.044,0.004,4.206
80.16,1.711,-1.130,1.573,4.136,0.002,4.202
80.17,1.429,-1.128,1.571,4.087,0.002,4.199
80.18,1.783,-1.129,1.576,4.286,0.000,4.200
80.19,1.426,-1.129,1.572,4.369,-0.001,4.204
80.20,1.772,-1.127,1.580,4.393,-0.001,4.210
80.21,1.616,-1.128,1.580,3.952,-0.001,4.202
80.22,1.756,-1.130,1.585,4.412,-0.001,4.209
80.23,1.489,-1.130,1.581,4.131,-0.002,4.206
80.24,1.463,-1.131,1.577,4.193,-0.004,4.204
80.25,1.655,-1.133,1.579,4.143,-0.003,4.203
80.26,1.869,-1.134,1.586,4.145,-0.002,4.202
80.27,1.336,-1.135,1.578,4.090,-0.002,4.199
80.28,1.674,-1.135,1.582,4.479,-0.001,4.208
80.29,1.264,-1.135,1.572,4.257,-0.000,4.211
80.30,1.721,-1.138,1.575,4.002,0.001,4.206
80.31,1.623,-1.139,1.575,4.174,0.001,4.206
80.32,1.658,-1.140,1.577,4.299,0.001,4.208
80.33,1.601,-1.142,1.576,4.391,0.001,4.214
80.34,1.511,-1.142,1.575,4.214,0.001,4.215
80.35,1.645,-1.144,1.575,4.145,0.003,4.214
80.36,1.629,-1.141,1.580,4.322,0.003,4.218
80.37,1.494,-1.141,1.578,4.120,0.002,4.214
80.38,1.528,-1.142,1.575,4.462,0.002,4.222
80.39,1.477,-1.146,1.569,3.890,0.001,4.212
80.40,1.740,-1.144,1.576,4.360,0.002,4.217
80.41,1.547,-1.144,1.575,4.151,0.003,4.216
80.42,1.591,-1.146,1.575,4.437,0.003,4.224
80.43,1.484,-1.147,1.572,4.334,0.004,4.228
80.44,1.758,-1.146,1.578,4.022,0.005,4.222
80.45,1.505,-1.144,1.579,4.057,0.005,4.218
80.46,1.835,-1.144,1.586,4.149,0.005,4.216
80.47,1.812,-1.146,1.592,4.052,0.006,4.212
80.48,1.570,-1.146,1.592,4.346,0.005,4.216
80.49,1.222,-1.144,1.583,4.367,0.004,4.220
80.50,1.570,-1.143,1.584,4.155,0.004,4.218
80.51,1.713,-1.142,1.589,4.117,0.005,4.215
80.52,1.340,-1.144,1.580,4.430,0.007,4.224
80.53,1.595,-1.144,1.581,4.180,0.006,4.222
80.54,1.651,-1.146,1.582,4.390,0.005,4.227
80.55,1.192,-1.145,1.571,4.316,0.006,4.230
80.56,1.704,-1.144,1.576,4.381,0.006,4.235
80.57,1.728,-1.143,1.582,4.118,0.005,4.232
80.58,1.227,-1.142,1.572,4.191,0.006,4.231
80.59,1.358,-1.142,1.566,4.012,0.007,4.226
80.60,1.422,-1.142,1.562,4.177,0.006,4.224
80.61,1.273,-1.142,1.553,4.328,0.005,4.226
80.62,1.723,-1.144,1.556,4.233,0.006,4.228
80.63,1.489,-1.145,1.553,4.054,0.005,4.222
80.64,1.681,-1.145,1.557,4.487,0.006,4.231
80.65,1.511,-1.146,1.555,4.015,0.005,4.224
80.66,1.651,-1.147,1.557,4.181,0.004,4.222
80.67,1.754,-1.148,1.563,4.240,0.004,4.222
80.68,1.904,-1.148,1.573,4.507,0.005,4.232
80.69,1.728,-1.148,1.578,4.203,0.005,4.232
80.70,1.624,-1.149,1.579,4.433,0.006,4.239
80.71,1.617,-1.148,1.581,4.283,0.005,4.240
80.72,1.359,-1.149,1.574,4.345,0.005,4.243
80.73,1.621,-1.150,1.575,4.167,0.006,4.242
80.74,1.373,-1.148,1.571,4.137,0.006,4.240
80.75,1.701,-1.148,1.575,4.197,0.006,4.239
80.76,1.425,-1.149,1.570,4.027,0.006,4.233
80.77,1.708,-1.148,1.575,4.357,0.008,4.238
80.78,1.451,-1.147,1.573,4.251,0.008,4.239
80.79,1.780,-1.147,1.579,4.227,0.006,4.237
80.80,1.479,-1.147,1.577,4.196,0.007,4.237
80.81,1.658,-1.147,1.579,4.030,0.008,4.232
80.82,1.725,-1.150,1.581,4.145,0.008,4.229
80.83,1.434,-1.150,1.577,4.053,0.008,4.224
80.84,1.616,-1.150,1.578,4.012,0.009,4.218
80.85,1.574,-1.150,1.578,4.342,0.008,4.222
80.86,1.423,-1.151,1.573,3.736,0.008,4.207
80.87,1.717,-1.150,1.579,4.116,0.008,4.204
80.88,1.569,-1.151,1.578,4.162,0.008,4.203
80.89,1.314,-1.151,1.570,4.065,0.008,4.199
80.90,1.974,-1.151,1.583,3.953,0.008,4.191
80.91,1.491,-1.150,1.581,4.434,0.010,4.200
80.92,1.704,-1.150,1.585,4.021,0.011,4.195
80.93,1.646,-1.150,1.588,4.011,0.010,4.189
80.94,1.664,-1.151,1.589,4.203,0.010,4.188
80.95,1.473,-1.151,1.586,4.003,0.010,4.182
80.96,1.690,-1.152,1.588,3.710,0.012,4.170
80.97,1.464,-1.153,1.584,4.079,0.014,4.168
80.98,1.283,-1.154,1.575,4.139,0.012,4.166
80.99,1.384,-1.156,1.567,4.563,0.012,4.178
81.00,1.532,-1.154,1.568,4.507,0.011,4.186
81.01,1.568,-1.155,1.567,4.352,0.010,4.190
81.02,1.758,-1.155,1.573,4.367,0.009,4.194
81.03,1.620,-1.155,1.575,4.459,0.009,4.202
81.04,1.419,-1.155,1.570,3.884,0.008,4.192
81.05,1.459,-1.157,1.565,4.241,0.008,4.193
81.06,1.672,-1.157,1.568,4.229,0.007,4.193
81.07,1.576,-1.159,1.567,4.388,0.008,4.199
81.08,1.456,-1.160,1.562,4.166,0.009,4.200
81.09,1.671,-1.160,1.567,4.316,0.009,4.203
81.10,1.656,-1.163,1.567,4.100,0.009,4.200
81.11,1.655,-1.162,1.570,4.359,0.007,4.203
81.12,1.444,-1.163,1.566,4.473,0.007,4.211
81.13,1.449,-1.162,1.564,4.453,0.007,4.218
81.14,1.490,-1.162,1.562,4.369,0.007,4.224
81.15,1.774,-1.164,1.566,4.119,0.008,4.221
81.16,1.618,-1.165,1.567,4.367,0.008,4.226
81.17,1.339,-1.164,1.561,4.153,0.009,4.224
81.18,1.695,-1.165,1.565,4.279,0.010,4.227
81.19,1.513,-1.167,1.561,4.197,0.010,4.227
81.20,1.337,-1.168,1.553,4.395,0.009,4.231
81.21,1.531,-1.168,1.553,4.095,0.010,4.228
81.22,1.419,-1.168,1.549,4.078,0.009,4.223
81.23,1.318,-1.171,1.540,4.141,0.009,4.220
81.24,1.655,-1.170,1.544,4.249,0.010,4.222
81.25,1.431,-1.170,1.540,4.059,0.009,4.217
81.26,1.578,-1.168,1.543,4.326,0.010,4.221
81.27,1.375,-1.168,1.539,4.280,0.011,4.224
81.28,1.664,-1.167,1.543,4.228,0.011,4.224
81.29,1.737,-1.168,1.548,4.292,0.012,4.227
81.30,1.769,-1.168,1.555,4.336,0.013,4.232
81.31,1.538,-1.169,1.554,4.319,0.012,4.234
81.32,1.758,-1.168,1.561,4.191,0.013,4.233
81.33,1.566,-1.169,1.560,4.471,0.014,4.242
81.34,1.619,-1.171,1.561,4.212,0.015,4.242
81.35,1.559,-1.171,1.561,4.067,0.015,4.237
81.36,1.506,-1.171,1.559,4.228,0.015,4.237
81.37,1.131,-1.171,1.546,4.067,0.016,4.233
81.38,1.326,-1.171,1.540,4.205,0.016,4.232
81.39,1.697,-1.172,1.543,4.449,0.015,4.238
81.40,1.674,-1.171,1.548,4.276,0.015,4.239
81.41,1.539,-1.172,1.548,4.322,0.014,4.241
81.42,1.627,-1.174,1.548,4.391,0.014,4.246
81.43,1.378,-1.175,1.542,4.123,0.013,4.242
81.44,1.431,-1.175,1.538,4.044,0.013,4.236
81.45,1.403,-1.175,1.534,4.084,0.012,4.231
81.46,1.286,-1.173,1.529,4.082,0.013,4.227
81.47,1.545,-1.174,1.528,4.141,0.012,4.223
81.48,1.453,-1.175,1.525,4.134,0.012,4.220
81.49,1.490,-1.175,1.524,4.359,0.011,4.224
81.50,1.713,-1.174,1.530,4.395,0.012,4.230
81.51,1.424,-1.177,1.524,4.442,0.014,4.238
81.52,1.521,-1.176,1.525,4.292,0.016,4.243
81.53,1.487,-1.179,1.521,4.112,0.016,4.239
81.54,1.571,-1.181,1.520,3.866,0.016,4.227
81.56,1.566,-1.181,1.522,4.179,0.016,4.226
81.57,1.532,-1.182,1.521,4.112,0.015,4.222
81.58,1.580,-1.182,1.523,4.175,0.015,4.220
81.59,1.610,-1.183,1.524,4.047,0.014,4.214
81.60,1.568,-1.182,1.527,4.258,0.016,4.217
81.61,1.506,-1.182,1.526,4.302,0.017,4.221
81.62,1.476,-1.182,1.524,4.139,0.018,4.219
81.63,1.460,-1.184,1.521,4.531,0.018,4.228
81.64,1.508,-1.185,1.519,3.822,0.017,4.215
81.65,1.728,-1.185,1.526,4.054,0.017,4.210
81.66,1.655,-1.187,1.528,4.097,0.018,4.208
81.67,1.628,-1.188,1.530,4.354,0.017,4.211
81.68,1.647,-1.187,1.534,4.086,0.016,4.207
81.69,1.586,-1.188,1.535,3.842,0.015,4.194
81.70,1.468,-1.189,1.532,4.268,0.016,4.197
81.71,1.711,-1.190,1.537,4.062,0.017,4.194
81.72,1.398,-1.191,1.532,3.956,0.019,4.188
81.73,1.377,-1.189,1.529,3.930,0.020,4.181
81.74,1.491,-1.190,1.527,4.395,0.019,4.186
81.75,1.572,-1.192,1.526,4.170,0.019,4.185
81.76,1.754,-1.191,1.534,4.130,0.019,4.183
81.77,1.513,-1.192,1.534,4.220,0.018,4.183
81.78,1.544,-1.192,1.534,4.069,0.019,4.179
81.79,1.860,-1.193,1.543,4.171,0.018,4.179
81.80,1.380,-1.193,1.538,4.336,0.019,4.183
81.81,1.478,-1.195,1.535,4.318,0.019,4.188
81.82,1.515,-1.196,1.533,4.190,0.019,4.187
81.83,1.598,-1.198,1.534,4.389,0.019,4.193
81.84,1.265,-1.197,1.527,4.445,0.019,4.201
81.85,1.596,-1.197,1.528,4.166,0.019,4.199
81.86,1.815,-1.198,1.537,4.061,0.019,4.195
81.87,1.619,-1.198,1.539,4.118,0.017,4.190
81.88,1.332,-1.197,1.534,4.044,0.017,4.186
81.89,1.633,-1.199,1.536,4.219,0.016,4.185
81.90,1.609,-1.200,1.537,4.270,0.016,4.188
81.91,1.795,-1.200,1.545,4.121,0.015,4.184
81.92,1.157,-1.201,1.532,4.172,0.015,4.184
81.93,1.561,-1.202,1.533,3.949,0.017,4.178
81.94,1.730,-1.199,1.541,4.181,0.017,4.178
81.95,1.642,-1.200,1.544,3.848,0.015,4.166
81.96,1.673,-1.199,1.549,4.139,0.014,4.164
81.97,1.382,-1.200,1.544,4.205,0.015,4.165
81.98,1.453,-1.203,1.538,3.907,0.014,4.156
81.99,1.484,-1.202,1.538,3.874,0.013,4.145
82.00,1.643,-1.203,1.540,4.199,0.014,4.148
82.01,1.758,-1.203,1.548,4.525,0.015,4.159
82.02,1.160,-1.203,1.536,4.291,0.015,4.163
82.03,1.727,-1.202,1.543,4.426,0.014,4.170
82.04,1.646,-1.205,1.543,4.073,0.016,4.168
82.05,1.698,-1.205,1.548,4.621,0.016,4.182
82.06,1.366,-1.207,1.541,4.028,0.017,4.177
82.07,1.699,-1.207,1.546,3.977,0.017,4.172
82.08,1.786,-1.206,1.555,4.122,0.017,4.169
82.09,1.598,-1.208,1.555,4.522,0.017,4.180
82.10,1.423,-1.206,1.553,4.226,0.015,4.179
82.11,1.409,-1.207,1.548,4.037,0.015,4.174
82.12,1.656,-1.208,1.551,3.967,0.014,4.167
82.13,1.566,-1.210,1.550,3.918,0.013,4.158
82.14,1.812,-1.211,1.557,4.380,0.013,4.165
82.15,1.525,-1.212,1.556,4.154,0.015,4.165
82.16,1.451,-1.211,1.554,4.011,0.014,4.160
82.17,1.545,-1.213,1.552,4.215,0.016,4.163
82.18,1.674,-1.210,1.560,4.260,0.016,4.166
82.19,1.519,-1.209,1.560,4.320,0.017,4.171
82.20,1.543,-1.208,1.561,4.395,0.018,4.178
82.21,1.651,-1.207,1.565,4.182,0.019,4.179
82.22,1.768,-1.205,1.573,4.215,0.019,4.180
82.23,1.780,-1.206,1.579,4.015,0.020,4.175
82.24,1.690,-1.208,1.581,4.192,0.020,4.176
82.25,1.671,-1.210,1.583,4.207,0.020,4.177
82.26,1.402,-1.209,1.579,3.757,0.019,4.162
82.27,1.504,-1.210,1.576,3.978,0.019,4.156
82.28,1.592,-1.209,1.578,3.956,0.018,4.149
82.29,1.604,-1.207,1.582,4.010,0.019,4.145
82.30,1.661,-1.206,1.586,4.374,0.020,4.152
82.31,1.819,-1.205,1.595,4.110,0.020,4.151
82.32,1.553,-1.205,1.594,4.170,0.019,4.150
82.33,1.509,-1.208,1.589,4.160,0.019,4.149
82.34,1.361,-1.209,1.581,4.058,0.018,4.145
82.35,1.580,-1.209,1.582,4.358,0.017,4.150
82.36,1.599,-1.210,1.583,4.539,0.017,4.161
82.37,1.870,-1.209,1.592,4.197,0.018,4.163
82.38,1.109,-1.210,1.578,4.241,0.018,4.165
82.39,1.614,-1.207,1.582,4.226,0.015,4.164
82.40,1.566,-1.208,1.581,4.194,0.015,4.165
82.41,1.428,-1.209,1.576,4.025,0.014,4.159
82.42,1.440,-1.209,1.572,4.118,0.014,4.157
82.43,1.685,-1.210,1.575,4.069,0.014,4.155
82.44,1.455,-1.210,1.572,4.368,0.015,4.162
82.45,1.275,-1.209,1.564,4.210,0.014,4.162
82.46,1.884,-1.207,1.576,4.181,0.015,4.163
82.47,1.568,-1.207,1.576,4.133,0.015,4.161
82.48,1.506,-1.208,1.574,4.285,0.015,4.165
82.49,1.732,-1.206,1.581,4.499,0.015,4.175
82.50,1.670,-1.207,1.583,3.856,0.016,4.166
82.51,1.664,-1.209,1.585,4.299,0.016,4.171
82.52,1.501,-1.207,1.584,4.324,0.016,4.175
82.53,1.465,-1.209,1.580,4.107,0.016,4.172
82.54,1.635,-1.209,1.581,4.009,0.015,4.166
82.55,1.590,-1.211,1.580,4.301,0.015,4.170
82.56,1.651,-1.211,1.583,4.281,0.012,4.171
82.57,1.427,-1.209,1.581,4.467,0.011,4.179
82.58,1.644,-1.208,1.584,4.311,0.011,4.183
82.59,1.767,-1.207,1.591,4.355,0.011,4.187
82.60,1.810,-1.208,1.597,4.170,0.011,4.187
82.61,1.501,-1.208,1.595,3.947,0.012,4.181
82.62,1.516,-1.210,1.591,4.144,0.009,4.177
82.63,1.623,-1.210,1.593,4.526,0.009,4.187
82.64,1.639,-1.210,1.594,4.453,0.008,4.194
82.65,1.695,-1.211,1.597,4.253,0.006,4.195
82.66,1.802,-1.213,1.603,4.304,0.006,4.198
82.67,1.598,-1.210,1.605,4.054,0.006,4.194
82.68,1.595,-1.210,1.606,3.863,0.005,4.183
82.69,1.162,-1.210,1.593,4.525,0.005,4.193
82.70,1.448,-1.210,1.589,4.063,0.006,4.191
82.71,1.326,-1.209,1.582,4.160,0.005,4.189
82.72,1.401,-1.210,1.576,4.205,0.004,4.189
82.73,1.510,-1.212,1.573,4.019,0.004,4.183
82.74,1.538,-1.211,1.572,4.037,0.004,4.179
82.75,1.501,-1.210,1.572,3.840,0.005,4.170
82.76,1.586,-1.208,1.574,4.166,0.005,4.169
82.77,1.444,-1.208,1.571,4.429,0.004,4.176
82.78,1.403,-1.207,1.567,4.417,0.006,4.185
82.79,1.258,-1.210,1.555,4.379,0.004,4.189
82.80,1.486,-1.210,1.553,4.488,0.003,4.198
82.81,1.624,-1.211,1.554,4.105,0.003,4.195
82.82,1.782,-1.210,1.562,4.189,0.003,4.195
82.83,1.728,-1.211,1.567,4.321,0.003,4.199
82.84,1.460,-1.209,1.565,4.230,0.003,4.200
82.85,1.832,-1.209,1.573,4.039,0.003,4.196
82.86,1.723,-1.210,1.577,4.342,0.003,4.200
82.87,1.538,-1.209,1.578,4.256,0.003,4.202
82.88,1.459,-1.210,1.574,4.147,0.002,4.200
82.89,1.455,-1.211,1.569,4.305,0.004,4.205
82.90,1.606,-1.210,1.571,4.195,0.004,4.205
82.91,1.722,-1.211,1.575,4.171,0.003,4.203
82.92,1.541,-1.213,1.572,4.252,0.003,4.205
82.93,1.577,-1.212,1.574,4.379,0.002,4.210
82.95,1.748,-1.212,1.580,4.225,0.002,4.211
82.96,1.261,-1.211,1.571,3.972,0.002,4.203
82.96,1.540,-1.211,1.570,4.610,0.002,4.216
82.97,1.787,-1.212,1.576,4.224,0.003,4.217
82.98,1.660,-1.214,1.577,3.950,0.005,4.211
83.00,1.635,-1.213,1.581,4.254,0.005,4.213
83.00,1.808,-1.213,1.588,4.300,0.005,4.216
83.01,1.453,-1.214,1.583,4.227,0.004,4.216
83.02,1.698,-1.215,1.586,4.105,0.004,4.213
83.03,1.595,-1.215,1.586,4.299,0.006,4.217
83.04,1.859,-1.213,1.597,4.422,0.005,4.223
83.05,1.590,-1.213,1.597,4.176,0.005,4.222
83.07,1.687,-1.214,1.600,4.100,0.005,4.219
83.07,1.746,-1.212,1.606,4.100,0.005,4.215
83.09,1.736,-1.212,1.611,4.053,0.005,4.211
83.10,1.557,-1.212,1.610,4.205,0.006,4.212
83.11,1.871,-1.213,1.618,4.187,0.006,4.211
83.12,1.480,-1.213,1.614,4.491,0.006,4.220
83.13,1.520,-1.214,1.611,4.349,0.007,4.226
83.14,1.551,-1.213,1.611,3.881,0.007,4.215
83.15,1.785,-1.213,1.617,4.255,0.007,4.217
83.16,1.467,-1.212,1.614,3.988,0.007,4.210
83.17,1.558,-1.212,1.612,3.699,0.007,4.195
83.17,1.628,-1.212,1.614,4.553,0.007,4.206
83.19,1.431,-1.211,1.609,3.934,0.008,4.198
83.20,1.670,-1.212,1.610,4.157,0.008,4.197
83.21,1.447,-1.213,1.606,4.155,0.008,4.196
83.22,1.704,-1.211,1.610,3.948,0.008,4.188
83.23,1.564,-1.211,1.610,4.032,0.009,4.184
83.24,1.619,-1.212,1.610,3.936,0.009,4.177
83.25,1.407,-1.213,1.603,3.988,0.010,4.172
83.26,1.770,-1.215,1.607,4.010,0.009,4.166
83.27,1.369,-1.214,1.601,4.578,0.008,4.177
83.28,1.410,-1.215,1.595,4.180,0.009,4.177
83.29,1.654,-1.214,1.597,4.330,0.009,4.182
83.30,1.385,-1.215,1.591,4.262,0.007,4.183
83.31,1.548,-1.216,1.588,4.213,0.007,4.184
83.32,1.733,-1.215,1.594,4.214,0.007,4.185
83.33,1.623,-1.214,1.596,4.295,0.009,4.190
83.34,1.757,-1.214,1.601,3.933,0.009,4.182
83.35,1.657,-1.217,1.601,4.271,0.010,4.186
83.36,1.607,-1.218,1.601,4.505,0.011,4.196
83.37,1.758,-1.219,1.605,4.298,0.010,4.199
83.38,1.561,-1.218,1.604,4.494,0.010,4.207
83.39,1.508,-1.218,1.602,3.988,0.009,4.200
83.40,1.772,-1.219,1.607,4.200,0.008,4.199
83.41,1.376,-1.219,1.600,4.147,0.008,4.198
83.42,1.399,-1.219,1.594,4.264,0.010,4.201
83.43,1.580,-1.220,1.594,4.096,0.009,4.198
83.44,1.460,-1.220,1.589,4.349,0.009,4.202
83.45,1.348,-1.218,1.584,4.072,0.009,4.199
83.46,1.835,-1.219,1.591,4.147,0.009,4.197
83.47,1.535,-1.220,1.589,4.044,0.010,4.193
83.48,1.569,-1.220,1.589,4.295,0.010,4.196
83.49,1.726,-1.220,1.593,4.315,0.009,4.199
83.50,1.763,-1.221,1.598,4.248,0.009,4.200
83.51,1.375,-1.220,1.592,3.965,0.009,4.193
83.52,1.692,-1.219,1.596,4.234,0.009,4.195
83.53,1.553,-1.220,1.595,4.019,0.010,4.190
83.54,1.496,-1.219,1.593,4.333,0.012,4.196
83.55,1.648,-1.219,1.595,4.273,0.013,4.200
83.56,1.523,-1.221,1.591,4.015,0.013,4.194
83.57,1.670,-1.219,1.596,3.915,0.013,4.185
83.58,1.723,-1.221,1.598,4.214,0.013,4.186
83.59,1.573,-1.221,1.597,3.990,0.012,4.179
83.60,1.592,-1.221,1.597,4.073,0.011,4.175
83.61,1.568,-1.222,1.596,4.184,0.012,4.175
83.62,1.540,-1.222,1.595,4.302,0.012,4.179
83.63,1.433,-1.223,1.590,4.233,0.011,4.180
83.64,1.674,-1.223,1.592,4.216,0.010,4.180
83.65,1.617,-1.223,1.593,4.373,0.010,4.186
83.66,1.582,-1.224,1.592,4.296,0.009,4.188
83.67,1.517,-1.224,1.590,4.183,0.010,4.189
83.68,1.591,-1.224,1.591,4.179,0.011,4.189
83.69,1.721,-1.223,1.596,4.086,0.011,4.186
83.70,1.695,-1.222,1.600,4.315,0.012,4.191
83.71,1.493,-1.223,1.596,4.016,0.010,4.184
83.72,1.449,-1.223,1.592,3.931,0.010,4.176
83.73,1.425,-1.225,1.585,3.985,0.011,4.171
83.74,1.595,-1.223,1.587,4.262,0.012,4.174
83.75,1.495,-1.224,1.584,4.030,0.012,4.169
83.76,1.510,-1.224,1.582,4.104,0.012,4.168
83.77,1.431,-1.223,1.578,4.453,0.010,4.175
83.78,1.550,-1.221,1.580,4.571,0.011,4.187
83.79,1.685,-1.222,1.582,3.975,0.010,4.180
83.80,1.556,-1.221,1.582,4.194,0.012,4.182
83.81,1.655,-1.222,1.583,4.122,0.012,4.180
83.82,1.542,-1.219,1.585,4.118,0.012,4.178
83.83,1.388,-1.219,1.579,4.430,0.012,4.185
83.84,1.600,-1.218,1.581,4.108,0.013,4.184
83.85,1.680,-1.220,1.582,4.291,0.013,4.187
83.86,1.224,-1.220,1.571,3.924,0.012,4.178
83.87,1.659,-1.221,1.573,4.215,0.013,4.180
83.88,1.541,-1.221,1.572,4.061,0.013,4.176
83.89,1.556,-1.220,1.573,4.314,0.013,4.181
83.90,1.676,-1.220,1.576,4.313,0.014,4.185
83.91,1.657,-1.221,1.577,4.147,0.013,4.183
83.92,1.515,-1.219,1.577,4.060,0.012,4.178
83.93,1.560,-1.219,1.577,4.020,0.012,4.174
83.94,1.488,-1.218,1.576,4.100,0.012,4.171
83.95,1.317,-1.219,1.567,4.015,0.012,4.166
83.96,1.647,-1.220,1.567,4.596,0.012,4.179
83.97,1.662,-1.221,1.569,4.232,0.012,4.181
83.98,1.329,-1.225,1.559,4.108,0.013,4.179
83.99,1.513,-1.226,1.556,4.078,0.013,4.176
84.00,1.465,-1.226,1.553,4.275,0.014,4.180
84.01,1.594,-1.226,1.554,4.428,0.014,4.187
84.02,1.433,-1.226,1.551,4.100,0.011,4.182
84.03,1.508,-1.228,1.547,4.216,0.011,4.183
84.04,1.533,-1.229,1.545,4.319,0.012,4.187
84.05,1.599,-1.228,1.548,4.165,0.011,4.186
84.06,1.528,-1.231,1.545,3.944,0.012,4.179
84.07,1.481,-1.231,1.543,4.313,0.011,4.182
84.08,1.768,-1.230,1.550,4.259,0.012,4.186
84.09,1.493,-1.229,1.549,4.331,0.011,4.189
84.10,1.360,-1.228,1.544,4.286,0.011,4.192
84.11,1.866,-1.230,1.552,4.429,0.012,4.200
84.12,1.890,-1.230,1.562,4.137,0.013,4.200
84.13,1.429,-1.231,1.557,4.311,0.012,4.202
84.14,1.586,-1.231,1.558,4.291,0.013,4.205
84.15,1.561,-1.231,1.558,4.141,0.013,4.204
84.16,1.527,-1.230,1.558,4.207,0.015,4.206
84.17,1.760,-1.230,1.564,4.085,0.016,4.203
84.18,1.801,-1.234,1.568,4.052,0.016,4.199
84.19,1.635,-1.234,1.570,4.191,0.017,4.199
84.20,1.669,-1.234,1.573,4.287,0.018,4.203
84.21,1.806,-1.233,1.582,4.039,0.018,4.198
84.22,1.700,-1.231,1.587,4.155,0.018,4.197
84.23,1.542,-1.230,1.587,4.375,0.019,4.204
84.24,1.461,-1.231,1.582,4.465,0.019,4.211
84.25,1.508,-1.231,1.581,4.278,0.019,4.214
84.26,1.492,-1.232,1.577,4.379,0.020,4.220
84.27,1.487,-1.232,1.575,4.351,0.019,4.223
84.28,1.662,-1.230,1.580,4.183,0.020,4.223
84.29,1.599,-1.230,1.580,4.235,0.019,4.223
84.30,1.390,-1.229,1.575,4.124,0.021,4.221
84.31,1.557,-1.229,1.575,4.257,0.020,4.222
84.32,1.854,-1.229,1.584,4.242,0.020,4.223
84.33,1.516,-1.229,1.582,4.153,0.019,4.221
84.34,1.771,-1.229,1.588,4.375,0.017,4.223
84.35,1.429,-1.229,1.583,4.136,0.016,4.220
84.37,1.579,-1.230,1.582,4.321,0.016,4.223
84.37,1.710,-1.231,1.585,4.237,0.015,4.222
84.38,1.700,-1.230,1.590,4.059,0.013,4.217
84.39,1.568,-1.230,1.589,4.199,0.014,4.217
84.41,1.770,-1.230,1.595,4.473,0.014,4.225
84.41,1.686,-1.232,1.596,4.425,0.014,4.231
84.42,1.568,-1.231,1.597,4.442,0.013,4.237
84.43,1.563,-1.231,1.597,4.365,0.013,4.242
84.45,1.471,-1.231,1.593,4.167,0.013,4.239
84.45,1.554,-1.231,1.591,4.081,0.013,4.235
84.46,1.401,-1.234,1.583,3.994,0.014,4.229
84.47,1.774,-1.234,1.589,4.248,0.014,4.230
84.48,1.349,-1.235,1.582,4.334,0.014,4.234
84.50,1.677,-1.236,1.583,4.308,0.014,4.236
84.50,1.235,-1.236,1.573,4.168,0.013,4.233
84.51,1.650,-1.237,1.575,4.178,0.010,4.230
84.53,1.617,-1.236,1.577,4.090,0.011,4.226
84.54,1.408,-1.235,1.573,4.340,0.011,4.230
84.54,1.510,-1.235,1.571,4.203,0.011,4.229
84.55,1.397,-1.237,1.564,3.894,0.010,4.219
84.56,1.640,-1.238,1.566,4.237,0.012,4.221
84.57,1.379,-1.237,1.560,4.170,0.013,4.220
84.58,1.638,-1.236,1.564,4.272,0.012,4.222
84.59,1.700,-1.236,1.568,4.179,0.013,4.222
84.60,1.681,-1.236,1.571,4.268,0.015,4.225
84.62,1.632,-1.235,1.575,3.965,0.015,4.217
84.63,1.445,-1.236,1.570,4.199,0.015,4.217
84.64,1.423,-1.235,1.567,4.198,0.014,4.216
84.65,1.464,-1.235,1.563,4.225,0.015,4.217
84.66,1.607,-1.235,1.565,4.195,0.015,4.216
84.67,1.543,-1.235,1.564,4.245,0.015,4.217
84.68,1.620,-1.234,1.566,4.181,0.014,4.216
84.69,1.511,-1.234,1.565,4.351,0.013,4.219
84.70,1.939,-1.235,1.576,4.105,0.013,4.215
84.71,1.566,-1.236,1.575,4.060,0.013,4.211
84.72,1.491,-1.236,1.572,4.302,0.012,4.213
84.73,1.661,-1.236,1.574,4.001,0.013,4.207
84.74,1.564,-1.234,1.577,4.248,0.013,4.208
84.75,1.314,-1.233,1.570,4.245,0.013,4.210
84.76,1.629,-1.231,1.573,4.094,0.014,4.207
84.77,1.705,-1.230,1.578,4.074,0.013,4.202
84.78,1.957,-1.231,1.589,4.198,0.013,4.202
84.79,1.489,-1.234,1.584,3.845,0.014,4.192
84.80,1.593,-1.235,1.583,4.210,0.014,4.193
84.81,1.455,-1.233,1.581,4.299,0.014,4.196
84.82,1.590,-1.233,1.581,4.274,0.013,4.197
84.83,1.805,-1.234,1.587,4.159,0.012,4.195
84.84,1.499,-1.234,1.585,4.091,0.011,4.191
84.85,1.581,-1.234,1.586,4.110,0.011,4.188
84.86,1.490,-1.233,1.583,4.339,0.012,4.193
84.87,1.536,-1.233,1.582,4.142,0.011,4.191
84.88,1.639,-1.232,1.585,4.166,0.010,4.189
84.89,1.455,-1.232,1.581,4.382,0.009,4.194
84.90,1.619,-1.234,1.581,3.769,0.009,4.180
84.91,1.762,-1.233,1.587,4.343,0.008,4.185
84.92,1.596,-1.234,1.586,3.698,0.008,4.169
84.93,1.477,-1.233,1.584,3.999,0.008,4.164
84.94,1.689,-1.233,1.587,4.021,0.007,4.158
84.95,1.597,-1.234,1.587,4.379,0.006,4.164
84.96,1.343,-1.234,1.580,4.349,0.006,4.169
84.97,1.731,-1.234,1.585,4.293,0.005,4.172
84.98,1.662,-1.235,1.587,4.223,0.005,4.173
84.99,1.832,-1.235,1.594,4.249,0.006,4.176
85.00,1.397,-1.235,1.588,3.867,0.007,4.167
85.01,1.369,-1.236,1.580,4.168,0.006,4.166
85.02,1.397,-1.237,1.574,4.234,0.005,4.167
85.03,1.469,-1.240,1.569,4.294,0.006,4.172
85.04,1.505,-1.241,1.565,4.166,0.006,4.171
85.05,1.747,-1.244,1.568,4.221,0.005,4.172
85.06,1.539,-1.242,1.569,4.197,0.005,4.172
85.07,1.703,-1.242,1.573,4.418,0.005,4.180
85.08,1.564,-1.242,1.573,4.298,0.006,4.184
85.09,1.509,-1.244,1.570,4.377,0.006,4.190
85.10,1.802,-1.245,1.576,4.236,0.007,4.192
85.11,1.347,-1.243,1.571,4.025,0.007,4.187
85.12,1.409,-1.244,1.565,4.090,0.006,4.183
85.13,1.441,-1.243,1.562,4.248,0.005,4.184
85.14,1.695,-1.245,1.564,4.533,0.004,4.194
85.15,1.597,-1.247,1.564,4.303,0.005,4.198
85.16,1.359,-1.247,1.558,4.033,0.004,4.192
85.17,1.649,-1.247,1.560,4.248,0.003,4.194
85.18,1.812,-1.248,1.567,4.152,0.001,4.190
85.19,1.716,-1.248,1.571,4.580,0.001,4.202
85.20,1.536,-1.250,1.568,3.780,0.001,4.189
85.21,1.530,-1.249,1.568,4.151,0.000,4.187
85.22,1.545,-1.249,1.568,4.372,0.001,4.194
85.23,1.366,-1.248,1.563,4.175,-0.001,4.192
85.24,1.504,-1.247,1.562,4.258,-0.001,4.194
85.25,1.651,-1.248,1.564,4.229,-0.000,4.195
85.26,1.588,-1.247,1.566,4.196,-0.001,4.194
85.27,1.420,-1.246,1.563,4.291,-0.001,4.198
85.28,1.577,-1.247,1.562,4.182,-0.001,4.198
85.29,1.513,-1.245,1.563,4.043,-0.001,4.192
85.30,1.722,-1.245,1.567,4.104,0.000,4.191
85.31,1.288,-1.244,1.560,4.347,0.000,4.196
85.32,1.628,-1.244,1.562,4.139,0.001,4.195
85.33,1.850,-1.242,1.573,4.190,-0.001,4.193
85.34,1.659,-1.242,1.575,4.300,-0.002,4.195
85.35,1.891,-1.242,1.585,4.450,-0.003,4.203
85.36,1.515,-1.242,1.583,4.057,-0.005,4.197
85.37,1.722,-1.243,1.586,3.931,-0.004,4.189
85.38,1.550,-1.242,1.586,4.105,-0.005,4.186
85.39,1.577,-1.243,1.585,4.112,-0.004,4.185
85.40,1.492,-1.245,1.581,3.939,-0.003,4.178
85.41,1.515,-1.244,1.580,4.008,-0.003,4.173
85.42,1.462,-1.245,1.576,4.023,-0.002,4.169
85.43,1.753,-1.248,1.578,4.009,-0.003,4.163
85.44,1.485,-1.251,1.573,4.240,-0.003,4.165
85.45,1.697,-1.252,1.575,4.161,-0.003,4.164
85.46,1.341,-1.252,1.569,4.091,-0.004,4.162
85.47,1.478,-1.253,1.565,4.383,-0.002,4.169
85.48,1.553,-1.252,1.565,4.076,-0.002,4.167
85.49,1.516,-1.252,1.564,4.120,-0.001,4.166
85.50,1.487,-1.253,1.562,4.250,-0.002,4.167
85.51,1.542,-1.253,1.560,4.306,-0.003,4.171
85.52,1.536,-1.254,1.559,4.147,-0.005,4.168
85.53,1.720,-1.256,1.562,4.191,-0.005,4.169
85.54,1.880,-1.258,1.570,4.289,-0.004,4.173
85.55,1.556,-1.259,1.568,3.936,-0.003,4.167
85.56,1.559,-1.261,1.567,4.119,-0.002,4.166
85.57,1.817,-1.261,1.574,4.138,-0.002,4.165
85.58,1.419,-1.262,1.569,4.338,-0.001,4.171
85.59,1.444,-1.263,1.564,4.017,-0.001,4.166
85.60,1.741,-1.264,1.569,4.342,-0.001,4.172
85.61,1.724,-1.264,1.574,4.022,-0.002,4.166
85.62,1.792,-1.263,1.582,4.199,-0.001,4.167
85.63,1.569,-1.263,1.582,4.163,-0.002,4.166
85.64,1.510,-1.264,1.579,4.202,-0.002,4.167
85.65,1.421,-1.267,1.571,4.235,-0.003,4.168
85.66,1.335,-1.270,1.562,4.354,-0.003,4.174
85.67,1.574,-1.269,1.564,4.200,-0.005,4.173
85.68,1.386,-1.270,1.557,4.113,-0.004,4.172
85.69,1.629,-1.272,1.557,4.128,-0.003,4.172
85.70,1.821,-1.272,1.566,4.199,-0.003,4.172
85.71,1.560,-1.274,1.564,4.021,-0.003,4.167
85.72,1.597,-1.273,1.566,3.977,-0.003,4.161
85.73,1.950,-1.274,1.577,4.411,-0.005,4.167
85.74,1.827,-1.273,1.586,4.164,-0.006,4.166
85.75,1.740,-1.272,1.592,3.964,-0.005,4.161
85.76,1.594,-1.273,1.592,4.128,-0.006,4.159
85.77,1.642,-1.273,1.594,4.281,-0.007,4.161
85.78,1.687,-1.272,1.599,4.065,-0.006,4.159
85.79,1.846,-1.272,1.607,4.224,-0.005,4.161
85.80,1.890,-1.271,1.617,4.053,-0.004,4.159
85.81,1.503,-1.270,1.615,3.859,-0.003,4.151
85.82,1.371,-1.268,1.610,4.370,-0.003,4.157
85.83,1.680,-1.267,1.614,4.335,-0.004,4.162
85.84,1.648,-1.268,1.614,4.163,-0.002,4.163
85.86,1.502,-1.269,1.610,4.155,-0.003,4.162
85.86,1.773,-1.271,1.614,3.910,-0.003,4.154
85.87,1.529,-1.271,1.613,4.197,-0.004,4.154
85.88,1.377,-1.271,1.606,4.000,-0.003,4.150
85.89,1.705,-1.272,1.608,4.339,-0.003,4.156
85.90,1.666,-1.272,1.610,4.219,-0.003,4.157
85.91,1.575,-1.274,1.608,3.984,-0.003,4.152
85.92,1.491,-1.273,1.606,4.153,-0.001,4.154
85.94,1.483,-1.274,1.602,4.112,-0.001,4.153
85.95,1.437,-1.273,1.598,4.332,-0.000,4.158
85.95,1.437,-1.274,1.593,3.901,-0.001,4.150
85.96,1.755,-1.275,1.597,4.192,-0.002,4.150
85.97,1.542,-1.277,1.595,4.241,-0.003,4.151
85.98,1.328,-1.276,1.587,4.274,-0.003,4.155
85.99,1.811,-1.278,1.593,4.063,-0.000,4.154
86.00,1.621,-1.277,1.595,4.025,-0.001,4.149
86.01,1.455,-1.277,1.591,4.543,-0.001,4.161
86.03,1.653,-1.276,1.594,4.008,-0.002,4.156
86.04,1.574,-1.277,1.593,4.129,-0.002,4.154
86.04,1.591,-1.278,1.592,4.135,-0.002,4.153
86.06,1.480,-1.279,1.588,3.963,-0.002,4.147
86.07,1.452,-1.279,1.585,4.265,-0.004,4.149
86.08,1.750,-1.279,1.590,4.047,-0.004,4.146
86.09,1.652,-1.278,1.593,4.282,-0.004,4.149
86.10,1.403,-1.277,1.589,4.248,-0.004,4.153
86.11,1.634,-1.277,1.591,4.179,-0.003,4.153
86.12,1.630,-1.278,1.591,3.926,-0.004,4.146
86.13,1.571,-1.279,1.590,4.274,-0.005,4.149
86.14,1.473,-1.279,1.587,4.104,-0.007,4.145
86.15,1.479,-1.280,1.583,3.861,-0.008,4.135
86.16,1.515,-1.279,1.582,4.358,-0.007,4.142
86.17,1.541,-1.281,1.579,4.340,-0.007,4.148
86.18,1.232,-1.280,1.569,4.074,-0.008,4.144
86.19,1.463,-1.281,1.566,4.054,-0.009,4.141
86.20,1.664,-1.284,1.566,4.163,-0.010,4.140
86.21,1.666,-1.284,1.569,4.472,-0.010,4.150
86.22,1.443,-1.284,1.566,3.976,-0.010,4.145
86.23,1.518,-1.284,1.564,4.401,-0.010,4.153
86.24,1.506,-1.283,1.564,4.178,-0.008,4.156
86.25,1.396,-1.281,1.560,4.358,-0.007,4.163
86.26,1.623,-1.282,1.561,4.089,-0.007,4.161
86.27,1.351,-1.282,1.555,4.027,-0.005,4.158
86.28,1.421,-1.283,1.550,4.023,-0.005,4.153
86.29,1.359,-1.284,1.543,4.161,-0.005,4.154
86.30,1.410,-1.285,1.538,3.959,-0.005,4.148
86.31,1.773,-1.286,1.544,4.421,-0.005,4.156
86.32,1.706,-1.285,1.550,4.388,-0.004,4.163
86.33,1.402,-1.286,1.545,4.131,-0.004,4.162
86.34,1.229,-1.287,1.534,4.098,-0.007,4.158
86.35,1.820,-1.286,1.543,4.265,-0.006,4.162
86.36,1.648,-1.284,1.548,4.199,-0.007,4.163
86.37,1.563,-1.286,1.547,4.222,-0.007,4.164
86.38,1.347,-1.286,1.541,4.081,-0.007,4.161
86.39,1.451,-1.287,1.537,4.177,-0.008,4.161
86.40,1.566,-1.287,1.537,4.012,-0.007,4.158
86.41,1.818,-1.290,1.544,4.006,-0.006,4.154
86.42,1.680,-1.290,1.547,4.242,-0.007,4.155
86.43,1.591,-1.290,1.549,4.047,-0.005,4.153
86.44,1.202,-1.291,1.537,4.250,-0.005,4.157
86.45,1.402,-1.290,1.534,4.033,-0.006,4.152
86.46,1.490,-1.290,1.533,4.192,-0.005,4.154
86.47,1.481,-1.289,1.532,4.058,-0.003,4.152
86.48,1.637,-1.287,1.537,4.086,-0.003,4.150
86.49,1.556,-1.288,1.537,4.025,-0.003,4.147
86.50,1.333,-1.288,1.530,4.422,-0.003,4.155
86.51,1.453,-1.290,1.526,4.125,-0.002,4.155
86.52,1.507,-1.291,1.524,4.205,-0.001,4.157
86.53,1.528,-1.291,1.524,4.365,-0.001,4.164
86.54,1.879,-1.292,1.534,4.011,-0.002,4.158
86.55,1.346,-1.292,1.528,4.312,-0.001,4.163
86.56,1.679,-1.293,1.532,4.119,-0.001,4.162
86.57,1.304,-1.294,1.523,4.342,-0.002,4.166
86.58,1.427,-1.293,1.521,4.048,-0.003,4.161
86.59,1.523,-1.294,1.520,4.315,-0.003,4.166
86.60,1.784,-1.291,1.530,4.237,-0.002,4.170
86.61,1.268,-1.291,1.522,4.372,-0.003,4.175
86.62,1.479,-1.294,1.519,4.104,-0.003,4.173
86.63,1.530,-1.295,1.518,4.069,-0.003,4.170
86.64,1.694,-1.297,1.521,4.332,-0.004,4.174
86.65,1.905,-1.299,1.531,4.038,-0.006,4.167
86.66,1.393,-1.299,1.526,3.857,-0.006,4.158
86.67,1.791,-1.299,1.534,3.870,-0.005,4.150
86.68,1.900,-1.299,1.545,4.246,-0.004,4.154
86.69,1.774,-1.299,1.552,4.105,-0.003,4.153
86.70,1.662,-1.299,1.556,4.005,-0.004,4.148
86.71,1.459,-1.300,1.553,3.993,-0.003,4.144
86.72,1.475,-1.300,1.550,4.374,-0.002,4.151
86.73,1.411,-1.302,1.544,4.354,-0.002,4.158
86.74,1.371,-1.303,1.538,3.997,-0.003,4.151
86.75,1.536,-1.303,1.538,4.049,-0.003,4.149
86.76,1.623,-1.303,1.541,4.281,-0.004,4.151
86.77,1.562,-1.305,1.540,4.303,-0.004,4.156
86.78,1.460,-1.305,1.537,4.262,-0.002,4.160
86.79,1.700,-1.306,1.542,4.193,-0.003,4.161
86.80,1.509,-1.306,1.540,4.198,-0.006,4.160
86.81,1.638,-1.306,1.544,4.248,-0.004,4.163
86.82,1.589,-1.305,1.546,4.129,-0.004,4.163
86.83,1.719,-1.305,1.552,3.890,-0.005,4.153
86.84,1.451,-1.306,1.548,4.069,-0.005,4.151
86.85,1.704,-1.305,1.554,4.119,-0.005,4.150
86.86,1.640,-1.305,1.557,4.143,-0.005,4.150
86.87,1.374,-1.306,1.551,4.264,-0.005,4.153
86.88,1.426,-1.305,1.548,4.117,-0.006,4.151
86.89,1.585,-1.306,1.548,4.204,-0.006,4.152
86.90,1.582,-1.307,1.549,4.270,-0.006,4.155
86.91,1.575,-1.306,1.550,3.997,-0.008,4.149
86.92,1.756,-1.306,1.557,4.268,-0.008,4.152
86.93,1.449,-1.305,1.555,4.065,-0.007,4.151
86.94,1.516,-1.305,1.554,4.203,-0.007,4.152
86.95,1.847,-1.307,1.562,4.183,-0.006,4.154
86.96,1.395,-1.308,1.555,3.980,-0.005,4.149
86.97,1.699,-1.309,1.559,4.225,-0.006,4.151
86.98,1.749,-1.311,1.564,4.252,-0.005,4.155
86.99,1.727,-1.311,1.569,4.100,-0.005,4.153
87.00,1.643,-1.311,1.571,4.008,-0.007,4.147
87.01,1.566,-1.311,1.571,4.288,-0.007,4.151
87.02,1.622,-1.310,1.574,4.429,-0.008,4.158
87.03,1.503,-1.312,1.571,4.182,-0.007,4.160
87.04,1.446,-1.311,1.568,4.444,-0.007,4.168
87.05,1.454,-1.311,1.565,3.930,-0.006,4.163
87.06,1.666,-1.312,1.568,4.314,-0.007,4.166
87.07,1.703,-1.311,1.573,4.128,-0.005,4.167
87.08,1.394,-1.313,1.567,4.146,-0.006,4.165
87.09,1.932,-1.314,1.577,3.979,-0.005,4.160
87.10,1.768,-1.317,1.581,4.191,-0.005,4.162
87.11,1.456,-1.317,1.577,4.326,-0.003,4.168
87.12,1.516,-1.316,1.577,4.084,-0.004,4.166
87.13,1.595,-1.316,1.578,4.070,-0.003,4.163
87.14,1.399,-1.316,1.572,4.156,-0.002,4.164
87.15,1.514,-1.315,1.572,4.349,-0.002,4.170
87.16,1.601,-1.315,1.574,3.869,-0.000,4.162
87.17,1.415,-1.317,1.567,4.293,-0.001,4.165
87.18,1.416,-1.317,1.563,4.162,-0.002,4.165
87.19,1.231,-1.320,1.551,3.937,-0.002,4.157
87.20,1.754,-1.321,1.556,3.985,-0.002,4.152
87.21,1.611,-1.323,1.556,4.334,-0.004,4.155
87.22,1.560,-1.324,1.556,4.223,-0.003,4.159
87.23,1.725,-1.325,1.560,4.097,-0.002,4.157
87.24,1.349,-1.326,1.553,4.036,-0.003,4.153
87.25,1.489,-1.329,1.548,4.173,-0.003,4.153
87.26,1.544,-1.327,1.550,3.960,-0.002,4.149
87.27,1.811,-1.327,1.558,4.091,-0.001,4.147
87.28,1.534,-1.328,1.557,4.272,-0.001,4.151
87.29,1.626,-1.328,1.560,4.036,-0.001,4.148
87.30,1.448,-1.326,1.559,4.090,-0.000,4.146
87.31,1.397,-1.327,1.553,4.341,-0.001,4.151
87.32,1.640,-1.328,1.555,4.178,-0.002,4.151
87.33,1.621,-1.328,1.558,4.000,-0.001,4.147
87.34,1.672,-1.328,1.561,4.368,0.000,4.155
87.35,1.677,-1.328,1.565,4.293,-0.000,4.159
87.37,1.602,-1.327,1.567,4.029,-0.001,4.154
87.38,1.506,-1.329,1.565,4.025,0.001,4.152
87.39,1.768,-1.329,1.571,4.150,0.002,4.152
87.40,1.882,-1.329,1.581,4.018,0.002,4.148
87.41,1.591,-1.331,1.580,4.146,0.002,4.147
87.41,1.501,-1.329,1.580,4.011,0.002,4.143
87.43,1.373,-1.328,1.575,4.142,0.002,4.143
87.44,1.536,-1.330,1.572,4.443,0.001,4.152
87.45,1.671,-1.331,1.575,4.075,0.002,4.150
87.46,1.628,-1.332,1.576,4.294,0.002,4.154
87.47,1.683,-1.332,1.580,4.019,0.003,4.151
87.48,1.644,-1.331,1.584,4.031,0.004,4.148
87.49,1.611,-1.331,1.584,4.326,0.003,4.152
87.49,1.455,-1.331,1.581,4.130,0.003,4.152
87.50,1.895,-1.333,1.590,4.161,0.004,4.152
87.52,1.659,-1.334,1.591,4.107,0.003,4.150
87.53,1.613,-1.336,1.591,4.256,0.003,4.153
87.53,1.704,-1.335,1.595,4.299,0.005,4.159
87.54,1.719,-1.336,1.600,4.080,0.004,4.156
87.56,1.588,-1.336,1.600,4.319,0.005,4.162
87.57,1.733,-1.337,1.604,4.235,0.005,4.164
87.58,1.596,-1.336,1.605,4.058,0.004,4.160
87.59,1.225,-1.334,1.596,3.808,0.005,4.150
87.60,1.571,-1.334,1.596,4.035,0.005,4.146
87.61,1.595,-1.335,1.595,4.385,0.005,4.153
87.62,1.452,-1.335,1.592,4.194,0.006,4.155
87.62,1.403,-1.336,1.586,4.063,0.005,4.151
87.64,1.570,-1.333,1.589,3.779,0.004,4.139
87.65,1.352,-1.332,1.583,4.253,0.004,4.142
87.66,1.486,-1.332,1.581,4.189,0.004,4.143
87.67,1.645,-1.330,1.584,4.206,0.004,4.145
87.68,1.724,-1.330,1.589,4.129,0.003,4.143
87.69,1.544,-1.332,1.587,4.514,0.003,4.155
87.70,1.697,-1.332,1.590,4.231,0.003,4.157
87.71,1.447,-1.333,1.586,4.061,0.001,4.152
87.72,1.596,-1.332,1.587,4.350,0.000,4.157
87.73,1.410,-1.332,1.583,4.288,-0.001,4.160
87.74,1.655,-1.333,1.584,4.376,-0.002,4.165
87.75,1.335,-1.333,1.576,4.439,-0.003,4.174
87.76,1.482,-1.334,1.573,4.088,-0.002,4.172
87.77,1.392,-1.334,1.568,4.096,-0.002,4.170
87.78,1.656,-1.333,1.572,4.207,-0.002,4.171
87.79,1.619,-1.334,1.573,4.262,-0.002,4.174
87.80,1.606,-1.333,1.575,4.121,-0.002,4.172
87.81,1.552,-1.332,1.576,4.159,-0.001,4.173
87.82,1.184,-1.330,1.566,4.213,-0.001,4.174
87.83,1.559,-1.332,1.564,3.943,-0.001,4.167
87.84,1.430,-1.332,1.560,3.863,-0.002,4.157
87.85,1.807,-1.332,1.568,4.258,-0.003,4.159
87.86,1.514,-1.332,1.566,4.257,-0.003,4.162
87.87,1.785,-1.333,1.572,4.005,-0.003,4.158
87.88,1.522,-1.334,1.570,4.186,-0.005,4.157
87.89,1.640,-1.334,1.572,4.135,-0.005,4.156
87.90,1.476,-1.336,1.568,4.164,-0.003,4.158
87.91,1.751,-1.334,1.576,4.231,-0.002,4.161
87.92,1.503,-1.334,1.574,4.269,-0.001,4.166
87.93,1.525,-1.334,1.573,4.309,0.001,4.172
87.94,1.707,-1.334,1.577,4.354,0.001,4.178
87.95,1.632,-1.334,1.579,4.350,0.000,4.182
87.96,1.328,-1.333,1.572,4.248,-0.000,4.184
87.97,1.801,-1.334,1.579,4.074,0.001,4.182
87.98,1.423,-1.334,1.574,4.157,-0.000,4.181
87.99,1.528,-1.335,1.572,4.221,0.002,4.184
88.00,1.685,-1.334,1.577,4.035,0.001,4.179
88.01,1.700,-1.334,1.581,4.111,0.001,4.176
88.02,1.499,-1.335,1.577,4.306,0.001,4.181
88.03,1.912,-1.336,1.587,3.934,-0.001,4.172
88.04,1.691,-1.336,1.591,4.087,0.002,4.172
88.05,1.603,-1.336,1.592,4.051,0.001,4.168
88.06,1.588,-1.335,1.593,4.322,0.001,4.172
88.07,1.624,-1.335,1.594,4.176,0.000,4.172
88.08,1.372,-1.336,1.587,4.061,-0.002,4.166
88.09,1.517,-1.337,1.585,4.182,-0.002,4.167
88.10,1.476,-1.335,1.583,4.139,-0.002,4.166
88.11,1.338,-1.335,1.576,3.964,-0.001,4.161
88.12,1.716,-1.335,1.580,4.398,-0.000,4.169
88.13,1.641,-1.335,1.583,4.111,0.000,4.167
88.14,1.522,-1.337,1.580,4.246,-0.000,4.169
88.15,1.561,-1.339,1.578,4.307,-0.001,4.173
88.16,1.490,-1.338,1.576,4.328,0.001,4.180
88.17,1.386,-1.340,1.568,4.399,0.002,4.187
88.18,1.411,-1.339,1.565,3.981,0.000,4.180
88.19,1.670,-1.339,1.568,4.191,-0.000,4.180
88.20,1.450,-1.338,1.566,4.446,0.000,4.189
88.21,1.485,-1.339,1.562,3.910,-0.002,4.179
88.22,1.693,-1.340,1.566,4.043,-0.002,4.174
88.23,1.718,-1.339,1.571,4.064,-0.001,4.172
88.24,1.543,-1.341,1.569,4.377,-0.000,4.179
88.25,1.601,-1.341,1.570,4.278,-0.001,4.182
88.26,1.747,-1.342,1.575,4.088,-0.000,4.180
88.27,1.460,-1.342,1.571,4.215,0.001,4.182
88.28,1.708,-1.343,1.575,4.174,0.001,4.181
88.29,1.575,-1.345,1.573,4.144,-0.001,4.179
88.30,1.586,-1.345,1.574,4.326,-0.003,4.182
88.31,1.699,-1.346,1.577,4.252,-0.003,4.184
88.32,1.449,-1.345,1.574,3.906,-0.003,4.176
88.33,1.590,-1.344,1.576,4.237,-0.001,4.179
88.34,1.433,-1.344,1.572,4.308,-0.000,4.184
88.35,1.452,-1.343,1.570,4.099,-0.001,4.181
88.36,1.559,-1.344,1.569,4.153,-0.001,4.181
88.37,1.770,-1.345,1.574,4.278,-0.000,4.184
88.38,1.323,-1.344,1.567,4.281,-0.001,4.187
88.39,1.814,-1.344,1.575,4.468,-0.001,4.195
88.40,1.595,-1.345,1.575,4.430,-0.001,4.203
88.41,1.526,-1.344,1.575,4.130,-0.002,4.200
88.42,1.856,-1.344,1.584,4.008,-0.001,4.195
88.43,1.294,-1.345,1.575,4.226,-0.001,4.197
88.44,1.861,-1.346,1.583,4.187,0.001,4.199
88.45,1.767,-1.347,1.587,3.969,-0.000,4.191
88.46,1.489,-1.348,1.584,3.885,-0.000,4.181
88.47,1.552,-1.349,1.583,4.291,0.000,4.186
88.48,1.602,-1.349,1.583,4.424,-0.000,4.193
88.49,1.697,-1.351,1.585,4.186,-0.000,4.192
88.50,1.559,-1.352,1.583,4.018,0.000,4.188
88.51,1.381,-1.353,1.577,4.315,-0.000,4.191
88.52,1.589,-1.355,1.576,3.814,-0.001,4.179
88.53,1.569,-1.354,1.577,4.128,-0.001,4.178
88.54,1.609,-1.355,1.578,4.393,-0.001,4.185
88.55,1.553,-1.355,1.576,3.992,-0.002,4.178
88.56,1.485,-1.354,1.575,3.801,-0.003,4.166
88.57,1.448,-1.354,1.572,4.125,-0.003,4.164
88.58,1.619,-1.354,1.573,4.356,-0.003,4.170
88.59,1.606,-1.355,1.574,4.022,-0.003,4.166
88.60,1.752,-1.356,1.578,4.090,-0.003,4.163
88.61,1.720,-1.357,1.582,3.916,-0.004,4.155
88.62,1.605,-1.358,1.583,4.348,-0.004,4.161
88.63,1.525,-1.359,1.580,4.162,-0.004,4.160
88.64,1.526,-1.360,1.578,4.312,-0.004,4.165
88.65,1.620,-1.359,1.580,3.948,-0.005,4.158
88.66,1.771,-1.358,1.588,4.232,-0.005,4.159
88.67,1.266,-1.357,1.579,4.121,-0.004,4.159
88.68,1.855,-1.358,1.587,3.994,-0.005,4.153
88.69,1.571,-1.360,1.585,3.916,-0.005,4.146
88.70,1.575,-1.360,1.585,4.395,-0.005,4.153
88.71,1.283,-1.360,1.576,4.181,-0.006,4.153
88.72,1.525,-1.359,1.576,4.201,-0.006,4.154
88.73,1.734,-1.359,1.581,4.044,-0.007,4.150
88.74,1.567,-1.359,1.581,3.920,-0.006,4.144
88.75,1.741,-1.358,1.587,4.436,-0.007,4.152
88.76,1.791,-1.358,1.594,4.185,-0.007,4.152
88.77,1.800,-1.358,1.600,3.932,-0.007,4.145
88.78,1.689,-1.357,1.605,4.319,-0.008,4.150
88.79,1.743,-1.356,1.611,4.202,-0.008,4.151
88.80,1.597,-1.357,1.609,4.447,-0.006,4.162
88.81,1.513,-1.357,1.608,4.002,-0.005,4.158
88.82,1.517,-1.358,1.604,4.375,-0.003,4.166
88.83,1.597,-1.359,1.604,3.833,-0.003,4.156
88.84,1.814,-1.359,1.610,4.084,-0.003,4.155
88.86,1.422,-1.359,1.605,3.817,-0.002,4.144
88.86,1.786,-1.361,1.609,4.198,-0.002,4.146
88.87,1.239,-1.362,1.598,3.847,-0.002,4.137
88.88,1.633,-1.364,1.597,4.042,-0.002,4.133
88.90,1.709,-1.365,1.600,4.394,-0.002,4.141
88.91,1.634,-1.369,1.598,4.513,-0.002,4.152
88.92,1.489,-1.367,1.597,4.127,-0.003,4.150
88.93,1.587,-1.368,1.597,4.135,-0.004,4.149
88.94,1.615,-1.371,1.595,4.252,-0.002,4.154
88.95,1.639,-1.372,1.595,4.081,-0.001,4.152
88.96,1.655,-1.372,1.598,4.542,-0.001,4.165
88.97,1.474,-1.373,1.593,4.241,-0.001,4.167
88.98,1.370,-1.372,1.588,4.291,-0.001,4.170
88.99,1.612,-1.374,1.588,3.944,-0.001,4.164
89.00,1.710,-1.374,1.592,4.111,-0.001,4.162
89.01,1.541,-1.374,1.590,3.917,-0.003,4.153
89.02,1.596,-1.374,1.591,4.074,-0.003,4.150
89.03,1.489,-1.374,1.589,4.163,-0.004,4.149
89.04,1.266,-1.374,1.579,4.388,-0.004,4.157
89.05,1.359,-1.374,1.572,4.100,-0.003,4.155
89.06,1.677,-1.377,1.573,4.114,-0.003,4.155
89.07,1.680,-1.377,1.576,4.241,-0.001,4.159
89.08,1.571,-1.378,1.576,3.807,-0.001,4.148
89.09,1.561,-1.378,1.576,3.807,-0.000,4.138
89.10,1.735,-1.379,1.580,4.335,-0.001,4.143
89.11,1.692,-1.379,1.583,3.991,-0.001,4.138
89.12,1.193,-1.381,1.571,4.367,-0.002,4.144
89.13,1.411,-1.381,1.566,4.120,-0.002,4.143
89.14,1.646,-1.381,1.568,4.143,-0.001,4.144
89.15,1.397,-1.382,1.562,4.398,0.000,4.153
89.16,1.588,-1.383,1.563,4.078,0.001,4.151
89.17,1.798,-1.382,1.570,4.288,0.002,4.156
89.18,1.474,-1.382,1.569,4.292,0.002,4.160
89.19,1.697,-1.380,1.575,4.079,0.004,4.159
89.20,1.637,-1.380,1.576,4.229,0.004,4.162
89.21,1.633,-1.379,1.579,4.055,0.003,4.158
89.22,1.664,-1.380,1.581,4.205,0.003,4.159
89.23,1.899,-1.380,1.592,4.081,0.003,4.157
89.24,1.454,-1.380,1.588,4.369,0.003,4.163
89.25,1.505,-1.382,1.584,4.257,0.002,4.165
89.26,1.358,-1.382,1.577,4.088,0.001,4.162
89.27,1.797,-1.383,1.583,4.211,0.002,4.164
89.28,1.643,-1.383,1.586,4.236,0.003,4.167
89.29,1.521,-1.384,1.583,4.099,0.003,4.164
89.30,1.738,-1.385,1.588,4.236,0.003,4.166
89.31,1.787,-1.385,1.594,3.993,0.003,4.162
89.32,1.773,-1.385,1.600,4.019,0.004,4.158
89.33,1.872,-1.384,1.610,4.139,0.003,4.156
89.34,1.659,-1.385,1.611,4.033,0.002,4.152
89.35,1.567,-1.385,1.610,4.390,0.003,4.160
89.36,1.321,-1.385,1.601,4.500,0.002,4.169
89.37,1.654,-1.385,1.604,4.011,0.003,4.165
89.38,1.670,-1.387,1.605,4.179,0.004,4.166
89.39,1.705,-1.388,1.608,4.167,0.004,4.166
89.40,1.589,-1.390,1.605,4.190,0.004,4.167
89.41,1.499,-1.390,1.602,4.474,0.004,4.177
89.42,1.816,-1.390,1.610,4.070,0.003,4.172
89.43,1.695,-1.391,1.612,4.481,0.000,4.180
89.44,1.654,-1.390,1.615,4.337,0.000,4.184
89.45,1.590,-1.390,1.615,4.287,0.001,4.189
89.46,1.510,-1.389,1.613,4.230,0.002,4.192
89.47,1.577,-1.388,1.614,4.059,0.003,4.188
89.48,1.565,-1.389,1.612,4.034,0.003,4.183
89.49,1.644,-1.391,1.611,4.188,0.003,4.184
89.50,1.726,-1.390,1.617,4.137,0.002,4.182
89.51,1.492,-1.390,1.614,4.205,0.002,4.183
89.52,1.649,-1.390,1.616,4.613,0.000,4.194
89.53,1.673,-1.388,1.619,4.080,-0.001,4.190
89.54,1.475,-1.388,1.615,4.283,-0.003,4.192
89.55,1.585,-1.388,1.615,4.179,-0.002,4.192
89.56,1.746,-1.388,1.620,4.052,-0.003,4.187
89.57,1.386,-1.387,1.615,4.122,-0.004,4.184
89.58,1.488,-1.387,1.611,4.390,-0.004,4.191
89.59,1.644,-1.389,1.611,3.852,-0.005,4.180
89.60,1.597,-1.389,1.611,4.402,-0.005,4.187
89.61,1.322,-1.389,1.602,4.168,-0.006,4.185
89.62,1.547,-1.391,1.600,3.966,-0.006,4.178
89.63,1.587,-1.392,1.598,4.193,-0.005,4.180
89.64,1.543,-1.391,1.598,4.067,-0.005,4.177
89.65,1.791,-1.391,1.604,4.172,-0.005,4.177
89.66,1.663,-1.392,1.606,4.101,-0.005,4.175
89.67,1.724,-1.391,1.611,4.119,-0.005,4.173
89.68,1.560,-1.391,1.610,4.482,-0.004,4.184
89.69,1.317,-1.390,1.602,4.073,-0.003,4.181
89.70,1.755,-1.391,1.607,4.207,-0.005,4.181
89.71,1.610,-1.391,1.607,4.056,-0.006,4.176
89.72,1.796,-1.393,1.611,4.197,-0.006,4.177
89.73,1.704,-1.395,1.612,4.373,-0.008,4.181
89.74,1.711,-1.395,1.616,4.281,-0.008,4.184
89.75,1.495,-1.394,1.614,4.115,-0.008,4.183
89.76,1.597,-1.395,1.613,4.269,-0.010,4.183
89.77,1.561,-1.396,1.611,3.963,-0.009,4.178
89.78,1.518,-1.394,1.611,4.270,-0.009,4.180
89.79,1.787,-1.395,1.615,4.053,-0.008,4.178
89.80,1.580,-1.396,1.614,3.928,-0.007,4.172
89.81,1.624,-1.394,1.616,3.913,-0.006,4.165
89.82,1.617,-1.396,1.615,4.124,-0.003,4.166
89.83,1.511,-1.396,1.613,4.000,-0.005,4.159
89.84,1.695,-1.396,1.616,4.166,-0.005,4.159
89.85,1.662,-1.396,1.618,4.353,-0.004,4.166
89.86,1.555,-1.395,1.618,4.177,-0.006,4.164
89.87,1.487,-1.394,1.614,4.109,-0.007,4.162
89.88,1.660,-1.394,1.616,4.202,-0.007,4.163
89.89,1.705,-1.396,1.618,4.242,-0.008,4.165
89.90,1.525,-1.395,1.617,3.794,-0.008,4.153
89.91,1.555,-1.395,1.615,3.998,-0.007,4.149
89.92,1.587,-1.397,1.613,3.992,-0.007,4.145
89.93,1.598,-1.395,1.615,4.104,-0.005,4.145
89.94,1.411,-1.396,1.608,4.534,-0.004,4.157
89.95,1.505,-1.394,1.607,4.418,-0.004,4.165
89.96,1.471,-1.395,1.602,4.450,-0.004,4.174
89.97,1.651,-1.394,1.605,4.086,-0.004,4.171
89.98,1.588,-1.394,1.605,4.187,-0.005,4.172
89.99,1.710,-1.393,1.609,4.205,-0.006,4.172
90.00,1.494,-1.393,1.607,4.202,-0.006,4.173
90.01,1.691,-1.394,1.608,4.132,-0.006,4.171
90.02,1.590,-1.395,1.607,4.128,-0.005,4.171
90.03,1.726,-1.395,1.611,4.073,-0.007,4.166
90.04,1.556,-1.395,1.610,4.168,-0.008,4.165
90.05,1.701,-1.394,1.614,4.156,-0.008,4.164
90.06,1.489,-1.395,1.610,4.222,-0.009,4.166
90.07,1.448,-1.394,1.606,4.267,-0.009,4.169
90.08,1.658,-1.394,1.607,4.540,-0.009,4.181
90.09,1.527,-1.396,1.603,4.403,-0.007,4.189
90.10,1.618,-1.397,1.603,4.065,-0.008,4.185
90.11,1.764,-1.397,1.609,4.141,-0.008,4.184
90.12,1.576,-1.395,1.610,3.962,-0.007,4.178
90.13,1.452,-1.394,1.607,4.190,-0.007,4.178
90.14,1.635,-1.393,1.609,4.225,-0.009,4.179
90.15,1.355,-1.393,1.601,4.147,-0.008,4.178
90.16,1.568,-1.393,1.600,4.141,-0.008,4.177
90.17,1.456,-1.394,1.595,4.216,-0.008,4.178
90.18,1.540,-1.393,1.594,4.393,-0.009,4.184
90.19,1.932,-1.394,1.604,4.117,-0.008,4.183
90.20,1.319,-1.396,1.594,4.261,-0.008,4.186
90.21,1.667,-1.394,1.598,4.090,-0.007,4.184
90.22,1.506,-1.393,1.596,4.191,-0.007,4.185
90.23,1.383,-1.393,1.590,4.152,-0.006,4.185
90.24,1.645,-1.393,1.592,4.323,-0.007,4.189
90.25,1.628,-1.392,1.594,4.211,-0.005,4.191
90.26,1.650,-1.393,1.595,4.422,-0.006,4.198
90.27,1.690,-1.393,1.598,4.519,-0.006,4.207
90.28,1.744,-1.394,1.602,4.157,-0.007,4.206
90.29,1.808,-1.394,1.608,3.977,-0.007,4.199
90.30,1.810,-1.393,1.616,4.072,-0.006,4.197
90.31,1.536,-1.394,1.612,4.057,-0.005,4.193
90.32,1.293,-1.393,1.604,4.281,-0.005,4.196
90.33,1.697,-1.395,1.605,4.246,-0.005,4.198
90.34,1.378,-1.395,1.599,4.302,-0.006,4.201
90.35,1.407,-1.396,1.592,4.194,-0.005,4.201
90.36,1.307,-1.395,1.584,3.900,-0.005,4.192
90.37,1.499,-1.395,1.582,4.342,-0.005,4.197
90.39,1.550,-1.397,1.578,4.352,-0.007,4.200
90.39,1.446,-1.397,1.574,4.178,-0.009,4.198
90.40,1.519,-1.398,1.572,4.206,-0.007,4.200
90.41,1.417,-1.400,1.565,4.216,-0.007,4.201
90.43,1.418,-1.400,1.561,4.050,-0.009,4.195
90.43,1.784,-1.399,1.568,4.323,-0.010,4.198
90.45,1.521,-1.399,1.567,3.911,-0.009,4.190
90.46,1.569,-1.399,1.566,4.427,-0.007,4.200
90.47,1.624,-1.399,1.568,4.022,-0.007,4.195
90.48,1.666,-1.397,1.573,4.005,-0.008,4.188
90.49,1.640,-1.398,1.574,4.142,-0.007,4.187
90.50,1.452,-1.397,1.571,4.087,-0.008,4.184
90.51,1.311,-1.397,1.563,4.031,-0.007,4.180
90.52,1.535,-1.398,1.562,4.080,-0.007,4.177
90.53,1.567,-1.398,1.561,4.182,-0.007,4.178
90.54,1.704,-1.396,1.567,4.128,-0.005,4.178
90.55,1.427,-1.395,1.564,4.131,-0.004,4.178
90.56,1.591,-1.396,1.564,4.220,-0.003,4.180
90.57,1.425,-1.397,1.558,3.972,-0.003,4.173
90.58,1.417,-1.397,1.554,3.979,-0.003,4.168
90.59,1.356,-1.397,1.547,4.165,-0.003,4.167
90.60,1.630,-1.398,1.549,4.191,-0.001,4.169
90.61,1.794,-1.398,1.556,4.252,-0.002,4.172
90.62,1.584,-1.399,1.556,4.426,-0.001,4.180
90.63,1.402,-1.398,1.552,4.154,-0.001,4.179
90.64,1.753,-1.397,1.559,4.346,-0.002,4.184
90.65,1.423,-1.398,1.554,4.570,-0.001,4.196
90.66,1.551,-1.399,1.553,4.300,-0.001,4.200
90.67,1.399,-1.400,1.546,3.930,-0.001,4.191
90.68,1.724,-1.402,1.549,3.975,-0.001,4.185
90.69,1.640,-1.405,1.550,4.530,-0.001,4.196
90.70,1.237,-1.408,1.537,4.166,-0.001,4.195
90.71,1.463,-1.409,1.534,4.170,-0.002,4.193
90.72,1.574,-1.410,1.534,4.524,-0.001,4.204
90.73,1.560,-1.408,1.535,4.154,-0.000,4.204
90.74,1.644,-1.409,1.537,4.237,0.000,4.206
90.75,1.839,-1.410,1.546,4.165,-0.000,4.204
90.76,1.557,-1.411,1.545,4.366,0.001,4.210
90.77,1.386,-1.410,1.541,4.000,0.001,4.205
90.78,1.463,-1.410,1.539,4.520,0.002,4.215
90.79,1.354,-1.411,1.532,4.146,0.000,4.212
90.80,1.408,-1.409,1.529,3.870,0.000,4.202
90.81,1.465,-1.409,1.527,4.189,0.001,4.202
90.82,1.642,-1.408,1.531,4.090,0.001,4.199
90.83,1.651,-1.409,1.534,4.290,0.002,4.203
90.84,1.587,-1.408,1.536,4.218,0.002,4.203
90.85,1.590,-1.407,1.539,3.934,0.004,4.197
90.86,1.716,-1.406,1.545,3.881,0.004,4.188
90.87,1.566,-1.405,1.546,4.153,0.003,4.186
90.88,1.712,-1.405,1.551,4.661,0.003,4.200
90.89,1.794,-1.405,1.559,4.371,0.005,4.208
90.90,1.647,-1.404,1.562,4.328,0.006,4.212
90.91,1.462,-1.405,1.558,4.166,0.007,4.212
90.92,1.746,-1.402,1.566,4.294,0.006,4.214
90.93,1.647,-1.402,1.569,4.087,0.008,4.212
90.94,1.772,-1.402,1.576,4.208,0.008,4.212
90.95,1.579,-1.402,1.575,4.124,0.008,4.209
90.96,1.487,-1.402,1.573,4.143,0.009,4.209
90.97,1.655,-1.402,1.576,4.241,0.009,4.210
90.98,1.532,-1.404,1.572,3.929,0.009,4.201
90.99,1.592,-1.405,1.572,3.989,0.008,4.194
91.00,1.971,-1.405,1.585,4.126,0.009,4.193
91.01,1.595,-1.406,1.584,4.289,0.009,4.196
91.02,1.669,-1.404,1.589,4.213,0.009,4.196
91.03,1.374,-1.404,1.582,4.244,0.010,4.199
91.04,1.782,-1.404,1.589,3.905,0.009,4.188
91.05,1.489,-1.407,1.583,4.188,0.010,4.189
91.06,1.488,-1.407,1.580,4.496,0.010,4.199
91.07,1.396,-1.409,1.573,4.300,0.011,4.203
91.08,1.888,-1.408,1.583,3.956,0.011,4.196
91.09,1.842,-1.407,1.592,4.105,0.010,4.191
91.10,1.607,-1.408,1.593,4.433,0.009,4.199
91.11,1.504,-1.407,1.591,3.863,0.009,4.188
91.12,1.498,-1.406,1.589,4.187,0.009,4.187
91.13,1.471,-1.407,1.585,4.377,0.008,4.193
91.14,1.408,-1.406,1.581,4.316,0.008,4.197
91.15,1.538,-1.405,1.580,3.800,0.008,4.185
91.16,1.673,-1.405,1.584,4.016,0.009,4.180
91.17,1.356,-1.405,1.577,3.983,0.010,4.174
91.18,1.450,-1.406,1.572,4.070,0.009,4.170
91.19,1.723,-1.407,1.576,4.274,0.010,4.174
91.20,1.708,-1.407,1.580,4.200,0.011,4.175
91.21,1.854,-1.409,1.587,4.326,0.011,4.180
91.22,1.503,-1.408,1.585,4.038,0.011,4.176
91.23,1.469,-1.408,1.582,4.143,0.012,4.175
91.24,1.484,-1.409,1.578,4.184,0.012,4.176
91.25,1.673,-1.408,1.583,4.199,0.014,4.178
91.26,1.653,-1.410,1.582,4.245,0.015,4.181
91.27,1.497,-1.410,1.581,4.178,0.015,4.180
91.28,1.984,-1.409,1.594,4.301,0.014,4.183
91.29,1.601,-1.410,1.594,4.239,0.015,4.185
91.30,1.675,-1.411,1.596,4.086,0.015,4.182
91.31,1.544,-1.408,1.596,3.996,0.016,4.177
91.32,1.912,-1.408,1.607,4.420,0.016,4.185
91.33,1.682,-1.408,1.609,4.172,0.016,4.184
91.34,1.593,-1.409,1.608,4.242,0.015,4.185
91.35,1.566,-1.412,1.605,4.253,0.015,4.187
91.36,1.587,-1.416,1.601,3.966,0.016,4.180
91.37,1.608,-1.414,1.604,4.209,0.016,4.182
91.38,1.670,-1.415,1.605,4.205,0.016,4.182
91.39,1.654,-1.416,1.606,4.247,0.018,4.186
91.40,1.560,-1.416,1.605,3.987,0.016,4.178
91.41,1.279,-1.418,1.593,4.177,0.016,4.178
91.42,1.504,-1.418,1.590,4.145,0.016,4.176
91.43,1.620,-1.418,1.592,4.323,0.014,4.179
91.44,1.956,-1.418,1.604,3.982,0.013,4.172
91.45,1.682,-1.418,1.607,4.448,0.015,4.181
91.46,1.464,-1.417,1.603,4.408,0.015,4.189
91.47,1.408,-1.419,1.596,4.236,0.013,4.188
91.48,1.517,-1.418,1.595,4.155,0.014,4.188
91.49,1.570,-1.417,1.595,4.237,0.013,4.189
91.50,1.707,-1.415,1.600,4.379,0.014,4.195
91.51,1.765,-1.415,1.607,4.134,0.014,4.194
91.52,1.622,-1.416,1.606,4.196,0.015,4.194
91.53,1.691,-1.415,1.610,3.930,0.014,4.185
91.54,1.629,-1.414,1.612,4.357,0.015,4.191
91.55,1.427,-1.412,1.608,4.000,0.014,4.184
91.56,1.322,-1.414,1.599,4.194,0.012,4.183
91.57,1.529,-1.414,1.597,4.331,0.012,4.187
91.58,1.522,-1.416,1.593,4.156,0.011,4.185
91.59,1.454,-1.416,1.588,4.005,0.012,4.181
91.60,1.655,-1.416,1.591,3.879,0.013,4.172
91.61,1.521,-1.416,1.589,4.048,0.014,4.169
91.62,1.535,-1.417,1.586,4.287,0.015,4.174
91.63,1.666,-1.419,1.587,4.229,0.015,4.175
91.64,1.444,-1.419,1.583,4.170,0.015,4.175
91.65,1.869,-1.418,1.592,4.083,0.016,4.172
91.66,1.704,-1.419,1.595,4.505,0.018,4.184
91.67,1.777,-1.419,1.601,3.837,0.019,4.174
91.68,1.733,-1.418,1.607,4.234,0.019,4.176
91.69,1.534,-1.416,1.606,4.260,0.020,4.180
91.70,1.617,-1.415,1.609,4.157,0.019,4.178
91.71,1.632,-1.415,1.610,4.281,0.017,4.179
91.72,1.589,-1.413,1.611,4.250,0.016,4.180
91.73,1.659,-1.413,1.613,4.260,0.015,4.182
91.74,1.654,-1.413,1.614,4.298,0.016,4.186
91.75,1.486,-1.413,1.611,4.301,0.017,4.190
91.76,1.634,-1.411,1.614,4.250,0.018,4.193
91.77,1.472,-1.412,1.609,4.191,0.017,4.192
91.78,1.764,-1.413,1.613,4.348,0.017,4.197
91.79,1.285,-1.414,1.603,4.244,0.016,4.198
91.80,1.492,-1.413,1.600,4.580,0.016,4.209
91.81,1.711,-1.415,1.602,4.136,0.015,4.206
91.82,1.569,-1.415,1.602,4.069,0.015,4.202
91.83,1.553,-1.416,1.599,4.338,0.014,4.205
91.84,1.399,-1.416,1.593,3.805,0.015,4.194
91.86,1.658,-1.417,1.594,4.140,0.015,4.192
91.86,1.732,-1.417,1.599,3.897,0.015,4.183
91.87,1.702,-1.414,1.605,4.198,0.014,4.183
91.89,1.626,-1.414,1.606,4.207,0.013,4.183
91.90,1.148,-1.413,1.593,4.325,0.014,4.187
91.90,1.507,-1.413,1.591,4.229,0.013,4.188
91.92,1.596,-1.412,1.591,4.506,0.012,4.196
91.93,1.749,-1.411,1.597,4.069,0.012,4.193
91.94,1.660,-1.411,1.600,4.504,0.012,4.202
91.94,1.317,-1.410,1.593,4.084,0.012,4.198
91.96,1.498,-1.409,1.590,4.297,0.010,4.200
91.97,1.519,-1.410,1.587,4.094,0.010,4.197
91.98,1.691,-1.411,1.589,4.461,0.011,4.206
91.99,1.781,-1.412,1.594,4.018,0.011,4.201
92.00,1.693,-1.414,1.596,4.093,0.012,4.199
92.01,1.511,-1.414,1.593,4.436,0.013,4.206
92.02,1.776,-1.413,1.600,4.487,0.013,4.215
92.03,1.510,-1.414,1.597,4.330,0.013,4.219
92.04,1.665,-1.412,1.600,4.345,0.012,4.223
92.05,1.534,-1.412,1.599,4.201,0.012,4.222
92.06,1.503,-1.412,1.596,4.196,0.013,4.222
92.07,1.619,-1.411,1.598,4.162,0.012,4.220
92.08,1.537,-1.409,1.598,3.977,0.011,4.212
92.09,1.956,-1.411,1.607,4.370,0.012,4.217
92.10,1.561,-1.410,1.607,4.274,0.013,4.220
92.11,1.762,-1.410,1.612,4.019,0.012,4.214
92.12,1.693,-1.410,1.615,4.285,0.013,4.217
92.13,1.667,-1.411,1.616,4.306,0.013,4.220
92.14,1.409,-1.412,1.608,4.369,0.012,4.224
92.15,1.503,-1.413,1.604,4.229,0.011,4.223
92.16,1.405,-1.412,1.600,4.150,0.011,4.221
92.17,1.838,-1.413,1.606,4.348,0.010,4.225
92.18,1.549,-1.413,1.604,3.993,0.011,4.219
92.19,1.711,-1.412,1.608,4.063,0.010,4.213
92.20,1.685,-1.412,1.612,4.266,0.009,4.215
92.21,1.716,-1.413,1.614,4.680,0.009,4.229
92.22,1.678,-1.412,1.617,4.091,0.011,4.226
92.23,1.668,-1.415,1.616,4.175,0.011,4.226
92.24,1.496,-1.416,1.612,4.234,0.011,4.226
92.25,1.600,-1.414,1.613,4.564,0.010,4.236
92.26,1.517,-1.416,1.609,4.240,0.011,4.237
92.27,1.569,-1.416,1.608,4.189,0.012,4.237
92.28,1.527,-1.418,1.603,4.336,0.013,4.241
92.29,1.295,-1.415,1.597,4.295,0.013,4.243
92.30,1.532,-1.413,1.597,4.023,0.013,4.237
92.31,1.529,-1.415,1.594,4.342,0.012,4.240
92.32,1.386,-1.415,1.588,4.192,0.011,4.238
92.33,1.567,-1.416,1.586,4.257,0.010,4.238
92.34,1.259,-1.415,1.577,4.096,0.009,4.233
92.35,1.556,-1.416,1.575,3.792,0.010,4.221
92.36,1.474,-1.418,1.570,4.497,0.009,4.229
92.37,1.611,-1.418,1.571,4.192,0.010,4.229
92.38,1.528,-1.419,1.569,4.253,0.010,4.229
92.39,1.725,-1.418,1.574,4.347,0.010,4.234
92.40,1.590,-1.419,1.573,4.384,0.010,4.239
92.41,1.988,-1.421,1.584,4.252,0.011,4.240
92.42,1.660,-1.424,1.584,4.144,0.010,4.237
92.43,1.450,-1.424,1.579,4.125,0.010,4.234
92.44,1.234,-1.424,1.569,4.315,0.011,4.238
92.45,1.469,-1.423,1.567,4.161,0.011,4.235
92.46,1.738,-1.423,1.572,4.465,0.012,4.243
92.47,1.767,-1.423,1.578,4.365,0.012,4.248
92.48,1.484,-1.424,1.575,4.283,0.012,4.250
92.49,1.717,-1.423,1.579,4.091,0.013,4.246
92.50,1.463,-1.426,1.573,3.991,0.012,4.237
92.51,1.648,-1.429,1.573,4.214,0.011,4.236
92.52,1.674,-1.429,1.575,4.230,0.010,4.235
92.53,1.954,-1.430,1.586,4.329,0.009,4.237
92.54,1.496,-1.431,1.582,4.400,0.008,4.242
92.55,1.652,-1.433,1.583,4.233,0.007,4.241
92.56,1.924,-1.434,1.592,4.075,0.006,4.235
92.57,1.892,-1.434,1.602,4.060,0.007,4.231
92.58,1.453,-1.432,1.600,4.244,0.007,4.232
92.59,1.564,-1.431,1.600,4.207,0.007,4.231
92.60,1.806,-1.431,1.606,4.103,0.007,4.228
92.61,1.575,-1.431,1.607,4.338,0.009,4.234
92.62,1.375,-1.431,1.599,4.104,0.008,4.229
92.63,1.600,-1.432,1.599,4.108,0.010,4.227
92.64,1.457,-1.432,1.595,4.036,0.011,4.222
92.65,1.534,-1.434,1.591,4.018,0.011,4.216
92.66,1.632,-1.434,1.593,4.507,0.009,4.223
92.67,1.870,-1.435,1.600,4.173,0.010,4.222
92.68,1.339,-1.438,1.590,4.344,0.008,4.225
92.69,1.606,-1.438,1.591,4.205,0.009,4.226
92.70,1.772,-1.436,1.598,4.150,0.010,4.224
92.71,1.767,-1.435,1.605,4.439,0.010,4.231
92.72,1.704,-1.436,1.607,4.347,0.009,4.234
92.73,1.444,-1.435,1.603,4.197,0.009,4.233
92.74,1.382,-1.434,1.598,4.135,0.010,4.231
92.75,1.246,-1.433,1.589,4.231,0.009,4.231
92.76,1.495,-1.432,1.587,4.314,0.009,4.233
92.77,1.529,-1.433,1.584,4.175,0.007,4.230
92.78,1.432,-1.430,1.583,4.328,0.006,4.232
92.79,1.717,-1.429,1.587,4.093,0.006,4.228
92.80,1.629,-1.432,1.586,4.296,0.007,4.231
92.81,1.524,-1.434,1.582,4.136,0.008,4.229
92.82,1.634,-1.435,1.583,4.419,0.009,4.237
92.83,1.454,-1.438,1.576,4.239,0.009,4.237
92.84,1.480,-1.437,1.574,4.256,0.007,4.235
92.85,1.787,-1.436,1.582,4.345,0.005,4.237
92.86,1.661,-1.436,1.584,4.580,0.004,4.247
92.87,1.685,-1.436,1.588,4.313,0.005,4.251
92.88,1.550,-1.436,1.587,4.395,0.005,4.256
92.89,1.464,-1.436,1.583,4.148,0.005,4.252
92.90,1.670,-1.436,1.586,4.106,0.005,4.248
92.91,1.651,-1.438,1.586,4.240,0.004,4.248
92.92,1.703,-1.439,1.589,4.128,0.004,4.244
92.93,1.538,-1.438,1.588,4.319,0.004,4.247
92.94,1.316,-1.439,1.579,4.229,0.004,4.246
92.95,1.682,-1.439,1.582,4.364,0.004,4.251
92.96,1.565,-1.440,1.581,3.866,0.004,4.240
92.97,1.616,-1.441,1.581,3.928,0.004,4.230
92.98,2.050,-1.440,1.597,3.897,0.004,4.220
92.99,1.443,-1.437,1.595,4.385,0.005,4.226
93.00,1.361,-1.437,1.588,4.215,0.004,4.225
93.01,1.581,-1.436,1.589,4.388,0.003,4.229
93.02,1.509,-1.437,1.586,4.258,0.003,4.230
93.03,1.557,-1.437,1.585,4.254,0.002,4.231
93.04,1.533,-1.438,1.583,4.245,0.001,4.230
93.05,1.581,-1.437,1.583,4.353,-0.000,4.232
93.06,1.459,-1.439,1.578,4.306,0.000,4.235
93.07,1.798,-1.438,1.586,4.019,0.001,4.230
93.08,1.501,-1.437,1.584,4.405,0.000,4.234
93.09,1.703,-1.437,1.588,4.185,-0.000,4.233
93.10,1.596,-1.437,1.588,4.265,0.000,4.235
93.11,1.519,-1.437,1.587,4.219,0.001,4.235
93.12,1.537,-1.436,1.586,3.941,0.002,4.228
93.13,1.458,-1.437,1.581,4.417,0.002,4.234
93.14,1.640,-1.440,1.580,4.168,0.002,4.232
93.15,1.773,-1.440,1.586,4.600,0.002,4.242
93.16,1.677,-1.439,1.591,4.327,0.001,4.245
93.17,1.425,-1.437,1.587,4.314,0.001,4.247
93.18,1.465,-1.437,1.583,4.433,0.001,4.253
93.19,1.997,-1.438,1.595,3.940,0.000,4.243
93.20,1.597,-1.437,1.596,4.246,0.001,4.244
93.21,1.567,-1.438,1.595,4.215,0.002,4.245
93.22,1.685,-1.437,1.599,4.205,0.001,4.243
93.23,1.508,-1.439,1.595,4.149,-0.001,4.239
93.24,1.751,-1.439,1.600,4.074,-0.001,4.234
93.25,1.603,-1.438,1.601,3.763,-0.000,4.220
93.26,1.601,-1.437,1.602,4.438,-0.002,4.226
93.27,1.455,-1.437,1.598,4.031,-0.003,4.219
93.28,1.489,-1.436,1.596,3.932,-0.001,4.211
93.29,1.516,-1.437,1.592,3.937,-0.001,4.204
93.30,1.535,-1.438,1.590,4.346,-0.001,4.208
93.31,1.514,-1.439,1.586,4.393,-0.000,4.214
93.32,1.683,-1.439,1.589,3.947,0.001,4.207
93.33,1.498,-1.440,1.586,4.102,0.002,4.204
93.34,1.422,-1.441,1.580,4.239,0.002,4.206
93.35,1.548,-1.440,1.580,3.725,0.004,4.193
93.37,1.533,-1.441,1.577,3.964,0.004,4.186
93.38,1.551,-1.443,1.575,4.348,0.003,4.189
93.39,1.513,-1.444,1.572,4.062,0.002,4.184
93.40,1.477,-1.445,1.568,4.241,0.002,4.185
93.41,1.456,-1.447,1.563,3.949,0.001,4.177
93.42,1.453,-1.446,1.561,4.052,0.002,4.173
93.43,1.334,-1.444,1.555,4.195,0.002,4.174
93.44,1.637,-1.443,1.559,3.967,0.001,4.166
93.44,1.827,-1.443,1.567,4.295,0.001,4.169
93.45,1.959,-1.443,1.579,4.557,0.002,4.182
93.47,1.383,-1.444,1.571,3.970,0.003,4.176
93.48,1.762,-1.443,1.578,4.285,0.003,4.180
93.48,1.281,-1.445,1.568,4.376,0.003,4.185
93.50,1.759,-1.443,1.575,4.179,0.003,4.185
93.51,1.512,-1.444,1.572,4.126,0.003,4.182
93.52,1.324,-1.444,1.565,4.184,0.003,4.182
93.53,1.443,-1.445,1.560,4.335,0.004,4.188
93.54,1.194,-1.444,1.550,4.139,0.003,4.185
93.55,1.341,-1.445,1.542,4.120,0.003,4.182
93.56,1.490,-1.444,1.541,4.226,0.003,4.184
93.57,1.657,-1.445,1.544,3.953,0.004,4.177
93.58,1.642,-1.445,1.546,4.233,0.003,4.178
93.59,1.298,-1.446,1.538,4.004,0.005,4.174
93.60,1.562,-1.446,1.538,4.017,0.005,4.169
93.61,1.638,-1.448,1.539,4.305,0.005,4.172
93.62,1.372,-1.449,1.533,4.263,0.005,4.175
93.63,1.387,-1.449,1.527,4.124,0.005,4.173
93.64,1.347,-1.446,1.525,4.108,0.005,4.170
93.65,1.600,-1.446,1.527,4.218,0.005,4.172
93.66,1.424,-1.446,1.523,3.917,0.004,4.162
93.67,1.750,-1.445,1.531,3.938,0.003,4.154
93.68,1.589,-1.446,1.531,4.092,0.005,4.153
93.69,1.561,-1.446,1.532,4.074,0.005,4.151
93.70,1.345,-1.445,1.527,4.253,0.005,4.153
93.71,1.441,-1.443,1.525,4.238,0.006,4.156
93.72,1.562,-1.444,1.526,3.882,0.006,4.148
93.73,1.256,-1.446,1.515,4.114,0.006,4.146
93.74,1.426,-1.444,1.513,4.385,0.007,4.153
93.75,1.441,-1.446,1.508,4.315,0.008,4.159
93.76,1.500,-1.445,1.509,4.523,0.007,4.169
93.77,1.455,-1.446,1.506,4.189,0.008,4.170
93.78,1.398,-1.446,1.502,4.207,0.007,4.169
93.79,1.593,-1.446,1.505,4.099,0.007,4.167
93.80,1.655,-1.446,1.509,4.358,0.007,4.173
93.81,1.475,-1.446,1.507,4.460,0.008,4.182
93.82,1.753,-1.443,1.517,4.178,0.009,4.183
93.83,1.508,-1.444,1.515,4.205,0.008,4.182
93.84,1.547,-1.444,1.516,4.087,0.008,4.179
93.85,1.770,-1.447,1.520,4.313,0.008,4.183
93.86,1.357,-1.448,1.514,4.115,0.007,4.180
93.87,1.876,-1.447,1.525,4.296,0.006,4.183
93.88,1.565,-1.447,1.526,4.168,0.006,4.181
93.89,1.346,-1.447,1.521,3.958,0.005,4.174
93.90,1.600,-1.446,1.524,4.301,0.006,4.179
93.91,1.600,-1.448,1.524,4.439,0.008,4.188
93.92,1.400,-1.449,1.519,4.133,0.008,4.186
93.93,1.638,-1.447,1.524,4.173,0.008,4.185
93.94,1.598,-1.446,1.527,4.272,0.009,4.189
93.95,1.648,-1.447,1.529,4.331,0.008,4.193
93.96,1.699,-1.447,1.534,4.237,0.008,4.194
93.97,1.778,-1.445,1.543,3.987,0.008,4.187
93.98,1.516,-1.448,1.540,3.891,0.008,4.178
93.99,1.800,-1.446,1.550,4.114,0.007,4.175
94.00,1.452,-1.448,1.544,4.155,0.009,4.175
94.01,1.556,-1.449,1.544,3.962,0.007,4.167
94.02,1.759,-1.451,1.549,4.252,0.008,4.170
94.03,1.348,-1.451,1.542,4.150,0.007,4.169
94.04,1.565,-1.451,1.543,4.081,0.008,4.166
94.05,1.596,-1.449,1.546,4.181,0.008,4.167
94.06,1.596,-1.449,1.548,4.048,0.007,4.161
94.07,1.401,-1.451,1.542,4.181,0.006,4.161
94.08,1.640,-1.452,1.543,4.277,0.006,4.164
94.09,1.556,-1.453,1.543,4.253,0.006,4.166
94.10,1.665,-1.455,1.545,4.167,0.006,4.166
94.11,1.870,-1.456,1.554,3.979,0.006,4.160
94.12,1.641,-1.455,1.558,4.146,0.006,4.160
94.13,1.448,-1.455,1.554,4.266,0.005,4.162
94.14,1.576,-1.456,1.554,4.008,0.005,4.157
94.15,1.642,-1.456,1.557,4.367,0.006,4.164
94.16,1.956,-1.455,1.570,4.225,0.007,4.166
94.17,1.680,-1.454,1.575,4.301,0.008,4.170
94.18,1.463,-1.456,1.570,4.426,0.007,4.178
94.19,1.645,-1.457,1.572,4.480,0.007,4.186
94.20,1.489,-1.457,1.569,4.038,0.007,4.182
94.21,1.629,-1.456,1.573,4.317,0.007,4.186
94.22,1.660,-1.456,1.576,4.120,0.008,4.184
94.23,1.565,-1.455,1.576,4.083,0.007,4.181
94.24,1.477,-1.457,1.571,4.289,0.009,4.185
94.25,1.369,-1.458,1.564,4.168,0.009,4.185
94.26,1.634,-1.457,1.568,4.356,0.008,4.189
94.27,1.470,-1.455,1.567,4.129,0.007,4.186
94.28,1.621,-1.457,1.567,4.268,0.007,4.189
94.29,1.724,-1.459,1.570,3.804,0.006,4.176
94.30,1.648,-1.457,1.575,3.913,0.004,4.166
94.31,1.612,-1.458,1.575,4.419,0.004,4.174
94.32,1.616,-1.458,1.577,4.480,0.004,4.183
94.33,1.701,-1.458,1.581,4.027,0.004,4.178
94.34,1.568,-1.459,1.580,4.114,0.005,4.177
94.35,1.694,-1.459,1.583,3.997,0.004,4.170
94.36,1.406,-1.461,1.577,4.152,0.004,4.170
94.37,1.487,-1.464,1.572,4.375,0.005,4.176
94.38,1.516,-1.462,1.572,4.153,0.005,4.175
94.39,1.442,-1.462,1.568,3.761,0.004,4.162
94.40,1.592,-1.461,1.570,3.847,0.004,4.151
94.41,1.484,-1.462,1.567,4.285,0.005,4.156
94.42,1.699,-1.461,1.572,4.286,0.004,4.159
94.43,1.408,-1.462,1.567,4.198,0.004,4.160
94.44,1.444,-1.462,1.563,4.126,0.002,4.157
94.45,1.559,-1.462,1.562,4.127,0.000,4.154
94.46,1.401,-1.466,1.554,3.960,0.002,4.149
94.47,1.381,-1.466,1.549,3.928,0.002,4.142
94.48,1.560,-1.465,1.550,4.262,0.000,4.144
94.49,1.267,-1.467,1.540,4.252,0.001,4.148
94.50,1.643,-1.467,1.542,4.507,0.001,4.159
94.51,1.326,-1.469,1.535,4.410,-0.000,4.164
94.52,1.368,-1.469,1.529,3.866,-0.001,4.154
94.53,1.605,-1.471,1.530,4.451,-0.002,4.163
94.54,1.497,-1.469,1.530,3.822,-0.003,4.151
94.55,1.675,-1.469,1.534,4.012,-0.003,4.146
94.56,1.303,-1.469,1.527,4.221,-0.004,4.147
94.57,1.626,-1.469,1.531,3.928,-0.004,4.140
94.58,2.092,-1.468,1.548,4.343,-0.002,4.148
94.59,1.532,-1.470,1.546,4.110,-0.002,4.146
94.60,1.408,-1.472,1.540,4.241,-0.002,4.149
94.61,1.781,-1.473,1.547,4.221,-0.001,4.152
94.62,1.761,-1.474,1.552,4.208,-0.001,4.153
94.63,1.700,-1.475,1.556,4.252,-0.001,4.156
94.64,1.403,-1.475,1.551,4.365,-0.001,4.163
94.65,1.524,-1.475,1.551,4.639,-0.002,4.177
94.66,1.418,-1.474,1.548,4.211,-0.002,4.177
94.67,1.734,-1.472,1.556,4.117,-0.003,4.174
94.68,1.556,-1.472,1.556,4.303,-0.003,4.178
94.69,1.252,-1.470,1.548,4.219,-0.007,4.176
94.70,1.569,-1.469,1.550,4.261,-0.006,4.179
94.71,1.538,-1.469,1.550,4.086,-0.006,4.177
94.72,1.655,-1.470,1.553,4.540,-0.006,4.188
94.73,1.452,-1.469,1.550,4.025,-0.005,4.184
94.74,1.632,-1.468,1.555,4.390,-0.005,4.190
94.75,1.522,-1.467,1.554,4.130,-0.005,4.189
94.77,1.677,-1.467,1.558,4.174,-0.003,4.190
94.77,1.626,-1.468,1.560,4.147,-0.003,4.189
94.78,1.459,-1.468,1.556,4.345,-0.001,4.196
94.80,1.674,-1.468,1.561,4.344,-0.003,4.199
94.81,1.673,-1.467,1.565,4.064,-0.002,4.196
94.81,1.543,-1.468,1.564,3.981,-0.001,4.190
94.82,1.585,-1.466,1.566,4.083,-0.001,4.187
94.83,1.646,-1.465,1.570,4.242,-0.001,4.189
94.85,1.405,-1.464,1.566,3.753,-0.002,4.175
94.85,1.627,-1.465,1.567,4.205,-0.001,4.177
94.86,1.486,-1.466,1.564,4.149,-0.002,4.175
94.87,1.509,-1.467,1.562,4.236,-0.001,4.177
94.88,1.436,-1.466,1.559,4.096,0.000,4.176
94.90,1.554,-1.466,1.559,4.214,-0.001,4.176
94.91,1.529,-1.465,1.558,4.500,-0.003,4.185
94.92,1.374,-1.467,1.551,3.814,-0.004,4.172
94.93,1.503,-1.467,1.550,4.087,-0.004,4.170
94.94,1.428,-1.469,1.544,3.808,-0.004,4.158
94.95,1.503,-1.467,1.545,4.136,-0.003,4.158
94.96,1.509,-1.468,1.543,3.959,-0.004,4.151
94.97,1.424,-1.469,1.538,3.906,-0.004,4.144
94.98,1.723,-1.470,1.543,4.189,-0.004,4.145
94.99,1.390,-1.469,1.539,4.327,-0.003,4.150
95.00,1.457,-1.470,1.536,4.204,-0.002,4.153
95.01,1.592,-1.471,1.537,4.049,-0.001,4.151
95.02,1.779,-1.470,1.545,4.093,-0.000,4.149
95.03,1.638,-1.471,1.547,4.164,0.001,4.151
95.04,1.549,-1.471,1.547,4.043,0.003,4.149
95.05,1.804,-1.469,1.556,4.181,0.004,4.151
95.06,1.836,-1.470,1.564,4.259,0.005,4.155
95.07,1.301,-1.473,1.554,3.833,0.005,4.144
95.08,1.450,-1.475,1.549,4.034,0.005,4.141
95.09,1.649,-1.473,1.553,4.022,0.004,4.136
95.10,1.433,-1.474,1.549,4.390,0.004,4.143
95.11,1.562,-1.473,1.551,3.966,0.005,4.138
95.12,1.506,-1.473,1.549,4.326,0.004,4.143
95.13,1.678,-1.474,1.552,4.453,0.006,4.154
95.14,1.529,-1.475,1.551,3.802,0.007,4.143
95.15,1.521,-1.477,1.548,4.118,0.006,4.142
95.16,1.384,-1.478,1.542,4.150,0.008,4.143
95.17,1.619,-1.478,1.545,4.296,0.007,4.147
95.18,1.614,-1.477,1.548,3.982,0.007,4.142
95.19,1.534,-1.477,1.548,4.406,0.007,4.149
95.20,1.540,-1.477,1.547,4.302,0.005,4.151
95.21,1.631,-1.476,1.551,4.204,0.004,4.152
95.22,1.403,-1.474,1.549,4.159,0.003,4.151
95.23,1.342,-1.474,1.542,4.069,0.003,4.148
95.24,1.656,-1.474,1.546,3.907,0.002,4.140
95.25,1.555,-1.473,1.547,4.091,0.003,4.139
95.26,1.363,-1.472,1.542,4.153,0.004,4.140
95.27,1.628,-1.471,1.546,4.294,0.004,4.144
95.28,1.510,-1.471,1.545,4.249,0.004,4.147
95.29,1.484,-1.472,1.543,4.207,0.005,4.150
95.30,1.483,-1.471,1.541,4.333,0.006,4.157
95.31,1.635,-1.471,1.545,4.659,0.006,4.171
95.32,1.575,-1.472,1.544,4.119,0.006,4.169
95.33,1.586,-1.473,1.545,4.122,0.005,4.168
95.34,1.795,-1.473,1.552,4.496,0.005,4.177
95.35,1.383,-1.473,1.547,4.122,0.005,4.175
95.36,1.497,-1.475,1.544,3.893,0.006,4.168
95.37,1.474,-1.474,1.543,4.541,0.007,4.180
95.38,1.656,-1.474,1.546,3.999,0.008,4.176
95.39,1.499,-1.474,1.545,4.114,0.009,4.175
95.40,1.515,-1.475,1.543,4.141,0.009,4.174
95.41,1.585,-1.475,1.544,3.913,0.009,4.166
95.42,1.669,-1.473,1.550,4.223,0.011,4.169
95.43,1.462,-1.472,1.548,4.242,0.010,4.171
95.44,1.665,-1.473,1.551,4.035,0.011,4.167
95.45,1.532,-1.473,1.550,4.347,0.010,4.172
95.46,1.502,-1.474,1.548,4.218,0.010,4.173
95.47,1.484,-1.475,1.546,3.800,0.010,4.162
95.48,1.283,-1.472,1.540,4.023,0.010,4.158
95.49,1.868,-1.473,1.549,4.110,0.010,4.155
95.50,1.569,-1.473,1.550,4.405,0.010,4.163
95.51,1.414,-1.473,1.546,4.205,0.009,4.163
95.52,1.458,-1.472,1.544,4.205,0.009,4.164
95.53,1.416,-1.472,1.540,4.341,0.008,4.168
95.54,1.435,-1.475,1.534,4.373,0.007,4.174
95.55,1.493,-1.479,1.529,4.415,0.005,4.179
95.56,1.623,-1.478,1.532,4.656,0.005,4.194
95.57,1.588,-1.477,1.535,4.211,0.003,4.193
95.58,1.500,-1.480,1.531,4.162,0.003,4.192
95.59,1.290,-1.480,1.523,4.061,0.005,4.191
95.60,1.704,-1.480,1.529,3.998,0.005,4.185
95.61,1.533,-1.479,1.530,4.074,0.006,4.182
95.62,1.543,-1.483,1.527,4.369,0.007,4.189
95.63,1.786,-1.482,1.535,4.185,0.008,4.190
95.64,1.596,-1.483,1.537,4.343,0.007,4.194
95.65,1.673,-1.485,1.539,3.911,0.007,4.185
95.66,1.660,-1.485,1.543,4.194,0.007,4.185
95.67,1.418,-1.484,1.540,3.992,0.005,4.178
95.68,1.834,-1.482,1.551,4.092,0.005,4.175
95.69,1.291,-1.483,1.542,4.064,0.004,4.171
95.70,1.590,-1.483,1.544,4.133,0.003,4.169
95.71,1.674,-1.482,1.549,3.874,0.002,4.159
95.72,1.652,-1.482,1.552,4.174,0.002,4.159
95.73,1.546,-1.483,1.551,3.948,0.001,4.151
95.74,1.439,-1.484,1.547,4.266,0.001,4.155
95.75,1.587,-1.482,1.550,4.163,0.001,4.155
95.76,1.470,-1.483,1.547,4.194,0.001,4.156
95.77,1.379,-1.483,1.542,4.125,0.001,4.155
95.78,1.408,-1.482,1.539,4.352,-0.000,4.160
95.79,1.409,-1.482,1.535,4.185,0.000,4.161
95.80,1.592,-1.484,1.535,4.064,0.001,4.159
95.81,1.519,-1.483,1.535,4.078,0.002,4.157
95.82,1.582,-1.484,1.536,4.023,0.003,4.153
95.83,1.518,-1.483,1.536,4.031,0.002,4.148
95.84,1.929,-1.484,1.547,3.978,0.002,4.143
95.85,1.537,-1.483,1.548,4.168,0.003,4.145
95.86,1.463,-1.485,1.544,4.269,0.004,4.149
95.87,1.334,-1.487,1.535,4.027,0.005,4.146
95.88,1.919,-1.487,1.547,4.127,0.005,4.145
95.89,1.504,-1.486,1.547,4.187,0.006,4.147
95.90,1.849,-1.484,1.558,3.924,0.006,4.140
95.91,1.384,-1.483,1.555,3.992,0.006,4.136
95.92,1.651,-1.481,1.560,4.315,0.005,4.139
95.93,1.546,-1.479,1.561,4.450,0.004,4.148
95.94,1.438,-1.480,1.557,4.410,0.004,4.156
95.95,1.631,-1.479,1.560,4.049,0.005,4.154
95.96,1.408,-1.477,1.557,4.040,0.004,4.149
95.97,1.644,-1.477,1.560,4.263,0.004,4.152
95.98,1.730,-1.478,1.565,4.122,0.002,4.150
95.99,1.574,-1.479,1.564,4.150,0.002,4.149
96.00,1.552,-1.480,1.563,4.125,0.002,4.148
96.01,1.470,-1.481,1.560,4.408,0.002,4.156
96.02,1.470,-1.481,1.557,4.358,-0.000,4.160
96.03,1.474,-1.481,1.554,4.506,-0.000,4.171
96.04,1.479,-1.480,1.554,3.955,-0.001,4.163
96.05,1.524,-1.479,1.554,4.116,-0.001,4.162
96.06,1.378,-1.477,1.550,4.208,-0.000,4.164
96.07,1.612,-1.477,1.553,3.943,0.000,4.158
96.08,1.526,-1.478,1.551,4.165,-0.000,4.157
96.09,1.715,-1.480,1.553,4.240,0.001,4.161
96.10,1.791,-1.483,1.558,4.497,0.000,4.171
96.11,1.665,-1.485,1.560,3.987,0.000,4.165
96.12,1.434,-1.486,1.555,4.405,-0.000,4.172
96.14,1.770,-1.485,1.563,3.962,-0.001,4.165
96.14,1.654,-1.486,1.565,4.080,-0.002,4.161
96.15,1.312,-1.485,1.558,3.899,-0.001,4.155
96.16,1.556,-1.485,1.559,3.853,0.000,4.146
96.17,1.272,-1.485,1.550,4.359,0.001,4.153
96.18,1.453,-1.485,1.547,3.951,0.001,4.147
96.19,1.601,-1.486,1.548,4.278,-0.001,4.149
96.20,1.523,-1.486,1.547,4.157,-0.002,4.149
96.21,1.506,-1.487,1.545,4.326,-0.001,4.154
96.22,1.643,-1.489,1.546,4.377,-0.001,4.161
96.23,1.576,-1.489,1.548,4.140,-0.002,4.160
96.24,1.555,-1.488,1.549,4.420,-0.003,4.167
96.25,1.698,-1.490,1.551,4.392,-0.004,4.173
96.26,1.718,-1.491,1.556,4.198,-0.005,4.172
96.27,1.518,-1.490,1.556,4.084,-0.006,4.169
96.29,1.796,-1.491,1.562,4.475,-0.005,4.180
96.30,1.594,-1.489,1.566,3.801,-0.003,4.170
96.31,1.665,-1.490,1.568,4.105,-0.003,4.168
96.31,1.454,-1.492,1.563,4.186,-0.002,4.170
96.32,1.408,-1.491,1.559,4.039,-0.002,4.166
96.33,1.650,-1.492,1.561,4.345,-0.001,4.172
96.35,1.786,-1.495,1.566,4.008,-0.001,4.167
96.35,1.157,-1.493,1.555,4.038,-0.003,4.162
96.36,1.279,-1.493,1.547,4.469,-0.003,4.171
96.38,1.907,-1.494,1.558,4.061,-0.003,4.168
96.39,1.592,-1.494,1.559,4.401,-0.001,4.177
96.39,1.662,-1.494,1.563,4.029,-0.001,4.172
96.41,1.616,-1.494,1.564,4.204,-0.000,4.174
96.42,1.355,-1.495,1.557,3.802,0.001,4.164
96.43,1.643,-1.495,1.559,4.184,0.001,4.165
96.44,1.512,-1.499,1.555,4.085,0.001,4.163
96.45,1.608,-1.499,1.557,3.933,0.001,4.155
96.46,1.589,-1.498,1.559,4.149,0.002,4.156
96.47,1.614,-1.498,1.561,4.409,0.003,4.164
96.48,1.576,-1.498,1.561,4.280,0.003,4.168
96.49,1.642,-1.500,1.563,4.283,0.002,4.171
96.50,1.518,-1.500,1.561,4.243,0.002,4.173
96.51,1.404,-1.500,1.557,4.253,0.001,4.175
96.52,1.352,-1.501,1.550,4.152,0.001,4.174
96.53,1.538,-1.501,1.549,4.220,0.002,4.176
96.54,1.668,-1.501,1.553,4.197,0.001,4.176
96.55,1.650,-1.503,1.555,4.239,0.000,4.177
96.56,1.752,-1.501,1.563,4.368,0.000,4.183
96.57,1.800,-1.502,1.570,4.124,0.002,4.183
96.58,1.593,-1.499,1.573,4.091,0.003,4.182
96.59,1.521,-1.499,1.573,4.048,0.003,4.178
96.60,1.657,-1.498,1.576,4.196,0.005,4.180
96.61,1.704,-1.499,1.580,4.189,0.004,4.180
96.62,1.547,-1.500,1.579,4.038,0.003,4.175
96.63,1.447,-1.500,1.575,4.347,0.002,4.179
96.64,1.528,-1.503,1.571,4.172,0.002,4.179
96.65,1.708,-1.505,1.574,4.417,0.002,4.186
96.66,1.457,-1.504,1.571,4.096,0.002,4.184
96.67,1.831,-1.506,1.577,3.994,0.001,4.177
96.68,1.600,-1.506,1.579,4.414,0.002,4.186
96.69,1.637,-1.506,1.581,4.102,0.001,4.183
96.70,1.594,-1.506,1.582,4.221,0.002,4.184
96.71,1.684,-1.505,1.587,3.889,0.002,4.176
96.72,1.704,-1.504,1.591,3.973,0.001,4.168
96.73,1.357,-1.505,1.584,4.195,0.001,4.170
96.74,1.491,-1.505,1.582,4.372,0.000,4.175
96.75,1.489,-1.504,1.580,4.281,0.001,4.179
96.76,1.645,-1.506,1.581,4.147,-0.000,4.177
96.77,1.198,-1.505,1.571,3.936,-0.001,4.169
96.78,1.603,-1.505,1.572,4.100,-0.002,4.166
96.79,1.340,-1.507,1.563,4.111,-0.003,4.163
96.80,1.638,-1.508,1.564,3.862,-0.002,4.155
96.81,1.650,-1.511,1.565,4.313,-0.001,4.161
96.82,1.501,-1.511,1.563,4.431,0.001,4.170
96.83,1.368,-1.510,1.558,4.217,0.002,4.173
96.84,1.501,-1.512,1.555,4.164,0.003,4.174
96.85,1.662,-1.512,1.558,4.283,0.004,4.178
96.86,1.744,-1.512,1.565,4.122,0.003,4.176
96.87,1.633,-1.512,1.567,4.188,0.001,4.174
96.88,1.432,-1.512,1.563,4.314,0.004,4.181
96.89,1.711,-1.512,1.568,3.989,0.003,4.174
96.90,1.383,-1.513,1.562,4.607,0.003,4.188
96.91,1.719,-1.513,1.567,4.516,0.001,4.196
96.92,1.321,-1.512,1.561,4.282,0.002,4.200
96.93,1.795,-1.511,1.569,4.205,0.000,4.199
96.94,1.575,-1.511,1.570,4.252,0.000,4.201
96.95,1.641,-1.509,1.574,3.987,-0.001,4.193
96.96,1.453,-1.510,1.569,3.993,-0.002,4.187
96.97,1.735,-1.512,1.573,4.288,-0.000,4.191
96.98,1.218,-1.512,1.563,4.171,0.001,4.192
96.99,1.700,-1.513,1.566,4.264,0.000,4.194
97.00,1.446,-1.512,1.564,4.226,0.001,4.196
97.01,1.738,-1.512,1.569,4.287,0.001,4.198
97.02,1.409,-1.510,1.566,4.160,0.001,4.198
97.03,1.372,-1.510,1.561,4.420,0.001,4.205
97.04,1.744,-1.510,1.566,4.109,0.001,4.202
97.05,1.694,-1.510,1.571,4.407,0.001,4.209
97.06,1.668,-1.509,1.575,4.308,-0.000,4.211
97.07,1.660,-1.510,1.577,4.159,-0.001,4.209
97.08,1.717,-1.509,1.583,4.102,-0.000,4.207
97.09,1.672,-1.510,1.585,4.165,0.001,4.207
97.10,1.664,-1.510,1.588,4.153,0.002,4.207
97.11,1.517,-1.508,1.588,4.329,0.002,4.211
97.12,1.629,-1.510,1.587,3.900,0.004,4.203
97.13,1.388,-1.512,1.580,4.321,0.004,4.207
97.14,1.609,-1.511,1.583,4.029,0.004,4.202
97.15,1.541,-1.510,1.582,3.927,0.005,4.195
97.16,1.489,-1.509,1.581,4.394,0.006,4.202
97.17,1.710,-1.509,1.585,4.252,0.006,4.204
97.18,1.802,-1.510,1.591,4.054,0.007,4.201
97.19,1.427,-1.508,1.588,4.226,0.007,4.201
97.20,1.836,-1.508,1.596,4.208,0.007,4.202
97.21,1.596,-1.508,1.597,4.167,0.006,4.201
97.22,1.613,-1.509,1.597,4.079,0.007,4.197
97.23,1.480,-1.510,1.593,4.065,0.008,4.194
97.24,1.889,-1.514,1.599,4.193,0.006,4.193
97.25,1.591,-1.514,1.599,4.410,0.006,4.200
97.26,1.584,-1.514,1.599,4.053,0.007,4.196
97.27,1.539,-1.513,1.598,4.247,0.007,4.198
97.28,1.727,-1.515,1.601,4.244,0.006,4.199
97.29,1.645,-1.517,1.601,4.013,0.005,4.192
97.30,1.528,-1.517,1.599,4.498,0.004,4.201
97.31,1.497,-1.517,1.597,3.845,0.005,4.191
97.32,1.744,-1.518,1.601,4.216,0.005,4.192
97.33,1.630,-1.518,1.603,3.864,0.006,4.182
97.34,1.531,-1.519,1.600,4.011,0.007,4.179
97.35,1.586,-1.519,1.600,4.133,0.008,4.178
97.36,1.634,-1.519,1.601,4.250,0.008,4.180
97.37,1.654,-1.521,1.602,4.490,0.008,4.189
97.38,1.504,-1.522,1.599,4.112,0.008,4.187
97.39,1.486,-1.522,1.596,4.248,0.006,4.187
97.40,1.579,-1.522,1.596,4.313,0.007,4.192
97.41,1.607,-1.523,1.596,4.270,0.007,4.194
97.42,1.464,-1.522,1.592,4.272,0.005,4.195
97.43,1.571,-1.521,1.593,4.234,0.005,4.196
97.44,1.812,-1.521,1.600,4.427,0.005,4.204
97.45,1.610,-1.521,1.602,4.060,0.005,4.200
97.46,1.492,-1.522,1.598,4.013,0.006,4.194
97.47,1.395,-1.521,1.593,4.063,0.005,4.190
97.48,1.252,-1.520,1.584,4.266,0.006,4.193
97.49,1.682,-1.519,1.588,4.078,0.006,4.189
97.50,1.457,-1.520,1.583,4.200,0.006,4.190
97.51,1.541,-1.521,1.581,4.096,0.006,4.187
97.52,1.431,-1.522,1.577,4.093,0.005,4.183
97.53,1.182,-1.518,1.568,4.424,0.004,4.190
97.54,1.731,-1.517,1.575,4.145,0.002,4.187
97.55,1.705,-1.521,1.575,4.301,0.001,4.189
97.56,1.343,-1.519,1.570,4.216,0.002,4.191
97.57,1.727,-1.518,1.576,4.015,0.001,4.185
97.58,1.339,-1.520,1.566,4.184,0.002,4.186
97.59,1.677,-1.520,1.570,4.184,0.003,4.187
97.60,1.592,-1.519,1.572,4.029,0.003,4.182
97.61,1.561,-1.519,1.572,3.999,0.002,4.175
97.62,1.583,-1.518,1.574,4.101,0.001,4.173
97.63,1.529,-1.520,1.571,4.417,0.003,4.181
97.64,1.545,-1.517,1.572,4.141,0.003,4.180
97.66,1.518,-1.517,1.571,4.461,0.002,4.188
97.66,1.586,-1.515,1.573,4.058,0.001,4.183
97.68,1.675,-1.516,1.576,4.179,0.001,4.183
97.68,1.547,-1.517,1.575,4.524,0.000,4.193
97.69,1.725,-1.514,1.581,4.204,-0.001,4.192
97.70,1.708,-1.514,1.586,4.273,-0.000,4.195
97.72,1.625,-1.513,1.588,4.480,-0.000,4.204
97.73,1.628,-1.513,1.590,4.246,-0.001,4.205
97.74,1.951,-1.514,1.600,4.196,-0.002,4.204
97.75,1.672,-1.511,1.605,4.269,-0.001,4.207
97.76,1.288,-1.512,1.595,4.580,-0.002,4.218
97.77,1.727,-1.514,1.598,4.718,-0.002,4.233
97.78,1.626,-1.514,1.599,4.003,-0.001,4.228
97.79,1.493,-1.515,1.595,4.065,-0.000,4.224
97.80,1.568,-1.515,1.594,4.268,0.001,4.227
97.80,1.602,-1.517,1.593,4.383,0.001,4.233
97.82,1.693,-1.516,1.597,4.406,0.001,4.238
97.82,1.731,-1.516,1.602,4.145,0.001,4.236
97.84,1.579,-1.517,1.600,4.247,0.001,4.237
97.85,1.178,-1.519,1.586,4.144,0.002,4.235
97.86,1.563,-1.519,1.586,4.271,0.001,4.236
97.87,1.230,-1.517,1.576,4.225,0.001,4.237
97.88,1.672,-1.518,1.579,4.002,0.001,4.229
97.89,1.130,-1.519,1.565,4.117,0.002,4.228
97.89,1.707,-1.519,1.569,4.404,0.000,4.231
97.91,1.542,-1.519,1.568,4.028,-0.002,4.224
97.92,1.695,-1.522,1.569,3.939,-0.001,4.216
97.93,1.765,-1.523,1.574,4.217,-0.001,4.217
97.94,1.470,-1.522,1.572,4.170,0.000,4.217
97.95,1.581,-1.526,1.569,4.269,0.001,4.219
97.96,1.614,-1.526,1.570,4.081,0.001,4.215
97.97,1.498,-1.527,1.568,4.188,0.001,4.215
97.98,1.762,-1.527,1.574,4.511,-0.001,4.222
97.99,1.536,-1.527,1.572,4.361,-0.001,4.227
98.00,1.579,-1.526,1.573,4.456,-0.001,4.234
98.01,1.577,-1.526,1.574,4.223,-0.002,4.234
98.02,1.449,-1.526,1.570,4.161,-0.002,4.232
98.03,1.485,-1.527,1.567,4.236,-0.001,4.232
98.04,1.784,-1.527,1.573,4.229,-0.002,4.233
98.05,1.672,-1.530,1.574,4.139,-0.002,4.230
98.06,1.597,-1.532,1.573,4.184,-0.003,4.228
98.07,1.525,-1.532,1.572,4.211,-0.003,4.228
98.08,1.595,-1.529,1.575,3.838,-0.003,4.216
98.09,1.600,-1.528,1.577,4.134,-0.004,4.213
98.10,1.765,-1.528,1.583,4.209,-0.005,4.212
98.11,1.654,-1.530,1.583,4.170,-0.007,4.209
98.12,1.571,-1.532,1.582,4.421,-0.006,4.217
98.13,1.719,-1.532,1.586,3.949,-0.006,4.208
98.14,1.626,-1.532,1.588,4.337,-0.006,4.213
98.15,1.506,-1.534,1.584,3.852,-0.006,4.202
98.16,1.625,-1.533,1.586,4.386,-0.005,4.209
98.17,1.374,-1.532,1.581,4.018,-0.006,4.202
98.18,1.566,-1.534,1.578,4.440,-0.009,4.207
98.19,1.545,-1.533,1.579,4.250,-0.010,4.207
98.20,1.856,-1.534,1.587,4.266,-0.009,4.210
98.21,1.258,-1.532,1.579,3.971,-0.010,4.202
98.22,1.842,-1.532,1.588,4.181,-0.010,4.202
98.23,1.642,-1.530,1.591,4.090,-0.011,4.198
98.24,1.732,-1.530,1.596,4.390,-0.011,4.204
98.25,1.675,-1.531,1.598,4.347,-0.011,4.208
98.26,1.702,-1.534,1.598,4.199,-0.012,4.207
98.27,1.617,-1.534,1.600,4.030,-0.012,4.202
98.28,1.620,-1.534,1.600,4.299,-0.012,4.205
98.29,1.389,-1.536,1.593,4.263,-0.011,4.208
98.30,1.423,-1.536,1.587,4.130,-0.012,4.205
98.31,1.448,-1.537,1.583,3.964,-0.013,4.196
98.32,1.423,-1.537,1.578,4.401,-0.014,4.202
98.33,1.486,-1.537,1.576,4.081,-0.015,4.197
98.34,1.527,-1.540,1.571,4.165,-0.014,4.198
98.35,1.609,-1.539,1.574,4.163,-0.014,4.196
98.36,1.633,-1.539,1.575,4.137,-0.013,4.196
98.37,1.447,-1.537,1.573,4.254,-0.014,4.197
98.38,1.726,-1.537,1.578,4.157,-0.013,4.197
98.39,1.329,-1.536,1.572,4.322,-0.011,4.202
98.40,1.575,-1.538,1.571,3.935,-0.013,4.192
98.41,1.399,-1.538,1.565,4.287,-0.014,4.194
98.42,1.676,-1.539,1.568,4.374,-0.014,4.200
98.43,1.610,-1.540,1.569,4.302,-0.013,4.204
98.44,1.321,-1.542,1.559,4.231,-0.015,4.204
98.45,1.421,-1.543,1.554,4.067,-0.015,4.199
98.46,1.556,-1.543,1.554,4.309,-0.015,4.202
98.47,1.448,-1.543,1.551,4.410,-0.017,4.207
98.48,1.561,-1.542,1.552,4.343,-0.017,4.212
98.49,1.638,-1.542,1.555,4.129,-0.018,4.209
98.50,1.698,-1.542,1.559,4.420,-0.018,4.215
98.51,1.499,-1.540,1.559,4.042,-0.018,4.210
98.52,1.639,-1.539,1.563,4.200,-0.019,4.210
98.53,1.655,-1.539,1.566,4.023,-0.018,4.205
98.54,1.309,-1.540,1.557,4.268,-0.018,4.207
98.55,1.481,-1.542,1.553,4.301,-0.019,4.209
98.56,1.501,-1.541,1.552,3.998,-0.020,4.202
98.57,1.509,-1.542,1.549,4.539,-0.019,4.213
98.58,1.558,-1.543,1.549,4.266,-0.018,4.216
98.59,1.615,-1.543,1.551,4.345,-0.019,4.220
98.60,1.643,-1.545,1.552,4.017,-0.019,4.214
98.61,1.833,-1.545,1.560,3.958,-0.018,4.207
98.62,1.388,-1.544,1.556,4.357,-0.020,4.210
98.63,1.455,-1.546,1.552,4.219,-0.020,4.211
98.64,1.627,-1.544,1.556,4.150,-0.019,4.210
98.65,1.602,-1.545,1.556,4.073,-0.018,4.207
98.66,1.627,-1.548,1.555,4.351,-0.019,4.211
98.67,1.652,-1.548,1.559,4.402,-0.021,4.215
98.68,1.556,-1.546,1.560,4.035,-0.020,4.210
98.69,1.408,-1.545,1.557,4.063,-0.022,4.205
98.70,1.427,-1.547,1.551,4.343,-0.021,4.209
98.71,1.709,-1.549,1.554,4.275,-0.021,4.212
98.72,1.829,-1.547,1.564,4.204,-0.021,4.212
98.73,1.965,-1.548,1.575,4.005,-0.022,4.205
98.74,1.705,-1.548,1.581,4.107,-0.022,4.202
98.75,1.621,-1.547,1.582,3.974,-0.020,4.197
98.76,1.525,-1.547,1.581,3.994,-0.022,4.189
98.77,1.595,-1.547,1.582,4.464,-0.023,4.197
98.78,1.359,-1.547,1.575,4.117,-0.024,4.193
98.79,1.285,-1.546,1.568,4.246,-0.024,4.195
98.80,1.640,-1.546,1.571,4.084,-0.023,4.192
98.81,1.357,-1.547,1.563,4.229,-0.022,4.194
98.82,1.700,-1.547,1.568,4.277,-0.022,4.198
98.83,1.559,-1.546,1.568,3.849,-0.022,4.187
98.84,1.572,-1.545,1.569,4.387,-0.022,4.193
98.85,1.480,-1.544,1.567,4.351,-0.023,4.197
98.86,1.512,-1.543,1.567,3.941,-0.024,4.188
98.87,1.572,-1.542,1.568,4.220,-0.024,4.189
98.88,1.491,-1.543,1.565,4.000,-0.027,4.180
98.89,1.430,-1.545,1.559,4.525,-0.027,4.191
98.90,1.704,-1.547,1.562,4.190,-0.027,4.192
98.91,1.406,-1.549,1.555,4.043,-0.028,4.186
98.92,1.566,-1.550,1.555,4.450,-0.027,4.195
98.93,1.582,-1.549,1.557,4.319,-0.027,4.199
98.94,1.772,-1.549,1.563,4.065,-0.027,4.195
98.95,1.696,-1.548,1.568,4.015,-0.028,4.189
98.96,1.523,-1.548,1.567,4.348,-0.028,4.194
98.97,1.549,-1.549,1.566,3.913,-0.027,4.186
98.98,1.722,-1.551,1.569,4.149,-0.029,4.183
98.99,1.728,-1.551,1.573,4.162,-0.030,4.182
99.00,1.606,-1.550,1.576,4.193,-0.030,4.182
99.01,1.498,-1.550,1.574,4.172,-0.030,4.181
99.02,1.707,-1.549,1.579,4.042,-0.031,4.176
99.03,1.652,-1.551,1.580,4.233,-0.031,4.178
99.04,1.563,-1.552,1.579,4.197,-0.031,4.178
99.05,1.129,-1.553,1.564,4.145,-0.030,4.178
99.06,1.607,-1.553,1.566,3.831,-0.031,4.167
99.07,1.657,-1.549,1.572,4.279,-0.031,4.170
99.08,1.499,-1.551,1.569,4.367,-0.030,4.177
99.09,1.672,-1.549,1.573,4.019,-0.028,4.174
99.10,1.343,-1.549,1.567,4.407,-0.029,4.180
99.11,1.809,-1.549,1.575,4.067,-0.029,4.177
99.12,1.534,-1.550,1.572,4.213,-0.029,4.177
99.13,1.668,-1.551,1.574,4.259,-0.029,4.180
99.14,1.504,-1.552,1.572,4.415,-0.029,4.188
99.15,1.238,-1.550,1.563,4.076,-0.030,4.183
99.17,1.336,-1.551,1.556,4.132,-0.031,4.181
99.18,1.525,-1.552,1.554,4.119,-0.031,4.179
99.19,1.582,-1.552,1.554,4.499,-0.033,4.187
99.20,1.596,-1.555,1.553,3.904,-0.032,4.179
99.21,1.781,-1.554,1.561,4.173,-0.033,4.178
99.22,1.772,-1.555,1.566,4.333,-0.034,4.182
99.23,1.710,-1.555,1.572,3.985,-0.035,4.175
99.24,1.490,-1.554,1.570,4.382,-0.034,4.182
99.25,1.490,-1.555,1.567,4.298,-0.034,4.186
99.26,1.609,-1.555,1.568,4.270,-0.034,4.189
99.26,1.637,-1.555,1.570,4.377,-0.033,4.195
99.28,1.512,-1.555,1.568,4.085,-0.032,4.193
99.29,1.414,-1.555,1.564,4.264,-0.032,4.196
99.30,1.566,-1.554,1.566,4.154,-0.033,4.194
99.31,1.370,-1.552,1.561,4.355,-0.033,4.198
99.32,1.734,-1.553,1.566,3.852,-0.031,4.190
99.33,1.838,-1.555,1.573,4.129,-0.032,4.187
99.34,1.562,-1.557,1.571,3.726,-0.031,4.174
99.35,1.587,-1.557,1.571,4.170,-0.032,4.173
99.36,1.550,-1.557,1.570,4.093,-0.032,4.170
99.37,1.503,-1.558,1.568,3.994,-0.033,4.164
99.38,1.548,-1.559,1.567,4.297,-0.033,4.168
99.39,1.330,-1.557,1.562,4.207,-0.032,4.170
99.40,1.517,-1.557,1.560,4.280,-0.034,4.172
99.41,1.613,-1.557,1.562,4.064,-0.033,4.169
99.42,1.645,-1.557,1.564,4.479,-0.034,4.178
99.43,1.660,-1.557,1.568,4.345,-0.035,4.182
99.44,1.777,-1.554,1.577,3.918,-0.036,4.172
99.45,1.485,-1.556,1.573,4.176,-0.038,4.171
99.46,1.398,-1.556,1.567,4.257,-0.038,4.174
99.47,1.674,-1.556,1.570,4.106,-0.038,4.172
99.48,1.604,-1.555,1.573,4.297,-0.037,4.176
99.49,1.371,-1.555,1.567,4.249,-0.037,4.178
99.50,1.527,-1.555,1.566,4.266,-0.036,4.182
99.51,1.801,-1.556,1.572,3.941,-0.037,4.174
99.52,1.597,-1.556,1.573,3.884,-0.036,4.166
99.53,1.608,-1.557,1.573,4.183,-0.036,4.166
99.54,1.485,-1.558,1.570,4.337,-0.035,4.172
99.55,1.399,-1.559,1.564,4.422,-0.035,4.180
99.56,1.506,-1.559,1.563,4.024,-0.035,4.176
99.57,1.593,-1.559,1.564,4.374,-0.034,4.182
99.58,1.448,-1.559,1.560,4.207,-0.034,4.183
99.59,1.681,-1.559,1.564,4.279,-0.035,4.186
99.60,1.877,-1.559,1.573,4.140,-0.034,4.185
99.61,1.678,-1.560,1.576,4.285,-0.034,4.188
99.62,1.535,-1.560,1.575,4.287,-0.034,4.191
99.63,1.679,-1.561,1.577,4.104,-0.034,4.189
99.64,1.507,-1.562,1.575,4.113,-0.034,4.186
99.65,1.485,-1.563,1.571,4.338,-0.035,4.191
99.66,1.446,-1.562,1.568,4.342,-0.035,4.195
99.67,1.319,-1.562,1.561,4.099,-0.037,4.191
99.68,1.532,-1.563,1.559,4.409,-0.038,4.196
99.69,1.711,-1.563,1.565,4.098,-0.037,4.194
99.70,1.706,-1.563,1.569,3.687,-0.038,4.178
99.71,1.621,-1.563,1.570,4.275,-0.038,4.181
99.72,1.593,-1.562,1.572,4.117,-0.038,4.179
99.73,1.248,-1.562,1.563,3.901,-0.038,4.171
99.74,1.534,-1.562,1.562,4.209,-0.039,4.171
99.75,1.405,-1.562,1.557,4.323,-0.039,4.175
99.76,1.379,-1.562,1.551,4.052,-0.039,4.172
99.77,1.260,-1.564,1.541,4.183,-0.039,4.172
99.78,1.678,-1.563,1.545,3.983,-0.039,4.166
99.79,1.633,-1.564,1.547,4.103,-0.038,4.165
99.80,1.127,-1.565,1.533,4.367,-0.038,4.171
99.81,1.514,-1.566,1.532,3.970,-0.037,4.166
99.82,1.689,-1.566,1.537,4.071,-0.038,4.162
99.83,1.480,-1.566,1.534,4.303,-0.037,4.167
99.84,1.611,-1.567,1.536,4.073,-0.037,4.164
99.85,1.288,-1.567,1.528,4.317,-0.038,4.168
99.86,1.546,-1.566,1.530,4.058,-0.038,4.165
99.87,1.747,-1.567,1.535,3.909,-0.038,4.156
99.88,1.823,-1.568,1.543,4.422,-0.038,4.165
99.89,1.650,-1.565,1.549,4.447,-0.038,4.173
99.90,1.657,-1.567,1.551,4.229,-0.038,4.175
99.91,1.453,-1.565,1.549,4.139,-0.038,4.174
99.92,1.455,-1.567,1.545,4.249,-0.039,4.176
99.93,1.542,-1.568,1.543,4.133,-0.038,4.175
99.94,1.390,-1.569,1.538,4.083,-0.038,4.172
99.95,1.470,-1.569,1.535,4.010,-0.038,4.167
99.96,1.677,-1.569,1.540,3.882,-0.039,4.157
99.97,1.788,-1.570,1.547,4.119,-0.038,4.157
99.98,1.613,-1.569,1.550,4.379,-0.038,4.164
99.99,1.704,-1.568,1.556,4.131,-0.037,4.163
100.00,1.644,-1.569,1.557,4.248,-0.037,4.166
100.01,1.610,-1.571,1.557,4.473,-0.036,4.176
100.02,1.639,-1.573,1.558,4.323,-0.037,4.180
100.03,1.432,-1.570,1.557,3.904,-0.037,4.172
100.04,1.699,-1.569,1.562,4.226,-0.037,4.173
100.05,1.499,-1.569,1.561,3.983,-0.038,4.166
100.06,1.539,-1.569,1.560,4.054,-0.036,4.164
100.07,1.737,-1.568,1.567,4.008,-0.035,4.160
100.08,1.472,-1.567,1.565,4.390,-0.036,4.166
100.09,1.634,-1.568,1.567,4.166,-0.037,4.165
100.10,1.823,-1.569,1.574,4.204,-0.038,4.166
100.11,1.435,-1.571,1.568,3.985,-0.038,4.160
100.12,1.863,-1.571,1.577,3.861,-0.039,4.150
100.13,1.664,-1.572,1.579,4.347,-0.038,4.156
100.14,1.742,-1.574,1.582,4.127,-0.038,4.155
100.15,1.991,-1.576,1.594,4.116,-0.038,4.154
100.16,1.457,-1.576,1.590,4.012,-0.038,4.150
100.17,1.372,-1.577,1.583,4.473,-0.037,4.160
100.18,1.462,-1.577,1.579,4.048,-0.036,4.158
100.19,1.569,-1.577,1.580,4.138,-0.036,4.157
100.20,1.663,-1.578,1.582,4.149,-0.036,4.156
100.21,1.640,-1.579,1.583,4.326,-0.037,4.161
100.22,1.528,-1.580,1.580,4.170,-0.037,4.161
100.23,1.423,-1.580,1.576,4.182,-0.036,4.162
100.24,1.647,-1.579,1.579,3.777,-0.037,4.150
100.25,1.609,-1.578,1.582,4.310,-0.037,4.154
100.26,1.267,-1.578,1.573,4.025,-0.037,4.150
100.27,1.584,-1.577,1.574,4.155,-0.038,4.149
100.28,1.504,-1.578,1.571,4.137,-0.039,4.148
100.29,1.905,-1.578,1.582,4.174,-0.037,4.150
100.30,1.650,-1.576,1.586,4.070,-0.038,4.147
100.31,1.482,-1.577,1.582,4.118,-0.037,4.146
100.32,1.375,-1.578,1.575,4.133,-0.037,4.146
100.33,1.718,-1.581,1.577,4.030,-0.037,4.142
100.34,1.593,-1.582,1.577,4.333,-0.036,4.148
100.35,1.678,-1.581,1.581,4.008,-0.037,4.143
100.36,1.417,-1.583,1.575,3.938,-0.038,4.135
100.37,1.687,-1.582,1.580,4.222,-0.039,4.137
100.38,1.645,-1.582,1.582,4.096,-0.039,4.135
100.39,1.712,-1.581,1.587,4.257,-0.040,4.138
100.40,1.454,-1.580,1.585,4.365,-0.040,4.144
100.41,1.602,-1.584,1.582,4.014,-0.041,4.140
100.42,1.484,-1.583,1.580,4.099,-0.041,4.137
100.43,1.700,-1.583,1.584,4.046,-0.041,4.135
100.44,1.435,-1.583,1.580,3.900,-0.041,4.128
100.45,1.642,-1.583,1.582,4.026,-0.040,4.125
100.46,1.841,-1.583,1.591,4.319,-0.041,4.130
100.47,1.352,-1.584,1.583,4.059,-0.040,4.128
100.48,1.771,-1.584,1.589,4.231,-0.041,4.130
100.49,1.489,-1.582,1.588,4.137,-0.041,4.129
100.50,1.417,-1.581,1.584,4.423,-0.042,4.137
100.51,1.258,-1.581,1.575,4.363,-0.041,4.145
100.52,1.450,-1.582,1.570,4.152,-0.040,4.146
100.53,1.725,-1.582,1.575,4.087,-0.040,4.145
100.54,1.563,-1.581,1.576,4.197,-0.040,4.145
100.55,1.727,-1.580,1.582,4.101,-0.040,4.144
100.56,1.767,-1.580,1.588,4.043,-0.041,4.139
100.57,1.589,-1.577,1.591,4.248,-0.040,4.144
100.58,1.642,-1.578,1.592,4.064,-0.040,4.141
100.59,1.334,-1.576,1.587,4.059,-0.038,4.140
100.60,1.765,-1.576,1.592,4.496,-0.039,4.150
100.61,1.547,-1.577,1.590,3.930,-0.039,4.143
100.63,1.580,-1.578,1.589,3.911,-0.040,4.135
100.63,1.360,-1.579,1.582,4.154,-0.041,4.134
100.64,1.449,-1.581,1.575,4.294,-0.041,4.139
100.65,1.515,-1.582,1.573,3.973,-0.042,4.133
100.67,1.351,-1.583,1.566,4.160,-0.043,4.132
100.67,1.648,-1.582,1.569,4.197,-0.042,4.135
100.68,1.670,-1.581,1.574,4.097,-0.042,4.134
100.69,1.507,-1.580,1.572,3.844,-0.042,4.125
100.70,1.527,-1.580,1.572,4.239,-0.043,4.127
100.72,1.742,-1.580,1.577,4.258,-0.043,4.131
100.73,1.610,-1.582,1.576,4.263,-0.044,4.134
100.74,1.780,-1.583,1.581,4.220,-0.044,4.136
100.75,1.476,-1.583,1.578,4.272,-0.047,4.138
100.76,1.339,-1.582,1.573,4.243,-0.045,4.142
100.77,1.404,-1.582,1.568,4.141,-0.045,4.142
100.78,1.463,-1.581,1.566,4.026,-0.045,4.138
100.79,1.626,-1.581,1.567,4.448,-0.044,4.148
100.80,1.712,-1.581,1.572,4.116,-0.044,4.147
100.81,1.453,-1.582,1.567,4.430,-0.045,4.156
100.82,1.831,-1.581,1.577,4.197,-0.044,4.157
100.83,1.457,-1.583,1.571,4.073,-0.045,4.155
100.84,1.688,-1.582,1.575,3.994,-0.046,4.148
100.85,1.568,-1.583,1.575,4.074,-0.046,4.146
100.86,1.606,-1.584,1.575,4.060,-0.048,4.142
100.87,1.536,-1.584,1.574,4.276,-0.047,4.146
100.88,1.578,-1.584,1.575,4.062,-0.047,4.144
100.89,1.559,-1.585,1.573,4.247,-0.047,4.147
100.90,1.488,-1.585,1.570,4.026,-0.048,4.143
100.91,1.679,-1.585,1.575,3.970,-0.048,4.137
100.92,1.199,-1.585,1.563,4.119,-0.047,4.137
100.93,1.562,-1.586,1.562,3.991,-0.049,4.131
100.94,1.400,-1.587,1.556,4.080,-0.051,4.127
100.95,1.520,-1.586,1.556,4.338,-0.050,4.134
100.96,1.817,-1.588,1.562,4.347,-0.051,4.139
100.97,1.599,-1.588,1.563,4.031,-0.052,4.135
100.98,1.291,-1.588,1.555,4.544,-0.053,4.147
100.99,1.720,-1.590,1.558,4.206,-0.053,4.149
101.00,1.591,-1.589,1.560,4.111,-0.053,4.148
101.01,1.442,-1.589,1.557,3.924,-0.054,4.140
101.02,1.658,-1.589,1.560,4.259,-0.053,4.144
101.03,1.497,-1.591,1.556,4.046,-0.054,4.141
101.04,1.540,-1.592,1.555,4.276,-0.055,4.144
101.05,1.394,-1.592,1.550,4.400,-0.055,4.151
101.06,1.609,-1.591,1.553,4.309,-0.054,4.157
101.07,1.420,-1.593,1.547,4.297,-0.054,4.162
101.08,1.940,-1.593,1.559,4.424,-0.055,4.169
101.09,1.491,-1.593,1.557,4.371,-0.055,4.175
101.10,1.739,-1.593,1.563,4.011,-0.058,4.169
101.11,1.384,-1.591,1.559,4.156,-0.057,4.169
101.12,1.552,-1.591,1.559,4.276,-0.057,4.173
101.13,1.562,-1.590,1.560,4.218,-0.058,4.174
101.14,1.633,-1.590,1.562,4.135,-0.058,4.173
101.15,1.536,-1.589,1.563,3.929,-0.059,4.164
101.16,1.489,-1.586,1.563,4.171,-0.059,4.165
101.17,1.609,-1.586,1.565,4.212,-0.059,4.166
101.18,1.679,-1.588,1.567,4.273,-0.059,4.170
101.19,1.460,-1.589,1.563,4.354,-0.059,4.176
101.20,1.519,-1.589,1.561,4.153,-0.060,4.175
101.21,1.186,-1.590,1.549,3.970,-0.061,4.168
101.22,1.420,-1.590,1.545,4.429,-0.061,4.176
101.23,1.744,-1.591,1.550,4.359,-0.062,4.181
101.24,1.486,-1.591,1.548,4.356,-0.064,4.185
101.25,1.574,-1.591,1.549,4.225,-0.063,4.188
101.26,1.972,-1.592,1.561,4.052,-0.063,4.184
101.27,1.619,-1.594,1.561,4.354,-0.063,4.190
101.28,1.534,-1.595,1.559,4.510,-0.064,4.200
101.29,1.421,-1.595,1.555,4.122,-0.062,4.199
101.30,1.438,-1.596,1.550,4.212,-0.063,4.200
101.31,1.622,-1.596,1.553,3.969,-0.062,4.194
101.32,1.517,-1.596,1.552,4.121,-0.063,4.191
101.33,1.610,-1.597,1.553,4.154,-0.064,4.190
101.34,1.536,-1.597,1.552,4.097,-0.065,4.186
101.35,1.728,-1.596,1.558,4.227,-0.065,4.188
101.36,1.612,-1.596,1.560,4.052,-0.065,4.184
101.37,1.385,-1.598,1.553,4.337,-0.064,4.191
101.38,1.517,-1.599,1.551,4.232,-0.064,4.192
101.39,1.874,-1.597,1.563,4.289,-0.064,4.196
101.40,1.625,-1.596,1.567,3.975,-0.063,4.190
101.41,1.670,-1.595,1.570,4.122,-0.063,4.189
101.42,1.452,-1.597,1.565,4.303,-0.064,4.191
101.43,1.541,-1.594,1.567,4.615,-0.063,4.205
101.44,1.630,-1.593,1.571,3.804,-0.063,4.194
101.45,1.446,-1.595,1.566,4.119,-0.064,4.191
101.46,1.520,-1.594,1.565,4.199,-0.064,4.192
101.47,1.615,-1.594,1.566,4.128,-0.064,4.190
101.48,1.615,-1.595,1.567,4.326,-0.063,4.195
101.49,1.405,-1.595,1.563,4.140,-0.063,4.195
101.50,1.503,-1.594,1.562,4.185,-0.062,4.196
101.51,1.802,-1.594,1.569,4.127,-0.064,4.192
101.52,1.373,-1.594,1.564,4.143,-0.065,4.191
101.53,1.845,-1.594,1.572,4.122,-0.064,4.190
101.54,1.353,-1.596,1.564,4.025,-0.063,4.186
101.55,1.563,-1.595,1.565,4.147,-0.062,4.186
101.56,1.534,-1.596,1.563,4.161,-0.063,4.184
101.57,1.495,-1.597,1.561,4.248,-0.063,4.187
101.58,1.634,-1.598,1.561,4.103,-0.063,4.184
101.59,1.567,-1.598,1.561,3.896,-0.063,4.176
101.60,1.725,-1.599,1.566,4.254,-0.064,4.178
101.61,1.768,-1.597,1.574,3.933,-0.065,4.169
101.62,1.694,-1.599,1.576,4.190,-0.065,4.170
101.63,1.598,-1.599,1.577,4.006,-0.065,4.165
101.64,1.542,-1.598,1.577,4.418,-0.067,4.171
101.65,1.461,-1.597,1.575,4.139,-0.067,4.170
101.66,1.451,-1.598,1.570,4.027,-0.068,4.165
101.67,1.361,-1.598,1.564,4.290,-0.067,4.170
101.68,1.490,-1.598,1.562,4.367,-0.068,4.175
101.69,1.766,-1.598,1.568,4.208,-0.068,4.177
101.70,1.543,-1.599,1.567,4.124,-0.067,4.176
101.71,1.642,-1.599,1.570,3.956,-0.068,4.168
101.72,1.678,-1.599,1.573,4.017,-0.068,4.165
101.73,1.865,-1.601,1.580,4.497,-0.069,4.174
101.74,1.675,-1.600,1.584,4.135,-0.068,4.173
101.75,1.534,-1.600,1.583,4.310,-0.069,4.177
101.76,1.670,-1.600,1.586,4.132,-0.069,4.176
101.77,1.529,-1.600,1.585,4.431,-0.069,4.184
101.78,1.616,-1.600,1.586,4.037,-0.067,4.182
101.79,1.550,-1.602,1.584,4.346,-0.067,4.187
101.80,1.744,-1.603,1.588,4.398,-0.068,4.193
101.81,1.879,-1.603,1.597,3.979,-0.069,4.186
101.82,1.569,-1.604,1.596,4.019,-0.069,4.181
101.83,1.724,-1.603,1.602,4.193,-0.069,4.182
101.84,1.737,-1.605,1.604,4.100,-0.069,4.179
101.85,1.593,-1.605,1.604,4.124,-0.069,4.177
101.86,1.646,-1.604,1.607,4.060,-0.069,4.174
101.87,1.517,-1.604,1.605,4.029,-0.069,4.170
101.88,1.662,-1.604,1.607,4.223,-0.069,4.172
101.89,1.337,-1.605,1.598,4.336,-0.069,4.178
101.90,1.464,-1.603,1.597,4.113,-0.069,4.176
101.91,1.627,-1.602,1.599,4.159,-0.070,4.175
101.92,1.500,-1.602,1.596,3.958,-0.069,4.169
101.93,1.616,-1.602,1.597,4.213,-0.069,4.170
101.94,1.453,-1.603,1.593,4.277,-0.070,4.173
101.95,1.590,-1.605,1.591,3.891,-0.069,4.165
101.96,1.511,-1.604,1.590,4.333,-0.069,4.171
101.97,1.613,-1.604,1.591,4.065,-0.067,4.169
101.98,1.535,-1.602,1.591,4.070,-0.067,4.167
101.99,1.540,-1.601,1.591,4.326,-0.067,4.171
102.00,1.802,-1.602,1.597,4.270,-0.067,4.174
102.01,1.439,-1.602,1.592,4.015,-0.067,4.170
102.02,1.214,-1.603,1.580,4.281,-0.067,4.173
102.03,1.624,-1.604,1.580,3.863,-0.067,4.164
102.04,1.448,-1.604,1.577,4.140,-0.067,4.163
102.05,1.558,-1.605,1.576,4.315,-0.067,4.168
102.06,1.662,-1.605,1.578,4.233,-0.068,4.169
102.07,1.448,-1.606,1.574,4.305,-0.067,4.174
102.08,1.645,-1.606,1.576,4.181,-0.068,4.174
102.09,1.551,-1.607,1.575,4.466,-0.067,4.184
102.11,1.568,-1.608,1.574,4.159,-0.066,4.184
102.12,1.592,-1.607,1.575,4.256,-0.067,4.186
102.12,1.456,-1.606,1.572,4.332,-0.068,4.189
102.13,1.629,-1.605,1.575,3.970,-0.069,4.182
102.14,1.631,-1.607,1.575,4.004,-0.070,4.176
102.15,1.542,-1.607,1.574,4.230,-0.071,4.177
102.17,1.324,-1.605,1.569,4.047,-0.070,4.173
102.17,1.753,-1.605,1.575,4.296,-0.071,4.177
102.18,1.426,-1.605,1.571,4.404,-0.071,4.184
102.19,1.469,-1.604,1.569,4.068,-0.073,4.179
102.21,1.477,-1.605,1.565,4.133,-0.073,4.177
102.21,1.632,-1.602,1.570,4.315,-0.075,4.180
102.23,1.471,-1.602,1.567,4.207,-0.073,4.183
102.24,1.390,-1.603,1.560,4.231,-0.072,4.185
102.25,1.620,-1.603,1.563,4.147,-0.072,4.185
102.26,1.680,-1.602,1.566,4.494,-0.071,4.195
102.27,1.528,-1.602,1.566,4.229,-0.072,4.196
102.28,1.643,-1.603,1.567,4.437,-0.071,4.205
102.29,1.586,-1.603,1.568,4.166,-0.072,4.203
102.30,1.593,-1.603,1.568,4.459,-0.073,4.211
102.31,1.549,-1.604,1.567,4.458,-0.073,4.219
102.32,1.650,-1.605,1.569,4.069,-0.073,4.214
102.33,1.603,-1.607,1.568,4.283,-0.074,4.216
102.34,1.563,-1.607,1.568,4.128,-0.073,4.215
102.35,1.533,-1.608,1.566,4.325,-0.072,4.220
102.36,1.400,-1.609,1.560,3.946,-0.072,4.212
102.37,1.674,-1.611,1.562,3.911,-0.070,4.205
102.38,1.472,-1.612,1.558,4.444,-0.069,4.214
102.39,1.587,-1.613,1.558,4.051,-0.069,4.210
102.40,1.626,-1.612,1.561,4.280,-0.069,4.212
102.41,1.649,-1.614,1.562,4.141,-0.070,4.209
102.42,1.661,-1.614,1.565,4.266,-0.070,4.211
102.43,1.454,-1.614,1.562,4.130,-0.068,4.211
102.44,1.654,-1.614,1.564,4.261,-0.067,4.214
102.45,1.466,-1.616,1.560,4.277,-0.066,4.217
102.46,1.756,-1.616,1.566,4.160,-0.066,4.216
102.47,1.665,-1.617,1.568,4.341,-0.067,4.220
102.48,1.745,-1.619,1.571,4.228,-0.066,4.221
102.49,1.707,-1.619,1.576,4.172,-0.064,4.222
102.50,1.240,-1.620,1.565,4.300,-0.064,4.225
102.51,1.325,-1.619,1.559,3.985,-0.064,4.218
102.52,1.796,-1.618,1.568,4.355,-0.064,4.222
102.53,1.663,-1.617,1.571,4.285,-0.066,4.223
102.54,1.382,-1.617,1.566,4.119,-0.065,4.221
102.55,1.811,-1.618,1.573,4.065,-0.066,4.216
102.56,1.748,-1.618,1.578,4.150,-0.066,4.214
102.57,1.487,-1.617,1.576,4.111,-0.066,4.211
102.58,1.533,-1.617,1.575,4.055,-0.065,4.208
102.59,1.655,-1.618,1.577,4.205,-0.065,4.208
102.60,1.456,-1.619,1.573,4.013,-0.064,4.203
102.61,1.723,-1.621,1.576,4.151,-0.065,4.201
102.62,1.611,-1.622,1.576,4.107,-0.064,4.199
102.63,1.661,-1.623,1.578,4.183,-0.064,4.199
102.64,1.565,-1.623,1.578,4.453,-0.064,4.207
102.65,1.695,-1.622,1.582,4.265,-0.064,4.209
102.66,1.921,-1.623,1.592,4.380,-0.064,4.215
102.67,1.558,-1.624,1.591,4.100,-0.064,4.211
102.68,1.461,-1.624,1.587,4.435,-0.065,4.217
102.69,1.871,-1.625,1.596,3.901,-0.065,4.208
102.70,1.439,-1.624,1.592,4.370,-0.064,4.214
102.71,1.564,-1.626,1.589,4.366,-0.064,4.219
102.72,1.507,-1.626,1.587,4.418,-0.063,4.227
102.73,1.570,-1.627,1.586,4.237,-0.063,4.228
102.74,1.741,-1.630,1.589,4.556,-0.063,4.237
102.75,1.588,-1.630,1.589,4.407,-0.064,4.243
102.76,1.623,-1.629,1.592,4.299,-0.063,4.245
102.77,1.558,-1.630,1.590,4.306,-0.062,4.250
102.78,1.789,-1.628,1.599,4.205,-0.063,4.248
102.79,1.595,-1.629,1.598,4.119,-0.063,4.244
102.80,1.641,-1.628,1.600,4.314,-0.065,4.245
102.81,1.562,-1.631,1.597,4.218,-0.065,4.245
102.82,1.557,-1.632,1.596,4.314,-0.065,4.247
102.83,1.454,-1.632,1.591,4.281,-0.066,4.248
102.84,1.574,-1.633,1.590,3.981,-0.067,4.239
102.85,1.656,-1.633,1.593,4.268,-0.068,4.240
102.86,1.767,-1.633,1.599,4.063,-0.067,4.236
102.87,1.667,-1.634,1.601,4.256,-0.068,4.236
102.88,1.469,-1.632,1.598,4.042,-0.065,4.233
102.89,1.571,-1.634,1.597,4.183,-0.066,4.231
102.90,1.612,-1.634,1.598,4.387,-0.067,4.236
102.91,1.558,-1.635,1.596,4.339,-0.067,4.239
102.92,1.767,-1.635,1.601,4.137,-0.068,4.236
102.93,1.790,-1.637,1.606,3.883,-0.068,4.225
102.94,1.795,-1.638,1.612,4.581,-0.068,4.236
102.95,1.448,-1.638,1.607,4.231,-0.068,4.236
102.96,1.534,-1.640,1.604,4.401,-0.068,4.242
102.97,1.499,-1.640,1.600,4.065,-0.068,4.237
102.98,1.452,-1.638,1.598,4.295,-0.069,4.239
102.99,1.485,-1.638,1.596,4.120,-0.068,4.236
103.00,1.754,-1.637,1.601,4.098,-0.069,4.232
103.01,1.772,-1.637,1.608,4.367,-0.068,4.237
103.02,1.592,-1.639,1.606,4.323,-0.069,4.239
103.03,1.578,-1.640,1.605,4.170,-0.070,4.236
103.04,1.433,-1.642,1.598,4.391,-0.072,4.240
103.05,1.434,-1.642,1.593,4.270,-0.071,4.242
103.06,1.644,-1.642,1.596,4.152,-0.070,4.241
103.07,1.559,-1.644,1.592,4.051,-0.070,4.235
103.08,1.578,-1.643,1.594,3.968,-0.072,4.225
103.09,1.500,-1.643,1.591,4.632,-0.072,4.238
103.10,1.572,-1.643,1.591,4.159,-0.072,4.236
103.11,1.644,-1.643,1.593,4.406,-0.072,4.242
103.12,1.427,-1.644,1.587,4.223,-0.073,4.241
103.13,1.660,-1.645,1.590,4.202,-0.072,4.241
103.14,1.584,-1.644,1.590,4.010,-0.073,4.234
103.15,1.525,-1.645,1.588,4.139,-0.071,4.232
103.16,1.589,-1.644,1.590,4.080,-0.070,4.230
103.17,1.666,-1.643,1.593,4.097,-0.069,4.227
103.18,1.525,-1.643,1.591,4.117,-0.069,4.224
103.19,1.787,-1.645,1.596,4.245,-0.068,4.226
103.20,1.891,-1.646,1.604,4.330,-0.068,4.229
103.21,1.717,-1.647,1.607,4.270,-0.069,4.229
103.22,1.533,-1.648,1.604,4.318,-0.070,4.232
103.23,1.410,-1.647,1.600,4.395,-0.070,4.236
103.24,1.865,-1.645,1.610,4.111,-0.070,4.233
103.25,1.592,-1.645,1.610,4.157,-0.069,4.233
103.26,1.574,-1.646,1.609,4.323,-0.069,4.235
103.27,1.570,-1.647,1.607,4.249,-0.070,4.235
103.28,1.736,-1.648,1.611,4.221,-0.069,4.236
103.29,1.638,-1.649,1.612,4.039,-0.070,4.230
103.30,1.744,-1.649,1.616,4.370,-0.071,4.233
103.31,1.700,-1.650,1.618,4.328,-0.071,4.236
103.32,1.570,-1.650,1.617,4.156,-0.071,4.234
103.33,1.533,-1.652,1.614,4.073,-0.071,4.229
103.34,1.524,-1.652,1.611,4.149,-0.070,4.228
103.35,1.453,-1.652,1.607,3.976,-0.070,4.221
103.36,1.492,-1.653,1.603,4.255,-0.070,4.221
103.37,1.595,-1.654,1.603,4.179,-0.071,4.219
103.38,1.564,-1.654,1.601,3.828,-0.071,4.208
103.39,1.405,-1.656,1.595,4.050,-0.073,4.201
103.40,1.779,-1.656,1.600,4.191,-0.073,4.201
103.41,1.615,-1.654,1.603,4.168,-0.072,4.201
103.42,1.707,-1.656,1.605,4.028,-0.071,4.196
103.43,1.561,-1.656,1.604,4.141,-0.070,4.196
103.44,1.568,-1.657,1.603,4.232,-0.070,4.197
103.45,1.725,-1.658,1.605,4.374,-0.069,4.203
103.46,1.596,-1.659,1.605,4.377,-0.068,4.209
103.47,1.902,-1.661,1.613,4.382,-0.068,4.214
103.48,1.624,-1.661,1.614,4.068,-0.068,4.210
103.49,1.616,-1.659,1.616,4.110,-0.068,4.207
103.50,1.586,-1.658,1.617,4.565,-0.068,4.218
103.51,1.668,-1.658,1.619,4.103,-0.067,4.215
103.52,1.788,-1.658,1.624,4.454,-0.067,4.223
103.53,1.397,-1.656,1.620,4.194,-0.067,4.222
103.54,1.291,-1.654,1.613,4.205,-0.067,4.222
103.55,1.530,-1.654,1.610,3.975,-0.067,4.214
103.56,1.390,-1.655,1.603,3.810,-0.068,4.201
103.57,1.351,-1.656,1.596,4.042,-0.067,4.197
103.58,1.924,-1.657,1.605,4.076,-0.067,4.194
103.59,1.622,-1.658,1.605,3.928,-0.068,4.184
103.60,1.349,-1.659,1.597,3.951,-0.069,4.176
103.61,1.272,-1.659,1.587,4.218,-0.067,4.178
103.62,1.590,-1.657,1.590,4.203,-0.069,4.177
103.63,1.533,-1.656,1.589,4.283,-0.070,4.179
103.65,1.606,-1.658,1.588,4.169,-0.069,4.180
103.66,1.590,-1.657,1.589,4.227,-0.069,4.180
103.67,1.670,-1.656,1.592,4.122,-0.070,4.178
103.68,1.622,-1.657,1.593,4.328,-0.070,4.182
103.68,1.787,-1.657,1.599,4.161,-0.070,4.181
103.70,1.511,-1.658,1.596,3.913,-0.069,4.173
103.71,1.676,-1.659,1.598,4.330,-0.071,4.176
103.71,1.620,-1.658,1.599,4.013,-0.071,4.171
103.73,1.662,-1.658,1.602,4.100,-0.071,4.168
103.74,1.431,-1.659,1.596,4.479,-0.074,4.175
103.75,1.736,-1.661,1.599,3.905,-0.074,4.166
103.76,1.741,-1.660,1.604,4.427,-0.075,4.173
103.77,1.382,-1.659,1.599,4.254,-0.074,4.176
103.78,1.646,-1.660,1.600,4.170,-0.074,4.175
103.79,1.781,-1.659,1.606,4.076,-0.076,4.171
103.80,1.573,-1.659,1.606,4.497,-0.076,4.181
103.81,1.637,-1.660,1.606,4.076,-0.076,4.177
103.82,1.667,-1.661,1.608,4.183,-0.076,4.177
103.83,1.441,-1.662,1.602,4.056,-0.076,4.173
103.84,1.492,-1.662,1.599,4.343,-0.076,4.178
103.85,1.533,-1.661,1.598,4.050,-0.076,4.174
103.86,1.568,-1.659,1.599,3.932,-0.075,4.167
103.87,1.575,-1.659,1.599,4.237,-0.075,4.169
103.88,1.478,-1.657,1.597,3.927,-0.076,4.160
103.89,1.930,-1.655,1.610,3.964,-0.075,4.156
103.90,1.541,-1.655,1.608,4.027,-0.076,4.150
103.91,1.591,-1.653,1.610,4.314,-0.076,4.155
103.92,1.450,-1.654,1.605,4.317,-0.076,4.159
103.93,1.743,-1.654,1.609,3.936,-0.076,4.152
103.94,1.465,-1.656,1.603,4.049,-0.077,4.148
103.95,1.616,-1.655,1.605,4.095,-0.076,4.146
103.96,1.469,-1.655,1.601,4.442,-0.077,4.154
103.97,1.367,-1.655,1.594,4.129,-0.076,4.153
103.98,1.429,-1.657,1.587,4.363,-0.076,4.160
103.99,1.386,-1.656,1.582,4.492,-0.077,4.169
104.00,1.489,-1.656,1.579,4.064,-0.077,4.166
104.01,1.499,-1.659,1.574,4.114,-0.078,4.163
104.02,1.460,-1.660,1.569,3.709,-0.078,4.149
104.03,1.659,-1.660,1.572,3.900,-0.078,4.140
104.04,1.665,-1.660,1.575,4.048,-0.079,4.136
104.05,1.602,-1.660,1.576,4.063,-0.081,4.132
104.06,1.730,-1.660,1.580,4.228,-0.079,4.136
104.07,1.510,-1.661,1.578,4.152,-0.080,4.135
104.08,1.887,-1.662,1.586,3.974,-0.080,4.130
104.09,1.578,-1.660,1.587,3.764,-0.082,4.116
104.10,1.372,-1.658,1.583,4.580,-0.082,4.129
104.11,1.353,-1.659,1.575,4.289,-0.086,4.130
104.12,1.675,-1.659,1.579,4.011,-0.084,4.128
104.13,1.489,-1.659,1.575,4.215,-0.084,4.130
104.14,1.786,-1.661,1.580,4.098,-0.082,4.130
104.15,1.715,-1.662,1.584,4.122,-0.082,4.130
104.16,1.629,-1.660,1.587,4.056,-0.084,4.126
104.17,1.699,-1.661,1.590,4.299,-0.085,4.129
104.18,1.448,-1.661,1.585,3.989,-0.084,4.125
104.19,1.526,-1.660,1.585,4.223,-0.083,4.129
104.20,1.285,-1.660,1.575,4.377,-0.084,4.135
104.21,1.505,-1.659,1.575,4.291,-0.086,4.138
104.22,1.757,-1.658,1.581,4.209,-0.088,4.138
104.23,1.520,-1.659,1.578,4.354,-0.089,4.143
104.24,1.613,-1.661,1.578,4.340,-0.090,4.148
104.25,1.245,-1.660,1.568,4.168,-0.089,4.149
104.26,1.452,-1.660,1.565,4.112,-0.089,4.148
104.27,1.644,-1.661,1.566,3.924,-0.089,4.141
104.28,1.722,-1.662,1.570,4.221,-0.087,4.145
104.29,1.655,-1.664,1.571,4.224,-0.088,4.146
104.30,1.568,-1.662,1.572,4.231,-0.090,4.147
104.31,1.616,-1.660,1.575,4.012,-0.092,4.141
104.32,1.781,-1.660,1.582,4.078,-0.091,4.140
104.33,1.568,-1.661,1.581,3.956,-0.091,4.133
104.34,1.590,-1.660,1.582,4.178,-0.090,4.136
104.35,1.379,-1.662,1.574,4.311,-0.091,4.140
104.36,1.527,-1.663,1.572,4.183,-0.090,4.142
104.37,1.570,-1.662,1.573,4.263,-0.090,4.146
104.38,1.355,-1.663,1.565,4.256,-0.091,4.148
104.39,1.511,-1.662,1.564,4.265,-0.090,4.152
104.40,1.465,-1.663,1.560,4.133,-0.091,4.151
104.41,1.508,-1.662,1.559,3.941,-0.090,4.145
104.42,1.410,-1.663,1.553,4.034,-0.091,4.140
104.43,1.356,-1.662,1.548,4.216,-0.091,4.143
104.44,1.700,-1.662,1.552,4.153,-0.092,4.142
104.45,1.822,-1.662,1.561,4.344,-0.092,4.148
104.46,1.303,-1.662,1.553,4.342,-0.093,4.153
104.47,1.646,-1.665,1.553,4.123,-0.094,4.151
104.48,1.334,-1.665,1.546,4.294,-0.095,4.154
104.49,1.615,-1.666,1.547,4.476,-0.095,4.164
104.50,1.431,-1.667,1.542,4.369,-0.095,4.170
104.51,1.513,-1.668,1.540,4.270,-0.096,4.172
104.52,1.747,-1.667,1.547,4.172,-0.097,4.172
104.53,1.636,-1.667,1.550,4.242,-0.098,4.174
104.54,1.384,-1.665,1.547,4.191,-0.098,4.174
104.55,1.624,-1.664,1.549,4.132,-0.097,4.174
104.56,1.498,-1.664,1.548,4.121,-0.098,4.172
104.57,1.314,-1.665,1.539,4.127,-0.098,4.170
104.58,1.227,-1.664,1.530,4.166,-0.097,4.171
104.59,1.623,-1.665,1.532,3.930,-0.096,4.165
104.60,1.890,-1.667,1.541,4.246,-0.096,4.168
104.61,1.648,-1.667,1.544,4.449,-0.096,4.176
104.62,1.503,-1.668,1.541,4.244,-0.094,4.180
104.63,1.880,-1.668,1.551,4.178,-0.094,4.181
104.64,1.539,-1.667,1.552,4.249,-0.093,4.184
104.65,1.577,-1.668,1.552,4.515,-0.093,4.194
104.66,1.768,-1.670,1.557,4.260,-0.094,4.196
104.67,1.642,-1.670,1.559,4.325,-0.094,4.200
104.68,1.495,-1.669,1.558,4.204,-0.094,4.200
104.69,1.534,-1.670,1.556,4.200,-0.095,4.200
104.70,1.773,-1.671,1.562,4.202,-0.094,4.201
104.71,1.620,-1.671,1.564,4.441,-0.092,4.211
104.72,1.518,-1.670,1.564,4.076,-0.093,4.207
104.73,1.699,-1.670,1.567,4.143,-0.094,4.204
104.74,1.573,-1.671,1.566,3.979,-0.096,4.195
104.75,1.586,-1.670,1.568,4.132,-0.096,4.194
104.76,1.507,-1.669,1.567,4.095,-0.096,4.191
104.77,1.729,-1.669,1.573,4.215,-0.097,4.192
104.78,1.721,-1.668,1.578,4.318,-0.097,4.195
104.79,1.691,-1.668,1.582,4.158,-0.098,4.194
104.80,1.509,-1.670,1.578,3.970,-0.098,4.188
104.81,1.457,-1.671,1.574,4.408,-0.097,4.195
104.82,1.579,-1.672,1.573,4.187,-0.098,4.195
104.83,1.564,-1.672,1.573,4.224,-0.098,4.196
104.84,1.533,-1.673,1.570,4.207,-0.097,4.197
104.85,1.606,-1.673,1.572,4.072,-0.097,4.194
104.86,1.400,-1.671,1.569,4.145,-0.099,4.191
104.87,1.443,-1.671,1.565,4.059,-0.100,4.186
104.88,1.761,-1.671,1.571,4.028,-0.100,4.181
104.89,1.566,-1.670,1.572,3.927,-0.099,4.174
104.90,1.663,-1.669,1.576,4.162,-0.100,4.173
104.91,1.806,-1.668,1.585,4.245,-0.100,4.176
104.92,1.602,-1.666,1.587,4.113,-0.100,4.174
104.93,1.692,-1.665,1.591,4.283,-0.099,4.179
104.94,1.612,-1.666,1.592,4.183,-0.098,4.180
104.95,1.633,-1.666,1.592,3.899,-0.098,4.172
104.96,1.655,-1.664,1.597,4.083,-0.098,4.169
104.97,1.781,-1.664,1.603,4.303,-0.097,4.173
104.98,1.601,-1.662,1.605,4.046,-0.098,4.169
104.99,1.604,-1.662,1.605,4.010,-0.097,4.165
105.00,1.787,-1.663,1.610,4.428,-0.098,4.172
105.01,1.585,-1.660,1.612,4.381,-0.098,4.179
105.02,1.641,-1.660,1.613,4.047,-0.099,4.174
105.03,1.445,-1.659,1.610,4.323,-0.099,4.178
105.04,1.679,-1.659,1.613,4.371,-0.099,4.184
105.05,1.532,-1.662,1.608,4.420,-0.098,4.193
105.06,1.695,-1.661,1.612,4.481,-0.098,4.202
105.07,1.520,-1.661,1.609,4.348,-0.098,4.207
105.08,1.395,-1.661,1.602,3.897,-0.099,4.197
105.09,1.596,-1.662,1.602,4.326,-0.100,4.200
105.10,1.371,-1.662,1.595,4.504,-0.100,4.209
105.11,1.426,-1.662,1.590,4.260,-0.101,4.211
105.12,1.529,-1.662,1.589,3.912,-0.101,4.202
105.13,1.566,-1.661,1.588,3.953,-0.101,4.195
105.14,1.528,-1.660,1.588,3.909,-0.100,4.187
105.16,1.797,-1.660,1.594,4.163,-0.100,4.187
105.17,1.341,-1.663,1.584,4.239,-0.101,4.187
105.18,1.484,-1.663,1.581,4.074,-0.101,4.185
105.19,1.478,-1.662,1.579,4.184,-0.101,4.185
105.20,1.483,-1.662,1.576,4.029,-0.101,4.180
105.21,1.502,-1.662,1.573,3.974,-0.101,4.174
105.22,1.498,-1.663,1.570,4.121,-0.100,4.173
105.23,1.536,-1.663,1.569,4.264,-0.101,4.175
105.24,1.697,-1.663,1.573,4.104,-0.102,4.172
105.25,1.390,-1.664,1.567,4.329,-0.103,4.176
105.26,1.709,-1.668,1.567,4.153,-0.103,4.175
105.27,1.394,-1.668,1.562,4.026,-0.102,4.172
105.28,1.759,-1.667,1.568,3.900,-0.103,4.163
105.29,1.579,-1.667,1.569,4.273,-0.104,4.165
105.30,1.354,-1.669,1.560,4.195,-0.104,4.166
105.31,1.516,-1.670,1.558,4.410,-0.104,4.173
105.32,1.531,-1.672,1.555,3.999,-0.105,4.167
105.33,1.867,-1.671,1.565,4.235,-0.107,4.167
105.34,1.571,-1.672,1.564,3.805,-0.107,4.156
105.35,1.402,-1.673,1.559,3.988,-0.107,4.151
105.36,1.734,-1.672,1.565,3.990,-0.107,4.146
105.37,1.457,-1.672,1.562,3.928,-0.107,4.139
105.38,1.645,-1.671,1.565,4.166,-0.107,4.140
105.39,1.710,-1.672,1.568,4.303,-0.107,4.144
105.40,1.496,-1.673,1.565,4.248,-0.109,4.146
105.41,1.536,-1.673,1.564,4.159,-0.109,4.145
105.42,1.424,-1.674,1.560,4.256,-0.110,4.148
105.43,1.462,-1.674,1.556,4.240,-0.111,4.150
105.44,1.707,-1.676,1.559,4.136,-0.111,4.150
105.45,1.666,-1.675,1.563,4.194,-0.110,4.152
105.46,1.812,-1.676,1.570,4.211,-0.110,4.154
105.47,1.613,-1.676,1.572,4.389,-0.111,4.159
105.48,1.528,-1.675,1.571,4.195,-0.111,4.161
105.49,1.619,-1.674,1.573,4.078,-0.110,4.159
105.50,1.407,-1.675,1.567,4.194,-0.109,4.161
105.51,1.262,-1.675,1.558,4.010,-0.109,4.157
105.52,1.472,-1.674,1.556,4.170,-0.109,4.157
105.53,1.677,-1.673,1.561,4.065,-0.111,4.152
105.54,1.542,-1.674,1.560,4.197,-0.111,4.153
105.55,1.707,-1.674,1.564,4.548,-0.112,4.165
105.56,1.653,-1.676,1.565,4.136,-0.112,4.164
105.57,1.397,-1.675,1.560,4.521,-0.112,4.175
105.58,1.535,-1.675,1.560,4.239,-0.113,4.177
105.59,1.526,-1.676,1.558,4.046,-0.112,4.173
105.60,1.401,-1.676,1.553,3.968,-0.112,4.168
105.61,1.452,-1.674,1.552,4.278,-0.113,4.170
105.62,1.748,-1.674,1.557,4.516,-0.113,4.180
105.63,1.672,-1.675,1.560,4.438,-0.113,4.189
105.64,1.798,-1.676,1.567,4.262,-0.114,4.191
105.65,1.825,-1.678,1.573,4.071,-0.114,4.187
105.66,1.835,-1.679,1.580,4.088,-0.115,4.184
105.67,1.559,-1.678,1.580,4.407,-0.114,4.191
105.68,1.571,-1.678,1.580,4.167,-0.114,4.191
105.69,1.364,-1.677,1.574,3.894,-0.115,4.182
105.70,1.542,-1.676,1.575,4.113,-0.113,4.181
105.71,1.633,-1.674,1.578,4.116,-0.115,4.178
105.72,1.857,-1.673,1.588,4.440,-0.115,4.186
105.73,1.142,-1.673,1.575,4.166,-0.116,4.185
105.74,1.701,-1.675,1.577,4.281,-0.116,4.188
105.75,1.316,-1.675,1.569,4.145,-0.116,4.187
105.76,1.649,-1.676,1.570,4.132,-0.117,4.184
105.77,1.677,-1.676,1.574,4.114,-0.118,4.182
105.78,1.451,-1.677,1.570,4.246,-0.118,4.184
105.79,1.466,-1.676,1.567,4.287,-0.118,4.188
105.80,1.679,-1.677,1.569,4.031,-0.117,4.184
105.81,1.815,-1.678,1.577,4.083,-0.116,4.182
105.82,1.645,-1.677,1.579,4.033,-0.117,4.177
105.83,1.523,-1.678,1.577,4.197,-0.117,4.178
105.84,1.454,-1.678,1.574,4.552,-0.119,4.187
105.85,1.756,-1.677,1.580,4.244,-0.120,4.188
105.86,1.628,-1.676,1.582,4.185,-0.121,4.187
105.87,1.716,-1.677,1.586,4.065,-0.122,4.183
105.88,1.583,-1.675,1.588,4.160,-0.122,4.183
105.89,1.326,-1.674,1.581,3.929,-0.123,4.174
105.90,1.611,-1.674,1.582,3.976,-0.122,4.169
105.91,1.713,-1.676,1.584,4.465,-0.123,4.178
105.92,1.343,-1.676,1.577,3.948,-0.122,4.172
105.93,1.393,-1.678,1.570,4.226,-0.121,4.175
105.94,1.702,-1.679,1.573,4.099,-0.120,4.173
105.95,1.609,-1.681,1.572,4.310,-0.121,4.177
105.96,1.689,-1.680,1.576,4.020,-0.120,4.173
105.97,1.483,-1.680,1.575,4.023,-0.121,4.168
105.98,1.699,-1.680,1.578,4.168,-0.121,4.168
105.99,1.594,-1.682,1.577,3.945,-0.121,4.161
106.00,1.331,-1.682,1.569,4.307,-0.122,4.164
106.01,1.625,-1.685,1.569,4.202,-0.121,4.167
106.02,1.648,-1.684,1.572,4.174,-0.120,4.168
106.03,1.399,-1.685,1.566,4.345,-0.122,4.172
106.04,1.539,-1.684,1.566,4.322,-0.122,4.177
106.05,1.613,-1.684,1.568,4.141,-0.124,4.174
106.06,1.449,-1.683,1.565,4.211,-0.124,4.175
106.07,1.358,-1.684,1.558,3.905,-0.124,4.167
106.08,1.456,-1.686,1.552,4.301,-0.122,4.173
106.09,1.407,-1.688,1.546,4.205,-0.122,4.175
106.10,1.535,-1.687,1.547,4.215,-0.123,4.175
106.11,1.504,-1.688,1.544,4.254,-0.121,4.179
106.12,1.613,-1.689,1.546,4.258,-0.121,4.182
106.13,1.819,-1.688,1.554,4.205,-0.120,4.184
106.14,1.453,-1.689,1.550,4.026,-0.120,4.180
106.15,1.568,-1.691,1.549,4.597,-0.121,4.191
106.16,1.754,-1.691,1.555,4.167,-0.121,4.191
106.17,1.668,-1.692,1.558,4.330,-0.120,4.196
106.18,1.808,-1.694,1.564,4.132,-0.121,4.193
106.19,1.535,-1.693,1.564,4.338,-0.121,4.198
106.20,1.673,-1.693,1.567,4.148,-0.121,4.197
106.21,1.538,-1.694,1.566,4.160,-0.122,4.196
106.22,1.484,-1.695,1.563,3.916,-0.122,4.188
106.23,1.367,-1.694,1.557,4.588,-0.122,4.200
106.24,1.674,-1.695,1.560,4.250,-0.122,4.201
106.25,1.645,-1.695,1.562,4.191,-0.123,4.201
106.26,1.705,-1.698,1.565,4.132,-0.123,4.200
106.27,1.329,-1.698,1.557,4.241,-0.122,4.202
106.28,1.515,-1.698,1.556,4.461,-0.120,4.213
106.29,1.327,-1.697,1.550,4.247,-0.119,4.215
106.30,1.563,-1.698,1.550,4.295,-0.120,4.216
106.31,1.625,-1.701,1.550,4.277,-0.119,4.220
106.32,1.460,-1.699,1.548,4.176,-0.117,4.221
106.33,1.727,-1.701,1.552,4.141,-0.118,4.219
106.34,1.490,-1.701,1.550,4.344,-0.116,4.224
106.35,1.701,-1.703,1.553,4.171,-0.116,4.223
106.36,1.588,-1.704,1.554,4.390,-0.117,4.228
106.37,1.238,-1.703,1.545,4.240,-0.117,4.229
106.38,1.384,-1.703,1.540,4.072,-0.117,4.225
106.39,1.573,-1.703,1.541,4.063,-0.117,4.220
106.40,1.893,-1.705,1.550,4.063,-0.117,4.216
106.41,1.582,-1.706,1.550,4.181,-0.117,4.215
106.42,1.307,-1.705,1.543,4.308,-0.119,4.217
106.43,1.910,-1.708,1.552,4.285,-0.119,4.219
106.44,1.568,-1.710,1.551,4.050,-0.119,4.214
106.45,1.641,-1.708,1.555,3.879,-0.119,4.204
106.46,1.666,-1.711,1.556,4.461,-0.119,4.212
106.47,1.636,-1.712,1.558,4.518,-0.119,4.222
106.49,1.496,-1.713,1.555,4.107,-0.120,4.218
106.49,1.667,-1.713,1.559,4.173,-0.121,4.216
106.50,1.450,-1.711,1.557,4.066,-0.122,4.211
106.51,1.494,-1.712,1.555,4.326,-0.120,4.217
106.52,1.653,-1.711,1.559,4.184,-0.122,4.214
106.53,1.684,-1.710,1.564,4.142,-0.121,4.213
106.54,1.743,-1.710,1.570,4.044,-0.122,4.208
106.55,1.738,-1.711,1.575,4.128,-0.121,4.206
106.56,1.648,-1.712,1.576,4.115,-0.120,4.205
106.57,1.477,-1.711,1.574,4.025,-0.120,4.200
106.59,1.647,-1.711,1.576,4.160,-0.121,4.198
106.60,1.833,-1.712,1.585,4.154,-0.120,4.197
106.61,1.649,-1.711,1.587,4.393,-0.121,4.203
106.62,1.682,-1.713,1.589,4.102,-0.122,4.199
106.62,1.644,-1.713,1.591,4.505,-0.122,4.209
106.63,1.641,-1.713,1.593,4.112,-0.124,4.205
106.65,1.523,-1.713,1.592,4.304,-0.124,4.208
106.66,1.666,-1.713,1.595,4.169,-0.125,4.206
106.66,1.482,-1.714,1.590,4.358,-0.124,4.212
106.67,1.473,-1.714,1.588,3.953,-0.124,4.204
106.69,1.467,-1.714,1.584,4.314,-0.123,4.209
106.70,1.508,-1.714,1.583,4.216,-0.124,4.208
106.71,1.459,-1.716,1.577,4.068,-0.126,4.202
106.72,1.690,-1.716,1.581,4.384,-0.124,4.210
106.73,1.688,-1.716,1.584,4.151,-0.123,4.210
106.74,1.583,-1.719,1.582,4.283,-0.123,4.212
106.75,1.670,-1.720,1.584,4.263,-0.123,4.214
106.76,1.675,-1.719,1.588,4.085,-0.124,4.210
106.77,1.394,-1.718,1.584,4.571,-0.122,4.222
106.78,1.569,-1.717,1.585,4.200,-0.121,4.223
106.79,1.762,-1.716,1.592,4.318,-0.121,4.227
106.80,1.602,-1.715,1.593,4.233,-0.122,4.226
106.81,1.708,-1.714,1.598,4.190,-0.122,4.226
106.82,1.622,-1.714,1.600,4.051,-0.121,4.222
106.83,1.549,-1.715,1.597,4.160,-0.121,4.220
106.84,1.614,-1.716,1.598,4.214,-0.121,4.220
106.85,1.533,-1.717,1.596,4.234,-0.122,4.220
106.86,1.495,-1.717,1.593,3.947,-0.121,4.213
106.87,1.762,-1.718,1.598,4.183,-0.122,4.212
106.88,1.622,-1.718,1.599,3.910,-0.122,4.202
106.89,1.378,-1.719,1.592,4.073,-0.124,4.196
106.90,1.875,-1.720,1.600,4.244,-0.124,4.198
106.91,1.693,-1.720,1.603,4.093,-0.124,4.195
106.92,1.311,-1.721,1.593,4.007,-0.124,4.190
106.93,1.402,-1.722,1.587,4.239,-0.124,4.191
106.94,1.652,-1.720,1.591,4.005,-0.124,4.185
106.95,1.558,-1.718,1.593,4.294,-0.124,4.189
106.96,1.631,-1.718,1.595,4.146,-0.123,4.188
106.97,1.569,-1.718,1.595,4.042,-0.124,4.183
106.98,1.565,-1.718,1.594,4.252,-0.123,4.187
106.99,1.607,-1.717,1.595,4.132,-0.122,4.185
107.00,1.744,-1.717,1.600,4.530,-0.122,4.196
107.01,1.748,-1.719,1.604,4.333,-0.122,4.200
107.02,1.626,-1.721,1.603,3.951,-0.122,4.193
107.03,1.576,-1.720,1.604,4.644,-0.122,4.207
107.04,1.694,-1.723,1.604,4.217,-0.122,4.207
107.05,1.644,-1.724,1.605,3.837,-0.123,4.195
107.06,1.450,-1.723,1.601,3.861,-0.122,4.186
107.07,1.600,-1.724,1.601,4.227,-0.122,4.188
107.08,1.575,-1.723,1.602,3.997,-0.121,4.182
107.09,1.493,-1.723,1.599,4.014,-0.122,4.176
107.10,1.673,-1.723,1.602,4.273,-0.123,4.178
107.11,1.506,-1.725,1.597,4.328,-0.123,4.182
107.12,1.574,-1.724,1.598,4.116,-0.123,4.181
107.13,1.651,-1.725,1.600,4.304,-0.123,4.184
107.14,1.575,-1.726,1.598,4.346,-0.123,4.189
107.15,1.523,-1.727,1.595,3.831,-0.124,4.177
107.16,1.480,-1.727,1.592,4.175,-0.123,4.178
107.17,1.691,-1.730,1.593,3.956,-0.123,4.171
107.18,1.647,-1.730,1.595,4.029,-0.123,4.167
107.19,1.568,-1.730,1.594,4.141,-0.125,4.164
107.20,1.673,-1.732,1.596,4.382,-0.125,4.170
107.21,1.587,-1.732,1.596,4.242,-0.125,4.173
107.22,1.740,-1.733,1.599,4.090,-0.126,4.169
107.23,1.634,-1.734,1.600,4.119,-0.126,4.167
107.24,1.369,-1.734,1.593,4.252,-0.127,4.169
107.25,1.804,-1.737,1.598,4.166,-0.125,4.170
107.26,1.293,-1.738,1.588,4.381,-0.126,4.176
107.27,1.608,-1.740,1.587,4.503,-0.126,4.186
107.28,1.678,-1.741,1.590,3.923,-0.127,4.177
107.29,1.408,-1.740,1.585,4.137,-0.125,4.177
107.30,1.521,-1.738,1.586,4.109,-0.126,4.174
107.31,1.670,-1.740,1.587,4.082,-0.126,4.171
107.32,1.231,-1.740,1.576,3.940,-0.126,4.164
107.33,1.421,-1.739,1.573,4.276,-0.126,4.167
107.34,1.538,-1.741,1.570,4.246,-0.127,4.168
107.35,1.730,-1.739,1.577,4.123,-0.127,4.167
107.36,1.543,-1.738,1.577,4.126,-0.129,4.164
107.37,2.031,-1.738,1.591,4.023,-0.129,4.159
107.38,1.482,-1.738,1.588,4.221,-0.130,4.160
107.39,1.400,-1.739,1.582,4.431,-0.131,4.168
107.40,1.546,-1.739,1.582,4.182,-0.130,4.169
107.41,1.451,-1.739,1.577,4.216,-0.129,4.171
107.42,1.606,-1.741,1.577,4.002,-0.129,4.166
107.43,1.700,-1.741,1.581,4.204,-0.129,4.167
107.44,1.419,-1.742,1.575,3.979,-0.128,4.161
107.45,1.709,-1.741,1.581,3.732,-0.128,4.148
107.46,1.584,-1.743,1.579,4.330,-0.127,4.155
107.47,1.568,-1.743,1.579,4.245,-0.127,4.158
107.48,1.489,-1.747,1.573,3.887,-0.127,4.149
107.49,1.636,-1.748,1.574,4.084,-0.125,4.149
107.50,1.460,-1.750,1.569,3.984,-0.125,4.143
107.51,1.777,-1.750,1.576,4.079,-0.125,4.140
107.52,1.416,-1.749,1.572,4.029,-0.125,4.137
107.53,1.871,-1.751,1.580,4.198,-0.125,4.139
107.54,1.538,-1.753,1.577,4.472,-0.124,4.149
107.55,1.405,-1.755,1.570,4.413,-0.126,4.155
107.56,1.583,-1.755,1.571,4.173,-0.124,4.157
107.57,1.590,-1.754,1.572,4.018,-0.125,4.152
107.58,1.459,-1.754,1.570,4.065,-0.124,4.150
107.59,1.845,-1.755,1.577,4.197,-0.123,4.152
107.60,1.776,-1.756,1.583,4.353,-0.123,4.158
107.61,1.798,-1.758,1.588,4.357,-0.123,4.164
107.62,1.774,-1.757,1.595,4.071,-0.124,4.160
107.63,1.407,-1.757,1.590,4.140,-0.123,4.160
107.64,1.423,-1.756,1.587,4.130,-0.124,4.158
107.65,1.150,-1.754,1.575,4.022,-0.123,4.154
107.66,1.553,-1.755,1.574,4.318,-0.123,4.159
107.67,1.620,-1.756,1.574,4.190,-0.123,4.161
107.68,1.564,-1.755,1.575,4.359,-0.123,4.166
107.69,1.407,-1.754,1.572,4.339,-0.124,4.171
107.70,1.597,-1.753,1.573,4.318,-0.124,4.175
107.71,1.545,-1.754,1.572,4.092,-0.124,4.172
107.72,1.754,-1.753,1.579,4.407,-0.124,4.180
107.73,1.711,-1.754,1.582,4.171,-0.124,4.179
107.74,1.156,-1.754,1.570,4.322,-0.124,4.183
107.75,1.510,-1.754,1.568,4.081,-0.126,4.179
107.76,1.491,-1.754,1.566,4.266,-0.126,4.181
107.77,1.774,-1.755,1.571,4.047,-0.127,4.177
107.78,1.601,-1.755,1.572,4.002,-0.127,4.171
107.79,1.499,-1.756,1.570,4.351,-0.125,4.178
107.80,1.562,-1.757,1.569,4.145,-0.126,4.177
107.81,1.658,-1.759,1.570,4.054,-0.124,4.174
107.82,1.725,-1.757,1.577,4.338,-0.125,4.179
107.83,1.562,-1.760,1.574,4.410,-0.126,4.185
107.84,1.648,-1.761,1.575,4.315,-0.128,4.188
107.85,1.447,-1.763,1.570,4.018,-0.127,4.183
107.86,1.627,-1.762,1.573,4.090,-0.129,4.179
107.87,1.618,-1.762,1.574,4.259,-0.128,4.182
107.88,1.704,-1.763,1.578,3.970,-0.127,4.176
107.89,1.373,-1.763,1.572,4.044,-0.128,4.172
107.90,1.533,-1.764,1.570,4.257,-0.128,4.174
107.91,1.612,-1.764,1.571,4.319,-0.127,4.179
107.92,1.453,-1.765,1.568,4.410,-0.127,4.187
107.94,1.586,-1.764,1.569,4.156,-0.126,4.187
107.94,1.484,-1.764,1.567,4.209,-0.126,4.187
107.95,1.637,-1.765,1.568,4.061,-0.125,4.185
107.97,1.633,-1.765,1.571,4.284,-0.126,4.187
107.98,1.387,-1.765,1.565,4.106,-0.127,4.183
107.99,1.722,-1.768,1.567,3.787,-0.126,4.172
107.99,1.577,-1.767,1.569,4.301,-0.129,4.174
108.00,1.371,-1.766,1.564,3.947,-0.128,4.167
108.02,1.652,-1.767,1.566,4.088,-0.129,4.164
108.03,1.479,-1.766,1.565,4.390,-0.129,4.171
108.03,1.448,-1.768,1.560,4.036,-0.127,4.168
108.04,1.794,-1.767,1.568,4.261,-0.126,4.172
108.05,1.489,-1.766,1.566,4.197,-0.126,4.173
108.07,1.715,-1.767,1.570,4.147,-0.126,4.173
108.07,1.571,-1.767,1.570,4.265,-0.126,4.175
108.08,1.723,-1.767,1.576,4.223,-0.127,4.176
108.09,1.617,-1.766,1.578,4.088,-0.128,4.172
108.11,1.294,-1.766,1.570,4.395,-0.128,4.179
108.12,1.758,-1.766,1.576,4.236,-0.128,4.180
108.12,1.633,-1.768,1.576,4.160,-0.128,4.180
108.14,1.402,-1.769,1.570,4.403,-0.129,4.186
108.15,1.488,-1.770,1.567,4.061,-0.130,4.181
108.16,1.686,-1.771,1.570,4.098,-0.131,4.178
108.17,1.844,-1.770,1.579,3.926,-0.131,4.170
108.18,1.532,-1.769,1.579,4.119,-0.130,4.169
108.19,1.857,-1.769,1.589,4.066,-0.131,4.166
108.20,1.836,-1.768,1.597,4.173,-0.132,4.165
108.20,1.487,-1.770,1.592,4.344,-0.132,4.171
108.22,1.663,-1.770,1.595,4.201,-0.132,4.171
108.23,1.484,-1.771,1.592,3.917,-0.133,4.162
108.24,1.857,-1.773,1.598,4.109,-0.134,4.160
108.25,1.349,-1.775,1.589,4.045,-0.135,4.156
108.26,1.540,-1.772,1.591,4.152,-0.134,4.156
108.27,1.543,-1.772,1.589,4.367,-0.133,4.163
108.28,1.506,-1.773,1.586,4.035,-0.133,4.159
108.29,1.556,-1.774,1.585,4.515,-0.134,4.169
108.30,1.294,-1.774,1.576,4.183,-0.133,4.170
108.31,1.715,-1.775,1.580,3.879,-0.134,4.161
108.32,1.452,-1.775,1.576,4.384,-0.135,4.166
108.33,1.467,-1.777,1.572,4.293,-0.136,4.170
108.34,1.607,-1.775,1.575,4.186,-0.138,4.168
108.35,1.641,-1.776,1.576,4.205,-0.138,4.169
108.36,1.524,-1.777,1.574,4.326,-0.137,4.175
108.37,1.647,-1.777,1.576,4.171,-0.137,4.175
108.38,1.711,-1.779,1.579,4.256,-0.138,4.177
108.39,1.565,-1.782,1.577,4.092,-0.138,4.174
108.40,1.965,-1.782,1.588,4.137,-0.139,4.172
108.41,1.581,-1.783,1.588,3.962,-0.139,4.166
108.42,1.565,-1.784,1.587,4.235,-0.139,4.168
108.43,1.554,-1.785,1.585,4.448,-0.139,4.176
108.44,1.520,-1.785,1.583,4.342,-0.140,4.181
108.45,1.719,-1.786,1.587,4.430,-0.139,4.189
108.46,1.881,-1.787,1.596,4.008,-0.138,4.185
108.47,1.469,-1.785,1.594,4.292,-0.139,4.188
108.48,1.562,-1.784,1.595,4.134,-0.139,4.186
108.49,1.376,-1.784,1.588,4.345,-0.138,4.193
108.50,1.638,-1.784,1.590,4.039,-0.137,4.189
108.51,1.710,-1.783,1.595,3.851,-0.137,4.179
108.52,1.413,-1.786,1.588,4.088,-0.139,4.175
108.53,1.674,-1.786,1.590,4.370,-0.138,4.181
108.54,1.460,-1.787,1.586,4.128,-0.138,4.180
108.55,1.596,-1.787,1.587,4.015,-0.139,4.174
108.56,1.481,-1.787,1.584,3.933,-0.139,4.167
108.57,1.743,-1.789,1.588,4.262,-0.138,4.170
108.58,1.824,-1.789,1.595,3.734,-0.138,4.157
108.59,1.707,-1.789,1.600,4.088,-0.137,4.156
108.60,1.789,-1.790,1.605,4.000,-0.137,4.151
108.61,1.526,-1.791,1.602,4.191,-0.137,4.152
108.62,1.445,-1.790,1.599,4.091,-0.136,4.151
108.63,1.539,-1.789,1.598,4.056,-0.136,4.148
108.64,1.753,-1.789,1.604,4.201,-0.135,4.150
108.65,1.705,-1.790,1.607,4.132,-0.134,4.151
108.66,1.622,-1.790,1.608,3.786,-0.134,4.140
108.67,1.558,-1.790,1.607,4.350,-0.134,4.145
108.68,1.860,-1.791,1.614,3.968,-0.135,4.139
108.69,1.547,-1.790,1.613,3.917,-0.136,4.131
108.70,1.475,-1.793,1.607,4.259,-0.136,4.134
108.71,1.779,-1.791,1.615,4.181,-0.135,4.136
108.72,1.711,-1.792,1.617,4.121,-0.134,4.136
108.73,1.668,-1.790,1.621,4.018,-0.135,4.132
108.74,1.491,-1.791,1.618,4.286,-0.136,4.135
108.75,1.730,-1.792,1.620,4.360,-0.136,4.142
108.76,1.512,-1.796,1.614,4.191,-0.138,4.141
108.77,1.574,-1.795,1.614,3.957,-0.138,4.136
108.78,1.656,-1.796,1.616,3.951,-0.138,4.130
108.79,1.676,-1.796,1.618,4.197,-0.138,4.131
108.80,1.695,-1.796,1.621,4.167,-0.136,4.134
108.81,1.678,-1.794,1.625,4.052,-0.136,4.131
108.82,1.500,-1.794,1.622,4.217,-0.136,4.133
108.83,1.586,-1.795,1.621,4.240,-0.136,4.137
108.84,1.467,-1.795,1.617,4.291,-0.136,4.141
108.85,1.457,-1.794,1.613,3.939,-0.135,4.135
108.86,1.601,-1.796,1.612,3.918,-0.137,4.126
108.87,1.470,-1.797,1.607,4.131,-0.138,4.125
108.88,1.283,-1.798,1.597,3.987,-0.139,4.119
108.89,1.863,-1.800,1.604,4.082,-0.139,4.119
108.90,1.613,-1.800,1.605,3.671,-0.138,4.105
108.91,1.812,-1.800,1.611,4.018,-0.139,4.101
108.92,2.003,-1.801,1.623,4.278,-0.139,4.106
108.93,1.227,-1.802,1.610,4.301,-0.140,4.110
108.94,1.592,-1.805,1.607,4.004,-0.140,4.107
108.95,1.635,-1.806,1.608,4.353,-0.140,4.114
108.96,1.642,-1.807,1.609,4.233,-0.142,4.116
108.97,1.371,-1.806,1.603,4.226,-0.141,4.119
108.98,1.562,-1.810,1.599,4.570,-0.141,4.132
108.99,1.691,-1.811,1.601,3.975,-0.142,4.127
109.00,1.497,-1.812,1.597,3.770,-0.142,4.115
109.01,1.395,-1.813,1.590,4.031,-0.142,4.113
109.02,1.723,-1.814,1.594,4.034,-0.142,4.110
109.03,1.425,-1.815,1.588,4.422,-0.140,4.121
109.04,1.770,-1.815,1.594,4.179,-0.140,4.123
109.05,1.677,-1.814,1.599,4.065,-0.139,4.121
109.06,1.552,-1.814,1.598,4.240,-0.141,4.123
109.07,1.431,-1.814,1.593,4.191,-0.140,4.126
109.08,1.719,-1.816,1.595,4.106,-0.139,4.126
109.09,1.374,-1.814,1.591,4.090,-0.139,4.125
109.10,1.563,-1.816,1.589,4.187,-0.139,4.126
109.11,1.634,-1.817,1.590,4.139,-0.140,4.126
109.12,1.575,-1.818,1.588,3.951,-0.139,4.121
109.13,1.672,-1.819,1.590,4.089,-0.138,4.120
109.14,1.582,-1.822,1.588,4.077,-0.139,4.118
109.15,1.672,-1.825,1.588,4.295,-0.139,4.123
109.16,1.566,-1.825,1.587,4.363,-0.139,4.130
109.17,1.480,-1.828,1.582,4.176,-0.139,4.131
109.18,1.559,-1.829,1.581,4.311,-0.138,4.137
109.19,1.525,-1.828,1.580,4.221,-0.140,4.139
109.20,1.805,-1.830,1.586,4.025,-0.140,4.135
109.21,1.743,-1.830,1.591,4.287,-0.140,4.140
109.22,1.662,-1.830,1.594,4.088,-0.140,4.137
109.23,1.342,-1.830,1.587,4.388,-0.139,4.146
109.24,1.375,-1.830,1.581,4.068,-0.138,4.145
109.25,1.696,-1.832,1.583,4.210,-0.138,4.147
109.26,1.682,-1.830,1.588,4.076,-0.139,4.144
109.27,1.599,-1.831,1.588,3.874,-0.138,4.136
109.28,1.795,-1.831,1.595,3.978,-0.138,4.131
109.29,1.669,-1.830,1.599,4.046,-0.138,4.128
109.30,1.669,-1.830,1.601,4.204,-0.139,4.130
109.31,1.605,-1.831,1.601,4.350,-0.139,4.136
109.32,1.410,-1.832,1.595,4.079,-0.139,4.134
109.33,1.491,-1.832,1.592,4.169,-0.139,4.135
109.34,1.334,-1.833,1.584,4.195,-0.141,4.135
109.35,1.898,-1.834,1.593,4.167,-0.142,4.135
109.36,1.682,-1.836,1.594,4.147,-0.143,4.135
109.37,1.665,-1.836,1.597,4.070,-0.145,4.130
109.38,1.597,-1.837,1.597,4.124,-0.143,4.131
109.39,1.707,-1.836,1.601,3.953,-0.143,4.127
109.40,1.710,-1.836,1.605,4.277,-0.142,4.131
109.41,1.562,-1.834,1.606,4.133,-0.142,4.132
109.42,1.655,-1.835,1.608,3.846,-0.141,4.124
109.43,1.696,-1.835,1.611,3.941,-0.141,4.118
109.44,1.621,-1.836,1.611,4.159,-0.141,4.119
109.45,1.586,-1.836,1.611,3.939,-0.139,4.115
109.46,1.556,-1.839,1.607,4.239,-0.139,4.118
109.48,1.674,-1.839,1.609,3.983,-0.138,4.115
109.49,1.591,-1.839,1.610,4.590,-0.137,4.130
109.49,1.666,-1.838,1.613,3.988,-0.136,4.127
109.50,1.564,-1.837,1.614,3.913,-0.135,4.121
109.52,1.550,-1.838,1.611,4.085,-0.136,4.119
109.53,1.418,-1.839,1.604,4.291,-0.135,4.125
109.54,1.991,-1.840,1.616,4.037,-0.136,4.121
109.55,1.335,-1.839,1.609,4.272,-0.136,4.125
109.56,1.615,-1.840,1.609,4.276,-0.135,4.131
109.57,1.423,-1.842,1.602,4.300,-0.135,4.136
109.58,1.627,-1.842,1.603,4.114,-0.135,4.135
109.59,1.447,-1.842,1.599,3.868,-0.136,4.125
109.60,1.642,-1.843,1.600,4.207,-0.135,4.129
109.61,1.581,-1.843,1.599,4.228,-0.136,4.131
109.62,1.585,-1.844,1.599,4.223,-0.135,4.135
109.63,1.410,-1.844,1.593,3.984,-0.135,4.129
109.64,1.676,-1.846,1.595,3.955,-0.134,4.125
109.65,1.357,-1.848,1.586,4.302,-0.134,4.131
109.66,1.712,-1.847,1.591,4.224,-0.134,4.133
109.66,1.716,-1.846,1.597,4.134,-0.133,4.134
109.68,1.487,-1.844,1.595,4.250,-0.132,4.138
109.69,1.512,-1.844,1.593,4.025,-0.132,4.135
109.70,1.593,-1.847,1.591,4.183,-0.131,4.138
109.71,1.287,-1.845,1.584,3.931,-0.130,4.132
109.71,1.602,-1.846,1.584,4.122,-0.130,4.132
109.73,1.689,-1.845,1.588,4.169,-0.130,4.133
109.74,1.568,-1.848,1.586,4.260,-0.130,4.136
109.75,1.842,-1.847,1.594,4.456,-0.130,4.146
109.76,1.434,-1.847,1.590,4.284,-0.129,4.151
109.77,1.660,-1.849,1.591,4.273,-0.128,4.156
109.78,1.890,-1.847,1.602,4.338,-0.128,4.161
109.79,1.111,-1.846,1.589,4.310,-0.127,4.166
109.80,1.618,-1.847,1.589,4.379,-0.128,4.173
109.81,1.399,-1.845,1.585,4.194,-0.126,4.175
109.82,1.445,-1.843,1.583,4.418,-0.126,4.183
109.83,1.610,-1.841,1.587,4.328,-0.127,4.187
109.84,1.848,-1.843,1.593,4.262,-0.127,4.190
109.85,1.489,-1.843,1.590,3.922,-0.126,4.183
109.86,1.482,-1.845,1.585,4.109,-0.125,4.181
109.87,1.589,-1.845,1.585,4.197,-0.126,4.181
109.88,1.668,-1.846,1.587,3.875,-0.127,4.171
109.89,1.708,-1.848,1.589,3.932,-0.127,4.164
109.90,1.518,-1.851,1.585,3.992,-0.129,4.157
109.91,1.406,-1.851,1.579,4.108,-0.129,4.155
109.92,1.546,-1.853,1.577,4.301,-0.129,4.160
109.93,1.318,-1.852,1.570,4.046,-0.128,4.157
109.94,1.462,-1.851,1.568,4.143,-0.129,4.156
109.95,1.654,-1.853,1.568,4.179,-0.129,4.157
109.96,1.515,-1.853,1.567,4.334,-0.129,4.162
109.97,1.494,-1.853,1.565,4.354,-0.130,4.167
109.98,1.684,-1.853,1.569,3.841,-0.131,4.157
109.99,1.588,-1.855,1.568,3.994,-0.131,4.152
110.00,1.471,-1.855,1.565,4.124,-0.132,4.150
110.01,1.866,-1.853,1.576,4.355,-0.132,4.156
110.02,1.559,-1.854,1.575,4.209,-0.132,4.158
110.03,1.716,-1.851,1.582,4.159,-0.131,4.159
110.04,1.614,-1.852,1.583,4.142,-0.131,4.158
110.05,1.543,-1.853,1.581,4.110,-0.131,4.157
110.06,1.538,-1.853,1.580,4.147,-0.131,4.157
110.07,1.645,-1.853,1.582,4.266,-0.131,4.161
110.08,1.528,-1.851,1.583,3.948,-0.130,4.155
110.09,1.514,-1.853,1.579,4.256,-0.129,4.159
110.10,1.487,-1.851,1.579,4.144,-0.128,4.159
110.11,1.479,-1.850,1.576,4.187,-0.128,4.160
110.12,1.472,-1.852,1.572,4.111,-0.128,4.159
110.13,1.536,-1.852,1.570,4.208,-0.129,4.160
110.14,1.791,-1.852,1.578,4.428,-0.130,4.167
110.15,1.344,-1.854,1.569,3.993,-0.129,4.163
110.16,1.668,-1.853,1.573,4.103,-0.128,4.161
110.17,1.676,-1.853,1.576,4.205,-0.128,4.163
110.18,1.599,-1.853,1.577,3.803,-0.129,4.151
110.19,1.400,-1.853,1.572,4.091,-0.130,4.149
110.20,1.580,-1.852,1.573,4.096,-0.129,4.147
110.21,1.974,-1.853,1.585,4.136,-0.131,4.146
110.22,1.727,-1.855,1.588,4.332,-0.132,4.150
110.23,1.641,-1.856,1.588,4.098,-0.132,4.148
110.24,1.662,-1.857,1.590,4.006,-0.132,4.144
110.25,1.300,-1.860,1.579,4.489,-0.131,4.155
110.26,1.700,-1.860,1.582,4.109,-0.131,4.155
110.27,1.739,-1.861,1.587,4.155,-0.130,4.155
110.28,1.699,-1.862,1.589,4.001,-0.130,4.151
110.29,1.655,-1.864,1.590,4.131,-0.132,4.148
110.30,1.752,-1.862,1.598,4.042,-0.132,4.145
110.31,1.438,-1.862,1.594,4.409,-0.132,4.152
110.32,1.523,-1.862,1.591,4.173,-0.132,4.153
110.33,1.736,-1.863,1.595,4.256,-0.133,4.155
110.34,1.322,-1.862,1.588,4.059,-0.132,4.154
110.35,1.446,-1.861,1.585,4.199,-0.133,4.154
110.36,1.425,-1.859,1.582,4.044,-0.133,4.150
110.37,1.634,-1.859,1.585,4.227,-0.134,4.152
110.38,1.601,-1.858,1.586,4.465,-0.135,4.161
110.39,1.562,-1.858,1.586,4.269,-0.135,4.165
110.40,1.679,-1.859,1.588,3.667,-0.134,4.150
110.41,1.418,-1.860,1.582,4.081,-0.136,4.146
110.42,1.503,-1.860,1.580,4.217,-0.136,4.148
110.43,1.503,-1.859,1.578,4.018,-0.136,4.144
110.44,1.368,-1.860,1.572,4.158,-0.136,4.145
110.45,1.737,-1.860,1.576,4.090,-0.136,4.143
110.46,1.610,-1.860,1.578,4.264,-0.136,4.147
110.47,1.452,-1.862,1.573,4.324,-0.136,4.152
110.48,1.750,-1.860,1.580,4.220,-0.136,4.154
110.49,1.751,-1.860,1.585,4.256,-0.135,4.158
110.50,1.534,-1.860,1.585,4.430,-0.135,4.167
110.51,1.555,-1.859,1.584,4.116,-0.136,4.165
110.52,1.710,-1.860,1.588,4.193,-0.136,4.165
110.53,1.656,-1.860,1.590,4.134,-0.136,4.164
110.54,1.831,-1.860,1.598,4.104,-0.136,4.163
110.55,1.698,-1.861,1.600,4.031,-0.136,4.159
110.56,1.475,-1.862,1.596,3.827,-0.136,4.149
110.57,1.644,-1.863,1.596,4.247,-0.135,4.153
110.58,1.645,-1.864,1.597,4.550,-0.134,4.166
110.59,1.456,-1.864,1.594,4.197,-0.134,4.167
110.60,1.568,-1.865,1.592,4.350,-0.133,4.174
110.61,1.459,-1.866,1.588,4.134,-0.133,4.173
110.62,1.675,-1.865,1.591,4.179,-0.133,4.174
110.63,1.501,-1.867,1.588,4.166,-0.132,4.174
110.64,1.503,-1.868,1.584,4.354,-0.131,4.181
110.65,1.412,-1.868,1.579,4.169,-0.131,4.181
110.66,1.610,-1.869,1.579,4.324,-0.131,4.186
110.67,1.782,-1.869,1.585,3.862,-0.131,4.176
110.68,1.558,-1.870,1.584,4.199,-0.131,4.177
110.69,1.771,-1.871,1.589,4.414,-0.131,4.184
110.70,1.645,-1.870,1.592,4.274,-0.129,4.189
110.71,1.556,-1.871,1.590,4.229,-0.129,4.191
110.72,1.325,-1.871,1.582,4.489,-0.131,4.198
110.73,1.745,-1.870,1.589,4.159,-0.131,4.197
110.74,1.462,-1.869,1.587,3.990,-0.131,4.192
110.75,1.716,-1.869,1.590,4.232,-0.130,4.194
110.76,1.526,-1.869,1.588,4.081,-0.131,4.190
110.77,1.383,-1.869,1.583,4.156,-0.130,4.190
110.78,1.484,-1.870,1.579,4.128,-0.129,4.190
110.79,1.434,-1.868,1.576,3.982,-0.129,4.184
110.80,1.561,-1.869,1.576,4.579,-0.129,4.196
110.81,1.542,-1.868,1.576,4.255,-0.130,4.197
110.82,1.287,-1.869,1.566,4.227,-0.131,4.198
110.83,1.713,-1.868,1.571,4.357,-0.130,4.204
110.84,1.563,-1.869,1.571,4.187,-0.131,4.202
110.85,1.616,-1.870,1.571,4.496,-0.130,4.213
110.86,1.689,-1.871,1.574,4.119,-0.131,4.209
110.87,1.627,-1.870,1.576,4.184,-0.130,4.211
110.88,1.487,-1.871,1.573,4.196,-0.130,4.210
110.89,1.771,-1.870,1.580,4.317,-0.129,4.215
110.90,1.550,-1.869,1.580,4.246,-0.130,4.216
110.91,1.963,-1.870,1.591,4.361,-0.130,4.220
110.92,1.573,-1.870,1.591,4.340,-0.131,4.224
110.93,1.588,-1.873,1.589,4.295,-0.133,4.225
110.94,1.692,-1.873,1.592,4.234,-0.133,4.225
110.95,1.426,-1.871,1.589,3.973,-0.133,4.219
110.96,1.477,-1.871,1.586,4.082,-0.131,4.216
110.97,1.545,-1.872,1.584,4.190,-0.132,4.215
110.99,1.605,-1.873,1.584,4.441,-0.132,4.223
111.00,1.462,-1.871,1.582,4.342,-0.132,4.227
111.01,1.580,-1.872,1.581,4.417,-0.132,4.233
111.02,1.748,-1.870,1.589,4.190,-0.133,4.232
111.03,1.697,-1.872,1.590,4.522,-0.134,4.241
111.04,1.448,-1.874,1.585,4.086,-0.134,4.236
111.05,2.000,-1.872,1.600,4.039,-0.134,4.231
111.06,1.727,-1.874,1.602,4.283,-0.134,4.233
111.07,1.583,-1.872,1.603,4.116,-0.135,4.229
111.08,1.652,-1.871,1.606,4.100,-0.136,4.225
111.09,1.619,-1.871,1.607,4.297,-0.137,4.227
111.10,1.629,-1.871,1.608,4.322,-0.135,4.232
111.11,1.460,-1.871,1.604,3.790,-0.135,4.219
111.12,1.663,-1.872,1.606,4.298,-0.135,4.222
111.13,1.727,-1.873,1.608,4.260,-0.133,4.226
111.14,1.387,-1.875,1.600,4.163,-0.134,4.223
111.15,1.623,-1.877,1.600,4.065,-0.135,4.218
111.16,1.638,-1.877,1.601,3.887,-0.136,4.207
111.17,1.440,-1.877,1.597,4.327,-0.137,4.210
111.18,1.627,-1.879,1.596,4.400,-0.137,4.217
111.19,1.675,-1.878,1.599,4.303,-0.137,4.219
111.20,1.837,-1.879,1.607,4.161,-0.138,4.217
111.21,1.450,-1.881,1.600,4.034,-0.140,4.210
111.22,1.357,-1.880,1.594,3.977,-0.140,4.203
111.23,1.483,-1.879,1.591,4.199,-0.141,4.202
111.24,1.463,-1.881,1.587,4.327,-0.141,4.206
111.25,1.388,-1.881,1.580,4.139,-0.142,4.204
111.26,1.236,-1.881,1.570,4.174,-0.142,4.204
111.27,1.628,-1.880,1.573,3.982,-0.143,4.196
111.28,1.671,-1.880,1.576,4.144,-0.143,4.195
111.29,1.335,-1.879,1.569,4.212,-0.142,4.196
111.30,1.404,-1.879,1.565,4.220,-0.141,4.199
111.31,1.694,-1.877,1.571,4.272,-0.139,4.203
111.32,1.673,-1.878,1.573,4.306,-0.137,4.208
111.33,1.708,-1.879,1.576,4.358,-0.137,4.213
111.34,1.424,-1.880,1.571,4.161,-0.139,4.210
111.35,1.346,-1.882,1.562,4.058,-0.139,4.205
111.36,1.597,-1.884,1.561,4.402,-0.138,4.212
111.37,1.680,-1.884,1.564,4.168,-0.140,4.210
111.38,1.488,-1.885,1.562,4.269,-0.140,4.212
111.39,1.602,-1.886,1.562,4.088,-0.139,4.209
111.40,1.589,-1.887,1.561,4.006,-0.140,4.202
111.41,1.637,-1.889,1.562,4.228,-0.140,4.204
111.42,1.532,-1.889,1.561,4.375,-0.139,4.210
111.43,1.261,-1.889,1.552,4.429,-0.139,4.217
111.44,1.647,-1.889,1.555,4.606,-0.139,4.230
111.45,1.706,-1.888,1.560,4.412,-0.140,4.235
111.46,1.700,-1.887,1.566,4.111,-0.140,4.231
111.47,1.664,-1.887,1.569,3.995,-0.139,4.225
111.48,1.379,-1.886,1.564,4.055,-0.139,4.221
111.49,1.654,-1.885,1.568,3.960,-0.141,4.211
111.50,1.649,-1.884,1.572,4.334,-0.141,4.215
111.51,1.567,-1.884,1.572,4.323,-0.140,4.220
111.52,1.490,-1.883,1.570,4.048,-0.141,4.214
111.53,1.391,-1.883,1.565,4.029,-0.141,4.208
111.54,1.677,-1.882,1.570,4.417,-0.142,4.214
111.55,1.664,-1.881,1.573,4.249,-0.142,4.216
111.56,1.546,-1.881,1.572,4.356,-0.144,4.219
111.57,1.243,-1.882,1.562,4.151,-0.145,4.216
111.58,1.584,-1.884,1.560,4.151,-0.146,4.214
111.59,1.571,-1.885,1.560,3.999,-0.146,4.207
111.60,1.523,-1.887,1.557,4.266,-0.147,4.208
111.61,1.590,-1.888,1.557,4.470,-0.146,4.218
111.62,1.479,-1.887,1.555,4.365,-0.147,4.222
111.63,1.591,-1.887,1.556,4.220,-0.147,4.222
111.64,1.404,-1.889,1.550,4.100,-0.147,4.219
111.65,1.696,-1.890,1.553,4.244,-0.146,4.221
111.66,1.650,-1.888,1.558,4.168,-0.145,4.220
111.67,1.526,-1.889,1.556,4.263,-0.145,4.222
111.68,1.849,-1.888,1.566,3.828,-0.145,4.211
111.69,1.512,-1.887,1.565,3.974,-0.143,4.205
111.70,1.371,-1.886,1.560,4.226,-0.145,4.204
111.71,1.648,-1.887,1.562,3.997,-0.146,4.197
111.72,1.650,-1.888,1.564,4.278,-0.145,4.200
111.73,1.615,-1.890,1.563,4.286,-0.145,4.203
111.74,1.626,-1.891,1.565,4.028,-0.146,4.197
111.75,1.337,-1.890,1.559,4.337,-0.146,4.202
111.76,1.477,-1.891,1.556,4.142,-0.145,4.201
111.77,1.538,-1.891,1.555,4.126,-0.144,4.199
111.78,1.311,-1.894,1.545,4.250,-0.143,4.202
111.79,1.712,-1.893,1.550,4.353,-0.143,4.207
111.80,1.734,-1.894,1.555,4.237,-0.146,4.206
111.81,1.582,-1.896,1.555,4.349,-0.144,4.212
111.82,1.383,-1.894,1.551,4.316,-0.145,4.215
111.83,1.649,-1.892,1.556,4.520,-0.144,4.225
111.84,1.635,-1.891,1.559,3.925,-0.144,4.216
111.85,1.543,-1.892,1.558,4.031,-0.145,4.210
111.86,1.416,-1.891,1.554,3.922,-0.145,4.202
111.87,1.772,-1.892,1.560,4.572,-0.145,4.213
111.88,1.851,-1.892,1.570,4.185,-0.144,4.213
111.89,1.364,-1.894,1.561,4.253,-0.144,4.214
111.90,1.707,-1.894,1.566,4.197,-0.144,4.214
111.91,1.711,-1.894,1.570,4.157,-0.144,4.213
111.92,1.775,-1.895,1.576,4.048,-0.146,4.206
111.93,1.682,-1.894,1.581,4.390,-0.146,4.211
111.94,1.655,-1.895,1.582,4.071,-0.146,4.208
111.95,1.600,-1.894,1.584,4.276,-0.147,4.209
111.96,1.731,-1.895,1.588,3.954,-0.147,4.202
111.97,1.537,-1.894,1.588,4.497,-0.146,4.211
111.98,1.629,-1.894,1.589,4.223,-0.147,4.211
111.99,1.883,-1.893,1.600,4.406,-0.149,4.216
112.00,1.679,-1.894,1.601,3.972,-0.148,4.209
112.01,1.896,-1.895,1.610,4.158,-0.148,4.208
112.02,1.495,-1.895,1.607,4.240,-0.147,4.210
112.03,1.509,-1.896,1.604,4.101,-0.146,4.208
112.04,1.447,-1.894,1.601,4.211,-0.147,4.208
112.05,1.568,-1.894,1.600,4.117,-0.146,4.206
112.06,1.472,-1.894,1.597,4.234,-0.146,4.207
112.07,1.710,-1.894,1.601,4.061,-0.146,4.202
112.08,1.502,-1.893,1.600,4.185,-0.145,4.203
112.09,1.447,-1.892,1.596,4.003,-0.146,4.196
112.10,1.527,-1.892,1.594,4.024,-0.146,4.190
112.11,1.535,-1.894,1.591,4.139,-0.148,4.188
112.12,1.276,-1.894,1.581,4.266,-0.148,4.189
112.13,1.645,-1.894,1.584,4.383,-0.149,4.195
112.14,1.870,-1.894,1.593,3.850,-0.150,4.183
112.15,1.807,-1.895,1.598,4.105,-0.150,4.180
112.16,1.755,-1.895,1.604,4.074,-0.151,4.177
112.17,1.386,-1.895,1.598,4.206,-0.150,4.178
112.18,1.381,-1.894,1.592,4.216,-0.151,4.178
112.19,1.474,-1.894,1.589,4.261,-0.149,4.183
112.20,1.332,-1.894,1.581,4.287,-0.148,4.186
112.21,1.709,-1.894,1.585,4.326,-0.148,4.191
112.22,1.712,-1.893,1.591,3.981,-0.148,4.185
112.23,1.702,-1.892,1.595,4.367,-0.149,4.189
112.24,1.557,-1.892,1.594,4.182,-0.151,4.187
112.25,1.426,-1.894,1.588,4.359,-0.150,4.193
112.26,1.295,-1.893,1.580,4.037,-0.149,4.189
112.27,1.566,-1.894,1.579,4.180,-0.149,4.189
112.28,1.466,-1.894,1.576,4.346,-0.149,4.194
112.29,1.626,-1.892,1.578,4.182,-0.150,4.193
112.30,1.558,-1.892,1.578,4.157,-0.149,4.193
112.31,1.518,-1.892,1.577,4.185,-0.148,4.194
112.32,1.436,-1.893,1.571,4.073,-0.149,4.189
112.33,1.568,-1.895,1.570,4.295,-0.148,4.193
112.34,1.597,-1.896,1.570,4.134,-0.146,4.193
112.35,1.662,-1.895,1.574,4.013,-0.146,4.188
112.36,1.637,-1.893,1.577,4.400,-0.146,4.194
112.37,1.555,-1.893,1.576,3.815,-0.146,4.183
112.38,1.623,-1.894,1.577,4.063,-0.146,4.179
112.40,1.704,-1.897,1.579,4.139,-0.144,4.180
112.40,1.764,-1.896,1.585,3.995,-0.143,4.174
112.41,1.674,-1.896,1.588,4.151,-0.144,4.173
112.43,1.704,-1.897,1.591,4.263,-0.142,4.177
112.44,1.453,-1.898,1.586,4.194,-0.142,4.178
112.44,1.563,-1.897,1.587,4.355,-0.141,4.184
112.46,1.566,-1.898,1.585,4.034,-0.141,4.179
112.47,1.657,-1.898,1.587,4.128,-0.141,4.177
112.48,1.721,-1.896,1.594,4.002,-0.141,4.171
112.48,1.436,-1.897,1.589,4.124,-0.141,4.170
112.50,1.450,-1.895,1.586,4.034,-0.142,4.165
112.51,1.356,-1.896,1.578,4.249,-0.140,4.169
112.52,1.836,-1.896,1.586,4.040,-0.141,4.163
112.53,1.568,-1.899,1.583,4.447,-0.142,4.171
112.54,1.722,-1.900,1.587,4.078,-0.144,4.166
112.55,1.368,-1.900,1.580,4.217,-0.144,4.167
112.56,1.544,-1.900,1.579,4.247,-0.145,4.169
112.57,1.639,-1.898,1.583,3.721,-0.144,4.156
112.58,1.540,-1.898,1.582,4.008,-0.144,4.151
112.59,1.617,-1.896,1.585,4.242,-0.145,4.152
112.60,1.458,-1.897,1.580,4.562,-0.146,4.164
112.61,1.398,-1.897,1.575,3.976,-0.146,4.158
112.62,1.693,-1.898,1.578,4.044,-0.146,4.154
112.63,1.459,-1.897,1.575,4.235,-0.144,4.158
112.64,1.676,-1.898,1.577,4.074,-0.145,4.154
112.65,1.450,-1.900,1.572,4.221,-0.145,4.156
112.66,1.810,-1.898,1.581,4.195,-0.146,4.156
112.67,1.530,-1.899,1.579,4.139,-0.146,4.155
112.68,1.587,-1.899,1.579,4.099,-0.148,4.151
112.69,1.556,-1.899,1.579,4.060,-0.148,4.148
112.70,1.406,-1.897,1.575,4.377,-0.147,4.156
112.71,1.397,-1.896,1.571,4.150,-0.146,4.156
112.72,1.355,-1.896,1.564,4.050,-0.147,4.152
112.73,1.409,-1.897,1.558,4.200,-0.148,4.152
112.74,1.312,-1.897,1.551,4.326,-0.149,4.156
112.75,1.561,-1.896,1.552,3.879,-0.150,4.146
112.76,1.415,-1.897,1.547,4.269,-0.150,4.150
112.77,1.655,-1.899,1.548,4.423,-0.151,4.157
112.78,1.746,-1.897,1.556,4.185,-0.151,4.158
112.79,1.320,-1.896,1.549,4.296,-0.152,4.161
112.80,1.268,-1.897,1.540,4.151,-0.151,4.161
112.81,1.714,-1.898,1.544,3.843,-0.151,4.152
112.82,1.565,-1.898,1.544,4.370,-0.151,4.158
112.83,1.534,-1.897,1.545,4.200,-0.151,4.158
112.84,1.489,-1.897,1.542,4.103,-0.150,4.158
112.85,1.569,-1.900,1.540,3.961,-0.151,4.150
112.86,1.566,-1.900,1.541,4.097,-0.151,4.149
112.87,1.733,-1.899,1.548,4.198,-0.152,4.149
112.88,1.850,-1.898,1.557,4.281,-0.153,4.152
112.89,1.464,-1.898,1.555,4.173,-0.154,4.152
112.90,1.411,-1.899,1.550,4.055,-0.154,4.148
112.91,1.552,-1.900,1.548,4.217,-0.154,4.150
112.92,1.432,-1.899,1.546,4.303,-0.154,4.154
112.93,1.420,-1.897,1.544,4.169,-0.153,4.156
112.94,1.562,-1.898,1.543,4.244,-0.153,4.159
112.95,1.508,-1.900,1.540,4.343,-0.154,4.163
112.96,1.922,-1.900,1.551,4.513,-0.154,4.174
112.97,1.616,-1.903,1.550,4.121,-0.155,4.171
112.98,1.456,-1.904,1.546,4.189,-0.154,4.172
112.99,1.455,-1.906,1.542,4.066,-0.155,4.169
113.00,1.831,-1.908,1.548,4.067,-0.154,4.166
113.01,1.846,-1.909,1.556,4.392,-0.153,4.175
113.02,1.714,-1.909,1.561,4.248,-0.151,4.178
113.03,1.395,-1.910,1.555,4.158,-0.151,4.178
113.04,1.422,-1.910,1.551,4.220,-0.151,4.179
113.05,1.564,-1.909,1.553,4.175,-0.152,4.179
113.06,1.395,-1.910,1.546,4.138,-0.151,4.179
113.07,1.541,-1.908,1.548,4.204,-0.151,4.179
113.08,1.629,-1.908,1.550,4.228,-0.149,4.183
113.09,1.911,-1.908,1.562,4.051,-0.148,4.180
113.10,1.726,-1.907,1.568,4.523,-0.148,4.190
113.11,1.580,-1.907,1.568,4.155,-0.148,4.189
113.12,1.669,-1.908,1.571,4.070,-0.147,4.186
113.13,1.446,-1.909,1.566,4.301,-0.147,4.190
113.14,1.515,-1.909,1.565,4.131,-0.147,4.188
113.15,1.557,-1.909,1.564,4.390,-0.148,4.193
113.16,1.608,-1.909,1.566,4.155,-0.147,4.193
113.17,1.547,-1.907,1.567,3.891,-0.147,4.184
113.18,1.358,-1.907,1.562,3.988,-0.148,4.178
113.19,1.535,-1.909,1.558,4.239,-0.147,4.180
113.20,1.608,-1.908,1.561,4.324,-0.147,4.185
113.21,1.782,-1.908,1.568,4.185,-0.147,4.185
113.22,1.659,-1.908,1.571,4.132,-0.147,4.183
113.23,1.788,-1.907,1.578,4.043,-0.147,4.179
113.24,1.547,-1.908,1.577,4.087,-0.148,4.175
113.25,1.540,-1.907,1.577,4.068,-0.148,4.172
113.26,1.586,-1.909,1.576,4.467,-0.147,4.182
113.27,1.656,-1.907,1.580,4.292,-0.147,4.185
113.28,1.646,-1.907,1.582,4.219,-0.147,4.186
113.29,1.292,-1.909,1.572,3.901,-0.148,4.177
113.30,1.744,-1.909,1.577,4.073,-0.148,4.174
113.31,1.466,-1.910,1.573,4.227,-0.149,4.174
113.32,1.442,-1.910,1.570,4.443,-0.147,4.184
113.33,1.392,-1.911,1.563,3.988,-0.148,4.178
113.34,1.651,-1.912,1.565,4.012,-0.148,4.173
113.35,1.317,-1.913,1.557,4.237,-0.147,4.175
113.36,1.844,-1.913,1.566,3.938,-0.146,4.169
113.37,1.421,-1.913,1.561,4.206,-0.146,4.170
113.38,1.743,-1.913,1.567,4.055,-0.147,4.166
113.39,1.577,-1.913,1.567,4.426,-0.146,4.174
113.40,1.400,-1.912,1.563,4.034,-0.146,4.170
113.41,1.454,-1.912,1.560,4.113,-0.146,4.168
113.42,1.735,-1.912,1.565,4.145,-0.146,4.167
113.43,1.246,-1.913,1.555,4.212,-0.145,4.169
113.44,1.396,-1.913,1.550,4.230,-0.145,4.171
113.45,1.571,-1.915,1.549,4.293,-0.145,4.175
113.46,1.502,-1.914,1.548,4.326,-0.145,4.179
113.47,1.644,-1.913,1.552,4.053,-0.145,4.176
113.48,1.413,-1.912,1.549,4.367,-0.146,4.180
113.49,1.787,-1.913,1.555,4.244,-0.146,4.183
113.50,1.483,-1.913,1.553,4.387,-0.145,4.189
113.51,1.592,-1.912,1.555,4.030,-0.148,4.182
113.52,1.617,-1.911,1.558,4.223,-0.147,4.185
113.53,1.628,-1.912,1.559,4.446,-0.146,4.194
113.54,1.676,-1.913,1.562,4.230,-0.144,4.196
113.55,1.724,-1.914,1.566,4.103,-0.142,4.195
113.56,1.752,-1.915,1.571,4.235,-0.143,4.196
113.57,1.454,-1.916,1.567,4.064,-0.145,4.190
113.58,1.581,-1.916,1.568,4.169,-0.146,4.189
113.59,1.782,-1.917,1.572,4.212,-0.144,4.191
113.60,1.243,-1.918,1.563,4.164,-0.146,4.189
113.61,1.811,-1.917,1.570,4.293,-0.145,4.193
113.62,1.532,-1.918,1.569,4.112,-0.145,4.191
113.63,1.975,-1.918,1.582,4.126,-0.145,4.189
113.64,1.661,-1.918,1.585,3.962,-0.144,4.183
113.65,1.540,-1.917,1.584,4.253,-0.146,4.183
113.66,1.540,-1.918,1.582,4.116,-0.147,4.180
113.67,1.715,-1.919,1.585,4.192,-0.148,4.179
113.68,1.370,-1.921,1.577,4.020,-0.148,4.175
113.69,1.764,-1.923,1.582,4.225,-0.148,4.176
113.70,1.545,-1.923,1.580,4.274,-0.148,4.179
113.71,1.375,-1.924,1.574,4.009,-0.147,4.175
113.72,1.537,-1.924,1.573,4.319,-0.146,4.181
113.73,1.570,-1.925,1.572,3.922,-0.146,4.173
113.74,1.650,-1.927,1.573,4.229,-0.146,4.174
113.75,1.315,-1.927,1.566,4.256,-0.146,4.177
113.76,1.278,-1.928,1.556,4.307,-0.146,4.181
113.77,1.293,-1.927,1.548,4.331,-0.146,4.186
113.78,1.425,-1.928,1.544,4.071,-0.146,4.182
113.79,1.562,-1.928,1.544,4.470,-0.147,4.190
113.80,1.416,-1.928,1.540,4.163,-0.147,4.188
113.81,1.560,-1.926,1.543,4.264,-0.146,4.192
113.82,1.706,-1.926,1.548,4.294,-0.148,4.193
113.83,1.837,-1.925,1.558,4.080,-0.149,4.189
113.84,1.634,-1.926,1.560,4.212,-0.150,4.189
113.85,1.603,-1.926,1.561,4.116,-0.150,4.187
113.86,1.589,-1.928,1.560,4.106,-0.149,4.185
113.87,1.570,-1.927,1.561,3.962,-0.149,4.179
113.88,1.747,-1.928,1.566,4.380,-0.150,4.184
113.89,1.428,-1.928,1.562,4.426,-0.150,4.191
113.90,1.497,-1.928,1.561,4.101,-0.151,4.188
113.92,1.584,-1.930,1.560,4.175,-0.150,4.188
113.93,1.812,-1.928,1.569,4.093,-0.151,4.185
113.94,1.556,-1.930,1.567,4.250,-0.151,4.187
113.95,1.927,-1.931,1.577,4.250,-0.152,4.188
113.96,1.732,-1.930,1.583,4.088,-0.152,4.185
113.97,1.602,-1.932,1.582,4.184,-0.153,4.185
113.98,1.221,-1.933,1.571,4.313,-0.151,4.190
113.98,1.674,-1.933,1.574,4.202,-0.150,4.191
114.00,1.532,-1.932,1.574,4.168,-0.151,4.190
114.01,1.519,-1.930,1.575,4.019,-0.150,4.186
114.02,1.588,-1.931,1.575,4.254,-0.149,4.189
114.03,1.694,-1.930,1.580,4.419,-0.149,4.196
114.04,1.502,-1.930,1.578,4.326,-0.149,4.200
114.05,1.735,-1.930,1.583,4.145,-0.151,4.197
114.06,1.621,-1.929,1.585,4.324,-0.150,4.202
114.07,1.486,-1.929,1.582,4.080,-0.149,4.199
114.08,1.989,-1.930,1.594,4.223,-0.148,4.201
114.09,1.678,-1.930,1.597,4.210,-0.148,4.201
114.10,1.581,-1.931,1.597,4.646,-0.149,4.215
114.11,1.478,-1.934,1.591,4.324,-0.150,4.218
114.12,1.354,-1.934,1.584,4.229,-0.151,4.217
114.13,1.307,-1.935,1.574,4.188,-0.150,4.218
114.14,1.430,-1.935,1.570,4.391,-0.150,4.224
114.15,1.629,-1.935,1.573,4.273,-0.149,4.226
114.16,1.399,-1.935,1.567,4.280,-0.151,4.227
114.17,1.617,-1.935,1.569,3.940,-0.150,4.219
114.18,1.566,-1.933,1.571,3.928,-0.150,4.211
114.19,1.762,-1.934,1.576,4.101,-0.149,4.208
114.20,1.584,-1.935,1.576,4.216,-0.149,4.209
114.21,1.639,-1.935,1.578,4.092,-0.147,4.207
114.22,1.572,-1.937,1.576,4.145,-0.148,4.204
114.23,1.838,-1.938,1.584,4.250,-0.148,4.206
114.24,1.729,-1.935,1.591,4.356,-0.148,4.211
114.25,1.595,-1.935,1.592,4.096,-0.147,4.209
114.26,1.726,-1.934,1.597,4.232,-0.147,4.209
114.27,1.812,-1.936,1.602,4.223,-0.147,4.210
114.28,1.760,-1.937,1.607,4.119,-0.148,4.207
114.29,1.727,-1.939,1.609,4.101,-0.148,4.204
114.30,1.554,-1.941,1.607,4.039,-0.149,4.198
114.31,1.565,-1.939,1.608,4.385,-0.147,4.205
114.32,1.392,-1.940,1.600,4.311,-0.148,4.208
114.33,1.519,-1.940,1.598,4.151,-0.147,4.207
114.34,1.505,-1.940,1.596,4.284,-0.148,4.209
114.35,1.621,-1.940,1.597,4.266,-0.147,4.212
114.36,1.444,-1.940,1.594,3.862,-0.147,4.201
114.37,1.678,-1.938,1.598,4.118,-0.147,4.199
114.38,1.349,-1.939,1.590,4.120,-0.148,4.196
114.39,1.574,-1.938,1.591,4.031,-0.148,4.191
114.40,1.704,-1.937,1.595,4.372,-0.148,4.197
114.41,1.784,-1.939,1.600,4.110,-0.148,4.193
114.42,1.664,-1.942,1.600,4.154,-0.147,4.193
114.43,1.724,-1.941,1.605,4.169,-0.147,4.193
114.44,1.726,-1.942,1.608,4.365,-0.147,4.198
114.45,1.436,-1.942,1.603,4.071,-0.147,4.194
114.46,1.608,-1.942,1.604,4.129,-0.148,4.192
114.47,1.441,-1.944,1.598,4.346,-0.148,4.196
114.48,1.628,-1.944,1.599,4.092,-0.148,4.193
114.49,1.717,-1.944,1.603,4.258,-0.148,4.195
114.50,1.569,-1.946,1.600,4.565,-0.148,4.207
114.51,1.596,-1.947,1.600,4.107,-0.149,4.203
114.52,1.542,-1.947,1.598,4.316,-0.149,4.206
114.53,1.601,-1.947,1.599,4.264,-0.148,4.209
114.54,1.346,-1.948,1.591,4.142,-0.147,4.209
114.55,1.665,-1.948,1.593,3.879,-0.147,4.199
114.56,1.650,-1.949,1.595,4.133,-0.147,4.197
114.57,1.483,-1.950,1.591,4.215,-0.146,4.198
114.58,1.583,-1.951,1.590,4.050,-0.146,4.193
114.59,1.710,-1.951,1.594,4.437,-0.145,4.202
114.60,1.804,-1.951,1.602,4.435,-0.144,4.210
114.61,1.457,-1.951,1.597,4.339,-0.143,4.215
114.62,1.636,-1.951,1.599,4.133,-0.142,4.213
114.63,1.561,-1.954,1.596,3.671,-0.144,4.196
114.64,1.704,-1.953,1.600,4.130,-0.144,4.193
114.65,1.571,-1.955,1.598,4.252,-0.145,4.194
114.66,1.653,-1.957,1.598,3.983,-0.145,4.188
114.67,1.355,-1.956,1.592,4.248,-0.146,4.188
114.68,1.516,-1.955,1.591,4.153,-0.147,4.186
114.69,1.750,-1.957,1.594,4.111,-0.147,4.184
114.70,1.639,-1.957,1.596,4.142,-0.148,4.181
114.71,1.588,-1.959,1.594,3.930,-0.150,4.172
114.72,1.571,-1.959,1.594,4.278,-0.148,4.177
114.73,1.369,-1.959,1.588,4.017,-0.147,4.173
114.74,1.491,-1.960,1.584,4.153,-0.148,4.171
114.75,1.400,-1.960,1.579,3.983,-0.149,4.164
114.76,1.435,-1.960,1.574,3.996,-0.149,4.159
114.77,1.730,-1.960,1.580,4.122,-0.148,4.158
114.78,1.466,-1.960,1.576,3.961,-0.149,4.152
114.79,1.619,-1.960,1.579,4.213,-0.147,4.155
114.80,1.459,-1.960,1.575,4.225,-0.147,4.156
114.81,1.372,-1.960,1.568,4.169,-0.148,4.156
114.82,1.815,-1.959,1.578,3.965,-0.148,4.149
114.83,1.639,-1.960,1.579,4.023,-0.149,4.144
114.84,1.475,-1.960,1.576,4.126,-0.150,4.143
114.85,1.376,-1.959,1.570,4.116,-0.148,4.142
114.86,1.221,-1.960,1.559,4.122,-0.149,4.141
114.87,1.640,-1.959,1.563,4.011,-0.148,4.137
114.88,1.676,-1.960,1.565,4.241,-0.149,4.139
114.89,1.485,-1.961,1.562,4.285,-0.151,4.142
114.90,1.855,-1.961,1.572,4.388,-0.152,4.148
114.91,1.413,-1.960,1.567,4.042,-0.151,4.145
114.92,1.407,-1.961,1.562,4.203,-0.151,4.146
114.93,1.559,-1.958,1.565,4.310,-0.151,4.151
114.94,1.728,-1.959,1.570,4.178,-0.151,4.151
114.95,1.693,-1.957,1.575,4.103,-0.153,4.148
114.96,1.581,-1.958,1.574,4.143,-0.151,4.149
114.97,1.460,-1.958,1.571,4.160,-0.153,4.148
114.98,1.692,-1.958,1.575,4.271,-0.153,4.150
114.99,1.580,-1.957,1.576,4.290,-0.153,4.154
115.00,1.543,-1.957,1.576,4.233,-0.154,4.156
115.01,1.528,-1.958,1.574,4.221,-0.154,4.157
115.02,1.655,-1.954,1.579,4.349,-0.156,4.162
115.03,1.381,-1.954,1.574,4.002,-0.157,4.156
115.04,1.626,-1.955,1.575,4.061,-0.157,4.153
115.05,1.575,-1.953,1.577,4.374,-0.157,4.160
115.06,1.587,-1.954,1.576,4.363,-0.156,4.166
115.07,1.573,-1.955,1.575,4.088,-0.156,4.164
115.08,1.627,-1.957,1.575,4.281,-0.155,4.168
115.09,1.831,-1.957,1.583,4.027,-0.155,4.164
115.10,1.597,-1.957,1.584,3.859,-0.156,4.154
115.11,1.617,-1.955,1.587,4.434,-0.156,4.162
115.12,1.448,-1.958,1.580,4.336,-0.155,4.168
115.13,1.269,-1.959,1.570,3.949,-0.156,4.160
115.14,1.572,-1.959,1.570,4.112,-0.157,4.158
115.15,1.535,-1.959,1.569,4.070,-0.157,4.155
115.16,1.577,-1.960,1.569,4.184,-0.158,4.155
115.17,1.579,-1.960,1.569,4.128,-0.157,4.155
115.18,1.958,-1.960,1.581,4.144,-0.158,4.153
115.19,1.563,-1.960,1.580,4.389,-0.157,4.161
115.20,1.565,-1.960,1.580,4.408,-0.157,4.169
115.21,1.452,-1.959,1.578,4.299,-0.156,4.174
115.22,1.579,-1.959,1.578,3.984,-0.156,4.168
115.23,1.442,-1.958,1.575,4.180,-0.156,4.169
115.24,1.531,-1.959,1.572,4.111,-0.156,4.166
115.25,1.357,-1.960,1.566,4.278,-0.156,4.170
115.26,1.801,-1.959,1.574,4.135,-0.156,4.169
115.27,1.629,-1.960,1.575,4.286,-0.156,4.173
115.28,1.834,-1.961,1.582,4.303,-0.156,4.177
115.29,1.397,-1.962,1.575,4.174,-0.156,4.176
115.30,1.467,-1.962,1.572,4.436,-0.155,4.186
115.31,1.607,-1.962,1.573,4.039,-0.154,4.182
115.32,1.572,-1.962,1.574,4.270,-0.154,4.185
115.33,1.644,-1.963,1.575,4.466,-0.156,4.192
115.34,1.642,-1.963,1.577,4.315,-0.155,4.196
115.35,1.429,-1.964,1.572,3.994,-0.155,4.191
115.36,1.485,-1.963,1.570,3.945,-0.155,4.184
115.37,1.541,-1.966,1.567,4.252,-0.155,4.185
115.39,1.406,-1.967,1.561,4.008,-0.154,4.181
115.39,1.662,-1.967,1.564,4.125,-0.154,4.180
115.40,1.695,-1.967,1.568,4.181,-0.151,4.182
115.41,1.562,-1.969,1.566,4.125,-0.152,4.180
115.42,1.774,-1.969,1.572,3.937,-0.151,4.173
115.43,1.538,-1.969,1.572,3.760,-0.151,4.161
115.44,1.138,-1.970,1.557,4.237,-0.151,4.163
115.46,1.500,-1.972,1.554,4.487,-0.152,4.172
115.47,1.671,-1.972,1.558,4.362,-0.152,4.177
115.48,1.645,-1.971,1.562,4.373,-0.153,4.182
115.48,1.410,-1.970,1.557,4.143,-0.154,4.180
115.50,1.686,-1.971,1.561,4.240,-0.154,4.182
115.51,1.459,-1.971,1.558,3.959,-0.156,4.174
115.52,1.371,-1.970,1.553,4.165,-0.155,4.174
115.52,1.755,-1.971,1.559,3.755,-0.154,4.163
115.54,1.624,-1.972,1.560,4.008,-0.154,4.158
115.55,1.710,-1.974,1.563,3.818,-0.153,4.148
115.56,1.652,-1.974,1.565,4.377,-0.154,4.154
115.57,1.462,-1.974,1.562,4.301,-0.154,4.159
115.58,1.791,-1.974,1.569,4.413,-0.153,4.166
115.59,1.451,-1.975,1.565,4.221,-0.152,4.169
115.60,1.550,-1.975,1.565,4.033,-0.152,4.165
115.61,1.400,-1.976,1.559,3.908,-0.153,4.157
115.62,1.638,-1.974,1.564,4.197,-0.152,4.158
115.63,1.633,-1.973,1.567,4.004,-0.152,4.153
115.64,1.565,-1.974,1.566,4.068,-0.153,4.150
115.65,1.630,-1.974,1.567,3.997,-0.154,4.144
115.66,1.500,-1.974,1.566,3.960,-0.154,4.138
115.67,1.501,-1.975,1.563,4.431,-0.154,4.147
115.68,1.537,-1.975,1.562,4.074,-0.153,4.145
115.69,1.567,-1.974,1.563,4.256,-0.153,4.148
115.70,1.641,-1.976,1.564,4.374,-0.153,4.154
115.71,1.666,-1.976,1.567,3.989,-0.153,4.149
115.72,1.556,-1.977,1.566,4.068,-0.153,4.146
115.73,1.396,-1.978,1.560,4.295,-0.153,4.151
115.74,1.582,-1.979,1.560,4.179,-0.154,4.151
115.75,1.297,-1.980,1.551,4.107,-0.155,4.148
115.76,1.795,-1.980,1.558,4.230,-0.154,4.151
115.77,1.533,-1.981,1.557,4.485,-0.155,4.160
115.78,1.443,-1.983,1.552,4.276,-0.155,4.164
115.79,1.640,-1.982,1.556,4.446,-0.154,4.173
115.80,1.533,-1.984,1.553,4.090,-0.155,4.170
115.81,1.827,-1.985,1.561,4.077,-0.155,4.168
115.82,1.489,-1.987,1.557,3.886,-0.156,4.158
115.83,1.310,-1.988,1.548,4.221,-0.156,4.159
115.84,1.504,-1.988,1.547,4.247,-0.157,4.162
115.85,1.730,-1.986,1.554,4.266,-0.157,4.165
115.86,1.334,-1.986,1.548,4.424,-0.159,4.171
115.87,1.440,-1.988,1.543,4.118,-0.158,4.169
115.88,1.486,-1.990,1.540,4.287,-0.157,4.174
115.89,1.466,-1.989,1.538,4.094,-0.156,4.173
115.90,1.429,-1.989,1.535,4.113,-0.156,4.172
115.91,1.462,-1.990,1.531,4.165,-0.155,4.172
115.92,1.540,-1.990,1.532,4.385,-0.155,4.178
115.93,1.574,-1.990,1.533,4.202,-0.155,4.179
115.94,1.644,-1.991,1.535,4.187,-0.155,4.180
115.95,1.634,-1.991,1.538,4.119,-0.156,4.177
115.96,1.590,-1.992,1.539,4.386,-0.157,4.182
115.97,1.806,-1.992,1.548,4.019,-0.157,4.178
115.98,1.571,-1.990,1.550,3.964,-0.156,4.172
115.99,1.573,-1.990,1.551,4.029,-0.156,4.168
116.00,1.623,-1.987,1.556,4.089,-0.155,4.166
116.01,1.622,-1.986,1.559,4.112,-0.154,4.165
116.02,1.762,-1.986,1.566,4.077,-0.154,4.163
116.03,1.575,-1.988,1.564,4.507,-0.154,4.174
116.04,1.308,-1.990,1.555,4.407,-0.154,4.181
116.05,1.461,-1.990,1.552,4.406,-0.154,4.188
116.06,1.597,-1.989,1.554,4.244,-0.155,4.189
116.07,1.656,-1.988,1.559,4.386,-0.155,4.195
116.08,1.474,-1.987,1.557,4.133,-0.155,4.193
116.09,1.605,-1.987,1.559,4.410,-0.154,4.201
116.10,1.570,-1.988,1.559,4.154,-0.154,4.200
116.11,1.243,-1.989,1.548,4.212,-0.154,4.201
116.12,1.405,-1.990,1.543,4.109,-0.153,4.199
116.13,1.653,-1.990,1.546,4.042,-0.152,4.195
116.14,1.378,-1.990,1.542,4.018,-0.152,4.190
116.15,1.535,-1.991,1.540,4.096,-0.152,4.187
116.16,1.769,-1.992,1.546,3.795,-0.153,4.174
116.17,1.470,-1.992,1.544,4.231,-0.153,4.176
116.18,1.472,-1.992,1.542,4.252,-0.152,4.179
116.19,1.699,-1.993,1.546,3.927,-0.153,4.171
116.20,1.427,-1.991,1.544,4.151,-0.153,4.170
116.21,1.556,-1.990,1.546,4.280,-0.155,4.172
116.22,1.808,-1.991,1.553,4.233,-0.154,4.174
116.23,1.508,-1.991,1.551,4.156,-0.153,4.175
116.24,1.589,-1.993,1.551,4.240,-0.153,4.177
116.25,1.468,-1.993,1.548,4.306,-0.155,4.179
116.26,1.734,-1.995,1.553,4.325,-0.154,4.185
116.27,1.848,-1.995,1.562,4.295,-0.154,4.188
116.28,1.575,-1.993,1.564,4.134,-0.153,4.187
116.29,1.515,-1.993,1.563,4.374,-0.152,4.194
116.30,1.481,-1.994,1.560,4.126,-0.152,4.192
116.31,1.690,-1.995,1.563,4.179,-0.152,4.192
116.32,1.446,-1.993,1.561,4.153,-0.152,4.191
116.33,1.238,-1.993,1.551,3.871,-0.150,4.183
116.34,1.275,-1.993,1.544,4.141,-0.150,4.182
116.35,1.576,-1.993,1.545,4.096,-0.150,4.179
116.36,1.646,-1.993,1.548,4.485,-0.150,4.189
116.37,1.556,-1.992,1.549,4.398,-0.150,4.195
116.38,1.647,-1.991,1.553,4.102,-0.150,4.192
116.39,1.551,-1.993,1.552,4.122,-0.152,4.189
116.40,1.656,-1.994,1.554,4.110,-0.151,4.187
116.41,1.794,-1.993,1.562,4.178,-0.151,4.188
116.42,1.737,-1.995,1.566,4.051,-0.153,4.182
116.43,1.631,-1.995,1.568,4.319,-0.152,4.186
116.44,1.457,-1.995,1.564,3.952,-0.152,4.179
116.45,1.480,-1.995,1.563,4.329,-0.155,4.181
116.46,1.547,-1.994,1.563,4.136,-0.156,4.179
116.47,1.602,-1.995,1.563,4.268,-0.158,4.180
116.48,1.706,-1.998,1.566,4.146,-0.156,4.180
116.49,1.458,-1.995,1.565,4.293,-0.156,4.184
116.50,1.391,-1.996,1.559,4.161,-0.157,4.182
116.51,1.567,-1.995,1.560,4.215,-0.157,4.184
116.52,1.417,-1.997,1.554,4.245,-0.158,4.184
116.53,1.721,-1.998,1.559,3.978,-0.158,4.178
116.54,1.651,-2.001,1.559,4.170,-0.158,4.178
116.55,1.617,-2.001,1.561,4.205,-0.158,4.179
116.56,1.432,-2.001,1.558,4.457,-0.159,4.187
116.57,1.709,-2.003,1.560,3.866,-0.159,4.177
116.58,1.334,-2.004,1.552,4.134,-0.159,4.175
116.59,1.618,-2.003,1.555,3.968,-0.160,4.169
116.60,1.377,-2.004,1.549,4.049,-0.160,4.165
116.61,1.623,-2.006,1.550,4.474,-0.159,4.176
116.62,1.616,-2.006,1.552,4.204,-0.158,4.178
116.63,1.688,-2.009,1.554,4.236,-0.159,4.178
116.64,1.478,-2.008,1.552,4.338,-0.158,4.184
116.65,1.771,-2.008,1.559,4.206,-0.158,4.184
116.66,1.585,-2.007,1.561,4.121,-0.156,4.185
116.67,1.549,-2.009,1.559,4.161,-0.155,4.186
116.68,1.425,-2.009,1.556,4.090,-0.155,4.182
116.69,1.504,-2.007,1.557,4.272,-0.156,4.185
116.70,1.578,-2.007,1.557,4.004,-0.155,4.180
116.71,1.607,-2.008,1.558,3.629,-0.155,4.163
116.72,1.411,-2.009,1.553,4.281,-0.155,4.166
116.73,1.467,-2.008,1.551,4.507,-0.154,4.178
116.74,1.709,-2.007,1.557,4.066,-0.153,4.175
116.75,1.236,-2.009,1.546,4.273,-0.153,4.179
116.76,1.737,-2.008,1.552,4.402,-0.154,4.184
116.77,1.890,-2.011,1.561,4.139,-0.152,4.185
116.78,1.509,-2.011,1.559,3.957,-0.151,4.179
116.79,1.574,-2.010,1.561,3.873,-0.151,4.170
116.80,1.555,-2.008,1.563,4.067,-0.150,4.167
116.81,1.419,-2.009,1.558,4.087,-0.151,4.164
116.82,1.875,-2.012,1.565,4.136,-0.151,4.162
116.83,1.786,-2.010,1.573,4.292,-0.151,4.166
116.85,1.577,-2.009,1.575,4.164,-0.150,4.168
116.85,1.735,-2.007,1.583,4.110,-0.152,4.164
116.86,1.682,-2.006,1.587,4.365,-0.150,4.172
116.87,1.565,-2.006,1.587,4.132,-0.150,4.170
116.89,1.540,-2.007,1.585,4.153,-0.147,4.172
116.89,1.538,-2.011,1.580,4.308,-0.146,4.177
116.90,1.900,-2.011,1.590,4.170,-0.144,4.179
116.92,1.659,-2.012,1.592,4.131,-0.145,4.176
116.93,1.473,-2.012,1.588,3.871,-0.145,4.167
116.93,1.707,-2.013,1.592,3.930,-0.144,4.161
116.94,1.763,-2.013,1.598,4.247,-0.143,4.164
116.95,1.931,-2.014,1.608,3.992,-0.144,4.157
116.97,1.447,-2.016,1.601,4.362,-0.144,4.164
116.98,1.535,-2.014,1.602,4.338,-0.144,4.168
116.99,1.663,-2.015,1.603,4.210,-0.145,4.169
117.00,1.498,-2.014,1.602,4.229,-0.146,4.170
117.01,1.809,-2.015,1.608,4.229,-0.145,4.172
117.02,1.546,-2.016,1.606,4.253,-0.145,4.175
117.03,1.683,-2.016,1.608,4.021,-0.145,4.169
117.04,1.544,-2.018,1.606,4.429,-0.144,4.178
117.05,1.673,-2.019,1.607,4.055,-0.144,4.174
117.06,1.352,-2.021,1.599,3.936,-0.143,4.168
117.07,1.467,-2.022,1.594,3.843,-0.141,4.160
117.08,1.591,-2.022,1.594,4.135,-0.142,4.158
117.09,1.660,-2.023,1.596,4.153,-0.143,4.157
117.10,1.806,-2.023,1.603,4.609,-0.142,4.171
117.11,1.529,-2.025,1.600,4.221,-0.142,4.173
117.12,1.730,-2.025,1.604,4.228,-0.142,4.174
117.13,1.516,-2.025,1.602,4.278,-0.143,4.177
117.14,1.523,-2.026,1.599,4.028,-0.144,4.171
117.15,1.454,-2.027,1.595,4.528,-0.144,4.182
117.16,1.729,-2.027,1.599,4.215,-0.144,4.183
117.17,1.665,-2.027,1.602,4.057,-0.143,4.180
117.18,1.714,-2.028,1.606,4.096,-0.144,4.176
117.19,2.002,-2.028,1.618,4.378,-0.145,4.182
117.20,1.255,-2.028,1.608,3.962,-0.144,4.175
117.21,1.699,-2.028,1.611,4.176,-0.144,4.175
117.22,1.675,-2.029,1.612,3.818,-0.143,4.165
117.23,1.598,-2.030,1.612,4.138,-0.143,4.165
117.24,1.372,-2.030,1.605,4.120,-0.143,4.163
117.25,1.449,-2.030,1.601,4.245,-0.142,4.166
117.26,1.555,-2.031,1.599,4.165,-0.142,4.166
117.27,1.378,-2.034,1.591,4.192,-0.142,4.167
117.28,1.617,-2.034,1.592,4.446,-0.142,4.175
117.29,1.714,-2.034,1.596,4.356,-0.143,4.179
117.30,1.573,-2.033,1.597,4.171,-0.142,4.180
117.31,1.583,-2.032,1.598,3.968,-0.143,4.173
117.32,1.534,-2.034,1.595,4.017,-0.146,4.165
117.33,1.245,-2.034,1.585,4.270,-0.146,4.168
117.34,1.590,-2.036,1.584,4.084,-0.146,4.165
117.35,1.473,-2.035,1.581,4.036,-0.145,4.162
117.36,1.838,-2.034,1.591,3.998,-0.146,4.156
117.37,1.639,-2.035,1.592,4.017,-0.146,4.152
117.38,1.665,-2.038,1.592,4.157,-0.146,4.151
117.39,1.756,-2.037,1.598,4.125,-0.147,4.150
117.40,1.548,-2.035,1.599,4.050,-0.146,4.147
117.41,1.588,-2.037,1.597,4.244,-0.146,4.150
117.42,1.564,-2.037,1.597,4.091,-0.144,4.150
117.43,1.399,-2.037,1.591,4.130,-0.143,4.150
117.44,1.282,-2.037,1.582,4.293,-0.143,4.154
117.45,1.351,-2.039,1.573,4.367,-0.143,4.161
117.46,1.668,-2.037,1.578,4.261,-0.141,4.165
117.47,1.516,-2.039,1.575,4.306,-0.140,4.170
117.48,1.394,-2.039,1.570,4.160,-0.139,4.171
117.49,1.600,-2.040,1.570,4.024,-0.138,4.167
117.50,1.434,-2.042,1.565,3.883,-0.138,4.158
117.51,1.664,-2.044,1.566,4.165,-0.138,4.158
117.52,1.763,-2.042,1.574,4.093,-0.137,4.157
117.53,1.351,-2.043,1.567,4.235,-0.136,4.159
117.54,1.429,-2.041,1.565,4.247,-0.136,4.162
117.55,1.248,-2.043,1.554,4.435,-0.136,4.171
117.56,1.550,-2.044,1.552,3.926,-0.136,4.163
117.57,1.541,-2.044,1.552,4.277,-0.136,4.166
117.58,1.625,-2.045,1.554,4.228,-0.136,4.168
117.59,1.941,-2.046,1.565,4.441,-0.137,4.176
117.60,1.264,-2.045,1.556,4.174,-0.136,4.176
117.61,1.783,-2.046,1.562,4.067,-0.136,4.173
117.62,1.380,-2.046,1.557,4.281,-0.134,4.177
117.63,1.601,-2.046,1.559,4.170,-0.133,4.179
117.64,1.604,-2.044,1.562,4.203,-0.133,4.179
117.65,1.454,-2.045,1.559,4.538,-0.132,4.191
117.66,1.551,-2.047,1.557,3.904,-0.132,4.182
117.67,1.721,-2.046,1.562,4.145,-0.133,4.180
117.68,1.676,-2.048,1.564,4.375,-0.133,4.186
117.69,1.495,-2.048,1.562,4.106,-0.133,4.184
117.70,1.593,-2.048,1.564,4.258,-0.134,4.185
117.71,1.541,-2.048,1.563,4.059,-0.133,4.183
117.72,1.685,-2.049,1.567,4.119,-0.133,4.180
117.73,1.633,-2.050,1.568,4.328,-0.133,4.184
117.74,1.631,-2.051,1.569,4.425,-0.133,4.192
117.75,1.645,-2.050,1.573,4.340,-0.132,4.197
117.76,1.534,-2.051,1.571,4.234,-0.132,4.199
117.77,1.802,-2.052,1.577,4.321,-0.132,4.203
117.78,1.496,-2.053,1.574,4.124,-0.132,4.201
117.79,1.423,-2.053,1.570,4.312,-0.131,4.205
117.80,1.562,-2.055,1.569,4.077,-0.131,4.201
117.81,1.743,-2.054,1.575,4.198,-0.130,4.202
117.82,1.856,-2.053,1.585,4.465,-0.129,4.211
117.83,1.418,-2.052,1.581,4.278,-0.130,4.213
117.84,1.332,-2.054,1.572,4.268,-0.130,4.214
117.85,1.736,-2.053,1.578,4.039,-0.130,4.209
117.86,1.639,-2.054,1.580,4.131,-0.130,4.208
117.87,1.560,-2.055,1.579,3.923,-0.130,4.199
117.88,1.509,-2.055,1.576,4.237,-0.130,4.200
117.89,1.392,-2.059,1.568,4.238,-0.130,4.201
117.90,1.595,-2.058,1.569,4.106,-0.129,4.199
117.91,1.240,-2.057,1.561,4.211,-0.130,4.199
117.92,1.692,-2.058,1.564,4.415,-0.131,4.205
117.93,1.657,-2.058,1.567,4.063,-0.130,4.201
117.94,1.343,-2.059,1.560,4.275,-0.130,4.204
117.95,1.506,-2.060,1.558,4.371,-0.129,4.210
117.96,1.535,-2.059,1.558,4.120,-0.130,4.207
117.97,1.465,-2.060,1.554,3.998,-0.130,4.200
117.98,1.475,-2.062,1.550,4.023,-0.129,4.196
117.99,1.454,-2.062,1.548,4.197,-0.129,4.196
118.00,1.488,-2.063,1.545,4.387,-0.128,4.203
118.01,1.481,-2.063,1.543,4.067,-0.127,4.199
118.02,1.742,-2.064,1.548,4.219,-0.128,4.199
118.03,1.510,-2.063,1.548,4.250,-0.129,4.200
118.04,1.574,-2.065,1.547,4.442,-0.127,4.209
118.05,1.714,-2.066,1.551,4.019,-0.127,4.204
118.06,1.803,-2.068,1.557,4.323,-0.128,4.207
118.07,1.772,-2.069,1.563,4.184,-0.126,4.208
118.08,1.808,-2.069,1.571,3.839,-0.126,4.196
118.09,1.592,-2.069,1.572,4.390,-0.126,4.202
118.10,1.513,-2.070,1.570,4.044,-0.126,4.197
118.11,1.758,-2.071,1.575,4.216,-0.127,4.197
118.12,1.349,-2.072,1.568,4.141,-0.127,4.196
118.13,1.451,-2.071,1.565,4.047,-0.126,4.192
118.14,1.590,-2.074,1.564,3.744,-0.125,4.179
118.15,1.835,-2.075,1.571,4.267,-0.125,4.182
118.16,1.539,-2.077,1.569,4.405,-0.125,4.188
118.17,1.458,-2.075,1.567,4.131,-0.126,4.186
118.18,1.462,-2.075,1.565,4.352,-0.127,4.190
118.19,1.707,-2.076,1.569,3.892,-0.129,4.178
118.20,1.603,-2.075,1.571,4.141,-0.129,4.177
118.21,1.451,-2.074,1.569,4.266,-0.129,4.180
118.22,1.425,-2.076,1.563,4.356,-0.128,4.186
118.24,1.824,-2.076,1.571,4.264,-0.126,4.191
118.24,1.162,-2.075,1.560,4.139,-0.127,4.187
118.26,1.490,-2.075,1.558,4.140,-0.127,4.186
118.26,1.402,-2.078,1.551,4.048,-0.127,4.182
118.27,1.411,-2.077,1.547,3.929,-0.126,4.175
118.28,1.383,-2.079,1.541,4.271,-0.126,4.177
118.30,1.654,-2.077,1.546,4.379,-0.126,4.184
118.30,1.376,-2.078,1.541,4.186,-0.125,4.185
118.31,1.375,-2.079,1.535,4.050,-0.125,4.180
118.32,1.611,-2.078,1.538,4.181,-0.123,4.182
118.33,1.705,-2.079,1.542,4.227,-0.122,4.184
118.34,1.574,-2.079,1.544,4.450,-0.122,4.192
118.35,1.505,-2.079,1.542,4.132,-0.121,4.191
118.37,1.366,-2.081,1.535,4.066,-0.122,4.187
118.38,1.519,-2.081,1.535,4.311,-0.121,4.191
118.39,1.667,-2.083,1.537,4.186,-0.122,4.190
118.39,1.707,-2.085,1.540,4.344,-0.122,4.195
118.41,1.371,-2.086,1.534,4.383,-0.120,4.202
118.42,1.509,-2.086,1.534,4.188,-0.121,4.201
118.43,1.408,-2.087,1.529,4.390,-0.122,4.206
118.43,1.609,-2.086,1.532,4.079,-0.122,4.202
118.44,1.674,-2.086,1.537,4.131,-0.121,4.201
118.45,1.728,-2.086,1.543,4.103,-0.120,4.199
118.47,1.349,-2.083,1.540,3.854,-0.120,4.188
118.47,1.615,-2.084,1.542,4.109,-0.120,4.186
118.48,1.506,-2.084,1.541,4.145,-0.119,4.185
118.50,1.688,-2.083,1.546,4.391,-0.118,4.192
118.51,1.644,-2.083,1.549,4.068,-0.118,4.189
118.52,1.627,-2.081,1.554,4.208,-0.118,4.189
118.53,1.595,-2.083,1.554,4.203,-0.118,4.190
118.54,1.696,-2.083,1.558,4.375,-0.117,4.196
118.55,1.521,-2.084,1.557,4.118,-0.120,4.191
118.56,1.597,-2.085,1.557,4.160,-0.120,4.190
118.57,1.651,-2.086,1.559,4.181,-0.121,4.188
118.58,1.784,-2.086,1.567,4.277,-0.120,4.192
118.59,1.516,-2.086,1.565,4.085,-0.120,4.189
118.60,1.741,-2.087,1.570,4.194,-0.119,4.189
118.61,1.510,-2.089,1.567,4.239,-0.119,4.191
118.62,1.568,-2.088,1.568,4.125,-0.118,4.190
118.63,1.480,-2.088,1.566,4.056,-0.117,4.186
118.64,1.598,-2.088,1.567,4.019,-0.117,4.181
118.65,1.550,-2.089,1.566,4.144,-0.117,4.180
118.66,1.744,-2.087,1.574,4.456,-0.118,4.188
118.67,1.573,-2.088,1.574,4.162,-0.117,4.187
118.68,1.795,-2.088,1.581,3.978,-0.115,4.182
118.69,1.903,-2.087,1.592,4.346,-0.115,4.187
118.70,1.673,-2.088,1.594,4.031,-0.116,4.182
118.71,1.626,-2.092,1.592,4.027,-0.115,4.178
118.72,1.433,-2.093,1.587,4.534,-0.114,4.190
118.73,1.462,-2.092,1.585,4.166,-0.114,4.188
118.74,1.700,-2.092,1.588,4.085,-0.115,4.184
118.75,1.408,-2.091,1.585,4.350,-0.114,4.190
118.76,1.551,-2.091,1.584,4.032,-0.114,4.185
118.77,1.541,-2.091,1.584,4.239,-0.114,4.187
118.78,1.564,-2.090,1.584,4.175,-0.114,4.186
118.79,1.653,-2.088,1.589,4.135,-0.113,4.185
118.80,1.651,-2.090,1.590,3.869,-0.112,4.176
118.81,1.344,-2.090,1.583,4.194,-0.112,4.177
118.82,1.238,-2.090,1.573,4.155,-0.112,4.176
118.83,1.575,-2.090,1.573,4.395,-0.113,4.181
118.84,1.707,-2.091,1.576,4.389,-0.114,4.187
118.85,1.675,-2.090,1.581,3.819,-0.115,4.174
118.86,1.478,-2.091,1.578,4.217,-0.117,4.173
118.87,1.594,-2.093,1.576,4.144,-0.118,4.171
118.88,1.683,-2.093,1.580,4.103,-0.119,4.168
118.89,1.851,-2.095,1.587,4.233,-0.118,4.170
118.90,1.400,-2.096,1.581,4.272,-0.120,4.172
118.91,1.577,-2.095,1.582,4.148,-0.120,4.171
118.92,1.466,-2.096,1.578,4.223,-0.121,4.171
118.93,1.787,-2.096,1.585,4.221,-0.121,4.172
118.94,1.620,-2.096,1.586,4.120,-0.121,4.171
118.95,1.675,-2.099,1.587,4.304,-0.121,4.175
118.96,1.461,-2.102,1.581,4.105,-0.120,4.174
118.97,1.718,-2.103,1.584,3.949,-0.120,4.166
118.98,1.642,-2.103,1.586,4.029,-0.120,4.161
118.99,1.600,-2.103,1.588,3.850,-0.120,4.152
119.00,1.754,-2.103,1.593,4.250,-0.119,4.155
119.01,1.362,-2.105,1.585,3.930,-0.119,4.148
119.02,1.448,-2.101,1.585,4.037,-0.118,4.145
119.03,1.733,-2.103,1.589,3.913,-0.116,4.139
119.04,1.424,-2.104,1.583,4.211,-0.116,4.141
119.05,1.532,-2.106,1.580,4.062,-0.117,4.138
119.06,1.786,-2.106,1.587,4.268,-0.116,4.141
119.07,1.642,-2.106,1.589,4.440,-0.116,4.150
119.08,1.617,-2.108,1.588,4.112,-0.115,4.150
119.09,1.856,-2.109,1.596,4.081,-0.117,4.145
119.10,1.262,-2.108,1.588,4.143,-0.118,4.143
119.11,1.604,-2.106,1.590,4.298,-0.117,4.149
119.12,1.664,-2.106,1.593,4.118,-0.117,4.147
119.13,1.754,-2.106,1.599,4.290,-0.119,4.150
119.14,1.523,-2.106,1.597,4.434,-0.119,4.158
119.15,1.726,-2.109,1.599,4.048,-0.120,4.154
119.16,1.506,-2.108,1.598,4.410,-0.120,4.161
119.17,1.800,-2.110,1.602,4.082,-0.121,4.157
119.18,1.425,-2.111,1.597,4.011,-0.121,4.153
119.19,1.763,-2.111,1.602,4.178,-0.121,4.153
119.20,1.556,-2.111,1.602,4.059,-0.121,4.150
119.21,1.453,-2.111,1.598,4.183,-0.121,4.150
119.22,1.489,-2.112,1.594,4.357,-0.122,4.156
119.23,1.471,-2.112,1.592,4.316,-0.121,4.162
119.24,1.623,-2.111,1.594,4.128,-0.121,4.161
119.25,1.786,-2.111,1.600,3.992,-0.120,4.156
119.26,1.797,-2.112,1.606,4.125,-0.119,4.156
119.27,1.589,-2.112,1.606,4.232,-0.118,4.159
119.28,1.747,-2.113,1.610,4.282,-0.118,4.162
119.29,1.336,-2.115,1.601,3.835,-0.117,4.153
119.30,1.445,-2.116,1.596,4.031,-0.116,4.150
119.31,1.682,-2.115,1.600,4.077,-0.117,4.147
119.32,1.451,-2.114,1.596,4.139,-0.117,4.146
119.33,1.540,-2.115,1.594,4.176,-0.118,4.145
119.34,1.533,-2.116,1.592,4.217,-0.117,4.149
119.35,1.585,-2.118,1.591,4.239,-0.117,4.151
119.36,1.287,-2.119,1.581,4.313,-0.118,4.154
119.37,1.576,-2.119,1.581,4.329,-0.119,4.158
119.38,1.658,-2.119,1.584,4.129,-0.120,4.156
119.39,1.761,-2.119,1.590,3.991,-0.118,4.153
119.40,1.606,-2.120,1.590,4.421,-0.119,4.160
119.41,1.568,-2.120,1.590,4.124,-0.119,4.158
119.42,1.889,-2.122,1.597,4.133,-0.120,4.157
119.43,1.404,-2.121,1.593,4.244,-0.120,4.160
119.44,1.505,-2.122,1.590,3.959,-0.120,4.153
119.45,1.459,-2.121,1.588,3.873,-0.120,4.144
119.46,1.378,-2.121,1.581,3.976,-0.121,4.137
119.47,1.706,-2.121,1.586,4.075,-0.121,4.135
119.48,1.590,-2.124,1.584,4.059,-0.121,4.133
119.49,1.463,-2.124,1.580,3.799,-0.119,4.124
119.50,1.817,-2.122,1.590,4.356,-0.120,4.130
119.51,1.596,-2.122,1.591,4.326,-0.119,4.137
119.52,1.537,-2.122,1.589,4.404,-0.119,4.144
119.53,1.407,-2.123,1.583,4.153,-0.120,4.143
119.54,1.374,-2.124,1.576,4.229,-0.120,4.145
119.55,1.521,-2.124,1.575,4.008,-0.119,4.142
119.56,1.445,-2.124,1.571,4.105,-0.119,4.141
119.57,1.599,-2.124,1.573,4.115,-0.118,4.140
119.58,1.402,-2.122,1.569,4.243,-0.118,4.143
119.59,1.404,-2.122,1.565,4.448,-0.117,4.153
119.60,1.836,-2.124,1.572,4.103,-0.116,4.152
119.61,1.484,-2.123,1.570,4.089,-0.116,4.150
119.62,1.570,-2.124,1.569,4.359,-0.115,4.157
119.63,1.349,-2.125,1.561,4.167,-0.115,4.158
119.64,1.644,-2.125,1.564,4.021,-0.117,4.151
119.65,1.797,-2.125,1.572,4.309,-0.117,4.156
119.66,1.684,-2.126,1.574,4.370,-0.116,4.163
119.67,1.391,-2.128,1.567,4.012,-0.116,4.158
119.68,1.652,-2.129,1.569,3.796,-0.115,4.148
119.69,1.573,-2.128,1.570,4.196,-0.116,4.149
119.70,1.360,-2.127,1.565,3.900,-0.116,4.140
119.71,1.700,-2.127,1.570,4.336,-0.116,4.146
119.73,1.585,-2.127,1.571,4.194,-0.116,4.147
119.74,1.296,-2.127,1.563,4.005,-0.117,4.142
119.75,1.494,-2.127,1.560,4.309,-0.119,4.145
119.76,1.557,-2.127,1.561,4.097,-0.120,4.142
119.76,1.545,-2.126,1.561,4.250,-0.119,4.146
119.77,1.599,-2.126,1.562,4.175,-0.119,4.147
119.79,1.800,-2.128,1.568,4.458,-0.119,4.156
119.80,1.418,-2.127,1.565,4.183,-0.119,4.157
119.80,1.696,-2.128,1.567,4.229,-0.119,4.159
119.81,1.457,-2.127,1.566,4.313,-0.119,4.163
119.83,1.512,-2.127,1.564,4.001,-0.118,4.159
119.84,1.455,-2.130,1.558,4.164,-0.119,4.159
119.85,1.558,-2.131,1.558,4.114,-0.120,4.157
119.86,1.451,-2.131,1.554,4.241,-0.120,4.159
119.87,1.587,-2.129,1.557,4.125,-0.120,4.158
119.88,1.626,-2.129,1.560,4.230,-0.120,4.159
119.89,1.489,-2.129,1.558,4.225,-0.121,4.161
119.90,1.419,-2.131,1.552,4.099,-0.121,4.159
119.91,1.830,-2.132,1.559,4.278,-0.121,4.163
119.92,1.317,-2.131,1.553,3.793,-0.122,4.150
119.93,1.383,-2.131,1.547,4.257,-0.121,4.154
119.94,1.792,-2.130,1.556,4.320,-0.123,4.157
119.95,1.667,-2.131,1.559,4.270,-0.123,4.160
119.96,1.556,-2.131,1.559,4.235,-0.121,4.165
119.97,1.535,-2.133,1.557,3.922,-0.121,4.158
119.98,1.390,-2.132,1.553,3.825,-0.121,4.147
119.99,1.747,-2.130,1.560,3.812,-0.122,4.136
120.00,1.453,-2.133,1.554,3.906,-0.121,4.129
120.01,1.368,-2.135,1.547,4.156,-0.120,4.131
120.02,1.645,-2.135,1.550,4.250,-0.120,4.134
120.03,1.479,-2.136,1.547,3.995,-0.119,4.130
120.04,1.467,-2.135,1.545,4.303,-0.118,4.136
120.05,1.450,-2.135,1.543,4.136,-0.118,4.136
120.06,1.574,-2.137,1.542,4.299,-0.120,4.139
120.07,1.420,-2.138,1.537,4.440,-0.120,4.148
120.08,1.489,-2.139,1.535,4.096,-0.122,4.145
120.09,1.490,-2.140,1.533,4.082,-0.121,4.144
120.10,1.571,-2.139,1.534,3.807,-0.121,4.133
120.11,1.545,-2.140,1.534,4.070,-0.122,4.129
120.12,1.553,-2.140,1.535,4.520,-0.122,4.141
120.13,1.611,-2.140,1.536,4.669,-0.121,4.158
120.14,1.392,-2.140,1.533,4.129,-0.123,4.155
120.15,1.712,-2.139,1.539,4.198,-0.124,4.156
120.16,1.392,-2.139,1.534,4.094,-0.125,4.153
120.17,1.460,-2.142,1.530,4.649,-0.125,4.168
120.18,1.520,-2.141,1.530,4.232,-0.125,4.170
120.19,1.751,-2.141,1.537,4.232,-0.124,4.173
120.20,1.556,-2.143,1.535,4.059,-0.124,4.170
120.21,1.306,-2.144,1.527,4.065,-0.122,4.169
120.22,1.650,-2.144,1.531,4.086,-0.121,4.167
120.23,1.695,-2.145,1.535,4.170,-0.120,4.168
120.24,1.526,-2.145,1.535,4.290,-0.120,4.172
120.25,1.518,-2.147,1.532,4.101,-0.119,4.171
120.26,1.741,-2.149,1.537,4.126,-0.119,4.170
120.27,1.473,-2.151,1.534,4.322,-0.119,4.174
120.28,1.428,-2.151,1.530,4.001,-0.119,4.169
120.29,1.620,-2.150,1.534,4.291,-0.119,4.173
120.30,1.392,-2.151,1.529,4.213,-0.120,4.173
120.31,1.782,-2.152,1.535,4.055,-0.121,4.169
120.32,1.794,-2.151,1.545,4.312,-0.120,4.174
120.33,1.651,-2.149,1.550,4.246,-0.120,4.177
120.34,1.702,-2.148,1.556,4.065,-0.120,4.173
120.35,1.711,-2.148,1.561,4.156,-0.119,4.173
120.36,1.675,-2.150,1.563,4.070,-0.121,4.169
120.37,1.580,-2.151,1.563,4.298,-0.121,4.173
120.38,1.637,-2.150,1.566,4.195,-0.121,4.173
120.39,1.847,-2.151,1.574,4.077,-0.120,4.171
120.40,1.534,-2.151,1.574,4.054,-0.119,4.169
120.41,1.601,-2.150,1.575,4.306,-0.118,4.174
120.42,1.716,-2.151,1.580,4.134,-0.119,4.173
120.43,1.574,-2.152,1.579,3.997,-0.118,4.168
120.44,1.569,-2.151,1.580,4.381,-0.117,4.175
120.45,1.589,-2.151,1.581,4.164,-0.117,4.175
120.46,1.595,-2.150,1.582,4.250,-0.117,4.177
120.47,1.417,-2.151,1.577,4.205,-0.116,4.179
120.48,1.478,-2.153,1.573,4.144,-0.116,4.178
120.49,1.387,-2.153,1.567,4.233,-0.116,4.180
120.50,1.455,-2.152,1.565,4.167,-0.116,4.180
120.51,1.438,-2.153,1.561,4.228,-0.116,4.182
120.52,1.549,-2.153,1.561,3.876,-0.116,4.173
120.53,1.450,-2.154,1.556,3.994,-0.117,4.166
120.54,1.521,-2.154,1.556,4.083,-0.117,4.163
120.55,1.755,-2.154,1.562,4.158,-0.118,4.163
120.56,1.641,-2.155,1.564,4.137,-0.119,4.161
120.57,1.853,-2.154,1.574,4.265,-0.119,4.163
120.58,1.525,-2.155,1.572,4.368,-0.120,4.169
120.59,1.534,-2.154,1.572,4.028,-0.121,4.164
120.60,1.567,-2.156,1.571,4.282,-0.122,4.166
120.61,1.822,-2.155,1.580,4.334,-0.122,4.171
120.62,1.647,-2.155,1.582,4.365,-0.123,4.177
120.63,1.481,-2.156,1.579,4.018,-0.123,4.172
120.64,1.725,-2.156,1.584,4.239,-0.123,4.174
120.65,1.498,-2.156,1.582,4.147,-0.124,4.173
120.66,1.491,-2.157,1.579,4.276,-0.125,4.175
120.67,1.653,-2.157,1.581,4.345,-0.125,4.180
120.68,1.401,-2.157,1.576,4.162,-0.124,4.181
120.69,1.721,-2.155,1.583,4.254,-0.125,4.182
120.70,1.446,-2.155,1.579,3.915,-0.125,4.174
120.71,1.513,-2.155,1.577,3.751,-0.127,4.159
120.72,1.296,-2.158,1.566,3.897,-0.127,4.151
120.73,1.463,-2.160,1.561,4.135,-0.126,4.152
120.74,1.662,-2.162,1.563,4.088,-0.127,4.149
120.75,1.715,-2.161,1.569,4.253,-0.125,4.153
120.76,1.508,-2.161,1.567,4.123,-0.125,4.153
120.77,1.446,-2.162,1.563,4.153,-0.125,4.152
120.78,1.381,-2.163,1.557,4.190,-0.125,4.154
120.79,1.502,-2.162,1.557,4.168,-0.126,4.153
120.80,1.661,-2.161,1.560,4.220,-0.125,4.156
120.81,1.629,-2.161,1.563,4.213,-0.124,4.159
120.82,1.693,-2.159,1.570,3.860,-0.123,4.151
120.83,1.529,-2.158,1.569,4.056,-0.122,4.148
120.84,1.659,-2.158,1.573,4.200,-0.124,4.148
120.85,1.595,-2.158,1.573,3.948,-0.124,4.142
120.86,1.666,-2.156,1.579,4.403,-0.125,4.149
120.87,1.366,-2.155,1.574,4.259,-0.126,4.151
120.88,1.518,-2.156,1.571,4.086,-0.126,4.149
120.89,1.686,-2.156,1.575,4.013,-0.126,4.145
120.90,1.743,-2.155,1.582,4.262,-0.124,4.150
120.91,1.644,-2.155,1.583,4.311,-0.123,4.155
120.92,1.556,-2.156,1.583,4.136,-0.124,4.155
120.93,1.720,-2.154,1.588,4.160,-0.123,4.155
120.94,1.804,-2.156,1.594,3.781,-0.123,4.143
120.95,1.661,-2.157,1.596,4.063,-0.123,4.141
120.96,1.524,-2.157,1.594,4.328,-0.123,4.146
120.97,1.708,-2.158,1.597,4.273,-0.124,4.150
120.98,1.608,-2.157,1.599,4.184,-0.125,4.149
120.99,1.241,-2.157,1.588,4.165,-0.126,4.149
121.00,1.355,-2.158,1.581,4.139,-0.126,4.149
121.01,1.766,-2.158,1.587,3.894,-0.126,4.140
121.02,1.511,-2.158,1.585,4.031,-0.129,4.134
121.03,1.407,-2.160,1.578,4.343,-0.128,4.141
121.04,1.291,-2.161,1.568,4.145,-0.128,4.141
121.05,1.456,-2.160,1.566,4.178,-0.128,4.142
121.06,1.619,-2.162,1.566,4.054,-0.128,4.139
121.07,1.532,-2.163,1.565,3.903,-0.129,4.131
121.08,1.417,-2.164,1.559,3.972,-0.130,4.125
121.09,1.629,-2.164,1.561,4.094,-0.129,4.125
121.10,1.365,-2.163,1.556,4.064,-0.129,4.122
121.11,1.690,-2.163,1.560,4.349,-0.130,4.128
121.12,1.592,-2.164,1.561,3.980,-0.131,4.123
121.13,1.735,-2.164,1.566,4.072,-0.130,4.121
121.14,1.367,-2.167,1.558,4.320,-0.131,4.126
121.15,1.417,-2.166,1.555,4.157,-0.132,4.126
121.16,1.682,-2.168,1.557,4.029,-0.132,4.123
121.17,1.464,-2.168,1.554,4.221,-0.133,4.125
121.18,1.530,-2.172,1.550,4.168,-0.134,4.125
121.19,1.551,-2.172,1.549,4.048,-0.134,4.123
121.20,1.625,-2.172,1.552,4.360,-0.133,4.130
121.21,1.568,-2.173,1.552,4.414,-0.133,4.139
121.22,1.505,-2.172,1.551,4.141,-0.133,4.139
121.23,1.691,-2.172,1.556,4.266,-0.133,4.143
121.24,1.143,-2.171,1.545,4.306,-0.133,4.148
121.26,1.403,-2.173,1.539,4.129,-0.132,4.148
121.27,1.304,-2.171,1.533,4.418,-0.131,4.157
121.28,1.635,-2.170,1.537,4.358,-0.132,4.163
121.29,1.505,-2.170,1.536,4.215,-0.133,4.163
121.30,1.718,-2.171,1.541,4.548,-0.133,4.176
121.31,1.679,-2.169,1.547,3.945,-0.133,4.169
121.32,1.451,-2.169,1.544,4.104,-0.133,4.167
121.33,1.559,-2.171,1.543,4.092,-0.132,4.166
121.34,1.560,-2.168,1.546,4.139,-0.131,4.167
121.35,1.556,-2.169,1.545,4.521,-0.132,4.177
121.36,1.734,-2.170,1.551,4.240,-0.132,4.178
121.37,1.584,-2.169,1.553,4.162,-0.132,4.179
121.38,1.873,-2.168,1.563,3.995,-0.131,4.174
121.39,1.670,-2.169,1.566,3.964,-0.131,4.167
121.40,1.453,-2.171,1.561,4.099,-0.132,4.165
121.41,1.455,-2.170,1.559,4.062,-0.132,4.162
121.42,1.499,-2.168,1.559,4.318,-0.132,4.167
121.43,1.702,-2.168,1.564,4.426,-0.131,4.175
121.44,1.513,-2.168,1.563,3.978,-0.132,4.169
121.45,1.256,-2.168,1.553,4.314,-0.133,4.173
121.46,1.489,-2.167,1.552,3.932,-0.134,4.165
121.47,1.611,-2.167,1.554,4.349,-0.133,4.171
121.48,1.578,-2.167,1.555,4.151,-0.132,4.172
121.49,1.510,-2.169,1.552,4.117,-0.133,4.170
121.50,1.459,-2.168,1.550,4.162,-0.134,4.169
121.51,1.501,-2.168,1.548,4.489,-0.134,4.178
121.52,1.764,-2.169,1.554,4.073,-0.134,4.175
121.53,1.724,-2.168,1.561,4.344,-0.135,4.180
121.54,1.663,-2.170,1.562,3.993,-0.136,4.174
121.55,1.689,-2.170,1.566,4.044,-0.137,4.169
121.56,1.283,-2.168,1.559,4.397,-0.137,4.176
121.57,1.760,-2.169,1.565,3.960,-0.136,4.170
121.58,1.591,-2.169,1.566,4.279,-0.137,4.173
121.59,1.348,-2.169,1.560,4.152,-0.138,4.172
121.60,1.559,-2.169,1.559,4.401,-0.138,4.180
121.61,1.373,-2.170,1.553,4.390,-0.138,4.186
121.62,1.432,-2.170,1.550,4.451,-0.138,4.194
121.63,1.435,-2.170,1.546,4.219,-0.137,4.197
121.64,1.584,-2.170,1.547,4.157,-0.137,4.196
121.65,1.547,-2.168,1.550,4.062,-0.136,4.193
121.66,1.693,-2.168,1.554,4.021,-0.136,4.188
121.67,1.782,-2.168,1.560,4.105,-0.138,4.185
121.68,1.268,-2.167,1.552,3.771,-0.138,4.172
121.69,1.382,-2.168,1.546,4.371,-0.138,4.178
121.70,1.505,-2.169,1.544,4.174,-0.137,4.179
121.71,1.716,-2.168,1.550,4.290,-0.139,4.181
121.72,1.568,-2.167,1.552,4.007,-0.140,4.175
121.73,1.579,-2.166,1.554,3.887,-0.140,4.167
121.74,1.862,-2.166,1.563,3.923,-0.141,4.159
121.75,1.757,-2.168,1.568,4.213,-0.140,4.160
121.76,1.692,-2.167,1.573,4.161,-0.140,4.161
121.77,1.464,-2.166,1.570,4.271,-0.140,4.165
121.78,1.376,-2.168,1.563,3.995,-0.140,4.159
121.79,1.573,-2.170,1.562,4.280,-0.140,4.163
121.80,1.343,-2.170,1.556,4.190,-0.140,4.164
121.81,1.568,-2.171,1.555,3.982,-0.139,4.159
121.82,1.672,-2.171,1.559,4.338,-0.138,4.166
121.83,1.647,-2.173,1.559,4.305,-0.137,4.171
121.84,1.474,-2.175,1.555,4.080,-0.138,4.168
121.85,1.559,-2.174,1.556,4.018,-0.137,4.164
121.86,1.694,-2.174,1.560,4.070,-0.137,4.161
121.87,1.595,-2.174,1.561,4.322,-0.138,4.166
121.88,1.735,-2.175,1.566,3.894,-0.137,4.158
121.89,1.509,-2.175,1.565,4.103,-0.137,4.156
121.90,1.729,-2.174,1.571,4.020,-0.137,4.152
121.91,1.457,-2.174,1.568,4.202,-0.138,4.153
121.92,1.535,-2.174,1.567,3.913,-0.137,4.146
121.93,1.763,-2.175,1.573,4.237,-0.135,4.151
121.94,1.373,-2.177,1.565,4.157,-0.136,4.150
121.95,1.521,-2.177,1.563,4.169,-0.135,4.152
121.96,1.384,-2.177,1.558,4.199,-0.135,4.154
121.97,1.716,-2.177,1.563,4.100,-0.135,4.151
121.98,1.434,-2.177,1.559,4.354,-0.135,4.158
121.99,1.505,-2.177,1.558,4.141,-0.135,4.157
122.00,1.392,-2.179,1.551,4.141,-0.135,4.156
122.01,1.961,-2.180,1.563,4.346,-0.135,4.162
122.02,1.404,-2.181,1.558,4.427,-0.136,4.169
122.03,1.888,-2.182,1.566,4.066,-0.136,4.166
122.04,1.727,-2.182,1.572,4.152,-0.136,4.166
122.05,1.479,-2.182,1.569,4.269,-0.135,4.170
122.06,1.564,-2.184,1.568,4.251,-0.134,4.174
122.07,1.726,-2.185,1.571,3.898,-0.134,4.166
122.08,1.542,-2.185,1.571,3.978,-0.135,4.159
122.09,2.071,-2.185,1.586,3.858,-0.135,4.150
122.10,1.851,-2.185,1.596,4.234,-0.135,4.152
122.11,1.508,-2.185,1.593,4.235,-0.136,4.154
122.12,1.657,-2.185,1.596,4.281,-0.135,4.159
122.13,1.572,-2.185,1.596,4.195,-0.134,4.161
122.14,1.502,-2.184,1.594,4.122,-0.135,4.159
122.15,1.572,-2.185,1.593,4.352,-0.135,4.165
122.16,1.595,-2.186,1.593,4.321,-0.135,4.170
122.17,1.640,-2.188,1.593,4.368,-0.134,4.177
122.18,1.835,-2.190,1.599,4.234,-0.133,4.179
122.19,1.492,-2.190,1.596,3.905,-0.132,4.172
122.20,1.374,-2.189,1.591,4.061,-0.132,4.169
122.21,1.786,-2.190,1.597,4.008,-0.132,4.164
122.22,1.665,-2.191,1.598,4.409,-0.132,4.172
122.23,1.523,-2.192,1.595,3.953,-0.133,4.164
122.24,1.739,-2.195,1.597,4.192,-0.132,4.166
122.25,1.713,-2.196,1.601,4.345,-0.132,4.172
122.26,1.743,-2.197,1.605,4.010,-0.132,4.166
122.27,1.355,-2.197,1.598,4.020,-0.134,4.160
122.28,1.656,-2.197,1.601,3.840,-0.134,4.151
122.29,1.644,-2.197,1.603,3.923,-0.134,4.143
122.30,1.546,-2.196,1.602,4.301,-0.132,4.150
122.31,1.579,-2.195,1.603,4.316,-0.134,4.153
122.32,1.487,-2.197,1.599,3.818,-0.135,4.142
122.33,1.627,-2.198,1.598,4.115,-0.135,4.140
122.34,1.427,-2.200,1.592,4.155,-0.136,4.140
122.35,1.703,-2.199,1.597,3.912,-0.137,4.132
122.36,1.381,-2.199,1.591,4.385,-0.138,4.139
122.37,1.575,-2.198,1.592,4.093,-0.137,4.138
122.38,1.509,-2.201,1.587,3.875,-0.137,4.130
122.39,1.797,-2.201,1.594,4.597,-0.137,4.143
122.40,1.629,-2.204,1.593,3.997,-0.137,4.139
122.41,1.426,-2.204,1.588,3.921,-0.137,4.133
122.42,1.591,-2.206,1.587,4.169,-0.136,4.135
122.43,1.410,-2.207,1.580,4.213,-0.136,4.136
122.44,1.508,-2.209,1.577,3.989,-0.138,4.130
122.45,1.768,-2.209,1.584,4.249,-0.138,4.133
122.46,1.644,-2.211,1.584,4.030,-0.137,4.130
122.47,1.402,-2.212,1.577,4.655,-0.137,4.147
122.48,1.831,-2.214,1.585,4.222,-0.136,4.150
122.49,1.518,-2.215,1.582,3.858,-0.135,4.142
122.50,1.443,-2.213,1.579,4.227,-0.134,4.145
122.51,1.534,-2.215,1.577,4.295,-0.136,4.148
122.52,1.421,-2.216,1.572,4.286,-0.137,4.151
122.53,1.654,-2.216,1.574,4.164,-0.136,4.152
122.54,1.370,-2.216,1.568,4.222,-0.136,4.154
122.55,1.431,-2.219,1.562,4.203,-0.136,4.156
122.56,1.239,-2.221,1.551,3.921,-0.136,4.149
122.57,1.559,-2.222,1.550,4.219,-0.136,4.151
122.58,1.831,-2.223,1.558,4.162,-0.136,4.151
122.59,1.233,-2.223,1.549,4.255,-0.135,4.155
122.60,1.664,-2.224,1.551,4.200,-0.136,4.156
122.61,1.358,-2.223,1.547,4.207,-0.136,4.158
122.62,1.376,-2.223,1.542,4.190,-0.136,4.158
122.63,1.516,-2.224,1.540,4.202,-0.136,4.160
122.64,1.591,-2.226,1.539,4.312,-0.136,4.164
122.65,1.637,-2.227,1.541,4.224,-0.136,4.167
122.66,1.518,-2.228,1.540,3.917,-0.135,4.159
122.67,1.611,-2.227,1.543,4.242,-0.137,4.161
122.68,1.550,-2.227,1.544,3.936,-0.137,4.153
122.69,1.338,-2.225,1.540,3.950,-0.136,4.149
122.70,1.631,-2.225,1.543,3.906,-0.135,4.142
122.71,1.525,-2.225,1.542,4.030,-0.136,4.138
122.72,1.452,-2.227,1.538,4.245,-0.135,4.141
122.73,1.618,-2.226,1.542,3.884,-0.135,4.133
122.75,1.489,-2.225,1.541,4.404,-0.135,4.141
122.75,1.772,-2.224,1.549,4.201,-0.136,4.143
122.76,1.660,-2.226,1.551,4.202,-0.136,4.144
122.77,1.678,-2.225,1.556,3.967,-0.135,4.139
122.78,1.571,-2.227,1.555,4.225,-0.135,4.142
122.80,1.507,-2.227,1.554,3.936,-0.135,4.135
122.81,1.731,-2.228,1.558,4.254,-0.135,4.139
122.82,1.189,-2.227,1.549,4.256,-0.133,4.144
122.83,1.462,-2.227,1.546,4.270,-0.134,4.148
122.84,1.548,-2.226,1.547,4.307,-0.134,4.152
122.85,1.515,-2.226,1.547,4.492,-0.133,4.163
122.86,1.407,-2.229,1.540,4.055,-0.132,4.161
122.87,1.387,-2.229,1.535,4.462,-0.132,4.170
122.88,1.348,-2.229,1.529,4.317,-0.133,4.174
122.89,1.649,-2.231,1.531,4.008,-0.132,4.170
122.90,1.616,-2.232,1.532,4.046,-0.131,4.168
122.91,1.781,-2.232,1.540,4.387,-0.129,4.176
122.92,1.381,-2.229,1.538,4.176,-0.130,4.176
122.93,1.495,-2.229,1.537,4.122,-0.128,4.175
122.94,1.465,-2.228,1.536,4.006,-0.128,4.171
122.95,1.568,-2.229,1.537,4.260,-0.127,4.174
122.96,1.615,-2.230,1.538,4.083,-0.126,4.173
122.97,1.485,-2.231,1.536,4.210,-0.127,4.173
122.98,1.715,-2.231,1.541,4.036,-0.127,4.168
122.99,1.674,-2.230,1.546,3.974,-0.126,4.164
123.00,1.321,-2.230,1.539,4.037,-0.127,4.159
123.01,1.631,-2.229,1.543,4.314,-0.127,4.164
123.02,1.597,-2.231,1.544,4.209,-0.126,4.166
123.03,1.513,-2.230,1.544,4.002,-0.124,4.163
123.04,1.692,-2.230,1.548,4.234,-0.124,4.165
123.05,1.443,-2.231,1.544,4.109,-0.126,4.162
123.06,1.531,-2.231,1.544,3.975,-0.126,4.156
123.07,1.693,-2.231,1.548,4.431,-0.127,4.163
123.08,1.767,-2.231,1.555,3.967,-0.128,4.157
123.09,1.427,-2.232,1.551,4.031,-0.128,4.152
123.10,1.699,-2.232,1.556,4.119,-0.128,4.151
123.11,1.790,-2.231,1.564,4.291,-0.129,4.155
123.12,1.555,-2.232,1.563,3.682,-0.128,4.141
123.13,1.421,-2.232,1.559,3.948,-0.128,4.135
123.14,1.873,-2.231,1.570,4.237,-0.129,4.137
123.15,1.533,-2.233,1.568,4.400,-0.129,4.145
123.16,1.459,-2.235,1.563,4.173,-0.128,4.146
123.17,1.510,-2.234,1.563,4.273,-0.128,4.150
123.18,1.786,-2.235,1.568,4.315,-0.129,4.154
123.19,1.615,-2.235,1.570,4.009,-0.128,4.150
123.20,1.652,-2.235,1.573,4.267,-0.128,4.154
123.21,1.355,-2.235,1.567,4.513,-0.128,4.165
123.22,1.394,-2.235,1.562,3.902,-0.127,4.157
123.23,1.594,-2.239,1.560,4.078,-0.127,4.155
123.24,1.569,-2.239,1.560,4.119,-0.128,4.153
123.25,1.484,-2.242,1.556,3.990,-0.129,4.147
123.26,1.568,-2.242,1.556,4.030,-0.127,4.145
123.27,1.547,-2.242,1.556,4.246,-0.128,4.148
123.28,1.653,-2.244,1.558,4.512,-0.127,4.159
123.29,1.581,-2.244,1.559,4.012,-0.128,4.154
123.30,1.375,-2.244,1.554,4.162,-0.129,4.153
123.31,1.308,-2.244,1.546,4.057,-0.129,4.150
123.32,1.399,-2.244,1.542,4.113,-0.128,4.150
123.33,1.666,-2.245,1.545,4.197,-0.128,4.151
123.34,1.481,-2.243,1.545,3.952,-0.126,4.147
123.35,1.577,-2.244,1.546,4.159,-0.125,4.148
123.36,1.645,-2.243,1.549,4.048,-0.127,4.143
123.37,1.512,-2.246,1.546,4.384,-0.126,4.151
123.38,1.695,-2.247,1.550,4.264,-0.125,4.156
123.39,1.535,-2.249,1.548,4.154,-0.126,4.155
123.40,1.682,-2.250,1.551,4.345,-0.125,4.161
123.41,1.595,-2.251,1.552,4.057,-0.125,4.158
123.42,1.426,-2.251,1.548,4.296,-0.125,4.162
123.43,1.655,-2.253,1.550,4.096,-0.125,4.160
123.44,1.465,-2.251,1.550,4.277,-0.125,4.164
123.45,1.516,-2.252,1.547,3.985,-0.126,4.157
123.46,1.568,-2.253,1.548,4.282,-0.126,4.161
123.47,1.660,-2.255,1.550,4.203,-0.126,4.163
123.48,1.809,-2.254,1.559,4.004,-0.125,4.158
123.49,1.422,-2.254,1.555,4.436,-0.124,4.167
123.50,1.486,-2.254,1.554,4.193,-0.125,4.168
123.51,1.852,-2.254,1.563,4.163,-0.125,4.168
123.52,1.465,-2.254,1.560,4.023,-0.125,4.163
123.53,1.598,-2.253,1.563,4.217,-0.124,4.166
123.54,1.612,-2.255,1.563,4.495,-0.123,4.177
123.55,1.595,-2.257,1.563,3.913,-0.124,4.168
123.56,1.537,-2.256,1.563,3.908,-0.125,4.160
123.57,1.584,-2.258,1.563,4.111,-0.124,4.159
123.58,1.691,-2.257,1.567,4.100,-0.123,4.158
123.59,1.478,-2.256,1.566,4.278,-0.124,4.161
123.60,1.561,-2.258,1.565,4.014,-0.123,4.157
123.61,1.430,-2.257,1.562,4.299,-0.122,4.162
123.62,1.657,-2.258,1.564,4.379,-0.124,4.167
123.63,1.537,-2.257,1.565,4.242,-0.123,4.170
123.64,1.822,-2.257,1.573,4.201,-0.125,4.169
123.65,1.499,-2.258,1.570,4.324,-0.125,4.174
123.66,1.582,-2.259,1.571,4.098,-0.125,4.171
123.67,1.775,-2.259,1.577,3.880,-0.126,4.162
123.68,1.523,-2.259,1.576,4.197,-0.126,4.163
123.69,1.624,-2.258,1.579,4.008,-0.125,4.160
123.70,1.563,-2.257,1.580,4.044,-0.125,4.155
123.71,1.546,-2.258,1.579,3.962,-0.125,4.149
123.72,1.535,-2.260,1.576,4.356,-0.125,4.156
123.73,1.425,-2.259,1.573,4.077,-0.124,4.154
123.74,1.826,-2.259,1.581,4.184,-0.124,4.155
123.75,1.629,-2.257,1.585,4.273,-0.125,4.158
123.76,1.664,-2.256,1.588,4.203,-0.125,4.159
123.77,1.505,-2.256,1.587,4.056,-0.125,4.156
123.78,1.739,-2.253,1.595,4.120,-0.126,4.154
123.79,1.662,-2.253,1.598,4.115,-0.125,4.154
123.80,1.898,-2.254,1.607,4.250,-0.126,4.156
123.81,1.665,-2.256,1.607,4.097,-0.125,4.155
123.82,1.663,-2.258,1.608,3.923,-0.125,4.148
123.83,1.682,-2.258,1.611,4.171,-0.124,4.149
123.84,1.727,-2.257,1.616,4.125,-0.124,4.148
123.85,1.729,-2.257,1.621,3.905,-0.125,4.139
123.86,1.485,-2.256,1.618,3.972,-0.125,4.134
123.87,1.578,-2.258,1.616,4.090,-0.123,4.134
123.88,1.433,-2.256,1.613,3.991,-0.123,4.130
123.89,1.527,-2.256,1.611,4.248,-0.123,4.133
123.90,1.650,-2.257,1.612,4.409,-0.123,4.142
123.91,1.792,-2.257,1.618,4.249,-0.123,4.145
123.92,1.558,-2.256,1.618,4.281,-0.124,4.148
123.93,1.600,-2.254,1.620,4.202,-0.123,4.150
123.94,1.737,-2.254,1.625,4.159,-0.124,4.150
123.95,1.892,-2.252,1.635,4.190,-0.124,4.151
123.96,1.855,-2.253,1.642,4.061,-0.123,4.148
123.97,1.514,-2.254,1.639,4.256,-0.124,4.151
123.98,1.431,-2.253,1.633,4.094,-0.127,4.146
123.99,1.584,-2.255,1.631,4.157,-0.127,4.147
124.00,1.270,-2.258,1.618,3.949,-0.127,4.141
124.01,1.327,-2.258,1.609,4.353,-0.128,4.146
124.02,1.532,-2.258,1.608,4.593,-0.128,4.159
124.03,1.448,-2.258,1.604,4.356,-0.128,4.165
124.04,1.828,-2.256,1.613,4.131,-0.127,4.165
124.05,1.632,-2.258,1.613,4.162,-0.129,4.163
124.06,1.421,-2.258,1.607,4.137,-0.129,4.163
124.07,1.580,-2.257,1.608,4.275,-0.130,4.165
124.08,1.752,-2.257,1.613,3.836,-0.129,4.156
124.09,1.427,-2.257,1.608,4.356,-0.130,4.161
124.10,1.568,-2.258,1.606,4.174,-0.132,4.160
124.11,1.329,-2.258,1.598,4.215,-0.130,4.163
124.12,1.615,-2.258,1.599,4.228,-0.131,4.165
124.13,1.566,-2.256,1.600,4.110,-0.131,4.163
124.14,1.303,-2.258,1.590,4.175,-0.129,4.165
124.15,1.282,-2.257,1.582,4.125,-0.130,4.163
124.16,1.486,-2.257,1.579,4.356,-0.129,4.170
124.17,1.285,-2.258,1.569,4.076,-0.129,4.168
124.18,1.489,-2.259,1.566,4.078,-0.129,4.165
124.19,1.646,-2.260,1.568,4.076,-0.129,4.162
124.21,1.407,-2.258,1.565,4.436,-0.128,4.172
124.21,1.775,-2.257,1.572,4.192,-0.128,4.172
124.23,1.556,-2.258,1.571,3.660,-0.129,4.156
124.24,1.467,-2.257,1.569,3.928,-0.127,4.151
124.25,1.813,-2.258,1.575,3.969,-0.128,4.144
124.26,1.556,-2.258,1.575,4.229,-0.129,4.146
124.27,1.393,-2.257,1.570,4.109,-0.129,4.145
124.28,1.623,-2.256,1.574,4.232,-0.129,4.148
124.29,1.536,-2.257,1.572,4.289,-0.128,4.152
124.29,1.383,-2.257,1.566,4.198,-0.129,4.153
124.30,1.272,-2.259,1.555,4.008,-0.129,4.148
124.32,1.813,-2.262,1.560,3.924,-0.128,4.142
124.33,1.895,-2.261,1.571,4.148,-0.129,4.142
124.34,1.378,-2.262,1.564,4.360,-0.130,4.147
124.35,1.749,-2.261,1.571,4.326,-0.128,4.154
124.36,1.413,-2.262,1.566,3.977,-0.128,4.149
124.37,1.517,-2.262,1.565,4.182,-0.128,4.150
124.38,1.567,-2.263,1.563,4.240,-0.127,4.154
124.39,1.642,-2.264,1.565,4.099,-0.126,4.153
124.40,1.510,-2.264,1.564,4.205,-0.125,4.155
124.41,1.765,-2.264,1.570,4.168,-0.126,4.155
124.42,1.582,-2.263,1.571,4.063,-0.125,4.153
124.43,1.571,-2.265,1.569,4.205,-0.126,4.153
124.44,1.417,-2.267,1.563,4.105,-0.126,4.152
124.45,1.659,-2.265,1.568,4.023,-0.126,4.147
124.46,1.701,-2.267,1.570,3.955,-0.126,4.142
124.47,1.468,-2.269,1.565,4.183,-0.126,4.142
124.48,1.433,-2.271,1.560,4.197,-0.127,4.144
124.49,1.719,-2.270,1.565,4.311,-0.127,4.148
124.50,1.511,-2.271,1.563,4.250,-0.128,4.151
124.51,1.482,-2.271,1.561,4.154,-0.129,4.150
124.52,1.695,-2.273,1.563,3.784,-0.130,4.138
124.53,1.255,-2.273,1.554,4.396,-0.130,4.145
124.54,1.815,-2.276,1.559,4.316,-0.130,4.150
124.55,1.714,-2.276,1.564,3.926,-0.131,4.142
124.56,1.678,-2.275,1.569,4.126,-0.131,4.142
124.57,1.524,-2.276,1.567,3.993,-0.133,4.136
124.58,1.502,-2.277,1.564,4.208,-0.133,4.137
124.59,1.558,-2.276,1.565,4.100,-0.133,4.136
124.60,1.485,-2.275,1.564,4.044,-0.133,4.133
124.61,1.368,-2.276,1.557,4.359,-0.136,4.137
124.62,1.364,-2.277,1.550,4.119,-0.135,4.137
124.63,1.499,-2.279,1.547,4.116,-0.135,4.137
124.64,1.679,-2.279,1.551,4.130,-0.134,4.137
124.65,1.331,-2.280,1.543,4.326,-0.136,4.141
124.66,1.345,-2.281,1.537,3.941,-0.135,4.136
124.67,1.846,-2.280,1.546,4.126,-0.135,4.135
124.68,1.392,-2.283,1.539,4.373,-0.137,4.141
124.69,1.348,-2.283,1.533,4.449,-0.137,4.150
124.70,1.623,-2.283,1.536,4.055,-0.137,4.147
124.71,1.609,-2.283,1.538,4.211,-0.137,4.149
124.72,1.734,-2.283,1.545,4.092,-0.136,4.148
124.73,1.656,-2.280,1.550,4.125,-0.136,4.148
124.74,1.578,-2.281,1.551,4.337,-0.135,4.154
124.75,1.411,-2.282,1.546,4.290,-0.135,4.159
124.76,1.543,-2.282,1.545,4.151,-0.134,4.160
124.77,1.570,-2.283,1.546,4.321,-0.134,4.165
124.78,1.570,-2.285,1.544,4.204,-0.134,4.166
124.79,1.526,-2.284,1.545,3.915,-0.133,4.160
124.80,1.404,-2.283,1.541,3.871,-0.132,4.152
124.81,1.639,-2.284,1.543,4.176,-0.132,4.153
124.82,1.314,-2.285,1.535,3.956,-0.131,4.148
124.83,1.802,-2.286,1.543,4.079,-0.130,4.146
124.84,1.462,-2.286,1.540,4.265,-0.129,4.150
124.85,1.703,-2.283,1.549,4.213,-0.129,4.152
124.86,1.642,-2.283,1.551,4.159,-0.129,4.153
124.87,1.600,-2.282,1.554,4.193,-0.131,4.152
124.88,1.364,-2.282,1.548,3.795,-0.130,4.142
124.89,1.286,-2.283,1.539,3.901,-0.131,4.133
124.90,1.556,-2.284,1.539,4.000,-0.130,4.130
124.91,1.430,-2.286,1.534,4.249,-0.129,4.135
124.92,1.533,-2.286,1.534,4.122,-0.130,4.133
124.93,1.356,-2.286,1.528,4.066,-0.130,4.131
124.94,1.486,-2.286,1.526,3.962,-0.129,4.127
124.95,1.530,-2.287,1.526,4.434,-0.130,4.135
124.96,1.429,-2.287,1.523,4.303,-0.129,4.141
124.97,1.872,-2.287,1.533,4.321,-0.129,4.146
124.98,1.903,-2.285,1.547,4.529,-0.129,4.158
124.99,1.597,-2.286,1.547,4.294,-0.129,4.162
125.00,1.355,-2.286,1.541,3.955,-0.130,4.155
125.01,1.741,-2.284,1.549,4.244,-0.130,4.157
125.02,1.602,-2.285,1.551,4.089,-0.131,4.154
125.03,1.494,-2.287,1.547,4.212,-0.130,4.157
125.04,1.466,-2.287,1.544,4.252,-0.129,4.161
125.05,1.534,-2.289,1.542,4.335,-0.131,4.165
125.06,1.733,-2.289,1.548,4.105,-0.131,4.164
125.07,1.361,-2.290,1.542,4.037,-0.130,4.160
125.08,1.498,-2.291,1.539,4.280,-0.130,4.164
125.09,1.584,-2.292,1.540,4.354,-0.129,4.171
125.10,1.526,-2.293,1.539,4.265,-0.128,4.175
125.11,1.498,-2.293,1.538,4.346,-0.128,4.180
125.12,1.766,-2.294,1.544,4.000,-0.128,4.175
125.13,1.537,-2.292,1.545,4.183,-0.130,4.174
125.14,1.792,-2.293,1.553,4.163,-0.130,4.174
125.15,1.652,-2.293,1.556,4.318,-0.129,4.179
125.16,1.795,-2.293,1.563,4.168,-0.129,4.179
125.17,1.452,-2.293,1.560,4.149,-0.129,4.179
125.18,1.650,-2.292,1.564,4.218,-0.129,4.180
125.19,1.336,-2.293,1.557,3.981,-0.130,4.173
125.20,1.514,-2.292,1.556,4.355,-0.130,4.179
125.21,1.525,-2.292,1.556,3.985,-0.130,4.173
125.22,1.544,-2.293,1.554,4.237,-0.130,4.175
125.23,1.708,-2.293,1.560,4.284,-0.132,4.177
125.24,1.447,-2.295,1.555,4.037,-0.133,4.172
125.25,1.568,-2.294,1.556,4.377,-0.131,4.180
125.26,1.432,-2.295,1.552,4.329,-0.132,4.184
125.27,1.577,-2.296,1.552,4.039,-0.133,4.179
125.28,2.066,-2.296,1.567,4.151,-0.133,4.178
125.29,1.776,-2.299,1.572,4.234,-0.131,4.182
125.30,1.439,-2.299,1.567,4.004,-0.132,4.176
125.31,1.412,-2.300,1.562,4.008,-0.132,4.171
125.32,1.350,-2.301,1.555,4.162,-0.133,4.170
125.33,1.413,-2.302,1.550,4.012,-0.133,4.166
125.34,1.620,-2.304,1.551,4.358,-0.133,4.172
125.35,1.490,-2.306,1.547,4.176,-0.133,4.172
125.36,1.715,-2.306,1.552,4.157,-0.134,4.171
125.37,1.782,-2.308,1.558,3.931,-0.133,4.164
125.38,1.678,-2.307,1.563,4.161,-0.133,4.164
125.39,1.583,-2.308,1.563,4.064,-0.134,4.161
125.40,1.793,-2.307,1.571,4.259,-0.134,4.164
125.41,1.695,-2.307,1.576,4.206,-0.134,4.165
125.42,1.466,-2.304,1.575,4.277,-0.132,4.171
125.43,1.456,-2.304,1.573,4.277,-0.130,4.176
125.44,1.738,-2.303,1.579,3.994,-0.129,4.171
125.45,1.490,-2.302,1.577,4.083,-0.130,4.168
125.46,1.366,-2.302,1.572,4.087,-0.130,4.165
125.47,1.400,-2.302,1.567,4.306,-0.131,4.169
125.48,1.455,-2.303,1.563,3.972,-0.131,4.163
125.49,1.854,-2.303,1.572,4.276,-0.131,4.166
125.50,1.568,-2.302,1.573,4.307,-0.132,4.170
125.51,1.729,-2.305,1.576,4.033,-0.131,4.167
125.52,1.411,-2.304,1.571,3.948,-0.132,4.159
125.53,1.617,-2.305,1.573,4.133,-0.132,4.158
125.54,1.577,-2.305,1.573,4.198,-0.132,4.160
125.55,1.785,-2.305,1.580,4.266,-0.132,4.163
125.56,1.533,-2.304,1.580,3.774,-0.131,4.152
125.57,1.590,-2.304,1.581,3.935,-0.131,4.145
125.58,1.575,-2.305,1.580,4.107,-0.132,4.143
125.59,1.611,-2.305,1.581,4.208,-0.132,4.145
125.60,1.693,-2.305,1.585,4.010,-0.133,4.140
125.61,1.459,-2.308,1.579,4.395,-0.133,4.147
125.62,1.678,-2.308,1.582,4.067,-0.133,4.144
125.63,1.452,-2.308,1.579,4.160,-0.134,4.144
125.64,1.749,-2.308,1.585,3.951,-0.135,4.137
125.65,1.758,-2.309,1.590,4.224,-0.136,4.139
125.66,1.760,-2.308,1.597,4.005,-0.134,4.136
125.67,1.449,-2.306,1.595,4.374,-0.136,4.142
125.68,1.722,-2.306,1.599,4.294,-0.134,4.148
125.69,1.512,-2.308,1.595,4.270,-0.134,4.151
125.70,1.666,-2.305,1.601,4.314,-0.133,4.158
125.71,1.563,-2.304,1.601,4.254,-0.132,4.162
125.73,1.756,-2.304,1.606,3.968,-0.132,4.155
125.74,1.415,-2.305,1.600,4.101,-0.134,4.152
125.75,1.691,-2.305,1.604,4.148,-0.134,4.152
125.76,1.555,-2.303,1.604,4.107,-0.135,4.150
125.77,1.430,-2.305,1.598,4.309,-0.133,4.156
125.78,1.341,-2.307,1.589,4.178,-0.132,4.158
125.79,1.523,-2.307,1.587,4.156,-0.132,4.158
125.80,1.325,-2.307,1.579,4.161,-0.131,4.159
125.81,1.702,-2.307,1.584,4.116,-0.130,4.159
125.82,1.626,-2.306,1.587,4.171,-0.129,4.160
125.83,1.462,-2.305,1.584,4.437,-0.130,4.168
125.83,1.600,-2.303,1.586,4.226,-0.130,4.170
125.85,1.537,-2.305,1.584,4.444,-0.130,4.178
125.86,1.425,-2.304,1.580,3.993,-0.129,4.173
125.87,1.600,-2.303,1.582,4.252,-0.131,4.175
125.88,1.618,-2.303,1.584,4.027,-0.131,4.170
125.89,1.496,-2.302,1.582,4.375,-0.130,4.177
125.90,1.871,-2.302,1.591,4.125,-0.131,4.175
125.91,1.564,-2.303,1.589,4.213,-0.132,4.175
125.92,1.651,-2.305,1.590,3.918,-0.131,4.168
125.93,1.478,-2.307,1.585,4.209,-0.132,4.169
125.94,1.559,-2.311,1.581,4.204,-0.132,4.170
125.95,1.556,-2.312,1.579,4.279,-0.132,4.174
125.96,1.852,-2.313,1.587,4.391,-0.132,4.180
125.97,1.376,-2.314,1.580,3.946,-0.131,4.175
125.98,1.421,-2.314,1.576,4.153,-0.130,4.175
125.99,1.551,-2.313,1.576,4.275,-0.130,4.178
126.00,1.470,-2.316,1.571,4.237,-0.131,4.179
126.01,1.409,-2.317,1.565,4.224,-0.131,4.181
126.02,1.399,-2.317,1.559,4.253,-0.131,4.183
126.03,1.606,-2.319,1.559,4.252,-0.130,4.186
126.04,1.500,-2.319,1.558,4.186,-0.131,4.186
126.05,1.414,-2.321,1.552,3.895,-0.130,4.178
126.06,1.407,-2.318,1.550,4.153,-0.131,4.176
126.07,1.571,-2.319,1.550,3.964,-0.130,4.171
126.08,1.756,-2.318,1.557,4.210,-0.132,4.171
126.09,1.375,-2.318,1.552,4.371,-0.131,4.177
126.10,1.932,-2.317,1.565,4.295,-0.131,4.181
126.11,1.599,-2.318,1.565,4.040,-0.131,4.177
126.12,1.262,-2.318,1.556,4.022,-0.132,4.172
126.13,1.305,-2.321,1.546,4.447,-0.133,4.179
126.14,1.649,-2.322,1.548,4.309,-0.133,4.184
126.15,1.446,-2.321,1.546,4.346,-0.133,4.189
126.16,1.334,-2.321,1.539,3.918,-0.132,4.182
126.17,1.437,-2.322,1.535,4.009,-0.131,4.178
126.18,1.657,-2.324,1.537,4.019,-0.131,4.173
126.19,1.429,-2.327,1.531,3.820,-0.131,4.162
126.20,1.682,-2.326,1.537,4.112,-0.132,4.160
126.21,1.628,-2.325,1.540,4.260,-0.132,4.162
126.22,1.533,-2.325,1.540,3.858,-0.132,4.153
126.23,1.568,-2.327,1.539,4.148,-0.133,4.152
126.24,1.374,-2.327,1.534,4.203,-0.133,4.153
126.25,1.624,-2.327,1.536,4.033,-0.133,4.150
126.26,1.877,-2.330,1.545,4.165,-0.131,4.152
126.27,1.508,-2.330,1.543,4.307,-0.131,4.157
126.28,1.515,-2.332,1.541,4.433,-0.130,4.166
126.29,1.207,-2.332,1.530,3.966,-0.131,4.159
126.30,1.289,-2.331,1.524,4.050,-0.132,4.154
126.31,1.377,-2.333,1.517,4.287,-0.133,4.158
126.32,1.676,-2.331,1.524,4.136,-0.133,4.157
126.33,1.726,-2.331,1.530,4.281,-0.134,4.160
126.34,1.457,-2.332,1.527,3.820,-0.133,4.150
126.35,1.547,-2.332,1.527,4.429,-0.133,4.159
126.36,1.538,-2.332,1.528,4.078,-0.133,4.157
126.37,1.721,-2.333,1.533,4.269,-0.133,4.160
126.38,1.609,-2.333,1.535,4.202,-0.134,4.160
126.39,1.679,-2.335,1.538,3.970,-0.134,4.155
126.40,1.460,-2.335,1.536,4.358,-0.133,4.161
126.41,1.176,-2.335,1.524,4.327,-0.134,4.166
126.42,1.569,-2.335,1.526,4.010,-0.134,4.160
126.43,1.562,-2.333,1.529,4.335,-0.135,4.165
126.44,1.597,-2.333,1.531,4.000,-0.135,4.160
126.45,1.846,-2.334,1.540,4.401,-0.136,4.166
126.46,1.346,-2.335,1.533,4.190,-0.136,4.167
126.47,1.821,-2.336,1.541,3.816,-0.135,4.157
126.48,1.434,-2.336,1.538,4.393,-0.136,4.164
126.49,1.835,-2.339,1.545,3.869,-0.136,4.155
126.50,1.632,-2.337,1.549,4.114,-0.135,4.155
126.51,1.532,-2.337,1.549,4.616,-0.135,4.169
126.52,1.530,-2.337,1.549,4.165,-0.135,4.169
126.53,1.446,-2.336,1.546,3.801,-0.133,4.160
126.54,1.595,-2.337,1.547,4.020,-0.133,4.155
126.55,1.609,-2.337,1.549,3.946,-0.134,4.148
126.56,1.474,-2.338,1.546,4.183,-0.134,4.149
126.57,1.641,-2.338,1.550,3.952,-0.135,4.141
126.58,1.621,-2.339,1.551,4.192,-0.135,4.144
126.59,1.626,-2.339,1.554,4.474,-0.135,4.153
126.60,1.592,-2.338,1.556,4.197,-0.134,4.155
126.61,1.893,-2.340,1.565,4.345,-0.134,4.161
126.62,1.544,-2.342,1.562,4.431,-0.134,4.170
126.63,1.621,-2.342,1.565,4.217,-0.134,4.171
126.64,1.699,-2.341,1.570,4.067,-0.135,4.167
126.65,1.655,-2.342,1.572,4.540,-0.135,4.179
126.66,1.770,-2.342,1.579,4.027,-0.134,4.175
126.67,1.672,-2.343,1.581,4.187,-0.134,4.175
126.68,1.603,-2.342,1.583,3.991,-0.135,4.169
126.69,1.341,-2.344,1.575,4.037,-0.136,4.164
126.70,1.712,-2.344,1.580,4.224,-0.135,4.167
126.71,1.458,-2.344,1.576,4.367,-0.135,4.173
126.72,1.534,-2.344,1.575,3.752,-0.136,4.160
126.73,1.590,-2.348,1.573,4.535,-0.136,4.171
126.74,1.641,-2.351,1.572,4.087,-0.137,4.167
126.75,1.338,-2.355,1.562,3.950,-0.138,4.160
126.76,1.643,-2.355,1.564,4.511,-0.138,4.171
126.77,1.543,-2.355,1.565,4.153,-0.138,4.170
126.78,1.479,-2.354,1.563,4.388,-0.136,4.180
126.79,1.599,-2.353,1.565,4.175,-0.137,4.179
126.80,1.465,-2.355,1.561,4.108,-0.138,4.175
126.81,1.462,-2.354,1.559,4.387,-0.137,4.183
126.82,1.465,-2.357,1.554,4.298,-0.138,4.186
126.83,1.580,-2.358,1.555,4.167,-0.138,4.186
126.84,1.526,-2.359,1.553,4.324,-0.139,4.189
126.85,1.434,-2.359,1.550,3.959,-0.138,4.183
126.86,1.610,-2.359,1.551,3.939,-0.138,4.176
126.87,1.651,-2.359,1.555,4.348,-0.138,4.181
126.88,1.808,-2.358,1.564,4.042,-0.139,4.176
126.89,1.683,-2.360,1.567,4.247,-0.141,4.177
126.90,1.524,-2.360,1.565,4.116,-0.141,4.175
126.91,1.640,-2.360,1.569,4.239,-0.142,4.177
126.92,1.583,-2.360,1.569,4.376,-0.141,4.184
126.93,1.334,-2.360,1.563,4.126,-0.140,4.183
126.94,1.707,-2.360,1.567,4.078,-0.140,4.180
126.95,1.505,-2.362,1.564,4.250,-0.141,4.182
126.96,1.705,-2.365,1.566,4.132,-0.141,4.180
126.97,1.649,-2.366,1.568,4.384,-0.141,4.187
126.98,1.426,-2.367,1.563,4.236,-0.142,4.187
126.99,1.494,-2.367,1.562,4.092,-0.143,4.184
127.00,1.577,-2.367,1.562,4.099,-0.143,4.182
127.01,1.558,-2.367,1.562,4.198,-0.143,4.183
127.02,1.606,-2.366,1.565,4.287,-0.143,4.186
127.03,1.622,-2.365,1.569,4.051,-0.144,4.181
127.04,1.553,-2.364,1.569,4.029,-0.144,4.177
127.05,1.514,-2.365,1.568,4.163,-0.143,4.177
127.06,1.374,-2.366,1.561,4.635,-0.143,4.192
127.07,1.415,-2.366,1.557,4.210,-0.143,4.192
127.08,1.458,-2.367,1.554,4.410,-0.143,4.199
127.09,1.594,-2.368,1.554,4.487,-0.143,4.208
127.10,1.569,-2.369,1.554,4.237,-0.144,4.210
127.12,1.286,-2.369,1.546,4.284,-0.144,4.212
127.12,1.641,-2.368,1.550,4.363,-0.143,4.218
127.13,1.470,-2.369,1.547,3.928,-0.145,4.208
127.14,1.538,-2.371,1.545,4.255,-0.145,4.210
127.15,1.908,-2.371,1.556,4.144,-0.145,4.208
127.16,1.352,-2.374,1.547,3.970,-0.146,4.200
127.17,1.687,-2.376,1.550,4.090,-0.146,4.198
127.18,1.618,-2.378,1.551,3.824,-0.144,4.188
127.20,1.392,-2.378,1.546,3.839,-0.144,4.177
127.20,1.508,-2.378,1.545,4.364,-0.143,4.184
127.21,1.744,-2.378,1.552,4.407,-0.141,4.193
127.22,1.953,-2.378,1.564,4.217,-0.141,4.194
127.23,1.461,-2.379,1.561,4.182,-0.141,4.195
127.24,1.778,-2.379,1.568,4.551,-0.141,4.205
127.26,1.752,-2.379,1.575,4.116,-0.141,4.203
127.27,1.513,-2.377,1.575,4.327,-0.141,4.208
127.28,1.715,-2.377,1.579,3.966,-0.142,4.200
127.29,1.690,-2.378,1.583,3.937,-0.142,4.191
127.30,1.669,-2.378,1.586,4.108,-0.143,4.189
127.31,1.680,-2.377,1.591,4.057,-0.144,4.184
127.32,1.695,-2.377,1.595,4.098,-0.143,4.182
127.33,1.450,-2.378,1.590,4.235,-0.142,4.185
127.34,1.660,-2.379,1.592,4.192,-0.144,4.184
127.35,1.818,-2.380,1.598,4.054,-0.143,4.181
127.36,1.691,-2.380,1.602,3.917,-0.143,4.172
127.37,1.404,-2.381,1.596,4.447,-0.144,4.180
127.38,1.610,-2.381,1.597,4.009,-0.145,4.174
127.39,1.592,-2.382,1.597,4.183,-0.145,4.174
127.40,1.580,-2.381,1.598,4.314,-0.146,4.177
127.41,1.400,-2.382,1.592,4.324,-0.147,4.181
127.42,1.668,-2.382,1.595,4.155,-0.149,4.179
127.43,1.645,-2.381,1.598,4.083,-0.149,4.176
127.44,1.304,-2.381,1.590,4.286,-0.149,4.180
127.45,1.661,-2.380,1.594,4.121,-0.149,4.178
127.46,1.704,-2.382,1.596,4.407,-0.147,4.186
127.47,1.526,-2.383,1.593,4.261,-0.147,4.189
127.48,1.646,-2.383,1.596,4.099,-0.146,4.187
127.49,1.625,-2.384,1.596,3.951,-0.145,4.181
127.50,1.378,-2.384,1.590,4.181,-0.144,4.183
127.51,1.484,-2.384,1.588,4.218,-0.145,4.183
127.52,1.614,-2.383,1.590,4.467,-0.145,4.191
127.53,1.854,-2.383,1.599,4.087,-0.147,4.187
127.54,1.596,-2.383,1.599,4.374,-0.146,4.194
127.55,1.846,-2.384,1.607,4.040,-0.146,4.190
127.56,1.520,-2.384,1.604,4.120,-0.147,4.187
127.57,1.600,-2.386,1.603,4.159,-0.146,4.187
127.58,1.612,-2.386,1.604,4.359,-0.146,4.192
127.59,1.405,-2.388,1.597,4.254,-0.146,4.194
127.60,1.730,-2.390,1.599,4.324,-0.147,4.197
127.61,1.761,-2.391,1.604,4.282,-0.148,4.199
127.62,1.680,-2.390,1.609,4.182,-0.148,4.200
127.63,1.474,-2.389,1.606,4.200,-0.147,4.201
127.64,1.501,-2.389,1.603,4.331,-0.147,4.205
127.65,1.456,-2.391,1.598,4.153,-0.146,4.205
127.66,1.515,-2.391,1.596,3.839,-0.146,4.194
127.67,1.415,-2.393,1.589,4.483,-0.147,4.202
127.68,1.639,-2.394,1.591,4.225,-0.146,4.204
127.69,1.469,-2.394,1.587,3.919,-0.146,4.196
127.70,1.613,-2.395,1.587,4.272,-0.148,4.196
127.71,1.448,-2.397,1.581,4.263,-0.148,4.199
127.72,1.530,-2.400,1.578,4.235,-0.146,4.201
127.73,1.429,-2.402,1.572,4.364,-0.145,4.208
127.74,1.435,-2.403,1.567,4.153,-0.147,4.205
127.75,1.566,-2.404,1.567,4.311,-0.149,4.206
127.76,1.581,-2.403,1.568,4.393,-0.148,4.213
127.77,1.416,-2.404,1.563,3.945,-0.149,4.204
127.78,1.427,-2.403,1.561,4.189,-0.150,4.204
127.79,1.615,-2.402,1.563,4.069,-0.150,4.200
127.80,1.447,-2.404,1.559,4.136,-0.150,4.198
127.81,1.823,-2.403,1.567,4.262,-0.149,4.201
127.82,1.589,-2.403,1.569,4.342,-0.149,4.206
127.83,1.528,-2.404,1.567,4.086,-0.150,4.202
127.84,1.448,-2.402,1.565,4.180,-0.151,4.200
127.85,1.682,-2.403,1.569,4.173,-0.151,4.199
127.86,1.517,-2.404,1.566,4.225,-0.149,4.202
127.87,1.451,-2.406,1.562,4.399,-0.150,4.207
127.88,1.375,-2.408,1.554,3.932,-0.150,4.199
127.89,1.313,-2.408,1.547,4.146,-0.152,4.196
127.90,1.601,-2.409,1.548,4.337,-0.152,4.201
127.91,1.600,-2.406,1.552,4.068,-0.153,4.196
127.92,1.518,-2.407,1.550,4.135,-0.153,4.194
127.93,1.740,-2.406,1.558,4.147,-0.153,4.194
127.94,1.571,-2.408,1.557,4.452,-0.153,4.201
127.95,1.403,-2.407,1.553,4.346,-0.152,4.207
127.96,1.716,-2.409,1.557,4.124,-0.152,4.205
127.97,1.668,-2.409,1.560,4.187,-0.152,4.205
127.98,1.427,-2.408,1.557,4.072,-0.152,4.201
127.99,1.728,-2.410,1.561,3.936,-0.153,4.192
128.00,1.568,-2.412,1.560,4.040,-0.154,4.187
128.01,1.886,-2.414,1.568,3.906,-0.152,4.180
128.02,1.551,-2.416,1.566,4.205,-0.154,4.179
128.03,1.487,-2.416,1.564,4.097,-0.154,4.177
128.04,1.562,-2.416,1.564,4.365,-0.154,4.182
128.05,1.598,-2.417,1.565,4.137,-0.154,4.181
128.06,1.561,-2.419,1.564,4.072,-0.153,4.179
128.07,1.709,-2.420,1.567,4.445,-0.153,4.186
128.08,1.571,-2.422,1.566,4.315,-0.154,4.190
128.09,1.576,-2.423,1.566,4.255,-0.154,4.192
128.10,1.451,-2.424,1.562,4.154,-0.155,4.190
128.11,1.707,-2.426,1.565,4.137,-0.155,4.189
128.12,1.761,-2.426,1.572,4.327,-0.154,4.194
128.13,1.752,-2.424,1.579,4.285,-0.155,4.196
128.14,1.641,-2.425,1.581,4.146,-0.155,4.195
128.15,1.610,-2.426,1.581,4.287,-0.154,4.199
128.16,1.452,-2.426,1.578,4.225,-0.154,4.200
128.17,1.490,-2.429,1.573,4.203,-0.152,4.202
128.18,1.544,-2.428,1.573,4.260,-0.153,4.203
128.19,1.350,-2.430,1.565,4.397,-0.152,4.211
128.20,1.448,-2.432,1.561,4.221,-0.153,4.210
128.21,1.357,-2.433,1.554,4.281,-0.153,4.212
128.22,1.722,-2.431,1.561,4.341,-0.152,4.218
128.23,1.586,-2.434,1.560,4.226,-0.152,4.218
128.24,1.569,-2.432,1.562,4.221,-0.153,4.218
128.25,1.501,-2.434,1.559,4.094,-0.154,4.213
128.26,1.563,-2.435,1.559,4.137,-0.153,4.213
128.27,1.417,-2.433,1.556,4.022,-0.155,4.205
128.28,1.563,-2.434,1.556,4.028,-0.154,4.200
128.29,1.673,-2.436,1.558,4.233,-0.157,4.200
128.30,1.680,-2.437,1.561,4.073,-0.157,4.196
128.31,1.526,-2.438,1.560,4.142,-0.158,4.193
128.32,1.648,-2.439,1.562,4.331,-0.158,4.198
128.33,1.887,-2.441,1.570,4.223,-0.158,4.199
128.34,1.872,-2.442,1.579,4.369,-0.157,4.205
128.35,1.312,-2.444,1.570,4.237,-0.158,4.205
128.36,1.554,-2.444,1.570,4.173,-0.157,4.205
128.37,1.396,-2.444,1.565,4.207,-0.156,4.206
128.38,1.475,-2.444,1.563,3.985,-0.156,4.201
128.39,1.788,-2.445,1.570,3.971,-0.156,4.193
128.40,1.368,-2.445,1.564,3.757,-0.155,4.181
128.41,1.728,-2.444,1.570,4.270,-0.157,4.182
128.42,1.749,-2.444,1.576,4.312,-0.155,4.187
128.43,1.797,-2.445,1.583,4.244,-0.155,4.189
128.44,1.704,-2.445,1.587,4.023,-0.156,4.183
128.45,1.748,-2.446,1.592,4.177,-0.157,4.183
128.46,1.411,-2.444,1.589,4.242,-0.157,4.184
128.47,1.801,-2.446,1.594,4.151,-0.158,4.183
128.48,1.504,-2.447,1.591,4.188,-0.157,4.183
128.49,1.972,-2.448,1.603,4.421,-0.158,4.190
128.50,1.477,-2.448,1.600,4.242,-0.159,4.191
128.51,1.646,-2.447,1.604,4.169,-0.159,4.190
128.52,1.562,-2.448,1.602,4.101,-0.158,4.188
128.53,1.622,-2.447,1.604,4.295,-0.158,4.192
128.54,1.560,-2.449,1.602,4.221,-0.158,4.193
128.55,1.514,-2.449,1.600,3.972,-0.158,4.186
128.56,1.729,-2.448,1.605,4.457,-0.158,4.195
128.57,1.721,-2.450,1.609,4.435,-0.157,4.203
128.58,1.139,-2.451,1.593,4.423,-0.158,4.209
128.59,1.724,-2.453,1.597,4.033,-0.159,4.203
128.60,1.701,-2.454,1.599,4.325,-0.159,4.207
128.61,1.699,-2.455,1.602,4.044,-0.158,4.203
128.62,1.651,-2.457,1.603,4.122,-0.158,4.201
128.63,1.511,-2.458,1.600,4.205,-0.158,4.201
128.64,1.469,-2.458,1.597,4.211,-0.160,4.200
128.66,1.659,-2.457,1.600,4.131,-0.160,4.198
128.66,1.340,-2.458,1.592,4.119,-0.160,4.196
128.68,1.677,-2.460,1.593,4.050,-0.160,4.191
128.69,1.787,-2.462,1.599,4.006,-0.158,4.187
128.70,1.675,-2.462,1.602,4.070,-0.157,4.185
128.70,1.544,-2.462,1.600,4.247,-0.158,4.186
128.71,1.688,-2.462,1.604,3.998,-0.158,4.180
128.73,1.681,-2.464,1.606,4.135,-0.159,4.179
128.74,1.707,-2.462,1.611,4.221,-0.161,4.178
128.74,1.377,-2.464,1.603,4.110,-0.160,4.177
128.75,1.625,-2.464,1.604,4.252,-0.161,4.178
128.77,1.269,-2.464,1.595,4.290,-0.160,4.182
128.78,1.551,-2.465,1.593,4.467,-0.160,4.191
128.79,1.574,-2.466,1.592,4.417,-0.160,4.198
128.80,1.320,-2.466,1.585,4.217,-0.160,4.199
128.81,1.803,-2.467,1.592,3.942,-0.160,4.191
128.82,1.582,-2.466,1.592,4.319,-0.160,4.195
128.83,1.682,-2.466,1.596,4.003,-0.161,4.188
128.84,1.611,-2.466,1.597,4.326,-0.162,4.192
128.85,1.670,-2.466,1.601,4.157,-0.160,4.192
128.86,1.651,-2.466,1.603,4.136,-0.160,4.191
128.87,1.634,-2.469,1.601,4.201,-0.161,4.191
128.88,1.579,-2.469,1.601,4.155,-0.161,4.189
128.89,1.470,-2.469,1.598,4.081,-0.161,4.186
128.90,1.606,-2.469,1.599,4.050,-0.162,4.181
128.91,1.696,-2.469,1.603,4.244,-0.162,4.183
128.92,1.646,-2.470,1.604,4.267,-0.161,4.187
128.93,1.717,-2.471,1.607,4.244,-0.159,4.190
128.94,1.626,-2.470,1.609,4.280,-0.161,4.191
128.95,1.673,-2.468,1.614,4.102,-0.160,4.190
128.96,1.322,-2.466,1.608,4.538,-0.160,4.200
128.97,1.645,-2.469,1.607,4.141,-0.160,4.198
128.98,1.457,-2.470,1.602,4.171,-0.159,4.199
128.99,1.773,-2.472,1.607,4.201,-0.160,4.198
129.00,1.597,-2.473,1.606,4.086,-0.161,4.195
129.01,1.873,-2.475,1.613,3.816,-0.162,4.182
129.02,1.321,-2.477,1.603,4.141,-0.161,4.181
129.03,1.840,-2.477,1.611,4.544,-0.163,4.190
129.04,1.418,-2.479,1.604,4.066,-0.163,4.187
129.05,1.475,-2.477,1.602,4.285,-0.163,4.190
129.06,1.583,-2.477,1.603,4.219,-0.164,4.190
129.07,1.550,-2.477,1.601,4.133,-0.166,4.187
129.08,1.359,-2.476,1.596,4.161,-0.167,4.185
129.09,1.606,-2.477,1.596,4.062,-0.168,4.180
129.10,1.473,-2.477,1.593,4.102,-0.168,4.178
129.11,1.617,-2.479,1.592,4.223,-0.167,4.180
129.12,1.690,-2.480,1.595,3.973,-0.167,4.174
129.13,1.813,-2.477,1.605,4.203,-0.165,4.176
129.14,1.403,-2.477,1.600,4.142,-0.165,4.175
129.15,1.770,-2.478,1.604,4.532,-0.166,4.185
129.16,1.752,-2.478,1.609,4.141,-0.167,4.183
129.17,1.615,-2.481,1.608,4.069,-0.168,4.179
129.18,1.454,-2.482,1.602,4.147,-0.167,4.178
129.19,1.230,-2.482,1.591,3.927,-0.166,4.172
129.20,1.518,-2.481,1.591,4.227,-0.167,4.173
129.21,1.492,-2.480,1.589,4.338,-0.165,4.179
129.22,1.425,-2.481,1.584,4.338,-0.166,4.184
129.23,1.532,-2.482,1.582,4.074,-0.166,4.180
129.24,1.503,-2.482,1.580,4.093,-0.165,4.178
129.25,1.474,-2.480,1.579,4.114,-0.165,4.177
129.26,1.344,-2.481,1.571,3.882,-0.164,4.168
129.27,1.322,-2.480,1.565,4.217,-0.163,4.171
129.28,1.623,-2.479,1.568,4.147,-0.163,4.170
129.29,1.671,-2.481,1.569,4.484,-0.163,4.180
129.30,1.591,-2.482,1.570,4.362,-0.164,4.185
129.31,1.723,-2.482,1.575,4.106,-0.165,4.181
129.32,1.391,-2.482,1.569,3.962,-0.165,4.174
129.33,1.349,-2.479,1.566,4.174,-0.165,4.174
129.34,1.452,-2.478,1.563,4.157,-0.165,4.174
129.35,1.853,-2.479,1.572,4.408,-0.165,4.181
129.36,1.364,-2.481,1.564,4.239,-0.165,4.182
129.37,1.651,-2.481,1.567,4.061,-0.166,4.178
129.38,1.306,-2.481,1.559,4.256,-0.168,4.179
129.39,1.855,-2.480,1.568,3.834,-0.167,4.169
129.40,1.482,-2.480,1.566,4.449,-0.167,4.177
129.41,1.702,-2.482,1.569,4.135,-0.169,4.174
129.42,1.631,-2.481,1.572,4.097,-0.168,4.173
129.43,1.538,-2.482,1.570,4.280,-0.168,4.176
129.44,1.560,-2.482,1.570,4.324,-0.167,4.182
129.45,1.397,-2.481,1.566,4.061,-0.167,4.178
129.46,1.590,-2.482,1.566,4.069,-0.168,4.173
129.47,1.374,-2.482,1.561,4.038,-0.170,4.168
129.48,1.616,-2.482,1.562,3.963,-0.171,4.161
129.49,1.489,-2.483,1.559,3.981,-0.172,4.154
129.50,1.541,-2.484,1.558,4.135,-0.171,4.153
129.51,1.468,-2.484,1.555,4.123,-0.172,4.151
129.52,1.433,-2.484,1.552,4.390,-0.172,4.159
129.53,1.544,-2.484,1.552,4.312,-0.174,4.162
129.54,1.824,-2.483,1.561,4.215,-0.174,4.163
129.55,1.512,-2.484,1.558,4.073,-0.174,4.160
129.56,1.620,-2.485,1.560,4.096,-0.174,4.158
129.57,1.396,-2.485,1.555,4.334,-0.174,4.163
129.58,1.382,-2.485,1.550,4.076,-0.174,4.161
129.59,1.296,-2.486,1.541,4.138,-0.174,4.160
129.60,1.593,-2.486,1.542,4.185,-0.173,4.161
129.61,1.491,-2.489,1.538,4.045,-0.172,4.159
129.62,1.601,-2.489,1.540,4.155,-0.173,4.158
129.63,1.802,-2.489,1.548,4.487,-0.173,4.167
129.64,1.555,-2.490,1.547,4.166,-0.175,4.166
129.65,1.780,-2.489,1.556,4.351,-0.174,4.173
129.66,1.682,-2.489,1.560,4.306,-0.175,4.176
129.67,1.485,-2.489,1.558,3.937,-0.176,4.167
129.68,1.489,-2.490,1.555,4.324,-0.176,4.172
129.69,1.538,-2.491,1.553,4.172,-0.176,4.172
129.70,1.652,-2.491,1.556,4.164,-0.177,4.171
129.71,1.449,-2.492,1.553,4.217,-0.175,4.174
129.72,1.727,-2.492,1.558,4.051,-0.176,4.170
129.73,1.701,-2.495,1.560,4.074,-0.176,4.167
129.74,1.355,-2.497,1.552,4.148,-0.175,4.167
129.75,1.648,-2.498,1.554,4.355,-0.174,4.174
129.76,1.571,-2.499,1.554,4.384,-0.175,4.180
129.77,1.708,-2.501,1.557,4.022,-0.175,4.175
129.78,1.351,-2.500,1.551,4.289,-0.174,4.180
129.79,1.777,-2.501,1.558,4.235,-0.175,4.180
129.80,1.693,-2.502,1.561,4.103,-0.174,4.179
129.81,1.504,-2.501,1.560,4.355,-0.174,4.185
129.82,1.388,-2.501,1.556,4.275,-0.174,4.187
129.83,1.537,-2.501,1.555,4.100,-0.174,4.185
129.84,1.360,-2.501,1.549,4.094,-0.174,4.182
129.85,1.666,-2.503,1.551,4.347,-0.174,4.188
129.86,1.745,-2.502,1.559,4.002,-0.174,4.182
129.87,1.399,-2.499,1.557,4.048,-0.173,4.179
129.88,1.794,-2.498,1.565,4.155,-0.173,4.179
129.89,1.633,-2.499,1.567,4.391,-0.173,4.185
129.90,1.717,-2.500,1.571,4.344,-0.172,4.191
129.91,1.664,-2.500,1.574,4.034,-0.171,4.187
129.92,1.529,-2.500,1.573,4.283,-0.171,4.190
129.93,1.345,-2.502,1.565,4.137,-0.171,4.189
129.94,1.489,-2.502,1.562,4.364,-0.171,4.195
129.95,1.411,-2.503,1.557,4.215,-0.170,4.197
129.96,1.567,-2.503,1.558,4.399,-0.170,4.202
129.97,1.431,-2.504,1.553,4.193,-0.170,4.203
129.98,1.573,-2.504,1.554,3.895,-0.170,4.193
129.99,1.539,-2.504,1.553,4.104,-0.172,4.189
130.00,1.426,-2.506,1.548,4.166,-0.172,4.188
130.01,1.524,-2.505,1.548,3.849,-0.173,4.177
130.03,1.485,-2.508,1.544,4.359,-0.172,4.183
130.03,1.689,-2.508,1.548,4.070,-0.173,4.179
130.04,1.465,-2.509,1.545,4.057,-0.173,4.176
130.05,1.810,-2.510,1.553,4.255,-0.173,4.178
130.06,1.369,-2.511,1.546,4.086,-0.174,4.175
130.07,1.581,-2.512,1.547,3.929,-0.175,4.166
130.08,1.576,-2.512,1.548,4.071,-0.176,4.162
130.09,1.560,-2.512,1.548,4.528,-0.176,4.173
130.10,1.670,-2.512,1.552,3.974,-0.175,4.168
130.11,1.745,-2.513,1.557,4.218,-0.175,4.170
130.13,1.343,-2.512,1.551,4.357,-0.177,4.174
130.14,1.652,-2.514,1.553,4.184,-0.177,4.174
130.15,1.498,-2.515,1.551,4.325,-0.177,4.178
130.15,1.757,-2.517,1.555,4.391,-0.177,4.185
130.16,1.525,-2.517,1.555,4.162,-0.177,4.184
130.17,1.513,-2.516,1.554,4.160,-0.177,4.184
130.19,1.407,-2.517,1.550,4.347,-0.179,4.187
130.20,1.751,-2.515,1.558,4.158,-0.179,4.186
130.21,1.501,-2.516,1.556,4.154,-0.179,4.185
130.22,1.533,-2.516,1.555,4.015,-0.179,4.180
130.23,1.631,-2.517,1.557,4.534,-0.179,4.191
130.24,1.533,-2.515,1.558,4.090,-0.180,4.187
130.24,1.569,-2.517,1.557,4.285,-0.181,4.190
130.26,1.391,-2.519,1.551,3.995,-0.181,4.184
130.27,1.560,-2.519,1.550,3.962,-0.181,4.177
130.28,1.482,-2.519,1.549,4.085,-0.183,4.173
130.29,1.644,-2.519,1.552,4.564,-0.183,4.185
130.30,1.807,-2.520,1.559,4.082,-0.184,4.181
130.31,1.492,-2.522,1.556,4.281,-0.183,4.185
130.32,1.696,-2.524,1.559,4.181,-0.182,4.186
130.33,1.382,-2.524,1.554,4.347,-0.182,4.192
130.34,1.670,-2.524,1.557,4.407,-0.182,4.198
130.35,1.699,-2.526,1.560,4.504,-0.182,4.208
130.36,1.268,-2.525,1.552,4.248,-0.183,4.209
130.37,1.517,-2.526,1.551,4.225,-0.182,4.210
130.38,1.671,-2.526,1.555,4.268,-0.183,4.212
130.39,1.640,-2.527,1.556,4.252,-0.183,4.213
130.40,1.691,-2.528,1.560,4.323,-0.185,4.215
130.41,1.416,-2.531,1.554,4.078,-0.185,4.211
130.42,1.437,-2.532,1.549,4.226,-0.184,4.213
130.43,1.693,-2.533,1.553,4.196,-0.183,4.214
130.44,1.314,-2.532,1.547,4.358,-0.183,4.219
130.45,1.705,-2.533,1.551,4.025,-0.183,4.213
130.46,1.858,-2.534,1.560,4.023,-0.183,4.208
130.47,1.748,-2.534,1.566,4.214,-0.183,4.208
130.48,1.504,-2.534,1.565,4.035,-0.184,4.203
130.49,1.505,-2.532,1.565,4.199,-0.185,4.202
130.50,1.829,-2.532,1.574,4.144,-0.185,4.201
130.51,1.533,-2.532,1.573,4.197,-0.184,4.202
130.52,1.574,-2.534,1.572,4.106,-0.183,4.200
130.53,1.397,-2.536,1.565,3.999,-0.185,4.192
130.54,1.521,-2.536,1.564,4.334,-0.186,4.196
130.55,1.451,-2.537,1.560,4.177,-0.185,4.196
130.56,1.590,-2.538,1.560,3.825,-0.186,4.184
130.57,1.391,-2.538,1.556,4.418,-0.185,4.192
130.58,1.561,-2.539,1.555,4.190,-0.184,4.193
130.59,1.335,-2.539,1.549,4.124,-0.184,4.192
130.60,1.459,-2.537,1.548,3.874,-0.183,4.183
130.61,1.474,-2.536,1.547,4.006,-0.184,4.177
130.62,1.621,-2.538,1.548,4.436,-0.182,4.186
130.63,1.552,-2.537,1.549,4.099,-0.181,4.185
130.64,1.538,-2.536,1.550,4.101,-0.181,4.182
130.65,1.522,-2.537,1.549,4.026,-0.182,4.177
130.66,1.598,-2.535,1.552,4.003,-0.182,4.172
130.67,1.404,-2.536,1.547,4.004,-0.181,4.167
130.68,1.566,-2.536,1.548,3.978,-0.180,4.163
130.69,1.672,-2.538,1.550,4.186,-0.181,4.162
130.70,1.710,-2.538,1.555,4.228,-0.180,4.164
130.71,1.628,-2.538,1.558,4.247,-0.180,4.167
130.72,1.582,-2.538,1.558,4.305,-0.181,4.170
130.73,1.658,-2.539,1.561,4.331,-0.180,4.176
130.74,1.340,-2.541,1.553,4.337,-0.180,4.181
130.75,1.455,-2.542,1.549,4.221,-0.181,4.181
130.76,1.454,-2.543,1.546,4.018,-0.180,4.177
130.77,1.626,-2.544,1.548,4.196,-0.180,4.178
130.78,1.761,-2.544,1.554,4.121,-0.182,4.174
130.79,1.812,-2.544,1.563,4.310,-0.180,4.180
130.80,1.501,-2.542,1.563,4.223,-0.181,4.181
130.81,1.604,-2.543,1.564,4.347,-0.181,4.186
130.82,1.510,-2.542,1.563,4.420,-0.182,4.192
130.83,1.881,-2.542,1.574,4.057,-0.182,4.188
130.84,1.534,-2.542,1.573,4.295,-0.183,4.190
130.85,1.562,-2.542,1.573,4.242,-0.184,4.191
130.86,1.671,-2.542,1.577,4.376,-0.184,4.198
130.87,1.767,-2.542,1.583,4.113,-0.185,4.194
130.88,1.712,-2.543,1.587,4.040,-0.186,4.189
130.89,1.514,-2.542,1.586,4.064,-0.185,4.186
130.90,1.648,-2.540,1.590,4.189,-0.184,4.187
130.91,1.696,-2.539,1.595,4.387,-0.184,4.193
130.92,1.480,-2.541,1.591,4.116,-0.183,4.191
130.93,1.628,-2.543,1.591,4.230,-0.184,4.193
130.94,1.663,-2.541,1.595,4.034,-0.184,4.188
130.95,1.399,-2.541,1.589,3.897,-0.186,4.177
130.96,1.500,-2.542,1.587,3.985,-0.185,4.172
130.97,1.698,-2.543,1.590,3.876,-0.185,4.163
130.98,1.779,-2.542,1.597,4.326,-0.185,4.168
130.99,1.367,-2.540,1.592,4.119,-0.185,4.166
131.00,1.900,-2.541,1.601,4.197,-0.186,4.166
131.01,1.471,-2.543,1.597,4.166,-0.187,4.165
131.02,1.651,-2.544,1.598,4.086,-0.187,4.163
131.03,1.342,-2.546,1.589,3.937,-0.187,4.155
131.04,1.691,-2.548,1.591,4.403,-0.187,4.162
131.05,1.661,-2.547,1.594,4.046,-0.185,4.161
131.06,1.516,-2.550,1.589,4.084,-0.186,4.158
131.07,1.465,-2.551,1.585,4.176,-0.185,4.159
131.08,1.600,-2.551,1.586,4.139,-0.186,4.157
131.09,1.471,-2.550,1.584,4.233,-0.186,4.160
131.10,1.517,-2.552,1.581,4.088,-0.185,4.158
131.11,1.619,-2.552,1.582,4.176,-0.186,4.158
131.12,1.558,-2.555,1.580,3.916,-0.186,4.150
131.13,1.743,-2.556,1.584,4.321,-0.186,4.155
131.14,1.747,-2.556,1.589,4.149,-0.186,4.155
131.15,1.437,-2.558,1.584,3.915,-0.186,4.147
131.16,1.584,-2.559,1.583,3.936,-0.186,4.140
131.17,1.624,-2.560,1.584,4.056,-0.186,4.137
131.18,1.835,-2.559,1.593,3.919,-0.187,4.130
131.19,1.545,-2.560,1.592,4.342,-0.187,4.135
131.20,1.741,-2.561,1.596,4.125,-0.186,4.135
131.21,1.565,-2.562,1.595,4.092,-0.186,4.134
131.22,1.591,-2.563,1.594,4.085,-0.185,4.133
131.23,1.585,-2.562,1.595,3.998,-0.185,4.129
131.24,1.651,-2.562,1.598,4.112,-0.185,4.128
131.25,1.608,-2.562,1.598,4.352,-0.184,4.135
131.26,1.491,-2.560,1.598,4.481,-0.185,4.144
131.27,1.509,-2.560,1.596,4.228,-0.186,4.146
131.28,1.587,-2.560,1.597,4.242,-0.186,4.148
131.29,1.520,-2.562,1.592,3.825,-0.188,4.137
131.30,1.743,-2.564,1.596,4.118,-0.188,4.136
131.31,1.816,-2.566,1.601,4.246,-0.189,4.138
131.32,1.451,-2.567,1.597,4.120,-0.189,4.137
131.33,1.780,-2.567,1.603,4.125,-0.189,4.137
131.34,1.430,-2.568,1.598,4.081,-0.188,4.135
131.35,1.656,-2.567,1.601,4.194,-0.186,4.139
131.36,1.479,-2.566,1.598,4.257,-0.185,4.143
131.37,1.761,-2.567,1.603,4.256,-0.185,4.147
131.38,1.570,-2.565,1.605,4.156,-0.185,4.147
131.39,1.352,-2.565,1.598,4.529,-0.186,4.158
131.40,1.539,-2.566,1.596,4.197,-0.186,4.158
131.41,1.826,-2.566,1.604,4.318,-0.187,4.162
131.42,1.489,-2.568,1.599,4.137,-0.188,4.161
131.43,1.648,-2.570,1.599,4.234,-0.188,4.163
131.44,1.776,-2.569,1.606,4.259,-0.188,4.166
131.45,1.356,-2.568,1.600,4.224,-0.189,4.167
131.46,1.388,-2.568,1.594,4.203,-0.189,4.168
131.47,1.787,-2.569,1.599,4.162,-0.188,4.168
131.48,1.472,-2.572,1.594,4.112,-0.189,4.166
131.49,1.683,-2.573,1.595,4.041,-0.190,4.161
131.50,1.517,-2.574,1.593,4.138,-0.191,4.159
131.51,1.568,-2.575,1.592,4.075,-0.191,4.157
131.52,1.478,-2.574,1.590,4.098,-0.192,4.154
131.53,1.757,-2.575,1.595,3.980,-0.191,4.149
131.54,1.618,-2.577,1.594,4.160,-0.190,4.151
131.56,1.505,-2.580,1.589,4.270,-0.192,4.152
131.57,1.506,-2.579,1.588,4.059,-0.192,4.149
131.57,1.419,-2.578,1.584,4.364,-0.192,4.156
131.59,1.565,-2.580,1.583,4.356,-0.192,4.162
131.60,1.685,-2.580,1.586,4.011,-0.192,4.157
131.61,1.490,-2.582,1.581,4.115,-0.193,4.156
131.61,1.557,-2.582,1.581,3.929,-0.193,4.149
131.62,1.298,-2.584,1.571,4.181,-0.192,4.150
131.64,1.589,-2.586,1.570,4.222,-0.193,4.151
131.65,1.456,-2.587,1.567,4.042,-0.192,4.149
131.65,1.628,-2.586,1.570,4.381,-0.191,4.157
131.67,1.664,-2.586,1.572,4.263,-0.192,4.160
131.68,1.515,-2.587,1.570,4.166,-0.192,4.159
131.69,1.767,-2.589,1.575,3.944,-0.191,4.154
131.69,1.551,-2.588,1.576,4.097,-0.190,4.153
131.70,1.372,-2.589,1.569,4.194,-0.189,4.155
131.71,1.642,-2.588,1.572,3.980,-0.188,4.151
131.73,1.557,-2.588,1.573,3.855,-0.189,4.141
131.74,1.623,-2.588,1.574,4.139,-0.188,4.141
131.75,1.530,-2.589,1.573,4.423,-0.189,4.149
131.76,1.590,-2.588,1.575,4.228,-0.188,4.152
131.77,1.570,-2.590,1.573,4.311,-0.187,4.157
131.78,1.739,-2.592,1.576,4.178,-0.189,4.157
131.79,1.572,-2.594,1.575,4.211,-0.189,4.158
131.80,1.376,-2.594,1.569,4.210,-0.189,4.160
131.81,1.553,-2.594,1.569,4.404,-0.190,4.166
131.82,1.644,-2.594,1.572,4.070,-0.189,4.164
131.83,1.664,-2.594,1.575,4.262,-0.190,4.166
131.84,1.580,-2.595,1.575,3.960,-0.191,4.159
131.85,1.483,-2.596,1.571,4.159,-0.190,4.160
131.86,1.659,-2.597,1.574,4.262,-0.191,4.162
131.87,1.585,-2.597,1.575,4.213,-0.190,4.164
131.88,1.427,-2.598,1.569,4.328,-0.192,4.168
131.89,1.293,-2.599,1.560,4.130,-0.192,4.167
131.90,1.576,-2.599,1.561,4.239,-0.191,4.170
131.91,1.369,-2.599,1.555,4.278,-0.192,4.173
131.92,1.735,-2.599,1.561,4.085,-0.193,4.169
131.93,1.547,-2.597,1.563,4.345,-0.193,4.175
131.94,1.727,-2.599,1.567,4.730,-0.193,4.192
131.95,1.269,-2.599,1.558,4.059,-0.194,4.188
131.96,1.338,-2.598,1.552,4.046,-0.193,4.184
131.97,1.527,-2.599,1.550,4.376,-0.192,4.191
131.98,1.511,-2.600,1.549,4.240,-0.193,4.192
131.99,1.427,-2.602,1.543,4.264,-0.193,4.194
132.00,1.713,-2.602,1.549,4.162,-0.195,4.192
132.01,1.639,-2.603,1.550,4.007,-0.195,4.186
132.02,1.708,-2.602,1.557,4.175,-0.196,4.186
132.03,1.682,-2.601,1.562,4.211,-0.196,4.187
132.04,1.595,-2.602,1.562,3.947,-0.197,4.179
132.05,1.689,-2.602,1.567,4.408,-0.198,4.185
132.06,1.566,-2.602,1.567,4.137,-0.198,4.184
132.07,1.495,-2.602,1.565,4.288,-0.197,4.189
132.08,1.648,-2.602,1.568,4.173,-0.197,4.188
132.09,1.638,-2.604,1.569,4.513,-0.197,4.198
132.10,1.593,-2.604,1.569,3.993,-0.197,4.193
132.11,1.776,-2.605,1.576,4.364,-0.195,4.200
132.12,1.238,-2.604,1.567,4.120,-0.195,4.198
132.13,1.642,-2.605,1.569,3.966,-0.195,4.191
132.14,1.820,-2.603,1.578,4.147,-0.195,4.190
132.15,1.570,-2.604,1.578,4.130,-0.195,4.188
132.16,1.769,-2.606,1.582,4.157,-0.195,4.188
132.17,1.548,-2.608,1.580,4.541,-0.195,4.199
132.18,1.608,-2.609,1.580,3.967,-0.194,4.193
132.19,1.405,-2.609,1.575,4.277,-0.194,4.196
132.20,1.537,-2.610,1.574,4.303,-0.194,4.199
132.21,1.717,-2.611,1.577,4.293,-0.194,4.203
132.22,1.639,-2.610,1.581,4.031,-0.194,4.197
132.23,1.806,-2.610,1.588,4.196,-0.195,4.197
132.24,1.457,-2.610,1.585,4.018,-0.194,4.193
132.25,1.437,-2.611,1.580,4.244,-0.194,4.194
132.26,1.758,-2.608,1.589,4.211,-0.195,4.195
132.27,1.353,-2.608,1.582,3.924,-0.196,4.186
132.28,1.593,-2.608,1.583,4.335,-0.195,4.191
132.29,1.585,-2.609,1.583,4.313,-0.196,4.194
132.30,1.450,-2.609,1.579,4.042,-0.194,4.192
132.31,1.541,-2.608,1.579,4.204,-0.193,4.193
132.32,1.627,-2.608,1.581,4.283,-0.194,4.196
132.33,1.600,-2.609,1.581,4.058,-0.194,4.191
132.34,1.501,-2.610,1.578,3.923,-0.194,4.184
132.35,1.539,-2.609,1.578,4.200,-0.195,4.183
132.36,1.518,-2.610,1.576,4.198,-0.194,4.185
132.37,1.573,-2.610,1.576,4.089,-0.194,4.182
132.38,1.673,-2.610,1.580,4.321,-0.193,4.187
132.39,1.646,-2.609,1.583,3.881,-0.194,4.177
132.40,1.698,-2.612,1.584,4.223,-0.194,4.179
132.41,1.478,-2.611,1.583,4.186,-0.194,4.179
132.42,1.534,-2.612,1.581,4.128,-0.195,4.177
132.43,1.512,-2.610,1.580,4.134,-0.196,4.175
132.44,1.644,-2.611,1.582,4.144,-0.197,4.173
132.45,1.706,-2.612,1.585,4.318,-0.198,4.176
132.46,1.571,-2.612,1.585,4.048,-0.198,4.172
132.47,1.632,-2.611,1.588,4.016,-0.197,4.169
132.48,1.870,-2.611,1.597,4.003,-0.197,4.163
132.49,1.681,-2.613,1.599,4.183,-0.198,4.163
132.50,1.510,-2.613,1.597,4.093,-0.200,4.159
132.51,1.501,-2.612,1.595,3.972,-0.199,4.154
132.52,1.459,-2.615,1.588,4.102,-0.201,4.151
132.53,1.447,-2.616,1.584,4.304,-0.200,4.156
132.54,1.473,-2.615,1.582,3.987,-0.201,4.150
132.55,1.576,-2.616,1.581,4.121,-0.200,4.150
132.56,1.858,-2.615,1.591,4.202,-0.201,4.150
132.57,1.614,-2.613,1.594,4.032,-0.201,4.147
132.58,1.632,-2.615,1.594,3.883,-0.200,4.139
132.59,1.639,-2.615,1.595,4.189,-0.201,4.139
132.60,1.750,-2.616,1.600,4.229,-0.200,4.143
132.61,1.634,-2.615,1.602,4.190,-0.200,4.144
132.62,1.699,-2.616,1.605,4.260,-0.200,4.147
132.63,1.568,-2.616,1.604,3.898,-0.202,4.137
132.64,1.419,-2.614,1.601,4.076,-0.202,4.135
132.65,1.738,-2.614,1.606,4.119,-0.203,4.134
132.66,1.566,-2.615,1.605,4.085,-0.204,4.131
132.67,1.512,-2.614,1.604,4.142,-0.205,4.130
132.68,1.769,-2.615,1.608,4.336,-0.204,4.138
132.69,1.641,-2.613,1.611,4.303,-0.202,4.144
132.70,1.440,-2.615,1.605,3.983,-0.202,4.139
132.71,1.640,-2.614,1.607,4.301,-0.203,4.143
132.72,1.678,-2.617,1.607,4.260,-0.204,4.146
132.73,1.756,-2.617,1.613,4.412,-0.204,4.154
132.74,1.322,-2.617,1.604,3.986,-0.203,4.150
132.75,1.516,-2.618,1.601,3.892,-0.203,4.142
132.76,1.506,-2.618,1.599,4.084,-0.202,4.140
132.77,1.899,-2.618,1.608,4.181,-0.202,4.141
132.78,1.244,-2.618,1.598,3.974,-0.205,4.133
132.79,1.703,-2.617,1.603,4.419,-0.203,4.144
132.80,1.624,-2.617,1.604,4.165,-0.203,4.144
132.81,1.271,-2.619,1.592,3.947,-0.203,4.138
132.82,1.578,-2.619,1.592,3.968,-0.204,4.132
132.83,1.380,-2.621,1.584,4.339,-0.204,4.138
132.84,1.515,-2.619,1.584,4.630,-0.205,4.152
132.85,1.392,-2.622,1.576,3.971,-0.205,4.147
132.86,1.430,-2.624,1.569,4.235,-0.206,4.148
132.87,1.566,-2.626,1.568,4.288,-0.206,4.153
132.88,1.396,-2.627,1.562,4.069,-0.206,4.150
132.89,1.556,-2.627,1.562,4.180,-0.207,4.150
132.90,1.531,-2.628,1.560,4.346,-0.207,4.155
132.91,1.465,-2.628,1.557,4.190,-0.208,4.156
132.92,1.316,-2.626,1.552,4.008,-0.207,4.152
132.93,1.695,-2.626,1.557,4.215,-0.209,4.152
132.94,1.560,-2.626,1.556,4.420,-0.209,4.161
132.95,1.637,-2.626,1.559,4.220,-0.209,4.163
132.96,1.666,-2.627,1.561,3.856,-0.208,4.154
132.97,1.601,-2.628,1.562,4.085,-0.207,4.153
132.98,1.802,-2.628,1.569,4.117,-0.207,4.152
132.99,1.779,-2.630,1.574,4.491,-0.208,4.162
133.00,1.513,-2.633,1.569,4.293,-0.207,4.166
133.01,1.377,-2.634,1.563,3.976,-0.206,4.162
133.02,1.562,-2.634,1.564,3.993,-0.207,4.156
133.03,1.620,-2.634,1.565,4.097,-0.206,4.155
133.04,1.715,-2.633,1.571,4.156,-0.207,4.154
133.06,1.405,-2.633,1.566,4.199,-0.207,4.155
133.07,1.599,-2.635,1.566,4.057,-0.208,4.152
133.07,1.772,-2.637,1.571,4.536,-0.207,4.164
133.09,1.715,-2.638,1.574,4.313,-0.208,4.168
133.10,1.656,-2.638,1.577,4.267,-0.207,4.172
133.11,1.599,-2.638,1.578,4.234,-0.207,4.174
133.12,1.451,-2.639,1.574,3.865,-0.209,4.163
133.13,1.478,-2.639,1.571,4.099,-0.209,4.161
133.14,1.331,-2.641,1.562,4.026,-0.208,4.158
133.15,1.567,-2.641,1.562,4.139,-0.208,4.158
133.16,1.186,-2.642,1.550,4.004,-0.209,4.152
133.17,1.540,-2.642,1.550,4.227,-0.209,4.154
133.18,1.573,-2.645,1.548,4.163,-0.210,4.154
133.19,1.822,-2.645,1.556,4.151,-0.210,4.153
133.20,1.560,-2.646,1.556,4.406,-0.209,4.162
133.21,1.568,-2.647,1.556,4.089,-0.209,4.160
133.22,1.571,-2.647,1.556,4.409,-0.209,4.168
133.23,1.836,-2.646,1.566,4.245,-0.208,4.171
133.24,1.544,-2.647,1.564,4.588,-0.208,4.184
133.25,1.376,-2.648,1.558,4.246,-0.208,4.186
133.26,1.528,-2.648,1.557,4.388,-0.208,4.193
133.27,1.521,-2.649,1.556,3.879,-0.208,4.184
133.28,1.617,-2.650,1.557,3.964,-0.207,4.179
133.29,1.631,-2.650,1.559,4.278,-0.207,4.182
133.30,1.340,-2.651,1.552,4.122,-0.207,4.181
133.31,1.949,-2.650,1.565,4.375,-0.206,4.187
133.32,1.668,-2.650,1.569,4.138,-0.208,4.185
133.33,1.427,-2.649,1.566,4.349,-0.207,4.190
133.34,1.407,-2.649,1.561,3.962,-0.207,4.184
133.35,1.477,-2.649,1.559,4.074,-0.208,4.180
133.36,1.536,-2.651,1.556,4.124,-0.209,4.178
133.37,1.537,-2.652,1.555,4.246,-0.209,4.180
133.38,1.684,-2.652,1.560,3.958,-0.207,4.175
133.39,1.383,-2.652,1.554,4.114,-0.205,4.175
133.40,1.729,-2.652,1.560,4.456,-0.203,4.186
133.41,1.645,-2.653,1.562,4.022,-0.204,4.180
133.42,1.812,-2.652,1.571,4.199,-0.204,4.181
133.43,1.747,-2.652,1.576,4.139,-0.203,4.180
133.44,1.798,-2.653,1.583,4.227,-0.204,4.181
133.45,1.676,-2.653,1.586,4.278,-0.204,4.184
133.46,1.578,-2.653,1.586,3.923,-0.205,4.176
133.47,1.480,-2.654,1.582,4.247,-0.204,4.179
133.48,1.616,-2.654,1.585,4.036,-0.203,4.176
133.49,1.381,-2.655,1.578,4.088,-0.203,4.173
133.50,1.474,-2.655,1.575,3.690,-0.203,4.159
133.51,1.561,-2.654,1.576,3.756,-0.202,4.147
133.52,1.441,-2.654,1.572,4.163,-0.202,4.147
133.53,1.435,-2.654,1.569,4.243,-0.203,4.149
133.54,1.648,-2.653,1.572,4.273,-0.203,4.153
133.55,1.941,-2.654,1.582,4.249,-0.203,4.156
133.56,1.707,-2.657,1.584,4.390,-0.203,4.163
133.57,1.550,-2.655,1.586,4.289,-0.203,4.167
133.58,1.528,-2.656,1.583,4.038,-0.202,4.163
133.59,1.668,-2.659,1.584,4.127,-0.202,4.163
133.60,1.776,-2.658,1.590,4.242,-0.203,4.164
133.61,1.544,-2.661,1.587,4.431,-0.202,4.173
133.62,1.427,-2.661,1.582,3.781,-0.201,4.162
133.63,1.583,-2.663,1.581,4.416,-0.200,4.171
133.64,1.916,-2.663,1.592,4.465,-0.198,4.182
133.65,1.405,-2.665,1.584,4.392,-0.198,4.189
133.66,1.494,-2.665,1.582,4.042,-0.199,4.184
133.67,1.596,-2.667,1.582,3.941,-0.198,4.177
133.68,1.604,-2.667,1.583,4.516,-0.198,4.187
133.69,1.544,-2.667,1.582,4.488,-0.199,4.196
133.70,1.602,-2.666,1.584,4.207,-0.200,4.196
133.71,1.699,-2.665,1.589,3.933,-0.200,4.188
133.72,1.356,-2.667,1.580,4.092,-0.200,4.185
133.73,1.484,-2.668,1.577,4.135,-0.201,4.183
133.74,1.771,-2.667,1.585,4.413,-0.201,4.190
133.75,1.542,-2.666,1.585,4.205,-0.201,4.191
133.76,1.444,-2.665,1.582,4.291,-0.201,4.194
133.77,1.810,-2.666,1.588,4.330,-0.200,4.200
133.78,1.415,-2.670,1.580,4.051,-0.200,4.195
133.79,1.684,-2.671,1.582,4.444,-0.199,4.204
133.80,1.297,-2.672,1.573,4.035,-0.198,4.200
133.81,1.548,-2.672,1.573,3.980,-0.199,4.193
133.82,1.344,-2.669,1.569,4.094,-0.198,4.191
133.83,1.921,-2.670,1.579,4.140,-0.200,4.188
133.84,1.576,-2.670,1.580,4.036,-0.201,4.183
133.85,1.440,-2.670,1.576,4.293,-0.201,4.186
133.86,1.616,-2.672,1.575,4.086,-0.201,4.183
133.87,1.702,-2.672,1.579,4.007,-0.202,4.176
133.88,1.528,-2.672,1.578,4.352,-0.202,4.182
133.89,1.444,-2.673,1.574,4.210,-0.202,4.183
133.90,1.406,-2.675,1.568,4.092,-0.201,4.182
133.91,1.636,-2.674,1.571,4.157,-0.200,4.181
133.92,1.493,-2.675,1.567,4.418,-0.199,4.190
133.93,1.384,-2.675,1.562,4.236,-0.199,4.191
133.94,1.548,-2.676,1.561,4.099,-0.199,4.189
133.95,1.428,-2.677,1.556,3.665,-0.199,4.173
133.96,1.704,-2.679,1.560,4.383,-0.200,4.179
133.97,1.777,-2.679,1.566,3.877,-0.199,4.170
133.98,1.506,-2.678,1.565,3.866,-0.200,4.160
133.99,1.261,-2.680,1.555,4.115,-0.201,4.157
134.00,1.688,-2.680,1.559,4.162,-0.202,4.156
134.01,1.682,-2.682,1.561,4.389,-0.201,4.164
134.02,1.758,-2.680,1.569,4.367,-0.202,4.169
134.03,1.560,-2.681,1.569,3.997,-0.202,4.164
134.04,1.546,-2.681,1.569,4.345,-0.202,4.169
134.05,1.411,-2.683,1.562,4.167,-0.201,4.170
134.06,1.701,-2.683,1.566,4.615,-0.201,4.184
134.07,1.545,-2.683,1.566,4.181,-0.202,4.183
134.08,1.737,-2.684,1.571,3.966,-0.203,4.176
134.09,1.351,-2.685,1.564,3.968,-0.203,4.169
134.10,1.681,-2.686,1.567,4.193,-0.202,4.171
134.11,1.779,-2.687,1.573,4.142,-0.204,4.169
134.12,1.717,-2.687,1.577,4.308,-0.203,4.174
134.13,1.645,-2.686,1.580,4.314,-0.203,4.178
134.14,1.320,-2.687,1.573,4.256,-0.204,4.179
134.15,1.661,-2.687,1.576,4.038,-0.205,4.174
134.16,1.785,-2.686,1.583,3.952,-0.203,4.169
134.17,1.243,-2.686,1.573,3.922,-0.203,4.162
134.18,1.652,-2.687,1.576,4.283,-0.203,4.166
134.19,1.751,-2.689,1.579,4.281,-0.203,4.169
134.20,1.633,-2.689,1.581,4.383,-0.204,4.175
134.21,1.821,-2.690,1.589,4.392,-0.203,4.182
134.22,1.345,-2.690,1.582,4.273,-0.204,4.184
134.23,1.487,-2.690,1.579,4.299,-0.203,4.189
134.24,1.931,-2.689,1.591,3.906,-0.204,4.180
134.25,1.433,-2.690,1.586,4.366,-0.204,4.185
134.26,1.273,-2.689,1.578,4.205,-0.203,4.187
134.27,1.740,-2.690,1.582,4.112,-0.202,4.186
134.28,1.687,-2.692,1.584,4.199,-0.203,4.186
134.29,1.702,-2.694,1.586,3.968,-0.204,4.178
134.30,1.835,-2.695,1.593,3.898,-0.202,4.171
134.31,1.630,-2.696,1.594,4.106,-0.202,4.170
134.32,1.621,-2.698,1.594,4.445,-0.200,4.179
134.33,1.731,-2.699,1.598,4.354,-0.201,4.184
134.34,1.588,-2.699,1.598,4.229,-0.202,4.184
134.35,1.579,-2.700,1.597,4.162,-0.203,4.183
134.36,1.379,-2.699,1.592,3.994,-0.204,4.177
134.37,1.529,-2.701,1.589,4.187,-0.206,4.175
134.38,1.507,-2.702,1.586,4.220,-0.206,4.177
134.39,1.374,-2.703,1.579,4.402,-0.206,4.183
134.40,1.818,-2.705,1.585,3.982,-0.206,4.178
134.41,1.331,-2.704,1.578,4.284,-0.205,4.182
134.42,1.399,-2.707,1.571,4.290,-0.206,4.184
134.43,1.608,-2.706,1.573,4.044,-0.206,4.180
134.44,1.576,-2.706,1.574,4.230,-0.206,4.182
134.45,1.640,-2.708,1.575,3.927,-0.206,4.174
134.46,1.661,-2.706,1.580,4.374,-0.205,4.181
134.48,1.552,-2.708,1.577,3.952,-0.207,4.172
134.48,1.569,-2.708,1.577,4.128,-0.207,4.171
134.49,1.635,-2.710,1.578,4.289,-0.207,4.175
134.50,1.521,-2.709,1.578,4.357,-0.209,4.178
134.51,1.631,-2.709,1.580,4.146,-0.208,4.178
134.52,1.334,-2.708,1.574,4.050,-0.208,4.175
134.53,1.285,-2.707,1.567,4.052,-0.206,4.172
134.54,1.793,-2.707,1.574,3.933,-0.206,4.165
134.56,1.446,-2.707,1.570,4.286,-0.205,4.170
134.56,1.511,-2.709,1.567,4.224,-0.205,4.171
134.58,1.426,-2.710,1.562,4.320,-0.206,4.175
134.59,1.405,-2.711,1.556,4.242,-0.206,4.178
134.60,1.461,-2.713,1.552,4.122,-0.206,4.176
134.61,1.690,-2.714,1.555,4.290,-0.205,4.181
134.62,1.728,-2.714,1.561,4.246,-0.205,4.183
134.63,1.691,-2.712,1.567,4.064,-0.205,4.179
134.64,1.514,-2.713,1.565,4.256,-0.205,4.182
134.65,1.490,-2.715,1.561,4.041,-0.204,4.178
134.66,1.459,-2.714,1.559,4.309,-0.205,4.181
134.67,1.569,-2.715,1.559,4.210,-0.205,4.182
134.68,1.580,-2.713,1.562,4.299,-0.204,4.186
134.69,1.674,-2.712,1.566,4.133,-0.205,4.185
134.70,1.806,-2.713,1.573,4.196,-0.205,4.185
134.71,1.671,-2.710,1.579,4.277,-0.205,4.188
134.72,1.599,-2.712,1.579,4.215,-0.205,4.189
134.73,1.706,-2.713,1.582,4.361,-0.204,4.195
134.74,1.714,-2.717,1.583,4.155,-0.205,4.194
134.75,1.622,-2.715,1.587,4.339,-0.206,4.197
134.76,1.678,-2.714,1.590,4.143,-0.206,4.195
134.77,1.704,-2.716,1.593,4.055,-0.205,4.192
134.78,1.534,-2.716,1.592,4.237,-0.206,4.193
134.79,1.577,-2.713,1.594,4.167,-0.207,4.192
134.80,1.445,-2.714,1.590,4.174,-0.207,4.191
134.81,1.651,-2.715,1.591,4.136,-0.207,4.189
134.82,1.470,-2.716,1.587,4.205,-0.207,4.191
134.83,1.637,-2.716,1.589,4.170,-0.208,4.189
134.84,1.671,-2.716,1.592,3.977,-0.208,4.183
134.85,1.349,-2.718,1.583,4.070,-0.208,4.179
134.86,1.553,-2.714,1.587,4.161,-0.208,4.179
134.87,1.338,-2.715,1.579,4.113,-0.207,4.177
134.88,1.680,-2.716,1.581,3.974,-0.207,4.172
134.89,1.816,-2.716,1.589,4.169,-0.208,4.171
134.90,1.674,-2.716,1.592,4.300,-0.208,4.175
134.91,1.721,-2.715,1.597,4.328,-0.208,4.179
134.92,1.267,-2.716,1.587,4.244,-0.209,4.180
134.93,1.728,-2.715,1.592,4.094,-0.209,4.177
134.94,1.554,-2.714,1.593,4.272,-0.209,4.181
134.95,1.584,-2.714,1.593,4.418,-0.210,4.187
134.96,1.785,-2.713,1.601,4.195,-0.212,4.186
134.97,1.632,-2.714,1.601,4.321,-0.211,4.190
134.98,1.707,-2.716,1.603,4.270,-0.211,4.193
134.99,1.349,-2.717,1.595,3.981,-0.211,4.187
135.00,1.327,-2.717,1.587,4.183,-0.212,4.187
135.01,1.546,-2.718,1.586,4.167,-0.211,4.187
135.02,1.558,-2.718,1.585,4.016,-0.210,4.183
135.03,1.792,-2.720,1.590,3.994,-0.210,4.177
135.04,1.807,-2.720,1.597,4.224,-0.210,4.178
135.05,1.719,-2.720,1.601,3.854,-0.208,4.170
135.06,1.640,-2.722,1.601,4.059,-0.210,4.165
135.07,1.651,-2.722,1.603,4.230,-0.211,4.166
135.08,1.761,-2.721,1.610,4.137,-0.211,4.165
135.09,1.447,-2.723,1.603,3.938,-0.211,4.158
135.10,1.620,-2.726,1.602,4.265,-0.213,4.159
135.11,1.702,-2.727,1.604,4.307,-0.212,4.165
135.12,1.765,-2.726,1.611,4.086,-0.212,4.163
135.13,1.473,-2.724,1.610,4.271,-0.212,4.166
135.14,1.302,-2.721,1.603,4.134,-0.212,4.165
135.15,1.500,-2.721,1.601,3.925,-0.212,4.157
135.16,1.395,-2.723,1.593,4.355,-0.212,4.163
135.17,1.827,-2.723,1.601,4.055,-0.210,4.161
135.18,1.521,-2.723,1.599,4.477,-0.211,4.170
135.19,1.682,-2.725,1.600,4.548,-0.212,4.181
135.20,1.205,-2.727,1.587,4.343,-0.211,4.187
135.21,1.553,-2.729,1.584,4.004,-0.212,4.181
135.22,1.655,-2.728,1.587,4.289,-0.211,4.185
135.23,1.678,-2.730,1.589,4.118,-0.210,4.184
135.24,1.403,-2.729,1.584,4.658,-0.211,4.198
135.25,1.706,-2.730,1.587,4.411,-0.211,4.204
135.26,1.663,-2.729,1.591,4.262,-0.211,4.206
135.27,1.724,-2.731,1.594,4.043,-0.211,4.202
135.28,1.498,-2.730,1.592,4.325,-0.211,4.206
135.29,1.587,-2.731,1.592,3.894,-0.211,4.197
135.30,1.604,-2.731,1.592,4.481,-0.211,4.206
135.31,1.556,-2.732,1.591,4.278,-0.211,4.209
135.32,1.782,-2.733,1.597,3.935,-0.211,4.201
135.33,1.343,-2.733,1.589,4.121,-0.210,4.199
135.34,1.410,-2.732,1.585,4.190,-0.209,4.200
135.35,1.621,-2.733,1.586,4.159,-0.210,4.198
135.36,1.730,-2.733,1.590,4.267,-0.211,4.200
135.37,1.441,-2.732,1.587,4.248,-0.210,4.203
135.38,1.653,-2.730,1.591,4.068,-0.209,4.199
135.39,1.356,-2.730,1.585,4.384,-0.211,4.203
135.40,1.506,-2.728,1.585,4.469,-0.209,4.213
135.41,1.591,-2.727,1.586,4.314,-0.208,4.218
135.42,1.446,-2.727,1.582,4.176,-0.208,4.217
135.43,1.601,-2.728,1.582,4.303,-0.208,4.220
135.44,1.626,-2.728,1.584,4.364,-0.208,4.224
135.45,1.851,-2.729,1.592,4.161,-0.208,4.223
135.46,1.567,-2.729,1.591,4.072,-0.208,4.219
135.47,1.704,-2.729,1.595,4.130,-0.206,4.218
135.48,1.574,-2.729,1.594,4.202,-0.205,4.219
135.49,1.430,-2.727,1.591,4.134,-0.206,4.216
135.50,1.759,-2.728,1.596,4.145,-0.206,4.214
135.51,1.567,-2.729,1.595,4.112,-0.207,4.211
135.52,1.562,-2.730,1.593,3.909,-0.207,4.202
135.53,1.602,-2.733,1.591,4.513,-0.206,4.212
135.54,1.636,-2.733,1.593,4.084,-0.207,4.207
135.55,1.512,-2.734,1.589,4.216,-0.207,4.208
135.56,1.225,-2.735,1.579,4.229,-0.207,4.209
135.57,1.460,-2.737,1.573,4.148,-0.206,4.208
135.58,1.418,-2.737,1.568,4.076,-0.206,4.205
135.59,1.545,-2.737,1.568,4.248,-0.206,4.206
135.60,1.701,-2.737,1.572,4.207,-0.207,4.205
135.61,1.564,-2.738,1.571,4.298,-0.205,4.210
135.62,1.743,-2.739,1.575,4.223,-0.205,4.210
135.63,1.599,-2.737,1.578,4.176,-0.206,4.209
135.64,1.909,-2.738,1.588,4.183,-0.207,4.208
135.65,1.445,-2.740,1.582,4.130,-0.206,4.206
135.66,1.681,-2.740,1.585,4.025,-0.207,4.200
135.67,1.700,-2.742,1.587,4.046,-0.206,4.196
135.68,1.530,-2.743,1.585,4.443,-0.206,4.204
135.69,1.644,-2.744,1.587,4.228,-0.206,4.205
135.70,1.778,-2.744,1.593,4.356,-0.205,4.210
135.71,1.385,-2.743,1.587,4.237,-0.205,4.212
135.72,1.490,-2.745,1.583,4.200,-0.206,4.211
135.73,1.980,-2.746,1.594,3.995,-0.206,4.205
135.74,1.768,-2.746,1.600,4.201,-0.205,4.205
135.75,1.440,-2.746,1.596,4.143,-0.205,4.204
135.76,1.734,-2.747,1.600,4.176,-0.205,4.202
135.77,1.543,-2.747,1.598,3.897,-0.206,4.192
135.78,1.370,-2.748,1.591,4.197,-0.207,4.192
135.79,1.335,-2.747,1.585,3.995,-0.207,4.185
135.80,1.503,-2.748,1.581,4.318,-0.208,4.188
135.81,1.749,-2.748,1.587,4.168,-0.208,4.188
135.82,1.721,-2.751,1.589,4.244,-0.208,4.189
135.83,1.500,-2.750,1.587,4.379,-0.208,4.196
135.84,1.681,-2.752,1.589,3.928,-0.207,4.189
135.85,1.506,-2.752,1.587,4.135,-0.207,4.187
135.86,1.514,-2.753,1.584,4.212,-0.207,4.187
135.87,1.731,-2.755,1.587,4.147,-0.208,4.186
135.88,1.511,-2.757,1.583,4.180,-0.208,4.185
135.89,1.552,-2.756,1.583,4.108,-0.209,4.182
135.90,1.837,-2.756,1.592,4.297,-0.209,4.185
135.91,1.767,-2.755,1.599,4.031,-0.209,4.181
135.92,1.571,-2.755,1.598,4.375,-0.208,4.188
135.93,1.516,-2.755,1.596,4.194,-0.207,4.188
135.94,1.657,-2.755,1.599,4.380,-0.206,4.195
135.95,1.258,-2.754,1.589,4.179,-0.206,4.195
135.96,1.592,-2.755,1.589,4.184,-0.206,4.195
135.97,1.537,-2.757,1.586,4.036,-0.205,4.190
135.98,1.654,-2.756,1.589,4.420,-0.205,4.198
136.00,1.592,-2.757,1.589,4.305,-0.206,4.201
136.01,1.257,-2.759,1.577,4.352,-0.204,4.207
136.02,1.540,-2.759,1.576,4.082,-0.205,4.203
136.02,1.582,-2.758,1.578,3.953,-0.204,4.196
136.03,1.343,-2.757,1.571,4.058,-0.204,4.191
136.04,1.647,-2.757,1.574,3.953,-0.204,4.184
136.06,1.593,-2.759,1.574,4.522,-0.206,4.193
136.07,1.652,-2.759,1.576,4.377,-0.207,4.198
136.08,1.490,-2.760,1.573,4.131,-0.205,4.197
136.09,1.821,-2.761,1.580,4.115,-0.204,4.196
136.10,1.761,-2.759,1.588,4.267,-0.203,4.199
136.11,1.430,-2.759,1.583,4.308,-0.203,4.203
136.12,1.789,-2.760,1.589,4.073,-0.204,4.198
136.13,1.706,-2.761,1.591,4.268,-0.203,4.201
136.14,1.631,-2.762,1.592,4.213,-0.204,4.200
136.15,1.561,-2.762,1.591,4.122,-0.203,4.199
136.16,1.576,-2.763,1.591,3.962,-0.203,4.192
136.17,1.765,-2.763,1.596,4.109,-0.202,4.190
136.18,1.511,-2.763,1.594,4.268,-0.203,4.191
136.19,1.554,-2.764,1.593,4.119,-0.203,4.189
136.20,1.308,-2.762,1.586,4.095,-0.204,4.186
136.21,1.498,-2.764,1.582,3.896,-0.206,4.175
136.22,1.458,-2.763,1.580,4.279,-0.206,4.177
136.23,1.221,-2.763,1.569,4.154,-0.207,4.176
136.24,1.308,-2.761,1.563,4.265,-0.207,4.178
136.25,1.620,-2.759,1.567,4.358,-0.208,4.183
136.26,1.442,-2.760,1.562,4.082,-0.207,4.181
136.27,1.808,-2.762,1.568,4.369,-0.206,4.188
136.28,1.599,-2.763,1.568,4.106,-0.206,4.185
136.29,1.593,-2.763,1.569,4.427,-0.205,4.193
136.30,1.685,-2.763,1.572,4.447,-0.204,4.202
136.31,1.592,-2.764,1.573,4.063,-0.204,4.198
136.32,1.834,-2.765,1.580,4.228,-0.203,4.199
136.33,1.685,-2.765,1.584,3.975,-0.201,4.194
136.34,1.636,-2.766,1.585,4.340,-0.201,4.199
136.35,1.874,-2.766,1.593,4.193,-0.201,4.199
136.36,1.723,-2.767,1.597,4.149,-0.201,4.197
136.37,1.431,-2.767,1.592,4.191,-0.201,4.197
136.38,1.974,-2.768,1.604,4.220,-0.202,4.197
136.39,1.645,-2.768,1.606,4.121,-0.201,4.196
136.40,1.747,-2.769,1.609,3.865,-0.202,4.185
136.41,1.721,-2.771,1.612,3.869,-0.202,4.175
136.42,1.406,-2.772,1.604,4.365,-0.202,4.181
136.43,1.590,-2.772,1.605,4.302,-0.201,4.185
136.44,1.616,-2.773,1.605,4.095,-0.200,4.183
136.45,1.626,-2.772,1.607,4.002,-0.201,4.177
136.46,1.460,-2.771,1.604,4.076,-0.202,4.172
136.47,1.780,-2.773,1.608,4.412,-0.200,4.181
136.48,1.425,-2.772,1.604,4.406,-0.199,4.189
136.49,1.595,-2.772,1.605,4.096,-0.199,4.186
136.50,1.521,-2.772,1.602,4.387,-0.200,4.192
136.51,1.514,-2.772,1.600,4.174,-0.199,4.192
136.52,1.710,-2.770,1.606,4.252,-0.199,4.193
136.53,1.599,-2.771,1.605,4.248,-0.201,4.194
136.54,1.716,-2.770,1.611,3.941,-0.202,4.184
136.55,1.724,-2.768,1.616,4.176,-0.202,4.185
136.56,1.408,-2.769,1.609,4.352,-0.202,4.189
136.57,1.723,-2.770,1.612,4.368,-0.201,4.196
136.58,1.527,-2.771,1.610,4.218,-0.200,4.197
136.59,1.485,-2.770,1.607,4.418,-0.199,4.205
136.60,1.756,-2.771,1.611,3.929,-0.200,4.195
136.61,1.555,-2.774,1.607,4.225,-0.201,4.195
136.62,1.657,-2.772,1.611,4.076,-0.200,4.193
136.63,1.709,-2.771,1.616,3.950,-0.201,4.185
136.64,1.491,-2.771,1.612,4.193,-0.201,4.184
136.65,1.376,-2.771,1.605,4.469,-0.202,4.193
136.66,1.729,-2.772,1.609,4.248,-0.201,4.195
136.67,1.372,-2.772,1.602,4.110,-0.200,4.193
136.68,1.852,-2.770,1.612,4.287,-0.199,4.197
136.69,1.546,-2.771,1.609,3.986,-0.199,4.191
136.70,1.536,-2.773,1.606,4.131,-0.200,4.188
136.71,1.538,-2.774,1.604,4.136,-0.199,4.188
136.72,1.463,-2.774,1.600,4.051,-0.199,4.183
136.73,1.457,-2.774,1.596,4.121,-0.199,4.181
136.74,1.694,-2.776,1.597,4.505,-0.199,4.191
136.75,1.538,-2.777,1.595,4.331,-0.199,4.195
136.76,1.514,-2.778,1.591,4.248,-0.199,4.197
136.77,1.647,-2.778,1.593,4.673,-0.197,4.213
136.78,1.784,-2.778,1.599,4.326,-0.196,4.218
136.79,1.601,-2.778,1.600,3.962,-0.195,4.211
136.80,1.328,-2.776,1.593,4.258,-0.194,4.213
136.81,1.641,-2.777,1.594,4.038,-0.195,4.208
136.82,1.496,-2.778,1.591,4.459,-0.196,4.214
136.83,1.615,-2.781,1.590,4.203,-0.197,4.213
136.84,1.606,-2.781,1.590,4.087,-0.196,4.210
136.85,1.560,-2.781,1.589,4.121,-0.196,4.208
136.86,1.639,-2.779,1.594,3.824,-0.197,4.196
136.87,1.500,-2.780,1.590,3.731,-0.197,4.181
136.88,1.700,-2.779,1.595,4.494,-0.197,4.190
136.89,1.709,-2.779,1.598,4.226,-0.197,4.191
136.90,1.225,-2.780,1.586,4.002,-0.197,4.185
136.91,1.652,-2.782,1.587,4.148,-0.197,4.184
136.92,1.642,-2.783,1.588,4.242,-0.197,4.185
136.93,1.376,-2.783,1.581,4.258,-0.197,4.188
136.94,1.592,-2.784,1.581,4.241,-0.197,4.189
136.95,1.711,-2.784,1.585,4.004,-0.198,4.183
136.96,1.575,-2.783,1.586,4.227,-0.198,4.184
136.97,1.568,-2.783,1.585,4.316,-0.199,4.186
136.98,1.636,-2.785,1.586,4.291,-0.200,4.189
136.99,1.559,-2.787,1.583,4.069,-0.199,4.186
137.00,1.378,-2.787,1.577,4.302,-0.200,4.189
137.01,1.566,-2.786,1.578,4.240,-0.200,4.190
137.02,1.594,-2.785,1.580,4.455,-0.200,4.198
137.03,1.673,-2.786,1.582,3.947,-0.200,4.191
137.04,1.496,-2.788,1.578,4.058,-0.199,4.187
137.05,1.463,-2.789,1.573,4.298,-0.199,4.190
137.06,1.711,-2.789,1.577,4.137,-0.200,4.188
137.07,2.033,-2.791,1.590,4.081,-0.198,4.187
137.08,1.840,-2.790,1.598,4.126,-0.198,4.184
137.09,1.847,-2.791,1.605,4.233,-0.198,4.186
137.10,1.659,-2.792,1.607,3.890,-0.198,4.177
137.11,1.455,-2.794,1.601,4.083,-0.199,4.173
137.12,1.748,-2.795,1.605,4.276,-0.198,4.177
137.13,1.644,-2.796,1.605,4.395,-0.197,4.184
137.14,1.550,-2.797,1.604,4.464,-0.198,4.192
137.15,1.700,-2.796,1.608,4.084,-0.196,4.190
137.16,1.684,-2.797,1.610,3.972,-0.198,4.182
137.17,1.326,-2.796,1.602,4.409,-0.197,4.190
137.18,1.812,-2.797,1.608,4.141,-0.196,4.189
137.19,1.676,-2.799,1.609,4.196,-0.197,4.188
137.20,1.517,-2.798,1.608,4.185,-0.196,4.189
137.21,1.620,-2.797,1.610,4.406,-0.198,4.193
137.22,1.702,-2.797,1.613,3.919,-0.199,4.184
137.23,1.469,-2.798,1.608,4.454,-0.199,4.193
137.24,1.523,-2.798,1.606,4.412,-0.198,4.200
137.25,1.590,-2.800,1.605,3.985,-0.196,4.196
137.26,1.850,-2.799,1.613,4.216,-0.194,4.198
137.27,1.540,-2.799,1.611,4.399,-0.195,4.203
137.28,1.361,-2.802,1.602,4.216,-0.194,4.204
137.29,1.743,-2.802,1.606,4.527,-0.192,4.216
137.30,1.791,-2.802,1.613,4.111,-0.193,4.213
137.31,1.614,-2.802,1.613,4.357,-0.194,4.217
137.32,1.511,-2.805,1.608,3.904,-0.193,4.208
137.33,1.470,-2.805,1.604,4.357,-0.193,4.212
137.34,1.511,-2.805,1.602,4.213,-0.193,4.212
137.35,1.672,-2.807,1.603,3.919,-0.193,4.204
137.36,1.471,-2.806,1.600,4.435,-0.193,4.210
137.37,1.753,-2.805,1.606,4.213,-0.195,4.209
137.38,1.576,-2.805,1.606,4.120,-0.195,4.207
137.39,1.419,-2.806,1.599,4.244,-0.194,4.208
137.40,1.563,-2.805,1.600,3.693,-0.195,4.192
137.41,1.858,-2.804,1.608,4.173,-0.196,4.191
137.42,1.757,-2.805,1.613,4.499,-0.195,4.201
137.43,1.709,-2.804,1.617,3.963,-0.196,4.193
137.44,1.572,-2.804,1.616,4.329,-0.195,4.197
137.45,1.549,-2.805,1.614,4.543,-0.196,4.207
137.46,1.705,-2.805,1.617,4.567,-0.196,4.218
137.47,1.603,-2.804,1.618,4.406,-0.196,4.225
137.48,1.288,-2.806,1.607,3.962,-0.196,4.216
137.49,1.744,-2.806,1.612,4.443,-0.196,4.224
137.51,1.696,-2.808,1.613,3.952,-0.196,4.215
137.51,1.683,-2.807,1.616,4.031,-0.198,4.208
137.53,1.459,-2.810,1.610,4.266,-0.198,4.210
137.54,1.621,-2.810,1.610,4.132,-0.197,4.208
137.55,1.894,-2.811,1.619,4.097,-0.197,4.206
137.56,1.482,-2.812,1.614,4.423,-0.196,4.213
137.57,1.325,-2.812,1.606,4.163,-0.195,4.213
137.57,1.514,-2.812,1.603,4.197,-0.195,4.213
137.59,1.518,-2.813,1.600,4.308,-0.194,4.216
137.60,1.489,-2.814,1.596,4.231,-0.196,4.215
137.61,1.842,-2.814,1.604,4.235,-0.196,4.215
137.62,1.642,-2.814,1.605,4.114,-0.197,4.212
137.63,1.540,-2.813,1.605,4.563,-0.196,4.223
137.64,1.361,-2.814,1.597,3.854,-0.196,4.213
137.65,1.808,-2.814,1.603,4.285,-0.197,4.214
137.66,1.386,-2.814,1.597,4.146,-0.197,4.212
137.67,1.489,-2.814,1.595,4.147,-0.197,4.210
137.68,1.655,-2.813,1.597,4.323,-0.197,4.214
137.69,1.778,-2.813,1.603,4.178,-0.197,4.213
137.70,1.589,-2.814,1.603,4.106,-0.197,4.209
137.71,1.621,-2.813,1.604,4.142,-0.197,4.208
137.72,1.634,-2.813,1.605,4.437,-0.196,4.216
137.73,1.650,-2.813,1.608,4.387,-0.196,4.221
137.74,1.219,-2.815,1.594,4.055,-0.196,4.216
137.75,1.459,-2.815,1.591,4.405,-0.196,4.223
137.76,1.579,-2.815,1.590,3.873,-0.195,4.212
137.77,1.583,-2.816,1.589,3.966,-0.195,4.205
137.78,1.502,-2.817,1.586,4.332,-0.196,4.208
137.79,1.849,-2.817,1.594,4.005,-0.196,4.202
137.80,1.741,-2.817,1.599,4.040,-0.197,4.196
137.81,1.374,-2.820,1.590,4.535,-0.196,4.207
137.82,1.539,-2.820,1.588,3.936,-0.195,4.200
137.83,1.475,-2.822,1.583,4.210,-0.193,4.202
137.84,1.501,-2.821,1.582,4.239,-0.194,4.203
137.85,1.502,-2.821,1.580,4.183,-0.194,4.202
137.86,1.564,-2.822,1.578,3.983,-0.194,4.195
137.87,1.661,-2.821,1.582,4.338,-0.194,4.199
137.88,1.425,-2.822,1.576,4.367,-0.195,4.203
137.89,1.407,-2.822,1.572,4.329,-0.196,4.207
137.90,1.753,-2.819,1.580,4.446,-0.195,4.214
137.91,1.824,-2.818,1.589,4.602,-0.195,4.227
137.92,1.780,-2.820,1.593,4.078,-0.194,4.223
137.93,1.649,-2.819,1.595,4.175,-0.195,4.221
137.94,1.560,-2.820,1.594,4.324,-0.196,4.223
137.95,1.425,-2.821,1.588,4.185,-0.196,4.222
137.96,1.979,-2.821,1.601,4.308,-0.196,4.225
137.97,1.623,-2.820,1.602,3.955,-0.195,4.218
137.98,1.493,-2.819,1.601,4.166,-0.196,4.215
137.99,1.635,-2.820,1.601,4.205,-0.195,4.216
138.00,1.590,-2.818,1.603,4.193,-0.195,4.215
138.01,1.444,-2.818,1.599,4.147,-0.196,4.213
138.02,1.624,-2.819,1.599,4.189,-0.196,4.212
138.03,1.436,-2.818,1.595,4.047,-0.198,4.206
138.04,1.590,-2.818,1.595,4.550,-0.197,4.217
138.05,1.758,-2.820,1.598,4.226,-0.197,4.217
138.06,1.869,-2.820,1.606,4.530,-0.198,4.226
138.07,1.833,-2.820,1.614,4.143,-0.198,4.224
138.08,1.461,-2.822,1.608,4.285,-0.199,4.225
138.09,1.612,-2.822,1.609,4.169,-0.200,4.223
138.10,1.340,-2.822,1.601,4.143,-0.200,4.221
138.11,1.458,-2.821,1.598,4.271,-0.200,4.222
138.12,1.658,-2.820,1.601,4.020,-0.199,4.217
138.13,1.364,-2.820,1.594,3.869,-0.198,4.207
138.14,1.595,-2.821,1.593,4.241,-0.199,4.208
138.15,1.393,-2.820,1.588,4.158,-0.198,4.207
138.16,1.651,-2.820,1.590,4.230,-0.198,4.208
138.17,1.484,-2.821,1.586,4.246,-0.199,4.208
138.18,1.687,-2.822,1.588,4.317,-0.198,4.212
138.19,1.429,-2.822,1.584,4.167,-0.198,4.211
138.20,1.342,-2.819,1.579,3.937,-0.198,4.203
138.21,1.602,-2.819,1.580,4.184,-0.197,4.203
138.22,1.374,-2.820,1.573,3.872,-0.197,4.193
138.23,1.514,-2.822,1.569,4.199,-0.198,4.192
138.24,1.577,-2.822,1.570,4.207,-0.199,4.191
138.25,1.633,-2.822,1.571,4.054,-0.199,4.187
138.26,1.487,-2.825,1.566,4.315,-0.199,4.191
138.27,1.646,-2.826,1.567,4.168,-0.200,4.189
138.28,1.827,-2.828,1.573,4.221,-0.200,4.190
138.29,1.767,-2.828,1.580,4.295,-0.201,4.192
138.30,1.657,-2.829,1.581,4.003,-0.201,4.186
138.31,1.159,-2.829,1.568,3.778,-0.203,4.171
138.32,1.507,-2.827,1.568,4.004,-0.202,4.167
138.33,1.583,-2.825,1.571,4.076,-0.202,4.164
138.34,1.460,-2.825,1.568,4.577,-0.201,4.177
138.35,1.733,-2.824,1.574,3.888,-0.200,4.169
138.36,1.405,-2.824,1.568,4.165,-0.201,4.168
138.37,1.859,-2.825,1.576,4.266,-0.200,4.171
138.38,1.496,-2.823,1.576,4.081,-0.200,4.168
138.39,1.400,-2.823,1.571,3.957,-0.200,4.161
138.40,1.725,-2.824,1.574,3.986,-0.202,4.154
138.41,1.573,-2.824,1.574,4.272,-0.202,4.157
138.42,1.646,-2.823,1.577,4.015,-0.202,4.153
138.43,1.813,-2.823,1.585,4.094,-0.201,4.151
138.44,1.535,-2.823,1.584,4.370,-0.201,4.157
138.45,1.363,-2.825,1.575,4.059,-0.202,4.153
138.46,1.530,-2.823,1.576,4.325,-0.203,4.157
138.47,1.300,-2.824,1.567,4.311,-0.204,4.160
138.48,1.642,-2.823,1.569,4.365,-0.205,4.165
138.49,1.621,-2.826,1.568,4.267,-0.204,4.169
138.50,1.724,-2.825,1.574,4.217,-0.205,4.169
138.51,1.439,-2.827,1.568,4.156,-0.205,4.169
138.52,1.829,-2.828,1.575,4.243,-0.205,4.171
138.53,1.531,-2.829,1.573,4.371,-0.205,4.177
138.54,1.674,-2.828,1.577,4.093,-0.205,4.175
138.55,1.565,-2.828,1.576,4.287,-0.205,4.177
138.56,1.708,-2.828,1.581,4.274,-0.206,4.180
138.57,1.156,-2.831,1.566,3.852,-0.206,4.169
138.58,1.447,-2.831,1.562,4.143,-0.207,4.168
138.59,1.601,-2.832,1.562,4.290,-0.206,4.172
138.60,1.634,-2.831,1.565,4.164,-0.207,4.170
138.61,1.451,-2.832,1.561,3.923,-0.208,4.162
138.62,1.345,-2.831,1.555,3.839,-0.207,4.152
138.63,1.801,-2.832,1.561,4.150,-0.209,4.151
138.64,1.704,-2.832,1.566,4.081,-0.208,4.149
138.65,1.661,-2.831,1.570,4.231,-0.209,4.150
138.66,1.697,-2.830,1.574,3.787,-0.209,4.139
138.67,1.580,-2.832,1.573,3.959,-0.209,4.132
138.68,1.748,-2.833,1.578,4.249,-0.209,4.136
138.69,1.417,-2.833,1.573,4.322,-0.208,4.142
138.70,1.348,-2.834,1.565,3.999,-0.208,4.137
138.71,1.333,-2.835,1.557,4.249,-0.207,4.141
138.72,1.719,-2.838,1.559,4.239,-0.207,4.143
138.73,1.571,-2.837,1.560,4.181,-0.208,4.143
138.74,1.644,-2.837,1.563,4.203,-0.208,4.145
138.75,1.570,-2.838,1.562,4.538,-0.208,4.156
138.76,1.615,-2.837,1.564,4.193,-0.209,4.157
138.77,1.565,-2.838,1.564,4.450,-0.209,4.165
138.78,1.710,-2.838,1.568,4.674,-0.209,4.181
138.79,1.602,-2.838,1.569,4.283,-0.209,4.184
138.80,1.365,-2.839,1.562,4.038,-0.211,4.178
138.81,1.693,-2.839,1.566,4.503,-0.211,4.188
138.82,1.581,-2.840,1.566,4.060,-0.210,4.185
138.83,1.514,-2.839,1.565,4.105,-0.210,4.182
138.84,1.541,-2.840,1.564,3.961,-0.210,4.176
138.85,1.601,-2.841,1.564,4.216,-0.209,4.178
138.86,1.545,-2.841,1.564,4.585,-0.210,4.190
138.87,1.578,-2.841,1.565,4.013,-0.211,4.183
138.88,1.509,-2.840,1.563,4.136,-0.211,4.182
138.89,1.342,-2.842,1.555,4.465,-0.211,4.191
138.90,1.624,-2.843,1.557,4.066,-0.210,4.188
138.91,1.202,-2.844,1.544,4.176,-0.210,4.188
138.93,1.393,-2.845,1.539,4.098,-0.210,4.185
138.93,1.429,-2.845,1.535,3.954,-0.211,4.177
138.94,1.653,-2.847,1.537,4.379,-0.211,4.183
138.95,1.499,-2.846,1.537,4.224,-0.210,4.186
138.97,1.634,-2.847,1.538,4.033,-0.210,4.181
138.97,1.547,-2.847,1.539,4.303,-0.210,4.185
138.98,1.510,-2.849,1.536,4.212,-0.208,4.187
139.00,1.832,-2.850,1.543,4.300,-0.208,4.191
139.01,1.618,-2.852,1.544,4.191,-0.209,4.190
139.01,1.720,-2.853,1.549,4.181,-0.209,4.190
139.02,1.550,-2.851,1.551,4.104,-0.210,4.187
139.03,1.760,-2.851,1.557,4.388,-0.210,4.193
139.04,1.567,-2.851,1.557,4.316,-0.209,4.197
139.06,1.520,-2.853,1.555,4.275,-0.209,4.200
139.07,1.538,-2.851,1.556,4.246,-0.208,4.203
139.08,1.374,-2.851,1.551,4.431,-0.207,4.211
139.09,1.803,-2.850,1.559,4.247,-0.207,4.212
139.10,1.525,-2.850,1.559,4.562,-0.206,4.224
139.11,1.469,-2.850,1.556,4.093,-0.205,4.221
139.12,1.849,-2.850,1.565,4.423,-0.204,4.229
139.13,1.371,-2.851,1.558,4.170,-0.205,4.227
139.14,1.714,-2.850,1.564,4.060,-0.204,4.223
139.15,1.608,-2.852,1.563,4.160,-0.203,4.223
139.16,1.592,-2.854,1.563,4.172,-0.204,4.220
139.17,1.507,-2.856,1.560,4.312,-0.203,4.224
139.18,1.823,-2.856,1.567,4.236,-0.203,4.225
139.19,1.753,-2.856,1.574,4.405,-0.203,4.231
139.20,1.538,-2.857,1.572,4.137,-0.203,4.229
139.21,1.570,-2.857,1.572,4.020,-0.203,4.223
139.22,1.470,-2.858,1.568,4.347,-0.203,4.227
139.23,1.735,-2.858,1.573,3.879,-0.204,4.215
139.24,1.342,-2.859,1.566,4.511,-0.204,4.225
139.25,1.425,-2.860,1.561,3.825,-0.203,4.214
139.26,1.593,-2.861,1.561,4.142,-0.202,4.212
139.27,1.636,-2.858,1.566,4.075,-0.202,4.208
139.28,1.530,-2.859,1.565,4.142,-0.202,4.207
139.29,1.706,-2.860,1.568,4.303,-0.201,4.211
139.30,1.628,-2.862,1.569,4.176,-0.200,4.211
139.31,1.675,-2.861,1.573,4.263,-0.200,4.213
139.32,1.447,-2.865,1.566,4.210,-0.201,4.212
139.33,1.430,-2.865,1.562,4.091,-0.198,4.210
139.34,1.504,-2.866,1.559,4.681,-0.198,4.226
139.35,1.803,-2.866,1.567,4.467,-0.198,4.233
139.36,1.494,-2.867,1.564,4.470,-0.198,4.241
139.37,1.514,-2.868,1.562,4.298,-0.198,4.243
139.38,1.461,-2.869,1.558,3.986,-0.197,4.237
139.39,1.536,-2.870,1.557,4.387,-0.198,4.240
139.40,1.489,-2.871,1.554,4.258,-0.198,4.241
139.41,1.350,-2.872,1.547,4.431,-0.200,4.246
139.42,1.752,-2.872,1.553,4.040,-0.201,4.239
139.43,1.499,-2.872,1.552,4.503,-0.202,4.247
139.44,1.336,-2.874,1.543,4.267,-0.203,4.246
139.45,1.581,-2.873,1.545,4.148,-0.202,4.245
139.46,1.833,-2.875,1.553,4.334,-0.202,4.248
139.47,1.422,-2.876,1.548,4.146,-0.201,4.246
139.48,1.977,-2.876,1.561,4.154,-0.202,4.243
139.49,1.395,-2.874,1.558,4.189,-0.202,4.242
139.50,1.530,-2.873,1.559,4.250,-0.201,4.243
139.51,1.433,-2.875,1.553,4.149,-0.200,4.242
139.52,1.389,-2.874,1.550,4.038,-0.199,4.237
139.53,1.926,-2.875,1.560,3.997,-0.198,4.231
139.54,1.593,-2.875,1.562,4.089,-0.199,4.226
139.55,1.794,-2.876,1.568,4.001,-0.199,4.219
139.56,1.400,-2.876,1.563,4.237,-0.198,4.220
139.57,1.336,-2.877,1.555,3.934,-0.199,4.211
139.58,1.800,-2.878,1.562,4.266,-0.200,4.212
139.59,1.755,-2.875,1.572,4.435,-0.199,4.220
139.60,1.508,-2.873,1.572,4.185,-0.197,4.221
139.61,1.491,-2.874,1.569,4.179,-0.197,4.220
139.62,1.691,-2.873,1.574,4.306,-0.196,4.223
139.63,1.496,-2.872,1.573,4.316,-0.196,4.226
139.64,1.624,-2.875,1.572,4.166,-0.196,4.225
139.65,1.478,-2.873,1.571,4.327,-0.195,4.229
139.66,1.425,-2.875,1.566,4.398,-0.193,4.236
139.67,1.394,-2.875,1.560,4.220,-0.193,4.236
139.68,1.535,-2.878,1.556,4.295,-0.193,4.238
139.69,1.321,-2.880,1.548,4.418,-0.192,4.245
139.70,1.386,-2.882,1.541,4.096,-0.193,4.240
139.71,1.516,-2.882,1.540,4.084,-0.193,4.235
139.72,1.574,-2.882,1.541,4.115,-0.193,4.231
139.73,1.731,-2.881,1.549,4.015,-0.193,4.225
139.74,1.529,-2.880,1.549,4.128,-0.192,4.223
139.75,1.624,-2.881,1.551,4.176,-0.190,4.224
139.76,1.639,-2.882,1.553,3.899,-0.190,4.214
139.77,1.494,-2.880,1.553,3.791,-0.190,4.200
139.78,1.563,-2.882,1.552,4.375,-0.192,4.204
139.79,1.579,-2.883,1.551,4.093,-0.191,4.201
139.80,1.392,-2.885,1.545,3.890,-0.191,4.192
139.81,1.443,-2.885,1.542,4.170,-0.191,4.191
139.82,1.587,-2.883,1.546,3.977,-0.191,4.184
139.83,1.429,-2.885,1.540,4.439,-0.192,4.191
139.84,1.562,-2.886,1.540,4.100,-0.191,4.188
139.85,1.729,-2.885,1.547,4.180,-0.191,4.188
139.86,1.657,-2.883,1.552,4.464,-0.192,4.195
139.87,1.669,-2.885,1.555,4.080,-0.192,4.191
139.88,1.558,-2.884,1.555,4.198,-0.192,4.192
139.89,1.652,-2.886,1.556,4.570,-0.192,4.203
139.90,1.442,-2.884,1.556,3.974,-0.192,4.196
139.91,1.533,-2.884,1.555,4.156,-0.190,4.196
139.92,1.861,-2.883,1.566,4.136,-0.191,4.193
139.93,1.550,-2.885,1.563,4.397,-0.192,4.199
139.94,1.569,-2.885,1.564,4.094,-0.191,4.196
139.95,1.498,-2.887,1.560,3.964,-0.190,4.189
139.96,1.642,-2.887,1.563,4.307,-0.192,4.191
139.97,1.824,-2.889,1.569,4.398,-0.193,4.197
139.98,1.553,-2.888,1.571,4.486,-0.193,4.205
139.99,1.446,-2.890,1.565,4.494,-0.195,4.212
140.00,2.102,-2.890,1.581,4.208,-0.195,4.211
140.01,1.754,-2.890,1.588,4.180,-0.195,4.211
140.02,1.551,-2.890,1.587,4.002,-0.196,4.204
140.03,1.681,-2.893,1.588,4.278,-0.195,4.207
140.04,1.650,-2.892,1.591,3.951,-0.195,4.199
140.05,1.487,-2.894,1.587,4.292,-0.196,4.201
140.06,1.367,-2.894,1.580,3.586,-0.196,4.182
140.07,1.637,-2.895,1.582,4.253,-0.196,4.183
140.08,1.806,-2.896,1.588,4.596,-0.195,4.197
140.09,1.384,-2.898,1.581,4.070,-0.197,4.191
140.10,1.696,-2.897,1.585,4.159,-0.196,4.191
140.11,1.626,-2.898,1.587,4.205,-0.196,4.191
140.12,1.870,-2.898,1.595,4.122,-0.197,4.188
140.13,1.790,-2.897,1.604,4.207,-0.197,4.189
140.14,1.761,-2.900,1.606,4.234,-0.199,4.188
140.15,1.337,-2.902,1.597,4.221,-0.197,4.190
140.16,1.391,-2.903,1.590,4.177,-0.197,4.190
140.17,1.350,-2.903,1.584,4.374,-0.197,4.195
140.18,1.460,-2.904,1.579,4.160,-0.198,4.194
140.19,1.671,-2.903,1.584,4.143,-0.197,4.193
140.20,1.632,-2.901,1.588,4.549,-0.197,4.204
140.21,1.766,-2.899,1.596,4.126,-0.195,4.203
140.22,1.837,-2.898,1.604,4.380,-0.195,4.208
140.23,1.673,-2.899,1.606,4.356,-0.197,4.211
140.24,1.447,-2.900,1.601,4.128,-0.196,4.210
140.25,1.694,-2.902,1.603,4.139,-0.197,4.207
140.26,1.565,-2.903,1.602,4.009,-0.198,4.200
140.27,1.834,-2.904,1.608,4.070,-0.198,4.195
140.28,1.376,-2.905,1.601,4.205,-0.198,4.196
140.29,1.451,-2.906,1.596,4.420,-0.198,4.202
140.30,1.435,-2.905,1.593,4.204,-0.198,4.202
140.31,1.598,-2.906,1.592,4.038,-0.198,4.197
140.32,1.421,-2.908,1.586,4.271,-0.198,4.199
140.34,1.417,-2.909,1.580,4.289,-0.199,4.201
140.34,1.635,-2.911,1.581,3.603,-0.199,4.183
140.35,1.332,-2.912,1.573,4.478,-0.198,4.192
140.37,1.482,-2.913,1.569,3.954,-0.199,4.185
140.38,1.457,-2.914,1.565,4.339,-0.199,4.189
140.38,1.529,-2.915,1.563,4.222,-0.198,4.191
140.39,1.470,-2.915,1.560,4.163,-0.199,4.189
140.40,1.416,-2.917,1.555,4.096,-0.199,4.186
140.41,1.564,-2.920,1.552,4.283,-0.200,4.188
140.42,1.453,-2.920,1.550,4.189,-0.201,4.187
140.43,1.511,-2.920,1.549,4.224,-0.202,4.187
140.45,1.692,-2.919,1.555,3.944,-0.203,4.179
140.46,1.841,-2.917,1.565,4.255,-0.203,4.181
140.46,1.366,-2.920,1.557,4.181,-0.202,4.181
140.47,1.538,-2.919,1.558,4.038,-0.203,4.176
140.48,1.382,-2.917,1.554,4.124,-0.203,4.174
140.50,1.791,-2.917,1.562,4.172,-0.204,4.173
140.51,1.532,-2.919,1.559,4.280,-0.204,4.175
140.51,1.629,-2.919,1.562,4.143,-0.205,4.174
140.52,1.931,-2.920,1.572,4.342,-0.204,4.180
140.53,1.669,-2.920,1.575,4.301,-0.203,4.184
140.55,1.319,-2.918,1.570,4.140,-0.203,4.183
140.55,1.699,-2.922,1.571,3.865,-0.202,4.174
140.56,1.536,-2.922,1.570,4.373,-0.204,4.178
140.58,1.505,-2.923,1.568,3.956,-0.204,4.170
140.59,1.601,-2.922,1.570,3.987,-0.204,4.165
140.60,1.615,-2.923,1.571,4.276,-0.204,4.168
140.61,1.740,-2.921,1.579,4.350,-0.206,4.172
140.62,1.297,-2.919,1.572,4.083,-0.205,4.169
140.63,1.506,-2.919,1.571,3.852,-0.207,4.157
140.64,1.479,-2.920,1.567,4.027,-0.207,4.153
140.65,1.765,-2.920,1.573,4.218,-0.207,4.155
140.66,1.498,-2.920,1.572,4.198,-0.206,4.157
140.67,1.521,-2.920,1.571,4.083,-0.205,4.155
140.68,1.440,-2.920,1.567,4.092,-0.204,4.154
140.69,1.614,-2.922,1.567,4.153,-0.204,4.153
140.70,1.566,-2.922,1.567,4.087,-0.205,4.150
140.71,1.562,-2.925,1.565,4.269,-0.206,4.153
140.72,1.452,-2.925,1.562,4.107,-0.205,4.152
140.73,1.730,-2.926,1.566,4.208,-0.204,4.154
140.74,1.573,-2.925,1.567,4.098,-0.203,4.152
140.75,1.337,-2.923,1.562,4.178,-0.204,4.152
140.76,1.727,-2.926,1.565,4.293,-0.203,4.157
140.77,1.600,-2.926,1.567,4.336,-0.203,4.163
140.78,1.260,-2.924,1.559,4.229,-0.204,4.163
140.79,1.444,-2.925,1.555,4.197,-0.203,4.165
140.80,1.501,-2.928,1.551,4.206,-0.205,4.164
140.81,1.631,-2.928,1.553,4.348,-0.205,4.170
140.82,1.158,-2.928,1.542,4.211,-0.206,4.170
140.83,1.562,-2.926,1.544,4.409,-0.206,4.177
140.84,1.608,-2.925,1.547,4.116,-0.206,4.175
140.85,1.550,-2.926,1.547,4.228,-0.207,4.175
140.86,1.530,-2.928,1.544,3.891,-0.208,4.165
140.87,1.572,-2.929,1.544,4.318,-0.210,4.168
140.88,1.512,-2.931,1.542,4.135,-0.211,4.166
140.89,1.467,-2.931,1.540,4.313,-0.210,4.172
140.90,1.484,-2.930,1.539,4.116,-0.209,4.171
140.91,1.823,-2.929,1.549,4.251,-0.209,4.173
140.92,1.600,-2.932,1.548,4.192,-0.212,4.171
140.93,1.397,-2.930,1.545,4.304,-0.212,4.175
140.94,1.485,-2.931,1.542,4.021,-0.211,4.170
140.95,1.299,-2.931,1.535,4.442,-0.211,4.179
140.96,1.562,-2.931,1.535,3.809,-0.212,4.167
140.97,1.838,-2.931,1.545,4.072,-0.210,4.165
140.98,1.786,-2.933,1.550,4.174,-0.210,4.166
140.99,1.672,-2.934,1.554,4.160,-0.209,4.167
141.00,1.577,-2.935,1.554,4.208,-0.208,4.168
141.01,1.466,-2.937,1.549,4.146,-0.208,4.167
141.02,1.638,-2.940,1.550,4.272,-0.209,4.170
141.03,1.594,-2.938,1.554,4.093,-0.209,4.167
141.04,1.727,-2.939,1.558,4.199,-0.210,4.167
141.05,1.495,-2.940,1.555,4.120,-0.211,4.165
141.06,1.558,-2.943,1.553,4.067,-0.211,4.162
141.07,1.427,-2.941,1.551,4.155,-0.209,4.163
141.08,1.750,-2.942,1.557,4.412,-0.209,4.171
141.09,1.816,-2.941,1.565,4.148,-0.210,4.169
141.10,1.375,-2.941,1.560,4.431,-0.210,4.177
141.11,1.450,-2.944,1.554,4.210,-0.210,4.178
141.12,1.734,-2.944,1.560,4.336,-0.210,4.183
141.13,1.343,-2.944,1.554,4.112,-0.210,4.181
141.14,1.802,-2.945,1.561,4.079,-0.210,4.177
141.15,1.421,-2.947,1.556,4.252,-0.210,4.179
141.16,1.677,-2.947,1.559,4.485,-0.211,4.189
141.17,1.829,-2.949,1.566,3.837,-0.211,4.177
141.18,1.653,-2.949,1.569,4.234,-0.212,4.178
141.19,1.552,-2.949,1.569,4.024,-0.212,4.174
141.20,1.366,-2.950,1.562,4.256,-0.214,4.175
141.21,1.548,-2.952,1.561,3.908,-0.213,4.167
141.22,1.457,-2.954,1.556,4.093,-0.213,4.165
141.23,1.337,-2.954,1.549,4.204,-0.214,4.165
141.24,1.704,-2.955,1.553,4.249,-0.215,4.166
141.25,1.535,-2.955,1.553,4.566,-0.214,4.180
141.26,1.669,-2.956,1.557,4.163,-0.215,4.179
141.27,1.501,-2.957,1.554,4.030,-0.214,4.175
141.28,1.688,-2.958,1.558,4.092,-0.214,4.172
141.29,1.563,-2.959,1.557,4.079,-0.215,4.168
141.30,1.832,-2.960,1.566,3.982,-0.214,4.164
141.31,1.661,-2.960,1.569,4.122,-0.213,4.163
141.32,1.661,-2.961,1.571,4.231,-0.214,4.164
141.33,1.599,-2.962,1.572,4.105,-0.214,4.162
141.34,1.790,-2.961,1.580,4.411,-0.215,4.169
141.35,1.454,-2.964,1.574,4.320,-0.215,4.174
141.36,1.314,-2.962,1.568,4.116,-0.215,4.172
141.37,1.174,-2.962,1.557,4.358,-0.215,4.178
141.38,1.600,-2.961,1.560,4.300,-0.214,4.182
141.39,1.778,-2.963,1.565,4.104,-0.215,4.179
141.40,1.534,-2.963,1.565,3.910,-0.215,4.171
141.41,1.876,-2.964,1.573,4.169,-0.214,4.172
141.42,1.401,-2.966,1.567,3.989,-0.214,4.166
141.43,1.369,-2.968,1.560,3.907,-0.215,4.157
141.44,1.546,-2.969,1.558,4.327,-0.215,4.162
141.45,1.648,-2.969,1.562,4.273,-0.214,4.166
141.46,1.565,-2.970,1.562,4.310,-0.215,4.169
141.47,1.679,-2.970,1.565,4.248,-0.215,4.172
141.48,1.497,-2.969,1.565,4.252,-0.214,4.175
141.49,1.460,-2.970,1.562,4.289,-0.214,4.179
141.50,1.464,-2.970,1.558,4.389,-0.215,4.185
141.51,1.636,-2.971,1.561,4.050,-0.215,4.180
141.52,1.539,-2.970,1.561,4.559,-0.216,4.192
141.53,1.634,-2.973,1.561,4.262,-0.217,4.193
141.54,1.726,-2.975,1.565,4.197,-0.215,4.195
141.55,1.595,-2.974,1.567,4.420,-0.216,4.202
141.56,1.651,-2.976,1.569,4.281,-0.216,4.204
141.57,1.602,-2.978,1.568,4.306,-0.217,4.206
141.58,1.820,-2.979,1.575,4.328,-0.216,4.212
141.59,1.597,-2.979,1.576,4.160,-0.216,4.210
141.60,1.559,-2.978,1.577,3.983,-0.216,4.204
141.61,1.596,-2.980,1.577,4.315,-0.217,4.207
141.62,1.456,-2.982,1.572,4.002,-0.217,4.201
141.63,1.698,-2.980,1.578,4.274,-0.216,4.204
141.64,1.861,-2.980,1.587,4.224,-0.216,4.205
141.65,1.394,-2.983,1.580,4.278,-0.214,4.209
141.66,1.523,-2.980,1.581,4.256,-0.213,4.212
141.67,1.587,-2.979,1.584,4.294,-0.212,4.215
141.68,1.615,-2.978,1.586,4.094,-0.212,4.212
141.69,1.671,-2.978,1.589,4.377,-0.212,4.218
141.70,1.326,-2.979,1.581,4.192,-0.212,4.217
141.71,1.329,-2.977,1.575,3.958,-0.212,4.210
141.72,1.376,-2.978,1.569,4.209,-0.213,4.209
141.73,1.456,-2.978,1.566,4.315,-0.214,4.212
141.74,1.368,-2.978,1.561,4.058,-0.213,4.208
141.75,1.529,-2.978,1.560,4.197,-0.213,4.208
141.76,1.511,-2.980,1.557,4.376,-0.213,4.214
141.77,1.455,-2.980,1.554,3.790,-0.213,4.201
141.78,1.478,-2.980,1.553,4.286,-0.213,4.204
141.79,1.677,-2.978,1.558,4.570,-0.213,4.215
141.80,1.637,-2.980,1.560,4.170,-0.214,4.213
141.81,1.611,-2.979,1.562,4.507,-0.215,4.222
141.82,1.713,-2.979,1.568,4.091,-0.215,4.218
141.83,1.479,-2.979,1.565,4.148,-0.217,4.214
141.84,1.648,-2.980,1.567,4.417,-0.217,4.221
141.86,1.429,-2.980,1.563,4.211,-0.216,4.221
141.86,1.559,-2.979,1.564,4.211,-0.215,4.223
141.88,1.593,-2.980,1.565,4.442,-0.215,4.230
141.88,1.765,-2.981,1.570,4.387,-0.217,4.233
141.89,1.602,-2.982,1.571,4.352,-0.217,4.238
141.90,1.366,-2.982,1.565,4.116,-0.217,4.234
141.92,1.703,-2.983,1.568,4.286,-0.218,4.235
141.92,1.697,-2.985,1.572,4.148,-0.218,4.233
141.93,1.729,-2.986,1.576,3.830,-0.219,4.221
141.95,1.548,-2.984,1.577,3.980,-0.219,4.213
141.96,1.791,-2.983,1.585,4.235,-0.218,4.215
141.96,1.399,-2.983,1.580,4.087,-0.218,4.212
141.97,1.330,-2.982,1.574,4.362,-0.218,4.217
141.99,1.686,-2.980,1.579,4.197,-0.216,4.218
142.00,1.452,-2.981,1.575,3.988,-0.216,4.212
142.01,1.445,-2.982,1.571,4.417,-0.216,4.218
142.01,1.678,-2.982,1.575,4.201,-0.215,4.219
142.03,1.702,-2.983,1.579,4.234,-0.216,4.219
142.04,1.655,-2.983,1.581,4.180,-0.215,4.218
142.05,1.376,-2.986,1.572,3.876,-0.215,4.208
142.05,1.540,-2.988,1.570,4.370,-0.215,4.213
142.07,1.568,-2.989,1.569,4.140,-0.214,4.212
142.08,1.494,-2.990,1.566,4.266,-0.214,4.215
142.09,1.407,-2.990,1.562,4.304,-0.215,4.216
142.09,1.459,-2.990,1.559,4.365,-0.213,4.222
142.11,1.789,-2.989,1.567,4.131,-0.214,4.219
142.12,1.548,-2.989,1.567,4.305,-0.214,4.222
142.13,1.408,-2.990,1.562,4.320,-0.214,4.225
142.14,1.677,-2.991,1.565,4.158,-0.213,4.225
142.15,1.863,-2.991,1.574,3.924,-0.214,4.215
142.16,1.501,-2.992,1.572,4.188,-0.215,4.213
142.17,1.377,-2.991,1.567,4.094,-0.216,4.209
142.18,1.660,-2.990,1.571,4.226,-0.217,4.209
142.19,1.354,-2.991,1.564,4.099,-0.215,4.207
142.20,1.424,-2.990,1.561,4.348,-0.215,4.212
142.21,1.425,-2.992,1.556,4.237,-0.214,4.213
142.22,1.520,-2.991,1.556,4.493,-0.214,4.222
142.23,1.517,-2.993,1.552,4.205,-0.214,4.222
142.24,1.121,-2.994,1.539,4.446,-0.214,4.229
142.25,1.779,-2.995,1.545,4.250,-0.215,4.230
142.26,1.399,-2.997,1.539,4.197,-0.214,4.230
142.27,1.517,-2.996,1.540,4.265,-0.215,4.231
142.28,1.479,-2.996,1.538,4.088,-0.216,4.225
142.29,1.644,-2.997,1.540,4.010,-0.217,4.218
142.30,1.613,-2.999,1.541,4.245,-0.217,4.219
142.31,1.512,-2.997,1.541,4.438,-0.218,4.225
142.32,1.541,-2.998,1.541,4.286,-0.218,4.227
142.33,1.792,-3.000,1.547,4.391,-0.218,4.233
142.34,1.676,-3.000,1.551,4.221,-0.218,4.233
142.35,1.786,-3.001,1.558,3.983,-0.219,4.225
142.36,1.487,-3.003,1.554,4.015,-0.219,4.218
142.37,1.464,-3.004,1.551,4.186,-0.219,4.217
142.38,1.450,-3.004,1.548,4.127,-0.220,4.214
142.39,1.427,-3.005,1.543,4.453,-0.221,4.221
142.40,1.478,-3.005,1.541,4.109,-0.221,4.217
142.41,1.785,-3.005,1.550,4.197,-0.220,4.218
142.42,1.611,-3.005,1.552,4.168,-0.220,4.217
142.43,1.293,-3.006,1.543,4.321,-0.221,4.219
142.44,1.550,-3.008,1.541,4.118,-0.222,4.216
142.45,1.617,-3.008,1.544,4.112,-0.220,4.214
142.46,1.728,-3.009,1.549,4.178,-0.222,4.211
142.47,1.503,-3.009,1.548,4.387,-0.223,4.216
142.48,1.302,-3.010,1.540,4.277,-0.223,4.218
142.49,1.634,-3.008,1.545,4.007,-0.224,4.211
142.50,1.567,-3.009,1.545,4.028,-0.224,4.206
142.51,1.727,-3.009,1.551,4.309,-0.224,4.209
142.52,1.648,-3.009,1.554,4.308,-0.224,4.212
142.53,1.769,-3.009,1.561,4.142,-0.224,4.210
142.54,1.556,-3.008,1.563,4.146,-0.223,4.209
142.55,1.562,-3.011,1.559,4.335,-0.223,4.213
142.56,1.398,-3.012,1.554,4.345,-0.224,4.216
142.57,1.549,-3.012,1.555,4.317,-0.226,4.218
142.58,1.584,-3.012,1.555,4.106,-0.226,4.215
142.59,1.639,-3.013,1.558,4.557,-0.226,4.226
142.60,1.810,-3.015,1.564,4.449,-0.226,4.233
142.61,1.282,-3.014,1.557,4.258,-0.225,4.235
142.62,1.701,-3.012,1.563,4.196,-0.225,4.234
142.63,1.451,-3.011,1.561,4.312,-0.226,4.236
142.64,1.513,-3.013,1.559,4.279,-0.227,4.236
142.65,1.631,-3.012,1.562,4.169,-0.227,4.235
142.66,1.764,-3.011,1.569,3.865,-0.228,4.223
142.67,1.655,-3.010,1.574,4.096,-0.229,4.219
142.68,1.593,-3.011,1.574,3.992,-0.229,4.211
142.69,1.549,-3.012,1.572,4.368,-0.229,4.217
142.70,1.474,-3.011,1.571,4.214,-0.228,4.218
142.71,1.857,-3.011,1.580,3.793,-0.226,4.207
142.72,1.812,-3.010,1.589,4.033,-0.227,4.200
142.73,1.619,-3.011,1.590,4.080,-0.227,4.197
142.74,1.534,-3.013,1.587,4.160,-0.228,4.195
142.75,1.403,-3.014,1.580,3.953,-0.228,4.187
142.76,1.646,-3.013,1.584,4.074,-0.227,4.185
142.77,1.632,-3.016,1.584,4.018,-0.228,4.179
142.78,1.478,-3.017,1.580,4.292,-0.227,4.183
142.79,1.492,-3.017,1.577,4.181,-0.227,4.183
142.80,1.516,-3.019,1.575,3.891,-0.227,4.174
142.81,1.624,-3.019,1.576,4.133,-0.227,4.173
142.82,1.253,-3.018,1.567,4.121,-0.227,4.171
142.83,1.546,-3.018,1.567,4.152,-0.227,4.169
142.84,1.791,-3.020,1.573,4.197,-0.227,4.170
142.85,1.657,-3.019,1.577,4.027,-0.227,4.166
142.86,1.720,-3.019,1.582,4.374,-0.228,4.171
142.87,1.694,-3.019,1.586,4.154,-0.228,4.170
142.88,1.574,-3.018,1.587,4.408,-0.228,4.177
142.89,1.460,-3.018,1.584,4.329,-0.229,4.181
142.90,1.708,-3.018,1.589,4.323,-0.230,4.184
142.91,1.806,-3.019,1.594,4.028,-0.230,4.180
142.92,1.534,-3.020,1.592,4.161,-0.229,4.179
142.93,1.226,-3.020,1.581,4.231,-0.228,4.182
142.94,1.500,-3.019,1.580,4.245,-0.228,4.184
142.95,1.429,-3.021,1.575,3.787,-0.229,4.170
142.96,1.771,-3.019,1.583,4.233,-0.230,4.171
142.97,1.914,-3.019,1.594,3.993,-0.230,4.165
142.98,1.452,-3.021,1.588,4.191,-0.230,4.166
142.99,1.648,-3.020,1.592,4.105,-0.229,4.166
143.00,1.782,-3.019,1.599,4.308,-0.228,4.170
143.01,1.592,-3.020,1.598,4.424,-0.228,4.178
143.02,1.661,-3.019,1.601,4.111,-0.228,4.175
143.03,1.535,-3.021,1.598,3.937,-0.228,4.168
143.04,1.663,-3.020,1.603,3.959,-0.228,4.161
143.05,1.768,-3.020,1.608,4.236,-0.227,4.164
143.06,1.565,-3.021,1.606,4.070,-0.227,4.162
143.07,1.533,-3.024,1.602,4.030,-0.228,4.156
143.08,1.597,-3.024,1.603,4.220,-0.227,4.159
143.09,1.501,-3.022,1.602,4.381,-0.228,4.164
143.10,1.368,-3.021,1.596,4.167,-0.229,4.163
143.11,1.455,-3.021,1.592,4.199,-0.229,4.164
143.12,1.367,-3.021,1.586,4.274,-0.229,4.167
143.13,1.486,-3.022,1.582,4.287,-0.228,4.171
143.14,1.491,-3.022,1.580,4.228,-0.228,4.173
143.15,1.712,-3.022,1.585,4.148,-0.229,4.172
143.16,1.534,-3.022,1.584,4.322,-0.228,4.176
143.17,1.943,-3.022,1.596,4.179,-0.229,4.176
143.18,1.488,-3.025,1.590,4.136,-0.228,4.175
143.19,1.777,-3.027,1.594,4.102,-0.227,4.174
143.20,1.585,-3.027,1.594,4.287,-0.226,4.178
143.21,1.554,-3.026,1.594,3.764,-0.227,4.165
143.22,1.900,-3.025,1.605,4.279,-0.227,4.167
143.23,1.533,-3.028,1.601,4.150,-0.229,4.165
143.24,1.566,-3.029,1.599,4.097,-0.228,4.163
143.25,1.759,-3.029,1.605,4.024,-0.228,4.159
143.26,1.338,-3.031,1.596,4.195,-0.229,4.159
143.27,1.490,-3.033,1.591,3.961,-0.230,4.152
143.28,1.522,-3.032,1.590,4.220,-0.231,4.153
143.29,1.544,-3.033,1.589,4.092,-0.231,4.150
143.30,1.815,-3.032,1.596,4.084,-0.230,4.149
143.31,1.653,-3.032,1.599,4.101,-0.230,4.147
143.32,1.660,-3.034,1.600,4.179,-0.231,4.147
143.33,1.362,-3.035,1.592,4.173,-0.232,4.147
143.35,1.613,-3.036,1.592,4.332,-0.232,4.152
143.36,1.795,-3.037,1.599,4.218,-0.232,4.153
143.37,1.642,-3.039,1.598,4.197,-0.231,4.156
143.38,1.714,-3.043,1.598,4.093,-0.230,4.154
143.38,1.606,-3.043,1.600,4.120,-0.230,4.153
143.40,1.589,-3.042,1.600,4.082,-0.229,4.151
143.41,1.618,-3.040,1.603,3.968,-0.229,4.145
143.42,1.589,-3.040,1.604,4.222,-0.231,4.145
143.43,1.375,-3.041,1.597,3.896,-0.232,4.137
143.44,1.404,-3.041,1.591,4.170,-0.233,4.137
143.45,1.296,-3.041,1.583,4.115,-0.233,4.135
143.46,1.464,-3.039,1.581,4.537,-0.234,4.147
143.46,1.805,-3.039,1.589,4.133,-0.234,4.145
143.48,1.808,-3.041,1.594,4.070,-0.235,4.142
143.49,1.402,-3.042,1.588,4.421,-0.238,4.148
143.50,1.607,-3.044,1.587,4.255,-0.237,4.151
143.51,1.646,-3.043,1.590,3.808,-0.238,4.140
143.52,1.405,-3.045,1.583,4.204,-0.239,4.141
143.53,1.337,-3.044,1.577,4.178,-0.239,4.142
143.54,1.306,-3.043,1.570,4.339,-0.239,4.148
143.55,1.407,-3.043,1.565,4.072,-0.238,4.146
143.56,1.366,-3.044,1.558,4.161,-0.238,4.146
143.57,1.587,-3.046,1.557,4.194,-0.239,4.147
143.58,1.523,-3.047,1.555,4.350,-0.237,4.154
143.59,1.655,-3.050,1.556,4.155,-0.237,4.155
143.60,1.560,-3.050,1.556,3.986,-0.236,4.150
143.61,1.692,-3.051,1.560,3.884,-0.236,4.142
143.62,1.724,-3.053,1.563,4.359,-0.237,4.147
143.63,1.738,-3.053,1.568,4.117,-0.238,4.145
143.64,1.560,-3.054,1.568,4.093,-0.239,4.142
143.65,1.672,-3.053,1.572,4.186,-0.239,4.143
143.66,1.959,-3.053,1.584,4.265,-0.240,4.146
143.67,1.797,-3.054,1.590,4.246,-0.240,4.149
143.68,1.539,-3.054,1.589,4.031,-0.241,4.144
143.69,1.880,-3.055,1.598,4.112,-0.241,4.143
143.70,1.850,-3.057,1.605,4.093,-0.241,4.141
143.71,1.869,-3.058,1.613,4.544,-0.240,4.154
143.72,1.433,-3.057,1.608,4.199,-0.239,4.156
143.73,1.727,-3.057,1.613,4.292,-0.240,4.160
143.74,1.456,-3.058,1.608,4.445,-0.240,4.169
143.75,1.788,-3.060,1.613,4.095,-0.238,4.168
143.76,1.411,-3.061,1.606,4.330,-0.235,4.176
143.77,1.727,-3.061,1.610,4.030,-0.234,4.173
143.78,1.373,-3.061,1.603,4.255,-0.234,4.176
143.79,1.458,-3.062,1.599,4.088,-0.234,4.173
143.80,1.223,-3.063,1.587,4.260,-0.235,4.174
143.81,1.157,-3.062,1.576,4.123,-0.235,4.173
143.82,1.434,-3.062,1.571,4.334,-0.235,4.178
143.83,1.539,-3.064,1.569,4.030,-0.236,4.173
143.84,1.851,-3.065,1.578,4.092,-0.236,4.170
143.85,1.366,-3.066,1.570,4.185,-0.237,4.170
143.86,1.670,-3.067,1.573,4.122,-0.237,4.169
143.87,1.710,-3.068,1.577,4.228,-0.237,4.170
143.88,1.760,-3.066,1.584,4.113,-0.238,4.167
143.89,1.717,-3.066,1.588,4.066,-0.237,4.165
143.90,1.837,-3.065,1.598,4.070,-0.238,4.161
143.91,1.874,-3.064,1.608,4.050,-0.239,4.157
143.92,1.631,-3.067,1.607,4.387,-0.239,4.164
143.93,1.406,-3.069,1.599,4.131,-0.239,4.163
143.94,1.416,-3.068,1.595,4.574,-0.239,4.175
143.95,1.713,-3.069,1.598,3.944,-0.239,4.168
143.96,1.666,-3.070,1.600,4.337,-0.240,4.173
143.97,1.381,-3.070,1.594,4.201,-0.238,4.175
143.98,1.155,-3.069,1.582,4.297,-0.239,4.179
143.99,1.608,-3.070,1.583,4.433,-0.239,4.187
144.00,1.414,-3.071,1.577,4.231,-0.237,4.190
144.01,1.382,-3.071,1.571,4.095,-0.238,4.186
144.02,1.614,-3.071,1.573,4.383,-0.238,4.193
144.03,1.529,-3.071,1.572,4.441,-0.239,4.200
144.04,1.498,-3.070,1.571,3.964,-0.238,4.194
144.05,1.550,-3.071,1.570,4.060,-0.238,4.190
144.06,1.382,-3.073,1.562,4.030,-0.238,4.186
144.07,1.479,-3.074,1.559,3.810,-0.238,4.174
144.08,1.724,-3.075,1.563,3.904,-0.239,4.164
144.09,1.572,-3.074,1.565,3.917,-0.241,4.156
144.10,1.547,-3.073,1.566,4.102,-0.242,4.153
144.11,1.623,-3.074,1.566,4.259,-0.241,4.156
144.12,1.739,-3.075,1.571,4.290,-0.242,4.160
144.13,1.654,-3.074,1.575,4.093,-0.242,4.157
144.14,1.741,-3.075,1.579,4.304,-0.243,4.161
144.15,1.560,-3.074,1.581,4.079,-0.241,4.160
144.16,1.569,-3.075,1.580,4.044,-0.241,4.156
144.17,1.618,-3.075,1.581,4.319,-0.242,4.161
144.18,1.657,-3.075,1.584,4.002,-0.243,4.155
144.19,1.666,-3.075,1.587,4.111,-0.242,4.155
144.20,1.285,-3.074,1.579,4.137,-0.240,4.156
144.21,1.321,-3.073,1.572,4.233,-0.240,4.158
144.22,1.602,-3.076,1.571,4.159,-0.238,4.160
144.23,1.522,-3.075,1.570,4.502,-0.239,4.170
144.24,1.614,-3.075,1.572,4.042,-0.238,4.167
144.25,1.513,-3.077,1.569,4.332,-0.238,4.172
144.26,1.492,-3.078,1.566,4.417,-0.239,4.178
144.27,1.625,-3.075,1.570,4.302,-0.240,4.181
144.28,1.445,-3.075,1.567,4.105,-0.240,4.179
144.29,1.376,-3.076,1.561,4.187,-0.241,4.179
144.30,1.652,-3.078,1.562,4.115,-0.241,4.177
144.31,1.687,-3.077,1.566,4.040,-0.241,4.172
144.32,1.514,-3.078,1.565,4.155,-0.240,4.173
144.33,1.516,-3.077,1.564,4.178,-0.243,4.171
144.34,1.656,-3.078,1.566,4.099,-0.241,4.170
144.35,1.590,-3.079,1.566,4.142,-0.241,4.169
144.36,1.845,-3.080,1.574,4.373,-0.242,4.175
144.37,1.533,-3.081,1.572,4.156,-0.243,4.174
144.38,1.412,-3.083,1.566,4.193,-0.244,4.173
144.39,1.503,-3.082,1.565,4.216,-0.246,4.173
144.40,1.450,-3.082,1.562,4.228,-0.247,4.174
144.41,1.561,-3.082,1.561,4.073,-0.247,4.171
144.42,1.445,-3.083,1.558,4.332,-0.247,4.176
144.43,1.764,-3.083,1.564,4.132,-0.247,4.174
144.44,1.545,-3.085,1.562,4.342,-0.248,4.179
144.45,1.577,-3.083,1.565,4.292,-0.247,4.183
144.46,1.569,-3.083,1.565,4.382,-0.247,4.190
144.47,1.572,-3.084,1.564,4.126,-0.246,4.189
144.48,1.494,-3.083,1.564,4.160,-0.247,4.188
144.49,1.602,-3.083,1.565,4.101,-0.245,4.187
144.50,1.451,-3.081,1.563,4.247,-0.245,4.189
144.51,1.424,-3.081,1.560,4.442,-0.244,4.198
144.52,1.623,-3.082,1.561,4.439,-0.245,4.205
144.53,1.382,-3.079,1.558,4.069,-0.244,4.202
144.54,1.547,-3.079,1.558,4.438,-0.243,4.211
144.55,1.393,-3.081,1.551,4.137,-0.243,4.209
144.56,1.780,-3.081,1.558,4.109,-0.243,4.207
144.57,1.679,-3.082,1.561,4.188,-0.243,4.206
144.58,1.497,-3.082,1.559,4.002,-0.243,4.200
144.59,1.645,-3.083,1.562,4.493,-0.243,4.209
144.60,1.457,-3.082,1.559,4.157,-0.243,4.208
144.61,1.467,-3.084,1.555,4.305,-0.243,4.211
144.62,1.545,-3.084,1.555,4.215,-0.245,4.211
144.63,1.313,-3.083,1.548,4.229,-0.245,4.211
144.64,1.758,-3.084,1.553,4.141,-0.246,4.208
144.65,1.605,-3.082,1.557,3.996,-0.246,4.202
144.66,1.489,-3.081,1.556,4.162,-0.248,4.200
144.67,1.481,-3.080,1.555,4.425,-0.247,4.208
144.68,1.763,-3.077,1.564,4.260,-0.245,4.211
144.69,1.687,-3.077,1.568,4.244,-0.246,4.212
144.70,1.695,-3.078,1.571,4.424,-0.244,4.221
144.71,1.660,-3.078,1.575,4.346,-0.244,4.225
144.72,1.434,-3.078,1.571,4.631,-0.246,4.237
144.73,1.708,-3.080,1.573,4.334,-0.245,4.241
144.74,1.445,-3.079,1.570,4.022,-0.245,4.235
144.75,1.609,-3.080,1.571,4.190,-0.245,4.235
144.76,1.526,-3.081,1.569,4.095,-0.243,4.232
144.77,1.556,-3.082,1.567,4.445,-0.243,4.239
144.78,1.643,-3.083,1.569,4.042,-0.242,4.235
144.79,1.772,-3.083,1.575,4.067,-0.242,4.231
144.80,1.651,-3.084,1.577,4.073,-0.242,4.226
144.81,1.350,-3.085,1.569,4.040,-0.243,4.220
144.82,1.521,-3.086,1.568,4.124,-0.244,4.217
144.83,1.484,-3.085,1.566,4.306,-0.244,4.219
144.84,1.397,-3.088,1.558,4.085,-0.244,4.215
144.85,1.556,-3.086,1.560,3.963,-0.246,4.206
144.86,1.535,-3.085,1.560,4.248,-0.247,4.207
144.87,1.611,-3.084,1.563,4.216,-0.247,4.208
144.89,1.443,-3.084,1.559,4.223,-0.246,4.209
144.90,1.620,-3.084,1.561,4.156,-0.246,4.208
144.91,1.863,-3.084,1.571,4.466,-0.247,4.215
144.92,1.566,-3.083,1.572,4.229,-0.247,4.216
144.93,1.753,-3.080,1.581,4.042,-0.249,4.210
144.94,1.678,-3.078,1.586,4.042,-0.249,4.204
144.95,1.563,-3.078,1.585,4.231,-0.248,4.206
144.96,1.546,-3.079,1.584,4.183,-0.248,4.207
144.97,1.762,-3.078,1.590,4.235,-0.246,4.209
144.98,1.512,-3.078,1.589,4.350,-0.246,4.214
144.99,1.328,-3.081,1.578,4.743,-0.245,4.231
145.00,1.402,-3.082,1.571,4.022,-0.244,4.226
145.01,1.812,-3.084,1.578,4.377,-0.244,4.231
145.02,1.778,-3.083,1.585,4.372,-0.243,4.238
145.03,1.544,-3.082,1.585,4.237,-0.242,4.238
145.04,1.618,-3.083,1.585,4.042,-0.242,4.233
145.05,1.610,-3.084,1.585,4.130,-0.241,4.231
145.06,1.713,-3.085,1.589,4.227,-0.241,4.231
145.07,1.445,-3.087,1.583,4.235,-0.242,4.231
145.08,1.378,-3.087,1.577,4.347,-0.241,4.236
145.09,1.288,-3.088,1.567,4.135,-0.240,4.234
145.10,1.343,-3.091,1.557,3.890,-0.243,4.221
145.11,1.310,-3.094,1.547,4.341,-0.243,4.225
145.12,1.435,-3.093,1.545,4.154,-0.243,4.223
145.13,1.585,-3.092,1.547,4.164,-0.242,4.223
145.14,1.547,-3.091,1.548,4.345,-0.242,4.227
145.15,1.532,-3.091,1.547,4.458,-0.243,4.233
145.16,1.574,-3.089,1.550,4.200,-0.242,4.234
145.17,1.728,-3.091,1.554,4.311,-0.242,4.236
145.18,1.609,-3.090,1.557,4.163,-0.243,4.234
145.19,1.502,-3.089,1.556,4.025,-0.243,4.228
145.20,1.395,-3.089,1.551,4.074,-0.243,4.224
145.21,1.566,-3.090,1.551,4.229,-0.244,4.223
145.22,1.740,-3.091,1.555,4.360,-0.243,4.228
145.23,1.625,-3.091,1.558,4.361,-0.244,4.232
145.24,1.596,-3.092,1.558,4.468,-0.242,4.241
145.25,1.744,-3.091,1.565,4.192,-0.242,4.240
145.26,1.630,-3.090,1.568,4.216,-0.242,4.240
145.27,1.739,-3.092,1.572,4.359,-0.241,4.245
145.28,1.589,-3.090,1.574,4.021,-0.242,4.238
145.29,1.344,-3.091,1.567,3.812,-0.243,4.225
145.30,1.502,-3.091,1.565,4.167,-0.242,4.223
145.31,1.302,-3.090,1.558,4.024,-0.241,4.218
145.32,1.498,-3.090,1.556,4.131,-0.241,4.216
145.33,1.417,-3.091,1.551,4.014,-0.241,4.210
145.34,1.540,-3.090,1.552,4.275,-0.242,4.212
145.35,1.581,-3.090,1.553,4.182,-0.242,4.211
145.36,1.641,-3.089,1.556,4.291,-0.241,4.214
145.37,1.521,-3.092,1.553,4.107,-0.243,4.209
145.38,1.408,-3.092,1.548,4.263,-0.243,4.211
145.39,1.670,-3.091,1.553,4.191,-0.243,4.210
145.40,1.476,-3.090,1.552,4.096,-0.243,4.207
145.41,1.781,-3.090,1.559,4.111,-0.243,4.204
145.42,1.645,-3.090,1.561,4.157,-0.244,4.202
145.43,1.494,-3.089,1.560,4.396,-0.246,4.205
145.44,1.727,-3.089,1.566,4.125,-0.247,4.203
145.45,1.551,-3.090,1.564,4.023,-0.247,4.197
145.46,1.713,-3.089,1.570,4.151,-0.249,4.194
145.47,2.007,-3.089,1.583,3.969,-0.249,4.186
145.48,1.683,-3.090,1.586,4.224,-0.249,4.187
145.49,1.604,-3.089,1.588,4.455,-0.249,4.196
145.50,1.596,-3.089,1.589,4.166,-0.248,4.196
145.51,1.566,-3.090,1.587,4.109,-0.247,4.194
145.52,1.608,-3.088,1.590,4.006,-0.249,4.186
145.53,1.454,-3.089,1.586,4.053,-0.250,4.181
145.54,1.513,-3.089,1.583,4.476,-0.251,4.189
145.55,1.676,-3.093,1.583,4.113,-0.250,4.187
145.56,1.584,-3.092,1.584,4.161,-0.251,4.186
145.57,1.620,-3.091,1.587,4.250,-0.250,4.189
145.58,1.462,-3.090,1.584,4.040,-0.250,4.184
145.59,1.514,-3.091,1.581,4.341,-0.250,4.189
145.60,1.516,-3.093,1.578,4.412,-0.251,4.195
145.61,1.456,-3.092,1.575,4.326,-0.250,4.200
145.62,1.562,-3.092,1.574,4.076,-0.249,4.197
145.63,1.772,-3.093,1.580,4.077,-0.250,4.193
145.64,1.464,-3.095,1.575,4.212,-0.249,4.194
145.65,1.448,-3.096,1.570,4.128,-0.248,4.193
145.66,1.372,-3.097,1.563,3.962,-0.249,4.185
145.67,1.519,-3.100,1.559,4.336,-0.248,4.190
145.68,1.530,-3.101,1.558,4.267,-0.250,4.191
145.69,1.430,-3.102,1.553,4.146,-0.250,4.190
145.70,1.599,-3.102,1.554,4.137,-0.250,4.188
145.71,1.484,-3.102,1.552,4.174,-0.251,4.186
145.72,1.583,-3.100,1.555,4.079,-0.250,4.184
145.73,1.743,-3.099,1.562,4.070,-0.250,4.180
145.74,1.661,-3.102,1.562,4.155,-0.252,4.178
145.75,1.560,-3.105,1.559,4.221,-0.254,4.177
145.76,1.732,-3.104,1.566,4.088,-0.255,4.173
145.77,1.384,-3.105,1.559,4.224,-0.254,4.176
145.78,1.858,-3.106,1.568,4.335,-0.254,4.181
145.79,1.784,-3.109,1.572,4.034,-0.254,4.176
145.80,1.636,-3.109,1.574,4.291,-0.254,4.179
145.81,1.460,-3.111,1.569,4.383,-0.255,4.185
145.82,1.396,-3.110,1.565,4.028,-0.254,4.180
145.83,1.657,-3.111,1.567,4.210,-0.254,4.181
145.84,1.661,-3.113,1.568,4.205,-0.254,4.182
145.85,1.471,-3.114,1.565,4.126,-0.254,4.181
145.86,1.677,-3.113,1.569,3.931,-0.253,4.174
145.87,1.433,-3.113,1.565,4.090,-0.253,4.170
145.88,1.406,-3.115,1.560,4.500,-0.253,4.181
145.89,1.569,-3.113,1.561,3.945,-0.252,4.175
145.90,1.231,-3.115,1.550,4.249,-0.251,4.178
145.91,1.533,-3.115,1.549,4.049,-0.250,4.175
145.92,1.851,-3.114,1.560,4.196,-0.251,4.174
145.93,1.447,-3.115,1.555,3.918,-0.250,4.167
145.94,1.613,-3.115,1.558,4.039,-0.251,4.162
145.95,1.359,-3.115,1.552,3.991,-0.251,4.156
145.96,1.362,-3.115,1.546,4.172,-0.250,4.157
145.97,1.717,-3.115,1.551,4.258,-0.250,4.161
145.98,1.459,-3.116,1.548,4.157,-0.248,4.162
145.99,1.606,-3.116,1.549,4.086,-0.248,4.160
146.00,1.556,-3.117,1.549,4.265,-0.248,4.162
146.01,1.815,-3.117,1.557,3.928,-0.249,4.154
146.02,1.723,-3.119,1.561,4.067,-0.250,4.150
146.03,1.721,-3.120,1.565,4.337,-0.250,4.155
146.04,1.624,-3.119,1.568,4.021,-0.250,4.151
146.05,1.529,-3.119,1.567,3.848,-0.249,4.142
146.06,1.502,-3.118,1.566,4.336,-0.250,4.147
146.07,1.482,-3.120,1.562,4.484,-0.249,4.157
146.08,1.641,-3.120,1.564,4.003,-0.249,4.152
146.09,1.694,-3.121,1.568,4.471,-0.248,4.163
146.10,1.691,-3.120,1.573,4.064,-0.246,4.161
146.11,1.650,-3.118,1.578,4.203,-0.246,4.162
146.12,1.518,-3.119,1.576,3.993,-0.247,4.157
146.13,1.642,-3.120,1.577,4.031,-0.247,4.152
146.14,1.446,-3.119,1.574,4.275,-0.246,4.156
146.15,1.471,-3.122,1.569,4.123,-0.245,4.156
146.16,1.692,-3.121,1.574,4.028,-0.245,4.152
146.17,1.557,-3.121,1.574,4.048,-0.245,4.149
146.18,1.814,-3.123,1.579,4.358,-0.243,4.156
146.19,1.894,-3.124,1.588,4.015,-0.246,4.149
146.20,1.724,-3.125,1.592,4.153,-0.246,4.148
146.21,1.385,-3.123,1.588,4.110,-0.247,4.146
146.22,1.507,-3.124,1.585,4.108,-0.246,4.145
146.23,1.650,-3.124,1.588,4.276,-0.248,4.147
146.24,1.575,-3.127,1.585,4.142,-0.249,4.146
146.25,1.674,-3.127,1.588,4.008,-0.250,4.140
146.26,1.469,-3.128,1.584,4.052,-0.249,4.138
146.28,1.311,-3.126,1.578,4.516,-0.249,4.149
146.29,1.600,-3.127,1.579,4.337,-0.251,4.153
146.29,1.681,-3.127,1.582,4.293,-0.251,4.157
146.30,1.587,-3.127,1.582,4.136,-0.253,4.154
146.31,1.715,-3.127,1.587,3.941,-0.254,4.146
146.32,1.511,-3.126,1.586,4.213,-0.256,4.146
146.34,1.347,-3.126,1.579,3.928,-0.256,4.139
146.35,1.636,-3.125,1.582,4.290,-0.254,4.145
146.36,1.568,-3.126,1.581,4.150,-0.254,4.146
146.36,1.756,-3.125,1.588,4.078,-0.253,4.144
146.37,1.292,-3.124,1.580,4.093,-0.251,4.144
146.38,1.625,-3.125,1.581,4.110,-0.253,4.141
146.39,1.200,-3.125,1.570,4.218,-0.252,4.144
146.40,1.403,-3.126,1.564,4.163,-0.252,4.144
146.42,1.479,-3.125,1.562,4.336,-0.252,4.149
146.43,1.398,-3.126,1.557,4.207,-0.252,4.151
146.44,1.291,-3.126,1.548,4.448,-0.253,4.159
146.45,1.612,-3.126,1.550,4.027,-0.254,4.154
146.46,1.615,-3.126,1.553,4.153,-0.255,4.153
146.47,1.523,-3.125,1.553,3.833,-0.255,4.143
146.48,1.676,-3.125,1.557,4.231,-0.255,4.145
146.49,1.465,-3.127,1.552,4.250,-0.255,4.149
146.50,1.811,-3.127,1.561,4.267,-0.255,4.152
146.51,1.705,-3.129,1.563,4.334,-0.254,4.158
146.52,1.774,-3.131,1.568,3.913,-0.255,4.149
146.53,1.568,-3.131,1.568,4.335,-0.256,4.154
146.54,1.624,-3.130,1.571,4.393,-0.256,4.162
146.55,1.468,-3.132,1.566,3.922,-0.256,4.154
146.56,1.654,-3.133,1.568,4.356,-0.255,4.161
146.57,1.470,-3.134,1.564,4.327,-0.256,4.165
146.58,1.428,-3.133,1.561,4.266,-0.256,4.168
146.59,1.467,-3.135,1.557,4.046,-0.256,4.164
146.60,1.314,-3.134,1.550,4.126,-0.255,4.165
146.61,1.603,-3.135,1.551,4.063,-0.255,4.161
146.62,1.239,-3.135,1.542,4.065,-0.257,4.156
146.63,1.643,-3.136,1.544,4.270,-0.256,4.160
146.64,1.654,-3.134,1.549,4.213,-0.256,4.162
146.65,1.698,-3.136,1.552,3.971,-0.256,4.156
146.66,1.495,-3.137,1.550,4.174,-0.258,4.155
146.67,1.646,-3.138,1.552,4.227,-0.258,4.157
146.68,1.421,-3.139,1.547,3.890,-0.258,4.149
146.69,1.593,-3.138,1.549,4.428,-0.259,4.156
146.70,1.553,-3.138,1.550,3.992,-0.260,4.149
146.71,1.266,-3.140,1.540,4.568,-0.261,4.162
146.72,1.514,-3.141,1.538,4.078,-0.262,4.158
146.73,1.653,-3.141,1.541,4.310,-0.262,4.163
146.74,1.519,-3.143,1.539,4.202,-0.262,4.164
146.75,1.538,-3.143,1.538,4.128,-0.261,4.164
146.76,1.516,-3.143,1.538,4.012,-0.262,4.158
146.77,1.495,-3.143,1.536,3.962,-0.262,4.152
146.78,1.385,-3.143,1.532,4.395,-0.263,4.159
146.79,1.508,-3.143,1.532,4.377,-0.262,4.166
146.80,1.651,-3.143,1.535,4.023,-0.264,4.160
146.81,1.700,-3.141,1.542,4.387,-0.264,4.167
146.82,1.947,-3.142,1.554,3.984,-0.264,4.161
146.83,1.660,-3.141,1.558,4.261,-0.266,4.163
146.84,1.531,-3.141,1.557,4.192,-0.263,4.166
146.85,1.486,-3.141,1.556,4.333,-0.263,4.172
146.86,1.692,-3.140,1.561,4.308,-0.264,4.175
146.87,1.568,-3.143,1.559,4.353,-0.265,4.180
146.88,1.824,-3.144,1.566,4.097,-0.264,4.178
146.89,1.490,-3.146,1.562,4.145,-0.263,4.178
146.90,1.711,-3.147,1.566,4.399,-0.264,4.184
146.91,1.485,-3.148,1.563,4.559,-0.263,4.198
146.92,1.535,-3.148,1.563,4.104,-0.262,4.196
146.93,1.400,-3.150,1.556,3.945,-0.262,4.188
146.94,1.597,-3.150,1.557,4.404,-0.262,4.196
146.95,1.647,-3.151,1.559,4.246,-0.262,4.197
146.96,1.425,-3.150,1.557,4.205,-0.265,4.195
146.97,1.506,-3.149,1.556,4.134,-0.265,4.194
146.98,1.488,-3.148,1.555,4.363,-0.264,4.200
146.99,1.720,-3.147,1.561,4.048,-0.263,4.196
147.00,1.590,-3.148,1.562,4.502,-0.263,4.206
147.01,1.640,-3.148,1.565,4.145,-0.264,4.204
147.02,1.479,-3.147,1.563,4.405,-0.264,4.211
147.03,1.528,-3.149,1.560,3.726,-0.264,4.196
147.04,1.757,-3.150,1.566,3.825,-0.267,4.183
147.05,1.808,-3.150,1.574,4.285,-0.266,4.187
147.06,1.634,-3.150,1.576,3.960,-0.267,4.179
147.07,1.927,-3.147,1.590,4.092,-0.267,4.176
147.08,1.647,-3.150,1.590,4.127,-0.268,4.174
147.09,1.434,-3.149,1.586,4.141,-0.268,4.173
147.10,1.625,-3.152,1.585,4.134,-0.268,4.172
147.11,1.523,-3.151,1.584,4.098,-0.266,4.171
147.12,1.978,-3.151,1.597,4.145,-0.266,4.171
147.13,1.607,-3.152,1.597,4.345,-0.265,4.177
147.14,1.650,-3.152,1.599,4.456,-0.264,4.187
147.15,1.785,-3.153,1.605,4.305,-0.266,4.189
147.16,1.558,-3.153,1.604,4.235,-0.265,4.192
147.17,1.540,-3.155,1.601,4.085,-0.264,4.189
147.18,1.419,-3.154,1.597,4.187,-0.264,4.190
147.19,1.418,-3.155,1.591,4.377,-0.265,4.195
147.20,1.433,-3.155,1.587,4.197,-0.265,4.195
147.21,1.526,-3.155,1.585,3.999,-0.266,4.188
147.22,1.698,-3.155,1.589,4.259,-0.267,4.190
147.23,1.269,-3.158,1.577,4.109,-0.267,4.187
147.24,1.719,-3.157,1.583,4.046,-0.267,4.183
147.25,1.587,-3.156,1.584,4.219,-0.266,4.185
147.26,1.571,-3.156,1.584,4.169,-0.267,4.184
147.27,1.754,-3.155,1.591,4.229,-0.268,4.185
147.28,1.631,-3.155,1.593,4.269,-0.269,4.187
147.29,1.420,-3.153,1.590,4.170,-0.268,4.187
147.30,1.597,-3.153,1.591,4.146,-0.268,4.186
147.31,1.454,-3.153,1.587,3.871,-0.268,4.177
147.32,1.472,-3.154,1.583,3.828,-0.268,4.166
147.33,1.453,-3.153,1.580,4.242,-0.269,4.168
147.34,1.591,-3.153,1.581,4.374,-0.270,4.173
147.35,1.662,-3.153,1.584,4.100,-0.270,4.171
147.36,1.938,-3.151,1.597,4.208,-0.269,4.173
147.37,1.695,-3.151,1.600,4.098,-0.270,4.170
147.38,1.783,-3.151,1.607,3.914,-0.270,4.162
147.39,1.783,-3.153,1.611,4.191,-0.270,4.163
147.40,1.501,-3.154,1.607,4.188,-0.269,4.165
147.41,1.790,-3.155,1.612,4.194,-0.270,4.164
147.42,1.360,-3.156,1.604,4.347,-0.270,4.170
147.43,1.612,-3.154,1.607,4.086,-0.270,4.168
147.44,1.612,-3.152,1.610,3.992,-0.269,4.164
147.45,1.595,-3.152,1.610,4.020,-0.267,4.160
147.46,1.461,-3.151,1.606,4.292,-0.266,4.166
147.47,1.454,-3.152,1.602,4.148,-0.266,4.165
147.48,1.561,-3.154,1.599,4.122,-0.267,4.163
147.49,1.778,-3.156,1.603,4.011,-0.266,4.159
147.50,1.539,-3.157,1.601,4.138,-0.266,4.159
147.51,1.399,-3.159,1.593,4.238,-0.267,4.160
147.52,1.470,-3.161,1.587,4.035,-0.267,4.156
147.53,1.529,-3.163,1.585,3.888,-0.268,4.147
147.54,1.464,-3.163,1.581,4.221,-0.268,4.149
147.55,1.758,-3.163,1.587,3.961,-0.268,4.142
147.56,1.547,-3.164,1.585,4.201,-0.268,4.144
147.57,1.510,-3.163,1.585,3.971,-0.270,4.137
147.58,1.462,-3.164,1.580,4.388,-0.271,4.144
147.59,1.406,-3.164,1.574,4.009,-0.271,4.140
147.60,1.686,-3.163,1.580,4.004,-0.271,4.135
147.61,1.448,-3.163,1.575,4.223,-0.272,4.137
147.62,1.704,-3.163,1.580,4.071,-0.271,4.135
147.63,1.344,-3.162,1.575,4.229,-0.270,4.138
147.64,1.626,-3.160,1.578,4.135,-0.270,4.138
147.65,1.618,-3.160,1.579,4.258,-0.271,4.141
147.66,1.776,-3.161,1.584,4.208,-0.272,4.141
147.67,1.436,-3.161,1.581,4.089,-0.273,4.139
147.68,1.469,-3.163,1.575,4.126,-0.271,4.140
147.69,1.671,-3.163,1.579,4.015,-0.271,4.136
147.70,1.409,-3.162,1.575,4.075,-0.272,4.133
147.71,1.594,-3.162,1.576,4.395,-0.272,4.141
147.72,1.385,-3.160,1.572,4.286,-0.273,4.144
147.73,1.735,-3.160,1.577,4.145,-0.273,4.144
147.74,1.540,-3.160,1.576,4.334,-0.274,4.149
147.75,1.546,-3.161,1.574,4.206,-0.273,4.152
147.76,1.761,-3.160,1.581,3.903,-0.274,4.143
147.77,1.590,-3.160,1.581,4.334,-0.273,4.150
147.78,1.695,-3.161,1.585,4.374,-0.271,4.158
147.80,1.507,-3.161,1.583,4.374,-0.273,4.163
147.80,1.853,-3.161,1.591,4.122,-0.272,4.163
147.81,1.532,-3.162,1.589,4.215,-0.272,4.164
147.83,1.404,-3.162,1.584,4.002,-0.273,4.158
147.83,1.441,-3.162,1.579,4.148,-0.274,4.158
147.85,1.616,-3.163,1.580,4.193,-0.275,4.157
147.86,1.549,-3.165,1.578,3.899,-0.275,4.150
147.87,1.440,-3.164,1.575,4.175,-0.274,4.151
147.87,1.271,-3.163,1.566,3.932,-0.276,4.143
147.88,1.503,-3.165,1.562,4.076,-0.275,4.142
147.90,1.592,-3.164,1.564,4.112,-0.276,4.140
147.91,1.837,-3.164,1.573,4.076,-0.274,4.139
147.92,1.334,-3.165,1.564,4.437,-0.274,4.148
147.92,1.416,-3.167,1.558,4.093,-0.273,4.147
147.94,1.624,-3.168,1.559,4.260,-0.274,4.150
147.95,1.569,-3.171,1.557,4.284,-0.273,4.155
147.96,1.523,-3.173,1.553,4.440,-0.273,4.163
147.97,1.454,-3.172,1.552,4.172,-0.273,4.164
147.98,1.378,-3.173,1.546,4.519,-0.273,4.175
147.99,1.560,-3.176,1.543,4.310,-0.274,4.179
148.00,1.397,-3.178,1.537,4.156,-0.272,4.180
148.01,1.529,-3.179,1.535,4.273,-0.271,4.184
148.02,1.489,-3.180,1.533,4.190,-0.269,4.186
148.03,1.564,-3.182,1.532,4.249,-0.270,4.188
148.04,1.377,-3.183,1.527,4.304,-0.270,4.191
148.05,1.561,-3.183,1.527,4.057,-0.269,4.189
148.06,1.679,-3.185,1.530,4.094,-0.269,4.186
148.07,1.748,-3.184,1.538,4.021,-0.269,4.181
148.08,1.881,-3.185,1.548,4.151,-0.271,4.179
148.09,1.663,-3.186,1.550,4.311,-0.270,4.184
148.10,1.704,-3.187,1.554,4.322,-0.270,4.188
148.11,1.496,-3.185,1.555,4.059,-0.270,4.184
148.12,1.618,-3.186,1.555,4.184,-0.269,4.185
148.13,1.349,-3.185,1.550,4.427,-0.270,4.192
148.14,1.531,-3.184,1.551,4.298,-0.271,4.195
148.15,1.454,-3.184,1.547,4.340,-0.270,4.201
148.16,1.460,-3.185,1.545,3.968,-0.270,4.194
148.17,1.570,-3.183,1.548,4.190,-0.269,4.195
148.18,1.389,-3.182,1.544,4.254,-0.269,4.197
148.19,1.429,-3.183,1.539,4.281,-0.271,4.198
148.20,1.395,-3.183,1.534,4.308,-0.270,4.202
148.21,1.681,-3.183,1.539,4.208,-0.271,4.203
148.22,1.682,-3.182,1.545,4.054,-0.270,4.200
148.23,1.554,-3.183,1.544,3.921,-0.269,4.192
148.24,1.429,-3.183,1.541,4.027,-0.269,4.187
148.25,1.483,-3.186,1.536,4.304,-0.268,4.192
148.26,1.323,-3.185,1.530,4.304,-0.268,4.196
148.27,1.701,-3.186,1.534,4.136,-0.268,4.194
148.28,1.655,-3.184,1.540,3.996,-0.268,4.189
148.29,1.574,-3.185,1.540,4.108,-0.269,4.185
148.30,1.520,-3.188,1.536,4.096,-0.270,4.181
148.31,1.406,-3.189,1.531,4.453,-0.271,4.189
148.32,1.562,-3.186,1.535,3.990,-0.270,4.184
148.33,1.578,-3.187,1.536,4.200,-0.271,4.184
148.34,1.843,-3.187,1.545,4.059,-0.273,4.178
148.35,1.612,-3.185,1.550,4.146,-0.272,4.178
148.36,1.823,-3.185,1.558,4.150,-0.272,4.177
148.37,1.587,-3.187,1.557,4.224,-0.271,4.180
148.38,1.359,-3.188,1.550,4.367,-0.270,4.187
148.39,1.514,-3.189,1.548,3.848,-0.270,4.177
148.40,1.563,-3.189,1.549,3.895,-0.270,4.168
148.41,1.484,-3.192,1.544,4.247,-0.270,4.171
148.42,1.774,-3.193,1.550,4.093,-0.270,4.168
148.43,1.600,-3.193,1.552,4.177,-0.270,4.168
148.44,1.343,-3.194,1.545,4.083,-0.269,4.166
148.45,1.559,-3.194,1.545,4.034,-0.268,4.163
148.46,1.400,-3.195,1.541,4.158,-0.269,4.163
148.47,1.619,-3.196,1.542,4.466,-0.269,4.172
148.48,1.586,-3.197,1.543,4.315,-0.268,4.177
148.49,1.676,-3.197,1.547,3.939,-0.269,4.169
148.50,1.577,-3.197,1.548,4.063,-0.271,4.164
148.51,1.647,-3.197,1.552,4.545,-0.270,4.177
148.52,1.722,-3.197,1.557,3.895,-0.268,4.170
148.53,1.781,-3.197,1.564,4.280,-0.268,4.174
148.54,1.626,-3.196,1.567,4.617,-0.269,4.186
148.55,1.583,-3.196,1.568,4.051,-0.268,4.183
148.56,1.536,-3.198,1.566,4.167,-0.268,4.182
148.57,1.586,-3.197,1.567,4.383,-0.269,4.188
148.58,1.562,-3.197,1.568,4.018,-0.269,4.183
148.59,1.627,-3.196,1.571,4.426,-0.267,4.192
148.60,1.626,-3.197,1.572,4.231,-0.266,4.194
148.61,1.561,-3.197,1.572,4.132,-0.266,4.193
148.62,1.591,-3.200,1.571,4.146,-0.266,4.191
148.63,1.676,-3.201,1.573,4.291,-0.267,4.194
148.64,1.606,-3.201,1.574,4.213,-0.266,4.196
148.65,1.539,-3.199,1.575,4.321,-0.265,4.201
148.66,1.606,-3.202,1.574,4.336,-0.266,4.204
148.67,1.704,-3.204,1.577,3.936,-0.265,4.197
148.68,1.946,-3.203,1.589,4.161,-0.264,4.197
148.69,1.480,-3.205,1.585,4.148,-0.265,4.195
148.70,1.556,-3.206,1.584,4.145,-0.263,4.195
148.71,1.554,-3.206,1.583,4.113,-0.263,4.193
148.72,1.453,-3.208,1.577,4.213,-0.264,4.193
148.73,1.435,-3.207,1.574,3.752,-0.263,4.180
148.74,1.484,-3.209,1.571,3.992,-0.262,4.176
148.75,1.536,-3.210,1.569,4.215,-0.262,4.177
148.76,1.493,-3.209,1.568,4.293,-0.263,4.180
148.77,1.569,-3.211,1.567,4.128,-0.262,4.179
148.78,1.451,-3.211,1.563,4.514,-0.263,4.188
148.79,1.516,-3.212,1.561,4.193,-0.263,4.188
148.80,1.480,-3.213,1.558,3.888,-0.262,4.180
148.81,1.424,-3.215,1.553,4.254,-0.262,4.182
148.82,1.514,-3.215,1.552,4.275,-0.261,4.186
148.83,1.713,-3.216,1.556,4.082,-0.262,4.182
148.84,1.519,-3.217,1.554,4.454,-0.260,4.192
148.85,1.764,-3.217,1.561,3.996,-0.260,4.186
148.86,1.807,-3.217,1.569,4.129,-0.259,4.185
148.87,1.474,-3.217,1.566,4.260,-0.260,4.187
148.88,1.538,-3.216,1.567,4.221,-0.260,4.188
148.89,1.761,-3.219,1.571,4.139,-0.259,4.187
148.90,1.622,-3.220,1.572,4.212,-0.259,4.189
148.91,1.521,-3.219,1.572,4.251,-0.258,4.191
148.92,1.666,-3.219,1.575,4.097,-0.258,4.189
148.93,1.375,-3.221,1.568,3.931,-0.258,4.180
148.94,1.564,-3.223,1.566,3.971,-0.258,4.174
148.95,1.471,-3.224,1.563,3.950,-0.257,4.169
148.96,1.743,-3.223,1.569,4.203,-0.257,4.169
148.97,1.363,-3.224,1.563,4.116,-0.257,4.168
148.98,1.801,-3.224,1.571,4.151,-0.257,4.166
148.99,1.581,-3.226,1.570,3.989,-0.256,4.162
149.00,1.620,-3.228,1.570,4.239,-0.258,4.163
149.01,1.530,-3.228,1.569,4.334,-0.259,4.167
149.02,1.402,-3.231,1.561,4.121,-0.259,4.165
149.03,1.391,-3.232,1.555,4.212,-0.259,4.166
149.04,1.735,-3.233,1.560,4.111,-0.259,4.164
149.05,1.511,-3.232,1.561,4.181,-0.259,4.165
149.06,1.577,-3.233,1.561,4.340,-0.259,4.170
149.07,1.464,-3.233,1.558,4.369,-0.259,4.176
149.08,1.607,-3.233,1.560,4.232,-0.260,4.176
149.09,1.558,-3.233,1.560,4.283,-0.261,4.179
149.10,1.495,-3.234,1.558,4.461,-0.260,4.188
149.11,1.504,-3.234,1.556,4.139,-0.261,4.186
149.12,1.504,-3.234,1.555,4.247,-0.261,4.188
149.13,1.621,-3.234,1.558,4.218,-0.261,4.189
149.14,1.629,-3.234,1.560,4.107,-0.260,4.187
149.15,1.603,-3.234,1.562,4.244,-0.261,4.189
149.16,1.442,-3.236,1.557,4.033,-0.261,4.184
149.17,1.807,-3.236,1.564,4.500,-0.261,4.193
149.18,1.549,-3.237,1.564,4.216,-0.261,4.194
149.19,1.593,-3.238,1.565,4.242,-0.260,4.197
149.20,1.706,-3.236,1.571,4.445,-0.260,4.204
149.21,1.402,-3.236,1.566,4.156,-0.260,4.203
149.22,1.531,-3.236,1.565,4.346,-0.259,4.208
149.23,1.262,-3.235,1.557,3.936,-0.259,4.200
149.24,1.443,-3.233,1.556,4.360,-0.260,4.205
149.25,1.409,-3.234,1.551,4.285,-0.259,4.208
149.26,1.771,-3.234,1.559,4.138,-0.259,4.206
149.27,1.700,-3.233,1.564,4.313,-0.259,4.210
149.28,1.640,-3.234,1.566,4.036,-0.260,4.204
149.29,1.564,-3.235,1.565,4.227,-0.260,4.205
149.30,1.788,-3.234,1.573,4.011,-0.258,4.201
149.31,1.386,-3.236,1.566,4.241,-0.258,4.202
149.32,1.670,-3.236,1.570,4.299,-0.259,4.205
149.34,1.646,-3.235,1.574,4.149,-0.259,4.203
149.35,1.394,-3.234,1.569,4.305,-0.259,4.206
149.36,1.859,-3.235,1.578,4.237,-0.259,4.207
149.37,1.531,-3.238,1.574,4.170,-0.259,4.207
149.37,1.473,-3.237,1.572,4.132,-0.260,4.203
149.39,1.464,-3.238,1.569,4.249,-0.262,4.203
149.40,1.541,-3.238,1.568,4.291,-0.262,4.206
149.41,1.771,-3.239,1.574,3.887,-0.262,4.196
149.42,1.723,-3.240,1.578,4.214,-0.261,4.198
149.43,1.452,-3.239,1.576,4.049,-0.261,4.194
149.44,1.769,-3.241,1.580,3.967,-0.260,4.188
149.45,1.739,-3.240,1.586,4.190,-0.260,4.188
149.46,1.566,-3.240,1.587,4.046,-0.261,4.182
149.47,1.309,-3.239,1.579,4.109,-0.260,4.182
149.48,1.773,-3.238,1.587,3.959,-0.259,4.175
149.49,1.530,-3.241,1.583,4.227,-0.258,4.178
149.50,1.572,-3.243,1.581,3.951,-0.260,4.169
149.51,1.701,-3.242,1.586,4.221,-0.262,4.168
149.52,1.502,-3.243,1.584,4.025,-0.261,4.165
149.53,1.867,-3.244,1.592,4.081,-0.261,4.162
149.54,1.572,-3.243,1.593,4.184,-0.261,4.163
149.55,1.561,-3.246,1.589,4.057,-0.260,4.160
149.56,1.562,-3.244,1.591,3.819,-0.260,4.149
149.57,1.644,-3.245,1.593,3.985,-0.259,4.145
149.58,1.494,-3.245,1.590,4.203,-0.260,4.145
149.59,1.371,-3.244,1.585,4.102,-0.260,4.143
149.60,1.723,-3.244,1.590,4.308,-0.260,4.148
149.61,1.335,-3.244,1.583,4.148,-0.261,4.147
149.62,1.684,-3.245,1.585,4.106,-0.261,4.146
149.63,1.821,-3.245,1.593,4.256,-0.260,4.149
149.64,1.019,-3.247,1.574,4.277,-0.261,4.152
149.65,1.608,-3.246,1.577,3.850,-0.261,4.143
149.66,1.736,-3.247,1.581,4.122,-0.261,4.141
149.67,1.414,-3.246,1.577,4.323,-0.260,4.147
149.68,1.411,-3.246,1.572,4.232,-0.260,4.150
149.69,1.811,-3.246,1.580,4.207,-0.259,4.153
149.70,1.596,-3.245,1.582,4.122,-0.259,4.151
149.71,1.416,-3.247,1.576,4.093,-0.260,4.148
149.72,1.539,-3.246,1.576,4.325,-0.260,4.153
149.73,1.319,-3.248,1.566,4.442,-0.260,4.162
149.74,1.573,-3.248,1.567,4.431,-0.260,4.170
149.75,1.316,-3.250,1.558,4.151,-0.261,4.168
149.76,1.619,-3.252,1.558,4.311,-0.261,4.172
149.77,1.382,-3.252,1.552,4.155,-0.260,4.173
149.78,1.872,-3.253,1.561,4.311,-0.260,4.177
149.79,1.505,-3.255,1.558,4.191,-0.260,4.177
149.80,1.815,-3.256,1.566,4.449,-0.258,4.187
149.81,1.594,-3.257,1.566,4.128,-0.258,4.186
149.82,1.709,-3.256,1.572,4.344,-0.257,4.192
149.83,1.794,-3.259,1.576,4.334,-0.256,4.197
149.84,1.550,-3.259,1.576,4.247,-0.255,4.200
149.85,1.794,-3.258,1.584,3.927,-0.255,4.192
149.86,1.586,-3.258,1.584,4.143,-0.255,4.190
149.87,1.378,-3.258,1.578,3.941,-0.255,4.183
149.88,1.603,-3.259,1.579,3.981,-0.255,4.177
149.89,1.503,-3.260,1.576,4.382,-0.256,4.182
149.90,1.509,-3.261,1.574,4.624,-0.255,4.196
149.91,1.562,-3.262,1.573,4.279,-0.255,4.199
149.92,1.640,-3.262,1.575,4.179,-0.255,4.199
149.93,1.770,-3.264,1.580,4.145,-0.255,4.197
149.94,1.504,-3.263,1.579,4.271,-0.256,4.199
149.95,1.555,-3.266,1.575,4.175,-0.255,4.199
149.96,1.675,-3.268,1.577,4.084,-0.256,4.194
149.97,1.344,-3.267,1.572,3.907,-0.255,4.187
149.98,1.618,-3.270,1.571,4.134,-0.254,4.186
149.99,1.556,-3.271,1.570,4.155,-0.253,4.186
150.00,1.605,-3.274,1.569,4.291,-0.253,4.190
150.01,1.602,-3.276,1.568,4.030,-0.253,4.184
150.02,1.489,-3.275,1.567,4.197,-0.255,4.183
150.03,1.871,-3.275,1.577,4.099,-0.254,4.181
150.04,1.641,-3.277,1.578,4.395,-0.255,4.187
150.05,1.396,-3.277,1.573,4.324,-0.255,4.191
150.06,1.393,-3.277,1.567,4.326,-0.255,4.195
150.07,1.571,-3.279,1.567,4.241,-0.255,4.197
150.08,1.841,-3.281,1.573,3.967,-0.255,4.190
150.09,1.568,-3.282,1.573,4.197,-0.255,4.190
150.10,1.387,-3.285,1.564,4.670,-0.254,4.206
150.11,1.547,-3.286,1.564,4.197,-0.253,4.207
150.12,1.547,-3.287,1.563,4.041,-0.253,4.202
150.13,1.630,-3.288,1.565,4.249,-0.254,4.203
150.14,1.405,-3.288,1.560,4.259,-0.253,4.205
150.15,1.589,-3.289,1.560,4.008,-0.254,4.199
150.16,1.616,-3.290,1.561,4.328,-0.255,4.202
150.17,1.592,-3.290,1.563,4.258,-0.255,4.203
150.18,1.969,-3.292,1.574,4.135,-0.255,4.202
150.19,1.507,-3.293,1.571,4.011,-0.256,4.195
150.20,1.360,-3.293,1.565,4.044,-0.255,4.191
150.21,1.653,-3.293,1.569,4.033,-0.255,4.187
150.22,1.569,-3.293,1.570,4.187,-0.255,4.186
150.23,1.584,-3.295,1.569,4.235,-0.256,4.187
150.24,1.723,-3.294,1.575,4.416,-0.256,4.194
150.25,1.733,-3.293,1.581,3.956,-0.257,4.186
150.26,1.644,-3.295,1.582,4.188,-0.257,4.186
150.27,1.590,-3.296,1.581,4.166,-0.257,4.185
150.28,1.574,-3.295,1.583,4.082,-0.258,4.181
150.29,1.570,-3.295,1.583,4.105,-0.259,4.178
150.30,1.509,-3.297,1.580,4.244,-0.258,4.180
150.31,1.469,-3.296,1.578,3.814,-0.259,4.168
150.32,1.692,-3.296,1.582,4.293,-0.261,4.170
150.33,1.676,-3.297,1.585,4.315,-0.262,4.174
150.34,1.484,-3.298,1.581,4.183,-0.261,4.175
150.35,1.639,-3.296,1.586,4.131,-0.262,4.173
150.36,1.617,-3.296,1.587,4.159,-0.261,4.173
150.37,1.463,-3.296,1.584,4.212,-0.262,4.173
150.38,1.697,-3.297,1.587,3.995,-0.261,4.168
150.39,1.545,-3.297,1.587,4.240,-0.261,4.171
150.40,1.576,-3.297,1.587,4.155,-0.262,4.169
150.41,1.618,-3.298,1.588,4.052,-0.262,4.165
150.42,1.511,-3.298,1.587,4.362,-0.261,4.173
150.43,1.615,-3.298,1.587,4.108,-0.261,4.170
150.44,1.685,-3.299,1.590,4.480,-0.260,4.181
150.45,1.744,-3.301,1.594,4.264,-0.261,4.183
150.46,1.513,-3.301,1.592,4.212,-0.260,4.184
150.47,1.744,-3.305,1.594,4.167,-0.261,4.183
150.48,1.620,-3.306,1.595,4.215,-0.261,4.184
150.49,1.504,-3.306,1.592,3.954,-0.261,4.177
150.50,1.535,-3.306,1.592,4.454,-0.259,4.187
150.51,1.745,-3.307,1.596,4.410,-0.259,4.194
150.52,1.650,-3.307,1.598,4.011,-0.258,4.189
150.53,1.347,-3.309,1.590,4.178,-0.258,4.189
150.54,1.815,-3.309,1.597,4.099,-0.258,4.187
150.55,1.474,-3.309,1.593,4.285,-0.259,4.189
150.56,1.555,-3.309,1.593,4.502,-0.259,4.198
150.57,1.763,-3.311,1.598,4.034,-0.258,4.195
150.58,1.504,-3.312,1.594,3.920,-0.258,4.186
150.59,1.618,-3.314,1.594,4.136,-0.258,4.184
150.60,1.536,-3.316,1.591,4.121,-0.259,4.182
150.61,1.318,-3.318,1.582,4.142,-0.259,4.180
150.62,1.809,-3.318,1.589,4.227,-0.258,4.183
150.63,1.456,-3.318,1.586,3.985,-0.258,4.177
150.64,1.718,-3.319,1.589,4.332,-0.258,4.181
150.65,1.276,-3.320,1.579,4.205,-0.257,4.182
150.66,1.656,-3.321,1.581,4.049,-0.258,4.178
150.67,1.483,-3.322,1.578,4.116,-0.259,4.175
150.68,1.399,-3.321,1.574,4.339,-0.259,4.180
150.69,1.471,-3.321,1.572,4.248,-0.261,4.180
150.70,1.435,-3.321,1.568,4.312,-0.262,4.183
150.71,1.509,-3.320,1.567,4.316,-0.260,4.189
150.73,1.752,-3.319,1.575,4.136,-0.260,4.187
150.74,1.596,-3.319,1.576,3.965,-0.259,4.181
150.74,1.506,-3.319,1.574,4.145,-0.260,4.180
150.75,1.643,-3.322,1.574,4.151,-0.258,4.180
150.76,1.629,-3.320,1.578,4.262,-0.258,4.183
150.78,1.671,-3.321,1.581,4.144,-0.257,4.183
150.78,1.548,-3.321,1.580,4.247,-0.257,4.185
150.79,1.659,-3.320,1.584,4.467,-0.256,4.194
150.81,1.608,-3.322,1.583,3.968,-0.256,4.188
150.82,1.678,-3.323,1.586,4.235,-0.255,4.190
150.82,1.420,-3.323,1.582,3.896,-0.255,4.182
150.83,1.571,-3.325,1.580,3.747,-0.254,4.169
150.84,1.437,-3.327,1.574,4.235,-0.254,4.171
150.85,1.569,-3.329,1.573,4.162,-0.254,4.171
150.87,1.560,-3.330,1.572,3.996,-0.254,4.165
150.88,1.173,-3.330,1.560,4.187,-0.254,4.165
150.89,1.657,-3.328,1.566,4.231,-0.254,4.167
150.90,1.635,-3.330,1.566,3.690,-0.254,4.152
150.91,1.475,-3.330,1.564,4.126,-0.255,4.150
150.92,1.695,-3.331,1.567,4.264,-0.255,4.154
150.93,1.414,-3.332,1.562,4.006,-0.255,4.149
150.94,1.322,-3.331,1.556,4.109,-0.253,4.149
150.95,1.649,-3.331,1.559,4.393,-0.253,4.155
150.96,1.795,-3.332,1.566,4.605,-0.253,4.169
150.97,1.765,-3.331,1.573,4.494,-0.252,4.180
150.98,1.426,-3.331,1.570,4.213,-0.253,4.180
150.99,1.331,-3.332,1.562,4.284,-0.252,4.184
151.00,1.450,-3.331,1.559,4.069,-0.252,4.180
151.01,1.573,-3.331,1.561,4.173,-0.253,4.180
151.02,1.550,-3.332,1.559,4.095,-0.253,4.177
151.03,1.579,-3.335,1.557,4.128,-0.253,4.175
151.04,1.357,-3.335,1.551,4.134,-0.253,4.174
151.05,1.817,-3.337,1.559,4.256,-0.254,4.176
151.06,1.681,-3.337,1.562,4.002,-0.253,4.171
151.07,1.426,-3.340,1.556,4.285,-0.253,4.175
151.08,1.558,-3.341,1.555,4.282,-0.253,4.177
151.09,1.820,-3.342,1.563,4.229,-0.254,4.178
151.10,1.614,-3.341,1.566,4.236,-0.254,4.180
151.11,1.367,-3.340,1.561,4.453,-0.254,4.188
151.12,1.537,-3.342,1.558,4.208,-0.253,4.190
151.13,1.533,-3.342,1.559,4.024,-0.250,4.187
151.14,1.576,-3.341,1.561,4.135,-0.249,4.187
151.15,1.704,-3.341,1.565,4.144,-0.249,4.186
151.16,1.650,-3.340,1.569,4.277,-0.248,4.189
151.17,1.327,-3.340,1.562,4.149,-0.248,4.188
151.18,1.944,-3.342,1.572,3.928,-0.247,4.181
151.19,1.356,-3.341,1.567,4.112,-0.248,4.178
151.20,1.405,-3.341,1.563,4.060,-0.248,4.174
151.21,1.590,-3.342,1.563,4.191,-0.248,4.175
151.22,1.655,-3.340,1.568,4.083,-0.248,4.172
151.23,1.882,-3.341,1.578,3.884,-0.248,4.163
151.24,1.526,-3.341,1.577,4.131,-0.250,4.160
151.25,1.590,-3.341,1.578,3.951,-0.249,4.154
151.26,1.656,-3.343,1.578,4.193,-0.249,4.155
151.27,1.612,-3.344,1.579,4.195,-0.249,4.156
151.28,1.598,-3.342,1.582,4.039,-0.249,4.152
151.29,1.437,-3.345,1.575,4.225,-0.248,4.154
151.30,1.337,-3.346,1.568,4.277,-0.249,4.157
151.31,1.818,-3.346,1.576,4.260,-0.249,4.160
151.32,1.751,-3.343,1.584,4.116,-0.250,4.157
151.33,1.721,-3.344,1.589,3.952,-0.251,4.150
151.34,1.576,-3.345,1.587,3.953,-0.251,4.144
151.35,1.796,-3.347,1.593,4.182,-0.251,4.144
151.36,1.539,-3.347,1.591,4.115,-0.250,4.144
151.37,1.372,-3.347,1.585,3.981,-0.250,4.139
151.38,1.258,-3.348,1.575,4.221,-0.248,4.142
151.39,1.577,-3.349,1.575,4.316,-0.249,4.146
151.40,1.518,-3.349,1.573,4.061,-0.250,4.142
151.41,1.631,-3.348,1.577,4.040,-0.250,4.139
151.42,1.597,-3.347,1.579,3.976,-0.251,4.133
151.43,1.530,-3.346,1.579,4.132,-0.250,4.133
151.44,1.644,-3.346,1.581,4.010,-0.249,4.129
151.45,1.489,-3.348,1.577,4.233,-0.248,4.134
151.46,1.573,-3.347,1.578,4.186,-0.248,4.135
151.47,1.531,-3.347,1.577,4.121,-0.249,4.133
151.48,1.472,-3.348,1.573,4.244,-0.249,4.136
151.49,1.490,-3.349,1.570,4.216,-0.249,4.138
151.50,1.404,-3.350,1.565,4.062,-0.248,4.136
151.51,1.585,-3.351,1.564,4.139,-0.249,4.134
151.52,1.537,-3.350,1.565,4.568,-0.249,4.148
151.53,1.620,-3.352,1.566,4.120,-0.249,4.147
151.54,1.581,-3.353,1.565,4.263,-0.248,4.151
151.55,1.586,-3.353,1.566,4.014,-0.248,4.146
151.56,1.374,-3.354,1.560,4.076,-0.248,4.143
151.57,1.583,-3.354,1.561,4.208,-0.248,4.146
151.58,1.436,-3.353,1.559,4.147,-0.248,4.145
151.59,1.581,-3.353,1.559,4.253,-0.247,4.149
151.60,1.525,-3.354,1.558,4.177,-0.248,4.149
151.61,1.423,-3.356,1.552,3.711,-0.247,4.136
151.62,1.640,-3.357,1.553,3.986,-0.248,4.130
151.63,1.453,-3.361,1.547,4.076,-0.248,4.128
151.64,1.678,-3.362,1.550,4.260,-0.248,4.132
151.65,1.487,-3.363,1.548,4.048,-0.247,4.129
151.66,1.408,-3.366,1.541,4.399,-0.247,4.137
151.67,1.434,-3.367,1.537,4.373,-0.247,4.145
151.68,1.580,-3.368,1.537,4.019,-0.247,4.140
151.69,1.325,-3.369,1.530,3.994,-0.247,4.135
151.70,1.418,-3.369,1.527,4.292,-0.247,4.140
151.71,1.698,-3.370,1.531,3.727,-0.247,4.127
151.72,1.321,-3.371,1.524,4.610,-0.247,4.141
151.73,1.731,-3.373,1.529,4.278,-0.245,4.147
151.74,1.578,-3.373,1.530,4.268,-0.244,4.152
151.75,1.667,-3.374,1.533,4.306,-0.244,4.156
151.76,1.619,-3.374,1.536,4.452,-0.242,4.167
151.77,1.525,-3.377,1.534,4.423,-0.242,4.175
151.78,1.613,-3.380,1.533,4.365,-0.241,4.181
151.79,1.624,-3.381,1.535,4.058,-0.241,4.178
151.80,1.655,-3.381,1.539,4.082,-0.241,4.175
151.81,1.517,-3.379,1.540,4.240,-0.240,4.177
151.82,1.664,-3.382,1.542,3.910,-0.241,4.168
151.83,1.733,-3.383,1.547,4.259,-0.243,4.169
151.84,1.543,-3.384,1.547,4.362,-0.242,4.176
151.85,1.466,-3.386,1.543,4.206,-0.239,4.180
151.86,1.758,-3.388,1.548,4.274,-0.239,4.183
151.87,1.619,-3.388,1.550,4.019,-0.239,4.178
151.88,1.512,-3.387,1.550,4.035,-0.238,4.174
151.89,1.625,-3.389,1.552,4.277,-0.239,4.176
151.90,1.576,-3.389,1.552,4.413,-0.240,4.183
151.91,1.642,-3.389,1.556,4.416,-0.238,4.192
151.92,1.441,-3.391,1.551,3.987,-0.240,4.184
151.93,1.407,-3.392,1.546,4.047,-0.238,4.182
151.94,1.728,-3.393,1.551,4.011,-0.237,4.177
151.95,1.913,-3.391,1.565,4.433,-0.238,4.184
151.96,1.524,-3.391,1.563,3.958,-0.239,4.176
151.97,1.453,-3.394,1.558,4.125,-0.241,4.173
151.98,1.812,-3.397,1.564,4.076,-0.240,4.171
151.99,1.817,-3.397,1.572,3.909,-0.240,4.163
152.00,1.655,-3.396,1.576,4.230,-0.240,4.164
152.01,1.612,-3.395,1.579,4.086,-0.242,4.160
152.02,1.648,-3.395,1.582,4.224,-0.242,4.162
152.03,1.687,-3.395,1.586,4.256,-0.242,4.165
152.04,1.885,-3.397,1.594,4.135,-0.241,4.165
152.05,1.635,-3.396,1.597,4.122,-0.241,4.164
152.06,1.468,-3.398,1.593,4.234,-0.240,4.166
152.07,1.397,-3.398,1.587,4.140,-0.240,4.166
152.08,1.429,-3.398,1.584,4.247,-0.239,4.169
152.09,1.539,-3.398,1.583,4.224,-0.238,4.171
152.10,1.558,-3.398,1.582,4.114,-0.238,4.170
152.11,1.387,-3.398,1.577,4.089,-0.238,4.167
152.12,1.498,-3.397,1.576,4.152,-0.238,4.167
152.13,1.621,-3.398,1.577,4.234,-0.238,4.169
152.15,1.705,-3.398,1.582,4.216,-0.240,4.168
152.15,1.463,-3.399,1.578,4.160,-0.238,4.169
152.16,1.812,-3.400,1.586,4.186,-0.239,4.169
152.17,1.589,-3.399,1.587,4.259,-0.238,4.172
152.18,1.522,-3.399,1.585,4.256,-0.238,4.176
152.19,1.703,-3.400,1.589,4.346,-0.238,4.180
152.20,1.875,-3.400,1.599,4.342,-0.239,4.184
152.22,1.496,-3.401,1.595,4.341,-0.240,4.188
152.23,1.601,-3.403,1.595,4.239,-0.240,4.190
152.23,1.538,-3.406,1.591,4.153,-0.241,4.188
152.25,1.701,-3.407,1.594,4.433,-0.242,4.195
152.25,1.729,-3.407,1.599,4.214,-0.241,4.196
152.27,1.481,-3.408,1.595,4.110,-0.241,4.194
152.28,1.376,-3.410,1.587,4.210,-0.241,4.195
152.28,1.661,-3.411,1.589,4.027,-0.240,4.191
152.30,1.522,-3.411,1.588,4.062,-0.240,4.187
152.31,1.529,-3.411,1.586,4.293,-0.240,4.190
152.32,1.618,-3.411,1.589,4.091,-0.240,4.187
152.32,1.559,-3.413,1.587,4.102,-0.241,4.184
152.34,1.533,-3.414,1.584,4.399,-0.241,4.190
152.35,1.731,-3.415,1.589,4.318,-0.242,4.194
152.36,1.433,-3.414,1.586,4.272,-0.242,4.197
152.36,1.638,-3.415,1.588,4.297,-0.243,4.199
152.38,1.522,-3.416,1.585,4.146,-0.244,4.196
152.39,1.588,-3.414,1.588,4.039,-0.243,4.193
152.40,1.374,-3.413,1.583,4.042,-0.244,4.187
152.41,1.821,-3.415,1.589,4.115,-0.244,4.185
152.42,1.463,-3.415,1.586,3.968,-0.245,4.178
152.43,1.459,-3.415,1.583,4.076,-0.244,4.175
152.44,1.414,-3.417,1.576,4.133,-0.245,4.173
152.45,1.624,-3.417,1.578,4.285,-0.246,4.176
152.46,1.576,-3.417,1.579,4.141,-0.246,4.174
152.47,1.535,-3.419,1.577,4.261,-0.246,4.177
152.48,1.595,-3.419,1.577,4.360,-0.246,4.183
152.49,1.422,-3.419,1.573,3.892,-0.246,4.174
152.50,1.479,-3.421,1.569,4.354,-0.246,4.180
152.51,1.538,-3.424,1.566,4.245,-0.245,4.183
152.52,1.387,-3.424,1.561,4.469,-0.246,4.191
152.53,1.487,-3.424,1.559,4.218,-0.245,4.192
152.54,1.504,-3.426,1.556,4.061,-0.246,4.188
152.55,1.554,-3.427,1.555,4.416,-0.247,4.194
152.56,1.683,-3.429,1.558,4.550,-0.247,4.205
152.57,1.378,-3.429,1.553,4.107,-0.249,4.201
152.58,1.745,-3.429,1.559,4.075,-0.249,4.197
152.59,1.682,-3.432,1.561,4.197,-0.250,4.196
152.60,1.747,-3.432,1.567,4.055,-0.249,4.193
152.61,1.762,-3.432,1.573,3.943,-0.249,4.185
152.62,1.771,-3.432,1.580,4.182,-0.249,4.186
152.63,1.570,-3.434,1.578,4.022,-0.249,4.181
152.64,1.565,-3.434,1.579,3.839,-0.248,4.171
152.65,1.924,-3.433,1.591,4.276,-0.248,4.174
152.66,1.537,-3.433,1.590,3.882,-0.248,4.166
152.67,1.259,-3.433,1.581,4.060,-0.248,4.162
152.68,1.599,-3.434,1.581,4.006,-0.250,4.156
152.69,1.584,-3.436,1.580,4.240,-0.250,4.158
152.70,1.506,-3.436,1.578,4.199,-0.251,4.158
152.71,1.714,-3.436,1.583,4.334,-0.249,4.165
152.72,1.693,-3.436,1.587,4.284,-0.248,4.170
152.73,1.547,-3.438,1.585,4.355,-0.246,4.177
152.74,1.845,-3.440,1.591,4.037,-0.244,4.174
152.75,1.657,-3.439,1.595,3.857,-0.243,4.166
152.76,1.643,-3.440,1.597,4.460,-0.244,4.174
152.77,1.577,-3.440,1.597,3.846,-0.244,4.164
152.78,1.666,-3.440,1.600,4.278,-0.242,4.169
152.79,1.348,-3.441,1.592,4.288,-0.242,4.172
152.80,1.572,-3.443,1.591,4.253,-0.242,4.175
152.81,1.595,-3.444,1.590,4.348,-0.243,4.180
152.82,1.818,-3.445,1.597,4.119,-0.244,4.177
152.83,1.452,-3.447,1.591,4.261,-0.244,4.179
152.84,1.716,-3.448,1.595,4.303,-0.244,4.183
152.85,1.530,-3.448,1.594,4.227,-0.243,4.185
152.86,1.628,-3.447,1.596,4.039,-0.243,4.181
152.87,1.498,-3.449,1.592,4.303,-0.243,4.185
152.88,1.746,-3.450,1.597,4.062,-0.242,4.182
152.89,1.739,-3.450,1.602,4.155,-0.243,4.180
152.90,1.630,-3.452,1.602,4.181,-0.244,4.179
152.91,1.353,-3.454,1.593,4.332,-0.243,4.185
152.92,1.535,-3.455,1.592,4.045,-0.242,4.182
152.93,1.401,-3.455,1.587,3.877,-0.244,4.171
152.94,1.544,-3.454,1.587,4.009,-0.243,4.167
152.95,1.846,-3.455,1.595,4.242,-0.243,4.168
152.96,1.213,-3.457,1.582,4.482,-0.243,4.178
152.97,1.672,-3.459,1.584,4.280,-0.244,4.181
152.98,1.436,-3.458,1.580,4.472,-0.245,4.189
152.99,1.372,-3.458,1.575,4.071,-0.246,4.184
153.00,1.601,-3.459,1.575,4.423,-0.246,4.192
153.01,1.433,-3.457,1.573,4.365,-0.246,4.196
153.02,1.555,-3.459,1.571,4.107,-0.247,4.193
153.03,1.620,-3.463,1.570,4.265,-0.247,4.195
153.04,1.697,-3.464,1.573,4.365,-0.248,4.200
153.05,1.565,-3.467,1.571,4.093,-0.248,4.197
153.06,1.671,-3.467,1.574,4.208,-0.247,4.198
153.07,1.505,-3.466,1.574,3.914,-0.246,4.191
153.08,1.514,-3.466,1.573,4.330,-0.246,4.195
153.09,1.503,-3.467,1.570,4.377,-0.246,4.201
153.10,1.485,-3.468,1.567,3.985,-0.246,4.195
153.11,1.473,-3.469,1.564,4.132,-0.245,4.194
153.12,1.630,-3.470,1.566,4.168,-0.245,4.193
153.13,1.590,-3.471,1.566,4.176,-0.244,4.194
153.14,1.557,-3.471,1.567,4.039,-0.244,4.189
153.15,1.404,-3.471,1.562,4.076,-0.245,4.185
153.16,1.462,-3.472,1.558,3.855,-0.245,4.175
153.17,1.777,-3.473,1.565,4.246,-0.247,4.175
153.18,1.734,-3.474,1.570,4.394,-0.248,4.181
153.19,1.546,-3.472,1.571,4.049,-0.249,4.176
153.20,1.588,-3.471,1.573,3.954,-0.249,4.170
153.21,1.424,-3.472,1.568,4.133,-0.250,4.167
153.22,1.650,-3.471,1.572,4.046,-0.250,4.164
153.23,1.312,-3.475,1.561,4.168,-0.250,4.163
153.24,1.809,-3.475,1.569,4.143,-0.249,4.163
153.25,1.552,-3.474,1.570,4.208,-0.248,4.166
153.26,1.815,-3.477,1.576,4.243,-0.247,4.169
153.27,1.684,-3.477,1.579,4.275,-0.246,4.173
153.28,1.568,-3.478,1.579,4.463,-0.248,4.180
153.29,1.586,-3.479,1.578,3.890,-0.247,4.172
153.30,1.456,-3.479,1.576,4.375,-0.247,4.178
153.31,1.690,-3.477,1.581,4.192,-0.248,4.178
153.32,1.597,-3.479,1.581,4.464,-0.247,4.187
153.33,1.556,-3.479,1.581,4.097,-0.248,4.184
153.34,1.530,-3.480,1.578,3.889,-0.246,4.177
153.35,1.525,-3.480,1.578,4.178,-0.246,4.177
153.36,1.633,-3.480,1.580,4.444,-0.246,4.185
153.37,1.477,-3.481,1.577,3.974,-0.247,4.178
153.38,1.449,-3.481,1.573,4.365,-0.247,4.184
153.39,1.513,-3.482,1.571,4.319,-0.248,4.187
153.40,1.744,-3.482,1.577,3.989,-0.248,4.181
153.41,1.487,-3.483,1.574,4.183,-0.249,4.180
153.42,1.409,-3.484,1.569,4.100,-0.248,4.178
153.43,1.812,-3.483,1.577,4.067,-0.248,4.175
153.44,1.321,-3.483,1.570,4.235,-0.248,4.177
153.45,1.528,-3.483,1.570,4.228,-0.249,4.177
153.46,1.546,-3.483,1.569,4.023,-0.249,4.173
153.47,1.381,-3.486,1.562,3.957,-0.248,4.167
153.48,1.688,-3.486,1.566,4.335,-0.248,4.172
153.49,1.553,-3.488,1.564,4.062,-0.249,4.168
153.50,1.741,-3.490,1.568,4.458,-0.248,4.178
153.51,1.702,-3.490,1.572,4.677,-0.248,4.193
153.52,1.533,-3.490,1.572,4.133,-0.248,4.191
153.53,1.541,-3.490,1.571,4.046,-0.249,4.186
153.54,1.681,-3.492,1.573,3.951,-0.248,4.180
153.55,1.803,-3.490,1.583,4.072,-0.248,4.176
153.56,1.273,-3.489,1.575,4.266,-0.247,4.181
153.57,1.785,-3.489,1.582,4.197,-0.246,4.182
153.58,1.649,-3.492,1.582,4.367,-0.246,4.188
153.59,1.396,-3.493,1.576,4.519,-0.246,4.198
153.60,1.727,-3.492,1.582,4.210,-0.244,4.200
153.61,1.701,-3.494,1.584,4.182,-0.244,4.200
153.62,1.677,-3.496,1.586,4.353,-0.244,4.205
153.64,1.403,-3.494,1.583,4.138,-0.244,4.203
153.65,1.563,-3.495,1.583,4.321,-0.243,4.207
153.65,1.615,-3.495,1.584,4.310,-0.244,4.210
153.67,1.797,-3.494,1.592,4.113,-0.243,4.209
153.68,1.794,-3.496,1.597,4.203,-0.242,4.210
153.69,1.756,-3.496,1.603,4.002,-0.241,4.205
153.69,1.550,-3.496,1.602,4.030,-0.241,4.199
153.70,1.664,-3.499,1.602,3.911,-0.242,4.190
153.72,1.553,-3.499,1.601,4.244,-0.241,4.192
153.73,1.651,-3.502,1.600,4.046,-0.242,4.187
153.73,1.648,-3.504,1.601,4.115,-0.242,4.185
153.75,1.812,-3.504,1.609,4.163,-0.242,4.184
153.76,1.753,-3.506,1.612,4.080,-0.242,4.181
153.76,1.571,-3.506,1.611,4.603,-0.242,4.194
153.77,1.518,-3.505,1.610,4.061,-0.245,4.187
153.79,1.525,-3.507,1.607,4.221,-0.244,4.189
153.80,1.522,-3.506,1.606,4.012,-0.244,4.184
153.81,1.576,-3.506,1.606,4.097,-0.243,4.182
153.82,1.569,-3.505,1.607,4.162,-0.245,4.179
153.83,1.470,-3.505,1.603,4.119,-0.244,4.178
153.84,1.677,-3.505,1.606,4.140,-0.244,4.177
153.85,1.459,-3.505,1.603,4.309,-0.243,4.182
153.86,1.750,-3.505,1.608,4.229,-0.241,4.185
153.87,1.649,-3.506,1.609,4.190,-0.242,4.185
153.88,1.730,-3.507,1.612,4.291,-0.241,4.189
153.89,1.774,-3.508,1.618,4.156,-0.240,4.189
153.90,1.705,-3.509,1.620,4.183,-0.241,4.188
153.90,1.543,-3.509,1.619,4.065,-0.240,4.185
153.92,1.531,-3.510,1.616,4.185,-0.239,4.186
153.93,1.523,-3.510,1.615,4.102,-0.239,4.184
153.94,1.605,-3.511,1.613,4.166,-0.238,4.183
153.95,1.725,-3.509,1.620,4.230,-0.239,4.185
153.96,1.783,-3.509,1.626,4.035,-0.239,4.180
153.97,1.540,-3.508,1.625,4.143,-0.239,4.178
153.98,1.442,-3.508,1.621,4.274,-0.239,4.181
153.99,1.642,-3.507,1.623,4.268,-0.239,4.184
154.00,1.402,-3.509,1.615,4.126,-0.237,4.184
154.01,1.533,-3.510,1.613,3.872,-0.237,4.175
154.02,1.653,-3.509,1.616,4.451,-0.236,4.183
154.03,1.307,-3.510,1.605,4.165,-0.237,4.182
154.04,1.575,-3.511,1.605,4.203,-0.237,4.182
154.05,1.517,-3.513,1.600,4.013,-0.238,4.177
154.06,1.592,-3.514,1.600,4.425,-0.238,4.184
154.07,1.515,-3.515,1.597,4.023,-0.238,4.179
154.08,1.513,-3.516,1.595,4.229,-0.238,4.181
154.09,1.660,-3.515,1.598,4.134,-0.238,4.179
154.10,1.558,-3.517,1.596,4.090,-0.237,4.177
154.11,1.405,-3.516,1.591,3.863,-0.239,4.166
154.12,1.952,-3.517,1.602,4.452,-0.239,4.174
154.13,1.595,-3.517,1.603,4.155,-0.238,4.174
154.14,1.457,-3.517,1.599,4.229,-0.239,4.175
154.15,1.594,-3.519,1.597,4.070,-0.238,4.172
154.16,1.573,-3.519,1.597,4.487,-0.237,4.183
154.17,1.619,-3.518,1.599,4.357,-0.236,4.189
154.18,1.848,-3.519,1.606,4.346,-0.236,4.194
154.19,1.674,-3.519,1.609,4.032,-0.235,4.190
154.20,1.430,-3.521,1.602,4.041,-0.234,4.186
154.21,1.532,-3.521,1.601,3.939,-0.233,4.179
154.22,1.400,-3.520,1.597,4.338,-0.231,4.186
154.23,1.574,-3.521,1.595,4.082,-0.232,4.183
154.24,1.426,-3.520,1.591,4.356,-0.232,4.187
154.25,1.207,-3.521,1.580,4.125,-0.233,4.184
154.26,1.599,-3.522,1.580,4.225,-0.234,4.185
154.27,1.565,-3.524,1.578,3.916,-0.234,4.176
154.28,1.464,-3.524,1.575,4.186,-0.236,4.175
154.29,1.221,-3.524,1.565,4.204,-0.236,4.175
154.30,1.499,-3.524,1.562,4.161,-0.237,4.174
154.31,1.458,-3.524,1.559,4.322,-0.236,4.179
154.32,1.470,-3.525,1.556,4.406,-0.236,4.186
154.33,2.003,-3.525,1.570,4.321,-0.237,4.189
154.34,1.750,-3.523,1.578,4.304,-0.236,4.193
154.35,1.569,-3.524,1.577,3.970,-0.236,4.187
154.36,1.701,-3.525,1.580,4.330,-0.238,4.189
154.37,1.466,-3.525,1.577,4.385,-0.240,4.193
154.38,1.592,-3.525,1.578,4.088,-0.241,4.189
154.39,1.648,-3.526,1.580,3.981,-0.240,4.184
154.40,1.616,-3.525,1.582,3.952,-0.238,4.179
154.41,1.605,-3.522,1.586,4.251,-0.239,4.180
154.42,1.304,-3.523,1.577,4.168,-0.237,4.181
154.43,1.428,-3.520,1.575,4.335,-0.237,4.186
154.44,1.910,-3.522,1.584,4.307,-0.236,4.191
154.45,1.787,-3.521,1.591,4.052,-0.236,4.187
154.46,1.574,-3.523,1.590,4.303,-0.236,4.190
154.47,1.500,-3.522,1.589,4.135,-0.236,4.189
154.48,1.778,-3.523,1.593,4.288,-0.235,4.192
154.49,1.667,-3.522,1.597,3.953,-0.235,4.186
154.50,1.615,-3.521,1.599,4.144,-0.235,4.184
154.51,1.607,-3.520,1.601,4.280,-0.235,4.187
154.52,1.593,-3.520,1.601,4.294,-0.235,4.190
154.53,1.613,-3.520,1.602,4.173,-0.236,4.189
154.54,1.513,-3.520,1.600,4.329,-0.236,4.193
154.55,1.645,-3.521,1.601,4.141,-0.236,4.191
154.56,1.739,-3.522,1.604,4.382,-0.237,4.197
154.57,1.567,-3.523,1.603,3.915,-0.235,4.190
154.58,1.647,-3.525,1.603,4.414,-0.235,4.197
154.59,1.626,-3.526,1.604,4.375,-0.236,4.202
154.60,1.632,-3.528,1.603,4.457,-0.235,4.210
154.61,1.468,-3.530,1.597,3.956,-0.233,4.205
154.62,1.492,-3.531,1.594,4.062,-0.233,4.200
154.63,1.620,-3.532,1.594,4.465,-0.232,4.209
154.64,1.423,-3.533,1.588,4.485,-0.233,4.217
154.65,1.425,-3.533,1.584,4.296,-0.231,4.221
154.66,1.507,-3.532,1.583,4.146,-0.232,4.218
154.67,1.626,-3.533,1.584,4.330,-0.231,4.223
154.68,1.408,-3.533,1.579,4.242,-0.230,4.225
154.69,1.754,-3.532,1.585,3.970,-0.231,4.216
154.70,1.821,-3.533,1.592,4.171,-0.232,4.214
154.71,1.499,-3.532,1.590,4.160,-0.232,4.213
154.72,1.747,-3.534,1.594,4.105,-0.232,4.210
154.73,1.582,-3.535,1.593,3.978,-0.232,4.203
154.74,1.787,-3.535,1.599,4.031,-0.232,4.198
154.75,1.665,-3.537,1.600,4.148,-0.232,4.196
154.76,1.712,-3.538,1.603,4.283,-0.231,4.200
154.77,1.520,-3.537,1.602,4.215,-0.231,4.200
154.78,1.627,-3.538,1.602,4.301,-0.233,4.202
154.79,1.685,-3.540,1.604,4.035,-0.231,4.199
154.80,1.298,-3.539,1.595,4.182,-0.232,4.197
154.81,1.624,-3.541,1.595,4.310,-0.234,4.198
154.82,1.627,-3.542,1.595,4.197,-0.234,4.199
154.83,1.719,-3.541,1.601,4.297,-0.233,4.202
154.84,1.787,-3.540,1.608,4.283,-0.233,4.205
154.85,1.745,-3.542,1.611,3.985,-0.233,4.199
154.86,1.876,-3.546,1.616,4.231,-0.232,4.200
154.87,1.546,-3.546,1.614,4.350,-0.232,4.206
154.88,1.647,-3.545,1.617,4.379,-0.231,4.212
154.89,1.831,-3.547,1.622,4.172,-0.232,4.210
154.90,1.168,-3.549,1.608,4.540,-0.232,4.220
154.91,1.461,-3.550,1.603,4.154,-0.231,4.219
154.92,1.491,-3.549,1.601,4.193,-0.232,4.218
154.93,1.646,-3.549,1.602,4.267,-0.232,4.219
154.94,1.635,-3.551,1.602,4.131,-0.234,4.215
154.95,1.241,-3.554,1.588,4.190,-0.233,4.215
154.96,1.287,-3.553,1.581,4.370,-0.234,4.219
154.97,1.612,-3.554,1.581,4.319,-0.234,4.222
154.98,1.303,-3.553,1.574,4.102,-0.235,4.218
154.99,1.273,-3.553,1.566,4.388,-0.235,4.223
155.00,1.715,-3.551,1.572,4.192,-0.236,4.222
155.01,1.660,-3.553,1.573,4.264,-0.235,4.224
155.02,1.328,-3.555,1.564,4.063,-0.237,4.218
155.03,1.497,-3.557,1.560,4.221,-0.237,4.218
155.04,1.526,-3.557,1.560,4.023,-0.238,4.211
155.05,1.550,-3.557,1.559,4.029,-0.238,4.206
155.06,1.446,-3.557,1.556,4.261,-0.238,4.208
155.07,1.424,-3.559,1.550,4.073,-0.239,4.202
155.08,1.718,-3.559,1.556,4.320,-0.240,4.206
155.09,1.104,-3.559,1.541,4.375,-0.239,4.212
155.10,1.382,-3.558,1.538,4.204,-0.240,4.210
155.11,1.451,-3.558,1.535,4.213,-0.242,4.209
155.12,1.502,-3.561,1.532,4.241,-0.241,4.211
155.13,1.556,-3.561,1.532,4.264,-0.242,4.212
155.15,1.593,-3.562,1.533,4.174,-0.243,4.210
155.16,1.703,-3.563,1.537,4.246,-0.244,4.211
155.17,1.449,-3.563,1.534,4.404,-0.243,4.218
155.18,1.280,-3.563,1.526,3.977,-0.243,4.211
155.19,1.660,-3.566,1.528,4.083,-0.243,4.207
155.19,1.488,-3.568,1.525,4.220,-0.244,4.206
155.21,1.598,-3.569,1.526,4.028,-0.245,4.200
155.22,1.684,-3.571,1.529,4.156,-0.245,4.199
155.22,1.878,-3.573,1.538,3.949,-0.245,4.191
155.24,1.700,-3.572,1.544,4.341,-0.245,4.195
155.24,1.543,-3.574,1.541,4.294,-0.244,4.199
155.26,1.737,-3.573,1.549,3.958,-0.244,4.193
155.27,1.640,-3.574,1.551,4.203,-0.243,4.194
155.28,1.499,-3.576,1.548,4.232,-0.244,4.195
155.29,1.529,-3.576,1.547,4.148,-0.244,4.192
155.30,1.766,-3.576,1.554,4.127,-0.245,4.190
155.31,1.465,-3.576,1.552,4.531,-0.245,4.201
155.32,1.491,-3.577,1.549,4.192,-0.245,4.200
155.33,1.530,-3.576,1.549,4.274,-0.245,4.203
155.34,1.641,-3.574,1.555,4.439,-0.245,4.210
155.35,1.462,-3.574,1.552,4.181,-0.245,4.209
155.36,1.689,-3.575,1.556,3.995,-0.246,4.201
155.37,1.432,-3.575,1.552,4.240,-0.246,4.203
155.38,1.550,-3.575,1.552,4.464,-0.245,4.212
155.39,1.700,-3.575,1.558,4.397,-0.244,4.219
155.40,1.383,-3.576,1.551,4.243,-0.245,4.219
155.41,1.564,-3.578,1.550,4.273,-0.245,4.221
155.42,1.526,-3.578,1.549,4.154,-0.245,4.220
155.43,1.536,-3.578,1.549,4.142,-0.245,4.217
155.44,1.703,-3.578,1.554,4.213,-0.245,4.217
155.45,1.319,-3.579,1.547,4.154,-0.244,4.217
155.46,1.464,-3.579,1.544,4.246,-0.243,4.218
155.47,1.528,-3.581,1.542,4.111,-0.243,4.215
155.48,1.711,-3.584,1.545,4.122,-0.243,4.213
155.49,1.667,-3.583,1.550,4.236,-0.243,4.214
155.50,1.725,-3.583,1.555,4.338,-0.242,4.218
155.51,1.620,-3.584,1.557,4.167,-0.242,4.218
155.52,1.609,-3.582,1.560,4.177,-0.242,4.216
155.53,1.537,-3.582,1.560,4.255,-0.241,4.218
155.54,1.697,-3.582,1.565,4.329,-0.241,4.222
155.55,1.698,-3.580,1.571,4.091,-0.242,4.218
155.56,1.520,-3.581,1.569,4.517,-0.241,4.228
155.57,1.737,-3.582,1.573,4.125,-0.240,4.226
155.58,1.590,-3.584,1.572,4.178,-0.238,4.226
155.59,1.462,-3.587,1.567,4.315,-0.237,4.231
155.60,1.593,-3.589,1.566,3.966,-0.237,4.223
155.61,1.602,-3.588,1.568,4.241,-0.237,4.223
155.62,1.441,-3.590,1.564,4.104,-0.238,4.219
155.63,1.671,-3.589,1.568,4.302,-0.239,4.220
155.64,1.563,-3.591,1.566,4.197,-0.241,4.218
155.65,1.569,-3.592,1.566,4.118,-0.240,4.217
155.66,1.725,-3.592,1.571,4.097,-0.240,4.213
155.67,1.512,-3.593,1.569,4.384,-0.240,4.218
155.68,1.586,-3.593,1.570,4.266,-0.241,4.219
155.69,1.459,-3.592,1.568,4.211,-0.244,4.216
155.70,1.662,-3.592,1.572,4.184,-0.244,4.215
155.71,1.735,-3.591,1.578,4.218,-0.243,4.216
155.72,1.573,-3.590,1.579,4.088,-0.244,4.212
155.73,1.492,-3.591,1.576,3.979,-0.243,4.205
155.74,1.596,-3.592,1.577,4.385,-0.243,4.211
155.75,1.522,-3.590,1.578,4.077,-0.243,4.207
155.76,1.521,-3.590,1.576,4.025,-0.243,4.201
155.77,1.478,-3.592,1.571,4.269,-0.244,4.203
155.78,1.538,-3.593,1.570,4.245,-0.245,4.203
155.79,1.537,-3.594,1.569,3.991,-0.245,4.197
155.80,1.647,-3.595,1.570,4.210,-0.246,4.196
155.81,1.319,-3.596,1.562,4.229,-0.246,4.197
155.82,1.427,-3.598,1.557,4.403,-0.246,4.203
155.83,1.399,-3.597,1.553,4.126,-0.247,4.200
155.84,1.674,-3.597,1.556,4.067,-0.246,4.197
155.85,1.233,-3.599,1.545,3.828,-0.245,4.186
155.86,1.514,-3.600,1.544,4.189,-0.243,4.188
155.87,1.458,-3.601,1.540,4.525,-0.243,4.198
155.88,1.656,-3.603,1.542,3.844,-0.244,4.187
155.89,1.462,-3.604,1.539,4.301,-0.245,4.189
155.90,1.647,-3.607,1.540,4.077,-0.244,4.187
155.91,1.512,-3.607,1.539,4.328,-0.244,4.191
155.92,1.501,-3.610,1.535,4.181,-0.245,4.190
155.93,1.560,-3.610,1.536,4.103,-0.246,4.186
155.94,1.668,-3.612,1.538,4.069,-0.247,4.181
155.95,1.533,-3.611,1.539,4.343,-0.246,4.186
155.96,1.455,-3.611,1.537,4.189,-0.246,4.187
155.97,1.652,-3.611,1.541,4.173,-0.246,4.186
155.98,1.455,-3.612,1.538,4.559,-0.246,4.198
155.99,1.718,-3.613,1.543,4.019,-0.245,4.193
156.00,1.375,-3.612,1.538,4.074,-0.245,4.189
156.01,1.817,-3.615,1.545,4.213,-0.245,4.190
156.02,1.455,-3.616,1.541,4.116,-0.246,4.187
156.03,1.453,-3.616,1.539,4.213,-0.246,4.188
156.04,1.624,-3.617,1.541,4.469,-0.245,4.197
156.05,1.679,-3.619,1.543,4.332,-0.247,4.200
156.06,1.402,-3.617,1.541,3.912,-0.245,4.192
156.07,1.747,-3.618,1.547,4.463,-0.246,4.200
156.08,1.499,-3.618,1.546,4.031,-0.246,4.195
156.09,1.596,-3.619,1.547,4.472,-0.246,4.203
156.10,1.531,-3.619,1.547,4.396,-0.246,4.209
156.11,1.532,-3.621,1.544,3.963,-0.245,4.203
156.12,1.582,-3.623,1.545,4.087,-0.243,4.201
156.13,1.543,-3.624,1.543,4.764,-0.243,4.218
156.14,1.312,-3.625,1.536,3.867,-0.242,4.208
156.15,1.495,-3.626,1.534,4.164,-0.242,4.207
156.16,1.749,-3.626,1.541,4.153,-0.241,4.206
156.17,1.905,-3.630,1.549,4.147,-0.241,4.205
156.18,1.656,-3.632,1.551,4.145,-0.240,4.204
156.19,1.689,-3.631,1.556,4.096,-0.240,4.201
156.20,1.365,-3.631,1.551,4.041,-0.239,4.197
156.21,1.607,-3.630,1.554,3.689,-0.238,4.182
156.22,1.590,-3.630,1.556,4.134,-0.240,4.179
156.23,1.678,-3.630,1.560,4.152,-0.239,4.178
156.24,1.526,-3.631,1.559,4.191,-0.240,4.178
156.25,1.352,-3.632,1.552,4.000,-0.240,4.172
156.26,1.661,-3.633,1.555,3.903,-0.240,4.164
156.27,1.764,-3.634,1.560,4.481,-0.241,4.171
156.28,1.528,-3.635,1.559,4.363,-0.241,4.177
156.29,1.518,-3.636,1.557,4.233,-0.241,4.179
156.30,1.561,-3.637,1.557,3.905,-0.241,4.170
156.31,1.789,-3.636,1.565,3.924,-0.242,4.161
156.32,1.636,-3.636,1.569,3.967,-0.242,4.155
156.33,1.372,-3.635,1.564,4.045,-0.241,4.152
156.34,1.517,-3.637,1.562,4.117,-0.241,4.150
156.35,1.577,-3.639,1.561,4.208,-0.242,4.151
156.36,1.492,-3.639,1.559,4.267,-0.242,4.154
156.37,1.793,-3.638,1.568,4.200,-0.241,4.156
156.38,1.539,-3.637,1.569,4.197,-0.243,4.156
156.39,1.566,-3.638,1.568,4.278,-0.243,4.159
156.40,1.496,-3.638,1.566,4.377,-0.241,4.167
156.41,1.686,-3.641,1.568,4.197,-0.240,4.168
156.42,1.654,-3.640,1.572,4.188,-0.242,4.167
156.43,1.528,-3.640,1.571,4.196,-0.240,4.169
156.44,1.116,-3.640,1.558,4.171,-0.241,4.168
156.45,1.513,-3.643,1.554,4.185,-0.240,4.169
156.46,1.722,-3.644,1.559,4.258,-0.240,4.172
156.47,1.589,-3.645,1.560,3.922,-0.240,4.164
156.48,1.683,-3.647,1.562,4.367,-0.239,4.171
156.49,1.355,-3.646,1.557,4.199,-0.239,4.171
156.50,1.687,-3.645,1.562,4.379,-0.241,4.176
156.51,1.525,-3.646,1.561,4.085,-0.240,4.174
156.52,1.272,-3.649,1.550,4.108,-0.239,4.172
156.53,1.468,-3.651,1.546,4.316,-0.239,4.176
156.54,1.460,-3.651,1.543,4.190,-0.239,4.177
156.55,1.724,-3.651,1.550,4.252,-0.238,4.180
156.56,1.562,-3.653,1.549,3.990,-0.238,4.174
156.57,1.861,-3.652,1.559,4.283,-0.237,4.178
156.59,1.528,-3.653,1.559,4.256,-0.236,4.181
156.60,1.448,-3.656,1.553,4.213,-0.237,4.181
156.60,1.490,-3.655,1.552,4.095,-0.239,4.177
156.61,1.414,-3.655,1.548,4.022,-0.237,4.173
156.62,1.567,-3.655,1.549,4.156,-0.236,4.174
156.63,1.808,-3.656,1.557,4.203,-0.237,4.174
156.64,1.590,-3.656,1.559,4.250,-0.237,4.175
156.65,1.678,-3.655,1.564,4.019,-0.238,4.170
156.66,1.525,-3.655,1.563,4.117,-0.239,4.167
156.68,1.507,-3.655,1.562,4.085,-0.238,4.165
156.69,1.522,-3.656,1.560,4.097,-0.238,4.162
156.70,1.481,-3.656,1.558,4.110,-0.239,4.160
156.71,1.498,-3.655,1.558,4.157,-0.237,4.161
156.72,1.642,-3.655,1.561,4.209,-0.236,4.164
156.73,1.762,-3.656,1.567,4.402,-0.236,4.171
156.74,1.655,-3.655,1.571,3.816,-0.236,4.160
156.75,1.720,-3.657,1.575,4.134,-0.235,4.159
156.76,1.356,-3.658,1.568,4.234,-0.235,4.162
156.77,1.560,-3.657,1.569,3.888,-0.235,4.152
156.78,1.628,-3.657,1.571,4.173,-0.234,4.153
156.79,1.603,-3.658,1.572,4.427,-0.235,4.161
156.80,1.775,-3.658,1.578,4.231,-0.235,4.163
156.81,1.622,-3.660,1.579,3.952,-0.235,4.156
156.82,1.513,-3.662,1.576,3.908,-0.236,4.147
156.83,1.291,-3.660,1.569,4.544,-0.237,4.158
156.84,1.607,-3.662,1.570,4.325,-0.237,4.163
156.85,1.629,-3.661,1.573,4.432,-0.237,4.170
156.86,1.931,-3.662,1.583,4.418,-0.237,4.178
156.87,1.391,-3.663,1.578,4.537,-0.236,4.190
156.88,1.557,-3.664,1.577,4.183,-0.237,4.189
156.89,1.463,-3.666,1.572,4.277,-0.237,4.192
156.90,1.734,-3.666,1.577,4.336,-0.237,4.196
156.91,1.769,-3.666,1.584,4.178,-0.237,4.195
156.92,1.743,-3.666,1.589,4.528,-0.238,4.205
156.93,1.462,-3.667,1.585,4.387,-0.238,4.211
156.94,1.583,-3.670,1.583,4.258,-0.236,4.214
156.95,1.510,-3.672,1.580,4.295,-0.236,4.217
156.96,1.333,-3.673,1.572,4.032,-0.236,4.211
156.97,1.568,-3.673,1.572,4.199,-0.237,4.211
156.98,1.251,-3.673,1.564,4.314,-0.236,4.215
156.99,1.599,-3.673,1.565,4.309,-0.235,4.219
157.00,1.569,-3.673,1.565,3.970,-0.234,4.213
157.01,1.639,-3.675,1.567,4.250,-0.234,4.214
157.02,1.762,-3.677,1.571,4.427,-0.234,4.221
157.03,1.404,-3.676,1.568,4.270,-0.234,4.222
157.04,1.687,-3.677,1.571,4.015,-0.233,4.217
157.05,1.731,-3.678,1.575,3.992,-0.234,4.209
157.06,1.772,-3.681,1.580,4.285,-0.235,4.211
157.07,1.410,-3.683,1.573,3.936,-0.234,4.204
157.08,1.551,-3.684,1.572,4.086,-0.235,4.200
157.09,1.596,-3.687,1.570,4.107,-0.234,4.198
157.10,1.566,-3.687,1.571,4.264,-0.232,4.201
157.11,1.699,-3.687,1.576,4.201,-0.233,4.201
157.12,1.662,-3.689,1.577,4.075,-0.234,4.196
157.13,1.376,-3.689,1.572,4.081,-0.234,4.192
157.14,1.607,-3.689,1.573,4.041,-0.233,4.189
157.15,1.525,-3.687,1.575,3.945,-0.232,4.182
157.16,1.671,-3.688,1.577,3.916,-0.233,4.173
157.17,1.421,-3.689,1.572,4.008,-0.233,4.168
157.18,1.451,-3.690,1.568,4.386,-0.232,4.175
157.19,1.748,-3.691,1.574,4.130,-0.232,4.173
157.20,1.808,-3.690,1.583,4.166,-0.232,4.172
157.21,1.525,-3.690,1.581,4.314,-0.232,4.177
157.22,1.565,-3.692,1.580,4.133,-0.233,4.174
157.23,1.565,-3.693,1.579,4.312,-0.233,4.179
157.24,1.588,-3.691,1.582,4.272,-0.233,4.181
157.25,1.734,-3.694,1.585,4.117,-0.234,4.178
157.26,1.580,-3.697,1.582,4.427,-0.234,4.186
157.27,1.575,-3.699,1.581,4.152,-0.236,4.183
157.28,1.719,-3.700,1.585,4.192,-0.235,4.184
157.29,1.668,-3.700,1.588,4.442,-0.233,4.193
157.30,1.460,-3.701,1.584,4.383,-0.235,4.197
157.31,1.794,-3.701,1.592,3.950,-0.236,4.189
157.32,1.446,-3.700,1.589,4.300,-0.235,4.193
157.33,1.507,-3.701,1.586,4.388,-0.236,4.198
157.34,1.609,-3.701,1.588,3.985,-0.235,4.193
157.35,1.702,-3.702,1.591,4.042,-0.235,4.188
157.36,1.563,-3.704,1.589,4.339,-0.236,4.191
157.37,1.405,-3.704,1.584,4.165,-0.237,4.191
157.38,1.571,-3.704,1.585,3.974,-0.238,4.183
157.39,1.463,-3.707,1.579,4.051,-0.236,4.180
157.40,1.571,-3.708,1.578,4.274,-0.236,4.183
157.41,1.384,-3.708,1.573,4.142,-0.236,4.182
157.42,1.723,-3.707,1.580,4.092,-0.235,4.180
157.43,1.648,-3.709,1.581,4.030,-0.233,4.177
157.44,1.642,-3.710,1.582,4.300,-0.234,4.180
157.45,1.533,-3.710,1.581,4.161,-0.234,4.179
157.46,1.494,-3.710,1.580,4.010,-0.233,4.174
157.47,1.703,-3.711,1.583,4.320,-0.232,4.180
157.48,1.425,-3.712,1.578,4.347,-0.232,4.185
157.49,1.424,-3.713,1.573,4.156,-0.232,4.184
157.50,1.417,-3.713,1.569,3.987,-0.232,4.178
157.51,1.507,-3.714,1.567,4.350,-0.231,4.184
157.52,1.730,-3.713,1.573,4.216,-0.232,4.184
157.53,1.648,-3.714,1.576,4.281,-0.231,4.188
157.54,1.557,-3.715,1.574,4.038,-0.232,4.182
157.55,1.761,-3.717,1.578,4.233,-0.232,4.184
157.56,1.566,-3.718,1.578,4.348,-0.232,4.189
157.57,1.615,-3.719,1.579,4.202,-0.230,4.190
157.58,1.711,-3.719,1.584,4.304,-0.229,4.195
157.59,1.478,-3.718,1.582,4.292,-0.229,4.199
157.60,1.447,-3.719,1.578,4.111,-0.229,4.196
157.61,1.380,-3.720,1.572,4.308,-0.231,4.197
157.62,1.560,-3.719,1.572,3.911,-0.232,4.187
157.63,1.669,-3.720,1.575,3.922,-0.232,4.179
157.64,1.636,-3.720,1.578,3.916,-0.231,4.172
157.65,1.408,-3.721,1.572,4.341,-0.230,4.178
157.66,1.734,-3.722,1.577,4.119,-0.230,4.176
157.67,1.378,-3.725,1.569,4.365,-0.230,4.181
157.68,1.548,-3.726,1.567,4.025,-0.230,4.176
157.69,1.635,-3.730,1.567,3.984,-0.231,4.170
157.70,1.883,-3.730,1.577,4.016,-0.230,4.165
157.71,1.449,-3.732,1.572,4.076,-0.229,4.163
157.72,1.620,-3.731,1.575,4.624,-0.229,4.178
157.73,1.790,-3.731,1.583,4.002,-0.229,4.172
157.74,1.453,-3.730,1.580,4.363,-0.231,4.176
157.75,1.737,-3.730,1.586,4.551,-0.230,4.188
157.76,1.737,-3.730,1.592,4.224,-0.231,4.188
157.77,1.731,-3.733,1.594,4.003,-0.233,4.181
157.78,1.767,-3.732,1.600,4.138,-0.233,4.179
157.79,1.702,-3.733,1.604,4.342,-0.233,4.184
157.80,1.584,-3.732,1.605,4.271,-0.233,4.186
157.81,1.601,-3.735,1.603,4.111,-0.234,4.184
157.82,1.325,-3.736,1.594,4.263,-0.234,4.186
157.83,1.542,-3.739,1.590,4.038,-0.234,4.181
157.84,1.676,-3.741,1.592,4.146,-0.234,4.180
157.85,1.704,-3.741,1.596,4.094,-0.233,4.178
157.86,1.530,-3.743,1.593,3.658,-0.234,4.162
157.87,1.771,-3.745,1.598,4.365,-0.233,4.168
157.88,1.709,-3.745,1.602,4.563,-0.232,4.181
157.89,1.418,-3.746,1.596,3.844,-0.232,4.170
157.90,1.731,-3.748,1.600,4.127,-0.233,4.168
157.91,1.486,-3.749,1.596,4.070,-0.234,4.164
157.92,1.648,-3.750,1.597,4.348,-0.233,4.170
157.93,1.427,-3.751,1.593,4.080,-0.235,4.165
157.94,1.478,-3.751,1.590,4.456,-0.235,4.174
157.95,1.502,-3.753,1.586,3.974,-0.234,4.169
157.96,1.611,-3.752,1.588,4.099,-0.234,4.167
157.97,1.523,-3.752,1.588,4.064,-0.234,4.163
157.98,1.614,-3.752,1.589,3.848,-0.234,4.153
157.99,1.618,-3.751,1.591,4.244,-0.234,4.156
158.00,1.697,-3.751,1.596,3.802,-0.234,4.145
158.01,1.797,-3.751,1.602,4.116,-0.233,4.144
158.02,1.531,-3.752,1.601,4.420,-0.234,4.152
158.03,1.683,-3.753,1.603,4.223,-0.234,4.154
158.04,1.517,-3.754,1.601,4.291,-0.234,4.157
158.05,1.355,-3.754,1.594,4.471,-0.235,4.166
158.06,1.605,-3.755,1.594,4.081,-0.234,4.164
158.08,1.590,-3.755,1.595,4.082,-0.235,4.161
158.08,1.514,-3.754,1.594,4.283,-0.235,4.164
158.10,1.410,-3.755,1.588,4.299,-0.235,4.168
158.10,1.645,-3.757,1.589,3.998,-0.235,4.163
158.11,1.749,-3.756,1.595,4.302,-0.235,4.167
158.12,1.374,-3.756,1.590,4.208,-0.236,4.167
158.14,1.564,-3.755,1.590,4.324,-0.235,4.172
158.15,1.656,-3.758,1.590,3.891,-0.235,4.163
158.15,1.773,-3.760,1.595,4.286,-0.235,4.167
158.17,1.429,-3.760,1.591,4.136,-0.235,4.166
158.18,1.732,-3.759,1.596,4.138,-0.236,4.164
158.18,1.642,-3.761,1.597,4.343,-0.237,4.169
158.20,1.833,-3.762,1.604,4.276,-0.238,4.171
158.21,1.495,-3.763,1.601,4.164,-0.238,4.171
158.22,1.533,-3.764,1.598,4.245,-0.238,4.173
158.23,1.697,-3.766,1.600,4.137,-0.238,4.172
158.24,1.696,-3.766,1.604,4.228,-0.238,4.173
158.25,1.569,-3.768,1.602,4.187,-0.239,4.173
158.26,1.702,-3.768,1.606,4.075,-0.238,4.170
158.27,1.505,-3.770,1.602,3.973,-0.239,4.164
158.28,1.515,-3.768,1.602,4.200,-0.239,4.164
158.29,1.768,-3.771,1.605,4.526,-0.239,4.175
158.30,1.558,-3.773,1.602,4.242,-0.239,4.178
158.31,1.884,-3.775,1.611,4.360,-0.238,4.184
158.32,1.847,-3.777,1.616,4.246,-0.237,4.187
158.33,1.374,-3.778,1.609,3.869,-0.238,4.177
158.34,1.705,-3.779,1.612,4.509,-0.239,4.186
158.35,1.667,-3.780,1.614,3.992,-0.240,4.179
158.36,1.604,-3.782,1.613,4.337,-0.238,4.186
158.37,1.676,-3.782,1.616,4.171,-0.239,4.185
158.38,1.716,-3.782,1.619,4.040,-0.239,4.180
158.39,1.393,-3.784,1.611,4.048,-0.242,4.174
158.40,1.515,-3.784,1.610,4.092,-0.241,4.171
158.41,1.474,-3.785,1.606,3.882,-0.243,4.161
158.42,1.626,-3.785,1.608,4.120,-0.242,4.161
158.43,1.440,-3.786,1.602,3.979,-0.241,4.155
158.44,1.409,-3.787,1.596,4.355,-0.243,4.160
158.45,1.617,-3.786,1.599,4.050,-0.244,4.156
158.46,1.488,-3.787,1.595,4.514,-0.243,4.167
158.47,1.446,-3.787,1.591,4.044,-0.242,4.164
158.48,1.700,-3.785,1.597,3.869,-0.241,4.156
158.49,1.657,-3.787,1.598,4.078,-0.242,4.153
158.50,1.429,-3.787,1.594,4.331,-0.242,4.157
158.51,1.495,-3.787,1.592,4.433,-0.242,4.166
158.52,1.453,-3.787,1.587,4.086,-0.241,4.164
158.53,1.566,-3.787,1.588,4.135,-0.241,4.163
158.54,1.631,-3.786,1.590,4.244,-0.242,4.166
158.55,1.774,-3.786,1.597,4.095,-0.242,4.163
158.56,1.538,-3.789,1.593,3.953,-0.241,4.157
158.57,1.959,-3.790,1.604,3.919,-0.243,4.148
158.58,1.605,-3.790,1.605,4.314,-0.241,4.155
158.59,1.655,-3.790,1.608,4.275,-0.241,4.159
158.60,1.580,-3.790,1.607,4.096,-0.240,4.157
158.61,1.913,-3.791,1.617,4.167,-0.242,4.156
158.62,1.569,-3.790,1.617,4.009,-0.243,4.149
158.63,1.509,-3.790,1.614,4.267,-0.245,4.151
158.64,1.338,-3.791,1.606,4.533,-0.246,4.162
158.65,1.408,-3.791,1.601,4.242,-0.245,4.165
158.66,1.526,-3.792,1.598,4.122,-0.245,4.164
158.67,1.731,-3.792,1.604,4.170,-0.245,4.164
158.68,1.306,-3.791,1.596,4.091,-0.246,4.161
158.69,1.514,-3.792,1.593,4.162,-0.246,4.161
158.70,1.653,-3.794,1.594,3.933,-0.248,4.152
158.71,1.561,-3.796,1.591,4.073,-0.247,4.151
158.72,1.768,-3.796,1.597,4.226,-0.247,4.153
158.73,1.804,-3.796,1.604,4.299,-0.248,4.156
158.74,1.677,-3.797,1.606,4.075,-0.248,4.153
158.75,1.378,-3.797,1.600,4.040,-0.248,4.150
158.76,1.848,-3.800,1.606,4.298,-0.247,4.155
158.77,1.700,-3.801,1.609,4.239,-0.248,4.157
158.78,1.515,-3.800,1.607,4.264,-0.248,4.160
158.79,1.764,-3.801,1.612,4.081,-0.248,4.157
158.80,1.778,-3.801,1.618,3.827,-0.249,4.146
158.81,1.551,-3.803,1.614,3.989,-0.249,4.141
158.82,1.546,-3.804,1.613,3.975,-0.250,4.135
158.83,1.376,-3.805,1.605,4.176,-0.251,4.135
158.84,1.655,-3.806,1.607,4.315,-0.251,4.140
158.85,1.683,-3.805,1.611,4.105,-0.250,4.140
158.86,1.657,-3.805,1.613,4.171,-0.250,4.141
158.87,1.910,-3.806,1.622,4.074,-0.250,4.139
158.88,1.835,-3.807,1.629,3.982,-0.250,4.133
158.89,1.956,-3.806,1.641,4.184,-0.250,4.135
158.90,1.674,-3.807,1.642,4.042,-0.249,4.132
158.91,1.725,-3.806,1.646,4.397,-0.249,4.140
158.92,1.690,-3.805,1.650,3.893,-0.250,4.132
158.93,1.533,-3.805,1.647,4.184,-0.248,4.135
158.94,1.530,-3.804,1.645,4.385,-0.249,4.141
158.95,1.410,-3.804,1.639,4.337,-0.249,4.147
158.96,1.588,-3.804,1.639,4.211,-0.249,4.149
158.97,1.446,-3.805,1.633,4.084,-0.250,4.146
158.98,1.587,-3.805,1.632,4.136,-0.249,4.147
158.99,1.582,-3.806,1.631,4.014,-0.249,4.143
159.00,1.549,-3.807,1.628,4.394,-0.248,4.152
159.01,1.735,-3.809,1.630,4.239,-0.246,4.155
159.02,1.540,-3.807,1.630,4.493,-0.246,4.165
159.03,1.644,-3.806,1.632,4.248,-0.246,4.168
159.04,1.415,-3.807,1.626,3.942,-0.245,4.162
159.05,1.566,-3.809,1.623,4.001,-0.245,4.158
159.06,1.608,-3.809,1.624,4.114,-0.244,4.157
159.07,1.623,-3.809,1.624,4.232,-0.245,4.159
159.08,1.546,-3.811,1.621,4.202,-0.245,4.159
159.09,1.787,-3.813,1.624,4.271,-0.245,4.163
159.10,1.767,-3.815,1.628,4.196,-0.246,4.164
159.11,1.573,-3.816,1.626,4.038,-0.245,4.160
159.12,1.642,-3.816,1.628,3.956,-0.245,4.154
159.13,1.734,-3.818,1.630,4.471,-0.245,4.164
159.14,1.734,-3.821,1.631,3.891,-0.244,4.156
159.15,1.657,-3.820,1.634,4.151,-0.244,4.156
159.16,1.678,-3.819,1.637,4.453,-0.245,4.165
159.17,1.261,-3.820,1.625,4.525,-0.246,4.174
159.18,1.489,-3.821,1.621,4.196,-0.246,4.175
159.19,1.509,-3.821,1.618,4.445,-0.245,4.185
159.20,1.728,-3.822,1.621,4.211,-0.245,4.186
159.21,1.519,-3.823,1.618,4.381,-0.245,4.191
159.22,1.451,-3.824,1.613,4.405,-0.246,4.197
159.23,1.779,-3.825,1.618,4.241,-0.248,4.198
159.24,1.649,-3.822,1.622,4.044,-0.248,4.193
159.25,1.592,-3.822,1.622,4.197,-0.247,4.195
159.26,1.524,-3.822,1.619,4.166,-0.247,4.194
159.27,1.574,-3.824,1.617,4.234,-0.249,4.194
159.28,1.516,-3.824,1.614,4.220,-0.248,4.196
159.29,1.601,-3.825,1.614,4.278,-0.248,4.198
159.30,1.742,-3.825,1.618,4.127,-0.248,4.196
159.31,1.462,-3.826,1.613,4.268,-0.249,4.198
159.32,1.674,-3.827,1.615,4.301,-0.249,4.202
159.33,1.502,-3.827,1.612,4.181,-0.247,4.204
159.34,1.458,-3.827,1.608,4.426,-0.247,4.210
159.35,1.455,-3.826,1.605,4.344,-0.246,4.217
159.36,1.536,-3.828,1.601,3.924,-0.247,4.207
159.37,1.561,-3.829,1.600,4.109,-0.245,4.206
159.38,1.392,-3.828,1.595,4.419,-0.245,4.213
159.39,1.737,-3.828,1.600,3.933,-0.245,4.205
159.40,1.684,-3.831,1.600,4.141,-0.245,4.203
159.41,1.649,-3.832,1.601,4.057,-0.243,4.201
159.42,1.635,-3.833,1.602,4.096,-0.244,4.197
159.43,1.597,-3.833,1.602,4.076,-0.244,4.193
159.44,1.709,-3.832,1.606,3.938,-0.245,4.185
159.45,1.617,-3.831,1.608,4.207,-0.246,4.185
159.46,1.467,-3.831,1.604,4.288,-0.247,4.187
159.47,1.721,-3.833,1.607,4.318,-0.247,4.191
159.48,1.347,-3.834,1.599,4.091,-0.246,4.189
159.49,1.479,-3.835,1.595,3.904,-0.245,4.182
159.50,1.477,-3.836,1.590,4.259,-0.246,4.183
159.51,1.470,-3.837,1.586,4.353,-0.246,4.189
159.52,1.461,-3.835,1.584,4.073,-0.247,4.184
159.53,1.648,-3.837,1.585,4.174,-0.248,4.184
159.54,1.480,-3.837,1.582,4.226,-0.249,4.184
159.55,1.550,-3.837,1.581,4.557,-0.249,4.195
159.56,1.820,-3.840,1.587,4.231,-0.248,4.198
159.57,1.448,-3.838,1.584,4.241,-0.249,4.199
159.58,1.867,-3.839,1.592,4.347,-0.248,4.204
159.59,1.586,-3.840,1.592,4.335,-0.247,4.209
159.61,1.304,-3.840,1.583,4.043,-0.249,4.202
159.62,1.552,-3.842,1.581,4.223,-0.249,4.204
159.63,1.620,-3.844,1.580,4.097,-0.249,4.201
159.64,1.326,-3.842,1.575,4.264,-0.249,4.203
159.65,1.584,-3.844,1.574,4.245,-0.249,4.205
159.66,1.611,-3.844,1.575,4.266,-0.249,4.207
159.67,1.729,-3.844,1.580,4.467,-0.247,4.217
159.68,1.505,-3.844,1.578,4.257,-0.246,4.220
159.68,1.659,-3.843,1.581,4.260,-0.245,4.223
159.70,1.328,-3.846,1.572,4.224,-0.246,4.222
159.71,1.706,-3.846,1.576,4.135,-0.246,4.220
159.72,1.660,-3.846,1.579,4.144,-0.246,4.218
159.73,1.517,-3.846,1.578,4.330,-0.246,4.221
159.74,1.607,-3.846,1.578,4.350,-0.246,4.226
159.75,1.807,-3.846,1.586,4.091,-0.248,4.220
159.76,1.759,-3.847,1.591,4.371,-0.248,4.225
159.77,1.527,-3.848,1.588,4.023,-0.249,4.219
159.78,1.659,-3.850,1.589,4.459,-0.249,4.227
159.79,1.609,-3.852,1.588,4.202,-0.249,4.227
159.80,1.712,-3.853,1.591,4.296,-0.248,4.230
159.81,1.571,-3.855,1.589,4.398,-0.249,4.235
159.82,1.263,-3.856,1.579,4.088,-0.249,4.231
159.83,1.313,-3.857,1.569,4.266,-0.248,4.233
159.84,1.495,-3.858,1.567,4.129,-0.248,4.231
159.85,1.375,-3.856,1.563,4.113,-0.248,4.228
159.86,1.595,-3.856,1.564,4.190,-0.249,4.225
159.87,1.901,-3.856,1.574,4.220,-0.251,4.224
159.88,1.556,-3.857,1.574,4.321,-0.251,4.227
159.89,1.376,-3.857,1.568,4.535,-0.250,4.238
159.90,1.158,-3.855,1.557,4.244,-0.250,4.239
159.91,1.421,-3.855,1.553,4.217,-0.251,4.238
159.92,1.595,-3.855,1.554,4.071,-0.251,4.233
159.93,1.311,-3.856,1.547,4.140,-0.252,4.230
159.94,1.425,-3.855,1.544,4.465,-0.250,4.239
159.95,1.593,-3.855,1.545,3.982,-0.251,4.231
159.96,1.516,-3.856,1.544,4.085,-0.251,4.227
159.97,1.640,-3.857,1.546,4.250,-0.250,4.229
159.98,1.450,-3.856,1.544,4.247,-0.250,4.231
159.99,1.452,-3.856,1.541,4.073,-0.250,4.226
160.00,1.400,-3.857,1.536,4.299,-0.251,4.228
160.01,1.970,-3.857,1.549,4.404,-0.249,4.235
160.02,1.786,-3.857,1.556,4.139,-0.249,4.233
160.03,1.574,-3.856,1.558,4.307,-0.249,4.236
160.04,1.605,-3.856,1.559,4.063,-0.250,4.230
160.05,1.458,-3.855,1.557,4.123,-0.252,4.226
160.06,1.561,-3.857,1.555,4.109,-0.252,4.222
160.07,1.457,-3.857,1.553,4.087,-0.252,4.218
160.08,1.775,-3.858,1.559,4.050,-0.252,4.213
160.09,1.619,-3.858,1.561,4.080,-0.252,4.210
160.10,1.825,-3.859,1.568,4.314,-0.251,4.214
160.11,1.881,-3.857,1.580,4.258,-0.253,4.213
160.12,1.744,-3.857,1.586,4.072,-0.253,4.209
160.13,1.629,-3.858,1.586,4.082,-0.254,4.204
160.14,1.596,-3.858,1.587,4.133,-0.254,4.202
160.15,1.621,-3.858,1.588,4.534,-0.255,4.212
160.16,1.559,-3.857,1.589,4.296,-0.255,4.215
160.17,1.603,-3.858,1.589,4.088,-0.255,4.211
160.18,1.560,-3.856,1.590,3.947,-0.256,4.202
160.19,1.283,-3.858,1.580,4.129,-0.258,4.198
160.20,1.569,-3.859,1.578,4.044,-0.258,4.194
160.21,1.716,-3.859,1.583,4.363,-0.259,4.199
160.22,1.641,-3.857,1.587,4.121,-0.257,4.198
160.23,1.462,-3.856,1.584,3.931,-0.257,4.189
160.24,1.721,-3.857,1.588,3.859,-0.259,4.177
160.25,1.572,-3.858,1.587,3.976,-0.259,4.171
160.26,1.697,-3.858,1.590,4.271,-0.258,4.175
160.27,1.499,-3.859,1.587,4.151,-0.258,4.174
160.28,1.543,-3.859,1.587,3.861,-0.258,4.164
160.29,1.908,-3.860,1.596,4.024,-0.258,4.160
160.30,1.654,-3.857,1.600,4.069,-0.259,4.157
160.31,1.243,-3.857,1.591,4.235,-0.257,4.160
160.32,1.456,-3.856,1.588,4.250,-0.258,4.162
160.33,1.551,-3.858,1.585,4.181,-0.257,4.163
160.34,1.682,-3.857,1.589,3.970,-0.258,4.156
160.35,1.755,-3.859,1.593,4.132,-0.259,4.155
160.36,1.607,-3.859,1.594,4.398,-0.258,4.162
160.37,1.638,-3.858,1.596,4.104,-0.257,4.161
160.38,1.434,-3.861,1.589,4.186,-0.257,4.162
160.39,1.389,-3.860,1.584,4.110,-0.258,4.159
160.40,1.612,-3.861,1.584,4.210,-0.258,4.161
160.41,1.579,-3.863,1.582,4.104,-0.259,4.158
160.42,1.713,-3.863,1.587,3.993,-0.258,4.153
160.43,1.744,-3.862,1.593,4.334,-0.258,4.158
160.44,1.748,-3.863,1.597,4.056,-0.259,4.154
160.45,1.690,-3.862,1.601,4.121,-0.258,4.154
160.46,1.694,-3.864,1.603,4.157,-0.259,4.153
160.47,1.685,-3.863,1.607,4.108,-0.259,4.151
160.48,1.460,-3.863,1.602,4.178,-0.260,4.151
160.49,1.750,-3.865,1.606,4.205,-0.259,4.153
160.50,1.571,-3.866,1.605,4.024,-0.259,4.148
160.51,1.293,-3.866,1.595,4.404,-0.260,4.156
160.52,1.736,-3.866,1.600,4.533,-0.260,4.167
160.53,1.493,-3.865,1.599,4.268,-0.259,4.170
160.54,1.704,-3.866,1.601,3.935,-0.260,4.162
160.55,1.667,-3.867,1.603,4.325,-0.261,4.166
160.56,1.539,-3.866,1.602,4.222,-0.261,4.168
160.57,1.623,-3.865,1.604,4.174,-0.260,4.169
160.58,1.734,-3.867,1.606,4.336,-0.259,4.175
160.59,1.390,-3.867,1.601,4.327,-0.259,4.179
160.60,1.524,-3.868,1.598,4.300,-0.260,4.183
160.61,1.583,-3.870,1.596,4.415,-0.259,4.190
160.62,1.735,-3.872,1.599,4.372,-0.260,4.195
160.63,1.302,-3.873,1.589,4.412,-0.258,4.204
160.64,1.483,-3.875,1.584,4.148,-0.260,4.200
160.65,1.546,-3.877,1.581,4.292,-0.259,4.205
160.66,1.305,-3.874,1.576,4.063,-0.259,4.200
160.67,1.615,-3.875,1.577,3.936,-0.259,4.192
160.68,1.498,-3.875,1.574,4.049,-0.259,4.188
160.69,1.540,-3.877,1.572,4.033,-0.261,4.182
160.70,1.645,-3.877,1.574,4.265,-0.261,4.185
160.71,1.662,-3.876,1.578,4.098,-0.261,4.182
160.72,1.725,-3.878,1.581,4.397,-0.260,4.190
160.73,1.349,-3.880,1.573,3.772,-0.259,4.177
160.74,1.426,-3.880,1.568,3.935,-0.259,4.170
160.75,1.507,-3.879,1.568,4.145,-0.259,4.169
160.76,1.430,-3.879,1.564,4.141,-0.259,4.169
160.77,1.803,-3.877,1.573,4.131,-0.259,4.167
160.78,1.499,-3.878,1.570,4.226,-0.259,4.169
160.79,1.658,-3.880,1.570,4.342,-0.260,4.173
160.80,1.347,-3.881,1.564,4.423,-0.260,4.181
160.81,1.391,-3.881,1.558,4.137,-0.259,4.180
160.82,1.212,-3.882,1.546,3.998,-0.259,4.174
160.83,1.529,-3.881,1.547,4.441,-0.260,4.182
160.84,1.547,-3.879,1.549,4.086,-0.260,4.179
160.85,1.609,-3.878,1.552,4.043,-0.259,4.176
160.86,1.485,-3.880,1.548,4.416,-0.259,4.183
160.87,1.539,-3.881,1.547,4.418,-0.260,4.190
160.88,1.647,-3.883,1.548,3.970,-0.259,4.184
160.89,1.618,-3.884,1.549,4.243,-0.258,4.187
160.90,1.285,-3.882,1.542,3.809,-0.257,4.176
160.91,1.707,-3.882,1.548,4.051,-0.258,4.171
160.92,1.556,-3.882,1.549,4.237,-0.258,4.173
160.93,1.542,-3.884,1.546,4.524,-0.257,4.185
160.94,1.563,-3.886,1.545,3.979,-0.260,4.176
160.95,1.668,-3.887,1.547,4.224,-0.260,4.177
160.96,1.393,-3.888,1.541,4.206,-0.260,4.178
160.97,1.628,-3.889,1.543,4.033,-0.261,4.173
160.98,1.352,-3.890,1.537,4.331,-0.262,4.177
160.99,1.770,-3.889,1.545,4.011,-0.263,4.171
161.00,1.533,-3.887,1.546,4.208,-0.263,4.172
161.01,1.518,-3.887,1.546,4.016,-0.263,4.167
161.02,1.337,-3.889,1.537,4.093,-0.264,4.164
161.03,1.651,-3.890,1.540,4.181,-0.264,4.164
161.04,1.712,-3.891,1.544,4.067,-0.263,4.162
161.05,1.843,-3.893,1.551,4.031,-0.263,4.158
161.06,1.512,-3.894,1.549,4.399,-0.262,4.166
161.07,1.809,-3.896,1.555,4.239,-0.261,4.169
161.09,1.428,-3.897,1.551,4.025,-0.261,4.165
161.09,1.394,-3.896,1.547,3.793,-0.262,4.152
161.10,1.541,-3.897,1.546,4.422,-0.261,4.161
161.12,1.642,-3.900,1.547,4.183,-0.261,4.161
161.12,1.525,-3.899,1.547,4.344,-0.263,4.165
161.13,1.572,-3.898,1.548,4.293,-0.263,4.169
161.15,1.508,-3.902,1.544,4.234,-0.263,4.171
161.16,1.747,-3.902,1.551,4.006,-0.265,4.164
161.17,1.508,-3.900,1.551,4.125,-0.265,4.163
161.18,1.563,-3.900,1.552,4.281,-0.264,4.168
161.19,1.395,-3.903,1.544,4.175,-0.264,4.167
161.20,1.453,-3.903,1.542,4.022,-0.264,4.162
161.21,1.871,-3.902,1.552,4.138,-0.265,4.161
161.22,1.357,-3.902,1.547,4.328,-0.264,4.167
161.23,1.515,-3.904,1.544,4.277,-0.263,4.171
161.24,1.650,-3.907,1.545,3.961,-0.263,4.164
161.25,1.546,-3.908,1.544,4.058,-0.262,4.162
161.26,1.634,-3.909,1.546,4.188,-0.263,4.163
161.27,1.645,-3.910,1.548,4.032,-0.262,4.159
161.28,1.798,-3.912,1.555,4.380,-0.263,4.165
161.29,1.401,-3.911,1.551,4.048,-0.263,4.161
161.30,1.636,-3.912,1.553,3.966,-0.263,4.155
161.31,1.539,-3.913,1.552,4.148,-0.263,4.154
161.32,1.505,-3.914,1.550,4.339,-0.264,4.159
161.33,1.625,-3.914,1.552,4.177,-0.265,4.159
161.34,1.571,-3.916,1.551,3.866,-0.264,4.150
161.35,1.341,-3.916,1.545,4.090,-0.263,4.149
161.36,1.466,-3.917,1.542,4.261,-0.264,4.152
161.37,1.531,-3.919,1.540,4.069,-0.264,4.149
161.38,1.734,-3.919,1.546,4.118,-0.264,4.148
161.39,1.529,-3.919,1.546,4.445,-0.264,4.157
161.40,1.475,-3.921,1.542,4.029,-0.264,4.153
161.41,1.666,-3.922,1.545,4.196,-0.263,4.154
161.42,1.643,-3.921,1.549,3.919,-0.264,4.146
161.43,1.579,-3.923,1.549,3.932,-0.265,4.139
161.44,1.758,-3.925,1.554,4.132,-0.265,4.138
161.45,1.628,-3.928,1.553,4.379,-0.264,4.146
161.46,1.518,-3.929,1.552,3.990,-0.266,4.139
161.47,1.589,-3.931,1.551,4.082,-0.266,4.137
161.48,1.641,-3.932,1.553,4.037,-0.265,4.135
161.49,1.562,-3.932,1.554,4.219,-0.265,4.137
161.50,1.549,-3.932,1.555,4.261,-0.264,4.141
161.51,1.487,-3.932,1.553,4.235,-0.265,4.143
161.52,1.611,-3.931,1.556,4.167,-0.267,4.142
161.53,1.533,-3.931,1.556,4.232,-0.267,4.145
161.54,1.511,-3.931,1.555,4.120,-0.267,4.144
161.55,1.695,-3.934,1.557,4.050,-0.267,4.141
161.56,1.373,-3.936,1.550,4.166,-0.266,4.142
161.57,1.591,-3.935,1.553,4.228,-0.266,4.144
161.58,1.723,-3.935,1.558,4.607,-0.266,4.158
161.59,1.494,-3.937,1.555,3.970,-0.266,4.153
161.60,1.489,-3.938,1.552,4.112,-0.265,4.152
161.61,1.431,-3.940,1.546,4.033,-0.265,4.149
161.62,1.645,-3.940,1.550,3.939,-0.265,4.141
161.63,1.721,-3.940,1.556,4.027,-0.266,4.137
161.64,1.578,-3.940,1.557,4.075,-0.266,4.135
161.65,1.702,-3.938,1.564,4.026,-0.265,4.132
161.66,1.650,-3.940,1.565,4.153,-0.265,4.132
161.67,1.706,-3.941,1.569,4.605,-0.264,4.148
161.68,1.336,-3.939,1.564,4.273,-0.266,4.150
161.69,1.936,-3.941,1.575,4.119,-0.265,4.149
161.70,1.460,-3.942,1.571,4.339,-0.265,4.156
161.71,1.590,-3.942,1.572,4.252,-0.266,4.157
161.72,1.857,-3.943,1.580,4.209,-0.266,4.158
161.73,1.836,-3.942,1.590,4.078,-0.266,4.156
161.74,1.657,-3.941,1.593,3.982,-0.267,4.150
161.75,1.534,-3.943,1.591,4.598,-0.266,4.164
161.76,1.323,-3.944,1.583,3.992,-0.266,4.159
161.77,1.367,-3.943,1.577,4.057,-0.268,4.155
161.78,1.468,-3.946,1.572,4.198,-0.267,4.156
161.79,1.569,-3.947,1.572,4.203,-0.267,4.158
161.80,1.539,-3.948,1.570,4.311,-0.267,4.163
161.81,1.674,-3.946,1.575,4.494,-0.267,4.173
161.82,1.392,-3.946,1.571,3.746,-0.266,4.161
161.83,1.633,-3.946,1.573,4.116,-0.264,4.161
161.84,1.647,-3.946,1.576,4.197,-0.264,4.162
161.85,1.566,-3.949,1.574,4.156,-0.263,4.163
161.86,1.465,-3.949,1.571,4.249,-0.264,4.165
161.87,1.527,-3.949,1.570,4.273,-0.265,4.167
161.88,1.422,-3.949,1.566,4.195,-0.265,4.168
161.89,1.397,-3.949,1.561,4.398,-0.266,4.175
161.90,1.459,-3.950,1.558,4.210,-0.267,4.174
161.91,1.630,-3.951,1.560,4.277,-0.266,4.178
161.92,1.578,-3.951,1.560,4.161,-0.267,4.177
161.93,1.590,-3.951,1.562,4.237,-0.267,4.180
161.94,1.536,-3.951,1.561,4.314,-0.266,4.184
161.95,1.291,-3.951,1.554,4.051,-0.266,4.180
161.96,1.483,-3.951,1.552,4.146,-0.267,4.179
161.97,1.786,-3.952,1.559,4.340,-0.267,4.184
161.98,1.520,-3.953,1.557,4.275,-0.266,4.188
161.99,1.641,-3.953,1.560,4.279,-0.266,4.192
162.00,1.573,-3.953,1.561,4.428,-0.266,4.199
162.01,1.445,-3.954,1.556,4.199,-0.266,4.199
162.02,1.616,-3.954,1.559,4.012,-0.267,4.193
162.03,1.842,-3.955,1.567,4.175,-0.266,4.193
162.04,1.573,-3.955,1.567,4.087,-0.266,4.190
162.05,1.666,-3.957,1.569,4.278,-0.266,4.193
162.06,1.427,-3.956,1.566,4.396,-0.266,4.200
162.07,1.441,-3.956,1.563,4.189,-0.267,4.199
162.08,1.417,-3.957,1.559,4.078,-0.266,4.197
162.09,1.835,-3.958,1.566,4.122,-0.265,4.196
162.10,1.640,-3.959,1.568,4.407,-0.264,4.203
162.11,1.459,-3.961,1.563,4.141,-0.265,4.200
162.12,1.753,-3.961,1.569,4.394,-0.266,4.206
162.13,1.444,-3.961,1.566,4.137,-0.266,4.204
162.14,1.720,-3.962,1.571,4.143,-0.267,4.202
162.15,1.520,-3.961,1.570,4.349,-0.266,4.207
162.16,1.489,-3.960,1.569,4.197,-0.267,4.207
162.17,1.745,-3.964,1.572,4.410,-0.268,4.212
162.18,1.610,-3.963,1.574,4.165,-0.267,4.213
162.19,1.753,-3.963,1.580,4.489,-0.266,4.222
162.20,1.672,-3.964,1.583,4.128,-0.266,4.219
162.21,1.855,-3.964,1.592,4.160,-0.268,4.217
162.22,1.502,-3.966,1.588,4.361,-0.266,4.223
162.23,1.877,-3.965,1.598,4.105,-0.266,4.220
162.24,1.451,-3.966,1.594,4.312,-0.266,4.223
162.25,1.424,-3.964,1.591,4.231,-0.266,4.225
162.26,1.599,-3.965,1.591,4.142,-0.266,4.222
162.27,1.205,-3.966,1.579,4.210,-0.266,4.223
162.28,1.437,-3.967,1.575,4.017,-0.266,4.217
162.29,1.429,-3.966,1.572,4.080,-0.265,4.214
162.30,1.309,-3.964,1.566,4.168,-0.264,4.213
162.31,1.508,-3.963,1.565,4.216,-0.265,4.213
162.32,1.561,-3.963,1.566,4.415,-0.265,4.220
162.33,1.520,-3.962,1.566,4.066,-0.264,4.216
162.34,1.753,-3.964,1.570,4.139,-0.265,4.214
162.35,1.731,-3.964,1.576,3.928,-0.264,4.206
162.36,1.609,-3.964,1.577,4.137,-0.264,4.205
162.37,1.601,-3.965,1.578,3.842,-0.263,4.195
162.38,1.711,-3.964,1.583,3.895,-0.261,4.187
162.39,1.502,-3.965,1.581,4.000,-0.261,4.181
162.40,1.492,-3.967,1.576,4.195,-0.262,4.181
162.42,1.494,-3.968,1.573,4.102,-0.263,4.177
162.42,1.559,-3.969,1.572,4.220,-0.262,4.180
162.43,1.456,-3.972,1.567,4.162,-0.261,4.180
162.44,1.753,-3.973,1.571,4.033,-0.262,4.174
162.45,1.459,-3.973,1.568,4.207,-0.262,4.176
162.46,1.565,-3.974,1.568,4.249,-0.263,4.177
162.47,1.571,-3.976,1.567,4.131,-0.264,4.174
162.48,1.718,-3.976,1.571,4.357,-0.263,4.180
162.50,1.867,-3.976,1.581,4.332,-0.265,4.184
162.50,1.584,-3.977,1.581,4.165,-0.263,4.185
162.51,1.496,-3.977,1.579,3.924,-0.263,4.177
162.52,1.655,-3.977,1.581,4.131,-0.264,4.175
162.54,1.786,-3.979,1.587,3.850,-0.264,4.165
162.55,1.546,-3.979,1.586,4.149,-0.264,4.164
162.55,1.497,-3.979,1.584,4.144,-0.263,4.164
162.56,1.334,-3.978,1.578,4.026,-0.263,4.160
162.57,1.557,-3.979,1.577,4.331,-0.263,4.165
162.59,1.604,-3.980,1.577,4.297,-0.263,4.169
162.59,1.593,-3.980,1.579,4.026,-0.262,4.165
162.60,1.673,-3.982,1.580,4.079,-0.263,4.161
162.62,1.372,-3.983,1.573,4.218,-0.265,4.161
162.63,1.661,-3.984,1.576,3.905,-0.266,4.152
162.63,1.683,-3.982,1.581,4.283,-0.265,4.157
162.64,1.808,-3.983,1.588,4.166,-0.264,4.158
162.66,1.537,-3.983,1.586,4.337,-0.263,4.164
162.67,1.709,-3.984,1.590,4.192,-0.263,4.165
162.68,1.683,-3.982,1.595,4.248,-0.263,4.167
162.69,1.657,-3.984,1.596,3.954,-0.263,4.160
162.70,1.659,-3.986,1.597,4.142,-0.263,4.160
162.71,1.786,-3.986,1.603,4.257,-0.263,4.163
162.72,1.637,-3.987,1.605,4.209,-0.262,4.165
162.73,1.463,-3.986,1.602,4.170,-0.263,4.164
162.74,1.508,-3.985,1.601,4.151,-0.263,4.164
162.75,1.499,-3.987,1.597,4.215,-0.264,4.164
162.76,1.389,-3.987,1.591,3.947,-0.263,4.158
162.77,1.624,-3.986,1.594,4.259,-0.263,4.161
162.78,1.560,-3.989,1.590,3.947,-0.265,4.153
162.79,1.593,-3.991,1.589,4.235,-0.265,4.154
162.80,1.447,-3.992,1.584,4.517,-0.265,4.166
162.81,1.612,-3.991,1.587,4.231,-0.265,4.168
162.82,1.704,-3.991,1.591,4.299,-0.264,4.172
162.83,1.695,-3.993,1.593,4.033,-0.264,4.168
162.84,1.566,-3.994,1.592,4.026,-0.264,4.164
162.85,1.589,-3.994,1.592,4.246,-0.264,4.166
162.86,1.584,-3.995,1.592,4.275,-0.266,4.168
162.87,1.564,-3.996,1.591,4.149,-0.264,4.169
162.88,1.656,-3.996,1.593,4.075,-0.264,4.166
162.89,1.392,-3.996,1.588,4.322,-0.265,4.170
162.90,1.596,-3.994,1.590,4.167,-0.264,4.171
162.91,1.641,-3.995,1.592,4.447,-0.264,4.179
162.92,1.830,-3.995,1.600,4.146,-0.264,4.178
162.93,1.689,-3.993,1.605,4.372,-0.264,4.184
162.94,1.703,-3.992,1.609,4.044,-0.265,4.179
162.95,1.672,-3.991,1.613,3.955,-0.265,4.172
162.96,1.589,-3.992,1.612,4.199,-0.264,4.174
162.97,1.688,-3.993,1.615,4.106,-0.264,4.172
162.98,1.677,-3.992,1.618,4.442,-0.265,4.179
162.99,1.681,-3.992,1.621,4.146,-0.265,4.177
163.00,1.546,-3.992,1.620,4.159,-0.266,4.176
163.01,1.433,-3.991,1.616,4.207,-0.266,4.178
163.02,1.684,-3.992,1.618,4.486,-0.265,4.188
163.03,1.524,-3.993,1.615,4.175,-0.265,4.187
163.04,1.454,-3.993,1.610,4.321,-0.265,4.192
163.05,1.756,-3.993,1.615,4.169,-0.264,4.192
163.06,1.539,-3.993,1.614,4.480,-0.265,4.201
163.07,1.434,-3.993,1.609,4.235,-0.264,4.202
163.08,1.652,-3.993,1.611,4.115,-0.264,4.200
163.09,1.674,-3.992,1.615,4.252,-0.264,4.202
163.10,1.427,-3.993,1.609,4.023,-0.263,4.198
163.11,1.389,-3.993,1.602,4.166,-0.263,4.197
163.12,1.231,-3.995,1.590,4.300,-0.264,4.199
163.13,1.535,-3.996,1.588,4.221,-0.264,4.200
163.14,1.749,-3.998,1.591,4.263,-0.264,4.202
163.15,1.536,-3.998,1.590,4.241,-0.264,4.204
163.16,1.680,-3.998,1.593,4.182,-0.264,4.203
163.17,1.513,-4.001,1.588,4.127,-0.264,4.201
163.18,1.497,-4.002,1.585,4.179,-0.264,4.201
163.19,1.513,-4.006,1.579,4.465,-0.264,4.209
163.20,1.737,-4.005,1.585,4.294,-0.264,4.212
163.21,1.462,-4.008,1.579,4.183,-0.265,4.210
163.22,1.285,-4.009,1.570,4.029,-0.265,4.205
163.23,1.707,-4.009,1.574,4.112,-0.265,4.203
163.24,1.593,-4.010,1.574,4.340,-0.263,4.209
163.25,1.149,-4.010,1.562,4.479,-0.263,4.218
163.26,1.524,-4.009,1.562,4.067,-0.263,4.214
163.27,1.634,-4.012,1.561,3.854,-0.263,4.203
163.28,1.450,-4.012,1.558,4.382,-0.262,4.209
163.29,1.582,-4.014,1.557,4.423,-0.262,4.216
163.30,1.845,-4.015,1.566,4.279,-0.262,4.218
163.31,1.351,-4.016,1.559,4.617,-0.263,4.230
163.32,1.759,-4.017,1.563,4.411,-0.264,4.235
163.33,1.465,-4.018,1.560,4.133,-0.264,4.232
163.34,1.452,-4.018,1.557,4.015,-0.263,4.227
163.35,1.331,-4.017,1.551,4.092,-0.263,4.223
163.36,1.568,-4.020,1.549,4.160,-0.263,4.222
163.37,1.602,-4.021,1.550,4.223,-0.262,4.223
163.38,1.701,-4.021,1.554,4.196,-0.262,4.222
163.39,1.637,-4.023,1.555,4.170,-0.262,4.222
163.40,1.514,-4.023,1.555,4.174,-0.263,4.219
163.41,1.573,-4.022,1.556,4.187,-0.264,4.217
163.42,1.451,-4.021,1.554,4.250,-0.265,4.218
163.43,1.456,-4.020,1.553,4.275,-0.265,4.220
163.44,1.520,-4.019,1.553,4.190,-0.265,4.220
163.45,1.490,-4.019,1.551,4.262,-0.265,4.221
163.46,1.538,-4.017,1.553,4.198,-0.265,4.220
163.47,1.697,-4.017,1.557,4.162,-0.266,4.219
163.48,1.395,-4.013,1.556,3.838,-0.265,4.208
163.49,1.510,-4.014,1.555,4.190,-0.263,4.210
163.50,1.630,-4.014,1.556,4.177,-0.263,4.209
163.51,1.815,-4.015,1.565,3.977,-0.262,4.203
163.52,1.529,-4.015,1.564,4.090,-0.263,4.198
163.53,1.850,-4.014,1.574,4.218,-0.263,4.199
163.54,1.398,-4.013,1.569,4.068,-0.265,4.193
163.55,1.766,-4.014,1.575,4.186,-0.265,4.193
163.56,1.256,-4.015,1.564,4.315,-0.266,4.196
163.57,1.744,-4.016,1.569,4.240,-0.266,4.197
163.58,1.577,-4.017,1.569,4.291,-0.265,4.201
163.59,1.805,-4.016,1.577,4.352,-0.265,4.206
163.60,1.594,-4.016,1.578,4.228,-0.265,4.207
163.61,1.692,-4.018,1.580,4.102,-0.266,4.203
163.62,1.538,-4.020,1.577,4.139,-0.266,4.201
163.63,1.531,-4.020,1.576,4.096,-0.265,4.199
163.64,1.472,-4.021,1.572,4.226,-0.265,4.200
163.65,1.464,-4.021,1.570,3.931,-0.264,4.193
163.66,1.324,-4.020,1.563,4.151,-0.264,4.191
163.67,1.482,-4.021,1.560,4.221,-0.263,4.193
163.68,1.825,-4.022,1.568,4.303,-0.262,4.198
163.69,1.639,-4.022,1.570,4.008,-0.263,4.191
163.70,1.652,-4.022,1.573,4.098,-0.262,4.189
163.71,1.603,-4.023,1.573,4.369,-0.259,4.197
163.72,1.741,-4.021,1.580,4.497,-0.259,4.207
163.73,1.708,-4.022,1.584,4.116,-0.258,4.204
163.74,1.639,-4.022,1.586,4.007,-0.258,4.199
163.75,1.503,-4.024,1.582,4.036,-0.259,4.193
163.76,1.505,-4.022,1.582,4.166,-0.259,4.192
163.77,1.444,-4.023,1.577,3.970,-0.260,4.184
163.78,1.412,-4.023,1.572,4.343,-0.262,4.188
163.79,1.458,-4.025,1.568,3.821,-0.260,4.177
163.80,1.606,-4.026,1.568,4.159,-0.260,4.177
163.81,1.367,-4.025,1.563,4.331,-0.260,4.181
163.82,1.561,-4.027,1.562,4.443,-0.260,4.190
163.83,1.488,-4.025,1.561,4.164,-0.260,4.189
163.84,1.767,-4.025,1.568,3.945,-0.259,4.182
163.85,1.362,-4.026,1.561,4.059,-0.259,4.178
163.86,1.633,-4.026,1.563,4.297,-0.260,4.181
163.87,1.489,-4.027,1.561,4.171,-0.258,4.182
163.88,1.513,-4.028,1.558,4.078,-0.259,4.178
163.90,1.682,-4.026,1.564,4.039,-0.259,4.173
163.90,1.703,-4.026,1.569,4.052,-0.259,4.170
163.91,1.567,-4.027,1.568,4.350,-0.257,4.177
163.92,1.468,-4.029,1.563,4.331,-0.257,4.181
163.93,1.645,-4.029,1.566,4.131,-0.257,4.180
163.95,1.405,-4.030,1.560,3.956,-0.257,4.173
163.96,1.596,-4.031,1.561,4.250,-0.257,4.175
163.96,1.622,-4.028,1.566,4.051,-0.256,4.171
163.98,1.387,-4.029,1.560,4.209,-0.258,4.171
163.98,1.716,-4.029,1.565,4.208,-0.258,4.171
164.00,1.435,-4.029,1.561,4.143,-0.259,4.169
164.00,1.566,-4.030,1.560,4.277,-0.259,4.173
164.01,1.612,-4.031,1.561,4.363,-0.259,4.178
164.02,1.672,-4.033,1.562,4.221,-0.258,4.180
164.04,1.699,-4.033,1.567,4.433,-0.259,4.187
164.04,1.645,-4.034,1.569,4.181,-0.260,4.186
164.06,1.570,-4.033,1.571,4.273,-0.259,4.189
164.07,1.765,-4.031,1.578,4.425,-0.260,4.195
164.08,1.537,-4.031,1.578,4.305,-0.260,4.200
164.09,1.799,-4.034,1.582,4.323,-0.261,4.202
164.10,1.424,-4.035,1.576,3.833,-0.261,4.191
164.11,1.437,-4.035,1.573,4.244,-0.261,4.193
164.12,1.507,-4.033,1.573,3.877,-0.261,4.183
164.13,1.491,-4.033,1.571,4.204,-0.259,4.186
164.13,1.528,-4.033,1.570,4.054,-0.260,4.180
164.15,1.797,-4.034,1.576,4.226,-0.261,4.180
164.16,1.361,-4.035,1.569,4.314,-0.262,4.184
164.17,1.438,-4.037,1.563,4.064,-0.261,4.181
164.17,1.854,-4.039,1.571,4.360,-0.261,4.186
164.19,1.441,-4.037,1.569,4.137,-0.262,4.184
164.20,1.477,-4.038,1.565,4.324,-0.262,4.188
164.21,1.421,-4.037,1.562,4.141,-0.262,4.186
164.22,1.555,-4.038,1.561,4.301,-0.263,4.190
164.23,1.595,-4.037,1.564,4.214,-0.262,4.191
164.24,1.621,-4.037,1.565,4.360,-0.263,4.195
164.25,1.578,-4.039,1.564,4.344,-0.263,4.200
164.26,1.621,-4.041,1.564,3.974,-0.264,4.192
164.27,1.586,-4.042,1.564,4.073,-0.263,4.189
164.28,1.736,-4.042,1.570,4.376,-0.262,4.196
164.29,1.428,-4.042,1.566,4.174,-0.262,4.196
164.30,1.600,-4.041,1.569,4.168,-0.262,4.195
164.31,1.917,-4.038,1.582,3.945,-0.263,4.186
164.32,1.512,-4.040,1.578,4.228,-0.261,4.189
164.33,1.946,-4.043,1.587,4.116,-0.260,4.188
164.34,1.492,-4.046,1.582,4.221,-0.259,4.190
164.35,1.504,-4.045,1.582,4.188,-0.259,4.189
164.36,1.661,-4.045,1.584,4.315,-0.259,4.194
164.37,1.408,-4.047,1.578,4.048,-0.259,4.189
164.38,1.357,-4.047,1.571,4.360,-0.259,4.195
164.39,1.446,-4.048,1.566,3.995,-0.260,4.188
164.40,1.702,-4.050,1.569,4.116,-0.259,4.186
164.41,1.522,-4.049,1.569,4.072,-0.259,4.183
164.42,1.484,-4.049,1.567,4.235,-0.260,4.183
164.43,1.467,-4.049,1.564,4.088,-0.261,4.179
164.44,1.708,-4.053,1.565,4.224,-0.259,4.182
164.45,1.568,-4.053,1.565,4.241,-0.260,4.183
164.46,1.987,-4.053,1.579,4.153,-0.259,4.183
164.47,1.368,-4.052,1.573,4.227,-0.259,4.184
164.48,1.564,-4.054,1.572,4.276,-0.260,4.186
164.49,1.825,-4.055,1.579,4.458,-0.260,4.194
164.50,1.661,-4.053,1.584,3.962,-0.259,4.188
164.51,1.500,-4.053,1.582,4.101,-0.260,4.185
164.52,1.434,-4.055,1.576,4.335,-0.260,4.189
164.53,1.609,-4.057,1.575,4.237,-0.260,4.191
164.54,1.863,-4.057,1.585,4.600,-0.262,4.201
164.55,1.576,-4.059,1.583,4.037,-0.262,4.197
164.56,1.772,-4.060,1.589,4.140,-0.261,4.196
164.57,1.479,-4.058,1.588,4.103,-0.261,4.193
164.58,1.628,-4.060,1.588,4.176,-0.259,4.194
164.59,1.657,-4.061,1.589,4.212,-0.259,4.195
164.60,1.866,-4.062,1.597,4.391,-0.259,4.201
164.61,1.604,-4.065,1.595,4.296,-0.260,4.203
164.62,1.565,-4.065,1.595,4.008,-0.260,4.197
164.63,1.644,-4.064,1.598,4.144,-0.260,4.195
164.64,1.746,-4.063,1.605,4.121,-0.259,4.195
164.65,1.626,-4.062,1.606,4.290,-0.259,4.197
164.66,1.375,-4.062,1.600,4.262,-0.260,4.199
164.67,1.803,-4.065,1.604,4.325,-0.261,4.202
164.68,1.565,-4.066,1.603,4.226,-0.260,4.203
164.69,1.635,-4.066,1.605,4.009,-0.260,4.198
164.70,1.489,-4.066,1.602,4.270,-0.261,4.198
164.71,1.334,-4.068,1.592,3.883,-0.261,4.189
164.72,1.759,-4.069,1.597,4.311,-0.262,4.192
164.73,1.571,-4.069,1.597,4.192,-0.261,4.193
164.74,1.522,-4.069,1.595,4.354,-0.262,4.196
164.75,1.654,-4.070,1.597,4.489,-0.263,4.205
164.76,1.517,-4.068,1.596,4.349,-0.263,4.210
164.77,1.534,-4.069,1.595,4.042,-0.262,4.205
164.78,1.447,-4.068,1.591,4.085,-0.264,4.200
164.79,1.569,-4.069,1.590,4.319,-0.263,4.204
164.80,1.571,-4.072,1.588,4.191,-0.265,4.203
164.81,1.618,-4.071,1.590,4.319,-0.264,4.207
164.82,1.562,-4.074,1.587,4.278,-0.264,4.210
164.83,1.643,-4.073,1.590,4.334,-0.265,4.213
164.84,1.457,-4.073,1.586,4.157,-0.265,4.211
164.85,1.311,-4.075,1.577,4.081,-0.266,4.207
164.86,1.615,-4.076,1.577,4.301,-0.267,4.209
164.87,1.460,-4.074,1.576,4.384,-0.268,4.213
164.88,1.471,-4.073,1.574,4.058,-0.268,4.209
164.89,1.693,-4.072,1.579,4.492,-0.267,4.218
164.90,1.432,-4.072,1.575,4.374,-0.269,4.222
164.91,1.382,-4.073,1.569,4.120,-0.268,4.220
164.92,1.616,-4.073,1.570,4.111,-0.267,4.218
164.93,1.760,-4.074,1.576,4.060,-0.266,4.214
164.94,1.694,-4.076,1.578,4.066,-0.266,4.210
164.95,1.620,-4.077,1.578,4.238,-0.265,4.212
164.96,1.426,-4.078,1.573,4.247,-0.265,4.213
164.97,1.680,-4.077,1.578,4.107,-0.265,4.210
164.98,1.779,-4.078,1.584,4.191,-0.265,4.210
164.99,1.651,-4.078,1.586,4.111,-0.264,4.208
165.00,1.633,-4.080,1.586,4.282,-0.264,4.210
165.01,1.498,-4.082,1.582,4.156,-0.264,4.209
165.02,1.987,-4.083,1.594,4.468,-0.264,4.217
165.03,1.818,-4.084,1.600,4.130,-0.264,4.215
165.04,1.458,-4.084,1.597,4.316,-0.263,4.219
165.05,1.291,-4.086,1.586,4.172,-0.264,4.217
165.06,1.907,-4.085,1.597,4.154,-0.263,4.216
165.07,1.437,-4.086,1.592,4.101,-0.263,4.213
165.08,1.538,-4.087,1.590,4.319,-0.263,4.217
165.09,1.496,-4.089,1.586,4.340,-0.263,4.220
165.10,1.656,-4.087,1.590,4.192,-0.263,4.219
165.11,1.589,-4.089,1.589,4.576,-0.264,4.230
165.12,1.346,-4.091,1.580,4.226,-0.264,4.230
165.13,1.751,-4.091,1.586,4.291,-0.264,4.232
165.14,1.448,-4.093,1.580,4.051,-0.264,4.227
165.15,1.513,-4.094,1.578,4.170,-0.264,4.225
165.16,1.486,-4.093,1.576,4.208,-0.265,4.224
165.17,1.533,-4.095,1.574,4.323,-0.264,4.229
165.18,1.515,-4.096,1.571,4.236,-0.263,4.230
165.19,1.497,-4.096,1.570,4.051,-0.262,4.226
165.20,1.385,-4.096,1.564,4.001,-0.262,4.219
165.21,1.504,-4.098,1.561,4.365,-0.264,4.222
165.22,1.711,-4.099,1.565,4.088,-0.264,4.218
165.23,1.663,-4.100,1.567,4.294,-0.263,4.222
165.24,1.504,-4.099,1.566,3.971,-0.263,4.214
165.25,1.570,-4.100,1.566,4.181,-0.262,4.214
165.26,1.634,-4.099,1.570,4.188,-0.261,4.214
165.27,1.292,-4.100,1.561,4.159,-0.261,4.213
165.28,1.677,-4.099,1.566,4.091,-0.260,4.210
165.29,1.617,-4.098,1.568,4.323,-0.261,4.213
165.30,1.768,-4.098,1.574,4.407,-0.262,4.218
165.31,1.659,-4.099,1.576,4.166,-0.262,4.216
165.32,1.558,-4.099,1.577,4.424,-0.263,4.222
165.33,1.701,-4.099,1.581,4.329,-0.262,4.227
165.34,1.410,-4.099,1.576,4.189,-0.261,4.226
165.35,1.581,-4.100,1.576,4.158,-0.260,4.225
165.36,1.562,-4.100,1.576,4.292,-0.260,4.228
165.37,1.610,-4.100,1.578,4.082,-0.260,4.223
165.38,1.702,-4.098,1.583,3.981,-0.260,4.217
165.39,1.792,-4.099,1.589,4.236,-0.259,4.218
165.40,1.228,-4.099,1.579,4.146,-0.258,4.217
165.41,1.668,-4.100,1.581,4.269,-0.257,4.219
165.42,1.645,-4.102,1.582,4.142,-0.257,4.217
165.44,1.308,-4.103,1.572,4.154,-0.257,4.216
165.45,1.672,-4.103,1.576,4.223,-0.257,4.215
165.46,1.315,-4.104,1.568,4.315,-0.258,4.218
165.47,1.716,-4.105,1.571,4.218,-0.257,4.219
165.48,1.527,-4.105,1.571,4.276,-0.257,4.221
165.49,1.604,-4.104,1.573,4.431,-0.256,4.228
165.50,1.573,-4.107,1.571,4.280,-0.256,4.230
165.51,1.379,-4.109,1.563,4.115,-0.255,4.228
165.52,1.559,-4.110,1.563,3.926,-0.255,4.219
165.53,1.517,-4.110,1.561,4.049,-0.256,4.212
165.54,1.589,-4.111,1.561,3.897,-0.256,4.203
165.54,1.483,-4.114,1.557,4.283,-0.256,4.205
165.56,1.559,-4.115,1.556,4.286,-0.257,4.206
165.57,1.441,-4.116,1.552,4.285,-0.257,4.209
165.58,1.531,-4.117,1.551,4.367,-0.257,4.214
165.59,1.487,-4.117,1.549,4.483,-0.256,4.223
165.60,1.644,-4.117,1.552,4.295,-0.256,4.225
165.61,1.726,-4.115,1.559,4.049,-0.255,4.221
165.62,1.732,-4.116,1.564,4.211,-0.255,4.221
165.63,1.825,-4.119,1.570,4.278,-0.254,4.223
165.64,1.648,-4.122,1.569,4.150,-0.254,4.222
165.65,1.613,-4.122,1.571,4.105,-0.253,4.219
165.66,1.535,-4.122,1.570,3.936,-0.252,4.211
165.67,1.666,-4.123,1.574,4.219,-0.252,4.212
165.68,1.575,-4.122,1.575,4.083,-0.252,4.207
165.69,1.577,-4.123,1.575,4.439,-0.252,4.214
165.70,1.752,-4.122,1.581,4.418,-0.252,4.221
165.71,1.806,-4.125,1.586,4.647,-0.250,4.236
165.72,1.564,-4.126,1.585,4.225,-0.250,4.236
165.73,1.429,-4.125,1.582,4.280,-0.251,4.236
165.74,1.837,-4.125,1.590,4.077,-0.252,4.231
165.75,1.237,-4.126,1.579,4.081,-0.251,4.227
165.76,1.700,-4.127,1.583,4.046,-0.249,4.223
165.77,1.472,-4.129,1.578,4.320,-0.250,4.226
165.78,1.683,-4.129,1.581,4.223,-0.249,4.226
165.79,1.562,-4.129,1.581,4.002,-0.248,4.221
165.80,1.562,-4.131,1.580,4.276,-0.248,4.223
165.81,1.568,-4.132,1.579,4.174,-0.249,4.220
165.82,1.555,-4.134,1.576,4.118,-0.249,4.217
165.83,1.685,-4.134,1.580,4.250,-0.249,4.218
165.84,1.761,-4.135,1.586,4.435,-0.249,4.224
165.85,1.589,-4.133,1.589,4.448,-0.248,4.232
165.86,1.588,-4.133,1.589,4.197,-0.249,4.231
165.87,1.844,-4.131,1.600,4.371,-0.248,4.235
165.88,1.668,-4.130,1.603,4.369,-0.250,4.238
165.89,1.429,-4.130,1.598,4.254,-0.251,4.238
165.90,1.496,-4.133,1.594,4.058,-0.249,4.235
165.91,1.685,-4.134,1.596,4.158,-0.250,4.231
165.92,1.391,-4.134,1.591,4.355,-0.250,4.235
165.93,1.522,-4.136,1.587,4.213,-0.251,4.234
165.94,1.442,-4.137,1.582,3.899,-0.250,4.225
165.95,1.501,-4.137,1.580,4.256,-0.249,4.227
165.96,1.656,-4.137,1.583,4.168,-0.249,4.225
165.97,1.649,-4.137,1.586,4.117,-0.248,4.223
165.98,1.340,-4.136,1.580,4.212,-0.248,4.222
165.99,1.782,-4.137,1.586,4.030,-0.247,4.217
166.00,1.736,-4.137,1.590,4.306,-0.249,4.218
166.01,1.742,-4.138,1.595,4.346,-0.247,4.224
166.02,1.693,-4.138,1.599,4.221,-0.246,4.224
166.03,1.766,-4.136,1.606,4.245,-0.246,4.225
166.04,1.550,-4.138,1.604,4.236,-0.246,4.226
166.05,1.776,-4.139,1.609,4.328,-0.244,4.230
166.06,1.453,-4.139,1.604,4.519,-0.244,4.239
166.07,1.725,-4.141,1.607,4.146,-0.245,4.236
166.08,1.624,-4.142,1.607,4.382,-0.245,4.241
166.09,1.643,-4.142,1.609,4.127,-0.245,4.237
166.10,1.685,-4.143,1.611,4.229,-0.246,4.236
166.11,1.744,-4.145,1.615,4.385,-0.245,4.242
166.12,1.653,-4.146,1.616,4.136,-0.245,4.239
166.13,1.545,-4.147,1.613,4.399,-0.245,4.244
166.14,1.556,-4.147,1.612,4.144,-0.244,4.242
166.15,1.743,-4.147,1.617,4.173,-0.243,4.240
166.16,1.650,-4.147,1.619,4.193,-0.242,4.240
166.17,1.798,-4.149,1.624,4.321,-0.242,4.243
166.18,1.408,-4.150,1.616,4.405,-0.241,4.249
166.19,1.711,-4.152,1.619,4.097,-0.240,4.245
166.20,1.750,-4.152,1.624,4.364,-0.241,4.249
166.21,1.311,-4.152,1.614,4.168,-0.243,4.244
166.22,1.660,-4.153,1.616,4.133,-0.242,4.241
166.23,1.849,-4.151,1.625,4.155,-0.242,4.239
166.24,1.474,-4.152,1.621,4.482,-0.241,4.247
166.25,1.582,-4.153,1.620,4.197,-0.240,4.247
166.26,1.332,-4.153,1.612,4.187,-0.240,4.246
166.27,1.325,-4.154,1.603,4.042,-0.239,4.241
166.28,1.456,-4.154,1.599,3.840,-0.238,4.229
166.29,1.667,-4.154,1.602,4.075,-0.238,4.224
166.30,1.451,-4.156,1.596,4.272,-0.238,4.225
166.31,1.658,-4.155,1.599,4.004,-0.238,4.219
166.32,1.428,-4.158,1.592,4.602,-0.239,4.230
166.33,1.467,-4.160,1.587,3.868,-0.239,4.219
166.34,1.544,-4.159,1.587,4.285,-0.240,4.219
166.35,1.840,-4.160,1.595,4.194,-0.240,4.218
166.36,1.551,-4.160,1.593,4.226,-0.241,4.217
166.37,1.673,-4.161,1.596,4.079,-0.241,4.214
166.38,1.310,-4.160,1.589,4.270,-0.239,4.216
166.39,1.438,-4.159,1.585,4.323,-0.239,4.220
166.40,1.577,-4.161,1.584,4.352,-0.238,4.224
166.41,1.613,-4.162,1.584,4.489,-0.237,4.234
166.42,1.490,-4.162,1.582,4.324,-0.239,4.235
166.43,1.617,-4.162,1.583,4.279,-0.238,4.237
166.44,1.568,-4.162,1.583,4.284,-0.240,4.236
166.45,1.635,-4.161,1.586,3.950,-0.239,4.229
166.46,1.458,-4.162,1.582,4.287,-0.238,4.231
166.47,1.462,-4.160,1.580,3.967,-0.239,4.222
166.48,1.356,-4.162,1.572,3.957,-0.240,4.213
166.49,1.716,-4.163,1.576,3.965,-0.241,4.204
166.50,1.310,-4.163,1.568,4.363,-0.240,4.209
166.51,1.743,-4.165,1.572,4.187,-0.240,4.209
166.52,1.534,-4.167,1.569,3.875,-0.240,4.198
166.53,1.662,-4.166,1.574,4.031,-0.240,4.193
166.54,1.622,-4.167,1.575,4.498,-0.241,4.201
166.55,1.760,-4.168,1.580,4.062,-0.241,4.197
166.56,1.498,-4.169,1.577,4.171,-0.240,4.196
166.57,1.484,-4.169,1.574,4.201,-0.239,4.197
166.58,1.677,-4.169,1.578,4.177,-0.239,4.196
166.59,1.616,-4.171,1.577,4.061,-0.239,4.191
166.60,1.252,-4.170,1.569,3.885,-0.240,4.181
166.61,1.560,-4.168,1.571,4.346,-0.240,4.185
166.62,1.705,-4.168,1.575,4.300,-0.241,4.188
166.63,1.366,-4.169,1.568,4.101,-0.242,4.183
166.64,1.511,-4.168,1.568,4.239,-0.242,4.185
166.65,1.515,-4.168,1.566,4.334,-0.241,4.190
166.66,1.573,-4.169,1.566,4.087,-0.241,4.187
166.67,1.553,-4.168,1.566,4.185,-0.240,4.187
166.68,1.577,-4.170,1.565,4.258,-0.240,4.189
166.69,1.530,-4.171,1.564,4.216,-0.242,4.188
166.70,1.760,-4.171,1.570,4.215,-0.242,4.189
166.71,1.803,-4.171,1.578,4.155,-0.243,4.186
166.72,1.504,-4.171,1.575,3.969,-0.243,4.179
166.73,1.720,-4.173,1.578,4.124,-0.244,4.176
166.74,1.602,-4.172,1.580,4.534,-0.244,4.186
166.75,1.400,-4.172,1.575,4.190,-0.245,4.185
166.76,1.721,-4.172,1.580,4.244,-0.247,4.185
166.77,1.265,-4.174,1.569,4.127,-0.249,4.180
166.78,1.572,-4.175,1.569,4.354,-0.247,4.187
166.79,1.405,-4.176,1.563,4.175,-0.247,4.187
166.80,1.703,-4.177,1.566,4.223,-0.247,4.188
166.81,1.463,-4.180,1.561,4.146,-0.246,4.187
166.82,1.501,-4.180,1.559,4.265,-0.247,4.188
166.83,1.505,-4.179,1.559,4.486,-0.245,4.199
166.84,1.215,-4.178,1.549,4.224,-0.245,4.200
166.85,1.699,-4.177,1.555,4.084,-0.243,4.198
166.86,1.608,-4.175,1.558,4.247,-0.242,4.200
166.87,1.564,-4.177,1.558,3.812,-0.243,4.188
166.88,1.663,-4.178,1.560,4.369,-0.243,4.192
166.89,1.606,-4.177,1.562,4.180,-0.244,4.191
166.90,1.774,-4.179,1.568,4.288,-0.244,4.194
166.91,1.649,-4.181,1.568,4.385,-0.244,4.200
166.92,1.494,-4.181,1.566,4.186,-0.243,4.199
166.93,1.813,-4.183,1.572,4.162,-0.243,4.198
166.94,1.590,-4.186,1.570,4.359,-0.243,4.203
166.95,1.868,-4.188,1.578,4.248,-0.242,4.206
166.97,1.497,-4.188,1.576,4.017,-0.240,4.201
166.98,1.789,-4.189,1.581,3.974,-0.240,4.194
166.99,1.357,-4.189,1.576,4.170,-0.241,4.193
167.00,1.548,-4.189,1.575,4.005,-0.243,4.184
167.01,1.538,-4.188,1.575,4.223,-0.244,4.184
167.02,1.335,-4.189,1.568,4.138,-0.243,4.183
167.03,1.543,-4.189,1.567,4.234,-0.243,4.185
167.04,1.495,-4.191,1.564,4.422,-0.242,4.193
167.05,1.653,-4.190,1.568,3.983,-0.243,4.186
167.06,1.723,-4.191,1.572,4.548,-0.243,4.196
167.07,1.694,-4.191,1.576,4.180,-0.244,4.195
167.08,1.589,-4.193,1.575,4.249,-0.244,4.196
167.09,1.653,-4.196,1.575,3.992,-0.244,4.189
167.10,1.853,-4.196,1.584,4.324,-0.244,4.194
167.11,1.316,-4.197,1.575,4.071,-0.245,4.189
167.12,1.618,-4.199,1.574,4.051,-0.245,4.184
167.13,1.621,-4.198,1.578,3.975,-0.243,4.179
167.14,1.431,-4.199,1.573,4.326,-0.242,4.185
167.15,1.590,-4.200,1.573,4.277,-0.243,4.187
167.16,1.530,-4.200,1.572,4.007,-0.243,4.180
167.17,1.427,-4.200,1.568,4.253,-0.241,4.184
167.18,1.436,-4.199,1.565,3.987,-0.242,4.177
167.19,1.560,-4.200,1.564,4.056,-0.243,4.172
167.20,1.677,-4.202,1.566,4.244,-0.244,4.173
167.21,1.629,-4.202,1.569,3.970,-0.244,4.167
167.22,1.405,-4.202,1.564,4.192,-0.246,4.165
167.23,1.603,-4.201,1.567,3.982,-0.245,4.160
167.24,1.607,-4.202,1.568,4.266,-0.246,4.161
167.25,1.410,-4.201,1.564,4.118,-0.246,4.160
167.26,1.832,-4.200,1.574,4.427,-0.247,4.167
167.27,1.684,-4.202,1.575,4.202,-0.246,4.169
167.28,1.727,-4.203,1.579,4.136,-0.246,4.167
167.29,1.537,-4.200,1.582,4.102,-0.246,4.165
167.30,1.590,-4.200,1.582,3.985,-0.246,4.158
167.31,1.449,-4.201,1.578,4.282,-0.246,4.162
167.32,1.314,-4.201,1.570,4.300,-0.248,4.164
167.33,1.610,-4.202,1.571,4.156,-0.247,4.164
167.34,1.522,-4.203,1.569,4.047,-0.248,4.160
167.35,1.682,-4.203,1.573,4.379,-0.248,4.166
167.36,1.694,-4.203,1.577,4.066,-0.249,4.162
167.37,1.572,-4.204,1.576,4.219,-0.248,4.164
167.38,1.517,-4.204,1.575,4.291,-0.248,4.168
167.39,1.478,-4.206,1.571,4.096,-0.248,4.166
167.40,1.489,-4.207,1.567,4.113,-0.248,4.163
167.41,1.707,-4.206,1.573,4.354,-0.248,4.168
167.42,1.648,-4.206,1.575,4.189,-0.249,4.168
167.43,1.742,-4.207,1.580,3.769,-0.248,4.156
167.44,1.503,-4.207,1.579,4.171,-0.250,4.155
167.45,1.605,-4.205,1.581,3.903,-0.250,4.147
167.46,1.629,-4.205,1.584,4.043,-0.249,4.144
167.47,1.587,-4.205,1.584,4.283,-0.248,4.148
167.48,1.751,-4.205,1.590,3.991,-0.248,4.143
167.49,1.647,-4.205,1.592,3.918,-0.249,4.135
167.50,1.592,-4.204,1.594,4.148,-0.249,4.135
167.51,1.509,-4.201,1.594,4.430,-0.250,4.142
167.52,1.485,-4.201,1.592,4.103,-0.249,4.141
167.53,1.722,-4.201,1.596,4.112,-0.248,4.141
167.54,1.713,-4.202,1.599,4.116,-0.248,4.140
167.55,1.650,-4.204,1.600,4.178,-0.248,4.141
167.56,1.649,-4.206,1.600,3.914,-0.248,4.133
167.57,1.376,-4.205,1.595,4.036,-0.247,4.130
167.58,1.400,-4.206,1.588,4.544,-0.247,4.142
167.59,1.494,-4.208,1.584,4.068,-0.246,4.141
167.60,1.314,-4.210,1.574,4.320,-0.245,4.147
167.61,1.470,-4.211,1.570,4.381,-0.243,4.155
167.62,1.640,-4.211,1.573,4.108,-0.243,4.154
167.63,1.593,-4.214,1.570,4.317,-0.243,4.158
167.64,1.628,-4.214,1.573,3.981,-0.243,4.153
167.65,1.625,-4.215,1.573,4.108,-0.242,4.152
167.66,1.466,-4.215,1.571,4.196,-0.243,4.152
167.67,1.478,-4.218,1.565,4.076,-0.243,4.150
167.68,1.452,-4.219,1.561,4.081,-0.243,4.147
167.69,1.490,-4.220,1.559,4.056,-0.242,4.145
167.70,1.363,-4.221,1.552,4.118,-0.242,4.144
167.71,1.458,-4.221,1.550,4.233,-0.243,4.145
167.72,1.510,-4.220,1.549,4.271,-0.243,4.148
167.73,1.447,-4.221,1.545,4.027,-0.243,4.144
167.74,1.475,-4.223,1.541,4.277,-0.243,4.148
167.75,1.588,-4.224,1.542,4.078,-0.242,4.147
167.76,1.400,-4.223,1.538,3.873,-0.241,4.139
167.77,1.599,-4.222,1.541,4.349,-0.240,4.145
167.78,1.374,-4.225,1.534,4.040,-0.242,4.140
167.79,1.593,-4.225,1.536,4.318,-0.242,4.144
167.80,1.655,-4.225,1.540,4.316,-0.243,4.148
167.81,1.514,-4.225,1.539,4.199,-0.244,4.149
167.82,1.703,-4.223,1.546,4.225,-0.243,4.151
167.83,1.536,-4.223,1.545,4.469,-0.243,4.161
167.84,1.743,-4.225,1.550,4.331,-0.242,4.167
167.85,1.586,-4.226,1.550,4.215,-0.243,4.167
167.86,1.475,-4.228,1.546,4.285,-0.243,4.171
167.87,1.623,-4.228,1.549,3.955,-0.244,4.163
167.88,1.542,-4.229,1.548,4.440,-0.246,4.170
167.89,1.658,-4.230,1.551,4.105,-0.245,4.169
167.90,1.370,-4.230,1.545,4.129,-0.245,4.167
167.91,1.532,-4.229,1.546,4.458,-0.246,4.175
167.92,1.622,-4.230,1.548,4.086,-0.247,4.172
167.93,1.327,-4.231,1.540,4.219,-0.247,4.173
167.94,1.462,-4.231,1.537,4.110,-0.248,4.170
167.95,1.859,-4.231,1.548,4.059,-0.247,4.167
167.96,1.799,-4.233,1.554,4.304,-0.246,4.173
167.97,1.652,-4.232,1.558,4.016,-0.244,4.170
167.98,1.473,-4.232,1.556,4.112,-0.244,4.168
167.99,1.737,-4.233,1.561,4.126,-0.244,4.166
168.00,1.727,-4.235,1.565,4.174,-0.244,4.166
168.01,1.664,-4.237,1.566,4.249,-0.244,4.169
168.02,1.706,-4.238,1.570,4.218,-0.245,4.169
168.03,1.289,-4.238,1.561,4.138,-0.245,4.168
168.04,1.794,-4.239,1.568,4.203,-0.246,4.168
168.05,1.677,-4.240,1.571,4.293,-0.247,4.171
168.06,1.463,-4.239,1.569,3.978,-0.246,4.166
168.07,1.406,-4.239,1.564,4.142,-0.246,4.165
168.08,1.738,-4.241,1.568,4.052,-0.247,4.161
168.09,1.441,-4.241,1.565,4.117,-0.244,4.162
168.10,1.671,-4.244,1.566,4.218,-0.244,4.164
168.11,1.599,-4.246,1.565,4.260,-0.244,4.166
168.12,1.640,-4.247,1.568,4.202,-0.244,4.167
168.13,1.424,-4.247,1.564,4.335,-0.243,4.173
168.14,1.478,-4.247,1.561,4.363,-0.243,4.179
168.15,1.662,-4.250,1.562,4.075,-0.243,4.176
168.16,1.429,-4.249,1.559,4.156,-0.242,4.176
168.17,1.555,-4.250,1.559,4.202,-0.242,4.177
168.18,1.685,-4.249,1.564,4.084,-0.242,4.174
168.19,1.593,-4.249,1.565,4.065,-0.241,4.171
168.20,1.719,-4.247,1.572,4.205,-0.241,4.172
168.21,1.505,-4.245,1.572,3.889,-0.241,4.164
168.22,1.656,-4.245,1.576,4.025,-0.241,4.159
168.23,1.727,-4.245,1.581,4.043,-0.242,4.155
168.24,1.273,-4.244,1.573,4.328,-0.241,4.160
168.25,1.319,-4.245,1.565,4.144,-0.241,4.160
168.26,1.436,-4.243,1.563,4.113,-0.241,4.158
168.27,1.835,-4.244,1.571,4.157,-0.241,4.158
168.28,1.672,-4.244,1.575,4.444,-0.241,4.166
168.29,1.351,-4.247,1.565,4.067,-0.241,4.164
168.30,1.497,-4.248,1.563,4.253,-0.241,4.166
168.31,1.741,-4.249,1.568,4.174,-0.241,4.166
168.32,1.278,-4.248,1.560,4.555,-0.242,4.177
168.33,1.658,-4.248,1.563,4.321,-0.241,4.183
168.34,1.517,-4.249,1.561,4.220,-0.241,4.184
168.36,1.708,-4.251,1.565,4.383,-0.241,4.190
168.37,1.510,-4.252,1.562,4.246,-0.240,4.192
168.37,1.667,-4.251,1.567,4.173,-0.241,4.191
168.38,1.439,-4.252,1.563,4.038,-0.243,4.185
168.40,1.356,-4.253,1.556,4.233,-0.242,4.187
168.41,1.582,-4.252,1.557,4.229,-0.243,4.188
168.41,1.498,-4.251,1.557,4.020,-0.243,4.183
168.43,1.270,-4.252,1.547,4.110,-0.243,4.180
168.43,1.592,-4.253,1.548,4.481,-0.242,4.190
168.44,1.397,-4.251,1.546,4.287,-0.244,4.192
168.45,1.524,-4.252,1.544,4.056,-0.244,4.188
168.46,1.690,-4.251,1.550,4.287,-0.243,4.191
168.47,1.433,-4.252,1.546,4.296,-0.242,4.196
168.49,1.673,-4.252,1.550,4.173,-0.243,4.195
168.50,1.809,-4.254,1.556,4.470,-0.244,4.202
168.51,1.505,-4.255,1.554,4.008,-0.245,4.196
168.52,1.536,-4.256,1.552,4.207,-0.245,4.196
168.53,1.509,-4.257,1.551,4.356,-0.244,4.202
168.54,1.633,-4.257,1.554,4.510,-0.245,4.211
168.55,1.569,-4.258,1.553,3.994,-0.245,4.205
168.56,1.431,-4.258,1.550,4.044,-0.243,4.202
168.57,1.819,-4.260,1.557,4.169,-0.243,4.201
168.58,1.829,-4.261,1.564,4.193,-0.243,4.201
168.59,1.892,-4.264,1.572,4.225,-0.243,4.202
168.60,1.715,-4.265,1.576,4.341,-0.242,4.207
168.61,1.691,-4.266,1.579,4.172,-0.243,4.206
168.62,1.765,-4.265,1.586,4.058,-0.243,4.201
168.63,1.513,-4.267,1.583,4.279,-0.244,4.203
168.64,1.514,-4.268,1.580,4.131,-0.243,4.202
168.65,1.421,-4.269,1.575,3.985,-0.244,4.194
168.66,1.743,-4.270,1.580,4.273,-0.242,4.199
168.67,1.572,-4.269,1.581,4.025,-0.240,4.196
168.68,1.770,-4.272,1.585,3.819,-0.241,4.183
168.69,1.645,-4.272,1.587,4.206,-0.242,4.183
168.70,1.376,-4.274,1.580,4.092,-0.242,4.180
168.71,1.227,-4.274,1.569,4.060,-0.241,4.177
168.72,1.746,-4.275,1.574,4.428,-0.243,4.184
168.73,1.653,-4.275,1.577,4.018,-0.245,4.177
168.74,1.655,-4.275,1.580,4.314,-0.245,4.180
168.75,1.715,-4.276,1.584,4.316,-0.245,4.184
168.76,1.591,-4.277,1.584,4.012,-0.245,4.179
168.77,1.359,-4.277,1.578,4.161,-0.247,4.177
168.78,1.563,-4.278,1.577,4.127,-0.247,4.176
168.79,1.485,-4.279,1.574,4.120,-0.247,4.174
168.80,1.434,-4.279,1.571,4.409,-0.248,4.180
168.81,1.762,-4.279,1.577,4.452,-0.247,4.189
168.82,1.397,-4.279,1.572,4.087,-0.247,4.186
168.83,1.530,-4.279,1.571,4.141,-0.247,4.185
168.84,1.580,-4.280,1.571,4.190,-0.246,4.186
168.85,1.368,-4.280,1.565,3.941,-0.244,4.181
168.86,1.568,-4.281,1.565,4.065,-0.242,4.179
168.87,1.210,-4.281,1.555,4.219,-0.241,4.181
168.88,1.428,-4.282,1.550,3.843,-0.240,4.171
168.89,1.585,-4.280,1.553,4.263,-0.240,4.174
168.90,1.749,-4.282,1.558,4.434,-0.239,4.183
168.91,1.868,-4.282,1.567,4.345,-0.240,4.187
168.92,1.677,-4.284,1.569,3.824,-0.240,4.176
168.93,1.575,-4.286,1.569,3.935,-0.240,4.168
168.94,1.654,-4.286,1.572,4.053,-0.239,4.165
168.95,1.521,-4.287,1.570,4.059,-0.239,4.163
168.96,1.623,-4.287,1.572,4.271,-0.239,4.165
168.97,1.573,-4.287,1.573,3.955,-0.238,4.160
168.98,1.579,-4.288,1.572,4.246,-0.238,4.162
168.99,1.580,-4.289,1.572,4.012,-0.240,4.155
169.00,1.777,-4.289,1.579,4.103,-0.240,4.153
169.01,1.443,-4.290,1.574,4.025,-0.241,4.148
169.02,1.753,-4.290,1.581,3.964,-0.241,4.142
169.03,1.604,-4.291,1.581,4.311,-0.241,4.146
169.04,1.638,-4.290,1.584,4.090,-0.241,4.144
169.05,1.838,-4.291,1.592,4.189,-0.241,4.146
169.06,1.517,-4.292,1.590,4.374,-0.240,4.153
169.07,1.718,-4.292,1.594,4.260,-0.240,4.156
169.08,1.500,-4.294,1.590,4.043,-0.240,4.152
169.09,1.557,-4.293,1.590,3.989,-0.240,4.147
169.10,1.430,-4.293,1.586,4.141,-0.242,4.145
169.11,1.903,-4.291,1.598,4.287,-0.241,4.150
169.12,1.239,-4.292,1.588,4.091,-0.241,4.148
169.13,1.475,-4.293,1.584,4.093,-0.240,4.147
169.14,1.880,-4.293,1.593,3.963,-0.240,4.141
169.15,1.719,-4.294,1.597,4.120,-0.240,4.140
169.16,1.554,-4.295,1.595,4.224,-0.241,4.141
169.17,1.814,-4.295,1.603,4.205,-0.240,4.144
169.18,1.923,-4.294,1.614,3.961,-0.240,4.137
169.19,1.689,-4.295,1.617,4.357,-0.241,4.143
169.20,1.603,-4.293,1.619,4.496,-0.243,4.152
169.21,1.262,-4.293,1.609,4.033,-0.242,4.149
169.22,1.313,-4.292,1.601,4.087,-0.242,4.147
169.23,1.404,-4.291,1.598,4.106,-0.241,4.146
169.24,1.599,-4.293,1.596,4.117,-0.241,4.145
169.25,1.545,-4.294,1.594,4.070,-0.241,4.142
169.26,1.645,-4.294,1.597,4.250,-0.241,4.145
169.27,1.432,-4.296,1.590,4.121,-0.240,4.145
169.28,1.540,-4.297,1.588,3.914,-0.241,4.137
169.29,1.504,-4.297,1.586,4.365,-0.240,4.144
169.30,1.855,-4.294,1.598,4.230,-0.242,4.145
169.31,1.634,-4.294,1.599,4.167,-0.243,4.144
169.32,1.733,-4.294,1.605,4.200,-0.244,4.145
169.33,1.570,-4.296,1.602,4.290,-0.244,4.149
169.34,1.590,-4.296,1.602,4.479,-0.245,4.158
169.35,1.529,-4.297,1.600,4.342,-0.245,4.163
169.36,1.436,-4.298,1.595,4.125,-0.245,4.162
169.37,1.478,-4.298,1.592,4.294,-0.246,4.166
169.38,1.509,-4.297,1.591,3.717,-0.246,4.152
169.39,1.467,-4.296,1.588,3.841,-0.247,4.141
169.40,1.679,-4.298,1.590,4.036,-0.247,4.137
169.41,1.633,-4.297,1.593,3.870,-0.247,4.129
169.42,1.849,-4.296,1.602,4.240,-0.248,4.131
169.43,1.654,-4.298,1.603,4.321,-0.248,4.136
169.44,1.805,-4.299,1.609,3.991,-0.248,4.132
169.45,1.620,-4.300,1.609,4.459,-0.249,4.141
169.46,1.613,-4.300,1.609,4.137,-0.248,4.141
169.47,1.666,-4.300,1.611,4.181,-0.248,4.142
169.48,1.598,-4.300,1.612,4.115,-0.248,4.142
169.49,1.550,-4.300,1.611,4.029,-0.246,4.139
169.50,1.601,-4.299,1.612,3.829,-0.247,4.129
169.51,1.386,-4.301,1.604,3.888,-0.248,4.120
169.52,1.705,-4.301,1.608,4.361,-0.247,4.128
169.53,1.730,-4.300,1.613,4.085,-0.248,4.126
169.54,1.396,-4.299,1.608,4.244,-0.248,4.129
169.55,1.402,-4.297,1.604,4.265,-0.250,4.131
169.56,1.304,-4.299,1.594,4.275,-0.248,4.137
169.57,1.512,-4.301,1.590,4.015,-0.247,4.134
169.58,1.488,-4.302,1.586,4.195,-0.247,4.136
169.59,1.649,-4.301,1.590,4.118,-0.244,4.137
169.60,1.463,-4.303,1.584,4.002,-0.245,4.132
169.61,1.262,-4.305,1.573,4.225,-0.245,4.135
169.62,1.657,-4.307,1.574,3.929,-0.244,4.129
169.63,1.454,-4.307,1.570,3.946,-0.246,4.121
169.64,1.678,-4.309,1.572,4.067,-0.246,4.120
169.65,1.575,-4.312,1.570,4.385,-0.245,4.127
169.66,1.461,-4.314,1.565,3.780,-0.247,4.115
169.67,1.456,-4.315,1.561,4.082,-0.245,4.115
169.68,1.502,-4.314,1.560,4.025,-0.245,4.112
169.69,1.426,-4.314,1.556,3.886,-0.245,4.105
169.70,1.541,-4.314,1.556,4.376,-0.244,4.113
169.71,1.904,-4.316,1.565,4.481,-0.245,4.124
169.72,2.011,-4.316,1.579,4.002,-0.244,4.120
169.73,1.557,-4.316,1.579,4.046,-0.244,4.117
169.74,1.718,-4.315,1.584,3.969,-0.244,4.113
169.75,1.357,-4.319,1.574,4.262,-0.246,4.115
169.76,1.533,-4.317,1.575,4.216,-0.246,4.118
169.77,1.525,-4.315,1.576,4.279,-0.245,4.123
169.78,1.419,-4.314,1.572,3.882,-0.246,4.114
169.79,1.708,-4.314,1.577,4.486,-0.247,4.125
169.80,1.466,-4.314,1.573,3.851,-0.246,4.117
169.81,1.647,-4.316,1.575,4.037,-0.246,4.114
169.82,1.728,-4.315,1.580,4.118,-0.246,4.114
169.83,1.767,-4.315,1.587,3.979,-0.245,4.110
169.84,1.653,-4.317,1.587,4.185,-0.245,4.112
169.85,1.426,-4.317,1.583,4.121,-0.244,4.113
169.86,1.381,-4.318,1.576,4.660,-0.242,4.131
169.87,1.836,-4.318,1.584,3.944,-0.243,4.125
169.89,1.797,-4.318,1.591,4.150,-0.245,4.123
169.90,1.588,-4.318,1.591,3.994,-0.245,4.119
169.91,1.724,-4.316,1.599,4.092,-0.245,4.118
169.91,1.779,-4.315,1.606,4.205,-0.244,4.121
169.93,1.684,-4.316,1.608,4.059,-0.245,4.118
169.94,1.680,-4.315,1.612,4.275,-0.246,4.121
169.95,1.261,-4.317,1.600,4.449,-0.248,4.129
169.95,1.641,-4.317,1.601,4.374,-0.248,4.137
169.97,1.634,-4.317,1.602,4.137,-0.247,4.137
169.97,1.397,-4.315,1.599,4.084,-0.246,4.137
169.99,1.660,-4.316,1.601,4.083,-0.246,4.135
170.00,1.530,-4.317,1.598,4.043,-0.246,4.132
170.01,1.597,-4.317,1.599,4.294,-0.246,4.137
170.02,1.461,-4.316,1.595,3.922,-0.246,4.130
170.03,1.415,-4.316,1.590,4.090,-0.245,4.130
170.04,1.600,-4.317,1.590,4.359,-0.245,4.137
170.05,1.675,-4.319,1.591,4.145,-0.245,4.137
170.06,1.626,-4.319,1.593,3.979,-0.245,4.131
170.07,1.327,-4.320,1.584,3.957,-0.245,4.126
170.08,1.551,-4.319,1.584,3.950,-0.245,4.120
170.09,1.650,-4.319,1.587,4.276,-0.245,4.125
170.10,1.397,-4.320,1.581,4.230,-0.244,4.129
170.11,1.556,-4.320,1.579,4.329,-0.244,4.135
170.12,1.380,-4.322,1.572,4.063,-0.243,4.133
170.13,1.455,-4.323,1.568,4.205,-0.242,4.137
170.14,1.552,-4.325,1.566,4.004,-0.243,4.132
170.15,1.634,-4.326,1.567,4.200,-0.242,4.134
170.16,1.481,-4.327,1.564,4.456,-0.243,4.143
170.17,1.703,-4.325,1.570,4.236,-0.243,4.146
170.18,1.404,-4.324,1.566,4.196,-0.243,4.147
170.19,1.543,-4.324,1.566,4.065,-0.241,4.147
170.20,1.499,-4.325,1.563,4.493,-0.242,4.156
170.21,1.726,-4.324,1.569,3.919,-0.242,4.149
170.22,1.509,-4.323,1.568,3.982,-0.243,4.143
170.23,1.360,-4.324,1.561,4.322,-0.245,4.147
170.24,1.812,-4.325,1.568,4.234,-0.245,4.150
170.25,1.454,-4.327,1.563,4.388,-0.246,4.156
170.26,1.474,-4.328,1.560,4.047,-0.247,4.152
170.27,1.425,-4.327,1.556,4.069,-0.248,4.148
170.28,1.617,-4.328,1.558,4.127,-0.248,4.148
170.29,1.566,-4.329,1.557,4.087,-0.248,4.146
170.30,1.840,-4.330,1.564,4.471,-0.248,4.156
170.31,1.536,-4.329,1.565,4.147,-0.249,4.155
170.32,1.711,-4.329,1.570,4.038,-0.247,4.153
170.33,1.462,-4.329,1.567,4.072,-0.248,4.149
170.34,1.880,-4.327,1.579,4.266,-0.249,4.153
170.35,1.434,-4.325,1.576,4.403,-0.249,4.161
170.36,1.499,-4.326,1.573,3.825,-0.248,4.151
170.37,1.489,-4.327,1.570,4.078,-0.247,4.150
170.38,1.762,-4.328,1.575,4.150,-0.247,4.150
170.39,1.930,-4.327,1.587,4.338,-0.248,4.155
170.40,1.590,-4.327,1.587,4.428,-0.247,4.164
170.41,1.747,-4.328,1.592,4.233,-0.248,4.165
170.42,1.418,-4.328,1.588,4.036,-0.247,4.162
170.43,1.557,-4.330,1.585,4.331,-0.247,4.168
170.44,1.482,-4.327,1.585,4.383,-0.247,4.175
170.45,1.346,-4.327,1.577,4.150,-0.245,4.176
170.46,1.447,-4.327,1.574,4.026,-0.245,4.172
170.47,1.814,-4.330,1.579,3.878,-0.244,4.164
170.48,1.582,-4.331,1.578,4.245,-0.243,4.167
170.49,1.662,-4.331,1.581,4.316,-0.245,4.171
170.50,1.335,-4.331,1.574,4.390,-0.245,4.178
170.51,1.812,-4.330,1.582,4.453,-0.246,4.185
170.52,1.657,-4.331,1.584,4.486,-0.246,4.194
170.53,1.552,-4.332,1.583,3.976,-0.247,4.188
170.54,1.701,-4.331,1.587,4.281,-0.246,4.192
170.55,1.599,-4.331,1.588,4.131,-0.246,4.190
170.56,1.268,-4.331,1.578,3.914,-0.246,4.183
170.57,1.677,-4.334,1.579,3.909,-0.246,4.174
170.58,1.502,-4.334,1.577,4.444,-0.245,4.184
170.59,1.918,-4.335,1.587,4.420,-0.244,4.192
170.60,1.623,-4.336,1.587,4.390,-0.244,4.199
170.61,1.570,-4.338,1.586,3.972,-0.244,4.192
170.62,1.454,-4.337,1.582,4.306,-0.242,4.198
170.63,1.497,-4.338,1.579,3.663,-0.242,4.182
170.64,1.622,-4.339,1.580,4.254,-0.244,4.183
170.65,1.427,-4.340,1.575,4.348,-0.243,4.189
170.66,1.500,-4.339,1.574,4.019,-0.244,4.183
170.67,1.342,-4.339,1.567,4.245,-0.245,4.184
170.68,1.539,-4.339,1.567,4.065,-0.245,4.181
170.69,1.539,-4.339,1.566,4.381,-0.246,4.186
170.70,1.586,-4.339,1.567,4.157,-0.246,4.185
170.71,1.733,-4.337,1.574,4.250,-0.245,4.189
170.72,1.556,-4.339,1.572,4.011,-0.245,4.184
170.73,1.772,-4.342,1.575,4.042,-0.245,4.180
170.74,1.545,-4.340,1.576,4.590,-0.244,4.193
170.75,1.753,-4.339,1.583,4.262,-0.246,4.194
170.76,1.595,-4.341,1.582,4.287,-0.245,4.198
170.77,1.730,-4.342,1.586,4.302,-0.246,4.201
170.78,1.671,-4.344,1.587,4.266,-0.247,4.203
170.79,1.659,-4.344,1.589,4.309,-0.246,4.207
170.80,1.449,-4.345,1.585,3.681,-0.246,4.191
170.81,1.719,-4.342,1.592,4.314,-0.246,4.195
170.82,1.305,-4.343,1.583,4.264,-0.247,4.197
170.83,1.917,-4.344,1.592,4.191,-0.247,4.197
170.84,1.715,-4.347,1.594,4.289,-0.247,4.200
170.85,1.571,-4.346,1.595,4.351,-0.247,4.205
170.86,1.465,-4.348,1.589,4.357,-0.247,4.210
170.87,1.537,-4.350,1.586,4.086,-0.249,4.205
170.88,1.632,-4.353,1.585,4.306,-0.248,4.210
170.89,1.717,-4.354,1.589,4.196,-0.248,4.210
170.90,1.486,-4.355,1.585,4.223,-0.248,4.210
170.91,1.652,-4.355,1.587,4.051,-0.248,4.206
170.92,1.646,-4.355,1.589,4.553,-0.249,4.217
170.93,1.572,-4.357,1.587,4.160,-0.250,4.214
170.94,1.448,-4.358,1.583,4.015,-0.249,4.209
170.95,1.646,-4.358,1.586,4.412,-0.250,4.216
170.96,1.833,-4.358,1.594,3.864,-0.248,4.207
170.97,1.715,-4.357,1.599,3.829,-0.248,4.195
170.98,1.414,-4.356,1.594,4.554,-0.248,4.207
170.99,1.789,-4.357,1.600,4.383,-0.249,4.212
171.00,1.729,-4.357,1.604,4.289,-0.250,4.214
171.01,1.655,-4.357,1.606,4.156,-0.251,4.211
171.02,1.419,-4.357,1.602,4.111,-0.252,4.208
171.03,1.705,-4.358,1.605,4.315,-0.253,4.211
171.04,1.687,-4.358,1.608,4.283,-0.253,4.213
171.05,1.599,-4.358,1.608,4.351,-0.254,4.217
171.06,1.734,-4.357,1.613,4.479,-0.254,4.226
171.07,1.460,-4.359,1.608,3.779,-0.255,4.212
171.08,1.315,-4.358,1.601,4.465,-0.256,4.219
171.09,1.696,-4.359,1.603,4.137,-0.254,4.219
171.10,1.379,-4.357,1.598,4.471,-0.253,4.228
171.11,1.577,-4.358,1.597,4.533,-0.253,4.238
171.12,1.616,-4.358,1.599,4.328,-0.253,4.242
171.13,1.618,-4.359,1.599,4.101,-0.252,4.239
171.14,1.566,-4.359,1.598,3.853,-0.251,4.229
171.15,1.492,-4.360,1.595,4.180,-0.251,4.228
171.16,1.532,-4.361,1.592,4.129,-0.252,4.225
171.17,1.456,-4.363,1.587,4.394,-0.249,4.233
171.18,1.809,-4.362,1.594,4.155,-0.249,4.231
171.19,1.547,-4.362,1.593,4.453,-0.250,4.238
171.20,1.979,-4.363,1.604,4.256,-0.248,4.240
171.21,1.616,-4.364,1.604,4.290,-0.247,4.244
171.22,1.719,-4.367,1.606,4.248,-0.246,4.245
171.23,1.848,-4.365,1.615,4.128,-0.247,4.241
171.24,1.738,-4.369,1.617,4.009,-0.247,4.235
171.25,1.532,-4.371,1.613,4.608,-0.247,4.248
171.26,1.448,-4.370,1.609,4.332,-0.247,4.250
171.27,1.701,-4.372,1.610,4.158,-0.247,4.249
171.28,1.652,-4.372,1.612,4.241,-0.247,4.249
171.29,1.646,-4.372,1.614,4.218,-0.246,4.250
171.30,1.649,-4.373,1.615,4.334,-0.246,4.252
171.31,1.528,-4.373,1.613,4.430,-0.247,4.258
171.32,1.520,-4.376,1.608,4.174,-0.245,4.258
171.33,1.381,-4.374,1.604,3.866,-0.246,4.245
171.34,1.612,-4.375,1.604,4.199,-0.246,4.245
171.35,1.394,-4.374,1.598,4.254,-0.244,4.247
171.36,1.734,-4.377,1.600,4.168,-0.245,4.245
171.37,1.977,-4.379,1.611,4.192,-0.244,4.244
171.38,1.509,-4.378,1.609,4.312,-0.245,4.246
171.39,1.650,-4.378,1.612,4.237,-0.245,4.246
171.41,1.490,-4.377,1.609,4.007,-0.245,4.239
171.42,1.470,-4.379,1.603,4.264,-0.245,4.241
171.43,1.564,-4.379,1.603,4.064,-0.244,4.237
171.44,1.681,-4.381,1.604,4.303,-0.244,4.239
171.45,1.324,-4.382,1.595,4.317,-0.244,4.242
171.45,1.374,-4.380,1.591,4.210,-0.244,4.241
171.47,1.529,-4.379,1.590,4.040,-0.244,4.236
171.48,1.789,-4.381,1.594,4.289,-0.244,4.238
171.49,1.516,-4.381,1.593,4.456,-0.246,4.243
171.49,1.807,-4.382,1.599,4.118,-0.246,4.240
171.51,1.643,-4.382,1.601,4.404,-0.246,4.246
171.52,1.656,-4.383,1.602,4.084,-0.246,4.240
171.53,1.389,-4.384,1.595,4.347,-0.244,4.246
171.54,1.446,-4.384,1.591,4.336,-0.243,4.250
171.55,1.559,-4.386,1.589,4.262,-0.242,4.252
171.56,1.621,-4.388,1.588,4.085,-0.241,4.248
171.57,1.587,-4.389,1.587,4.099,-0.242,4.244
171.58,1.589,-4.391,1.586,4.249,-0.241,4.245
171.59,1.522,-4.391,1.584,4.255,-0.240,4.246
171.60,1.587,-4.391,1.585,4.324,-0.241,4.248
171.61,1.572,-4.392,1.584,4.229,-0.241,4.248
171.62,1.407,-4.393,1.578,4.497,-0.241,4.256
171.63,1.652,-4.394,1.579,4.123,-0.241,4.252
171.64,1.591,-4.397,1.578,4.194,-0.242,4.251
171.65,1.430,-4.398,1.572,4.091,-0.242,4.246
171.66,1.701,-4.398,1.577,4.350,-0.242,4.250
171.67,1.574,-4.399,1.576,4.259,-0.243,4.249
171.68,1.293,-4.397,1.570,4.029,-0.243,4.243
171.69,1.807,-4.399,1.575,4.417,-0.243,4.248
171.70,1.464,-4.400,1.571,4.078,-0.242,4.245
171.71,1.558,-4.399,1.572,4.181,-0.242,4.243
171.72,1.707,-4.399,1.576,4.354,-0.241,4.248
171.73,1.499,-4.400,1.574,4.018,-0.243,4.239
171.74,1.313,-4.399,1.567,4.012,-0.242,4.234
171.75,1.974,-4.401,1.578,4.022,-0.244,4.225
171.76,1.578,-4.401,1.579,4.292,-0.243,4.228
171.77,1.646,-4.399,1.583,3.905,-0.244,4.218
171.78,1.450,-4.398,1.580,4.042,-0.243,4.213
171.79,1.677,-4.398,1.583,4.283,-0.243,4.216
171.80,1.970,-4.402,1.592,4.208,-0.242,4.216
171.81,1.617,-4.403,1.592,4.424,-0.243,4.222
171.82,1.635,-4.405,1.592,3.891,-0.243,4.212
171.83,1.714,-4.404,1.597,4.358,-0.243,4.217
171.84,1.642,-4.405,1.598,4.325,-0.241,4.222
171.85,1.421,-4.406,1.593,3.958,-0.240,4.215
171.86,1.663,-4.406,1.595,3.923,-0.239,4.207
171.87,1.454,-4.406,1.591,4.365,-0.238,4.212
171.88,1.556,-4.405,1.591,4.169,-0.238,4.211
171.89,1.570,-4.406,1.591,4.405,-0.239,4.216
171.90,1.457,-4.404,1.589,3.870,-0.237,4.208
171.91,1.567,-4.404,1.589,4.239,-0.236,4.209
171.92,1.458,-4.406,1.583,4.427,-0.235,4.217
171.93,1.665,-4.407,1.585,4.350,-0.236,4.220
171.94,1.616,-4.409,1.585,4.203,-0.235,4.221
171.95,1.524,-4.412,1.581,4.359,-0.235,4.225
171.96,1.870,-4.414,1.588,4.116,-0.236,4.221
171.97,1.131,-4.412,1.576,4.036,-0.236,4.215
171.98,1.592,-4.413,1.577,4.352,-0.235,4.220
171.99,1.382,-4.412,1.571,4.046,-0.235,4.215
172.00,1.378,-4.413,1.565,4.321,-0.236,4.217
172.01,1.522,-4.412,1.565,4.252,-0.235,4.219
172.02,1.579,-4.412,1.566,4.103,-0.234,4.216
172.03,1.597,-4.414,1.565,4.099,-0.233,4.214
172.04,1.502,-4.415,1.562,3.782,-0.234,4.200
172.05,1.542,-4.416,1.561,4.532,-0.232,4.212
172.06,1.542,-4.415,1.561,4.112,-0.232,4.209
172.07,1.447,-4.417,1.556,4.192,-0.232,4.207
172.08,1.559,-4.416,1.557,4.614,-0.232,4.220
172.09,1.478,-4.418,1.553,4.075,-0.232,4.216
172.10,1.493,-4.418,1.551,4.243,-0.231,4.217
172.11,1.532,-4.421,1.549,4.097,-0.231,4.214
172.12,1.321,-4.423,1.540,4.176,-0.231,4.212
172.13,1.601,-4.424,1.540,3.962,-0.231,4.205
172.14,1.815,-4.428,1.546,4.058,-0.230,4.201
172.15,1.421,-4.429,1.541,4.166,-0.231,4.198
172.16,1.629,-4.430,1.543,4.080,-0.232,4.194
172.17,1.695,-4.430,1.547,4.095,-0.233,4.189
172.18,1.660,-4.430,1.551,4.144,-0.233,4.187
172.19,1.658,-4.431,1.554,4.090,-0.233,4.184
172.20,1.558,-4.430,1.555,4.175,-0.234,4.183
172.21,1.539,-4.432,1.553,4.163,-0.233,4.183
172.22,1.372,-4.431,1.549,3.962,-0.234,4.175
172.23,1.650,-4.432,1.551,4.129,-0.235,4.172
172.24,1.731,-4.433,1.556,4.059,-0.235,4.168
172.25,1.825,-4.434,1.564,4.148,-0.238,4.165
172.26,1.569,-4.434,1.564,4.043,-0.239,4.159
172.27,1.189,-4.434,1.553,4.172,-0.239,4.159
172.28,1.664,-4.435,1.556,4.021,-0.240,4.154
172.29,1.379,-4.436,1.550,3.944,-0.241,4.146
172.30,1.562,-4.436,1.550,4.157,-0.240,4.146
172.31,1.444,-4.436,1.547,4.461,-0.240,4.155
172.32,1.780,-4.435,1.556,4.085,-0.239,4.153
172.33,1.692,-4.437,1.559,3.968,-0.240,4.146
172.34,1.394,-4.436,1.555,4.028,-0.241,4.141
172.35,1.539,-4.439,1.552,4.081,-0.241,4.138
172.36,1.500,-4.439,1.551,4.019,-0.240,4.135
172.37,1.612,-4.438,1.553,4.185,-0.242,4.135
172.38,1.534,-4.441,1.550,4.379,-0.241,4.142
172.39,1.467,-4.442,1.547,4.229,-0.240,4.145
172.40,1.475,-4.443,1.544,4.120,-0.240,4.144
172.41,1.419,-4.442,1.542,4.295,-0.241,4.147
172.42,1.714,-4.441,1.548,4.188,-0.242,4.147
172.43,1.681,-4.443,1.551,3.883,-0.243,4.137
172.44,1.631,-4.443,1.554,4.132,-0.243,4.137
172.45,1.448,-4.444,1.550,4.180,-0.241,4.139
172.46,1.661,-4.445,1.552,4.266,-0.241,4.143
172.47,1.429,-4.446,1.548,3.931,-0.241,4.136
172.48,1.583,-4.446,1.549,4.064,-0.241,4.133
172.49,1.643,-4.447,1.551,4.008,-0.242,4.128
172.50,1.640,-4.448,1.553,3.937,-0.242,4.121
172.51,1.593,-4.449,1.554,4.090,-0.241,4.120
172.52,1.700,-4.448,1.559,4.455,-0.241,4.129
172.53,1.654,-4.449,1.563,4.169,-0.242,4.130
172.54,1.543,-4.449,1.562,4.223,-0.243,4.131
172.55,1.810,-4.449,1.570,4.281,-0.244,4.134
172.56,1.575,-4.449,1.571,4.202,-0.242,4.137
172.57,1.573,-4.449,1.571,4.403,-0.242,4.145
172.58,1.564,-4.449,1.571,4.367,-0.242,4.151
172.59,1.471,-4.450,1.568,4.377,-0.243,4.157
172.60,1.513,-4.449,1.568,3.992,-0.243,4.152
172.61,1.551,-4.451,1.566,4.274,-0.243,4.155
172.62,1.540,-4.452,1.564,4.336,-0.243,4.160
172.63,1.780,-4.454,1.570,4.034,-0.242,4.157
172.64,1.658,-4.454,1.573,4.392,-0.243,4.163
172.65,1.563,-4.456,1.571,4.401,-0.243,4.170
172.66,1.721,-4.455,1.578,4.366,-0.243,4.176
172.67,1.787,-4.454,1.585,4.151,-0.242,4.176
172.68,1.551,-4.453,1.586,4.142,-0.242,4.175
172.69,1.706,-4.454,1.589,4.410,-0.241,4.183
172.70,1.593,-4.455,1.590,4.310,-0.242,4.186
172.71,1.710,-4.455,1.594,4.025,-0.241,4.182
172.72,1.646,-4.457,1.594,3.989,-0.240,4.176
172.73,1.621,-4.458,1.595,4.443,-0.241,4.184
172.74,1.653,-4.459,1.596,4.435,-0.241,4.192
172.75,1.587,-4.458,1.597,3.893,-0.240,4.183
172.76,1.740,-4.459,1.601,4.048,-0.240,4.179
172.77,1.716,-4.463,1.603,4.133,-0.241,4.177
172.78,1.355,-4.462,1.596,3.921,-0.242,4.168
172.79,1.671,-4.462,1.599,4.193,-0.244,4.167
172.80,1.419,-4.462,1.594,4.318,-0.245,4.170
172.82,1.577,-4.461,1.595,3.956,-0.245,4.163
172.82,1.397,-4.462,1.589,4.545,-0.245,4.175
172.83,1.507,-4.464,1.585,4.322,-0.245,4.180
172.84,1.621,-4.465,1.586,4.001,-0.246,4.173
172.86,1.729,-4.464,1.592,4.205,-0.247,4.173
172.86,1.412,-4.465,1.587,4.082,-0.247,4.171
172.87,1.671,-4.466,1.589,4.375,-0.246,4.178
172.88,1.458,-4.465,1.587,4.127,-0.246,4.176
172.89,1.446,-4.466,1.582,4.277,-0.244,4.181
172.90,1.629,-4.467,1.583,4.143,-0.245,4.179
172.91,1.523,-4.469,1.580,3.979,-0.244,4.173
172.93,1.581,-4.471,1.579,4.022,-0.245,4.168
172.93,1.528,-4.470,1.579,4.470,-0.244,4.178
172.95,1.534,-4.472,1.576,4.163,-0.244,4.178
172.96,1.744,-4.471,1.582,4.396,-0.244,4.184
172.97,1.511,-4.469,1.583,4.081,-0.244,4.181
172.98,1.772,-4.470,1.588,4.282,-0.244,4.184
172.99,1.660,-4.472,1.589,4.214,-0.244,4.185
173.00,1.600,-4.473,1.589,4.152,-0.243,4.185
173.01,1.647,-4.474,1.591,4.270,-0.243,4.188
173.02,1.733,-4.473,1.596,3.932,-0.242,4.181
173.03,1.446,-4.474,1.592,4.031,-0.241,4.177
173.04,1.480,-4.475,1.588,4.176,-0.240,4.178
173.05,1.623,-4.477,1.588,4.271,-0.240,4.181
173.06,1.538,-4.477,1.587,4.363,-0.241,4.186
173.07,1.745,-4.478,1.591,4.193,-0.240,4.187
173.08,1.478,-4.480,1.587,4.352,-0.238,4.194
173.09,1.490,-4.480,1.584,4.199,-0.238,4.194
173.10,1.476,-4.480,1.581,4.331,-0.236,4.200
173.11,1.914,-4.482,1.590,4.101,-0.236,4.197
173.12,1.572,-4.483,1.590,4.220,-0.235,4.199
173.13,1.495,-4.484,1.587,4.339,-0.235,4.203
173.14,1.690,-4.485,1.589,4.252,-0.235,4.205
173.15,1.777,-4.485,1.596,4.499,-0.237,4.212
173.16,1.820,-4.486,1.602,4.315,-0.238,4.215
173.17,1.787,-4.486,1.609,4.537,-0.240,4.223
173.18,1.332,-4.487,1.600,4.154,-0.238,4.222
173.19,1.416,-4.488,1.595,3.919,-0.239,4.213
173.20,1.642,-4.490,1.595,4.452,-0.238,4.221
173.21,1.637,-4.489,1.597,4.305,-0.237,4.225
173.22,1.515,-4.489,1.595,4.108,-0.238,4.221
173.23,1.529,-4.490,1.594,4.205,-0.237,4.222
173.24,1.431,-4.490,1.590,3.792,-0.236,4.210
173.25,1.672,-4.490,1.593,3.894,-0.235,4.201
173.26,1.751,-4.491,1.597,4.004,-0.235,4.196
173.27,1.627,-4.491,1.599,4.224,-0.235,4.196
173.28,1.550,-4.491,1.598,4.108,-0.236,4.192
173.29,1.738,-4.491,1.603,4.009,-0.236,4.187
173.30,1.510,-4.495,1.597,3.946,-0.238,4.178
173.31,1.599,-4.495,1.598,3.922,-0.237,4.171
173.32,1.470,-4.493,1.596,4.104,-0.237,4.168
173.33,1.470,-4.496,1.591,4.035,-0.237,4.164
173.34,1.516,-4.496,1.589,3.901,-0.238,4.155
173.35,1.458,-4.497,1.585,4.149,-0.237,4.155
173.36,1.478,-4.496,1.583,4.125,-0.240,4.151
173.37,1.712,-4.499,1.584,4.161,-0.241,4.150
173.38,1.585,-4.501,1.584,4.224,-0.242,4.151
173.39,1.444,-4.499,1.582,4.305,-0.242,4.155
173.40,1.834,-4.499,1.590,4.088,-0.243,4.152
173.41,1.493,-4.499,1.588,4.184,-0.244,4.152
173.42,1.582,-4.503,1.584,4.063,-0.242,4.150
173.43,1.535,-4.502,1.584,4.119,-0.244,4.148
173.44,1.505,-4.502,1.582,4.083,-0.244,4.145
173.45,1.619,-4.503,1.583,3.669,-0.244,4.130
173.46,1.704,-4.500,1.590,4.034,-0.244,4.126
173.47,1.214,-4.501,1.578,4.064,-0.245,4.124
173.48,1.722,-4.500,1.584,4.405,-0.245,4.131
173.49,1.713,-4.502,1.587,4.142,-0.245,4.131
173.50,1.486,-4.501,1.585,4.588,-0.245,4.145
173.51,1.437,-4.500,1.582,3.976,-0.243,4.141
173.52,1.638,-4.503,1.582,4.078,-0.244,4.138
173.53,1.567,-4.504,1.581,4.304,-0.244,4.143
173.54,1.380,-4.503,1.576,4.298,-0.245,4.146
173.55,1.852,-4.501,1.587,4.565,-0.245,4.159
173.56,1.550,-4.501,1.586,4.083,-0.247,4.155
173.57,1.236,-4.501,1.576,3.979,-0.246,4.150
173.58,1.522,-4.502,1.574,4.061,-0.245,4.147
173.59,1.407,-4.500,1.571,4.146,-0.245,4.148
173.60,1.355,-4.500,1.565,4.128,-0.245,4.147
173.61,1.267,-4.501,1.555,4.100,-0.245,4.145
173.62,1.599,-4.503,1.555,4.323,-0.245,4.150
173.63,1.784,-4.502,1.563,4.062,-0.245,4.147
173.64,1.473,-4.501,1.562,4.397,-0.246,4.154
173.65,1.341,-4.503,1.553,4.318,-0.246,4.158
173.66,1.711,-4.504,1.557,4.102,-0.247,4.155
173.67,1.688,-4.502,1.564,3.691,-0.247,4.141
173.68,1.393,-4.501,1.559,3.990,-0.248,4.135
173.69,1.411,-4.501,1.555,4.400,-0.248,4.143
173.70,1.643,-4.501,1.557,4.226,-0.248,4.145
173.71,1.654,-4.502,1.560,4.311,-0.247,4.151
173.72,1.685,-4.502,1.564,4.254,-0.248,4.153
173.73,1.407,-4.503,1.558,4.557,-0.247,4.166
173.74,1.970,-4.506,1.569,4.040,-0.249,4.161
173.75,1.666,-4.506,1.572,4.088,-0.249,4.158
173.76,1.463,-4.509,1.566,3.928,-0.250,4.150
173.77,1.576,-4.508,1.568,4.289,-0.249,4.155
173.78,1.458,-4.509,1.564,4.004,-0.249,4.150
173.79,1.506,-4.509,1.562,4.237,-0.250,4.152
173.80,1.417,-4.508,1.560,4.223,-0.250,4.155
173.81,1.634,-4.508,1.561,4.204,-0.248,4.157
173.82,1.562,-4.509,1.561,4.520,-0.247,4.170
173.83,1.690,-4.509,1.565,4.372,-0.246,4.177
173.84,1.636,-4.512,1.565,4.465,-0.246,4.185
173.85,1.883,-4.514,1.573,3.932,-0.246,4.178
173.86,1.662,-4.514,1.576,4.234,-0.247,4.179
173.87,1.817,-4.517,1.581,4.186,-0.247,4.179
173.88,1.689,-4.516,1.586,3.947,-0.247,4.172
173.89,1.452,-4.517,1.582,4.265,-0.247,4.175
173.90,1.401,-4.517,1.577,4.093,-0.247,4.172
173.91,1.734,-4.516,1.583,4.504,-0.247,4.183
173.92,1.537,-4.517,1.581,4.354,-0.247,4.189
173.93,1.365,-4.517,1.575,4.108,-0.246,4.187
173.94,1.692,-4.516,1.579,4.160,-0.246,4.187
173.95,1.745,-4.518,1.584,4.218,-0.246,4.187
173.96,1.919,-4.519,1.594,4.026,-0.246,4.182
173.97,1.755,-4.520,1.598,4.251,-0.247,4.184
173.98,1.480,-4.521,1.594,4.200,-0.245,4.186
173.99,1.589,-4.522,1.593,4.089,-0.245,4.183
174.00,1.498,-4.524,1.590,4.337,-0.245,4.188
174.01,1.466,-4.526,1.584,4.290,-0.246,4.191
174.02,1.502,-4.524,1.584,4.385,-0.245,4.198
174.03,1.405,-4.523,1.580,4.448,-0.243,4.207
174.04,1.599,-4.522,1.582,4.368,-0.242,4.214
174.05,1.335,-4.524,1.573,4.296,-0.242,4.217
174.06,1.590,-4.527,1.572,4.334,-0.242,4.221
174.07,1.480,-4.527,1.569,4.042,-0.241,4.216
174.08,1.311,-4.528,1.560,4.037,-0.241,4.211
174.09,1.539,-4.527,1.561,4.105,-0.243,4.207
174.10,1.750,-4.527,1.567,4.085,-0.242,4.204
174.11,1.611,-4.529,1.567,4.266,-0.243,4.206
174.12,1.370,-4.528,1.563,4.148,-0.242,4.205
174.13,1.802,-4.530,1.568,4.437,-0.242,4.212
174.14,1.598,-4.533,1.567,4.273,-0.244,4.212
174.15,1.601,-4.535,1.566,4.604,-0.245,4.224
174.16,1.613,-4.536,1.567,4.197,-0.245,4.224
174.18,1.561,-4.536,1.568,4.023,-0.245,4.218
174.18,1.498,-4.535,1.567,4.182,-0.245,4.218
174.19,1.729,-4.537,1.570,4.240,-0.246,4.217
174.20,1.687,-4.537,1.575,4.344,-0.247,4.221
174.21,1.685,-4.537,1.578,4.134,-0.248,4.217
174.22,1.599,-4.538,1.578,4.090,-0.246,4.216
174.23,1.609,-4.537,1.581,3.936,-0.246,4.208
174.24,1.597,-4.537,1.581,4.126,-0.245,4.207
174.26,1.330,-4.537,1.574,4.065,-0.246,4.202
174.27,1.502,-4.537,1.572,3.974,-0.246,4.195
174.27,1.637,-4.540,1.573,3.751,-0.246,4.181
174.28,1.756,-4.542,1.577,4.353,-0.245,4.187
174.29,1.478,-4.544,1.572,3.808,-0.245,4.176
174.31,1.847,-4.545,1.580,4.403,-0.246,4.182
174.31,1.570,-4.547,1.579,3.997,-0.245,4.177
174.32,1.437,-4.547,1.575,4.017,-0.246,4.171
174.33,1.318,-4.548,1.566,4.348,-0.246,4.177
174.35,1.721,-4.548,1.572,4.465,-0.247,4.185
174.36,1.558,-4.550,1.570,3.966,-0.247,4.177
174.37,1.602,-4.551,1.570,4.160,-0.248,4.176
174.38,1.446,-4.552,1.566,4.369,-0.247,4.183
174.38,1.383,-4.553,1.560,4.273,-0.246,4.187
174.40,1.617,-4.554,1.561,4.207,-0.246,4.187
174.41,1.461,-4.555,1.558,4.332,-0.247,4.191
174.42,1.698,-4.554,1.563,4.175,-0.247,4.191
174.43,1.698,-4.554,1.568,4.165,-0.248,4.189
174.44,1.537,-4.556,1.565,4.012,-0.248,4.184
174.44,1.674,-4.555,1.570,4.082,-0.248,4.180
174.46,1.570,-4.556,1.569,4.121,-0.248,4.179
174.47,1.611,-4.559,1.569,4.207,-0.248,4.179
174.48,1.513,-4.559,1.567,3.918,-0.248,4.172
174.49,1.575,-4.560,1.567,4.109,-0.247,4.170
174.50,1.606,-4.561,1.568,4.461,-0.248,4.178
174.51,1.625,-4.562,1.569,3.951,-0.248,4.172
174.52,1.787,-4.562,1.577,4.209,-0.246,4.174
174.53,1.479,-4.563,1.573,4.448,-0.246,4.183
174.54,1.634,-4.564,1.575,4.142,-0.245,4.182
174.55,1.458,-4.565,1.571,4.168,-0.244,4.183
174.56,1.744,-4.565,1.577,4.165,-0.243,4.183
174.57,1.626,-4.563,1.581,4.013,-0.244,4.178
174.58,1.221,-4.562,1.572,3.942,-0.244,4.170
174.59,1.548,-4.560,1.573,3.991,-0.242,4.166
174.60,1.580,-4.560,1.574,4.205,-0.242,4.168
174.61,1.503,-4.562,1.571,4.168,-0.241,4.168
174.62,1.543,-4.563,1.569,4.017,-0.242,4.163
174.63,1.642,-4.563,1.572,4.183,-0.241,4.164
174.64,1.482,-4.564,1.568,4.147,-0.240,4.164
174.65,1.691,-4.566,1.571,4.172,-0.242,4.163
174.66,1.637,-4.566,1.574,4.145,-0.242,4.162
174.67,1.605,-4.566,1.575,4.190,-0.241,4.164
174.68,1.489,-4.566,1.572,3.957,-0.240,4.158
174.69,1.507,-4.568,1.569,3.870,-0.241,4.148
174.70,1.875,-4.568,1.580,4.245,-0.241,4.150
174.71,1.354,-4.568,1.573,4.165,-0.241,4.151
174.72,1.650,-4.568,1.576,3.826,-0.240,4.141
174.73,1.634,-4.568,1.578,4.287,-0.241,4.144
174.74,1.635,-4.569,1.580,4.473,-0.240,4.154
174.75,1.750,-4.570,1.584,4.120,-0.241,4.152
174.76,1.670,-4.570,1.588,4.107,-0.241,4.151
174.77,1.533,-4.569,1.587,4.149,-0.240,4.151
174.78,1.417,-4.569,1.583,4.132,-0.241,4.149
174.79,1.720,-4.570,1.586,4.359,-0.242,4.155
174.80,1.613,-4.572,1.587,4.197,-0.241,4.157
174.81,1.539,-4.572,1.586,4.224,-0.240,4.160
174.82,1.663,-4.573,1.588,4.370,-0.240,4.165
174.83,1.509,-4.573,1.586,4.033,-0.239,4.162
174.84,1.349,-4.573,1.579,3.942,-0.241,4.154
174.85,1.426,-4.575,1.574,4.448,-0.241,4.163
174.86,1.701,-4.577,1.576,4.136,-0.241,4.162
174.87,1.612,-4.579,1.575,4.101,-0.240,4.161
174.88,1.501,-4.581,1.572,4.141,-0.238,4.161
174.89,1.430,-4.581,1.568,4.190,-0.238,4.163
174.90,1.826,-4.580,1.577,4.068,-0.237,4.160
174.91,1.401,-4.579,1.574,3.972,-0.236,4.155
174.92,1.533,-4.580,1.572,4.240,-0.235,4.159
174.93,1.340,-4.581,1.565,4.074,-0.236,4.155
174.94,1.759,-4.583,1.568,4.262,-0.235,4.159
174.95,1.610,-4.583,1.571,4.105,-0.235,4.157
174.96,1.430,-4.584,1.566,4.175,-0.235,4.157
174.97,1.424,-4.585,1.561,4.239,-0.237,4.158
174.98,1.375,-4.586,1.555,4.311,-0.236,4.163
174.99,1.832,-4.586,1.563,4.273,-0.235,4.167
175.00,1.546,-4.585,1.564,4.097,-0.235,4.164
175.01,1.736,-4.585,1.570,4.350,-0.235,4.171
175.02,1.645,-4.583,1.575,4.130,-0.235,4.169
175.03,1.529,-4.581,1.576,3.887,-0.236,4.159
175.04,1.390,-4.582,1.570,4.340,-0.234,4.166
175.05,1.629,-4.584,1.570,3.900,-0.233,4.159
175.06,1.641,-4.586,1.571,4.182,-0.233,4.159
175.07,1.455,-4.586,1.568,3.948,-0.233,4.153
175.08,1.477,-4.585,1.566,4.380,-0.233,4.159
175.09,1.353,-4.585,1.560,4.084,-0.232,4.158
175.10,1.762,-4.584,1.568,4.292,-0.233,4.161
175.11,1.587,-4.585,1.568,4.218,-0.233,4.162
175.12,1.565,-4.584,1.569,4.083,-0.234,4.159
175.13,1.608,-4.583,1.572,4.175,-0.234,4.159
175.14,1.673,-4.585,1.573,4.355,-0.233,4.166
175.15,1.605,-4.585,1.575,4.008,-0.232,4.162
175.16,1.792,-4.586,1.581,4.322,-0.231,4.167
175.17,1.639,-4.587,1.582,4.309,-0.230,4.173
175.18,1.570,-4.587,1.582,3.927,-0.228,4.167
175.19,1.450,-4.588,1.578,4.396,-0.230,4.172
175.20,1.596,-4.588,1.579,4.083,-0.231,4.168
175.21,1.500,-4.589,1.576,4.345,-0.231,4.173
175.22,1.593,-4.589,1.577,4.293,-0.230,4.178
175.23,1.461,-4.591,1.572,3.998,-0.230,4.173
175.24,1.489,-4.593,1.568,3.886,-0.230,4.164
175.25,1.582,-4.597,1.566,4.306,-0.230,4.168
175.26,1.621,-4.598,1.567,3.917,-0.230,4.160
175.27,1.351,-4.596,1.562,4.185,-0.231,4.159
175.28,1.755,-4.596,1.569,4.035,-0.231,4.155
175.29,1.310,-4.597,1.560,4.017,-0.231,4.151
175.30,1.354,-4.597,1.554,3.992,-0.230,4.147
175.31,1.701,-4.598,1.558,3.940,-0.228,4.142
175.32,1.403,-4.598,1.554,4.302,-0.230,4.145
175.33,1.709,-4.598,1.559,4.370,-0.231,4.150
175.34,1.546,-4.597,1.560,3.926,-0.232,4.142
175.35,1.330,-4.596,1.554,4.205,-0.233,4.142
175.36,1.532,-4.597,1.553,3.953,-0.233,4.136
175.37,1.493,-4.596,1.552,4.030,-0.232,4.134
175.38,1.653,-4.596,1.555,4.295,-0.232,4.138
175.39,1.639,-4.597,1.557,4.310,-0.232,4.143
175.40,1.592,-4.598,1.558,4.197,-0.232,4.144
175.41,1.508,-4.600,1.555,4.244,-0.234,4.145
175.42,1.720,-4.599,1.561,4.399,-0.234,4.153
175.43,1.348,-4.600,1.554,4.332,-0.233,4.159
175.44,1.556,-4.600,1.554,4.371,-0.233,4.166
175.45,1.401,-4.600,1.550,4.010,-0.233,4.161
175.46,1.528,-4.600,1.550,4.182,-0.232,4.162
175.47,1.654,-4.599,1.554,4.287,-0.232,4.166
175.48,1.644,-4.597,1.559,4.010,-0.232,4.161
175.49,1.518,-4.596,1.558,4.334,-0.232,4.167
175.50,1.480,-4.600,1.553,4.106,-0.231,4.165
175.51,1.447,-4.602,1.548,4.314,-0.232,4.169
175.52,1.454,-4.604,1.544,4.197,-0.233,4.169
175.53,1.898,-4.604,1.555,4.019,-0.232,4.165
175.54,1.228,-4.604,1.545,4.145,-0.233,4.163
175.55,1.444,-4.603,1.542,4.088,-0.233,4.161
175.56,1.735,-4.603,1.549,4.087,-0.232,4.159
175.57,1.736,-4.603,1.555,3.989,-0.232,4.154
175.58,1.765,-4.604,1.561,4.074,-0.232,4.152
175.59,1.635,-4.605,1.562,4.131,-0.232,4.151
175.60,1.841,-4.606,1.570,4.071,-0.231,4.149
175.61,1.516,-4.607,1.568,4.121,-0.229,4.149
175.62,1.635,-4.609,1.569,3.781,-0.229,4.138
175.63,1.599,-4.609,1.571,4.040,-0.229,4.135
175.64,1.710,-4.609,1.575,4.203,-0.229,4.137
175.65,1.648,-4.611,1.576,4.029,-0.228,4.133
175.66,1.646,-4.612,1.578,4.109,-0.228,4.133
175.67,1.561,-4.610,1.579,4.402,-0.227,4.141
175.68,1.530,-4.613,1.576,4.082,-0.228,4.138
175.69,1.794,-4.614,1.582,3.917,-0.227,4.132
175.71,1.458,-4.616,1.577,4.180,-0.227,4.133
175.72,1.513,-4.618,1.574,4.354,-0.226,4.141
175.73,1.480,-4.619,1.571,4.387,-0.226,4.148
175.73,1.870,-4.618,1.581,4.315,-0.226,4.153
175.74,1.815,-4.621,1.586,4.159,-0.227,4.152
175.76,1.503,-4.622,1.583,4.240,-0.226,4.155
175.77,1.480,-4.622,1.580,4.279,-0.226,4.159
175.77,1.552,-4.621,1.582,4.577,-0.227,4.171
175.79,1.529,-4.623,1.578,4.339,-0.228,4.175
175.80,1.696,-4.624,1.582,4.168,-0.228,4.175
175.81,1.592,-4.624,1.582,4.132,-0.226,4.175
175.81,1.591,-4.626,1.582,4.135,-0.226,4.174
175.83,1.648,-4.626,1.584,4.347,-0.227,4.178
175.83,1.460,-4.627,1.580,4.108,-0.227,4.177
175.85,1.551,-4.628,1.579,3.925,-0.227,4.168
175.85,1.376,-4.627,1.574,3.962,-0.228,4.162
175.87,1.538,-4.627,1.574,4.340,-0.229,4.165
175.88,1.624,-4.630,1.573,4.215,-0.230,4.167
175.89,1.637,-4.630,1.576,4.027,-0.229,4.163
175.90,1.647,-4.633,1.576,4.421,-0.228,4.171
175.90,1.693,-4.631,1.581,4.152,-0.228,4.171
175.92,1.755,-4.631,1.587,4.228,-0.227,4.174
175.93,1.592,-4.631,1.589,4.064,-0.227,4.171
175.94,1.635,-4.633,1.589,4.131,-0.225,4.171
175.95,1.460,-4.633,1.586,4.460,-0.227,4.178
175.96,1.443,-4.633,1.582,4.193,-0.228,4.178
175.97,1.619,-4.634,1.583,4.431,-0.227,4.186
175.98,1.634,-4.633,1.586,4.142,-0.228,4.184
175.98,1.508,-4.634,1.583,4.124,-0.228,4.183
176.00,1.814,-4.635,1.589,3.989,-0.229,4.176
176.01,1.503,-4.635,1.588,4.293,-0.229,4.179
176.02,1.730,-4.634,1.594,4.208,-0.229,4.180
176.03,1.652,-4.633,1.597,4.258,-0.227,4.184
176.04,1.293,-4.634,1.588,4.320,-0.227,4.189
176.05,1.489,-4.634,1.586,4.131,-0.227,4.188
176.06,1.559,-4.632,1.587,3.812,-0.227,4.176
176.07,1.602,-4.633,1.588,4.065,-0.229,4.171
176.08,1.667,-4.634,1.589,4.390,-0.228,4.178
176.09,1.603,-4.635,1.590,4.092,-0.229,4.175
176.10,1.720,-4.636,1.594,3.990,-0.228,4.170
176.11,1.533,-4.637,1.591,4.113,-0.229,4.167
176.12,1.633,-4.636,1.594,3.993,-0.228,4.163
176.13,1.605,-4.636,1.595,4.495,-0.228,4.173
176.14,1.468,-4.636,1.591,4.078,-0.228,4.170
176.15,1.718,-4.638,1.594,4.113,-0.230,4.167
176.16,1.318,-4.640,1.585,3.878,-0.230,4.158
176.17,1.463,-4.641,1.581,4.027,-0.230,4.154
176.18,1.458,-4.641,1.578,3.897,-0.229,4.146
176.19,1.587,-4.640,1.580,4.193,-0.229,4.147
176.20,1.379,-4.639,1.574,4.544,-0.231,4.158
176.21,1.432,-4.638,1.572,4.339,-0.231,4.163
176.22,1.748,-4.637,1.578,4.249,-0.229,4.167
176.23,1.370,-4.639,1.570,4.138,-0.229,4.166
176.24,1.599,-4.640,1.570,4.151,-0.230,4.165
176.25,1.832,-4.642,1.578,4.007,-0.230,4.161
176.26,1.705,-4.642,1.582,4.025,-0.230,4.156
176.27,1.719,-4.640,1.588,3.817,-0.231,4.145
176.28,1.530,-4.641,1.586,4.199,-0.231,4.146
176.29,1.517,-4.640,1.585,4.380,-0.231,4.153
176.30,1.684,-4.641,1.589,4.300,-0.232,4.156
176.31,2.032,-4.639,1.604,4.356,-0.233,4.162
176.32,1.641,-4.641,1.605,4.375,-0.232,4.169
176.33,1.571,-4.642,1.603,4.082,-0.229,4.169
176.34,1.571,-4.642,1.602,4.040,-0.230,4.165
176.35,1.628,-4.643,1.603,4.091,-0.230,4.162
176.36,1.542,-4.643,1.602,4.137,-0.229,4.162
176.37,1.568,-4.642,1.603,3.990,-0.228,4.158
176.38,1.498,-4.641,1.601,3.934,-0.227,4.151
176.39,1.651,-4.641,1.603,4.290,-0.228,4.155
176.40,1.625,-4.643,1.603,4.237,-0.227,4.158
176.41,1.661,-4.642,1.606,4.412,-0.229,4.164
176.42,1.827,-4.644,1.612,4.441,-0.228,4.173
176.43,1.291,-4.645,1.602,4.306,-0.229,4.176
176.44,1.429,-4.644,1.597,4.173,-0.229,4.176
176.45,1.306,-4.645,1.589,4.134,-0.229,4.175
176.46,1.378,-4.644,1.584,3.974,-0.229,4.169
176.47,1.511,-4.645,1.581,4.191,-0.228,4.170
176.48,1.601,-4.646,1.581,4.398,-0.228,4.177
176.49,1.367,-4.647,1.574,4.118,-0.228,4.176
176.50,1.513,-4.646,1.574,4.128,-0.228,4.175
176.51,1.756,-4.646,1.580,4.389,-0.228,4.181
176.52,1.568,-4.645,1.580,4.150,-0.230,4.179
176.53,1.580,-4.647,1.578,4.048,-0.230,4.175
176.54,1.565,-4.649,1.577,4.287,-0.230,4.178
176.55,1.708,-4.650,1.580,4.433,-0.230,4.186
176.56,1.455,-4.650,1.577,4.108,-0.231,4.182
176.57,1.568,-4.650,1.577,3.808,-0.231,4.172
176.58,1.379,-4.652,1.570,4.221,-0.229,4.175
176.59,1.533,-4.652,1.569,3.872,-0.228,4.167
176.60,1.673,-4.651,1.574,4.021,-0.227,4.163
176.61,1.720,-4.651,1.578,4.289,-0.225,4.169
176.62,1.537,-4.651,1.577,4.168,-0.226,4.168
176.63,1.675,-4.653,1.579,4.046,-0.225,4.165
176.64,1.789,-4.651,1.588,4.024,-0.226,4.160
176.65,1.499,-4.651,1.585,4.351,-0.225,4.167
176.66,1.638,-4.653,1.585,4.281,-0.224,4.171
176.67,1.535,-4.654,1.583,4.137,-0.223,4.170
176.68,1.482,-4.656,1.579,4.314,-0.223,4.175
176.69,1.533,-4.655,1.578,4.198,-0.223,4.176
176.70,1.366,-4.657,1.570,4.201,-0.223,4.176
176.71,1.661,-4.657,1.574,4.264,-0.224,4.178
176.72,1.236,-4.659,1.562,4.221,-0.224,4.180
176.73,1.710,-4.660,1.566,3.816,-0.222,4.170
176.74,1.753,-4.662,1.570,4.405,-0.222,4.177
176.75,1.721,-4.663,1.573,4.086,-0.223,4.173
176.76,1.616,-4.663,1.575,3.963,-0.223,4.168
176.77,1.485,-4.663,1.573,4.106,-0.223,4.165
176.78,1.685,-4.663,1.577,4.245,-0.223,4.168
176.79,1.620,-4.665,1.577,4.206,-0.221,4.170
176.80,1.721,-4.666,1.581,4.146,-0.220,4.171
176.81,1.857,-4.666,1.590,3.899,-0.221,4.161
176.82,1.557,-4.667,1.589,4.256,-0.221,4.164
176.83,1.382,-4.668,1.582,3.987,-0.221,4.159
176.84,1.670,-4.669,1.584,4.265,-0.221,4.162
176.85,1.560,-4.669,1.584,3.902,-0.218,4.156
176.86,1.535,-4.671,1.581,4.081,-0.219,4.153
176.87,1.447,-4.671,1.577,4.196,-0.220,4.153
176.88,1.343,-4.673,1.569,4.290,-0.219,4.158
176.89,1.612,-4.673,1.570,4.269,-0.219,4.162
176.90,1.694,-4.673,1.575,4.361,-0.218,4.168
176.91,1.612,-4.674,1.575,4.003,-0.218,4.163
176.92,1.515,-4.674,1.574,3.999,-0.218,4.158
176.93,1.551,-4.674,1.573,3.989,-0.219,4.151
176.94,1.625,-4.675,1.574,4.218,-0.219,4.153
176.95,1.533,-4.676,1.573,4.039,-0.219,4.150
176.96,1.638,-4.675,1.577,3.896,-0.219,4.141
176.97,1.516,-4.677,1.573,4.543,-0.219,4.153
176.98,1.598,-4.677,1.574,3.934,-0.219,4.146
176.99,1.485,-4.675,1.574,4.093,-0.219,4.144
177.00,1.498,-4.676,1.570,4.475,-0.220,4.154
177.01,1.633,-4.678,1.571,4.295,-0.219,4.158
177.02,1.491,-4.678,1.570,4.036,-0.221,4.153
177.03,1.567,-4.678,1.570,4.278,-0.221,4.157
177.04,1.588,-4.677,1.571,4.162,-0.220,4.157
177.05,1.559,-4.678,1.571,4.416,-0.220,4.166
177.06,1.513,-4.677,1.570,4.173,-0.219,4.166
177.07,1.576,-4.678,1.569,4.289,-0.219,4.170
177.08,1.649,-4.679,1.571,3.889,-0.220,4.160
177.09,1.615,-4.679,1.573,4.119,-0.219,4.160
177.10,1.519,-4.681,1.571,4.127,-0.220,4.157
177.11,1.657,-4.680,1.574,4.211,-0.220,4.159
177.12,1.531,-4.680,1.573,4.362,-0.220,4.166
177.13,1.675,-4.682,1.575,4.237,-0.221,4.167
177.14,1.589,-4.684,1.573,4.207,-0.220,4.168
177.15,1.334,-4.683,1.568,4.470,-0.219,4.178
177.16,1.726,-4.684,1.572,4.617,-0.220,4.191
177.17,1.866,-4.686,1.580,3.970,-0.220,4.184
177.18,1.654,-4.686,1.582,4.481,-0.219,4.195
177.19,1.633,-4.687,1.583,4.200,-0.219,4.195
177.20,1.441,-4.688,1.579,4.368,-0.220,4.201
177.21,1.498,-4.688,1.577,4.349,-0.220,4.205
177.22,1.650,-4.689,1.579,4.192,-0.219,4.206
177.24,1.537,-4.691,1.576,4.076,-0.218,4.203
177.25,1.675,-4.691,1.580,4.135,-0.218,4.201
177.26,1.479,-4.692,1.576,4.003,-0.217,4.197
177.27,1.341,-4.693,1.568,3.745,-0.217,4.183
177.27,1.767,-4.694,1.574,4.212,-0.217,4.184
177.29,1.706,-4.692,1.580,4.327,-0.217,4.188
177.30,1.484,-4.694,1.576,4.143,-0.217,4.187
177.31,1.543,-4.694,1.575,4.090,-0.217,4.184
177.32,1.492,-4.695,1.572,4.197,-0.217,4.184
177.33,1.495,-4.696,1.569,4.399,-0.216,4.192
177.34,1.580,-4.697,1.569,4.359,-0.216,4.198
177.35,1.562,-4.697,1.569,4.099,-0.215,4.195
177.36,1.518,-4.699,1.567,3.942,-0.216,4.187
177.37,1.613,-4.701,1.567,4.187,-0.217,4.186
177.38,1.724,-4.702,1.570,4.152,-0.217,4.185
177.39,1.345,-4.702,1.565,4.271,-0.217,4.187
177.40,1.571,-4.703,1.564,4.324,-0.217,4.192
177.41,1.526,-4.704,1.562,4.146,-0.218,4.190
177.42,1.762,-4.704,1.569,4.115,-0.217,4.189
177.43,1.614,-4.705,1.570,4.299,-0.217,4.192
177.44,1.405,-4.705,1.565,4.039,-0.216,4.189
177.44,1.570,-4.706,1.564,3.996,-0.216,4.183
177.46,1.338,-4.706,1.558,4.145,-0.217,4.180
177.47,1.782,-4.705,1.566,4.173,-0.218,4.179
177.48,1.597,-4.704,1.568,3.952,-0.218,4.173
177.49,1.412,-4.705,1.564,3.791,-0.218,4.161
177.50,1.740,-4.703,1.572,4.301,-0.217,4.166
177.51,1.543,-4.704,1.570,3.773,-0.216,4.154
177.52,1.398,-4.702,1.567,4.040,-0.216,4.150
177.53,1.729,-4.703,1.571,4.238,-0.216,4.154
177.54,1.590,-4.705,1.570,4.301,-0.216,4.157
177.55,1.730,-4.707,1.574,4.276,-0.216,4.161
177.56,1.746,-4.708,1.579,4.135,-0.215,4.161
177.57,1.712,-4.707,1.584,3.992,-0.215,4.156
177.58,1.588,-4.706,1.586,4.340,-0.215,4.161
177.59,1.506,-4.706,1.584,4.417,-0.215,4.169
177.60,1.537,-4.706,1.583,4.050,-0.215,4.164
177.61,1.481,-4.705,1.582,4.223,-0.216,4.165
177.62,1.922,-4.704,1.593,4.322,-0.217,4.170
177.63,1.534,-4.706,1.591,4.176,-0.216,4.170
177.64,1.706,-4.707,1.594,4.183,-0.216,4.170
177.65,1.524,-4.708,1.591,4.284,-0.217,4.173
177.66,1.581,-4.710,1.590,4.388,-0.215,4.181
177.67,1.409,-4.710,1.584,4.245,-0.215,4.183
177.68,1.450,-4.712,1.579,4.289,-0.215,4.187
177.69,1.433,-4.713,1.574,4.160,-0.215,4.187
177.70,1.734,-4.715,1.578,4.084,-0.213,4.185
177.71,1.588,-4.715,1.578,4.414,-0.212,4.193
177.72,1.574,-4.716,1.578,4.164,-0.211,4.193
177.73,1.456,-4.718,1.573,4.334,-0.212,4.197
177.74,1.846,-4.719,1.581,4.243,-0.212,4.198
177.75,1.207,-4.719,1.569,4.135,-0.211,4.197
177.76,1.570,-4.719,1.570,4.181,-0.212,4.196
177.77,1.443,-4.720,1.566,4.143,-0.212,4.194
177.78,1.478,-4.721,1.563,4.277,-0.212,4.197
177.79,1.541,-4.721,1.562,4.277,-0.213,4.199
177.80,1.673,-4.721,1.566,4.273,-0.213,4.201
177.81,1.446,-4.722,1.562,4.628,-0.212,4.216
177.82,1.510,-4.721,1.561,4.295,-0.211,4.219
177.83,1.556,-4.721,1.561,4.230,-0.211,4.220
177.84,1.723,-4.722,1.566,4.032,-0.211,4.215
177.85,1.699,-4.723,1.569,4.036,-0.211,4.210
177.86,1.532,-4.724,1.568,4.498,-0.212,4.218
177.87,1.772,-4.722,1.576,4.161,-0.212,4.216
177.88,1.525,-4.721,1.577,4.152,-0.212,4.214
177.89,1.657,-4.721,1.579,4.271,-0.213,4.216
177.90,1.616,-4.722,1.580,4.037,-0.212,4.212
177.91,1.804,-4.724,1.585,4.398,-0.211,4.218
177.92,1.527,-4.725,1.583,4.168,-0.210,4.218
177.93,1.646,-4.724,1.587,4.411,-0.211,4.224
177.94,1.466,-4.724,1.583,4.311,-0.213,4.224
177.95,1.474,-4.722,1.583,4.182,-0.214,4.222
177.96,1.477,-4.721,1.581,4.072,-0.215,4.218
177.97,1.595,-4.722,1.581,4.192,-0.214,4.218
177.98,1.565,-4.721,1.582,4.410,-0.213,4.225
177.99,1.802,-4.723,1.587,3.996,-0.212,4.219
178.00,1.621,-4.724,1.588,4.099,-0.212,4.216
178.01,1.958,-4.723,1.601,4.158,-0.212,4.214
178.02,1.589,-4.725,1.599,4.138,-0.214,4.211
178.03,1.684,-4.727,1.601,4.528,-0.214,4.220
178.04,1.808,-4.727,1.608,4.479,-0.214,4.228
178.05,1.589,-4.726,1.609,4.082,-0.214,4.225
178.06,1.775,-4.724,1.617,3.939,-0.215,4.215
178.07,1.434,-4.724,1.612,4.153,-0.213,4.215
178.08,1.750,-4.726,1.615,3.892,-0.213,4.205
178.09,1.637,-4.728,1.614,4.003,-0.214,4.199
178.10,1.459,-4.728,1.610,4.143,-0.212,4.199
178.11,1.595,-4.728,1.610,4.248,-0.213,4.199
178.12,1.507,-4.730,1.606,4.197,-0.213,4.199
178.13,1.466,-4.729,1.604,3.936,-0.213,4.191
178.14,1.424,-4.730,1.598,4.133,-0.213,4.189
178.15,1.691,-4.730,1.602,4.074,-0.214,4.186
178.16,1.662,-4.727,1.607,4.064,-0.213,4.182
178.17,1.314,-4.725,1.600,4.142,-0.214,4.180
178.18,1.552,-4.726,1.598,4.520,-0.214,4.191
178.19,1.619,-4.728,1.598,3.922,-0.215,4.182
178.20,1.383,-4.729,1.591,4.017,-0.215,4.176
178.21,1.853,-4.731,1.597,4.215,-0.214,4.179
178.22,1.528,-4.733,1.594,3.993,-0.213,4.173
178.23,1.467,-4.733,1.591,4.304,-0.214,4.176
178.24,1.532,-4.734,1.588,4.146,-0.214,4.175
178.25,1.516,-4.736,1.584,3.961,-0.214,4.169
178.26,1.385,-4.738,1.578,4.212,-0.214,4.169
178.27,1.574,-4.739,1.576,3.996,-0.215,4.163
178.28,1.845,-4.739,1.585,4.072,-0.215,4.160
178.29,1.727,-4.741,1.588,4.284,-0.214,4.164
178.30,1.729,-4.740,1.594,4.358,-0.215,4.169
178.31,1.444,-4.740,1.590,4.257,-0.215,4.171
178.32,1.542,-4.739,1.590,4.280,-0.215,4.175
178.33,1.479,-4.740,1.586,4.039,-0.215,4.171
178.34,1.837,-4.738,1.596,4.127,-0.215,4.169
178.35,1.846,-4.739,1.604,4.559,-0.216,4.180
178.36,1.462,-4.741,1.598,3.905,-0.216,4.172
178.37,1.401,-4.742,1.592,4.271,-0.215,4.175
178.38,1.492,-4.742,1.589,4.231,-0.217,4.175
178.39,1.565,-4.742,1.589,4.168,-0.218,4.174
178.40,1.372,-4.742,1.582,4.193,-0.218,4.174
178.41,1.474,-4.742,1.580,4.349,-0.218,4.179
178.42,1.541,-4.744,1.577,4.194,-0.218,4.180
178.43,1.825,-4.744,1.585,4.410,-0.218,4.187
178.44,1.440,-4.743,1.582,4.308,-0.218,4.191
178.45,1.688,-4.744,1.584,4.202,-0.218,4.191
178.46,1.365,-4.746,1.576,4.424,-0.218,4.198
178.47,1.353,-4.748,1.569,4.398,-0.219,4.204
178.48,1.481,-4.747,1.567,4.084,-0.217,4.202
178.49,1.378,-4.748,1.561,4.099,-0.217,4.199
178.50,1.535,-4.747,1.561,4.139,-0.218,4.196
178.51,1.809,-4.747,1.569,4.286,-0.217,4.200
178.52,1.429,-4.749,1.562,4.076,-0.217,4.196
178.53,1.656,-4.751,1.564,4.336,-0.217,4.201
178.54,1.749,-4.754,1.567,4.517,-0.217,4.211
178.55,1.754,-4.755,1.572,4.132,-0.215,4.210
178.56,1.813,-4.754,1.581,3.865,-0.215,4.201
178.57,1.636,-4.753,1.584,4.099,-0.216,4.197
178.58,1.789,-4.753,1.591,4.181,-0.215,4.197
178.59,1.644,-4.753,1.593,4.104,-0.215,4.194
178.60,1.584,-4.754,1.592,4.068,-0.214,4.191
178.61,1.368,-4.757,1.583,4.000,-0.215,4.185
178.62,1.542,-4.758,1.581,3.929,-0.215,4.176
178.64,1.755,-4.759,1.586,3.626,-0.216,4.158
178.64,1.583,-4.759,1.587,4.258,-0.216,4.162
178.65,1.476,-4.758,1.585,4.129,-0.216,4.160
178.66,1.754,-4.758,1.591,4.299,-0.217,4.164
178.67,1.225,-4.759,1.579,4.351,-0.215,4.171
178.68,1.449,-4.760,1.575,3.943,-0.217,4.162
178.69,1.708,-4.758,1.581,4.225,-0.217,4.163
178.70,1.661,-4.759,1.583,4.218,-0.218,4.164
178.72,1.509,-4.762,1.578,4.119,-0.218,4.162
178.72,1.577,-4.761,1.580,3.954,-0.219,4.154
178.73,1.547,-4.760,1.579,4.540,-0.219,4.166
178.75,1.712,-4.761,1.584,4.210,-0.221,4.166
178.76,1.515,-4.760,1.583,4.166,-0.221,4.165
178.77,1.861,-4.761,1.591,4.065,-0.221,4.162
178.78,1.846,-4.761,1.600,4.268,-0.220,4.166
178.79,1.489,-4.763,1.595,4.211,-0.221,4.167
178.80,1.403,-4.764,1.589,4.014,-0.221,4.161
178.81,1.602,-4.763,1.590,4.122,-0.221,4.160
178.82,1.481,-4.762,1.588,4.116,-0.221,4.159
178.83,1.511,-4.761,1.587,4.164,-0.220,4.160
178.84,1.467,-4.761,1.584,4.278,-0.221,4.162
178.85,1.650,-4.761,1.587,4.093,-0.221,4.160
178.86,1.439,-4.762,1.582,4.256,-0.221,4.163
178.87,1.189,-4.763,1.569,4.398,-0.220,4.170
178.88,1.542,-4.764,1.567,4.658,-0.219,4.186
178.89,1.427,-4.765,1.562,3.771,-0.218,4.174
178.90,1.282,-4.766,1.554,4.010,-0.218,4.170
178.91,1.783,-4.767,1.559,3.973,-0.218,4.163
178.92,1.393,-4.768,1.553,4.267,-0.219,4.166
178.93,1.357,-4.767,1.548,4.219,-0.219,4.167
178.94,1.874,-4.767,1.559,4.015,-0.219,4.162
178.95,1.267,-4.767,1.550,3.968,-0.220,4.155
178.96,1.494,-4.768,1.548,4.128,-0.219,4.155
178.97,1.475,-4.770,1.544,4.202,-0.219,4.156
178.98,1.732,-4.771,1.549,3.871,-0.219,4.148
178.99,1.663,-4.773,1.550,4.420,-0.219,4.156
179.00,1.440,-4.774,1.546,3.983,-0.219,4.150
179.01,1.608,-4.775,1.547,4.268,-0.220,4.152
179.02,1.506,-4.776,1.545,4.126,-0.220,4.152
179.03,1.166,-4.776,1.534,4.205,-0.219,4.154
179.04,1.681,-4.777,1.537,4.170,-0.219,4.154
179.05,1.768,-4.778,1.544,4.191,-0.218,4.156
179.06,1.416,-4.779,1.539,4.454,-0.217,4.166
179.07,1.450,-4.778,1.537,4.284,-0.218,4.168
179.08,1.392,-4.780,1.531,3.905,-0.218,4.161
179.09,1.484,-4.781,1.528,4.197,-0.218,4.161
179.10,1.540,-4.781,1.529,3.866,-0.217,4.152
179.11,1.660,-4.782,1.532,4.252,-0.218,4.155
179.12,1.598,-4.782,1.534,3.777,-0.218,4.143
179.13,1.460,-4.784,1.530,4.183,-0.219,4.143
179.14,1.491,-4.785,1.528,3.900,-0.217,4.136
179.15,1.650,-4.786,1.531,4.522,-0.218,4.148
179.16,1.709,-4.787,1.535,4.190,-0.217,4.150
179.17,1.340,-4.787,1.530,4.419,-0.216,4.158
179.18,1.467,-4.788,1.527,4.265,-0.217,4.160
179.19,1.638,-4.785,1.533,4.307,-0.217,4.165
179.20,1.514,-4.785,1.533,4.105,-0.216,4.163
179.21,1.489,-4.785,1.532,4.329,-0.216,4.169
179.22,1.634,-4.784,1.535,4.021,-0.215,4.165
179.23,1.513,-4.785,1.534,4.219,-0.215,4.166
179.24,1.840,-4.787,1.542,4.318,-0.215,4.172
179.25,1.375,-4.785,1.538,4.074,-0.212,4.171
179.26,1.417,-4.784,1.536,4.095,-0.213,4.168
179.27,1.415,-4.784,1.533,4.396,-0.214,4.174
179.28,1.686,-4.783,1.539,4.087,-0.215,4.170
179.29,1.689,-4.783,1.543,4.393,-0.215,4.177
179.30,1.461,-4.784,1.539,4.122,-0.216,4.175
179.31,1.642,-4.785,1.543,4.392,-0.215,4.182
179.32,1.665,-4.785,1.546,4.620,-0.215,4.195
179.33,1.735,-4.786,1.551,4.413,-0.215,4.202
179.34,1.606,-4.784,1.555,4.108,-0.214,4.200
179.35,1.577,-4.785,1.555,4.476,-0.216,4.207
179.36,1.660,-4.784,1.559,4.201,-0.214,4.209
179.37,1.304,-4.785,1.551,4.104,-0.214,4.206
179.38,1.714,-4.787,1.554,4.312,-0.216,4.208
179.39,1.644,-4.787,1.557,4.422,-0.215,4.216
179.40,1.472,-4.786,1.556,3.892,-0.215,4.206
179.41,1.593,-4.787,1.556,4.354,-0.215,4.211
179.42,1.506,-4.786,1.556,4.120,-0.215,4.209
179.43,1.838,-4.789,1.563,4.298,-0.214,4.213
179.44,1.706,-4.790,1.567,3.844,-0.212,4.203
179.45,1.558,-4.791,1.565,4.292,-0.213,4.206
179.46,1.762,-4.789,1.574,4.114,-0.214,4.202
179.47,1.487,-4.789,1.572,4.072,-0.213,4.200
179.48,1.908,-4.792,1.580,4.189,-0.214,4.198
179.49,1.572,-4.792,1.579,3.927,-0.215,4.189
179.50,1.630,-4.794,1.580,4.230,-0.213,4.192
179.51,1.548,-4.794,1.579,4.466,-0.212,4.201
179.52,1.699,-4.793,1.585,4.153,-0.212,4.200
179.53,1.837,-4.792,1.594,4.008,-0.212,4.195
179.54,1.471,-4.791,1.592,4.603,-0.212,4.207
179.55,1.372,-4.792,1.585,4.045,-0.211,4.203
179.56,1.665,-4.794,1.586,4.147,-0.211,4.201
179.57,1.855,-4.794,1.594,4.191,-0.210,4.203
179.58,1.558,-4.795,1.594,4.497,-0.209,4.213
179.59,1.508,-4.794,1.593,4.235,-0.208,4.214
179.60,1.668,-4.792,1.597,4.259,-0.207,4.217
179.61,1.648,-4.792,1.599,4.222,-0.208,4.217
179.62,1.643,-4.793,1.601,4.008,-0.208,4.211
179.63,1.461,-4.794,1.597,4.070,-0.207,4.208
179.64,1.510,-4.794,1.595,4.356,-0.207,4.212
179.65,1.347,-4.792,1.589,4.029,-0.208,4.206
179.66,1.523,-4.791,1.588,4.074,-0.207,4.203
179.67,1.177,-4.791,1.577,4.418,-0.207,4.210
179.68,1.678,-4.791,1.580,4.221,-0.207,4.210
179.69,1.701,-4.791,1.585,4.289,-0.207,4.213
179.70,1.488,-4.793,1.580,4.002,-0.208,4.206
179.71,1.540,-4.791,1.581,4.200,-0.207,4.206
179.72,1.588,-4.791,1.582,4.305,-0.210,4.207
179.73,1.670,-4.790,1.586,3.890,-0.209,4.198
179.74,1.566,-4.789,1.587,3.986,-0.208,4.193
179.75,1.571,-4.790,1.585,4.024,-0.206,4.189
179.76,1.574,-4.790,1.586,4.115,-0.208,4.185
179.77,1.250,-4.791,1.574,4.053,-0.208,4.181
179.78,1.840,-4.791,1.584,4.040,-0.207,4.177
179.79,1.579,-4.793,1.581,4.431,-0.207,4.185
179.80,1.468,-4.793,1.579,4.090,-0.207,4.182
179.81,1.682,-4.794,1.581,4.138,-0.207,4.181
179.82,1.486,-4.795,1.578,4.435,-0.206,4.189
179.83,1.651,-4.794,1.582,4.097,-0.207,4.185
179.84,1.734,-4.794,1.586,4.228,-0.207,4.187
179.85,1.370,-4.792,1.582,4.439,-0.208,4.194
179.86,1.836,-4.792,1.591,3.945,-0.208,4.186
179.87,1.414,-4.792,1.586,3.983,-0.209,4.179
179.88,1.938,-4.792,1.597,4.050,-0.207,4.176
179.89,1.729,-4.793,1.601,4.121,-0.207,4.175
179.90,1.702,-4.794,1.603,4.353,-0.208,4.179
179.91,1.545,-4.795,1.601,4.205,-0.208,4.180
179.92,1.728,-4.796,1.604,4.247,-0.208,4.181
179.93,1.465,-4.795,1.602,3.932,-0.207,4.174
179.94,1.644,-4.795,1.603,4.212,-0.207,4.175
179.95,1.622,-4.795,1.605,4.428,-0.206,4.184
179.96,1.419,-4.796,1.599,4.340,-0.205,4.190
179.97,1.932,-4.797,1.609,4.454,-0.207,4.196
179.98,1.537,-4.796,1.608,4.061,-0.206,4.193
179.99,1.708,-4.795,1.612,4.298,-0.207,4.195
180.00,1.578,-4.795,1.613,4.142,-0.207,4.194
180.01,1.568,-4.796,1.610,3.835,-0.206,4.183
180.02,1.630,-4.797,1.611,4.130,-0.206,4.182
180.03,1.596,-4.795,1.613,4.303,-0.207,4.184
180.04,1.686,-4.795,1.615,4.004,-0.206,4.180
180.05,1.260,-4.797,1.604,4.270,-0.206,4.182
180.06,1.454,-4.797,1.599,4.173,-0.206,4.182
180.07,1.620,-4.799,1.599,4.205,-0.206,4.183
180.08,1.715,-4.801,1.601,4.279,-0.206,4.186
180.09,1.634,-4.800,1.603,4.369,-0.207,4.190
180.10,1.406,-4.802,1.596,4.152,-0.206,4.190
180.11,1.648,-4.803,1.597,4.079,-0.207,4.186
180.12,1.597,-4.805,1.596,4.160,-0.208,4.184
180.13,1.598,-4.806,1.596,4.364,-0.208,4.189
180.14,1.499,-4.807,1.592,4.276,-0.209,4.191
180.15,1.566,-4.807,1.591,4.111,-0.208,4.190
180.16,1.645,-4.808,1.593,3.949,-0.208,4.182
180.17,1.637,-4.807,1.596,4.160,-0.207,4.182
180.18,1.661,-4.806,1.599,4.422,-0.209,4.188
180.19,1.725,-4.807,1.603,4.412,-0.209,4.194
180.20,1.597,-4.807,1.603,4.411,-0.209,4.201
180.22,1.797,-4.806,1.610,4.392,-0.207,4.209
180.22,1.509,-4.808,1.606,3.861,-0.207,4.199
180.23,1.477,-4.813,1.598,4.099,-0.207,4.195
180.24,1.425,-4.813,1.593,3.959,-0.207,4.189
180.26,1.343,-4.814,1.585,4.127,-0.206,4.187
180.26,1.473,-4.814,1.582,3.884,-0.207,4.178
180.27,1.531,-4.813,1.582,4.110,-0.205,4.177
180.28,1.612,-4.815,1.581,3.992,-0.205,4.172
180.30,1.429,-4.813,1.579,4.137,-0.205,4.170
180.31,1.849,-4.811,1.589,4.156,-0.205,4.170
180.32,1.493,-4.811,1.587,4.139,-0.206,4.168
180.33,2.029,-4.810,1.602,4.269,-0.207,4.169
180.34,1.639,-4.809,1.604,4.299,-0.208,4.172
180.35,1.684,-4.807,1.609,4.459,-0.209,4.180
180.36,1.697,-4.808,1.611,3.667,-0.209,4.164
180.37,1.562,-4.807,1.611,4.252,-0.208,4.167
180.38,1.324,-4.806,1.604,4.091,-0.207,4.165
180.39,1.502,-4.808,1.600,4.459,-0.207,4.175
180.40,1.730,-4.808,1.603,4.071,-0.207,4.171
180.41,1.685,-4.809,1.606,4.253,-0.207,4.173
180.42,1.561,-4.809,1.605,3.941,-0.207,4.166
180.43,1.515,-4.810,1.602,4.195,-0.208,4.166
180.44,1.346,-4.810,1.594,4.526,-0.207,4.177
180.45,1.757,-4.812,1.598,4.078,-0.207,4.175
180.46,1.596,-4.812,1.598,4.399,-0.206,4.182
180.47,1.501,-4.813,1.595,4.324,-0.207,4.186
180.48,1.513,-4.814,1.591,4.318,-0.207,4.190
180.49,1.614,-4.815,1.592,3.933,-0.205,4.183
180.50,1.524,-4.816,1.590,4.157,-0.205,4.183
180.51,1.592,-4.817,1.589,4.331,-0.204,4.188
180.52,1.352,-4.816,1.583,3.966,-0.204,4.181
180.53,1.673,-4.817,1.585,3.995,-0.204,4.175
180.54,1.628,-4.819,1.584,4.211,-0.205,4.176
180.55,1.692,-4.822,1.585,4.210,-0.206,4.176
180.56,1.760,-4.823,1.590,4.254,-0.205,4.179
180.57,1.693,-4.824,1.592,3.962,-0.206,4.171
180.58,1.562,-4.825,1.591,4.063,-0.206,4.167
180.59,1.397,-4.826,1.585,4.155,-0.207,4.166
180.60,1.568,-4.827,1.584,4.209,-0.208,4.166
180.61,1.744,-4.827,1.588,3.989,-0.210,4.159
180.62,1.657,-4.829,1.589,4.583,-0.211,4.170
180.63,1.458,-4.830,1.585,4.476,-0.210,4.180
180.64,1.440,-4.831,1.580,4.183,-0.211,4.179
180.65,1.863,-4.832,1.588,4.205,-0.213,4.179
180.66,1.699,-4.831,1.593,4.237,-0.213,4.181
180.67,1.719,-4.833,1.595,3.938,-0.212,4.174
180.68,1.434,-4.834,1.590,4.143,-0.211,4.174
180.69,1.539,-4.835,1.588,4.115,-0.212,4.171
180.70,1.379,-4.835,1.582,4.413,-0.212,4.178
180.71,1.371,-4.836,1.575,4.140,-0.211,4.178
180.72,1.633,-4.838,1.575,4.089,-0.211,4.176
180.73,1.673,-4.838,1.578,4.005,-0.210,4.171
180.74,1.528,-4.840,1.575,4.339,-0.211,4.176
180.75,1.523,-4.837,1.577,4.466,-0.209,4.186
180.76,1.404,-4.839,1.570,4.027,-0.210,4.180
180.77,1.464,-4.839,1.567,4.295,-0.211,4.182
180.78,1.347,-4.840,1.559,4.303,-0.211,4.186
180.79,1.542,-4.844,1.555,4.241,-0.213,4.187
180.80,1.812,-4.844,1.563,4.184,-0.212,4.187
180.81,1.595,-4.847,1.562,4.215,-0.211,4.189
180.82,1.565,-4.849,1.561,4.109,-0.210,4.188
180.83,1.676,-4.850,1.563,4.390,-0.212,4.192
180.84,1.780,-4.850,1.570,3.874,-0.212,4.182
180.85,1.559,-4.851,1.569,4.199,-0.214,4.181
180.86,1.417,-4.850,1.566,4.324,-0.215,4.185
180.87,1.555,-4.852,1.564,4.118,-0.215,4.182
180.88,1.538,-4.853,1.563,4.280,-0.215,4.186
180.89,1.555,-4.853,1.562,4.384,-0.216,4.190
180.90,1.656,-4.853,1.566,4.326,-0.216,4.195
180.91,1.506,-4.852,1.565,4.120,-0.215,4.194
180.92,1.545,-4.855,1.562,4.274,-0.214,4.198
180.93,1.480,-4.856,1.558,4.150,-0.214,4.196
180.94,1.333,-4.858,1.551,4.337,-0.215,4.200
180.95,1.449,-4.859,1.546,4.253,-0.214,4.202
180.96,1.686,-4.859,1.551,4.172,-0.216,4.200
180.97,1.550,-4.857,1.553,4.202,-0.214,4.202
180.98,1.567,-4.856,1.555,3.988,-0.214,4.196
180.99,1.640,-4.855,1.558,4.061,-0.212,4.194
181.00,1.544,-4.856,1.557,4.246,-0.211,4.196
181.01,1.529,-4.857,1.556,4.213,-0.211,4.197
181.02,1.737,-4.858,1.561,4.199,-0.212,4.197
181.03,1.558,-4.859,1.560,4.281,-0.212,4.199
181.04,1.585,-4.860,1.560,4.370,-0.211,4.205
181.05,1.510,-4.862,1.557,4.029,-0.210,4.201
181.06,1.504,-4.862,1.556,4.296,-0.209,4.205
181.07,1.511,-4.862,1.554,4.268,-0.209,4.207
181.08,1.322,-4.861,1.548,4.044,-0.208,4.203
181.09,1.556,-4.862,1.548,4.010,-0.208,4.198
181.10,1.676,-4.864,1.551,4.148,-0.206,4.198
181.11,1.550,-4.864,1.551,4.019,-0.207,4.192
181.12,1.417,-4.865,1.546,4.055,-0.207,4.188
181.13,1.561,-4.865,1.547,4.109,-0.207,4.185
181.14,1.552,-4.863,1.549,4.182,-0.208,4.184
181.15,1.505,-4.863,1.548,4.542,-0.209,4.194
181.16,1.597,-4.862,1.550,4.051,-0.209,4.190
181.17,1.514,-4.863,1.548,4.392,-0.209,4.196
181.18,1.734,-4.865,1.553,4.083,-0.211,4.191
181.19,1.386,-4.864,1.549,4.229,-0.211,4.191
181.20,1.508,-4.867,1.545,4.174,-0.212,4.191
181.21,1.492,-4.867,1.544,4.229,-0.210,4.193
181.22,1.844,-4.866,1.554,4.036,-0.211,4.187
181.23,1.536,-4.867,1.552,4.023,-0.212,4.182
181.24,1.404,-4.868,1.547,4.019,-0.211,4.178
181.25,1.542,-4.869,1.546,4.417,-0.210,4.186
181.26,1.747,-4.869,1.553,4.224,-0.211,4.186
181.27,1.460,-4.868,1.551,4.156,-0.211,4.185
181.28,1.564,-4.869,1.551,4.173,-0.212,4.184
181.29,1.595,-4.868,1.553,3.972,-0.211,4.178
181.30,1.644,-4.867,1.557,4.262,-0.212,4.180
181.31,1.601,-4.867,1.559,4.169,-0.212,4.179
181.32,1.513,-4.866,1.558,4.220,-0.214,4.179
181.33,1.690,-4.867,1.563,4.158,-0.214,4.178
181.34,1.575,-4.866,1.564,4.010,-0.215,4.172
181.35,1.461,-4.870,1.557,4.509,-0.215,4.183
181.36,1.661,-4.870,1.560,4.231,-0.215,4.183
181.37,1.589,-4.870,1.562,4.259,-0.215,4.186
181.38,1.366,-4.872,1.555,4.101,-0.215,4.183
181.39,1.729,-4.872,1.560,4.264,-0.217,4.184
181.40,1.347,-4.873,1.553,4.219,-0.218,4.184
181.41,1.611,-4.873,1.555,4.359,-0.219,4.189
181.42,1.419,-4.873,1.551,3.991,-0.220,4.182
181.43,1.338,-4.873,1.545,3.972,-0.218,4.177
181.44,1.689,-4.875,1.548,4.203,-0.218,4.178
181.45,1.509,-4.874,1.547,4.017,-0.219,4.172
181.46,1.443,-4.876,1.543,4.203,-0.219,4.173
181.47,1.499,-4.876,1.542,4.161,-0.219,4.173
181.48,1.646,-4.876,1.545,4.485,-0.219,4.182
181.49,1.519,-4.876,1.544,3.885,-0.220,4.173
181.50,1.540,-4.875,1.545,4.034,-0.219,4.168
181.51,1.360,-4.875,1.540,4.153,-0.220,4.167
181.52,1.546,-4.876,1.539,3.915,-0.219,4.160
181.53,1.839,-4.876,1.548,4.073,-0.220,4.157
181.54,1.782,-4.878,1.554,4.318,-0.219,4.162
181.55,1.355,-4.878,1.548,3.969,-0.220,4.155
181.56,1.653,-4.876,1.554,4.391,-0.220,4.162
181.57,1.432,-4.877,1.549,4.348,-0.221,4.167
181.58,1.587,-4.876,1.551,3.819,-0.220,4.158
181.59,1.831,-4.876,1.560,4.138,-0.220,4.157
181.60,1.430,-4.878,1.555,4.476,-0.219,4.167
181.61,1.704,-4.879,1.559,4.289,-0.219,4.170
181.62,1.768,-4.882,1.562,4.306,-0.219,4.175
181.63,1.526,-4.882,1.562,4.164,-0.219,4.175
181.64,1.694,-4.884,1.565,4.419,-0.220,4.181
181.65,1.208,-4.884,1.554,4.195,-0.220,4.181
181.66,1.630,-4.886,1.555,4.433,-0.220,4.189
181.67,1.526,-4.886,1.554,4.274,-0.220,4.192
181.69,1.543,-4.885,1.555,4.332,-0.220,4.196
181.70,1.468,-4.883,1.554,4.233,-0.219,4.199
181.70,1.640,-4.883,1.557,4.237,-0.219,4.200
181.72,1.493,-4.884,1.555,4.525,-0.218,4.211
181.72,1.621,-4.886,1.556,4.207,-0.217,4.213
181.73,1.745,-4.886,1.562,4.133,-0.217,4.211
181.75,1.735,-4.884,1.569,4.592,-0.216,4.223
181.76,1.624,-4.885,1.570,4.477,-0.216,4.231
181.77,1.559,-4.885,1.570,4.356,-0.215,4.237
181.78,1.955,-4.886,1.582,4.232,-0.215,4.237
181.79,1.596,-4.886,1.583,4.207,-0.214,4.237
181.80,1.456,-4.888,1.577,4.261,-0.214,4.239
181.81,1.900,-4.888,1.588,4.172,-0.213,4.238
181.82,1.584,-4.887,1.589,3.995,-0.214,4.230
181.83,1.823,-4.886,1.598,4.116,-0.214,4.227
181.84,1.718,-4.887,1.602,4.295,-0.215,4.229
181.85,1.493,-4.888,1.599,4.030,-0.214,4.224
181.86,1.535,-4.889,1.596,4.249,-0.215,4.224
181.87,1.489,-4.889,1.593,4.336,-0.215,4.228
181.88,1.539,-4.890,1.591,4.223,-0.215,4.228
181.89,1.896,-4.891,1.601,4.030,-0.214,4.224
181.90,1.599,-4.892,1.600,4.406,-0.213,4.230
181.91,1.240,-4.896,1.586,4.093,-0.214,4.226
181.92,1.337,-4.895,1.580,4.005,-0.215,4.218
181.93,1.702,-4.896,1.583,4.259,-0.215,4.220
181.94,1.441,-4.898,1.578,4.069,-0.215,4.215
181.95,1.620,-4.899,1.579,3.904,-0.215,4.206
181.96,1.443,-4.900,1.574,4.123,-0.216,4.203
181.97,1.595,-4.899,1.576,4.107,-0.214,4.202
181.98,1.560,-4.899,1.576,4.080,-0.213,4.199
181.99,1.483,-4.899,1.574,4.338,-0.212,4.205
182.00,1.745,-4.902,1.576,4.168,-0.211,4.205
182.01,1.514,-4.903,1.574,4.045,-0.211,4.200
182.02,1.577,-4.903,1.575,4.098,-0.210,4.198
182.03,1.639,-4.905,1.576,4.272,-0.210,4.200
182.04,1.754,-4.907,1.579,3.927,-0.209,4.193
182.05,1.585,-4.910,1.578,3.947,-0.209,4.185
182.06,1.651,-4.910,1.580,4.279,-0.208,4.188
182.07,1.606,-4.910,1.582,4.268,-0.207,4.192
182.08,1.296,-4.910,1.574,4.257,-0.206,4.195
182.09,1.495,-4.912,1.570,4.354,-0.207,4.199
182.10,1.618,-4.911,1.573,4.453,-0.206,4.208
182.11,1.552,-4.909,1.574,4.301,-0.205,4.212
182.12,1.569,-4.910,1.574,4.286,-0.206,4.213
182.13,1.816,-4.912,1.580,4.030,-0.206,4.208
182.14,1.616,-4.915,1.579,4.097,-0.205,4.205
182.15,1.681,-4.916,1.582,4.462,-0.206,4.212
182.16,1.567,-4.916,1.581,4.185,-0.207,4.211
182.17,1.527,-4.918,1.578,3.965,-0.207,4.203
182.18,1.617,-4.918,1.581,4.146,-0.207,4.201
182.19,1.400,-4.919,1.575,4.040,-0.207,4.196
182.20,1.635,-4.922,1.574,4.169,-0.205,4.197
182.21,1.602,-4.922,1.575,4.208,-0.204,4.199
182.22,1.521,-4.923,1.574,3.936,-0.205,4.190
182.23,1.793,-4.924,1.580,3.920,-0.206,4.180
182.24,1.611,-4.924,1.581,4.168,-0.207,4.179
182.25,1.620,-4.924,1.584,4.046,-0.206,4.175
182.26,1.638,-4.925,1.585,4.370,-0.204,4.183
182.27,1.483,-4.923,1.584,3.940,-0.204,4.175
182.28,1.578,-4.922,1.586,3.849,-0.206,4.163
182.29,1.776,-4.922,1.592,4.116,-0.205,4.162
182.30,1.461,-4.924,1.587,4.295,-0.203,4.168
182.31,1.345,-4.923,1.582,3.812,-0.205,4.155
182.32,1.591,-4.923,1.582,3.868,-0.204,4.147
182.33,1.562,-4.924,1.582,4.266,-0.202,4.151
182.34,1.792,-4.924,1.588,4.055,-0.201,4.149
182.35,1.538,-4.924,1.588,3.820,-0.201,4.139
182.36,1.477,-4.925,1.584,4.240,-0.200,4.142
182.37,1.613,-4.923,1.588,4.197,-0.199,4.144
182.38,1.416,-4.923,1.583,4.231,-0.200,4.145
182.39,1.338,-4.922,1.576,4.241,-0.200,4.148
182.40,1.601,-4.923,1.577,4.191,-0.200,4.149
182.41,1.548,-4.925,1.574,4.238,-0.198,4.152
182.42,1.734,-4.926,1.579,4.153,-0.198,4.152
182.43,1.728,-4.924,1.586,4.247,-0.198,4.155
182.44,1.642,-4.924,1.589,4.124,-0.198,4.153
182.45,1.535,-4.926,1.585,4.310,-0.197,4.158
182.46,1.489,-4.928,1.581,3.970,-0.197,4.152
182.47,1.660,-4.928,1.584,4.036,-0.197,4.149
182.48,1.437,-4.928,1.580,3.976,-0.197,4.142
182.49,1.562,-4.928,1.580,4.076,-0.196,4.141
182.50,1.609,-4.930,1.580,4.129,-0.196,4.140
182.51,1.470,-4.931,1.576,4.081,-0.195,4.138
182.52,1.561,-4.933,1.574,4.315,-0.194,4.144
182.53,1.541,-4.934,1.572,4.001,-0.195,4.139
182.54,1.607,-4.934,1.574,4.197,-0.195,4.140
182.55,1.573,-4.933,1.576,4.221,-0.195,4.142
182.56,1.404,-4.933,1.571,4.197,-0.196,4.142
182.57,1.538,-4.933,1.570,4.245,-0.196,4.145
182.58,1.716,-4.933,1.575,3.769,-0.196,4.132
182.59,1.471,-4.933,1.573,4.298,-0.197,4.136
182.60,1.401,-4.933,1.567,4.394,-0.196,4.144
182.61,1.255,-4.933,1.559,4.311,-0.194,4.151
182.62,1.480,-4.933,1.557,3.984,-0.195,4.144
182.63,1.392,-4.932,1.553,4.072,-0.195,4.142
182.64,1.205,-4.932,1.542,4.091,-0.195,4.139
182.65,1.987,-4.933,1.555,4.420,-0.194,4.149
182.66,1.446,-4.934,1.551,4.247,-0.193,4.152
182.67,1.639,-4.933,1.555,4.144,-0.193,4.152
182.68,1.733,-4.934,1.560,4.223,-0.193,4.153
182.69,1.312,-4.934,1.552,4.301,-0.194,4.156
182.70,1.529,-4.937,1.549,3.799,-0.195,4.144
182.71,1.622,-4.938,1.550,4.221,-0.195,4.146
182.72,1.664,-4.941,1.552,4.165,-0.195,4.146
182.73,1.522,-4.942,1.550,3.977,-0.195,4.141
182.74,1.636,-4.941,1.554,4.015,-0.195,4.136
182.75,1.640,-4.940,1.558,4.153,-0.194,4.137
182.76,1.768,-4.940,1.564,4.068,-0.194,4.135
182.77,1.551,-4.940,1.565,4.346,-0.196,4.139
182.78,1.861,-4.940,1.574,3.960,-0.194,4.135
182.79,1.683,-4.940,1.577,4.115,-0.195,4.133
182.80,1.390,-4.942,1.571,4.118,-0.194,4.132
182.81,1.660,-4.942,1.574,4.254,-0.195,4.135
182.82,1.501,-4.941,1.573,4.070,-0.194,4.133
182.83,1.538,-4.940,1.573,4.279,-0.195,4.136
182.84,1.684,-4.940,1.577,4.116,-0.195,4.135
182.85,1.465,-4.942,1.572,4.334,-0.194,4.142
182.86,1.658,-4.942,1.575,4.307,-0.195,4.146
182.87,1.424,-4.940,1.573,4.199,-0.195,4.147
182.88,1.565,-4.941,1.573,4.260,-0.196,4.149
182.89,1.654,-4.944,1.573,4.337,-0.195,4.156
182.90,1.194,-4.946,1.560,4.079,-0.193,4.154
182.91,1.519,-4.946,1.559,4.465,-0.193,4.164
182.92,1.310,-4.947,1.551,4.173,-0.192,4.165
182.93,1.536,-4.947,1.550,4.107,-0.192,4.163
182.94,1.787,-4.949,1.556,4.211,-0.192,4.165
182.95,1.872,-4.950,1.564,4.093,-0.192,4.162
182.96,1.512,-4.950,1.564,3.999,-0.194,4.155
182.97,1.479,-4.951,1.560,4.221,-0.196,4.155
182.98,1.608,-4.953,1.561,4.525,-0.197,4.165
182.99,1.686,-4.952,1.566,4.136,-0.196,4.165
183.00,1.532,-4.953,1.564,4.137,-0.197,4.163
183.01,1.757,-4.953,1.571,4.248,-0.197,4.166
183.02,1.828,-4.952,1.580,4.023,-0.196,4.162
183.03,1.644,-4.952,1.583,4.054,-0.196,4.158
183.04,1.351,-4.951,1.576,4.360,-0.196,4.164
183.05,1.380,-4.953,1.569,4.282,-0.196,4.168
183.06,1.759,-4.953,1.575,4.153,-0.196,4.167
183.07,1.742,-4.953,1.581,4.270,-0.196,4.170
183.08,1.894,-4.953,1.591,4.144,-0.195,4.170
183.09,1.388,-4.955,1.584,4.102,-0.196,4.168
183.10,1.621,-4.955,1.585,4.000,-0.197,4.162
183.11,1.469,-4.956,1.581,3.982,-0.196,4.156
183.12,1.646,-4.957,1.583,4.124,-0.196,4.155
183.13,1.615,-4.958,1.584,3.743,-0.197,4.142
183.14,1.467,-4.961,1.578,4.169,-0.196,4.143
183.15,1.528,-4.960,1.578,4.263,-0.196,4.146
183.16,1.749,-4.961,1.582,4.273,-0.195,4.151
183.17,1.769,-4.962,1.588,3.918,-0.195,4.144
183.18,1.391,-4.961,1.584,4.353,-0.196,4.149
183.19,1.605,-4.960,1.585,4.084,-0.194,4.148
183.21,1.479,-4.961,1.582,3.693,-0.195,4.134
183.21,1.583,-4.964,1.580,4.015,-0.193,4.131
183.23,1.679,-4.964,1.583,4.096,-0.193,4.129
183.24,1.723,-4.966,1.586,4.200,-0.193,4.132
183.25,1.612,-4.966,1.588,4.087,-0.192,4.130
183.26,1.582,-4.966,1.588,4.329,-0.191,4.138
183.26,1.477,-4.966,1.585,4.109,-0.191,4.136
183.28,1.569,-4.967,1.584,3.875,-0.192,4.127
183.29,1.716,-4.966,1.590,4.100,-0.192,4.125
183.30,1.722,-4.965,1.596,4.148,-0.191,4.127
183.31,1.561,-4.965,1.596,4.191,-0.192,4.127
183.32,1.402,-4.965,1.590,4.016,-0.191,4.124
183.33,1.531,-4.968,1.587,4.314,-0.191,4.130
183.34,1.650,-4.969,1.588,4.034,-0.192,4.125
183.35,1.631,-4.969,1.590,4.023,-0.192,4.122
183.36,1.760,-4.971,1.594,4.070,-0.193,4.118
183.37,1.571,-4.972,1.593,3.866,-0.194,4.110
183.38,1.735,-4.970,1.600,4.290,-0.195,4.113
183.39,1.502,-4.971,1.597,4.483,-0.195,4.124
183.40,1.446,-4.971,1.593,4.153,-0.196,4.124
183.41,1.557,-4.971,1.592,4.179,-0.196,4.125
183.42,1.004,-4.974,1.572,4.159,-0.197,4.125
183.43,1.333,-4.976,1.563,4.456,-0.197,4.134
183.44,1.716,-4.976,1.568,4.208,-0.197,4.137
183.45,1.616,-4.979,1.567,4.288,-0.196,4.141
183.46,1.409,-4.979,1.562,4.184,-0.197,4.142
183.47,1.747,-4.982,1.566,4.366,-0.197,4.149
183.48,1.424,-4.982,1.561,4.007,-0.197,4.144
183.49,1.848,-4.983,1.570,4.144,-0.198,4.143
183.50,1.467,-4.984,1.566,3.853,-0.198,4.134
183.51,1.562,-4.986,1.564,4.123,-0.198,4.133
183.52,1.734,-4.987,1.569,4.084,-0.198,4.131
183.53,1.525,-4.987,1.568,4.008,-0.199,4.127
183.54,1.442,-4.987,1.565,4.290,-0.199,4.131
183.55,1.418,-4.988,1.560,4.047,-0.199,4.128
183.56,1.708,-4.989,1.564,3.981,-0.200,4.123
183.57,1.806,-4.991,1.570,4.266,-0.198,4.128
183.58,1.582,-4.993,1.569,4.320,-0.198,4.134
183.59,1.456,-4.995,1.565,4.069,-0.199,4.131
183.60,1.510,-4.995,1.563,4.404,-0.199,4.139
183.61,1.587,-4.995,1.565,3.882,-0.197,4.133
183.62,1.600,-4.997,1.564,4.443,-0.196,4.144
183.63,1.427,-4.998,1.559,4.191,-0.196,4.145
183.64,1.622,-5.000,1.560,4.017,-0.194,4.142
183.65,1.342,-4.999,1.554,4.481,-0.193,4.154
183.66,1.486,-5.001,1.551,4.165,-0.193,4.154
183.67,1.530,-5.000,1.552,4.201,-0.191,4.157
183.68,1.390,-4.998,1.550,4.175,-0.190,4.159
183.69,1.707,-4.998,1.554,4.295,-0.190,4.163
183.70,1.619,-4.999,1.556,4.177,-0.190,4.163
183.71,1.603,-5.001,1.555,4.018,-0.189,4.159
183.72,1.707,-5.003,1.559,4.017,-0.191,4.153
183.73,1.521,-5.005,1.557,4.252,-0.191,4.156
