elapsed_sec,pitch_accel,pitch_gyro,pitch_kalman,roll_accel,roll_gyro,roll_kalman
3.89,1.724,-0.001,-0.001,3.630,-0.000,0.000
3.90,1.744,-0.000,-0.000,3.347,0.002,0.002
3.91,1.761,-0.000,0.000,3.439,0.001,0.002
3.92,1.727,0.000,0.000,3.351,0.001,0.002
3.93,1.455,0.002,0.003,3.393,0.001,0.002
3.94,1.350,0.003,0.004,3.448,0.002,0.003
3.95,1.862,0.003,0.004,3.338,0.002,0.004
3.96,1.495,0.006,0.007,3.391,0.003,0.006
3.97,1.690,0.006,0.007,3.692,0.004,0.007
3.98,1.534,0.007,0.008,3.413,0.004,0.008
3.99,1.633,0.009,0.011,3.219,0.004,0.008
4.00,1.521,0.010,0.012,3.516,0.003,0.008
4.01,1.549,0.010,0.013,3.305,0.004,0.010
4.02,1.775,0.008,0.011,3.291,0.002,0.009
4.03,1.616,0.006,0.010,3.487,0.002,0.011
4.04,1.569,0.006,0.010,3.250,0.001,0.011
4.05,1.715,0.006,0.011,3.437,0.002,0.012
4.06,1.570,0.006,0.012,3.887,0.001,0.013
4.07,1.861,0.008,0.015,3.572,0.002,0.015
4.08,1.568,0.011,0.018,3.458,0.003,0.017
4.09,1.484,0.011,0.019,3.160,0.003,0.019
4.10,1.651,0.012,0.020,3.350,0.003,0.021
4.11,1.604,0.011,0.020,3.425,0.004,0.023
4.12,1.798,0.011,0.021,3.499,0.005,0.026
4.13,1.800,0.012,0.023,3.277,0.006,0.029
4.14,1.780,0.014,0.026,3.393,0.005,0.029
4.15,1.530,0.016,0.028,3.252,0.004,0.031
4.16,1.879,0.016,0.030,3.259,0.004,0.033
4.17,1.639,0.018,0.033,3.445,0.003,0.034
4.18,1.864,0.017,0.033,3.222,0.003,0.036
4.19,1.956,0.017,0.035,3.605,0.004,0.039
4.20,1.813,0.018,0.037,3.379,0.005,0.043
4.21,1.767,0.019,0.039,3.262,0.005,0.045
4.22,1.522,0.019,0.040,3.227,0.003,0.046
4.23,1.679,0.017,0.040,3.341,0.004,0.050
4.24,1.585,0.016,0.040,3.437,0.004,0.053
4.25,1.641,0.016,0.042,3.169,0.005,0.056
4.26,1.884,0.015,0.043,3.382,0.005,0.060
4.27,1.879,0.015,0.044,3.469,0.007,0.064
4.28,1.959,0.017,0.048,3.408,0.007,0.068
4.29,1.660,0.018,0.050,3.317,0.007,0.071
4.30,1.788,0.019,0.053,3.195,0.007,0.074
4.31,1.891,0.019,0.055,3.439,0.008,0.079
4.32,1.691,0.018,0.056,3.479,0.008,0.083
4.33,1.576,0.020,0.060,3.500,0.008,0.087
4.34,1.714,0.021,0.063,3.629,0.006,0.089
4.35,1.698,0.024,0.068,3.248,0.007,0.093
4.36,1.777,0.023,0.069,3.736,0.007,0.098
4.37,1.737,0.022,0.070,3.988,0.004,0.100
4.38,1.786,0.023,0.073,3.604,0.003,0.104
4.39,1.562,0.023,0.075,3.495,0.004,0.110
4.40,1.725,0.022,0.076,3.636,0.004,0.115
4.41,1.458,0.021,0.078,3.519,0.003,0.119
4.42,2.041,0.022,0.081,3.377,0.002,0.123
4.43,1.538,0.022,0.084,3.288,0.003,0.128
4.44,1.684,0.022,0.087,3.221,0.003,0.134
4.45,1.668,0.022,0.090,3.303,0.005,0.140
4.46,1.827,0.022,0.092,3.101,0.004,0.145
4.47,1.468,0.024,0.097,3.079,0.003,0.149
4.48,1.465,0.025,0.100,3.621,0.004,0.156
4.49,1.469,0.023,0.101,3.449,0.005,0.163
4.50,1.615,0.023,0.104,3.487,0.004,0.168
4.51,1.708,0.023,0.106,3.309,0.004,0.174
4.52,2.018,0.024,0.111,3.828,0.004,0.182
4.53,1.851,0.024,0.114,3.276,0.005,0.189
4.54,1.779,0.022,0.116,3.206,0.006,0.197
4.55,1.768,0.023,0.121,3.452,0.005,0.203
4.56,1.587,0.023,0.124,3.434,0.004,0.209
4.57,1.649,0.023,0.128,3.373,0.004,0.216
4.58,1.750,0.023,0.132,3.687,0.001,0.220
4.59,1.914,0.022,0.135,3.586,-0.003,0.225
4.60,1.827,0.022,0.138,3.411,-0.002,0.234
4.61,1.640,0.020,0.141,3.539,-0.003,0.241
4.62,1.906,0.020,0.145,3.620,-0.003,0.250
4.63,2.186,0.020,0.151,3.573,-0.005,0.256
4.64,1.568,0.020,0.154,3.737,-0.006,0.265
4.65,1.654,0.022,0.160,3.469,-0.007,0.272
4.66,2.084,0.021,0.165,3.595,-0.007,0.281
4.67,1.895,0.023,0.171,3.172,-0.008,0.290
4.68,1.524,0.025,0.177,3.364,-0.007,0.300
4.69,1.574,0.025,0.181,3.727,-0.007,0.310
4.70,1.771,0.024,0.186,3.510,-0.007,0.320
4.72,1.460,0.024,0.190,2.958,-0.008,0.327
4.73,1.730,0.024,0.195,3.436,-0.008,0.337
4.74,1.649,0.024,0.200,3.669,-0.009,0.348
4.74,1.540,0.025,0.206,3.485,-0.009,0.359
4.75,1.519,0.023,0.209,3.191,-0.009,0.368
4.76,1.884,0.022,0.214,3.699,-0.008,0.380
4.78,1.821,0.022,0.219,3.183,-0.010,0.390
4.79,1.341,0.020,0.222,3.535,-0.009,0.402
4.80,1.963,0.021,0.229,3.280,-0.009,0.413
4.81,1.743,0.021,0.235,3.412,-0.010,0.423
4.82,1.229,0.020,0.238,3.183,-0.010,0.434
4.82,1.594,0.024,0.248,3.115,-0.022,0.434
4.83,1.725,0.029,0.259,3.472,-0.039,0.429
4.85,1.553,0.031,0.266,3.208,-0.045,0.436
4.86,2.477,0.035,0.280,2.306,-0.051,0.439
4.87,2.269,0.037,0.290,3.212,-0.038,0.463
4.88,0.605,0.040,0.295,3.230,-0.029,0.486
4.89,1.537,0.035,0.296,3.257,-0.007,0.520
4.90,1.350,0.037,0.303,4.387,0.008,0.552
4.91,1.993,0.036,0.310,3.947,0.010,0.570
4.91,2.638,0.037,0.322,4.127,0.009,0.585
4.93,1.680,0.040,0.331,3.745,0.011,0.603
4.94,2.251,0.040,0.341,3.549,0.011,0.618
4.95,1.902,0.041,0.349,3.457,0.010,0.631
4.96,1.317,0.041,0.354,3.370,0.010,0.646
4.97,2.134,0.040,0.363,3.738,0.010,0.662
4.98,1.821,0.039,0.370,3.459,0.009,0.677
4.99,1.316,0.036,0.373,3.066,0.010,0.692
5.00,1.756,0.036,0.380,3.483,0.012,0.709
5.01,1.937,0.036,0.389,3.119,0.012,0.724
5.02,1.348,0.035,0.395,3.226,0.012,0.739
5.03,1.722,0.035,0.403,3.640,0.010,0.754
5.04,2.053,0.035,0.412,3.568,0.011,0.773
5.05,1.368,0.034,0.418,3.129,0.011,0.788
5.06,1.417,0.033,0.424,3.356,0.011,0.804
5.07,1.915,0.033,0.433,3.463,0.011,0.821
5.08,1.770,0.033,0.442,3.710,0.012,0.841
5.09,1.427,0.032,0.448,3.142,0.013,0.858
5.10,1.560,0.033,0.458,3.138,0.014,0.876
5.11,1.771,0.033,0.466,3.617,0.013,0.893
5.12,1.488,0.031,0.472,3.421,0.013,0.911
5.13,1.410,0.030,0.478,3.158,0.014,0.929
5.14,1.579,0.029,0.486,3.632,0.015,0.949
5.15,1.902,0.031,0.498,3.278,0.013,0.965
5.16,1.475,0.034,0.509,3.475,0.014,0.985
5.17,1.704,0.036,0.520,3.503,0.016,1.006
5.18,1.631,0.036,0.529,3.345,0.017,1.026
5.19,1.569,0.036,0.538,3.513,0.018,1.046
5.20,1.562,0.036,0.546,3.390,0.018,1.066
5.21,1.612,0.035,0.554,3.490,0.017,1.085
5.22,1.658,0.034,0.563,3.452,0.015,1.103
5.23,1.633,0.036,0.574,3.553,0.014,1.123
5.24,1.702,0.037,0.585,3.195,0.014,1.141
5.25,1.436,0.035,0.591,3.610,0.015,1.164
5.26,1.209,0.037,0.600,3.314,0.014,1.182
5.27,1.658,0.037,0.609,3.452,0.014,1.203
5.28,1.790,0.038,0.621,3.442,0.013,1.223
5.29,1.595,0.036,0.628,3.451,0.013,1.244
5.30,1.418,0.036,0.637,3.409,0.014,1.266
5.31,1.601,0.036,0.646,3.684,0.014,1.288
5.32,1.984,0.039,0.661,3.477,0.016,1.311
5.33,1.634,0.040,0.673,3.569,0.016,1.333
5.34,1.668,0.042,0.684,3.478,0.015,1.353
5.35,1.689,0.041,0.694,3.305,0.014,1.373
5.36,1.777,0.041,0.705,3.520,0.013,1.395
5.37,1.903,0.040,0.715,3.508,0.014,1.418
5.38,1.523,0.039,0.724,3.631,0.014,1.441
5.39,1.654,0.041,0.736,3.642,0.014,1.464
5.40,1.522,0.042,0.747,3.409,0.013,1.486
5.41,1.527,0.043,0.757,3.407,0.014,1.508
5.42,1.568,0.042,0.766,3.652,0.014,1.532
5.43,1.413,0.042,0.775,3.420,0.015,1.555
5.44,1.725,0.041,0.785,3.517,0.016,1.578
5.45,1.863,0.043,0.799,3.307,0.017,1.601
5.46,1.649,0.044,0.810,3.379,0.017,1.623
5.47,1.466,0.044,0.819,3.529,0.017,1.646
5.48,1.754,0.043,0.830,3.560,0.018,1.670
5.49,1.734,0.044,0.841,3.205,0.018,1.692
5.50,1.758,0.043,0.852,3.453,0.019,1.715
5.51,1.614,0.046,0.865,3.439,0.019,1.737
5.52,1.683,0.048,0.878,3.388,0.018,1.759
5.53,1.634,0.047,0.887,3.692,0.017,1.783
5.54,1.387,0.048,0.897,3.712,0.018,1.809
5.55,1.782,0.049,0.909,3.565,0.019,1.835
5.56,1.585,0.050,0.921,3.453,0.019,1.858
5.57,1.637,0.048,0.929,3.256,0.021,1.880
5.58,1.867,0.048,0.941,3.438,0.022,1.904
5.59,1.893,0.049,0.956,3.468,0.022,1.927
5.60,1.891,0.049,0.968,3.488,0.023,1.951
5.61,1.578,0.048,0.977,3.402,0.024,1.974
5.62,1.656,0.049,0.988,3.504,0.025,1.998
5.63,1.582,0.048,0.998,3.237,0.025,2.019
5.64,1.539,0.048,1.007,2.935,0.024,2.037
5.65,1.465,0.047,1.015,3.647,0.024,2.062
5.66,1.537,0.047,1.025,3.410,0.024,2.083
5.67,1.511,0.048,1.035,3.255,0.024,2.105
5.68,2.036,0.049,1.050,3.589,0.025,2.129
5.69,1.820,0.049,1.062,3.461,0.025,2.152
5.70,1.620,0.048,1.071,3.601,0.026,2.178
5.71,1.629,0.046,1.080,3.326,0.026,2.198
5.72,1.576,0.047,1.090,3.429,0.026,2.221
5.73,1.739,0.047,1.102,3.351,0.025,2.242
5.74,1.568,0.048,1.112,3.301,0.025,2.263
5.75,1.605,0.049,1.123,3.598,0.025,2.287
5.76,1.747,0.047,1.133,3.476,0.025,2.309
5.77,1.678,0.049,1.145,3.362,0.024,2.330
5.78,1.420,0.051,1.155,3.804,0.026,2.356
5.79,1.675,0.051,1.165,3.269,0.027,2.378
5.80,1.583,0.049,1.173,3.383,0.027,2.400
5.81,1.795,0.050,1.185,3.250,0.027,2.419
5.82,1.703,0.050,1.195,3.562,0.028,2.442
5.83,1.733,0.048,1.204,3.543,0.027,2.464
5.84,1.426,0.048,1.212,3.357,0.026,2.484
5.85,1.664,0.047,1.221,3.230,0.025,2.502
5.86,1.511,0.045,1.228,3.577,0.026,2.526
5.87,1.487,0.047,1.238,3.121,0.027,2.545
5.88,1.822,0.047,1.249,3.102,0.027,2.562
5.89,1.728,0.047,1.260,3.621,0.026,2.583
5.90,1.638,0.047,1.269,3.273,0.026,2.603
5.91,1.719,0.049,1.282,3.290,0.028,2.623
5.92,1.689,0.048,1.290,3.305,0.027,2.642
5.93,1.494,0.046,1.296,3.462,0.027,2.663
5.94,1.661,0.047,1.307,3.275,0.028,2.682
5.95,1.724,0.047,1.316,3.466,0.029,2.703
5.96,1.730,0.045,1.325,3.754,0.027,2.725
5.97,1.799,0.044,1.335,3.625,0.027,2.747
5.98,1.637,0.043,1.343,3.516,0.029,2.769
5.99,1.643,0.043,1.352,3.293,0.028,2.786
6.00,1.610,0.044,1.361,3.527,0.029,2.807
6.01,1.455,0.045,1.369,3.635,0.028,2.828
6.02,1.730,0.044,1.378,3.456,0.027,2.846
6.03,1.792,0.043,1.388,3.142,0.027,2.862
6.04,1.675,0.045,1.398,3.481,0.028,2.882
6.05,1.817,0.044,1.409,3.453,0.027,2.900
6.06,1.865,0.043,1.419,3.468,0.026,2.919
6.07,1.871,0.044,1.431,3.486,0.026,2.938
6.08,1.859,0.044,1.442,3.315,0.026,2.956
6.09,1.805,0.042,1.450,3.746,0.026,2.977
6.10,1.916,0.042,1.462,3.334,0.025,2.993
6.11,1.678,0.043,1.471,3.333,0.025,3.009
6.12,1.472,0.044,1.478,3.529,0.024,3.027
6.13,1.667,0.045,1.487,3.564,0.025,3.047
6.14,1.518,0.045,1.494,3.460,0.026,3.065
6.15,1.568,0.044,1.500,3.462,0.025,3.082
6.16,1.234,0.044,1.503,3.568,0.024,3.100
6.17,1.582,0.043,1.509,3.307,0.025,3.116
6.18,1.610,0.045,1.518,3.243,0.026,3.132
6.19,1.670,0.043,1.525,3.621,0.026,3.150
6.20,1.948,0.042,1.535,3.422,0.026,3.167
6.21,1.610,0.044,1.543,3.283,0.026,3.181
6.22,1.896,0.044,1.554,3.448,0.025,3.197
6.24,1.385,0.044,1.558,3.404,0.025,3.213
6.25,1.675,0.045,1.567,3.469,0.025,3.229
6.26,1.493,0.046,1.574,3.230,0.024,3.241
6.27,1.607,0.047,1.582,3.629,0.021,3.256
6.28,1.726,0.047,1.589,3.718,0.021,3.274
6.29,1.848,0.046,1.597,3.523,0.022,3.291
6.30,1.731,0.048,1.607,3.360,0.021,3.305
6.31,1.626,0.047,1.613,3.639,0.020,3.321
6.32,1.827,0.046,1.620,3.640,0.019,3.337
6.32,1.448,0.047,1.626,3.510,0.020,3.353
6.33,1.933,0.048,1.637,3.475,0.021,3.369
6.35,1.856,0.048,1.645,3.354,0.023,3.384
6.36,1.741,0.048,1.653,3.410,0.023,3.398
6.37,1.663,0.048,1.660,3.348,0.021,3.408
6.38,1.669,0.048,1.666,3.181,0.022,3.421
6.39,1.425,0.049,1.670,3.733,0.023,3.438
6.40,1.783,0.048,1.677,3.310,0.024,3.451
6.40,1.461,0.049,1.681,3.477,0.024,3.465
6.42,1.449,0.052,1.688,3.210,0.025,3.475
6.43,1.680,0.051,1.693,3.575,0.026,3.491
6.44,1.825,0.054,1.704,3.334,0.025,3.502
6.45,1.587,0.055,1.710,3.006,0.026,3.509
6.46,1.379,0.055,1.713,3.508,0.027,3.524
6.47,1.880,0.056,1.722,3.746,0.027,3.540
6.48,1.560,0.055,1.725,3.257,0.027,3.550
6.49,1.911,0.056,1.734,3.495,0.028,3.563
6.50,1.667,0.057,1.741,3.665,0.027,3.576
6.51,1.666,0.056,1.745,3.428,0.026,3.587
6.52,1.586,0.057,1.750,3.488,0.023,3.596
6.53,1.581,0.056,1.754,3.275,0.023,3.605
6.54,1.833,0.058,1.762,3.707,0.025,3.622
6.55,1.667,0.057,1.766,3.784,0.026,3.638
6.56,1.567,0.056,1.770,3.127,0.027,3.646
6.57,1.914,0.057,1.778,3.570,0.026,3.657
6.58,1.675,0.056,1.783,3.505,0.025,3.669
6.59,1.465,0.058,1.787,3.353,0.024,3.677
6.60,1.739,0.058,1.793,3.190,0.024,3.684
6.61,1.689,0.058,1.797,3.341,0.018,3.687
6.62,1.761,0.060,1.805,3.649,0.016,3.698
6.63,1.734,0.060,1.810,3.430,0.016,3.707
6.64,1.670,0.063,1.818,3.483,0.010,3.712
6.65,1.890,0.064,1.826,3.480,0.005,3.716
6.66,1.563,0.070,1.834,3.366,-0.007,3.713
6.67,2.334,0.076,1.853,3.629,-0.028,3.704
6.68,1.241,0.079,1.855,3.719,-0.033,3.713
6.69,1.561,0.079,1.857,3.638,-0.037,3.721
6.70,1.411,0.078,1.857,3.645,-0.039,3.731
6.71,1.796,0.080,1.863,3.460,-0.043,3.736
6.72,1.599,0.080,1.867,3.269,-0.045,3.741
6.73,2.094,0.080,1.876,3.988,-0.048,3.754
6.74,2.085,0.081,1.885,4.004,-0.052,3.766
6.75,2.527,0.082,1.901,4.427,-0.056,3.785
6.76,2.470,0.088,1.920,3.474,-0.063,3.787
6.77,1.683,0.095,1.930,4.490,-0.072,3.801
6.78,2.605,0.099,1.948,3.895,-0.081,3.805
6.79,2.263,0.104,1.964,4.140,-0.090,3.814
6.80,1.716,0.110,1.972,4.084,-0.094,3.826
6.81,1.755,0.124,1.990,3.795,-0.102,3.830
6.82,2.060,0.139,2.012,2.921,-0.110,3.825
6.83,2.886,0.159,2.049,4.179,-0.127,3.826
6.84,2.021,0.179,2.075,6.698,-0.148,3.853
6.85,-0.637,0.202,2.069,1.003,-0.178,3.802
6.86,0.312,0.233,2.084,-0.823,-0.233,3.701
6.87,0.204,0.276,2.107,3.119,-0.335,3.606
6.88,2.079,0.307,2.144,3.130,-0.475,3.474
6.89,1.628,0.335,2.171,2.104,-0.708,3.240
6.90,0.022,0.400,2.213,3.738,-1.098,2.873
6.91,1.234,0.484,2.288,5.589,-1.621,2.404
6.92,2.622,0.492,2.307,5.929,-2.171,1.919
6.93,-0.353,0.440,2.227,8.136,-2.745,1.445
6.94,-1.605,0.382,2.126,8.734,-3.360,0.944
6.95,0.631,0.300,2.031,7.678,-3.979,0.433
6.96,3.429,0.236,1.991,5.568,-4.633,-0.131
6.97,3.545,0.178,1.958,4.738,-5.376,-0.788
6.98,3.109,0.128,1.928,5.458,-6.114,-1.421
6.99,1.298,0.080,1.878,6.665,-6.846,-2.024
7.00,1.129,0.073,1.867,8.122,-7.618,-2.639
7.01,2.026,0.083,1.884,7.584,-8.462,-3.324
7.02,4.091,0.111,1.945,9.530,-9.340,-4.007
7.03,2.733,0.152,2.001,10.693,-10.204,-4.653
7.04,1.724,0.201,2.051,13.149,-11.061,-5.249
7.05,1.913,0.235,2.088,15.143,-11.911,-5.804
7.06,0.706,0.271,2.111,14.420,-12.777,-6.376
7.07,2.356,0.304,2.152,15.412,-13.697,-6.979
7.08,0.678,0.341,2.175,17.183,-14.662,-7.594
7.09,1.412,0.377,2.207,15.980,-15.739,-8.322
7.10,4.242,0.391,2.251,13.538,-16.684,-8.943
7.11,3.717,0.447,2.330,11.947,-17.588,-9.534
7.12,2.963,0.526,2.423,15.328,-18.479,-10.059
7.13,2.047,0.626,2.521,23.325,-19.325,-10.429
7.14,0.505,0.697,2.570,25.092,-20.115,-10.713
7.15,1.375,0.738,2.601,24.645,-20.892,-10.982
7.16,2.056,0.767,2.627,22.302,-21.647,-11.255
7.17,2.428,0.803,2.666,21.307,-22.361,-11.493
7.18,2.827,0.839,2.708,22.439,-23.025,-11.662
7.19,2.590,0.888,2.760,21.202,-23.665,-11.819
7.20,2.279,0.961,2.831,23.789,-24.324,-11.956
7.21,1.363,1.045,2.900,25.136,-25.004,-12.091
7.22,1.761,1.121,2.965,26.899,-25.661,-12.177
7.23,2.122,1.177,3.014,26.368,-26.237,-12.185
7.24,3.068,1.221,3.063,25.653,-26.733,-12.121
7.25,3.025,1.268,3.113,25.250,-27.193,-12.024
7.26,3.482,1.330,3.185,23.786,-27.716,-11.999
7.27,2.000,1.421,3.264,24.826,-28.233,-11.959
7.28,2.027,1.544,3.374,29.266,-28.731,-11.840
7.29,2.399,1.631,3.452,33.204,-29.164,-11.605
7.30,2.757,1.653,3.469,35.962,-29.471,-11.210
7.31,3.125,1.633,3.448,33.086,-29.650,-10.726
7.32,2.392,1.621,3.428,31.261,-29.725,-10.166
7.33,2.411,1.612,3.410,29.775,-29.751,-9.582
7.34,2.657,1.624,3.416,27.255,-29.777,-9.035
7.35,2.360,1.654,3.436,26.146,-29.857,-8.559
7.36,2.387,1.713,3.485,28.573,-29.987,-8.105
7.37,2.239,1.758,3.517,29.153,-30.166,-7.695
7.38,2.037,1.791,3.534,30.220,-30.369,-7.297
7.39,2.763,1.808,3.544,30.304,-30.576,-6.905
7.40,2.398,1.816,3.541,31.134,-30.769,-6.489
7.41,2.409,1.826,3.540,30.726,-30.950,-6.070
7.42,2.460,1.835,3.538,31.593,-31.098,-5.610
7.43,2.467,1.838,3.531,32.864,-31.189,-5.080
7.44,2.687,1.834,3.520,32.015,-31.210,-4.496
7.45,2.226,1.835,3.507,30.000,-31.215,-3.927
7.46,2.172,1.851,3.509,29.357,-31.248,-3.399
7.47,2.457,1.869,3.516,30.580,-31.293,-2.870
7.48,2.238,1.882,3.515,30.617,-31.344,-2.353
7.49,2.698,1.884,3.510,30.813,-31.423,-1.864
7.50,2.439,1.892,3.507,30.319,-31.529,-1.412
7.51,2.404,1.897,3.500,30.809,-31.647,-0.969
7.52,2.221,1.897,3.486,30.206,-31.790,-0.562
7.53,2.161,1.901,3.475,30.737,-31.957,-0.175
7.54,2.564,1.909,3.474,31.778,-32.111,0.237
7.55,2.915,1.915,3.475,33.451,-32.192,0.739
7.56,2.369,1.905,3.454,34.188,-32.191,1.328
7.57,2.384,1.895,3.431,32.729,-32.128,1.953
7.58,2.324,1.889,3.414,30.803,-32.056,2.556
7.59,2.758,1.892,3.410,31.048,-32.007,3.135
7.60,2.726,1.891,3.402,30.626,-31.987,3.690
7.61,2.083,1.893,3.390,30.320,-32.014,4.175
7.62,2.742,1.894,3.384,31.214,-32.075,4.632
7.63,2.415,1.896,3.375,31.539,-32.145,5.081
7.64,2.725,1.897,3.369,31.219,-32.190,5.547
7.65,2.737,1.908,3.374,30.904,-32.216,6.023
7.66,2.511,1.923,3.379,31.658,-32.235,6.512
7.68,2.093,1.936,3.377,31.900,-32.257,6.997
7.68,3.136,1.952,3.392,30.901,-32.287,7.456
7.69,2.244,1.976,3.402,30.846,-32.327,7.900
7.70,2.347,2.007,3.420,31.087,-32.388,8.323
7.71,2.687,2.044,3.448,31.553,-32.458,8.738
7.73,2.336,2.076,3.467,32.469,-32.522,9.169
7.73,2.436,2.096,3.474,33.436,-32.560,9.634
7.74,2.395,2.105,3.471,32.756,-32.574,10.109
7.76,2.198,2.115,3.465,31.456,-32.595,10.556
7.77,2.865,2.126,3.469,30.866,-32.637,10.970
7.78,2.393,2.148,3.478,31.237,-32.705,11.380
7.79,2.087,2.164,3.476,32.975,-32.773,11.789
7.80,2.227,2.166,3.463,32.644,-32.836,12.194
7.81,2.600,2.162,3.448,33.717,-32.864,12.645
7.82,2.010,2.162,3.430,32.510,-32.848,13.119
7.83,2.699,2.164,3.423,33.265,-32.794,13.636
7.84,2.209,2.164,3.407,31.954,-32.714,14.155
7.85,2.628,2.166,3.399,31.147,-32.651,14.642
7.86,2.601,2.164,3.387,30.340,-32.635,15.067
7.87,2.376,2.167,3.378,30.121,-32.684,15.422
7.88,3.448,2.171,3.382,30.502,-32.768,15.742
7.89,2.532,2.201,3.401,30.484,-32.852,16.060
7.90,2.343,2.237,3.423,33.015,-32.916,16.427
7.91,2.183,2.260,3.430,33.844,-32.950,16.830
7.92,2.316,2.269,3.424,34.820,-32.942,17.285
7.93,2.180,2.271,3.409,32.603,-32.910,17.729
7.94,2.521,2.276,3.403,32.075,-32.870,18.170
7.95,2.537,2.277,3.392,31.875,-32.833,18.600
7.96,2.413,2.282,3.384,31.604,-32.813,19.005
7.97,2.210,2.281,3.367,31.194,-32.822,19.372
7.98,2.507,2.283,3.357,30.610,-32.873,19.687
7.99,2.709,2.311,3.375,28.437,-32.959,19.935
8.00,2.760,2.361,3.416,30.361,-33.075,20.176
8.01,2.347,2.420,3.460,33.252,-33.192,20.452
8.02,2.054,2.461,3.481,35.624,-33.261,20.802
8.03,2.178,2.475,3.477,34.638,-33.279,21.188
8.04,2.637,2.484,3.474,33.284,-33.268,21.580
8.05,2.220,2.491,3.463,33.232,-33.240,21.984
8.06,2.500,2.494,3.453,32.663,-33.202,22.386
8.07,2.434,2.499,3.443,32.669,-33.156,22.791
8.08,2.391,2.502,3.432,32.579,-33.118,23.183
8.09,2.348,2.501,3.415,32.033,-33.097,23.546
8.10,2.070,2.512,3.407,31.946,-33.100,23.881
8.11,2.390,2.518,3.398,32.054,-33.124,24.193
8.12,2.265,2.527,3.390,32.343,-33.160,24.516
8.13,2.679,2.534,3.386,32.534,-33.186,24.825
8.14,2.441,2.545,3.382,32.144,-33.198,25.139
8.15,2.538,2.555,3.379,32.169,-33.202,25.457
8.16,2.335,2.558,3.367,32.710,-33.201,25.785
8.17,2.332,2.559,3.353,32.354,-33.204,26.099
8.18,2.348,2.563,3.341,31.950,-33.220,26.392
8.19,2.947,2.567,3.338,32.483,-33.243,26.682
8.20,2.530,2.578,3.336,32.011,-33.279,26.950
8.21,2.614,2.595,3.341,32.168,-33.318,27.214
8.22,2.407,2.614,3.345,33.015,-33.338,27.504
8.23,2.753,2.626,3.347,32.948,-33.342,27.805
8.24,2.426,2.638,3.344,32.425,-33.333,28.109
8.25,2.506,2.645,3.338,32.925,-33.320,28.420
8.26,2.570,2.648,3.328,32.532,-33.311,28.718
8.27,2.282,2.654,3.318,32.487,-33.301,29.013
8.28,2.113,2.659,3.305,32.806,-33.306,29.294
8.29,2.208,2.659,3.287,32.213,-33.332,29.567
8.30,2.473,2.662,3.276,31.680,-33.391,29.773
8.31,2.654,2.666,3.269,32.304,-33.465,29.970
8.32,2.647,2.668,3.260,32.777,-33.525,30.184
8.33,2.439,2.673,3.251,32.840,-33.570,30.411
8.34,2.436,2.684,3.248,33.352,-33.594,30.664
8.35,2.429,2.691,3.241,33.843,-33.586,30.950
8.36,2.719,2.691,3.231,33.039,-33.560,31.241
8.37,2.306,2.689,3.214,32.547,-33.535,31.521
8.38,2.262,2.686,3.196,32.808,-33.516,31.794
8.39,2.457,2.686,3.182,32.305,-33.510,32.045
8.40,2.547,2.685,3.169,31.999,-33.524,32.269
8.41,2.838,2.689,3.166,32.793,-33.549,32.489
8.42,2.216,2.687,3.148,32.153,-33.586,32.687
8.43,2.629,2.705,3.155,30.490,-33.640,32.842
8.44,2.051,2.751,3.182,33.105,-33.695,33.029
8.45,1.992,2.776,3.189,35.709,-33.706,33.292
8.46,2.433,2.783,3.182,34.730,-33.676,33.578
8.47,2.281,2.786,3.168,32.635,-33.644,33.835
8.48,2.399,2.789,3.158,32.352,-33.631,34.067
8.49,2.811,2.793,3.153,31.625,-33.645,34.258
8.50,2.900,2.810,3.163,31.321,-33.686,34.417
8.51,2.735,2.841,3.183,30.950,-33.741,34.555
8.52,2.594,2.881,3.211,32.735,-33.805,34.705
8.53,1.948,2.905,3.214,34.549,-33.865,34.881
8.54,2.106,2.918,3.208,32.894,-33.917,35.041
8.55,2.343,2.937,3.212,32.568,-33.980,35.183
8.56,2.797,2.960,3.225,32.425,-34.068,35.297
8.57,2.669,2.994,3.247,31.851,-34.178,35.380
8.58,2.112,3.042,3.274,32.866,-34.308,35.455
8.59,2.332,3.092,3.307,35.000,-34.422,35.572
8.60,1.865,3.122,3.313,36.555,-34.492,35.752
8.61,2.691,3.134,3.313,35.302,-34.516,35.959
8.62,2.420,3.139,3.301,33.819,-34.519,36.164
8.63,2.621,3.143,3.290,34.037,-34.517,36.397
8.64,2.538,3.144,3.277,33.819,-34.514,36.602
8.65,2.714,3.144,3.265,34.010,-34.501,36.817
8.66,2.525,3.146,3.252,34.058,-34.470,37.046
8.67,2.042,3.150,3.235,32.581,-34.452,37.240
8.68,2.357,3.163,3.231,32.918,-34.463,37.407
8.69,2.267,3.171,3.222,32.887,-34.498,37.548
8.70,2.213,3.179,3.211,32.712,-34.569,37.648
8.71,2.667,3.188,3.207,32.496,-34.672,37.713
8.72,2.934,3.213,3.223,31.055,-34.809,37.723
8.73,2.951,3.260,3.261,33.753,-34.952,37.764
8.74,2.715,3.291,3.278,36.153,-35.056,37.872
8.75,2.533,3.305,3.277,36.111,-35.103,38.035
8.76,2.434,3.307,3.263,36.222,-35.105,38.240
8.77,2.696,3.309,3.252,34.329,-35.093,38.434
8.78,2.628,3.312,3.241,33.416,-35.091,38.601
8.79,2.677,3.314,3.229,32.821,-35.129,38.720
8.80,2.450,3.338,3.236,31.397,-35.235,38.772
8.81,2.357,3.372,3.253,33.259,-35.369,38.798
8.82,2.006,3.401,3.259,35.911,-35.485,38.875
8.83,1.646,3.413,3.245,36.225,-35.575,38.981
8.84,2.635,3.420,3.238,35.232,-35.627,39.111
8.85,2.650,3.430,3.233,34.978,-35.654,39.258
8.86,2.776,3.446,3.237,34.135,-35.682,39.392
8.87,2.559,3.466,3.241,34.457,-35.708,39.530
8.88,2.510,3.484,3.243,35.263,-35.736,39.675
8.89,2.232,3.498,3.237,36.799,-35.746,39.854
8.90,2.549,3.495,3.220,35.805,-35.718,40.056
8.91,2.094,3.498,3.202,35.217,-35.670,40.267
8.92,2.301,3.500,3.185,34.745,-35.627,40.464
8.93,2.245,3.488,3.154,34.675,-35.602,40.639
8.94,2.562,3.479,3.131,33.400,-35.602,40.770
8.95,2.649,3.478,3.117,32.522,-35.634,40.855
8.96,2.608,3.476,3.102,35.251,-35.674,40.967
8.97,2.373,3.470,3.079,35.434,-35.688,41.105
8.98,2.597,3.469,3.065,34.997,-35.676,41.260
8.99,2.418,3.469,3.050,35.501,-35.633,41.450
9.00,2.482,3.468,3.035,34.570,-35.584,41.631
9.01,2.617,3.471,3.025,34.004,-35.549,41.787
9.02,2.414,3.477,3.016,34.012,-35.532,41.924
9.03,2.550,3.476,3.002,34.192,-35.532,42.044
9.04,2.487,3.478,2.990,34.361,-35.543,42.152
9.05,2.322,3.479,2.975,34.865,-35.542,42.278
9.06,2.196,3.480,2.959,34.718,-35.540,42.400
9.07,2.838,3.485,2.955,35.162,-35.523,42.540
9.08,2.560,3.489,2.946,34.365,-35.492,42.682
9.09,2.488,3.495,2.939,34.431,-35.466,42.817
9.10,2.507,3.500,2.931,34.612,-35.437,42.955
9.11,2.273,3.499,2.915,34.157,-35.417,43.076
9.12,2.711,3.493,2.899,34.675,-35.408,43.190
9.13,3.113,3.487,2.888,33.893,-35.401,43.289
9.14,2.571,3.483,2.872,33.866,-35.413,43.389
9.16,2.617,3.480,2.858,34.298,-35.430,43.467
9.17,2.667,3.472,2.840,33.937,-35.450,43.535
9.18,2.644,3.476,2.835,34.187,-35.469,43.605
9.19,2.598,3.485,2.833,34.689,-35.480,43.688
9.19,2.155,3.508,2.840,34.021,-35.493,43.759
9.20,1.794,3.530,2.839,35.286,-35.508,43.843
9.22,2.520,3.528,2.826,35.674,-35.513,43.940
9.23,2.489,3.526,2.812,33.819,-35.521,44.008
9.24,2.700,3.526,2.803,34.255,-35.544,44.065
9.25,2.377,3.525,2.789,33.863,-35.580,44.102
9.26,2.502,3.530,2.783,34.319,-35.621,44.140
9.27,2.422,3.537,2.777,35.232,-35.645,44.205
9.28,2.389,3.544,2.771,35.237,-35.657,44.280
9.29,2.747,3.550,2.769,34.936,-35.662,44.356
9.30,2.291,3.555,2.759,34.745,-35.680,44.415
9.31,2.647,3.557,2.753,34.535,-35.713,44.456
9.32,2.370,3.559,2.741,34.850,-35.754,44.511
9.33,2.172,3.560,2.726,35.324,-35.788,44.558
9.34,2.300,3.561,2.714,34.906,-35.814,44.606
9.35,1.915,3.564,2.698,34.905,-35.836,44.657
9.36,2.521,3.566,2.690,35.543,-35.844,44.728
9.37,2.620,3.555,2.671,34.666,-35.854,44.784
9.38,2.256,3.558,2.660,34.099,-35.855,44.840
9.39,2.464,3.557,2.648,35.394,-35.839,44.928
9.40,2.650,3.553,2.637,35.554,-35.810,45.029
9.41,2.364,3.535,2.608,35.397,-35.774,45.133
9.42,2.685,3.517,2.582,34.011,-35.748,45.208
9.43,2.680,3.510,2.569,33.163,-35.733,45.258
9.44,2.500,3.509,2.559,34.807,-35.710,45.335
9.45,2.255,3.505,2.543,35.236,-35.680,45.424
9.46,2.713,3.494,2.526,34.021,-35.658,45.487
9.47,2.722,3.492,2.519,33.259,-35.653,45.521
9.48,2.509,3.490,2.509,34.097,-35.677,45.537
9.49,2.331,3.488,2.496,34.563,-35.710,45.548
9.50,2.733,3.485,2.489,34.932,-35.741,45.566
9.51,2.139,3.487,2.478,35.310,-35.758,45.601
9.52,2.242,3.489,2.469,35.575,-35.754,45.659
9.53,2.469,3.488,2.460,35.057,-35.733,45.726
9.54,2.309,3.492,2.454,34.666,-35.700,45.797
9.55,2.550,3.495,2.451,34.677,-35.667,45.867
9.56,2.433,3.499,2.446,34.681,-35.642,45.927
9.57,2.495,3.494,2.434,34.663,-35.626,45.976
9.58,2.491,3.485,2.417,33.716,-35.624,45.999
9.59,2.888,3.484,2.414,34.193,-35.634,46.013
9.60,2.697,3.486,2.412,34.495,-35.651,46.025
9.61,2.352,3.485,2.403,35.234,-35.669,46.043
9.62,2.769,3.484,2.398,34.806,-35.671,46.071
9.63,2.484,3.483,2.391,34.648,-35.663,46.105
9.64,2.718,3.482,2.386,34.750,-35.649,46.145
9.65,2.716,3.477,2.377,34.306,-35.643,46.170
9.66,2.673,3.475,2.371,34.091,-35.659,46.186
9.67,2.324,3.475,2.362,34.543,-35.680,46.186
9.68,2.536,3.483,2.364,34.960,-35.693,46.197
9.69,2.360,3.487,2.361,35.265,-35.692,46.226
9.70,2.544,3.488,2.356,35.545,-35.675,46.272
9.71,2.390,3.492,2.352,34.883,-35.650,46.316
9.72,2.802,3.489,2.348,34.774,-35.619,46.363
9.73,2.515,3.485,2.338,33.635,-35.618,46.365
9.74,2.081,3.483,2.325,33.999,-35.656,46.331
9.75,2.370,3.479,2.313,33.922,-35.713,46.277
9.76,2.657,3.480,2.311,32.873,-35.782,46.198
9.77,2.637,3.503,2.331,33.573,-35.862,46.117
9.78,2.138,3.530,2.347,36.225,-35.920,46.092
9.79,2.114,3.542,2.348,36.886,-35.937,46.116
9.80,1.994,3.545,2.339,35.373,-35.929,46.144
9.81,2.346,3.550,2.335,34.891,-35.915,46.171
9.82,2.449,3.547,2.327,34.849,-35.907,46.189
9.83,2.588,3.548,2.322,33.942,-35.927,46.182
9.84,2.625,3.544,2.315,34.182,-35.970,46.140
9.85,2.423,3.548,2.312,34.254,-36.022,46.089
9.86,2.599,3.566,2.326,34.010,-36.073,46.036
9.87,2.427,3.591,2.345,35.525,-36.101,46.024
9.88,2.173,3.607,2.350,36.615,-36.109,46.047
9.89,1.857,3.617,2.346,35.814,-36.103,46.072
9.90,2.256,3.622,2.342,35.580,-36.086,46.103
9.91,2.460,3.620,2.334,34.900,-36.081,46.112
9.92,2.269,3.619,2.324,34.406,-36.097,46.094
9.93,2.496,3.623,2.322,34.815,-36.125,46.067
9.94,2.492,3.626,2.319,34.486,-36.161,46.029
9.95,2.826,3.636,2.329,34.148,-36.191,45.991
9.96,2.933,3.664,2.356,34.056,-36.216,45.957
9.97,2.453,3.695,2.380,35.844,-36.228,45.958
9.98,2.081,3.713,2.387,36.064,-36.233,45.969
9.99,2.217,3.725,2.389,35.670,-36.240,45.972
10.00,2.881,3.728,2.391,34.893,-36.257,45.953
10.01,2.376,3.743,2.397,34.300,-36.291,45.910
10.02,2.384,3.762,2.408,34.822,-36.334,45.864
10.03,2.380,3.782,2.420,35.094,-36.378,45.820
10.04,2.232,3.801,2.429,37.124,-36.400,45.826
10.05,2.394,3.805,2.424,36.666,-36.397,45.848
10.06,2.518,3.807,2.420,35.536,-36.378,45.870
10.07,1.951,3.809,2.408,35.350,-36.350,45.898
10.08,2.492,3.809,2.401,35.434,-36.320,45.928
10.09,2.389,3.809,2.394,34.296,-36.304,45.927
10.10,2.451,3.811,2.388,34.261,-36.324,45.890
10.11,2.189,3.811,2.378,35.085,-36.365,45.843
10.12,2.348,3.807,2.367,35.859,-36.394,45.817
10.13,2.371,3.806,2.358,35.975,-36.408,45.808
10.14,2.434,3.807,2.352,36.096,-36.409,45.812
10.15,2.409,3.809,2.347,36.265,-36.384,45.843
10.16,2.634,3.811,2.345,35.170,-36.350,45.867
10.17,2.436,3.811,2.338,34.649,-36.341,45.872
10.18,2.570,3.812,2.335,34.435,-36.364,45.828
10.19,2.668,3.810,2.329,34.752,-36.411,45.765
10.20,2.461,3.808,2.322,35.489,-36.463,45.706
10.21,2.276,3.808,2.313,36.095,-36.487,45.683
10.22,1.882,3.808,2.300,36.010,-36.495,45.675
10.23,2.276,3.806,2.290,35.901,-36.483,45.684
10.24,2.599,3.809,2.289,35.786,-36.455,45.706
10.25,2.234,3.810,2.282,34.890,-36.434,45.708
10.26,3.153,3.812,2.288,35.277,-36.422,45.706
10.27,2.334,3.814,2.282,35.379,-36.410,45.704
10.28,2.131,3.815,2.274,35.266,-36.386,45.713
10.29,2.270,3.818,2.269,35.136,-36.367,45.713
10.30,2.275,3.816,2.260,35.518,-36.357,45.708
10.31,2.239,3.807,2.243,35.004,-36.350,45.694
10.32,2.133,3.805,2.232,34.883,-36.354,45.666
10.33,2.465,3.798,2.221,35.137,-36.369,45.631
10.34,2.422,3.795,2.212,35.090,-36.367,45.622
10.35,2.576,3.796,2.210,35.476,-36.351,45.620
10.36,2.616,3.795,2.207,35.651,-36.319,45.636
10.37,2.295,3.788,2.194,35.510,-36.282,45.653
10.38,2.539,3.782,2.184,34.557,-36.257,45.645
10.39,2.537,3.783,2.183,34.543,-36.247,45.621
10.40,2.629,3.781,2.180,34.932,-36.250,45.590
10.41,2.334,3.781,2.174,34.583,-36.257,45.549
10.42,2.496,3.784,2.174,35.417,-36.259,45.524
10.43,2.448,3.785,2.171,35.102,-36.255,45.500
10.44,2.420,3.785,2.167,35.467,-36.245,45.487
10.45,2.476,3.781,2.160,35.135,-36.231,45.472
10.46,2.555,3.777,2.154,34.492,-36.233,45.433
10.47,2.701,3.777,2.154,34.625,-36.240,45.390
10.48,2.683,3.775,2.152,35.382,-36.243,45.360
10.49,2.370,3.775,2.147,35.195,-36.244,45.330
10.50,2.686,3.774,2.147,34.878,-36.249,45.291
10.51,2.770,3.776,2.149,35.080,-36.257,45.252
10.52,2.499,3.776,2.147,35.455,-36.259,45.224
10.53,2.711,3.778,2.149,35.189,-36.252,45.200
10.54,2.432,3.779,2.147,35.141,-36.248,45.173
10.55,2.411,3.780,2.145,35.756,-36.240,45.156
10.56,2.454,3.776,2.138,35.234,-36.228,45.137
10.57,2.449,3.770,2.129,35.001,-36.224,45.106
10.58,2.508,3.764,2.121,34.149,-36.239,45.045
10.59,2.381,3.766,2.120,34.949,-36.261,44.987
10.60,2.497,3.766,2.118,35.850,-36.264,44.960
10.61,2.645,3.761,2.113,36.227,-36.228,44.976
10.62,2.455,3.755,2.105,35.607,-36.154,45.021
10.63,2.194,3.748,2.092,35.355,-36.053,45.087
10.64,2.187,3.749,2.088,34.917,-35.958,45.140
10.65,3.149,3.750,2.096,34.298,-35.874,45.174
10.66,2.499,3.749,2.094,33.619,-35.824,45.162
10.67,2.679,3.751,2.097,33.477,-35.826,45.098
10.69,2.223,3.757,2.097,34.045,-35.861,45.016
10.70,2.491,3.764,2.102,34.892,-35.885,44.948
10.70,2.485,3.772,2.109,35.423,-35.886,44.909
10.72,1.975,3.779,2.107,35.530,-35.871,44.888
10.73,2.324,3.779,2.103,34.753,-35.855,44.857
10.74,2.408,3.776,2.098,33.162,-35.869,44.775
10.75,2.771,3.791,2.115,33.362,-35.927,44.653
10.76,2.658,3.808,2.133,34.290,-36.004,44.525
10.77,2.413,3.831,2.153,35.393,-36.081,44.412
10.78,2.297,3.839,2.156,36.926,-36.131,44.347
10.79,2.600,3.837,2.154,35.424,-36.149,44.294
10.80,2.239,3.843,2.154,34.946,-36.162,44.240
10.81,2.490,3.846,2.156,35.554,-36.166,44.202
10.82,2.873,3.847,2.159,34.863,-36.174,44.152
10.83,2.614,3.846,2.159,34.716,-36.193,44.088
10.84,2.662,3.844,2.157,34.135,-36.234,43.995
10.85,2.356,3.852,2.161,34.493,-36.288,43.894
10.86,2.612,3.862,2.171,35.532,-36.347,43.811
10.87,2.422,3.876,2.181,35.725,-36.384,43.744
10.88,2.014,3.882,2.179,37.095,-36.396,43.721
10.89,2.295,3.883,2.175,36.190,-36.375,43.718
10.90,2.537,3.885,2.176,35.721,-36.331,43.731
10.91,2.185,3.886,2.171,35.489,-36.285,43.742
10.92,2.729,3.868,2.154,34.597,-36.257,43.722
10.93,2.468,3.866,2.151,32.960,-36.277,43.635
10.94,2.488,3.867,2.150,34.549,-36.322,43.542
10.95,2.200,3.869,2.147,35.653,-36.363,43.469
10.96,2.413,3.866,2.142,35.922,-36.381,43.423
10.97,1.930,3.869,2.135,35.683,-36.378,43.394
10.98,2.551,3.870,2.136,35.397,-36.352,43.384
10.99,2.406,3.870,2.134,34.393,-36.334,43.352
11.00,2.460,3.868,2.130,34.238,-36.346,43.288
11.01,2.248,3.864,2.122,34.176,-36.399,43.184
11.02,2.624,3.859,2.118,34.719,-36.477,43.063
11.03,2.353,3.866,2.122,34.057,-36.557,42.932
11.04,2.214,3.889,2.140,35.355,-36.628,42.827
11.05,2.285,3.909,2.155,36.533,-36.682,42.756
11.06,2.391,3.921,2.165,37.931,-36.695,42.744
11.07,2.335,3.917,2.157,36.839,-36.670,42.755
11.08,2.345,3.918,2.155,35.677,-36.635,42.760
11.09,2.167,3.919,2.151,35.015,-36.605,42.751
11.10,2.766,3.918,2.152,34.698,-36.599,42.713
11.11,2.473,3.922,2.154,35.170,-36.615,42.660
11.12,2.793,3.921,2.156,35.789,-36.633,42.613
11.13,1.987,3.919,2.146,34.436,-36.679,42.521
11.14,3.447,3.923,2.162,35.558,-36.709,42.460
11.15,2.409,3.940,2.176,34.621,-36.731,42.394
11.16,2.637,3.958,2.194,37.150,-36.746,42.370
11.17,2.514,3.964,2.199,37.440,-36.730,42.380
11.18,2.546,3.964,2.198,35.755,-36.706,42.375
11.19,2.086,3.963,2.190,34.930,-36.697,42.343
11.20,2.490,3.964,2.189,35.312,-36.709,42.302
11.21,2.241,3.966,2.186,35.463,-36.725,42.252
11.22,2.506,3.970,2.189,35.737,-36.735,42.213
11.23,1.995,3.971,2.182,36.048,-36.726,42.196
11.24,2.459,3.970,2.179,35.692,-36.699,42.193
11.25,2.743,3.972,2.183,35.851,-36.654,42.208
11.26,1.939,3.980,2.182,34.953,-36.616,42.204
11.27,2.603,3.981,2.184,35.746,-36.580,42.208
11.28,2.386,3.984,2.184,34.612,-36.556,42.184
11.29,2.507,3.985,2.184,34.786,-36.553,42.143
11.30,2.196,3.986,2.180,35.054,-36.566,42.089
11.31,2.961,3.987,2.186,35.746,-36.577,42.046
11.32,2.510,3.990,2.188,36.145,-36.576,42.021
11.33,2.381,3.988,2.183,35.889,-36.555,42.011
11.34,2.335,3.985,2.177,36.115,-36.518,42.020
11.35,1.878,3.975,2.158,35.787,-36.481,42.024
11.36,2.442,3.959,2.140,34.238,-36.461,41.990
11.37,2.731,3.962,2.146,33.099,-36.486,41.901
11.38,2.568,3.964,2.149,35.300,-36.534,41.815
11.39,2.417,3.965,2.147,35.568,-36.582,41.732
11.40,2.201,3.968,2.147,35.909,-36.610,41.675
11.41,2.046,3.970,2.142,36.385,-36.614,41.648
11.42,2.290,3.973,2.141,35.930,-36.607,41.625
11.43,2.453,3.975,2.143,35.766,-36.593,41.608
11.44,2.730,3.976,2.146,35.585,-36.580,41.585
11.45,2.215,3.978,2.144,35.429,-36.572,41.557
11.46,2.559,3.980,2.146,35.692,-36.565,41.531
11.47,2.396,3.975,2.140,35.274,-36.575,41.482
11.48,2.380,3.968,2.131,35.372,-36.593,41.428
11.49,2.002,3.957,2.113,35.482,-36.614,41.371
11.50,2.581,3.952,2.110,35.770,-36.636,41.318
11.51,2.598,3.949,2.109,34.871,-36.663,41.249
11.52,2.302,3.950,2.107,35.396,-36.679,41.197
11.53,2.218,3.946,2.100,35.981,-36.677,41.171
11.54,2.173,3.948,2.098,36.222,-36.658,41.165
11.55,2.341,3.949,2.098,34.623,-36.654,41.123
11.56,2.864,3.953,2.107,34.982,-36.672,41.064
11.57,2.348,3.954,2.106,35.268,-36.701,40.998
11.58,2.265,3.957,2.106,35.338,-36.741,40.923
11.59,2.566,3.962,2.112,35.929,-36.772,40.865
11.60,2.193,3.965,2.111,36.125,-36.783,40.829
11.61,2.444,3.970,2.116,36.200,-36.781,40.809
11.62,2.748,3.974,2.124,35.815,-36.768,40.793
11.63,2.636,3.975,2.127,35.353,-36.753,40.773
11.64,2.652,3.974,2.129,35.213,-36.741,40.748
11.65,2.822,3.973,2.132,35.137,-36.744,40.707
11.66,2.643,3.968,2.129,35.176,-36.765,40.649
11.67,2.471,3.965,2.126,35.428,-36.801,40.580
11.68,2.407,3.964,2.125,36.236,-36.838,40.521
11.69,2.177,3.962,2.119,35.842,-36.866,40.466
11.70,2.167,3.963,2.116,36.060,-36.888,40.421
11.71,1.930,3.961,2.107,36.451,-36.887,40.406
11.72,2.167,3.960,2.102,35.235,-36.881,40.377
11.73,2.383,3.957,2.099,35.289,-36.882,40.342
11.74,2.473,3.958,2.101,35.560,-36.886,40.308
11.75,2.282,3.960,2.100,35.661,-36.892,40.274
11.76,2.460,3.960,2.101,36.094,-36.893,40.249
11.77,2.158,3.959,2.096,35.638,-36.890,40.223
11.78,2.596,3.958,2.097,35.675,-36.890,40.194
11.79,2.761,3.955,2.099,35.624,-36.888,40.167
11.80,2.764,3.953,2.102,35.551,-36.886,40.139
11.81,2.802,3.956,2.110,35.306,-36.886,40.105
11.82,2.385,3.968,2.121,35.347,-36.890,40.068
11.83,1.899,3.978,2.124,36.606,-36.898,40.044
11.84,2.433,3.984,2.130,36.245,-36.898,40.024
11.85,2.406,3.986,2.131,35.974,-36.888,40.009
11.86,2.254,3.990,2.133,35.286,-36.883,39.980
11.87,2.525,3.989,2.133,35.416,-36.894,39.937
11.88,2.374,3.990,2.133,35.414,-36.913,39.890
11.89,2.690,3.995,2.141,35.402,-36.926,39.845
11.90,2.711,4.006,2.155,36.104,-36.922,39.827
11.91,2.176,4.008,2.153,36.447,-36.899,39.832
11.92,2.507,3.999,2.145,35.746,-36.869,39.835
11.93,2.650,4.002,2.151,34.662,-36.866,39.796
11.94,2.584,3.998,2.149,35.703,-36.877,39.757
11.95,2.665,3.996,2.150,35.588,-36.891,39.714
11.96,2.467,3.999,2.154,35.064,-36.920,39.649
11.97,2.600,4.000,2.156,36.154,-36.943,39.606
11.98,2.675,3.998,2.158,35.846,-36.954,39.569
11.99,2.164,3.997,2.154,35.844,-36.960,39.539
12.00,2.485,3.997,2.153,36.409,-36.950,39.532
12.01,2.481,3.997,2.155,35.427,-36.939,39.513
12.02,2.391,3.999,2.156,35.864,-36.940,39.487
12.03,2.416,3.999,2.156,35.619,-36.938,39.461
12.04,2.285,4.001,2.156,35.280,-36.943,39.424
12.05,2.740,4.000,2.159,36.005,-36.950,39.395
12.06,2.445,3.999,2.158,36.018,-36.945,39.377
12.07,2.518,4.000,2.161,35.460,-36.938,39.355
12.09,2.153,4.004,2.161,35.660,-36.936,39.331
12.10,2.779,4.002,2.164,35.454,-36.940,39.297
12.10,2.538,4.002,2.166,35.252,-36.967,39.238
12.11,2.627,4.004,2.170,36.130,-37.000,39.186
12.12,2.853,4.003,2.175,36.628,-37.012,39.161
12.14,2.178,4.003,2.171,36.108,-37.000,39.153
12.14,2.783,4.004,2.177,36.690,-36.960,39.180
12.15,2.237,4.005,2.176,35.697,-36.914,39.200
12.16,2.372,4.007,2.176,34.551,-36.890,39.183
12.18,2.492,4.007,2.177,34.613,-36.905,39.126
12.18,2.173,4.007,2.174,35.440,-36.937,39.066
12.19,2.344,4.005,2.171,35.934,-36.962,39.019
12.20,2.650,4.006,2.175,36.738,-36.966,39.004
12.21,2.227,4.003,2.170,35.851,-36.954,38.992
12.23,2.537,4.002,2.170,36.229,-36.925,39.004
12.24,2.617,4.002,2.173,35.983,-36.896,39.011
12.25,2.748,4.002,2.177,35.815,-36.871,39.011
12.26,2.434,4.002,2.178,35.245,-36.859,38.991
12.27,2.377,4.002,2.177,35.030,-36.863,38.953
12.28,2.317,4.000,2.175,35.291,-36.877,38.907
12.29,2.125,4.002,2.173,35.321,-36.900,38.854
12.30,2.378,4.002,2.172,35.851,-36.927,38.804
12.31,2.167,4.002,2.169,35.981,-36.945,38.765
12.32,2.392,4.002,2.169,36.481,-36.940,38.756
12.33,2.057,4.003,2.166,36.024,-36.914,38.762
12.34,2.833,4.001,2.170,36.285,-36.874,38.783
12.35,2.648,4.000,2.172,35.329,-36.834,38.793
12.36,2.371,4.004,2.175,35.238,-36.813,38.782
12.37,2.482,4.005,2.178,35.262,-36.810,38.753
12.38,2.608,4.006,2.181,35.624,-36.816,38.721
12.39,2.192,4.009,2.182,35.622,-36.825,38.685
12.40,2.569,4.007,2.182,35.743,-36.828,38.659
12.41,2.503,4.008,2.184,36.382,-36.813,38.657
12.42,2.456,4.011,2.188,35.828,-36.788,38.658
12.43,2.498,4.009,2.187,35.391,-36.761,38.655
12.44,2.261,4.008,2.184,35.254,-36.747,38.638
12.45,2.546,4.006,2.184,35.174,-36.743,38.609
12.46,2.310,4.006,2.184,34.975,-36.744,38.573
12.47,2.538,4.002,2.181,35.245,-36.754,38.531
12.48,2.370,4.002,2.181,35.741,-36.771,38.490
12.49,2.193,4.000,2.177,35.778,-36.777,38.460
12.50,2.383,4.005,2.181,35.070,-36.784,38.420
12.51,2.577,4.003,2.183,35.788,-36.788,38.393
12.52,2.487,4.003,2.184,35.709,-36.792,38.365
12.53,2.200,4.005,2.183,35.825,-36.797,38.337
12.54,2.517,4.004,2.184,35.942,-36.789,38.325
12.55,2.339,4.006,2.185,35.647,-36.784,38.305
12.56,2.318,4.005,2.184,36.343,-36.770,38.303
12.57,2.383,4.010,2.188,35.681,-36.758,38.291
12.58,2.430,4.006,2.186,36.258,-36.751,38.281
12.59,2.437,3.992,2.172,36.312,-36.741,38.276
12.60,2.541,3.976,2.159,34.729,-36.742,38.238
12.61,2.639,3.974,2.161,33.855,-36.760,38.171
12.62,2.577,3.976,2.166,35.434,-36.789,38.116
12.63,2.812,3.972,2.168,35.922,-36.802,38.084
12.64,2.604,3.975,2.174,35.707,-36.806,38.057
12.65,2.554,3.974,2.176,35.702,-36.795,38.045
12.66,2.579,3.975,2.180,35.676,-36.788,38.029
12.67,2.449,3.974,2.180,35.329,-36.789,38.001
12.68,2.350,3.974,2.180,35.178,-36.798,37.963
12.69,2.059,3.974,2.177,35.772,-36.809,37.932
12.70,2.486,3.973,2.178,35.659,-36.812,37.907
12.71,2.570,3.973,2.181,35.242,-36.822,37.869
12.72,2.772,3.972,2.185,36.025,-36.829,37.845
12.73,2.691,3.969,2.187,35.329,-36.837,37.811
12.74,2.548,3.971,2.192,35.776,-36.839,37.790
12.75,2.525,3.975,2.198,35.967,-36.836,37.776
12.76,2.508,3.976,2.201,36.023,-36.820,37.775
12.77,2.220,3.979,2.202,36.016,-36.802,37.776
12.78,2.030,3.979,2.197,35.141,-36.789,37.761
12.79,2.221,3.980,2.197,35.141,-36.792,37.730
12.80,2.460,3.979,2.197,35.706,-36.803,37.698
12.81,2.699,3.977,2.200,35.246,-36.820,37.655
12.82,2.275,3.978,2.200,36.267,-36.833,37.630
12.83,2.355,3.974,2.196,36.255,-36.827,37.623
12.84,2.195,3.974,2.194,35.044,-36.821,37.600
12.85,2.453,3.976,2.198,35.406,-36.825,37.573
12.86,2.655,3.975,2.201,35.571,-36.829,37.547
12.87,2.540,3.975,2.203,35.760,-36.836,37.522
12.88,2.622,3.975,2.207,35.632,-36.843,37.495
12.89,2.471,3.978,2.212,36.010,-36.843,37.480
12.90,2.679,3.980,2.218,36.162,-36.824,37.486
12.91,2.419,3.981,2.219,35.685,-36.790,37.501
12.92,2.685,3.982,2.225,35.422,-36.769,37.498
12.93,2.567,3.979,2.224,35.759,-36.754,37.494
12.94,2.439,3.976,2.223,35.408,-36.753,37.472
12.95,2.326,3.972,2.219,34.480,-36.777,37.413
12.96,2.577,3.974,2.224,35.074,-36.819,37.344
12.97,2.656,3.967,2.221,35.562,-36.866,37.278
12.98,2.810,3.968,2.228,35.653,-36.895,37.231
12.99,2.434,3.979,2.240,35.974,-36.901,37.212
13.00,2.269,3.985,2.245,37.534,-36.881,37.239
13.01,2.352,3.987,2.247,35.762,-36.843,37.260
13.02,2.338,3.990,2.250,35.227,-36.816,37.263
13.03,2.760,3.995,2.259,35.840,-36.796,37.266
13.04,2.225,3.993,2.256,34.794,-36.793,37.240
13.05,2.647,3.995,2.261,35.484,-36.805,37.207
13.06,2.314,3.993,2.259,36.010,-36.809,37.190
13.07,2.451,3.991,2.258,35.754,-36.806,37.176
13.08,2.754,3.992,2.264,35.611,-36.799,37.165
13.09,2.354,3.989,2.261,35.992,-36.778,37.172
13.10,2.812,3.989,2.266,35.347,-36.765,37.163
13.11,2.517,3.993,2.273,35.006,-36.774,37.128
13.12,2.350,3.994,2.273,35.448,-36.789,37.092
13.13,2.410,3.995,2.274,34.766,-36.821,37.032
13.14,2.588,4.005,2.287,35.642,-36.850,36.986
13.15,2.320,4.009,2.291,35.783,-36.866,36.956
13.16,2.451,4.021,2.302,36.499,-36.869,36.949
13.17,2.494,4.025,2.308,36.820,-36.845,36.971
13.18,2.359,4.027,2.309,36.362,-36.798,37.011
13.19,2.195,4.025,2.304,35.408,-36.753,37.035
13.20,2.724,4.028,2.312,34.753,-36.733,37.026
13.21,2.273,4.031,2.313,34.375,-36.744,36.981
13.22,2.276,4.032,2.312,35.504,-36.771,36.936
13.23,2.448,4.032,2.313,35.937,-36.787,36.907
13.24,2.223,4.032,2.310,35.919,-36.789,36.893
13.25,2.229,4.032,2.308,36.690,-36.752,36.927
13.26,2.364,4.035,2.310,35.149,-36.704,36.951
13.27,2.498,4.039,2.315,34.684,-36.685,36.940
13.28,2.351,4.042,2.317,34.654,-36.701,36.895
13.29,2.588,4.042,2.320,35.180,-36.739,36.834
13.30,2.385,4.042,2.320,36.021,-36.769,36.793
13.31,2.306,4.040,2.317,36.072,-36.786,36.767
13.32,2.536,4.041,2.319,36.332,-36.780,36.767
13.33,2.695,4.040,2.322,36.039,-36.755,36.782
13.34,2.369,4.043,2.325,35.509,-36.732,36.787
13.35,2.540,4.046,2.329,35.524,-36.723,36.778
13.36,2.266,4.048,2.329,34.607,-36.737,36.736
13.37,2.403,4.047,2.328,34.819,-36.776,36.671
13.38,2.213,4.044,2.322,35.097,-36.831,36.595
13.39,2.582,4.041,2.321,35.999,-36.884,36.533
13.40,2.451,4.039,2.320,35.890,-36.924,36.485
13.41,2.317,4.037,2.317,36.606,-36.941,36.469
13.42,2.242,4.034,2.312,35.965,-36.945,36.457
13.43,2.774,4.041,2.323,36.115,-36.941,36.455
13.44,2.367,4.043,2.325,36.368,-36.918,36.475
13.46,2.585,4.045,2.330,35.561,-36.899,36.480
13.47,2.405,4.046,2.330,35.532,-36.887,36.478
13.47,2.588,4.047,2.333,35.765,-36.879,36.475
13.48,2.058,4.048,2.329,35.097,-36.886,36.449
13.49,2.495,4.049,2.332,35.723,-36.903,36.422
13.50,2.782,4.050,2.338,35.740,-36.910,36.404
13.51,2.607,4.048,2.338,35.837,-36.905,36.400
13.52,2.136,4.046,2.333,36.058,-36.885,36.413
13.53,2.510,4.046,2.335,35.858,-36.861,36.427
13.55,2.692,4.042,2.334,35.047,-36.855,36.413
13.55,2.449,4.041,2.334,34.969,-36.875,36.373
13.56,2.771,4.040,2.338,35.228,-36.919,36.313
13.57,2.326,4.039,2.335,35.670,-36.965,36.257
13.59,2.579,4.042,2.341,35.452,-37.012,36.197
13.59,2.566,4.052,2.353,35.667,-37.050,36.151
13.60,2.727,4.065,2.369,36.748,-37.061,36.145
13.62,2.256,4.072,2.374,37.444,-37.037,36.185
13.63,2.545,4.075,2.378,35.769,-36.998,36.216
13.64,2.698,4.080,2.386,35.762,-36.974,36.231
13.64,2.461,4.083,2.389,35.160,-36.974,36.215
13.66,2.448,4.086,2.392,35.797,-36.998,36.184
13.66,2.363,4.090,2.395,35.816,-37.025,36.149
13.68,2.562,4.092,2.398,36.113,-37.048,36.124
13.68,2.372,4.088,2.394,36.425,-37.061,36.113
13.69,2.431,4.085,2.390,36.135,-37.061,36.111
13.71,2.299,4.084,2.387,35.836,-37.053,36.113
13.72,2.598,4.083,2.388,35.893,-37.031,36.130
13.72,2.213,4.083,2.385,35.405,-37.010,36.138
13.73,2.434,4.083,2.385,35.332,-37.007,36.129
13.75,2.638,4.084,2.389,35.460,-37.017,36.108
13.76,2.742,4.085,2.393,35.391,-37.034,36.079
13.77,2.454,4.084,2.392,35.662,-37.058,36.047
13.78,2.357,4.079,2.386,36.024,-37.074,36.028
13.79,2.777,4.082,2.393,35.393,-37.081,36.011
13.80,2.522,4.095,2.407,35.528,-37.078,36.005
13.81,2.359,4.110,2.421,37.119,-37.065,36.030
13.82,1.979,4.111,2.415,36.856,-37.030,36.072
13.83,2.368,4.111,2.414,35.454,-36.995,36.096
13.84,2.524,4.117,2.420,35.390,-36.982,36.097
13.85,2.269,4.117,2.418,35.266,-36.992,36.074
13.86,2.708,4.117,2.421,35.016,-37.024,36.026
13.87,2.915,4.114,2.423,35.566,-37.066,35.975
13.88,2.258,4.109,2.416,36.058,-37.105,35.935
13.89,2.728,4.111,2.421,36.205,-37.113,35.928
13.90,2.420,4.121,2.430,36.548,-37.096,35.950
13.91,2.668,4.125,2.437,37.023,-37.052,36.006
13.92,2.260,4.131,2.440,35.658,-37.002,36.047
13.93,1.998,4.135,2.437,35.289,-36.982,36.055
13.94,2.657,4.135,2.439,35.373,-37.000,36.025
13.95,2.365,4.133,2.435,35.350,-37.033,35.981
13.96,2.488,4.130,2.432,36.129,-37.057,35.956
13.97,2.586,4.127,2.430,36.814,-37.053,35.969
13.98,2.734,4.127,2.434,36.815,-37.011,36.019
13.99,2.588,4.131,2.439,36.375,-36.944,36.087
14.00,2.387,4.133,2.440,36.162,-36.866,36.163
14.01,2.790,4.126,2.436,36.103,-36.799,36.225
14.02,2.603,4.109,2.422,34.305,-36.773,36.223
14.03,2.533,4.107,2.421,33.172,-36.804,36.149
14.04,2.568,4.108,2.423,35.102,-36.873,36.064
14.05,2.424,4.106,2.420,36.351,-36.927,36.012
14.06,2.857,4.101,2.421,35.928,-36.960,35.975
14.07,2.244,4.105,2.422,36.122,-36.969,35.965
14.08,2.453,4.105,2.421,36.924,-36.945,35.998
14.09,2.426,4.103,2.419,36.218,-36.911,36.032
14.10,2.573,4.103,2.421,34.889,-36.895,36.030
14.11,2.642,4.106,2.425,34.758,-36.901,36.004
14.12,2.554,4.106,2.427,35.614,-36.916,35.981
14.13,2.402,4.110,2.430,35.469,-36.941,35.946
14.14,2.546,4.109,2.430,35.659,-36.967,35.913
14.15,2.307,4.104,2.422,35.660,-36.992,35.882
14.16,2.446,4.102,2.421,36.084,-37.015,35.860
14.17,2.551,4.102,2.421,35.234,-37.031,35.832
14.18,2.908,4.119,2.445,34.252,-37.051,35.788
14.19,2.199,4.147,2.468,35.894,-37.074,35.763
14.20,2.171,4.161,2.477,37.154,-37.091,35.762
14.21,2.400,4.163,2.478,37.346,-37.091,35.779
14.22,2.329,4.161,2.473,36.191,-37.072,35.800
14.23,2.741,4.161,2.476,35.975,-37.048,35.823
14.24,2.369,4.164,2.478,35.327,-37.033,35.828
14.25,2.393,4.165,2.477,35.858,-37.036,35.823
14.26,2.137,4.168,2.475,36.156,-37.044,35.816
14.27,2.283,4.169,2.472,36.975,-37.033,35.839
14.28,2.283,4.159,2.460,36.654,-36.994,35.885
14.29,2.249,4.147,2.444,35.986,-36.951,35.925
14.30,2.164,4.142,2.435,35.871,-36.918,35.955
14.31,2.586,4.130,2.425,35.636,-36.885,35.979
14.32,2.467,4.119,2.414,35.031,-36.864,35.985
14.33,2.441,4.110,2.405,34.230,-36.861,35.961
14.34,2.821,4.109,2.409,35.111,-36.876,35.933
14.35,2.314,4.107,2.404,36.001,-36.889,35.917
14.36,3.047,4.105,2.411,35.385,-36.900,35.896
14.37,2.761,4.108,2.417,35.874,-36.899,35.893
14.38,2.517,4.108,2.418,35.741,-36.888,35.899
14.39,2.398,4.108,2.417,35.771,-36.878,35.904
14.40,2.792,4.107,2.420,35.373,-36.875,35.897
14.41,2.315,4.104,2.416,35.109,-36.886,35.872
14.42,2.324,4.106,2.416,35.777,-36.906,35.848
14.43,2.779,4.106,2.420,36.471,-36.916,35.842
14.44,2.327,4.105,2.418,35.586,-36.922,35.830
14.45,2.483,4.106,2.419,36.416,-36.908,35.848
14.46,2.451,4.108,2.421,36.062,-36.880,35.875
14.47,2.453,4.108,2.421,35.457,-36.853,35.893
14.48,2.710,4.104,2.421,35.550,-36.837,35.900
14.50,2.516,4.105,2.422,35.558,-36.839,35.891
14.50,2.211,4.106,2.420,35.570,-36.844,35.878
14.51,2.349,4.111,2.423,35.970,-36.842,35.877
14.52,2.373,4.108,2.420,36.114,-36.823,35.896
14.53,2.556,4.102,2.414,36.048,-36.797,35.921
14.54,2.802,4.089,2.407,34.552,-36.780,35.915
14.55,2.344,4.088,2.404,34.676,-36.792,35.884
14.56,2.208,4.088,2.401,35.274,-36.823,35.842
14.57,2.410,4.087,2.400,36.149,-36.851,35.815
14.58,2.583,4.090,2.405,35.905,-36.871,35.793
14.59,2.463,4.088,2.403,35.541,-36.889,35.768
14.60,2.464,4.090,2.406,35.767,-36.914,35.739
14.61,2.597,4.090,2.407,36.449,-36.925,35.734
14.62,2.452,4.087,2.405,35.737,-36.922,35.734
14.63,2.618,4.087,2.407,36.036,-36.906,35.749
14.64,2.356,4.085,2.404,36.008,-36.878,35.777
14.65,2.712,4.084,2.406,35.016,-36.867,35.774
14.66,2.764,4.086,2.413,35.481,-36.875,35.759
14.67,2.165,4.085,2.408,34.954,-36.900,35.720
14.68,2.549,4.087,2.412,35.653,-36.939,35.678
14.69,2.218,4.097,2.419,35.935,-36.968,35.648
14.70,2.645,4.103,2.427,36.442,-36.981,35.643
14.71,2.213,4.109,2.430,36.724,-36.975,35.659
14.72,2.452,4.106,2.427,35.404,-36.970,35.657
14.73,2.886,4.109,2.436,35.576,-36.970,35.652
14.74,2.130,4.116,2.438,35.578,-36.969,35.649
14.75,2.468,4.121,2.443,36.215,-36.972,35.650
14.76,2.341,4.122,2.442,35.512,-36.988,35.629
14.77,2.685,4.121,2.445,35.356,-37.025,35.585
14.78,2.007,4.124,2.442,35.411,-37.068,35.537
14.79,2.251,4.131,2.445,35.716,-37.106,35.498
14.80,2.657,4.138,2.455,36.264,-37.113,35.497
14.81,2.518,4.152,2.469,36.559,-37.116,35.505
14.82,2.741,4.155,2.475,36.251,-37.111,35.516
14.83,2.289,4.161,2.478,36.071,-37.102,35.529
14.84,2.096,4.165,2.477,36.382,-37.099,35.540
14.85,2.592,4.165,2.478,35.701,-37.096,35.542
14.86,2.324,4.167,2.477,35.874,-37.088,35.551
14.87,2.926,4.165,2.481,35.379,-37.086,35.548
14.88,2.324,4.167,2.480,35.051,-37.109,35.515
14.89,2.398,4.164,2.476,35.755,-37.150,35.475
14.90,2.751,4.169,2.484,35.230,-37.197,35.422
14.91,2.648,4.189,2.506,35.685,-37.233,35.387
14.92,2.693,4.209,2.527,37.135,-37.239,35.400
14.93,2.314,4.221,2.536,37.376,-37.215,35.447
14.94,2.656,4.219,2.535,36.052,-37.188,35.479
14.95,2.306,4.224,2.537,35.020,-37.183,35.475
14.96,2.646,4.237,2.551,34.826,-37.221,35.425
14.97,2.744,4.250,2.566,35.942,-37.267,35.383
14.99,2.284,4.261,2.573,36.802,-37.310,35.357
14.99,2.376,4.262,2.570,37.001,-37.339,35.348
15.00,2.160,4.270,2.573,36.185,-37.353,35.342
15.01,2.089,4.279,2.574,37.024,-37.359,35.355
15.02,2.604,4.279,2.575,36.923,-37.347,35.385
15.03,2.257,4.278,2.569,36.467,-37.329,35.415
15.05,2.556,4.276,2.567,35.684,-37.318,35.428
15.06,2.377,4.274,2.561,35.590,-37.318,35.427
15.07,2.778,4.273,2.563,36.007,-37.331,35.419
15.08,2.378,4.274,2.561,36.136,-37.351,35.407
15.09,2.662,4.274,2.562,36.570,-37.359,35.413
15.09,2.317,4.274,2.558,36.328,-37.358,35.423
15.11,2.437,4.274,2.556,36.242,-37.350,35.440
15.12,2.922,4.274,2.560,36.270,-37.336,35.463
15.13,2.600,4.270,2.557,35.666,-37.332,35.468
15.13,2.666,4.269,2.557,34.813,-37.352,35.438
15.14,2.324,4.270,2.554,35.946,-37.388,35.407
15.16,2.128,4.270,2.548,35.832,-37.421,35.378
15.17,2.501,4.272,2.548,36.366,-37.438,35.372
15.18,2.383,4.274,2.548,37.327,-37.418,35.416
15.19,2.183,4.277,2.546,36.650,-37.365,35.483
15.20,2.446,4.280,2.547,36.378,-37.309,35.549
15.21,1.824,4.280,2.537,36.073,-37.274,35.589
15.22,2.485,4.269,2.524,36.054,-37.260,35.608
15.23,2.558,4.261,2.516,34.681,-37.271,35.582
15.24,2.585,4.264,2.520,35.712,-37.298,35.556
15.25,2.228,4.267,2.518,36.429,-37.318,35.547
15.26,2.686,4.264,2.517,36.011,-37.337,35.532
15.26,2.477,4.263,2.514,36.213,-37.356,35.522
15.28,2.172,4.261,2.508,36.714,-37.356,35.536
15.29,2.218,4.260,2.502,35.854,-37.349,35.546
15.30,2.650,4.259,2.502,36.651,-37.337,35.571
15.31,2.211,4.261,2.499,35.929,-37.320,35.591
15.32,3.041,4.261,2.506,35.681,-37.325,35.586
15.33,2.681,4.258,2.505,36.004,-37.347,35.570
15.34,2.157,4.257,2.499,35.689,-37.373,35.544
15.35,2.550,4.259,2.501,36.356,-37.386,35.541
15.36,2.446,4.256,2.497,36.722,-37.379,35.563
15.37,2.624,4.256,2.497,36.135,-37.356,35.592
15.38,2.500,4.255,2.495,35.014,-37.345,35.595
15.39,2.381,4.256,2.494,35.414,-37.363,35.574
15.40,2.364,4.258,2.494,35.675,-37.391,35.546
15.41,2.432,4.260,2.495,37.052,-37.410,35.547
15.42,2.628,4.262,2.497,37.133,-37.394,35.583
15.43,2.563,4.262,2.498,36.797,-37.334,35.657
15.44,2.566,4.262,2.498,35.539,-37.270,35.718
15.45,2.426,4.258,2.493,35.756,-37.230,35.757
15.46,2.732,4.253,2.490,35.243,-37.216,35.764
15.47,2.514,4.253,2.490,35.469,-37.228,35.748
15.48,2.422,4.255,2.490,35.835,-37.256,35.721
15.49,2.522,4.256,2.491,36.886,-37.265,35.726
15.50,2.305,4.257,2.489,36.616,-37.254,35.749
15.51,2.498,4.258,2.489,36.425,-37.226,35.785
15.52,2.565,4.256,2.488,36.451,-37.186,35.833
15.53,2.492,4.252,2.483,36.125,-37.145,35.877
15.54,2.558,4.246,2.478,35.416,-37.104,35.911
15.55,2.467,4.243,2.474,35.076,-37.085,35.918
15.56,2.903,4.244,2.480,35.588,-37.073,35.925
15.57,2.345,4.243,2.476,35.576,-37.071,35.922
15.58,2.219,4.242,2.472,35.255,-37.092,35.892
15.59,2.261,4.238,2.464,35.611,-37.120,35.860
15.60,2.593,4.234,2.461,35.915,-37.144,35.837
15.61,2.085,4.231,2.452,36.196,-37.158,35.827
15.62,2.172,4.232,2.449,36.643,-37.147,35.849
15.63,2.599,4.229,2.448,36.056,-37.115,35.883
15.64,2.472,4.229,2.447,35.543,-37.090,35.902
15.65,2.562,4.230,2.449,35.501,-37.075,35.911
15.66,2.678,4.230,2.451,35.009,-37.083,35.890
15.67,2.391,4.231,2.451,35.688,-37.111,35.860
15.68,2.543,4.230,2.450,36.377,-37.127,35.850
15.69,2.109,4.231,2.447,36.444,-37.125,35.859
15.70,2.576,4.232,2.448,36.417,-37.102,35.889
15.71,2.419,4.233,2.448,36.048,-37.068,35.924
15.72,2.559,4.234,2.449,36.000,-37.039,35.954
15.73,2.996,4.230,2.452,35.541,-37.018,35.968
15.74,2.378,4.225,2.446,35.385,-37.017,35.961
15.75,2.533,4.222,2.444,35.066,-37.037,35.929
15.76,2.380,4.221,2.441,36.210,-37.055,35.915
15.77,2.215,4.217,2.434,36.583,-37.054,35.923
15.78,2.130,4.214,2.426,35.733,-37.040,35.934
15.79,2.288,4.217,2.426,35.988,-37.027,35.947
15.80,2.654,4.216,2.427,35.880,-37.016,35.957
15.81,2.481,4.217,2.429,35.350,-37.015,35.950
15.82,2.112,4.221,2.428,35.512,-37.028,35.930
15.83,2.296,4.226,2.430,35.967,-37.040,35.918
15.84,2.491,4.229,2.433,35.460,-37.056,35.896
15.85,2.169,4.232,2.432,35.205,-37.081,35.861
15.86,2.389,4.233,2.431,35.829,-37.111,35.830
15.87,2.253,4.232,2.428,36.054,-37.137,35.808
15.88,2.452,4.227,2.423,36.679,-37.141,35.814
15.89,2.752,4.225,2.425,35.824,-37.138,35.817
15.90,2.694,4.222,2.424,36.163,-37.140,35.818
15.91,2.487,4.218,2.420,36.144,-37.139,35.824
15.92,2.399,4.217,2.418,35.459,-37.142,35.815
15.93,2.541,4.216,2.419,35.701,-37.152,35.803
15.94,2.353,4.216,2.417,35.766,-37.161,35.793
15.95,2.328,4.214,2.413,35.570,-37.176,35.775
15.96,2.237,4.212,2.408,35.966,-37.189,35.764
15.97,2.341,4.211,2.405,36.191,-37.194,35.764
15.98,2.285,4.211,2.403,36.667,-37.183,35.786
15.99,2.364,4.211,2.402,36.035,-37.162,35.810
16.00,2.301,4.211,2.400,35.434,-37.145,35.821
16.01,2.176,4.209,2.394,35.642,-37.148,35.815
16.02,2.509,4.207,2.393,36.152,-37.156,35.811
16.03,2.754,4.209,2.399,35.981,-37.158,35.811
16.04,2.404,4.214,2.403,36.061,-37.149,35.823
16.05,2.496,4.218,2.408,36.106,-37.138,35.837
16.06,2.665,4.227,2.419,35.831,-37.133,35.841
16.07,2.332,4.237,2.428,36.032,-37.126,35.850
16.08,2.513,4.242,2.432,36.922,-37.101,35.889
16.09,2.310,4.239,2.428,35.638,-37.070,35.916
16.10,2.216,4.238,2.423,35.029,-37.068,35.905
16.11,2.305,4.238,2.421,35.730,-37.082,35.889
16.12,2.254,4.238,2.418,35.321,-37.103,35.860
16.13,2.563,4.238,2.420,35.775,-37.125,35.837
16.14,2.561,4.238,2.420,36.398,-37.132,35.837
16.15,2.498,4.238,2.421,35.966,-37.127,35.844
16.16,2.458,4.240,2.422,35.670,-37.116,35.851
16.17,2.477,4.242,2.425,35.760,-37.101,35.864
16.18,1.931,4.245,2.420,35.603,-37.086,35.876
16.19,2.655,4.248,2.426,35.156,-37.087,35.864
16.20,2.677,4.248,2.428,35.769,-37.097,35.852
16.21,2.495,4.245,2.426,35.706,-37.105,35.843
16.22,2.364,4.244,2.423,35.776,-37.118,35.828
16.23,2.470,4.241,2.420,36.073,-37.130,35.819
16.24,2.316,4.241,2.418,35.906,-37.137,35.813
16.25,2.562,4.239,2.418,35.742,-37.147,35.802
16.26,2.478,4.240,2.418,36.388,-37.151,35.804
16.27,2.338,4.240,2.417,35.812,-37.158,35.798
16.28,2.301,4.239,2.414,35.763,-37.168,35.786
16.29,2.550,4.244,2.419,35.971,-37.181,35.776
16.30,2.223,4.249,2.421,36.275,-37.184,35.779
16.31,2.347,4.251,2.421,36.019,-37.180,35.785
16.32,2.492,4.253,2.424,36.570,-37.165,35.811
16.33,2.680,4.251,2.424,35.602,-37.150,35.822
16.34,2.521,4.251,2.425,35.800,-37.153,35.818
16.35,2.496,4.251,2.425,35.836,-37.161,35.810
16.36,2.715,4.251,2.428,36.163,-37.160,35.816
16.37,2.474,4.248,2.425,35.560,-37.167,35.804
16.38,2.394,4.248,2.424,36.288,-37.175,35.803
16.39,2.148,4.248,2.420,36.768,-37.155,35.835
16.40,2.533,4.251,2.424,35.839,-37.134,35.855
16.41,2.492,4.253,2.426,35.696,-37.124,35.863
16.42,2.317,4.254,2.425,35.605,-37.117,35.867
16.43,2.379,4.255,2.425,35.781,-37.113,35.869
16.44,2.434,4.261,2.430,35.957,-37.108,35.875
16.45,2.411,4.262,2.430,36.368,-37.091,35.898
16.46,2.664,4.264,2.435,35.703,-37.065,35.921
16.47,2.375,4.265,2.434,35.089,-37.051,35.923
16.48,2.586,4.265,2.435,35.382,-37.057,35.909
16.49,2.735,4.265,2.439,35.410,-37.085,35.875
16.51,2.392,4.265,2.437,35.690,-37.123,35.835
16.52,2.414,4.263,2.434,36.166,-37.154,35.808
16.53,2.402,4.259,2.430,36.040,-37.182,35.783
16.54,2.858,4.259,2.435,36.646,-37.207,35.770
16.55,2.427,4.260,2.435,36.223,-37.214,35.768
16.56,2.375,4.261,2.435,36.507,-37.204,35.788
16.57,2.723,4.261,2.438,36.154,-37.177,35.819
16.58,2.456,4.262,2.439,35.751,-37.149,35.846
16.59,2.921,4.263,2.445,35.851,-37.133,35.861
16.59,2.185,4.259,2.438,35.661,-37.133,35.859
16.61,2.344,4.264,2.441,35.370,-37.153,35.832
16.62,2.475,4.264,2.440,35.964,-37.176,35.810
16.63,2.494,4.265,2.441,36.525,-37.189,35.807
16.63,2.809,4.260,2.441,35.942,-37.197,35.800
16.65,2.630,4.261,2.444,35.835,-37.210,35.788
16.66,2.482,4.262,2.445,36.093,-37.229,35.774
16.67,2.494,4.263,2.446,35.718,-37.247,35.755
16.68,2.615,4.261,2.446,36.347,-37.257,35.752
16.68,2.233,4.260,2.442,35.855,-37.266,35.745
16.70,2.495,4.260,2.441,36.583,-37.265,35.757
16.71,2.380,4.259,2.440,35.905,-37.257,35.767
16.72,2.456,4.259,2.439,35.573,-37.254,35.767
16.73,2.582,4.262,2.443,35.627,-37.263,35.756
16.74,2.914,4.262,2.449,35.884,-37.281,35.740
16.75,2.612,4.262,2.451,36.685,-37.285,35.748
16.76,2.378,4.263,2.451,36.362,-37.280,35.762
16.77,2.188,4.261,2.445,36.467,-37.268,35.783
16.78,2.193,4.264,2.444,35.576,-37.257,35.791
16.79,2.412,4.265,2.444,35.515,-37.255,35.790
16.80,2.334,4.266,2.443,36.160,-37.262,35.788
16.81,2.519,4.267,2.444,36.475,-37.264,35.795
16.82,2.341,4.264,2.440,36.028,-37.261,35.801
16.83,2.391,4.264,2.438,35.815,-37.249,35.813
16.84,2.429,4.260,2.434,36.428,-37.225,35.845
16.85,2.918,4.251,2.431,36.332,-37.195,35.881
16.86,2.254,4.245,2.422,35.306,-37.160,35.909
16.87,2.482,4.240,2.418,35.341,-37.135,35.926
16.88,2.232,4.238,2.413,35.399,-37.130,35.924
16.89,2.452,4.236,2.411,35.835,-37.129,35.924
16.90,2.187,4.235,2.407,35.676,-37.133,35.917
16.91,2.374,4.232,2.402,35.899,-37.135,35.915
16.92,2.597,4.229,2.402,36.359,-37.128,35.928
16.93,2.263,4.230,2.400,35.572,-37.116,35.935
16.94,2.195,4.227,2.394,35.784,-37.106,35.943
16.95,2.112,4.225,2.388,35.454,-37.112,35.931
16.96,2.537,4.227,2.391,35.682,-37.136,35.904
16.97,2.427,4.227,2.392,35.775,-37.157,35.882
16.98,2.405,4.229,2.393,35.810,-37.173,35.865
16.99,2.356,4.227,2.390,36.265,-37.182,35.861
17.00,2.301,4.229,2.391,36.036,-37.189,35.857
17.01,2.879,4.230,2.397,36.046,-37.185,35.863
17.02,2.350,4.233,2.399,35.863,-37.169,35.880
17.03,2.686,4.237,2.406,35.329,-37.163,35.878
17.04,2.190,4.244,2.409,35.526,-37.178,35.859
17.05,2.106,4.254,2.415,35.720,-37.208,35.827
17.06,2.534,4.262,2.424,36.373,-37.237,35.806
17.07,2.401,4.270,2.431,36.984,-37.259,35.800
17.08,2.657,4.272,2.435,35.895,-37.272,35.788
17.09,2.497,4.277,2.441,36.500,-37.276,35.795
17.10,2.266,4.282,2.443,36.112,-37.272,35.803
17.11,2.405,4.283,2.443,36.125,-37.264,35.815
17.12,2.613,4.283,2.445,35.737,-37.261,35.817
17.13,2.287,4.284,2.443,36.020,-37.262,35.819
17.14,2.362,4.285,2.443,35.753,-37.268,35.813
17.15,2.607,4.288,2.447,35.969,-37.273,35.810
17.16,2.332,4.288,2.445,36.227,-37.267,35.821
17.17,2.299,4.288,2.443,35.919,-37.265,35.825
17.18,2.331,4.291,2.444,36.546,-37.251,35.849
17.19,2.356,4.292,2.443,36.476,-37.226,35.882
17.20,2.551,4.294,2.446,36.048,-37.212,35.898
17.21,2.240,4.297,2.445,35.289,-37.214,35.889
17.22,2.222,4.299,2.444,35.884,-37.225,35.878
17.23,2.540,4.298,2.444,35.862,-37.243,35.861
17.24,2.399,4.299,2.444,35.855,-37.262,35.842
17.25,2.629,4.299,2.446,36.592,-37.271,35.844
17.26,2.334,4.299,2.444,36.445,-37.267,35.856
17.27,2.617,4.299,2.445,36.789,-37.245,35.890
17.28,2.729,4.303,2.452,36.431,-37.212,35.931
17.29,2.162,4.300,2.445,35.670,-37.180,35.959
17.30,2.473,4.296,2.441,35.384,-37.170,35.963
17.31,2.317,4.293,2.436,35.399,-37.176,35.950
17.32,2.692,4.293,2.439,35.823,-37.190,35.935
17.33,2.501,4.289,2.435,36.055,-37.200,35.927
17.34,2.272,4.291,2.434,36.244,-37.206,35.926
17.35,2.234,4.290,2.430,36.252,-37.202,35.935
17.36,2.482,4.290,2.430,36.076,-37.196,35.943
17.37,2.207,4.294,2.431,36.144,-37.181,35.961
17.38,2.401,4.291,2.427,35.586,-37.166,35.972
17.39,2.563,4.289,2.427,35.528,-37.160,35.972
17.40,2.639,4.286,2.426,35.285,-37.172,35.951
17.41,2.510,4.285,2.425,35.594,-37.190,35.930
17.42,2.317,4.281,2.419,36.631,-37.199,35.931
17.43,2.552,4.273,2.413,37.019,-37.196,35.948
17.44,2.472,4.258,2.398,36.066,-37.171,35.975
17.45,2.700,4.253,2.397,34.765,-37.146,35.984
17.46,2.263,4.251,2.393,35.744,-37.137,35.990
17.47,2.718,4.243,2.388,35.945,-37.140,35.987
17.48,2.600,4.238,2.386,35.507,-37.143,35.978
17.49,2.531,4.239,2.388,36.392,-37.133,35.994
17.50,2.262,4.236,2.383,36.860,-37.090,36.049
17.51,2.503,4.224,2.372,36.382,-37.031,36.112
17.52,2.335,4.215,2.362,34.795,-36.981,36.145
17.53,2.656,4.213,2.364,35.156,-36.949,36.163
17.54,2.280,4.210,2.360,35.620,-36.932,36.174
17.55,2.605,4.212,2.364,36.579,-36.896,36.215
17.56,2.381,4.209,2.361,35.623,-36.842,36.260
17.57,2.510,4.209,2.363,36.447,-36.774,36.330
17.58,2.602,4.198,2.354,37.285,-36.687,36.429
17.59,2.329,4.180,2.336,36.811,-36.564,36.556
17.60,2.220,4.156,2.310,36.928,-36.391,36.731
17.61,2.860,4.121,2.283,36.251,-36.161,36.953
17.62,4.031,4.083,2.267,37.779,-35.854,37.267
17.63,2.518,4.055,2.243,32.071,-35.506,37.542
17.64,2.228,4.042,2.230,35.586,-35.145,37.873
17.65,3.246,4.013,2.215,36.410,-34.752,38.241
17.66,3.575,3.983,2.203,35.967,-34.244,38.712
17.67,5.480,3.980,2.243,30.596,-33.645,39.196
17.68,2.733,4.016,2.285,31.406,-33.047,39.682
17.69,1.006,4.051,2.304,34.304,-32.469,40.180
17.70,0.640,4.062,2.292,34.689,-31.901,40.665
17.71,1.774,4.035,2.259,33.717,-31.354,41.111
17.72,1.652,3.982,2.199,29.526,-30.859,41.443
17.73,2.153,3.962,2.178,24.997,-30.442,41.634
17.74,1.994,3.963,2.177,26.840,-30.103,41.768
17.75,2.375,3.959,2.176,29.147,-29.806,41.889
17.76,2.133,3.947,2.163,29.971,-29.545,41.981
17.77,2.660,3.914,2.138,30.793,-29.295,42.072
17.78,3.205,3.878,2.115,29.177,-29.001,42.183
17.79,4.583,3.842,2.113,30.222,-28.632,42.379
17.80,2.520,3.804,2.080,28.889,-28.197,42.619
17.81,1.860,3.767,2.042,27.651,-27.706,42.894
17.82,1.757,3.734,2.006,27.930,-27.180,43.202
17.83,3.667,3.701,1.995,26.746,-26.627,43.517
17.84,2.060,3.680,1.976,24.694,-26.062,43.810
17.85,2.320,3.654,1.955,25.760,-25.508,44.101
17.86,1.575,3.625,1.922,23.924,-24.929,44.389
17.87,1.451,3.594,1.885,26.679,-24.263,44.790
17.88,2.668,3.534,1.837,25.822,-23.627,45.145
17.89,0.272,3.497,1.781,23.476,-23.018,45.437
17.90,2.397,3.454,1.747,23.316,-22.487,45.645
17.91,1.363,3.414,1.703,20.883,-22.025,45.747
17.92,2.207,3.381,1.677,20.528,-21.595,45.810
17.94,2.316,3.355,1.660,21.919,-21.166,45.888
17.95,2.481,3.320,1.636,25.319,-20.693,46.052
17.95,1.622,3.250,1.568,23.989,-20.149,46.263
17.96,0.943,3.169,1.480,22.808,-19.592,46.468
17.98,1.376,3.080,1.391,23.003,-19.047,46.659
17.98,0.666,2.977,1.281,20.674,-18.548,46.769
18.00,2.021,2.879,1.194,17.466,-18.126,46.759
18.00,1.768,2.805,1.129,15.670,-17.732,46.693
18.01,2.169,2.745,1.084,15.737,-17.339,46.627
18.03,2.556,2.691,1.051,18.222,-16.937,46.601
18.03,2.573,2.634,1.016,19.570,-16.495,46.631
18.05,1.658,2.563,0.955,20.065,-15.910,46.799
18.06,2.696,2.485,0.901,18.255,-15.283,46.987
18.07,2.362,2.416,0.854,14.328,-14.627,47.147
18.08,3.318,2.362,0.834,11.054,-14.008,47.222
18.09,2.817,2.329,0.829,13.921,-13.368,47.352
18.10,2.152,2.290,0.810,17.628,-12.662,47.592
18.11,0.128,2.232,0.746,16.739,-11.868,47.902
18.12,3.192,2.172,0.720,13.520,-10.993,48.241
18.13,3.397,2.129,0.715,9.181,-10.006,48.628
18.14,3.646,2.110,0.736,10.244,-8.925,49.113
18.15,1.297,2.101,0.737,9.246,-7.849,49.571
18.16,1.534,2.113,0.762,8.875,-6.857,49.933
18.17,7.875,2.002,0.748,-1.061,-5.901,50.119
18.18,-2.061,2.079,0.790,3.209,-5.446,49.862
18.19,4.980,2.098,0.867,6.775,-5.262,49.383
18.20,0.987,2.096,0.869,8.593,-5.066,48.943
18.21,4.290,2.098,0.919,3.182,-4.832,48.473
18.22,4.933,2.131,1.008,3.487,-4.490,48.115
18.23,4.262,2.176,1.099,5.572,-3.942,47.990
18.24,3.310,2.243,1.197,5.646,-3.167,48.087
18.25,3.694,2.279,1.270,9.398,-2.308,48.314
18.26,3.063,2.219,1.239,8.485,-1.556,48.416
18.27,-1.495,2.121,1.110,7.013,-0.909,48.391
18.28,2.469,2.063,1.074,0.679,-0.567,47.979
18.29,-0.731,2.071,1.063,3.471,-0.529,47.305
18.30,0.301,2.052,1.038,6.339,-0.469,46.696
18.31,2.028,2.039,1.042,3.087,-0.434,46.025
18.32,1.128,2.028,1.037,3.985,-0.415,45.355
18.33,0.639,2.025,1.033,5.187,-0.404,44.698
18.34,0.444,2.023,1.027,4.170,-0.399,44.029
18.35,1.466,2.018,1.032,3.733,-0.390,43.363
18.36,1.816,2.016,1.044,3.444,-0.383,42.697
18.37,1.899,2.014,1.057,3.560,-0.377,42.038
18.38,1.652,2.013,1.069,3.763,-0.372,41.385
18.39,1.851,2.016,1.086,3.394,-0.366,40.718
18.40,1.708,2.017,1.100,3.812,-0.364,40.075
18.41,1.935,2.017,1.115,3.765,-0.363,39.436
18.42,1.874,2.018,1.130,3.516,-0.362,38.799
18.43,2.213,2.017,1.148,3.712,-0.360,38.171
18.44,1.943,2.015,1.161,3.625,-0.358,37.548
18.45,1.979,2.013,1.175,3.662,-0.356,36.931
18.46,1.953,2.011,1.187,3.936,-0.354,36.323
18.47,1.970,2.007,1.199,3.713,-0.352,35.717
18.48,1.668,2.005,1.207,3.457,-0.350,35.115
18.49,1.737,2.003,1.217,3.615,-0.348,34.519
18.50,1.758,2.001,1.227,3.870,-0.348,33.931
18.51,1.783,2.001,1.239,3.765,-0.349,33.345
18.52,1.867,2.002,1.253,3.431,-0.347,32.763
18.53,1.784,2.002,1.265,3.758,-0.346,32.190
18.54,1.748,2.002,1.276,3.349,-0.347,31.616
18.55,1.735,2.001,1.287,3.517,-0.345,31.051
18.56,1.968,1.999,1.299,3.636,-0.343,30.473
18.57,1.790,1.997,1.309,3.502,-0.339,29.922
18.58,1.796,1.997,1.320,3.374,-0.338,29.370
18.59,1.765,1.993,1.327,3.427,-0.337,28.825
18.60,1.957,1.994,1.342,3.371,-0.338,28.281
18.61,1.815,1.992,1.352,3.492,-0.338,27.746
18.62,1.867,1.992,1.363,3.597,-0.338,27.218
18.63,1.579,1.992,1.372,3.495,-0.336,26.695
18.64,1.466,1.992,1.378,3.665,-0.336,26.178
18.65,1.924,1.992,1.391,3.972,-0.335,25.671
18.66,1.743,1.992,1.400,3.823,-0.335,25.166
18.67,1.917,1.992,1.413,3.355,-0.333,24.661
18.68,1.889,1.991,1.424,3.560,-0.332,24.164
18.69,1.769,1.992,1.434,3.347,-0.329,23.670
18.70,2.015,1.991,1.447,3.301,-0.328,23.180
18.71,2.011,1.992,1.461,3.665,-0.325,22.700
18.72,1.784,1.991,1.470,3.491,-0.323,22.223
18.73,1.882,1.988,1.478,3.591,-0.320,21.752
18.74,1.753,1.988,1.487,3.498,-0.319,21.284
18.75,1.453,1.987,1.492,3.691,-0.317,20.822
18.76,1.821,1.984,1.498,3.564,-0.316,20.364
18.77,1.565,1.985,1.506,3.614,-0.313,19.913
18.78,1.773,1.985,1.515,3.858,-0.310,19.470
18.79,1.772,1.982,1.521,3.655,-0.306,19.029
18.80,1.579,1.981,1.527,3.707,-0.304,18.593
18.81,1.724,1.979,1.533,3.740,-0.302,18.161
18.82,1.872,1.979,1.544,3.516,-0.300,17.731
18.83,1.440,1.979,1.548,3.610,-0.299,17.305
18.84,1.868,1.979,1.558,3.533,-0.298,16.884
18.85,1.482,1.979,1.562,3.953,-0.295,16.473
18.86,2.080,1.977,1.573,3.822,-0.293,16.065
18.87,1.798,1.977,1.582,3.658,-0.291,15.659
18.88,1.789,1.976,1.590,3.584,-0.291,15.256
18.89,1.771,1.978,1.600,3.295,-0.290,14.853
18.90,1.528,1.978,1.605,3.644,-0.290,14.433
18.91,1.925,1.980,1.617,3.428,-0.290,14.040
18.92,1.852,1.983,1.629,3.685,-0.290,13.655
18.93,1.771,1.983,1.637,3.633,-0.289,13.274
18.94,1.959,1.982,1.646,3.601,-0.287,12.899
18.95,1.959,1.980,1.654,3.929,-0.285,12.531
18.96,1.786,1.975,1.657,3.523,-0.285,12.161
18.97,1.916,1.974,1.666,4.041,-0.283,11.803
18.98,1.655,1.974,1.672,3.456,-0.284,11.440
18.99,1.604,1.974,1.677,3.080,-0.283,11.077
19.00,1.536,1.977,1.683,3.416,-0.281,10.724
19.01,1.663,1.979,1.692,3.542,-0.280,10.375
19.02,1.883,1.979,1.700,3.796,-0.280,10.034
19.03,2.023,1.980,1.711,4.080,-0.279,9.700
19.04,2.038,1.980,1.721,3.753,-0.278,9.366
19.05,1.795,1.979,1.727,3.437,-0.279,9.031
19.06,1.939,1.977,1.735,3.959,-0.280,8.706
19.07,1.795,1.975,1.740,3.705,-0.280,8.357
19.08,1.766,1.974,1.745,3.259,-0.279,8.033
19.09,1.745,1.972,1.750,3.198,-0.279,7.711
19.10,1.851,1.971,1.755,3.141,-0.278,7.394
19.11,1.467,1.968,1.755,3.105,-0.276,7.080
19.12,1.634,1.969,1.760,3.122,-0.274,6.770
19.13,1.699,1.968,1.765,3.536,-0.274,6.469
19.14,1.813,1.970,1.774,3.732,-0.274,6.173
19.15,1.624,1.970,1.777,3.389,-0.276,5.875
19.16,1.870,1.968,1.783,2.898,-0.277,5.574
19.17,1.863,1.967,1.789,3.382,-0.278,5.284
19.18,2.134,1.967,1.800,3.797,-0.279,5.004
19.19,1.541,1.967,1.802,3.892,-0.279,4.729
19.20,1.491,1.967,1.804,3.574,-0.278,4.453
19.21,1.630,1.967,1.808,3.406,-0.278,4.179
19.22,1.693,1.967,1.813,3.895,-0.278,3.915
19.23,1.931,1.967,1.820,3.648,-0.277,3.651
19.24,1.815,1.966,1.825,3.588,-0.278,3.389
19.25,1.725,1.966,1.830,3.472,-0.278,3.129
19.26,1.732,1.967,1.836,3.337,-0.277,2.873
19.27,1.703,1.970,1.843,3.497,-0.275,2.622
19.28,1.988,1.970,1.850,2.921,-0.274,2.366
19.29,1.819,1.970,1.856,3.397,-0.275,2.119
19.30,1.547,1.967,1.855,4.112,-0.274,1.886
19.31,1.810,1.966,1.859,3.384,-0.275,1.644
19.32,1.665,1.965,1.862,3.597,-0.275,1.410
19.33,2.025,1.964,1.869,3.512,-0.275,1.178
19.34,1.878,1.964,1.875,3.588,-0.276,0.949
19.35,1.694,1.967,1.882,3.291,-0.276,0.720
19.36,1.874,1.969,1.890,3.710,-0.276,0.500
19.37,2.072,1.972,1.900,3.532,-0.274,0.283
19.38,1.983,1.972,1.907,3.492,-0.273,0.068
19.39,1.833,1.973,1.913,3.672,-0.271,-0.141
19.40,2.006,1.974,1.922,3.749,-0.271,-0.348
19.41,2.077,1.974,1.930,3.607,-0.270,-0.580
19.42,1.956,1.975,1.938,3.488,-0.267,-0.780
19.43,2.100,1.973,1.944,3.411,-0.266,-0.981
19.44,1.662,1.969,1.942,3.317,-0.266,-1.181
19.46,1.793,1.969,1.946,3.588,-0.263,-1.372
19.46,1.888,1.969,1.951,3.389,-0.262,-1.565
19.48,1.721,1.968,1.953,3.563,-0.262,-1.753
19.48,1.658,1.969,1.956,3.260,-0.261,-1.941
19.50,1.625,1.970,1.959,3.452,-0.260,-2.124
19.50,1.777,1.970,1.963,3.472,-0.259,-2.305
19.51,1.511,1.970,1.962,3.687,-0.258,-2.478
19.53,1.797,1.971,1.967,3.402,-0.258,-2.655
19.54,1.765,1.974,1.973,3.626,-0.256,-2.823
19.54,1.662,1.975,1.976,3.619,-0.255,-2.990
19.56,1.879,1.974,1.979,3.529,-0.254,-3.156
19.57,1.622,1.973,1.980,3.698,-0.251,-3.314
19.58,1.735,1.970,1.979,3.670,-0.250,-3.472
19.59,1.776,1.970,1.983,3.359,-0.249,-3.656
19.60,1.680,1.972,1.986,3.714,-0.247,-3.808
19.61,2.106,1.972,1.993,3.826,-0.245,-3.954
19.62,1.741,1.972,1.995,3.628,-0.244,-4.102
19.63,1.552,1.971,1.995,3.507,-0.243,-4.249
19.64,1.940,1.973,2.001,3.572,-0.240,-4.391
19.65,1.816,1.973,2.004,3.569,-0.239,-4.532
19.66,1.761,1.973,2.007,3.176,-0.238,-4.676
19.67,1.601,1.975,2.009,3.369,-0.237,-4.814
19.68,1.680,1.974,2.010,3.357,-0.236,-4.951
19.69,2.057,1.974,2.016,3.185,-0.236,-5.089
19.70,2.069,1.972,2.020,3.264,-0.236,-5.223
19.71,2.058,1.970,2.024,3.451,-0.235,-5.351
19.72,1.583,1.971,2.025,3.472,-0.235,-5.477
19.73,1.939,1.968,2.027,3.503,-0.234,-5.600
19.74,1.889,1.967,2.029,3.304,-0.234,-5.723
19.75,1.750,1.966,2.030,3.417,-0.235,-5.845
19.76,1.809,1.965,2.032,3.589,-0.237,-5.961
19.77,2.051,1.966,2.038,3.503,-0.237,-6.076
19.78,1.908,1.967,2.043,3.598,-0.238,-6.187
19.79,1.687,1.970,2.047,3.639,-0.237,-6.295
19.80,1.698,1.971,2.048,3.565,-0.239,-6.404
19.81,1.947,1.969,2.051,3.539,-0.240,-6.510
19.82,1.797,1.971,2.054,3.800,-0.241,-6.610
19.83,2.103,1.968,2.058,5.061,-0.241,-6.691
19.84,2.207,1.968,2.065,5.242,-0.241,-6.767
19.85,1.793,1.967,2.066,3.328,-0.241,-6.867
19.86,1.676,1.964,2.063,2.174,-0.241,-6.980
19.87,1.672,1.966,2.065,2.982,-0.243,-7.081
19.88,1.912,1.967,2.070,3.380,-0.246,-7.177
19.89,1.351,1.969,2.067,3.383,-0.248,-7.270
19.90,1.461,1.970,2.066,2.841,-0.249,-7.367
19.91,1.410,1.973,2.065,3.161,-0.251,-7.457
19.92,1.772,1.973,2.066,3.686,-0.252,-7.539
19.93,1.660,1.974,2.067,3.985,-0.254,-7.638
19.94,1.956,1.972,2.070,4.425,-0.253,-7.704
19.95,2.230,1.973,2.077,5.202,-0.252,-7.757
19.96,2.461,1.971,2.086,6.597,-0.251,-7.790
19.97,1.802,1.971,2.087,3.507,-0.251,-7.863
19.98,1.708,1.968,2.084,2.327,-0.252,-7.952
19.99,1.770,1.967,2.084,3.131,-0.254,-8.028
20.00,1.912,1.964,2.084,2.908,-0.254,-8.104
20.01,1.803,1.963,2.084,2.082,-0.254,-8.189
20.02,1.598,1.962,2.082,2.680,-0.255,-8.265
20.03,1.455,1.964,2.080,2.624,-0.255,-8.338
20.04,1.807,1.967,2.085,3.176,-0.254,-8.402
20.05,1.838,1.966,2.086,2.868,-0.254,-8.469
20.06,1.711,1.966,2.086,3.648,-0.255,-8.525
20.07,2.026,1.965,2.088,4.087,-0.254,-8.572
20.08,1.826,1.961,2.086,1.776,-0.253,-8.647
20.09,1.826,1.957,2.083,3.024,-0.251,-8.703
20.10,1.872,1.955,2.084,3.162,-0.249,-8.777
20.11,1.807,1.955,2.085,3.368,-0.250,-8.828
20.12,1.699,1.954,2.084,3.346,-0.249,-8.875
20.13,1.789,1.951,2.082,3.131,-0.249,-8.926
20.14,1.736,1.952,2.083,3.184,-0.251,-8.975
20.15,1.592,1.952,2.081,3.265,-0.251,-9.020
20.16,1.616,1.954,2.082,3.709,-0.251,-9.058
20.17,1.603,1.954,2.080,3.788,-0.250,-9.092
20.18,1.743,1.951,2.078,3.642,-0.250,-9.127
20.19,1.939,1.951,2.080,3.525,-0.249,-9.162
20.20,1.997,1.951,2.084,3.096,-0.247,-9.200
20.21,1.845,1.952,2.085,3.701,-0.247,-9.231
20.22,1.995,1.950,2.087,3.410,-0.246,-9.263
20.23,1.624,1.951,2.086,3.379,-0.246,-9.295
20.24,1.824,1.952,2.089,3.444,-0.246,-9.324
20.25,2.089,1.952,2.093,3.355,-0.245,-9.353
20.26,1.799,1.951,2.092,3.630,-0.244,-9.377
20.27,1.812,1.951,2.094,3.525,-0.245,-9.403
20.28,1.891,1.949,2.093,3.658,-0.245,-9.424
20.29,1.942,1.948,2.094,3.321,-0.245,-9.448
20.30,1.847,1.946,2.094,3.322,-0.244,-9.471
20.31,1.734,1.944,2.091,3.509,-0.243,-9.490
20.32,1.715,1.942,2.089,3.357,-0.242,-9.509
20.33,1.869,1.943,2.091,3.238,-0.241,-9.529
20.34,1.646,1.943,2.090,1.935,-0.239,-9.563
20.35,1.023,1.942,2.079,-2.229,-0.236,-9.651
20.36,1.934,1.944,2.083,0.050,-0.235,-9.708
20.37,1.913,1.947,2.088,6.163,-0.231,-9.681
20.38,1.638,1.947,2.086,6.016,-0.226,-9.653
20.39,1.716,1.946,2.085,5.768,-0.221,-9.629
20.40,1.787,1.947,2.086,3.571,-0.217,-9.633
20.41,2.068,1.947,2.090,5.590,-0.219,-9.615
20.42,1.815,1.947,2.090,3.359,-0.213,-9.618
20.43,1.985,1.946,2.092,3.712,-0.210,-9.618
20.44,1.948,1.944,2.092,4.297,-0.209,-9.629
20.45,1.892,1.943,2.092,2.982,-0.207,-9.637
20.46,2.087,1.942,2.095,3.575,-0.206,-9.638
20.47,1.648,1.940,2.092,3.329,-0.203,-9.639
20.48,1.686,1.939,2.090,3.820,-0.202,-9.634
20.49,1.708,1.940,2.089,3.802,-0.203,-9.631
20.50,1.633,1.941,2.088,3.491,-0.200,-9.626
20.51,1.527,1.941,2.085,3.297,-0.198,-9.624
20.52,1.525,1.941,2.081,3.003,-0.192,-9.622
20.53,1.574,1.942,2.079,3.477,-0.184,-9.609
20.54,1.553,1.942,2.076,3.282,-0.173,-9.596
20.55,1.651,1.943,2.075,3.056,-0.164,-9.587
20.56,1.569,1.943,2.072,2.395,-0.146,-9.577
20.57,1.925,1.940,2.071,3.655,-0.131,-9.552
20.58,1.472,1.941,2.067,3.082,-0.119,-9.538
20.59,1.771,1.942,2.068,3.301,-0.115,-9.527
20.60,1.412,1.939,2.061,2.643,-0.111,-9.525
20.61,1.817,1.939,2.060,2.983,-0.103,-9.529
20.62,1.563,1.938,2.057,3.050,-0.090,-9.510
20.63,1.675,1.938,2.056,2.852,-0.077,-9.492
20.64,1.836,1.938,2.056,3.872,-0.060,-9.458
20.65,1.501,1.940,2.054,2.771,-0.048,-9.441
20.66,1.998,1.941,2.057,3.050,-0.032,-9.417
20.67,1.836,1.940,2.057,4.090,-0.020,-9.381
20.68,1.645,1.942,2.057,3.122,-0.010,-9.361
20.69,1.691,1.944,2.057,3.904,0.001,-9.328
20.70,1.793,1.945,2.058,2.826,0.012,-9.309
20.71,1.938,1.940,2.055,2.389,0.016,-9.302
20.72,1.810,1.938,2.053,2.557,0.029,-9.282
20.73,1.691,1.935,2.049,2.829,0.039,-9.262
20.74,1.252,1.934,2.040,1.965,0.057,-9.245
20.75,1.844,1.934,2.041,3.481,0.068,-9.213
20.76,1.545,1.935,2.038,3.694,0.079,-9.179
20.77,1.672,1.935,2.036,5.133,0.085,-9.129
20.78,1.438,1.935,2.031,3.446,0.102,-9.091
20.79,4.197,1.934,2.062,3.822,0.124,-9.042
20.80,1.448,1.936,2.060,4.995,0.185,-8.940
20.81,2.122,1.936,2.064,4.462,0.279,-8.812
20.82,2.834,1.934,2.075,5.871,0.465,-8.575
20.83,2.054,1.931,2.074,3.138,0.688,-8.340
20.84,2.137,1.928,2.076,4.135,0.915,-8.090
20.85,1.937,1.925,2.074,4.211,1.196,-7.787
20.86,3.456,1.916,2.087,2.423,1.543,-7.447
20.87,2.386,1.914,2.092,4.340,2.012,-6.965
20.88,1.441,1.911,2.084,2.409,2.609,-6.387
20.89,5.697,1.924,2.147,3.420,3.355,-5.655
20.91,4.983,1.936,2.200,-1.861,4.150,-4.954
20.91,4.538,1.956,2.254,3.657,4.868,-4.265
20.92,0.822,1.966,2.249,4.612,5.485,-3.672
20.93,2.385,1.963,2.252,2.445,6.123,-3.093
20.94,2.183,1.961,2.253,-5.189,6.697,-2.686
20.95,0.483,1.945,2.218,-4.982,7.282,-2.283
20.97,0.534,1.941,2.195,-2.969,7.981,-1.735
20.98,0.933,1.932,2.173,-5.595,8.750,-1.159
20.99,-0.165,1.921,2.136,-5.359,9.431,-0.675
21.00,-0.060,1.904,2.093,-7.613,10.115,-0.223
21.01,-0.246,1.907,2.068,-7.253,10.903,0.328
21.02,0.141,1.923,2.062,-6.471,11.827,1.017
21.03,2.306,1.952,2.096,-6.681,12.895,1.835
21.04,1.042,1.986,2.119,-8.489,13.964,2.619
21.05,-0.067,2.015,2.122,-14.513,14.898,3.179
21.06,0.341,2.042,2.127,-13.369,15.668,3.583
21.07,0.869,2.071,2.141,-13.439,16.368,3.912
21.08,1.084,2.123,2.181,-14.321,17.025,4.180
21.08,2.069,2.164,2.223,-11.004,17.702,4.507
21.10,1.532,2.174,2.226,-9.088,18.440,4.914
21.11,1.263,2.184,2.225,-11.281,19.229,5.336
21.12,1.662,2.172,2.207,-13.685,20.038,5.739
21.13,1.764,2.164,2.196,-17.753,20.865,6.084
21.14,1.801,2.146,2.175,-17.578,21.519,6.269
21.15,2.198,2.136,2.167,-17.502,22.111,6.390
21.16,2.360,2.123,2.159,-21.009,22.542,6.302
21.17,2.172,2.085,2.124,-17.867,22.807,6.091
21.18,1.874,2.054,2.092,-14.279,23.038,5.894
21.19,1.776,2.022,2.059,-15.347,23.330,5.745
21.20,1.774,1.981,2.016,-15.686,23.752,5.720
21.21,1.679,1.951,1.984,-19.807,24.229,5.694
21.22,2.201,1.911,1.950,-22.129,24.644,5.574
21.23,1.769,1.866,1.905,-22.403,24.894,5.287
21.24,2.527,1.778,1.828,-23.952,25.022,4.862
21.25,11.227,1.640,1.818,-33.089,25.329,4.496
21.26,-3.752,1.487,1.596,-8.495,25.789,4.606
21.27,0.449,1.349,1.447,-9.760,26.367,4.814
21.28,1.544,1.290,1.392,-15.848,27.166,5.156
21.29,1.729,1.230,1.340,-21.279,27.973,5.429
21.30,2.202,1.154,1.278,-22.365,28.677,5.579
21.31,1.929,1.084,1.220,-23.554,29.292,5.623
21.32,2.435,1.000,1.156,-25.412,29.868,5.600
21.33,1.793,0.913,1.081,-20.154,30.535,5.735
21.34,2.048,0.858,1.043,-22.039,31.303,5.939
21.35,2.510,0.806,1.013,-23.512,32.042,6.092
21.36,2.880,0.737,0.972,-23.546,32.754,6.213
21.37,2.419,0.694,0.951,-25.098,33.333,6.179
21.38,3.167,0.631,0.921,-28.348,33.814,6.003
21.39,2.063,0.558,0.868,-25.573,34.264,5.833
21.40,3.240,0.520,0.865,-28.027,34.683,5.600
21.41,2.819,0.465,0.839,-27.749,35.084,5.354
21.42,2.458,0.421,0.821,-27.873,35.458,5.079
21.43,2.657,0.376,0.804,-29.323,35.771,4.726
21.44,2.335,0.334,0.787,-27.839,36.003,4.315
21.45,2.199,0.322,0.798,-31.028,36.116,3.748
21.46,1.995,0.266,0.763,-30.778,36.212,3.172
21.47,2.129,0.224,0.744,-28.514,36.324,2.624
21.48,2.068,0.196,0.738,-31.213,36.348,1.981
21.49,1.822,0.152,0.714,-29.400,36.308,1.303
21.50,2.010,0.121,0.704,-28.328,36.260,0.639
21.51,1.888,0.062,0.667,-26.024,36.371,0.169
21.52,2.256,0.025,0.656,-27.254,36.585,-0.212
21.53,2.903,-0.032,0.634,-29.496,36.829,-0.589
21.54,2.758,-0.089,0.611,-29.362,37.060,-0.975
21.55,3.276,-0.140,0.600,-29.734,37.254,-1.400
21.56,3.449,-0.173,0.611,-27.267,37.387,-1.849
21.57,2.339,-0.169,0.643,-30.484,37.460,-2.394
21.58,1.427,-0.179,0.649,-28.168,37.581,-2.858
21.59,2.627,-0.164,0.696,-30.500,37.718,-3.333
21.60,2.802,-0.167,0.726,-32.721,37.778,-3.908
21.61,2.909,-0.176,0.753,-30.681,37.758,-4.529
21.62,2.758,-0.158,0.803,-29.739,37.680,-5.190
21.63,2.140,-0.143,0.842,-29.500,37.604,-5.838
21.64,2.278,-0.118,0.893,-26.910,37.645,-6.357
21.65,1.199,-0.107,0.914,-26.325,37.888,-6.637
21.66,2.534,-0.081,0.967,-29.006,38.255,-6.828
21.67,2.794,-0.072,1.007,-33.069,38.579,-7.115
21.68,3.088,-0.069,1.045,-33.147,38.790,-7.512
21.69,3.578,-0.059,1.095,-32.055,38.920,-7.971
21.70,2.642,-0.023,1.158,-31.140,38.993,-8.470
21.71,2.365,0.015,1.219,-32.245,39.048,-8.998
21.72,1.981,0.042,1.263,-32.498,39.112,-9.514
21.73,2.176,0.059,1.300,-31.946,39.200,-9.994
21.74,2.609,0.067,1.332,-32.113,39.275,-10.484
21.75,1.657,0.080,1.357,-31.985,39.323,-10.994
21.76,2.322,0.093,1.391,-32.138,39.362,-11.511
21.77,2.617,0.111,1.432,-32.672,39.354,-12.075
21.78,2.816,0.142,1.488,-32.440,39.258,-12.717
21.79,1.728,0.166,1.523,-33.013,39.119,-13.403
21.80,2.419,0.194,1.571,-30.518,38.994,-14.034
21.81,2.275,0.216,1.610,-31.056,38.899,-14.636
21.82,2.621,0.225,1.640,-29.935,38.852,-15.169
21.83,2.123,0.238,1.667,-27.433,38.948,-15.522
21.84,2.571,0.255,1.704,-30.579,39.134,-15.824
21.85,2.233,0.268,1.732,-32.316,39.307,-16.159
21.86,2.610,0.273,1.757,-33.296,39.429,-16.553
21.87,2.396,0.271,1.772,-33.237,39.494,-16.999
21.88,2.776,0.265,1.788,-33.545,39.490,-17.514
21.89,2.151,0.266,1.802,-30.922,39.460,-18.013
21.90,2.158,0.273,1.822,-30.620,39.473,-18.460
21.91,2.321,0.280,1.844,-31.230,39.514,-18.883
21.92,2.196,0.291,1.868,-30.302,39.598,-19.247
21.93,2.858,0.296,1.894,-32.214,39.692,-19.622
21.94,2.675,0.294,1.912,-33.272,39.761,-20.031
21.95,2.661,0.279,1.916,-32.496,39.798,-20.458
21.96,2.549,0.270,1.924,-32.174,39.809,-20.901
21.97,1.749,0.277,1.937,-31.173,39.832,-21.314
21.98,2.276,0.289,1.963,-31.473,39.913,-21.699
21.99,1.950,0.302,1.985,-32.727,39.998,-22.063
22.00,2.324,0.314,2.010,-33.351,40.083,-22.431
22.01,2.866,0.312,2.028,-33.570,40.147,-22.819
22.02,2.775,0.302,2.037,-32.843,40.191,-23.212
22.03,2.547,0.297,2.048,-31.795,40.231,-23.591
22.04,2.900,0.292,2.063,-31.449,40.293,-23.940
22.05,2.800,0.283,2.073,-32.970,40.355,-24.304
22.06,2.233,0.279,2.081,-32.328,40.405,-24.668
22.07,2.273,0.284,2.097,-32.272,40.463,-25.019
22.08,2.202,0.280,2.104,-31.978,40.543,-25.340
22.09,2.209,0.297,2.131,-32.880,40.649,-25.643
22.10,2.428,0.305,2.152,-34.370,40.716,-26.002
22.11,2.219,0.311,2.168,-33.527,40.745,-26.383
22.12,2.536,0.315,2.186,-33.206,40.761,-26.768
22.13,2.765,0.315,2.203,-32.857,40.768,-27.152
22.14,2.298,0.315,2.213,-33.193,40.774,-27.537
22.15,2.672,0.311,2.226,-31.799,40.801,-27.910
22.16,2.726,0.313,2.243,-32.996,40.839,-28.252
22.17,2.581,0.311,2.256,-33.601,40.853,-28.622
22.18,2.327,0.311,2.266,-32.652,40.866,-28.975
22.19,2.561,0.318,2.286,-33.971,40.878,-29.343
22.20,2.896,0.317,2.302,-34.081,40.854,-29.743
22.21,2.734,0.316,2.317,-32.526,40.825,-30.122
22.22,2.515,0.323,2.335,-33.489,40.781,-30.525
22.23,2.112,0.331,2.350,-31.265,40.776,-30.854
22.24,2.513,0.347,2.377,-32.387,40.816,-31.149
22.25,2.999,0.360,2.408,-33.291,40.849,-31.459
22.26,2.570,0.359,2.419,-32.625,40.883,-31.756
22.27,2.523,0.369,2.440,-31.822,40.964,-31.992
22.28,2.999,0.368,2.455,-34.087,41.042,-32.257
22.29,2.844,0.361,2.464,-34.316,41.088,-32.554
22.30,2.842,0.356,2.473,-34.067,41.100,-32.877
22.32,2.448,0.351,2.477,-33.579,41.080,-33.221
22.32,2.461,0.347,2.483,-31.550,41.081,-33.514
22.33,2.406,0.357,2.501,-31.834,41.142,-33.746
22.34,2.240,0.361,2.512,-33.777,41.214,-33.991
22.36,2.441,0.363,2.522,-33.309,41.276,-34.236
22.37,3.112,0.362,2.539,-33.283,41.346,-34.469
22.37,2.370,0.362,2.546,-33.934,41.406,-34.717
22.38,2.651,0.360,2.556,-34.197,41.440,-34.992
22.39,2.379,0.362,2.565,-33.750,41.452,-35.278
22.40,2.500,0.365,2.576,-34.268,41.440,-35.591
22.41,2.676,0.366,2.588,-34.389,41.398,-35.932
22.42,2.448,0.370,2.600,-33.086,41.355,-36.251
22.43,2.735,0.370,2.612,-34.013,41.306,-36.584
22.44,2.712,0.373,2.625,-33.512,41.250,-36.912
22.45,2.542,0.375,2.636,-33.647,41.184,-37.248
22.46,2.906,0.380,2.654,-33.226,41.091,-37.601
22.47,2.364,0.392,2.672,-32.245,41.032,-37.901
22.48,3.129,0.403,2.698,-33.326,40.999,-38.186
22.50,2.712,0.414,2.720,-33.199,40.947,-38.516
22.51,2.740,0.423,2.739,-32.678,40.899,-38.798
22.52,2.580,0.422,2.746,-34.417,40.847,-39.102
22.53,2.258,0.416,2.743,-33.280,40.801,-39.382
22.54,2.522,0.408,2.742,-33.208,40.753,-39.659
22.55,2.394,0.397,2.736,-33.463,40.700,-39.939
22.56,2.493,0.382,2.727,-33.282,40.637,-40.223
22.57,1.872,0.362,2.706,-32.667,40.593,-40.476
22.58,2.628,0.344,2.696,-32.494,40.574,-40.698
22.59,2.657,0.326,2.688,-32.587,40.545,-40.927
22.60,3.234,0.313,2.692,-32.828,40.487,-41.185
22.61,3.078,0.304,2.697,-31.892,40.423,-41.432
22.62,3.306,0.302,2.713,-32.040,40.366,-41.671
22.63,2.075,0.298,2.711,-31.383,40.334,-41.872
22.64,2.949,0.303,2.728,-32.251,40.317,-42.066
22.65,2.900,0.302,2.739,-32.743,40.284,-42.279
22.66,2.844,0.309,2.757,-31.921,40.246,-42.483
22.67,2.944,0.327,2.788,-32.424,40.212,-42.716
22.68,2.193,0.340,2.802,-32.774,40.193,-42.905
22.69,2.960,0.350,2.824,-32.883,40.173,-43.092
22.70,2.820,0.358,2.841,-33.580,40.137,-43.302
22.71,2.710,0.365,2.855,-33.016,40.078,-43.523
22.72,2.233,0.369,2.861,-32.695,40.006,-43.749
22.73,2.322,0.371,2.866,-31.777,39.941,-43.953
22.74,2.887,0.371,2.875,-31.467,39.897,-44.127
22.75,3.041,0.374,2.890,-30.486,39.905,-44.236
22.76,2.832,0.378,2.903,-31.214,39.950,-44.313
22.77,2.897,0.376,2.910,-31.869,40.015,-44.378
22.78,2.966,0.370,2.914,-32.152,40.081,-44.444
22.79,2.734,0.369,2.920,-32.123,40.138,-44.516
22.80,2.870,0.379,2.939,-31.901,40.165,-44.614
22.81,2.418,0.397,2.960,-32.019,40.170,-44.732
22.82,2.600,0.420,2.987,-32.055,40.214,-44.811
22.83,2.695,0.433,3.006,-33.461,40.247,-44.915
22.84,2.838,0.453,3.032,-32.645,40.251,-45.036
22.85,2.202,0.467,3.045,-32.584,40.264,-45.145
22.86,2.688,0.473,3.055,-33.314,40.275,-45.262
22.87,2.492,0.480,3.063,-32.216,40.276,-45.373
22.88,2.231,0.491,3.072,-32.308,40.280,-45.479
22.89,2.992,0.500,3.090,-33.047,40.271,-45.606
22.90,2.484,0.507,3.098,-32.107,40.270,-45.710
22.91,2.520,0.511,3.104,-32.649,40.286,-45.802
22.92,2.787,0.521,3.118,-32.250,40.329,-45.859
22.93,3.011,0.521,3.126,-32.857,40.367,-45.928
22.94,3.075,0.519,3.132,-33.078,40.384,-46.018
22.95,2.746,0.518,3.135,-32.637,40.402,-46.100
22.96,3.007,0.515,3.140,-33.207,40.411,-46.196
22.97,2.821,0.512,3.141,-32.967,40.398,-46.307
22.98,2.719,0.516,3.149,-31.961,40.394,-46.395
22.99,2.861,0.516,3.153,-33.222,40.378,-46.509
23.00,2.376,0.517,3.153,-31.703,40.358,-46.604
23.01,2.422,0.520,3.156,-31.755,40.366,-46.696
23.02,2.695,0.521,3.160,-32.383,40.363,-46.778
23.03,2.344,0.537,3.173,-31.238,40.355,-46.849
23.04,2.703,0.557,3.196,-31.678,40.383,-46.886
23.05,2.889,0.576,3.219,-32.965,40.432,-46.920
23.06,2.627,0.588,3.232,-32.925,40.467,-46.964
23.07,2.364,0.600,3.241,-32.482,40.495,-47.008
23.08,2.544,0.619,3.259,-32.667,40.516,-47.059
23.09,2.365,0.636,3.272,-33.267,40.512,-47.141
23.10,2.491,0.653,3.287,-33.022,40.501,-47.225
23.11,2.399,0.667,3.298,-32.416,40.492,-47.296
23.12,2.274,0.678,3.304,-33.113,40.477,-47.381
23.13,2.204,0.687,3.306,-32.817,40.460,-47.462
23.14,2.778,0.693,3.313,-32.847,40.439,-47.545
23.15,2.370,0.702,3.317,-31.807,40.451,-47.579
23.16,2.500,0.706,3.319,-32.466,40.483,-47.600
23.17,2.742,0.706,3.319,-32.843,40.503,-47.637
23.18,2.882,0.709,3.325,-32.493,40.525,-47.691
23.19,2.883,0.718,3.335,-33.220,40.527,-47.747
23.20,2.302,0.726,3.338,-33.026,40.515,-47.812
23.21,2.681,0.730,3.341,-32.267,40.527,-47.842
23.22,2.933,0.733,3.346,-33.385,40.541,-47.882
23.23,2.200,0.737,3.343,-32.995,40.539,-47.932
23.24,2.681,0.738,3.342,-32.785,40.529,-47.985
23.25,2.373,0.740,3.339,-33.162,40.511,-48.050
23.26,2.634,0.742,3.339,-33.045,40.482,-48.121
23.27,2.657,0.743,3.339,-32.180,40.462,-48.170
23.28,2.468,0.748,3.340,-32.032,40.461,-48.197
23.29,2.676,0.749,3.339,-32.887,40.459,-48.234
23.30,2.959,0.753,3.345,-32.381,40.475,-48.245
23.31,2.865,0.758,3.351,-32.717,40.497,-48.254
23.32,2.744,0.762,3.354,-32.623,40.529,-48.250
23.33,2.616,0.767,3.356,-32.701,40.558,-48.248
23.34,3.113,0.772,3.364,-33.157,40.566,-48.272
23.35,2.515,0.781,3.369,-33.018,40.554,-48.313
23.36,2.471,0.790,3.373,-32.458,40.547,-48.339
23.37,2.293,0.803,3.378,-32.158,40.603,-48.299
23.38,2.680,0.809,3.382,-33.746,40.659,-48.278
23.39,2.685,0.808,3.379,-33.361,40.684,-48.281
23.40,2.922,0.812,3.383,-32.258,40.705,-48.274
23.41,2.747,0.821,3.390,-32.367,40.728,-48.264
23.42,2.264,0.838,3.399,-32.722,40.781,-48.228
23.43,2.735,0.847,3.406,-33.949,40.812,-48.230
23.44,3.111,0.855,3.417,-33.178,40.811,-48.252
23.45,2.762,0.868,3.426,-32.724,40.808,-48.268
23.46,2.365,0.882,3.433,-31.777,40.854,-48.222
23.47,2.254,0.895,3.437,-33.107,40.920,-48.174
23.48,2.975,0.904,3.445,-33.592,40.965,-48.152
23.49,2.691,0.913,3.450,-33.005,41.006,-48.126
23.50,2.488,0.932,3.463,-34.316,41.049,-48.113
23.51,2.333,0.937,3.459,-34.101,41.076,-48.114
23.52,2.762,0.947,3.467,-33.556,41.111,-48.118
23.53,2.378,0.948,3.459,-34.214,41.125,-48.129
23.54,2.427,0.951,3.454,-33.386,41.128,-48.140
23.55,2.222,0.957,3.449,-33.305,41.136,-48.143
23.56,2.613,0.958,3.445,-33.903,41.123,-48.174
23.57,2.508,0.961,3.441,-32.823,41.113,-48.186
23.58,2.070,0.964,3.432,-33.771,41.098,-48.214
23.59,2.967,0.965,3.432,-34.932,41.044,-48.294
23.60,2.497,0.963,3.422,-32.983,40.972,-48.365
23.61,2.458,0.967,3.419,-32.559,40.926,-48.402
23.62,2.799,0.966,3.415,-33.199,40.888,-48.437
23.63,2.947,0.965,3.413,-32.494,40.860,-48.452
23.64,2.672,0.964,3.408,-32.652,40.853,-48.447
23.65,2.919,0.963,3.405,-32.898,40.851,-48.439
23.66,2.536,0.962,3.398,-32.848,40.852,-48.427
23.67,2.511,0.965,3.394,-33.126,40.857,-48.413
23.68,2.745,0.968,3.393,-33.370,40.850,-48.413
23.69,2.426,0.967,3.385,-33.319,40.833,-48.440
23.70,3.053,0.966,3.384,-33.117,40.811,-48.449
23.71,2.594,0.964,3.377,-32.846,40.789,-48.453
23.72,2.376,0.967,3.371,-32.263,40.799,-48.416
23.74,2.810,0.971,3.372,-33.076,40.811,-48.387
23.74,3.043,0.969,3.370,-33.468,40.803,-48.383
23.75,3.046,0.969,3.371,-33.185,40.792,-48.377
23.76,2.781,0.964,3.363,-32.920,40.787,-48.359
23.78,2.154,0.962,3.349,-32.138,40.795,-48.319
23.78,2.884,0.965,3.351,-33.000,40.820,-48.272
23.79,2.669,0.959,3.341,-33.490,40.827,-48.248
23.81,2.455,0.958,3.332,-33.128,40.813,-48.240
23.81,2.281,0.959,3.323,-33.375,40.773,-48.260
23.82,2.338,0.959,3.315,-32.695,40.743,-48.259
23.83,2.422,0.971,3.318,-32.406,40.750,-48.217
23.85,2.614,0.978,3.320,-33.524,40.748,-48.198
23.86,2.549,0.981,3.317,-32.820,40.734,-48.181
23.86,2.705,0.980,3.312,-32.779,40.722,-48.160
23.88,2.526,0.978,3.303,-32.463,40.715,-48.129
23.89,2.341,0.980,3.296,-31.789,40.737,-48.060
23.89,3.398,0.980,3.302,-33.032,40.759,-48.006
23.90,2.731,0.977,3.294,-33.459,40.769,-47.970
23.91,2.881,0.974,3.289,-32.856,40.772,-47.932
23.92,2.664,0.971,3.282,-33.430,40.780,-47.897
23.93,2.530,0.968,3.273,-33.429,40.778,-47.870
23.95,2.888,0.966,3.269,-33.247,40.778,-47.838
23.95,2.506,0.963,3.260,-33.010,40.782,-47.799
23.97,2.544,0.961,3.252,-32.757,40.802,-47.739
23.98,2.551,0.964,3.249,-32.329,40.850,-47.646
23.99,2.440,0.962,3.239,-33.557,40.883,-47.584
24.00,2.435,0.961,3.231,-32.702,40.915,-47.513
24.00,2.264,0.971,3.232,-32.682,40.976,-47.410
24.02,3.181,0.975,3.238,-34.239,41.016,-47.351
24.03,3.052,0.972,3.236,-33.904,41.011,-47.331
24.04,2.806,0.972,3.233,-33.181,40.988,-47.333
24.05,2.282,0.974,3.226,-31.871,40.990,-47.277
24.06,2.798,0.976,3.225,-33.486,41.001,-47.233
24.07,2.642,0.975,3.220,-33.852,40.997,-47.208
24.08,2.374,0.979,3.216,-32.827,40.992,-47.170
24.09,2.325,0.985,3.213,-32.914,40.991,-47.128
24.10,2.595,0.984,3.206,-33.914,40.983,-47.107
24.11,2.589,0.985,3.202,-33.004,40.970,-47.077
24.12,2.490,0.985,3.195,-33.878,40.944,-47.071
24.13,2.863,0.984,3.192,-33.351,40.898,-47.076
24.14,2.138,0.979,3.177,-33.511,40.833,-47.101
24.15,2.408,0.985,3.175,-30.826,40.820,-47.039
24.16,2.624,0.996,3.181,-32.948,40.839,-46.973
24.17,2.929,0.996,3.180,-34.026,40.829,-46.949
24.18,2.458,0.994,3.171,-33.150,40.796,-46.935
24.19,2.486,0.990,3.161,-33.052,40.771,-46.911
24.20,2.554,0.991,3.156,-32.115,40.772,-46.849
24.21,2.421,1.002,3.160,-32.128,40.825,-46.749
24.22,3.028,1.011,3.169,-33.768,40.880,-46.654
24.23,3.014,1.013,3.171,-34.053,40.905,-46.594
24.24,2.851,1.010,3.166,-33.703,40.902,-46.556
24.25,2.979,1.007,3.163,-33.393,40.892,-46.521
24.26,2.585,1.008,3.158,-31.963,40.914,-46.435
24.27,3.039,1.012,3.163,-33.275,40.959,-46.343
24.28,2.908,1.012,3.162,-33.853,40.984,-46.279
24.29,2.438,1.011,3.153,-33.518,40.989,-46.230
24.30,2.237,1.013,3.145,-34.069,40.976,-46.206
24.31,2.235,1.012,3.134,-33.052,40.954,-46.177
24.32,2.416,1.015,3.129,-32.826,40.942,-46.134
24.33,2.524,1.016,3.124,-33.935,40.925,-46.110
24.34,2.742,1.013,3.118,-33.946,40.880,-46.114
24.35,2.725,1.008,3.109,-32.725,40.816,-46.119
24.36,2.634,1.007,3.104,-31.647,40.786,-46.075
24.37,2.667,1.004,3.097,-32.506,40.779,-46.020
24.38,2.553,1.005,3.092,-32.513,40.785,-45.951
24.39,2.566,1.004,3.086,-32.960,40.788,-45.891
24.40,2.840,1.000,3.080,-33.190,40.778,-45.847
24.41,2.658,1.003,3.080,-32.582,40.789,-45.773
24.42,2.926,1.005,3.081,-33.378,40.792,-45.718
24.43,2.565,1.005,3.075,-32.905,40.782,-45.670
24.44,2.547,1.004,3.070,-33.175,40.778,-45.619
24.45,2.658,1.002,3.063,-33.200,40.768,-45.573
24.46,2.470,0.999,3.054,-32.706,40.757,-45.522
24.47,2.704,1.000,3.052,-33.154,40.758,-45.464
24.48,3.184,1.005,3.060,-33.246,40.758,-45.409
24.49,2.794,1.008,3.061,-33.146,40.750,-45.360
24.50,3.037,1.010,3.063,-33.050,40.743,-45.309
24.51,2.725,1.012,3.062,-32.937,40.730,-45.261
24.52,2.859,1.014,3.063,-32.624,40.719,-45.207
24.53,2.819,1.012,3.059,-32.356,40.721,-45.137
24.54,2.724,1.012,3.055,-32.750,40.738,-45.056
24.55,2.561,1.012,3.051,-32.625,40.761,-44.979
24.56,2.654,1.014,3.049,-32.928,40.787,-44.892
24.57,2.520,1.016,3.045,-32.785,40.816,-44.801
24.58,2.438,1.020,3.042,-33.584,40.842,-44.724
24.59,3.003,1.019,3.041,-33.969,40.838,-44.681
24.60,2.421,1.014,3.030,-33.067,40.819,-44.641
24.61,2.725,1.017,3.030,-33.103,40.803,-44.598
24.62,2.973,1.016,3.029,-32.988,40.779,-44.561
24.63,2.686,1.017,3.026,-32.606,40.766,-44.508
24.64,2.692,1.018,3.024,-32.627,40.759,-44.449
24.65,2.700,1.016,3.018,-32.902,40.753,-44.392
24.66,2.618,1.019,3.017,-33.395,40.751,-44.338
24.67,2.895,1.018,3.015,-33.276,40.732,-44.299
24.68,2.188,1.021,3.008,-33.022,40.700,-44.270
24.69,2.683,1.022,3.005,-32.810,40.668,-44.237
24.70,2.710,1.023,3.004,-33.052,40.632,-44.211
24.71,2.867,1.025,3.005,-32.050,40.602,-44.164
24.72,2.776,1.028,3.006,-32.610,40.594,-44.112
24.73,2.735,1.035,3.009,-32.683,40.609,-44.029
24.74,2.717,1.038,3.009,-32.598,40.626,-43.943
24.75,2.718,1.041,3.009,-32.898,40.648,-43.857
24.76,2.991,1.039,3.007,-33.363,40.651,-43.797
24.77,2.505,1.036,2.999,-33.248,40.637,-43.750
24.78,2.791,1.032,2.992,-32.081,40.637,-43.675
24.79,2.774,1.033,2.991,-32.848,40.652,-43.595
24.80,2.345,1.035,2.986,-33.225,40.659,-43.528
24.81,3.072,1.036,2.988,-32.481,40.662,-43.456
24.82,2.540,1.034,2.981,-32.970,40.663,-43.391
24.83,2.394,1.038,2.978,-32.094,40.694,-43.286
24.84,2.765,1.039,2.976,-33.285,40.728,-43.195
24.85,2.870,1.036,2.972,-33.080,40.755,-43.108
24.86,2.955,1.038,2.974,-33.179,40.788,-43.016
24.87,2.897,1.035,2.971,-33.551,40.808,-42.944
24.88,3.178,1.028,2.967,-33.460,40.808,-42.889
24.89,2.898,1.024,2.963,-32.779,40.812,-42.821
24.90,2.746,1.023,2.959,-32.766,40.831,-42.739
24.91,2.641,1.019,2.952,-32.749,40.849,-42.659
24.92,2.527,1.020,2.948,-32.951,40.881,-42.566
24.93,2.661,1.023,2.947,-33.538,40.902,-42.494
24.94,2.895,1.017,2.941,-33.878,40.892,-42.455
24.95,2.452,1.017,2.935,-32.449,40.883,-42.399
24.96,2.702,1.019,2.934,-33.457,40.879,-42.349
24.97,2.703,1.019,2.931,-33.158,40.872,-42.298
24.98,2.619,1.017,2.926,-32.960,40.874,-42.237
24.99,2.402,1.017,2.919,-32.715,40.900,-42.148
25.00,2.847,1.016,2.917,-33.471,40.926,-42.070
25.01,2.937,1.015,2.917,-32.428,40.958,-41.973
25.02,2.600,1.020,2.918,-32.787,41.007,-41.864
25.03,3.152,1.023,2.924,-34.363,41.041,-41.791
25.04,2.742,1.021,2.919,-34.077,41.035,-41.755
25.05,2.705,1.024,2.920,-32.105,41.038,-41.683
25.06,2.676,1.026,2.920,-33.649,41.045,-41.634
25.07,2.435,1.027,2.914,-33.028,41.048,-41.575
25.08,2.758,1.030,2.915,-33.140,41.049,-41.519
25.09,2.863,1.032,2.916,-33.540,41.039,-41.479
25.10,2.714,1.035,2.916,-32.973,41.025,-41.437
25.11,3.058,1.035,2.919,-33.239,41.005,-41.403
25.12,2.610,1.032,2.911,-33.184,40.990,-41.364
25.13,3.060,1.034,2.915,-33.069,40.988,-41.309
25.14,2.825,1.033,2.914,-33.428,40.981,-41.265
25.15,2.643,1.033,2.910,-33.265,40.969,-41.224
25.16,2.705,1.032,2.906,-33.130,40.951,-41.187
25.17,2.266,1.040,2.906,-32.152,40.977,-41.092
25.18,2.644,1.045,2.908,-33.538,40.997,-41.024
25.19,2.984,1.047,2.911,-33.686,40.993,-40.980
25.20,2.345,1.047,2.903,-33.453,40.978,-40.945
25.21,2.816,1.046,2.901,-32.753,40.964,-40.900
25.22,2.757,1.042,2.895,-32.622,40.952,-40.851
25.23,2.853,1.040,2.893,-32.287,40.953,-40.788
25.24,2.865,1.041,2.893,-32.763,40.971,-40.712
25.25,2.932,1.045,2.897,-33.241,40.985,-40.645
25.26,2.455,1.046,2.892,-33.839,40.976,-40.609
25.28,2.593,1.051,2.893,-32.894,40.975,-40.553
25.28,2.866,1.053,2.895,-33.876,40.959,-40.525
25.29,2.588,1.051,2.889,-33.462,40.932,-40.503
25.30,2.497,1.047,2.879,-32.535,40.917,-40.456
25.32,2.537,1.057,2.884,-32.241,40.964,-40.344
25.32,2.647,1.063,2.887,-34.014,41.011,-40.255
25.33,2.872,1.062,2.885,-33.740,41.030,-40.192
25.35,2.614,1.065,2.884,-32.971,41.053,-40.116
25.36,2.779,1.067,2.885,-33.271,41.079,-40.040
25.36,2.811,1.066,2.883,-34.305,41.097,-39.987
25.37,2.638,1.064,2.877,-33.257,41.106,-39.929
25.39,3.048,1.067,2.882,-33.651,41.109,-39.882
25.40,3.125,1.064,2.883,-33.765,41.094,-39.854
25.40,2.471,1.065,2.878,-32.563,41.093,-39.798
25.42,2.934,1.066,2.880,-33.592,41.104,-39.743
25.43,3.011,1.065,2.880,-33.624,41.098,-39.704
25.44,2.991,1.058,2.874,-33.011,41.081,-39.670
25.45,2.923,1.057,2.873,-32.543,41.069,-39.624
25.46,2.720,1.055,2.869,-32.769,41.073,-39.565
25.47,2.875,1.053,2.867,-33.617,41.086,-39.509
25.48,2.770,1.048,2.861,-33.843,41.088,-39.467
25.49,2.732,1.044,2.855,-33.684,41.074,-39.438
25.50,2.600,1.039,2.846,-33.276,41.043,-39.422
25.50,2.483,1.046,2.848,-32.095,41.044,-39.357
25.52,2.775,1.048,2.849,-33.986,41.041,-39.322
25.53,2.463,1.049,2.844,-33.341,41.018,-39.297
25.54,2.362,1.050,2.838,-32.687,41.003,-39.257
25.55,2.300,1.054,2.835,-33.050,41.010,-39.200
25.56,2.774,1.053,2.833,-33.347,41.011,-39.153
25.57,2.214,1.057,2.828,-32.730,41.019,-39.090
25.58,2.782,1.060,2.829,-33.740,41.022,-39.049
25.59,2.810,1.060,2.829,-33.407,41.014,-39.012
25.60,2.578,1.063,2.829,-33.175,41.012,-38.967
25.61,2.704,1.065,2.828,-33.167,41.006,-38.925
25.62,2.366,1.068,2.824,-32.996,41.006,-38.874
25.63,2.674,1.072,2.825,-32.945,41.026,-38.804
25.64,3.063,1.072,2.828,-33.999,41.037,-38.757
25.65,2.928,1.071,2.828,-33.462,41.031,-38.719
25.66,2.562,1.072,2.825,-33.337,41.023,-38.683
25.67,2.691,1.070,2.820,-33.380,41.008,-38.654
25.68,2.936,1.066,2.818,-33.413,40.988,-38.630
25.69,2.646,1.069,2.817,-31.978,40.996,-38.559
25.70,2.814,1.070,2.818,-33.319,41.010,-38.501
25.71,2.952,1.070,2.819,-33.218,41.019,-38.448
25.72,2.329,1.069,2.812,-32.534,41.035,-38.377
25.73,2.272,1.073,2.808,-33.407,41.053,-38.317
25.74,2.741,1.077,2.810,-32.183,41.098,-38.215
25.75,2.651,1.083,2.813,-34.645,41.146,-38.146
25.76,2.877,1.083,2.813,-34.295,41.154,-38.109
25.77,2.863,1.079,2.810,-33.276,41.142,-38.080
25.78,2.709,1.079,2.808,-32.971,41.136,-38.040
25.79,3.249,1.082,2.815,-33.102,41.151,-37.981
25.80,2.885,1.083,2.817,-33.615,41.167,-37.928
25.81,2.955,1.076,2.811,-33.936,41.163,-37.900
25.82,2.808,1.070,2.805,-33.604,41.141,-37.885
25.83,2.801,1.065,2.799,-33.178,41.114,-37.870
25.84,2.267,1.057,2.784,-32.403,41.129,-37.802
25.85,2.906,1.054,2.781,-33.477,41.177,-37.717
25.86,3.058,1.047,2.778,-33.986,41.196,-37.668
25.87,2.859,1.040,2.771,-33.700,41.191,-37.639
25.88,2.230,1.037,2.760,-33.138,41.179,-37.610
25.89,2.806,1.034,2.757,-33.155,41.178,-37.570
25.90,2.734,1.032,2.754,-33.539,41.176,-37.537
25.91,2.950,1.030,2.754,-33.804,41.167,-37.513
25.92,3.012,1.028,2.755,-33.483,41.155,-37.489
25.93,3.061,1.022,2.753,-33.442,41.133,-37.473
25.94,2.444,1.021,2.746,-33.144,41.117,-37.449
25.95,2.637,1.021,2.745,-33.310,41.092,-37.435
25.96,2.854,1.021,2.745,-32.931,41.067,-37.416
25.97,2.906,1.021,2.747,-33.126,41.042,-37.399
25.98,2.777,1.015,2.741,-32.716,41.017,-37.377
25.99,2.552,1.012,2.735,-33.172,41.007,-37.347
26.00,2.642,1.016,2.737,-32.655,41.023,-37.283
26.01,2.827,1.018,2.739,-33.188,41.046,-37.220
26.02,2.933,1.017,2.740,-33.176,41.060,-37.166
26.03,3.016,1.017,2.743,-33.016,41.067,-37.118
26.04,3.031,1.013,2.743,-33.158,41.070,-37.076
26.05,2.425,1.011,2.736,-32.782,41.081,-37.021
26.06,2.948,1.009,2.736,-33.905,41.076,-36.998
26.07,2.654,1.002,2.728,-33.201,41.053,-36.982
26.08,2.720,1.002,2.727,-32.751,41.046,-36.946
26.09,2.698,1.005,2.729,-33.796,41.023,-36.939
26.10,2.361,1.004,2.723,-33.096,40.984,-36.939
26.11,2.466,1.005,2.719,-32.517,40.957,-36.918
26.12,3.241,1.004,2.725,-32.917,40.947,-36.886
26.13,2.415,1.004,2.720,-32.988,40.942,-36.849
26.14,2.434,1.001,2.713,-31.975,40.975,-36.762
26.15,2.893,0.998,2.712,-33.788,41.010,-36.699
26.16,2.857,0.992,2.707,-34.248,41.009,-36.677
26.17,3.080,0.985,2.704,-33.559,40.987,-36.667
26.18,2.450,0.983,2.699,-32.798,40.974,-36.637
26.19,3.280,0.980,2.702,-33.583,40.953,-36.626
26.20,2.722,0.972,2.695,-33.708,40.913,-36.636
26.21,2.953,0.964,2.689,-33.149,40.877,-36.633
26.22,2.267,0.953,2.672,-32.092,40.876,-36.583
26.23,3.058,0.948,2.672,-32.753,40.896,-36.520
26.24,2.985,0.940,2.668,-33.387,40.908,-36.475
26.25,3.377,0.938,2.674,-33.619,40.898,-36.454
26.26,3.164,0.936,2.678,-33.398,40.859,-36.460
26.27,2.729,0.928,2.671,-32.962,40.812,-36.466
26.28,2.808,0.926,2.670,-31.839,40.792,-36.431
26.29,3.293,0.930,2.682,-32.436,40.801,-36.376
26.30,2.893,0.933,2.687,-32.445,40.821,-36.310
26.31,2.879,0.936,2.693,-32.942,40.847,-36.246
26.32,2.599,0.932,2.687,-33.629,40.856,-36.208
26.33,2.893,0.927,2.685,-33.646,40.839,-36.195
26.34,2.643,0.925,2.681,-32.155,40.833,-36.153
26.35,2.602,0.924,2.680,-32.926,40.847,-36.101
26.36,3.037,0.924,2.684,-32.808,40.868,-36.041
26.37,2.556,0.923,2.680,-33.277,40.887,-35.990
26.38,2.442,0.924,2.678,-33.628,40.900,-35.949
26.39,3.012,0.926,2.684,-33.668,40.902,-35.921
26.40,2.591,0.925,2.681,-33.837,40.879,-35.920
26.41,2.420,0.924,2.677,-32.583,40.847,-35.911
26.42,3.031,0.923,2.681,-33.211,40.814,-35.911
26.43,3.200,0.924,2.688,-32.786,40.791,-35.895
26.44,2.848,0.925,2.691,-32.675,40.777,-35.869
26.45,2.789,0.926,2.693,-33.289,40.768,-35.845
26.46,2.497,0.927,2.691,-32.840,40.763,-35.813
26.47,2.650,0.930,2.693,-32.991,40.769,-35.772
26.48,2.799,0.936,2.700,-33.386,40.774,-35.737
26.49,3.353,0.936,2.709,-33.470,40.759,-35.723
26.50,2.707,0.936,2.708,-32.920,40.737,-35.709
26.51,2.912,0.938,2.713,-33.372,40.707,-35.709
26.52,2.998,0.935,2.713,-32.653,40.674,-35.703
26.53,2.787,0.938,2.717,-32.617,40.662,-35.675
26.54,2.681,0.940,2.719,-33.015,40.659,-35.643
26.55,2.575,0.943,2.720,-32.586,40.668,-35.594
26.56,2.565,0.944,2.718,-32.615,40.682,-35.541
26.57,3.055,0.943,2.722,-33.280,40.680,-35.513
26.58,3.376,0.937,2.724,-32.919,40.656,-35.502
26.59,3.212,0.938,2.731,-32.883,40.631,-35.491
26.60,2.935,0.937,2.733,-32.896,40.599,-35.489
26.61,2.773,0.934,2.730,-32.595,40.575,-35.473
26.62,2.433,0.935,2.728,-32.680,40.571,-35.439
26.63,2.863,0.935,2.730,-32.627,40.573,-35.398
26.64,2.816,0.937,2.732,-31.810,40.596,-35.327
26.65,2.566,0.942,2.735,-32.384,40.645,-35.237
26.66,3.007,0.941,2.738,-34.027,40.666,-35.199
26.67,2.791,0.935,2.732,-33.315,40.652,-35.185
26.68,3.044,0.932,2.734,-32.897,40.621,-35.184
26.69,3.068,0.925,2.731,-32.785,40.580,-35.190
26.70,2.564,0.929,2.733,-31.862,40.557,-35.166
26.71,3.017,0.936,2.743,-32.213,40.565,-35.116
26.72,3.080,0.935,2.746,-33.130,40.587,-35.065
26.73,2.972,0.931,2.745,-32.953,40.601,-35.020
26.74,2.687,0.926,2.740,-32.498,40.610,-34.974
26.75,2.595,0.923,2.735,-32.716,40.626,-34.925
26.76,2.880,0.920,2.735,-32.880,40.634,-34.886
26.77,2.985,0.914,2.732,-33.130,40.640,-34.853
26.79,2.674,0.916,2.733,-32.920,40.646,-34.817
26.80,2.743,0.918,2.735,-32.378,40.651,-34.775
26.81,2.561,0.921,2.735,-32.236,40.671,-34.718
26.82,2.594,0.921,2.734,-32.849,40.696,-34.664
26.83,2.902,0.921,2.736,-33.122,40.718,-34.617
26.84,2.963,0.917,2.736,-32.951,40.733,-34.575
26.85,3.225,0.914,2.739,-32.866,40.739,-34.542
26.86,2.565,0.911,2.733,-33.522,40.731,-34.531
26.87,2.417,0.908,2.727,-32.419,40.725,-34.504
26.88,3.012,0.909,2.732,-33.067,40.722,-34.483
26.89,2.664,0.907,2.729,-33.574,40.712,-34.474
26.90,2.947,0.902,2.727,-32.785,40.700,-34.459
26.90,2.388,0.904,2.724,-31.765,40.715,-34.403
26.92,2.911,0.904,2.727,-32.068,40.759,-34.323
26.93,3.024,0.906,2.733,-33.123,40.812,-34.248
26.94,3.089,0.902,2.734,-33.114,40.854,-34.186
26.95,3.057,0.896,2.733,-32.996,40.887,-34.131
26.96,2.802,0.892,2.729,-33.440,40.905,-34.098
26.97,2.381,0.888,2.721,-32.380,40.929,-34.045
26.98,2.851,0.888,2.723,-33.542,40.964,-33.997
26.99,2.993,0.891,2.729,-33.677,40.996,-33.955
27.00,2.642,0.894,2.732,-33.420,41.018,-33.919
27.01,2.694,0.897,2.734,-33.849,41.024,-33.906
27.02,2.762,0.901,2.739,-33.039,41.026,-33.886
27.03,2.694,0.906,2.743,-33.567,41.026,-33.874
27.04,2.949,0.911,2.751,-33.892,41.012,-33.883
27.05,2.719,0.915,2.755,-32.752,40.991,-33.881
27.06,2.455,0.921,2.757,-32.814,40.992,-33.860
27.07,3.214,0.927,2.769,-32.894,40.996,-33.836
27.08,2.809,0.927,2.770,-32.825,41.006,-33.806
27.09,2.705,0.930,2.772,-32.303,41.031,-33.754
27.10,2.971,0.933,2.778,-32.779,41.077,-33.689
27.11,3.374,0.931,2.784,-34.023,41.097,-33.666
27.12,2.938,0.925,2.780,-33.139,41.094,-33.654
27.13,2.816,0.919,2.776,-33.201,41.092,-33.643
27.14,2.469,0.918,2.770,-32.996,41.099,-33.620
27.15,2.900,0.918,2.773,-33.438,41.109,-33.601
27.16,2.396,0.916,2.766,-32.418,41.133,-33.554
27.17,2.479,0.924,2.770,-32.414,41.197,-33.468
27.18,3.120,0.926,2.777,-34.217,41.262,-33.406
27.19,3.044,0.920,2.775,-33.940,41.310,-33.359
27.20,3.305,0.915,2.777,-33.474,41.363,-33.301
27.21,3.213,0.911,2.779,-33.573,41.415,-33.246
27.22,2.761,0.914,2.782,-34.065,41.448,-33.216
27.23,2.788,0.919,2.788,-34.727,41.452,-33.224
27.24,2.696,0.926,2.793,-34.552,41.427,-33.259
27.25,2.134,0.928,2.787,-33.836,41.401,-33.286
27.26,2.131,0.932,2.783,-32.577,41.395,-33.275
27.27,2.264,0.936,2.780,-33.549,41.390,-33.276
27.28,2.425,0.938,2.778,-33.621,41.386,-33.278
27.29,2.670,0.938,2.776,-33.310,41.386,-33.271
27.30,2.853,0.935,2.775,-33.002,41.399,-33.247
27.31,2.766,0.937,2.776,-33.216,41.420,-33.219
27.32,2.899,0.943,2.784,-33.768,41.450,-33.189
27.33,2.950,0.944,2.787,-34.625,41.459,-33.192
27.34,3.275,0.941,2.791,-33.896,41.447,-33.207
27.35,2.888,0.940,2.791,-33.607,41.440,-33.212
27.36,2.873,0.937,2.790,-33.407,41.439,-33.209
27.37,2.551,0.936,2.786,-33.571,41.444,-33.202
27.38,2.608,0.938,2.786,-33.415,41.463,-33.178
27.39,2.627,0.943,2.789,-33.388,41.496,-33.142
27.40,2.763,0.944,2.789,-34.138,41.516,-33.129
27.41,2.715,0.943,2.788,-33.840,41.514,-33.134
27.42,2.727,0.942,2.786,-33.665,41.503,-33.145
27.43,2.832,0.940,2.785,-33.686,41.488,-33.160
27.44,2.764,0.942,2.787,-32.977,41.499,-33.141
27.45,2.682,0.947,2.790,-34.184,41.526,-33.121
27.46,3.036,0.943,2.790,-34.463,41.536,-33.123
27.47,3.184,0.936,2.789,-33.846,41.532,-33.129
27.48,2.647,0.933,2.784,-33.492,41.528,-33.132
27.49,2.670,0.931,2.781,-32.953,41.537,-33.114
27.50,2.838,0.934,2.785,-33.497,41.564,-33.086
27.51,2.798,0.935,2.785,-34.686,41.577,-33.088
27.52,2.899,0.934,2.786,-34.350,41.570,-33.105
27.53,2.787,0.934,2.787,-33.573,41.561,-33.114
27.54,3.039,0.934,2.790,-33.786,41.551,-33.127
27.55,3.033,0.935,2.794,-34.073,41.535,-33.149
27.56,2.491,0.938,2.793,-33.006,41.536,-33.141
27.57,2.566,0.939,2.792,-33.709,41.552,-33.127
27.58,2.796,0.940,2.793,-34.264,41.552,-33.135
27.59,2.940,0.940,2.796,-33.589,41.542,-33.146
27.60,2.257,0.947,2.795,-32.817,41.580,-33.098
27.61,2.913,0.952,2.802,-34.907,41.610,-33.086
27.62,2.670,0.952,2.800,-34.497,41.603,-33.106
27.63,3.043,0.956,2.807,-33.117,41.600,-33.104
27.64,3.069,0.961,2.816,-33.818,41.611,-33.097
27.65,2.831,0.961,2.816,-34.160,41.606,-33.110
27.66,3.051,0.957,2.816,-33.632,41.600,-33.117
27.67,2.967,0.956,2.817,-33.816,41.599,-33.122
27.68,2.431,0.956,2.812,-32.823,41.614,-33.098
27.69,2.547,0.955,2.808,-33.954,41.627,-33.092
27.70,2.764,0.959,2.812,-33.809,41.645,-33.078
27.71,2.555,0.964,2.814,-34.229,41.669,-33.064
27.72,2.903,0.967,2.818,-34.357,41.680,-33.065
27.73,2.979,0.968,2.821,-33.442,41.687,-33.058
27.74,2.939,0.972,2.826,-33.959,41.711,-33.041
27.75,2.660,0.972,2.825,-34.070,41.734,-33.027
27.76,3.119,0.976,2.833,-34.277,41.732,-33.041
27.77,2.938,0.976,2.835,-34.239,41.713,-33.071
27.78,2.602,0.978,2.833,-33.886,41.695,-33.095
27.79,2.760,0.982,2.837,-33.416,41.681,-33.108
27.80,3.196,0.984,2.844,-33.802,41.666,-33.127
27.81,2.882,0.985,2.845,-34.149,41.653,-33.149
27.82,2.909,0.984,2.846,-34.161,41.631,-33.179
27.83,3.077,0.978,2.843,-33.949,41.597,-33.219
27.84,3.116,0.979,2.847,-33.608,41.589,-33.227
27.85,2.547,0.977,2.841,-33.859,41.575,-33.245
27.86,2.605,0.977,2.839,-32.702,41.576,-33.233
27.87,2.963,0.980,2.843,-33.654,41.599,-33.211
27.88,3.250,0.982,2.851,-34.090,41.618,-33.200
27.89,2.699,0.984,2.851,-33.481,41.627,-33.191
27.90,3.160,0.984,2.855,-33.643,41.641,-33.178
27.91,2.795,0.981,2.852,-34.573,41.648,-33.186
27.92,2.976,0.980,2.853,-33.356,41.650,-33.183
27.93,2.829,0.978,2.851,-33.130,41.648,-33.180
27.94,2.800,0.973,2.846,-34.463,41.640,-33.201
27.95,2.325,0.973,2.839,-33.250,41.648,-33.189
27.96,2.583,0.974,2.837,-33.494,41.667,-33.171
27.97,2.952,0.974,2.839,-33.978,41.677,-33.167
27.98,2.329,0.972,2.830,-34.086,41.691,-33.162
27.99,2.622,0.973,2.829,-34.684,41.705,-33.165
28.00,2.937,0.969,2.826,-34.360,41.692,-33.190
28.01,2.263,0.970,2.820,-33.365,41.698,-33.182
28.02,2.757,0.976,2.825,-34.253,41.703,-33.188
28.03,3.259,0.976,2.831,-33.306,41.700,-33.190
28.04,2.859,0.976,2.832,-33.942,41.702,-33.194
28.05,2.848,0.974,2.830,-34.136,41.709,-33.196
28.06,2.834,0.973,2.829,-33.889,41.709,-33.202
28.07,2.598,0.972,2.826,-32.993,41.714,-33.191
28.08,2.500,0.975,2.825,-34.462,41.721,-33.198
28.09,2.416,0.976,2.820,-33.511,41.704,-33.216
28.10,2.863,0.973,2.818,-33.358,41.691,-33.227
28.11,2.541,0.975,2.816,-33.552,41.701,-33.219
28.12,2.619,0.974,2.813,-33.987,41.706,-33.220
28.13,2.989,0.974,2.815,-33.735,41.709,-33.221
28.14,2.926,0.977,2.819,-34.184,41.714,-33.226
28.15,2.857,0.977,2.820,-34.065,41.705,-33.243
28.16,2.949,0.979,2.824,-32.724,41.708,-33.230
28.17,2.906,0.976,2.821,-34.013,41.713,-33.232
28.18,2.951,0.969,2.817,-33.683,41.715,-33.233
28.19,3.009,0.971,2.821,-33.391,41.731,-33.217
28.20,2.909,0.973,2.825,-33.668,41.750,-33.201
28.21,2.838,0.968,2.820,-34.052,41.761,-33.199
28.23,2.964,0.967,2.821,-33.547,41.776,-33.186
28.23,2.759,0.968,2.821,-34.119,41.788,-33.184
28.24,2.547,0.970,2.819,-34.151,41.778,-33.204
28.25,2.642,0.973,2.820,-33.248,41.773,-33.207
28.26,3.140,0.978,2.830,-34.346,41.774,-33.219
28.27,2.776,0.982,2.833,-34.417,41.761,-33.245
28.28,2.485,0.987,2.834,-33.259,41.759,-33.245
28.29,2.756,0.997,2.842,-33.486,41.778,-33.226
28.31,2.957,1.005,2.852,-34.417,41.784,-33.235
28.32,2.711,1.009,2.854,-33.408,41.780,-33.238
28.33,2.492,1.018,2.858,-33.904,41.786,-33.239
28.34,2.479,1.024,2.859,-33.896,41.800,-33.232
28.35,2.690,1.029,2.862,-33.944,41.819,-33.220
28.36,2.650,1.031,2.861,-34.051,41.836,-33.212
28.37,2.917,1.034,2.865,-33.986,41.850,-33.206
28.38,2.683,1.038,2.866,-34.465,41.852,-33.219
28.39,2.871,1.037,2.866,-34.603,41.835,-33.252
28.40,2.538,1.039,2.864,-34.033,41.804,-33.292
28.41,2.981,1.041,2.867,-34.395,41.762,-33.346
28.42,2.822,1.044,2.869,-33.230,41.739,-33.365
28.43,2.523,1.048,2.868,-33.716,41.731,-33.377
28.44,2.790,1.052,2.871,-33.571,41.737,-33.372
28.45,2.930,1.057,2.876,-33.818,41.756,-33.357
28.46,2.651,1.061,2.878,-33.572,41.788,-33.327
28.47,2.731,1.061,2.876,-34.447,41.814,-33.315
28.48,2.831,1.059,2.873,-34.307,41.829,-33.311
28.49,3.261,1.056,2.875,-34.286,41.829,-33.322
28.50,3.340,1.053,2.878,-33.927,41.819,-33.340
28.51,2.456,1.052,2.872,-32.991,41.824,-33.329
28.52,2.973,1.055,2.876,-33.556,41.847,-33.308
28.53,3.002,1.060,2.882,-33.819,41.866,-33.294
28.54,3.027,1.060,2.884,-33.820,41.885,-33.281
28.55,2.437,1.064,2.882,-33.639,41.920,-33.251
28.56,3.014,1.070,2.889,-34.588,41.955,-33.233
28.57,2.668,1.071,2.888,-34.058,41.983,-33.215
28.58,2.731,1.075,2.890,-33.534,42.023,-33.179
28.59,3.088,1.075,2.892,-34.494,42.053,-33.165
28.60,2.689,1.073,2.887,-33.891,42.090,-33.138
28.61,2.867,1.073,2.887,-33.820,42.140,-33.096
28.62,2.970,1.072,2.887,-35.322,42.180,-33.086
28.63,2.568,1.072,2.883,-33.677,42.231,-33.043
28.64,3.132,1.074,2.888,-34.485,42.286,-33.007
28.65,2.715,1.077,2.888,-34.486,42.344,-32.968
28.66,2.680,1.077,2.886,-35.337,42.387,-32.957
28.67,3.216,1.077,2.889,-34.679,42.409,-32.958
28.68,3.159,1.080,2.896,-34.974,42.419,-32.975
28.69,2.984,1.077,2.894,-34.936,42.406,-33.014
28.70,3.035,1.072,2.891,-34.452,42.374,-33.065
28.71,3.019,1.073,2.893,-34.573,42.345,-33.113
28.72,2.652,1.072,2.890,-34.334,42.330,-33.145
28.73,2.812,1.073,2.890,-33.916,42.336,-33.150
28.74,2.963,1.072,2.889,-35.080,42.342,-33.171
28.75,2.691,1.067,2.882,-34.291,42.340,-33.188
28.76,2.530,1.068,2.878,-33.903,42.357,-33.182
28.77,2.646,1.070,2.877,-34.543,42.381,-33.177
28.78,2.879,1.069,2.876,-34.539,42.393,-33.184
28.79,2.756,1.070,2.875,-34.434,42.411,-33.184
28.80,2.869,1.072,2.877,-34.936,42.420,-33.199
28.81,2.817,1.074,2.878,-35.192,42.407,-33.240
28.82,2.692,1.073,2.875,-34.831,42.378,-33.292
28.83,3.118,1.074,2.878,-34.292,42.337,-33.347
28.84,2.609,1.079,2.879,-33.526,42.322,-33.366
28.85,2.954,1.082,2.883,-34.296,42.322,-33.380
28.86,3.285,1.080,2.887,-34.001,42.324,-33.388
28.87,2.788,1.079,2.884,-34.176,42.342,-33.382
28.88,3.075,1.077,2.885,-34.856,42.358,-33.388
28.89,2.764,1.076,2.881,-33.280,42.384,-33.363
28.90,2.853,1.075,2.880,-35.598,42.396,-33.383
28.91,2.541,1.073,2.874,-34.604,42.380,-33.417
28.92,2.891,1.073,2.874,-34.521,42.368,-33.446
28.93,2.696,1.076,2.875,-34.180,42.369,-33.457
28.94,2.873,1.079,2.877,-34.789,42.368,-33.479
28.95,2.609,1.078,2.872,-34.210,42.366,-33.492
28.96,2.789,1.077,2.870,-34.549,42.372,-33.503
28.97,3.100,1.076,2.872,-34.833,42.370,-33.526
28.98,2.819,1.074,2.869,-34.470,42.359,-33.552
28.99,2.796,1.072,2.866,-34.082,42.349,-33.571
29.00,3.185,1.070,2.868,-34.501,42.336,-33.600
29.01,2.700,1.067,2.863,-34.404,42.322,-33.627
29.02,2.458,1.065,2.855,-34.091,42.310,-33.648
29.03,2.436,1.072,2.857,-34.003,42.319,-33.646
29.04,2.590,1.075,2.856,-35.047,42.319,-33.669
29.05,2.788,1.077,2.856,-34.801,42.304,-33.701
29.06,2.865,1.077,2.856,-34.602,42.286,-33.734
29.07,2.930,1.073,2.853,-34.727,42.257,-33.779
29.08,2.818,1.068,2.847,-33.706,42.235,-33.804
29.09,2.574,1.071,2.846,-33.658,42.242,-33.799
29.10,3.006,1.072,2.849,-35.152,42.239,-33.823
29.11,2.500,1.072,2.845,-34.848,42.217,-33.861
29.12,2.615,1.070,2.839,-34.152,42.194,-33.892
29.13,2.863,1.070,2.840,-34.560,42.168,-33.930
29.14,2.397,1.069,2.832,-34.363,42.138,-33.969
29.15,2.844,1.067,2.830,-33.866,42.116,-33.993
29.16,2.647,1.066,2.827,-33.863,42.118,-33.993
29.17,2.653,1.068,2.826,-34.136,42.131,-33.986
29.18,2.920,1.072,2.830,-34.301,42.150,-33.975
29.19,3.189,1.071,2.834,-34.760,42.160,-33.979
29.20,2.911,1.070,2.833,-34.639,42.154,-33.998
29.21,3.151,1.068,2.836,-34.224,42.149,-34.009
29.22,2.884,1.064,2.832,-34.507,42.137,-34.032
29.23,2.738,1.060,2.826,-32.587,42.138,-34.016
29.24,2.691,1.068,2.832,-34.295,42.175,-33.987
29.25,3.031,1.069,2.835,-35.128,42.197,-33.984
29.26,3.082,1.068,2.837,-34.643,42.202,-33.992
29.27,2.760,1.067,2.834,-33.920,42.217,-33.980
29.28,2.722,1.070,2.837,-34.364,42.249,-33.958
29.29,2.775,1.069,2.834,-34.450,42.259,-33.958
29.30,2.705,1.064,2.827,-34.398,42.256,-33.971
29.31,2.797,1.059,2.822,-34.700,42.249,-33.991
29.32,2.407,1.064,2.820,-33.463,42.263,-33.975
29.33,2.808,1.068,2.824,-34.428,42.275,-33.973
29.34,2.870,1.070,2.827,-35.341,42.259,-34.011
29.35,2.476,1.068,2.819,-34.347,42.219,-34.060
29.36,2.878,1.059,2.811,-33.546,42.183,-34.093
29.37,2.351,1.065,2.810,-32.988,42.206,-34.059
29.38,2.756,1.063,2.807,-34.419,42.232,-34.043
29.39,3.275,1.060,2.810,-35.073,42.236,-34.056
29.40,2.943,1.055,2.807,-33.933,42.228,-34.067
29.41,2.938,1.055,2.808,-34.182,42.213,-34.088
29.42,2.316,1.063,2.809,-33.579,42.235,-34.063
29.43,2.554,1.070,2.812,-34.553,42.265,-34.044
29.44,2.986,1.070,2.814,-35.459,42.269,-34.063
29.45,2.685,1.066,2.808,-33.858,42.263,-34.071
29.46,3.408,1.068,2.817,-34.345,42.274,-34.068
29.47,2.851,1.066,2.815,-34.396,42.276,-34.075
29.48,2.925,1.063,2.814,-34.494,42.265,-34.095
29.49,2.846,1.064,2.815,-34.264,42.249,-34.118
29.50,2.553,1.068,2.815,-34.147,42.243,-34.128
29.51,2.824,1.070,2.817,-34.626,42.239,-34.144
29.52,2.949,1.071,2.819,-34.642,42.223,-34.170
29.53,3.040,1.069,2.820,-34.287,42.207,-34.192
29.54,2.408,1.072,2.817,-34.407,42.194,-34.212
29.55,2.971,1.076,2.823,-34.000,42.188,-34.220
29.56,2.852,1.082,2.828,-34.419,42.189,-34.226
29.57,2.819,1.081,2.827,-34.476,42.183,-34.240
29.58,2.833,1.082,2.827,-34.319,42.176,-34.253
29.59,2.440,1.080,2.820,-34.023,42.174,-34.255
29.60,3.174,1.076,2.820,-34.790,42.170,-34.272
29.61,2.188,1.080,2.816,-33.652,42.176,-34.262
29.62,2.688,1.084,2.818,-34.826,42.173,-34.276
29.63,2.785,1.086,2.819,-34.795,42.148,-34.313
29.64,2.647,1.087,2.817,-34.111,42.113,-34.349
29.65,2.860,1.088,2.818,-33.780,42.095,-34.364
29.66,2.638,1.087,2.815,-34.267,42.080,-34.382
29.67,2.521,1.086,2.809,-33.079,42.085,-34.365
29.68,2.883,1.089,2.813,-34.055,42.120,-34.331
29.69,2.751,1.089,2.811,-35.012,42.137,-34.327
29.70,2.554,1.090,2.808,-33.955,42.143,-34.321
29.71,2.817,1.091,2.810,-34.559,42.148,-34.323
29.73,2.967,1.090,2.810,-34.604,42.144,-34.336
29.73,2.514,1.088,2.804,-34.068,42.148,-34.333
29.74,2.622,1.089,2.802,-34.077,42.161,-34.321
29.76,2.612,1.092,2.801,-33.933,42.179,-34.302
29.77,2.417,1.093,2.797,-34.833,42.187,-34.306
29.77,2.509,1.096,2.795,-34.340,42.180,-34.318
29.78,2.861,1.098,2.798,-34.066,42.179,-34.320
29.80,3.054,1.098,2.801,-33.943,42.178,-34.320
29.80,2.548,1.098,2.797,-34.384,42.174,-34.330
29.81,2.580,1.101,2.796,-34.478,42.162,-34.347
29.82,2.486,1.100,2.791,-33.911,42.148,-34.360
29.83,2.995,1.100,2.793,-33.646,42.138,-34.365
29.84,2.969,1.102,2.797,-34.115,42.139,-34.365
29.86,2.662,1.105,2.797,-33.931,42.146,-34.357
29.87,2.595,1.105,2.794,-34.602,42.149,-34.362
29.88,3.046,1.106,2.798,-34.678,42.138,-34.381
29.89,2.863,1.106,2.798,-33.649,42.121,-34.393
29.90,2.971,1.108,2.801,-33.950,42.112,-34.399
29.91,2.551,1.109,2.799,-34.130,42.105,-34.407
29.92,2.784,1.112,2.800,-33.806,42.103,-34.405
29.93,3.047,1.113,2.805,-33.122,42.123,-34.373
29.94,3.005,1.115,2.809,-33.836,42.167,-34.326
29.95,3.005,1.115,2.810,-34.627,42.208,-34.294
29.96,2.697,1.113,2.806,-33.837,42.255,-34.246
29.97,2.850,1.113,2.807,-35.205,42.288,-34.229
29.98,2.950,1.109,2.804,-34.731,42.302,-34.226
29.99,2.922,1.106,2.802,-34.548,42.308,-34.228
30.00,2.418,1.105,2.795,-34.114,42.315,-34.224
30.01,2.917,1.105,2.796,-34.291,42.321,-34.224
30.02,2.690,1.103,2.792,-34.624,42.321,-34.233
30.03,2.979,1.105,2.796,-34.203,42.312,-34.245
30.04,2.590,1.108,2.796,-34.251,42.310,-34.252
30.05,3.085,1.107,2.799,-34.598,42.304,-34.267
30.06,2.731,1.108,2.798,-34.294,42.307,-34.268
30.07,2.883,1.111,2.801,-34.834,42.316,-34.271
30.08,2.870,1.110,2.801,-34.330,42.326,-34.266
30.09,2.949,1.109,2.802,-33.905,42.346,-34.245
30.10,2.821,1.110,2.802,-34.596,42.367,-34.234
30.11,2.643,1.108,2.797,-34.113,42.385,-34.218
30.12,2.773,1.108,2.797,-34.547,42.401,-34.211
30.13,3.518,1.105,2.803,-35.329,42.395,-34.236
30.14,3.223,1.103,2.806,-34.965,42.368,-34.277
30.15,2.635,1.108,2.808,-33.586,42.355,-34.285
30.16,2.775,1.111,2.810,-34.279,42.349,-34.296
30.17,2.630,1.116,2.812,-33.890,42.361,-34.282
30.18,2.613,1.117,2.810,-34.440,42.380,-34.270
30.19,2.835,1.117,2.810,-34.598,42.391,-34.267
30.20,2.794,1.117,2.809,-34.756,42.396,-34.274
30.21,3.136,1.112,2.808,-34.877,42.380,-34.302
30.22,2.492,1.104,2.796,-34.137,42.362,-34.323
30.23,2.888,1.110,2.802,-33.598,42.384,-34.295
30.24,2.957,1.114,2.807,-34.981,42.407,-34.286
30.25,2.914,1.115,2.810,-34.854,42.425,-34.280
30.26,3.006,1.112,2.809,-34.699,42.436,-34.279
30.27,2.895,1.109,2.807,-34.745,42.435,-34.291
30.28,3.001,1.103,2.803,-34.510,42.438,-34.296
30.29,3.175,1.095,2.799,-34.426,42.442,-34.298
30.30,3.091,1.089,2.797,-34.804,42.436,-34.315
30.31,2.034,1.082,2.780,-34.271,42.414,-34.341
30.32,2.933,1.082,2.781,-34.604,42.387,-34.375
30.33,2.543,1.085,2.781,-34.237,42.364,-34.401
30.34,2.364,1.092,2.781,-33.572,42.376,-34.383
30.35,2.882,1.094,2.784,-34.766,42.392,-34.376
30.36,2.702,1.086,2.775,-34.771,42.394,-34.384
30.37,2.635,1.080,2.767,-34.500,42.392,-34.392
30.38,2.973,1.074,2.763,-34.767,42.391,-34.403
30.39,2.660,1.070,2.757,-33.635,42.405,-34.384
30.40,2.945,1.075,2.764,-34.708,42.437,-34.361
30.41,2.901,1.075,2.765,-35.548,42.444,-34.375
30.42,3.117,1.071,2.766,-34.947,42.426,-34.404
30.43,2.598,1.068,2.760,-34.912,42.400,-34.442
30.44,2.917,1.061,2.755,-34.768,42.363,-34.487
30.45,2.779,1.055,2.749,-34.678,42.315,-34.541
30.46,2.829,1.045,2.739,-35.058,42.259,-34.608
30.47,3.133,1.038,2.738,-34.564,42.170,-34.701
30.48,3.243,1.055,2.761,-33.128,42.021,-34.832
30.49,3.168,1.106,2.816,-33.019,41.808,-35.023
30.50,2.375,1.161,2.864,-33.035,41.595,-35.211
30.51,2.181,1.205,2.898,-32.926,41.459,-35.319
30.52,2.344,1.242,2.927,-34.079,41.370,-35.396
30.53,2.025,1.275,2.947,-34.414,41.280,-35.475
30.54,2.493,1.297,2.962,-34.461,41.199,-35.546
30.55,1.810,1.308,2.958,-35.585,41.115,-35.633
30.56,2.457,1.310,2.952,-34.257,41.005,-35.727
30.57,2.685,1.313,2.952,-33.509,40.873,-35.832
30.58,2.711,1.314,2.948,-33.565,40.718,-35.959
30.59,2.795,1.309,2.940,-33.177,40.544,-36.097
30.60,2.769,1.309,2.938,-33.764,40.348,-36.264
30.61,2.993,1.304,2.933,-34.117,40.095,-36.488
30.62,3.235,1.278,2.910,-34.109,39.701,-36.848
30.63,2.487,1.270,2.896,-31.639,39.269,-37.208
30.64,2.355,1.285,2.903,-30.801,38.825,-37.564
30.65,2.589,1.318,2.931,-32.779,38.293,-38.028
30.66,2.525,1.359,2.965,-34.043,37.622,-38.639
30.67,2.942,1.397,3.002,-32.332,36.831,-39.338
30.68,3.146,1.442,3.047,-28.916,35.931,-40.089
30.69,2.570,1.463,3.061,-26.871,35.071,-40.763
30.70,1.952,1.491,3.073,-23.320,34.422,-41.172
30.71,2.383,1.514,3.085,-25.617,33.886,-41.493
30.72,2.522,1.522,3.085,-26.839,33.442,-41.733
30.73,2.912,1.523,3.083,-26.639,32.965,-42.000
30.74,2.051,1.527,3.072,-21.369,32.606,-42.077
30.75,2.218,1.534,3.066,-21.133,32.464,-41.932
30.76,2.383,1.536,3.058,-20.561,32.530,-41.575
30.77,3.469,1.559,3.084,-21.498,32.725,-41.108
30.78,3.085,1.621,3.145,-25.867,32.908,-40.714
30.79,3.193,1.670,3.193,-30.219,32.961,-40.509
30.80,2.946,1.709,3.226,-29.972,32.850,-40.464
30.81,2.908,1.743,3.254,-29.379,32.587,-40.563
30.82,2.537,1.764,3.264,-27.444,32.240,-40.716
30.83,1.808,1.765,3.245,-26.045,31.876,-40.864
30.84,2.230,1.763,3.228,-23.838,31.540,-40.953
30.85,2.345,1.760,3.212,-24.608,31.236,-41.018
30.86,2.109,1.757,3.193,-24.500,30.944,-41.067
30.87,2.638,1.733,3.160,-26.242,30.626,-41.163
30.88,2.736,1.688,3.108,-26.956,30.169,-41.400
30.89,3.420,1.641,3.064,-27.079,29.583,-41.766
30.90,3.161,1.583,3.007,-29.327,28.778,-42.370
30.91,2.815,1.487,2.908,-25.057,27.816,-43.065
30.92,2.478,1.408,2.822,-19.024,26.928,-43.595
30.93,1.138,1.319,2.710,-14.346,26.260,-43.839
30.94,1.551,1.257,2.633,-11.974,25.876,-43.765
30.95,2.086,1.230,2.596,-15.461,25.705,-43.526
30.96,2.444,1.212,2.575,-18.548,25.617,-43.247
30.97,2.497,1.184,2.544,-21.039,25.492,-43.038
30.98,3.194,1.144,2.511,-21.280,25.267,-42.933
30.99,2.779,1.101,2.470,-21.570,24.908,-42.963
31.00,2.882,1.044,2.417,-22.320,24.387,-43.161
31.01,2.932,0.977,2.356,-25.046,23.678,-43.577
31.02,2.866,0.874,2.259,-22.151,22.735,-44.178
31.03,1.753,0.793,2.171,-17.144,21.596,-44.898
31.04,1.819,0.698,2.071,-20.248,20.269,-45.831
31.05,2.197,0.608,1.982,-17.044,18.814,-46.835
31.06,2.134,0.502,1.878,-12.437,17.327,-47.794
31.07,1.968,0.405,1.781,-7.784,15.887,-48.630
31.08,1.585,0.310,1.683,-6.201,14.544,-49.336
31.09,2.435,0.234,1.616,-1.191,13.481,-49.686
31.10,2.265,0.182,1.571,-1.453,12.712,-49.742
31.11,2.321,0.152,1.550,-2.608,12.178,-49.576
31.12,2.848,0.122,1.536,-6.132,11.764,-49.337
31.13,2.547,0.084,1.510,-6.362,11.336,-49.115
31.14,2.841,0.034,1.477,-6.855,10.837,-48.969
31.15,1.165,-0.025,1.413,-7.487,10.229,-48.937
31.16,1.768,-0.098,1.344,-6.669,9.475,-49.036
31.18,2.251,-0.180,1.274,-8.899,8.569,-49.310
31.18,1.448,-0.274,1.182,-7.612,7.543,-49.679
31.19,0.856,-0.372,1.080,-6.149,6.390,-50.145
31.20,0.224,-0.473,0.968,-3.097,5.130,-50.668
31.21,1.254,-0.553,0.892,-0.060,3.806,-51.203
31.22,-0.125,-0.586,0.844,3.114,2.372,-51.782
31.23,1.884,-0.580,0.863,7.103,1.259,-51.991
31.24,6.717,-0.681,0.839,13.720,0.587,-51.670
31.25,4.901,-0.652,0.920,18.987,0.722,-50.483
31.27,-0.265,-0.653,0.903,-7.691,0.713,-49.800
31.28,2.156,-0.660,0.911,6.087,0.659,-48.985
31.28,2.098,-0.653,0.934,4.980,0.685,-48.112
31.30,1.471,-0.658,0.936,1.029,0.653,-47.357
31.31,2.583,-0.667,0.948,4.698,0.576,-46.603
31.32,1.957,-0.677,0.951,4.406,0.496,-45.863
31.33,1.855,-0.687,0.953,2.061,0.413,-45.161
31.34,1.283,-0.685,0.959,2.065,0.331,-44.465
31.35,1.707,-0.685,0.969,2.559,0.283,-43.734
31.35,1.744,-0.684,0.980,2.717,0.255,-42.988
31.37,1.611,-0.686,0.986,3.354,0.248,-42.218
31.38,1.108,-0.690,0.984,1.487,0.255,-41.467
31.39,1.180,-0.689,0.988,1.643,0.257,-40.725
31.40,1.487,-0.687,0.996,2.299,0.248,-39.973
31.41,1.543,-0.680,1.011,2.935,0.210,-39.265
31.42,0.474,-0.672,1.012,1.950,0.138,-38.610
31.43,0.963,-0.673,1.010,3.627,0.043,-37.963
31.44,2.492,-0.674,1.029,6.602,-0.028,-37.256
31.45,0.901,-0.678,1.024,1.906,-0.073,-36.592
31.46,3.367,-0.685,1.047,3.487,-0.070,-35.866
31.47,2.076,-0.695,1.052,6.469,-0.025,-35.065
31.48,-1.776,-0.719,0.992,9.793,0.089,-34.161
31.49,-0.795,-0.759,0.929,8.158,0.250,-33.239
31.50,1.508,-0.760,0.935,7.464,0.279,-32.466
31.51,0.808,-0.757,0.937,9.285,0.331,-31.654
31.52,2.357,-0.792,0.921,4.300,0.182,-31.113
31.53,0.034,-0.841,0.862,6.371,-0.007,-30.589
31.54,0.834,-0.852,0.851,3.455,-0.036,-29.949
31.55,3.371,-0.852,0.884,-1.058,-0.050,-29.359
31.56,2.518,-0.858,0.900,-0.220,-0.046,-28.748
31.57,2.440,-0.865,0.914,-0.085,-0.039,-28.137
31.58,3.018,-0.863,0.945,0.501,-0.039,-27.530
31.59,3.321,-0.858,0.981,-0.743,-0.042,-26.950
31.60,2.707,-0.858,1.006,1.332,-0.041,-26.343
31.61,2.891,-0.855,1.034,1.335,-0.040,-25.742
31.62,2.268,-0.852,1.055,2.697,-0.042,-25.132
31.63,2.145,-0.848,1.074,2.279,-0.039,-24.530
31.64,1.721,-0.847,1.086,3.698,-0.033,-23.910
31.65,1.777,-0.846,1.096,3.629,-0.032,-23.303
31.66,2.080,-0.846,1.112,3.931,-0.032,-22.699
31.67,2.177,-0.843,1.130,3.803,-0.033,-22.103
31.68,2.049,-0.845,1.141,3.536,-0.033,-21.516
31.69,2.050,-0.844,1.157,3.747,-0.031,-20.930
31.70,1.976,-0.844,1.170,3.455,-0.031,-20.355
31.71,2.082,-0.844,1.184,3.669,-0.032,-19.784
31.72,1.816,-0.843,1.194,3.520,-0.030,-19.218
31.73,1.922,-0.840,1.209,3.964,-0.030,-18.654
31.74,1.670,-0.838,1.219,3.572,-0.031,-18.075
31.75,1.609,-0.840,1.225,3.374,-0.032,-17.531
31.76,1.620,-0.840,1.232,3.754,-0.031,-16.986
31.77,1.654,-0.839,1.241,3.446,-0.033,-16.454
31.78,1.581,-0.840,1.246,3.504,-0.033,-15.924
31.79,1.567,-0.842,1.250,3.506,-0.032,-15.398
31.80,1.610,-0.843,1.257,3.782,-0.032,-14.875
31.81,1.677,-0.842,1.265,3.611,-0.031,-14.359
31.82,1.812,-0.840,1.277,3.328,-0.030,-13.852
31.83,1.474,-0.840,1.282,3.678,-0.029,-13.346
31.84,1.464,-0.840,1.286,3.608,-0.029,-12.847
31.85,1.856,-0.841,1.296,3.573,-0.029,-12.354
31.86,1.774,-0.838,1.307,3.340,-0.031,-11.871
31.87,1.707,-0.839,1.315,3.579,-0.030,-11.388
31.88,1.780,-0.839,1.323,3.223,-0.030,-10.915
31.89,1.729,-0.840,1.330,3.495,-0.029,-10.443
31.90,1.658,-0.840,1.336,3.159,-0.029,-9.982
31.91,1.516,-0.841,1.341,3.589,-0.030,-9.491
31.92,1.543,-0.841,1.347,3.447,-0.030,-9.036
31.93,1.688,-0.842,1.352,3.238,-0.029,-8.588
31.94,1.688,-0.841,1.361,3.463,-0.028,-8.143
31.95,1.880,-0.841,1.370,3.410,-0.026,-7.701
31.96,1.674,-0.842,1.376,3.572,-0.025,-7.263
31.97,1.688,-0.844,1.380,3.462,-0.025,-6.833
31.98,1.951,-0.845,1.390,3.502,-0.026,-6.408
31.99,1.857,-0.848,1.396,3.724,-0.025,-5.982
32.00,1.730,-0.847,1.404,3.646,-0.025,-5.565
32.01,1.584,-0.848,1.409,3.631,-0.025,-5.151
32.02,1.655,-0.849,1.414,3.526,-0.026,-4.745
32.03,1.700,-0.848,1.421,3.692,-0.026,-4.341
32.04,1.573,-0.847,1.427,3.497,-0.025,-3.943
32.05,1.509,-0.848,1.430,3.389,-0.025,-3.552
32.06,1.745,-0.848,1.437,3.453,-0.024,-3.164
32.07,1.379,-0.848,1.440,3.558,-0.024,-2.780
32.08,1.682,-0.848,1.445,3.817,-0.026,-2.398
32.09,1.405,-0.847,1.449,3.831,-0.026,-2.020
32.10,1.676,-0.847,1.454,3.513,-0.026,-1.650
32.11,1.533,-0.851,1.455,3.544,-0.026,-1.284
32.12,1.502,-0.851,1.458,3.388,-0.026,-0.926
32.13,2.036,-0.852,1.468,3.666,-0.026,-0.567
32.14,1.793,-0.851,1.477,3.583,-0.025,-0.213
32.15,1.582,-0.849,1.482,3.590,-0.023,0.137
32.16,1.800,-0.849,1.490,3.446,-0.023,0.481
32.17,1.601,-0.852,1.492,3.274,-0.024,0.815
32.18,1.785,-0.851,1.500,3.546,-0.023,1.151
32.19,1.675,-0.854,1.502,3.358,-0.023,1.480
32.20,1.759,-0.854,1.509,3.525,-0.023,1.807
32.21,1.773,-0.853,1.516,3.582,-0.023,2.130
32.22,1.739,-0.854,1.521,3.580,-0.025,2.447
32.23,1.599,-0.854,1.525,3.634,-0.024,2.763
32.24,1.667,-0.854,1.530,3.807,-0.024,3.077
32.25,1.573,-0.854,1.535,3.478,-0.024,3.412
32.26,1.826,-0.852,1.543,3.564,-0.026,3.713
32.27,1.655,-0.853,1.547,3.337,-0.025,4.009
32.28,1.464,-0.849,1.553,3.584,-0.025,4.303
32.29,1.951,-0.849,1.562,3.537,-0.024,4.594
32.30,1.415,-0.847,1.565,3.696,-0.024,4.883
32.31,1.720,-0.848,1.570,3.583,-0.025,5.164
32.32,1.647,-0.849,1.573,3.480,-0.025,5.442
32.33,1.387,-0.850,1.572,3.420,-0.025,5.714
32.34,1.739,-0.849,1.579,3.450,-0.025,5.984
32.35,1.622,-0.848,1.584,3.520,-0.025,6.250
32.36,1.453,-0.845,1.588,3.801,-0.026,6.516
32.37,1.464,-0.846,1.589,3.460,-0.026,6.775
32.38,1.710,-0.846,1.594,3.512,-0.026,7.031
32.39,1.758,-0.846,1.599,3.786,-0.026,7.286
32.40,1.803,-0.846,1.605,3.727,-0.026,7.537
32.41,1.952,-0.847,1.612,3.303,-0.026,7.779
32.42,1.573,-0.846,1.616,3.532,-0.025,8.051
32.43,1.647,-0.845,1.621,3.480,-0.025,8.287
32.44,1.534,-0.842,1.626,3.185,-0.025,8.517
32.45,1.774,-0.840,1.633,3.554,-0.024,8.749
32.46,1.754,-0.840,1.638,3.490,-0.024,8.975
32.47,1.889,-0.838,1.646,3.654,-0.023,9.201
32.48,1.651,-0.838,1.650,3.602,-0.023,9.423
32.49,1.957,-0.837,1.658,3.261,-0.024,9.635
32.50,1.740,-0.839,1.661,3.742,-0.025,9.850
32.51,1.675,-0.840,1.664,3.743,-0.024,10.063
32.52,1.567,-0.842,1.664,3.905,-0.024,10.275
32.53,1.609,-0.845,1.663,3.435,-0.025,10.477
32.54,1.709,-0.845,1.668,4.021,-0.024,10.685
32.55,1.709,-0.845,1.671,3.897,-0.024,10.887
32.56,1.640,-0.846,1.673,4.023,-0.023,11.088
32.57,1.474,-0.847,1.673,3.975,-0.021,11.287
32.58,1.454,-0.848,1.673,3.292,-0.022,11.471
32.59,1.511,-0.847,1.675,3.517,-0.020,11.657
32.60,1.656,-0.848,1.676,3.483,-0.021,11.837
32.61,1.721,-0.850,1.679,3.624,-0.022,12.016
32.62,1.446,-0.848,1.681,3.636,-0.022,12.193
32.63,1.622,-0.848,1.684,3.508,-0.020,12.367
32.64,1.708,-0.846,1.689,3.638,-0.020,12.538
32.65,1.723,-0.847,1.692,3.561,-0.021,12.704
32.66,1.853,-0.845,1.699,3.389,-0.019,12.867
32.67,1.668,-0.846,1.701,3.313,-0.019,13.026
32.68,1.972,-0.848,1.706,3.449,-0.019,13.183
32.69,1.899,-0.848,1.712,3.417,-0.020,13.336
32.70,1.694,-0.848,1.715,3.281,-0.020,13.485
32.71,1.583,-0.845,1.720,3.555,-0.020,13.634
32.72,1.590,-0.846,1.720,3.328,-0.021,13.778
32.73,1.579,-0.844,1.723,3.341,-0.021,13.919
32.74,2.172,-0.844,1.733,3.776,-0.021,14.065
32.76,1.759,-0.844,1.736,3.620,-0.021,14.205
32.77,1.816,-0.845,1.740,3.674,-0.021,14.371
32.78,1.725,-0.845,1.743,3.745,-0.021,14.506
32.79,1.515,-0.847,1.742,3.369,-0.021,14.634
32.80,1.707,-0.848,1.744,3.509,-0.021,14.762
32.81,1.465,-0.846,1.745,3.461,-0.020,14.887
32.81,1.615,-0.847,1.746,3.396,-0.020,15.008
32.83,1.666,-0.847,1.748,3.737,-0.020,15.131
32.84,1.767,-0.847,1.751,3.307,-0.019,15.248
32.85,1.393,-0.847,1.750,3.644,-0.019,15.365
32.86,1.352,-0.848,1.748,3.604,-0.019,15.479
32.87,1.634,-0.848,1.749,3.595,-0.020,15.589
32.88,1.345,-0.846,1.749,3.560,-0.019,15.698
32.89,1.887,-0.847,1.753,3.507,-0.019,15.804
32.90,1.715,-0.847,1.755,3.535,-0.018,15.909
32.91,1.662,-0.850,1.755,3.759,-0.019,16.012
32.92,1.467,-0.850,1.754,3.726,-0.021,16.112
32.93,1.427,-0.848,1.755,3.756,-0.021,16.211
32.94,1.880,-0.849,1.759,3.426,-0.021,16.330
32.95,1.529,-0.846,1.762,3.510,-0.021,16.421
32.96,1.998,-0.848,1.766,3.653,-0.022,16.511
32.97,1.755,-0.847,1.771,3.636,-0.023,16.599
32.98,1.441,-0.847,1.769,3.793,-0.022,16.688
32.99,1.663,-0.846,1.772,3.655,-0.023,16.772
33.00,1.544,-0.845,1.773,3.791,-0.024,16.855
33.01,1.778,-0.844,1.777,3.592,-0.026,16.933
33.02,1.699,-0.843,1.780,3.252,-0.027,17.005
33.03,1.513,-0.843,1.780,3.522,-0.028,17.079
33.04,1.504,-0.841,1.781,3.368,-0.027,17.150
33.05,1.674,-0.841,1.783,3.455,-0.027,17.220
33.06,1.514,-0.841,1.783,3.375,-0.027,17.286
33.07,1.500,-0.841,1.782,3.536,-0.025,17.355
33.08,1.502,-0.838,1.784,3.204,-0.025,17.416
33.09,1.649,-0.840,1.783,3.534,-0.024,17.479
33.10,1.752,-0.838,1.787,3.318,-0.025,17.537
33.11,1.601,-0.840,1.786,3.682,-0.024,17.598
33.12,1.586,-0.840,1.787,3.574,-0.025,17.656
33.13,1.600,-0.838,1.789,3.681,-0.024,17.714
33.14,1.741,-0.839,1.790,3.842,-0.023,17.773
33.15,1.485,-0.840,1.788,3.608,-0.024,17.825
33.16,1.848,-0.839,1.793,3.652,-0.023,17.877
33.17,1.459,-0.838,1.793,3.581,-0.023,17.926
33.18,1.462,-0.838,1.791,3.478,-0.023,17.972
33.19,1.698,-0.838,1.792,3.463,-0.024,18.015
33.20,1.461,-0.837,1.793,3.552,-0.024,18.058
33.21,1.575,-0.836,1.793,3.511,-0.024,18.099
33.22,1.847,-0.836,1.796,3.422,-0.025,18.137
33.23,1.855,-0.836,1.800,3.641,-0.026,18.176
33.24,1.821,-0.835,1.804,3.664,-0.028,18.212
33.25,1.585,-0.834,1.805,3.384,-0.032,18.241
33.26,1.826,-0.835,1.807,3.016,-0.032,18.268
33.27,1.464,-0.837,1.803,3.593,-0.028,18.304
33.28,1.765,-0.838,1.805,3.508,-0.026,18.358
33.29,1.650,-0.839,1.805,3.562,-0.024,18.389
33.30,1.345,-0.838,1.802,3.572,-0.022,18.418
33.31,1.440,-0.837,1.801,3.268,-0.022,18.440
33.32,1.937,-0.839,1.804,3.464,-0.021,18.463
33.33,1.591,-0.839,1.804,3.414,-0.021,18.484
33.34,1.644,-0.839,1.805,3.449,-0.023,18.502
33.35,1.442,-0.837,1.805,3.770,-0.022,18.525
33.36,1.650,-0.836,1.806,3.572,-0.023,18.543
33.37,1.625,-0.836,1.806,3.599,-0.024,18.559
33.38,1.602,-0.837,1.805,3.553,-0.024,18.575
33.39,1.424,-0.837,1.802,3.507,-0.025,18.587
33.40,1.801,-0.839,1.803,3.384,-0.025,18.598
33.41,1.738,-0.839,1.805,3.433,-0.024,18.610
33.42,1.588,-0.837,1.806,3.576,-0.023,18.621
33.43,1.572,-0.836,1.807,3.782,-0.024,18.632
33.44,1.458,-0.837,1.804,3.386,-0.023,18.639
33.45,1.633,-0.834,1.808,3.423,-0.022,18.665
33.46,1.482,-0.833,1.807,3.508,-0.022,18.669
33.47,1.538,-0.833,1.805,3.456,-0.022,18.671
33.48,1.818,-0.833,1.808,3.895,-0.022,18.678
33.49,1.983,-0.833,1.813,3.709,-0.021,18.681
33.50,-2.341,-0.832,1.762,7.330,-0.029,18.723
33.51,1.407,-0.843,1.749,-2.297,-0.010,18.664
33.52,8.090,-0.850,1.827,6.677,0.008,18.720
33.53,3.598,-0.853,1.850,9.085,0.018,18.798
33.54,2.362,-0.851,1.862,9.040,0.029,18.876
33.55,2.538,-0.852,1.872,5.674,0.032,18.899
33.56,-4.659,-0.834,1.807,0.322,0.032,18.848
33.57,1.293,-0.840,1.796,-2.129,0.034,18.765
33.58,-0.185,-0.839,1.773,-1.747,0.033,18.684
33.59,2.323,-0.844,1.778,4.467,0.016,18.669
33.60,1.274,-0.844,1.773,3.022,0.013,18.647
33.61,1.260,-0.843,1.770,3.414,0.003,18.624
33.62,1.106,-0.842,1.764,3.256,-0.001,18.602
33.63,1.465,-0.841,1.763,3.572,-0.001,18.588
33.64,-1.539,-0.834,1.729,0.767,0.032,18.569
33.65,1.665,-0.829,1.735,3.536,0.047,18.567
33.66,1.355,-0.824,1.736,2.978,0.062,18.557
33.67,1.343,-0.818,1.739,1.972,0.076,18.532
33.68,1.880,-0.818,1.743,3.677,0.082,18.520
33.69,2.226,-0.818,1.751,3.647,0.086,18.504
33.70,2.162,-0.833,1.743,-0.508,0.035,18.379
33.71,2.381,-0.832,1.754,-0.415,0.032,18.303
33.72,1.581,-0.835,1.751,4.729,0.027,18.292
33.73,0.733,-0.841,1.733,5.131,0.003,18.267
33.74,0.610,-0.848,1.713,6.247,-0.012,18.265
33.75,2.221,-0.854,1.716,4.525,-0.021,18.244
33.76,2.353,-0.864,1.716,4.395,-0.025,18.227
33.77,1.252,-0.885,1.691,4.000,-0.023,18.210
33.78,1.802,-0.923,1.657,3.530,-0.015,18.190
33.79,2.296,-0.973,1.618,4.119,-0.008,18.194
33.80,2.077,-1.022,1.578,2.928,-0.004,18.160
33.81,1.986,-1.075,1.532,2.046,0.002,18.117
33.82,1.922,-1.143,1.472,3.781,0.012,18.100
33.83,1.864,-1.200,1.423,0.109,0.023,18.035
33.84,0.144,-1.263,1.345,5.235,0.025,18.028
33.85,0.650,-1.333,1.269,3.627,0.028,17.999
33.86,1.040,-1.398,1.204,4.372,0.027,17.975
33.87,0.756,-1.463,1.135,4.536,0.026,17.954
33.88,0.993,-1.536,1.063,3.850,0.025,17.922
33.89,1.247,-1.612,0.993,3.067,0.022,17.878
33.90,0.497,-1.690,0.910,1.422,0.012,17.805
33.91,0.997,-1.785,0.820,-0.085,0.001,17.709
33.92,0.436,-1.882,0.721,-1.752,-0.019,17.584
33.93,2.552,-1.972,0.658,-2.830,-0.128,17.356
33.94,-1.313,-2.074,0.533,7.204,-0.242,17.257
33.95,-2.763,-2.150,0.416,7.433,-0.304,17.213
33.96,-0.568,-2.230,0.327,4.517,-0.362,17.148
33.97,-0.658,-2.328,0.218,7.156,-0.412,17.113
33.98,2.976,-2.617,-0.030,5.883,-0.344,17.176
33.99,1.029,-3.096,-0.487,4.709,-0.270,17.228
34.01,0.802,-3.686,-1.050,4.365,-0.281,17.190
34.01,-3.274,-4.331,-1.714,12.810,-0.365,17.190
34.02,-6.272,-4.998,-2.430,8.567,-0.225,17.355
34.03,-1.143,-5.578,-2.985,-7.325,-0.002,17.390
34.05,-2.405,-6.133,-3.523,6.596,0.170,17.556
34.05,-1.564,-6.703,-4.059,2.262,0.270,17.590
34.06,-0.794,-7.325,-4.627,1.653,0.369,17.615
34.07,-4.273,-7.910,-5.198,-0.807,0.503,17.639
34.08,-5.887,-8.404,-5.692,3.427,0.700,17.780
34.09,-5.450,-8.851,-6.128,4.951,0.862,17.902
34.10,-4.630,-9.299,-6.548,7.174,1.047,18.076
34.12,-4.205,-9.843,-7.052,3.354,1.197,18.160
34.13,-6.892,-10.517,-7.712,6.460,1.129,18.068
34.13,-6.243,-11.262,-8.425,1.090,0.903,17.751
34.14,-6.230,-11.951,-9.074,-4.185,0.739,17.427
34.15,-8.815,-12.660,-9.767,3.890,0.481,17.119
34.17,-7.042,-13.353,-10.411,6.114,0.404,17.023
34.17,-7.393,-14.044,-11.050,-1.403,0.443,16.943
34.18,-12.601,-14.697,-11.711,3.860,0.474,16.923
34.19,-10.598,-15.244,-12.232,2.523,0.549,16.929
34.21,-11.413,-15.730,-12.698,1.265,0.609,16.902
34.22,-10.796,-16.247,-13.179,3.106,0.587,16.818
34.22,-11.836,-16.857,-13.760,6.017,0.540,16.748
34.24,-14.559,-17.537,-14.437,8.875,0.476,16.698
34.25,-15.672,-18.199,-15.103,9.707,0.427,16.674
34.26,-12.635,-18.859,-15.717,-0.765,0.368,16.502
34.26,-15.477,-19.524,-16.366,2.488,0.341,16.407
34.28,-14.056,-20.221,-17.019,1.160,0.385,16.363
34.29,-15.172,-20.966,-17.725,2.340,0.455,16.359
34.30,-15.850,-21.730,-18.449,1.766,0.477,16.300
34.31,-18.005,-22.515,-19.213,4.286,0.493,16.279
34.32,-18.168,-23.132,-19.802,2.179,0.517,16.226
34.33,-17.808,-23.675,-20.307,1.786,0.523,16.150
34.34,-20.206,-24.148,-20.767,6.275,0.541,16.145
34.35,-18.592,-24.592,-21.171,3.997,0.566,16.116
34.36,-20.136,-25.005,-21.559,8.646,0.580,16.137
34.37,-18.839,-25.397,-21.904,1.184,0.533,15.998
34.38,-18.433,-25.824,-22.274,4.105,0.431,15.844
34.39,-21.099,-26.301,-22.722,3.008,0.404,15.752
34.40,-17.658,-26.788,-23.130,1.940,0.377,15.645
34.41,-19.103,-27.263,-23.539,0.664,0.412,15.583
34.42,-21.814,-27.690,-23.931,3.420,0.437,15.547
34.43,-21.851,-28.096,-24.297,4.441,0.414,15.477
34.44,-22.548,-28.481,-24.646,4.374,0.345,15.361
34.45,-22.194,-28.854,-24.974,1.247,0.237,15.164
34.46,-23.044,-29.196,-25.278,4.128,0.150,15.029
34.47,-23.943,-29.490,-25.542,4.795,0.122,14.962
34.48,-23.479,-29.734,-25.747,2.141,0.069,14.844
34.49,-23.954,-29.893,-25.872,1.780,0.017,14.715
34.50,-22.845,-30.005,-25.934,0.361,-0.032,14.569
34.51,-23.617,-30.102,-25.990,3.382,-0.064,14.481
34.52,-22.955,-30.213,-26.051,3.302,-0.090,14.399
34.53,-24.031,-30.345,-26.145,4.116,-0.127,14.316
34.54,-23.822,-30.477,-26.235,3.414,-0.187,14.202
34.55,-24.291,-30.591,-26.312,3.517,-0.226,14.111
34.56,-23.988,-30.717,-26.396,2.264,-0.249,14.019
34.57,-24.673,-30.861,-26.506,3.572,-0.267,13.949
34.58,-25.234,-30.988,-26.604,3.591,-0.268,13.898
34.59,-24.570,-31.098,-26.676,3.291,-0.271,13.840
34.60,-23.788,-31.218,-26.746,3.817,-0.274,13.789
34.61,-24.334,-31.346,-26.830,3.991,-0.269,13.747
34.62,-24.006,-31.463,-26.898,3.454,-0.275,13.688
34.63,-23.850,-31.536,-26.918,4.238,-0.317,13.603
34.64,-25.746,-31.569,-26.924,3.487,-0.380,13.489
34.65,-24.328,-31.581,-26.890,4.577,-0.427,13.405
34.66,-24.407,-31.604,-26.869,3.486,-0.472,13.309
34.67,-26.592,-31.647,-26.896,3.674,-0.477,13.256
34.68,-24.985,-31.716,-26.927,4.309,-0.437,13.255
34.69,-25.248,-31.813,-26.989,3.847,-0.372,13.273
34.70,-25.313,-31.922,-27.063,4.282,-0.323,13.279
34.71,-25.604,-32.038,-27.145,4.897,-0.287,13.280
34.72,-26.270,-32.150,-27.233,4.090,-0.251,13.269
34.73,-26.061,-32.235,-27.289,1.728,-0.245,13.198
34.74,-25.694,-32.290,-27.309,3.132,-0.245,13.138
34.75,-25.854,-32.329,-27.316,4.012,-0.231,13.104
34.76,-24.849,-32.358,-27.299,3.895,-0.215,13.071
34.77,-26.734,-32.370,-27.291,3.306,-0.188,13.041
34.78,-26.686,-32.367,-27.268,3.434,-0.155,13.017
34.79,-26.192,-32.370,-27.244,3.890,-0.103,13.018
34.80,-26.250,-32.380,-27.227,3.828,-0.054,13.015
34.81,-25.601,-32.393,-27.205,3.795,-0.014,13.001
34.82,-25.795,-32.428,-27.207,3.779,0.036,13.003
34.83,-25.902,-32.491,-27.239,3.316,0.074,12.980
34.84,-24.427,-32.574,-27.270,3.412,0.100,12.946
34.85,-25.150,-32.672,-27.325,3.423,0.090,12.876
34.86,-25.844,-32.771,-27.390,3.845,0.062,12.795
34.87,-25.953,-32.871,-27.455,3.930,0.040,12.720
34.88,-26.313,-32.966,-27.520,3.868,0.033,12.659
34.89,-26.428,-33.048,-27.572,3.528,0.036,12.604
34.90,-26.704,-33.113,-27.610,3.518,0.034,12.546
34.91,-26.556,-33.157,-27.626,3.609,0.035,12.490
34.92,-26.524,-33.189,-27.629,3.714,0.031,12.431
34.93,-26.105,-33.233,-27.638,4.043,0.039,12.388
34.94,-26.449,-33.292,-27.666,3.589,0.054,12.346
34.95,-26.361,-33.359,-27.700,4.238,0.067,12.311
34.96,-26.404,-33.429,-27.737,3.893,0.064,12.256
34.97,-26.656,-33.504,-27.782,3.975,0.066,12.206
34.98,-26.688,-33.578,-27.825,3.887,0.073,12.159
34.99,-26.753,-33.657,-27.873,3.913,0.085,12.124
35.00,-26.709,-33.740,-27.924,3.945,0.091,12.078
35.01,-26.867,-33.827,-27.980,3.808,0.082,12.015
35.02,-27.400,-33.907,-28.037,3.276,0.048,11.920
35.03,-27.415,-33.978,-28.083,3.856,0.011,11.831
35.04,-27.474,-34.038,-28.119,3.759,-0.007,11.760
35.05,-28.063,-34.074,-28.138,3.986,0.005,11.721
35.06,-28.012,-34.074,-28.121,3.758,0.031,11.694
35.07,-26.926,-34.073,-28.089,3.851,0.082,11.691
35.08,-26.869,-34.093,-28.077,3.542,0.145,11.696
35.09,-27.316,-34.134,-28.092,3.745,0.177,11.674
35.10,-27.350,-34.171,-28.103,3.332,0.175,11.611
35.11,-27.372,-34.208,-28.114,3.541,0.155,11.534
35.12,-27.423,-34.249,-28.129,3.772,0.139,11.464
35.13,-27.473,-34.297,-28.153,3.771,0.120,11.391
35.14,-26.993,-34.357,-28.180,3.525,0.100,11.314
35.15,-27.681,-34.419,-28.219,3.645,0.098,11.258
35.16,-27.872,-34.467,-28.245,3.944,0.099,11.208
35.17,-27.942,-34.479,-28.237,3.261,0.093,11.142
35.18,-26.949,-34.470,-28.195,4.182,0.093,11.095
35.19,-26.720,-34.455,-28.145,3.909,0.089,11.041
35.20,-27.724,-34.448,-28.116,4.297,0.077,10.983
35.21,-27.031,-34.444,-28.081,4.305,0.070,10.931
35.22,-27.956,-34.447,-28.066,3.700,0.065,10.873
35.23,-28.031,-34.462,-28.064,3.148,0.067,10.816
35.24,-27.674,-34.488,-28.068,3.658,0.077,10.772
35.25,-28.450,-34.511,-28.080,3.347,0.075,10.713
35.26,-28.020,-34.513,-28.064,5.432,0.074,10.682
35.27,-27.899,-34.486,-28.018,3.934,0.068,10.628
35.28,-27.924,-34.450,-27.966,3.005,0.073,10.571
35.29,-27.500,-34.413,-27.906,3.073,0.073,10.511
35.30,-27.246,-34.389,-27.857,3.081,0.068,10.446
35.31,-27.131,-34.380,-27.823,3.449,0.067,10.390
35.32,-27.530,-34.383,-27.805,3.679,0.062,10.334
35.33,-28.179,-34.388,-27.796,2.812,0.073,10.286
35.34,-28.253,-34.377,-27.775,2.919,0.077,10.228
35.35,-27.636,-34.355,-27.735,3.353,0.083,10.180
35.36,-27.368,-34.336,-27.694,3.749,0.090,10.136
35.37,-27.569,-34.328,-27.669,3.834,0.096,10.093
35.38,-27.452,-34.328,-27.650,3.605,0.082,10.027
35.39,-26.896,-34.341,-27.635,3.809,0.069,9.966
35.40,-26.803,-34.358,-27.624,3.305,0.075,9.917
35.41,-27.253,-34.383,-27.627,3.581,0.084,9.875
35.42,-27.345,-34.405,-27.629,4.197,0.095,9.843
35.43,-27.943,-34.412,-27.624,3.819,0.116,9.816
35.44,-28.066,-34.410,-27.611,3.763,0.134,9.785
35.45,-27.364,-34.417,-27.597,4.052,0.158,9.763
35.46,-27.463,-34.429,-27.591,2.857,0.172,9.716
35.47,-27.515,-34.440,-27.583,3.843,0.171,9.667
35.48,-27.227,-34.444,-27.566,3.922,0.158,9.608
35.49,-26.955,-34.438,-27.535,5.170,0.145,9.564
35.50,-28.199,-34.423,-27.510,4.539,0.150,9.535
35.51,-28.101,-34.409,-27.488,2.530,0.155,9.475
35.52,-27.455,-34.401,-27.463,3.938,0.177,9.450
35.54,-27.961,-34.398,-27.450,2.920,0.189,9.403
35.54,-27.450,-34.401,-27.436,3.656,0.188,9.353
35.55,-26.604,-34.407,-27.414,5.772,0.198,9.341
35.56,-27.451,-34.421,-27.412,2.416,0.211,9.289
35.58,-27.087,-34.431,-27.400,5.022,0.204,9.251
35.59,-27.718,-34.431,-27.388,2.047,0.193,9.170
35.59,-27.348,-34.417,-27.357,4.658,0.180,9.122
35.60,-28.282,-34.388,-27.323,3.257,0.184,9.073
35.62,-27.493,-34.351,-27.273,4.072,0.208,9.053
35.63,-27.580,-34.310,-27.220,2.610,0.241,9.024
35.63,-27.306,-34.275,-27.169,3.455,0.270,9.002
35.65,-26.858,-34.254,-27.128,2.112,0.281,8.945
35.66,-26.735,-34.253,-27.106,3.341,0.305,8.916
35.67,-27.753,-34.279,-27.122,2.970,0.330,8.884
35.67,-28.745,-34.310,-27.158,2.692,0.340,8.832
35.68,-27.923,-34.330,-27.172,3.208,0.335,8.774
35.70,-27.580,-34.342,-27.172,3.453,0.333,8.722
35.71,-27.361,-34.354,-27.170,3.489,0.338,8.677
35.72,-28.091,-34.367,-27.178,3.764,0.349,8.643
35.72,-27.731,-34.378,-27.181,3.506,0.359,8.603
35.73,-27.266,-34.388,-27.175,4.239,0.356,8.561
35.75,-27.141,-34.394,-27.164,4.841,0.345,8.519
35.76,-27.887,-34.396,-27.160,2.825,0.321,8.438
35.76,-27.617,-34.406,-27.160,3.210,0.301,8.367
35.77,-27.976,-34.424,-27.171,2.828,0.288,8.297
35.79,-27.606,-34.452,-27.189,3.220,0.286,8.246
35.80,-27.611,-34.478,-27.204,3.893,0.288,8.206
35.81,-27.445,-34.504,-27.217,4.225,0.299,8.180
35.81,-27.489,-34.522,-27.222,4.329,0.308,8.154
35.83,-27.728,-34.535,-27.225,3.483,0.313,8.112
35.84,-27.336,-34.550,-27.225,3.910,0.322,8.081
35.85,-27.848,-34.577,-27.243,4.219,0.336,8.060
35.86,-28.071,-34.614,-27.275,3.205,0.350,8.023
35.87,-27.996,-34.654,-27.307,2.466,0.345,7.959
35.88,-28.152,-34.698,-27.346,3.897,0.341,7.914
35.89,-27.587,-34.743,-27.378,2.599,0.342,7.858
35.90,-27.771,-34.780,-27.404,3.239,0.360,7.828
35.91,-27.917,-34.806,-27.421,3.631,0.385,7.810
35.92,-28.404,-34.812,-27.424,3.646,0.415,7.796
35.93,-28.236,-34.798,-27.406,2.399,0.437,7.759
35.94,-27.647,-34.792,-27.386,3.363,0.453,7.727
35.95,-27.386,-34.797,-27.377,3.803,0.467,7.701
35.96,-27.878,-34.812,-27.383,4.138,0.473,7.670
35.97,-28.018,-34.832,-27.395,2.585,0.465,7.606
35.98,-28.352,-34.857,-27.417,3.335,0.463,7.557
35.99,-28.368,-34.880,-27.437,2.972,0.462,7.505
36.00,-28.153,-34.898,-27.448,3.493,0.458,7.458
36.01,-27.858,-34.908,-27.448,4.693,0.456,7.428
36.02,-27.895,-34.907,-27.437,4.857,0.478,7.426
36.03,-27.958,-34.891,-27.413,4.234,0.506,7.420
36.04,-28.116,-34.867,-27.384,3.475,0.528,7.398
36.05,-28.029,-34.859,-27.368,3.484,0.556,7.382
36.06,-28.610,-34.873,-27.383,1.604,0.570,7.327
36.07,-28.462,-34.893,-27.403,2.322,0.573,7.271
36.08,-28.376,-34.922,-27.430,2.865,0.576,7.224
36.09,-28.364,-34.956,-27.460,2.537,0.580,7.172
36.10,-28.077,-34.973,-27.470,5.248,0.575,7.148
36.11,-28.304,-34.977,-27.471,5.382,0.579,7.134
36.12,-28.714,-34.972,-27.468,4.640,0.575,7.103
36.13,-27.679,-34.981,-27.465,0.943,0.590,7.042
36.14,-27.865,-35.004,-27.478,3.210,0.612,7.019
36.15,-28.439,-35.025,-27.497,3.171,0.617,6.979
36.16,-28.443,-35.041,-27.511,2.037,0.632,6.933
36.17,-27.820,-35.051,-27.511,1.825,0.635,6.873
36.18,-28.300,-35.055,-27.511,3.385,0.647,6.842
36.19,-28.835,-35.051,-27.510,3.469,0.655,6.809
36.20,-27.919,-35.036,-27.487,3.589,0.657,6.772
36.21,-27.985,-35.019,-27.463,3.841,0.652,6.731
36.22,-27.952,-35.003,-27.439,2.996,0.646,6.680
36.23,-27.978,-34.997,-27.427,3.653,0.637,6.633
36.24,-27.968,-34.999,-27.421,3.575,0.627,6.586
36.25,-28.142,-35.003,-27.421,3.527,0.629,6.549
36.26,-28.094,-35.002,-27.415,3.949,0.639,6.527
36.27,-27.964,-34.998,-27.404,3.651,0.652,6.504
36.28,-27.679,-34.993,-27.390,3.275,0.666,6.476
36.29,-27.949,-34.994,-27.384,2.921,0.687,6.451
36.30,-28.398,-34.994,-27.384,3.679,0.713,6.441
36.31,-28.421,-34.971,-27.361,3.102,0.712,6.397
36.32,-28.220,-34.943,-27.331,3.892,0.712,6.364
36.33,-27.943,-34.926,-27.309,3.477,0.716,6.331
36.34,-27.630,-34.917,-27.291,3.273,0.719,6.294
36.35,-28.183,-34.917,-27.289,3.291,0.721,6.256
36.36,-27.630,-34.919,-27.281,3.635,0.725,6.225
36.37,-27.988,-34.932,-27.290,3.489,0.728,6.191
36.38,-28.422,-34.943,-27.302,3.677,0.722,6.152
36.39,-27.930,-34.954,-27.308,3.322,0.729,6.120
36.40,-28.259,-34.959,-27.313,3.309,0.746,6.098
36.41,-28.134,-34.966,-27.318,3.285,0.754,6.068
36.42,-28.273,-34.974,-27.325,3.142,0.753,6.027
36.43,-28.085,-34.984,-27.332,3.640,0.749,5.990
36.44,-28.181,-34.997,-27.343,3.226,0.749,5.951
36.45,-28.365,-35.007,-27.354,3.375,0.748,5.914
36.46,-29.378,-35.012,-27.373,3.273,0.745,5.874
36.47,-27.307,-35.010,-27.357,3.577,0.746,5.841
36.48,-28.155,-35.005,-27.350,3.363,0.749,5.809
36.49,-28.207,-35.001,-27.345,3.439,0.760,5.786
36.50,-28.027,-34.994,-27.335,3.554,0.777,5.770
36.51,-28.361,-34.975,-27.317,3.415,0.789,5.747
36.52,-27.722,-34.943,-27.278,3.461,0.800,5.725
36.53,-27.679,-34.907,-27.235,3.401,0.819,5.709
36.54,-27.591,-34.881,-27.201,3.432,0.841,5.697
36.55,-28.005,-34.862,-27.181,3.100,0.854,5.671
36.56,-28.070,-34.850,-27.169,3.496,0.856,5.640
36.57,-28.002,-34.844,-27.162,3.759,0.863,5.618
36.58,-28.101,-34.845,-27.163,3.737,0.871,5.596
36.59,-28.203,-34.843,-27.163,3.006,0.866,5.552
36.60,-27.896,-34.832,-27.150,3.439,0.847,5.501
36.61,-27.551,-34.811,-27.123,3.799,0.843,5.470
36.62,-27.855,-34.784,-27.094,3.922,0.859,5.460
36.63,-27.712,-34.754,-27.061,3.496,0.880,5.449
36.64,-27.687,-34.735,-27.039,3.781,0.908,5.450
36.65,-27.751,-34.721,-27.023,3.647,0.920,5.432
36.66,-28.153,-34.705,-27.011,3.505,0.906,5.387
36.67,-27.707,-34.694,-26.997,3.848,0.899,5.354
36.68,-28.031,-34.694,-26.999,3.634,0.904,5.330
36.69,-27.831,-34.695,-27.000,3.306,0.904,5.297
36.70,-27.828,-34.692,-26.997,3.652,0.894,5.259
36.71,-27.917,-34.688,-26.994,3.360,0.884,5.219
36.72,-28.028,-34.677,-26.985,3.403,0.873,5.177
36.73,-27.443,-34.656,-26.959,3.080,0.859,5.129
36.74,-27.907,-34.630,-26.936,3.535,0.854,5.096
36.75,-27.572,-34.610,-26.913,3.490,0.854,5.068
36.76,-27.995,-34.599,-26.906,3.543,0.850,5.036
36.77,-27.577,-34.597,-26.902,3.199,0.836,4.991
36.78,-27.794,-34.598,-26.904,3.133,0.823,4.947
36.79,-28.906,-34.609,-26.930,3.990,0.821,4.925
36.80,-27.210,-34.627,-26.941,3.364,0.835,4.911
36.81,-27.945,-34.645,-26.962,3.718,0.840,4.892
36.82,-28.483,-34.652,-26.978,4.456,0.839,4.878
36.83,-27.418,-34.654,-26.976,3.336,0.840,4.851
36.84,-26.989,-34.668,-26.979,2.071,0.844,4.810
36.85,-27.378,-34.685,-26.991,2.978,0.849,4.782
36.86,-27.903,-34.702,-27.010,3.237,0.849,4.754
36.87,-27.738,-34.721,-27.027,3.549,0.849,4.729
36.88,-28.200,-34.742,-27.053,3.166,0.847,4.697
36.89,-28.473,-34.742,-27.062,3.327,0.838,4.663
36.90,-28.019,-34.725,-27.048,3.569,0.824,4.625
36.91,-27.791,-34.708,-27.031,3.393,0.817,4.593
36.92,-27.690,-34.693,-27.015,3.793,0.808,4.565
36.93,-27.646,-34.692,-27.013,3.520,0.805,4.539
36.94,-28.126,-34.699,-27.025,3.441,0.805,4.516
36.95,-27.959,-34.698,-27.026,3.444,0.800,4.488
36.96,-27.912,-34.689,-27.020,4.049,0.803,4.476
36.97,-27.444,-34.679,-27.005,3.305,0.805,4.453
36.98,-28.175,-34.672,-27.004,3.651,0.806,4.434
36.99,-27.536,-34.673,-27.003,3.253,0.808,4.412
37.00,-27.816,-34.682,-27.013,4.063,0.811,4.401
37.01,-27.756,-34.698,-27.030,3.548,0.816,4.384
37.02,-28.182,-34.711,-27.049,3.495,0.819,4.367
37.03,-27.984,-34.720,-27.061,3.720,0.824,4.353
37.04,-27.985,-34.730,-27.073,3.396,0.826,4.332
37.05,-28.189,-34.740,-27.089,3.410,0.809,4.293
37.07,-28.009,-34.747,-27.099,3.490,0.784,4.248
37.08,-27.591,-34.763,-27.112,3.260,0.761,4.203
37.09,-27.454,-34.789,-27.134,3.650,0.746,4.171
37.09,-27.976,-34.827,-27.174,3.313,0.743,4.147
37.11,-28.335,-34.854,-27.207,3.654,0.746,4.133
37.12,-28.175,-34.873,-27.230,3.528,0.749,4.118
37.13,-28.524,-34.889,-27.254,4.844,0.750,4.118
37.13,-27.912,-34.908,-27.274,4.974,0.769,4.138
37.15,-28.305,-34.927,-27.298,3.123,0.786,4.132
37.16,-27.836,-34.953,-27.322,2.417,0.797,4.110
37.17,-27.869,-34.987,-27.354,3.566,0.812,4.108
37.17,-27.916,-35.021,-27.387,3.767,0.838,4.118
37.18,-27.806,-35.056,-27.419,2.306,0.854,4.100
37.20,-27.653,-35.094,-27.451,3.704,0.867,4.097
37.21,-28.009,-35.137,-27.493,3.965,0.895,4.112
37.22,-28.390,-35.169,-27.528,3.724,0.889,4.091
37.23,-28.893,-35.185,-27.554,3.812,0.863,4.051
37.24,-28.967,-35.197,-27.576,2.070,0.851,4.003
37.25,-28.569,-35.210,-27.595,3.462,0.847,3.981
37.26,-28.500,-35.225,-27.613,3.422,0.839,3.955
37.27,-28.462,-35.241,-27.633,3.357,0.817,3.915
37.28,-28.207,-35.262,-27.654,3.692,0.802,3.887
37.29,-29.184,-35.285,-27.689,4.227,0.805,3.883
37.30,-27.941,-35.299,-27.699,2.850,0.820,3.873
37.30,-28.094,-35.301,-27.698,3.038,0.830,3.861
37.32,-28.553,-35.280,-27.681,3.557,0.835,3.851
37.33,-28.354,-35.247,-27.651,3.554,0.838,3.840
37.34,-28.412,-35.207,-27.614,3.522,0.837,3.824
37.35,-29.263,-35.154,-27.576,3.195,0.831,3.798
37.36,-28.328,-35.097,-27.523,3.543,0.812,3.765
37.37,-28.719,-35.050,-27.485,3.774,0.796,3.738
37.38,-28.906,-34.999,-27.446,3.713,0.776,3.707
37.39,-28.837,-34.926,-27.386,3.926,0.750,3.673
37.40,-28.595,-34.853,-27.323,3.645,0.731,3.643
37.41,-28.448,-34.784,-27.262,4.201,0.721,3.629
37.42,-28.086,-34.736,-27.220,3.940,0.717,3.618
37.43,-28.275,-34.708,-27.199,3.658,0.719,3.610
37.44,-27.363,-34.671,-27.159,3.699,0.729,3.610
37.45,-27.341,-34.621,-27.106,2.622,0.727,3.584
37.46,-26.758,-34.562,-27.036,3.073,0.727,3.567
37.47,-27.549,-34.508,-26.984,3.732,0.744,3.574
37.48,-27.313,-34.465,-26.940,3.485,0.763,3.581
37.49,-27.107,-34.437,-26.908,3.391,0.772,3.576
37.50,-27.275,-34.423,-26.893,3.272,0.775,3.564
37.51,-27.076,-34.425,-26.891,3.494,0.773,3.550
37.52,-27.493,-34.437,-26.904,3.360,0.772,3.535
37.53,-27.690,-34.467,-26.937,3.569,0.777,3.530
37.54,-27.455,-34.507,-26.978,3.427,0.780,3.520
37.55,-27.570,-34.541,-27.013,3.378,0.777,3.505
37.56,-28.113,-34.571,-27.051,3.192,0.769,3.481
37.57,-27.863,-34.608,-27.092,3.722,0.768,3.471
37.58,-27.512,-34.648,-27.131,3.787,0.775,3.471
37.59,-27.907,-34.694,-27.181,3.391,0.784,3.468
37.60,-28.178,-34.744,-27.238,3.500,0.792,3.465
37.61,-27.988,-34.782,-27.279,3.442,0.794,3.456
37.62,-28.342,-34.804,-27.309,3.614,0.799,3.452
37.63,-28.353,-34.810,-27.324,3.362,0.797,3.437
37.64,-27.867,-34.817,-27.333,3.386,0.795,3.424
37.65,-27.653,-34.832,-27.346,3.808,0.797,3.420
37.66,-28.069,-34.848,-27.366,3.584,0.799,3.413
37.67,-27.939,-34.863,-27.382,3.403,0.791,3.394
37.68,-27.780,-34.875,-27.394,3.827,0.789,3.386
37.69,-28.417,-34.878,-27.405,3.865,0.792,3.385
37.70,-28.256,-34.864,-27.397,3.747,0.802,3.389
37.71,-28.216,-34.838,-27.377,3.818,0.810,3.391
37.72,-28.233,-34.806,-27.352,3.591,0.810,3.383
37.73,-28.045,-34.777,-27.328,3.130,0.808,3.367
37.74,-28.103,-34.756,-27.312,3.234,0.813,3.359
37.75,-27.893,-34.740,-27.299,3.667,0.824,3.363
37.76,-28.472,-34.736,-27.305,3.814,0.832,3.366
37.77,-27.782,-34.730,-27.301,3.870,0.832,3.362
37.78,-28.314,-34.731,-27.310,4.307,0.847,3.378
37.79,-28.317,-34.744,-27.332,5.447,0.881,3.428
37.80,-28.065,-34.758,-27.351,2.821,0.895,3.423
37.81,-27.825,-34.772,-27.366,2.958,0.905,3.417
37.82,-28.033,-34.785,-27.383,3.735,0.916,3.420
37.83,-27.847,-34.793,-27.393,3.393,0.938,3.431
37.84,-27.659,-34.791,-27.390,2.684,0.950,3.423
37.85,-27.476,-34.783,-27.379,1.998,0.945,3.388
37.86,-27.628,-34.778,-27.373,3.117,0.947,3.376
37.87,-28.308,-34.780,-27.382,3.729,0.957,3.380
37.88,-28.398,-34.765,-27.377,3.190,0.950,3.360
37.89,-27.521,-34.753,-27.363,3.538,0.933,3.335
37.90,-27.246,-34.762,-27.366,3.321,0.928,3.317
37.91,-27.647,-34.787,-27.390,3.329,0.933,3.312
37.92,-29.519,-34.795,-27.422,5.222,0.941,3.334
37.93,-27.749,-34.775,-27.402,3.460,0.962,3.346
37.94,-27.520,-34.769,-27.394,2.882,0.986,3.353
37.95,-27.140,-34.790,-27.408,2.695,1.014,3.361
37.96,-27.139,-34.827,-27.436,3.417,1.045,3.381
37.97,-28.072,-34.856,-27.469,3.220,1.060,3.384
37.98,-28.687,-34.856,-27.481,3.863,1.061,3.380
37.99,-27.681,-34.860,-27.484,3.633,1.061,3.373
38.00,-27.664,-34.893,-27.515,2.802,1.066,3.360
38.01,-27.948,-34.942,-27.565,3.225,1.073,3.354
38.02,-28.474,-34.987,-27.618,3.818,1.077,3.353
38.03,-28.861,-35.019,-27.662,5.674,1.092,3.387
38.04,-28.457,-35.034,-27.683,3.130,1.104,3.386
38.05,-27.698,-35.041,-27.687,3.647,1.120,3.394
38.06,-28.079,-35.060,-27.707,3.528,1.133,3.399
38.07,-28.486,-35.090,-27.743,2.624,1.133,3.377
38.08,-28.244,-35.117,-27.773,2.646,1.142,3.365
38.09,-28.869,-35.139,-27.805,3.996,1.149,3.370
38.10,-28.132,-35.156,-27.823,2.523,1.153,3.352
38.11,-28.510,-35.161,-27.834,2.715,1.155,3.335
38.12,-28.286,-35.155,-27.830,2.854,1.147,3.310
38.13,-28.286,-35.148,-27.826,3.096,1.142,3.292
38.14,-28.441,-35.137,-27.820,3.614,1.150,3.293
38.15,-28.277,-35.123,-27.809,3.362,1.146,3.279
38.16,-28.221,-35.119,-27.807,3.745,1.150,3.279
38.17,-29.041,-35.124,-27.825,4.945,1.164,3.304
38.18,-27.948,-35.126,-27.826,3.146,1.184,3.310
38.19,-28.184,-35.122,-27.823,3.481,1.198,3.317
38.20,-28.146,-35.102,-27.805,3.691,1.204,3.317
38.21,-27.643,-35.078,-27.776,2.765,1.213,3.308
38.22,-27.912,-35.060,-27.757,2.809,1.225,3.302
38.23,-28.321,-35.055,-27.756,2.901,1.226,3.288
38.24,-28.491,-35.044,-27.752,3.464,1.230,3.283
38.25,-28.129,-35.033,-27.744,3.468,1.239,3.284
38.26,-28.328,-35.020,-27.736,3.429,1.242,3.278
38.27,-28.274,-35.014,-27.734,3.424,1.237,3.264
38.28,-27.938,-35.011,-27.731,3.677,1.230,3.253
38.29,-28.152,-35.014,-27.736,3.188,1.225,3.237
38.30,-28.413,-35.013,-27.742,3.085,1.232,3.231
38.31,-27.977,-35.017,-27.746,3.399,1.243,3.233
38.32,-27.912,-35.037,-27.766,3.358,1.258,3.238
38.33,-28.078,-35.073,-27.802,3.265,1.261,3.232
38.34,-28.245,-35.108,-27.841,3.222,1.258,3.218
38.35,-28.589,-35.141,-27.880,3.561,1.265,3.219
38.36,-27.895,-35.177,-27.913,3.864,1.304,3.255
38.37,-28.293,-35.215,-27.953,2.213,1.333,3.259
38.38,-28.570,-35.234,-27.977,2.983,1.321,3.234
38.39,-28.221,-35.241,-27.985,3.555,1.313,3.219
38.40,-28.502,-35.248,-27.996,3.515,1.314,3.214
38.41,-28.109,-35.251,-27.998,3.439,1.313,3.205
38.42,-28.486,-35.254,-28.005,3.614,1.309,3.195
38.43,-28.422,-35.262,-28.016,3.275,1.304,3.181
38.44,-28.308,-35.266,-28.022,3.318,1.303,3.172
38.45,-28.305,-35.274,-28.030,3.703,1.305,3.170
38.46,-28.088,-35.282,-28.038,3.658,1.312,3.173
38.47,-28.368,-35.292,-28.049,3.369,1.317,3.170
38.48,-29.035,-35.301,-28.069,3.076,1.325,3.166
38.49,-28.114,-35.302,-28.068,3.062,1.327,3.156
38.50,-28.105,-35.306,-28.070,3.466,1.322,3.145
38.51,-28.366,-35.323,-28.089,3.517,1.316,3.134
38.52,-28.506,-35.351,-28.120,3.854,1.308,3.125
38.53,-28.864,-35.379,-28.155,4.300,1.285,3.108
38.54,-27.974,-35.414,-28.185,3.443,1.265,3.082
38.55,-27.957,-35.445,-28.210,2.472,1.262,3.061
38.56,-28.297,-35.462,-28.226,2.385,1.257,3.037
38.57,-28.487,-35.465,-28.231,3.320,1.256,3.030
38.58,-28.271,-35.463,-28.226,3.351,1.263,3.029
38.60,-28.422,-35.470,-28.235,3.602,1.270,3.034
38.61,-28.332,-35.488,-28.252,3.451,1.283,3.042
38.62,-29.171,-35.507,-28.280,3.570,1.281,3.037
38.63,-28.971,-35.532,-28.312,4.742,1.268,3.036
38.63,-28.496,-35.565,-28.344,3.656,1.265,3.032
38.65,-28.810,-35.601,-28.385,2.407,1.253,3.002
38.66,-28.430,-35.631,-28.413,1.679,1.234,2.956
38.67,-29.006,-35.641,-28.429,3.994,1.231,2.957
38.68,-28.775,-35.636,-28.427,3.671,1.234,2.959
38.69,-28.521,-35.620,-28.410,3.669,1.243,2.967
38.70,-28.577,-35.606,-28.397,3.341,1.256,2.975
38.71,-28.529,-35.602,-28.393,3.349,1.259,2.973
38.72,-28.483,-35.604,-28.393,3.537,1.256,2.968
38.73,-28.711,-35.612,-28.405,3.512,1.256,2.965
38.74,-28.679,-35.622,-28.416,3.860,1.256,2.967
38.75,-28.826,-35.627,-28.425,3.540,1.259,2.968
38.76,-28.736,-35.626,-28.426,3.176,1.265,2.967
38.77,-28.145,-35.627,-28.421,3.479,1.268,2.968
38.78,-29.071,-35.622,-28.423,3.487,1.275,2.972
38.79,-28.928,-35.606,-28.413,3.076,1.269,2.958
38.80,-28.856,-35.593,-28.403,3.405,1.249,2.934
38.81,-28.602,-35.580,-28.393,3.338,1.235,2.916
38.82,-28.726,-35.561,-28.376,3.453,1.230,2.909
38.83,-28.701,-35.534,-28.352,3.707,1.225,2.905
38.84,-28.707,-35.507,-28.329,3.469,1.222,2.901
38.85,-28.590,-35.484,-28.307,3.974,1.230,2.913
38.86,-28.357,-35.464,-28.287,3.341,1.241,2.920
38.87,-28.061,-35.453,-28.272,3.875,1.246,2.929
38.88,-28.070,-35.461,-28.276,3.545,1.245,2.927
38.89,-28.679,-35.477,-28.296,3.547,1.245,2.926
38.90,-28.670,-35.498,-28.320,3.338,1.243,2.921
38.91,-28.822,-35.509,-28.335,3.637,1.243,2.921
38.92,-28.710,-35.509,-28.339,3.426,1.244,2.920
38.93,-28.319,-35.514,-28.342,3.396,1.254,2.926
38.94,-28.453,-35.519,-28.347,3.431,1.269,2.939
38.95,-28.594,-35.522,-28.352,3.907,1.293,2.966
38.96,-28.486,-35.527,-28.357,2.820,1.305,2.967
38.97,-27.795,-35.534,-28.355,3.340,1.299,2.958
38.98,-29.468,-35.547,-28.381,2.711,1.287,2.934
38.99,-28.733,-35.561,-28.399,3.148,1.284,2.925
39.00,-28.770,-35.574,-28.415,3.082,1.282,2.917
39.01,-28.381,-35.592,-28.431,3.666,1.282,2.918
39.02,-28.532,-35.608,-28.447,3.498,1.283,2.918
39.03,-28.960,-35.615,-28.459,3.538,1.296,2.930
39.04,-28.800,-35.613,-28.461,3.713,1.312,2.948
39.05,-28.876,-35.609,-28.461,3.506,1.318,2.953
39.06,-28.340,-35.612,-28.462,3.447,1.308,2.941
39.07,-28.624,-35.630,-28.480,3.649,1.308,2.942
39.08,-28.825,-35.648,-28.501,3.395,1.308,2.940
39.09,-28.553,-35.661,-28.514,3.445,1.308,2.938
39.10,-29.083,-35.673,-28.532,3.688,1.309,2.939
39.11,-29.006,-35.671,-28.535,3.455,1.312,2.941
39.12,-28.435,-35.666,-28.527,3.821,1.319,2.952
39.13,-28.251,-35.668,-28.525,3.508,1.323,2.954
39.14,-29.227,-35.671,-28.536,3.285,1.321,2.949
39.15,-28.969,-35.675,-28.544,3.042,1.312,2.933
39.16,-29.088,-35.673,-28.549,3.315,1.289,2.908
39.17,-28.600,-35.666,-28.541,3.033,1.285,2.897
39.18,-28.621,-35.663,-28.539,3.606,1.291,2.904
39.19,-28.966,-35.654,-28.535,3.180,1.290,2.899
39.20,-28.438,-35.641,-28.519,3.806,1.290,2.903
39.21,-28.139,-35.639,-28.512,3.646,1.306,2.921
39.22,-28.217,-35.649,-28.517,3.559,1.335,2.950
39.23,-29.296,-35.660,-28.537,3.099,1.346,2.956
39.24,-28.713,-35.678,-28.556,3.587,1.340,2.950
39.25,-28.588,-35.697,-28.575,3.412,1.342,2.951
39.26,-28.686,-35.718,-28.595,3.598,1.358,2.967
39.27,-28.886,-35.737,-28.618,3.669,1.375,2.986
39.28,-28.981,-35.738,-28.622,3.171,1.384,2.990
39.29,-28.434,-35.726,-28.607,3.638,1.393,2.999
39.30,-29.110,-35.700,-28.587,2.929,1.405,3.002
39.31,-28.654,-35.672,-28.560,3.084,1.402,2.993
39.32,-29.484,-35.659,-28.558,2.744,1.404,2.985
39.33,-28.855,-35.664,-28.566,2.885,1.416,2.987
39.34,-28.667,-35.671,-28.574,3.233,1.410,2.977
39.35,-29.113,-35.668,-28.577,3.491,1.399,2.966
39.36,-28.863,-35.655,-28.568,3.464,1.401,2.967
39.37,-28.623,-35.640,-28.553,3.749,1.415,2.983
39.38,-28.589,-35.621,-28.534,3.611,1.432,3.001
39.39,-28.512,-35.603,-28.516,3.224,1.452,3.017
39.40,-28.175,-35.578,-28.485,4.244,1.475,3.048
39.41,-28.456,-35.548,-28.455,5.180,1.467,3.061
39.42,-28.823,-35.523,-28.434,3.897,1.440,3.039
39.43,-28.549,-35.512,-28.425,1.356,1.428,2.998
39.44,-28.800,-35.512,-28.429,1.643,1.426,2.970
39.45,-28.542,-35.512,-28.430,2.967,1.426,2.963
39.46,-28.542,-35.512,-28.431,3.027,1.437,2.968
39.47,-28.163,-35.512,-28.426,3.897,1.455,2.991
39.48,-28.297,-35.516,-28.429,3.445,1.474,3.008
39.49,-28.628,-35.530,-28.445,3.314,1.489,3.020
39.50,-28.334,-35.543,-28.455,2.982,1.498,3.021
39.51,-28.833,-35.555,-28.471,2.924,1.519,3.033
39.52,-28.804,-35.558,-28.478,2.352,1.529,3.027
39.53,-28.997,-35.558,-28.484,3.277,1.533,3.027
39.54,-28.543,-35.563,-28.489,3.126,1.536,3.024
39.55,-28.559,-35.578,-28.505,3.312,1.535,3.020
39.56,-29.092,-35.594,-28.528,3.004,1.534,3.012
39.57,-29.054,-35.602,-28.542,2.894,1.530,3.000
39.58,-28.869,-35.603,-28.546,2.657,1.538,2.996
39.59,-28.909,-35.598,-28.547,3.037,1.555,3.006
39.60,-29.562,-35.590,-28.552,3.126,1.559,3.005
39.61,-28.617,-35.579,-28.541,3.937,1.552,3.002
39.62,-28.788,-35.575,-28.540,3.177,1.546,2.991
39.63,-28.569,-35.572,-28.538,3.193,1.534,2.975
39.64,-28.335,-35.574,-28.537,3.876,1.525,2.971
39.65,-28.512,-35.568,-28.530,3.485,1.519,2.965
39.66,-28.905,-35.555,-28.522,2.973,1.522,2.962
39.67,-28.489,-35.536,-28.503,3.419,1.537,2.975
39.68,-27.907,-35.516,-28.475,3.999,1.557,3.001
39.69,-28.140,-35.499,-28.453,3.316,1.574,3.016
39.70,-28.455,-35.486,-28.440,3.590,1.585,3.027
39.71,-27.940,-35.476,-28.423,3.909,1.594,3.041
39.72,-29.277,-35.464,-28.422,2.151,1.591,3.020
39.73,-28.743,-35.449,-28.411,2.899,1.581,3.002
39.74,-29.174,-35.430,-28.403,2.324,1.577,2.982
39.75,-28.118,-35.416,-28.385,3.335,1.557,2.961
39.76,-28.129,-35.422,-28.387,2.808,1.544,2.939
39.77,-28.163,-35.437,-28.398,2.876,1.541,2.928
39.78,-28.458,-35.447,-28.409,3.657,1.535,2.925
39.79,-28.564,-35.452,-28.416,2.953,1.536,2.919
39.80,-28.459,-35.456,-28.420,3.134,1.537,2.917
39.81,-28.298,-35.463,-28.425,3.193,1.534,2.911
39.82,-28.249,-35.475,-28.435,3.127,1.527,2.900
39.83,-29.173,-35.487,-28.456,2.769,1.520,2.885
39.84,-28.175,-35.494,-28.459,4.048,1.512,2.886
39.85,-28.921,-35.496,-28.466,3.006,1.507,2.876
39.86,-28.660,-35.495,-28.468,3.202,1.504,2.871
39.87,-28.726,-35.496,-28.473,3.640,1.508,2.879
39.88,-28.055,-35.496,-28.467,3.684,1.509,2.884
39.89,-28.579,-35.503,-28.475,3.151,1.513,2.885
39.90,-28.511,-35.515,-28.487,3.620,1.523,2.898
39.91,-28.520,-35.522,-28.495,3.753,1.535,2.915
39.92,-27.974,-35.537,-28.502,3.169,1.547,2.924
39.93,-28.567,-35.564,-28.529,3.292,1.555,2.930
39.94,-28.625,-35.590,-28.556,3.683,1.555,2.934
39.95,-28.457,-35.612,-28.576,3.214,1.556,2.931
39.96,-28.839,-35.626,-28.593,3.242,1.558,2.932
39.97,-29.209,-35.620,-28.595,3.166,1.546,2.916
39.98,-28.960,-35.602,-28.582,4.040,1.536,2.916
40.00,-28.367,-35.589,-28.566,3.171,1.515,2.892
40.00,-28.086,-35.588,-28.558,3.382,1.512,2.889
40.01,-28.781,-35.595,-28.569,3.334,1.519,2.897
40.02,-28.521,-35.606,-28.579,3.242,1.540,2.916
40.04,-28.785,-35.616,-28.590,2.820,1.554,2.922
40.04,-28.621,-35.629,-28.604,3.548,1.561,2.932
40.05,-28.875,-35.651,-28.629,3.312,1.559,2.929
40.06,-28.925,-35.664,-28.646,3.149,1.550,2.918
40.07,-28.814,-35.669,-28.653,2.996,1.544,2.907
40.08,-28.655,-35.667,-28.650,3.549,1.541,2.907
40.09,-28.576,-35.660,-28.643,3.379,1.543,2.909
40.11,-28.529,-35.653,-28.634,3.573,1.548,2.917
40.12,-28.505,-35.650,-28.630,3.361,1.548,2.917
40.13,-28.462,-35.645,-28.622,3.267,1.551,2.918
40.14,-28.516,-35.645,-28.621,3.479,1.552,2.922
40.15,-28.597,-35.650,-28.625,3.549,1.555,2.927
40.16,-28.332,-35.658,-28.629,3.222,1.562,2.933
40.17,-28.819,-35.665,-28.639,3.113,1.566,2.933
40.18,-28.680,-35.669,-28.643,3.307,1.572,2.938
40.19,-28.646,-35.670,-28.643,3.783,1.596,2.968
40.20,-28.574,-35.671,-28.643,3.590,1.626,3.001
40.21,-28.385,-35.648,-28.618,4.143,1.646,3.030
40.22,-28.934,-35.607,-28.581,3.655,1.639,3.025
40.23,-28.636,-35.562,-28.537,3.491,1.641,3.029
40.24,-29.411,-35.524,-28.511,1.930,1.658,3.026
40.25,-28.899,-35.483,-28.476,2.925,1.683,3.044
40.26,-28.452,-35.446,-28.439,2.961,1.684,3.039
40.27,-27.873,-35.428,-28.414,3.617,1.679,3.036
40.28,-28.615,-35.422,-28.410,3.202,1.682,3.036
40.29,-28.578,-35.403,-28.394,3.171,1.682,3.032
40.30,-28.783,-35.384,-28.380,3.465,1.680,3.031
40.31,-28.384,-35.364,-28.361,3.711,1.689,3.044
40.32,-28.270,-35.343,-28.339,3.427,1.706,3.060
40.33,-28.213,-35.331,-28.325,3.270,1.719,3.071
40.34,-28.238,-35.327,-28.320,3.586,1.727,3.081
40.35,-28.185,-35.327,-28.318,3.514,1.722,3.076
40.36,-28.746,-35.334,-28.330,2.845,1.708,3.054
40.37,-28.328,-35.348,-28.344,2.927,1.702,3.042
40.38,-28.650,-35.362,-28.361,2.471,1.694,3.022
40.39,-28.593,-35.378,-28.381,2.795,1.689,3.009
40.40,-28.369,-35.397,-28.399,3.115,1.690,3.006
40.41,-28.334,-35.422,-28.423,3.650,1.698,3.017
40.42,-27.782,-35.459,-28.452,3.727,1.711,3.034
40.43,-28.315,-35.497,-28.487,3.810,1.722,3.050
40.44,-29.059,-35.521,-28.518,2.933,1.722,3.044
40.45,-28.808,-35.536,-28.537,2.775,1.719,3.033
40.46,-28.969,-35.552,-28.558,2.434,1.718,3.019
40.47,-28.583,-35.564,-28.570,3.344,1.724,3.023
40.48,-28.516,-35.578,-28.584,3.084,1.723,3.019
40.49,-28.534,-35.584,-28.589,3.411,1.724,3.020
40.50,-28.606,-35.583,-28.588,3.380,1.722,3.018
40.51,-28.844,-35.582,-28.591,3.004,1.726,3.017
40.52,-28.692,-35.581,-28.591,3.742,1.721,3.017
40.53,-28.440,-35.575,-28.583,3.353,1.718,3.013
40.54,-28.141,-35.578,-28.581,3.466,1.730,3.026
40.55,-28.942,-35.585,-28.592,3.510,1.753,3.051
40.56,-29.237,-35.575,-28.591,3.362,1.755,3.052
40.57,-27.979,-35.561,-28.569,3.643,1.737,3.037
40.58,-28.020,-35.567,-28.568,3.350,1.727,3.026
40.59,-28.896,-35.573,-28.578,2.956,1.716,3.010
40.60,-29.134,-35.560,-28.572,3.034,1.709,2.999
40.61,-28.307,-35.542,-28.551,3.238,1.706,2.994
40.62,-28.091,-35.535,-28.539,3.230,1.710,2.997
40.63,-28.544,-35.538,-28.542,3.441,1.720,3.008
40.64,-29.077,-35.538,-28.549,3.180,1.715,3.001
40.65,-28.751,-35.524,-28.538,3.204,1.710,2.993
40.66,-28.339,-35.512,-28.523,3.693,1.716,3.004
40.67,-28.411,-35.517,-28.527,3.113,1.737,3.022
40.68,-28.915,-35.531,-28.546,3.006,1.739,3.019
40.69,-28.768,-35.536,-28.554,3.342,1.724,3.004
40.70,-28.625,-35.542,-28.561,3.200,1.718,2.996
40.71,-28.400,-35.552,-28.568,3.541,1.718,2.999
40.72,-28.779,-35.564,-28.583,2.914,1.724,3.000
40.73,-28.647,-35.576,-28.596,3.266,1.722,2.997
40.74,-28.352,-35.587,-28.604,3.491,1.728,3.004
40.75,-28.735,-35.601,-28.619,3.314,1.745,3.021
40.76,-29.278,-35.597,-28.625,3.411,1.757,3.034
40.77,-28.376,-35.587,-28.612,3.043,1.765,3.038
40.78,-28.503,-35.589,-28.612,2.897,1.765,3.032
40.79,-28.573,-35.597,-28.620,3.396,1.756,3.023
40.80,-28.956,-35.606,-28.634,2.959,1.745,3.008
40.81,-28.913,-35.610,-28.641,3.383,1.741,3.004
40.82,-28.463,-35.607,-28.636,3.444,1.742,3.006
40.83,-28.873,-35.600,-28.632,3.206,1.749,3.012
40.84,-28.430,-35.596,-28.626,3.507,1.758,3.023
40.85,-28.486,-35.593,-28.621,3.310,1.761,3.025
40.86,-28.394,-35.588,-28.613,3.269,1.752,3.016
40.87,-28.366,-35.581,-28.603,3.222,1.731,2.994
40.88,-29.184,-35.569,-28.599,3.193,1.704,2.965
40.89,-29.122,-35.540,-28.577,3.157,1.674,2.935
40.90,-28.724,-35.508,-28.548,3.731,1.657,2.924
40.91,-28.690,-35.480,-28.523,3.574,1.658,2.929
40.92,-28.875,-35.457,-28.505,3.238,1.663,2.934
40.93,-28.486,-35.437,-28.485,3.244,1.671,2.942
40.94,-28.435,-35.419,-28.467,3.364,1.678,2.951
40.95,-28.353,-35.404,-28.451,3.021,1.680,2.950
40.96,-28.257,-35.397,-28.442,3.375,1.677,2.949
40.97,-28.202,-35.397,-28.439,3.128,1.681,2.951
40.98,-28.222,-35.399,-28.439,3.045,1.690,2.958
40.99,-28.706,-35.406,-28.449,3.211,1.700,2.966
41.00,-28.381,-35.401,-28.443,3.264,1.713,2.979
41.01,-28.370,-35.396,-28.437,2.919,1.718,2.980
41.02,-28.189,-35.393,-28.432,3.328,1.717,2.979
41.03,-28.572,-35.392,-28.433,3.362,1.716,2.980
41.04,-28.241,-35.392,-28.430,3.378,1.715,2.981
41.05,-28.342,-35.393,-28.430,2.966,1.720,2.982
41.06,-27.937,-35.401,-28.432,3.329,1.733,2.995
41.07,-28.405,-35.414,-28.445,3.568,1.743,3.009
41.08,-28.464,-35.432,-28.463,3.549,1.756,3.025
41.09,-28.339,-35.456,-28.485,3.653,1.778,3.051
41.10,-28.807,-35.484,-28.517,3.028,1.793,3.062
41.11,-28.351,-35.505,-28.536,2.966,1.795,3.060
41.12,-28.679,-35.517,-28.549,3.247,1.789,3.053
41.13,-28.755,-35.522,-28.557,3.242,1.774,3.037
41.14,-28.776,-35.521,-28.559,3.192,1.763,3.025
41.15,-28.533,-35.516,-28.555,3.286,1.757,3.018
41.16,-28.680,-35.507,-28.547,3.103,1.754,3.014
41.17,-28.705,-35.498,-28.540,3.309,1.756,3.016
41.18,-28.081,-35.493,-28.530,3.083,1.766,3.023
41.19,-28.803,-35.489,-28.530,3.426,1.782,3.041
41.20,-28.657,-35.476,-28.519,3.267,1.794,3.052
41.21,-28.795,-35.464,-28.511,3.261,1.799,3.057
41.22,-28.976,-35.457,-28.510,2.998,1.798,3.051
41.23,-28.892,-35.448,-28.506,3.459,1.791,3.046
41.24,-28.476,-35.429,-28.487,2.955,1.783,3.034
41.25,-28.906,-35.404,-28.469,3.323,1.778,3.029
41.26,-28.388,-35.370,-28.435,3.510,1.775,3.029
41.27,-28.081,-35.334,-28.394,3.445,1.782,3.038
41.28,-28.198,-35.310,-28.369,3.351,1.796,3.053
41.29,-28.176,-35.295,-28.352,3.047,1.802,3.055
41.30,-27.861,-35.294,-28.345,3.473,1.798,3.053
41.31,-28.552,-35.302,-28.356,3.325,1.799,3.055
41.32,-28.803,-35.293,-28.352,3.437,1.796,3.054
41.33,-28.496,-35.267,-28.329,3.046,1.794,3.049
41.34,-28.209,-35.249,-28.310,3.656,1.794,3.054
41.35,-28.512,-35.229,-28.294,3.739,1.793,3.058
41.36,-28.475,-35.214,-28.281,3.172,1.783,3.047
41.37,-28.045,-35.210,-28.274,3.244,1.772,3.035
41.38,-28.349,-35.214,-28.280,3.210,1.770,3.033
41.39,-28.365,-35.216,-28.283,3.125,1.775,3.037
41.40,-28.357,-35.216,-28.284,2.867,1.781,3.036
41.41,-28.683,-35.209,-28.283,3.047,1.783,3.035
41.42,-28.105,-35.201,-28.273,3.517,1.781,3.037
41.43,-28.352,-35.202,-28.276,3.106,1.779,3.033
41.44,-28.473,-35.208,-28.284,2.873,1.777,3.026
41.45,-28.387,-35.214,-28.292,3.629,1.776,3.030
41.46,-28.450,-35.222,-28.302,3.359,1.778,3.034
41.47,-28.335,-35.234,-28.315,3.338,1.787,3.043
41.48,-28.310,-35.240,-28.322,3.261,1.792,3.048
41.49,-28.646,-35.241,-28.327,2.963,1.794,3.046
41.50,-28.033,-35.247,-28.329,3.242,1.799,3.050
41.51,-28.436,-35.261,-28.345,3.580,1.802,3.057
41.53,-28.511,-35.270,-28.356,3.136,1.805,3.059
41.54,-28.457,-35.279,-28.367,3.178,1.807,3.060
41.55,-28.453,-35.289,-28.379,2.946,1.807,3.055
41.56,-28.976,-35.286,-28.384,3.443,1.801,3.052
41.57,-28.216,-35.280,-28.376,2.730,1.792,3.036
41.58,-28.803,-35.271,-28.373,3.685,1.787,3.036
41.58,-28.576,-35.257,-28.362,3.672,1.793,3.048
41.60,-28.515,-35.238,-28.347,3.142,1.799,3.052
41.61,-28.770,-35.219,-28.334,3.199,1.782,3.035
41.62,-28.165,-35.207,-28.320,3.582,1.762,3.020
41.62,-27.948,-35.198,-28.307,3.255,1.750,3.008
41.63,-28.269,-35.186,-28.295,3.274,1.746,3.005
41.65,-28.227,-35.171,-28.279,3.293,1.738,2.998
41.66,-28.239,-35.160,-28.269,3.163,1.737,2.996
41.67,-28.166,-35.160,-28.268,3.606,1.739,3.004
41.68,-28.279,-35.164,-28.273,3.035,1.739,3.002
41.69,-28.126,-35.172,-28.279,3.440,1.745,3.011
41.70,-28.263,-35.178,-28.285,3.513,1.750,3.020
41.71,-27.990,-35.179,-28.283,3.114,1.746,3.015
41.72,-28.131,-35.181,-28.283,3.168,1.743,3.011
41.73,-28.596,-35.187,-28.294,3.219,1.736,3.005
41.74,-28.359,-35.191,-28.299,3.246,1.727,2.997
41.75,-28.180,-35.197,-28.304,3.221,1.721,2.991
41.76,-27.760,-35.213,-28.313,3.326,1.721,2.993
41.77,-28.286,-35.240,-28.340,3.327,1.729,3.003
41.78,-28.323,-35.281,-28.380,3.585,1.736,3.015
41.79,-28.453,-35.325,-28.425,3.459,1.741,3.024
41.80,-28.635,-35.361,-28.464,2.976,1.749,3.029
41.81,-29.017,-35.385,-28.495,3.134,1.753,3.032
41.82,-28.692,-35.389,-28.502,3.086,1.759,3.036
41.83,-28.264,-35.376,-28.486,3.263,1.757,3.035
41.84,-28.321,-35.363,-28.472,3.160,1.747,3.024
41.85,-28.562,-35.362,-28.472,2.664,1.738,3.009
41.86,-27.925,-35.367,-28.471,3.208,1.736,3.007
41.87,-28.456,-35.375,-28.479,3.424,1.736,3.011
41.88,-28.920,-35.383,-28.494,3.466,1.744,3.022
41.89,-28.736,-35.381,-28.495,3.795,1.751,3.037
41.90,-28.471,-35.373,-28.487,3.254,1.755,3.041
41.91,-28.064,-35.368,-28.477,3.959,1.760,3.056
41.92,-28.249,-35.380,-28.486,3.357,1.765,3.064
41.93,-28.326,-35.396,-28.500,3.397,1.759,3.059
41.94,-28.505,-35.400,-28.505,3.304,1.748,3.050
41.95,-28.636,-35.395,-28.502,3.389,1.743,3.048
41.96,-28.217,-35.393,-28.496,3.202,1.737,3.042
41.97,-27.976,-35.404,-28.501,3.550,1.734,3.044
41.98,-28.483,-35.419,-28.516,3.297,1.731,3.042
41.99,-28.314,-35.432,-28.527,3.336,1.733,3.046
42.00,-28.220,-35.452,-28.543,3.652,1.733,3.053
42.01,-28.481,-35.474,-28.563,3.437,1.742,3.064
42.02,-27.954,-35.491,-28.572,3.728,1.758,3.087
42.03,-28.323,-35.505,-28.584,3.498,1.765,3.097
42.04,-28.785,-35.523,-28.604,3.979,1.758,3.100
42.05,-29.051,-35.552,-28.639,2.942,1.750,3.089
42.06,-29.330,-35.582,-28.678,2.884,1.747,3.081
42.07,-28.843,-35.611,-28.709,3.277,1.737,3.073
42.08,-28.574,-35.639,-28.735,3.541,1.731,3.071
42.09,-28.928,-35.665,-28.763,3.844,1.734,3.083
42.10,-28.532,-35.682,-28.778,3.330,1.743,3.093
42.11,-29.025,-35.689,-28.788,3.766,1.764,3.121
42.12,-27.540,-35.673,-28.756,3.289,1.778,3.136
42.13,-28.795,-35.643,-28.728,3.868,1.766,3.132
42.14,-27.992,-35.624,-28.699,3.936,1.754,3.130
42.15,-30.355,-35.615,-28.712,3.422,1.750,3.129
42.16,-28.999,-35.611,-28.713,3.067,1.750,3.126
42.17,-28.373,-35.624,-28.722,3.467,1.754,3.133
42.18,-29.402,-35.647,-28.754,3.342,1.763,3.144
42.19,-29.104,-35.656,-28.767,2.918,1.762,3.138
42.20,-28.695,-35.658,-28.769,3.632,1.760,3.141
42.21,-28.183,-35.665,-28.768,3.786,1.767,3.156
42.22,-28.739,-35.656,-28.760,3.473,1.775,3.166
42.23,-29.177,-35.631,-28.740,3.365,1.770,3.163
42.24,-28.637,-35.610,-28.719,3.150,1.764,3.156
42.25,-28.964,-35.606,-28.718,3.498,1.769,3.164
42.26,-28.421,-35.607,-28.716,3.268,1.780,3.175
42.27,-28.701,-35.613,-28.722,3.851,1.796,3.199
42.28,-28.654,-35.611,-28.719,3.570,1.808,3.214
42.29,-28.381,-35.601,-28.705,3.152,1.812,3.217
42.30,-28.157,-35.598,-28.696,3.537,1.815,3.222
42.31,-28.562,-35.605,-28.701,3.051,1.810,3.214
42.32,-28.312,-35.609,-28.700,3.327,1.793,3.198
42.33,-28.514,-35.614,-28.703,3.443,1.782,3.189
42.34,-28.761,-35.627,-28.717,3.019,1.779,3.183
42.35,-29.086,-35.631,-28.726,3.139,1.772,3.174
42.36,-28.615,-35.633,-28.726,2.893,1.765,3.163
42.37,-28.921,-35.632,-28.728,3.465,1.769,3.170
42.38,-28.422,-35.638,-28.731,3.377,1.778,3.180
42.39,-28.359,-35.652,-28.739,3.226,1.788,3.190
42.40,-28.364,-35.671,-28.753,3.372,1.798,3.201
42.41,-29.084,-35.686,-28.773,3.333,1.803,3.206
42.42,-28.942,-35.692,-28.781,3.647,1.809,3.217
42.43,-28.660,-35.696,-28.784,3.469,1.819,3.229
42.44,-28.757,-35.710,-28.797,2.958,1.830,3.236
42.45,-28.647,-35.718,-28.804,3.539,1.836,3.244
42.46,-27.567,-35.723,-28.792,3.600,1.837,3.249
42.47,-27.566,-35.720,-28.773,3.407,1.832,3.246
42.48,-29.100,-35.702,-28.760,4.121,1.830,3.254
42.49,-28.745,-35.671,-28.729,3.746,1.844,3.273
42.50,-29.602,-35.635,-28.706,3.083,1.858,3.284
42.51,-29.029,-35.599,-28.674,3.022,1.858,3.280
42.52,-28.708,-35.574,-28.650,2.614,1.853,3.265
42.53,-29.006,-35.569,-28.650,3.254,1.844,3.255
42.54,-28.426,-35.578,-28.655,3.626,1.842,3.257
42.55,-28.949,-35.584,-28.665,3.165,1.849,3.262
42.56,-28.981,-35.576,-28.662,3.116,1.850,3.261
42.57,-28.865,-35.559,-28.648,3.314,1.855,3.265
42.58,-28.893,-35.545,-28.638,3.579,1.862,3.275
42.59,-28.339,-35.542,-28.631,3.072,1.859,3.269
42.60,-28.692,-35.542,-28.633,3.276,1.855,3.264
42.61,-28.808,-35.548,-28.640,3.418,1.857,3.267
42.62,-29.191,-35.548,-28.649,3.123,1.854,3.262
42.63,-28.934,-35.539,-28.643,2.984,1.845,3.248
42.64,-28.541,-35.514,-28.618,3.589,1.833,3.240
42.65,-28.645,-35.493,-28.597,3.066,1.824,3.228
42.66,-28.195,-35.478,-28.578,3.191,1.823,3.225
42.67,-28.443,-35.474,-28.572,3.530,1.828,3.234
42.68,-28.439,-35.473,-28.570,3.176,1.836,3.240
42.69,-28.632,-35.469,-28.567,3.272,1.839,3.243
42.70,-28.395,-35.466,-28.562,3.357,1.838,3.242
42.71,-28.458,-35.460,-28.555,3.244,1.832,3.235
42.72,-28.484,-35.458,-28.552,3.344,1.824,3.228
42.73,-28.274,-35.454,-28.545,3.431,1.821,3.226
42.74,-28.367,-35.458,-28.546,3.703,1.822,3.233
42.75,-28.522,-35.466,-28.555,3.088,1.826,3.235
42.76,-28.467,-35.476,-28.563,3.534,1.826,3.238
42.77,-28.374,-35.487,-28.572,3.433,1.825,3.238
42.78,-28.511,-35.503,-28.587,2.993,1.823,3.233
42.79,-28.793,-35.517,-28.604,3.463,1.819,3.231
42.80,-28.710,-35.526,-28.614,3.169,1.816,3.226
42.81,-28.771,-35.535,-28.625,3.173,1.808,3.217
42.82,-28.478,-35.543,-28.631,3.764,1.803,3.219
42.83,-28.519,-35.545,-28.632,3.278,1.807,3.222
42.84,-28.625,-35.549,-28.636,3.244,1.811,3.225
42.85,-28.677,-35.556,-28.644,3.522,1.811,3.229
42.86,-28.704,-35.562,-28.650,3.344,1.820,3.238
42.87,-28.827,-35.565,-28.656,3.801,1.832,3.257
42.88,-28.632,-35.563,-28.654,3.219,1.843,3.267
42.89,-28.763,-35.559,-28.651,3.282,1.851,3.275
42.90,-28.368,-35.551,-28.641,3.047,1.857,3.277
42.91,-28.727,-35.549,-28.639,3.549,1.862,3.284
42.92,-28.807,-35.550,-28.643,3.226,1.864,3.285
42.93,-29.164,-35.545,-28.645,3.282,1.852,3.272
42.94,-28.291,-35.538,-28.634,3.235,1.838,3.257
42.95,-28.567,-35.529,-28.624,3.511,1.832,3.254
42.96,-28.207,-35.528,-28.618,3.180,1.832,3.252
42.97,-28.933,-35.529,-28.623,3.295,1.835,3.256
42.98,-28.564,-35.526,-28.619,3.024,1.833,3.250
42.99,-28.570,-35.527,-28.620,3.370,1.825,3.242
43.00,-28.502,-35.521,-28.613,3.572,1.817,3.239
43.01,-28.718,-35.515,-28.608,3.246,1.815,3.237
43.02,-28.386,-35.508,-28.599,3.367,1.818,3.240
43.03,-28.542,-35.499,-28.589,3.573,1.821,3.247
43.04,-28.460,-35.489,-28.578,3.697,1.825,3.256
43.05,-28.847,-35.476,-28.569,3.631,1.829,3.265
43.07,-28.017,-35.463,-28.549,3.498,1.833,3.271
43.08,-28.328,-35.456,-28.539,3.128,1.835,3.271
43.09,-28.339,-35.452,-28.533,3.300,1.842,3.278
43.10,-28.659,-35.451,-28.534,3.347,1.846,3.282
43.11,-28.777,-35.445,-28.531,2.714,1.848,3.276
43.12,-28.702,-35.437,-28.525,3.341,1.852,3.280
43.13,-28.699,-35.430,-28.521,3.296,1.856,3.283
43.14,-28.406,-35.430,-28.519,3.566,1.853,3.284
43.15,-28.510,-35.436,-28.525,3.593,1.843,3.277
43.16,-28.490,-35.439,-28.528,3.195,1.822,3.255
43.17,-28.652,-35.444,-28.534,3.492,1.806,3.242
43.18,-28.864,-35.444,-28.539,3.619,1.801,3.241
43.19,-28.664,-35.431,-28.528,3.604,1.797,3.242
43.20,-28.309,-35.413,-28.508,3.570,1.803,3.251
43.21,-28.244,-35.392,-28.483,3.403,1.809,3.259
43.22,-28.450,-35.375,-28.467,3.393,1.807,3.259
43.23,-28.296,-35.361,-28.450,3.009,1.801,3.249
43.24,-28.617,-35.348,-28.440,3.159,1.789,3.236
43.25,-28.319,-35.332,-28.423,3.448,1.789,3.238
43.26,-28.540,-35.318,-28.411,3.199,1.797,3.245
43.27,-28.476,-35.300,-28.395,3.256,1.807,3.254
43.28,-28.221,-35.281,-28.373,3.570,1.817,3.268
43.29,-28.610,-35.256,-28.352,2.667,1.812,3.255
43.30,-28.192,-35.230,-28.325,3.348,1.809,3.253
43.31,-28.234,-35.209,-28.302,3.669,1.808,3.257
43.32,-28.255,-35.178,-28.271,3.314,1.812,3.261
43.33,-28.149,-35.145,-28.238,3.563,1.812,3.265
43.34,-27.535,-35.113,-28.197,3.350,1.810,3.264
43.35,-28.282,-35.086,-28.171,3.344,1.802,3.257
43.36,-28.507,-35.063,-28.153,3.409,1.796,3.252
43.37,-28.116,-35.037,-28.127,3.308,1.804,3.261
43.38,-28.293,-35.006,-28.099,3.267,1.813,3.269
43.39,-28.104,-34.974,-28.067,3.434,1.816,3.274
43.40,-27.859,-34.951,-28.042,3.344,1.818,3.276
43.41,-28.023,-34.940,-28.031,3.572,1.813,3.275
43.42,-28.056,-34.940,-28.031,3.362,1.804,3.267
43.43,-27.986,-34.934,-28.026,3.330,1.791,3.255
43.44,-28.319,-34.918,-28.013,3.593,1.770,3.238
43.45,-28.305,-34.889,-27.989,3.156,1.759,3.226
43.46,-28.358,-34.838,-27.944,3.448,1.755,3.225
43.47,-28.470,-34.763,-27.876,3.404,1.753,3.225
43.48,-27.594,-34.688,-27.799,2.856,1.754,3.221
43.49,-28.189,-34.614,-27.732,3.324,1.760,3.228
43.50,-28.193,-34.526,-27.651,3.433,1.760,3.231
43.51,-28.569,-34.421,-27.560,3.229,1.764,3.234
43.52,-28.716,-34.284,-27.440,3.014,1.755,3.222
43.53,-28.296,-34.109,-27.279,3.292,1.751,3.219
43.54,-28.618,-33.876,-27.068,2.395,1.749,3.206
43.55,-27.529,-33.567,-26.769,2.476,1.750,3.197
43.56,-26.953,-33.246,-26.456,2.251,1.741,3.175
43.57,-26.917,-32.890,-26.111,3.113,1.722,3.155
43.58,-26.461,-32.509,-25.741,2.219,1.686,3.107
43.59,-26.161,-32.109,-25.353,2.345,1.678,3.089
43.60,-26.032,-31.701,-24.960,2.397,1.669,3.070
43.61,-27.678,-31.297,-24.598,-0.569,1.676,3.028
43.62,-24.748,-30.872,-24.182,-1.127,1.657,2.953
43.63,-22.582,-30.460,-23.756,3.221,1.594,2.894
43.64,-23.348,-30.068,-23.365,4.659,1.527,2.850
43.65,-23.412,-29.683,-22.987,5.900,1.453,2.816
43.66,-24.542,-29.286,-22.617,3.946,1.369,2.747
43.67,-23.729,-28.863,-22.215,4.511,1.296,2.698
43.68,-22.372,-28.442,-21.804,3.957,1.245,2.664
43.69,-21.784,-28.046,-21.414,3.717,1.210,2.643
43.70,-20.140,-27.653,-21.011,4.979,1.177,2.640
43.71,-19.693,-27.260,-20.607,2.894,1.120,2.587
43.72,-20.782,-26.798,-20.155,3.754,1.046,2.529
43.73,-18.248,-26.300,-19.640,1.169,0.893,2.361
43.74,-21.488,-25.736,-19.109,5.917,0.653,2.171
43.75,-21.345,-25.138,-18.550,5.062,0.432,1.990
43.76,-20.717,-24.538,-17.989,0.956,0.269,1.816
43.77,-18.593,-23.949,-17.418,2.836,0.127,1.690
43.78,-19.665,-23.372,-16.880,1.922,0.017,1.585
43.79,-17.430,-22.805,-16.330,4.261,-0.037,1.567
43.80,-17.178,-22.272,-15.818,5.031,-0.055,1.596
43.81,-17.459,-21.767,-15.343,3.662,-0.033,1.645
43.82,-16.555,-21.243,-14.845,3.982,-0.037,1.673
43.83,-15.974,-20.691,-14.318,1.422,-0.066,1.643
43.84,-13.959,-20.116,-13.749,0.189,-0.106,1.585
43.85,-12.153,-19.524,-13.146,2.150,-0.152,1.548
43.86,-14.190,-18.913,-12.561,6.703,-0.232,1.538
43.87,-14.296,-18.272,-11.953,7.197,-0.314,1.534
43.88,-16.193,-17.628,-11.377,9.455,-0.333,1.621
43.89,-11.090,-17.014,-10.771,4.591,-0.293,1.702
43.90,-10.254,-16.438,-10.199,3.812,-0.163,1.861
43.91,-8.617,-15.884,-9.636,6.185,-0.015,2.067
43.92,-9.957,-15.312,-9.079,7.462,0.043,2.199
43.93,-12.475,-14.742,-8.565,5.465,0.035,2.238
43.94,-9.546,-14.141,-7.988,3.149,-0.077,2.142
43.95,-10.039,-13.505,-7.392,2.992,-0.269,1.969
43.96,-8.770,-12.830,-6.748,2.513,-0.535,1.717
43.97,-7.197,-12.139,-6.076,3.340,-0.850,1.432
43.98,-6.737,-11.459,-5.418,5.686,-1.089,1.256
43.99,-8.639,-10.785,-4.800,4.408,-1.259,1.135
44.00,-9.537,-10.090,-4.182,5.960,-1.410,1.054
44.01,-10.274,-9.370,-3.556,6.042,-1.511,1.025
44.02,-7.505,-8.641,-2.894,5.119,-1.526,1.071
44.03,-6.267,-7.918,-2.232,6.303,-1.484,1.186
44.04,-5.171,-7.187,-1.555,6.808,-1.450,1.300
44.05,-4.010,-6.421,-0.839,4.522,-1.488,1.312
44.06,-4.361,-5.529,-0.012,6.852,-1.615,1.268
44.07,-3.911,-4.669,0.778,4.494,-1.707,1.226
44.08,-2.105,-3.766,1.623,3.315,-1.773,1.197
44.09,-2.255,-2.846,2.472,6.261,-1.735,1.309
44.10,2.532,-1.931,3.367,5.322,-1.573,1.530
44.11,2.163,-1.018,4.243,4.696,-1.401,1.750
44.12,109.583,-1.136,5.507,119.510,-0.226,4.470
44.13,-2.426,-1.136,5.402,-3.053,0.170,4.780
44.14,0.436,-1.126,5.345,-0.499,0.183,4.739
44.15,2.749,-1.123,5.312,6.809,0.234,4.834
44.16,1.216,-1.123,5.257,2.416,0.240,4.824
44.17,1.630,-1.124,5.206,5.652,0.238,4.850
44.18,2.885,-1.122,5.175,1.312,0.248,4.830
44.19,2.564,-1.124,5.136,2.978,0.265,4.839
44.20,3.087,-1.123,5.108,1.619,0.280,4.827
44.21,3.106,-1.121,5.080,2.139,0.291,4.819
44.22,2.248,-1.117,5.044,4.538,0.309,4.849
44.23,-0.025,-1.114,4.977,5.639,0.333,4.901
44.24,-0.340,-1.117,4.900,6.426,0.353,4.956
44.25,0.545,-1.119,4.836,6.383,0.355,4.992
44.26,0.010,-1.120,4.767,3.616,0.353,4.989
44.27,1.230,-1.124,4.713,-1.097,0.341,4.913
44.28,2.931,-1.124,4.684,-2.369,0.319,4.810
44.29,3.759,-1.124,4.666,-0.159,0.277,4.718
44.30,3.237,-1.127,4.640,0.492,0.230,4.631
44.31,2.538,-1.120,4.614,3.085,0.205,4.600
44.32,-0.507,-1.114,4.547,7.967,0.223,4.677
44.33,0.248,-1.107,4.491,8.344,0.290,4.805
44.34,1.075,-1.109,4.438,3.478,0.336,4.847
44.35,0.720,-1.110,4.382,0.266,0.344,4.809
44.36,3.154,-1.110,4.359,2.242,0.347,4.793
44.37,2.179,-1.108,4.326,2.119,0.346,4.770
44.38,1.809,-1.107,4.286,3.348,0.345,4.765
44.39,1.293,-1.107,4.240,5.405,0.346,4.788
44.40,1.380,-1.105,4.197,4.933,0.350,4.808
44.41,2.039,-1.102,4.163,3.231,0.352,4.802
44.42,1.529,-1.098,4.125,3.763,0.354,4.804
44.43,0.159,-1.099,4.064,4.202,0.356,4.811
44.44,0.854,-1.100,4.013,2.325,0.359,4.796
44.45,1.709,-1.099,3.975,1.979,0.361,4.774
44.46,2.378,-1.097,3.948,2.618,0.364,4.761
44.47,2.965,-1.095,3.927,2.049,0.366,4.740
44.48,2.780,-1.092,3.907,2.114,0.367,4.720
44.49,1.955,-1.092,3.872,3.133,0.371,4.715
44.50,0.679,-1.088,3.825,6.361,0.376,4.754
44.51,-1.459,-1.088,3.746,7.173,0.384,4.806
44.52,1.749,-1.089,3.709,3.599,0.387,4.806
44.53,1.606,-1.090,3.670,4.486,0.390,4.817
44.54,1.824,-1.090,3.635,3.275,0.392,4.811
44.55,1.896,-1.091,3.602,3.728,0.390,4.808
44.57,1.545,-1.091,3.565,2.973,0.394,4.799
44.58,1.757,-1.092,3.528,4.151,0.394,4.804
44.59,2.317,-1.094,3.499,5.628,0.395,4.828
44.60,2.759,-1.095,3.478,3.911,0.398,4.832
44.61,1.750,-1.097,3.442,4.324,0.400,4.839
44.62,2.405,-1.098,3.417,3.378,0.402,4.834
44.63,1.113,-1.100,3.374,3.901,0.400,4.832
44.64,1.927,-1.102,3.341,3.835,0.400,4.830
44.65,1.076,-1.100,3.302,1.806,0.401,4.803
44.66,2.762,-1.099,3.285,2.942,0.400,4.789
44.67,2.388,-1.099,3.261,3.015,0.400,4.778
44.68,0.692,-1.096,3.219,3.919,0.402,4.780
44.69,0.722,-1.096,3.175,4.433,0.401,4.786
44.70,0.572,-1.095,3.130,3.832,0.401,4.784
44.71,1.643,-1.096,3.097,2.771,0.400,4.768
44.72,1.525,-1.096,3.064,2.330,0.398,4.745
44.73,2.420,-1.098,3.042,3.384,0.399,4.739
44.74,1.828,-1.095,3.016,3.544,0.398,4.733
44.75,1.350,-1.095,2.980,3.254,0.398,4.725
44.76,1.173,-1.095,2.944,2.996,0.397,4.712
44.77,1.284,-1.095,2.909,4.276,0.399,4.718
44.78,2.198,-1.094,2.888,3.072,0.398,4.706
44.79,2.105,-1.094,2.865,3.471,0.400,4.702
44.80,1.829,-1.094,2.838,3.841,0.401,4.702
44.81,1.361,-1.093,2.806,3.721,0.400,4.698
44.82,1.494,-1.092,2.777,4.340,0.401,4.704
44.83,1.351,-1.091,2.746,3.903,0.400,4.702
44.84,1.001,-1.088,2.712,3.623,0.401,4.699
44.85,1.487,-1.088,2.683,3.349,0.403,4.693
44.86,1.827,-1.090,2.656,3.330,0.404,4.686
44.87,1.562,-1.089,2.629,3.017,0.406,4.676
44.88,1.798,-1.089,2.604,3.583,0.406,4.671
44.89,1.708,-1.087,2.581,3.547,0.409,4.668
44.90,1.979,-1.088,2.558,3.546,0.409,4.663
44.91,1.785,-1.089,2.533,3.700,0.410,4.660
44.92,1.493,-1.090,2.505,3.374,0.411,4.654
44.93,2.435,-1.090,2.489,5.089,0.412,4.669
44.94,1.935,-1.091,2.467,3.841,0.414,4.670
44.95,1.237,-1.093,2.435,3.203,0.414,4.659
44.96,1.820,-1.092,2.413,3.621,0.413,4.654
44.97,1.563,-1.094,2.386,3.654,0.414,4.650
44.98,1.376,-1.094,2.359,3.112,0.416,4.641
44.99,1.665,-1.095,2.334,3.855,0.417,4.640
45.00,1.524,-1.094,2.310,3.000,0.419,4.629
45.01,1.679,-1.094,2.287,2.798,0.420,4.615
45.02,1.690,-1.095,2.264,3.447,0.419,4.606
45.03,2.031,-1.094,2.247,3.427,0.418,4.598
45.04,1.551,-1.093,2.224,3.334,0.418,4.589
45.05,1.822,-1.093,2.204,3.674,0.417,4.584
45.06,1.766,-1.091,2.186,3.559,0.417,4.579
45.07,1.344,-1.090,2.161,3.414,0.416,4.571
45.08,1.709,-1.092,2.138,3.598,0.415,4.565
45.09,1.711,-1.094,2.115,3.539,0.415,4.559
45.10,1.507,-1.093,2.093,3.551,0.416,4.555
45.11,1.674,-1.091,2.074,3.355,0.417,4.547
45.12,1.685,-1.092,2.054,3.765,0.418,4.546
45.13,1.645,-1.090,2.035,3.626,0.418,4.541
45.14,1.768,-1.092,2.014,3.653,0.418,4.536
45.15,1.867,-1.090,2.000,3.481,0.417,4.529
45.16,1.636,-1.092,1.978,3.394,0.416,4.521
45.17,1.887,-1.093,1.961,3.710,0.416,4.517
45.18,1.635,-1.094,1.940,3.243,0.417,4.508
45.19,1.581,-1.092,1.923,3.528,0.419,4.504
45.20,1.441,-1.091,1.902,3.620,0.419,4.499
45.21,1.765,-1.089,1.887,3.581,0.419,4.494
45.22,1.880,-1.090,1.871,4.088,0.418,4.494
45.23,1.406,-1.089,1.851,3.465,0.419,4.489
45.24,1.367,-1.090,1.829,3.287,0.420,4.480
45.25,2.107,-1.089,1.818,3.829,0.420,4.478
45.26,1.796,-1.088,1.802,3.846,0.420,4.478
45.27,2.170,-1.087,1.792,3.335,0.420,4.469
45.28,2.778,-1.087,1.791,3.428,0.420,4.461
45.29,1.679,-1.085,1.776,4.685,0.420,4.470
45.30,0.880,-1.085,1.749,4.908,0.419,4.481
45.31,1.803,-1.085,1.735,4.130,0.420,4.484
45.32,1.858,-1.085,1.722,3.773,0.422,4.483
45.33,0.884,-1.084,1.696,2.849,0.423,4.469
45.34,2.036,-1.086,1.683,4.306,0.426,4.476
45.35,1.742,-1.084,1.671,2.205,0.426,4.452
45.36,1.612,-1.082,1.657,4.317,0.426,4.456
45.37,1.384,-1.082,1.638,4.115,0.425,4.457
45.38,1.642,-1.082,1.623,3.277,0.426,4.447
45.39,1.447,-1.082,1.606,3.579,0.426,4.442
45.40,1.521,-1.082,1.589,3.855,0.427,4.441
45.41,1.446,-1.082,1.573,2.414,0.426,4.419
45.42,1.365,-1.082,1.554,2.894,0.426,4.405
45.43,1.816,-1.083,1.541,3.797,0.425,4.401
45.44,2.059,-1.083,1.533,3.720,0.425,4.397
45.45,1.556,-1.083,1.519,3.185,0.426,4.388
45.46,1.522,-1.085,1.502,3.555,0.426,4.382
45.47,1.861,-1.087,1.489,3.852,0.425,4.379
45.48,1.863,-1.085,1.481,4.022,0.424,4.379
45.49,1.954,-1.084,1.473,3.555,0.423,4.372
45.50,1.870,-1.085,1.462,3.428,0.424,4.366
45.51,1.605,-1.086,1.448,3.438,0.425,4.359
45.52,1.601,-1.086,1.435,3.359,0.424,4.350
45.53,1.697,-1.087,1.422,3.312,0.424,4.341
45.54,2.069,-1.086,1.417,3.746,0.424,4.338
45.55,1.748,-1.086,1.406,3.367,0.423,4.329
45.56,1.487,-1.085,1.394,3.673,0.423,4.325
45.57,1.944,-1.087,1.384,3.207,0.423,4.315
45.58,1.726,-1.086,1.375,3.198,0.422,4.304
45.59,1.262,-1.087,1.358,3.545,0.422,4.298
45.60,2.138,-1.085,1.353,3.786,0.422,4.296
45.61,1.476,-1.085,1.341,3.599,0.421,4.290
45.62,2.042,-1.084,1.336,3.766,0.420,4.286
45.63,1.773,-1.084,1.327,3.882,0.421,4.286
45.64,1.524,-1.084,1.315,4.369,0.420,4.290
45.65,1.510,-1.083,1.304,2.992,0.420,4.278
45.66,1.579,-1.084,1.292,3.446,0.419,4.270
45.67,1.943,-1.083,1.286,3.881,0.418,4.267
45.68,1.701,-1.084,1.276,3.142,0.416,4.255
45.69,1.575,-1.083,1.267,3.293,0.417,4.247
45.70,1.663,-1.086,1.255,3.328,0.417,4.239
45.71,2.049,-1.083,1.253,3.350,0.418,4.232
45.72,1.576,-1.083,1.244,3.454,0.418,4.225
45.73,2.098,-1.082,1.242,3.705,0.418,4.222
45.74,1.869,-1.083,1.234,3.231,0.418,4.212
45.75,1.313,-1.084,1.221,3.022,0.418,4.201
45.76,1.716,-1.084,1.212,3.691,0.420,4.199
45.77,2.019,-1.084,1.207,3.594,0.421,4.196
45.78,1.712,-1.084,1.200,3.295,0.423,4.189
45.79,1.820,-1.084,1.194,3.637,0.422,4.185
45.80,1.635,-1.083,1.186,3.589,0.424,4.182
45.81,1.774,-1.083,1.180,3.803,0.424,4.180
45.82,2.069,-1.082,1.179,3.643,0.425,4.176
45.83,1.637,-1.082,1.171,3.565,0.424,4.171
45.84,1.630,-1.082,1.163,3.452,0.427,4.168
45.85,1.861,-1.082,1.159,3.376,0.428,4.161
45.86,1.668,-1.081,1.153,3.667,0.430,4.159
45.87,1.608,-1.080,1.146,3.750,0.429,4.156
45.88,1.636,-1.080,1.139,3.783,0.429,4.154
45.89,1.934,-1.079,1.137,3.644,0.430,4.151
45.90,1.856,-1.079,1.132,3.674,0.427,4.145
45.91,1.904,-1.080,1.128,3.416,0.426,4.137
45.92,1.785,-1.082,1.121,3.333,0.425,4.128
45.94,1.789,-1.083,1.116,3.709,0.424,4.124
45.94,1.752,-1.082,1.112,3.686,0.423,4.120
45.95,1.618,-1.082,1.105,3.621,0.423,4.116
45.96,1.355,-1.080,1.096,3.680,0.423,4.113
45.97,1.509,-1.080,1.089,3.692,0.422,4.109
45.98,1.603,-1.079,1.084,3.966,0.424,4.111
45.99,1.703,-1.079,1.078,7.223,0.423,4.154
46.00,1.967,-1.080,1.076,8.759,0.424,4.218
46.02,1.531,-1.086,1.063,7.540,0.423,4.264
46.03,1.590,-1.087,1.056,3.891,0.424,4.263
46.04,1.601,-1.091,1.046,4.694,0.421,4.269
46.05,1.482,-1.094,1.035,6.244,0.419,4.297
46.06,2.556,-1.098,1.039,5.884,0.415,4.317
46.07,2.385,-1.102,1.040,2.917,0.411,4.298
46.08,0.800,-1.105,1.021,-0.121,0.413,4.246
46.09,2.702,-1.107,1.029,-2.896,0.412,4.154
46.10,1.793,-1.106,1.027,1.488,0.412,4.121
46.11,1.913,-1.106,1.025,3.383,0.416,4.118
46.12,2.039,-1.106,1.026,3.232,0.419,4.112
46.13,1.822,-1.105,1.025,3.321,0.419,4.103
46.14,1.623,-1.104,1.021,3.728,0.419,4.101
46.15,1.272,-1.105,1.011,3.649,0.420,4.098
46.16,2.010,-1.104,1.013,3.715,0.419,4.095
46.17,1.667,-1.104,1.009,3.492,0.421,4.090
46.18,1.953,-1.106,1.008,3.434,0.419,4.082
46.19,1.869,-1.104,1.009,3.634,0.418,4.077
46.20,1.764,-1.102,1.009,4.071,0.422,4.083
46.21,1.951,-1.104,1.007,2.907,0.421,4.069
46.22,2.029,-1.105,1.008,3.469,0.420,4.062
46.23,1.475,-1.105,1.003,3.512,0.422,4.058
46.24,1.853,-1.104,1.003,3.399,0.420,4.050
46.25,1.316,-1.106,0.993,3.584,0.419,4.044
46.26,0.870,-1.107,0.979,4.793,0.417,4.053
46.27,0.549,-1.107,0.961,5.022,0.413,4.064
46.28,1.782,-1.109,0.959,3.620,0.412,4.059
46.29,3.008,-1.110,0.972,2.071,0.411,4.034
46.30,2.471,-1.111,0.979,2.641,0.409,4.015
46.31,2.029,-1.111,0.982,3.468,0.409,4.010
46.32,1.802,-1.110,0.982,3.605,0.410,4.007
46.33,1.768,-1.109,0.982,3.752,0.409,4.004
46.34,1.770,-1.110,0.981,3.521,0.409,3.999
46.35,1.807,-1.110,0.980,3.480,0.409,3.994
46.36,1.513,-1.111,0.975,3.704,0.407,3.989
46.37,1.643,-1.112,0.972,3.487,0.406,3.983
46.38,1.592,-1.108,0.973,3.872,0.403,3.980
46.39,1.672,-1.109,0.971,3.601,0.403,3.976
46.40,1.707,-1.110,0.968,3.292,0.402,3.967
46.41,1.658,-1.109,0.968,3.362,0.403,3.962
46.42,1.725,-1.109,0.967,3.717,0.403,3.960
46.43,1.602,-1.110,0.964,3.206,0.402,3.950
46.44,1.697,-1.110,0.963,3.396,0.399,3.941
46.45,1.977,-1.111,0.965,3.482,0.396,3.933
46.46,1.692,-1.109,0.966,3.380,0.393,3.924
46.47,1.711,-1.109,0.965,3.260,0.394,3.917
46.48,1.711,-1.110,0.963,2.810,0.391,3.901
46.49,1.654,-1.111,0.961,2.600,0.389,3.882
46.50,1.430,-1.109,0.959,3.780,0.391,3.884
46.51,1.423,-1.108,0.956,3.133,0.393,3.876
46.52,1.318,-1.104,0.954,2.011,0.398,3.857
46.53,1.331,-1.103,0.950,1.416,0.396,3.824
46.54,1.732,-1.101,0.953,3.510,0.397,3.821
46.55,1.792,-1.102,0.952,4.064,0.400,3.828
46.56,1.380,-1.100,0.950,4.307,0.404,3.838
46.57,1.145,-1.098,0.944,3.816,0.405,3.840
46.58,1.616,-1.096,0.945,3.938,0.406,3.843
46.59,4.230,-1.095,0.980,6.550,0.409,3.882
46.60,1.733,-1.093,0.982,3.447,0.406,3.874
46.61,2.272,-1.095,0.988,4.081,0.408,3.878
46.62,1.321,-1.095,0.982,3.319,0.411,3.874
46.63,1.563,-1.096,0.978,3.608,0.411,3.872
46.64,2.040,-1.096,0.983,3.485,0.408,3.864
46.65,1.527,-1.095,0.982,3.761,0.407,3.862
46.66,1.750,-1.094,0.984,3.741,0.405,3.859
46.67,1.820,-1.093,0.986,3.250,0.403,3.850
46.68,1.632,-1.093,0.986,3.737,0.404,3.850
46.69,1.825,-1.090,0.990,3.552,0.403,3.846
46.70,1.725,-1.087,0.994,4.036,0.399,3.845
46.71,1.583,-1.079,1.000,4.293,0.394,3.846
46.72,1.628,-1.066,1.012,3.666,0.383,3.833
46.73,1.098,-1.050,1.021,3.834,0.377,3.828
46.74,1.972,-1.036,1.039,3.993,0.371,3.825
46.75,1.859,-1.023,1.053,3.905,0.366,3.821
46.76,2.106,-1.007,1.073,3.999,0.362,3.819
46.77,1.799,-0.987,1.095,3.387,0.356,3.809
46.78,1.385,-0.962,1.114,2.743,0.343,3.782
46.79,1.145,-0.917,1.150,4.268,0.325,3.771
46.80,1.069,-0.803,1.252,2.425,0.296,3.725
46.81,1.630,-0.654,1.395,3.396,0.276,3.701
46.82,1.688,-0.502,1.541,0.837,0.263,3.652
46.83,2.522,-0.318,1.727,4.187,0.256,3.652
46.84,2.308,-0.091,1.950,5.111,0.227,3.643
46.85,4.388,0.190,2.251,0.840,0.151,3.531
46.86,4.342,0.556,2.631,2.461,0.053,3.420
46.87,2.788,0.961,3.024,5.743,-0.084,3.315
46.88,1.795,1.375,3.408,5.162,-0.218,3.207
46.89,3.595,1.821,3.842,1.319,-0.329,3.073
46.90,4.388,2.378,4.391,2.296,-0.433,2.960
46.91,4.410,3.040,5.037,6.421,-0.516,2.924
46.92,5.615,3.736,5.722,-0.069,-0.671,2.733
46.93,6.444,4.570,6.547,5.316,-0.842,2.598
46.94,6.636,5.543,7.499,6.429,-0.991,2.501
46.95,5.654,6.528,8.438,8.545,-1.135,2.440
46.96,8.309,7.375,9.263,3.928,-1.283,2.314
46.97,8.790,8.189,10.052,8.065,-1.443,2.234
46.98,9.140,9.019,10.850,9.567,-1.581,2.196
46.99,12.270,9.722,11.554,2.275,-1.743,2.040
47.00,9.448,10.395,12.181,5.127,-1.882,1.945
47.01,12.228,11.125,12.893,1.568,-1.925,1.900
47.02,10.952,11.986,13.707,7.796,-1.853,2.052
47.03,11.828,12.884,14.560,9.472,-1.782,2.222
47.04,12.909,13.796,15.429,3.976,-1.755,2.276
47.05,13.640,14.682,16.269,-0.250,-1.793,2.209
47.06,14.830,15.518,17.065,3.462,-1.840,2.182
47.07,15.590,16.336,17.842,4.911,-1.863,2.199
47.08,16.272,17.168,18.632,1.275,-1.783,2.269
47.09,16.592,18.047,19.462,2.437,-1.612,2.443
47.10,18.937,18.864,20.251,1.364,-1.433,2.610
47.11,19.794,19.550,20.911,3.524,-1.363,2.695
47.12,19.841,20.153,21.481,12.195,-1.372,2.815
47.13,21.958,20.699,22.015,0.334,-1.363,2.795
47.14,19.478,21.451,22.712,10.721,-1.252,3.014
47.15,21.800,22.065,23.293,14.847,-1.207,3.219
47.16,25.778,22.449,23.694,3.183,-1.241,3.190
47.17,22.905,22.789,24.008,4.619,-1.225,3.231
47.18,23.140,23.147,24.338,11.193,-1.133,3.432
47.19,24.388,23.443,24.620,8.286,-1.141,3.495
47.20,25.907,23.648,24.828,3.326,-1.227,3.415
47.21,24.636,23.826,24.989,6.068,-1.271,3.413
47.22,24.873,23.956,25.104,10.469,-1.245,3.538
47.23,24.024,24.060,25.181,7.041,-1.220,3.617
47.24,24.387,24.179,25.276,3.850,-1.220,3.628
47.25,23.870,24.322,25.387,4.093,-1.229,3.632
47.26,23.815,24.516,25.546,7.076,-1.263,3.652
47.27,24.353,24.661,25.662,5.573,-1.320,3.629
47.28,25.844,24.733,25.723,3.283,-1.357,3.597
47.29,25.855,24.734,25.713,4.999,-1.346,3.634
47.30,24.792,24.696,25.653,5.111,-1.310,3.698
47.31,23.594,24.662,25.578,3.936,-1.267,3.752
47.32,22.758,24.692,25.558,5.849,-1.244,3.810
47.33,23.589,24.812,25.638,6.622,-1.200,3.900
47.34,24.261,24.906,25.701,7.989,-1.178,3.985
47.35,25.869,24.915,25.699,9.388,-1.179,4.064
47.36,24.306,24.856,25.610,4.403,-1.189,4.067
47.38,23.342,24.835,25.546,6.408,-1.186,4.112
47.39,23.707,24.857,25.531,5.806,-1.186,4.143
47.40,22.967,24.981,25.607,6.293,-1.163,4.205
47.40,24.574,25.084,25.681,8.473,-1.132,4.301
47.42,24.897,25.138,25.711,5.532,-1.132,4.327
47.43,25.299,25.161,25.714,4.569,-1.161,4.312
47.44,23.642,25.224,25.735,7.393,-1.155,4.370
47.44,25.275,25.264,25.755,6.691,-1.137,4.428
47.45,24.779,25.272,25.737,9.217,-1.111,4.528
47.46,24.355,25.274,25.706,8.857,-1.064,4.642
47.47,23.937,25.296,25.691,7.300,-0.992,4.761
47.48,23.696,25.342,25.697,5.360,-0.934,4.837
47.49,23.844,25.420,25.735,4.900,-0.912,4.871
47.51,24.831,25.538,25.825,3.481,-0.880,4.897
47.52,25.012,25.631,25.892,3.384,-0.839,4.929
47.53,28.459,25.638,25.919,1.786,-0.816,4.922
47.54,24.927,25.561,25.814,3.106,-0.834,4.892
47.55,19.905,25.484,25.647,3.802,-0.773,4.948
47.56,23.673,25.597,25.717,6.686,-0.723,5.032
47.57,25.058,25.751,25.845,5.512,-0.653,5.118
47.58,26.905,25.817,25.910,11.345,-0.619,5.245
47.59,25.206,25.824,25.893,5.593,-0.608,5.272
47.60,26.103,25.822,25.878,6.803,-0.574,5.337
47.61,25.670,25.788,25.827,5.771,-0.536,5.393
47.61,25.283,25.730,25.748,4.871,-0.503,5.430
47.63,23.947,25.699,25.679,2.444,-0.476,5.429
47.64,23.925,25.722,25.663,5.186,-0.456,5.457
47.65,25.351,25.769,25.691,6.281,-0.439,5.497
47.66,25.235,25.778,25.676,4.073,-0.425,5.504
47.67,24.171,25.816,25.679,7.499,-0.399,5.568
47.68,25.850,25.821,25.671,7.360,-0.379,5.623
47.69,24.356,25.811,25.627,4.296,-0.354,5.642
47.70,25.354,25.805,25.603,3.558,-0.321,5.659
47.71,24.697,25.810,25.580,3.898,-0.300,5.668
47.72,25.403,25.814,25.566,4.559,-0.277,5.687
47.73,25.949,25.790,25.532,4.929,-0.247,5.718
47.74,23.814,25.764,25.468,3.823,-0.230,5.721
47.75,23.673,25.789,25.454,6.465,-0.225,5.747
47.76,24.949,25.825,25.467,5.323,-0.221,5.757
47.77,25.555,25.854,25.480,5.513,-0.217,5.768
47.78,25.280,25.853,25.461,5.009,-0.210,5.777
47.79,24.675,25.846,25.428,4.004,-0.208,5.766
47.80,24.345,25.885,25.436,4.440,-0.204,5.763
47.81,25.351,25.939,25.472,4.333,-0.202,5.757
47.82,26.002,25.965,25.489,4.244,-0.194,5.756
47.83,25.990,25.957,25.470,6.398,-0.170,5.800
47.84,24.757,25.937,25.425,6.666,-0.146,5.845
47.85,24.567,25.932,25.393,5.614,-0.121,5.878
47.86,23.853,25.970,25.394,6.181,-0.105,5.908
47.87,25.072,26.020,25.423,5.279,-0.108,5.908
47.88,25.687,26.058,25.447,4.758,-0.109,5.902
47.89,26.232,26.074,25.457,4.475,-0.102,5.901
47.90,26.046,26.066,25.441,5.184,-0.089,5.915
47.91,26.092,26.041,25.409,4.701,-0.066,5.932
47.92,25.578,26.000,25.355,5.451,-0.047,5.955
47.93,25.474,25.943,25.284,6.195,-0.031,5.984
47.94,23.169,25.894,25.191,5.305,-0.036,5.981
47.95,24.267,25.924,25.193,5.633,-0.036,5.986
47.96,25.358,25.966,25.221,5.143,-0.032,5.989
47.97,25.959,25.981,25.229,5.212,-0.028,5.993
47.98,25.822,25.976,25.215,4.837,-0.018,5.998
47.99,25.282,25.964,25.188,3.969,-0.010,5.989
48.00,25.880,25.942,25.159,4.582,0.003,5.993
48.01,25.308,25.903,25.107,4.434,0.014,5.993
48.02,25.510,25.868,25.061,5.106,0.028,6.005
48.03,24.279,25.850,25.018,6.280,0.036,6.026
48.04,24.515,25.859,25.004,5.260,0.046,6.035
48.05,25.113,25.869,24.999,4.741,0.060,6.042
48.06,24.873,25.873,24.985,5.180,0.056,6.035
48.07,24.860,25.888,24.983,4.494,0.056,6.024
48.08,25.765,25.885,24.974,3.615,0.061,6.007
48.09,24.954,25.866,24.939,4.130,0.064,5.994
48.10,24.123,25.862,24.908,4.056,0.061,5.975
48.11,24.722,25.876,24.903,4.373,0.061,5.962
48.12,24.749,25.929,24.937,5.523,0.072,5.976
48.13,25.555,25.982,24.981,5.447,0.080,5.985
48.14,25.256,26.014,25.001,4.999,0.084,5.985
48.15,26.491,26.021,25.011,5.663,0.091,5.996
48.16,25.796,25.994,24.979,5.129,0.091,5.993
48.17,26.012,25.942,24.924,4.390,0.090,5.981
48.18,24.643,25.911,24.873,5.487,0.089,5.981
48.19,25.952,25.913,24.873,5.830,0.087,5.986
48.20,26.274,25.887,24.850,4.455,0.082,5.968
48.21,25.202,25.850,24.803,4.960,0.089,5.970
48.22,22.221,25.859,24.762,1.997,0.101,5.937
48.23,25.171,25.865,24.758,5.373,0.103,5.939
48.24,25.789,25.859,24.749,4.495,0.095,5.920
48.25,24.536,25.847,24.719,5.817,0.104,5.936
48.26,24.656,25.811,24.668,7.254,0.107,5.963
48.27,25.216,25.742,24.591,5.606,0.101,5.961
48.28,24.179,25.680,24.508,4.208,0.097,5.941
48.29,23.576,25.668,24.468,4.596,0.093,5.927
48.30,24.146,25.672,24.453,3.984,0.090,5.905
48.31,24.359,25.694,24.458,4.440,0.097,5.900
48.32,25.263,25.711,24.469,4.708,0.102,5.897
48.33,24.591,25.718,24.462,4.753,0.104,5.891
48.34,24.227,25.727,24.451,4.157,0.103,5.874
48.35,25.225,25.732,24.450,4.031,0.106,5.860
48.36,24.081,25.735,24.432,3.973,0.111,5.846
48.37,24.322,25.759,24.439,4.732,0.115,5.843
48.38,24.703,25.813,24.479,6.193,0.118,5.856
48.39,25.063,25.864,24.523,4.517,0.122,5.849
48.40,25.922,25.900,24.560,5.576,0.124,5.854
48.41,25.559,25.920,24.578,5.073,0.125,5.851
48.42,25.015,25.928,24.576,3.796,0.124,5.829
48.43,24.776,25.956,24.591,4.704,0.123,5.819
48.44,25.395,25.987,24.617,4.372,0.119,5.802
48.45,26.002,25.999,24.631,5.826,0.111,5.801
48.46,25.600,25.997,24.627,4.260,0.098,5.774
48.47,25.048,25.993,24.614,4.994,0.087,5.758
48.48,25.830,25.979,24.601,5.246,0.080,5.750
48.49,25.462,25.952,24.570,4.534,0.078,5.738
48.50,24.912,25.939,24.547,4.948,0.081,5.736
48.51,25.031,25.939,24.539,4.739,0.090,5.737
48.52,25.393,25.923,24.519,4.822,0.093,5.734
48.53,24.866,25.898,24.484,4.028,0.096,5.719
48.54,24.974,25.884,24.462,5.208,0.093,5.716
48.55,25.123,25.873,24.445,4.409,0.091,5.701
48.56,25.078,25.861,24.426,4.738,0.081,5.684
48.57,25.354,25.844,24.407,4.880,0.067,5.665
48.58,25.098,25.829,24.387,4.460,0.058,5.645
48.59,24.316,25.826,24.368,5.249,0.053,5.640
48.60,25.405,25.827,24.369,4.467,0.050,5.626
48.61,25.068,25.812,24.349,4.406,0.051,5.616
48.62,25.180,25.807,24.340,4.562,0.053,5.608
48.63,24.957,25.784,24.312,4.701,0.048,5.596
48.64,24.615,25.778,24.295,4.482,0.043,5.581
48.65,24.237,25.785,24.286,3.941,0.037,5.558
48.66,24.687,25.790,24.282,5.176,0.024,5.545
48.67,24.793,25.796,24.281,5.272,0.021,5.542
48.68,24.859,25.793,24.270,5.653,0.023,5.550
48.69,24.413,25.785,24.250,5.061,0.027,5.552
48.70,24.242,25.798,24.249,4.031,0.027,5.537
48.71,24.612,25.815,24.256,3.356,0.023,5.508
48.72,25.064,25.831,24.268,4.296,0.023,5.496
48.73,25.584,25.829,24.269,4.405,0.014,5.476
48.74,25.324,25.810,24.251,4.297,0.006,5.457
48.75,24.974,25.785,24.222,6.238,0.006,5.471
48.76,24.942,25.768,24.201,6.048,0.010,5.486
48.77,24.867,25.760,24.188,4.945,0.017,5.490
48.78,24.874,25.764,24.187,4.474,0.017,5.480
48.79,25.963,25.763,24.196,5.203,0.014,5.477
48.81,24.764,25.748,24.174,4.007,0.013,5.461
48.81,24.784,25.742,24.163,4.107,0.009,5.442
48.82,25.546,25.730,24.156,4.376,0.008,5.431
48.83,25.256,25.692,24.121,5.409,0.011,5.437
48.84,24.254,25.663,24.080,6.333,0.016,5.457
48.85,24.790,25.621,24.034,5.743,0.019,5.467
48.86,24.957,25.579,23.991,5.222,0.021,5.470
48.88,24.415,25.557,23.961,4.165,0.013,5.448
48.89,25.402,25.527,23.938,4.122,0.005,5.426
48.90,25.202,25.479,23.894,3.867,0.001,5.404
48.90,24.955,25.425,23.843,4.907,-0.001,5.400
48.92,24.073,25.400,23.808,4.699,0.003,5.397
48.93,24.072,25.395,23.794,5.417,0.006,5.404
48.94,23.710,25.409,23.794,6.059,0.003,5.412
48.95,23.593,25.443,23.812,4.650,-0.003,5.399
48.96,24.243,25.490,23.851,3.596,-0.010,5.372
48.97,25.020,25.518,23.882,3.852,-0.010,5.355
48.98,25.342,25.524,23.894,3.982,-0.018,5.331
48.98,25.250,25.498,23.874,4.692,-0.022,5.321
48.99,25.356,25.460,23.844,4.477,-0.027,5.308
49.00,24.314,25.424,23.802,3.930,-0.024,5.295
49.02,23.884,25.413,23.779,5.713,-0.024,5.303
49.02,25.340,25.401,23.777,5.090,-0.024,5.304
49.04,25.204,25.375,23.758,5.791,-0.012,5.324
49.05,24.076,25.365,23.740,6.284,-0.004,5.346
49.06,23.978,25.383,23.748,3.699,-0.013,5.318
49.07,25.055,25.395,23.766,2.936,-0.021,5.282
49.07,24.768,25.396,23.768,4.955,-0.026,5.275
49.09,25.428,25.367,23.750,4.485,-0.038,5.255
49.10,24.223,25.343,23.720,5.058,-0.048,5.245
49.11,24.863,25.317,23.698,6.196,-0.056,5.252
49.12,24.642,25.289,23.671,3.908,-0.051,5.241
49.13,23.321,25.271,23.637,4.586,-0.052,5.234
49.14,23.865,25.290,23.648,4.644,-0.052,5.228
49.15,24.973,25.310,23.674,4.175,-0.045,5.223
49.16,23.712,25.317,23.670,5.192,-0.042,5.227
49.17,24.549,25.331,23.684,3.907,-0.044,5.210
49.18,24.689,25.352,23.706,4.834,-0.040,5.211
49.19,24.794,25.368,23.725,4.953,-0.034,5.216
49.20,25.258,25.354,23.719,5.272,-0.032,5.220
49.21,24.860,25.324,23.693,4.357,-0.033,5.209
49.22,24.742,25.299,23.672,4.341,-0.032,5.201
49.23,23.843,25.283,23.648,4.953,-0.035,5.197
49.24,25.485,25.261,23.639,5.002,-0.037,5.193
49.25,25.138,25.222,23.610,4.039,-0.033,5.184
49.26,24.837,25.181,23.575,5.079,-0.028,5.189
49.27,24.072,25.156,23.547,5.073,-0.019,5.198
49.28,24.942,25.139,23.538,5.073,-0.019,5.198
49.29,25.155,25.095,23.506,4.006,-0.021,5.182
49.30,24.210,25.039,23.449,4.698,-0.022,5.175
49.31,23.705,25.014,23.418,6.402,-0.019,5.196
49.32,24.140,25.001,23.404,5.544,-0.017,5.205
49.33,24.755,24.964,23.375,3.767,-0.010,5.194
49.34,23.156,24.935,23.334,4.359,0.000,5.194
49.35,22.950,24.946,23.330,4.901,0.002,5.194
49.36,24.307,24.972,23.358,4.836,0.006,5.194
49.37,24.490,24.978,23.368,3.659,0.015,5.184
49.38,24.021,24.988,23.377,4.019,0.021,5.176
49.39,23.739,25.008,23.392,5.721,0.024,5.187
49.40,24.311,25.023,23.409,3.876,0.028,5.175
49.41,24.617,25.024,23.416,4.554,0.033,5.172
49.42,24.129,25.029,23.421,4.359,0.033,5.163
49.43,23.944,25.050,23.439,4.504,0.037,5.159
49.44,24.778,25.058,23.455,4.432,0.038,5.151
49.45,24.990,25.041,23.449,4.009,0.039,5.138
49.46,23.669,25.025,23.427,4.353,0.042,5.131
49.47,24.103,25.043,23.444,5.531,0.043,5.138
49.48,24.677,25.065,23.473,4.551,0.050,5.138
49.49,24.774,25.078,23.494,4.903,0.057,5.142
49.50,25.359,25.086,23.517,5.502,0.059,5.150
49.51,24.554,25.095,23.531,4.289,0.063,5.144
49.52,24.768,25.091,23.535,6.099,0.065,5.159
49.53,24.516,25.066,23.514,4.140,0.062,5.142
49.54,24.385,25.045,23.496,4.262,0.061,5.131
49.55,24.355,25.025,23.479,4.908,0.057,5.125
49.56,24.607,25.004,23.465,4.014,0.059,5.112
49.57,24.743,24.969,23.439,5.367,0.067,5.124
49.58,23.342,24.956,23.416,6.452,0.068,5.143
49.59,24.135,24.955,23.416,4.746,0.071,5.141
49.60,24.357,24.970,23.435,3.999,0.078,5.133
49.61,23.733,24.997,23.458,4.602,0.084,5.133
49.62,24.034,25.035,23.495,5.071,0.089,5.138
49.63,25.120,25.045,23.518,4.235,0.082,5.119
49.64,23.972,25.046,23.516,3.498,0.080,5.096
49.65,24.314,25.073,23.546,3.923,0.081,5.082
49.66,24.819,25.094,23.576,4.542,0.089,5.083
49.67,25.421,25.091,23.589,4.924,0.098,5.090
49.68,25.232,25.059,23.571,5.535,0.104,5.101
49.69,24.255,25.023,23.538,4.860,0.111,5.105
49.70,23.088,25.025,23.526,4.870,0.115,5.106
49.71,25.067,25.024,23.537,4.001,0.118,5.095
49.72,24.090,25.021,23.534,4.538,0.116,5.085
49.73,24.286,25.029,23.544,4.699,0.113,5.077
49.74,25.032,25.026,23.553,4.731,0.112,5.071
49.75,24.669,25.006,23.542,5.071,0.115,5.074
49.76,24.585,24.985,23.527,4.611,0.121,5.074
49.77,24.541,24.951,23.501,3.833,0.122,5.059
49.78,24.033,24.915,23.465,3.966,0.123,5.044
49.79,24.094,24.888,23.440,4.989,0.125,5.045
49.80,24.205,24.876,23.431,4.873,0.135,5.053
49.81,24.302,24.860,23.420,5.780,0.137,5.064
49.82,24.200,24.833,23.397,3.556,0.132,5.038
49.83,24.463,24.811,23.382,3.556,0.121,5.008
49.84,24.171,24.788,23.364,4.344,0.120,4.998
49.85,23.773,24.771,23.346,4.032,0.125,4.989
49.86,23.640,24.767,23.339,6.672,0.133,5.018
49.87,23.993,24.756,23.331,5.824,0.136,5.032
49.88,23.855,24.755,23.329,4.859,0.144,5.037
49.89,24.023,24.755,23.332,4.232,0.140,5.022
49.90,23.110,24.775,23.343,3.106,0.135,4.991
49.91,23.648,24.819,23.384,4.273,0.132,4.978
49.92,24.838,24.846,23.424,3.408,0.130,4.954
49.93,24.234,24.865,23.446,4.757,0.132,4.953
49.94,23.825,24.883,23.463,5.976,0.137,4.971
49.95,24.335,24.903,23.488,5.206,0.140,4.975
49.96,24.862,24.909,23.506,4.715,0.137,4.969
49.97,24.459,24.913,23.517,4.368,0.128,4.951
49.98,24.733,24.921,23.535,4.977,0.124,4.946
49.99,24.945,24.919,23.546,5.430,0.117,4.945
50.00,23.974,24.916,23.543,5.245,0.112,4.944
50.01,25.090,24.904,23.546,5.029,0.105,4.937
50.02,24.670,24.884,23.535,4.311,0.103,4.926
50.03,23.450,24.892,23.537,5.214,0.106,4.932
50.04,23.641,24.930,23.571,4.763,0.110,4.933
50.05,24.444,24.962,23.607,4.344,0.108,4.923
50.06,23.261,24.987,23.623,4.012,0.105,4.907
50.07,24.528,25.017,23.659,4.480,0.105,4.900
50.08,24.430,25.032,23.678,4.499,0.101,4.890
50.09,24.820,25.031,23.688,5.690,0.101,4.899
50.10,24.561,25.010,23.673,4.435,0.104,4.895
50.11,23.690,24.996,23.654,4.782,0.110,4.899
50.12,24.805,24.977,23.646,5.012,0.121,4.909
50.13,23.894,24.956,23.623,4.622,0.132,4.916
50.14,23.644,24.958,23.620,6.301,0.133,4.934
50.15,24.672,24.985,23.656,4.328,0.129,4.922
50.16,25.837,24.980,23.675,4.120,0.131,4.912
50.17,24.951,24.945,23.652,4.996,0.134,4.914
50.18,24.211,24.901,23.611,3.248,0.133,4.891
50.19,24.446,24.859,23.576,4.218,0.129,4.877
50.20,23.829,24.824,23.541,5.009,0.129,4.878
50.21,23.119,24.816,23.523,4.760,0.140,4.885
50.22,23.393,24.841,23.540,5.447,0.151,4.903
50.23,24.078,24.874,23.576,4.692,0.163,4.910
50.24,24.808,24.880,23.593,5.310,0.180,4.931
50.25,23.654,24.882,23.591,4.722,0.195,4.942
50.26,24.842,24.887,23.609,2.357,0.197,4.909
50.27,24.147,24.886,23.610,4.131,0.198,4.898
50.28,24.231,24.874,23.603,5.571,0.195,4.903
50.29,24.553,24.860,23.597,5.354,0.196,4.909
50.30,24.275,24.840,23.582,5.392,0.198,4.916
50.31,23.966,24.817,23.560,5.539,0.205,4.929
50.32,23.424,24.828,23.566,5.325,0.207,4.936
50.33,23.327,24.863,23.592,3.750,0.200,4.912
50.34,24.809,24.879,23.621,4.224,0.200,4.902
50.35,23.955,24.895,23.637,4.480,0.201,4.896
50.36,24.697,24.911,23.662,4.383,0.195,4.882
50.38,24.917,24.901,23.666,4.753,0.196,4.879
50.39,23.839,24.889,23.651,5.008,0.191,4.874
50.40,23.764,24.890,23.650,4.727,0.183,4.864
50.41,24.640,24.899,23.668,3.819,0.186,4.851
50.42,23.860,24.910,23.678,5.757,0.187,4.863
50.43,24.207,24.918,23.689,5.250,0.187,4.866
50.44,23.770,24.945,23.713,5.673,0.190,4.878
50.45,23.692,24.979,23.742,4.837,0.192,4.878
50.46,23.826,25.014,23.775,2.913,0.187,4.847
50.47,24.378,25.053,23.818,3.171,0.182,4.818
50.48,24.653,25.085,23.857,4.837,0.178,4.812
50.49,24.999,25.106,23.888,4.546,0.186,4.815
50.50,24.950,25.089,23.882,5.397,0.196,4.832
50.51,23.709,25.078,23.866,5.014,0.204,4.840
50.52,23.927,25.090,23.875,4.488,0.203,4.833
50.53,24.035,25.113,23.896,4.038,0.204,4.822
50.54,24.557,25.132,23.921,4.846,0.205,4.821
50.55,25.008,25.150,23.949,4.979,0.206,4.823
50.56,24.946,25.153,23.963,5.069,0.212,4.831
50.57,25.730,25.134,23.964,5.074,0.220,4.840
50.58,24.757,25.106,23.943,4.728,0.228,4.845
50.59,23.736,25.075,23.907,3.923,0.231,4.833
50.60,24.605,25.057,23.896,4.172,0.234,4.826
50.61,24.081,25.039,23.878,4.924,0.238,4.829
50.62,23.739,25.027,23.861,5.297,0.241,4.837
50.63,23.770,25.034,23.863,3.862,0.244,4.826
50.64,24.463,25.043,23.878,3.957,0.252,4.821
50.65,23.981,25.041,23.874,4.912,0.261,4.829
50.66,24.026,25.053,23.885,5.644,0.268,4.845
50.67,24.805,25.046,23.888,4.945,0.275,4.851
50.68,24.340,25.022,23.867,4.196,0.276,4.841
50.69,24.254,25.008,23.855,4.388,0.278,4.835
50.70,23.755,25.000,23.843,4.362,0.277,4.826
50.71,24.471,25.009,23.857,5.322,0.275,4.829
50.72,24.705,25.014,23.871,4.205,0.278,4.822
50.73,24.585,25.017,23.881,4.223,0.280,4.814
50.74,24.299,25.013,23.880,3.928,0.283,4.803
50.75,23.447,25.033,23.891,4.095,0.281,4.790
50.76,24.306,25.075,23.936,4.712,0.286,4.792
50.77,24.381,25.097,23.960,4.690,0.284,4.786
50.78,23.970,25.117,23.978,4.235,0.283,4.776
50.79,23.981,25.149,24.007,4.256,0.279,4.764
50.80,24.419,25.173,24.034,4.456,0.275,4.753
50.81,25.322,25.168,24.043,4.118,0.270,4.738
50.82,24.896,25.144,24.028,4.746,0.267,4.733
50.83,23.935,25.128,24.008,4.400,0.262,4.722
50.84,24.350,25.124,24.007,4.265,0.264,4.715
50.85,24.272,25.131,24.016,4.874,0.264,4.715
50.86,23.993,25.161,24.042,4.383,0.263,4.707
50.87,24.612,25.200,24.086,5.746,0.266,4.721
50.88,25.101,25.222,24.119,4.795,0.261,4.715
50.89,25.122,25.224,24.131,3.798,0.260,4.700
50.90,23.994,25.218,24.122,4.166,0.258,4.689
50.91,24.655,25.219,24.128,4.643,0.256,4.683
50.92,25.114,25.201,24.121,4.442,0.257,4.679
50.93,24.815,25.168,24.096,5.679,0.259,4.692
50.94,23.936,25.141,24.065,4.252,0.260,4.684
50.95,24.360,25.128,24.054,3.830,0.259,4.670
50.96,24.343,25.117,24.045,5.064,0.257,4.671
50.97,23.953,25.112,24.037,5.487,0.254,4.677
50.98,24.207,25.109,24.035,3.712,0.252,4.659
50.99,24.528,25.097,24.027,4.111,0.248,4.646
51.00,23.573,25.096,24.018,4.426,0.243,4.636
51.01,24.067,25.110,24.031,4.682,0.239,4.630
51.02,24.424,25.121,24.045,4.985,0.236,4.629
51.03,24.427,25.120,24.048,4.151,0.236,4.620
51.04,24.796,25.116,24.052,5.444,0.234,4.628
51.05,24.925,25.091,24.037,5.135,0.232,4.630
51.06,24.213,25.065,24.012,5.253,0.231,4.635
51.07,24.312,25.063,24.012,4.944,0.231,4.636
51.08,23.487,25.093,24.033,5.286,0.237,4.648
51.09,24.451,25.125,24.068,3.870,0.234,4.633
51.10,24.403,25.146,24.092,2.654,0.224,4.595
51.11,23.959,25.174,24.116,3.702,0.215,4.572
51.12,24.892,25.199,24.149,2.602,0.208,4.537
51.13,25.136,25.207,24.168,4.153,0.209,4.530
51.14,24.190,25.198,24.158,5.534,0.209,4.540
51.15,23.861,25.211,24.165,6.537,0.210,4.565
51.16,24.607,25.230,24.189,5.617,0.215,4.582
51.17,24.198,25.248,24.205,4.179,0.223,4.582
51.18,24.268,25.281,24.237,4.387,0.217,4.571
51.19,24.845,25.317,24.279,3.360,0.213,4.548
51.20,24.361,25.344,24.305,3.644,0.207,4.529
51.21,24.846,25.365,24.331,5.021,0.201,4.527
51.22,24.931,25.365,24.338,3.942,0.194,4.509
51.23,24.018,25.381,24.348,5.577,0.192,4.519
51.24,24.964,25.401,24.375,5.270,0.192,4.526
51.25,25.284,25.404,24.388,4.804,0.198,4.534
51.26,24.851,25.405,24.395,5.077,0.206,4.546
51.27,24.757,25.406,24.398,4.304,0.210,4.545
51.28,24.741,25.407,24.403,5.353,0.209,4.551
51.29,24.461,25.409,24.404,4.445,0.202,4.541
51.30,25.033,25.411,24.413,4.108,0.197,4.528
51.31,24.960,25.399,24.408,3.425,0.188,4.502
51.32,24.736,25.381,24.393,5.630,0.181,4.508
51.33,24.444,25.362,24.374,4.455,0.177,4.501
51.34,24.486,25.352,24.364,5.144,0.174,4.504
51.35,24.310,25.352,24.362,5.230,0.171,4.508
51.36,24.358,25.355,24.364,4.003,0.168,4.496
51.37,24.649,25.367,24.379,4.798,0.168,4.498
51.38,24.755,25.372,24.388,4.778,0.164,4.495
51.39,24.719,25.367,24.386,4.141,0.155,4.481
51.40,24.398,25.360,24.379,4.834,0.148,4.476
51.41,24.345,25.349,24.366,4.787,0.138,4.467
51.42,24.165,25.354,24.367,5.023,0.124,4.458
51.43,24.760,25.366,24.383,5.004,0.119,4.459
51.44,24.618,25.380,24.399,4.041,0.116,4.448
51.45,25.096,25.397,24.424,5.586,0.113,4.458
51.46,25.327,25.388,24.426,4.219,0.109,4.449
51.47,24.522,25.366,24.406,4.605,0.108,4.448
51.48,24.430,25.351,24.390,4.835,0.101,4.445
51.49,24.025,25.354,24.387,4.635,0.097,4.441
51.50,24.425,25.380,24.412,6.579,0.091,4.460
51.51,24.387,25.407,24.438,4.108,0.082,4.445
51.52,24.766,25.429,24.463,3.760,0.078,4.431
51.53,24.571,25.441,24.475,4.839,0.077,4.433
51.54,25.242,25.441,24.485,4.483,0.078,4.433
51.55,24.025,25.440,24.477,3.954,0.072,4.419
51.56,24.718,25.457,24.496,4.664,0.071,4.419
51.57,25.290,25.461,24.510,5.343,0.069,4.428
51.58,24.179,25.468,24.512,4.695,0.067,4.427
51.59,24.613,25.482,24.526,4.182,0.066,4.421
51.60,24.933,25.491,24.539,4.737,0.061,4.419
51.61,24.800,25.498,24.550,4.747,0.052,4.412
51.62,25.352,25.506,24.567,5.675,0.045,4.420
51.63,25.486,25.485,24.558,4.981,0.043,4.423
51.64,25.080,25.461,24.540,4.545,0.044,4.424
51.65,24.596,25.433,24.513,4.879,0.047,4.432
51.66,24.896,25.410,24.494,5.108,0.048,4.440
51.67,24.377,25.408,24.491,5.114,0.048,4.448
51.68,24.725,25.413,24.498,4.229,0.048,4.443
51.69,25.016,25.402,24.494,4.507,0.050,4.444
51.70,24.302,25.393,24.482,4.748,0.049,4.446
51.71,24.495,25.391,24.480,4.475,0.049,4.445
51.72,24.149,25.395,24.479,4.309,0.055,4.447
51.73,24.610,25.403,24.488,5.486,0.057,4.462
51.74,24.646,25.411,24.498,4.074,0.054,4.452
51.75,25.289,25.412,24.509,4.819,0.055,4.456
51.76,24.810,25.396,24.496,5.033,0.054,4.462
51.77,25.225,25.358,24.468,5.291,0.051,4.468
51.78,24.721,25.312,24.425,5.411,0.053,4.481
51.80,24.630,25.272,24.388,4.786,0.054,4.485
51.81,23.798,25.260,24.369,4.084,0.051,4.475
51.81,24.526,25.266,24.376,4.279,0.047,4.468
51.82,25.074,25.252,24.371,4.125,0.044,4.459
51.83,24.386,25.222,24.342,5.104,0.041,4.464
51.85,23.634,25.214,24.325,4.820,0.044,4.470
51.85,24.318,25.213,24.323,4.767,0.049,4.477
51.86,23.780,25.220,24.323,5.038,0.047,4.482
51.87,24.655,25.232,24.338,3.132,0.044,4.460
51.88,24.344,25.235,24.341,4.316,0.041,4.453
51.89,24.031,25.244,24.346,5.343,0.042,4.465
51.90,24.553,25.257,24.361,4.166,0.047,4.465
51.92,24.312,25.258,24.361,4.179,0.051,4.464
51.92,23.920,25.269,24.365,5.442,0.051,4.476
51.94,24.063,25.297,24.389,4.368,0.054,4.476
51.95,24.416,25.328,24.419,5.212,0.053,4.483
51.96,24.494,25.366,24.457,4.305,0.048,4.475
51.97,24.633,25.407,24.500,4.341,0.046,4.470
51.98,25.669,25.427,24.534,4.433,0.047,4.469
51.99,25.824,25.424,24.548,4.579,0.051,4.474
52.00,24.811,25.412,24.540,4.401,0.054,4.475
52.01,24.516,25.414,24.541,4.738,0.056,4.479
52.02,25.101,25.397,24.532,4.338,0.052,4.472
52.03,24.774,25.390,24.528,4.479,0.051,4.470
52.04,25.135,25.378,24.524,5.231,0.045,4.473
52.05,24.299,25.379,24.522,5.101,0.043,4.478
52.06,24.310,25.390,24.530,4.648,0.046,4.482
52.07,24.021,25.409,24.542,4.525,0.048,4.484
52.08,24.674,25.429,24.563,3.888,0.046,4.473
52.09,24.962,25.444,24.583,3.734,0.042,4.458
52.10,24.323,25.463,24.598,5.198,0.037,4.461
52.11,24.421,25.484,24.617,4.297,0.033,4.454
52.12,24.950,25.502,24.638,5.364,0.032,4.465
52.13,25.162,25.505,24.648,4.650,0.031,4.465
52.14,24.877,25.501,24.647,5.168,0.030,4.473
52.15,23.836,25.519,24.654,4.652,0.030,4.474
52.16,24.933,25.540,24.679,3.814,0.026,4.460
52.17,25.334,25.557,24.704,4.764,0.025,4.462
52.18,25.680,25.562,24.721,4.469,0.022,4.459
52.19,25.085,25.545,24.710,4.934,0.019,4.461
52.20,24.968,25.533,24.702,6.169,0.019,4.482
52.21,25.085,25.524,24.697,4.865,0.019,4.486
52.22,25.052,25.508,24.687,4.500,0.024,4.491
52.23,24.118,25.508,24.680,4.721,0.022,4.491
52.24,25.035,25.512,24.688,4.375,0.019,4.487
52.25,25.338,25.500,24.685,4.592,0.017,4.485
52.26,24.668,25.482,24.667,4.285,0.014,4.478
52.27,24.782,25.473,24.660,5.249,0.011,4.485
52.28,24.730,25.451,24.639,5.011,0.005,4.485
52.29,23.976,25.451,24.631,4.956,0.003,4.489
52.30,23.966,25.472,24.643,3.887,-0.001,4.476
52.31,24.820,25.493,24.666,4.516,-0.006,4.472
52.32,24.898,25.506,24.682,5.297,-0.012,4.476
52.33,24.662,25.517,24.693,4.526,-0.018,4.470
52.34,25.249,25.532,24.715,4.839,-0.020,4.472
52.35,25.062,25.538,24.726,4.909,-0.022,4.475
52.36,24.848,25.543,24.732,4.475,-0.024,4.473
52.37,25.335,25.535,24.732,4.938,-0.024,4.478
52.38,25.074,25.516,24.718,4.541,-0.024,4.479
52.39,24.585,25.499,24.700,4.984,-0.028,4.481
52.40,24.958,25.492,24.696,3.935,-0.032,4.470
52.41,24.842,25.500,24.707,4.658,-0.037,4.466
52.42,25.375,25.503,24.719,6.041,-0.040,4.484
52.43,25.370,25.491,24.716,4.610,-0.043,4.482
52.44,25.015,25.457,24.687,4.159,-0.045,4.476
52.45,24.504,25.423,24.651,4.930,-0.045,4.482
52.46,25.101,25.392,24.627,4.553,-0.043,4.484
52.47,25.070,25.357,24.599,4.543,-0.036,4.491
52.48,23.178,25.334,24.558,5.828,-0.032,4.512
52.49,24.330,25.336,24.557,5.293,-0.036,4.519
52.50,24.991,25.332,24.559,3.689,-0.039,4.505
52.51,24.031,25.321,24.542,4.735,-0.042,4.505
52.52,24.099,25.328,24.543,5.180,-0.046,4.510
52.53,24.579,25.326,24.542,3.738,-0.046,4.499
52.54,24.212,25.328,24.540,4.132,-0.046,4.494
52.55,24.442,25.345,24.556,3.921,-0.046,4.486
52.56,25.510,25.357,24.581,5.924,-0.040,4.511
52.57,24.677,25.349,24.574,5.225,-0.032,4.527
52.58,24.493,25.342,24.567,4.967,-0.029,4.537
52.59,25.217,25.329,24.563,4.861,-0.030,4.540
52.60,24.392,25.311,24.543,4.928,-0.036,4.538
52.61,24.200,25.306,24.534,3.999,-0.044,4.524
52.62,24.950,25.294,24.528,3.516,-0.048,4.506
52.63,24.395,25.279,24.512,5.014,-0.055,4.507
52.64,25.193,25.262,24.504,5.213,-0.058,4.512
52.65,24.029,25.253,24.490,4.480,-0.056,4.514
52.66,24.578,25.255,24.494,5.956,-0.054,4.535
52.67,24.240,25.252,24.488,4.289,-0.054,4.531
52.68,23.747,25.270,24.495,4.660,-0.057,4.530
52.69,24.099,25.309,24.529,3.581,-0.059,4.516
52.70,24.615,25.333,24.554,4.418,-0.057,4.517
52.71,24.791,25.342,24.566,4.332,-0.054,4.517
52.72,24.587,25.356,24.581,4.657,-0.049,4.524
52.73,25.055,25.352,24.584,5.114,-0.044,4.537
52.74,24.335,25.347,24.576,5.064,-0.041,4.547
52.75,23.335,25.362,24.575,5.152,-0.037,4.559
52.76,24.941,25.383,24.600,4.508,-0.036,4.559
52.77,24.530,25.395,24.612,4.705,-0.037,4.560
52.78,25.348,25.406,24.632,4.571,-0.033,4.564
52.79,24.923,25.410,24.640,3.957,-0.031,4.558
52.80,24.681,25.420,24.651,4.504,-0.033,4.555
52.81,25.041,25.423,24.660,5.189,-0.037,4.560
52.82,24.052,25.433,24.662,3.872,-0.039,4.549
52.83,24.911,25.447,24.680,4.804,-0.036,4.555
52.84,24.524,25.456,24.687,6.086,-0.031,4.581
52.85,25.117,25.439,24.676,4.189,-0.037,4.570
52.86,24.258,25.440,24.671,3.573,-0.036,4.557
52.87,24.955,25.449,24.684,4.362,-0.030,4.561
52.88,25.630,25.438,24.687,4.309,-0.025,4.563
52.89,24.350,25.422,24.667,5.828,-0.028,4.577
52.90,24.629,25.427,24.671,4.157,-0.037,4.562
52.91,24.994,25.434,24.683,4.419,-0.041,4.557
52.92,24.649,25.437,24.686,4.412,-0.042,4.553
52.93,25.380,25.428,24.687,4.530,-0.038,4.557
52.94,24.114,25.414,24.666,5.932,-0.042,4.572
52.95,24.249,25.420,24.667,4.098,-0.049,4.559
52.96,24.523,25.436,24.682,3.465,-0.052,4.541
52.97,24.258,25.456,24.695,4.812,-0.049,4.548
52.98,25.466,25.451,24.701,4.593,-0.048,4.550
52.99,24.553,25.443,24.692,4.723,-0.045,4.555
53.00,24.654,25.439,24.688,4.746,-0.044,4.559
53.01,24.405,25.447,24.692,4.546,-0.045,4.558
53.02,24.640,25.464,24.709,4.266,-0.045,4.554
53.03,25.044,25.471,24.721,4.571,-0.046,4.553
53.04,24.899,25.483,24.735,5.204,-0.045,4.563
53.05,25.327,25.475,24.736,4.583,-0.042,4.566
53.06,24.372,25.447,24.704,3.802,-0.040,4.559
53.07,24.160,25.436,24.686,4.976,-0.038,4.566
53.08,24.641,25.429,24.679,5.416,-0.041,4.574
53.09,24.163,25.431,24.674,3.875,-0.041,4.566
53.10,24.035,25.457,24.692,5.781,-0.046,4.576
53.11,24.958,25.469,24.708,3.224,-0.051,4.554
53.12,25.056,25.466,24.709,4.832,-0.052,4.557
53.13,24.444,25.463,24.703,3.908,-0.055,4.545
53.14,25.271,25.447,24.696,4.471,-0.054,4.546
53.15,24.010,25.423,24.663,4.388,-0.052,4.546
53.16,25.116,25.409,24.655,6.001,-0.054,4.563
53.17,24.483,25.403,24.648,3.911,-0.051,4.557
53.18,24.848,25.395,24.642,5.776,-0.053,4.572
53.19,23.756,25.397,24.634,5.009,-0.056,4.574
53.20,24.424,25.419,24.653,2.743,-0.057,4.550
53.21,25.123,25.422,24.662,4.170,-0.058,4.544
53.22,24.344,25.425,24.662,4.633,-0.058,4.545
53.23,24.482,25.431,24.665,4.382,-0.056,4.545
53.24,24.537,25.438,24.671,4.943,-0.053,4.554
53.25,25.089,25.441,24.679,4.846,-0.054,4.556
53.26,24.443,25.443,24.679,4.513,-0.054,4.556
53.27,24.585,25.453,24.687,5.088,-0.055,4.563
53.28,25.030,25.456,24.695,4.802,-0.057,4.564
53.29,24.719,25.451,24.691,5.015,-0.056,4.571
53.30,24.809,25.445,24.686,4.374,-0.057,4.567
53.31,24.575,25.436,24.677,4.517,-0.059,4.565
53.32,24.311,25.437,24.673,4.427,-0.058,4.564
53.34,24.966,25.440,24.680,4.937,-0.058,4.570
53.35,24.666,25.434,24.674,4.623,-0.058,4.571
53.36,25.102,25.426,24.672,5.069,-0.054,4.582
53.37,24.612,25.409,24.655,3.877,-0.050,4.576
53.38,24.021,25.395,24.633,4.178,-0.045,4.576
53.39,24.739,25.389,24.628,5.531,-0.046,4.588
53.40,24.312,25.390,24.626,4.224,-0.047,4.583
53.41,24.800,25.383,24.622,5.110,-0.047,4.589
53.42,24.176,25.373,24.606,4.501,-0.052,4.584
53.43,24.794,25.366,24.602,4.483,-0.054,4.580
53.43,24.724,25.343,24.581,4.691,-0.058,4.579
53.45,25.452,25.315,24.565,4.851,-0.063,4.577
53.46,24.012,25.306,24.549,4.114,-0.070,4.564
53.47,24.470,25.318,24.561,4.335,-0.067,4.565
53.48,25.414,25.330,24.584,5.037,-0.064,4.574
53.49,24.823,25.314,24.572,4.163,-0.066,4.567
53.50,24.558,25.300,24.558,4.904,-0.063,4.575
53.51,24.186,25.297,24.551,5.042,-0.062,4.582
53.52,24.884,25.291,24.549,4.585,-0.057,4.588
53.53,24.486,25.281,24.539,4.535,-0.051,4.593
53.54,23.634,25.290,24.537,4.480,-0.046,4.596
53.55,24.478,25.315,24.560,4.573,-0.044,4.598
53.56,24.839,25.320,24.569,3.633,-0.045,4.585
53.57,24.257,25.316,24.562,4.712,-0.046,4.587
53.58,24.405,25.321,24.564,4.950,-0.045,4.592
53.59,24.859,25.320,24.568,4.962,-0.045,4.598
53.60,24.532,25.320,24.568,4.589,-0.044,4.599
53.61,24.840,25.320,24.571,4.509,-0.042,4.600
53.62,24.187,25.324,24.570,4.158,-0.042,4.594
53.63,24.864,25.329,24.579,4.286,-0.042,4.590
53.64,24.596,25.332,24.583,4.219,-0.042,4.585
53.65,24.330,25.345,24.593,4.530,-0.040,4.587
53.66,25.251,25.360,24.616,4.393,-0.038,4.586
53.67,24.982,25.369,24.631,4.714,-0.037,4.589
53.68,24.972,25.376,24.642,4.909,-0.037,4.594
53.69,24.834,25.374,24.644,3.724,-0.039,4.580
53.70,25.099,25.368,24.644,4.351,-0.036,4.581
53.71,24.748,25.352,24.630,4.726,-0.034,4.585
53.72,25.003,25.333,24.616,5.281,-0.034,4.594
53.73,24.674,25.306,24.591,4.193,-0.035,4.588
53.74,24.079,25.282,24.561,4.179,-0.037,4.581
53.75,23.809,25.275,24.545,3.425,-0.038,4.564
53.76,24.078,25.293,24.556,4.253,-0.038,4.561
53.77,24.324,25.316,24.576,4.232,-0.040,4.555
53.78,24.619,25.336,24.597,4.740,-0.036,4.561
53.79,24.315,25.346,24.604,4.158,-0.032,4.559
53.80,24.888,25.342,24.604,5.430,-0.032,4.570
53.81,25.083,25.323,24.592,3.862,-0.034,4.559
53.82,25.001,25.293,24.568,4.397,-0.026,4.565
53.83,23.201,25.276,24.534,5.165,-0.029,4.570
53.84,24.589,25.289,24.547,4.573,-0.027,4.572
53.85,24.998,25.288,24.553,3.911,-0.022,4.569
53.86,23.311,25.299,24.547,4.993,-0.021,4.575
53.87,24.694,25.330,24.580,6.208,-0.022,4.595
53.88,25.324,25.334,24.594,3.391,-0.023,4.579
53.89,24.097,25.318,24.572,3.239,-0.023,4.561
53.90,24.030,25.334,24.581,4.493,-0.024,4.559
53.91,24.351,25.354,24.598,2.990,-0.030,4.533
53.92,24.548,25.372,24.616,4.726,-0.030,4.535
53.93,25.169,25.373,24.624,5.457,-0.031,4.545
53.94,25.549,25.358,24.622,4.615,-0.029,4.549
53.95,24.404,25.345,24.606,4.142,-0.025,4.547
53.96,24.556,25.343,24.604,6.376,-0.023,4.573
53.97,24.632,25.336,24.597,3.625,-0.019,4.564
53.98,24.190,25.325,24.582,3.903,-0.012,4.562
53.99,23.682,25.352,24.597,5.796,-0.009,4.581
54.00,24.543,25.380,24.624,3.000,-0.000,4.569
54.01,25.169,25.386,24.638,2.536,-0.007,4.536
54.02,24.803,25.378,24.631,4.344,-0.020,4.520
54.03,24.724,25.368,24.623,4.482,-0.030,4.510
54.04,24.657,25.353,24.609,5.059,-0.034,4.512
54.05,24.507,25.338,24.593,4.670,-0.036,4.513
54.06,24.145,25.331,24.581,4.417,-0.036,4.510
54.07,24.131,25.336,24.580,3.849,-0.037,4.500
54.08,24.561,25.338,24.582,4.129,-0.038,4.495
54.09,24.492,25.340,24.582,5.414,-0.038,4.506
54.10,24.426,25.340,24.580,4.258,-0.037,4.504
54.11,24.644,25.343,24.585,4.066,-0.031,4.503
54.12,24.025,25.348,24.582,4.324,-0.026,4.506
54.13,24.930,25.352,24.591,4.420,-0.026,4.504
54.14,24.328,25.359,24.595,4.572,-0.027,4.504
54.15,24.993,25.359,24.600,4.360,-0.024,4.504
54.16,25.397,25.346,24.598,5.434,-0.025,4.516
54.17,24.998,25.318,24.576,4.588,-0.026,4.515
54.18,24.292,25.296,24.551,4.503,-0.030,4.511
54.19,24.306,25.293,24.544,4.154,-0.034,4.502
54.20,24.896,25.301,24.558,4.006,-0.035,4.494
54.21,24.449,25.297,24.553,4.343,-0.039,4.488
54.22,24.008,25.289,24.538,4.632,-0.041,4.487
54.23,24.446,25.286,24.533,4.772,-0.042,4.490
54.24,24.759,25.274,24.524,4.606,-0.039,4.494
54.25,23.782,25.263,24.504,4.481,-0.038,4.495
54.26,24.566,25.263,24.506,3.980,-0.038,4.487
54.27,24.529,25.268,24.510,5.169,-0.037,4.497
54.28,24.557,25.261,24.504,4.323,-0.037,4.495
54.29,24.712,25.247,24.493,4.162,-0.034,4.492
54.30,24.663,25.237,24.486,5.051,-0.034,4.500
54.31,24.735,25.232,24.485,5.273,-0.038,4.506
54.32,24.507,25.225,24.479,3.076,-0.045,4.480
54.33,24.838,25.212,24.471,3.536,-0.053,4.458
54.34,24.429,25.210,24.468,4.828,-0.055,4.462
54.35,24.501,25.216,24.474,5.073,-0.051,4.473
54.36,25.015,25.207,24.473,5.518,-0.052,4.485
54.37,24.725,25.188,24.458,4.302,-0.055,4.479
54.38,23.904,25.176,24.439,4.721,-0.056,4.481
54.39,24.177,25.176,24.436,4.685,-0.055,4.485
54.40,24.502,25.178,24.439,3.860,-0.053,4.479
54.41,24.333,25.181,24.441,4.705,-0.048,4.486
54.42,24.538,25.179,24.440,4.225,-0.047,4.483
54.43,24.616,25.177,24.441,3.152,-0.051,4.462
54.44,24.519,25.165,24.430,3.454,-0.055,4.444
54.45,23.842,25.160,24.418,4.938,-0.060,4.445
54.46,24.552,25.161,24.421,4.393,-0.060,4.444
54.47,24.636,25.160,24.423,5.302,-0.057,4.458
54.48,24.383,25.159,24.422,4.239,-0.055,4.457
54.49,24.350,25.155,24.417,3.964,-0.052,4.453
54.50,24.451,25.167,24.429,3.657,-0.045,4.449
54.51,24.448,25.182,24.445,3.751,-0.037,4.447
54.52,24.486,25.181,24.445,4.385,-0.032,4.450
54.53,24.859,25.173,24.442,4.781,-0.031,4.456
54.54,24.890,25.153,24.429,4.247,-0.045,4.438
54.55,24.481,25.120,24.397,3.806,-0.062,4.413
54.56,24.137,25.084,24.359,4.471,-0.072,4.403
54.57,23.940,25.065,24.335,4.089,-0.078,4.392
54.58,23.964,25.070,24.335,4.909,-0.078,4.398
54.59,24.249,25.061,24.326,4.014,-0.076,4.394
54.60,24.492,25.065,24.332,4.748,-0.072,4.402
54.61,24.179,25.075,24.340,4.192,-0.068,4.404
54.62,23.494,25.083,24.336,4.143,-0.059,4.408
54.63,24.016,25.104,24.354,3.958,-0.053,4.408
54.64,24.111,25.139,24.385,3.883,-0.047,4.406
54.65,24.040,25.174,24.415,3.431,-0.035,4.404
54.66,24.597,25.201,24.445,3.015,-0.041,4.379
54.67,25.221,25.215,24.468,4.056,-0.054,4.361
54.68,24.750,25.205,24.463,5.096,-0.058,4.367
54.69,24.726,25.193,24.454,4.994,-0.061,4.370
54.70,24.304,25.194,24.453,4.334,-0.061,4.369
54.71,24.484,25.212,24.472,4.510,-0.059,4.372
54.72,24.813,25.224,24.488,4.381,-0.058,4.373
54.73,25.301,25.223,24.498,3.948,-0.060,4.364
54.74,24.840,25.216,24.496,3.899,-0.062,4.356
54.75,25.106,25.197,24.485,4.454,-0.065,4.353
54.76,24.246,25.164,24.451,4.325,-0.066,4.351
54.77,24.573,25.158,24.446,5.000,-0.064,4.361
54.78,24.547,25.146,24.436,4.836,-0.062,4.368
54.79,23.772,25.147,24.429,3.754,-0.061,4.360
54.80,24.451,25.150,24.432,3.854,-0.064,4.350
54.81,24.529,25.142,24.426,4.231,-0.064,4.347
54.82,24.000,25.134,24.413,4.098,-0.064,4.343
54.83,24.340,25.139,24.417,4.909,-0.062,4.352
54.85,24.866,25.126,24.410,4.462,-0.060,4.354
54.86,23.533,25.123,24.396,4.501,-0.062,4.354
54.87,24.393,25.139,24.412,3.374,-0.062,4.340
54.88,25.012,25.132,24.413,3.786,-0.061,4.332
54.89,24.079,25.113,24.390,4.975,-0.063,4.338
54.90,23.463,25.117,24.382,4.261,-0.062,4.337
54.91,24.516,25.124,24.391,4.446,-0.059,4.340
54.92,24.036,25.129,24.392,5.604,-0.061,4.355
54.93,24.426,25.140,24.403,4.013,-0.061,4.350
54.94,24.826,25.138,24.407,4.037,-0.060,4.345
54.95,24.482,25.120,24.390,4.586,-0.058,4.350
54.96,23.985,25.127,24.393,4.839,-0.064,4.349
54.97,24.484,25.143,24.410,3.714,-0.064,4.340
54.98,25.000,25.140,24.415,3.930,-0.063,4.335
54.99,24.653,25.112,24.391,4.389,-0.069,4.329
55.00,23.559,25.112,24.379,4.662,-0.074,4.328
55.01,24.557,25.127,24.397,2.856,-0.075,4.307
55.02,24.989,25.120,24.398,4.015,-0.072,4.305
55.03,23.815,25.103,24.374,5.067,-0.074,4.311
55.04,23.851,25.109,24.373,4.527,-0.076,4.312
55.05,24.473,25.114,24.379,3.776,-0.072,4.307
55.06,24.837,25.101,24.373,4.704,-0.075,4.309
55.07,23.670,25.094,24.357,4.198,-0.073,4.309
55.08,24.309,25.103,24.365,4.022,-0.070,4.307
55.09,24.829,25.102,24.371,4.467,-0.070,4.308
55.10,24.205,25.103,24.369,4.329,-0.074,4.303
55.11,24.539,25.119,24.388,4.172,-0.076,4.299
55.12,24.757,25.124,24.397,4.824,-0.077,4.304
55.13,24.982,25.113,24.394,4.046,-0.078,4.298
55.14,24.178,25.098,24.377,4.196,-0.079,4.296
55.15,24.314,25.092,24.371,4.316,-0.079,4.295
55.16,24.636,25.078,24.360,3.498,-0.079,4.284
55.17,24.078,25.064,24.343,4.092,-0.076,4.283
55.18,24.428,25.064,24.345,4.967,-0.074,4.293
55.19,24.755,25.056,24.342,4.654,-0.076,4.295
55.20,23.885,25.043,24.324,3.989,-0.075,4.291
55.21,23.453,25.055,24.325,4.361,-0.079,4.287
55.22,24.605,25.065,24.338,3.142,-0.078,4.272
55.23,24.275,25.061,24.334,4.749,-0.078,4.277
55.24,24.149,25.062,24.332,4.953,-0.076,4.287
55.25,24.592,25.062,24.336,4.551,-0.078,4.288
55.26,25.048,25.040,24.324,3.993,-0.075,4.286
55.27,23.608,25.021,24.296,5.002,-0.078,4.292
55.28,24.195,25.027,24.301,4.134,-0.075,4.291
55.29,24.988,25.016,24.299,3.398,-0.075,4.279
55.30,23.988,24.998,24.277,3.896,-0.077,4.271
55.31,23.628,25.012,24.283,4.742,-0.078,4.276
55.32,24.997,25.023,24.304,4.312,-0.079,4.274
55.33,24.366,25.005,24.287,4.195,-0.083,4.268
55.34,23.573,25.006,24.279,5.169,-0.084,4.278
55.35,24.099,25.014,24.285,4.393,-0.084,4.279
55.36,24.320,25.017,24.288,3.997,-0.082,4.276
55.37,24.469,25.027,24.301,4.717,-0.081,4.282
55.38,24.218,25.030,24.303,3.743,-0.078,4.277
55.39,24.261,25.019,24.292,4.030,-0.076,4.275
55.40,24.382,25.005,24.278,4.790,-0.076,4.280
55.41,23.975,24.996,24.266,4.685,-0.075,4.286
55.42,24.708,24.986,24.262,4.534,-0.074,4.289
55.43,24.546,24.973,24.253,4.749,-0.075,4.294
55.44,24.025,24.965,24.243,3.771,-0.076,4.285
55.45,23.859,24.966,24.239,3.999,-0.079,4.278
55.46,24.178,24.968,24.240,4.738,-0.082,4.279
55.47,24.010,24.972,24.242,3.950,-0.084,4.273
55.48,24.548,24.980,24.253,3.720,-0.086,4.263
55.49,24.627,24.978,24.256,3.699,-0.088,4.252
55.50,23.998,24.959,24.235,4.384,-0.091,4.250
55.51,23.745,24.959,24.228,4.292,-0.094,4.247
55.52,24.424,24.967,24.239,3.895,-0.091,4.244
55.53,24.602,24.956,24.233,4.195,-0.088,4.245
55.54,23.881,24.943,24.215,2.861,-0.084,4.230
55.55,23.280,24.919,24.179,4.849,-0.089,4.233
55.56,23.546,24.928,24.181,3.866,-0.089,4.226
55.57,24.881,24.945,24.206,4.188,-0.092,4.222
55.58,24.436,24.957,24.222,4.034,-0.094,4.216
55.59,24.143,24.973,24.236,4.814,-0.096,4.221
55.60,24.981,24.986,24.259,3.246,-0.098,4.206
55.61,24.450,24.997,24.273,3.805,-0.096,4.202
55.62,24.690,24.993,24.274,4.626,-0.099,4.203
55.63,24.680,24.976,24.263,3.549,-0.099,4.193
55.64,24.506,24.948,24.239,4.567,-0.100,4.197
55.65,23.536,24.935,24.217,4.172,-0.100,4.195
55.66,23.882,24.935,24.213,4.682,-0.102,4.198
55.67,24.332,24.938,24.218,4.212,-0.104,4.195
55.68,23.759,24.941,24.214,4.218,-0.105,4.194
55.69,24.018,24.955,24.226,4.701,-0.106,4.198
55.70,24.593,24.977,24.252,4.305,-0.108,4.197
55.71,24.314,24.991,24.267,3.683,-0.106,4.191
55.72,24.271,24.997,24.273,3.556,-0.105,4.183
55.73,24.870,24.987,24.272,4.482,-0.100,4.190
55.74,24.681,24.966,24.257,4.411,-0.099,4.193
55.75,24.482,24.941,24.235,4.749,-0.097,4.202
55.76,24.429,24.920,24.217,5.202,-0.098,4.213
55.77,23.784,24.899,24.192,4.280,-0.096,4.215
55.78,23.957,24.889,24.179,4.715,-0.096,4.220
55.79,24.161,24.886,24.175,4.221,-0.099,4.216
55.80,23.944,24.888,24.175,4.526,-0.101,4.218
55.81,24.129,24.890,24.176,4.066,-0.100,4.215
55.82,24.442,24.872,24.162,3.689,-0.100,4.208
55.83,24.076,24.846,24.135,4.366,-0.102,4.208
55.84,23.758,24.834,24.119,4.371,-0.104,4.206
55.85,24.345,24.829,24.117,3.757,-0.104,4.200
55.86,24.349,24.812,24.104,3.464,-0.103,4.190
55.87,23.757,24.792,24.080,4.222,-0.105,4.188
55.88,23.216,24.793,24.070,4.500,-0.106,4.190
55.89,24.381,24.799,24.080,4.937,-0.105,4.200
55.90,24.089,24.798,24.079,4.554,-0.102,4.206
55.91,24.290,24.796,24.080,3.995,-0.100,4.205
55.92,24.010,24.794,24.078,3.770,-0.101,4.197
55.93,24.427,24.792,24.080,4.442,-0.104,4.196
55.94,24.463,24.777,24.070,3.603,-0.107,4.185
55.95,24.860,24.739,24.044,4.449,-0.110,4.184
55.96,23.665,24.706,24.007,4.466,-0.115,4.182
55.97,23.755,24.710,24.007,5.302,-0.118,4.193
55.98,24.432,24.716,24.019,3.726,-0.121,4.183
55.99,24.122,24.710,24.015,4.160,-0.122,4.181
56.00,23.640,24.704,24.004,4.212,-0.124,4.178
56.01,23.739,24.699,23.996,3.973,-0.125,4.174
56.02,24.175,24.687,23.987,4.473,-0.125,4.177
56.03,24.168,24.668,23.970,4.308,-0.126,4.177
56.04,23.596,24.650,23.948,4.002,-0.132,4.168
56.05,23.975,24.644,23.943,4.653,-0.139,4.167
56.06,24.140,24.633,23.935,5.157,-0.144,4.174
56.07,23.535,24.623,23.920,4.201,-0.151,4.167
56.08,24.280,24.613,23.916,4.049,-0.149,4.166
56.09,24.424,24.594,23.904,4.369,-0.153,4.164
56.10,24.080,24.576,23.889,4.129,-0.153,4.163
56.11,24.085,24.560,23.876,4.723,-0.150,4.173
56.12,23.625,24.550,23.863,5.028,-0.150,4.184
56.13,23.676,24.534,23.845,4.095,-0.154,4.177
56.14,24.014,24.511,23.825,3.529,-0.158,4.165
56.15,23.864,24.474,23.789,3.333,-0.162,4.149
56.16,23.573,24.444,23.757,4.089,-0.167,4.143
56.17,23.946,24.420,23.736,5.255,-0.173,4.150
56.18,23.918,24.377,23.696,4.483,-0.180,4.147
56.19,24.201,24.317,23.644,4.301,-0.186,4.143
56.20,24.210,24.239,23.575,4.291,-0.194,4.136
56.21,23.618,24.159,23.497,3.961,-0.203,4.125
56.22,22.951,24.093,23.425,4.251,-0.211,4.118
56.23,23.804,24.031,23.369,4.554,-0.221,4.113
56.24,24.459,23.949,23.303,4.788,-0.232,4.111
56.26,24.290,23.833,23.202,3.227,-0.245,4.085
56.26,23.853,23.701,23.081,3.861,-0.259,4.068
56.27,23.612,23.553,22.942,4.265,-0.271,4.058
56.29,23.954,23.394,22.800,5.373,-0.277,4.069
56.30,22.971,23.211,22.622,4.044,-0.286,4.059
56.30,22.755,23.034,22.450,5.141,-0.292,4.067
56.31,22.440,22.861,22.280,5.252,-0.304,4.070
56.33,23.236,22.670,22.105,5.564,-0.317,4.077
56.34,23.881,22.429,21.892,5.298,-0.329,4.081
56.34,24.000,22.110,21.606,4.608,-0.338,4.079
56.35,22.816,21.721,21.239,3.546,-0.352,4.058
56.36,21.944,21.312,20.846,5.147,-0.361,4.064
56.37,21.559,20.854,20.405,3.318,-0.377,4.038
56.39,18.594,20.396,19.931,4.694,-0.387,4.037
56.40,19.068,20.071,19.600,5.496,-0.407,4.036
56.41,18.512,19.839,19.358,4.731,-0.416,4.036
56.42,20.683,19.600,19.141,5.278,-0.423,4.046
56.43,21.801,19.265,18.847,2.757,-0.434,4.018
56.44,21.250,18.846,18.467,2.733,-0.442,3.994
56.45,20.289,18.334,17.989,3.576,-0.453,3.977
56.46,18.017,17.740,17.404,2.323,-0.481,3.929
56.47,15.336,17.266,16.912,4.443,-0.493,3.924
56.48,14.648,16.954,16.576,4.531,-0.501,3.923
56.49,15.497,16.713,16.326,8.448,-0.485,3.998
56.50,16.608,16.438,16.060,9.240,-0.512,4.042
56.51,17.677,16.118,15.767,6.669,-0.520,4.069
56.52,16.281,15.684,15.348,7.288,-0.541,4.091
56.53,15.581,15.158,14.834,6.677,-0.589,4.079
56.54,16.609,14.576,14.285,0.969,-0.638,3.991
56.55,12.108,14.008,13.699,-0.609,-0.713,3.858
56.56,13.251,13.400,13.095,1.775,-0.829,3.717
56.57,13.421,12.953,12.660,-0.109,-0.931,3.566
56.58,13.569,12.637,12.363,2.282,-0.983,3.498
56.59,13.698,12.321,12.071,3.712,-1.058,3.427
56.60,12.610,11.924,11.689,8.098,-1.138,3.410
56.61,11.281,11.441,11.209,2.447,-1.228,3.309
56.62,12.056,10.894,10.683,3.337,-1.286,3.253
56.63,9.696,10.277,10.064,4.284,-1.349,3.205
56.64,11.923,9.603,9.427,3.483,-1.445,3.114
56.65,8.886,8.987,8.814,1.135,-1.572,2.964
56.66,8.798,8.482,8.318,5.056,-1.669,2.897
56.67,9.879,8.056,7.921,3.542,-1.730,2.845
56.68,9.753,7.651,7.549,5.660,-1.772,2.842
56.69,8.837,7.188,7.112,9.580,-1.797,2.907
56.70,9.162,6.581,6.544,2.846,-1.821,2.884
56.71,8.344,5.853,5.852,6.285,-1.876,2.876
56.72,7.515,5.062,5.098,9.399,-1.935,2.906
56.73,7.467,4.267,4.348,5.054,-2.002,2.870
56.74,6.344,3.476,3.598,5.795,-2.081,2.833
56.75,5.030,2.640,2.797,10.561,-2.116,2.903
56.76,4.584,1.714,1.910,7.434,-2.096,2.986
56.77,5.364,0.685,0.945,3.547,-2.059,3.034
56.78,4.351,-0.423,-0.098,-0.037,-2.032,3.023
56.79,-1.572,-1.068,-0.748,1.664,-1.536,3.498
56.80,1.673,-0.799,-0.445,-0.818,-1.177,3.798
56.81,7.567,-0.683,-0.221,14.520,-0.934,4.182
56.82,-1.909,-0.819,-0.370,4.361,-0.737,4.383
56.83,2.540,-0.820,-0.327,-1.444,-0.613,4.433
56.84,2.479,-0.814,-0.278,3.536,-0.523,4.513
56.85,2.889,-0.812,-0.228,4.689,-0.386,4.653
56.86,1.278,-0.837,-0.226,5.517,-0.261,4.792
56.87,2.839,-0.838,-0.179,3.885,-0.155,4.887
56.88,1.816,-0.852,-0.161,3.422,-0.085,4.940
56.89,2.552,-0.885,-0.150,2.996,-0.057,4.945
56.90,0.818,-0.898,-0.142,4.541,-0.050,4.950
56.91,-0.134,-0.905,-0.141,3.637,-0.048,4.937
56.92,0.995,-0.903,-0.117,3.250,-0.048,4.918
56.93,1.764,-0.913,-0.094,4.987,-0.034,4.935
56.94,1.059,-0.937,-0.095,4.501,-0.007,4.959
56.95,0.385,-0.951,-0.095,4.010,0.034,4.990
56.96,1.433,-0.957,-0.072,3.252,0.057,4.992
56.97,0.085,-0.962,-0.068,1.776,0.076,4.971
56.98,-0.119,-0.961,-0.059,2.067,0.077,4.935
56.99,0.534,-0.956,-0.039,2.642,0.068,4.898
57.00,1.646,-0.955,-0.007,3.626,0.062,4.878
57.01,1.845,-0.953,0.027,3.250,0.068,4.864
57.02,1.249,-0.954,0.051,3.415,0.064,4.842
57.03,1.342,-0.953,0.077,3.828,0.068,4.835
57.04,2.328,-0.949,0.119,3.427,0.062,4.811
57.05,2.770,-0.949,0.162,3.174,0.066,4.794
57.06,2.191,-0.946,0.200,3.953,0.068,4.787
57.07,2.075,-0.945,0.236,4.374,0.064,4.779
57.08,2.049,-0.944,0.270,3.669,0.063,4.764
57.09,1.509,-0.946,0.294,3.716,0.069,4.756
57.10,1.565,-0.948,0.319,4.117,0.078,4.758
57.11,1.659,-0.952,0.342,3.619,0.096,4.762
57.12,1.911,-0.951,0.373,2.998,0.089,4.732
57.13,1.914,-0.946,0.407,3.984,0.074,4.708
57.14,2.231,-0.944,0.444,4.599,0.067,4.701
57.15,1.754,-0.944,0.471,3.232,0.063,4.678
57.16,1.487,-0.945,0.493,3.371,0.064,4.662
57.17,1.397,-0.945,0.515,3.629,0.066,4.650
57.18,1.461,-0.947,0.536,3.383,0.067,4.634
57.19,1.650,-0.946,0.562,3.502,0.065,4.618
57.20,1.835,-0.943,0.592,3.427,0.064,4.601
57.21,1.653,-0.942,0.617,3.599,0.064,4.588
57.22,1.962,-0.942,0.645,3.262,0.065,4.572
57.23,1.839,-0.940,0.674,3.517,0.067,4.560
57.24,1.853,-0.939,0.701,3.668,0.067,4.548
57.25,1.489,-0.938,0.723,3.198,0.067,4.530
57.26,1.568,-0.938,0.745,3.469,0.068,4.516
57.27,1.773,-0.937,0.770,3.662,0.068,4.504
57.28,1.675,-0.937,0.793,3.599,0.068,4.492
57.29,1.518,-0.935,0.816,3.401,0.068,4.476
57.30,1.805,-0.935,0.840,3.410,0.069,4.462
57.31,1.515,-0.936,0.859,3.316,0.069,4.446
57.32,1.773,-0.934,0.884,3.295,0.069,4.431
57.33,1.823,-0.931,0.911,3.504,0.070,4.418
57.34,1.734,-0.930,0.934,3.405,0.071,4.405
57.35,1.575,-0.930,0.954,3.198,0.072,4.388
57.36,1.665,-0.930,0.975,3.560,0.072,4.377
57.37,1.745,-0.930,0.996,3.342,0.072,4.362
57.38,1.775,-0.931,1.017,3.407,0.072,4.347
57.39,1.658,-0.931,1.037,3.837,0.071,4.339
57.40,1.457,-0.932,1.053,3.507,0.071,4.326
57.41,1.351,-0.933,1.070,3.670,0.072,4.317
57.42,1.579,-0.932,1.089,3.439,0.071,4.302
57.43,1.609,-0.932,1.108,3.451,0.071,4.289
57.44,1.730,-0.931,1.129,3.481,0.070,4.276
57.45,1.437,-0.931,1.144,3.563,0.071,4.265
57.46,1.728,-0.932,1.163,3.653,0.070,4.255
57.47,1.507,-0.933,1.179,3.578,0.070,4.244
57.48,2.105,-0.932,1.204,3.580,0.069,4.232
57.49,1.616,-0.933,1.220,3.514,0.068,4.220
57.50,1.763,-0.932,1.240,3.533,0.069,4.210
57.51,1.782,-0.928,1.263,3.705,0.069,4.201
57.52,2.131,-0.927,1.288,3.774,0.070,4.194
57.53,1.360,-0.928,1.301,3.609,0.070,4.184
57.54,1.404,-0.928,1.314,3.559,0.069,4.172
57.55,1.785,-0.927,1.334,3.398,0.069,4.160
57.56,1.603,-0.929,1.348,3.823,0.070,4.154
57.57,1.521,-0.928,1.363,3.601,0.069,4.143
57.58,1.677,-0.928,1.381,3.580,0.069,4.134
57.59,1.678,-0.926,1.398,3.278,0.071,4.121
57.60,1.738,-0.926,1.415,3.578,0.071,4.112
57.61,1.583,-0.927,1.429,3.328,0.070,4.099
57.62,1.735,-0.927,1.446,3.392,0.072,4.088
57.63,1.717,-0.925,1.463,3.858,0.070,4.081
57.64,1.367,-0.925,1.475,3.337,0.070,4.068
57.65,1.613,-0.924,1.490,3.407,0.071,4.057
57.66,1.783,-0.922,1.507,3.602,0.070,4.048
57.67,1.836,-0.922,1.525,3.459,0.070,4.038
57.68,1.620,-0.919,1.541,3.575,0.070,4.029
57.70,1.510,-0.919,1.554,3.450,0.070,4.018
57.70,1.554,-0.919,1.566,4.095,0.070,4.016
57.71,1.656,-0.918,1.580,3.552,0.071,4.007
57.72,1.652,-0.918,1.594,3.580,0.069,3.997
57.74,1.496,-0.919,1.604,3.561,0.067,3.987
57.74,1.534,-0.919,1.616,3.632,0.069,3.980
57.75,1.653,-0.918,1.630,3.378,0.068,3.968
57.76,1.574,-0.918,1.641,3.306,0.067,3.956
57.77,1.424,-0.916,1.653,3.495,0.068,3.947
57.78,1.710,-0.916,1.666,3.659,0.069,3.942
57.80,1.621,-0.915,1.679,3.686,0.070,3.935
57.80,1.632,-0.916,1.689,3.371,0.070,3.925
57.81,1.574,-0.916,1.700,3.569,0.069,3.916
57.82,1.832,-0.918,1.713,3.477,0.067,3.905
57.84,1.313,-0.918,1.720,3.557,0.067,3.897
57.84,1.382,-0.918,1.728,3.758,0.066,3.891
57.86,1.410,-0.918,1.736,3.668,0.065,3.883
57.87,1.810,-0.919,1.749,3.547,0.065,3.876
57.88,1.764,-0.918,1.762,3.550,0.066,3.869
57.88,1.351,-0.918,1.769,3.451,0.066,3.860
57.90,1.476,-0.920,1.775,3.540,0.065,3.852
57.91,1.574,-0.919,1.786,3.644,0.067,3.847
57.92,1.673,-0.921,1.794,3.652,0.067,3.841
57.93,1.477,-0.919,1.806,3.590,0.066,3.833
57.94,1.450,-0.918,1.815,3.918,0.066,3.831
57.95,1.672,-0.918,1.825,3.432,0.066,3.822
57.96,1.564,-0.917,1.835,3.389,0.067,3.813
57.97,1.407,-0.918,1.840,3.466,0.066,3.804
57.98,1.513,-0.919,1.847,3.650,0.065,3.797
57.99,1.684,-0.917,1.859,3.728,0.064,3.792
58.00,1.631,-0.916,1.869,3.066,0.064,3.779
58.01,1.711,-0.914,1.881,3.419,0.064,3.770
58.02,1.932,-0.914,1.894,3.571,0.064,3.763
58.03,1.386,-0.915,1.899,3.367,0.064,3.754
58.04,1.612,-0.913,1.909,3.442,0.064,3.746
58.05,1.678,-0.912,1.918,3.419,0.063,3.738
58.06,1.528,-0.912,1.926,3.365,0.062,3.728
58.07,1.555,-0.912,1.932,3.192,0.062,3.717
58.08,1.672,-0.912,1.941,3.615,0.062,3.711
58.09,1.253,-0.913,1.943,3.152,0.063,3.701
58.10,1.751,-0.913,1.954,3.364,0.064,3.693
58.11,1.628,-0.914,1.960,3.605,0.063,3.688
58.12,1.492,-0.913,1.967,3.467,0.064,3.682
58.13,1.667,-0.911,1.976,3.725,0.066,3.680
58.14,1.438,-0.911,1.981,2.999,0.065,3.666
58.15,1.739,-0.911,1.990,3.449,0.065,3.659
58.16,1.582,-0.909,1.997,3.554,0.064,3.653
58.17,1.611,-0.909,2.004,3.550,0.065,3.648
58.18,1.707,-0.908,2.013,3.456,0.065,3.641
58.19,1.946,-0.910,2.022,3.714,0.065,3.638
58.20,1.611,-0.909,2.029,3.673,0.064,3.634
58.21,1.743,-0.908,2.038,3.308,0.064,3.625
58.22,1.612,-0.908,2.044,3.453,0.063,3.618
58.23,1.763,-0.906,2.053,3.577,0.062,3.612
58.24,1.649,-0.907,2.058,3.375,0.062,3.605
58.25,1.802,-0.906,2.068,3.218,0.060,3.594
58.26,1.748,-0.907,2.074,3.453,0.058,3.586
58.27,1.789,-0.906,2.082,3.381,0.059,3.580
58.28,1.751,-0.906,2.090,3.574,0.056,3.573
58.29,1.567,-0.905,2.096,3.400,0.056,3.566
58.30,1.535,-0.903,2.101,3.212,0.057,3.558
58.31,1.738,-0.904,2.107,3.464,0.057,3.553
58.32,1.689,-0.904,2.113,3.534,0.058,3.549
58.33,1.545,-0.904,2.116,3.198,0.056,3.538
58.34,1.773,-0.905,2.122,3.439,0.056,3.533
58.35,1.426,-0.905,2.124,3.638,0.056,3.530
58.36,1.573,-0.903,2.130,3.288,0.056,3.523
58.37,1.871,-0.903,2.137,3.645,0.057,3.521
58.38,1.619,-0.903,2.141,3.503,0.057,3.517
58.39,1.575,-0.903,2.145,3.586,0.058,3.514
58.40,1.608,-0.903,2.149,3.433,0.058,3.509
58.41,1.515,-0.903,2.152,3.352,0.058,3.503
58.42,1.744,-0.903,2.157,3.475,0.057,3.497
58.43,1.504,-0.902,2.160,3.436,0.060,3.494
58.44,1.681,-0.900,2.168,3.310,0.060,3.487
58.45,1.937,-0.899,2.177,3.630,0.060,3.485
58.46,1.549,-0.897,2.181,3.847,0.060,3.485
58.47,1.332,-0.896,2.181,3.592,0.059,3.482
58.48,1.421,-0.897,2.181,3.489,0.060,3.478
58.49,1.433,-0.896,2.182,3.249,0.059,3.470
58.50,1.709,-0.896,2.187,3.291,0.059,3.463
58.51,1.472,-0.895,2.188,3.882,0.059,3.465
58.52,1.496,-0.895,2.190,3.672,0.058,3.463
58.53,1.649,-0.898,2.191,3.837,0.057,3.462
58.54,1.597,-0.900,2.191,3.673,0.058,3.461
58.55,1.518,-0.900,2.193,3.253,0.057,3.453
58.56,1.651,-0.899,2.196,3.464,0.056,3.449
58.57,1.412,-0.899,2.197,3.428,0.056,3.444
58.58,1.556,-0.897,2.199,3.584,0.057,3.442
58.59,1.510,-0.897,2.201,3.425,0.056,3.438
58.60,1.463,-0.895,2.203,3.580,0.055,3.434
58.61,1.723,-0.897,2.206,3.298,0.054,3.426
58.62,1.511,-0.899,2.205,3.283,0.053,3.419
58.63,1.850,-0.900,2.209,3.553,0.054,3.417
58.64,1.607,-0.901,2.210,3.561,0.054,3.415
58.65,1.779,-0.900,2.215,3.544,0.054,3.413
58.66,1.832,-0.899,2.220,3.474,0.055,3.410
58.67,1.601,-0.898,2.223,3.548,0.054,3.407
58.68,1.666,-0.900,2.224,3.588,0.053,3.405
58.69,1.635,-0.901,2.224,3.596,0.053,3.403
58.70,1.761,-0.901,2.228,3.454,0.053,3.399
58.71,1.648,-0.901,2.230,3.278,0.054,3.395
58.72,1.838,-0.900,2.235,3.667,0.054,3.394
58.73,1.528,-0.900,2.235,3.688,0.056,3.396
58.74,1.517,-0.900,2.235,3.601,0.055,3.393
58.75,1.663,-0.902,2.235,3.713,0.055,3.394
58.76,1.700,-0.902,2.237,3.248,0.055,3.388
58.77,1.491,-0.902,2.236,3.488,0.054,3.384
58.78,1.684,-0.903,2.237,3.743,0.054,3.385
58.79,1.634,-0.905,2.237,3.506,0.054,3.382
58.80,1.708,-0.905,2.239,3.632,0.054,3.381
58.81,1.433,-0.905,2.237,3.361,0.054,3.377
58.82,1.554,-0.905,2.238,3.535,0.054,3.375
58.83,1.599,-0.904,2.239,3.330,0.053,3.369
58.84,1.867,-0.903,2.244,3.488,0.053,3.367
58.85,1.621,-0.903,2.245,3.502,0.053,3.365
58.86,1.222,-0.901,2.242,3.601,0.053,3.364
58.87,1.590,-0.900,2.243,3.427,0.054,3.361
58.88,1.693,-0.901,2.244,3.154,0.055,3.356
58.89,1.762,-0.901,2.246,3.615,0.053,3.353
58.90,1.434,-0.901,2.244,3.279,0.054,3.349
58.91,1.853,-0.901,2.248,3.497,0.053,3.346
58.92,1.418,-0.901,2.245,3.569,0.054,3.347
58.93,1.883,-0.903,2.247,3.248,0.055,3.342
58.94,1.716,-0.902,2.249,3.832,0.055,3.345
58.95,1.748,-0.901,2.253,3.238,0.056,3.340
58.96,2.049,-0.901,2.258,3.520,0.054,3.337
58.97,1.439,-0.902,2.256,3.827,0.053,3.338
58.98,1.813,-0.902,2.258,3.365,0.054,3.335
58.99,1.564,-0.902,2.256,3.509,0.053,3.333
59.00,1.569,-0.900,2.258,3.499,0.054,3.332
59.01,1.682,-0.901,2.258,3.513,0.054,3.331
59.02,1.577,-0.900,2.258,3.445,0.053,3.328
59.03,1.585,-0.903,2.254,3.503,0.054,3.328
59.04,1.821,-0.901,2.258,3.570,0.054,3.327
59.05,1.547,-0.902,2.256,3.673,0.055,3.328
59.06,1.588,-0.902,2.255,3.337,0.054,3.324
59.07,1.739,-0.902,2.256,3.656,0.055,3.325
59.08,1.515,-0.903,2.253,3.695,0.055,3.326
59.09,1.786,-0.901,2.257,3.254,0.054,3.321
59.10,2.006,-0.902,2.260,3.608,0.054,3.321
59.11,1.494,-0.900,2.259,3.361,0.053,3.317
59.12,1.508,-0.898,2.260,3.665,0.053,3.318
59.13,1.907,-0.898,2.263,3.700,0.053,3.319
59.14,1.830,-0.896,2.267,3.292,0.052,3.314
59.15,1.768,-0.897,2.267,3.307,0.052,3.310
59.17,1.523,-0.896,2.266,3.482,0.052,3.309
59.17,1.663,-0.896,2.265,3.642,0.052,3.309
59.19,1.721,-0.895,2.266,3.538,0.052,3.309
59.20,1.657,-0.896,2.264,3.605,0.051,3.308
59.21,1.503,-0.898,2.260,3.569,0.052,3.309
59.21,1.540,-0.896,2.259,3.546,0.052,3.309
59.23,1.647,-0.897,2.258,3.347,0.051,3.305
59.23,1.502,-0.897,2.255,3.481,0.053,3.305
59.25,1.594,-0.894,2.256,3.275,0.053,3.302
59.26,1.771,-0.893,2.258,3.748,0.053,3.304
59.26,1.635,-0.892,2.257,3.732,0.051,3.304
