elapsed_sec,pitch_accel,pitch_gyro,pitch_kalman,roll_accel,roll_gyro,roll_kalman
3.89,1.665,0.000,0.004,3.801,0.000,0.008
3.90,1.485,0.001,0.011,3.476,-0.000,0.021
3.91,1.757,0.002,0.022,3.675,-0.002,0.041
3.92,1.467,0.001,0.032,3.576,-0.003,0.068
3.93,1.669,0.003,0.050,3.583,-0.002,0.104
3.94,1.517,0.001,0.065,3.374,0.000,0.144
3.95,1.663,0.002,0.088,3.547,-0.000,0.189
3.96,1.550,0.003,0.111,3.416,-0.000,0.239
3.97,1.407,0.004,0.134,3.081,-0.000,0.287
3.98,1.493,0.001,0.157,3.519,-0.001,0.348
3.99,1.752,-0.000,0.188,3.728,0.000,0.418
4.00,1.674,-0.001,0.220,3.310,-0.001,0.481
4.01,1.485,0.001,0.252,3.380,-0.002,0.549
4.02,1.468,0.002,0.284,3.605,-0.002,0.625
4.03,1.392,0.002,0.313,3.386,-0.002,0.699
4.04,1.492,0.002,0.346,3.337,-0.002,0.772
4.05,1.734,0.002,0.387,3.262,-0.003,0.844
4.06,1.717,0.002,0.427,3.520,-0.003,0.926
4.07,1.725,0.002,0.469,3.575,-0.004,1.010
4.08,1.730,-0.001,0.508,3.586,-0.005,1.094
4.09,1.774,0.001,0.553,3.684,-0.006,1.181
4.10,1.908,0.004,0.603,3.822,-0.007,1.274
4.11,1.692,0.003,0.642,3.918,-0.005,1.372
4.12,1.490,0.002,0.673,3.487,-0.005,1.451
4.13,1.644,0.003,0.711,3.488,-0.006,1.529
4.14,1.701,0.002,0.750,3.726,-0.005,1.616
4.15,2.055,0.002,0.802,3.665,-0.005,1.698
4.16,1.394,0.005,0.830,3.377,-0.005,1.769
4.17,1.493,0.006,0.859,3.376,-0.005,1.837
4.18,1.409,0.006,0.884,3.572,-0.007,1.912
4.19,1.402,0.008,0.909,3.385,-0.005,1.979
4.20,1.610,0.009,0.943,3.720,-0.006,2.057
4.21,1.538,0.008,0.970,3.192,-0.005,2.111
4.22,1.668,0.008,1.001,3.589,-0.007,2.179
4.23,1.437,0.007,1.023,3.346,-0.008,2.234
4.24,1.687,0.008,1.055,3.246,-0.008,2.285
4.25,1.684,0.007,1.085,3.668,-0.008,2.353
4.26,1.645,0.006,1.113,3.500,-0.007,2.412
4.27,1.516,0.008,1.136,3.792,-0.007,2.481
4.28,1.598,0.007,1.160,3.667,-0.006,2.544
4.29,1.387,0.007,1.173,3.589,-0.007,2.599
4.30,1.689,0.006,1.199,3.379,-0.008,2.642
4.31,1.707,0.006,1.226,3.411,-0.007,2.687
4.32,1.861,0.007,1.262,3.344,-0.008,2.725
4.33,1.473,0.008,1.276,3.605,-0.008,2.775
4.34,1.693,0.007,1.300,3.539,-0.009,2.820
4.35,1.780,0.008,1.327,3.681,-0.009,2.870
4.36,1.684,0.006,1.347,3.523,-0.009,2.910
4.37,1.693,0.005,1.368,3.504,-0.009,2.949
4.38,1.547,0.005,1.380,3.430,-0.009,2.983
4.39,1.793,0.004,1.405,3.231,-0.009,3.004
4.40,1.569,0.004,1.418,3.632,-0.009,3.045
4.41,1.533,0.003,1.427,3.544,-0.009,3.080
4.42,1.220,0.004,1.422,3.450,-0.010,3.108
4.43,1.664,0.005,1.440,3.475,-0.010,3.137
4.44,1.698,0.007,1.460,3.379,-0.008,3.161
4.45,1.550,0.007,1.469,3.500,-0.007,3.190
4.46,1.775,0.006,1.488,3.486,-0.008,3.215
4.47,1.774,0.007,1.509,3.257,-0.010,3.226
4.48,1.820,0.009,1.532,3.914,-0.012,3.270
4.49,1.727,0.007,1.545,3.715,-0.013,3.303
4.50,1.684,0.005,1.556,3.703,-0.013,3.335
4.51,1.724,0.005,1.570,3.665,-0.011,3.366
4.52,1.531,0.004,1.574,3.610,-0.012,3.390
4.53,1.989,0.006,1.602,3.670,-0.013,3.417
4.54,1.845,0.006,1.620,3.866,-0.013,3.451
4.55,1.780,0.007,1.636,3.366,-0.013,3.459
4.56,1.502,0.008,1.636,3.575,-0.014,3.477
4.57,1.363,0.008,1.627,3.667,-0.013,3.499
4.58,1.577,0.008,1.630,3.325,-0.012,3.503
4.59,1.783,0.007,1.643,3.588,-0.012,3.521
4.60,1.707,0.006,1.651,3.371,-0.012,3.525
4.61,1.407,0.005,1.643,3.190,-0.013,3.519
4.62,1.681,0.003,1.649,3.510,-0.013,3.530
4.63,1.330,0.005,1.639,3.635,-0.013,3.548
4.64,1.654,0.006,1.646,3.364,-0.012,3.550
4.65,1.806,0.007,1.662,3.504,-0.012,3.560
4.66,1.701,0.008,1.670,3.275,-0.012,3.556
4.67,1.381,0.008,1.660,3.319,-0.012,3.555
4.68,1.864,0.007,1.676,3.247,-0.012,3.550
4.69,1.473,0.005,1.669,3.288,-0.012,3.549
4.71,1.598,0.005,1.670,3.812,-0.012,3.574
4.72,1.638,0.004,1.673,3.577,-0.013,3.585
4.73,1.733,0.002,1.680,3.607,-0.012,3.598
4.74,1.750,0.002,1.689,3.597,-0.014,3.608
4.74,1.579,0.003,1.689,3.135,-0.013,3.595
4.76,1.772,0.004,1.701,3.292,-0.013,3.589
4.77,1.700,0.005,1.707,3.754,-0.014,3.608
4.78,1.431,0.006,1.697,3.079,-0.013,3.591
4.79,1.549,0.007,1.695,3.191,-0.015,3.578
4.80,1.350,0.007,1.682,3.659,-0.014,3.593
4.81,1.654,0.007,1.685,3.260,-0.014,3.586
4.82,1.553,0.006,1.682,3.339,-0.014,3.582
4.82,1.817,0.005,1.693,3.585,-0.014,3.592
4.83,1.519,0.005,1.689,3.410,-0.014,3.593
4.85,1.739,0.006,1.697,3.778,-0.014,3.612
4.86,1.679,0.006,1.700,3.420,-0.014,3.612
4.86,1.394,0.004,1.687,3.701,-0.016,3.625
4.88,1.976,0.004,1.708,3.675,-0.016,3.638
4.89,1.754,0.003,1.714,3.583,-0.017,3.644
4.90,1.634,0.003,1.714,3.595,-0.018,3.650
4.91,1.656,0.003,1.715,3.592,-0.019,3.656
4.91,1.858,0.003,1.729,3.376,-0.019,3.650
4.93,1.765,0.003,1.735,3.492,-0.018,3.652
4.94,1.848,0.001,1.745,3.322,-0.018,3.643
4.95,1.463,0.001,1.734,3.363,-0.019,3.636
4.96,1.407,0.002,1.721,3.759,-0.020,3.652
4.97,1.655,0.002,1.722,3.302,-0.020,3.641
4.98,1.544,0.002,1.716,3.423,-0.020,3.638
4.99,1.919,0.004,1.734,3.418,-0.021,3.634
5.00,1.504,0.005,1.726,3.485,-0.021,3.634
5.01,1.576,0.003,1.720,3.507,-0.020,3.636
5.02,1.558,0.003,1.715,3.580,-0.021,3.640
5.03,1.405,0.002,1.701,3.268,-0.021,3.628
5.04,1.532,0.001,1.695,3.662,-0.022,3.638
5.05,1.766,0.003,1.704,3.404,-0.022,3.633
5.06,1.512,0.004,1.698,3.469,-0.022,3.632
5.07,1.698,0.004,1.702,3.348,-0.022,3.624
5.08,1.801,0.007,1.714,3.445,-0.023,3.621
5.09,1.769,0.007,1.721,3.494,-0.023,3.621
5.10,1.796,0.006,1.727,3.320,-0.022,3.612
5.11,1.418,0.006,1.714,3.384,-0.022,3.607
5.12,1.865,0.007,1.727,3.612,-0.021,3.615
5.13,1.809,0.006,1.735,3.308,-0.022,3.604
5.14,1.542,0.007,1.728,3.126,-0.023,3.583
5.15,1.579,0.006,1.723,3.583,-0.023,3.590
5.16,1.663,0.007,1.724,3.294,-0.022,3.581
5.17,1.714,0.008,1.727,3.464,-0.021,3.581
5.18,1.668,0.008,1.727,3.775,-0.020,3.599
5.19,1.581,0.009,1.724,3.234,-0.020,3.585
5.20,1.861,0.008,1.734,3.326,-0.021,3.576
5.21,1.329,0.008,1.715,3.289,-0.021,3.566
5.22,1.759,0.008,1.720,3.485,-0.022,3.567
5.23,1.573,0.007,1.714,3.507,-0.022,3.568
5.24,1.517,0.007,1.705,3.409,-0.023,3.564
5.25,1.547,0.005,1.697,3.698,-0.024,3.576
5.26,1.426,0.004,1.684,3.516,-0.024,3.579
5.27,1.841,0.005,1.696,3.588,-0.025,3.585
5.28,1.617,0.005,1.695,3.360,-0.024,3.578
5.29,1.737,0.006,1.701,3.422,-0.023,3.575
5.30,1.610,0.007,1.699,3.569,-0.023,3.581
5.31,1.332,0.006,1.680,3.551,-0.022,3.586
5.32,1.612,0.005,1.677,3.641,-0.023,3.594
5.33,1.493,0.006,1.670,3.459,-0.023,3.591
5.34,1.647,0.006,1.671,3.555,-0.023,3.594
5.35,1.722,0.007,1.677,3.372,-0.022,3.587
5.36,1.670,0.007,1.678,3.363,-0.022,3.580
5.37,1.822,0.007,1.689,3.442,-0.022,3.577
5.38,1.644,0.007,1.689,3.214,-0.023,3.560
5.39,1.717,0.006,1.692,3.505,-0.023,3.562
5.40,1.553,0.004,1.685,3.460,-0.023,3.561
5.41,1.445,0.003,1.672,3.269,-0.023,3.549
5.42,2.184,0.003,1.703,3.695,-0.023,3.561
5.43,1.855,0.003,1.714,3.571,-0.022,3.567
5.44,1.737,0.002,1.718,3.540,-0.022,3.570
5.45,1.366,0.002,1.700,3.539,-0.022,3.573
5.46,1.641,0.003,1.699,3.575,-0.023,3.577
5.47,1.607,0.002,1.695,3.406,-0.021,3.572
5.48,1.603,0.001,1.691,3.472,-0.021,3.571
5.49,1.675,0.001,1.692,3.207,-0.021,3.554
5.50,1.521,-0.001,1.683,3.526,-0.022,3.556
5.51,1.532,-0.001,1.676,3.601,-0.022,3.562
5.52,1.602,-0.002,1.673,3.480,-0.023,3.561
5.53,1.640,-0.003,1.671,3.707,-0.023,3.573
5.54,1.682,-0.003,1.674,3.570,-0.022,3.578
5.55,1.802,-0.003,1.683,3.556,-0.021,3.582
5.56,1.474,-0.002,1.674,3.619,-0.021,3.588
5.57,1.489,-0.003,1.664,3.086,-0.021,3.563
5.58,1.367,-0.002,1.650,3.420,-0.021,3.558
5.59,1.271,-0.002,1.629,3.749,-0.021,3.573
5.60,1.402,-0.004,1.615,3.532,-0.021,3.574
5.61,1.567,-0.006,1.612,3.261,-0.022,3.559
5.62,1.697,-0.006,1.617,3.726,-0.023,3.570
5.63,1.832,-0.006,1.630,3.585,-0.025,3.574
5.64,1.627,-0.005,1.633,3.653,-0.024,3.582
5.65,1.808,-0.003,1.646,3.882,-0.023,3.604
5.66,1.573,-0.003,1.643,3.703,-0.024,3.613
5.67,1.643,-0.004,1.643,3.433,-0.023,3.607
5.68,1.561,-0.003,1.641,3.601,-0.024,3.610
5.69,1.608,-0.001,1.641,3.229,-0.025,3.590
5.70,1.727,0.000,1.649,3.738,-0.024,3.603
5.71,1.631,0.001,1.650,3.712,-0.024,3.613
5.72,1.717,-0.001,1.653,3.346,-0.024,3.602
5.73,1.722,0.000,1.659,3.287,-0.023,3.588
5.74,1.848,0.002,1.673,3.408,-0.024,3.579
5.75,1.580,0.002,1.669,3.343,-0.024,3.569
5.76,1.571,0.003,1.666,3.528,-0.024,3.570
5.77,1.409,0.001,1.651,3.632,-0.024,3.576
5.78,1.502,0.002,1.643,3.448,-0.024,3.571
5.79,1.818,0.002,1.655,3.498,-0.023,3.571
5.80,1.840,0.001,1.666,3.188,-0.021,3.554
5.81,1.614,0.002,1.664,3.520,-0.021,3.554
5.82,1.536,0.004,1.660,3.662,-0.020,3.563
5.83,1.880,0.004,1.674,3.562,-0.021,3.565
5.84,1.642,0.002,1.672,3.639,-0.019,3.574
5.85,1.562,0.001,1.665,3.519,-0.018,3.574
5.86,1.664,0.002,1.668,3.533,-0.018,3.574
5.87,1.640,0.002,1.667,3.842,-0.018,3.593
5.88,1.829,0.001,1.677,3.281,-0.018,3.577
5.89,1.658,0.002,1.677,3.532,-0.018,3.576
5.90,1.622,0.002,1.676,3.370,-0.018,3.568
5.91,1.609,0.003,1.674,3.499,-0.018,3.566
5.92,1.469,0.002,1.662,3.581,-0.017,3.569
5.93,1.616,0.003,1.661,3.373,-0.018,3.560
5.94,1.550,0.003,1.656,3.486,-0.018,3.557
5.95,1.606,0.003,1.654,3.439,-0.019,3.552
5.96,1.640,0.003,1.654,3.387,-0.020,3.543
5.97,1.719,0.003,1.658,3.636,-0.021,3.550
5.98,1.718,0.004,1.664,3.197,-0.020,3.532
5.99,1.649,0.005,1.664,3.365,-0.020,3.524
6.00,1.999,0.005,1.685,3.596,-0.019,3.530
6.01,1.646,0.006,1.685,3.636,-0.020,3.537
6.02,1.664,0.006,1.685,3.658,-0.019,3.547
6.03,1.327,0.007,1.666,3.527,-0.018,3.548
6.04,1.640,0.006,1.664,3.277,-0.019,3.533
6.05,1.745,0.006,1.670,3.611,-0.019,3.540
6.06,1.847,0.006,1.681,3.482,-0.020,3.537
6.07,1.798,0.007,1.690,3.642,-0.022,3.544
6.08,1.549,0.006,1.682,3.474,-0.020,3.542
6.09,1.747,0.008,1.689,3.461,-0.021,3.538
6.10,1.682,0.008,1.689,3.650,-0.022,3.545
6.11,1.661,0.009,1.689,3.599,-0.021,3.552
6.12,1.564,0.010,1.685,3.365,-0.020,3.543
6.13,1.763,0.012,1.692,3.357,-0.020,3.533
6.14,1.673,0.013,1.693,3.677,-0.019,3.544
6.15,1.508,0.015,1.684,3.715,-0.020,3.555
6.16,1.494,0.015,1.675,3.339,-0.019,3.545
6.17,1.632,0.017,1.674,3.430,-0.020,3.539
6.18,1.732,0.019,1.680,3.556,-0.021,3.540
6.19,1.684,0.021,1.683,3.729,-0.022,3.551
6.20,1.817,0.023,1.694,3.566,-0.022,3.553
6.21,1.456,0.024,1.681,3.622,-0.022,3.559
6.23,1.737,0.026,1.687,3.748,-0.022,3.572
6.24,1.741,0.028,1.693,3.917,-0.023,3.593
6.25,1.731,0.029,1.696,3.409,-0.023,3.584
6.26,1.623,0.031,1.695,3.750,-0.024,3.595
6.27,1.479,0.031,1.683,3.571,-0.024,3.596
6.28,1.496,0.031,1.673,3.686,-0.022,3.604
6.28,1.493,0.032,1.663,3.326,-0.022,3.590
6.29,1.877,0.033,1.677,3.499,-0.021,3.587
6.31,1.601,0.033,1.673,3.659,-0.021,3.593
6.32,1.518,0.035,1.666,3.642,-0.022,3.597
6.33,1.632,0.036,1.665,3.556,-0.021,3.598
6.34,1.529,0.035,1.657,3.740,-0.019,3.609
6.35,1.556,0.036,1.652,3.625,-0.018,3.613
6.36,1.730,0.038,1.658,3.548,-0.018,3.611
6.37,1.860,0.037,1.669,3.631,-0.017,3.615
6.38,1.878,0.038,1.683,3.414,-0.016,3.606
6.39,1.659,0.037,1.680,3.829,-0.016,3.620
6.40,1.566,0.038,1.675,3.429,-0.017,3.611
6.41,1.586,0.037,1.670,3.588,-0.018,3.610
6.42,1.532,0.038,1.662,3.637,-0.017,3.614
6.43,1.550,0.039,1.657,3.545,-0.023,3.606
6.44,1.419,0.041,1.645,3.426,-0.025,3.595
6.45,1.752,0.044,1.654,3.157,-0.034,3.563
6.46,1.173,0.045,1.627,3.234,-0.037,3.543
6.47,1.646,0.046,1.628,3.722,-0.041,3.551
6.48,1.824,0.046,1.640,3.434,-0.040,3.545
6.49,1.594,0.044,1.635,3.817,-0.038,3.565
6.50,1.847,0.044,1.647,3.681,-0.034,3.576
6.51,1.519,0.045,1.640,3.219,-0.039,3.552
6.52,1.581,0.046,1.638,3.408,-0.041,3.543
6.53,1.561,0.048,1.634,3.005,-0.050,3.504
6.54,1.676,0.048,1.637,3.624,-0.052,3.509
6.55,1.813,0.050,1.649,3.583,-0.060,3.507
6.56,1.721,0.055,1.657,3.783,-0.067,3.517
6.57,1.847,0.057,1.670,3.709,-0.070,3.526
6.58,1.746,0.061,1.679,3.488,-0.072,3.523
6.59,1.390,0.065,1.665,4.015,-0.085,3.541
6.60,1.327,0.075,1.655,3.553,-0.095,3.533
6.61,1.334,0.099,1.658,3.735,-0.110,3.532
6.62,1.056,0.147,1.668,4.034,-0.137,3.537
6.63,-0.084,0.210,1.625,8.213,-0.180,3.770
6.64,1.411,0.269,1.665,5.943,-0.243,3.843
6.65,2.822,0.283,1.743,4.728,-0.280,3.866
6.66,2.654,0.290,1.801,0.537,-0.340,3.624
6.67,2.156,0.308,1.837,1.176,-0.450,3.383
6.68,0.891,0.327,1.799,-0.426,-0.649,2.978
6.69,-0.744,0.370,1.690,-3.538,-0.999,2.273
6.70,3.870,0.471,1.909,2.494,-1.589,1.726
6.71,2.396,0.524,1.985,3.235,-2.364,1.080
6.72,-0.817,0.452,1.754,7.239,-3.079,0.762
6.73,3.971,0.362,1.794,6.660,-3.797,0.431
6.74,1.370,0.296,1.704,1.548,-4.661,-0.310
6.75,2.095,0.280,1.710,0.904,-5.741,-1.246
6.76,2.031,0.244,1.693,6.831,-6.790,-1.752
6.77,-0.473,0.215,1.539,14.203,-7.809,-1.766
6.78,1.273,0.231,1.534,14.610,-8.837,-1.753
6.79,0.864,0.248,1.508,15.832,-9.918,-1.708
6.80,1.411,0.259,1.510,15.143,-11.024,-1.715
6.81,2.077,0.273,1.551,13.192,-12.222,-1.910
6.82,3.188,0.293,1.662,11.300,-13.546,-2.311
6.83,1.813,0.352,1.724,14.648,-14.965,-2.575
6.84,-0.409,0.401,1.644,18.630,-16.390,-2.584
6.85,1.854,0.441,1.690,22.763,-17.739,-2.266
6.86,3.870,0.435,1.807,23.830,-18.945,-1.753
6.87,2.988,0.407,1.847,21.733,-19.960,-1.191
6.88,4.420,0.365,1.955,19.499,-20.822,-0.630
6.89,3.968,0.354,2.062,16.149,-21.627,-0.227
6.90,1.458,0.406,2.077,19.383,-22.517,0.272
6.91,1.396,0.443,2.075,23.923,-23.402,1.024
6.92,1.309,0.484,2.070,27.833,-24.195,2.063
6.93,2.203,0.475,2.070,29.613,-24.879,3.267
6.94,2.181,0.459,2.061,25.968,-25.500,4.268
6.95,2.077,0.456,2.061,26.506,-26.086,5.292
6.96,2.633,0.437,2.076,28.104,-26.576,6.456
6.97,0.760,0.407,1.973,29.347,-27.022,7.682
6.98,0.622,0.350,1.841,32.075,-27.450,9.028
6.99,2.128,0.256,1.768,30.699,-27.835,10.273
7.00,2.086,0.156,1.692,27.147,-28.184,11.291
7.01,1.969,0.073,1.630,24.717,-28.564,12.092
7.02,1.761,0.012,1.580,24.974,-29.052,12.769
7.03,1.635,-0.019,1.554,28.577,-29.600,13.568
7.04,1.365,-0.069,1.496,31.208,-30.092,14.536
7.05,0.853,-0.133,1.399,31.019,-30.525,15.507
7.06,1.198,-0.202,1.322,29.518,-30.941,16.362
7.07,3.328,-0.244,1.398,23.416,-31.444,16.742
7.08,3.484,-0.224,1.539,22.478,-32.090,16.916
7.09,1.494,-0.149,1.609,27.678,-32.875,17.304
7.10,1.963,-0.059,1.718,31.161,-33.539,17.947
7.11,2.747,0.048,1.880,32.309,-34.095,18.730
7.12,2.023,0.165,2.002,33.566,-34.634,19.568
7.13,1.402,0.280,2.079,35.358,-35.146,20.496
7.14,2.352,0.391,2.202,35.147,-35.618,21.407
7.15,2.541,0.493,2.321,36.343,-36.018,22.412
7.16,2.617,0.583,2.426,35.242,-36.410,23.313
7.17,2.702,0.684,2.540,34.133,-36.827,24.083
7.18,2.076,0.799,2.625,36.470,-37.209,24.983
7.19,1.788,0.899,2.674,38.342,-37.554,25.984
7.20,1.863,0.983,2.709,38.298,-37.881,26.950
7.21,2.290,1.067,2.765,37.337,-38.147,27.870
7.22,2.708,1.155,2.845,36.896,-38.354,28.774
7.23,1.969,1.247,2.883,37.514,-38.516,29.710
7.24,1.466,1.326,2.876,40.990,-38.635,30.839
7.25,0.876,1.372,2.803,41.495,-38.702,31.989
7.26,1.458,1.394,2.743,40.127,-38.761,33.070
7.27,1.720,1.397,2.683,36.951,-38.834,33.835
7.28,1.812,1.412,2.643,36.004,-38.941,34.471
7.29,1.333,1.420,2.570,37.530,-39.074,35.135
7.30,1.981,1.421,2.532,37.527,-39.229,35.742
7.31,1.565,1.420,2.469,37.416,-39.399,36.294
7.32,1.405,1.420,2.401,37.611,-39.575,36.820
7.33,1.760,1.423,2.359,38.674,-39.726,37.402
7.34,2.337,1.422,2.349,38.997,-39.830,38.014
7.35,1.801,1.423,2.311,38.863,-39.915,38.601
7.36,2.190,1.423,2.296,39.525,-39.952,39.238
7.37,2.101,1.426,2.279,38.717,-39.974,39.806
7.38,2.145,1.426,2.264,38.650,-39.988,40.343
7.39,2.143,1.426,2.249,38.159,-40.004,40.818
7.40,2.303,1.427,2.244,37.330,-40.066,41.172
7.41,2.121,1.430,2.232,38.233,-40.152,41.532
7.42,1.779,1.435,2.202,38.326,-40.251,41.862
7.43,1.896,1.441,2.181,39.938,-40.327,42.286
7.44,1.962,1.446,2.164,40.657,-40.330,42.793
7.45,1.383,1.445,2.109,38.178,-40.315,43.144
7.46,1.883,1.446,2.087,38.254,-40.318,43.457
7.47,1.868,1.448,2.066,38.013,-40.343,43.714
7.48,1.945,1.445,2.047,37.688,-40.389,43.912
7.49,2.038,1.445,2.036,37.723,-40.481,44.054
7.50,1.554,1.448,2.002,38.149,-40.594,44.188
7.51,1.714,1.455,1.981,40.626,-40.680,44.477
7.52,1.991,1.456,1.972,41.568,-40.697,44.867
7.53,1.870,1.455,1.955,39.725,-40.667,45.170
7.54,1.380,1.453,1.909,39.941,-40.608,45.491
7.55,1.600,1.447,1.874,39.080,-40.537,45.750
7.56,1.536,1.432,1.829,39.188,-40.473,45.990
7.57,1.767,1.412,1.795,37.203,-40.442,46.064
7.58,2.100,1.401,1.791,36.261,-40.475,46.013
7.59,2.041,1.397,1.791,39.901,-40.524,46.152
7.60,1.557,1.389,1.757,40.743,-40.506,46.442
7.61,1.652,1.377,1.729,41.018,-40.409,46.749
7.62,2.065,1.367,1.727,38.144,-40.286,46.891
7.63,2.216,1.363,1.741,38.611,-40.187,47.022
7.64,1.457,1.356,1.708,38.636,-40.076,47.153
7.65,1.719,1.349,1.691,38.995,-39.954,47.301
7.67,1.295,1.332,1.641,38.098,-39.832,47.382
7.67,1.678,1.309,1.610,37.386,-39.758,47.365
7.68,1.519,1.284,1.571,37.897,-39.717,47.341
7.69,1.608,1.257,1.537,38.523,-39.678,47.345
7.71,2.687,1.237,1.573,37.598,-39.647,47.281
7.71,2.406,1.227,1.602,37.823,-39.598,47.245
7.73,1.844,1.229,1.609,37.694,-39.546,47.197
7.73,2.278,1.233,1.642,38.512,-39.485,47.202
7.74,1.618,1.230,1.629,39.765,-39.411,47.286
7.76,1.443,1.203,1.583,39.209,-39.334,47.329
7.77,2.494,1.164,1.591,37.098,-39.270,47.229
7.78,2.789,1.135,1.624,36.051,-39.222,47.090
7.79,1.733,1.125,1.614,36.753,-39.198,46.927
7.80,1.775,1.114,1.605,38.576,-39.160,46.886
7.81,2.346,1.103,1.631,37.514,-39.102,46.799
7.82,2.305,1.106,1.666,37.211,-39.056,46.680
7.83,1.937,1.106,1.675,37.832,-38.998,46.608
7.84,1.867,1.101,1.676,37.487,-38.935,46.520
7.85,1.972,1.101,1.687,36.012,-38.902,46.316
7.86,1.504,1.101,1.671,35.942,-38.927,46.057
7.87,2.172,1.099,1.692,37.162,-38.977,45.854
7.88,2.169,1.097,1.713,37.633,-39.027,45.683
7.89,1.705,1.098,1.708,38.228,-39.069,45.558
7.90,1.562,1.098,1.695,38.797,-39.073,45.504
7.91,2.248,1.098,1.721,38.777,-39.043,45.478
7.92,1.731,1.101,1.720,37.178,-39.022,45.348
7.93,1.675,1.102,1.714,36.808,-39.027,45.173
7.94,2.025,1.102,1.728,36.451,-39.075,44.942
7.95,1.721,1.101,1.721,36.669,-39.166,44.690
7.96,2.068,1.103,1.739,35.922,-39.313,44.349
7.97,2.373,1.123,1.790,37.500,-39.478,44.097
7.98,1.746,1.149,1.808,38.421,-39.598,43.950
7.99,1.634,1.178,1.822,39.076,-39.680,43.882
8.00,1.570,1.206,1.829,40.082,-39.719,43.913
8.01,1.972,1.216,1.842,39.983,-39.718,43.970
8.02,2.172,1.223,1.864,37.440,-39.737,43.855
8.03,2.143,1.234,1.887,36.977,-39.793,43.681
8.04,1.934,1.239,1.891,37.882,-39.881,43.534
8.05,2.467,1.249,1.930,38.403,-39.989,43.403
8.06,1.937,1.261,1.938,39.124,-40.081,43.331
8.07,1.882,1.273,1.943,39.788,-40.134,43.337
8.08,1.439,1.280,1.917,40.372,-40.136,43.421
8.09,1.948,1.283,1.918,39.505,-40.101,43.482
8.10,2.123,1.283,1.926,38.415,-40.068,43.473
8.11,2.183,1.283,1.938,37.969,-40.047,43.423
8.12,1.488,1.283,1.907,37.271,-40.057,43.325
8.13,2.191,1.281,1.918,38.277,-40.090,43.239
8.14,1.869,1.280,1.911,39.103,-40.103,43.223
8.15,1.713,1.280,1.897,38.393,-40.101,43.177
8.16,1.733,1.282,1.885,38.998,-40.080,43.184
8.17,2.152,1.283,1.898,39.751,-40.025,43.262
8.18,1.893,1.282,1.893,38.838,-39.941,43.308
8.19,1.583,1.276,1.865,37.883,-39.868,43.283
8.20,2.127,1.272,1.874,36.952,-39.848,43.150
8.21,2.078,1.270,1.880,36.701,-39.885,42.953
8.22,1.960,1.271,1.882,38.510,-39.947,42.843
8.23,2.009,1.270,1.886,38.591,-40.001,42.750
8.24,1.947,1.269,1.884,38.815,-40.049,42.677
8.25,1.678,1.269,1.869,39.578,-40.066,42.679
8.26,1.647,1.270,1.854,39.053,-40.041,42.687
8.27,2.008,1.274,1.863,39.070,-39.989,42.719
8.28,2.249,1.277,1.885,38.476,-39.930,42.718
8.29,2.278,1.278,1.906,36.357,-39.913,42.569
8.30,1.812,1.279,1.898,37.841,-39.949,42.442
8.31,2.005,1.277,1.899,38.638,-39.987,42.362
8.32,2.137,1.276,1.909,38.200,-40.033,42.252
8.33,1.969,1.275,1.909,38.872,-40.068,42.196
8.34,1.876,1.273,1.903,39.031,-40.088,42.163
8.35,1.809,1.271,1.893,39.189,-40.091,42.154
8.36,2.246,1.274,1.914,39.299,-40.050,42.193
8.37,2.214,1.278,1.932,38.049,-40.010,42.153
8.38,1.965,1.278,1.932,38.286,-39.979,42.118
8.39,1.992,1.277,1.932,38.206,-39.957,42.069
8.40,2.424,1.276,1.957,38.058,-39.951,41.996
8.41,1.587,1.273,1.932,37.943,-39.958,41.905
8.42,1.825,1.272,1.922,38.339,-39.961,41.844
8.43,1.384,1.268,1.885,39.191,-39.945,41.851
8.44,2.089,1.259,1.886,38.273,-39.894,41.835
8.45,2.432,1.256,1.913,37.774,-39.858,41.775
8.46,1.993,1.261,1.920,38.146,-39.821,41.738
8.47,2.020,1.267,1.929,37.368,-39.810,41.630
8.48,2.326,1.271,1.954,38.096,-39.827,41.541
8.49,1.953,1.276,1.957,37.734,-39.864,41.415
8.50,2.322,1.287,1.987,38.410,-39.901,41.334
8.51,2.110,1.295,2.001,38.514,-39.936,41.261
8.52,2.070,1.306,2.014,38.470,-39.963,41.197
8.53,2.004,1.318,2.023,39.380,-39.964,41.211
8.54,1.650,1.321,2.003,39.259,-39.934,41.245
8.55,1.913,1.329,2.004,38.464,-39.901,41.233
8.56,1.946,1.333,2.003,37.968,-39.878,41.181
8.57,2.276,1.336,2.020,37.651,-39.883,41.085
8.58,1.938,1.340,2.017,37.873,-39.910,40.984
8.59,1.861,1.343,2.010,38.553,-39.946,40.917
8.60,1.683,1.343,1.990,38.493,-39.967,40.863
8.61,1.801,1.345,1.978,39.152,-39.967,40.868
8.62,1.927,1.345,1.973,38.611,-39.946,40.861
8.63,1.480,1.341,1.939,39.206,-39.908,40.912
8.64,1.875,1.330,1.923,37.245,-39.858,40.846
8.65,1.890,1.332,1.920,36.201,-39.877,40.655
8.66,2.053,1.340,1.933,38.380,-39.917,40.580
8.67,2.014,1.348,1.943,38.968,-39.946,40.551
8.68,2.217,1.353,1.961,39.137,-39.952,40.555
8.69,1.837,1.354,1.953,39.083,-39.929,40.581
8.70,2.369,1.353,1.975,38.013,-39.899,40.549
8.71,2.367,1.359,2.001,37.779,-39.865,40.508
8.72,1.761,1.367,1.993,38.047,-39.840,40.474
8.73,2.140,1.375,2.007,38.599,-39.813,40.473
8.74,1.881,1.377,2.000,38.093,-39.789,40.440
8.75,2.035,1.392,2.015,37.209,-39.790,40.332
8.76,1.913,1.412,2.026,38.260,-39.801,40.280
8.77,2.085,1.418,2.033,40.166,-39.795,40.355
8.78,1.813,1.420,2.020,37.714,-39.794,40.279
8.79,2.509,1.435,2.061,37.133,-39.795,40.170
8.80,2.319,1.467,2.104,37.490,-39.780,40.107
8.81,2.012,1.490,2.119,38.985,-39.762,40.128
8.82,2.060,1.512,2.135,39.415,-39.715,40.200
8.83,1.517,1.511,2.097,40.979,-39.626,40.398
8.84,1.856,1.501,2.071,38.130,-39.522,40.433
8.85,1.835,1.492,2.047,37.310,-39.434,40.401
8.86,1.734,1.482,2.017,37.372,-39.378,40.343
8.87,2.447,1.480,2.038,34.848,-39.396,40.069
8.88,1.861,1.480,2.025,38.766,-39.417,40.033
8.89,1.658,1.480,2.002,37.006,-39.446,39.887
8.90,2.451,1.485,2.030,36.762,-39.492,39.718
8.91,2.065,1.514,2.057,35.673,-39.541,39.490
8.92,2.134,1.559,2.101,37.698,-39.607,39.375
8.93,1.431,1.592,2.091,41.272,-39.648,39.494
8.94,1.339,1.597,2.050,41.353,-39.656,39.645
8.95,1.895,1.594,2.035,38.227,-39.629,39.641
8.96,1.882,1.592,2.020,38.580,-39.602,39.655
8.97,2.018,1.587,2.012,38.539,-39.567,39.673
8.98,1.437,1.575,1.964,39.107,-39.516,39.737
8.99,1.935,1.570,1.954,34.504,-39.520,39.479
9.00,2.137,1.571,1.961,38.803,-39.550,39.456
9.01,1.858,1.569,1.950,37.708,-39.558,39.392
9.02,2.089,1.569,1.954,37.850,-39.582,39.323
9.03,2.232,1.569,1.966,36.487,-39.617,39.168
9.04,2.831,1.601,2.043,33.518,-39.714,38.789
9.05,2.068,1.670,2.107,37.866,-39.802,38.689
9.06,0.712,1.733,2.082,40.938,-39.871,38.789
9.07,1.095,1.770,2.056,41.911,-39.890,38.989
9.08,1.333,1.773,2.012,40.485,-39.881,39.122
9.09,1.794,1.772,1.993,38.891,-39.850,39.179
9.10,2.267,1.770,2.002,37.961,-39.816,39.180
9.11,1.944,1.768,1.992,36.950,-39.815,39.091
9.12,1.799,1.769,1.976,38.800,-39.817,39.110
9.13,1.955,1.768,1.969,39.007,-39.800,39.157
9.14,1.957,1.768,1.962,38.480,-39.758,39.198
9.16,2.276,1.764,1.971,39.029,-39.690,39.288
9.17,2.039,1.758,1.964,36.925,-39.637,39.237
9.18,1.946,1.757,1.957,37.498,-39.610,39.196
9.19,1.981,1.753,1.950,37.180,-39.614,39.109
9.20,2.462,1.751,1.973,37.822,-39.641,39.040
9.21,2.010,1.750,1.969,38.585,-39.663,39.024
9.22,1.818,1.751,1.957,38.050,-39.680,38.982
9.23,2.007,1.758,1.961,38.881,-39.680,39.006
9.23,1.966,1.761,1.959,38.917,-39.656,39.053
9.24,2.051,1.761,1.960,38.042,-39.628,39.051
9.25,2.256,1.761,1.973,38.188,-39.594,39.061
9.27,1.838,1.763,1.962,37.688,-39.572,39.031
9.28,1.805,1.764,1.950,38.171,-39.564,39.016
9.29,1.773,1.760,1.931,38.312,-39.546,39.018
9.29,1.822,1.755,1.915,38.859,-39.510,39.069
9.31,1.804,1.746,1.895,39.558,-39.432,39.197
9.32,2.129,1.719,1.878,35.626,-39.349,39.096
9.33,1.983,1.720,1.881,36.253,-39.353,38.950
9.34,2.008,1.721,1.885,37.403,-39.362,38.873
9.35,1.934,1.723,1.884,38.216,-39.374,38.844
9.36,1.746,1.722,1.871,37.807,-39.388,38.791
9.37,2.341,1.723,1.895,38.478,-39.398,38.782
9.38,2.169,1.723,1.906,38.169,-39.397,38.766
9.39,1.538,1.723,1.881,37.890,-39.392,38.739
9.40,1.550,1.726,1.860,38.147,-39.380,38.734
9.41,2.012,1.725,1.864,39.005,-39.361,38.785
9.42,2.301,1.696,1.857,39.267,-39.341,38.849
9.43,2.484,1.699,1.892,34.498,-39.377,38.581
9.44,1.997,1.698,1.894,39.719,-39.384,38.655
9.45,2.333,1.698,1.916,38.196,-39.375,38.652
9.46,1.669,1.698,1.898,37.510,-39.371,38.605
9.47,1.875,1.699,1.894,37.829,-39.361,38.584
9.48,2.093,1.698,1.901,37.239,-39.363,38.518
9.49,1.633,1.698,1.882,38.314,-39.358,38.524
9.50,1.695,1.699,1.869,38.100,-39.343,38.526
9.51,1.929,1.693,1.863,38.213,-39.317,38.545
9.52,1.835,1.681,1.846,37.909,-39.293,38.543
9.53,1.670,1.677,1.829,36.399,-39.296,38.428
9.54,1.781,1.678,1.824,37.328,-39.317,38.355
9.55,2.071,1.677,1.833,38.328,-39.327,38.353
9.56,2.245,1.677,1.854,37.947,-39.323,38.342
9.57,2.053,1.679,1.863,38.093,-39.307,38.352
9.58,2.013,1.681,1.871,37.192,-39.293,38.307
9.59,1.651,1.680,1.855,37.990,-39.277,38.312
9.60,1.898,1.680,1.854,36.638,-39.272,38.228
9.61,2.111,1.682,1.867,37.729,-39.290,38.189
9.62,2.132,1.683,1.880,38.614,-39.291,38.218
9.63,1.889,1.683,1.878,37.248,-39.305,38.156
9.64,1.802,1.684,1.872,38.593,-39.315,38.178
9.65,1.781,1.674,1.854,39.328,-39.294,38.270
9.66,1.628,1.650,1.816,38.773,-39.248,38.350
9.67,2.025,1.634,1.809,37.824,-39.185,38.387
9.68,2.226,1.611,1.809,37.052,-39.128,38.370
9.69,2.418,1.603,1.834,35.881,-39.107,38.250
9.70,1.555,1.595,1.809,38.519,-39.096,38.280
9.71,2.265,1.569,1.809,36.560,-39.100,38.181
9.72,1.561,1.577,1.800,34.629,-39.167,37.915
9.73,1.675,1.586,1.798,40.015,-39.208,37.999
9.74,1.708,1.586,1.792,38.664,-39.212,38.036
9.75,1.687,1.588,1.785,37.853,-39.205,38.034
9.76,1.755,1.589,1.782,39.078,-39.176,38.125
9.77,1.858,1.561,1.757,40.191,-39.115,38.305
9.78,1.897,1.528,1.732,36.988,-39.043,38.301
9.79,2.539,1.499,1.750,37.466,-38.975,38.321
9.80,1.777,1.469,1.721,36.787,-38.921,38.285
9.81,1.696,1.433,1.684,37.891,-38.884,38.299
9.82,2.747,1.387,1.701,35.565,-38.854,38.171
9.83,2.657,1.380,1.749,35.243,-38.845,38.008
9.84,1.646,1.378,1.741,37.617,-38.832,37.995
9.85,1.904,1.364,1.737,38.436,-38.811,38.038
9.86,2.431,1.343,1.758,37.183,-38.796,38.000
9.87,2.200,1.340,1.781,35.344,-38.806,37.832
9.88,2.106,1.341,1.802,37.526,-38.817,37.800
9.89,1.807,1.341,1.803,38.147,-38.811,37.820
9.90,1.848,1.333,1.800,38.120,-38.798,37.845
9.91,2.184,1.326,1.816,36.694,-38.789,37.782
9.92,2.395,1.327,1.852,37.172,-38.783,37.746
9.93,2.026,1.327,1.864,36.721,-38.784,37.680
9.94,1.927,1.328,1.870,37.267,-38.783,37.650
9.95,2.031,1.329,1.883,37.277,-38.773,37.631
9.96,2.242,1.334,1.910,37.005,-38.770,37.591
9.97,1.978,1.335,1.918,37.501,-38.758,37.589
9.98,2.193,1.332,1.933,36.700,-38.759,37.528
9.99,1.935,1.337,1.940,37.248,-38.785,37.479
10.00,1.900,1.336,1.939,37.907,-38.799,37.482
10.01,1.921,1.337,1.942,37.333,-38.815,37.450
10.02,1.749,1.339,1.935,37.211,-38.831,37.413
10.03,1.798,1.334,1.925,36.717,-38.860,37.337
10.04,2.344,1.337,1.954,38.374,-38.874,37.375
10.05,2.127,1.338,1.968,37.371,-38.877,37.363
10.06,1.927,1.337,1.967,37.489,-38.883,37.356
10.07,2.151,1.335,1.979,37.424,-38.884,37.351
10.08,2.123,1.338,1.992,37.673,-38.885,37.360
10.09,2.142,1.338,2.004,37.280,-38.886,37.348
10.10,2.199,1.338,2.018,37.164,-38.877,37.338
10.11,1.998,1.338,2.020,36.686,-38.883,37.286
10.12,2.207,1.339,2.035,37.959,-38.882,37.317
10.13,2.232,1.337,2.048,37.479,-38.869,37.331
10.14,2.230,1.336,2.061,36.823,-38.867,37.295
10.15,1.659,1.339,2.044,37.758,-38.862,37.319
10.16,1.752,1.338,2.029,37.515,-38.856,37.328
10.17,2.233,1.326,2.033,36.142,-38.873,37.234
10.18,1.752,1.327,2.020,36.428,-38.929,37.126
10.19,2.280,1.330,2.041,38.708,-38.977,37.164
10.20,2.149,1.331,2.052,37.908,-39.002,37.176
10.21,2.367,1.334,2.076,37.834,-39.010,37.198
10.22,2.080,1.337,2.083,37.636,-39.005,37.221
10.23,1.926,1.340,2.080,38.128,-39.003,37.269
10.24,2.083,1.340,2.083,37.331,-39.000,37.270
10.25,2.040,1.342,2.086,36.824,-39.021,37.219
10.26,2.035,1.346,2.090,38.217,-39.040,37.252
10.27,1.852,1.345,2.078,37.549,-39.037,37.267
10.28,2.118,1.349,2.087,37.292,-39.045,37.255
10.29,2.084,1.346,2.088,38.011,-39.048,37.291
10.30,1.972,1.344,2.082,36.988,-39.058,37.259
10.31,2.004,1.346,2.083,37.697,-39.081,37.258
10.32,2.123,1.345,2.087,38.362,-39.080,37.319
10.33,1.737,1.347,2.072,36.875,-39.093,37.277
10.34,2.313,1.346,2.088,38.007,-39.109,37.300
10.35,2.356,1.343,2.103,37.297,-39.124,37.281
10.36,2.080,1.346,2.107,37.588,-39.158,37.264
10.37,1.797,1.347,2.093,37.596,-39.182,37.258
10.38,2.015,1.349,2.094,38.527,-39.186,37.324
10.39,2.128,1.349,2.098,37.533,-39.186,37.334
10.40,2.161,1.349,2.105,38.513,-39.169,37.417
10.41,2.145,1.351,2.112,37.990,-39.129,37.487
10.42,1.782,1.354,2.099,37.587,-39.100,37.519
10.43,1.817,1.356,2.087,37.029,-39.087,37.502
10.44,2.105,1.357,2.091,37.545,-39.071,37.518
10.45,1.698,1.353,2.067,37.728,-39.068,37.533
10.46,2.198,1.342,2.066,37.922,-39.062,37.560
10.47,2.058,1.338,2.065,37.911,-39.038,37.602
10.48,1.706,1.332,2.040,38.506,-39.006,37.684
10.49,1.800,1.316,2.013,36.827,-38.992,37.648
10.50,2.044,1.304,2.006,36.499,-38.988,37.585
10.51,2.288,1.304,2.024,36.645,-38.992,37.526
10.52,1.832,1.303,2.014,37.837,-39.002,37.532
10.53,2.239,1.301,2.027,37.914,-38.998,37.556
10.54,2.010,1.295,2.023,38.115,-38.982,37.602
10.55,1.718,1.285,1.997,38.092,-38.960,37.651
10.56,1.722,1.273,1.972,37.653,-38.928,37.680
10.57,2.040,1.256,1.962,37.359,-38.898,37.688
10.58,1.585,1.238,1.925,37.940,-38.871,37.727
10.59,2.905,1.219,1.965,35.525,-38.861,37.609
10.60,2.076,1.227,1.980,36.984,-38.868,37.564
10.61,2.016,1.227,1.985,37.890,-38.867,37.581
10.62,2.057,1.227,1.991,36.919,-38.869,37.538
10.63,2.294,1.233,2.017,37.690,-38.865,37.548
10.64,2.119,1.234,2.027,37.580,-38.859,37.553
10.65,1.995,1.241,2.034,37.630,-38.851,37.561
10.66,2.171,1.239,2.042,37.195,-38.831,37.556
10.67,1.816,1.240,2.033,37.651,-38.813,37.576
10.68,1.964,1.235,2.027,37.365,-38.783,37.588
10.69,1.884,1.236,2.022,36.871,-38.770,37.555
10.70,1.897,1.237,2.018,36.695,-38.773,37.499
10.72,1.968,1.235,2.016,37.291,-38.786,37.470
10.73,1.906,1.233,2.010,37.819,-38.799,37.474
10.73,1.593,1.232,1.986,37.833,-38.797,37.492
10.75,2.027,1.233,1.991,38.299,-38.767,37.564
10.76,2.044,1.234,1.997,37.635,-38.723,37.605
10.77,1.313,1.220,1.946,38.628,-38.687,37.695
10.78,1.553,1.187,1.893,36.755,-38.671,37.653
10.79,2.220,1.180,1.908,34.060,-38.691,37.423
10.80,2.031,1.181,1.917,37.806,-38.719,37.413
10.81,1.610,1.180,1.899,38.124,-38.723,37.445
10.82,1.919,1.174,1.897,37.991,-38.699,37.493
10.83,1.958,1.171,1.899,36.654,-38.671,37.467
10.84,2.270,1.171,1.921,37.569,-38.638,37.498
10.85,2.096,1.162,1.924,36.743,-38.613,37.473
10.86,2.107,1.157,1.933,36.156,-38.617,37.386
10.87,2.558,1.160,1.974,37.529,-38.635,37.371
10.88,1.779,1.152,1.956,36.715,-38.656,37.306
10.89,2.255,1.155,1.979,37.589,-38.678,37.294
10.90,2.270,1.154,1.997,37.894,-38.676,37.324
10.91,2.031,1.156,2.004,37.214,-38.664,37.323
10.92,1.924,1.159,2.005,37.534,-38.647,37.345
10.93,1.637,1.157,1.984,37.579,-38.627,37.371
10.94,2.131,1.146,1.984,37.583,-38.612,37.391
10.95,2.694,1.132,2.015,35.625,-38.614,37.280
10.96,1.408,1.135,1.985,36.399,-38.657,37.182
10.97,2.460,1.135,2.015,37.621,-38.684,37.173
10.98,1.920,1.148,2.025,36.723,-38.690,37.134
10.99,1.726,1.159,2.020,38.710,-38.667,37.240
11.00,2.240,1.162,2.038,37.402,-38.630,37.277
11.01,2.335,1.162,2.058,37.100,-38.595,37.293
11.02,1.746,1.153,2.035,36.174,-38.592,37.224
11.03,1.806,1.147,2.019,36.815,-38.610,37.176
11.04,2.191,1.133,2.017,37.848,-38.626,37.191
11.05,1.674,1.115,1.984,37.397,-38.631,37.192
11.06,2.560,1.104,2.009,37.176,-38.623,37.191
11.07,1.275,1.103,1.968,36.713,-38.607,37.171
11.08,2.179,1.098,1.978,37.387,-38.592,37.190
11.09,2.003,1.092,1.976,36.463,-38.594,37.139
11.10,2.122,1.093,1.988,36.462,-38.609,37.078
11.11,1.900,1.088,1.981,37.363,-38.623,37.072
11.12,2.042,1.087,1.986,36.826,-38.636,37.038
11.13,1.737,1.088,1.975,37.512,-38.638,37.054
11.14,1.853,1.086,1.968,37.639,-38.625,37.093
11.15,1.873,1.080,1.959,37.340,-38.602,37.121
11.16,2.152,1.072,1.965,37.420,-38.569,37.162
11.17,2.058,1.067,1.968,36.483,-38.540,37.143
11.18,2.361,1.066,1.992,37.053,-38.514,37.154
11.19,2.179,1.059,2.000,37.402,-38.493,37.180
11.20,1.971,1.061,2.003,36.076,-38.488,37.113
11.21,2.137,1.061,2.013,37.212,-38.489,37.109
11.22,1.669,1.060,1.995,37.124,-38.498,37.093
11.23,1.946,1.054,1.990,37.717,-38.502,37.118
11.24,2.166,1.048,1.996,37.197,-38.494,37.122
11.25,2.123,1.040,1.999,36.793,-38.479,37.109
11.26,2.337,1.040,2.022,37.318,-38.456,37.135
11.27,1.874,1.037,2.014,37.435,-38.428,37.170
11.28,2.185,1.034,2.024,37.137,-38.405,37.182
11.29,1.975,1.032,2.022,36.746,-38.390,37.163
11.30,1.749,1.027,2.004,36.465,-38.385,37.120
11.31,2.239,1.026,2.020,36.796,-38.383,37.095
11.32,1.967,1.019,2.013,35.826,-38.405,36.991
11.33,2.056,1.023,2.022,36.810,-38.442,36.936
11.34,2.307,1.020,2.039,37.956,-38.463,36.966
11.35,1.897,1.017,2.031,37.212,-38.468,36.966
11.36,2.074,1.020,2.039,37.184,-38.460,36.977
11.37,2.037,1.019,2.042,37.425,-38.436,37.017
11.38,2.060,1.017,2.044,36.670,-38.421,37.003
11.39,2.461,1.016,2.071,36.857,-38.416,36.990
11.40,2.299,1.017,2.088,36.380,-38.415,36.947
11.41,1.886,1.019,2.082,36.562,-38.429,36.902
11.42,2.256,1.019,2.095,36.960,-38.441,36.885
11.43,1.743,1.017,2.076,36.757,-38.456,36.854
11.44,2.207,1.019,2.089,37.803,-38.460,36.895
11.45,1.862,1.018,2.079,37.315,-38.449,36.921
11.46,2.047,1.017,2.079,37.191,-38.438,36.939
11.47,2.067,1.018,2.083,36.460,-38.434,36.907
11.48,2.331,1.019,2.101,37.215,-38.425,36.925
11.49,1.879,1.019,2.092,36.804,-38.406,36.927
11.50,2.160,1.021,2.100,37.679,-38.371,36.995
11.51,1.905,1.007,2.079,35.308,-38.376,36.885
11.52,3.063,1.008,2.140,35.880,-38.419,36.777
11.53,1.991,1.012,2.140,37.281,-38.475,36.743
11.54,2.245,1.012,2.149,37.475,-38.503,36.750
11.55,1.506,1.020,2.124,37.461,-38.511,36.775
11.56,2.111,1.025,2.131,38.112,-38.500,36.854
11.57,2.025,1.019,2.122,37.073,-38.484,36.874
11.58,2.558,1.022,2.154,37.169,-38.468,36.900
11.59,2.236,1.025,2.165,37.199,-38.446,36.930
11.60,2.129,1.023,2.164,36.987,-38.425,36.947
11.61,2.159,1.012,2.158,36.308,-38.416,36.912
11.62,2.025,1.012,2.153,36.859,-38.410,36.907
11.63,1.889,1.009,2.139,37.284,-38.403,36.928
11.64,2.038,1.005,2.132,36.204,-38.414,36.869
11.65,2.135,1.007,2.138,37.733,-38.419,36.906
11.66,1.592,1.007,2.109,36.791,-38.419,36.893
11.67,2.169,1.006,2.115,36.693,-38.431,36.863
11.68,2.086,1.006,2.115,36.974,-38.458,36.836
11.69,2.209,1.004,2.122,37.208,-38.490,36.821
11.70,1.736,1.007,2.106,36.826,-38.539,36.768
11.71,2.789,1.017,2.158,37.269,-38.562,36.768
11.72,1.984,1.038,2.170,37.163,-38.549,36.798
11.73,1.873,1.052,2.169,38.519,-38.529,36.910
11.74,2.166,1.050,2.170,37.399,-38.511,36.951
11.75,1.966,1.054,2.164,36.574,-38.508,36.927
11.76,2.217,1.058,2.174,36.134,-38.526,36.859
11.77,2.353,1.071,2.199,36.735,-38.554,36.821
11.78,1.813,1.084,2.192,37.781,-38.576,36.850
11.79,2.083,1.091,2.194,38.186,-38.580,36.920
11.80,1.895,1.091,2.180,37.720,-38.568,36.973
11.81,2.288,1.092,2.189,37.046,-38.551,36.991
11.82,1.571,1.092,2.156,37.297,-38.536,37.019
11.83,2.077,1.091,2.151,36.699,-38.522,37.011
11.84,1.438,1.093,2.114,36.736,-38.518,36.996
11.85,1.904,1.095,2.104,36.797,-38.529,36.970
11.86,2.050,1.093,2.101,36.668,-38.550,36.929
11.87,1.998,1.093,2.096,36.905,-38.580,36.896
11.88,2.045,1.094,2.095,37.629,-38.603,36.913
11.89,1.939,1.092,2.085,37.196,-38.603,36.927
11.90,1.953,1.097,2.083,37.722,-38.585,36.987
11.91,2.460,1.092,2.101,37.497,-38.566,37.033
11.92,1.985,1.089,2.092,36.638,-38.573,37.001
11.93,2.342,1.081,2.100,36.987,-38.582,36.990
11.94,2.163,1.075,2.099,36.093,-38.596,36.922
11.95,2.382,1.088,2.129,38.396,-38.598,37.003
11.97,2.071,1.087,2.126,38.316,-38.561,37.111
11.97,2.073,1.090,2.127,36.340,-38.527,37.099
11.98,2.018,1.092,2.123,36.543,-38.518,37.073
11.99,2.472,1.092,2.145,36.759,-38.528,37.043
12.00,1.597,1.090,2.113,36.843,-38.556,37.003
12.01,2.708,1.090,2.148,37.020,-38.583,36.977
12.02,2.018,1.095,2.147,36.763,-38.603,36.943
12.03,2.024,1.098,2.144,37.673,-38.624,36.963
12.04,1.955,1.101,2.137,37.878,-38.633,37.006
12.05,2.510,1.096,2.155,37.126,-38.632,37.013
12.06,2.324,1.092,2.163,36.961,-38.635,37.006
12.08,2.202,1.091,2.166,35.671,-38.659,36.905
12.08,2.660,1.102,2.206,37.091,-38.685,36.889
12.09,2.419,1.113,2.231,37.455,-38.707,36.899
12.10,1.738,1.126,2.217,37.961,-38.724,36.943
12.11,2.550,1.133,2.243,38.216,-38.727,37.013
12.12,2.008,1.130,2.229,37.379,-38.717,37.044
12.13,2.088,1.129,2.222,36.705,-38.719,37.023
12.14,2.000,1.126,2.208,37.291,-38.721,37.037
12.16,1.992,1.124,2.195,36.584,-38.732,37.001
12.16,1.967,1.133,2.191,37.304,-38.745,37.006
12.17,2.050,1.143,2.193,37.689,-38.751,37.040
12.18,1.994,1.148,2.188,38.296,-38.741,37.124
12.19,2.107,1.150,2.186,37.645,-38.720,37.175
12.21,2.119,1.146,2.179,36.765,-38.708,37.165
12.22,2.113,1.151,2.181,37.379,-38.701,37.185
12.23,2.280,1.152,2.188,36.995,-38.704,37.173
12.24,2.334,1.153,2.198,37.159,-38.719,37.160
12.25,1.654,1.150,2.166,37.339,-38.738,37.155
12.26,2.165,1.152,2.167,37.445,-38.749,37.163
12.27,2.001,1.157,2.163,37.531,-38.748,37.187
12.28,1.876,1.163,2.152,37.565,-38.737,37.222
12.29,1.964,1.163,2.141,36.761,-38.729,37.205
12.30,2.339,1.164,2.155,37.033,-38.744,37.184
12.31,1.998,1.170,2.150,36.677,-38.776,37.126
12.32,1.927,1.180,2.147,36.301,-38.813,37.046
12.33,2.248,1.187,2.160,38.258,-38.838,37.093
12.34,2.422,1.191,2.178,38.225,-38.841,37.159
12.35,2.040,1.192,2.172,37.622,-38.829,37.199
12.36,2.006,1.195,2.165,37.569,-38.814,37.238
12.37,2.040,1.199,2.161,38.062,-38.786,37.316
12.38,1.993,1.198,2.150,36.768,-38.774,37.300
12.39,1.924,1.200,2.139,37.131,-38.784,37.284
12.40,1.924,1.201,2.127,36.773,-38.807,37.237
12.41,1.650,1.202,2.100,37.481,-38.835,37.228
12.42,1.773,1.202,2.079,37.363,-38.857,37.218
12.43,2.118,1.203,2.082,37.927,-38.859,37.261
12.44,1.849,1.204,2.068,37.859,-38.829,37.328
12.45,2.258,1.204,2.078,38.127,-38.782,37.423
12.46,2.207,1.205,2.085,36.681,-38.746,37.419
12.47,2.102,1.208,2.088,36.426,-38.751,37.361
12.48,2.128,1.205,2.086,37.558,-38.771,37.357
12.49,2.086,1.204,2.084,37.321,-38.792,37.339
12.50,2.255,1.206,2.095,37.844,-38.803,37.362
12.51,1.906,1.209,2.086,37.387,-38.796,37.374
12.52,1.993,1.210,2.080,37.922,-38.777,37.428
12.53,1.754,1.212,2.062,37.424,-38.753,37.455
12.54,2.179,1.215,2.070,37.212,-38.723,37.474
12.55,1.923,1.216,2.062,37.009,-38.703,37.470
12.56,2.178,1.211,2.062,36.831,-38.699,37.441
12.57,1.965,1.208,2.053,36.899,-38.707,37.406
12.58,2.190,1.207,2.059,36.924,-38.725,37.363
12.59,2.000,1.201,2.048,36.867,-38.753,37.311
12.60,2.154,1.203,2.055,37.481,-38.778,37.300
12.61,1.905,1.208,2.050,37.243,-38.779,37.298
12.62,1.892,1.218,2.049,38.098,-38.768,37.358
12.63,2.325,1.220,2.066,38.015,-38.730,37.435
12.64,2.304,1.221,2.079,36.976,-38.690,37.450
12.65,1.875,1.221,2.066,37.227,-38.662,37.466
12.66,2.146,1.210,2.059,37.072,-38.645,37.463
12.67,2.309,1.198,2.061,36.635,-38.641,37.421
12.68,1.849,1.199,2.048,36.131,-38.659,37.332
12.69,1.795,1.200,2.034,37.586,-38.675,37.332
12.70,1.925,1.197,2.024,37.264,-38.680,37.326
12.71,2.032,1.200,2.025,37.779,-38.668,37.364
12.72,2.255,1.200,2.037,38.629,-38.620,37.485
12.73,2.154,1.197,2.040,38.181,-38.553,37.591
12.74,2.445,1.182,2.048,37.050,-38.487,37.625
12.75,2.359,1.167,2.052,35.959,-38.451,37.564
12.76,1.868,1.157,2.031,35.073,-38.466,37.407
12.77,2.408,1.159,2.053,36.783,-38.507,37.332
12.78,2.143,1.155,2.055,36.651,-38.548,37.252
12.79,1.921,1.163,2.054,36.174,-38.588,37.151
12.80,1.921,1.176,2.058,37.363,-38.620,37.131
12.81,1.990,1.187,2.064,38.283,-38.637,37.180
12.82,1.979,1.193,2.064,38.324,-38.632,37.250
12.83,2.197,1.193,2.071,37.818,-38.619,37.296
12.84,1.689,1.199,2.054,37.174,-38.605,37.302
12.85,2.236,1.197,2.062,36.857,-38.599,37.282
12.86,2.075,1.197,2.062,36.835,-38.612,37.244
12.87,1.551,1.197,2.031,37.175,-38.634,37.218
12.88,2.284,1.194,2.042,37.037,-38.662,37.181
12.89,1.878,1.196,2.034,36.642,-38.713,37.101
12.90,2.021,1.204,2.039,37.163,-38.766,37.054
12.91,2.311,1.209,2.059,37.080,-38.823,37.000
12.92,2.269,1.227,2.088,37.478,-38.859,36.994
12.93,1.822,1.236,2.080,39.364,-38.858,37.132
12.94,2.503,1.233,2.101,38.076,-38.831,37.213
12.95,1.962,1.232,2.091,36.868,-38.820,37.206
12.96,2.319,1.233,2.105,36.921,-38.833,37.178
12.97,1.721,1.233,2.082,36.804,-38.869,37.124
12.98,1.589,1.235,2.054,37.249,-38.914,37.090
12.99,1.767,1.236,2.038,38.081,-38.954,37.111
13.00,1.651,1.236,2.014,38.203,-38.971,37.161
13.01,1.887,1.239,2.008,38.331,-38.956,37.246
13.02,2.055,1.233,2.002,39.052,-38.917,37.391
13.03,2.270,1.208,1.993,37.736,-38.869,37.461
13.04,2.233,1.188,1.986,35.985,-38.842,37.406
13.05,2.173,1.183,1.991,34.959,-38.862,37.249
13.06,2.130,1.187,2.002,37.979,-38.898,37.260
13.07,2.131,1.186,2.008,38.132,-38.920,37.292
13.08,2.006,1.188,2.009,37.311,-38.943,37.275
13.09,2.048,1.192,2.014,37.984,-38.954,37.309
13.10,2.302,1.194,2.031,38.529,-38.934,37.403
13.11,2.123,1.191,2.033,37.007,-38.911,37.407
13.12,2.336,1.190,2.049,37.035,-38.904,37.396
13.13,2.002,1.187,2.043,37.407,-38.906,37.399
13.14,2.206,1.189,2.054,36.689,-38.920,37.349
13.15,2.145,1.190,2.059,38.128,-38.930,37.389
13.16,2.005,1.189,2.055,37.981,-38.913,37.443
13.17,1.945,1.188,2.047,36.790,-38.899,37.423
13.18,2.278,1.192,2.064,37.474,-38.893,37.436
13.19,1.698,1.190,2.041,37.236,-38.902,37.420
13.20,2.021,1.188,2.038,37.190,-38.931,37.384
13.21,2.001,1.185,2.032,37.871,-38.951,37.397
13.22,2.208,1.183,2.040,38.197,-38.957,37.442
13.23,2.416,1.187,2.064,38.604,-38.934,37.536
13.24,2.159,1.189,2.072,37.772,-38.887,37.600
13.25,1.413,1.187,2.031,38.945,-38.836,37.733
13.26,1.791,1.168,2.000,38.243,-38.794,37.809
13.27,2.381,1.136,1.990,36.215,-38.779,37.737
13.28,2.173,1.127,1.992,34.129,-38.812,37.503
13.29,2.254,1.133,2.013,37.537,-38.858,37.465
13.30,2.261,1.133,2.027,37.475,-38.883,37.445
13.31,2.059,1.140,2.036,36.722,-38.904,37.387
13.32,1.848,1.152,2.036,38.200,-38.913,37.428
13.33,1.859,1.153,2.027,38.321,-38.906,37.490
13.34,1.995,1.153,2.025,37.345,-38.897,37.495
13.35,2.160,1.154,2.033,37.101,-38.898,37.475
13.36,2.899,1.154,2.084,37.753,-38.900,37.493
13.37,2.032,1.151,2.078,36.950,-38.907,37.459
13.38,2.211,1.147,2.083,36.974,-38.926,37.416
13.39,1.834,1.146,2.068,37.252,-38.951,37.387
13.40,1.647,1.145,2.042,37.127,-38.988,37.340
13.41,2.285,1.141,2.053,37.674,-39.016,37.336
13.42,2.149,1.146,2.063,36.789,-39.047,37.279
13.43,2.221,1.158,2.084,37.475,-39.072,37.270
13.44,1.967,1.166,2.086,38.355,-39.080,37.328
13.45,2.306,1.167,2.100,38.729,-39.067,37.426
13.46,1.807,1.171,2.087,37.017,-39.046,37.426
13.47,1.786,1.173,2.072,37.486,-39.037,37.443
13.49,2.133,1.168,2.071,37.189,-39.045,37.425
13.50,2.054,1.171,2.073,36.818,-39.078,37.363
13.51,2.265,1.172,2.084,38.063,-39.111,37.377
13.51,2.071,1.174,2.086,38.135,-39.136,37.401
13.52,2.254,1.176,2.097,37.822,-39.147,37.421
13.53,2.342,1.174,2.111,37.616,-39.145,37.439
13.54,1.921,1.176,2.102,37.617,-39.144,37.456
13.55,2.085,1.177,2.102,37.755,-39.138,37.485
13.56,2.123,1.181,2.108,38.098,-39.125,37.538
13.58,1.772,1.178,2.086,38.476,-39.108,37.614
13.59,1.986,1.165,2.068,38.391,-39.073,37.699
13.59,2.291,1.147,2.064,38.256,-39.035,37.775
13.60,2.106,1.130,2.051,36.369,-39.013,37.722
13.61,2.173,1.120,2.049,36.555,-39.023,37.652
13.63,1.942,1.114,2.037,36.866,-39.044,37.592
13.64,2.175,1.117,2.048,37.903,-39.063,37.597
13.64,2.025,1.121,2.051,38.293,-39.069,37.638
13.66,2.176,1.123,2.061,38.383,-39.045,37.710
13.67,1.839,1.118,2.044,37.265,-39.024,37.710
13.68,2.070,1.117,2.045,37.134,-39.031,37.676
13.69,1.914,1.106,2.027,37.511,-39.058,37.647
13.70,2.142,1.096,2.024,36.744,-39.101,37.560
13.71,2.090,1.092,2.025,37.578,-39.140,37.529
13.72,1.844,1.092,2.015,39.015,-39.149,37.612
13.72,2.272,1.088,2.026,38.586,-39.134,37.689
13.74,1.987,1.087,2.024,37.745,-39.107,37.725
13.75,2.285,1.083,2.036,37.444,-39.081,37.740
13.76,2.258,1.079,2.045,36.343,-39.085,37.662
13.77,2.330,1.083,2.066,36.726,-39.122,37.579
13.78,2.345,1.091,2.091,37.376,-39.166,37.531
13.79,2.260,1.101,2.111,38.136,-39.200,37.539
13.80,1.899,1.104,2.103,38.157,-39.215,37.565
13.81,2.175,1.106,2.111,38.114,-39.214,37.604
13.82,1.969,1.107,2.104,38.321,-39.193,37.672
13.83,1.870,1.109,2.093,38.170,-39.165,37.734
13.84,2.476,1.108,2.115,37.735,-39.136,37.768
13.85,1.836,1.107,2.099,36.975,-39.119,37.746
13.86,1.973,1.105,2.092,37.102,-39.120,37.714
13.87,2.306,1.106,2.106,37.294,-39.135,37.681
13.88,2.013,1.109,2.104,37.263,-39.163,37.636
13.89,2.012,1.108,2.099,38.010,-39.188,37.640
13.90,2.173,1.107,2.103,37.983,-39.204,37.650
13.91,2.175,1.102,2.104,38.345,-39.201,37.699
13.92,2.054,1.099,2.099,38.048,-39.182,37.744
13.93,1.781,1.099,2.081,37.725,-39.158,37.772
13.94,2.166,1.101,2.089,37.668,-39.127,37.802
13.95,2.184,1.101,2.096,37.248,-39.103,37.799
13.96,2.137,1.105,2.102,37.198,-39.103,37.770
13.97,2.325,1.105,2.116,37.816,-39.106,37.775
13.98,2.201,1.101,2.119,37.421,-39.108,37.759
13.99,1.879,1.098,2.103,37.293,-39.114,37.732
14.00,1.936,1.096,2.093,37.145,-39.121,37.696
14.01,2.369,1.096,2.109,37.408,-39.131,37.674
14.02,2.112,1.095,2.110,37.590,-39.144,37.662
14.03,2.182,1.094,2.114,38.123,-39.155,37.683
14.04,2.196,1.093,2.118,38.017,-39.155,37.707
14.05,2.202,1.093,2.125,38.375,-39.139,37.766
14.06,2.045,1.098,2.126,37.483,-39.120,37.773
14.07,2.261,1.102,2.139,38.104,-39.101,37.815
14.08,2.033,1.096,2.128,37.834,-39.089,37.832
14.09,1.941,1.084,2.107,37.461,-39.082,37.823
14.10,2.085,1.075,2.098,36.932,-39.084,37.775
14.11,2.049,1.075,2.096,36.919,-39.095,37.720
14.12,1.944,1.073,2.087,37.400,-39.111,37.690
14.13,2.202,1.073,2.094,36.990,-39.128,37.637
14.14,2.453,1.081,2.123,36.173,-39.164,37.522
14.15,2.243,1.098,2.148,37.267,-39.210,37.466
14.16,1.951,1.118,2.157,38.163,-39.246,37.474
14.17,2.085,1.129,2.164,38.814,-39.272,37.530
14.18,2.137,1.133,2.167,38.325,-39.277,37.574
14.19,1.797,1.131,2.145,37.945,-39.286,37.592
14.20,2.284,1.131,2.154,38.565,-39.284,37.655
14.21,1.555,1.122,2.111,38.752,-39.265,37.741
14.22,2.048,1.112,2.099,37.845,-39.230,37.785
14.23,2.472,1.104,2.113,37.201,-39.194,37.791
14.24,1.772,1.107,2.097,37.385,-39.168,37.798
14.25,2.260,1.108,2.108,37.426,-39.148,37.801
14.26,2.019,1.107,2.102,37.754,-39.132,37.818
14.27,2.122,1.104,2.101,37.973,-39.113,37.849
14.28,2.326,1.096,2.107,37.760,-39.105,37.857
14.29,2.565,1.087,2.126,38.283,-39.097,37.894
14.30,2.332,1.076,2.129,37.635,-39.083,37.897
14.31,2.645,1.069,2.153,37.058,-39.070,37.866
14.32,1.902,1.067,2.139,37.334,-39.063,37.845
14.33,1.930,1.065,2.126,37.439,-39.055,37.834
14.34,1.714,1.065,2.104,37.038,-39.049,37.797
14.35,2.610,1.065,2.133,37.890,-39.037,37.816
14.36,2.019,1.066,2.129,36.979,-39.038,37.770
14.37,2.282,1.065,2.139,37.289,-39.051,37.733
14.38,1.899,1.066,2.126,37.634,-39.078,37.703
14.39,2.310,1.062,2.135,38.205,-39.109,37.706
14.40,2.001,1.059,2.125,38.056,-39.124,37.714
14.41,1.798,1.058,2.107,37.893,-39.120,37.730
14.42,2.096,1.058,2.107,37.842,-39.104,37.756
14.43,2.005,1.056,2.100,37.649,-39.089,37.767
14.44,2.184,1.058,2.108,37.221,-39.077,37.748
14.45,1.956,1.063,2.104,37.315,-39.080,37.723
14.46,2.285,1.065,2.118,37.691,-39.094,37.711
14.47,1.897,1.065,2.106,37.940,-39.105,37.716
14.48,2.043,1.065,2.103,37.749,-39.116,37.710
14.49,2.286,1.066,2.115,37.970,-39.123,37.720
14.50,2.247,1.067,2.124,37.860,-39.132,37.722
14.51,2.153,1.068,2.128,37.808,-39.137,37.725
14.52,1.967,1.070,2.121,38.033,-39.138,37.745
14.53,2.082,1.070,2.120,37.961,-39.138,37.760
14.54,2.028,1.072,2.118,37.785,-39.131,37.772
14.55,2.107,1.074,2.120,37.454,-39.125,37.762
14.56,2.006,1.079,2.119,37.761,-39.130,37.760
14.57,2.264,1.080,2.129,37.739,-39.137,37.755
14.58,2.125,1.080,2.129,37.388,-39.145,37.729
14.59,2.037,1.080,2.124,37.432,-39.158,37.702
14.60,1.834,1.078,2.107,37.436,-39.176,37.672
14.61,2.116,1.077,2.106,38.017,-39.183,37.688
14.62,1.917,1.077,2.096,38.020,-39.174,37.717
14.63,2.338,1.081,2.114,38.152,-39.153,37.765
14.64,2.192,1.081,2.119,37.875,-39.125,37.801
14.65,1.857,1.082,2.105,36.902,-39.117,37.759
14.66,1.701,1.083,2.084,37.403,-39.132,37.727
14.67,2.127,1.087,2.090,37.507,-39.150,37.700
14.68,1.821,1.088,2.076,37.933,-39.159,37.706
14.69,1.916,1.092,2.071,38.417,-39.158,37.751
14.70,1.891,1.090,2.057,38.347,-39.135,37.810
14.71,2.111,1.083,2.054,37.552,-39.103,37.828
14.72,1.708,1.076,2.027,36.502,-39.090,37.766
14.73,2.096,1.072,2.027,36.816,-39.097,37.706
14.74,2.276,1.070,2.039,37.181,-39.120,37.656
14.75,1.945,1.070,2.033,37.871,-39.140,37.650
14.76,2.128,1.069,2.037,37.648,-39.146,37.645
14.77,2.275,1.068,2.050,37.274,-39.147,37.624
14.78,2.116,1.076,2.061,37.103,-39.151,37.590
14.79,2.052,1.088,2.072,38.029,-39.146,37.621
14.80,2.119,1.095,2.081,38.623,-39.129,37.696
14.81,2.040,1.094,2.078,37.803,-39.099,37.732
14.82,2.044,1.098,2.080,37.073,-39.066,37.726
14.83,2.135,1.099,2.084,36.907,-39.058,37.688
14.84,2.393,1.098,2.101,37.481,-39.068,37.666
14.85,1.993,1.097,2.094,37.389,-39.076,37.643
14.86,2.201,1.100,2.103,36.647,-39.093,37.569
14.87,2.270,1.112,2.124,37.090,-39.111,37.524
14.88,2.485,1.123,2.156,37.614,-39.124,37.515
14.89,2.363,1.128,2.172,37.802,-39.140,37.516
14.90,2.492,1.136,2.200,37.653,-39.168,37.497
14.91,1.637,1.143,2.174,38.033,-39.191,37.506
14.92,2.000,1.147,2.168,38.625,-39.199,37.563
14.93,2.016,1.147,2.160,37.697,-39.198,37.572
14.94,1.707,1.154,2.140,38.058,-39.194,37.605
14.95,1.815,1.151,2.119,37.887,-39.174,37.641
14.96,2.277,1.154,2.130,37.480,-39.144,37.661
14.97,2.176,1.154,2.133,37.201,-39.129,37.650
14.99,2.555,1.151,2.154,37.172,-39.131,37.621
15.00,2.046,1.147,2.145,36.637,-39.155,37.542
15.01,1.883,1.144,2.126,37.814,-39.188,37.526
15.01,1.955,1.144,2.116,37.731,-39.216,37.512
15.03,2.095,1.143,2.114,38.075,-39.234,37.528
15.04,2.418,1.146,2.135,38.270,-39.240,37.566
15.05,2.117,1.143,2.131,37.966,-39.242,37.588
15.05,2.594,1.145,2.159,38.156,-39.242,37.622
15.07,1.936,1.146,2.148,37.779,-39.237,37.638
15.08,2.182,1.147,2.150,38.008,-39.229,37.668
15.09,2.001,1.148,2.143,38.104,-39.208,37.716
15.09,2.044,1.145,2.135,37.742,-39.176,37.750
15.10,1.997,1.147,2.128,37.215,-39.166,37.731
15.12,2.535,1.142,2.147,37.694,-39.169,37.728
15.13,2.176,1.137,2.144,37.097,-39.178,37.685
15.13,1.707,1.135,2.117,37.172,-39.206,37.631
15.15,2.316,1.135,2.129,37.957,-39.231,37.627
15.16,2.199,1.136,2.133,37.625,-39.249,37.612
15.17,1.854,1.138,2.119,38.081,-39.252,37.636
15.18,2.062,1.139,2.117,37.858,-39.255,37.649
15.18,1.771,1.142,2.099,37.252,-39.268,37.615
15.20,2.211,1.142,2.105,38.306,-39.281,37.645
15.21,2.102,1.141,2.104,38.703,-39.277,37.712
15.22,2.215,1.142,2.111,38.085,-39.250,37.762
15.22,2.095,1.146,2.114,37.516,-39.225,37.775
15.24,1.919,1.151,2.107,37.370,-39.209,37.769
15.25,2.312,1.145,2.113,37.591,-39.194,37.775
15.26,1.996,1.144,2.104,37.549,-39.199,37.760
15.27,2.205,1.143,2.109,37.198,-39.225,37.706
15.28,1.918,1.140,2.095,37.160,-39.282,37.623
15.29,2.186,1.136,2.096,38.558,-39.333,37.630
15.30,2.280,1.139,2.109,37.415,-39.366,37.589
15.31,2.065,1.157,2.123,38.748,-39.377,37.649
15.32,2.312,1.156,2.133,37.980,-39.380,37.668
15.33,2.380,1.162,2.153,37.886,-39.385,37.679
15.34,2.180,1.163,2.156,38.059,-39.389,37.700
15.35,2.120,1.164,2.155,37.592,-39.392,37.695
15.36,2.380,1.166,2.169,38.011,-39.391,37.718
15.37,2.147,1.162,2.164,37.566,-39.385,37.719
15.38,1.661,1.161,2.135,37.241,-39.395,37.685
15.39,1.672,1.161,2.107,37.583,-39.426,37.654
15.40,2.239,1.157,2.111,38.288,-39.458,37.664
15.41,2.212,1.156,2.116,38.173,-39.480,37.676
15.42,2.170,1.161,2.123,38.037,-39.477,37.704
15.43,2.383,1.173,2.149,39.357,-39.437,37.842
15.44,2.017,1.173,2.141,39.454,-39.375,38.000
15.45,2.458,1.168,2.155,36.738,-39.334,37.972
15.46,2.406,1.165,2.167,37.346,-39.326,37.949
15.47,2.200,1.155,2.159,37.517,-39.338,37.918
15.48,2.446,1.145,2.167,37.896,-39.354,37.907
15.49,1.506,1.142,2.126,38.103,-39.354,37.923
15.50,2.183,1.140,2.127,38.280,-39.326,37.975
15.51,1.862,1.139,2.111,37.566,-39.284,37.997
15.52,1.994,1.143,2.107,38.079,-39.233,38.054
15.53,1.996,1.140,2.098,37.500,-39.190,38.068
15.54,1.965,1.137,2.087,36.824,-39.183,38.007
15.55,2.128,1.132,2.085,37.015,-39.211,37.926
15.56,2.110,1.126,2.080,37.730,-39.259,37.873
15.57,2.131,1.126,2.083,37.885,-39.295,37.842
15.58,2.250,1.125,2.091,38.747,-39.288,37.905
15.59,1.574,1.126,2.061,38.527,-39.250,37.980
15.60,1.662,1.120,2.032,38.454,-39.202,38.057
15.61,2.205,1.104,2.027,37.633,-39.160,38.077
15.62,2.680,1.093,2.053,36.550,-39.142,38.008
15.63,2.133,1.090,2.055,36.864,-39.150,37.938
15.64,1.885,1.084,2.039,37.958,-39.165,37.927
15.65,2.163,1.077,2.039,38.130,-39.172,37.934
15.66,2.132,1.075,2.043,37.727,-39.170,37.926
15.67,2.135,1.072,2.045,38.167,-39.151,37.960
15.68,2.120,1.068,2.045,37.460,-39.126,37.957
15.69,2.439,1.068,2.069,37.529,-39.103,37.955
15.70,2.096,1.065,2.067,37.907,-39.080,37.976
15.71,1.731,1.065,2.048,37.358,-39.068,37.953
15.72,2.074,1.063,2.048,37.553,-39.067,37.932
15.73,2.254,1.061,2.058,38.295,-39.063,37.958
15.74,2.074,1.053,2.051,37.010,-39.055,37.911
15.75,1.982,1.054,2.049,37.322,-39.053,37.880
15.76,1.904,1.055,2.041,37.680,-39.050,37.871
15.77,2.265,1.055,2.054,37.645,-39.041,37.866
15.78,2.247,1.054,2.065,37.637,-39.031,37.862
15.79,2.049,1.049,2.059,37.751,-39.020,37.865
15.80,2.257,1.048,2.070,37.519,-39.013,37.851
15.81,2.151,1.044,2.072,37.747,-39.014,37.843
15.82,2.106,1.043,2.073,37.275,-39.023,37.801
15.83,2.256,1.038,2.080,36.872,-39.036,37.732
15.84,2.335,1.036,2.094,37.229,-39.062,37.677
15.85,2.441,1.046,2.124,36.483,-39.085,37.584
15.86,2.214,1.066,2.149,37.404,-39.109,37.547
15.87,1.996,1.090,2.164,38.549,-39.124,37.589
15.88,1.812,1.095,2.149,39.017,-39.112,37.680
15.89,2.298,1.091,2.155,37.446,-39.087,37.688
15.90,2.626,1.093,2.185,37.291,-39.072,37.677
15.91,2.355,1.093,2.197,37.516,-39.067,37.671
15.92,2.009,1.094,2.187,37.704,-39.064,37.674
15.93,2.149,1.093,2.186,37.736,-39.054,37.684
15.94,2.002,1.096,2.179,37.358,-39.043,37.674
15.95,2.068,1.091,2.169,37.256,-39.033,37.657
15.96,2.389,1.091,2.182,36.855,-39.046,37.595
15.97,2.360,1.098,2.201,35.456,-39.092,37.425
15.98,2.216,1.117,2.221,37.309,-39.150,37.359
15.99,1.955,1.138,2.227,38.216,-39.205,37.352
16.00,2.118,1.151,2.234,38.939,-39.229,37.417
16.01,2.025,1.153,2.224,39.131,-39.237,37.507
16.02,2.029,1.154,2.214,37.702,-39.244,37.509
16.03,2.019,1.154,2.204,37.961,-39.259,37.520
16.04,1.779,1.152,2.178,37.969,-39.261,37.543
16.05,1.981,1.155,2.169,37.239,-39.274,37.513
16.06,1.971,1.153,2.156,37.673,-39.292,37.503
16.07,2.002,1.150,2.144,37.154,-39.319,37.457
16.08,2.565,1.145,2.164,37.310,-39.351,37.418
16.09,2.157,1.153,2.171,37.234,-39.391,37.368
16.10,2.076,1.173,2.185,37.626,-39.433,37.341
16.11,1.790,1.194,2.181,38.694,-39.459,37.394
16.12,1.978,1.204,2.179,39.200,-39.473,37.486
16.13,2.045,1.208,2.175,38.706,-39.477,37.553
16.14,2.051,1.207,2.166,38.281,-39.471,37.603
16.15,2.306,1.206,2.173,37.474,-39.466,37.603
16.16,1.872,1.210,2.159,38.308,-39.462,37.650
16.17,2.062,1.211,2.153,38.442,-39.436,37.724
16.18,2.217,1.212,2.157,38.478,-39.400,37.805
16.19,1.901,1.216,2.145,38.168,-39.364,37.863
16.20,2.245,1.206,2.141,37.717,-39.337,37.884
16.21,2.005,1.192,2.119,36.811,-39.334,37.829
16.22,2.091,1.192,2.116,36.798,-39.357,37.751
16.23,2.222,1.194,2.124,38.623,-39.375,37.787
16.24,2.115,1.192,2.120,37.752,-39.372,37.792
16.25,2.243,1.191,2.126,38.050,-39.361,37.820
16.26,1.772,1.196,2.109,38.128,-39.333,37.867
16.27,2.195,1.196,2.113,37.847,-39.296,37.904
16.28,1.947,1.195,2.101,36.811,-39.278,37.861
16.29,2.137,1.200,2.108,37.498,-39.281,37.841
16.30,1.849,1.203,2.094,37.834,-39.290,37.834
16.31,1.582,1.200,2.060,38.699,-39.296,37.881
16.32,1.738,1.188,2.029,38.930,-39.281,37.959
16.33,1.824,1.168,1.996,38.388,-39.236,38.030
16.34,2.366,1.158,2.006,36.977,-39.185,38.021
16.35,2.367,1.153,2.021,37.671,-39.133,38.053
16.36,2.359,1.142,2.028,36.898,-39.089,38.030
16.37,2.143,1.139,2.031,35.588,-39.092,37.888
16.38,2.324,1.137,2.046,36.791,-39.128,37.791
16.39,2.183,1.134,2.049,37.422,-39.168,37.731
16.40,2.082,1.134,2.051,37.842,-39.196,37.710
16.41,2.286,1.134,2.064,38.332,-39.201,37.741
16.42,2.516,1.132,2.088,38.470,-39.189,37.795
16.43,1.785,1.134,2.071,37.902,-39.169,37.821
16.44,2.116,1.137,2.077,37.995,-39.143,37.855
16.46,1.765,1.139,2.060,37.459,-39.126,37.849
16.46,2.261,1.139,2.071,37.688,-39.119,37.847
16.47,2.219,1.140,2.080,37.610,-39.114,37.838
16.48,1.930,1.139,2.069,37.359,-39.119,37.806
16.49,2.126,1.136,2.070,37.610,-39.130,37.784
16.51,1.880,1.135,2.057,38.005,-39.131,37.795
16.51,2.026,1.134,2.054,37.772,-39.125,37.799
16.53,2.067,1.134,2.054,37.789,-39.113,37.809
16.54,2.015,1.134,2.051,37.128,-39.104,37.778
16.55,2.236,1.134,2.061,37.687,-39.097,37.779
16.56,2.043,1.131,2.057,37.301,-39.100,37.747
16.57,2.271,1.133,2.070,37.486,-39.110,37.721
16.58,2.276,1.132,2.081,38.410,-39.105,37.765
16.59,1.891,1.134,2.072,37.394,-39.085,37.761
16.60,2.114,1.136,2.075,37.840,-39.061,37.787
16.61,2.046,1.134,2.072,38.166,-39.025,37.842
16.62,2.194,1.122,2.067,37.112,-39.007,37.816
16.63,2.054,1.123,2.067,36.048,-39.022,37.698
16.64,2.324,1.120,2.079,37.994,-39.040,37.695
16.65,1.800,1.122,2.065,37.348,-39.050,37.663
16.66,2.361,1.126,2.085,37.717,-39.061,37.653
16.67,2.161,1.125,2.089,38.568,-39.054,37.711
16.68,2.142,1.127,2.093,37.950,-39.030,37.745
16.69,1.953,1.128,2.086,37.936,-39.003,37.779
16.70,2.296,1.118,2.089,38.307,-38.974,37.835
16.71,1.670,1.096,2.044,37.073,-38.954,37.809
16.72,2.164,1.079,2.035,36.644,-38.948,37.745
16.73,2.316,1.072,2.044,36.184,-38.950,37.650
16.74,1.542,1.078,2.021,36.884,-38.969,37.584
16.75,2.282,1.075,2.033,38.222,-38.971,37.615
16.76,1.608,1.077,2.010,37.487,-38.965,37.609
16.77,2.056,1.081,2.016,37.464,-38.965,37.597
16.78,1.761,1.084,2.004,37.555,-38.962,37.593
16.79,2.192,1.082,2.012,37.455,-38.957,37.586
16.80,2.229,1.083,2.025,36.904,-38.957,37.542
16.81,2.016,1.081,2.023,37.452,-38.965,37.524
16.82,2.357,1.077,2.038,37.429,-38.974,37.505
16.83,1.917,1.072,2.026,37.316,-38.981,37.483
16.84,2.086,1.069,2.027,37.685,-38.981,37.490
16.85,2.047,1.073,2.032,37.603,-38.976,37.496
16.86,2.220,1.075,2.044,38.156,-38.961,37.544
16.87,2.340,1.080,2.067,37.368,-38.946,37.544
16.88,1.917,1.085,2.062,37.635,-38.932,37.557
16.89,2.229,1.088,2.075,37.908,-38.908,37.596
16.90,2.023,1.080,2.065,37.882,-38.889,37.627
16.91,1.968,1.064,2.044,37.140,-38.887,37.597
16.92,2.360,1.051,2.051,36.115,-38.895,37.499
16.93,1.873,1.050,2.040,37.204,-38.917,37.456
16.94,2.378,1.047,2.057,37.955,-38.934,37.463
16.95,2.385,1.046,2.076,37.418,-38.935,37.455
16.96,2.459,1.047,2.100,37.201,-38.922,37.446
16.97,1.924,1.051,2.095,37.189,-38.924,37.425
16.98,2.392,1.050,2.111,37.725,-38.931,37.430
16.99,2.440,1.049,2.131,37.834,-38.924,37.455
17.00,1.504,1.053,2.099,36.993,-38.928,37.419
17.01,2.025,1.049,2.093,38.841,-38.928,37.496
17.02,2.176,1.037,2.087,37.452,-38.908,37.508
17.03,2.345,1.026,2.093,36.000,-38.907,37.416
17.04,2.312,1.027,2.107,36.370,-38.931,37.328
17.05,2.506,1.022,2.128,38.156,-38.949,37.352
17.06,1.908,1.020,2.114,37.690,-38.944,37.371
17.07,2.201,1.021,2.122,37.542,-38.937,37.383
17.08,2.233,1.024,2.133,38.180,-38.915,37.444
17.09,1.933,1.023,2.122,37.484,-38.880,37.475
17.10,2.116,1.018,2.118,37.542,-38.854,37.499
17.11,2.046,0.999,2.097,37.122,-38.843,37.483
17.12,2.226,0.992,2.100,35.658,-38.855,37.361
17.13,2.012,0.993,2.097,36.727,-38.886,37.289
17.14,2.360,0.994,2.114,38.027,-38.895,37.316
17.15,1.903,0.993,2.103,37.633,-38.886,37.337
17.16,2.200,0.992,2.109,37.485,-38.869,37.356
17.17,2.016,0.988,2.101,37.359,-38.854,37.365
17.18,2.335,0.986,2.115,37.516,-38.848,37.373
17.19,2.035,0.981,2.107,37.494,-38.844,37.378
17.20,2.363,0.977,2.120,37.098,-38.846,37.355
17.21,2.299,0.976,2.131,37.008,-38.851,37.325
17.22,2.134,0.974,2.131,37.392,-38.850,37.324
17.23,1.966,0.973,2.122,37.626,-38.846,37.339
17.24,2.270,0.975,2.134,37.725,-38.828,37.373
17.25,2.086,0.975,2.133,37.267,-38.796,37.391
17.26,2.083,0.975,2.132,37.142,-38.767,37.398
17.27,2.102,0.973,2.130,36.870,-38.760,37.368
17.28,2.298,0.973,2.142,37.148,-38.771,37.339
17.29,2.071,0.971,2.138,37.687,-38.780,37.344
17.30,1.869,0.973,2.126,37.771,-38.774,37.369
17.31,1.833,0.972,2.110,37.705,-38.751,37.405
17.32,1.982,0.969,2.101,37.770,-38.720,37.450
17.33,2.537,0.958,2.117,37.885,-38.689,37.499
17.34,2.320,0.944,2.118,36.311,-38.672,37.441
17.35,2.400,0.942,2.133,36.197,-38.676,37.359
17.36,2.067,0.938,2.128,37.722,-38.683,37.367
17.37,2.315,0.929,2.132,37.460,-38.678,37.371
17.38,2.298,0.931,2.146,37.033,-38.660,37.361
17.39,1.953,0.930,2.136,37.722,-38.624,37.410
17.40,2.212,0.923,2.136,37.757,-38.582,37.463
17.41,2.316,0.914,2.140,36.471,-38.560,37.421
17.42,2.277,0.910,2.147,35.977,-38.572,37.319
17.43,2.222,0.911,2.154,36.811,-38.599,37.256
17.44,2.167,0.910,2.157,37.638,-38.614,37.256
17.45,2.408,0.909,2.172,37.329,-38.607,37.259
17.46,1.856,0.911,2.158,37.725,-38.579,37.305
17.47,2.448,0.910,2.176,37.450,-38.530,37.352
17.48,2.069,0.911,2.174,36.723,-38.487,37.348
17.49,1.809,0.912,2.157,37.291,-38.460,37.362
17.50,2.353,0.903,2.161,36.448,-38.459,37.303
17.51,2.533,0.899,2.182,36.066,-38.479,37.204
17.52,2.223,0.896,2.184,36.959,-38.500,37.160
17.53,2.645,0.891,2.209,37.556,-38.500,37.172
17.54,1.510,0.897,2.176,38.091,-38.475,37.240
17.55,2.197,0.894,2.178,37.742,-38.427,37.306
17.56,2.467,0.897,2.200,37.505,-38.357,37.375
17.57,1.860,0.896,2.182,37.403,-38.267,37.454
17.58,2.402,0.894,2.195,37.422,-38.169,37.535
17.59,1.999,0.890,2.182,37.810,-38.051,37.654
17.60,2.133,0.877,2.171,36.773,-37.926,37.713
17.61,1.806,0.871,2.146,36.080,-37.816,37.713
17.62,2.155,0.861,2.139,36.913,-37.710,37.756
17.63,2.335,0.841,2.134,36.343,-37.597,37.770
17.64,2.115,0.829,2.124,36.472,-37.473,37.799
17.65,2.185,0.820,2.121,37.061,-37.317,37.890
17.66,2.179,0.807,2.115,37.609,-37.111,38.055
17.67,2.027,0.785,2.092,38.332,-36.835,38.317
17.68,2.218,0.755,2.073,37.295,-36.502,38.557
17.69,1.335,0.716,1.996,37.489,-36.127,38.835
17.70,2.264,0.655,1.956,37.663,-35.721,39.134
17.71,2.164,0.578,1.898,35.795,-35.271,39.347
17.72,2.436,0.500,1.858,34.089,-34.801,39.466
17.73,2.726,0.431,1.846,33.011,-34.320,39.522
17.74,3.846,0.366,1.904,31.836,-33.833,39.507
17.75,2.505,0.311,1.892,31.275,-33.349,39.453
17.76,1.776,0.263,1.845,32.907,-32.877,39.478
17.77,2.428,0.190,1.816,33.415,-32.374,39.556
17.78,2.023,0.125,1.772,30.817,-31.871,39.474
17.79,4.433,0.087,1.897,28.703,-31.335,39.300
17.80,2.067,0.072,1.901,27.188,-30.809,39.029
17.81,2.897,0.093,1.986,28.062,-30.311,38.791
17.82,1.790,0.106,1.996,29.081,-29.834,38.597
17.83,1.558,0.121,1.993,30.670,-29.360,38.496
17.84,1.713,0.110,1.975,29.669,-28.883,38.340
17.85,1.808,0.099,1.963,27.622,-28.397,38.077
17.86,2.930,0.091,2.019,25.584,-27.857,37.755
17.87,2.608,0.108,2.079,23.576,-27.148,37.469
17.88,4.536,0.165,2.285,25.189,-26.376,37.353
17.89,4.449,0.217,2.471,27.200,-25.465,37.483
17.91,-0.286,0.260,2.363,28.963,-24.531,37.723
17.92,0.730,0.263,2.282,28.781,-23.587,37.941
17.92,0.705,0.252,2.188,25.925,-22.618,37.998
17.93,6.053,0.158,2.332,22.585,-21.542,37.948
17.94,1.815,0.167,2.321,18.011,-20.475,37.618
17.95,2.916,0.145,2.345,19.095,-19.437,37.326
17.96,3.872,0.164,2.462,17.622,-18.355,36.995
17.97,4.492,0.168,2.596,19.178,-17.173,36.854
17.98,4.053,0.187,2.712,19.069,-15.805,36.876
18.00,1.255,0.152,2.609,17.820,-14.244,36.993
18.00,2.912,0.125,2.614,13.912,-12.634,36.909
18.01,2.150,0.107,2.584,9.206,-11.065,36.501
18.03,-0.033,0.079,2.419,9.119,-9.598,35.995
18.04,0.532,0.050,2.294,10.409,-8.298,35.416
18.05,0.270,0.050,2.187,8.160,-7.015,34.663
18.06,0.732,0.102,2.160,7.968,-5.927,33.774
18.07,2.635,0.146,2.236,6.079,-4.861,32.788
18.08,3.813,0.245,2.430,2.631,-3.787,31.645
18.09,6.188,0.353,2.758,3.588,-2.745,30.574
18.10,4.712,0.375,2.904,2.314,-1.796,29.384
18.11,2.052,0.216,2.718,-0.555,-1.116,27.824
18.12,1.864,0.204,2.669,-0.678,-0.717,26.061
18.13,0.609,0.201,2.558,0.804,-0.564,24.236
18.14,1.232,0.195,2.486,6.375,-0.466,22.769
18.15,0.897,0.184,2.393,8.670,-0.377,21.501
18.16,0.231,0.169,2.261,7.505,-0.326,20.193
18.17,-0.796,0.154,2.077,5.763,-0.285,18.841
18.18,1.434,0.152,2.042,4.806,-0.270,17.479
18.19,1.258,0.150,1.999,5.429,-0.259,16.217
18.20,1.865,0.146,1.991,4.702,-0.249,14.978
18.21,1.728,0.147,1.980,5.927,-0.238,13.875
18.22,0.670,0.147,1.907,6.971,-0.227,12.890
18.23,0.743,0.145,1.840,6.178,-0.222,11.907
18.24,1.794,0.145,1.839,5.185,-0.217,10.918
18.25,1.219,0.142,1.802,4.806,-0.212,9.960
18.26,1.984,0.141,1.812,4.537,-0.207,9.039
18.27,1.773,0.139,1.810,4.902,-0.204,8.186
18.28,1.251,0.138,1.777,2.024,-0.202,7.213
18.29,1.444,0.137,1.757,3.581,-0.201,6.382
18.30,1.379,0.136,1.735,3.763,-0.200,5.607
18.31,1.857,0.136,1.742,3.821,-0.199,4.879
18.32,1.530,0.136,1.731,3.658,-0.197,4.184
18.33,1.735,0.135,1.730,3.793,-0.195,3.537
18.34,2.106,0.136,1.752,3.615,-0.193,2.916
18.35,2.134,0.135,1.774,3.907,-0.193,2.348
18.36,1.968,0.135,1.786,3.868,-0.193,1.810
18.37,1.879,0.134,1.791,3.157,-0.195,1.264
18.38,1.575,0.134,1.779,3.346,-0.195,0.762
18.39,2.101,0.135,1.800,3.984,-0.195,0.267
18.40,1.838,0.136,1.804,4.336,-0.194,-0.112
18.41,2.251,0.138,1.832,4.876,-0.194,-0.436
18.42,1.933,0.138,1.840,3.817,-0.192,-0.797
18.43,1.780,0.138,1.837,1.904,-0.191,-1.245
18.44,1.566,0.141,1.826,2.332,-0.192,-1.643
18.45,1.652,0.144,1.819,3.441,-0.192,-1.948
18.46,1.605,0.142,1.806,3.668,-0.192,-2.220
18.47,1.685,0.144,1.802,3.343,-0.192,-2.489
18.48,1.738,0.146,1.801,3.628,-0.193,-2.724
18.49,1.845,0.148,1.806,3.960,-0.191,-2.918
18.50,2.240,0.149,1.833,3.690,-0.191,-3.112
18.51,2.095,0.150,1.849,3.479,-0.190,-3.302
18.52,1.840,0.150,1.850,3.545,-0.188,-3.472
18.53,1.955,0.149,1.857,3.653,-0.187,-3.621
18.54,1.809,0.151,1.857,3.397,-0.185,-3.770
18.55,1.645,0.152,1.846,4.046,-0.183,-3.867
18.56,1.620,0.152,1.835,3.535,-0.181,-4.034
18.57,1.656,0.153,1.826,3.628,-0.182,-4.130
18.58,1.687,0.150,1.816,3.797,-0.181,-4.202
18.59,1.801,0.148,1.814,3.564,-0.179,-4.276
18.60,1.904,0.148,1.820,3.709,-0.177,-4.332
18.61,2.059,0.146,1.832,3.442,-0.177,-4.397
18.62,1.949,0.147,1.841,3.282,-0.176,-4.460
18.63,2.101,0.146,1.857,3.708,-0.175,-4.489
18.64,1.952,0.148,1.865,3.643,-0.176,-4.517
18.65,1.859,0.147,1.865,3.555,-0.176,-4.541
18.66,1.800,0.145,1.860,4.376,-0.171,-4.505
18.67,1.794,0.146,1.858,3.811,-0.169,-4.500
18.68,1.691,0.145,1.849,3.882,-0.167,-4.486
18.69,1.786,0.144,1.846,3.435,-0.166,-4.492
18.70,1.886,0.140,1.846,3.548,-0.167,-4.488
18.71,1.975,0.139,1.853,3.712,-0.168,-4.469
18.72,1.930,0.141,1.860,4.120,-0.170,-4.422
18.73,1.668,0.142,1.851,4.567,-0.171,-4.344
18.74,1.659,0.140,1.839,4.056,-0.172,-4.295
18.75,1.511,0.141,1.822,3.914,-0.173,-4.249
18.76,1.674,0.139,1.812,2.155,-0.175,-4.303
18.77,1.684,0.135,1.801,3.474,-0.177,-4.273
18.78,1.750,0.135,1.799,3.045,-0.177,-4.261
18.79,1.891,0.134,1.804,3.699,-0.177,-4.208
18.80,1.889,0.132,1.807,3.635,-0.177,-4.154
18.81,1.712,0.133,1.803,2.932,-0.176,-4.139
18.82,1.802,0.133,1.804,3.532,-0.177,-4.085
18.83,1.793,0.133,1.803,3.568,-0.177,-4.027
18.84,1.874,0.134,1.809,3.734,-0.178,-3.957
18.85,1.722,0.132,1.803,3.372,-0.177,-3.905
18.86,1.914,0.133,1.810,3.398,-0.177,-3.849
18.87,1.934,0.133,1.818,3.884,-0.179,-3.765
18.88,1.640,0.135,1.810,3.456,-0.177,-3.701
18.89,1.675,0.136,1.804,2.961,-0.176,-3.665
18.90,1.537,0.135,1.788,3.206,-0.176,-3.645
18.91,1.946,0.133,1.795,3.547,-0.176,-3.567
18.92,1.809,0.135,1.798,3.459,-0.176,-3.494
18.93,1.785,0.134,1.797,3.542,-0.176,-3.414
18.94,1.993,0.134,1.809,3.752,-0.175,-3.322
18.95,1.601,0.135,1.798,3.574,-0.174,-3.240
18.96,1.632,0.132,1.786,3.558,-0.174,-3.159
18.97,1.960,0.134,1.798,3.722,-0.174,-3.068
18.98,1.822,0.132,1.798,4.175,-0.175,-2.953
18.99,1.769,0.132,1.797,4.376,-0.175,-2.827
19.00,1.804,0.131,1.796,8.216,-0.176,-2.481
19.01,1.674,0.131,1.790,3.546,-0.177,-2.417
19.02,1.657,0.130,1.782,2.414,-0.179,-2.420
19.03,1.574,0.130,1.770,2.874,-0.179,-2.389
19.04,1.893,0.131,1.777,2.443,-0.181,-2.383
19.05,1.724,0.132,1.775,2.608,-0.181,-2.364
19.06,1.990,0.132,1.788,3.378,-0.182,-2.297
19.07,2.106,0.132,1.806,3.834,-0.183,-2.228
19.08,1.854,0.131,1.809,2.867,-0.182,-2.187
19.09,1.685,0.130,1.801,3.572,-0.182,-2.105
19.10,1.894,0.133,1.809,3.739,-0.183,-2.015
19.11,1.741,0.133,1.806,3.608,-0.183,-1.933
19.12,1.914,0.133,1.812,3.461,-0.184,-1.860
19.13,1.568,0.133,1.799,3.654,-0.183,-1.774
19.14,1.742,0.133,1.796,3.608,-0.183,-1.694
19.15,1.828,0.133,1.798,3.399,-0.182,-1.626
19.16,2.087,0.135,1.817,3.699,-0.181,-1.540
19.17,1.752,0.136,1.814,3.585,-0.181,-1.462
19.18,2.053,0.135,1.828,3.601,-0.181,-1.385
19.19,1.997,0.135,1.838,3.934,-0.180,-1.288
19.20,2.022,0.135,1.849,3.659,-0.181,-1.211
19.21,1.926,0.136,1.856,3.537,-0.184,-1.144
19.22,1.757,0.136,1.851,3.630,-0.186,-1.070
19.23,1.923,0.135,1.855,3.558,-0.187,-1.001
19.24,1.994,0.135,1.864,3.661,-0.189,-0.928
19.25,1.994,0.135,1.872,3.597,-0.190,-0.857
19.26,1.647,0.135,1.860,3.605,-0.188,-0.785
19.27,1.981,0.131,1.865,3.858,-0.187,-0.699
19.28,1.721,0.130,1.856,3.454,-0.187,-0.640
19.29,1.722,0.129,1.848,3.681,-0.187,-0.567
19.30,1.658,0.130,1.839,3.979,-0.187,-0.479
19.31,1.786,0.130,1.836,3.604,-0.189,-0.415
19.32,2.020,0.130,1.848,3.578,-0.189,-0.353
19.33,1.743,0.129,1.842,3.523,-0.189,-0.293
19.34,1.795,0.128,1.839,3.656,-0.188,-0.227
19.35,1.950,0.129,1.847,3.504,-0.189,-0.171
19.36,1.800,0.127,1.843,3.766,-0.189,-0.100
19.37,1.866,0.129,1.847,3.563,-0.189,-0.042
19.38,1.832,0.128,1.846,3.595,-0.189,0.018
19.39,1.660,0.127,1.834,3.376,-0.189,0.064
19.40,1.984,0.126,1.843,3.339,-0.188,0.108
19.41,1.685,0.125,1.834,3.371,-0.188,0.141
19.42,1.860,0.125,1.836,3.637,-0.188,0.203
19.43,1.805,0.126,1.835,3.621,-0.188,0.263
19.45,1.728,0.126,1.830,3.933,-0.189,0.339
19.46,1.739,0.127,1.826,3.778,-0.189,0.406
19.46,1.852,0.129,1.829,3.625,-0.189,0.463
19.47,1.792,0.128,1.827,3.934,-0.188,0.536
19.49,1.781,0.129,1.825,3.618,-0.188,0.590
19.50,1.940,0.129,1.832,3.644,-0.187,0.644
19.50,1.818,0.127,1.831,3.937,-0.187,0.714
19.51,2.050,0.128,1.844,3.537,-0.188,0.758
19.52,1.936,0.128,1.850,3.336,-0.188,0.791
19.54,2.090,0.127,1.864,3.790,-0.189,0.849
19.54,1.980,0.128,1.872,3.301,-0.189,0.878
19.56,1.705,0.127,1.863,3.746,-0.187,0.936
19.56,1.805,0.125,1.858,3.780,-0.188,0.991
19.58,1.961,0.124,1.864,3.749,-0.189,1.043
19.59,1.898,0.125,1.867,3.661,-0.190,1.080
19.60,1.910,0.125,1.871,3.732,-0.189,1.133
19.61,1.819,0.125,1.868,3.793,-0.189,1.187
19.62,1.869,0.126,1.871,3.954,-0.188,1.250
19.63,1.880,0.125,1.871,3.812,-0.187,1.304
19.64,1.838,0.124,1.869,3.984,-0.188,1.364
19.65,1.882,0.122,1.869,3.845,-0.187,1.416
19.66,1.935,0.123,1.874,3.771,-0.189,1.461
19.67,1.921,0.122,1.877,3.293,-0.188,1.479
19.68,1.709,0.122,1.868,3.103,-0.187,1.486
19.69,2.086,0.122,1.882,3.429,-0.186,1.513
19.70,1.916,0.121,1.884,3.488,-0.188,1.541
19.71,1.581,0.122,1.868,3.562,-0.187,1.576
19.72,1.731,0.122,1.861,3.619,-0.186,1.613
19.73,1.854,0.121,1.860,3.695,-0.187,1.652
19.74,1.830,0.121,1.859,3.606,-0.187,1.687
19.75,2.068,0.122,1.872,3.727,-0.186,1.728
19.76,1.730,0.121,1.864,3.607,-0.184,1.762
19.77,1.814,0.119,1.860,3.585,-0.184,1.794
19.78,1.923,0.118,1.863,3.338,-0.184,1.810
19.79,1.796,0.119,1.861,3.483,-0.183,1.835
19.80,1.910,0.117,1.862,3.563,-0.183,1.865
19.81,2.130,0.116,1.878,3.494,-0.182,1.890
19.82,1.717,0.117,1.870,3.846,-0.183,1.934
19.83,1.676,0.116,1.859,3.464,-0.183,1.955
19.84,2.084,0.119,1.875,3.545,-0.182,1.983
19.85,1.835,0.120,1.875,3.523,-0.182,2.007
19.86,1.942,0.119,1.878,3.619,-0.183,2.036
19.87,1.813,0.119,1.876,3.663,-0.182,2.068
19.88,1.777,0.117,1.869,3.846,-0.183,2.109
19.89,1.763,0.117,1.863,3.772,-0.183,2.145
19.90,2.153,0.117,1.880,3.686,-0.183,2.176
19.91,1.990,0.116,1.887,3.772,-0.183,2.211
19.92,2.373,0.115,1.915,3.920,-0.183,2.254
19.93,1.639,0.115,1.900,3.622,-0.183,2.273
19.94,1.887,0.116,1.902,3.144,-0.182,2.270
19.95,1.749,0.116,1.893,3.464,-0.182,2.287
19.96,1.859,0.117,1.893,3.544,-0.182,2.307
19.97,2.008,0.116,1.900,3.697,-0.182,2.336
19.98,1.600,0.117,1.884,3.599,-0.182,2.359
19.99,1.663,0.117,1.872,3.557,-0.183,2.378
20.00,1.826,0.115,1.868,3.409,-0.184,2.388
20.01,1.988,0.115,1.876,3.475,-0.185,2.402
20.02,1.685,0.115,1.865,3.865,-0.185,2.440
20.03,1.910,0.114,1.868,3.578,-0.186,2.459
20.04,2.024,0.114,1.877,3.764,-0.186,2.490
20.05,1.857,0.114,1.877,3.432,-0.187,2.499
20.06,1.715,0.115,1.868,3.791,-0.185,2.532
20.07,2.108,0.116,1.884,3.611,-0.184,2.553
20.08,2.250,0.118,1.908,3.898,-0.183,2.590
20.09,1.753,0.119,1.901,3.255,-0.185,2.586
20.10,1.816,0.120,1.897,3.412,-0.185,2.590
20.11,1.909,0.119,1.898,3.390,-0.185,2.596
20.12,1.804,0.117,1.892,3.560,-0.185,2.613
20.13,1.822,0.116,1.887,3.665,-0.185,2.636
20.14,2.065,0.118,1.900,3.612,-0.185,2.656
20.15,1.823,0.116,1.894,3.457,-0.184,2.666
20.16,1.635,0.115,1.879,3.695,-0.182,2.691
20.17,1.850,0.114,1.877,3.493,-0.180,2.704
20.18,1.897,0.113,1.878,3.361,-0.177,2.710
20.19,2.058,0.113,1.889,3.653,-0.177,2.731
20.20,2.049,0.112,1.897,3.595,-0.176,2.748
20.21,1.855,0.113,1.897,3.707,-0.176,2.770
20.22,1.851,0.112,1.894,3.520,-0.177,2.781
20.23,1.816,0.110,1.889,3.619,-0.177,2.797
20.24,1.656,0.109,1.875,3.940,-0.177,2.832
20.25,2.054,0.107,1.883,3.434,-0.177,2.837
20.26,1.718,0.107,1.874,3.532,-0.175,2.849
20.27,1.664,0.107,1.863,3.426,-0.173,2.855
20.28,1.818,0.105,1.859,3.455,-0.171,2.863
20.29,1.689,0.104,1.849,3.520,-0.169,2.874
20.30,1.797,0.104,1.846,3.335,-0.169,2.873
20.31,1.870,0.106,1.849,4.047,-0.168,2.914
20.32,1.720,0.107,1.842,4.548,-0.167,2.983
20.33,1.921,0.107,1.848,3.733,-0.167,3.001
20.34,1.912,0.106,1.851,3.716,-0.167,3.017
20.35,1.803,0.104,1.846,3.472,-0.167,3.018
20.36,2.060,0.102,1.857,3.586,-0.167,3.027
20.37,1.944,0.103,1.863,3.579,-0.168,3.035
20.38,1.832,0.102,1.861,3.311,-0.166,3.029
20.39,1.880,0.102,1.862,3.519,-0.165,3.035
20.40,1.799,0.103,1.859,3.740,-0.165,3.052
20.41,1.940,0.106,1.867,3.657,-0.165,3.066
20.42,1.605,0.106,1.852,3.292,-0.164,3.058
20.43,1.715,0.104,1.843,3.366,-0.164,3.054
20.44,1.710,0.105,1.837,3.274,-0.164,3.043
20.45,1.795,0.108,1.837,2.674,-0.162,3.002
20.46,1.851,0.108,1.838,2.888,-0.160,2.976
20.47,1.610,0.110,1.826,2.996,-0.157,2.958
20.48,1.813,0.111,1.827,1.191,-0.155,2.836
20.49,2.130,0.115,1.847,3.860,-0.152,2.875
20.50,2.227,0.117,1.872,5.678,-0.152,3.016
20.51,1.903,0.117,1.873,5.713,-0.154,3.151
20.52,2.097,0.117,1.887,3.433,-0.153,3.150
20.53,1.703,0.116,1.875,3.051,-0.153,3.126
20.54,1.825,0.115,1.872,3.259,-0.153,3.115
20.55,1.921,0.116,1.876,4.259,-0.153,3.164
20.56,1.856,0.115,1.874,3.963,-0.152,3.194
20.57,1.929,0.113,1.876,3.958,-0.152,3.222
20.58,1.527,0.113,1.856,3.975,-0.151,3.251
20.59,1.795,0.113,1.853,3.537,-0.150,3.253
20.60,1.858,0.110,1.850,3.518,-0.148,3.255
20.61,1.816,0.107,1.846,3.772,-0.148,3.268
20.62,2.021,0.107,1.856,3.743,-0.149,3.281
20.63,2.125,0.106,1.870,3.547,-0.150,3.281
20.64,1.840,0.106,1.869,3.605,-0.150,3.286
20.65,2.049,0.106,1.880,3.670,-0.149,3.295
20.66,1.801,0.107,1.876,3.353,-0.147,3.287
20.67,1.841,0.109,1.877,3.568,-0.149,3.288
20.68,1.856,0.108,1.875,3.563,-0.148,3.292
20.69,1.902,0.106,1.875,3.615,-0.150,3.296
20.70,1.695,0.104,1.864,3.537,-0.149,3.298
20.71,1.710,0.102,1.853,3.675,-0.151,3.305
20.72,1.874,0.102,1.854,3.490,-0.152,3.303
20.73,1.715,0.099,1.843,3.645,-0.152,3.310
20.74,1.878,0.096,1.843,3.788,-0.153,3.325
20.75,1.959,0.097,1.850,3.909,-0.154,3.346
20.76,2.077,0.097,1.864,4.204,-0.155,3.384
20.77,1.937,0.096,1.868,3.904,-0.154,3.404
20.78,1.664,0.095,1.855,3.495,-0.155,3.399
20.79,1.956,0.095,1.861,3.377,-0.155,3.387
20.80,1.906,0.096,1.865,3.460,-0.155,3.381
20.81,1.737,0.097,1.859,3.422,-0.155,3.373
20.82,1.936,0.097,1.864,3.388,-0.156,3.364
20.83,1.668,0.098,1.854,3.414,-0.157,3.355
20.84,1.878,0.100,1.857,3.538,-0.158,3.354
20.85,2.179,0.101,1.877,3.537,-0.159,3.355
20.86,2.070,0.099,1.887,4.031,-0.160,3.383
20.87,2.057,0.101,1.899,3.900,-0.160,3.404
20.88,1.935,0.100,1.901,3.885,-0.162,3.421
20.89,2.142,0.102,1.917,3.925,-0.162,3.442
20.90,2.586,0.102,1.957,4.590,-0.159,3.502
20.91,1.783,0.102,1.948,3.697,-0.158,3.508
20.92,1.961,0.102,1.950,2.704,-0.156,3.456
20.93,1.392,0.101,1.918,3.091,-0.156,3.427
20.94,1.864,0.101,1.916,2.892,-0.157,3.388
20.95,2.452,0.100,1.947,2.572,-0.157,3.331
20.96,1.927,0.097,1.945,2.316,-0.156,3.263
20.98,2.336,0.097,1.968,3.623,-0.160,3.272
20.99,1.585,0.096,1.946,3.815,-0.160,3.293
21.00,1.441,0.096,1.918,4.320,-0.159,3.345
21.01,2.050,0.097,1.927,3.611,-0.159,3.353
21.01,1.341,0.096,1.893,4.558,-0.157,3.416
21.03,1.443,0.098,1.869,3.823,-0.156,3.434
21.04,2.075,0.098,1.882,3.940,-0.157,3.455
21.05,2.217,0.099,1.902,3.886,-0.157,3.473
21.06,1.994,0.103,1.912,3.477,-0.159,3.466
21.07,1.777,0.100,1.902,4.391,-0.157,3.515
21.08,1.644,0.095,1.883,1.167,-0.153,3.377
21.09,1.735,0.091,1.871,4.009,-0.147,3.412
21.10,1.656,0.091,1.859,3.856,-0.145,3.433
21.11,1.943,0.090,1.862,3.772,-0.143,3.448
21.12,1.634,0.088,1.847,3.503,-0.143,3.445
21.13,1.750,0.089,1.843,3.165,-0.145,3.420
21.14,1.667,0.088,1.832,3.473,-0.144,3.418
21.15,1.724,0.087,1.824,3.435,-0.144,3.412
21.16,1.706,0.086,1.816,3.215,-0.144,3.395
21.17,1.956,0.084,1.822,3.614,-0.145,3.400
21.18,2.257,0.083,1.847,3.752,-0.146,3.413
21.19,1.994,0.084,1.856,3.735,-0.146,3.426
21.20,2.161,0.082,1.872,3.234,-0.146,3.410
21.21,1.708,0.083,1.864,3.393,-0.146,3.402
21.22,1.815,0.085,1.863,3.671,-0.145,3.413
21.23,1.744,0.086,1.857,3.435,-0.145,3.408
21.24,1.885,0.085,1.858,4.264,-0.144,3.454
21.25,1.670,0.082,1.845,4.254,-0.141,3.498
21.26,1.922,0.081,1.848,3.344,-0.137,3.487
21.27,1.770,0.083,1.845,3.382,-0.132,3.482
21.28,1.758,0.084,1.841,3.314,-0.125,3.474
21.29,1.782,0.084,1.838,3.565,-0.123,3.477
21.30,1.717,0.082,1.829,2.820,-0.119,3.437
21.31,1.672,0.081,1.819,3.085,-0.117,3.414
21.32,1.608,0.082,1.807,1.998,-0.110,3.332
21.33,1.842,0.084,1.811,3.033,-0.106,3.312
21.34,1.882,0.086,1.816,4.999,-0.100,3.410
21.35,1.641,0.087,1.807,4.098,-0.093,3.450
21.36,1.861,0.088,1.810,4.476,-0.087,3.510
21.37,2.103,0.089,1.828,4.904,-0.080,3.593
21.38,1.961,0.091,1.837,3.664,-0.074,3.599
21.39,2.142,0.093,1.856,3.365,-0.067,3.590
21.40,1.943,0.095,1.864,3.371,-0.056,3.584
21.41,1.815,0.096,1.862,3.552,-0.042,3.591
21.42,2.021,0.096,1.871,3.226,-0.027,3.581
21.43,2.052,0.092,1.878,2.881,-0.016,3.548
21.44,2.003,0.090,1.883,3.816,-0.003,3.571
21.45,2.005,0.088,1.889,3.277,0.008,3.560
21.46,1.665,0.086,1.875,3.015,0.018,3.533
21.47,2.026,0.085,1.883,2.378,0.033,3.475
21.48,1.955,0.086,1.889,2.829,0.052,3.450
21.49,1.552,0.087,1.870,3.398,0.073,3.461
21.50,1.824,0.085,1.866,3.130,0.096,3.457
21.51,1.511,0.082,1.843,3.468,0.119,3.473
21.52,1.344,0.080,1.812,3.958,0.138,3.513
21.53,1.360,0.079,1.785,2.421,0.162,3.466
21.54,1.315,0.079,1.756,2.893,0.189,3.451
21.55,0.929,0.075,1.704,1.269,0.230,3.356
21.56,1.414,0.072,1.683,2.283,0.271,3.324
21.57,0.967,0.071,1.638,2.761,0.320,3.328
21.58,1.437,0.065,1.619,3.950,0.369,3.400
21.59,2.130,0.066,1.646,2.817,0.426,3.410
21.60,2.328,0.068,1.687,4.658,0.481,3.524
21.61,1.896,0.078,1.706,3.285,0.548,3.564
21.62,1.469,0.086,1.698,2.115,0.626,3.544
21.63,2.206,0.086,1.726,3.019,0.723,3.595
21.64,1.983,0.082,1.736,3.363,0.881,3.718
21.65,2.841,0.060,1.778,5.075,1.073,3.967
21.66,2.239,0.039,1.785,7.943,1.509,4.599
21.67,2.420,0.071,1.852,6.243,2.116,5.257
21.68,2.863,0.075,1.916,3.052,2.787,5.755
21.69,1.951,0.038,1.884,2.191,3.534,6.242
21.70,2.617,0.004,1.896,4.600,4.418,6.967
21.71,1.370,0.028,1.889,3.527,5.477,7.752
21.72,1.421,0.112,1.943,0.564,6.750,8.516
21.73,4.260,0.175,2.138,-3.167,8.090,9.078
21.74,2.209,0.222,2.189,-8.034,9.412,9.299
21.75,2.730,0.292,2.288,-3.888,10.497,9.511
21.76,1.366,0.275,2.222,-8.371,11.480,9.345
21.77,1.116,0.315,2.197,-4.187,12.487,9.441
21.78,2.018,0.382,2.252,-8.906,13.460,9.216
21.79,1.651,0.393,2.229,-13.352,14.256,8.566
21.80,1.226,0.391,2.170,-9.572,14.949,8.059
21.81,1.585,0.411,2.155,-7.125,15.715,7.779
21.82,1.090,0.457,2.136,-9.523,16.604,7.481
21.83,1.846,0.484,2.145,-16.275,17.364,6.675
21.84,1.703,0.461,2.096,-18.517,17.977,5.631
21.85,0.359,0.454,1.987,-13.995,18.619,4.917
21.86,1.734,0.452,1.968,-12.077,19.399,4.473
21.87,1.072,0.452,1.913,-12.171,20.347,4.194
21.88,1.301,0.457,1.879,-12.755,21.284,3.875
21.89,1.841,0.457,1.872,-18.942,22.039,3.033
21.90,2.452,0.433,1.879,-20.250,22.599,1.963
21.91,1.951,0.406,1.855,-17.468,23.033,0.981
21.92,1.899,0.386,1.834,-18.309,23.374,-0.094
21.93,1.715,0.349,1.789,-17.881,23.638,-1.168
21.94,2.192,0.315,1.777,-16.837,23.919,-2.117
21.95,2.343,0.302,1.794,-21.212,24.157,-3.316
21.96,2.059,0.272,1.778,-23.513,24.207,-4.768
21.97,2.213,0.229,1.760,-19.927,24.088,-6.103
21.98,1.712,0.179,1.708,-17.913,23.870,-7.386
21.99,1.673,0.121,1.649,-13.650,23.822,-8.159
22.00,1.541,0.089,1.610,-13.356,24.049,-8.615
22.01,0.612,0.065,1.528,-17.343,24.471,-9.096
22.02,1.999,0.038,1.527,-15.821,25.080,-9.290
22.03,1.862,0.034,1.539,-11.702,25.740,-9.191
22.04,2.019,0.032,1.563,-22.964,26.285,-9.861
22.05,2.694,0.019,1.615,-23.158,26.630,-10.702
22.06,1.474,-0.002,1.585,-22.462,26.863,-11.569
22.07,2.237,-0.015,1.609,-19.931,27.059,-12.281
22.08,1.744,-0.018,1.614,-22.681,27.186,-13.182
22.09,1.870,-0.037,1.609,-22.497,27.255,-14.081
22.10,2.458,-0.057,1.639,-20.239,27.306,-14.821
22.11,1.232,-0.102,1.574,-22.312,27.359,-15.640
22.12,1.404,-0.160,1.509,-19.112,27.439,-16.207
22.13,1.777,-0.208,1.479,-19.345,27.525,-16.750
22.14,2.010,-0.246,1.474,-17.453,27.716,-17.055
22.15,1.451,-0.258,1.461,-18.297,28.115,-17.241
22.16,2.344,-0.256,1.515,-20.457,28.583,-17.433
22.17,3.240,-0.243,1.628,-20.849,29.016,-17.672
22.18,3.065,-0.227,1.730,-25.122,29.350,-18.240
22.19,2.189,-0.216,1.770,-23.703,29.590,-18.787
22.20,2.145,-0.215,1.796,-23.094,29.790,-19.307
22.21,1.866,-0.219,1.800,-22.874,29.984,-19.794
22.22,1.658,-0.221,1.793,-22.297,30.184,-20.215
22.23,2.007,-0.226,1.805,-21.956,30.418,-20.561
22.24,1.909,-0.232,1.809,-22.255,30.701,-20.860
22.25,1.084,-0.245,1.759,-22.994,31.023,-21.149
22.26,1.123,-0.275,1.698,-20.590,31.422,-21.210
22.27,1.211,-0.298,1.651,-22.753,31.908,-21.310
22.28,2.407,-0.349,1.649,-26.511,32.377,-21.640
22.29,1.999,-0.415,1.610,-24.345,32.851,-21.824
22.30,1.941,-0.450,1.600,-25.506,33.367,-22.026
22.32,2.219,-0.479,1.612,-29.294,33.846,-22.475
22.32,2.488,-0.516,1.632,-30.916,34.182,-23.130
22.33,1.729,-0.561,1.600,-30.749,34.342,-23.910
22.34,1.986,-0.603,1.588,-27.060,34.443,-24.491
22.35,0.983,-0.644,1.520,-27.732,34.551,-25.074
22.36,1.505,-0.691,1.480,-28.303,34.623,-25.692
22.37,1.394,-0.738,1.435,-26.403,34.698,-26.162
22.38,1.573,-0.786,1.403,-25.375,34.855,-26.469
22.39,1.609,-0.835,1.374,-26.772,35.072,-26.782
22.41,1.281,-0.889,1.323,-26.862,35.313,-27.059
22.41,1.321,-0.945,1.275,-27.587,35.582,-27.336
22.42,1.348,-1.003,1.230,-29.192,35.853,-27.688
22.44,1.577,-1.071,1.191,-29.300,36.087,-28.061
22.44,1.448,-1.148,1.139,-29.552,36.238,-28.507
22.45,1.267,-1.236,1.069,-31.048,36.257,-29.139
22.46,2.025,-1.333,1.039,-29.014,36.162,-29.725
22.48,1.854,-1.422,1.009,-25.807,36.051,-30.106
22.49,1.243,-1.497,0.959,-23.726,36.062,-30.227
22.50,1.203,-1.572,0.911,-26.861,36.203,-30.443
22.51,0.777,-1.657,0.831,-29.720,36.390,-30.718
22.52,0.903,-1.741,0.764,-29.190,36.568,-30.953
22.53,0.632,-1.808,0.701,-31.665,36.663,-31.396
22.54,1.083,-1.880,0.663,-29.382,36.729,-31.707
22.55,2.184,-1.936,0.707,-28.142,36.854,-31.871
22.56,1.655,-1.964,0.744,-27.709,37.075,-31.908
22.57,0.567,-1.988,0.721,-27.431,37.355,-31.867
22.58,0.805,-1.999,0.726,-30.094,37.653,-31.963
22.59,1.274,-2.011,0.756,-30.952,37.923,-32.128
22.60,1.003,-2.007,0.785,-30.458,38.143,-32.302
22.61,0.533,-1.995,0.791,-31.982,38.314,-32.598
22.62,0.715,-1.970,0.821,-31.197,38.465,-32.850
22.63,0.608,-1.954,0.834,-31.017,38.636,-33.057
22.64,0.222,-1.927,0.834,-30.109,38.859,-33.149
22.65,0.125,-1.900,0.827,-32.728,39.067,-33.399
22.66,0.453,-1.882,0.831,-32.217,39.250,-33.628
22.67,0.455,-1.877,0.824,-33.035,39.417,-33.952
22.68,0.269,-1.871,0.806,-33.220,39.509,-34.291
22.69,0.291,-1.865,0.789,-32.988,39.554,-34.640
22.70,0.155,-1.861,0.764,-33.709,39.531,-35.074
22.71,0.384,-1.859,0.751,-32.578,39.480,-35.442
22.72,0.584,-1.839,0.767,-31.237,39.438,-35.700
22.73,0.568,-1.814,0.786,-31.374,39.407,-35.938
22.74,0.625,-1.789,0.807,-30.764,39.403,-36.097
22.75,0.278,-1.770,0.800,-32.558,39.382,-36.364
22.76,0.266,-1.755,0.790,-32.771,39.322,-36.661
22.77,1.126,-1.738,0.830,-30.147,39.261,-36.788
22.78,1.114,-1.707,0.882,-29.550,39.269,-36.801
22.79,0.852,-1.658,0.933,-30.361,39.353,-36.785
22.80,1.149,-1.605,1.001,-31.258,39.464,-36.791
22.81,1.283,-1.548,1.077,-33.091,39.536,-36.936
22.82,0.896,-1.507,1.112,-31.464,39.559,-37.021
22.83,0.501,-1.464,1.123,-32.015,39.583,-37.129
22.84,0.568,-1.425,1.133,-31.428,39.608,-37.191
22.85,0.855,-1.383,1.161,-30.294,39.675,-37.140
22.86,0.774,-1.343,1.182,-30.562,39.780,-37.066
22.87,0.450,-1.298,1.187,-31.946,39.916,-37.044
22.88,0.448,-1.260,1.184,-32.709,40.049,-37.065
22.89,0.663,-1.225,1.190,-33.404,40.130,-37.171
22.90,0.576,-1.199,1.182,-34.902,40.132,-37.429
22.91,0.605,-1.175,1.174,-33.271,40.064,-37.643
22.92,0.953,-1.153,1.185,-33.413,39.949,-37.893
22.93,0.214,-1.135,1.147,-32.319,39.811,-38.083
22.94,0.796,-1.111,1.151,-31.558,39.694,-38.195
22.95,0.682,-1.087,1.147,-31.106,39.612,-38.236
22.96,0.982,-1.053,1.171,-31.280,39.570,-38.241
22.97,0.943,-1.023,1.186,-31.689,39.528,-38.265
22.98,1.136,-0.999,1.207,-31.316,39.480,-38.266
22.99,1.387,-0.981,1.235,-31.279,39.431,-38.261
23.00,1.584,-0.966,1.269,-30.772,39.396,-38.208
23.01,1.149,-0.947,1.281,-30.566,39.385,-38.151
23.02,0.801,-0.934,1.266,-30.960,39.385,-38.069
23.03,0.754,-0.927,1.243,-31.300,39.390,-38.002
23.04,0.894,-0.922,1.227,-31.727,39.391,-37.963
23.05,1.075,-0.918,1.223,-32.126,39.362,-37.972
23.06,0.841,-0.911,1.206,-31.593,39.315,-37.963
23.07,0.784,-0.909,1.183,-30.822,39.307,-37.868
23.08,0.850,-0.902,1.169,-31.564,39.325,-37.792
23.09,0.843,-0.901,1.150,-31.891,39.337,-37.741
23.10,1.164,-0.901,1.149,-32.002,39.335,-37.707
23.11,0.802,-0.899,1.130,-32.628,39.286,-37.752
23.12,0.587,-0.902,1.094,-31.900,39.218,-37.767
23.13,1.043,-0.907,1.084,-31.320,39.163,-37.730
23.14,1.196,-0.906,1.089,-29.943,39.149,-37.573
23.15,1.195,-0.902,1.097,-30.040,39.197,-37.366
23.16,0.826,-0.893,1.088,-31.373,39.235,-37.251
23.17,1.452,-0.885,1.114,-30.675,39.256,-37.115
23.18,0.806,-0.875,1.103,-31.906,39.264,-37.090
23.19,1.061,-0.871,1.103,-32.740,39.282,-37.076
23.20,1.291,-0.861,1.121,-30.857,39.287,-36.962
23.21,0.952,-0.848,1.122,-31.286,39.298,-36.869
23.22,1.043,-0.834,1.128,-30.536,39.347,-36.699
23.23,0.803,-0.814,1.126,-31.011,39.426,-36.533
23.24,0.676,-0.797,1.113,-32.785,39.484,-36.496
23.25,1.006,-0.791,1.110,-32.486,39.492,-36.488
23.26,0.875,-0.792,1.092,-31.435,39.495,-36.420
23.27,1.060,-0.790,1.089,-31.671,39.500,-36.365
23.28,0.905,-0.789,1.076,-32.454,39.494,-36.366
23.29,0.985,-0.787,1.069,-31.639,39.467,-36.337
23.30,1.291,-0.782,1.084,-30.734,39.458,-36.236
23.31,1.181,-0.764,1.103,-30.912,39.480,-36.117
23.32,1.300,-0.742,1.133,-31.399,39.516,-36.017
23.33,0.896,-0.721,1.135,-32.703,39.530,-36.015
23.34,1.003,-0.714,1.132,-33.253,39.474,-36.110
23.35,1.029,-0.713,1.123,-31.855,39.407,-36.125
23.36,1.266,-0.718,1.123,-30.647,39.371,-36.038
23.37,0.899,-0.728,1.098,-30.486,39.376,-35.904
23.38,0.972,-0.730,1.086,-30.437,39.424,-35.730
23.39,1.135,-0.722,1.092,-30.905,39.506,-35.557
23.40,1.045,-0.717,1.091,-31.814,39.589,-35.443
23.41,0.823,-0.708,1.081,-32.304,39.666,-35.365
23.42,1.095,-0.702,1.083,-32.866,39.712,-35.353
23.43,1.155,-0.701,1.085,-33.409,39.700,-35.425
23.44,1.435,-0.696,1.107,-32.453,39.659,-35.463
23.45,1.216,-0.692,1.114,-32.301,39.610,-35.496
23.46,0.823,-0.688,1.097,-32.202,39.551,-35.528
23.47,1.233,-0.685,1.104,-31.432,39.494,-35.509
23.48,1.318,-0.683,1.115,-31.565,39.441,-35.493
23.49,1.353,-0.682,1.127,-31.420,39.393,-35.462
23.50,1.120,-0.681,1.124,-31.072,39.364,-35.390
23.51,1.409,-0.676,1.142,-31.041,39.354,-35.300
23.52,1.179,-0.675,1.143,-30.679,39.360,-35.190
23.53,1.201,-0.670,1.147,-30.156,39.407,-34.998
23.54,0.910,-0.665,1.135,-31.681,39.466,-34.892
23.55,0.960,-0.655,1.132,-32.099,39.512,-34.826
23.56,0.965,-0.639,1.134,-31.906,39.559,-34.751
23.57,0.974,-0.621,1.139,-32.229,39.587,-34.713
23.58,1.077,-0.605,1.147,-32.497,39.580,-34.724
23.59,0.936,-0.593,1.143,-31.666,39.556,-34.702
23.60,1.179,-0.583,1.151,-31.277,39.542,-34.645
23.61,0.928,-0.576,1.141,-32.206,39.539,-34.634
23.62,1.249,-0.576,1.143,-32.003,39.522,-34.623
23.63,0.800,-0.575,1.121,-31.703,39.505,-34.593
23.64,1.106,-0.577,1.115,-30.919,39.510,-34.496
23.65,0.887,-0.577,1.097,-31.405,39.533,-34.414
23.66,1.212,-0.578,1.099,-31.665,39.551,-34.354
23.67,0.666,-0.571,1.077,-31.527,39.537,-34.318
23.68,1.272,-0.554,1.100,-31.824,39.503,-34.317
23.69,1.484,-0.523,1.147,-31.005,39.453,-34.292
23.70,0.827,-0.487,1.158,-30.862,39.406,-34.244
23.71,1.217,-0.449,1.194,-31.047,39.374,-34.194
23.72,0.941,-0.416,1.206,-31.396,39.349,-34.158
23.74,1.175,-0.385,1.229,-32.447,39.313,-34.193
23.74,0.998,-0.367,1.228,-31.514,39.286,-34.161
23.75,1.100,-0.350,1.233,-30.580,39.284,-34.053
23.76,0.948,-0.335,1.225,-31.703,39.296,-34.000
23.77,1.123,-0.323,1.226,-31.526,39.327,-33.920
23.78,1.014,-0.315,1.216,-32.534,39.343,-33.916
23.79,0.875,-0.306,1.201,-32.055,39.320,-33.920
23.80,0.717,-0.298,1.174,-32.436,39.293,-33.947
23.82,1.090,-0.293,1.169,-31.189,39.274,-33.893
23.82,1.224,-0.291,1.169,-31.134,39.263,-33.829
23.83,0.876,-0.289,1.148,-31.671,39.244,-33.806
23.84,1.283,-0.286,1.152,-30.932,39.239,-33.726
23.86,1.557,-0.284,1.172,-31.017,39.258,-33.630
23.86,1.315,-0.283,1.176,-31.497,39.283,-33.561
23.87,1.177,-0.284,1.169,-31.424,39.312,-33.487
23.88,1.065,-0.283,1.160,-31.386,39.348,-33.406
23.90,1.405,-0.284,1.167,-31.963,39.378,-33.367
23.91,0.969,-0.290,1.145,-32.438,39.392,-33.372
23.91,1.335,-0.295,1.146,-31.942,39.395,-33.358
23.92,1.456,-0.293,1.160,-31.119,39.398,-33.296
23.93,1.209,-0.284,1.167,-31.621,39.393,-33.272
23.95,1.405,-0.281,1.178,-31.786,39.384,-33.262
23.95,1.198,-0.276,1.179,-31.119,39.379,-33.209
23.96,1.030,-0.272,1.170,-32.043,39.371,-33.214
23.98,1.037,-0.267,1.162,-31.747,39.363,-33.201
23.99,1.279,-0.263,1.168,-31.169,39.355,-33.153
24.00,0.931,-0.258,1.154,-31.539,39.343,-33.133
24.01,1.393,-0.257,1.164,-31.433,39.346,-33.092
24.02,1.191,-0.258,1.160,-31.573,39.369,-33.041
24.03,0.478,-0.262,1.111,-31.127,39.404,-32.956
24.04,1.404,-0.265,1.119,-31.163,39.458,-32.862
24.05,1.293,-0.265,1.124,-31.849,39.507,-32.812
24.06,1.137,-0.264,1.121,-31.710,39.552,-32.760
24.07,1.015,-0.260,1.114,-31.883,39.588,-32.729
24.08,1.101,-0.250,1.117,-31.611,39.614,-32.693
24.09,1.091,-0.242,1.119,-31.217,39.650,-32.625
24.10,1.260,-0.237,1.126,-31.671,39.700,-32.574
24.11,1.276,-0.234,1.133,-31.896,39.761,-32.527
24.12,0.960,-0.230,1.121,-31.910,39.836,-32.470
24.13,0.615,-0.228,1.089,-32.225,39.910,-32.436
24.14,0.906,-0.229,1.072,-32.317,39.970,-32.422
24.15,1.211,-0.229,1.075,-32.530,40.010,-32.440
24.16,1.475,-0.230,1.092,-32.700,40.036,-32.480
24.17,1.193,-0.226,1.096,-32.344,40.059,-32.500
24.18,1.170,-0.226,1.095,-32.652,40.068,-32.549
24.19,0.730,-0.224,1.071,-32.390,40.061,-32.597
24.20,0.782,-0.225,1.049,-32.624,40.051,-32.657
24.21,1.302,-0.225,1.057,-32.122,40.039,-32.691
24.22,1.251,-0.223,1.065,-31.820,40.051,-32.678
24.23,1.390,-0.221,1.081,-31.904,40.085,-32.648
24.24,1.114,-0.218,1.081,-32.410,40.119,-32.651
24.25,1.055,-0.216,1.076,-32.729,40.138,-32.684
24.26,1.103,-0.209,1.079,-32.122,40.154,-32.684
24.27,1.075,-0.204,1.079,-32.611,40.158,-32.724
24.28,1.171,-0.198,1.085,-32.827,40.145,-32.788
24.29,0.889,-0.194,1.073,-31.913,40.142,-32.787
24.30,1.067,-0.185,1.077,-31.781,40.157,-32.761
24.31,1.050,-0.181,1.074,-32.709,40.174,-32.788
24.32,0.994,-0.182,1.063,-32.424,40.181,-32.806
24.33,0.999,-0.180,1.056,-32.288,40.192,-32.810
24.34,1.312,-0.181,1.065,-31.973,40.214,-32.787
24.35,1.377,-0.178,1.082,-32.038,40.256,-32.748
24.36,1.053,-0.177,1.076,-33.299,40.287,-32.794
24.37,1.106,-0.176,1.074,-32.645,40.296,-32.821
24.38,1.132,-0.176,1.073,-32.444,40.289,-32.849
24.39,1.183,-0.176,1.074,-32.177,40.288,-32.855
24.40,1.038,-0.175,1.069,-32.570,40.288,-32.882
24.41,1.476,-0.176,1.087,-32.618,40.266,-32.930
24.42,1.236,-0.170,1.098,-31.736,40.253,-32.916
24.43,0.979,-0.164,1.092,-32.775,40.243,-32.959
24.44,1.448,-0.161,1.111,-32.449,40.222,-32.991
24.45,1.157,-0.158,1.113,-31.636,40.221,-32.955
24.46,1.163,-0.158,1.112,-31.883,40.247,-32.909
24.47,1.081,-0.155,1.109,-32.143,40.282,-32.871
24.48,0.663,-0.144,1.089,-32.770,40.295,-32.892
24.49,1.490,-0.135,1.117,-32.188,40.310,-32.876
24.50,1.269,-0.121,1.135,-32.124,40.329,-32.853
24.51,1.351,-0.108,1.156,-32.186,40.352,-32.831
24.52,1.534,-0.094,1.187,-32.592,40.377,-32.830
24.53,1.113,-0.086,1.187,-34.534,40.373,-32.969
24.54,1.186,-0.086,1.183,-32.600,40.364,-32.995
24.55,1.410,-0.087,1.192,-32.228,40.376,-32.981
24.56,1.028,-0.089,1.178,-32.588,40.399,-32.974
24.57,1.058,-0.088,1.168,-32.677,40.414,-32.980
24.58,1.197,-0.087,1.167,-32.350,40.428,-32.967
24.59,1.061,-0.085,1.159,-32.808,40.433,-32.989
24.60,1.381,-0.082,1.172,-32.692,40.431,-33.010
24.61,1.286,-0.079,1.177,-32.552,40.424,-33.026
24.62,1.241,-0.076,1.181,-32.052,40.432,-32.998
24.63,1.336,-0.071,1.191,-32.994,40.441,-33.024
24.64,1.015,-0.069,1.180,-32.607,40.436,-33.039
24.65,1.030,-0.070,1.167,-31.898,40.437,-33.007
24.66,0.959,-0.069,1.152,-32.223,40.466,-32.968
24.67,0.776,-0.071,1.125,-32.356,40.512,-32.923
24.68,1.117,-0.070,1.122,-33.179,40.558,-32.927
24.69,1.166,-0.072,1.118,-33.221,40.583,-32.954
24.70,0.964,-0.073,1.105,-32.618,40.596,-32.955
24.71,1.402,-0.070,1.121,-32.869,40.604,-32.975
24.72,1.228,-0.072,1.122,-33.009,40.583,-33.033
24.73,1.394,-0.069,1.137,-32.143,40.577,-33.020
24.74,1.093,-0.063,1.137,-32.258,40.591,-32.995
24.75,1.120,-0.058,1.136,-33.284,40.588,-33.046
24.76,1.270,-0.056,1.143,-32.253,40.576,-33.043
24.77,1.347,-0.056,1.152,-31.945,40.588,-32.999
24.78,1.240,-0.054,1.155,-32.068,40.630,-32.936
24.79,1.167,-0.055,1.151,-33.070,40.673,-32.933
24.80,1.076,-0.053,1.146,-33.095,40.704,-32.943
24.81,1.293,-0.052,1.152,-32.975,40.726,-32.954
24.82,1.376,-0.052,1.162,-33.356,40.742,-32.992
24.83,1.226,-0.050,1.165,-32.869,40.756,-33.002
24.84,1.209,-0.049,1.166,-32.203,40.787,-32.957
24.85,1.158,-0.048,1.164,-33.204,40.820,-32.970
24.86,1.030,-0.049,1.152,-32.879,40.821,-32.994
24.87,0.873,-0.043,1.138,-32.449,40.831,-32.982
24.88,1.400,-0.036,1.157,-32.546,40.863,-32.956
24.89,1.222,-0.029,1.165,-33.134,40.907,-32.954
24.90,1.285,-0.026,1.171,-32.903,40.943,-32.946
24.91,0.748,-0.015,1.154,-33.528,40.933,-33.018
24.92,1.524,-0.007,1.181,-32.978,40.930,-33.048
24.93,1.222,0.005,1.191,-32.959,40.945,-33.059
24.94,0.981,0.016,1.187,-33.059,40.961,-33.073
24.95,1.390,0.024,1.203,-33.147,40.972,-33.096
24.96,1.249,0.030,1.209,-32.846,40.987,-33.097
24.97,1.114,0.036,1.206,-33.368,41.013,-33.117
24.98,1.187,0.042,1.207,-32.868,41.042,-33.105
24.99,1.245,0.046,1.211,-33.759,41.058,-33.157
25.00,1.189,0.046,1.207,-33.767,41.031,-33.247
25.01,1.064,0.044,1.194,-32.345,41.012,-33.242
25.02,1.411,0.050,1.209,-32.557,41.014,-33.230
25.03,0.860,0.061,1.196,-32.940,41.013,-33.244
25.04,1.340,0.068,1.208,-33.486,40.998,-33.300
25.05,1.460,0.075,1.226,-32.772,40.984,-33.311
25.06,1.256,0.083,1.233,-32.818,40.978,-33.320
25.07,1.137,0.087,1.228,-32.955,40.981,-33.324
25.08,0.834,0.088,1.203,-33.289,40.979,-33.351
25.09,1.259,0.084,1.200,-33.031,40.976,-33.363
25.10,1.343,0.084,1.204,-32.793,40.973,-33.361
25.11,1.491,0.088,1.222,-32.626,40.971,-33.347
25.12,1.245,0.102,1.233,-33.011,40.958,-33.366
25.13,1.272,0.114,1.244,-33.310,40.941,-33.404
25.14,1.544,0.125,1.270,-33.226,40.943,-33.419
25.15,1.118,0.139,1.272,-33.162,40.945,-33.428
25.16,1.132,0.151,1.272,-33.593,40.933,-33.474
25.17,1.085,0.159,1.266,-34.156,40.891,-33.579
25.18,1.325,0.162,1.269,-32.596,40.854,-33.584
25.19,1.499,0.165,1.282,-32.342,40.837,-33.553
25.20,1.453,0.164,1.289,-32.418,40.851,-33.499
25.21,1.213,0.164,1.281,-32.704,40.879,-33.450
25.22,1.251,0.160,1.273,-33.274,40.902,-33.441
25.23,1.352,0.156,1.272,-32.674,40.930,-33.395
25.25,1.190,0.153,1.262,-33.084,40.949,-33.383
25.26,1.322,0.153,1.262,-32.978,40.962,-33.369
25.26,0.923,0.157,1.243,-33.510,40.972,-33.390
25.28,1.364,0.160,1.250,-33.183,40.972,-33.400
25.28,0.990,0.161,1.233,-33.081,40.966,-33.409
25.29,1.282,0.161,1.234,-32.632,40.954,-33.397
25.30,1.231,0.161,1.230,-33.037,40.946,-33.405
25.31,1.281,0.157,1.227,-33.039,40.944,-33.406
25.32,0.892,0.151,1.199,-33.889,40.926,-33.472
25.34,1.310,0.148,1.200,-32.752,40.900,-33.476
25.35,1.159,0.147,1.193,-32.374,40.899,-33.433
25.36,1.181,0.149,1.191,-32.662,40.916,-33.392
25.36,1.289,0.148,1.193,-32.548,40.942,-33.338
25.37,0.876,0.151,1.174,-32.972,40.976,-33.303
25.39,1.414,0.152,1.186,-33.172,41.010,-33.281
25.40,1.615,0.152,1.208,-32.683,41.038,-33.239
25.40,1.448,0.152,1.220,-32.698,41.077,-33.188
25.41,1.335,0.152,1.223,-33.317,41.112,-33.180
25.42,0.954,0.151,1.205,-33.462,41.139,-33.188
25.44,1.239,0.151,1.204,-33.289,41.163,-33.189
25.45,1.191,0.152,1.201,-33.419,41.182,-33.202
25.46,1.148,0.152,1.195,-32.987,41.196,-33.194
25.47,1.516,0.151,1.210,-33.382,41.216,-33.204
25.48,1.130,0.152,1.204,-33.530,41.230,-33.228
25.49,1.219,0.151,1.202,-33.184,41.237,-33.236
25.49,0.912,0.152,1.183,-33.494,41.245,-33.262
25.51,1.519,0.152,1.200,-32.887,41.269,-33.236
25.52,1.222,0.155,1.202,-33.240,41.321,-33.204
25.53,1.288,0.158,1.208,-34.081,41.360,-33.237
25.54,1.298,0.162,1.214,-33.156,41.385,-33.227
25.55,1.096,0.166,1.208,-33.516,41.400,-33.248
25.56,1.245,0.174,1.216,-33.730,41.405,-33.290
25.57,0.774,0.180,1.194,-33.409,41.408,-33.313
25.58,1.053,0.183,1.185,-34.081,41.414,-33.373
25.59,1.355,0.184,1.193,-33.347,41.420,-33.386
25.60,1.335,0.184,1.199,-33.168,41.431,-33.383
25.61,1.365,0.182,1.205,-33.583,41.451,-33.394
25.62,1.093,0.181,1.195,-33.687,41.465,-33.418
25.63,1.149,0.183,1.191,-33.363,41.471,-33.429
25.64,1.431,0.182,1.201,-33.639,41.477,-33.456
25.65,1.063,0.181,1.191,-33.675,41.485,-33.481
25.66,1.640,0.182,1.215,-33.708,41.499,-33.501
25.67,1.265,0.182,1.216,-33.497,41.518,-33.503
25.68,1.134,0.180,1.207,-33.061,41.533,-33.483
25.69,1.085,0.177,1.195,-33.582,41.542,-33.500
25.70,1.167,0.170,1.185,-34.137,41.528,-33.570
25.71,1.391,0.166,1.190,-33.665,41.504,-33.618
25.72,1.485,0.163,1.203,-32.639,41.495,-33.591
25.73,1.570,0.165,1.224,-33.455,41.508,-33.591
25.74,1.312,0.163,1.226,-33.623,41.531,-33.591
25.75,1.357,0.165,1.233,-33.170,41.568,-33.553
25.76,1.090,0.167,1.226,-33.575,41.612,-33.532
25.77,1.293,0.168,1.229,-33.546,41.644,-33.522
25.78,1.262,0.169,1.230,-33.382,41.668,-33.510
25.79,1.000,0.171,1.217,-33.095,41.706,-33.470
25.80,1.637,0.173,1.241,-33.812,41.746,-33.471
25.81,1.151,0.175,1.237,-34.004,41.773,-33.496
25.82,1.427,0.175,1.246,-33.931,41.796,-33.519
25.83,1.366,0.177,1.254,-33.675,41.823,-33.523
25.84,1.232,0.177,1.252,-33.648,41.850,-33.524
25.85,1.526,0.177,1.267,-33.896,41.876,-33.542
25.86,1.069,0.181,1.257,-33.326,41.912,-33.516
25.87,1.213,0.177,1.250,-34.729,41.928,-33.591
25.88,1.189,0.174,1.243,-34.369,41.930,-33.656
25.89,0.955,0.177,1.227,-33.646,41.936,-33.671
25.90,1.333,0.179,1.234,-33.975,41.940,-33.707
25.91,1.419,0.188,1.252,-33.208,41.946,-33.694
25.92,1.177,0.201,1.258,-33.159,41.947,-33.683
25.93,1.494,0.217,1.286,-33.871,41.951,-33.712
25.94,1.162,0.237,1.297,-33.922,41.938,-33.757
25.95,1.343,0.253,1.313,-34.782,41.925,-33.850
25.96,1.063,0.261,1.305,-34.080,41.924,-33.887
25.97,1.350,0.265,1.310,-34.285,41.927,-33.929
25.98,1.180,0.266,1.302,-33.843,41.928,-33.946
25.99,0.834,0.266,1.273,-33.918,41.938,-33.957
26.00,1.101,0.264,1.259,-34.412,41.947,-33.998
26.01,1.185,0.263,1.253,-34.403,41.933,-34.056
26.02,1.354,0.265,1.259,-33.636,41.919,-34.069
26.03,1.055,0.271,1.250,-33.096,41.932,-34.022
26.04,1.095,0.275,1.243,-33.811,41.961,-34.004
26.05,1.473,0.278,1.257,-33.658,42.003,-33.967
26.06,1.592,0.278,1.275,-34.483,42.037,-33.986
26.07,1.369,0.277,1.277,-35.445,42.022,-34.107
26.08,1.223,0.273,1.269,-33.784,41.983,-34.148
26.09,1.280,0.275,1.269,-33.397,41.961,-34.150
26.10,1.264,0.279,1.271,-33.469,41.952,-34.140
26.11,1.473,0.282,1.284,-33.605,41.959,-34.124
26.12,1.036,0.280,1.266,-33.589,41.979,-34.096
26.13,1.270,0.279,1.264,-35.185,41.993,-34.167
26.14,1.239,0.278,1.260,-35.062,41.971,-34.261
26.15,1.333,0.283,1.266,-33.333,41.939,-34.260
26.16,1.387,0.289,1.278,-32.977,41.924,-34.220
26.17,0.860,0.295,1.257,-34.017,41.916,-34.237
26.18,1.123,0.299,1.251,-33.588,41.919,-34.216
26.19,0.952,0.301,1.234,-34.097,41.933,-34.216
26.20,1.324,0.300,1.236,-33.795,41.948,-34.198
26.21,1.442,0.300,1.246,-33.915,41.968,-34.182
26.22,0.689,0.298,1.210,-34.509,41.975,-34.214
26.23,1.210,0.295,1.205,-34.329,41.956,-34.257
26.24,1.339,0.289,1.204,-34.078,41.932,-34.289
26.25,1.214,0.286,1.200,-33.513,41.927,-34.268
26.26,1.331,0.289,1.207,-33.702,41.938,-34.246
26.27,1.103,0.291,1.201,-34.291,41.945,-34.261
26.28,0.915,0.294,1.185,-33.316,41.957,-34.213
26.29,1.733,0.296,1.216,-33.399,41.988,-34.154
26.30,1.446,0.301,1.233,-33.743,42.024,-34.114
26.31,1.214,0.313,1.240,-34.091,42.039,-34.115
26.32,1.133,0.319,1.238,-35.095,42.029,-34.198
26.33,1.141,0.323,1.234,-34.273,42.010,-34.238
26.34,1.059,0.328,1.226,-34.090,42.001,-34.255
26.35,1.369,0.330,1.234,-33.936,42.000,-34.256
26.36,1.203,0.330,1.231,-34.087,42.002,-34.261
26.37,1.322,0.332,1.235,-33.397,42.015,-34.215
26.38,1.474,0.331,1.247,-33.912,42.036,-34.195
26.39,1.188,0.332,1.242,-33.955,42.058,-34.176
26.40,0.962,0.338,1.229,-33.705,42.080,-34.144
26.41,1.265,0.348,1.238,-34.082,42.093,-34.145
26.42,1.587,0.355,1.263,-34.597,42.100,-34.180
26.43,1.271,0.355,1.262,-34.516,42.101,-34.215
26.44,1.265,0.355,1.261,-34.928,42.091,-34.281
26.45,1.353,0.355,1.264,-34.240,42.080,-34.306
26.46,0.313,0.355,1.207,-34.156,42.064,-34.329
26.47,1.259,0.358,1.210,-33.589,42.064,-34.303
26.48,1.442,0.360,1.224,-33.775,42.083,-34.271
26.49,1.331,0.362,1.229,-34.080,42.112,-34.248
26.50,0.828,0.366,1.207,-34.318,42.132,-34.249
26.51,1.524,0.363,1.221,-34.101,42.124,-34.263
26.52,1.481,0.365,1.235,-33.376,42.117,-34.234
26.53,1.080,0.372,1.231,-33.459,42.130,-34.192
26.54,1.072,0.380,1.227,-34.208,42.153,-34.185
26.55,1.241,0.384,1.229,-35.021,42.159,-34.242
26.56,1.370,0.382,1.233,-35.610,42.119,-34.374
26.57,1.629,0.382,1.254,-33.700,42.082,-34.385
26.58,1.068,0.385,1.244,-33.930,42.067,-34.389
26.59,1.484,0.390,1.261,-34.065,42.060,-34.391
26.60,1.222,0.396,1.262,-34.426,42.053,-34.417
26.61,1.224,0.397,1.258,-34.685,42.017,-34.481
26.62,1.322,0.400,1.263,-33.595,41.978,-34.481
26.63,1.385,0.405,1.273,-32.883,41.973,-34.407
26.64,1.577,0.409,1.293,-33.422,42.000,-34.338
26.65,1.358,0.413,1.299,-34.231,42.029,-34.316
26.66,1.032,0.411,1.280,-34.425,42.029,-34.335
26.67,1.423,0.410,1.286,-33.727,42.027,-34.314
26.68,1.315,0.411,1.287,-33.444,42.037,-34.266
26.69,1.477,0.413,1.298,-33.603,42.059,-34.217
26.70,0.980,0.413,1.278,-34.476,42.082,-34.222
26.71,1.189,0.415,1.273,-33.925,42.093,-34.205
26.72,1.176,0.417,1.267,-33.616,42.121,-34.156
26.73,1.373,0.421,1.276,-33.627,42.168,-34.091
26.74,0.996,0.427,1.263,-34.089,42.227,-34.045
26.75,0.986,0.437,1.255,-34.095,42.269,-34.019
26.76,1.223,0.447,1.260,-34.989,42.277,-34.078
26.77,0.921,0.453,1.244,-34.575,42.274,-34.122
26.79,1.441,0.455,1.255,-33.609,42.289,-34.089
26.80,1.091,0.459,1.246,-33.787,42.310,-34.062
26.81,1.106,0.460,1.237,-34.341,42.340,-34.061
26.82,1.313,0.463,1.242,-34.858,42.361,-34.098
26.83,0.975,0.466,1.227,-34.760,42.369,-34.140
26.84,1.192,0.472,1.227,-34.397,42.372,-34.165
26.85,1.231,0.478,1.231,-34.239,42.371,-34.181
26.86,1.097,0.489,1.230,-34.207,42.358,-34.207
26.87,1.572,0.496,1.255,-34.507,42.337,-34.257
26.88,1.197,0.504,1.256,-34.275,42.319,-34.287
26.89,1.463,0.508,1.270,-34.365,42.306,-34.316
26.90,1.265,0.509,1.268,-34.280,42.301,-34.331
26.90,1.263,0.510,1.265,-33.957,42.306,-34.317
26.92,1.319,0.511,1.267,-34.546,42.305,-34.343
26.93,1.167,0.512,1.260,-34.254,42.308,-34.347
26.94,1.538,0.512,1.274,-34.698,42.305,-34.382
26.95,1.200,0.515,1.270,-34.522,42.294,-34.414
26.96,1.365,0.520,1.278,-33.973,42.286,-34.407
26.97,1.664,0.520,1.298,-33.808,42.289,-34.383
26.98,1.345,0.524,1.302,-33.886,42.308,-34.347
26.99,1.205,0.526,1.297,-34.183,42.342,-34.317
27.00,1.263,0.531,1.297,-33.937,42.384,-34.266
27.01,1.469,0.530,1.305,-35.021,42.417,-34.290
27.02,1.093,0.530,1.290,-35.135,42.426,-34.342
27.03,1.249,0.531,1.287,-34.765,42.415,-34.389
27.04,1.147,0.533,1.278,-34.767,42.390,-34.447
27.05,1.409,0.538,1.288,-34.614,42.357,-34.500
27.06,0.983,0.546,1.276,-34.260,42.320,-34.534
27.07,1.543,0.550,1.294,-34.068,42.278,-34.559
27.08,1.510,0.555,1.309,-34.039,42.239,-34.578
27.09,1.063,0.557,1.294,-34.281,42.201,-34.608
27.10,1.496,0.555,1.302,-33.646,42.153,-34.609
27.11,1.367,0.554,1.303,-33.271,42.124,-34.569
27.12,1.315,0.556,1.303,-33.932,42.116,-34.551
27.13,0.966,0.558,1.283,-34.117,42.103,-34.547
27.14,1.677,0.559,1.305,-33.551,42.099,-34.502
27.15,1.469,0.564,1.317,-33.015,42.114,-34.410
27.16,1.542,0.570,1.334,-33.740,42.141,-34.353
27.17,1.082,0.580,1.327,-33.579,42.171,-34.286
27.18,1.246,0.591,1.331,-34.338,42.200,-34.268
27.19,0.920,0.599,1.313,-34.640,42.212,-34.284
27.20,1.185,0.604,1.308,-35.405,42.200,-34.368
27.21,1.111,0.606,1.296,-34.510,42.176,-34.405
27.22,1.239,0.603,1.287,-34.222,42.157,-34.421
27.23,1.567,0.604,1.302,-33.317,42.157,-34.364
27.24,1.167,0.603,1.291,-34.150,42.176,-34.339
27.25,1.210,0.608,1.289,-34.322,42.200,-34.323
27.26,1.524,0.615,1.307,-33.742,42.217,-34.279
27.27,1.473,0.623,1.322,-34.032,42.227,-34.261
27.28,1.315,0.633,1.329,-34.406,42.224,-34.278
27.29,1.317,0.640,1.332,-33.756,42.220,-34.258
27.30,1.463,0.646,1.343,-33.925,42.225,-34.239
27.31,1.568,0.654,1.362,-33.975,42.239,-34.216
27.32,1.312,0.658,1.361,-35.111,42.232,-34.280
27.33,1.226,0.658,1.352,-34.123,42.213,-34.294
27.34,1.082,0.657,1.332,-33.984,42.208,-34.286
27.35,1.177,0.657,1.321,-33.697,42.230,-34.236
27.36,1.346,0.657,1.320,-34.218,42.259,-34.213
27.37,1.089,0.661,1.308,-34.515,42.284,-34.212
27.38,1.152,0.663,1.298,-34.410,42.283,-34.230
27.39,1.677,0.668,1.323,-34.077,42.264,-34.244
27.40,1.359,0.678,1.332,-34.205,42.258,-34.253
27.41,1.323,0.687,1.338,-34.720,42.254,-34.288
27.42,1.216,0.692,1.333,-34.744,42.241,-34.332
27.43,1.192,0.696,1.327,-33.900,42.241,-34.313
27.44,1.280,0.705,1.329,-34.089,42.257,-34.291
27.45,1.277,0.709,1.328,-34.281,42.269,-34.284
27.46,1.277,0.711,1.324,-34.612,42.270,-34.307
27.47,1.493,0.714,1.334,-34.052,42.263,-34.304
27.48,1.394,0.714,1.335,-33.621,42.265,-34.268
27.49,1.209,0.715,1.326,-34.180,42.262,-34.271
27.50,1.792,0.714,1.350,-34.186,42.263,-34.270
27.51,1.040,0.715,1.330,-33.946,42.276,-34.243
27.52,1.767,0.718,1.356,-33.818,42.305,-34.196
27.53,0.972,0.719,1.333,-34.796,42.327,-34.215
27.54,1.339,0.719,1.330,-34.635,42.340,-34.231
27.55,1.058,0.721,1.315,-34.739,42.348,-34.258
27.56,1.624,0.722,1.331,-34.288,42.343,-34.269
27.57,1.308,0.720,1.325,-34.335,42.329,-34.291
27.58,1.477,0.721,1.333,-34.018,42.325,-34.285
27.59,0.920,0.723,1.308,-34.156,42.321,-34.286
27.60,1.524,0.721,1.316,-34.373,42.302,-34.315
27.61,1.385,0.722,1.318,-33.598,42.292,-34.287
27.62,1.859,0.724,1.350,-33.612,42.302,-34.243
27.63,1.668,0.728,1.369,-34.237,42.326,-34.225
27.64,1.357,0.725,1.365,-34.841,42.320,-34.270
27.65,1.412,0.727,1.367,-34.543,42.301,-34.309
27.66,1.268,0.729,1.362,-34.057,42.291,-34.308
27.67,1.509,0.733,1.372,-34.105,42.295,-34.297
27.68,1.660,0.732,1.386,-35.099,42.292,-34.351
27.69,1.092,0.734,1.370,-33.999,42.291,-34.337
27.70,1.534,0.740,1.383,-33.464,42.303,-34.279
27.71,1.539,0.750,1.400,-33.958,42.329,-34.240
27.72,1.517,0.762,1.417,-34.216,42.363,-34.211
27.73,1.351,0.772,1.420,-34.744,42.399,-34.211
27.74,1.197,0.780,1.414,-35.316,42.390,-34.289
27.75,1.266,0.787,1.411,-34.053,42.370,-34.298
27.76,1.434,0.797,1.420,-33.468,42.374,-34.252
27.77,1.381,0.811,1.429,-34.352,42.401,-34.236
27.78,1.456,0.822,1.439,-34.316,42.438,-34.210
27.79,0.636,0.831,1.399,-34.943,42.480,-34.218
27.80,1.283,0.834,1.393,-35.275,42.491,-34.274
27.81,0.733,0.839,1.357,-35.338,42.453,-34.378
27.82,1.554,0.841,1.367,-34.643,42.414,-34.436
27.83,1.687,0.844,1.386,-34.084,42.389,-34.446
27.84,0.827,0.848,1.355,-34.196,42.373,-34.453
27.85,1.625,0.849,1.368,-33.671,42.368,-34.418
27.86,1.274,0.850,1.361,-34.239,42.368,-34.413
27.87,1.441,0.849,1.363,-34.178,42.359,-34.414
27.88,1.912,0.851,1.394,-34.045,42.365,-34.392
27.89,1.495,0.856,1.402,-33.783,42.384,-34.343
27.90,1.509,0.866,1.415,-33.484,42.421,-34.264
27.91,1.630,0.874,1.433,-33.996,42.466,-34.210
27.92,1.223,0.880,1.424,-36.350,42.484,-34.320
27.93,1.194,0.880,1.409,-34.782,42.491,-34.346
27.94,1.333,0.881,1.403,-34.184,42.511,-34.323
27.95,1.146,0.881,1.386,-34.548,42.533,-34.322
27.96,0.936,0.883,1.359,-34.998,42.535,-34.364
27.97,1.070,0.882,1.339,-34.709,42.521,-34.404
27.98,1.306,0.882,1.334,-34.701,42.497,-34.450
27.99,1.342,0.883,1.332,-34.327,42.475,-34.470
28.00,1.480,0.883,1.338,-33.564,42.470,-34.429
28.01,1.576,0.890,1.355,-33.614,42.491,-34.368
28.02,1.306,0.897,1.356,-34.026,42.526,-34.321
28.03,1.346,0.900,1.355,-34.377,42.568,-34.290
28.04,1.761,0.901,1.377,-34.678,42.615,-34.273
28.05,1.437,0.902,1.378,-34.357,42.666,-34.235
28.06,1.294,0.901,1.370,-34.809,42.705,-34.237
28.07,1.253,0.899,1.359,-35.291,42.712,-34.298
28.08,0.977,0.900,1.335,-34.996,42.695,-34.361
28.09,1.218,0.903,1.328,-34.678,42.659,-34.420
28.10,1.090,0.907,1.315,-34.091,42.626,-34.439
28.11,1.104,0.911,1.304,-34.185,42.607,-34.450
28.12,1.466,0.914,1.313,-33.809,42.612,-34.415
28.13,1.075,0.918,1.300,-34.141,42.644,-34.375
28.14,1.533,0.918,1.309,-34.959,42.672,-34.391
28.15,1.656,0.919,1.327,-35.032,42.673,-34.433
28.16,1.230,0.918,1.318,-34.765,42.668,-34.464
28.17,1.353,0.919,1.317,-34.737,42.660,-34.495
28.19,1.374,0.920,1.318,-34.259,42.656,-34.493
28.19,1.355,0.925,1.323,-34.684,42.657,-34.510
28.20,1.556,0.930,1.338,-34.976,42.655,-34.547
28.21,1.373,0.935,1.342,-34.684,42.647,-34.571
28.22,1.683,0.940,1.364,-34.233,42.650,-34.556
28.23,1.655,0.947,1.384,-34.171,42.658,-34.534
28.24,1.139,0.955,1.376,-34.154,42.676,-34.502
28.25,1.619,0.961,1.393,-34.986,42.701,-34.514
28.26,0.837,0.965,1.362,-35.070,42.708,-34.547
28.27,1.180,0.969,1.353,-34.838,42.707,-34.573
28.28,1.490,0.971,1.360,-34.216,42.716,-34.552
28.29,1.151,0.974,1.347,-34.849,42.719,-34.574
28.31,1.155,0.972,1.332,-34.841,42.715,-34.601
28.32,1.217,0.972,1.322,-34.579,42.716,-34.609
28.33,1.615,0.972,1.335,-34.432,42.705,-34.617
28.34,1.577,0.977,1.351,-34.060,42.698,-34.599
28.35,1.478,0.984,1.362,-34.649,42.695,-34.613
28.36,1.487,0.987,1.370,-34.302,42.704,-34.593
28.37,1.519,0.992,1.381,-34.336,42.730,-34.562
28.38,1.248,1.000,1.378,-34.414,42.766,-34.526
28.39,1.461,1.006,1.386,-34.456,42.803,-34.495
28.40,1.416,1.014,1.393,-35.513,42.824,-34.542
28.41,1.122,1.019,1.379,-35.655,42.833,-34.605
28.42,1.430,1.026,1.386,-34.787,42.846,-34.613
28.43,1.469,1.027,1.389,-35.174,42.848,-34.652
28.44,1.465,1.026,1.390,-35.140,42.820,-34.716
28.45,1.251,1.025,1.379,-34.220,42.805,-34.711
28.46,1.545,1.028,1.389,-34.268,42.818,-34.682
28.47,1.489,1.031,1.394,-35.365,42.823,-34.726
28.48,1.520,1.029,1.398,-34.825,42.810,-34.754
28.49,1.650,1.029,1.410,-33.975,42.809,-34.719
28.50,1.366,1.032,1.408,-34.203,42.838,-34.670
28.51,1.546,1.032,1.414,-34.831,42.871,-34.658
28.52,1.069,1.032,1.392,-35.491,42.891,-34.695
28.53,1.356,1.030,1.386,-35.504,42.899,-34.744
28.54,1.398,1.028,1.382,-35.604,42.878,-34.824
28.55,1.590,1.028,1.392,-34.648,42.852,-34.848
28.56,1.271,1.030,1.384,-34.449,42.846,-34.841
28.57,1.541,1.028,1.390,-34.805,42.837,-34.857
28.58,1.591,1.030,1.401,-34.477,42.834,-34.848
28.59,1.516,1.034,1.409,-34.271,42.841,-34.818
28.60,1.537,1.037,1.418,-34.605,42.848,-34.808
28.61,1.356,1.039,1.414,-35.016,42.849,-34.828
28.62,1.668,1.041,1.429,-34.487,42.851,-34.815
28.63,1.449,1.042,1.429,-35.294,42.842,-34.861
28.64,1.667,1.044,1.443,-34.635,42.823,-34.875
28.65,1.461,1.047,1.445,-34.707,42.799,-34.897
28.66,1.288,1.054,1.441,-34.072,42.788,-34.870
28.67,1.521,1.064,1.453,-34.545,42.782,-34.865
28.68,1.302,1.070,1.449,-35.063,42.772,-34.894
28.69,1.293,1.073,1.441,-34.685,42.765,-34.897
28.70,1.550,1.076,1.448,-33.676,42.778,-34.822
28.71,1.555,1.084,1.460,-34.122,42.814,-34.754
28.72,1.368,1.094,1.462,-35.004,42.862,-34.731
28.73,1.787,1.099,1.484,-35.058,42.900,-34.720
28.74,1.343,1.104,1.479,-35.120,42.934,-34.719
28.75,1.482,1.108,1.482,-35.420,42.962,-34.741
28.76,1.182,1.108,1.463,-35.350,42.979,-34.768
28.77,1.343,1.108,1.454,-34.514,43.001,-34.741
28.78,1.477,1.109,1.455,-35.285,43.012,-34.771
28.79,1.015,1.110,1.428,-35.736,42.991,-34.855
28.80,1.371,1.111,1.424,-34.901,42.953,-34.903
28.81,1.239,1.116,1.416,-34.658,42.920,-34.929
28.82,1.482,1.123,1.423,-34.222,42.902,-34.915
28.83,1.165,1.129,1.411,-34.319,42.910,-34.882
28.84,1.350,1.131,1.407,-34.640,42.931,-34.856
28.85,1.474,1.132,1.410,-35.245,42.953,-34.866
28.86,1.507,1.130,1.411,-34.976,42.964,-34.870
28.87,1.317,1.129,1.402,-34.717,42.973,-34.861
28.88,1.553,1.130,1.409,-34.983,42.983,-34.867
28.89,1.050,1.128,1.385,-35.150,42.988,-34.888
28.90,1.692,1.128,1.400,-34.937,42.984,-34.903
28.91,1.003,1.128,1.374,-35.091,42.970,-34.936
28.92,1.248,1.127,1.363,-35.229,42.946,-34.984
28.93,1.482,1.125,1.365,-34.870,42.912,-35.018
28.94,1.146,1.124,1.349,-34.787,42.876,-35.047
28.95,1.460,1.124,1.353,-34.465,42.852,-35.044
28.96,1.388,1.124,1.351,-34.847,42.842,-35.051
28.97,1.367,1.125,1.350,-34.166,42.849,-35.002
28.98,1.294,1.124,1.344,-34.805,42.882,-34.966
28.99,1.288,1.122,1.336,-35.019,42.912,-34.948
29.00,1.406,1.121,1.336,-35.770,42.917,-34.998
29.01,1.156,1.118,1.321,-35.033,42.903,-35.022
29.02,1.527,1.115,1.327,-34.376,42.891,-35.004
29.03,1.589,1.115,1.339,-34.377,42.897,-34.969
29.04,1.633,1.115,1.353,-34.945,42.904,-34.968
29.05,1.624,1.118,1.370,-34.685,42.899,-34.963
29.06,1.552,1.126,1.386,-35.024,42.882,-34.989
29.07,1.036,1.131,1.368,-34.891,42.860,-35.012
29.08,1.182,1.134,1.358,-35.139,42.842,-35.043
29.09,1.677,1.136,1.376,-34.854,42.831,-35.049
29.10,1.121,1.140,1.363,-34.148,42.840,-34.995
29.11,1.071,1.148,1.351,-34.730,42.852,-34.974
29.12,1.281,1.154,1.350,-35.135,42.855,-34.986
29.13,1.245,1.160,1.348,-34.235,42.862,-34.943
29.14,1.696,1.168,1.372,-33.966,42.882,-34.872
29.15,1.562,1.175,1.388,-34.716,42.912,-34.840
29.16,1.791,1.177,1.411,-34.921,42.929,-34.833
29.17,0.939,1.181,1.385,-35.168,42.925,-34.862
29.18,1.616,1.184,1.399,-34.063,42.924,-34.821
29.19,1.528,1.190,1.410,-35.010,42.923,-34.838
29.20,1.502,1.193,1.416,-35.384,42.912,-34.884
29.21,1.547,1.191,1.419,-34.942,42.903,-34.901
29.22,1.339,1.185,1.407,-34.709,42.896,-34.901
29.23,1.439,1.181,1.403,-35.237,42.881,-34.939
29.24,1.161,1.178,1.384,-34.369,42.868,-34.924
29.25,1.364,1.178,1.381,-34.679,42.868,-34.914
29.26,1.251,1.178,1.371,-35.718,42.857,-34.975
29.27,1.188,1.175,1.356,-34.996,42.828,-35.009
29.28,1.617,1.178,1.371,-34.560,42.783,-35.030
29.29,1.741,1.182,1.394,-34.233,42.746,-35.023
29.30,1.470,1.186,1.400,-34.108,42.726,-34.993
29.31,1.791,1.188,1.423,-34.348,42.720,-34.965
29.32,1.508,1.189,1.427,-34.780,42.718,-34.959
29.33,1.346,1.187,1.419,-34.429,42.712,-34.937
29.34,1.505,1.181,1.417,-34.553,42.698,-34.930
29.35,1.533,1.178,1.419,-35.288,42.677,-34.972
29.36,1.057,1.177,1.395,-35.415,42.627,-35.048
29.37,0.989,1.179,1.372,-35.124,42.552,-35.125
29.38,1.243,1.182,1.365,-33.446,42.493,-35.085
29.39,2.020,1.190,1.409,-33.549,42.464,-35.025
29.40,1.480,1.197,1.419,-33.888,42.452,-34.971
29.41,1.385,1.205,1.422,-33.768,42.460,-34.892
29.42,1.587,1.211,1.436,-33.932,42.489,-34.808
29.43,1.536,1.214,1.443,-34.551,42.534,-34.749
29.44,1.073,1.214,1.421,-34.670,42.590,-34.689
29.45,0.849,1.217,1.388,-34.500,42.645,-34.624
29.46,1.410,1.217,1.388,-34.685,42.690,-34.583
29.47,1.223,1.217,1.376,-34.840,42.709,-34.577
29.48,1.583,1.218,1.387,-35.361,42.698,-34.631
29.49,1.359,1.218,1.383,-34.922,42.669,-34.674
29.50,1.308,1.221,1.379,-34.604,42.638,-34.697
29.51,1.648,1.222,1.394,-34.486,42.609,-34.711
29.52,1.300,1.224,1.388,-34.401,42.583,-34.716
29.53,1.691,1.224,1.404,-34.510,42.566,-34.718
29.54,1.444,1.227,1.407,-33.898,42.565,-34.670
29.55,1.954,1.233,1.442,-34.370,42.580,-34.636
29.56,1.549,1.237,1.452,-34.100,42.594,-34.589
29.57,1.468,1.243,1.457,-34.582,42.590,-34.589
29.58,1.793,1.250,1.481,-34.995,42.568,-34.630
29.59,1.528,1.252,1.485,-34.625,42.552,-34.642
29.60,1.339,1.256,1.480,-34.377,42.542,-34.633
29.61,1.583,1.261,1.489,-34.370,42.544,-34.613
29.62,1.448,1.268,1.492,-34.412,42.546,-34.596
29.63,1.066,1.273,1.471,-34.840,42.539,-34.613
29.64,1.264,1.274,1.459,-34.142,42.539,-34.582
29.65,1.092,1.275,1.437,-33.668,42.559,-34.508
29.66,1.297,1.278,1.430,-33.853,42.601,-34.426
29.67,1.040,1.280,1.408,-34.766,42.655,-34.391
29.68,1.168,1.280,1.391,-35.971,42.674,-34.459
29.69,1.891,1.276,1.414,-35.144,42.661,-34.508
29.70,1.346,1.276,1.408,-34.506,42.655,-34.511
29.71,1.658,1.281,1.426,-34.383,42.655,-34.501
29.73,1.389,1.286,1.426,-34.543,42.650,-34.505
29.73,1.456,1.294,1.433,-34.108,42.626,-34.502
29.74,1.668,1.302,1.453,-34.066,42.609,-34.490
29.75,1.296,1.303,1.443,-34.244,42.619,-34.462
29.77,1.730,1.303,1.458,-34.812,42.643,-34.456
29.77,0.962,1.308,1.432,-34.325,42.676,-34.414
29.79,1.296,1.313,1.427,-34.721,42.706,-34.400
29.79,1.491,1.320,1.435,-35.251,42.727,-34.427
29.80,1.400,1.322,1.433,-34.930,42.726,-34.454
29.81,2.018,1.323,1.466,-34.561,42.718,-34.466
29.83,1.511,1.322,1.466,-34.596,42.704,-34.485
29.84,1.691,1.319,1.475,-34.879,42.678,-34.530
29.85,1.702,1.318,1.486,-34.724,42.650,-34.566
29.86,1.591,1.320,1.492,-34.040,42.621,-34.561
29.87,1.700,1.324,1.507,-34.311,42.605,-34.559
29.88,1.756,1.330,1.525,-34.575,42.600,-34.562
29.89,0.929,1.333,1.493,-34.745,42.606,-34.565
29.90,1.516,1.334,1.495,-34.720,42.607,-34.572
29.91,1.393,1.334,1.487,-34.680,42.604,-34.579
29.92,1.126,1.331,1.462,-34.393,42.598,-34.572
29.93,1.278,1.332,1.450,-34.180,42.599,-34.546
29.94,1.272,1.332,1.439,-34.106,42.619,-34.500
29.95,1.305,1.333,1.430,-34.982,42.633,-34.512
29.96,1.357,1.331,1.422,-34.991,42.626,-34.544
29.97,1.052,1.331,1.398,-34.626,42.615,-34.557
29.98,1.465,1.329,1.399,-34.751,42.612,-34.569
29.99,1.504,1.328,1.401,-34.720,42.606,-34.582
30.00,1.766,1.328,1.420,-34.412,42.598,-34.578
30.01,1.268,1.328,1.409,-34.370,42.593,-34.569
30.02,1.454,1.327,1.409,-34.175,42.595,-34.543
30.03,1.390,1.327,1.406,-34.281,42.603,-34.518
30.04,1.417,1.327,1.404,-34.464,42.603,-34.512
30.05,1.218,1.324,1.390,-34.671,42.594,-34.528
30.06,1.470,1.324,1.392,-33.829,42.600,-34.479
30.07,1.449,1.323,1.392,-34.051,42.626,-34.427
30.08,1.589,1.323,1.401,-34.546,42.666,-34.394
30.09,1.487,1.322,1.404,-34.611,42.705,-34.366
30.10,1.672,1.319,1.415,-35.411,42.709,-34.420
30.11,1.553,1.319,1.421,-34.996,42.702,-34.458
30.12,1.116,1.318,1.401,-34.147,42.708,-34.433
30.13,1.079,1.316,1.379,-35.174,42.708,-34.474
30.14,1.524,1.312,1.381,-35.057,42.679,-34.534
30.15,1.254,1.308,1.369,-34.395,42.643,-34.559
30.16,1.629,1.306,1.380,-34.099,42.619,-34.553
30.17,1.546,1.307,1.389,-33.792,42.621,-34.506
30.18,1.498,1.309,1.395,-33.632,42.654,-34.423
30.19,1.455,1.310,1.398,-34.206,42.707,-34.358
30.20,1.257,1.309,1.388,-35.233,42.752,-34.364
30.21,1.200,1.307,1.374,-35.701,42.758,-34.434
30.22,1.361,1.308,1.372,-34.664,42.758,-34.447
30.23,1.622,1.308,1.385,-34.654,42.760,-34.456
30.24,1.357,1.312,1.385,-34.657,42.764,-34.463
30.25,1.459,1.316,1.392,-34.742,42.773,-34.470
30.26,1.298,1.316,1.385,-34.235,42.795,-34.436
30.27,1.624,1.316,1.397,-35.069,42.817,-34.451
30.28,1.613,1.315,1.407,-35.101,42.823,-34.483
30.29,1.179,1.312,1.390,-34.774,42.821,-34.503
30.30,1.699,1.314,1.408,-34.929,42.813,-34.535
30.31,1.600,1.313,1.418,-34.553,42.809,-34.541
30.32,1.609,1.314,1.428,-34.524,42.819,-34.532
30.33,1.835,1.313,1.450,-35.276,42.820,-34.575
30.34,1.348,1.311,1.442,-34.551,42.807,-34.587
30.35,1.286,1.311,1.432,-34.083,42.805,-34.562
30.36,1.347,1.312,1.427,-34.548,42.814,-34.553
30.37,1.897,1.312,1.454,-34.728,42.845,-34.536
30.38,1.618,1.314,1.465,-35.222,42.872,-34.551
30.39,1.526,1.317,1.470,-35.433,42.878,-34.599
30.40,1.468,1.316,1.469,-34.966,42.861,-34.638
30.41,1.486,1.318,1.472,-34.445,42.847,-34.643
30.42,1.312,1.318,1.462,-34.772,42.851,-34.650
30.43,0.946,1.316,1.430,-35.039,42.846,-34.679
30.44,1.281,1.316,1.421,-34.737,42.837,-34.694
30.45,1.305,1.315,1.412,-34.566,42.841,-34.686
30.46,1.900,1.315,1.439,-34.863,42.849,-34.691
30.47,1.423,1.314,1.436,-34.351,42.851,-34.672
30.48,1.497,1.315,1.440,-34.485,42.860,-34.656
30.49,1.259,1.317,1.431,-34.602,42.878,-34.638
30.50,0.995,1.322,1.410,-34.803,42.910,-34.620
30.51,1.175,1.321,1.394,-35.854,42.919,-34.687
30.52,1.428,1.318,1.392,-35.290,42.895,-34.747
30.53,1.572,1.318,1.402,-34.278,42.871,-34.746
30.54,1.855,1.319,1.428,-33.948,42.872,-34.703
30.55,1.455,1.320,1.429,-34.416,42.890,-34.673
30.56,1.335,1.320,1.423,-35.432,42.899,-34.711
30.57,1.251,1.321,1.413,-34.515,42.902,-34.700
30.58,1.333,1.324,1.410,-34.343,42.923,-34.663
30.59,1.735,1.324,1.428,-35.504,42.931,-34.707
30.60,1.116,1.322,1.408,-34.612,42.928,-34.708
30.61,1.573,1.322,1.416,-34.758,42.936,-34.707
30.62,1.615,1.322,1.426,-35.288,42.947,-34.734
30.63,1.655,1.319,1.437,-35.291,42.949,-34.768
30.64,1.462,1.317,1.436,-34.743,42.957,-34.764
30.65,1.011,1.313,1.406,-35.316,42.967,-34.790
30.66,1.287,1.311,1.397,-34.958,42.971,-34.801
30.67,1.334,1.309,1.391,-35.284,42.971,-34.834
30.68,1.347,1.309,1.387,-34.816,42.967,-34.842
30.69,1.458,1.312,1.393,-34.656,42.962,-34.841
30.70,1.605,1.316,1.408,-34.610,42.962,-34.832
30.71,1.329,1.317,1.403,-35.618,42.938,-34.906
30.72,1.728,1.318,1.422,-34.982,42.901,-34.952
30.73,1.204,1.320,1.411,-34.206,42.878,-34.935
30.74,1.794,1.321,1.434,-33.940,42.880,-34.880
30.75,1.100,1.325,1.417,-35.346,42.885,-34.907
30.76,1.707,1.324,1.433,-34.870,42.884,-34.910
30.77,1.574,1.324,1.441,-34.409,42.888,-34.882
30.78,1.185,1.324,1.425,-34.846,42.891,-34.881
30.79,1.296,1.322,1.415,-35.222,42.878,-34.917
30.80,1.288,1.324,1.409,-34.945,42.858,-34.943
30.81,2.046,1.327,1.448,-35.085,42.825,-34.986
30.82,1.669,1.328,1.461,-34.783,42.780,-35.021
30.83,1.191,1.332,1.450,-34.334,42.742,-35.021
30.84,1.938,1.339,1.483,-34.122,42.727,-34.986
30.85,1.451,1.344,1.486,-33.731,42.744,-34.901
30.86,1.313,1.345,1.478,-35.033,42.770,-34.887
30.87,1.354,1.347,1.472,-35.094,42.793,-34.879
30.88,1.678,1.349,1.486,-34.757,42.822,-34.848
30.89,1.399,1.349,1.480,-34.862,42.840,-34.834
30.90,1.522,1.346,1.479,-35.069,42.845,-34.845
30.91,1.289,1.344,1.466,-34.654,42.845,-34.836
30.92,1.603,1.342,1.472,-34.434,42.849,-34.812
30.93,1.577,1.343,1.479,-34.641,42.863,-34.791
30.94,1.767,1.344,1.497,-34.627,42.891,-34.757
30.95,1.522,1.343,1.497,-35.334,42.905,-34.779
30.96,1.481,1.341,1.495,-34.784,42.899,-34.788
30.97,1.778,1.339,1.510,-34.752,42.893,-34.794
30.98,1.656,1.339,1.518,-34.901,42.880,-34.815
30.99,1.482,1.339,1.516,-35.083,42.865,-34.847
31.00,1.446,1.339,1.513,-34.494,42.855,-34.838
31.01,1.785,1.341,1.531,-34.473,42.853,-34.821
31.02,0.868,1.341,1.492,-33.918,42.877,-34.748
31.03,1.511,1.345,1.498,-34.112,42.917,-34.675
31.04,1.406,1.345,1.493,-35.537,42.927,-34.716
31.05,1.452,1.346,1.491,-34.958,42.909,-34.749
31.06,1.596,1.347,1.498,-34.531,42.897,-34.750
31.07,1.241,1.349,1.485,-34.275,42.894,-34.727
31.08,1.468,1.352,1.487,-34.515,42.903,-34.707
31.09,1.392,1.351,1.480,-34.820,42.918,-34.701
31.10,1.268,1.350,1.467,-34.909,42.932,-34.701
31.11,1.281,1.347,1.452,-35.439,42.927,-34.749
31.12,1.321,1.341,1.439,-34.989,42.904,-34.787
31.13,1.493,1.337,1.437,-34.436,42.885,-34.787
31.14,1.091,1.332,1.412,-34.077,42.885,-34.747
31.15,1.554,1.333,1.421,-34.751,42.897,-34.738
31.16,1.659,1.335,1.435,-34.796,42.914,-34.727
31.17,1.479,1.336,1.438,-34.975,42.936,-34.721
31.18,1.411,1.335,1.435,-35.480,42.938,-34.765
31.19,1.691,1.333,1.448,-35.062,42.927,-34.795
31.20,2.062,1.331,1.481,-34.407,42.922,-34.779
31.21,1.448,1.330,1.479,-35.196,42.913,-34.814
31.22,1.387,1.330,1.474,-34.835,42.892,-34.837
31.23,1.482,1.330,1.474,-34.326,42.880,-34.821
31.24,1.616,1.332,1.483,-34.269,42.886,-34.785
31.26,1.205,1.332,1.468,-34.441,42.904,-34.750
31.27,1.259,1.334,1.458,-35.100,42.921,-34.756
31.28,1.391,1.336,1.455,-34.966,42.931,-34.760
31.29,1.441,1.334,1.452,-35.091,42.925,-34.786
31.30,1.558,1.330,1.454,-34.731,42.916,-34.794
31.31,1.424,1.328,1.451,-35.009,42.917,-34.807
31.31,1.924,1.326,1.476,-34.760,42.927,-34.797
31.33,1.709,1.325,1.488,-35.574,42.922,-34.848
31.34,1.342,1.321,1.477,-35.044,42.899,-34.884
31.35,1.727,1.320,1.490,-34.219,42.881,-34.865
31.36,1.202,1.317,1.471,-34.416,42.875,-34.847
31.37,1.573,1.316,1.476,-34.172,42.880,-34.806
31.38,1.269,1.315,1.464,-34.515,42.894,-34.776
31.39,1.380,1.315,1.459,-34.767,42.917,-34.756
31.40,1.173,1.316,1.443,-34.798,42.936,-34.741
31.41,1.123,1.313,1.422,-34.810,42.946,-34.737
31.42,1.217,1.310,1.407,-34.684,42.952,-34.730
31.43,1.166,1.305,1.388,-34.400,42.979,-34.687
31.44,1.365,1.300,1.380,-35.395,43.004,-34.705
31.45,0.898,1.298,1.349,-35.362,43.013,-34.737
31.46,1.610,1.296,1.362,-35.235,43.004,-34.776
31.47,1.375,1.294,1.360,-35.663,42.982,-34.850
31.48,1.709,1.289,1.374,-35.002,42.948,-34.894
31.49,1.462,1.281,1.372,-34.783,42.917,-34.920
31.50,1.458,1.271,1.366,-35.174,42.879,-34.973
31.51,1.149,1.255,1.339,-35.178,42.830,-35.035
31.52,1.093,1.234,1.304,-35.496,42.766,-35.125
31.53,1.419,1.201,1.279,-36.139,42.679,-35.270
31.54,1.244,1.158,1.235,-36.034,42.583,-35.408
31.55,0.654,1.103,1.149,-35.822,42.445,-35.567
31.56,1.163,1.033,1.083,-35.328,42.278,-35.716
31.57,1.510,0.970,1.048,-34.470,42.082,-35.833
31.58,0.564,0.912,0.964,-35.888,41.813,-36.092
31.59,1.394,0.844,0.924,-36.402,41.460,-36.446
31.60,1.234,0.785,0.886,-33.815,41.037,-36.695
31.61,1.300,0.735,0.863,-36.230,40.518,-37.159
31.62,1.437,0.690,0.853,-35.702,39.896,-37.661
31.63,1.961,0.639,0.870,-33.545,39.128,-38.145
31.64,0.491,0.591,0.804,-33.757,38.240,-38.724
31.65,1.349,0.516,0.766,-31.506,37.290,-39.193
31.66,1.420,0.451,0.744,-28.132,36.364,-39.411
31.67,1.981,0.374,0.745,-28.124,35.505,-39.545
31.68,2.046,0.298,0.751,-25.406,34.706,-39.449
31.69,2.108,0.215,0.756,-27.673,33.944,-39.444
31.70,1.989,0.117,0.739,-26.733,33.143,-39.413
31.71,1.515,0.023,0.701,-25.307,32.301,-39.330
31.72,1.888,-0.065,0.693,-25.034,31.404,-39.278
31.73,1.358,-0.152,0.658,-26.178,30.417,-39.369
31.74,1.304,-0.261,0.601,-26.719,29.193,-39.686
31.75,0.454,-0.369,0.499,-19.701,27.908,-39.633
31.76,-0.011,-0.458,0.394,-17.456,26.527,-39.529
31.77,0.674,-0.533,0.348,-15.807,25.130,-39.334
31.78,2.909,-0.604,0.438,-14.806,23.817,-38.997
31.79,3.298,-0.659,0.562,-15.200,22.646,-38.550
31.80,1.443,-0.693,0.593,-12.403,21.562,-37.868
31.81,1.949,-0.716,0.664,-13.297,20.505,-37.233
31.82,2.151,-0.739,0.742,-12.057,19.466,-36.528
31.83,2.697,-0.757,0.853,-12.966,18.447,-35.881
31.84,2.309,-0.785,0.928,-13.891,17.464,-35.272
31.85,2.464,-0.826,0.995,-10.561,16.529,-34.446
31.86,3.035,-0.860,1.100,-10.223,15.686,-33.543
31.87,2.426,-0.893,1.166,-9.234,14.923,-32.543
31.88,2.439,-0.927,1.228,-8.436,14.204,-31.496
31.89,2.080,-0.956,1.272,-8.351,13.542,-30.433
31.90,2.100,-0.986,1.314,-8.225,12.891,-29.398
31.91,1.903,-1.023,1.339,-7.485,12.150,-28.404
31.92,2.628,-1.054,1.408,-5.465,11.459,-27.326
31.93,2.505,-1.078,1.473,-4.490,10.796,-26.213
31.94,1.986,-1.096,1.511,-3.726,10.188,-25.051
31.95,2.226,-1.111,1.564,-3.669,9.663,-23.860
31.96,2.103,-1.123,1.610,-3.007,9.216,-22.612
31.97,2.403,-1.128,1.677,-3.634,8.804,-21.425
31.98,1.073,-1.136,1.662,-4.295,8.378,-20.345
31.99,0.947,-1.148,1.636,-5.994,7.900,-19.465
32.00,1.560,-1.165,1.641,-6.386,7.335,-18.730
32.01,1.692,-1.192,1.644,-5.608,6.649,-18.097
32.02,0.689,-1.234,1.575,-6.094,5.842,-17.634
32.03,-1.323,-1.265,1.403,0.674,4.905,-16.919
32.04,-1.251,-1.281,1.258,2.601,3.884,-16.200
32.05,2.489,-1.275,1.356,3.773,2.849,-15.455
32.06,4.682,-1.255,1.590,0.471,1.904,-14.844
32.07,1.564,-1.247,1.620,3.431,1.099,-13.954
32.08,5.502,-1.290,1.829,9.083,0.541,-12.544
32.09,3.956,-1.279,1.989,9.592,0.596,-10.590
32.10,0.293,-1.288,1.911,-4.010,0.528,-9.640
32.11,3.284,-1.294,2.012,6.409,0.428,-8.166
32.12,0.713,-1.300,1.960,6.142,0.327,-6.783
32.13,1.089,-1.293,1.944,6.879,0.228,-5.427
32.14,1.726,-1.274,1.976,8.558,0.141,-4.031
32.15,1.140,-1.260,1.967,6.939,0.068,-2.787
32.16,1.818,-1.251,1.993,4.335,0.042,-1.714
32.17,1.886,-1.246,2.018,3.271,0.030,-0.747
32.18,2.235,-1.244,2.058,2.419,0.018,0.118
32.19,1.746,-1.248,2.061,-0.211,0.014,0.790
32.20,2.197,-1.251,2.093,-2.961,0.012,1.264
32.21,1.670,-1.253,2.092,-2.785,0.014,1.723
32.22,1.405,-1.253,2.077,0.134,0.010,2.314
32.23,1.393,-1.254,2.062,2.410,0.012,3.007
32.24,0.712,-1.252,2.010,7.175,0.008,3.930
32.25,1.870,-1.250,2.030,6.411,0.011,4.833
32.26,0.969,-1.250,1.991,4.076,0.013,5.480
32.27,2.204,-1.246,2.030,3.863,0.018,6.078
32.28,1.958,-1.248,2.047,2.593,0.021,6.565
32.29,3.008,-1.248,2.125,1.339,0.022,6.945
32.30,3.045,-1.249,2.201,2.054,0.020,7.338
32.31,2.349,-1.248,2.235,1.975,0.016,7.698
32.32,2.202,-1.244,2.260,1.789,0.015,8.024
32.33,1.592,-1.242,2.247,4.381,0.015,8.479
32.34,0.336,-1.236,2.165,7.007,0.017,9.058
32.35,0.988,-1.237,2.118,6.466,0.018,9.570
32.36,1.457,-1.234,2.104,4.830,0.014,9.951
32.37,1.545,-1.234,2.092,3.991,0.012,10.258
32.38,0.991,-1.233,2.050,3.069,0.002,10.483
32.39,3.070,-1.233,2.129,1.514,-0.002,10.604
32.40,1.318,-1.230,2.105,1.108,-0.003,10.691
32.41,1.807,-1.230,2.108,4.031,-0.004,10.936
32.42,2.066,-1.228,2.128,2.841,-0.003,11.153
32.43,0.947,-1.227,2.079,4.360,-0.005,11.375
32.44,1.807,-1.228,2.081,3.590,-0.006,11.535
32.45,1.514,-1.225,2.070,3.788,-0.006,11.692
32.46,1.309,-1.226,2.042,3.988,-0.007,11.846
32.47,1.135,-1.227,2.006,6.742,-0.007,12.146
32.48,1.720,-1.229,2.004,3.889,-0.005,12.260
32.49,1.761,-1.228,2.008,4.062,-0.002,12.373
32.50,2.148,-1.230,2.030,4.547,-0.001,12.499
32.51,2.616,-1.232,2.079,4.922,-0.001,12.633
32.52,2.011,-1.231,2.092,3.973,-0.001,12.698
32.53,1.468,-1.233,2.071,3.872,-0.001,12.747
32.54,1.383,-1.231,2.049,3.300,-0.003,12.752
32.55,1.747,-1.233,2.046,2.882,-0.004,12.727
32.56,1.711,-1.233,2.042,3.097,-0.004,12.708
32.57,1.720,-1.233,2.039,3.437,-0.002,12.706
32.58,1.547,-1.235,2.023,3.326,-0.002,12.688
32.59,1.651,-1.236,2.015,3.056,-0.001,12.650
32.60,1.672,-1.234,2.012,3.162,-0.001,12.612
32.61,1.718,-1.235,2.008,3.363,-0.001,12.580
32.62,1.606,-1.236,1.998,3.625,-0.002,12.559
32.63,1.859,-1.235,2.004,3.952,-0.001,12.552
32.64,2.044,-1.236,2.019,4.288,0.001,12.559
32.65,2.146,-1.237,2.040,4.816,-0.000,12.588
32.66,2.002,-1.240,2.048,3.505,-0.001,12.533
32.68,2.072,-1.240,2.063,3.099,-0.001,12.452
32.68,1.717,-1.241,2.055,3.531,-0.003,12.393
32.69,1.056,-1.244,2.009,3.061,-0.002,12.306
32.70,1.635,-1.244,1.999,2.894,-0.002,12.206
32.71,1.584,-1.243,1.988,3.787,-0.004,12.154
32.72,1.544,-1.241,1.976,3.681,-0.006,12.094
32.73,1.465,-1.241,1.958,3.597,-0.006,12.027
32.74,1.818,-1.239,1.964,3.512,-0.005,11.953
32.76,1.797,-1.238,1.966,3.736,-0.005,11.891
32.77,1.720,-1.238,1.965,3.863,-0.004,11.871
32.77,1.811,-1.237,1.967,3.734,-0.003,11.799
32.79,1.607,-1.235,1.959,3.615,-0.001,11.719
32.80,1.891,-1.234,1.967,3.764,-0.000,11.645
32.81,1.816,-1.233,1.970,3.638,-0.001,11.562
32.82,1.895,-1.230,1.978,3.606,-0.000,11.476
32.83,1.934,-1.232,1.984,3.499,-0.000,11.384
32.84,1.814,-1.233,1.983,3.803,-0.001,11.307
32.85,1.864,-1.234,1.986,3.581,-0.002,11.216
32.86,2.113,-1.234,2.004,3.106,-0.004,11.096
32.87,1.908,-1.233,2.009,4.091,-0.006,11.035
32.88,1.731,-1.232,2.004,3.881,-0.007,10.961
32.89,1.599,-1.231,1.991,3.594,-0.008,10.870
32.90,2.073,-1.231,2.006,3.743,-0.008,10.787
32.91,1.578,-1.232,1.990,3.472,-0.008,10.689
32.92,1.445,-1.231,1.968,3.754,-0.009,10.606
32.93,1.698,-1.230,1.962,4.142,-0.007,10.548
32.94,2.102,-1.229,1.981,3.660,-0.006,10.488
32.95,1.973,-1.228,1.990,3.559,-0.007,10.389
32.96,2.122,-1.229,2.006,3.542,-0.007,10.290
32.97,1.985,-1.228,2.014,3.250,-0.008,10.175
32.98,2.062,-1.230,2.024,3.591,-0.009,10.080
32.99,1.532,-1.231,2.003,3.325,-0.008,9.973
33.00,1.766,-1.231,1.998,3.722,-0.008,9.890
33.01,1.693,-1.231,1.989,3.533,-0.008,9.796
33.02,1.848,-1.231,1.989,3.464,-0.007,9.699
33.03,1.740,-1.232,1.981,3.622,-0.006,9.612
33.04,1.793,-1.232,1.979,3.478,-0.006,9.517
33.05,1.588,-1.233,1.962,3.508,-0.006,9.425
33.06,1.619,-1.232,1.951,3.359,-0.007,9.325
33.07,1.817,-1.232,1.951,3.556,-0.006,9.238
33.08,1.861,-1.229,1.955,3.244,-0.007,9.133
33.09,1.882,-1.230,1.958,3.565,-0.007,9.049
33.10,1.757,-1.228,1.955,3.671,-0.006,8.972
33.11,1.971,-1.227,1.963,3.629,-0.006,8.894
33.12,2.111,-1.228,1.978,3.613,-0.007,8.814
33.13,1.918,-1.231,1.978,3.807,-0.007,8.746
33.14,1.710,-1.230,1.970,3.566,-0.007,8.665
33.15,2.117,-1.230,1.986,3.801,-0.007,8.598
33.16,2.067,-1.229,1.998,3.574,-0.007,8.519
33.17,2.151,-1.227,2.016,3.404,-0.006,8.431
33.18,1.574,-1.226,1.998,3.270,-0.008,8.335
33.19,1.684,-1.227,1.985,3.576,-0.007,8.260
33.20,1.565,-1.227,1.967,3.636,-0.008,8.188
33.21,1.522,-1.227,1.947,3.409,-0.010,8.103
33.22,1.898,-1.228,1.949,3.288,-0.008,8.015
33.23,1.553,-1.231,1.930,3.296,-0.009,7.928
33.24,1.750,-1.231,1.925,3.277,-0.009,7.841
33.25,1.831,-1.230,1.925,3.150,-0.007,7.750
33.26,1.538,-1.232,1.907,3.642,-0.007,7.689
33.27,1.618,-1.232,1.894,3.546,-0.007,7.621
33.28,2.217,-1.235,1.916,3.702,-0.007,7.580
33.29,1.775,-1.234,1.914,3.780,-0.006,7.527
33.30,1.704,-1.234,1.907,3.385,-0.005,7.451
33.31,1.928,-1.234,1.912,3.414,-0.003,7.378
33.32,1.705,-1.236,1.903,3.795,-0.003,7.327
33.33,1.957,-1.237,1.910,3.565,-0.003,7.265
33.34,1.603,-1.238,1.896,3.898,-0.003,7.222
33.35,1.758,-1.238,1.892,3.643,-0.002,7.164
33.36,1.997,-1.237,1.904,3.826,-0.002,7.118
33.37,1.970,-1.237,1.912,3.645,-0.001,7.062
33.38,1.762,-1.235,1.909,3.799,-0.001,7.015
33.39,1.898,-1.236,1.912,3.861,-0.001,6.972
33.40,1.886,-1.236,1.915,3.737,-0.000,6.922
33.41,1.667,-1.237,1.904,3.640,-0.000,6.867
33.42,1.710,-1.239,1.895,3.827,0.000,6.823
33.43,1.846,-1.241,1.894,3.593,0.000,6.767
33.44,1.962,-1.241,1.901,3.884,-0.001,6.726
33.45,1.824,-1.244,1.899,3.550,-0.001,6.679
33.46,1.941,-1.244,1.905,3.598,-0.001,6.624
33.47,1.956,-1.244,1.912,3.462,-0.001,6.561
33.48,1.897,-1.244,1.915,3.628,-0.002,6.507
33.49,1.930,-1.244,1.920,3.512,-0.002,6.450
33.50,1.877,-1.244,1.921,3.670,-0.002,6.403
33.51,1.436,-1.244,1.897,3.660,-0.001,6.357
33.52,1.799,-1.248,1.891,3.232,-0.001,6.285
33.53,1.864,-1.249,1.893,3.381,-0.000,6.225
33.54,1.751,-1.248,1.889,3.429,-0.002,6.167
33.55,1.723,-1.250,1.880,3.508,-0.004,6.115
33.56,1.793,-1.252,1.877,3.765,-0.003,6.081
33.57,1.695,-1.251,1.871,3.611,-0.004,6.037
33.58,1.669,-1.251,1.862,3.725,-0.002,6.003
33.59,1.704,-1.250,1.856,3.776,-0.002,5.970
33.60,1.809,-1.250,1.856,3.891,-0.003,5.943
33.61,1.878,-1.251,1.860,3.867,-0.003,5.916
33.62,1.859,-1.252,1.862,3.698,-0.003,5.880
33.63,1.733,-1.251,1.858,3.522,-0.002,5.834
33.64,1.589,-1.251,1.845,3.546,-0.002,5.790
33.65,1.763,-1.252,1.841,3.274,-0.002,5.731
33.66,1.733,-1.253,1.837,3.253,-0.002,5.672
33.67,1.962,-1.256,1.844,3.184,-0.002,5.611
33.68,1.672,-1.256,1.836,3.650,-0.002,5.578
33.69,1.803,-1.256,1.836,3.957,-0.001,5.565
33.70,1.984,-1.259,1.845,4.435,0.001,5.580
33.71,2.374,-1.261,1.876,4.710,0.003,5.609
33.72,1.713,-1.262,1.868,4.233,0.005,5.608
33.73,1.502,-1.263,1.848,2.747,0.008,5.522
33.74,1.913,-1.263,1.855,3.219,0.010,5.464
33.75,1.711,-1.264,1.848,3.708,0.012,5.436
33.76,1.670,-1.263,1.840,3.242,0.011,5.379
33.77,1.595,-1.265,1.827,3.006,0.013,5.313
33.78,1.776,-1.267,1.824,3.215,0.013,5.258
33.79,1.983,-1.266,1.836,3.574,0.012,5.232
33.80,1.572,-1.266,1.823,3.398,0.012,5.190
33.81,2.023,-1.266,1.837,3.220,0.012,5.139
33.82,1.892,-1.266,1.842,3.403,0.013,5.101
33.83,1.649,-1.263,1.836,3.510,0.013,5.069
33.84,2.025,-1.261,1.850,3.889,0.012,5.059
33.85,1.973,-1.260,1.860,3.365,0.011,5.019
33.86,1.810,-1.261,1.859,3.556,0.012,4.991
33.87,2.013,-1.261,1.870,3.534,0.012,4.963
33.88,1.937,-1.260,1.877,3.700,0.011,4.945
33.89,1.843,-1.261,1.876,3.733,0.012,4.929
33.90,1.799,-1.259,1.876,3.653,0.012,4.909
33.91,2.086,-1.263,1.887,3.758,0.015,4.897
33.92,1.931,-1.262,1.893,3.823,0.016,4.887
33.93,1.928,-1.262,1.897,3.708,0.017,4.870
33.94,2.024,-1.262,1.907,3.621,0.017,4.848
33.95,1.858,-1.261,1.907,3.622,0.018,4.827
33.96,1.662,-1.262,1.895,3.296,0.019,4.791
33.97,1.539,-1.263,1.876,3.415,0.019,4.758
33.98,1.736,-1.263,1.869,3.235,0.021,4.717
33.99,1.842,-1.263,1.869,3.094,0.022,4.668
34.00,1.812,-1.263,1.868,3.362,0.024,4.637
34.01,1.738,-1.262,1.864,3.153,0.024,4.594
34.02,1.609,-1.259,1.853,3.364,0.026,4.566
34.03,1.626,-1.257,1.843,3.845,0.028,4.566
34.04,1.861,-1.259,1.844,3.907,0.029,4.569
34.05,1.841,-1.260,1.844,4.085,0.028,4.580
34.06,1.783,-1.259,1.843,3.542,0.029,4.560
34.07,1.870,-1.260,1.845,3.974,0.030,4.564
34.08,1.850,-1.260,1.847,3.468,0.031,4.540
34.09,2.118,-1.260,1.864,4.359,0.031,4.567
34.10,1.873,-1.260,1.866,4.175,0.029,4.579
34.11,1.789,-1.258,1.865,3.332,0.029,4.543
34.13,1.841,-1.256,1.867,3.649,0.028,4.526
34.13,1.934,-1.257,1.872,3.258,0.028,4.487
34.14,1.691,-1.258,1.861,3.709,0.028,4.476
34.15,1.861,-1.261,1.861,3.574,0.029,4.459
34.17,2.134,-1.263,1.876,3.256,0.029,4.422
34.18,2.055,-1.263,1.888,3.520,0.028,4.401
34.18,1.988,-1.264,1.894,3.651,0.029,4.390
34.19,1.883,-1.267,1.893,3.827,0.028,4.387
34.21,2.407,-1.269,1.922,4.568,0.029,4.429
34.22,1.500,-1.270,1.899,2.698,0.029,4.359
34.22,1.603,-1.273,1.882,2.859,0.028,4.301
34.24,1.861,-1.273,1.882,3.411,0.028,4.278
34.24,1.936,-1.271,1.888,3.714,0.027,4.271
34.26,1.914,-1.273,1.890,4.024,0.029,4.286
34.26,1.833,-1.272,1.889,3.766,0.028,4.282
34.28,1.417,-1.272,1.863,3.396,0.029,4.258
34.29,1.834,-1.273,1.862,3.469,0.030,4.239
34.29,1.570,-1.272,1.848,4.532,0.030,4.281
34.31,1.687,-1.274,1.838,3.491,0.030,4.263
34.32,1.467,-1.273,1.818,2.358,0.032,4.179
34.33,1.853,-1.272,1.821,3.628,0.031,4.170
34.34,2.231,-1.274,1.844,5.035,0.032,4.244
34.35,1.400,-1.275,1.819,1.992,0.032,4.137
34.36,1.873,-1.277,1.820,3.271,0.033,4.109
34.37,1.923,-1.280,1.825,3.482,0.033,4.095
34.38,1.683,-1.281,1.817,3.110,0.035,4.060
34.39,2.162,-1.285,1.833,4.161,0.037,4.088
34.40,2.046,-1.286,1.845,3.142,0.035,4.052
34.41,1.866,-1.288,1.846,4.412,0.036,4.094
34.42,1.465,-1.290,1.824,3.038,0.038,4.054
34.43,1.311,-1.292,1.793,2.711,0.039,3.996
34.44,1.521,-1.293,1.777,3.214,0.042,3.972
34.45,1.761,-1.295,1.774,3.419,0.046,3.961
34.46,1.799,-1.298,1.773,3.713,0.053,3.970
34.47,1.607,-1.301,1.761,4.660,0.057,4.031
34.48,1.867,-1.302,1.766,3.302,0.060,4.010
34.49,1.683,-1.306,1.758,4.734,0.056,4.065
34.50,1.810,-1.309,1.758,3.411,0.052,4.041
34.51,1.844,-1.310,1.763,2.801,0.048,3.982
34.52,1.824,-1.310,1.766,3.768,0.047,3.985
34.53,1.801,-1.313,1.766,3.558,0.049,3.977
34.54,2.023,-1.315,1.779,3.459,0.048,3.963
34.55,1.869,-1.320,1.780,3.889,0.057,3.982
34.56,2.031,-1.325,1.791,3.952,0.059,3.997
34.57,1.694,-1.327,1.785,3.425,0.064,3.983
34.58,2.043,-1.328,1.799,3.407,0.071,3.971
34.59,1.353,-1.329,1.773,3.698,0.073,3.971
34.60,1.759,-1.332,1.771,3.698,0.071,3.968
34.61,1.636,-1.343,1.753,4.291,0.076,4.004
34.62,1.863,-1.345,1.758,2.610,0.070,3.932
34.63,1.382,-1.346,1.736,3.626,0.068,3.926
34.64,1.590,-1.352,1.722,4.245,0.077,3.966
34.65,1.996,-1.358,1.732,2.572,0.077,3.898
34.66,1.853,-1.357,1.741,3.484,0.074,3.883
34.67,1.808,-1.356,1.746,3.320,0.071,3.860
34.68,1.597,-1.355,1.740,3.505,0.070,3.849
34.69,2.010,-1.355,1.755,3.578,0.069,3.844
34.70,1.582,-1.356,1.745,3.296,0.069,3.822
34.71,1.547,-1.356,1.735,3.613,0.068,3.820
34.72,1.213,-1.360,1.701,3.790,0.071,3.831
34.73,1.658,-1.367,1.691,3.994,0.078,3.858
34.74,2.370,-1.386,1.713,4.563,0.100,3.929
34.75,-3.808,-1.417,1.365,11.230,0.098,4.361
34.76,2.620,-1.443,1.409,3.472,0.087,4.315
34.77,4.076,-1.451,1.554,-1.052,0.092,4.024
34.78,3.789,-1.457,1.677,0.195,0.100,3.823
34.79,1.083,-1.464,1.637,4.564,0.108,3.882
34.80,-0.663,-1.492,1.479,8.707,0.118,4.179
34.81,2.039,-1.533,1.471,1.095,0.135,4.030
34.82,2.037,-1.583,1.456,2.508,0.162,3.979
34.83,1.523,-1.631,1.415,4.390,0.196,4.044
34.84,1.114,-1.680,1.351,4.279,0.229,4.098
34.85,0.942,-1.734,1.277,4.775,0.249,4.166
34.86,1.526,-1.786,1.241,5.811,0.248,4.271
34.87,0.619,-1.840,1.154,6.727,0.222,4.400
34.88,0.248,-1.896,1.048,7.930,0.190,4.588
34.89,1.196,-1.948,1.006,5.987,0.187,4.682
34.90,2.141,-1.996,1.025,0.545,0.188,4.460
34.91,2.474,-2.056,1.053,-1.255,0.185,4.140
34.92,3.202,-2.122,1.116,-2.121,0.185,3.786
34.93,-2.070,-2.184,0.876,0.651,0.196,3.620
34.94,3.836,-2.278,0.958,1.270,0.239,3.527
34.95,-1.280,-2.379,0.736,4.606,0.374,3.719
34.96,3.826,-2.465,0.835,2.667,0.666,3.935
34.97,-0.606,-2.550,0.674,-0.369,0.905,3.912
34.98,2.005,-2.664,0.646,-0.059,1.170,3.929
34.99,3.851,-2.929,0.586,-4.243,1.435,3.698
35.00,0.810,-3.256,0.297,-2.295,1.562,3.457
35.01,0.083,-3.690,-0.118,4.571,1.639,3.579
35.02,-2.158,-4.064,-0.583,3.556,1.781,3.697
35.03,0.278,-4.414,-0.858,-0.790,1.992,3.620
35.04,-2.038,-4.736,-1.224,0.408,2.268,3.675
35.05,0.428,-5.127,-1.491,3.743,2.543,3.917
35.06,-1.763,-5.619,-1.964,5.851,2.707,4.163
35.07,-3.407,-6.235,-2.621,5.498,2.795,4.303
35.08,-3.722,-6.880,-3.286,0.950,2.780,4.076
35.09,-0.252,-7.580,-3.764,1.470,2.689,3.819
35.10,-2.366,-8.217,-4.275,-0.771,2.805,3.639
35.11,-2.544,-8.917,-4.823,-0.857,3.014,3.549
35.12,-2.371,-9.603,-5.317,-3.490,3.134,3.225
35.13,-8.558,-10.293,-6.141,6.326,3.028,3.271
35.14,-7.804,-11.043,-6.931,8.728,2.770,3.311
35.15,-5.794,-11.727,-7.498,-1.121,2.486,2.759
35.16,-10.695,-12.394,-8.299,5.955,2.260,2.700
35.17,-6.868,-12.857,-8.641,-2.694,2.195,2.298
35.18,-13.371,-13.089,-9.122,4.622,2.285,2.485
35.19,-7.432,-13.188,-9.109,-7.005,2.348,1.964
35.20,-1.779,-13.339,-8.816,4.998,2.335,2.090
35.21,-3.063,-13.712,-8.819,3.514,2.335,2.137
35.22,-6.758,-14.274,-9.209,3.568,2.463,2.306
35.23,-10.690,-14.884,-9.848,1.645,2.598,2.361
35.24,-10.961,-15.511,-10.482,4.400,2.548,2.399
35.25,-13.554,-16.183,-11.272,5.922,2.369,2.401
35.26,-9.641,-16.947,-11.879,2.559,2.173,2.196
35.27,-11.431,-17.754,-12.593,0.786,2.023,1.944
35.28,-13.832,-18.498,-13.343,0.891,1.935,1.770
35.29,-14.540,-19.181,-14.035,-0.918,1.838,1.492
35.30,-13.459,-19.807,-14.571,-2.785,1.673,1.056
35.31,-14.000,-20.368,-15.045,-0.895,1.567,0.808
35.32,-14.862,-20.910,-15.522,0.932,1.475,0.691
35.33,-15.435,-21.509,-16.057,0.893,1.358,0.553
35.34,-13.966,-22.074,-16.444,-1.713,1.196,0.231
35.35,-14.275,-22.658,-16.843,-6.744,0.904,-0.486
35.36,-17.624,-23.224,-17.394,-0.301,0.535,-0.866
35.37,-17.940,-23.687,-17.834,7.308,0.270,-0.684
35.38,-19.338,-24.065,-18.251,2.472,0.094,-0.703
35.39,-19.179,-24.390,-18.584,4.157,-0.053,-0.593
35.40,-19.034,-24.691,-18.869,3.530,-0.214,-0.536
35.41,-17.954,-25.017,-19.097,4.761,-0.389,-0.421
35.42,-18.376,-25.340,-19.333,5.178,-0.486,-0.211
35.43,-20.212,-25.644,-19.643,4.304,-0.518,0.001
35.44,-19.837,-25.915,-19.883,1.643,-0.578,0.025
35.45,-19.967,-26.161,-20.093,5.199,-0.661,0.231
35.46,-19.037,-26.436,-20.264,4.623,-0.722,0.417
35.47,-19.437,-26.819,-20.549,6.039,-0.786,0.674
35.48,-22.133,-27.273,-21.040,7.321,-0.833,1.011
35.49,-22.489,-27.751,-21.546,1.567,-0.908,0.973
35.50,-21.674,-28.314,-22.055,2.272,-1.066,0.902
35.51,-23.894,-28.826,-22.616,8.754,-1.133,1.298
35.52,-22.287,-29.341,-23.056,2.846,-1.099,1.428
35.53,-22.591,-29.834,-23.466,0.202,-1.063,1.400
35.55,-21.582,-30.289,-23.757,0.485,-1.068,1.350
35.55,-22.651,-30.713,-24.063,3.886,-1.051,1.521
35.56,-22.651,-31.107,-24.322,1.385,-1.007,1.564
35.58,-23.681,-31.466,-24.591,2.877,-0.970,1.684
35.58,-23.720,-31.790,-24.813,4.466,-0.927,1.896
35.59,-25.172,-32.119,-25.111,4.122,-0.906,2.057
35.60,-24.591,-32.474,-25.382,3.713,-0.989,2.089
35.62,-27.417,-32.813,-25.787,4.021,-1.102,2.108
35.63,-25.980,-33.133,-26.067,2.591,-1.223,2.039
35.63,-26.642,-33.432,-26.349,-0.136,-1.333,1.826
35.64,-25.809,-33.712,-26.549,-0.639,-1.406,1.630
35.66,-26.656,-33.970,-26.766,4.115,-1.387,1.805
35.67,-25.702,-34.221,-26.908,0.682,-1.324,1.815
35.67,-26.801,-34.471,-27.103,4.199,-1.271,2.017
35.68,-27.538,-34.713,-27.322,9.369,-1.234,2.493
35.69,-28.050,-34.934,-27.539,6.067,-1.197,2.757
35.71,-27.809,-35.154,-27.728,0.841,-1.189,2.677
35.72,-27.411,-35.374,-27.883,-1.851,-1.238,2.391
35.73,-28.439,-35.568,-28.065,0.909,-1.289,2.276
35.74,-29.189,-35.713,-28.232,1.026,-1.296,2.215
35.75,-28.246,-35.837,-28.318,1.626,-1.312,2.183
35.76,-27.673,-35.974,-28.377,4.215,-1.311,2.319
35.77,-28.244,-36.138,-28.490,3.225,-1.305,2.395
35.78,-28.385,-36.309,-28.612,3.380,-1.287,2.487
35.79,-29.096,-36.468,-28.756,3.594,-1.256,2.601
35.80,-28.945,-36.612,-28.869,4.419,-1.186,2.792
35.80,-29.835,-36.745,-29.016,4.291,-1.087,2.993
35.82,-29.994,-36.862,-29.151,4.332,-1.033,3.144
35.83,-30.014,-36.985,-29.284,3.765,-1.048,3.189
35.84,-30.031,-37.125,-29.428,4.839,-1.094,3.265
35.85,-27.965,-37.293,-29.466,-1.454,-1.135,2.980
35.86,-29.239,-37.472,-29.589,4.047,-1.129,3.068
35.87,-29.898,-37.646,-29.739,3.304,-1.100,3.132
35.88,-30.138,-37.777,-29.852,3.009,-1.035,3.209
35.89,-30.144,-37.864,-29.920,3.068,-0.957,3.296
35.90,-30.961,-37.930,-30.010,3.338,-0.863,3.409
35.91,-31.450,-37.972,-30.102,4.566,-0.812,3.546
35.92,-30.863,-37.970,-30.113,4.123,-0.772,3.640
35.93,-30.513,-37.949,-30.088,3.710,-0.738,3.700
35.94,-29.804,-37.939,-30.032,3.594,-0.725,3.729
35.95,-29.317,-37.949,-29.971,3.900,-0.714,3.772
35.96,-28.459,-37.958,-29.861,5.240,-0.683,3.909
35.97,-31.814,-37.952,-29.938,4.033,-0.649,3.973
35.98,-31.458,-37.929,-29.974,1.491,-0.629,3.873
35.99,-30.425,-37.895,-29.940,3.300,-0.616,3.874
36.00,-29.487,-37.880,-29.871,3.854,-0.598,3.912
36.01,-29.656,-37.882,-29.832,3.410,-0.574,3.927
36.02,-29.800,-37.888,-29.804,3.745,-0.560,3.954
36.03,-29.681,-37.891,-29.771,4.016,-0.572,3.967
36.04,-29.461,-37.908,-29.740,3.966,-0.571,3.990
36.05,-30.845,-37.942,-29.807,3.656,-0.559,4.004
36.06,-30.685,-37.952,-29.840,3.697,-0.546,4.019
36.07,-31.166,-37.935,-29.873,3.162,-0.524,4.010
36.08,-29.981,-37.906,-29.826,3.127,-0.510,3.993
36.09,-30.011,-37.867,-29.773,3.688,-0.520,3.986
36.10,-30.506,-37.838,-29.762,3.398,-0.517,3.974
36.11,-30.407,-37.824,-29.761,3.907,-0.486,4.018
36.12,-29.877,-37.828,-29.745,3.559,-0.440,4.053
36.13,-30.087,-37.837,-29.749,3.077,-0.388,4.065
36.14,-30.183,-37.837,-29.749,3.606,-0.317,4.122
36.15,-30.876,-37.835,-29.788,3.424,-0.256,4.157
36.16,-30.660,-37.833,-29.813,3.582,-0.227,4.168
36.17,-29.548,-37.837,-29.778,3.174,-0.212,4.141
36.18,-29.333,-37.860,-29.751,3.206,-0.184,4.129
36.19,-29.279,-37.897,-29.735,2.942,-0.162,4.096
36.20,-30.655,-37.927,-29.793,3.774,-0.129,4.122
36.21,-30.668,-37.938,-29.830,3.173,-0.105,4.104
36.22,-30.793,-37.946,-29.871,2.885,-0.109,4.043
36.23,-29.365,-37.961,-29.834,3.314,-0.126,3.997
36.24,-29.138,-37.994,-29.802,3.698,-0.120,3.997
36.25,-29.888,-38.060,-29.846,3.850,-0.112,4.008
36.26,-30.264,-38.139,-29.922,3.324,-0.093,3.997
36.27,-30.457,-38.212,-29.999,3.690,-0.086,3.997
36.28,-30.874,-38.260,-30.073,3.318,-0.065,3.988
36.29,-30.992,-38.288,-30.131,3.320,-0.060,3.965
36.30,-30.330,-38.317,-30.149,3.368,-0.053,3.946
36.31,-30.451,-38.356,-30.182,3.583,-0.031,3.955
36.32,-30.100,-38.398,-30.197,3.351,0.005,3.963
36.33,-30.087,-38.446,-30.215,3.265,0.050,3.974
36.34,-30.933,-38.488,-30.275,3.114,0.095,3.975
36.35,-30.478,-38.529,-30.305,2.469,0.118,3.917
36.36,-30.857,-38.581,-30.364,2.986,0.125,3.876
36.37,-30.739,-38.618,-30.401,3.075,0.139,3.848
36.38,-31.716,-38.640,-30.479,2.615,0.124,3.767
36.39,-31.884,-38.638,-30.540,3.069,0.097,3.706
36.40,-30.714,-38.625,-30.521,3.393,0.093,3.687
36.41,-30.251,-38.613,-30.476,3.234,0.109,3.679
36.42,-30.280,-38.605,-30.439,2.895,0.149,3.674
36.43,-30.421,-38.604,-30.419,3.600,0.213,3.733
36.44,-30.491,-38.605,-30.407,3.482,0.299,3.802
36.45,-30.018,-38.621,-30.382,4.122,0.381,3.900
36.46,-31.128,-38.647,-30.432,2.603,0.460,3.902
36.47,-31.866,-38.661,-30.511,1.728,0.481,3.797
36.48,-30.561,-38.654,-30.491,2.877,0.492,3.754
36.49,-31.289,-38.643,-30.510,2.458,0.496,3.682
36.50,-31.297,-38.622,-30.520,2.742,0.493,3.622
36.51,-31.067,-38.585,-30.502,2.766,0.495,3.572
36.52,-30.438,-38.537,-30.438,2.957,0.500,3.538
36.53,-30.202,-38.484,-30.359,2.867,0.545,3.537
36.54,-30.220,-38.451,-30.305,2.481,0.596,3.520
36.55,-30.276,-38.447,-30.284,2.842,0.628,3.507
36.56,-30.101,-38.454,-30.265,2.978,0.671,3.511
36.57,-30.652,-38.465,-30.283,2.074,0.715,3.463
36.58,-30.994,-38.481,-30.325,2.148,0.732,3.396
36.59,-31.076,-38.496,-30.368,2.479,0.728,3.332
36.60,-30.711,-38.505,-30.383,2.880,0.714,3.284
36.61,-31.166,-38.510,-30.420,2.879,0.727,3.264
36.62,-30.732,-38.508,-30.423,2.732,0.734,3.230
36.63,-30.777,-38.501,-30.424,2.262,0.737,3.168
36.64,-30.446,-38.502,-30.414,2.458,0.744,3.123
36.65,-30.754,-38.513,-30.432,2.611,0.750,3.089
36.66,-30.597,-38.528,-30.443,2.327,0.753,3.037
36.67,-30.703,-38.542,-30.459,2.640,0.767,3.016
36.68,-30.830,-38.551,-30.477,2.587,0.793,3.003
36.69,-31.234,-38.560,-30.518,2.316,0.797,2.956
36.70,-30.761,-38.560,-30.521,2.669,0.792,2.922
36.71,-30.770,-38.562,-30.527,3.007,0.774,2.897
36.72,-30.798,-38.555,-30.525,3.219,0.770,2.899
36.73,-31.384,-38.541,-30.551,2.677,0.765,2.870
36.74,-30.606,-38.532,-30.536,2.508,0.748,2.820
36.75,-30.341,-38.534,-30.517,2.753,0.741,2.797
36.76,-30.130,-38.539,-30.489,2.715,0.745,2.784
36.77,-30.300,-38.543,-30.472,3.064,0.773,2.813
36.78,-31.134,-38.543,-30.499,2.353,0.788,2.788
36.79,-30.708,-38.537,-30.496,2.274,0.789,2.747
36.80,-31.013,-38.535,-30.514,2.627,0.766,2.705
36.81,-30.937,-38.529,-30.524,2.869,0.748,2.684
36.82,-31.059,-38.515,-30.533,2.300,0.716,2.618
36.83,-31.607,-38.489,-30.562,3.614,0.702,2.649
36.84,-30.611,-38.464,-30.533,2.862,0.704,2.651
36.85,-31.140,-38.435,-30.533,2.513,0.725,2.650
36.86,-30.939,-38.422,-30.538,2.828,0.752,2.673
36.87,-28.813,-38.425,-30.433,2.424,0.776,2.668
36.88,-31.096,-38.440,-30.476,2.494,0.800,2.667
36.89,-31.217,-38.457,-30.528,2.288,0.810,2.642
36.90,-30.302,-38.457,-30.508,2.421,0.808,2.614
36.91,-30.690,-38.450,-30.505,3.157,0.796,2.621
36.92,-30.382,-38.437,-30.477,2.658,0.788,2.603
36.93,-30.923,-38.424,-30.484,2.719,0.784,2.593
36.94,-30.243,-38.418,-30.458,2.736,0.764,2.570
36.95,-31.100,-38.424,-30.493,3.517,0.760,2.609
36.96,-30.169,-38.441,-30.483,2.121,0.753,2.562
36.97,-30.941,-38.465,-30.526,2.914,0.753,2.570
36.98,-30.215,-38.492,-30.527,2.505,0.782,2.581
36.99,-30.170,-38.519,-30.525,2.408,0.824,2.599
37.00,-30.075,-38.543,-30.514,2.683,0.864,2.630
37.01,-31.141,-38.560,-30.559,2.810,0.889,2.651
37.02,-31.308,-38.576,-30.611,2.259,0.878,2.606
37.03,-30.611,-38.595,-30.621,2.410,0.863,2.568
37.04,-30.536,-38.621,-30.634,2.524,0.847,2.537
37.06,-31.503,-38.631,-30.688,2.729,0.840,2.529
37.07,-31.888,-38.628,-30.748,3.144,0.815,2.529
37.08,-31.432,-38.626,-30.781,4.278,0.822,2.626
37.09,-29.910,-38.622,-30.722,2.106,0.861,2.621
37.09,-30.904,-38.625,-30.730,2.506,0.912,2.652
37.11,-30.686,-38.638,-30.735,2.471,0.951,2.667
37.12,-31.557,-38.654,-30.793,3.144,0.977,2.708
37.13,-31.306,-38.674,-30.836,3.187,1.032,2.777
37.14,-30.233,-38.690,-30.813,1.786,1.081,2.755
37.15,-31.190,-38.693,-30.833,1.516,1.086,2.677
37.16,-31.027,-38.680,-30.828,2.633,1.084,2.660
37.17,-31.406,-38.654,-30.833,2.718,1.089,2.656
37.17,-31.044,-38.622,-30.810,2.986,1.090,2.664
37.19,-30.850,-38.584,-30.774,1.897,1.079,2.597
37.20,-30.706,-38.546,-30.730,3.215,1.059,2.602
37.21,-30.444,-38.510,-30.676,3.273,1.059,2.629
37.22,-31.101,-38.486,-30.674,2.706,1.086,2.647
37.23,-29.686,-38.483,-30.611,2.427,1.131,2.665
37.24,-29.765,-38.482,-30.557,2.703,1.201,2.722
37.25,-31.417,-38.491,-30.610,1.909,1.237,2.697
37.26,-31.219,-38.497,-30.647,1.988,1.239,2.646
37.26,-30.779,-38.502,-30.656,2.307,1.230,2.605
37.28,-30.455,-38.515,-30.653,2.069,1.201,2.533
37.29,-30.584,-38.527,-30.657,2.065,1.176,2.470
37.30,-31.146,-38.521,-30.675,2.399,1.169,2.446
37.31,-31.569,-38.492,-30.697,2.530,1.163,2.431
37.32,-31.609,-38.476,-30.731,3.934,1.195,2.535
37.33,-28.152,-38.452,-30.558,0.884,1.246,2.474
37.34,-31.477,-38.450,-30.605,2.507,1.288,2.502
37.35,-29.923,-38.462,-30.573,2.165,1.307,2.487
37.36,-29.182,-38.482,-30.508,1.794,1.322,2.447
37.37,-31.198,-38.514,-30.573,2.718,1.333,2.459
37.38,-31.743,-38.545,-30.666,2.400,1.334,2.443
37.39,-30.645,-38.579,-30.693,2.344,1.340,2.427
37.40,-31.593,-38.603,-30.764,1.927,1.331,2.374
37.41,-30.148,-38.624,-30.745,2.249,1.306,2.329
37.42,-29.814,-38.645,-30.708,1.428,1.294,2.250
37.43,-30.107,-38.671,-30.693,2.178,1.283,2.220
37.44,-30.219,-38.689,-30.679,2.106,1.295,2.210
37.45,-30.655,-38.699,-30.682,1.922,1.335,2.216
37.46,-31.239,-38.698,-30.708,2.127,1.360,2.218
37.47,-30.997,-38.682,-30.705,1.965,1.377,2.204
37.48,-30.690,-38.663,-30.683,1.963,1.390,2.187
37.49,-30.302,-38.656,-30.650,2.551,1.404,2.205
37.50,-30.527,-38.666,-30.647,2.364,1.419,2.212
37.51,-31.227,-38.673,-30.684,1.864,1.440,2.196
37.52,-31.795,-38.658,-30.729,1.298,1.447,2.135
37.53,-30.667,-38.636,-30.701,2.237,1.441,2.119
37.54,-31.067,-38.622,-30.706,2.326,1.440,2.113
37.55,-31.103,-38.603,-30.708,2.318,1.444,2.112
37.56,-31.075,-38.582,-30.707,1.926,1.434,2.074
37.57,-30.597,-38.568,-30.684,2.769,1.442,2.106
37.58,-30.682,-38.565,-30.679,2.173,1.457,2.108
37.59,-30.407,-38.574,-30.670,1.903,1.468,2.091
37.60,-30.597,-38.585,-30.673,2.425,1.481,2.106
37.61,-30.842,-38.595,-30.689,2.320,1.495,2.116
37.62,-30.769,-38.608,-30.703,1.998,1.521,2.118
37.63,-30.922,-38.609,-30.714,2.135,1.564,2.144
37.64,-31.367,-38.602,-30.743,1.771,1.578,2.120
37.65,-31.297,-38.583,-30.756,1.881,1.574,2.087
37.66,-30.579,-38.559,-30.721,2.317,1.567,2.078
37.67,-30.227,-38.549,-30.680,2.171,1.568,2.068
37.68,-30.890,-38.554,-30.696,1.925,1.580,2.056
37.69,-32.458,-38.571,-30.812,2.743,1.603,2.101
37.70,-30.682,-38.580,-30.812,1.745,1.630,2.091
37.71,-30.120,-38.594,-30.785,1.146,1.656,2.045
37.72,-29.814,-38.612,-30.743,2.270,1.673,2.058
37.73,-30.842,-38.641,-30.775,1.876,1.677,2.035
37.74,-31.456,-38.667,-30.837,2.151,1.681,2.029
37.75,-31.781,-38.686,-30.908,2.868,1.699,2.078
37.76,-30.196,-38.700,-30.880,0.881,1.701,1.995
37.77,-30.801,-38.726,-30.898,1.749,1.686,1.950
37.78,-30.137,-38.740,-30.866,1.774,1.706,1.943
37.79,-30.413,-38.753,-30.850,2.711,1.743,2.005
37.80,-31.474,-38.781,-30.910,1.823,1.772,2.005
37.81,-30.792,-38.799,-30.918,1.075,1.817,1.978
37.82,-31.102,-38.804,-30.931,1.307,1.847,1.950
37.83,-31.426,-38.814,-30.967,2.083,1.834,1.929
37.84,-31.258,-38.796,-30.966,1.685,1.839,1.901
37.85,-30.937,-38.777,-30.945,1.685,1.834,1.867
37.86,-30.262,-38.765,-30.893,1.632,1.832,1.834
37.87,-30.337,-38.774,-30.867,2.226,1.830,1.836
37.88,-30.575,-38.788,-30.862,2.536,1.850,1.879
37.89,-31.357,-38.794,-30.893,1.748,1.887,1.889
37.90,-31.427,-38.797,-30.926,1.614,1.903,1.869
37.91,-31.164,-38.793,-30.934,1.791,1.889,1.835
37.92,-30.899,-38.791,-30.929,1.807,1.867,1.794
37.93,-30.737,-38.801,-30.926,2.261,1.857,1.795
37.94,-30.651,-38.816,-30.922,2.104,1.842,1.782
37.95,-31.003,-38.828,-30.936,2.147,1.827,1.772
37.96,-30.598,-38.837,-30.923,1.835,1.822,1.754
37.97,-30.988,-38.846,-30.933,2.038,1.822,1.754
37.98,-31.015,-38.864,-30.953,1.865,1.831,1.753
37.99,-30.738,-38.888,-30.961,1.732,1.834,1.739
38.00,-30.965,-38.910,-30.981,1.858,1.834,1.730
38.01,-31.290,-38.938,-31.023,2.108,1.820,1.723
38.02,-31.386,-38.962,-31.064,1.825,1.799,1.692
38.03,-31.321,-38.982,-31.096,1.917,1.771,1.663
38.04,-30.934,-38.997,-31.099,1.795,1.751,1.637
38.05,-30.443,-39.007,-31.069,2.210,1.752,1.656
38.06,-31.193,-39.024,-31.090,2.631,1.778,1.722
38.07,-31.018,-39.043,-31.102,2.058,1.819,1.765
38.08,-31.630,-39.066,-31.152,1.667,1.837,1.762
38.09,-31.445,-39.090,-31.190,2.158,1.829,1.763
38.10,-31.559,-39.099,-31.218,1.965,1.815,1.748
38.11,-31.200,-39.094,-31.212,1.878,1.800,1.728
38.12,-31.158,-39.084,-31.198,2.188,1.783,1.725
38.13,-31.195,-39.065,-31.178,2.025,1.774,1.721
38.14,-30.844,-39.036,-31.130,1.908,1.775,1.719
38.15,-31.285,-39.010,-31.113,1.958,1.787,1.732
38.16,-30.852,-38.991,-31.079,2.153,1.811,1.766
38.17,-30.698,-38.980,-31.045,2.023,1.854,1.810
38.18,-31.891,-38.976,-31.089,2.017,1.855,1.810
38.19,-30.832,-38.968,-31.065,1.838,1.844,1.790
38.20,-30.979,-38.968,-31.058,2.321,1.829,1.795
38.21,-32.155,-38.960,-31.113,2.081,1.814,1.785
38.22,-31.060,-38.945,-31.095,1.661,1.796,1.750
38.23,-30.738,-38.936,-31.065,2.077,1.783,1.746
38.24,-31.283,-38.928,-31.069,2.273,1.795,1.776
38.25,-31.453,-38.910,-31.074,1.273,1.801,1.742
38.26,-30.874,-38.890,-31.043,1.747,1.802,1.732
38.27,-30.374,-38.885,-30.999,1.541,1.806,1.713
38.28,-30.929,-38.885,-30.994,2.901,1.853,1.815
38.29,-31.506,-38.875,-31.013,1.076,1.874,1.781
38.30,-30.921,-38.863,-30.995,1.432,1.868,1.745
38.31,-30.439,-38.865,-30.965,1.854,1.870,1.742
38.32,-30.601,-38.879,-30.955,1.593,1.885,1.737
38.33,-31.593,-38.894,-31.004,1.708,1.888,1.726
38.34,-30.943,-38.897,-31.003,2.128,1.891,1.741
38.35,-31.071,-38.896,-31.005,2.048,1.907,1.764
38.36,-30.651,-38.898,-30.985,1.323,1.925,1.744
38.37,-30.610,-38.918,-30.981,1.668,1.927,1.730
38.38,-30.829,-38.941,-30.992,2.095,1.943,1.756
38.39,-31.088,-38.968,-31.022,1.537,1.955,1.743
38.40,-31.343,-38.997,-31.066,1.611,1.958,1.727
38.41,-31.333,-39.020,-31.102,1.389,1.950,1.688
38.42,-31.341,-39.022,-31.116,1.881,1.939,1.677
38.43,-31.584,-39.013,-31.134,1.766,1.919,1.653
38.44,-30.558,-39.005,-31.092,1.989,1.907,1.650
38.45,-30.857,-38.996,-31.069,1.946,1.912,1.661
38.46,-30.980,-38.985,-31.052,2.096,1.929,1.691
38.47,-31.530,-38.969,-31.063,1.711,1.943,1.696
38.48,-30.951,-38.954,-31.042,1.612,1.939,1.676
38.49,-31.150,-38.948,-31.041,2.337,1.938,1.704
38.50,-31.383,-38.949,-31.061,1.800,1.936,1.698
38.51,-31.227,-38.952,-31.072,1.740,1.935,1.689
38.52,-31.581,-38.953,-31.102,1.888,1.925,1.682
38.53,-30.965,-38.947,-31.089,1.579,1.911,1.653
38.54,-30.856,-38.946,-31.074,2.028,1.901,1.656
38.55,-30.913,-38.958,-31.076,1.885,1.893,1.652
38.56,-30.814,-38.969,-31.070,2.468,1.907,1.704
38.57,-31.065,-38.979,-31.078,1.955,1.934,1.734
38.59,-31.135,-38.996,-31.097,1.516,1.954,1.732
38.60,-31.337,-39.005,-31.118,2.036,1.980,1.766
38.61,-31.393,-38.999,-31.128,1.690,2.004,1.775
38.62,-30.966,-38.994,-31.113,1.733,2.020,1.780
38.63,-31.158,-38.990,-31.112,1.726,2.033,1.780
38.64,-31.459,-38.993,-31.133,1.396,2.027,1.743
38.65,-30.749,-39.000,-31.118,1.823,2.017,1.730
38.66,-30.821,-39.019,-31.118,2.009,2.002,1.723
38.67,-31.460,-39.039,-31.156,2.009,1.989,1.719
38.68,-31.489,-39.058,-31.192,1.764,1.965,1.691
38.69,-31.269,-39.066,-31.204,1.838,1.952,1.679
38.70,-30.959,-39.068,-31.191,1.706,1.953,1.673
38.71,-30.539,-39.065,-31.150,1.821,1.976,1.696
38.72,-31.389,-39.058,-31.156,2.207,2.007,1.747
38.73,-31.700,-39.044,-31.174,1.764,2.003,1.735
38.74,-30.997,-39.023,-31.144,1.525,2.001,1.714
38.75,-31.015,-39.010,-31.124,1.688,1.994,1.698
38.76,-31.150,-39.001,-31.117,1.948,1.982,1.693
38.77,-31.039,-38.994,-31.104,1.752,1.960,1.669
38.78,-31.332,-38.995,-31.119,1.540,1.930,1.626
38.79,-31.557,-38.998,-31.146,1.897,1.912,1.616
38.80,-31.579,-39.001,-31.174,1.811,1.878,1.588
38.81,-31.359,-39.006,-31.189,1.692,1.851,1.562
38.82,-32.894,-39.012,-31.294,1.725,1.848,1.561
38.83,-30.787,-39.006,-31.260,1.662,1.869,1.580
38.84,-31.381,-38.997,-31.260,1.325,1.892,1.579
38.85,-30.541,-38.997,-31.220,2.056,1.903,1.610
38.86,-30.759,-39.006,-31.202,2.220,1.908,1.644
38.87,-32.230,-39.033,-31.287,1.877,1.906,1.650
38.88,-31.238,-39.068,-31.319,2.063,1.888,1.650
38.89,-31.339,-39.094,-31.346,1.819,1.873,1.640
38.90,-31.937,-39.112,-31.398,1.609,1.848,1.609
38.91,-31.214,-39.111,-31.388,1.410,1.828,1.573
38.92,-30.273,-39.090,-31.305,2.199,1.827,1.602
38.93,-31.209,-39.057,-31.269,2.095,1.839,1.636
38.94,-31.031,-39.028,-31.228,1.833,1.864,1.666
38.95,-31.053,-39.010,-31.201,1.973,1.903,1.716
38.96,-31.339,-39.002,-31.202,1.536,1.934,1.730
38.97,-31.474,-39.002,-31.218,1.331,1.940,1.707
38.98,-31.124,-39.009,-31.220,1.547,1.918,1.672
38.99,-30.702,-39.022,-31.202,1.564,1.884,1.628
39.00,-31.001,-39.029,-31.198,1.978,1.852,1.613
39.01,-31.094,-39.030,-31.192,1.524,1.819,1.572
39.02,-30.800,-39.020,-31.160,1.938,1.804,1.574
39.03,-30.729,-39.013,-31.128,2.007,1.801,1.592
39.04,-30.882,-39.014,-31.114,1.726,1.805,1.598
39.05,-31.117,-39.022,-31.121,1.941,1.824,1.632
39.06,-31.711,-39.029,-31.161,1.762,1.841,1.651
39.07,-31.945,-39.043,-31.219,1.892,1.843,1.663
39.08,-31.017,-39.050,-31.215,2.008,1.856,1.691
39.09,-31.068,-39.054,-31.210,1.541,1.860,1.683
39.10,-30.659,-39.070,-31.192,1.681,1.828,1.648
39.11,-31.309,-39.088,-31.215,1.848,1.804,1.633
39.12,-31.510,-39.096,-31.239,1.860,1.788,1.628
39.13,-31.052,-39.102,-31.234,1.784,1.784,1.631
39.14,-31.255,-39.105,-31.237,2.150,1.790,1.662
39.15,-31.221,-39.104,-31.235,1.655,1.784,1.653
39.16,-31.065,-39.098,-31.219,1.752,1.780,1.653
39.17,-31.622,-39.090,-31.235,2.358,1.794,1.704
39.18,-31.435,-39.076,-31.233,1.920,1.822,1.741
39.19,-31.727,-39.058,-31.244,1.517,1.833,1.736
39.20,-31.496,-39.040,-31.243,1.757,1.826,1.728
39.21,-31.271,-39.026,-31.231,2.090,1.815,1.736
39.22,-32.063,-39.022,-31.276,1.776,1.811,1.732
39.23,-30.745,-39.026,-31.250,1.333,1.811,1.707
39.24,-30.020,-39.035,-31.189,2.218,1.814,1.737
39.25,-30.098,-39.043,-31.132,1.939,1.820,1.753
39.26,-31.126,-39.050,-31.137,2.220,1.849,1.806
39.27,-31.544,-39.053,-31.163,2.192,1.871,1.847
39.28,-31.144,-39.052,-31.160,1.706,1.898,1.863
39.29,-31.263,-39.055,-31.168,1.417,1.917,1.854
39.30,-31.098,-39.063,-31.171,1.250,1.927,1.827
39.31,-31.900,-39.059,-31.209,1.703,1.941,1.830
39.32,-32.754,-39.054,-31.294,2.268,1.939,1.851
39.33,-30.326,-39.054,-31.239,1.108,1.940,1.808
39.34,-31.074,-39.055,-31.230,1.074,1.928,1.751
39.35,-30.294,-39.070,-31.191,1.540,1.934,1.742
39.36,-30.841,-39.088,-31.186,1.647,1.944,1.743
39.37,-31.104,-39.097,-31.189,1.660,1.966,1.756
39.38,-31.285,-39.115,-31.211,1.552,1.976,1.750
39.39,-31.323,-39.137,-31.237,1.782,1.981,1.753
39.40,-30.928,-39.146,-31.228,1.457,2.000,1.750
39.41,-31.814,-39.141,-31.256,1.187,2.018,1.731
39.42,-31.784,-39.116,-31.262,1.766,2.022,1.733
39.43,-31.250,-39.080,-31.227,1.372,2.014,1.700
39.44,-30.850,-39.041,-31.168,1.936,2.012,1.708
39.45,-31.229,-39.009,-31.141,2.183,2.032,1.750
39.46,-31.136,-38.990,-31.123,1.422,2.037,1.732
39.47,-30.865,-38.980,-31.098,1.682,2.020,1.709
39.48,-30.859,-38.972,-31.076,1.960,2.007,1.707
39.49,-31.255,-38.966,-31.080,1.715,1.992,1.690
39.50,-31.555,-38.957,-31.099,1.985,1.967,1.680
39.51,-31.374,-38.942,-31.100,2.362,1.962,1.711
39.52,-31.331,-38.916,-31.090,2.065,1.971,1.737
39.53,-31.112,-38.892,-31.069,1.780,1.984,1.749
39.54,-31.065,-38.879,-31.056,1.662,1.983,1.740
39.55,-30.934,-38.881,-31.051,2.295,1.980,1.766
39.56,-30.864,-38.889,-31.048,1.437,1.976,1.742
39.57,-31.021,-38.901,-31.058,1.620,1.969,1.725
39.58,-31.511,-38.901,-31.084,1.696,1.960,1.712
39.59,-31.418,-38.895,-31.098,1.904,1.948,1.709
39.60,-30.704,-38.881,-31.062,1.907,1.938,1.709
39.61,-31.035,-38.868,-31.049,1.695,1.915,1.683
39.62,-30.668,-38.860,-31.020,1.840,1.898,1.673
39.63,-30.439,-38.859,-30.985,1.792,1.893,1.673
39.64,-30.566,-38.873,-30.973,2.316,1.899,1.715
39.65,-31.007,-38.894,-30.994,1.995,1.909,1.739
39.66,-30.975,-38.915,-31.013,1.746,1.918,1.746
39.67,-31.081,-38.922,-31.022,1.661,1.930,1.751
39.68,-31.414,-38.917,-31.040,1.642,1.951,1.762
39.69,-31.504,-38.915,-31.064,1.878,1.967,1.782
39.70,-31.030,-38.920,-31.067,1.724,1.978,1.787
39.71,-30.876,-38.941,-31.075,1.591,1.966,1.763
39.72,-31.116,-38.972,-31.107,1.677,1.956,1.747
39.73,-31.083,-38.999,-31.131,1.448,1.950,1.722
39.74,-31.215,-39.024,-31.159,1.120,1.925,1.661
39.75,-30.733,-39.029,-31.139,1.831,1.910,1.654
39.76,-31.576,-39.026,-31.161,1.915,1.906,1.663
39.77,-30.765,-39.027,-31.138,1.775,1.914,1.675
39.78,-30.864,-39.027,-31.122,2.083,1.948,1.729
39.79,-31.981,-39.022,-31.167,1.413,1.962,1.722
39.80,-31.327,-39.019,-31.173,1.322,1.944,1.679
39.81,-30.299,-39.027,-31.130,1.795,1.928,1.669
39.82,-30.852,-39.055,-31.139,1.838,1.922,1.671
39.83,-31.174,-39.093,-31.177,1.596,1.913,1.656
39.84,-31.246,-39.127,-31.212,1.797,1.901,1.651
39.85,-31.498,-39.150,-31.249,1.699,1.887,1.638
39.86,-31.327,-39.156,-31.259,2.037,1.877,1.649
39.87,-31.686,-39.134,-31.263,2.150,1.881,1.681
39.88,-31.477,-39.106,-31.248,1.964,1.872,1.687
39.89,-30.685,-39.079,-31.190,1.853,1.856,1.680
39.90,-30.844,-39.070,-31.161,2.229,1.829,1.685
39.91,-31.212,-39.072,-31.165,1.655,1.811,1.666
39.92,-30.732,-39.084,-31.151,2.264,1.806,1.695
39.93,-31.172,-39.099,-31.165,2.153,1.806,1.722
39.94,-31.459,-39.094,-31.176,1.982,1.821,1.751
39.95,-31.881,-39.078,-31.202,1.627,1.827,1.749
39.96,-30.777,-39.061,-31.160,1.949,1.827,1.761
39.97,-31.263,-39.039,-31.145,1.842,1.836,1.775
39.98,-31.169,-39.016,-31.124,1.161,1.831,1.735
39.99,-31.148,-39.003,-31.113,2.089,1.810,1.736
40.00,-30.659,-38.995,-31.079,1.978,1.799,1.740
40.01,-31.421,-38.995,-31.098,2.573,1.801,1.790
40.03,-31.511,-39.008,-31.134,2.364,1.818,1.840
40.04,-31.087,-39.014,-31.137,1.530,1.825,1.831
40.04,-30.647,-39.020,-31.114,1.287,1.827,1.802
40.05,-30.641,-39.007,-31.074,1.684,1.837,1.805
40.06,-31.555,-38.980,-31.076,1.686,1.849,1.810
40.07,-31.452,-38.943,-31.062,1.652,1.825,1.779
40.08,-30.650,-38.907,-31.003,1.755,1.791,1.746
40.09,-30.717,-38.877,-30.958,2.144,1.771,1.750
40.10,-30.382,-38.860,-30.909,2.415,1.774,1.792
40.12,-31.273,-38.861,-30.929,1.567,1.786,1.792
40.13,-30.825,-38.864,-30.925,2.074,1.811,1.833
40.14,-31.275,-38.868,-30.949,1.654,1.828,1.841
40.15,-31.077,-38.869,-30.957,1.791,1.838,1.848
40.16,-30.764,-38.872,-30.947,2.057,1.846,1.869
40.17,-31.044,-38.869,-30.950,2.089,1.857,1.893
40.18,-31.526,-38.862,-30.975,1.627,1.866,1.887
40.19,-31.568,-38.852,-31.001,1.431,1.858,1.854
40.20,-30.390,-38.851,-30.964,1.749,1.847,1.839
40.21,-30.285,-38.861,-30.935,2.218,1.851,1.866
40.22,-30.974,-38.884,-30.958,1.733,1.852,1.860
40.23,-30.839,-38.924,-30.988,1.627,1.845,1.841
40.24,-31.000,-38.961,-31.023,2.013,1.849,1.855
40.25,-31.298,-38.995,-31.070,1.692,1.854,1.851
40.26,-32.541,-39.014,-31.172,2.422,1.874,1.904
40.27,-31.533,-39.020,-31.199,2.046,1.883,1.922
40.28,-31.187,-39.025,-31.203,1.805,1.896,1.928
40.29,-30.407,-39.054,-31.186,1.285,1.889,1.886
40.30,-30.343,-39.096,-31.177,1.754,1.883,1.873
40.31,-32.314,-39.123,-31.267,1.780,1.883,1.869
40.32,-30.474,-39.129,-31.227,2.391,1.893,1.909
40.33,-30.023,-39.139,-31.167,1.721,1.902,1.907
40.34,-30.483,-39.152,-31.138,2.299,1.908,1.936
40.35,-31.554,-39.163,-31.170,2.086,1.905,1.943
40.36,-31.733,-39.141,-31.181,1.936,1.929,1.967
40.37,-31.041,-39.103,-31.136,1.670,1.967,1.986
40.38,-30.898,-39.083,-31.102,1.778,2.007,2.013
40.39,-31.220,-39.085,-31.110,1.697,2.025,2.012
40.40,-31.708,-39.102,-31.160,1.528,2.005,1.966
40.41,-30.837,-39.121,-31.158,2.233,1.985,1.963
40.42,-31.408,-39.128,-31.178,2.080,1.996,1.980
40.43,-31.658,-39.142,-31.218,1.865,2.019,1.996
40.44,-30.513,-39.167,-31.201,2.116,2.038,2.022
40.45,-30.874,-39.204,-31.216,1.677,2.064,2.026
40.46,-31.535,-39.235,-31.262,2.267,2.099,2.073
40.47,-32.309,-39.258,-31.344,1.651,2.119,2.068
40.48,-32.221,-39.254,-31.390,1.952,2.120,2.062
40.49,-31.772,-39.248,-31.408,1.636,2.088,2.007
40.50,-31.242,-39.253,-31.403,2.121,2.056,1.983
40.51,-31.432,-39.258,-31.410,1.664,2.029,1.938
40.52,-31.605,-39.254,-31.418,1.932,2.003,1.913
40.53,-31.603,-39.244,-31.420,1.805,1.969,1.875
40.54,-31.320,-39.232,-31.404,2.110,1.931,1.852
40.55,-31.219,-39.212,-31.375,2.366,1.893,1.846
40.56,-31.953,-39.181,-31.379,2.570,1.873,1.869
40.57,-31.592,-39.147,-31.361,2.099,1.865,1.875
40.58,-31.246,-39.112,-31.322,2.243,1.868,1.900
40.59,-31.013,-39.094,-31.289,1.879,1.871,1.903
40.60,-30.874,-39.082,-31.254,2.254,1.891,1.943
40.61,-31.710,-39.067,-31.268,1.718,1.922,1.961
40.62,-31.709,-39.048,-31.276,1.420,1.920,1.928
40.63,-30.904,-39.031,-31.240,1.538,1.899,1.887
40.64,-30.978,-39.017,-31.213,1.783,1.875,1.859
40.65,-30.990,-39.013,-31.196,1.895,1.850,1.837
40.66,-31.079,-38.999,-31.178,2.078,1.829,1.832
40.67,-30.646,-38.984,-31.133,1.982,1.817,1.830
40.68,-30.361,-38.980,-31.085,2.084,1.826,1.854
40.69,-30.475,-38.992,-31.060,1.931,1.845,1.877
40.70,-30.903,-39.010,-31.067,1.915,1.865,1.899
40.71,-31.471,-39.023,-31.102,1.964,1.879,1.917
40.72,-31.000,-39.036,-31.108,1.956,1.878,1.919
40.73,-31.189,-39.048,-31.124,2.078,1.875,1.927
40.74,-31.245,-39.053,-31.134,1.733,1.870,1.912
40.75,-31.219,-39.059,-31.144,1.767,1.855,1.891
40.76,-31.305,-39.061,-31.156,1.849,1.827,1.862
40.77,-30.580,-39.074,-31.134,2.294,1.807,1.870
40.78,-30.646,-39.097,-31.127,2.350,1.805,1.897
40.79,-31.406,-39.129,-31.172,2.046,1.812,1.913
40.80,-31.692,-39.152,-31.223,1.998,1.811,1.919
40.81,-31.535,-39.161,-31.248,2.161,1.806,1.930
40.82,-31.207,-39.152,-31.237,1.494,1.809,1.909
40.83,-31.670,-39.135,-31.245,1.785,1.818,1.912
40.84,-31.362,-39.121,-31.240,2.057,1.817,1.921
40.85,-31.247,-39.113,-31.232,2.285,1.807,1.934
40.86,-30.887,-39.109,-31.208,2.407,1.815,1.971
40.87,-30.967,-39.112,-31.197,2.166,1.837,2.005
40.88,-31.264,-39.123,-31.211,1.804,1.851,2.009
40.89,-31.546,-39.131,-31.237,2.230,1.863,2.035
40.90,-31.267,-39.146,-31.254,1.663,1.867,2.020
40.91,-30.461,-39.169,-31.229,2.629,1.886,2.075
40.92,-32.123,-39.185,-31.295,1.677,1.896,2.064
40.93,-31.877,-39.178,-31.323,1.930,1.892,2.054
40.94,-31.639,-39.149,-31.314,2.013,1.886,2.049
40.95,-30.916,-39.113,-31.257,2.191,1.893,2.065
40.96,-31.247,-39.079,-31.225,1.849,1.900,2.062
40.97,-31.143,-39.048,-31.191,2.124,1.915,2.081
40.98,-31.069,-39.022,-31.160,2.198,1.938,2.112
40.99,-31.044,-39.008,-31.140,1.874,1.957,2.118
41.00,-30.949,-39.005,-31.127,1.920,1.976,2.125
41.01,-31.019,-39.014,-31.129,1.441,1.976,2.088
41.02,-31.355,-39.021,-31.149,2.209,1.971,2.091
41.03,-30.826,-39.027,-31.136,2.121,1.966,2.089
41.04,-31.441,-39.027,-31.154,1.996,1.973,2.092
41.05,-31.079,-39.013,-31.136,2.120,1.983,2.104
41.06,-30.708,-39.000,-31.099,1.711,1.990,2.089
41.07,-31.158,-38.994,-31.096,1.847,2.001,2.086
41.08,-31.031,-38.996,-31.094,1.755,2.025,2.091
41.09,-31.188,-39.001,-31.105,1.854,2.058,2.109
41.10,-31.487,-39.006,-31.131,1.731,2.084,2.112
41.11,-31.284,-39.021,-31.154,1.698,2.096,2.099
41.12,-31.038,-39.044,-31.170,1.893,2.109,2.099
41.13,-31.383,-39.069,-31.206,1.643,2.108,2.071
41.14,-31.075,-39.093,-31.221,1.663,2.099,2.039
41.15,-31.533,-39.117,-31.262,2.037,2.098,2.036
41.16,-31.231,-39.129,-31.272,1.964,2.117,2.049
41.17,-31.267,-39.138,-31.280,1.813,2.145,2.061
41.18,-31.917,-39.136,-31.315,1.738,2.168,2.063
41.19,-30.966,-39.128,-31.288,1.524,2.173,2.035
41.20,-30.012,-39.123,-31.210,2.258,2.159,2.033
41.21,-30.694,-39.128,-31.185,1.827,2.140,2.001
41.22,-30.625,-39.129,-31.152,1.833,2.137,1.986
41.23,-31.010,-39.114,-31.128,1.537,2.142,1.963
41.24,-31.399,-39.074,-31.105,1.428,2.140,1.928
41.25,-30.991,-39.013,-31.041,1.272,2.105,1.855
41.26,-32.312,-38.948,-31.051,2.727,2.087,1.885
41.27,-31.527,-38.892,-31.027,1.630,2.093,1.873
41.28,-31.387,-38.857,-31.014,1.636,2.107,1.870
41.29,-30.786,-38.842,-30.988,2.067,2.119,1.890
41.30,-31.285,-38.837,-31.000,1.522,2.134,1.880
41.31,-31.104,-38.833,-31.003,2.025,2.140,1.891
41.32,-30.712,-38.830,-30.985,1.900,2.159,1.906
41.33,-31.119,-38.832,-30.994,1.911,2.177,1.921
41.34,-30.959,-38.840,-31.000,1.841,2.182,1.918
41.35,-30.259,-38.853,-30.970,1.615,2.174,1.890
41.36,-30.977,-38.863,-30.980,2.013,2.171,1.891
41.37,-31.234,-38.869,-31.000,1.815,2.179,1.891
41.38,-31.334,-38.860,-31.012,1.900,2.203,1.911
41.39,-30.636,-38.849,-30.979,1.996,2.239,1.947
41.40,-31.934,-38.845,-31.032,1.088,2.260,1.914
41.41,-30.911,-38.847,-31.027,1.547,2.250,1.880
41.42,-31.065,-38.854,-31.037,1.357,2.232,1.829
41.43,-31.291,-38.873,-31.070,1.858,2.210,1.806
41.44,-30.923,-38.887,-31.076,1.805,2.200,1.792
41.45,-31.233,-38.888,-31.086,2.020,2.202,1.802
41.46,-31.205,-38.871,-31.078,1.840,2.220,1.818
41.47,-31.543,-38.836,-31.073,1.933,2.244,1.843
41.48,-30.854,-38.795,-31.023,1.879,2.265,1.861
41.49,-31.002,-38.751,-30.981,2.023,2.300,1.898
41.50,-30.941,-38.716,-30.948,1.548,2.317,1.890
41.51,-31.203,-38.682,-30.932,0.913,2.315,1.828
41.52,-31.422,-38.657,-30.938,1.747,2.289,1.794
41.54,-30.681,-38.636,-30.906,1.802,2.259,1.761
41.55,-30.971,-38.612,-30.888,2.206,2.238,1.762
41.56,-30.971,-38.590,-30.874,1.655,2.238,1.751
41.57,-30.627,-38.575,-30.848,1.415,2.261,1.749
41.58,-30.809,-38.560,-30.833,1.902,2.304,1.793
41.59,-30.641,-38.544,-30.808,1.983,2.337,1.830
41.59,-30.250,-38.542,-30.776,1.733,2.343,1.827
41.61,-31.378,-38.552,-30.821,1.637,2.349,1.816
41.62,-32.020,-38.580,-30.918,2.593,2.349,1.856
41.63,-29.874,-38.610,-30.888,0.962,2.332,1.784
41.64,-30.448,-38.646,-30.898,1.838,2.320,1.771
41.65,-30.090,-38.671,-30.876,1.271,2.315,1.732
41.66,-30.353,-38.688,-30.862,1.523,2.335,1.734
41.67,-30.001,-38.703,-30.827,2.625,2.384,1.826
41.68,-31.040,-38.711,-30.847,1.803,2.432,1.865
41.69,-31.461,-38.704,-30.875,1.756,2.471,1.891
41.70,-31.548,-38.691,-30.902,1.609,2.492,1.890
41.71,-30.852,-38.692,-30.901,1.718,2.489,1.871
41.72,-31.930,-38.701,-30.970,2.296,2.475,1.878
41.73,-31.017,-38.729,-31.000,1.633,2.455,1.840
41.74,-30.292,-38.747,-30.978,1.240,2.429,1.775
41.75,-30.830,-38.766,-30.988,0.928,2.402,1.695
41.76,-30.799,-38.775,-30.987,1.538,2.390,1.668
41.77,-30.747,-38.771,-30.970,1.094,2.385,1.624
41.78,-29.973,-38.762,-30.904,1.855,2.378,1.624
41.79,-30.567,-38.751,-30.873,1.900,2.379,1.635
41.80,-31.098,-38.724,-30.861,1.920,2.401,1.667
41.81,-30.939,-38.684,-30.827,1.377,2.434,1.675
41.82,-30.838,-38.658,-30.803,1.114,2.456,1.657
41.83,-31.019,-38.648,-30.805,1.653,2.468,1.661
41.84,-32.784,-38.649,-30.921,3.648,2.488,1.788
41.85,-28.574,-38.649,-30.787,-0.322,2.511,1.683
41.86,-29.902,-38.662,-30.747,1.079,2.525,1.654
41.87,-30.922,-38.683,-30.777,1.497,2.526,1.639
41.88,-30.728,-38.690,-30.779,1.360,2.519,1.608
41.89,-31.281,-38.684,-30.802,1.370,2.502,1.571
41.90,-30.840,-38.677,-30.797,1.340,2.472,1.522
41.91,-30.557,-38.667,-30.773,1.625,2.454,1.503
41.92,-30.442,-38.654,-30.742,1.541,2.453,1.497
41.93,-30.796,-38.644,-30.734,1.281,2.464,1.487
41.94,-31.094,-38.640,-30.751,1.820,2.473,1.507
41.95,-30.728,-38.637,-30.746,2.049,2.498,1.555
41.96,-30.925,-38.632,-30.751,1.479,2.533,1.576
41.97,-30.760,-38.627,-30.747,0.849,2.563,1.555
41.98,-30.823,-38.630,-30.753,1.113,2.576,1.534
41.99,-31.067,-38.642,-30.783,1.281,2.567,1.503
42.00,-31.091,-38.659,-30.816,1.167,2.542,1.451
42.01,-30.725,-38.684,-30.834,1.151,2.519,1.403
42.02,-30.873,-38.706,-30.857,1.514,2.506,1.388
42.03,-30.899,-38.722,-30.875,1.755,2.500,1.396
42.04,-31.359,-38.718,-30.899,1.379,2.506,1.392
42.05,-31.182,-38.712,-30.910,1.952,2.511,1.421
42.06,-30.826,-38.711,-30.905,1.780,2.535,1.456
42.07,-30.342,-38.722,-30.883,0.624,2.552,1.417
42.08,-30.871,-38.755,-30.913,1.080,2.555,1.392
42.09,-31.144,-38.791,-30.961,1.226,2.549,1.368
42.10,-30.899,-38.818,-30.983,1.004,2.542,1.331
42.11,-30.893,-38.836,-30.995,1.561,2.542,1.336
42.12,-31.513,-38.844,-31.033,1.184,2.530,1.307
42.13,-31.187,-38.838,-31.036,1.677,2.523,1.313
42.14,-31.080,-38.817,-31.019,1.972,2.531,1.350
42.15,-30.712,-38.809,-30.994,1.514,2.528,1.349
42.16,-30.443,-38.819,-30.973,1.285,2.511,1.321
42.17,-31.170,-38.843,-31.006,1.449,2.503,1.314
42.18,-31.048,-38.873,-31.037,0.916,2.483,1.263
42.19,-30.466,-38.901,-31.030,1.102,2.467,1.230
42.20,-31.074,-38.929,-31.059,1.683,2.454,1.236
42.21,-31.374,-38.943,-31.090,1.270,2.449,1.226
42.22,-30.945,-38.944,-31.083,1.295,2.441,1.214
42.23,-30.978,-38.941,-31.073,1.867,2.444,1.247
42.24,-31.420,-38.931,-31.084,1.518,2.437,1.249
42.25,-30.836,-38.917,-31.056,1.707,2.423,1.255
42.26,-30.663,-38.901,-31.018,1.945,2.419,1.284
42.27,-31.903,-38.884,-31.053,1.839,2.414,1.306
42.28,-30.774,-38.865,-31.019,1.148,2.401,1.279
42.29,-30.920,-38.850,-31.000,1.652,2.396,1.290
42.30,-30.523,-38.855,-30.976,2.125,2.401,1.337
42.31,-30.606,-38.875,-30.974,1.563,2.410,1.354
42.32,-30.663,-38.917,-30.994,1.537,2.412,1.361
42.33,-31.327,-38.964,-31.057,1.509,2.414,1.367
42.34,-31.672,-38.988,-31.114,1.211,2.408,1.348
42.35,-31.458,-38.994,-31.140,1.864,2.423,1.387
42.36,-31.132,-38.992,-31.137,1.318,2.451,1.405
42.37,-31.852,-38.976,-31.163,1.355,2.468,1.414
42.38,-31.290,-38.954,-31.151,1.312,2.457,1.392
42.39,-31.318,-38.946,-31.153,2.069,2.442,1.413
42.40,-31.621,-38.966,-31.200,2.270,2.428,1.445
42.41,-29.911,-38.997,-31.156,-0.059,2.413,1.340
42.42,-30.584,-39.024,-31.148,1.708,2.407,1.351
42.43,-31.013,-39.045,-31.159,1.898,2.425,1.395
42.44,-30.695,-39.048,-31.135,1.586,2.463,1.439
42.45,-31.340,-39.042,-31.140,1.063,2.481,1.430
42.46,-31.621,-39.013,-31.140,1.834,2.480,1.448
42.47,-31.374,-38.970,-31.113,1.719,2.489,1.469
42.48,-31.275,-38.929,-31.083,1.634,2.503,1.488
42.49,-30.988,-38.896,-31.047,1.573,2.504,1.490
42.50,-30.615,-38.877,-31.004,1.201,2.494,1.461
42.51,-30.302,-38.868,-30.955,1.746,2.500,1.480
42.52,-30.435,-38.879,-30.934,1.660,2.532,1.516
42.53,-31.289,-38.889,-30.963,1.318,2.563,1.530
42.54,-31.692,-38.885,-31.000,1.003,2.570,1.503
42.55,-31.213,-38.871,-31.000,1.763,2.565,1.510
42.56,-30.926,-38.864,-30.988,1.599,2.559,1.506
42.57,-30.592,-38.872,-30.973,1.151,2.557,1.480
42.58,-31.093,-38.886,-30.992,1.281,2.560,1.467
42.59,-31.435,-38.907,-31.037,1.153,2.547,1.433
42.60,-31.555,-38.936,-31.095,1.408,2.524,1.406
42.61,-30.993,-38.975,-31.125,0.643,2.486,1.321
42.62,-30.572,-39.024,-31.140,1.156,2.438,1.262
42.63,-30.742,-39.078,-31.167,1.535,2.398,1.235
42.64,-31.654,-39.121,-31.235,1.994,2.396,1.273
42.65,-31.123,-39.140,-31.246,1.642,2.416,1.309
42.66,-31.599,-39.132,-31.258,1.469,2.447,1.343
42.67,-31.420,-39.119,-31.256,1.438,2.478,1.374
42.68,-30.951,-39.116,-31.235,1.390,2.488,1.381
42.69,-30.720,-39.128,-31.216,1.810,2.495,1.409
42.70,-31.208,-39.153,-31.238,1.173,2.499,1.395
42.71,-31.711,-39.181,-31.291,1.229,2.500,1.383
42.72,-32.193,-39.194,-31.356,1.345,2.480,1.359
42.73,-31.193,-39.182,-31.335,1.684,2.465,1.360
42.74,-31.574,-39.154,-31.323,1.854,2.454,1.375
42.75,-30.689,-39.114,-31.248,2.232,2.475,1.442
42.76,-30.867,-39.065,-31.180,1.779,2.524,1.505
42.77,-31.363,-39.021,-31.149,1.240,2.562,1.523
42.78,-30.818,-38.990,-31.101,1.355,2.592,1.539
42.79,-30.739,-38.988,-31.078,1.426,2.607,1.544
42.80,-31.019,-39.007,-31.091,1.281,2.610,1.529
42.81,-31.275,-39.028,-31.121,1.287,2.609,1.512
42.82,-31.490,-39.049,-31.162,1.843,2.607,1.526
42.83,-31.368,-39.060,-31.183,1.480,2.618,1.531
42.84,-30.935,-39.054,-31.164,2.012,2.648,1.584
42.85,-31.405,-39.039,-31.163,1.320,2.677,1.593
42.86,-31.125,-39.017,-31.140,1.151,2.703,1.590
42.87,-31.254,-38.998,-31.128,1.380,2.714,1.585
42.88,-31.037,-38.992,-31.117,0.960,2.715,1.547
42.89,-31.327,-38.994,-31.131,0.775,2.706,1.490
42.90,-31.164,-39.001,-31.140,1.250,2.678,1.446
42.91,-31.208,-39.010,-31.152,1.457,2.657,1.422
42.92,-31.177,-39.018,-31.161,1.777,2.651,1.433
42.93,-30.794,-39.025,-31.147,1.707,2.668,1.461
42.94,-31.455,-39.017,-31.156,1.136,2.703,1.471
42.95,-31.119,-39.002,-31.140,1.642,2.749,1.520
42.96,-30.886,-39.000,-31.123,0.876,2.782,1.510
42.97,-31.163,-39.006,-31.131,0.913,2.800,1.488
42.98,-31.416,-39.019,-31.160,1.632,2.795,1.487
42.99,-32.900,-39.043,-31.283,3.503,2.802,1.605
43.00,-29.681,-39.069,-31.217,-0.883,2.804,1.460
43.01,-30.908,-39.080,-31.209,0.804,2.796,1.409
43.02,-30.920,-39.089,-31.200,1.298,2.792,1.393
43.04,-30.904,-39.096,-31.190,1.381,2.800,1.394
43.05,-30.854,-39.099,-31.173,1.630,2.802,1.404
43.05,-30.662,-39.100,-31.143,1.771,2.816,1.433
43.07,-31.058,-39.101,-31.138,0.893,2.840,1.419
43.08,-31.691,-39.094,-31.162,0.977,2.857,1.404
43.08,-31.443,-39.079,-31.163,1.713,2.861,1.420
43.10,-31.109,-39.075,-31.156,1.090,2.862,1.395
43.11,-30.801,-39.082,-31.142,1.669,2.868,1.412
43.12,-31.345,-39.084,-31.154,1.089,2.882,1.400
43.12,-31.658,-39.085,-31.183,0.970,2.886,1.373
43.14,-31.124,-39.095,-31.189,1.119,2.880,1.346
43.15,-31.613,-39.112,-31.229,1.341,2.861,1.322
43.16,-31.249,-39.121,-31.239,1.353,2.845,1.302
43.17,-30.768,-39.132,-31.221,1.361,2.835,1.290
43.18,-31.143,-39.147,-31.231,1.839,2.838,1.318
43.19,-31.322,-39.150,-31.239,1.356,2.846,1.322
43.20,-31.955,-39.126,-31.257,1.214,2.873,1.335
43.21,-30.937,-39.096,-31.210,0.801,2.897,1.320
43.22,-30.592,-39.095,-31.172,0.994,2.917,1.313
43.23,-31.266,-39.109,-31.191,0.992,2.924,1.295
43.24,-31.106,-39.121,-31.196,0.787,2.927,1.261
43.25,-30.988,-39.132,-31.195,1.206,2.935,1.258
43.26,-31.509,-39.143,-31.222,0.975,2.942,1.241
43.27,-31.501,-39.137,-31.233,1.176,2.934,1.223
43.28,-31.023,-39.134,-31.217,1.163,2.921,1.199
43.29,-30.829,-39.139,-31.198,1.204,2.911,1.182
43.30,-30.596,-39.143,-31.167,1.605,2.899,1.188
43.31,-31.460,-39.152,-31.191,0.723,2.881,1.137
43.32,-30.850,-39.159,-31.176,1.430,2.888,1.153
43.33,-31.980,-39.156,-31.219,0.901,2.916,1.157
43.34,-31.387,-39.156,-31.228,0.629,2.928,1.131
43.35,-31.338,-39.151,-31.230,0.803,2.942,1.117
43.36,-31.566,-39.142,-31.240,1.034,2.934,1.097
43.37,-31.450,-39.128,-31.238,1.341,2.932,1.100
43.38,-31.214,-39.124,-31.233,1.018,2.916,1.072
43.39,-30.987,-39.130,-31.225,0.897,2.884,1.024
43.40,-30.779,-39.143,-31.211,1.313,2.856,1.007
43.41,-30.759,-39.156,-31.196,1.781,2.853,1.041
43.42,-30.638,-39.162,-31.169,1.245,2.870,1.061
43.43,-30.677,-39.165,-31.141,1.359,2.886,1.087
43.44,-31.900,-39.154,-31.173,1.333,2.912,1.118
43.45,-31.269,-39.137,-31.162,1.164,2.935,1.135
43.46,-31.212,-39.134,-31.161,0.859,2.961,1.138
43.47,-32.002,-39.139,-31.214,1.388,2.969,1.152
43.48,-32.398,-39.143,-31.286,0.492,2.968,1.106
43.49,-31.508,-39.144,-31.300,1.234,2.968,1.106
43.50,-31.179,-39.147,-31.296,1.187,2.969,1.105
43.51,-31.242,-39.152,-31.298,1.115,2.971,1.100
43.52,-31.392,-39.160,-31.311,1.002,2.958,1.075
43.53,-31.143,-39.176,-31.317,1.537,2.943,1.081
43.54,-30.936,-39.192,-31.311,0.988,2.939,1.065
43.55,-31.053,-39.203,-31.306,1.131,2.942,1.064
43.56,-31.455,-39.207,-31.319,1.106,2.935,1.053
43.57,-30.693,-39.197,-31.273,1.614,2.940,1.083
43.58,-31.498,-39.187,-31.276,1.352,2.952,1.104
43.59,-31.123,-39.184,-31.264,1.662,2.965,1.142
43.60,-31.506,-39.182,-31.276,1.359,2.983,1.165
43.61,-30.972,-39.180,-31.256,1.315,3.001,1.186
43.62,-30.589,-39.169,-31.207,1.940,3.010,1.232
43.63,-33.021,-39.136,-31.280,0.558,2.986,1.166
43.64,-31.005,-39.088,-31.219,1.216,2.952,1.130
43.65,-30.327,-39.036,-31.119,1.650,2.942,1.146
43.66,-31.065,-38.985,-31.068,0.994,2.942,1.132
43.67,-31.491,-38.946,-31.055,1.102,2.934,1.117
43.68,-31.181,-38.927,-31.044,0.673,2.915,1.069
43.69,-30.943,-38.934,-31.045,0.866,2.916,1.052
43.70,-31.453,-38.943,-31.077,1.500,2.940,1.096
43.71,-31.752,-38.947,-31.120,0.739,2.945,1.074
43.72,-31.003,-38.943,-31.110,1.447,2.935,1.080
43.73,-30.888,-38.940,-31.096,1.675,2.935,1.109
43.74,-31.350,-38.934,-31.105,1.094,2.929,1.098
43.75,-31.383,-38.925,-31.114,0.984,2.911,1.069
43.76,-30.901,-38.916,-31.094,1.189,2.898,1.059
43.77,-30.358,-38.915,-31.051,1.601,2.908,1.096
43.78,-30.545,-38.930,-31.036,1.023,2.929,1.107
43.79,-31.021,-38.960,-31.063,1.318,2.937,1.122
43.80,-30.951,-38.991,-31.086,1.197,2.943,1.128
43.81,-30.940,-39.016,-31.101,1.610,2.963,1.170
43.82,-31.560,-39.024,-31.135,0.844,2.994,1.177
43.83,-31.298,-39.016,-31.136,1.185,3.022,1.199
43.84,-31.697,-39.005,-31.158,1.005,3.043,1.203
43.85,-31.182,-38.992,-31.148,1.157,3.056,1.209
43.86,-31.299,-38.993,-31.159,0.881,3.042,1.171
43.87,-31.283,-39.003,-31.176,0.541,3.000,1.092
43.88,-30.860,-39.014,-31.169,1.086,2.965,1.053
43.89,-30.863,-39.032,-31.168,1.223,2.935,1.029
43.90,-30.839,-39.043,-31.160,1.245,2.926,1.028
43.91,-30.962,-39.043,-31.148,0.865,2.932,1.020
43.92,-31.081,-39.036,-31.137,1.425,2.939,1.045
43.93,-31.112,-39.024,-31.125,1.211,2.952,1.062
43.94,-30.492,-39.032,-31.095,1.527,2.968,1.099
43.95,-30.579,-39.052,-31.083,1.209,2.989,1.122
43.96,-31.678,-39.092,-31.155,0.651,2.977,1.079
43.97,-31.549,-39.134,-31.216,1.223,2.954,1.061
43.98,-31.754,-39.161,-31.273,1.099,2.932,1.039
43.99,-31.190,-39.173,-31.279,1.321,2.912,1.032
44.00,-31.070,-39.175,-31.269,1.169,2.906,1.030
44.01,-31.221,-39.169,-31.260,1.548,2.918,1.067
44.02,-30.904,-39.166,-31.236,1.333,2.929,1.090
44.03,-30.918,-39.169,-31.220,1.280,2.947,1.115
44.04,-30.790,-39.169,-31.194,1.504,2.957,1.143
44.05,-31.122,-39.166,-31.187,1.296,2.951,1.143
44.06,-31.308,-39.166,-31.193,1.063,2.951,1.135
44.07,-31.271,-39.161,-31.191,0.355,2.942,1.079
44.08,-31.103,-39.154,-31.179,0.687,2.931,1.042
44.09,-31.309,-39.152,-31.183,0.654,2.932,1.017
44.10,-31.637,-39.146,-31.203,1.386,2.935,1.037
44.11,-31.267,-39.137,-31.198,0.808,2.928,1.013
44.12,-30.669,-39.133,-31.163,1.066,2.917,1.002
44.13,-30.820,-39.136,-31.145,1.353,2.931,1.032
44.14,-30.905,-39.126,-31.121,1.291,2.952,1.063
44.15,-31.169,-39.112,-31.109,0.878,2.972,1.068
44.16,-30.677,-39.108,-31.078,1.521,2.991,1.108
44.17,-31.700,-39.108,-31.113,1.631,3.023,1.165
44.18,-32.676,-39.104,-31.199,-0.365,3.017,1.069
44.19,-31.157,-39.090,-31.183,1.006,2.991,1.036
44.20,-30.720,-39.081,-31.148,1.203,2.984,1.035
44.21,-30.774,-39.083,-31.127,1.303,2.992,1.054
44.22,-31.745,-39.078,-31.158,0.907,2.979,1.030
44.23,-30.882,-39.069,-31.133,0.837,2.945,0.983
44.24,-30.391,-39.066,-31.087,1.414,2.934,0.994
44.25,-30.784,-39.055,-31.058,1.649,2.967,1.059
44.26,-31.499,-39.028,-31.057,1.192,3.017,1.111
44.27,-31.010,-38.998,-31.026,0.731,3.065,1.131
44.28,-30.959,-38.972,-30.997,1.254,3.126,1.193
44.29,-31.738,-38.960,-31.027,0.384,3.142,1.157
44.30,-31.528,-38.962,-31.058,1.045,3.123,1.129
44.31,-31.025,-38.980,-31.073,0.963,3.085,1.080
44.32,-30.792,-39.002,-31.078,0.716,3.050,1.022
44.33,-31.118,-39.012,-31.089,1.233,3.032,1.012
44.34,-31.454,-39.004,-31.102,1.639,3.021,1.034
44.35,-30.946,-38.983,-31.074,1.093,3.024,1.037
44.36,-30.466,-38.970,-31.027,1.150,3.039,1.054
44.37,-31.059,-38.969,-31.027,1.052,3.050,1.061
44.38,-31.153,-38.969,-31.034,1.073,3.056,1.063
44.39,-31.100,-38.963,-31.031,1.235,3.055,1.069
44.40,-30.913,-38.969,-31.030,0.958,3.045,1.049
44.41,-30.846,-38.975,-31.025,1.037,3.025,1.027
44.42,-30.897,-38.985,-31.026,1.283,3.020,1.033
44.44,-30.848,-38.995,-31.025,0.404,3.006,0.980
44.45,-30.815,-39.011,-31.028,1.329,3.012,1.002
44.45,-30.700,-39.010,-31.007,1.333,3.045,1.049
44.46,-31.591,-39.014,-31.043,1.250,3.068,1.079
44.47,-31.189,-39.022,-31.058,0.863,3.065,1.061
44.48,-30.721,-39.031,-31.047,0.690,3.065,1.036
44.49,-31.113,-39.043,-31.061,1.254,3.069,1.049
44.50,-31.060,-39.057,-31.073,0.837,3.069,1.033
44.51,-31.558,-39.073,-31.116,1.194,3.059,1.029
44.52,-31.733,-39.082,-31.159,1.005,3.041,1.007
44.53,-30.972,-39.084,-31.151,1.109,3.025,0.995
44.54,-30.475,-39.088,-31.115,1.438,3.023,1.015
44.56,-30.781,-39.089,-31.096,0.823,3.026,1.005
44.57,-30.813,-39.082,-31.072,1.423,3.043,1.041
44.58,-31.023,-39.080,-31.066,1.484,3.071,1.091
44.59,-31.269,-39.080,-31.077,0.923,3.093,1.098
44.60,-30.987,-39.055,-31.047,1.469,3.090,1.114
44.61,-31.499,-39.026,-31.045,0.897,3.093,1.103
44.62,-30.905,-39.008,-31.019,0.857,3.115,1.106
44.63,-30.986,-39.001,-31.010,1.215,3.147,1.140
44.64,-32.386,-38.988,-31.077,0.550,3.126,1.084
44.65,-31.447,-38.948,-31.061,1.373,3.116,1.087
44.66,-30.540,-38.899,-30.985,-0.089,3.138,1.037
44.67,-30.430,-38.860,-30.917,1.040,3.189,1.082
44.68,-31.758,-38.830,-30.937,-0.061,3.213,1.034
44.69,-30.791,-38.796,-30.897,1.211,3.184,1.012
44.70,-30.369,-38.767,-30.839,1.252,3.158,0.997
44.71,-29.808,-38.760,-30.773,0.946,3.162,0.993
44.72,-30.875,-38.772,-30.789,0.715,3.188,0.998
44.73,-31.434,-38.795,-30.848,1.473,3.194,1.027
44.74,-31.015,-38.821,-30.881,0.495,3.179,0.977
44.75,-30.367,-38.824,-30.854,2.002,3.175,1.028
44.76,-31.846,-38.815,-30.903,1.271,3.189,1.052
44.77,-31.595,-38.806,-30.935,0.726,3.175,1.016
44.78,-30.588,-38.800,-30.910,0.956,3.155,0.990
44.79,-30.825,-38.806,-30.911,0.725,3.150,0.966
44.80,-30.654,-38.814,-30.904,0.982,3.156,0.968
44.81,-31.116,-38.829,-30.931,0.589,3.162,0.948
44.82,-30.641,-38.842,-30.926,1.027,3.165,0.951
44.83,-30.443,-38.855,-30.911,0.930,3.150,0.931
44.84,-30.835,-38.868,-30.918,0.902,3.128,0.905
44.85,-31.122,-38.874,-30.936,1.095,3.116,0.900
44.86,-31.651,-38.871,-30.974,0.234,3.115,0.857
44.87,-31.431,-38.852,-30.983,0.353,3.128,0.835
44.88,-31.128,-38.834,-30.975,0.803,3.140,0.839
44.89,-30.871,-38.826,-30.963,0.821,3.145,0.838
44.90,-31.007,-38.824,-30.964,0.808,3.141,0.827
44.91,-30.382,-38.819,-30.926,1.011,3.130,0.823
44.92,-31.079,-38.812,-30.929,0.783,3.129,0.815
44.93,-31.164,-38.806,-30.937,0.836,3.126,0.808
44.94,-30.977,-38.792,-30.927,0.818,3.124,0.802
44.95,-30.632,-38.772,-30.892,0.865,3.123,0.800
44.96,-30.606,-38.753,-30.858,0.998,3.122,0.805
44.97,-30.761,-38.744,-30.844,0.826,3.125,0.805
44.98,-30.903,-38.744,-30.848,0.587,3.114,0.778
44.99,-31.310,-38.747,-30.878,0.585,3.106,0.754
45.00,-30.580,-38.749,-30.863,1.421,3.111,0.792
45.01,-30.818,-38.757,-30.869,1.179,3.120,0.819
45.02,-31.067,-38.764,-30.887,0.805,3.118,0.812
45.03,-30.707,-38.766,-30.879,1.046,3.116,0.819
45.04,-30.930,-38.761,-30.878,1.025,3.128,0.838
45.05,-30.759,-38.758,-30.868,0.755,3.138,0.839
45.06,-30.748,-38.752,-30.856,0.425,3.143,0.816
45.07,-30.580,-38.754,-30.842,0.883,3.143,0.816
45.08,-31.070,-38.758,-30.860,0.965,3.148,0.825
45.09,-30.996,-38.763,-30.872,1.058,3.146,0.832
45.10,-30.637,-38.764,-30.860,1.110,3.134,0.833
45.11,-30.804,-38.761,-30.853,1.150,3.134,0.848
45.12,-31.152,-38.755,-30.865,0.752,3.139,0.843
45.13,-30.725,-38.751,-30.854,0.664,3.144,0.834
45.14,-30.593,-38.750,-30.838,0.724,3.148,0.828
45.15,-30.607,-38.748,-30.823,1.025,3.160,0.847
45.16,-30.703,-38.753,-30.820,0.744,3.179,0.855
45.17,-30.628,-38.760,-30.815,0.364,3.188,0.831
45.18,-30.636,-38.768,-30.813,1.020,3.199,0.848
45.19,-31.172,-38.778,-30.843,0.731,3.209,0.847
45.20,-31.247,-38.789,-30.876,0.487,3.196,0.811
45.21,-30.373,-38.794,-30.852,1.407,3.186,0.832
45.22,-30.618,-38.785,-30.829,0.855,3.191,0.833
45.23,-30.995,-38.770,-30.824,0.407,3.198,0.812
45.24,-30.501,-38.754,-30.790,0.998,3.206,0.826
45.25,-30.272,-38.733,-30.740,1.014,3.217,0.843
45.26,-30.092,-38.717,-30.686,0.990,3.208,0.839
45.27,-30.172,-38.700,-30.638,1.067,3.194,0.836
45.28,-31.336,-38.685,-30.663,0.296,3.184,0.790
45.29,-30.956,-38.655,-30.651,0.748,3.176,0.777
45.30,-31.470,-38.601,-30.647,0.533,3.164,0.748
45.31,-31.757,-38.529,-30.643,0.831,3.152,0.737
45.32,-29.845,-38.455,-30.528,1.106,3.133,0.736
45.33,-29.752,-38.395,-30.426,1.381,3.130,0.768
45.34,-29.756,-38.356,-30.350,1.143,3.148,0.803
45.35,-31.245,-38.331,-30.377,0.073,3.155,0.764
45.36,-30.937,-38.310,-30.390,0.364,3.148,0.731
45.37,-30.765,-38.290,-30.393,0.658,3.136,0.711
45.38,-30.351,-38.269,-30.371,1.008,3.140,0.729
45.39,-30.748,-38.249,-30.374,0.918,3.147,0.742
45.40,-30.725,-38.234,-30.381,0.859,3.147,0.745
45.41,-30.006,-38.233,-30.359,0.823,3.148,0.748
45.42,-29.892,-38.247,-30.346,1.002,3.164,0.774
45.43,-30.090,-38.268,-30.351,0.852,3.180,0.790
45.44,-30.296,-38.294,-30.373,0.755,3.191,0.796
45.45,-30.592,-38.319,-30.409,0.914,3.207,0.814
45.46,-30.183,-38.348,-30.423,0.911,3.224,0.833
45.47,-30.138,-38.378,-30.435,1.103,3.236,0.857
45.48,-30.558,-38.403,-30.465,1.366,3.237,0.884
45.49,-31.310,-38.421,-30.531,0.103,3.223,0.823
45.50,-30.990,-38.425,-30.562,0.718,3.200,0.792
45.51,-30.189,-38.411,-30.528,0.988,3.197,0.798
45.52,-30.381,-38.391,-30.501,1.028,3.201,0.812
45.53,-30.606,-38.366,-30.484,1.037,3.204,0.825
45.54,-30.775,-38.338,-30.474,1.095,3.208,0.841
45.55,-30.995,-38.298,-30.468,0.882,3.209,0.843
45.56,-30.452,-38.252,-30.424,0.636,3.205,0.824
45.57,-30.708,-38.187,-30.381,1.087,3.192,0.825
45.58,-30.721,-38.091,-30.312,0.636,3.191,0.811
45.59,-30.979,-37.969,-30.236,0.749,3.183,0.797
45.60,-30.674,-37.806,-30.111,0.556,3.142,0.741
45.61,-30.145,-37.639,-29.959,0.612,3.085,0.678
45.62,-29.687,-37.475,-29.791,1.065,3.017,0.633
45.63,-29.901,-37.296,-29.632,0.743,2.942,0.566
45.64,-29.881,-37.083,-29.448,1.163,2.852,0.514
45.65,-29.798,-36.843,-29.246,0.424,2.730,0.392
45.66,-28.403,-36.582,-28.955,1.433,2.618,0.345
45.67,-28.667,-36.321,-28.695,1.711,2.517,0.328
45.68,-29.295,-36.048,-28.477,1.138,2.383,0.249
45.69,-27.728,-35.751,-28.157,1.759,2.193,0.159
45.70,-27.133,-35.432,-27.801,1.846,1.940,0.020
45.71,-25.421,-35.097,-27.351,0.460,1.670,-0.205
45.72,-24.829,-34.749,-26.877,1.302,1.413,-0.356
45.73,-24.228,-34.391,-26.387,1.785,1.189,-0.438
45.74,-23.655,-33.975,-25.835,2.766,1.053,-0.374
45.75,-32.900,-33.546,-25.837,2.762,0.937,-0.292
45.76,-27.780,-33.039,-25.474,-0.459,0.788,-0.432
45.77,-28.492,-32.373,-25.026,4.926,0.619,-0.266
45.78,-23.065,-31.695,-24.280,1.747,0.483,-0.262
45.79,-25.774,-30.973,-23.693,7.093,0.401,0.106
45.80,-18.541,-30.254,-22.723,-3.331,0.329,-0.140
45.81,-22.250,-29.544,-22.031,3.186,0.220,-0.030
45.82,-21.779,-28.853,-21.369,2.666,0.141,0.075
45.83,-26.036,-28.178,-21.009,4.432,0.032,0.249
45.84,-30.876,-27.482,-20.934,11.137,-0.139,0.747
45.85,-25.273,-26.680,-20.446,3.735,-0.219,0.880
45.86,-22.889,-25.833,-19.809,0.837,-0.280,0.857
45.87,-19.679,-24.984,-19.023,1.322,-0.312,0.891
45.89,-17.009,-24.186,-18.177,2.188,-0.307,1.009
45.90,-16.345,-23.442,-17.392,4.252,-0.322,1.221
45.90,-10.838,-22.769,-16.398,-0.024,-0.354,1.160
45.92,-14.343,-22.168,-15.729,5.022,-0.395,1.384
45.93,-13.068,-21.643,-15.096,7.286,-0.470,1.698
45.94,-18.737,-21.160,-14.865,4.943,-0.540,1.867
45.94,-19.411,-20.650,-14.665,7.299,-0.608,2.166
45.96,-14.077,-20.089,-14.122,3.635,-0.629,2.285
45.97,-13.334,-19.486,-13.529,4.633,-0.641,2.464
45.98,-11.187,-18.875,-12.838,4.702,-0.647,2.643
45.99,-10.545,-18.265,-12.149,6.869,-0.626,2.964
46.00,-11.429,-17.625,-11.522,6.045,-0.610,3.218
46.01,-9.624,-16.948,-10.792,5.028,-0.615,3.381
46.02,-13.794,-16.261,-10.335,8.079,-0.608,3.722
46.03,-14.601,-15.573,-9.953,2.873,-0.525,3.818
46.03,-14.363,-14.873,-9.571,0.743,-0.499,3.730
46.05,-11.042,-14.135,-8.987,2.600,-0.491,3.737
46.06,-10.864,-13.383,-8.415,3.637,-0.486,3.799
46.07,-8.038,-12.631,-7.715,3.136,-0.483,3.826
46.07,-7.943,-11.888,-7.058,2.632,-0.474,3.827
46.09,-6.615,-11.162,-6.379,3.288,-0.479,3.853
46.10,-6.496,-10.431,-5.728,3.160,-0.468,3.884
46.11,-5.475,-9.676,-5.033,2.355,-0.459,3.865
46.12,-5.434,-8.793,-4.260,3.554,-0.460,3.911
46.13,-6.543,-7.921,-3.604,4.813,-0.460,4.022
46.14,-5.788,-6.998,-2.896,4.255,-0.458,4.097
46.15,-5.224,-6.029,-2.155,4.856,-0.474,4.186
46.16,-3.537,-5.024,-1.328,1.805,-0.486,4.096
46.17,-2.307,-4.034,-0.494,1.949,-0.530,3.989
46.18,-0.803,-3.073,0.352,2.820,-0.594,3.918
46.19,-0.249,-2.107,1.183,1.987,-0.697,3.765
46.20,13.892,-1.340,2.598,1.120,-0.816,3.554
46.21,15.783,-1.373,3.296,13.975,-0.736,4.287
46.22,-11.132,-1.364,2.442,-4.552,-0.744,3.827
46.23,1.940,-1.360,2.380,4.026,-0.763,3.875
46.24,-2.384,-1.361,2.066,0.334,-0.775,3.713
46.25,-0.086,-1.359,1.903,4.199,-0.784,3.784
46.26,1.560,-1.361,1.840,3.863,-0.776,3.848
46.27,2.702,-1.362,1.846,3.454,-0.759,3.893
46.28,1.053,-1.362,1.759,2.862,-0.749,3.894
46.29,1.814,-1.358,1.720,3.368,-0.748,3.921
46.30,1.376,-1.357,1.659,3.947,-0.749,3.971
46.31,1.611,-1.354,1.617,3.593,-0.752,3.997
46.32,2.370,-1.353,1.620,3.782,-0.750,4.036
46.33,1.241,-1.350,1.559,2.843,-0.747,4.019
46.34,1.593,-1.348,1.521,3.392,-0.752,4.027
46.35,1.498,-1.347,1.479,3.522,-0.762,4.037
46.36,1.978,-1.344,1.469,4.733,-0.776,4.112
46.37,1.879,-1.345,1.451,4.784,-0.780,4.196
46.38,1.705,-1.343,1.427,2.554,-0.789,4.141
46.39,1.847,-1.339,1.414,3.229,-0.796,4.129
46.40,1.754,-1.337,1.396,4.072,-0.803,4.167
46.41,2.263,-1.336,1.407,4.297,-0.808,4.216
46.42,2.229,-1.336,1.414,4.124,-0.812,4.254
46.43,0.911,-1.337,1.346,4.475,-0.819,4.307
46.44,1.859,-1.336,1.337,5.257,-0.832,4.397
46.45,1.549,-1.335,1.312,3.265,-0.845,4.367
46.46,1.665,-1.330,1.298,2.361,-0.859,4.285
46.47,1.372,-1.327,1.267,2.687,-0.866,4.231
46.48,0.794,-1.322,1.205,0.819,-0.870,4.074
46.49,1.467,-1.320,1.184,3.021,-0.872,4.053
46.50,1.730,-1.318,1.179,3.124,-0.872,4.040
46.51,1.480,-1.317,1.160,3.377,-0.874,4.041
46.52,1.674,-1.317,1.152,2.680,-0.875,4.001
46.53,1.589,-1.317,1.140,3.205,-0.877,3.992
46.54,1.743,-1.315,1.139,3.178,-0.880,3.980
46.55,1.584,-1.317,1.127,3.461,-0.883,3.985
46.56,1.578,-1.316,1.118,3.593,-0.884,3.998
46.57,1.743,-1.313,1.120,3.643,-0.889,4.010
46.58,1.798,-1.313,1.125,3.603,-0.890,4.023
46.59,1.882,-1.313,1.134,3.591,-0.890,4.034
46.60,1.454,-1.313,1.118,3.812,-0.889,4.058
46.61,1.587,-1.311,1.113,3.834,-0.887,4.083
46.62,1.754,-1.310,1.117,3.585,-0.887,4.090
46.63,1.737,-1.308,1.118,3.881,-0.890,4.114
46.64,1.795,-1.306,1.127,3.482,-0.893,4.110
46.65,2.282,-1.305,1.163,2.521,-0.895,4.050
46.66,4.017,-1.303,1.299,0.185,-0.898,3.857
46.67,1.997,-1.299,1.314,2.863,-0.900,3.827
46.68,0.626,-1.299,1.246,6.365,-0.902,4.003
46.69,0.840,-1.299,1.192,5.948,-0.901,4.149
46.70,1.241,-1.300,1.165,3.527,-0.899,4.147
46.71,1.592,-1.301,1.159,3.226,-0.900,4.126
46.72,1.547,-1.301,1.152,2.983,-0.899,4.092
46.73,2.210,-1.303,1.183,2.165,-0.900,4.011
46.74,4.079,-1.300,1.325,-0.185,-0.903,3.795
46.75,2.783,-1.295,1.389,2.159,-0.903,3.727
46.76,2.496,-1.295,1.428,3.302,-0.902,3.729
46.77,1.228,-1.295,1.392,4.640,-0.900,3.809
46.78,0.903,-1.294,1.341,7.398,-0.897,4.046
46.79,0.292,-1.295,1.254,5.150,-0.898,4.137
46.80,2.197,-1.294,1.282,3.140,-0.899,4.110
46.81,2.730,-1.295,1.340,1.801,-0.900,4.003
46.82,0.392,-1.294,1.263,3.912,-0.897,4.028
46.83,0.722,-1.294,1.207,6.074,-0.897,4.173
46.84,1.812,-1.295,1.217,3.856,-0.896,4.184
46.85,1.971,-1.296,1.235,5.045,-0.895,4.262
46.86,1.485,-1.296,1.226,6.123,-0.895,4.400
46.87,1.199,-1.299,1.198,5.593,-0.898,4.496
46.88,1.394,-1.302,1.183,4.800,-0.899,4.543
46.89,1.568,-1.305,1.180,3.729,-0.905,4.521
46.90,2.023,-1.309,1.201,2.168,-0.908,4.412
46.91,2.544,-1.312,1.255,1.333,-0.911,4.259
46.92,2.116,-1.314,1.281,2.916,-0.914,4.205
46.93,1.122,-1.315,1.250,3.298,-0.915,4.177
46.94,1.722,-1.314,1.258,3.285,-0.916,4.148
46.95,1.649,-1.314,1.260,3.566,-0.914,4.141
46.96,1.890,-1.314,1.276,4.607,-0.910,4.195
46.97,1.757,-1.316,1.282,4.776,-0.909,4.254
46.98,1.362,-1.318,1.265,2.426,-0.907,4.174
46.99,1.058,-1.318,1.234,1.233,-0.909,4.025
47.00,1.460,-1.319,1.227,2.914,-0.912,3.979
47.01,1.671,-1.320,1.232,3.783,-0.911,3.988
47.02,1.663,-1.323,1.235,3.328,-0.911,3.970
47.03,1.641,-1.324,1.240,3.156,-0.909,3.944
47.04,1.806,-1.327,1.251,3.648,-0.906,3.949
47.05,1.857,-1.327,1.268,3.755,-0.905,3.957
47.06,1.818,-1.327,1.283,3.583,-0.905,3.954
47.07,1.789,-1.327,1.295,3.584,-0.906,3.950
47.08,1.819,-1.327,1.308,2.977,-0.906,3.911
47.09,2.195,-1.327,1.344,0.944,-0.906,3.757
47.10,2.174,-1.325,1.378,2.418,-0.905,3.696
47.11,1.415,-1.323,1.367,5.453,-0.903,3.813
47.12,1.087,-1.322,1.337,5.935,-0.901,3.954
47.13,1.397,-1.322,1.324,3.674,-0.899,3.956
47.14,1.497,-1.324,1.316,3.664,-0.898,3.959
47.15,1.374,-1.328,1.301,3.521,-0.899,3.949
47.16,1.512,-1.330,1.296,3.663,-0.899,3.948
47.17,1.947,-1.330,1.319,3.278,-0.902,3.922
47.18,1.749,-1.327,1.332,3.505,-0.903,3.913
47.19,1.738,-1.328,1.341,3.404,-0.902,3.899
47.20,1.793,-1.329,1.352,3.618,-0.902,3.897
47.21,1.689,-1.328,1.360,3.376,-0.902,3.882
47.22,1.632,-1.329,1.362,3.276,-0.902,3.860
47.23,1.757,-1.329,1.372,3.803,-0.903,3.870
47.24,1.740,-1.331,1.378,3.467,-0.904,3.860
47.25,1.675,-1.333,1.381,3.886,-0.903,3.876
47.26,1.624,-1.330,1.386,3.510,-0.902,3.868
47.27,1.609,-1.331,1.386,3.654,-0.904,3.868
47.28,1.562,-1.332,1.383,3.506,-0.903,3.860
47.29,1.735,-1.332,1.392,3.349,-0.903,3.843
47.30,1.730,-1.334,1.398,3.558,-0.903,3.839
47.31,1.755,-1.336,1.405,3.383,-0.901,3.828
47.32,1.673,-1.334,1.411,3.545,-0.900,3.824
47.33,1.564,-1.336,1.408,3.719,-0.898,3.831
47.35,1.992,-1.336,1.431,3.657,-0.898,3.832
47.36,1.857,-1.335,1.447,3.466,-0.899,3.822
47.36,1.869,-1.334,1.463,3.513,-0.899,3.814
47.37,1.744,-1.332,1.471,3.374,-0.899,3.800
47.39,1.928,-1.331,1.489,3.792,-0.902,3.807
47.40,1.712,-1.332,1.492,3.764,-0.903,3.815
47.40,1.786,-1.332,1.500,3.124,-0.900,3.787
47.42,1.625,-1.332,1.499,3.707,-0.900,3.793
47.43,1.493,-1.330,1.492,3.618,-0.898,3.794
47.44,1.607,-1.329,1.491,3.421,-0.898,3.783
47.44,1.722,-1.331,1.494,3.552,-0.897,3.780
47.45,1.931,-1.329,1.513,3.379,-0.897,3.766
47.47,1.689,-1.330,1.514,3.573,-0.896,3.765
47.48,1.742,-1.330,1.519,3.101,-0.895,3.736
47.48,1.797,-1.333,1.525,3.397,-0.894,3.726
47.49,2.142,-1.332,1.554,2.923,-0.895,3.686
47.51,1.689,-1.333,1.554,2.815,-0.895,3.644
47.52,1.506,-1.334,1.544,4.850,-0.890,3.725
47.53,1.656,-1.335,1.543,3.175,-0.888,3.703
47.53,2.161,-1.336,1.571,1.347,-0.893,3.569
47.55,1.686,-1.337,1.569,3.810,-0.893,3.589
47.56,1.676,-1.337,1.569,3.433,-0.891,3.587
47.57,1.667,-1.340,1.566,3.639,-0.890,3.598
47.58,1.556,-1.340,1.560,3.602,-0.890,3.604
47.59,1.903,-1.339,1.574,3.248,-0.891,3.588
47.60,1.916,-1.339,1.588,3.698,-0.891,3.600
47.61,1.757,-1.338,1.593,3.397,-0.891,3.594
47.62,1.587,-1.338,1.587,3.651,-0.890,3.604
47.63,1.815,-1.336,1.597,4.401,-0.885,3.660
47.64,1.855,-1.337,1.605,3.208,-0.883,3.642
47.65,1.955,-1.339,1.618,2.039,-0.895,3.544
47.66,1.680,-1.339,1.617,3.426,-0.894,3.543
47.67,1.738,-1.341,1.617,3.322,-0.893,3.535
47.68,1.194,-1.341,1.587,5.654,-0.895,3.661
47.69,1.452,-1.343,1.572,3.396,-0.894,3.653
47.70,1.756,-1.343,1.578,3.659,-0.895,3.658
47.71,2.212,-1.344,1.609,4.433,-0.895,3.708
47.72,3.109,-1.344,1.691,5.718,-0.895,3.831
47.73,2.287,-1.345,1.721,5.097,-0.898,3.910
47.74,1.497,-1.347,1.703,2.045,-0.898,3.810
47.75,1.298,-1.349,1.675,3.181,-0.899,3.780
47.76,1.291,-1.348,1.650,2.472,-0.899,3.710
47.77,1.476,-1.346,1.638,3.084,-0.898,3.681
47.78,1.607,-1.346,1.632,3.740,-0.897,3.690
47.79,2.182,-1.349,1.657,4.154,-0.897,3.723
47.80,1.307,-1.352,1.631,3.028,-0.896,3.689
47.81,1.006,-1.350,1.592,2.550,-0.895,3.629
47.82,1.553,-1.350,1.586,3.098,-0.896,3.602
47.83,1.655,-1.349,1.586,3.357,-0.895,3.593
47.84,1.864,-1.348,1.599,3.768,-0.891,3.611
47.85,1.599,-1.347,1.596,3.475,-0.889,3.609
47.86,1.680,-1.349,1.595,3.646,-0.888,3.616
47.87,1.735,-1.349,1.599,3.660,-0.887,3.623
47.88,1.667,-1.350,1.598,3.531,-0.887,3.622
47.89,1.722,-1.352,1.600,3.370,-0.885,3.613
47.90,1.823,-1.353,1.608,3.598,-0.886,3.615
47.91,1.711,-1.356,1.608,3.869,-0.886,3.633
47.92,1.818,-1.358,1.615,4.627,-0.887,3.694
47.93,1.372,-1.363,1.593,6.057,-0.890,3.833
47.94,1.469,-1.365,1.580,2.294,-0.887,3.752
47.95,2.265,-1.368,1.613,5.056,-0.888,3.833
47.96,2.331,-1.371,1.649,4.444,-0.888,3.874
47.97,1.319,-1.372,1.626,3.413,-0.889,3.852
47.98,1.409,-1.375,1.608,2.642,-0.891,3.787
47.99,1.907,-1.377,1.620,3.413,-0.893,3.769
48.00,1.684,-1.379,1.620,3.643,-0.895,3.765
48.01,2.044,-1.381,1.640,3.611,-0.898,3.758
48.02,1.076,-1.383,1.603,3.006,-0.900,3.717
48.03,1.713,-1.383,1.606,3.958,-0.904,3.732
48.04,1.251,-1.383,1.583,3.232,-0.909,3.702
48.05,1.456,-1.384,1.572,2.727,-0.912,3.647
48.06,1.432,-1.385,1.560,2.922,-0.914,3.607
48.07,1.213,-1.385,1.536,2.899,-0.917,3.566
48.08,0.926,-1.387,1.496,2.006,-0.918,3.477
48.09,1.799,-1.385,1.512,3.205,-0.918,3.463
48.10,1.847,-1.385,1.528,3.320,-0.918,3.455
48.11,1.861,-1.382,1.546,3.361,-0.920,3.450
48.12,1.745,-1.382,1.554,3.198,-0.920,3.435
48.13,1.782,-1.381,1.566,3.929,-0.923,3.462
48.14,2.688,-1.381,1.628,5.182,-0.928,3.558
48.15,1.227,-1.383,1.601,2.547,-0.936,3.494
48.16,1.651,-1.385,1.600,3.674,-0.942,3.500
48.17,1.079,-1.383,1.569,2.006,-0.946,3.412
48.18,1.618,-1.383,1.569,3.897,-0.946,3.440
48.19,1.541,-1.382,1.565,3.744,-0.946,3.459
48.20,1.642,-1.384,1.565,3.470,-0.948,3.460
48.21,1.639,-1.385,1.567,3.266,-0.945,3.452
48.22,1.393,-1.382,1.557,3.578,-0.946,3.460
48.23,1.460,-1.385,1.546,3.322,-0.947,3.452
48.24,1.559,-1.386,1.542,3.582,-0.947,3.461
48.25,1.589,-1.386,1.542,3.548,-0.945,3.468
48.26,1.465,-1.389,1.533,3.670,-0.945,3.482
48.27,1.766,-1.392,1.541,3.844,-0.943,3.506
48.28,1.900,-1.394,1.558,3.436,-0.945,3.501
48.29,1.432,-1.394,1.547,2.778,-0.947,3.460
48.30,1.691,-1.394,1.554,3.394,-0.947,3.457
48.31,1.572,-1.397,1.550,3.541,-0.947,3.462
48.32,1.684,-1.395,1.557,3.647,-0.945,3.476
48.33,1.607,-1.394,1.558,3.286,-0.946,3.466
48.34,1.667,-1.393,1.564,3.992,-0.945,3.498
48.35,1.587,-1.395,1.562,3.442,-0.943,3.498
48.36,1.655,-1.395,1.565,3.406,-0.943,3.494
48.37,1.889,-1.393,1.584,3.944,-0.944,3.521
48.38,2.403,-1.395,1.628,5.281,-0.945,3.624
48.39,1.566,-1.396,1.622,3.204,-0.951,3.597
48.40,0.972,-1.395,1.584,2.456,-0.955,3.529
48.41,1.542,-1.397,1.578,2.907,-0.959,3.492
48.42,1.540,-1.397,1.574,3.463,-0.960,3.490
48.43,1.721,-1.396,1.582,3.758,-0.963,3.505
48.44,1.899,-1.395,1.600,3.469,-0.965,3.502
48.45,1.780,-1.394,1.610,3.720,-0.967,3.514
48.46,1.606,-1.394,1.608,3.553,-0.969,3.516
48.47,1.666,-1.396,1.609,3.553,-0.972,3.517
48.48,1.345,-1.397,1.591,3.746,-0.975,3.529
48.49,1.423,-1.399,1.579,3.741,-0.978,3.541
48.50,1.441,-1.397,1.571,4.086,-0.981,3.572
48.51,1.622,-1.399,1.570,3.649,-0.983,3.576
48.52,1.757,-1.400,1.579,3.883,-0.987,3.593
48.53,1.435,-1.402,1.567,3.244,-0.993,3.570
48.54,1.516,-1.401,1.564,3.488,-1.002,3.559
48.55,1.490,-1.403,1.556,3.330,-1.013,3.538
48.56,1.851,-1.404,1.570,3.843,-1.025,3.547
48.57,1.885,-1.404,1.587,3.384,-1.037,3.528
48.58,1.503,-1.406,1.580,3.642,-1.052,3.523
48.59,1.825,-1.407,1.591,3.636,-1.071,3.514
48.60,2.206,-1.412,1.622,2.478,-1.096,3.433
48.61,1.010,-1.415,1.583,2.512,-1.117,3.362
48.62,1.893,-1.421,1.594,3.897,-1.132,3.380
48.63,1.662,-1.424,1.594,3.593,-1.146,3.381
48.64,1.353,-1.425,1.578,3.432,-1.152,3.380
48.65,1.026,-1.427,1.544,4.061,-1.161,3.413
48.66,1.172,-1.426,1.522,2.178,-1.173,3.332
48.67,1.663,-1.427,1.527,6.744,-1.194,3.511
48.68,1.264,-1.428,1.510,3.350,-1.228,3.474
48.69,1.516,-1.431,1.506,4.202,-1.265,3.485
48.70,1.513,-1.435,1.501,4.237,-1.308,3.493
48.71,1.651,-1.438,1.505,3.853,-1.347,3.482
48.72,1.542,-1.445,1.499,3.979,-1.388,3.477
48.73,2.117,-1.452,1.527,4.024,-1.423,3.482
48.74,1.656,-1.458,1.528,3.893,-1.453,3.482
48.75,1.712,-1.465,1.531,4.234,-1.480,3.508
48.76,1.786,-1.472,1.539,3.744,-1.504,3.506
48.77,1.875,-1.480,1.550,3.562,-1.527,3.493
48.78,1.641,-1.492,1.543,4.002,-1.548,3.510
48.79,1.817,-1.507,1.544,3.803,-1.568,3.516
48.80,1.573,-1.523,1.531,3.776,-1.590,3.518
48.81,1.723,-1.537,1.530,4.627,-1.620,3.562
48.82,1.576,-1.548,1.521,4.072,-1.649,3.572
48.83,1.232,-1.562,1.491,3.790,-1.685,3.560
48.84,1.688,-1.579,1.487,3.731,-1.724,3.542
48.85,1.078,-1.596,1.447,3.351,-1.767,3.501
48.86,1.218,-1.583,1.446,2.892,-1.816,3.429
48.87,0.768,-1.460,1.522,2.727,-1.850,3.365
48.89,0.676,-1.202,1.715,4.788,-1.855,3.450
48.90,1.455,-0.862,2.018,3.899,-1.871,3.471
48.91,0.568,-0.481,2.291,7.613,-1.887,3.706
48.91,2.727,-0.143,2.631,8.415,-1.900,3.979
48.93,0.858,0.182,2.831,5.650,-1.879,4.113
48.94,5.538,0.527,3.308,1.348,-1.844,4.002
48.95,6.909,0.859,3.827,0.136,-1.855,3.782
48.96,4.168,1.248,4.212,9.257,-1.990,3.985
48.97,3.969,1.783,4.701,9.774,-2.151,4.185
48.98,5.633,2.350,5.287,2.665,-2.399,3.884
48.99,4.465,2.964,5.817,3.460,-2.653,3.639
49.00,8.301,3.584,6.543,0.768,-2.882,3.277
49.01,7.239,4.153,7.119,6.494,-3.109,3.267
49.02,5.926,4.685,7.550,7.023,-3.318,3.308
49.03,8.846,5.150,8.060,3.963,-3.611,3.092
49.04,5.734,5.638,8.384,13.115,-3.976,3.352
49.05,8.578,6.189,8.911,9.334,-4.310,3.415
49.06,8.209,6.796,9.439,7.823,-4.548,3.481
49.07,9.753,7.382,10.005,6.425,-4.781,3.470
49.08,8.742,7.947,10.459,8.614,-5.083,3.524
49.09,7.130,8.578,10.855,13.039,-5.350,3.868
49.10,9.032,9.244,11.368,10.433,-5.548,4.113
49.11,11.027,9.856,11.914,8.427,-5.694,4.281
49.12,12.529,10.398,12.449,1.085,-5.850,4.008
49.13,9.808,10.978,12.831,2.935,-6.053,3.812
49.14,9.905,11.652,13.283,6.134,-6.230,3.836
49.15,12.085,12.336,13.843,12.288,-6.327,4.292
49.16,17.388,12.903,14.564,8.924,-6.382,4.572
49.17,16.808,13.328,15.079,-1.226,-6.394,4.293
49.18,15.075,13.780,15.492,-0.566,-6.355,4.112
49.19,15.165,14.240,15.892,-1.759,-6.339,3.848
49.20,13.328,14.783,16.237,9.066,-6.375,4.178
49.21,18.336,15.255,16.787,6.343,-6.410,4.330
49.22,16.356,15.690,17.156,8.661,-6.422,4.631
49.23,18.694,16.080,17.596,8.300,-6.366,4.961
49.24,19.167,16.390,17.964,8.513,-6.318,5.279
49.25,16.489,16.665,18.122,17.336,-6.222,6.137
49.26,22.084,16.870,18.530,19.329,-6.037,7.155
49.27,15.132,17.057,18.496,14.944,-5.729,7.982
49.28,17.578,17.284,18.640,8.067,-5.427,8.364
49.29,19.790,17.475,18.870,-1.332,-5.177,8.129
49.30,19.360,17.639,19.038,-4.220,-4.817,7.837
49.31,16.104,17.854,19.054,-0.493,-4.502,7.726
49.32,15.251,18.074,19.023,4.421,-4.296,7.798
49.33,15.835,18.332,19.061,7.034,-4.138,7.969
49.34,18.589,18.530,19.197,7.580,-3.967,8.173
49.35,17.814,18.695,19.249,11.577,-3.789,8.603
49.36,17.011,18.845,19.236,12.007,-3.507,9.133
49.37,18.969,19.039,19.374,3.659,-3.203,9.177
49.38,19.663,19.174,19.491,-0.764,-2.881,8.969
49.39,16.683,19.365,19.481,3.003,-2.654,8.894
49.40,21.057,19.501,19.672,5.170,-2.546,8.833
49.41,20.255,19.510,19.687,12.809,-2.471,9.185
49.42,19.783,19.534,19.688,12.014,-2.438,9.434
49.43,18.622,19.642,19.701,8.218,-2.382,9.472
49.44,19.750,19.811,19.835,4.141,-2.302,9.293
49.45,22.977,20.023,20.189,2.967,-2.145,9.125
49.46,22.014,20.247,20.480,1.966,-1.922,8.966
49.47,22.872,20.405,20.743,7.159,-1.795,9.022
49.48,22.130,20.506,20.896,5.110,-1.706,8.918
49.49,20.176,20.664,20.980,2.595,-1.620,8.670
49.50,20.760,20.872,21.140,0.751,-1.532,8.326
49.51,22.201,21.125,21.417,-0.465,-1.383,7.984
49.52,23.493,21.428,21.801,-1.969,-1.144,7.652
49.53,23.603,21.633,22.077,6.513,-0.984,7.750
49.54,19.415,21.880,22.135,6.259,-0.804,7.845
49.55,24.036,22.130,22.458,6.532,-0.663,7.912
49.56,23.901,22.357,22.735,3.303,-0.509,7.800
49.57,21.290,22.629,22.888,0.629,-0.361,7.531
49.58,21.665,23.028,23.171,1.850,-0.237,7.319
49.59,23.037,23.456,23.545,-1.246,-0.113,6.938
49.60,23.245,23.873,23.898,-0.849,-0.050,6.537
49.61,26.139,24.210,24.321,2.225,0.036,6.354
49.62,22.457,24.504,24.469,1.127,0.070,6.065
49.63,25.394,24.751,24.732,3.725,0.068,5.907
49.64,22.636,24.996,24.818,0.826,0.132,5.650
49.65,23.151,25.312,24.994,0.918,0.215,5.427
49.66,25.897,25.572,25.266,4.749,0.307,5.444
49.67,22.545,25.830,25.326,8.559,0.376,5.659
49.68,25.230,26.084,25.533,12.124,0.413,6.039
49.69,22.918,26.335,25.590,12.645,0.494,6.474
49.70,24.561,26.618,25.767,10.875,0.615,6.823
49.71,26.040,26.886,26.002,5.408,0.713,6.815
49.72,26.403,27.095,26.191,7.108,0.777,6.875
49.73,26.904,27.251,26.349,5.042,0.863,6.832
49.74,24.297,27.438,26.376,4.339,0.946,6.747
49.75,28.813,27.578,26.617,7.322,1.051,6.859
49.76,23.162,27.690,26.493,11.738,1.177,7.241
49.77,23.792,27.834,26.439,13.042,1.321,7.697
49.78,23.649,28.003,26.402,11.650,1.434,8.020
49.79,23.812,28.201,26.401,8.783,1.481,8.098
49.80,28.515,28.347,26.623,7.520,1.501,8.074
49.81,27.905,28.425,26.734,-0.796,1.531,7.578
49.82,26.132,28.463,26.699,2.960,1.608,7.367
49.83,28.924,28.423,26.753,1.226,1.682,7.062
49.84,22.830,28.454,26.520,7.714,1.825,7.211
49.85,26.796,28.596,26.632,6.987,1.951,7.293
49.86,28.219,28.707,26.791,3.426,2.032,7.122
49.87,28.706,28.805,26.957,-1.882,2.049,6.590
49.88,28.579,28.872,27.076,2.680,2.049,6.326
49.89,27.936,28.927,27.144,4.792,2.051,6.203
49.90,29.357,28.977,27.286,6.759,2.034,6.183
49.91,27.549,29.020,27.310,5.118,2.049,6.099
49.92,29.384,29.103,27.477,0.597,2.045,5.739
49.93,29.816,29.173,27.648,1.493,2.032,5.439
49.94,29.327,29.224,27.765,2.766,2.014,5.223
49.95,30.647,29.254,27.933,-2.667,1.992,4.699
49.96,29.461,29.250,27.992,-0.620,1.961,4.310
49.97,26.485,29.262,27.892,2.589,1.946,4.141
49.98,26.363,29.364,27.874,2.904,1.991,4.056
49.99,28.933,29.490,28.028,0.811,2.104,3.918
50.00,29.546,29.594,28.188,0.149,2.181,3.712
50.01,30.079,29.650,28.325,-1.348,2.281,3.452
50.02,27.462,29.693,28.292,2.035,2.333,3.352
50.03,27.378,29.747,28.265,5.912,2.394,3.491
50.04,27.345,29.777,28.216,5.708,2.498,3.654
50.05,29.394,29.782,28.263,0.000,2.636,3.509
50.06,29.301,29.787,28.303,0.912,2.721,3.373
50.07,30.399,29.764,28.379,1.214,2.816,3.270
50.08,28.527,29.720,28.324,1.778,2.791,3.090
50.09,29.491,29.661,28.313,5.415,2.747,3.113
50.10,27.176,29.586,28.156,0.090,2.748,2.870
50.11,25.558,29.615,28.010,1.007,2.755,2.699
50.12,27.355,29.687,28.016,4.222,2.804,2.761
50.13,29.659,29.753,28.149,0.353,2.911,2.652
50.14,27.977,29.816,28.175,-0.398,2.988,2.476
50.15,29.073,29.882,28.266,-0.405,3.064,2.306
50.16,30.656,29.896,28.395,-2.844,3.091,1.956
50.17,29.894,29.866,28.432,0.077,3.070,1.747
50.18,30.066,29.796,28.440,-0.874,3.036,1.482
50.19,26.894,29.749,28.288,2.273,2.990,1.401
50.20,28.386,29.758,28.282,1.633,3.011,1.352
50.21,27.978,29.805,28.289,1.931,3.070,1.359
50.22,28.069,29.904,28.348,1.964,3.154,1.383
50.23,30.219,29.974,28.502,0.466,3.224,1.314
50.24,29.147,30.007,28.551,3.524,3.283,1.416
50.25,29.768,30.030,28.626,-1.502,3.315,1.196
50.26,29.102,30.015,28.622,4.884,3.334,1.345
50.27,27.531,30.032,28.557,0.314,3.371,1.240
50.28,28.560,30.075,28.579,-0.714,3.403,1.076
50.29,30.989,30.087,28.713,-0.689,3.441,0.928
50.30,30.826,30.065,28.798,1.329,3.442,0.869
50.31,28.973,30.035,28.765,2.073,3.457,0.870
50.32,28.565,30.042,28.745,1.480,3.495,0.859
50.33,28.793,30.039,28.731,0.609,3.546,0.810
50.34,28.012,30.077,28.710,-0.097,3.569,0.698
50.35,27.784,30.129,28.690,0.926,3.621,0.678
50.36,27.617,30.208,28.686,0.100,3.637,0.578
50.37,31.334,30.234,28.847,3.774,3.661,0.702
50.38,28.787,30.238,28.833,0.890,3.681,0.652
50.40,31.005,30.234,28.940,-0.945,3.700,0.489
50.41,30.787,30.168,28.972,3.540,3.692,0.578
50.42,25.417,30.169,28.754,5.319,3.731,0.811
50.43,27.499,30.242,28.734,3.114,3.777,0.913
50.44,28.276,30.337,28.782,0.707,3.808,0.857
50.45,30.825,30.397,28.941,-2.987,3.818,0.569
50.46,31.777,30.353,29.050,-4.283,3.807,0.201
50.47,27.950,30.275,28.901,-0.636,3.774,0.041
50.48,28.537,30.213,28.808,-0.126,3.744,-0.077
50.49,27.509,30.174,28.683,0.414,3.705,-0.166
50.50,29.044,30.157,28.674,0.217,3.676,-0.252
50.51,29.390,30.134,28.679,2.851,3.650,-0.176
50.52,30.451,30.094,28.731,2.138,3.650,-0.119
50.53,29.665,30.041,28.723,1.050,3.641,-0.135
50.54,29.086,29.981,28.676,1.532,3.635,-0.119
50.55,28.456,29.925,28.600,1.935,3.631,-0.077
50.56,27.691,29.897,28.510,1.031,3.615,-0.101
50.57,28.256,29.878,28.466,3.791,3.626,0.064
50.58,28.214,29.881,28.442,0.737,3.604,0.013
50.59,27.442,29.890,28.380,3.320,3.580,0.115
50.60,30.172,29.895,28.476,2.442,3.543,0.149
50.61,29.821,29.848,28.498,0.535,3.498,0.066
50.62,29.298,29.789,28.479,1.288,3.435,0.013
50.63,28.475,29.723,28.406,-0.413,3.360,-0.145
50.64,28.272,29.676,28.345,-0.057,3.297,-0.261
50.65,28.405,29.654,28.317,3.171,3.255,-0.165
50.66,29.725,29.629,28.365,3.263,3.245,-0.036
50.67,29.299,29.584,28.368,3.719,3.268,0.146
50.68,27.395,29.574,28.294,5.087,3.299,0.406
50.69,29.225,29.583,28.348,2.660,3.346,0.529
50.70,28.146,29.592,28.337,-0.113,3.387,0.481
50.71,27.873,29.630,28.338,0.309,3.421,0.453
50.72,29.685,29.655,28.430,0.637,3.441,0.432
50.73,29.022,29.665,28.466,1.428,3.436,0.435
50.74,30.073,29.642,28.530,0.482,3.433,0.381
50.75,27.769,29.614,28.454,1.997,3.408,0.402
50.76,29.412,29.588,28.478,2.277,3.394,0.450
50.77,28.341,29.554,28.432,3.053,3.392,0.552
50.78,28.044,29.533,28.384,2.248,3.393,0.607
50.79,27.245,29.535,28.313,0.894,3.399,0.586
50.80,28.145,29.563,28.323,2.481,3.394,0.647
50.81,29.860,29.552,28.395,2.174,3.389,0.689
50.82,29.215,29.518,28.404,-0.030,3.376,0.595
50.83,28.983,29.477,28.394,2.267,3.365,0.640
50.84,29.290,29.411,28.378,2.300,3.380,0.710
50.85,26.623,29.386,28.249,3.102,3.388,0.817
50.86,28.136,29.406,28.255,0.469,3.417,0.788
50.87,29.233,29.434,28.333,-2.181,3.421,0.582
50.88,18.698,29.640,27.964,1.786,3.498,0.685
50.89,52.929,29.781,29.531,31.159,3.470,2.385
50.90,23.184,29.870,29.252,-5.607,3.474,1.908
50.91,32.452,29.956,29.521,4.653,3.443,2.014
50.92,33.134,29.929,29.709,2.677,3.374,1.967
50.93,28.969,29.906,29.651,2.660,3.326,1.942
50.94,28.142,29.899,29.562,3.407,3.287,1.971
50.95,28.037,29.921,29.498,0.626,3.255,1.845
50.96,28.514,29.964,29.485,0.949,3.232,1.752
50.97,28.194,30.029,29.473,1.565,3.212,1.702
50.98,28.776,30.109,29.510,2.527,3.198,1.717
50.99,28.396,30.214,29.545,2.491,3.176,1.721
51.00,29.181,30.321,29.625,1.549,3.156,1.673
51.01,29.326,30.424,29.704,1.297,3.143,1.620
51.02,29.050,30.541,29.776,1.085,3.124,1.552
51.03,29.604,30.647,29.865,1.678,3.115,1.532
51.04,29.049,30.754,29.917,0.729,3.114,1.464
51.05,30.021,30.848,30.010,0.614,3.107,1.389
51.06,29.766,30.942,30.082,-0.517,3.078,1.230
51.07,29.877,31.023,30.145,-0.208,3.034,1.083
51.08,31.376,31.067,30.255,0.785,2.993,1.005
51.09,30.747,31.075,30.290,1.745,2.950,0.984
51.10,31.007,31.051,30.308,2.935,2.915,1.042
51.11,29.408,31.015,30.221,1.386,2.856,0.985
51.12,29.469,30.983,30.146,1.976,2.795,0.964
51.13,28.979,30.972,30.067,1.237,2.730,0.899
51.14,28.949,30.983,30.010,0.974,2.665,0.822
51.15,28.454,31.032,29.962,1.618,2.590,0.777
51.16,30.264,31.085,30.026,2.435,2.513,0.782
51.17,29.871,31.128,30.053,3.425,2.471,0.878
51.18,30.440,31.179,30.118,3.772,2.438,0.998
51.19,31.031,31.206,30.192,3.633,2.430,1.129
51.20,28.933,31.240,30.149,2.212,2.418,1.169
51.21,28.996,31.300,30.134,1.260,2.407,1.153
51.22,29.160,31.383,30.150,1.599,2.379,1.141
51.23,29.802,31.494,30.229,2.919,2.337,1.193
51.24,30.373,31.598,30.328,2.441,2.280,1.202
51.25,30.517,31.691,30.420,2.693,2.215,1.219
51.26,31.060,31.751,30.508,3.509,2.164,1.296
51.27,31.773,31.774,30.597,4.057,2.136,1.425
51.28,30.614,31.786,30.604,3.621,2.135,1.548
51.29,30.182,31.811,30.598,2.107,2.130,1.574
51.30,29.726,31.848,30.577,1.408,2.105,1.539
51.31,30.766,31.885,30.617,2.888,2.076,1.588
51.32,30.086,31.915,30.609,2.939,2.037,1.629
51.33,30.221,31.945,30.609,3.344,2.005,1.698
51.34,31.273,31.964,30.659,4.201,1.985,1.826
51.35,31.020,31.973,30.682,3.203,1.995,1.919
51.36,30.535,31.981,30.675,2.935,2.019,2.004
51.37,29.940,32.009,30.652,2.206,2.040,2.040
51.38,30.335,32.040,30.657,1.935,2.046,2.044
51.39,30.739,32.061,30.675,2.923,2.055,2.109
51.40,30.167,32.093,30.669,2.644,2.047,2.138
51.41,31.081,32.130,30.721,3.140,2.029,2.185
51.42,31.018,32.164,30.762,1.992,2.001,2.154
51.43,30.181,32.208,30.764,2.218,1.947,2.114
51.44,31.482,32.243,30.832,2.727,1.908,2.120
51.45,31.245,32.258,30.863,2.775,1.879,2.137
51.46,31.067,32.263,30.874,3.135,1.875,2.199
51.47,31.197,32.264,30.887,3.028,1.875,2.256
51.48,31.325,32.261,30.904,2.519,1.883,2.287
51.49,30.756,32.268,30.897,1.802,1.887,2.272
51.50,30.971,32.278,30.904,2.539,1.884,2.293
51.51,30.415,32.302,30.893,2.734,1.868,2.312
51.52,32.018,32.309,30.959,2.906,1.862,2.350
51.53,31.482,32.289,30.966,2.175,1.860,2.348
51.54,31.325,32.269,30.963,2.633,1.850,2.364
51.55,31.376,32.229,30.945,2.790,1.843,2.392
51.56,30.674,32.195,30.892,2.818,1.833,2.417
51.57,31.161,32.171,30.881,3.117,1.809,2.445
51.58,31.315,32.138,30.871,3.094,1.793,2.478
51.59,30.938,32.096,30.832,2.929,1.778,2.502
51.60,30.147,32.066,30.761,2.739,1.761,2.511
51.61,30.784,32.046,30.738,2.402,1.754,2.510
51.62,30.740,32.018,30.708,2.775,1.747,2.530
51.63,31.102,31.980,30.691,2.686,1.738,2.543
51.64,30.580,31.936,30.639,2.939,1.726,2.566
51.65,31.474,31.874,30.625,3.224,1.719,2.610
51.66,30.050,31.818,30.537,2.495,1.708,2.605
51.67,30.642,31.776,30.499,3.169,1.703,2.646
51.68,30.856,31.729,30.473,3.119,1.717,2.699
51.69,30.131,31.695,30.417,2.312,1.731,2.703
51.70,30.463,31.683,30.405,3.257,1.740,2.757
51.71,29.871,31.670,30.359,2.216,1.751,2.750
51.72,29.018,31.688,30.295,3.021,1.761,2.787
51.73,30.659,31.713,30.334,3.087,1.774,2.830
51.74,30.455,31.721,30.345,2.646,1.785,2.843
51.75,30.283,31.734,30.349,2.956,1.797,2.874
51.76,30.680,31.739,30.368,3.159,1.813,2.920
51.77,30.726,31.748,30.393,3.154,1.828,2.961
51.79,31.231,31.740,30.430,2.990,1.849,2.997
51.80,30.689,31.728,30.431,2.616,1.871,3.009
51.81,30.469,31.729,30.431,2.858,1.882,3.023
51.81,31.062,31.720,30.456,2.455,1.886,3.007
51.82,30.309,31.701,30.427,2.619,1.892,3.003
51.84,30.455,31.680,30.407,2.147,1.901,2.975
51.85,30.689,31.645,30.387,3.080,1.907,2.998
51.85,30.285,31.608,30.344,2.187,1.910,2.966
51.86,30.407,31.561,30.301,2.899,1.913,2.976
51.87,30.219,31.498,30.234,2.253,1.900,2.933
51.88,29.742,31.443,30.152,1.625,1.877,2.846
51.89,30.963,31.382,30.138,2.087,1.847,2.784
51.90,30.026,31.315,30.067,2.290,1.802,2.722
51.92,31.076,31.242,30.054,3.097,1.771,2.724
51.93,30.673,31.147,29.999,2.799,1.747,2.715
51.94,29.967,31.032,29.889,2.990,1.710,2.706
51.95,30.278,30.926,29.810,3.211,1.676,2.713
51.96,29.478,30.817,29.688,3.158,1.644,2.718
51.97,28.794,30.733,29.556,2.948,1.605,2.705
51.98,28.866,30.669,29.455,2.528,1.579,2.680
51.99,28.956,30.636,29.393,3.040,1.557,2.691
52.00,29.869,30.623,29.406,2.995,1.550,2.713
52.01,29.044,30.622,29.382,2.899,1.558,2.742
52.02,28.827,30.648,29.374,3.024,1.568,2.779
52.03,29.721,30.676,29.418,3.043,1.580,2.817
52.04,29.126,30.699,29.420,2.993,1.611,2.867
52.05,29.156,30.743,29.445,2.689,1.636,2.892
52.06,30.030,30.776,29.507,3.091,1.662,2.938
52.07,28.797,30.830,29.514,2.913,1.674,2.960
52.08,31.656,30.872,29.675,2.608,1.696,2.971
52.09,30.752,30.877,29.742,2.929,1.726,3.008
52.10,29.485,30.885,29.733,2.887,1.753,3.038
52.11,30.575,30.876,29.773,2.814,1.789,3.070
52.12,29.157,30.854,29.717,2.797,1.817,3.090
52.13,29.666,30.838,29.698,2.994,1.834,3.111
52.14,29.874,30.811,29.683,2.934,1.841,3.118
52.15,29.930,30.780,29.667,2.800,1.843,3.111
52.16,30.388,30.734,29.666,2.444,1.844,3.084
52.17,29.999,30.678,29.633,2.182,1.826,3.024
52.18,29.777,30.612,29.580,2.547,1.801,2.981
52.19,29.550,30.544,29.515,1.758,1.754,2.875
52.20,29.643,30.474,29.457,2.591,1.708,2.823
52.21,29.256,30.395,29.372,2.991,1.659,2.794
52.22,28.801,30.314,29.264,3.075,1.606,2.768
52.23,28.808,30.246,29.174,3.114,1.562,2.755
52.24,28.378,30.169,29.056,3.438,1.529,2.771
52.25,27.716,30.119,28.931,3.160,1.478,2.754
52.26,29.227,30.086,28.917,3.652,1.451,2.790
52.27,28.678,30.047,28.865,3.555,1.435,2.828
52.28,27.583,30.046,28.789,3.658,1.400,2.854
52.29,28.665,30.067,28.799,3.754,1.381,2.900
52.30,28.582,30.097,28.813,4.058,1.377,2.975
52.31,29.070,30.147,28.873,3.235,1.373,2.998
52.32,29.268,30.190,28.934,3.279,1.379,3.032
52.33,28.946,30.232,28.973,3.647,1.383,3.085
52.34,28.716,30.280,29.001,3.498,1.397,3.134
52.35,29.329,30.328,29.064,3.222,1.416,3.171
52.36,29.848,30.362,29.140,3.441,1.442,3.224
52.37,29.323,30.393,29.178,3.062,1.461,3.246
52.38,29.687,30.414,29.226,2.894,1.489,3.266
52.39,28.992,30.421,29.218,2.615,1.509,3.260
52.40,29.113,30.455,29.243,3.841,1.494,3.292
52.41,29.900,30.473,29.297,3.515,1.499,3.323
52.42,29.239,30.484,29.303,2.870,1.510,3.320
52.43,29.170,30.515,29.325,2.354,1.515,3.281
52.44,29.860,30.528,29.367,3.302,1.525,3.304
52.45,28.188,30.553,29.322,3.595,1.531,3.340
52.46,29.967,30.585,29.387,2.607,1.544,3.322
52.47,30.245,30.591,29.443,2.532,1.556,3.299
52.48,29.211,30.599,29.436,2.861,1.566,3.294
52.49,29.607,30.600,29.447,2.882,1.584,3.298
52.50,29.278,30.593,29.430,2.895,1.601,3.301
52.51,29.107,30.609,29.426,2.366,1.607,3.263
52.52,29.912,30.617,29.461,2.444,1.613,3.231
52.53,28.967,30.634,29.448,2.666,1.624,3.216
52.54,28.966,30.667,29.451,2.958,1.625,3.211
52.55,29.402,30.718,29.495,2.627,1.614,3.175
52.56,29.417,30.779,29.547,2.505,1.607,3.137
52.57,30.097,30.834,29.629,2.584,1.603,3.110
52.58,30.652,30.870,29.722,2.976,1.612,3.117
52.59,30.349,30.891,29.777,2.497,1.625,3.100
52.60,30.258,30.896,29.811,3.122,1.630,3.113
52.61,29.737,30.894,29.805,3.092,1.627,3.115
52.62,30.888,30.884,29.859,3.337,1.625,3.132
52.63,29.364,30.880,29.828,2.275,1.611,3.076
52.64,30.545,30.885,29.875,3.619,1.594,3.098
52.65,30.079,30.872,29.877,3.067,1.577,3.087
52.66,29.716,30.867,29.864,2.878,1.569,3.074
52.67,30.326,30.852,29.878,3.059,1.577,3.086
52.68,29.815,30.842,29.867,3.529,1.587,3.127
52.69,29.072,30.848,29.829,3.401,1.599,3.161
52.70,28.575,30.860,29.769,3.381,1.620,3.201
52.71,30.716,30.894,29.855,4.530,1.624,3.288
52.72,30.421,30.922,29.916,3.713,1.625,3.321
52.73,29.728,30.930,29.914,3.505,1.624,3.339
52.74,29.403,30.948,29.903,2.562,1.627,3.305
52.75,29.652,30.968,29.908,2.795,1.632,3.288
52.76,30.129,30.975,29.928,3.301,1.628,3.292
52.77,29.996,30.989,29.946,2.736,1.612,3.252
52.78,30.900,30.988,30.001,3.192,1.611,3.255
52.79,29.734,30.984,29.984,3.159,1.614,3.260
52.80,30.148,30.987,29.997,2.755,1.622,3.244
52.81,30.399,30.975,30.010,3.002,1.632,3.246
52.82,29.136,30.966,29.953,2.624,1.637,3.221
52.83,30.074,30.962,29.957,3.091,1.634,3.217
52.84,29.361,30.961,29.923,3.042,1.626,3.204
52.85,29.420,30.977,29.910,3.312,1.617,3.208
52.86,29.529,31.001,29.911,3.220,1.609,3.207
52.87,29.728,31.029,29.927,2.545,1.611,3.176
52.88,31.570,31.050,30.042,3.529,1.621,3.211
52.89,29.981,31.056,30.046,2.898,1.632,3.208
52.90,29.713,31.063,30.034,3.023,1.648,3.217
52.91,29.888,31.066,30.029,2.517,1.663,3.196
52.92,29.142,31.089,30.000,2.437,1.657,3.151
52.93,30.031,31.098,30.011,3.003,1.657,3.147
52.94,29.703,31.123,30.016,2.545,1.639,3.099
52.95,29.987,31.147,30.037,3.210,1.620,3.091
52.96,29.648,31.153,30.020,2.891,1.607,3.071
52.97,29.592,31.164,30.005,3.188,1.594,3.069
52.98,30.729,31.163,30.046,2.860,1.590,3.056
52.99,30.062,31.148,30.032,3.806,1.598,3.111
53.00,30.296,31.144,30.044,3.231,1.590,3.114
53.01,30.695,31.126,30.064,2.954,1.597,3.115
53.02,29.756,31.106,30.028,3.289,1.592,3.124
53.03,29.033,31.095,29.961,3.181,1.581,3.121
53.04,29.806,31.097,29.953,2.857,1.569,3.098
53.05,29.362,31.107,29.927,2.795,1.544,3.062
53.06,29.722,31.122,29.929,3.854,1.530,3.098
53.07,30.136,31.133,29.950,2.740,1.527,3.078
53.08,30.244,31.147,29.979,3.911,1.537,3.140
53.09,30.402,31.149,30.005,3.876,1.541,3.191
53.10,29.793,31.157,30.000,3.590,1.554,3.231
53.11,30.456,31.169,30.037,2.684,1.574,3.223
53.12,30.026,31.185,30.051,3.147,1.590,3.239
53.13,29.860,31.194,30.048,2.721,1.584,3.209
53.14,30.048,31.211,30.064,2.561,1.568,3.161
53.15,29.851,31.230,30.069,3.133,1.556,3.152
53.16,30.301,31.247,30.098,3.672,1.538,3.169
53.17,30.207,31.251,30.107,2.735,1.537,3.147
53.18,30.513,31.248,30.128,2.892,1.532,3.132
53.19,30.178,31.230,30.113,2.646,1.534,3.109
53.20,30.104,31.207,30.091,3.808,1.540,3.159
53.21,29.800,31.176,30.045,2.861,1.550,3.155
53.22,29.871,31.155,30.015,2.856,1.551,3.143
53.23,30.742,31.128,30.032,2.592,1.553,3.116
53.24,29.827,31.105,29.998,3.568,1.551,3.143
53.25,29.873,31.090,29.976,3.449,1.544,3.158
53.26,29.728,31.075,29.948,2.678,1.533,3.124
53.27,30.407,31.057,29.958,2.403,1.525,3.078
53.28,29.540,31.033,29.911,3.041,1.514,3.068
53.29,29.358,31.018,29.864,3.069,1.502,3.060
53.30,29.763,31.007,29.848,3.080,1.496,3.058
53.31,29.697,30.992,29.824,3.783,1.499,3.106
53.32,29.309,30.994,29.796,2.774,1.490,3.082
53.33,29.298,31.017,29.787,3.712,1.472,3.105
53.35,30.928,31.033,29.868,2.839,1.460,3.082
53.36,30.262,31.045,29.900,2.676,1.459,3.060
53.37,30.413,31.053,29.938,2.850,1.456,3.049
53.38,29.926,31.056,29.940,3.381,1.449,3.064
53.39,29.352,31.060,29.909,3.447,1.448,3.089
53.40,29.879,31.068,29.915,3.526,1.447,3.117
53.41,30.553,31.065,29.949,3.286,1.464,3.147
53.42,29.985,31.062,29.948,3.123,1.497,3.180
53.43,29.732,31.067,29.940,2.996,1.514,3.189
53.43,29.354,31.078,29.917,2.772,1.534,3.188
53.44,29.706,31.103,29.928,2.601,1.530,3.153
53.46,30.053,31.115,29.945,3.416,1.532,3.174
53.47,29.987,31.125,29.957,3.018,1.531,3.167
53.48,30.961,31.109,29.999,3.224,1.542,3.183
53.49,29.855,31.085,29.969,2.910,1.562,3.189
53.50,29.848,31.067,29.944,3.179,1.589,3.217
53.51,29.427,31.034,29.884,2.502,1.628,3.216
53.52,29.471,31.007,29.833,2.738,1.659,3.219
53.53,29.493,30.983,29.790,3.318,1.693,3.259
53.54,29.612,30.956,29.754,3.177,1.716,3.278
53.55,29.486,30.954,29.735,2.847,1.727,3.265
53.56,29.830,30.947,29.733,3.279,1.749,3.289
53.57,29.812,30.948,29.738,2.997,1.768,3.291
53.58,29.916,30.955,29.753,3.001,1.785,3.291
53.59,29.838,30.972,29.774,2.454,1.789,3.248
53.60,30.407,30.981,29.818,2.622,1.792,3.215
53.61,29.517,30.984,29.803,2.929,1.785,3.192
53.62,29.855,30.989,29.810,3.103,1.777,3.179
53.63,29.525,30.999,29.802,2.542,1.776,3.142
53.64,30.141,31.008,29.829,3.686,1.774,3.170
53.65,29.619,31.021,29.829,3.178,1.782,3.179
53.66,29.891,31.025,29.836,2.462,1.802,3.156
53.67,29.194,31.035,29.807,2.815,1.816,3.148
53.68,29.558,31.064,29.819,2.429,1.816,3.105
53.69,30.327,31.077,29.859,2.465,1.815,3.066
53.70,29.753,31.093,29.867,2.700,1.811,3.039
53.71,29.746,31.099,29.865,2.965,1.809,3.031
53.72,29.524,31.116,29.860,3.010,1.795,3.015
53.73,30.370,31.127,29.899,3.216,1.785,3.014
53.74,29.812,31.128,29.893,2.597,1.785,2.988
53.75,29.903,31.132,29.896,2.286,1.790,2.950
53.76,30.638,31.128,29.934,2.853,1.795,2.946
53.77,30.075,31.138,29.951,3.384,1.790,2.964
53.78,30.119,31.141,29.964,2.684,1.785,2.940
53.79,30.063,31.147,29.975,2.941,1.783,2.935
53.80,30.743,31.151,30.022,3.001,1.780,2.933
53.81,30.165,31.146,30.026,2.394,1.782,2.901
53.82,29.938,31.160,30.034,2.710,1.774,2.880
53.83,30.125,31.164,30.044,2.572,1.779,2.863
53.84,29.629,31.178,30.033,3.111,1.777,2.872
53.85,29.900,31.194,30.041,3.127,1.778,2.884
53.86,30.269,31.202,30.061,2.675,1.784,2.875
53.87,29.965,31.211,30.064,2.672,1.782,2.857
53.88,29.710,31.224,30.056,2.956,1.779,2.857
53.89,30.653,31.224,30.090,2.593,1.778,2.838
53.90,30.382,31.210,30.094,2.489,1.793,2.828
53.91,29.903,31.192,30.067,2.490,1.797,2.808
53.92,29.702,31.204,30.057,2.817,1.788,2.796
53.93,30.563,31.212,30.093,3.344,1.789,2.825
53.94,30.641,31.207,30.121,3.047,1.792,2.837
53.95,29.411,31.206,30.079,2.655,1.792,2.823
53.96,29.740,31.215,30.069,2.466,1.782,2.789
53.97,30.192,31.226,30.086,3.132,1.779,2.802
53.98,30.463,31.223,30.105,2.306,1.771,2.762
53.99,29.858,31.226,30.094,3.422,1.763,2.789
54.00,29.853,31.229,30.083,3.247,1.772,2.821
54.01,30.347,31.218,30.088,2.980,1.789,2.843
54.02,29.240,31.201,30.022,2.716,1.802,2.844
54.03,29.460,31.217,30.005,2.772,1.797,2.833
54.04,30.957,31.215,30.057,2.536,1.794,2.810
54.05,29.373,31.210,30.013,3.393,1.797,2.843
54.06,29.935,31.211,30.009,2.982,1.810,2.861
54.07,29.289,31.255,30.008,2.801,1.799,2.843
54.08,31.288,31.285,30.109,3.236,1.794,2.859
54.09,30.088,31.299,30.120,1.452,1.787,2.768
54.10,30.695,31.302,30.156,2.897,1.785,2.770
54.11,29.979,31.291,30.136,2.953,1.784,2.776
54.12,29.250,31.295,30.088,2.986,1.776,2.778
54.13,31.050,31.302,30.150,3.009,1.773,2.785
54.14,30.602,31.289,30.163,2.304,1.779,2.759
54.15,28.897,31.286,30.088,2.518,1.751,2.716
54.16,30.144,31.291,30.095,2.924,1.721,2.696
54.17,30.212,31.284,30.095,2.640,1.703,2.672
54.18,30.725,31.273,30.120,3.331,1.699,2.703
54.19,30.750,31.256,30.141,2.965,1.712,2.728
54.20,28.377,31.236,30.020,1.819,1.711,2.672
54.21,29.494,31.236,29.989,3.963,1.686,2.719
54.22,31.086,31.234,30.049,1.659,1.673,2.643
54.23,29.957,31.218,30.028,2.412,1.667,2.621
54.24,30.078,31.196,30.010,3.152,1.676,2.657
54.25,29.856,31.191,29.996,3.263,1.665,2.679
54.26,30.340,31.189,30.014,2.864,1.664,2.686
54.27,30.245,31.175,30.014,2.376,1.678,2.679
54.28,29.485,31.189,29.996,2.632,1.668,2.664
54.29,30.491,31.205,30.039,3.240,1.655,2.682
54.30,29.684,31.207,30.021,3.377,1.659,2.724
54.31,29.675,31.210,30.003,3.117,1.670,2.756
54.32,30.139,31.209,30.009,3.576,1.677,2.809
54.33,29.219,31.211,29.965,2.894,1.685,2.820
54.34,30.535,31.216,30.001,2.998,1.691,2.834
54.35,29.576,31.206,29.967,3.184,1.699,2.862
54.36,29.325,31.207,29.929,3.066,1.702,2.876
54.37,29.899,31.209,29.928,3.174,1.712,2.902
54.38,29.861,31.217,29.930,3.111,1.717,2.919
54.39,30.574,31.224,29.972,3.069,1.720,2.931
54.40,30.329,31.216,29.985,2.810,1.727,2.931
54.41,30.185,31.210,29.989,2.656,1.737,2.924
54.42,30.211,31.196,29.989,2.539,1.749,2.913
54.43,30.160,31.174,29.977,3.027,1.771,2.940
54.44,29.247,31.166,29.927,2.595,1.777,2.925
54.45,30.315,31.170,29.953,2.935,1.781,2.928
54.46,30.417,31.168,29.977,2.468,1.784,2.905
54.47,30.333,31.167,29.997,2.548,1.788,2.886
54.48,30.668,31.149,30.019,2.205,1.798,2.855
54.49,29.553,31.124,29.969,2.337,1.806,2.831
54.50,29.971,31.108,29.954,3.049,1.812,2.847
54.51,29.487,31.090,29.909,2.446,1.817,2.826
54.52,30.221,31.071,29.910,2.819,1.831,2.837
54.53,30.109,31.040,29.892,2.484,1.843,2.825
54.54,29.456,31.008,29.837,2.792,1.861,2.838
54.55,29.684,30.982,29.803,2.763,1.878,2.848
54.56,29.432,30.966,29.767,2.676,1.892,2.848
54.57,29.192,30.979,29.745,1.494,1.880,2.755
54.58,30.309,30.990,29.788,2.702,1.876,2.745
54.59,29.796,31.001,29.798,2.692,1.872,2.734
54.60,30.389,31.010,29.840,3.454,1.877,2.777
54.61,29.964,31.019,29.856,3.200,1.884,2.805
54.62,29.726,31.032,29.861,2.943,1.902,2.827
54.63,29.733,31.058,29.878,2.759,1.918,2.835
54.64,30.269,31.075,29.917,2.528,1.932,2.828
54.65,29.412,31.094,29.906,2.633,1.936,2.817
54.66,30.138,31.098,29.922,2.541,1.953,2.814
54.67,29.519,31.093,29.894,2.703,1.974,2.824
54.68,28.506,31.109,29.829,2.284,1.969,2.784
54.69,31.177,31.121,29.917,2.657,1.970,2.774
54.70,30.129,31.109,29.917,1.998,1.976,2.731
54.71,29.575,31.095,29.884,2.743,1.985,2.735
54.72,29.772,31.075,29.858,2.636,1.999,2.739
54.73,28.629,31.096,29.806,2.791,1.987,2.725
54.74,31.281,31.105,29.898,2.276,1.979,2.687
54.75,29.656,31.105,29.884,2.167,1.983,2.656
54.76,30.210,31.109,29.906,3.105,1.990,2.683
54.77,29.931,31.104,29.903,3.144,2.000,2.715
54.78,29.175,31.116,29.872,2.186,1.991,2.671
54.80,30.124,31.144,29.912,2.179,1.966,2.614
54.80,31.318,31.136,29.985,2.492,1.965,2.601
54.81,30.075,31.125,29.980,2.174,1.967,2.573
54.82,30.440,31.095,29.979,2.215,1.978,2.556
54.84,29.514,31.067,29.927,2.229,1.990,2.543
54.84,28.810,31.078,29.873,1.904,1.960,2.470
54.86,31.008,31.068,29.929,2.736,1.950,2.470
54.87,29.767,31.047,29.900,2.384,1.942,2.451
54.88,30.527,31.011,29.902,2.786,1.945,2.467
54.89,28.977,30.989,29.829,2.915,1.951,2.492
54.90,29.744,30.986,29.822,2.110,1.956,2.469
54.91,30.294,30.972,29.835,2.237,1.958,2.451
54.92,29.748,30.967,29.826,2.258,1.949,2.425
54.93,30.545,30.949,29.852,2.553,1.948,2.425
54.94,29.583,30.938,29.827,2.690,1.948,2.434
54.95,29.844,30.935,29.825,2.596,1.944,2.434
54.96,29.873,30.931,29.826,2.467,1.936,2.422
54.97,29.525,30.931,29.809,2.919,1.941,2.450
54.98,29.306,30.925,29.774,2.939,1.947,2.478
54.99,29.169,30.923,29.738,3.165,1.958,2.522
55.00,29.263,30.931,29.718,2.825,1.968,2.544
55.01,29.816,30.933,29.724,2.253,1.979,2.533
55.02,29.659,30.946,29.733,2.597,1.985,2.538
55.03,30.191,30.958,29.770,2.562,1.991,2.540
55.04,30.056,30.970,29.798,2.330,1.992,2.524
55.05,30.036,30.977,29.818,2.268,1.992,2.504
55.06,30.553,30.969,29.854,2.651,1.987,2.502
55.07,29.857,30.954,29.840,2.378,1.976,2.480
55.08,29.657,30.939,29.816,2.499,1.963,2.464
55.09,29.874,30.919,29.801,2.481,1.953,2.451
55.10,29.553,30.887,29.758,3.017,1.944,2.470
55.11,29.503,30.865,29.723,2.614,1.935,2.465
55.12,30.199,30.844,29.730,2.478,1.931,2.457
55.13,29.335,30.833,29.698,2.580,1.925,2.455
55.14,30.035,30.830,29.715,2.742,1.927,2.468
55.15,29.508,30.832,29.706,2.798,1.933,2.489
55.16,29.938,30.833,29.721,2.185,1.941,2.475
55.17,29.634,30.826,29.709,2.419,1.942,2.469
55.18,29.633,30.824,29.704,2.361,1.937,2.453
55.19,30.269,30.815,29.728,2.738,1.929,2.459
55.20,29.973,30.780,29.711,2.551,1.920,2.451
55.21,29.514,30.759,29.680,2.537,1.913,2.446
55.22,30.293,30.723,29.683,2.286,1.920,2.439
55.23,28.844,30.703,29.617,2.132,1.921,2.418
55.24,29.536,30.703,29.613,2.737,1.917,2.429
55.25,29.651,30.697,29.611,2.536,1.915,2.428
55.26,29.239,30.703,29.596,2.327,1.910,2.414
55.27,30.240,30.716,29.646,2.424,1.909,2.409
55.28,29.914,30.711,29.658,2.336,1.908,2.401
55.29,29.173,30.730,29.649,1.999,1.901,2.367
55.30,30.018,30.730,29.671,2.765,1.903,2.388
55.31,28.684,30.740,29.625,2.584,1.900,2.392
55.32,30.021,30.762,29.669,2.524,1.892,2.389
55.33,30.067,30.766,29.697,2.629,1.888,2.394
55.34,28.893,30.778,29.662,2.230,1.877,2.371
55.35,29.885,30.792,29.689,2.430,1.870,2.364
55.36,29.634,30.795,29.689,2.603,1.869,2.373
55.37,29.636,30.793,29.684,2.557,1.872,2.383
55.38,29.338,30.784,29.656,2.641,1.873,2.395
55.39,29.405,30.781,29.639,3.011,1.870,2.425
55.40,29.387,30.781,29.624,2.302,1.859,2.405
55.41,29.351,30.782,29.610,2.494,1.843,2.392
55.42,29.437,30.796,29.612,2.814,1.824,2.396
55.43,29.880,30.815,29.646,2.516,1.809,2.387
55.44,30.451,30.827,29.703,2.329,1.792,2.365
55.45,29.878,30.829,29.715,2.509,1.783,2.363
55.46,30.239,30.820,29.737,2.802,1.787,2.390
55.47,30.007,30.796,29.731,2.455,1.792,2.396
55.48,29.139,30.777,29.680,2.895,1.796,2.427
55.49,29.088,30.775,29.645,2.724,1.782,2.430
55.50,29.420,30.778,29.635,3.152,1.760,2.449
55.51,29.596,30.787,29.640,2.832,1.745,2.457
55.52,29.530,30.789,29.637,2.528,1.738,2.453
55.53,29.722,30.789,29.641,2.382,1.743,2.454
55.54,29.116,30.803,29.623,2.459,1.745,2.456
55.55,29.737,30.828,29.653,3.399,1.742,2.507
55.56,29.858,30.852,29.688,2.791,1.741,2.523
55.57,29.425,30.880,29.698,2.965,1.740,2.548
55.58,29.546,30.903,29.711,2.406,1.742,2.542
55.59,29.913,30.927,29.745,2.840,1.751,2.569
55.60,29.893,30.951,29.776,2.475,1.768,2.580
55.61,29.765,30.980,29.802,2.238,1.781,2.573
55.62,30.056,31.015,29.849,2.442,1.791,2.575
55.63,29.915,31.047,29.883,2.733,1.799,2.592
55.64,29.913,31.072,29.907,2.309,1.798,2.576
55.65,29.641,31.100,29.918,2.593,1.801,2.579
55.66,30.358,31.122,29.964,1.839,1.799,2.535
55.67,29.616,31.135,29.957,2.533,1.787,2.524
55.68,29.549,31.156,29.952,2.441,1.772,2.504
55.69,29.893,31.171,29.962,2.307,1.758,2.479
55.70,29.735,31.180,29.957,2.351,1.746,2.460
55.71,30.447,31.193,29.997,2.566,1.742,2.462
55.72,30.302,31.205,30.025,2.340,1.742,2.454
55.73,30.051,31.227,30.046,2.639,1.725,2.449
55.74,30.241,31.245,30.075,2.570,1.710,2.441
55.75,29.957,31.266,30.087,2.683,1.683,2.430
55.76,30.295,31.283,30.115,2.974,1.652,2.432
55.77,29.963,31.306,30.128,2.808,1.615,2.419
55.78,30.469,31.324,30.164,2.374,1.575,2.379
55.79,30.291,31.328,30.175,3.359,1.535,2.399
55.80,30.690,31.329,30.206,3.002,1.504,2.406
55.81,30.615,31.325,30.226,3.299,1.485,2.441
55.82,29.885,31.328,30.210,3.078,1.475,2.471
55.83,29.869,31.339,30.201,3.121,1.470,2.507
55.84,29.372,31.363,30.176,2.705,1.458,2.511
55.85,29.637,31.414,30.192,2.129,1.420,2.457
55.86,30.005,31.461,30.225,4.022,1.379,2.512
55.87,30.543,31.512,30.290,3.120,1.321,2.497
55.88,30.927,31.539,30.352,3.653,1.280,2.531
55.89,30.966,31.539,30.387,3.227,1.267,2.565
55.90,30.734,31.525,30.395,3.072,1.269,2.602
55.91,30.554,31.508,30.388,3.007,1.280,2.643
55.92,30.495,31.474,30.363,2.881,1.300,2.682
55.93,30.082,31.444,30.318,3.068,1.314,2.724
55.94,30.417,31.406,30.289,2.898,1.332,2.759
55.95,29.633,31.377,30.224,3.099,1.330,2.784
55.96,29.513,31.368,30.174,3.715,1.324,2.840
55.97,31.101,31.352,30.213,3.011,1.328,2.862
55.98,30.283,31.339,30.204,2.540,1.332,2.856
55.99,30.509,31.333,30.217,2.951,1.347,2.883
56.00,30.047,31.328,30.202,3.317,1.363,2.932
56.01,29.756,31.324,30.173,2.761,1.387,2.953
56.02,30.334,31.313,30.173,3.398,1.412,3.011
56.03,29.889,31.306,30.150,3.281,1.431,3.052
56.04,29.954,31.307,30.139,2.823,1.443,3.060
56.05,30.179,31.314,30.147,3.278,1.447,3.085
56.06,31.046,31.321,30.206,3.152,1.455,3.105
56.07,29.847,31.331,30.195,2.477,1.446,3.070
56.08,30.185,31.337,30.201,3.424,1.444,3.097
56.09,30.531,31.340,30.223,3.138,1.446,3.109
56.10,29.701,31.361,30.212,3.138,1.430,3.104
56.11,30.803,31.371,30.257,2.696,1.422,3.082
56.12,30.504,31.359,30.260,2.400,1.415,3.044
56.13,30.161,31.347,30.244,3.158,1.408,3.052
56.14,29.956,31.340,30.221,2.879,1.400,3.042
56.15,30.225,31.338,30.220,3.541,1.391,3.070
56.16,30.204,31.323,30.205,3.608,1.397,3.116
56.17,30.048,31.300,30.175,3.434,1.416,3.161
56.18,29.785,31.291,30.144,2.703,1.432,3.158
56.19,29.321,31.295,30.100,3.000,1.435,3.160
56.20,30.032,31.315,30.114,2.855,1.434,3.150
56.21,30.703,31.328,30.160,3.033,1.435,3.152
56.22,30.437,31.332,30.179,2.665,1.431,3.128
56.23,30.579,31.341,30.211,2.301,1.418,3.076
56.24,30.394,31.330,30.212,2.681,1.409,3.051
56.26,30.202,31.322,30.204,2.738,1.398,3.029
56.26,29.945,31.314,30.182,2.458,1.388,2.993
56.27,29.465,31.315,30.141,3.079,1.381,2.998
56.28,30.390,31.315,30.156,2.846,1.383,2.997
56.30,29.681,31.289,30.104,3.098,1.388,3.014
56.30,28.788,31.290,30.028,2.809,1.393,3.013
56.31,30.728,31.301,30.077,3.075,1.408,3.037
56.32,29.919,31.298,30.064,3.304,1.424,3.073
56.34,29.474,31.313,30.043,2.878,1.419,3.063
56.34,30.773,31.319,30.089,2.828,1.424,3.060
56.35,30.192,31.323,30.098,2.294,1.425,3.023
56.36,30.782,31.312,30.127,3.129,1.420,3.030
56.38,29.577,31.308,30.091,3.236,1.413,3.040
56.39,30.571,31.309,30.119,3.435,1.410,3.067
56.40,29.819,31.298,30.091,3.056,1.411,3.073
56.41,29.624,31.306,30.071,3.620,1.398,3.099
56.42,30.685,31.298,30.098,3.233,1.402,3.117
56.43,29.830,31.287,30.071,3.296,1.401,3.132
56.44,29.323,31.303,30.042,2.836,1.397,3.117
56.45,30.376,31.323,30.079,2.586,1.392,3.088
56.46,29.431,31.345,30.062,3.132,1.385,3.090
56.47,30.268,31.376,30.101,3.095,1.384,3.095
56.48,30.340,31.383,30.120,3.470,1.391,3.130
56.49,29.639,31.378,30.086,2.791,1.391,3.116
56.50,30.208,31.393,30.106,3.463,1.395,3.145
56.51,30.946,31.390,30.150,3.266,1.403,3.166
56.52,30.566,31.384,30.169,3.120,1.406,3.173
56.53,30.567,31.381,30.188,3.163,1.421,3.192
56.54,30.181,31.362,30.170,3.287,1.429,3.212
56.55,28.692,31.384,30.104,3.025,1.409,3.189
56.56,30.870,31.409,30.171,2.995,1.400,3.175
56.57,30.280,31.433,30.199,2.740,1.393,3.149
56.58,30.810,31.456,30.256,3.049,1.374,3.131
56.59,30.215,31.471,30.267,3.200,1.369,3.136
56.60,30.549,31.476,30.288,3.149,1.377,3.150
56.61,30.438,31.468,30.289,2.894,1.395,3.158
56.62,30.390,31.461,30.288,2.784,1.413,3.158
56.63,30.300,31.440,30.269,3.175,1.422,3.173
56.64,29.910,31.427,30.236,2.703,1.416,3.145
56.65,30.394,31.412,30.230,3.101,1.408,3.139
56.66,30.008,31.396,30.203,3.217,1.396,3.137
56.67,29.036,31.399,30.137,2.690,1.371,3.093
56.68,31.250,31.392,30.194,3.848,1.365,3.136
56.69,30.728,31.375,30.209,3.672,1.369,3.175
56.70,30.686,31.363,30.225,2.979,1.375,3.176
56.71,30.541,31.347,30.230,3.434,1.376,3.197
56.72,30.271,31.338,30.224,3.201,1.383,3.208
56.73,29.508,31.318,30.164,2.099,1.396,3.162
56.74,30.009,31.295,30.134,3.321,1.400,3.180
56.75,29.401,31.295,30.091,2.271,1.410,3.142
56.76,30.366,31.298,30.110,2.856,1.405,3.124
56.77,29.692,31.299,30.087,3.760,1.417,3.176
56.78,30.575,31.290,30.106,3.174,1.432,3.195
56.79,30.049,31.274,30.088,3.032,1.448,3.204
56.80,29.392,31.281,30.054,2.509,1.441,3.163
56.81,30.718,31.296,30.105,3.358,1.440,3.176
56.82,30.381,31.296,30.122,2.777,1.452,3.168
56.83,29.975,31.298,30.115,3.299,1.466,3.193
56.84,29.445,31.314,30.091,2.750,1.477,3.181
56.85,30.236,31.330,30.114,3.287,1.491,3.203
56.86,29.838,31.352,30.118,3.046,1.495,3.201
56.87,30.624,31.367,30.161,3.157,1.501,3.208
56.88,30.723,31.368,30.194,2.224,1.504,3.158
56.89,30.473,31.361,30.204,2.387,1.499,3.110
56.90,30.256,31.336,30.184,3.238,1.504,3.124
56.91,29.972,31.327,30.163,2.492,1.498,3.084
56.92,30.005,31.322,30.149,2.738,1.487,3.055
56.93,30.050,31.307,30.130,2.895,1.483,3.044
56.94,29.322,31.313,30.088,3.293,1.480,3.057
56.95,30.039,31.331,30.102,3.361,1.480,3.076
56.96,30.117,31.350,30.120,3.362,1.480,3.094
56.97,30.014,31.373,30.135,2.548,1.485,3.069
56.98,30.651,31.379,30.170,2.557,1.491,3.047
56.99,30.287,31.373,30.171,2.909,1.496,3.044
57.00,30.179,31.379,30.176,2.821,1.498,3.035
57.01,30.694,31.377,30.205,3.075,1.504,3.043
57.02,29.729,31.381,30.181,2.987,1.512,3.048
57.03,30.335,31.396,30.203,3.466,1.522,3.083
57.04,30.479,31.396,30.220,3.140,1.535,3.099
57.05,29.707,31.411,30.204,2.660,1.533,3.073
57.06,30.517,31.422,30.232,2.806,1.542,3.067
57.07,30.614,31.411,30.244,2.952,1.546,3.065
57.08,29.908,31.412,30.225,3.181,1.550,3.076
57.09,30.897,31.396,30.249,2.930,1.558,3.076
57.10,29.791,31.385,30.213,3.330,1.563,3.095
57.11,30.359,31.382,30.218,2.746,1.570,3.082
57.12,30.307,31.366,30.209,2.959,1.580,3.086
57.13,29.879,31.360,30.185,2.696,1.584,3.067
57.14,30.080,31.360,30.178,2.737,1.579,3.043
57.15,30.032,31.357,30.167,3.087,1.566,3.033
57.16,30.261,31.353,30.169,3.028,1.557,3.024
57.17,30.429,31.345,30.176,2.859,1.551,3.009
57.18,30.447,31.331,30.180,2.232,1.541,2.954
57.19,29.963,31.322,30.158,2.938,1.536,2.948
57.20,30.400,31.314,30.165,2.513,1.532,2.918
57.21,30.070,31.320,30.166,2.935,1.520,2.907
57.22,30.935,31.315,30.206,2.948,1.516,2.904
57.23,29.907,31.315,30.189,2.964,1.511,2.902
57.24,30.151,31.314,30.187,2.736,1.508,2.888
57.25,29.949,31.313,30.173,2.715,1.502,2.872
57.26,30.106,31.309,30.166,2.672,1.492,2.850
57.27,30.056,31.302,30.154,2.715,1.486,2.835
57.28,29.922,31.295,30.133,3.128,1.484,2.848
57.29,30.024,31.292,30.125,3.038,1.486,2.860
57.30,30.730,31.286,30.153,2.838,1.491,2.862
57.31,30.143,31.281,30.149,3.132,1.493,2.879
57.32,30.937,31.274,30.189,2.177,1.491,2.835
57.33,30.838,31.255,30.209,2.795,1.493,2.833
57.34,30.042,31.229,30.177,3.140,1.500,2.856
57.35,29.914,31.204,30.139,3.047,1.503,2.869
57.36,29.618,31.177,30.085,3.075,1.503,2.879
57.37,29.316,31.164,30.030,3.174,1.501,2.893
57.38,30.111,31.163,30.033,3.276,1.493,2.908
57.39,30.687,31.148,30.058,2.882,1.501,2.913
57.40,29.485,31.143,30.021,3.008,1.505,2.922
57.41,29.378,31.146,29.987,2.878,1.506,2.920
57.42,29.997,31.154,29.995,2.772,1.505,2.910
57.43,30.145,31.151,30.001,3.482,1.506,2.943
57.44,29.825,31.152,29.992,3.035,1.509,2.951
57.45,30.513,31.144,30.015,2.783,1.506,2.939
57.46,29.510,31.130,29.972,3.270,1.507,2.958
57.47,29.507,31.133,29.949,3.333,1.505,2.979
57.48,30.066,31.140,29.962,2.937,1.508,2.979
57.49,30.130,31.151,29.982,2.778,1.502,2.963
57.50,30.598,31.156,30.022,2.952,1.506,2.965
57.51,30.602,31.148,30.049,2.695,1.512,2.956
57.52,29.867,31.124,30.017,3.098,1.517,2.969
57.53,29.151,31.121,29.964,2.931,1.516,2.965
57.54,30.315,31.120,29.984,3.036,1.519,2.972
57.55,29.838,31.115,29.970,2.425,1.523,2.945
57.56,29.857,31.135,29.983,2.460,1.522,2.915
57.57,31.058,31.141,30.051,2.560,1.526,2.898
57.58,29.991,31.109,30.019,3.169,1.527,2.913
57.59,28.793,31.117,29.956,2.701,1.516,2.890
57.60,30.198,31.128,29.980,3.523,1.517,2.926
57.62,30.427,31.123,30.001,2.919,1.520,2.929
57.63,29.205,31.128,29.961,2.351,1.511,2.886
57.63,30.553,31.129,29.996,3.453,1.508,2.916
57.64,30.107,31.118,29.992,2.905,1.517,2.922
57.65,30.501,31.091,29.996,3.048,1.531,2.943
57.66,29.324,31.075,29.943,3.113,1.540,2.960
57.67,30.108,31.054,29.934,3.531,1.553,3.006
57.68,28.914,31.047,29.868,2.752,1.562,3.000
57.69,30.409,31.050,29.902,2.982,1.563,2.999
57.71,29.575,31.050,29.883,3.180,1.577,3.023
57.71,29.663,31.068,29.887,2.375,1.576,2.984
57.72,30.337,31.085,29.929,2.851,1.578,2.979
57.73,30.164,31.100,29.956,3.207,1.593,3.005
57.75,29.798,31.125,29.971,2.752,1.599,2.996
57.75,30.656,31.143,30.028,2.635,1.611,2.986
57.76,30.412,31.140,30.048,3.112,1.630,3.010
57.77,29.351,31.153,30.021,2.309,1.639,2.977
57.79,30.983,31.172,30.095,2.813,1.639,2.967
57.80,30.101,31.174,30.098,3.026,1.636,2.965
57.80,29.458,31.192,30.079,2.725,1.625,2.940
57.81,30.513,31.203,30.115,2.515,1.632,2.920
57.83,30.233,31.204,30.123,2.637,1.633,2.903
57.84,29.852,31.207,30.111,3.042,1.636,2.912
57.85,30.691,31.203,30.142,2.486,1.654,2.903
57.85,30.248,31.178,30.126,2.881,1.670,2.914
57.87,29.334,31.168,30.071,3.044,1.683,2.931
57.88,30.229,31.170,30.083,2.935,1.698,2.944
57.89,29.875,31.179,30.080,3.060,1.701,2.951
57.89,30.166,31.202,30.108,2.748,1.707,2.943
57.91,30.910,31.217,30.169,2.434,1.722,2.926
57.92,30.150,31.222,30.174,2.572,1.720,2.900
57.93,30.127,31.243,30.192,3.219,1.718,2.914
57.94,30.259,31.251,30.204,2.668,1.722,2.901
57.95,30.407,31.241,30.208,2.743,1.723,2.890
57.96,29.938,31.223,30.177,2.334,1.737,2.868
57.97,29.460,31.229,30.141,2.378,1.716,2.816
57.98,30.691,31.216,30.162,3.196,1.708,2.828
57.99,29.116,31.203,30.091,2.280,1.703,2.788
58.00,30.075,31.196,30.083,3.017,1.704,2.798
58.01,29.966,31.183,30.065,2.295,1.710,2.771
58.02,29.333,31.185,30.024,2.384,1.712,2.747
58.03,30.188,31.201,30.048,3.113,1.710,2.762
58.04,30.941,31.205,30.103,2.984,1.725,2.785
58.05,29.871,31.209,30.094,2.716,1.743,2.794
58.06,30.364,31.219,30.120,2.832,1.756,2.805
58.07,30.220,31.210,30.117,3.359,1.775,2.851
58.08,29.896,31.208,30.103,3.041,1.786,2.869
58.09,29.929,31.222,30.107,2.141,1.784,2.822
58.10,30.447,31.229,30.134,2.593,1.786,2.805
58.11,29.730,31.233,30.114,2.813,1.791,2.807
58.12,29.626,31.244,30.096,2.704,1.795,2.801
58.13,30.233,31.253,30.113,2.437,1.799,2.779
58.14,30.223,31.257,30.122,2.211,1.806,2.749
58.15,30.318,31.259,30.136,3.028,1.811,2.765
58.16,30.681,31.242,30.152,2.712,1.816,2.762
58.17,29.791,31.237,30.127,2.618,1.819,2.752
58.18,30.195,31.243,30.137,2.464,1.819,2.731
58.19,30.172,31.241,30.137,2.674,1.819,2.723
58.20,30.152,31.241,30.138,2.538,1.825,2.712
58.21,30.749,31.239,30.172,2.226,1.833,2.687
58.22,30.619,31.217,30.178,2.771,1.849,2.702
58.23,29.834,31.192,30.135,2.116,1.861,2.673
58.24,30.531,31.171,30.139,2.109,1.864,2.638
58.25,29.691,31.153,30.098,1.973,1.853,2.583
58.26,30.509,31.124,30.095,2.351,1.851,2.561
58.27,29.590,31.094,30.039,1.873,1.852,2.515
58.28,29.831,31.069,30.004,2.695,1.856,2.522
58.29,29.827,31.046,29.973,3.147,1.864,2.559
58.30,29.674,31.029,29.940,2.724,1.872,2.570
58.31,30.249,31.013,29.943,2.088,1.884,2.546
58.32,29.705,30.999,29.918,2.305,1.892,2.533
58.33,29.652,30.997,29.900,2.140,1.897,2.508
58.34,30.260,30.989,29.914,2.659,1.901,2.513
58.35,30.665,30.980,29.950,3.525,1.918,2.581
58.36,29.815,30.973,29.936,2.114,1.924,2.552
58.37,29.752,30.979,29.932,2.854,1.914,2.554
58.38,30.536,30.977,29.966,2.478,1.916,2.544
58.39,29.508,30.980,29.943,2.414,1.915,2.529
58.40,30.182,30.986,29.964,2.731,1.918,2.538
58.41,30.100,30.985,29.972,2.343,1.924,2.525
58.42,29.505,30.986,29.947,3.109,1.927,2.555
58.43,29.968,30.983,29.947,2.392,1.924,2.536
58.44,30.081,30.974,29.947,2.498,1.929,2.531
58.45,29.721,30.968,29.929,2.108,1.932,2.503
58.46,29.631,30.960,29.905,2.486,1.940,2.503
58.47,29.368,30.950,29.865,2.567,1.946,2.505
58.48,29.660,30.948,29.851,2.492,1.945,2.497
58.49,30.352,30.940,29.873,2.055,1.943,2.463
58.50,29.932,30.927,29.865,2.667,1.945,2.469
58.51,29.518,30.918,29.837,2.488,1.952,2.471
58.52,29.805,30.909,29.827,2.441,1.964,2.474
58.53,29.256,30.912,29.796,1.999,1.977,2.452
58.54,29.540,30.932,29.801,1.733,1.976,2.401
58.55,30.834,30.950,29.878,2.472,1.979,2.400
58.56,29.682,30.950,29.866,2.111,1.990,2.386
58.57,29.433,30.954,29.846,2.066,2.001,2.370
58.58,29.675,30.960,29.841,2.097,2.009,2.354
58.59,29.509,30.964,29.825,2.222,2.004,2.333
58.60,30.157,30.966,29.846,1.765,1.997,2.286
58.61,30.303,30.948,29.855,1.979,1.994,2.255
58.62,29.413,30.934,29.817,2.040,1.991,2.230
58.63,29.771,30.921,29.801,2.280,1.985,2.219
58.64,30.008,30.907,29.801,2.804,1.981,2.240
58.65,29.519,30.903,29.780,2.637,1.977,2.251
58.66,30.267,30.900,29.806,2.431,1.980,2.255
58.67,29.825,30.891,29.798,1.828,1.984,2.226
58.68,29.863,30.892,29.803,2.072,1.984,2.208
58.69,29.570,30.895,29.793,2.215,1.987,2.203
58.70,29.335,30.908,29.778,2.390,1.980,2.198
58.71,30.068,30.925,29.811,2.731,1.977,2.219
58.72,29.782,30.930,29.814,1.818,1.984,2.194
58.73,29.977,30.938,29.831,2.567,1.996,2.218
58.74,29.904,30.944,29.841,2.556,2.008,2.241
58.75,29.673,30.945,29.832,2.698,2.021,2.271
58.76,29.105,30.967,29.810,2.262,2.022,2.264
58.77,30.304,30.991,29.861,2.324,2.019,2.257
58.78,29.910,31.003,29.875,2.146,2.018,2.243
58.79,30.084,31.021,29.904,2.036,2.018,2.223
58.80,30.740,31.019,29.950,2.024,2.021,2.206
58.81,29.751,31.003,29.923,1.845,2.024,2.181
58.82,29.174,31.010,29.887,2.076,2.013,2.156
58.83,30.179,31.016,29.909,2.092,1.999,2.130
58.84,29.721,31.016,29.899,1.765,1.988,2.091
58.85,30.473,31.021,29.937,1.790,1.988,2.065
58.86,31.002,31.002,29.981,1.955,2.001,2.063
58.87,29.410,30.976,29.924,2.455,2.015,2.090
58.88,29.301,30.980,29.893,1.851,2.019,2.071
58.89,30.032,30.982,29.903,2.511,2.014,2.083
58.90,29.564,30.987,29.888,2.604,2.003,2.094
58.91,29.821,30.992,29.889,2.191,1.994,2.084
58.92,29.819,31.003,29.895,2.727,1.987,2.107
58.93,30.257,31.017,29.930,2.556,1.987,2.125
58.94,30.281,31.021,29.953,1.924,1.993,2.112
58.95,30.262,31.013,29.964,2.506,1.996,2.130
58.96,29.139,31.011,29.915,2.210,1.997,2.129
58.97,29.845,31.018,29.918,2.703,2.000,2.158
58.98,30.449,31.015,29.946,2.474,2.011,2.180
58.99,30.048,31.013,29.951,2.561,2.018,2.203
59.00,30.145,31.008,29.957,2.212,2.030,2.209
59.01,29.987,31.003,29.955,2.350,2.042,2.222
59.02,29.940,31.004,29.956,2.036,2.045,2.208
59.03,29.905,31.010,29.959,1.888,2.042,2.181
59.04,30.638,30.999,29.989,2.089,2.040,2.167
59.05,29.707,30.975,29.951,2.098,2.038,2.155
59.06,29.924,30.962,29.938,2.846,2.031,2.182
59.07,30.259,30.945,29.941,2.378,2.029,2.186
59.08,29.660,30.925,29.908,1.911,2.032,2.168
59.09,30.073,30.898,29.892,2.458,2.031,2.177
59.10,29.578,30.878,29.857,1.923,2.029,2.155
59.11,30.544,30.844,29.865,2.854,2.033,2.193
59.12,29.916,30.788,29.817,2.732,2.047,2.232
59.14,29.596,30.743,29.764,2.419,2.063,2.253
59.15,29.351,30.713,29.713,2.201,2.072,2.253
59.16,30.280,30.676,29.711,1.665,2.089,2.231
59.17,30.230,30.631,29.701,1.946,2.115,2.233
59.17,29.769,30.583,29.661,1.096,2.129,2.175
59.19,30.526,30.506,29.641,3.022,2.144,2.232
59.20,29.611,30.418,29.559,2.162,2.165,2.242
59.21,29.430,30.329,29.470,1.187,2.198,2.206
59.22,31.389,30.210,29.472,1.453,2.253,2.208
59.23,31.185,30.027,29.403,2.005,2.358,2.287
59.24,30.995,29.753,29.243,2.295,2.484,2.399
59.25,29.995,29.415,28.975,1.508,2.623,2.471
59.26,27.252,29.070,28.558,3.493,2.755,2.647
59.27,26.145,28.753,28.126,3.213,2.856,2.767
59.28,24.676,28.526,27.717,1.430,2.892,2.716
59.29,23.725,28.395,27.365,-1.253,2.850,2.439
59.29,20.751,28.376,26.965,5.901,2.871,2.648
59.31,32.447,28.331,27.235,1.225,2.787,2.479
59.32,32.129,27.977,27.184,-5.369,2.728,1.959
59.33,29.030,27.367,26.719,-1.767,2.656,1.660
59.34,23.937,26.726,25.959,-3.174,2.516,1.231
59.35,24.711,26.136,25.333,-4.770,2.281,0.642
59.36,28.058,25.527,24.920,-3.037,2.043,0.180
59.37,23.739,24.826,24.197,0.137,1.837,-0.044
59.38,27.950,24.007,23.647,0.609,1.579,-0.277
59.39,35.434,22.960,23.351,13.653,1.251,0.193
59.40,22.943,21.885,22.331,4.400,0.981,0.166
59.41,20.169,20.984,21.375,4.386,0.712,0.144
59.42,18.260,20.244,20.514,3.603,0.460,0.096
59.43,19.746,19.579,19.858,4.135,0.218,0.095
59.44,19.948,19.064,19.393,5.920,-0.055,0.170
59.45,20.818,18.566,19.021,5.136,-0.347,0.183
59.46,27.715,17.752,18.774,2.657,-0.563,0.126
59.47,17.322,16.703,17.727,1.511,-0.805,-0.015
59.48,17.642,15.767,16.864,7.335,-1.025,0.211
59.49,12.750,14.923,15.853,8.001,-1.206,0.506
59.50,10.867,14.326,15.023,7.107,-1.418,0.707
59.51,10.137,13.983,14.434,6.775,-1.627,0.885
59.52,12.584,13.802,14.171,6.780,-1.810,1.082
59.53,11.035,13.798,13.999,14.539,-1.925,1.786
59.54,16.586,13.757,14.122,8.467,-1.976,2.166
59.55,22.753,13.375,14.276,-4.405,-1.977,1.830
59.56,9.231,12.754,13.418,-3.333,-1.961,1.587
59.57,12.651,12.442,13.096,3.698,-2.182,1.538
59.58,17.089,12.047,12.972,5.609,-2.236,1.762
59.59,13.749,11.664,12.675,5.335,-2.238,2.009
59.60,11.947,11.277,12.289,13.539,-2.122,2.831
59.61,10.881,10.904,11.876,9.087,-1.859,3.494
59.62,11.244,10.486,11.464,2.518,-1.489,3.843
59.63,11.800,10.012,11.056,-7.532,-1.324,3.395
59.64,11.632,9.608,10.731,2.294,-1.338,3.369
59.65,13.875,9.218,10.566,0.000,-1.341,3.218
59.66,11.185,8.818,10.249,3.978,-1.312,3.333
59.67,8.004,8.466,9.810,7.753,-1.279,3.666
59.68,8.062,8.205,9.484,4.767,-1.267,3.788
59.69,10.873,7.975,9.370,4.925,-1.275,3.895
59.70,11.135,7.692,9.227,0.054,-1.278,3.719
59.71,12.097,7.331,9.077,-2.661,-1.264,3.409
59.72,10.968,6.900,8.807,-0.356,-1.257,3.238
59.73,8.940,6.429,8.399,0.568,-1.276,3.105
59.74,8.715,5.952,7.995,2.239,-1.339,3.033
59.75,7.927,5.501,7.595,2.667,-1.400,2.991
59.76,6.068,5.057,7.117,4.580,-1.451,3.072
59.77,7.121,4.658,6.769,4.893,-1.515,3.155
59.78,8.166,4.210,6.456,3.211,-1.567,3.147
59.79,6.911,3.700,6.032,2.993,-1.624,3.124
59.80,6.458,3.124,5.544,5.143,-1.689,3.218
59.81,5.060,2.548,5.004,4.281,-1.754,3.259
59.82,5.548,1.926,4.480,2.274,-1.808,3.192
59.83,3.955,1.248,3.842,5.140,-1.868,3.289
59.84,3.185,0.513,3.144,5.104,-1.948,3.360
59.85,2.069,-0.251,2.393,6.076,-2.046,3.469
59.86,1.035,-0.973,1.666,4.984,-2.102,3.548
59.87,-4.238,-1.146,1.192,3.103,-1.891,3.767
59.88,6.014,-1.191,1.455,6.961,-1.823,4.062
59.89,1.808,-1.211,1.488,4.770,-1.748,4.221
59.90,1.483,-1.244,1.487,4.415,-1.668,4.356
59.91,2.719,-1.260,1.573,3.571,-1.598,4.425
59.92,1.805,-1.280,1.600,4.923,-1.493,4.600
59.93,0.298,-1.302,1.536,4.073,-1.420,4.686
59.94,0.983,-1.324,1.514,3.026,-1.354,4.700
59.95,0.541,-1.342,1.470,2.073,-1.328,4.618
59.96,2.185,-1.348,1.535,2.520,-1.290,4.577
59.97,2.790,-1.363,1.624,1.714,-1.271,4.472
59.98,4.700,-1.398,1.804,1.872,-1.237,4.398
59.99,2.119,-1.403,1.851,4.340,-1.219,4.450
60.00,2.915,-1.403,1.946,4.112,-1.210,4.478
60.01,5.475,-1.402,2.186,4.491,-1.178,4.547
60.02,0.025,-1.403,2.096,2.684,-1.149,4.504
60.03,-3.741,-1.407,1.788,5.371,-1.120,4.619
60.04,4.878,-1.413,1.993,1.241,-1.106,4.473
60.05,4.361,-1.417,2.159,4.522,-1.094,4.523
60.06,-2.076,-1.426,1.941,6.041,-1.100,4.640
60.07,-3.326,-1.433,1.660,4.468,-1.051,4.713
60.08,-1.227,-1.436,1.518,2.701,-1.031,4.650
60.09,-0.730,-1.441,1.408,4.654,-1.020,4.696
60.10,3.320,-1.447,1.538,4.062,-1.000,4.712
60.11,2.208,-1.461,1.589,6.908,-0.948,4.922
60.12,0.228,-1.474,1.524,5.033,-0.906,5.004
60.13,1.025,-1.475,1.519,4.177,-0.903,4.994
60.14,0.902,-1.479,1.504,3.994,-0.904,4.970
60.15,1.252,-1.476,1.518,2.586,-0.918,4.856
60.16,1.103,-1.476,1.519,3.659,-0.917,4.819
60.17,1.044,-1.476,1.515,3.925,-0.913,4.803
60.18,1.098,-1.477,1.513,2.762,-0.924,4.704
60.19,2.480,-1.475,1.594,2.261,-0.924,4.592
60.20,2.517,-1.477,1.669,2.945,-0.926,4.522
60.21,1.874,-1.475,1.707,3.434,-0.925,4.486
60.22,2.098,-1.473,1.756,3.023,-0.920,4.431
60.23,2.188,-1.473,1.806,3.113,-0.918,4.381
60.24,2.531,-1.468,1.878,2.406,-0.919,4.290
60.25,2.862,-1.468,1.960,3.020,-0.917,4.240
60.26,1.851,-1.469,1.980,3.386,-0.920,4.209
60.27,1.892,-1.470,1.999,3.186,-0.923,4.168
60.28,2.376,-1.471,2.046,2.997,-0.922,4.121
60.29,1.499,-1.471,2.041,3.742,-0.924,4.116
60.30,2.034,-1.469,2.068,3.040,-0.924,4.073
60.31,2.284,-1.467,2.108,2.781,-0.928,4.012
60.32,1.665,-1.462,2.113,3.537,-0.933,3.997
60.33,1.752,-1.460,2.120,3.466,-0.933,3.983
60.34,1.796,-1.460,2.127,3.336,-0.934,3.961
60.35,1.911,-1.460,2.139,3.410,-0.934,3.945
60.36,1.704,-1.462,2.137,3.270,-0.933,3.922
60.37,1.676,-1.464,2.133,3.226,-0.933,3.897
60.38,1.648,-1.466,2.127,3.667,-0.931,3.900
60.39,1.655,-1.467,2.123,3.551,-0.931,3.894
60.40,1.475,-1.468,2.108,3.655,-0.932,3.894
60.41,1.618,-1.469,2.102,3.478,-0.931,3.884
60.42,1.646,-1.469,2.098,3.434,-0.931,3.872
60.43,1.734,-1.468,2.100,3.114,-0.931,3.841
60.44,1.737,-1.468,2.101,3.356,-0.930,3.826
60.45,1.706,-1.467,2.101,3.479,-0.930,3.819
60.46,1.611,-1.466,2.095,3.614,-0.930,3.819
60.47,1.589,-1.467,2.086,3.631,-0.929,3.821
60.48,1.679,-1.468,2.082,3.449,-0.929,3.812
60.49,1.506,-1.468,2.071,3.708,-0.927,3.820
60.50,1.688,-1.468,2.069,3.313,-0.927,3.802
60.51,1.580,-1.468,2.061,3.477,-0.927,3.794
60.52,1.464,-1.468,2.045,3.484,-0.926,3.788
60.53,1.729,-1.470,2.044,3.817,-0.924,3.801
60.54,1.728,-1.470,2.044,3.463,-0.924,3.793
60.55,1.638,-1.472,2.038,3.249,-0.923,3.773
60.56,1.724,-1.472,2.037,3.440,-0.923,3.763
60.57,1.876,-1.473,2.044,3.519,-0.923,3.759
60.58,1.736,-1.474,2.044,3.420,-0.922,3.750
60.59,1.710,-1.475,2.041,2.978,-0.921,3.715
60.60,1.830,-1.474,2.047,3.691,-0.920,3.723
60.61,1.542,-1.474,2.035,3.507,-0.920,3.720
60.62,1.535,-1.473,2.023,3.256,-0.918,3.703
60.63,1.529,-1.474,2.010,3.512,-0.918,3.700
60.64,1.574,-1.475,2.000,3.330,-0.918,3.687
60.65,1.440,-1.474,1.984,3.308,-0.916,3.675
60.67,1.854,-1.475,1.993,3.485,-0.917,3.671
60.68,1.484,-1.476,1.978,3.472,-0.916,3.667
60.69,1.577,-1.476,1.969,3.431,-0.917,3.661
60.70,1.449,-1.478,1.952,3.644,-0.916,3.667
60.71,1.911,-1.478,1.963,3.385,-0.917,3.657
60.72,1.467,-1.479,1.948,3.602,-0.915,3.662
60.73,1.632,-1.481,1.941,3.335,-0.915,3.651
60.74,1.475,-1.482,1.927,3.780,-0.916,3.663
60.75,1.756,-1.481,1.931,3.519,-0.916,3.661
60.76,1.658,-1.481,1.928,3.204,-0.915,3.642
60.77,1.511,-1.481,1.917,3.646,-0.916,3.648
60.78,1.762,-1.480,1.922,3.595,-0.917,3.651
60.79,1.662,-1.479,1.920,3.267,-0.916,3.636
60.80,1.618,-1.478,1.916,3.119,-0.916,3.611
60.81,1.576,-1.478,1.908,3.234,-0.917,3.594
60.82,1.802,-1.478,1.913,3.389,-0.915,3.589
60.83,1.654,-1.479,1.909,3.608,-0.915,3.596
60.84,1.502,-1.479,1.897,3.371,-0.916,3.587
60.85,1.441,-1.479,1.882,3.370,-0.914,3.581
60.86,1.633,-1.481,1.876,3.229,-0.914,3.566
60.87,1.738,-1.483,1.877,3.354,-0.913,3.559
60.88,1.456,-1.483,1.863,3.127,-0.913,3.538
60.89,1.470,-1.481,1.853,3.272,-0.914,3.526
60.90,1.397,-1.484,1.834,3.325,-0.914,3.518
60.91,1.722,-1.482,1.839,3.310,-0.914,3.510
60.92,1.764,-1.483,1.843,3.469,-0.913,3.512
60.93,1.714,-1.482,1.846,3.162,-0.913,3.495
60.94,1.757,-1.484,1.849,3.566,-0.913,3.502
60.95,1.876,-1.484,1.859,3.589,-0.915,3.509
60.96,1.463,-1.485,1.845,3.508,-0.914,3.514
60.97,1.720,-1.486,1.846,3.308,-0.913,3.505
60.98,1.708,-1.485,1.847,3.507,-0.914,3.508
60.99,1.479,-1.486,1.834,3.756,-0.913,3.526
61.00,1.742,-1.487,1.837,3.337,-0.913,3.520
61.01,1.665,-1.487,1.835,3.734,-0.912,3.536
61.02,1.436,-1.486,1.822,3.840,-0.912,3.557
61.03,1.818,-1.485,1.831,3.484,-0.912,3.557
61.04,1.459,-1.482,1.820,3.741,-0.910,3.573
61.05,1.610,-1.483,1.814,3.462,-0.908,3.572
61.06,1.682,-1.483,1.814,3.386,-0.908,3.565
61.07,1.599,-1.485,1.808,3.608,-0.907,3.572
61.08,1.437,-1.486,1.793,3.369,-0.906,3.565
61.09,1.518,-1.484,1.786,3.494,-0.906,3.564
61.10,1.672,-1.486,1.784,3.615,-0.906,3.570
61.11,1.723,-1.487,1.787,3.323,-0.907,3.558
61.12,1.518,-1.487,1.778,3.338,-0.907,3.549
61.13,1.603,-1.486,1.775,3.713,-0.908,3.560
61.14,1.329,-1.486,1.756,3.355,-0.908,3.551
61.15,1.491,-1.487,1.746,3.295,-0.909,3.539
61.16,1.656,-1.487,1.747,3.734,-0.910,3.552
61.17,1.575,-1.485,1.744,3.646,-0.908,3.562
61.18,1.659,-1.488,1.743,3.525,-0.908,3.563
61.19,1.737,-1.487,1.749,3.726,-0.908,3.576
61.20,1.541,-1.487,1.743,3.319,-0.908,3.564
61.21,1.563,-1.488,1.737,3.617,-0.908,3.570
61.22,1.706,-1.489,1.740,3.394,-0.908,3.562
61.23,1.561,-1.489,1.734,3.588,-0.907,3.568
61.24,1.604,-1.490,1.732,3.191,-0.906,3.550
61.25,1.608,-1.491,1.729,3.631,-0.907,3.556
61.26,1.510,-1.490,1.722,3.574,-0.909,3.558
61.27,1.717,-1.492,1.725,3.396,-0.909,3.552
61.28,1.762,-1.493,1.731,3.610,-0.908,3.558
61.29,1.617,-1.493,1.729,3.661,-0.906,3.568
61.30,1.592,-1.494,1.725,3.023,-0.908,3.538
61.31,1.609,-1.493,1.724,3.370,-0.909,3.530
61.32,1.413,-1.492,1.711,3.411,-0.909,3.525
61.33,1.381,-1.493,1.696,3.479,-0.908,3.525
61.34,1.733,-1.492,1.703,3.542,-0.906,3.530
61.35,1.500,-1.492,1.695,3.636,-0.905,3.539
61.36,1.734,-1.492,1.702,3.416,-0.906,3.533
61.37,1.843,-1.492,1.714,3.514,-0.906,3.533
61.38,1.647,-1.491,1.715,3.391,-0.905,3.528
61.39,1.676,-1.491,1.717,3.592,-0.904,3.534
61.40,1.639,-1.491,1.716,3.351,-0.904,3.526
61.41,1.657,-1.489,1.719,3.366,-0.903,3.519
61.42,1.748,-1.490,1.724,3.603,-0.905,3.524
61.43,1.797,-1.491,1.732,3.509,-0.906,3.524
61.44,1.622,-1.491,1.729,3.520,-0.906,3.526
61.45,1.664,-1.491,1.729,3.475,-0.906,3.524
61.46,1.553,-1.492,1.722,3.374,-0.905,3.518
61.47,1.408,-1.494,1.706,3.374,-0.907,3.510
61.48,1.740,-1.493,1.712,3.407,-0.906,3.506
61.49,1.580,-1.494,1.708,3.477,-0.906,3.506
61.50,1.424,-1.494,1.695,3.770,-0.907,3.522
61.51,1.501,-1.495,1.685,3.394,-0.906,3.516
61.52,1.689,-1.495,1.689,3.379,-0.908,3.508
61.53,1.744,-1.494,1.696,3.375,-0.909,3.501
61.54,1.604,-1.494,1.695,3.314,-0.910,3.491
61.55,1.342,-1.494,1.677,3.673,-0.911,3.501
61.56,1.471,-1.494,1.668,3.270,-0.911,3.489
61.57,1.469,-1.495,1.659,3.557,-0.911,3.495
61.58,1.580,-1.493,1.658,3.523,-0.912,3.497
61.59,1.570,-1.494,1.655,3.366,-0.912,3.490
61.60,1.758,-1.493,1.664,3.329,-0.912,3.481
61.61,1.492,-1.492,1.658,3.358,-0.912,3.476
61.62,1.778,-1.492,1.667,3.389,-0.912,3.471
61.63,1.718,-1.492,1.673,3.468,-0.912,3.472
61.64,1.439,-1.492,1.662,3.545,-0.912,3.477
61.65,1.626,-1.491,1.662,3.616,-0.912,3.486
61.66,1.804,-1.489,1.675,3.241,-0.912,3.473
61.67,1.535,-1.490,1.669,3.247,-0.912,3.460
61.68,1.582,-1.492,1.664,3.505,-0.912,3.464
61.69,1.647,-1.491,1.667,3.554,-0.912,3.469
61.70,1.711,-1.490,1.672,3.369,-0.912,3.465
61.71,1.917,-1.489,1.690,3.616,-0.913,3.473
61.72,1.663,-1.491,1.689,3.328,-0.913,3.465
61.73,1.711,-1.492,1.692,3.563,-0.913,3.472
61.74,1.880,-1.492,1.705,3.268,-0.913,3.460
61.75,1.524,-1.493,1.696,3.593,-0.913,3.469
61.76,1.759,-1.493,1.702,3.371,-0.914,3.463
61.77,1.572,-1.495,1.695,3.533,-0.913,3.468
61.78,1.630,-1.496,1.693,3.465,-0.912,3.470
61.79,1.708,-1.493,1.699,3.357,-0.914,3.462
61.80,1.874,-1.493,1.712,3.399,-0.914,3.459
61.81,1.838,-1.491,1.723,3.382,-0.915,3.454
61.82,1.573,-1.490,1.718,3.269,-0.914,3.444
61.83,1.483,-1.489,1.707,3.521,-0.915,3.448
61.84,1.552,-1.489,1.701,3.117,-0.917,3.428
61.85,1.509,-1.490,1.692,3.523,-0.917,3.433
61.86,1.298,-1.489,1.671,3.180,-0.915,3.421
61.87,1.683,-1.491,1.672,3.586,-0.915,3.430
61.88,1.599,-1.492,1.669,3.667,-0.915,3.445
61.89,1.657,-1.492,1.670,3.604,-0.917,3.452
61.90,1.811,-1.491,1.681,3.895,-0.917,3.478
61.91,1.516,-1.491,1.673,3.698,-0.918,3.491
61.92,1.660,-1.489,1.676,3.781,-0.917,3.510
61.93,1.624,-1.489,1.674,3.613,-0.916,3.518
61.94,1.779,-1.489,1.682,3.545,-0.916,3.520
61.95,1.826,-1.490,1.691,3.374,-0.917,3.512
61.96,2.050,-1.491,1.713,3.695,-0.916,3.525
61.97,1.932,-1.492,1.727,3.423,-0.916,3.520
61.98,1.795,-1.494,1.731,3.526,-0.915,3.522
61.99,1.653,-1.494,1.728,3.289,-0.915,3.510
62.00,1.645,-1.498,1.722,3.257,-0.916,3.495
62.01,1.668,-1.499,1.720,3.389,-0.916,3.490
62.02,1.541,-1.500,1.711,3.238,-0.915,3.477
62.03,1.467,-1.501,1.698,3.314,-0.916,3.467
62.04,1.811,-1.505,1.703,3.361,-0.918,3.460
62.05,1.638,-1.505,1.701,3.594,-0.917,3.468
62.06,1.550,-1.505,1.694,3.427,-0.918,3.466
62.07,1.676,-1.506,1.694,3.468,-0.917,3.467
62.08,2.076,-1.506,1.717,3.623,-0.916,3.478
62.09,1.635,-1.509,1.712,3.263,-0.916,3.465
62.10,1.671,-1.511,1.709,3.513,-0.917,3.468
62.12,1.417,-1.511,1.695,3.347,-0.917,3.461
62.12,1.789,-1.512,1.701,3.365,-0.918,3.455
62.13,1.416,-1.513,1.685,3.563,-0.917,3.463
62.14,1.707,-1.513,1.688,3.386,-0.917,3.458
62.16,1.277,-1.512,1.667,3.468,-0.917,3.460
62.16,1.542,-1.512,1.661,3.491,-0.918,3.460
62.17,1.684,-1.510,1.665,3.545,-0.921,3.463
62.19,1.643,-1.509,1.667,3.402,-0.921,3.460
62.20,1.649,-1.507,1.669,3.654,-0.921,3.472
62.21,1.589,-1.506,1.666,3.470,-0.921,3.472
62.22,1.788,-1.507,1.673,3.404,-0.922,3.468
62.23,1.629,-1.507,1.672,3.486,-0.924,3.467
62.24,1.932,-1.506,1.689,3.357,-0.924,3.461
62.25,1.688,-1.505,1.691,3.184,-0.924,3.446
62.26,1.682,-1.505,1.693,3.471,-0.924,3.447
62.27,1.702,-1.504,1.695,3.228,-0.922,3.436
62.28,1.834,-1.502,1.706,3.204,-0.922,3.423
62.29,1.682,-1.503,1.706,3.124,-0.922,3.406
62.30,1.779,-1.504,1.710,3.484,-0.921,3.411
62.31,1.665,-1.502,1.711,3.342,-0.919,3.408
62.32,1.481,-1.501,1.700,3.559,-0.920,3.415
62.33,1.780,-1.502,1.705,3.635,-0.921,3.427
62.34,1.328,-1.503,1.684,3.337,-0.919,3.424
62.35,1.742,-1.502,1.689,3.041,-0.918,3.402
62.36,1.898,-1.501,1.703,3.364,-0.919,3.399
62.37,1.582,-1.501,1.697,3.286,-0.920,3.391
62.38,1.533,-1.503,1.687,3.411,-0.919,3.393
62.39,1.960,-1.503,1.703,3.621,-0.920,3.404
62.40,1.719,-1.504,1.705,3.827,-0.921,3.428
62.41,1.471,-1.504,1.693,3.526,-0.920,3.434
62.42,1.757,-1.503,1.698,3.854,-0.920,3.458
62.43,1.638,-1.503,1.696,3.494,-0.920,3.461
62.44,1.556,-1.503,1.689,3.698,-0.919,3.476
62.45,1.452,-1.502,1.677,3.334,-0.920,3.467
62.46,1.145,-1.501,1.648,3.500,-0.920,3.469
62.47,1.233,-1.500,1.625,3.721,-0.921,3.483
62.48,1.410,-1.501,1.612,3.391,-0.921,3.479
62.49,1.448,-1.499,1.605,3.361,-0.922,3.471
62.50,1.598,-1.498,1.606,3.379,-0.922,3.466
62.51,1.608,-1.499,1.605,3.483,-0.924,3.466
62.52,1.887,-1.500,1.620,3.396,-0.925,3.462
62.53,1.718,-1.500,1.626,3.527,-0.926,3.465
62.54,1.802,-1.499,1.637,3.561,-0.926,3.470
62.55,1.741,-1.499,1.643,3.409,-0.927,3.467
62.56,1.603,-1.501,1.640,3.214,-0.929,3.450
62.57,1.417,-1.501,1.626,3.455,-0.929,3.451
62.58,1.470,-1.504,1.615,3.320,-0.929,3.443
62.59,1.228,-1.505,1.592,3.023,-0.929,3.420
62.60,1.579,-1.503,1.593,3.385,-0.930,3.417
